 time            od              oc              v(sp)           v(sn)           v(xpga.xamp.bn)
 0.00000000e+00 -3.58738466e-01  8.92897651e-01  7.20000000e-01  1.08000000e+00  6.32603524e-01 
 5.00000000e-11 -3.58738466e-01  8.92897651e-01  7.20000000e-01  1.08000000e+00  6.32603524e-01 
 1.00000000e-10 -3.58738466e-01  8.92897651e-01  7.20000000e-01  1.08000000e+00  6.32603524e-01 
 2.00000000e-10 -3.58738466e-01  8.92897651e-01  7.20000000e-01  1.08000000e+00  6.32603524e-01 
 4.00000000e-10 -3.58738466e-01  8.92897651e-01  7.20000000e-01  1.08000000e+00  6.32603524e-01 
 8.00000000e-10 -3.58738466e-01  8.92897651e-01  7.20000000e-01  1.08000000e+00  6.32603524e-01 
 1.60000000e-09 -3.58738466e-01  8.92897651e-01  7.20000000e-01  1.08000000e+00  6.32603524e-01 
 3.20000000e-09 -3.58738466e-01  8.92897651e-01  7.20000000e-01  1.08000000e+00  6.32603524e-01 
 6.40000000e-09 -3.58738466e-01  8.92897651e-01  7.20000000e-01  1.08000000e+00  6.32603524e-01 
 1.14000000e-08 -3.58738466e-01  8.92897651e-01  7.20000000e-01  1.08000000e+00  6.32603524e-01 
 1.64000000e-08 -3.58738466e-01  8.92897651e-01  7.20000000e-01  1.08000000e+00  6.32603524e-01 
 2.14000000e-08 -3.58738466e-01  8.92897651e-01  7.20000000e-01  1.08000000e+00  6.32603524e-01 
 2.64000000e-08 -3.58738466e-01  8.92897651e-01  7.20000000e-01  1.08000000e+00  6.32603524e-01 
 3.14000000e-08 -3.58738466e-01  8.92897651e-01  7.20000000e-01  1.08000000e+00  6.32603524e-01 
 3.64000000e-08 -3.58738466e-01  8.92897651e-01  7.20000000e-01  1.08000000e+00  6.32603524e-01 
 4.14000000e-08 -3.58738466e-01  8.92897651e-01  7.20000000e-01  1.08000000e+00  6.32603524e-01 
 4.64000000e-08 -3.58738466e-01  8.92897651e-01  7.20000000e-01  1.08000000e+00  6.32603524e-01 
 5.14000000e-08 -3.58738466e-01  8.92897651e-01  7.20000000e-01  1.08000000e+00  6.32603524e-01 
 5.64000000e-08 -3.58738466e-01  8.92897651e-01  7.20000000e-01  1.08000000e+00  6.32603524e-01 
 6.14000000e-08 -3.58738466e-01  8.92897651e-01  7.20000000e-01  1.08000000e+00  6.32603524e-01 
 6.64000000e-08 -3.58738466e-01  8.92897651e-01  7.20000000e-01  1.08000000e+00  6.32603524e-01 
 7.14000000e-08 -3.58738466e-01  8.92897651e-01  7.20000000e-01  1.08000000e+00  6.32603524e-01 
 7.64000000e-08 -3.58738466e-01  8.92897651e-01  7.20000000e-01  1.08000000e+00  6.32603524e-01 
 8.14000000e-08 -3.58738466e-01  8.92897651e-01  7.20000000e-01  1.08000000e+00  6.32603524e-01 
 8.64000000e-08 -3.58738466e-01  8.92897651e-01  7.20000000e-01  1.08000000e+00  6.32603524e-01 
 9.14000000e-08 -3.58738466e-01  8.92897651e-01  7.20000000e-01  1.08000000e+00  6.32603524e-01 
 9.64000000e-08 -3.58738466e-01  8.92897651e-01  7.20000000e-01  1.08000000e+00  6.32603524e-01 
 1.01400000e-07 -3.58738466e-01  8.92897651e-01  7.20000000e-01  1.08000000e+00  6.32603524e-01 
 1.06400000e-07 -3.58738466e-01  8.92897651e-01  7.20000000e-01  1.08000000e+00  6.32603524e-01 
 1.11400000e-07 -3.58738466e-01  8.92897651e-01  7.20000000e-01  1.08000000e+00  6.32603524e-01 
 1.16400000e-07 -3.58738466e-01  8.92897651e-01  7.20000000e-01  1.08000000e+00  6.32603524e-01 
 1.21400000e-07 -3.58738466e-01  8.92897651e-01  7.20000000e-01  1.08000000e+00  6.32603524e-01 
 1.26400000e-07 -3.58738466e-01  8.92897651e-01  7.20000000e-01  1.08000000e+00  6.32603524e-01 
 1.31400000e-07 -3.58738466e-01  8.92897651e-01  7.20000000e-01  1.08000000e+00  6.32603524e-01 
 1.36400000e-07 -3.58738466e-01  8.92897651e-01  7.20000000e-01  1.08000000e+00  6.32603524e-01 
 1.41400000e-07 -3.58738466e-01  8.92897651e-01  7.20000000e-01  1.08000000e+00  6.32603524e-01 
 1.46400000e-07 -3.58738466e-01  8.92897651e-01  7.20000000e-01  1.08000000e+00  6.32603524e-01 
 1.51400000e-07 -3.58738466e-01  8.92897651e-01  7.20000000e-01  1.08000000e+00  6.32603524e-01 
 1.56400000e-07 -3.58738466e-01  8.92897651e-01  7.20000000e-01  1.08000000e+00  6.32603524e-01 
 1.61400000e-07 -3.58738466e-01  8.92897651e-01  7.20000000e-01  1.08000000e+00  6.32603524e-01 
 1.66400000e-07 -3.58738466e-01  8.92897651e-01  7.20000000e-01  1.08000000e+00  6.32603524e-01 
 1.71400000e-07 -3.58738466e-01  8.92897651e-01  7.20000000e-01  1.08000000e+00  6.32603524e-01 
 1.76400000e-07 -3.58738466e-01  8.92897651e-01  7.20000000e-01  1.08000000e+00  6.32603524e-01 
 1.81400000e-07 -3.58738466e-01  8.92897651e-01  7.20000000e-01  1.08000000e+00  6.32603524e-01 
 1.86400000e-07 -3.58738466e-01  8.92897651e-01  7.20000000e-01  1.08000000e+00  6.32603524e-01 
 1.91400000e-07 -3.58738466e-01  8.92897651e-01  7.20000000e-01  1.08000000e+00  6.32603524e-01 
 1.96400000e-07 -3.58738466e-01  8.92897651e-01  7.20000000e-01  1.08000000e+00  6.32603524e-01 
 2.01400000e-07 -3.58738466e-01  8.92897651e-01  7.20000000e-01  1.08000000e+00  6.32603524e-01 
 2.06400000e-07 -3.58738466e-01  8.92897651e-01  7.20000000e-01  1.08000000e+00  6.32603524e-01 
 2.11400000e-07 -3.58738466e-01  8.92897651e-01  7.20000000e-01  1.08000000e+00  6.32603524e-01 
 2.16400000e-07 -3.58738466e-01  8.92897651e-01  7.20000000e-01  1.08000000e+00  6.32603524e-01 
 2.21400000e-07 -3.58738466e-01  8.92897651e-01  7.20000000e-01  1.08000000e+00  6.32603524e-01 
 2.26400000e-07 -3.58738466e-01  8.92897651e-01  7.20000000e-01  1.08000000e+00  6.32603524e-01 
 2.31400000e-07 -3.58738466e-01  8.92897651e-01  7.20000000e-01  1.08000000e+00  6.32603524e-01 
 2.36400000e-07 -3.58738466e-01  8.92897651e-01  7.20000000e-01  1.08000000e+00  6.32603524e-01 
 2.41400000e-07 -3.58738466e-01  8.92897651e-01  7.20000000e-01  1.08000000e+00  6.32603524e-01 
 2.46400000e-07 -3.58738466e-01  8.92897651e-01  7.20000000e-01  1.08000000e+00  6.32603524e-01 
 2.51400000e-07 -3.58738466e-01  8.92897651e-01  7.20000000e-01  1.08000000e+00  6.32603524e-01 
 2.56400000e-07 -3.58738466e-01  8.92897651e-01  7.20000000e-01  1.08000000e+00  6.32603524e-01 
 2.61400000e-07 -3.58738466e-01  8.92897651e-01  7.20000000e-01  1.08000000e+00  6.32603524e-01 
 2.66400000e-07 -3.58738466e-01  8.92897651e-01  7.20000000e-01  1.08000000e+00  6.32603524e-01 
 2.71400000e-07 -3.58738466e-01  8.92897651e-01  7.20000000e-01  1.08000000e+00  6.32603524e-01 
 2.76400000e-07 -3.58738466e-01  8.92897651e-01  7.20000000e-01  1.08000000e+00  6.32603524e-01 
 2.81400000e-07 -3.58738466e-01  8.92897651e-01  7.20000000e-01  1.08000000e+00  6.32603524e-01 
 2.86400000e-07 -3.58738466e-01  8.92897651e-01  7.20000000e-01  1.08000000e+00  6.32603524e-01 
 2.91400000e-07 -3.58738466e-01  8.92897651e-01  7.20000000e-01  1.08000000e+00  6.32603524e-01 
 2.96400000e-07 -3.58738466e-01  8.92897651e-01  7.20000000e-01  1.08000000e+00  6.32603524e-01 
 3.01400000e-07 -3.58738466e-01  8.92897651e-01  7.20000000e-01  1.08000000e+00  6.32603524e-01 
 3.06400000e-07 -3.58738466e-01  8.92897651e-01  7.20000000e-01  1.08000000e+00  6.32603524e-01 
 3.11400000e-07 -3.58738466e-01  8.92897651e-01  7.20000000e-01  1.08000000e+00  6.32603524e-01 
 3.16400000e-07 -3.58738466e-01  8.92897651e-01  7.20000000e-01  1.08000000e+00  6.32603524e-01 
 3.21400000e-07 -3.58738466e-01  8.92897651e-01  7.20000000e-01  1.08000000e+00  6.32603524e-01 
 3.26400000e-07 -3.58738466e-01  8.92897651e-01  7.20000000e-01  1.08000000e+00  6.32603524e-01 
 3.31400000e-07 -3.58738466e-01  8.92897651e-01  7.20000000e-01  1.08000000e+00  6.32603524e-01 
 3.36400000e-07 -3.58738466e-01  8.92897651e-01  7.20000000e-01  1.08000000e+00  6.32603524e-01 
 3.41400000e-07 -3.58738466e-01  8.92897651e-01  7.20000000e-01  1.08000000e+00  6.32603524e-01 
 3.46400000e-07 -3.58738466e-01  8.92897651e-01  7.20000000e-01  1.08000000e+00  6.32603524e-01 
 3.51400000e-07 -3.58738466e-01  8.92897651e-01  7.20000000e-01  1.08000000e+00  6.32603524e-01 
 3.56400000e-07 -3.58738466e-01  8.92897651e-01  7.20000000e-01  1.08000000e+00  6.32603524e-01 
 3.61400000e-07 -3.58738466e-01  8.92897651e-01  7.20000000e-01  1.08000000e+00  6.32603524e-01 
 3.66400000e-07 -3.58738466e-01  8.92897651e-01  7.20000000e-01  1.08000000e+00  6.32603524e-01 
 3.71400000e-07 -3.58738466e-01  8.92897651e-01  7.20000000e-01  1.08000000e+00  6.32603524e-01 
 3.76400000e-07 -3.58738466e-01  8.92897651e-01  7.20000000e-01  1.08000000e+00  6.32603524e-01 
 3.81400000e-07 -3.58738466e-01  8.92897651e-01  7.20000000e-01  1.08000000e+00  6.32603524e-01 
 3.86400000e-07 -3.58738466e-01  8.92897651e-01  7.20000000e-01  1.08000000e+00  6.32603524e-01 
 3.91400000e-07 -3.58738466e-01  8.92897651e-01  7.20000000e-01  1.08000000e+00  6.32603524e-01 
 3.96400000e-07 -3.58738466e-01  8.92897651e-01  7.20000000e-01  1.08000000e+00  6.32603524e-01 
 4.01400000e-07 -3.58738466e-01  8.92897651e-01  7.20000000e-01  1.08000000e+00  6.32603524e-01 
 4.06400000e-07 -3.58738466e-01  8.92897651e-01  7.20000000e-01  1.08000000e+00  6.32603524e-01 
 4.11400000e-07 -3.58738466e-01  8.92897651e-01  7.20000000e-01  1.08000000e+00  6.32603524e-01 
 4.16400000e-07 -3.58738466e-01  8.92897651e-01  7.20000000e-01  1.08000000e+00  6.32603524e-01 
 4.21400000e-07 -3.58738466e-01  8.92897651e-01  7.20000000e-01  1.08000000e+00  6.32603524e-01 
 4.26400000e-07 -3.58738466e-01  8.92897651e-01  7.20000000e-01  1.08000000e+00  6.32603524e-01 
 4.31400000e-07 -3.58738466e-01  8.92897651e-01  7.20000000e-01  1.08000000e+00  6.32603524e-01 
 4.36400000e-07 -3.58738466e-01  8.92897651e-01  7.20000000e-01  1.08000000e+00  6.32603524e-01 
 4.41400000e-07 -3.58738466e-01  8.92897651e-01  7.20000000e-01  1.08000000e+00  6.32603524e-01 
 4.46400000e-07 -3.58738466e-01  8.92897651e-01  7.20000000e-01  1.08000000e+00  6.32603524e-01 
 4.51400000e-07 -3.58738466e-01  8.92897651e-01  7.20000000e-01  1.08000000e+00  6.32603524e-01 
 4.56400000e-07 -3.58738466e-01  8.92897651e-01  7.20000000e-01  1.08000000e+00  6.32603524e-01 
 4.61400000e-07 -3.58738466e-01  8.92897651e-01  7.20000000e-01  1.08000000e+00  6.32603524e-01 
 4.66400000e-07 -3.58738466e-01  8.92897651e-01  7.20000000e-01  1.08000000e+00  6.32603524e-01 
 4.71400000e-07 -3.58738466e-01  8.92897651e-01  7.20000000e-01  1.08000000e+00  6.32603524e-01 
 4.76400000e-07 -3.58738466e-01  8.92897651e-01  7.20000000e-01  1.08000000e+00  6.32603524e-01 
 4.81400000e-07 -3.58738466e-01  8.92897651e-01  7.20000000e-01  1.08000000e+00  6.32603524e-01 
 4.86400000e-07 -3.58738466e-01  8.92897651e-01  7.20000000e-01  1.08000000e+00  6.32603524e-01 
 4.91400000e-07 -3.58738466e-01  8.92897651e-01  7.20000000e-01  1.08000000e+00  6.32603524e-01 
 4.96400000e-07 -3.58738466e-01  8.92897651e-01  7.20000000e-01  1.08000000e+00  6.32603524e-01 
 5.01400000e-07 -3.58738466e-01  8.92897651e-01  7.20000000e-01  1.08000000e+00  6.32603524e-01 
 5.06400000e-07 -3.58738466e-01  8.92897651e-01  7.20000000e-01  1.08000000e+00  6.32603524e-01 
 5.11400000e-07 -3.58738466e-01  8.92897651e-01  7.20000000e-01  1.08000000e+00  6.32603524e-01 
 5.16400000e-07 -3.58738466e-01  8.92897651e-01  7.20000000e-01  1.08000000e+00  6.32603524e-01 
 5.21400000e-07 -3.58738466e-01  8.92897651e-01  7.20000000e-01  1.08000000e+00  6.32603524e-01 
 5.26400000e-07 -3.58738466e-01  8.92897651e-01  7.20000000e-01  1.08000000e+00  6.32603524e-01 
 5.31400000e-07 -3.58738466e-01  8.92897651e-01  7.20000000e-01  1.08000000e+00  6.32603524e-01 
 5.36400000e-07 -3.58738466e-01  8.92897651e-01  7.20000000e-01  1.08000000e+00  6.32603524e-01 
 5.41400000e-07 -3.58738466e-01  8.92897651e-01  7.20000000e-01  1.08000000e+00  6.32603524e-01 
 5.46400000e-07 -3.58738466e-01  8.92897651e-01  7.20000000e-01  1.08000000e+00  6.32603524e-01 
 5.51400000e-07 -3.58738466e-01  8.92897651e-01  7.20000000e-01  1.08000000e+00  6.32603524e-01 
 5.56400000e-07 -3.58738466e-01  8.92897651e-01  7.20000000e-01  1.08000000e+00  6.32603524e-01 
 5.61400000e-07 -3.58738466e-01  8.92897651e-01  7.20000000e-01  1.08000000e+00  6.32603524e-01 
 5.66400000e-07 -3.58738466e-01  8.92897651e-01  7.20000000e-01  1.08000000e+00  6.32603524e-01 
 5.71400000e-07 -3.58738466e-01  8.92897651e-01  7.20000000e-01  1.08000000e+00  6.32603524e-01 
 5.76400000e-07 -3.58738466e-01  8.92897651e-01  7.20000000e-01  1.08000000e+00  6.32603524e-01 
 5.81400000e-07 -3.58738466e-01  8.92897651e-01  7.20000000e-01  1.08000000e+00  6.32603524e-01 
 5.86400000e-07 -3.58738466e-01  8.92897651e-01  7.20000000e-01  1.08000000e+00  6.32603524e-01 
 5.91400000e-07 -3.58738466e-01  8.92897651e-01  7.20000000e-01  1.08000000e+00  6.32603524e-01 
 5.96400000e-07 -3.58738466e-01  8.92897651e-01  7.20000000e-01  1.08000000e+00  6.32603524e-01 
 6.01400000e-07 -3.58738466e-01  8.92897651e-01  7.20000000e-01  1.08000000e+00  6.32603524e-01 
 6.06400000e-07 -3.58738466e-01  8.92897651e-01  7.20000000e-01  1.08000000e+00  6.32603524e-01 
 6.11400000e-07 -3.58738466e-01  8.92897651e-01  7.20000000e-01  1.08000000e+00  6.32603524e-01 
 6.16400000e-07 -3.58738466e-01  8.92897651e-01  7.20000000e-01  1.08000000e+00  6.32603524e-01 
 6.21400000e-07 -3.58738466e-01  8.92897651e-01  7.20000000e-01  1.08000000e+00  6.32603524e-01 
 6.26400000e-07 -3.58738466e-01  8.92897651e-01  7.20000000e-01  1.08000000e+00  6.32603524e-01 
 6.31400000e-07 -3.58738466e-01  8.92897651e-01  7.20000000e-01  1.08000000e+00  6.32603524e-01 
 6.36400000e-07 -3.58738466e-01  8.92897651e-01  7.20000000e-01  1.08000000e+00  6.32603524e-01 
 6.41400000e-07 -3.58738466e-01  8.92897651e-01  7.20000000e-01  1.08000000e+00  6.32603524e-01 
 6.46400000e-07 -3.58738466e-01  8.92897651e-01  7.20000000e-01  1.08000000e+00  6.32603524e-01 
 6.51400000e-07 -3.58738466e-01  8.92897651e-01  7.20000000e-01  1.08000000e+00  6.32603524e-01 
 6.56400000e-07 -3.58738466e-01  8.92897651e-01  7.20000000e-01  1.08000000e+00  6.32603524e-01 
 6.61400000e-07 -3.58738466e-01  8.92897651e-01  7.20000000e-01  1.08000000e+00  6.32603524e-01 
 6.66400000e-07 -3.58738466e-01  8.92897651e-01  7.20000000e-01  1.08000000e+00  6.32603524e-01 
 6.71400000e-07 -3.58738466e-01  8.92897651e-01  7.20000000e-01  1.08000000e+00  6.32603524e-01 
 6.76400000e-07 -3.58738466e-01  8.92897651e-01  7.20000000e-01  1.08000000e+00  6.32603524e-01 
 6.81400000e-07 -3.58738466e-01  8.92897651e-01  7.20000000e-01  1.08000000e+00  6.32603524e-01 
 6.86400000e-07 -3.58738466e-01  8.92897651e-01  7.20000000e-01  1.08000000e+00  6.32603524e-01 
 6.91400000e-07 -3.58738466e-01  8.92897651e-01  7.20000000e-01  1.08000000e+00  6.32603524e-01 
 6.96400000e-07 -3.58738466e-01  8.92897651e-01  7.20000000e-01  1.08000000e+00  6.32603524e-01 
 7.01400000e-07 -3.58738466e-01  8.92897651e-01  7.20000000e-01  1.08000000e+00  6.32603524e-01 
 7.06400000e-07 -3.58738466e-01  8.92897651e-01  7.20000000e-01  1.08000000e+00  6.32603524e-01 
 7.11400000e-07 -3.58738466e-01  8.92897651e-01  7.20000000e-01  1.08000000e+00  6.32603524e-01 
 7.16400000e-07 -3.58738466e-01  8.92897651e-01  7.20000000e-01  1.08000000e+00  6.32603524e-01 
 7.21400000e-07 -3.58738466e-01  8.92897651e-01  7.20000000e-01  1.08000000e+00  6.32603524e-01 
 7.26400000e-07 -3.58738466e-01  8.92897651e-01  7.20000000e-01  1.08000000e+00  6.32603524e-01 
 7.31400000e-07 -3.58738466e-01  8.92897651e-01  7.20000000e-01  1.08000000e+00  6.32603524e-01 
 7.36400000e-07 -3.58738466e-01  8.92897651e-01  7.20000000e-01  1.08000000e+00  6.32603524e-01 
 7.41400000e-07 -3.58738466e-01  8.92897651e-01  7.20000000e-01  1.08000000e+00  6.32603524e-01 
 7.46400000e-07 -3.58738466e-01  8.92897651e-01  7.20000000e-01  1.08000000e+00  6.32603524e-01 
 7.51400000e-07 -3.58738466e-01  8.92897651e-01  7.20000000e-01  1.08000000e+00  6.32603524e-01 
 7.56400000e-07 -3.58738466e-01  8.92897651e-01  7.20000000e-01  1.08000000e+00  6.32603524e-01 
 7.61400000e-07 -3.58738466e-01  8.92897651e-01  7.20000000e-01  1.08000000e+00  6.32603524e-01 
 7.66400000e-07 -3.58738466e-01  8.92897651e-01  7.20000000e-01  1.08000000e+00  6.32603524e-01 
 7.71400000e-07 -3.58738466e-01  8.92897651e-01  7.20000000e-01  1.08000000e+00  6.32603524e-01 
 7.76400000e-07 -3.58738466e-01  8.92897651e-01  7.20000000e-01  1.08000000e+00  6.32603524e-01 
 7.81400000e-07 -3.58738466e-01  8.92897651e-01  7.20000000e-01  1.08000000e+00  6.32603524e-01 
 7.86400000e-07 -3.58738466e-01  8.92897651e-01  7.20000000e-01  1.08000000e+00  6.32603524e-01 
 7.91400000e-07 -3.58738466e-01  8.92897651e-01  7.20000000e-01  1.08000000e+00  6.32603524e-01 
 7.96400000e-07 -3.58738466e-01  8.92897651e-01  7.20000000e-01  1.08000000e+00  6.32603524e-01 
 8.01400000e-07 -3.58738466e-01  8.92897651e-01  7.20000000e-01  1.08000000e+00  6.32603524e-01 
 8.06400000e-07 -3.58738466e-01  8.92897651e-01  7.20000000e-01  1.08000000e+00  6.32603524e-01 
 8.11400000e-07 -3.58738466e-01  8.92897651e-01  7.20000000e-01  1.08000000e+00  6.32603524e-01 
 8.16400000e-07 -3.58738466e-01  8.92897651e-01  7.20000000e-01  1.08000000e+00  6.32603524e-01 
 8.21400000e-07 -3.58738466e-01  8.92897651e-01  7.20000000e-01  1.08000000e+00  6.32603524e-01 
 8.26400000e-07 -3.58738466e-01  8.92897651e-01  7.20000000e-01  1.08000000e+00  6.32603524e-01 
 8.31400000e-07 -3.58738466e-01  8.92897651e-01  7.20000000e-01  1.08000000e+00  6.32603524e-01 
 8.36400000e-07 -3.58738466e-01  8.92897651e-01  7.20000000e-01  1.08000000e+00  6.32603524e-01 
 8.41400000e-07 -3.58738466e-01  8.92897651e-01  7.20000000e-01  1.08000000e+00  6.32603524e-01 
 8.46400000e-07 -3.58738466e-01  8.92897651e-01  7.20000000e-01  1.08000000e+00  6.32603524e-01 
 8.51400000e-07 -3.58738466e-01  8.92897651e-01  7.20000000e-01  1.08000000e+00  6.32603524e-01 
 8.56400000e-07 -3.58738466e-01  8.92897651e-01  7.20000000e-01  1.08000000e+00  6.32603524e-01 
 8.61400000e-07 -3.58738466e-01  8.92897651e-01  7.20000000e-01  1.08000000e+00  6.32603524e-01 
 8.66400000e-07 -3.58738466e-01  8.92897651e-01  7.20000000e-01  1.08000000e+00  6.32603524e-01 
 8.71400000e-07 -3.58738466e-01  8.92897651e-01  7.20000000e-01  1.08000000e+00  6.32603524e-01 
 8.76400000e-07 -3.58738466e-01  8.92897651e-01  7.20000000e-01  1.08000000e+00  6.32603524e-01 
 8.81400000e-07 -3.58738466e-01  8.92897651e-01  7.20000000e-01  1.08000000e+00  6.32603524e-01 
 8.86400000e-07 -3.58738466e-01  8.92897651e-01  7.20000000e-01  1.08000000e+00  6.32603524e-01 
 8.91400000e-07 -3.58738466e-01  8.92897651e-01  7.20000000e-01  1.08000000e+00  6.32603524e-01 
 8.96400000e-07 -3.58738466e-01  8.92897651e-01  7.20000000e-01  1.08000000e+00  6.32603524e-01 
 9.01400000e-07 -3.58738466e-01  8.92897651e-01  7.20000000e-01  1.08000000e+00  6.32603524e-01 
 9.06400000e-07 -3.58738466e-01  8.92897651e-01  7.20000000e-01  1.08000000e+00  6.32603524e-01 
 9.11400000e-07 -3.58738466e-01  8.92897651e-01  7.20000000e-01  1.08000000e+00  6.32603524e-01 
 9.16400000e-07 -3.58738466e-01  8.92897651e-01  7.20000000e-01  1.08000000e+00  6.32603524e-01 
 9.21400000e-07 -3.58738466e-01  8.92897651e-01  7.20000000e-01  1.08000000e+00  6.32603524e-01 
 9.26400000e-07 -3.58738466e-01  8.92897651e-01  7.20000000e-01  1.08000000e+00  6.32603524e-01 
 9.31400000e-07 -3.58738466e-01  8.92897651e-01  7.20000000e-01  1.08000000e+00  6.32603524e-01 
 9.36400000e-07 -3.58738466e-01  8.92897651e-01  7.20000000e-01  1.08000000e+00  6.32603524e-01 
 9.41400000e-07 -3.58738466e-01  8.92897651e-01  7.20000000e-01  1.08000000e+00  6.32603524e-01 
 9.46400000e-07 -3.58738466e-01  8.92897651e-01  7.20000000e-01  1.08000000e+00  6.32603524e-01 
 9.51400000e-07 -3.58738466e-01  8.92897651e-01  7.20000000e-01  1.08000000e+00  6.32603524e-01 
 9.56400000e-07 -3.58738466e-01  8.92897651e-01  7.20000000e-01  1.08000000e+00  6.32603524e-01 
 9.61400000e-07 -3.58738466e-01  8.92897651e-01  7.20000000e-01  1.08000000e+00  6.32603524e-01 
 9.66400000e-07 -3.58738466e-01  8.92897651e-01  7.20000000e-01  1.08000000e+00  6.32603524e-01 
 9.71400000e-07 -3.58738466e-01  8.92897651e-01  7.20000000e-01  1.08000000e+00  6.32603524e-01 
 9.76400000e-07 -3.58738466e-01  8.92897651e-01  7.20000000e-01  1.08000000e+00  6.32603524e-01 
 9.81400000e-07 -3.58738466e-01  8.92897651e-01  7.20000000e-01  1.08000000e+00  6.32603524e-01 
 9.86400000e-07 -3.58738466e-01  8.92897651e-01  7.20000000e-01  1.08000000e+00  6.32603524e-01 
 9.91400000e-07 -3.58738466e-01  8.92897651e-01  7.20000000e-01  1.08000000e+00  6.32603524e-01 
 9.96400000e-07 -3.58738466e-01  8.92897651e-01  7.20000000e-01  1.08000000e+00  6.32603524e-01 
 1.00140000e-06 -3.58738466e-01  8.92897651e-01  7.20000000e-01  1.08000000e+00  6.32603524e-01 
 1.00640000e-06 -3.58738466e-01  8.92897651e-01  7.20000000e-01  1.08000000e+00  6.32603524e-01 
 1.01140000e-06 -3.58738466e-01  8.92897651e-01  7.20000000e-01  1.08000000e+00  6.32603524e-01 
 1.01640000e-06 -3.58738466e-01  8.92897651e-01  7.20000000e-01  1.08000000e+00  6.32603524e-01 
 1.02140000e-06 -3.58738466e-01  8.92897651e-01  7.20000000e-01  1.08000000e+00  6.32603524e-01 
 1.02640000e-06 -3.58738466e-01  8.92897651e-01  7.20000000e-01  1.08000000e+00  6.32603524e-01 
 1.03140000e-06 -3.58738466e-01  8.92897651e-01  7.20000000e-01  1.08000000e+00  6.32603524e-01 
 1.03640000e-06 -3.58738466e-01  8.92897651e-01  7.20000000e-01  1.08000000e+00  6.32603524e-01 
 1.04140000e-06 -3.58738466e-01  8.92897651e-01  7.20000000e-01  1.08000000e+00  6.32603524e-01 
 1.04640000e-06 -3.58738466e-01  8.92897651e-01  7.20000000e-01  1.08000000e+00  6.32603524e-01 
 1.05140000e-06 -3.58738466e-01  8.92897651e-01  7.20000000e-01  1.08000000e+00  6.32603524e-01 
 1.05640000e-06 -3.58738466e-01  8.92897651e-01  7.20000000e-01  1.08000000e+00  6.32603524e-01 
 1.06140000e-06 -3.58738466e-01  8.92897651e-01  7.20000000e-01  1.08000000e+00  6.32603524e-01 
 1.06640000e-06 -3.58738466e-01  8.92897651e-01  7.20000000e-01  1.08000000e+00  6.32603524e-01 
 1.07140000e-06 -3.58738466e-01  8.92897651e-01  7.20000000e-01  1.08000000e+00  6.32603524e-01 
 1.07640000e-06 -3.58738466e-01  8.92897651e-01  7.20000000e-01  1.08000000e+00  6.32603524e-01 
 1.08140000e-06 -3.58738466e-01  8.92897651e-01  7.20000000e-01  1.08000000e+00  6.32603524e-01 
 1.08640000e-06 -3.58738466e-01  8.92897651e-01  7.20000000e-01  1.08000000e+00  6.32603524e-01 
 1.09140000e-06 -3.58738466e-01  8.92897651e-01  7.20000000e-01  1.08000000e+00  6.32603524e-01 
 1.09640000e-06 -3.58738466e-01  8.92897651e-01  7.20000000e-01  1.08000000e+00  6.32603524e-01 
 1.10140000e-06 -3.58738466e-01  8.92897651e-01  7.20000000e-01  1.08000000e+00  6.32603524e-01 
 1.10640000e-06 -3.58738466e-01  8.92897651e-01  7.20000000e-01  1.08000000e+00  6.32603524e-01 
 1.11140000e-06 -3.58738466e-01  8.92897651e-01  7.20000000e-01  1.08000000e+00  6.32603524e-01 
 1.11640000e-06 -3.58738466e-01  8.92897651e-01  7.20000000e-01  1.08000000e+00  6.32603524e-01 
 1.12140000e-06 -3.58738466e-01  8.92897651e-01  7.20000000e-01  1.08000000e+00  6.32603524e-01 
 1.12640000e-06 -3.58738466e-01  8.92897651e-01  7.20000000e-01  1.08000000e+00  6.32603524e-01 
 1.13140000e-06 -3.58738466e-01  8.92897651e-01  7.20000000e-01  1.08000000e+00  6.32603524e-01 
 1.13640000e-06 -3.58738466e-01  8.92897651e-01  7.20000000e-01  1.08000000e+00  6.32603524e-01 
 1.14140000e-06 -3.58738466e-01  8.92897651e-01  7.20000000e-01  1.08000000e+00  6.32603524e-01 
 1.14640000e-06 -3.58738466e-01  8.92897651e-01  7.20000000e-01  1.08000000e+00  6.32603524e-01 
 1.15140000e-06 -3.58738466e-01  8.92897651e-01  7.20000000e-01  1.08000000e+00  6.32603524e-01 
 1.15640000e-06 -3.58738466e-01  8.92897651e-01  7.20000000e-01  1.08000000e+00  6.32603524e-01 
 1.16140000e-06 -3.58738466e-01  8.92897651e-01  7.20000000e-01  1.08000000e+00  6.32603524e-01 
 1.16640000e-06 -3.58738466e-01  8.92897651e-01  7.20000000e-01  1.08000000e+00  6.32603524e-01 
 1.17140000e-06 -3.58738466e-01  8.92897651e-01  7.20000000e-01  1.08000000e+00  6.32603524e-01 
 1.17640000e-06 -3.58738466e-01  8.92897651e-01  7.20000000e-01  1.08000000e+00  6.32603524e-01 
 1.18140000e-06 -3.58738466e-01  8.92897651e-01  7.20000000e-01  1.08000000e+00  6.32603524e-01 
 1.18640000e-06 -3.58738466e-01  8.92897651e-01  7.20000000e-01  1.08000000e+00  6.32603524e-01 
 1.19140000e-06 -3.58738466e-01  8.92897651e-01  7.20000000e-01  1.08000000e+00  6.32603524e-01 
 1.19640000e-06 -3.58738466e-01  8.92897651e-01  7.20000000e-01  1.08000000e+00  6.32603524e-01 
 1.20140000e-06 -3.58738466e-01  8.92897651e-01  7.20000000e-01  1.08000000e+00  6.32603524e-01 
 1.20640000e-06 -3.58738466e-01  8.92897651e-01  7.20000000e-01  1.08000000e+00  6.32603524e-01 
 1.21140000e-06 -3.58738466e-01  8.92897651e-01  7.20000000e-01  1.08000000e+00  6.32603524e-01 
 1.21640000e-06 -3.58738466e-01  8.92897651e-01  7.20000000e-01  1.08000000e+00  6.32603524e-01 
 1.22140000e-06 -3.58738466e-01  8.92897651e-01  7.20000000e-01  1.08000000e+00  6.32603524e-01 
 1.22640000e-06 -3.58738466e-01  8.92897651e-01  7.20000000e-01  1.08000000e+00  6.32603524e-01 
 1.23140000e-06 -3.58738466e-01  8.92897651e-01  7.20000000e-01  1.08000000e+00  6.32603524e-01 
 1.23640000e-06 -3.58738466e-01  8.92897651e-01  7.20000000e-01  1.08000000e+00  6.32603524e-01 
 1.24140000e-06 -3.58738466e-01  8.92897651e-01  7.20000000e-01  1.08000000e+00  6.32603524e-01 
 1.24640000e-06 -3.58738466e-01  8.92897651e-01  7.20000000e-01  1.08000000e+00  6.32603524e-01 
 1.25140000e-06 -3.58738466e-01  8.92897651e-01  7.20000000e-01  1.08000000e+00  6.32603524e-01 
 1.25640000e-06 -3.58738466e-01  8.92897651e-01  7.20000000e-01  1.08000000e+00  6.32603524e-01 
 1.26140000e-06 -3.58738466e-01  8.92897651e-01  7.20000000e-01  1.08000000e+00  6.32603524e-01 
 1.26640000e-06 -3.58738466e-01  8.92897651e-01  7.20000000e-01  1.08000000e+00  6.32603524e-01 
 1.27140000e-06 -3.58738466e-01  8.92897651e-01  7.20000000e-01  1.08000000e+00  6.32603524e-01 
 1.27640000e-06 -3.58738466e-01  8.92897651e-01  7.20000000e-01  1.08000000e+00  6.32603524e-01 
 1.28140000e-06 -3.58738466e-01  8.92897651e-01  7.20000000e-01  1.08000000e+00  6.32603524e-01 
 1.28640000e-06 -3.58738466e-01  8.92897651e-01  7.20000000e-01  1.08000000e+00  6.32603524e-01 
 1.29140000e-06 -3.58738466e-01  8.92897651e-01  7.20000000e-01  1.08000000e+00  6.32603524e-01 
 1.29640000e-06 -3.58738466e-01  8.92897651e-01  7.20000000e-01  1.08000000e+00  6.32603524e-01 
 1.30140000e-06 -3.58738466e-01  8.92897651e-01  7.20000000e-01  1.08000000e+00  6.32603524e-01 
 1.30640000e-06 -3.58738466e-01  8.92897651e-01  7.20000000e-01  1.08000000e+00  6.32603524e-01 
 1.31140000e-06 -3.58738466e-01  8.92897651e-01  7.20000000e-01  1.08000000e+00  6.32603524e-01 
 1.31640000e-06 -3.58738466e-01  8.92897651e-01  7.20000000e-01  1.08000000e+00  6.32603524e-01 
 1.32140000e-06 -3.58738466e-01  8.92897651e-01  7.20000000e-01  1.08000000e+00  6.32603524e-01 
 1.32640000e-06 -3.58738466e-01  8.92897651e-01  7.20000000e-01  1.08000000e+00  6.32603524e-01 
 1.33140000e-06 -3.58738466e-01  8.92897651e-01  7.20000000e-01  1.08000000e+00  6.32603524e-01 
 1.33640000e-06 -3.58738466e-01  8.92897651e-01  7.20000000e-01  1.08000000e+00  6.32603524e-01 
 1.34140000e-06 -3.58738466e-01  8.92897651e-01  7.20000000e-01  1.08000000e+00  6.32603524e-01 
 1.34640000e-06 -3.58738466e-01  8.92897651e-01  7.20000000e-01  1.08000000e+00  6.32603524e-01 
 1.35140000e-06 -3.58738466e-01  8.92897651e-01  7.20000000e-01  1.08000000e+00  6.32603524e-01 
 1.35640000e-06 -3.58738466e-01  8.92897651e-01  7.20000000e-01  1.08000000e+00  6.32603524e-01 
 1.36140000e-06 -3.58738466e-01  8.92897651e-01  7.20000000e-01  1.08000000e+00  6.32603524e-01 
 1.36640000e-06 -3.58738466e-01  8.92897651e-01  7.20000000e-01  1.08000000e+00  6.32603524e-01 
 1.37140000e-06 -3.58738466e-01  8.92897651e-01  7.20000000e-01  1.08000000e+00  6.32603524e-01 
 1.37640000e-06 -3.58738466e-01  8.92897651e-01  7.20000000e-01  1.08000000e+00  6.32603524e-01 
 1.38140000e-06 -3.58738466e-01  8.92897651e-01  7.20000000e-01  1.08000000e+00  6.32603524e-01 
 1.38640000e-06 -3.58738466e-01  8.92897651e-01  7.20000000e-01  1.08000000e+00  6.32603524e-01 
 1.39140000e-06 -3.58738466e-01  8.92897651e-01  7.20000000e-01  1.08000000e+00  6.32603524e-01 
 1.39640000e-06 -3.58738466e-01  8.92897651e-01  7.20000000e-01  1.08000000e+00  6.32603524e-01 
 1.40140000e-06 -3.58738466e-01  8.92897651e-01  7.20000000e-01  1.08000000e+00  6.32603524e-01 
 1.40640000e-06 -3.58738466e-01  8.92897651e-01  7.20000000e-01  1.08000000e+00  6.32603524e-01 
 1.41140000e-06 -3.58738466e-01  8.92897651e-01  7.20000000e-01  1.08000000e+00  6.32603524e-01 
 1.41640000e-06 -3.58738466e-01  8.92897651e-01  7.20000000e-01  1.08000000e+00  6.32603524e-01 
 1.42140000e-06 -3.58738466e-01  8.92897651e-01  7.20000000e-01  1.08000000e+00  6.32603524e-01 
 1.42640000e-06 -3.58738466e-01  8.92897651e-01  7.20000000e-01  1.08000000e+00  6.32603524e-01 
 1.43140000e-06 -3.58738466e-01  8.92897651e-01  7.20000000e-01  1.08000000e+00  6.32603524e-01 
 1.43640000e-06 -3.58738466e-01  8.92897651e-01  7.20000000e-01  1.08000000e+00  6.32603524e-01 
 1.44140000e-06 -3.58738466e-01  8.92897651e-01  7.20000000e-01  1.08000000e+00  6.32603524e-01 
 1.44640000e-06 -3.58738466e-01  8.92897651e-01  7.20000000e-01  1.08000000e+00  6.32603524e-01 
 1.45140000e-06 -3.58738466e-01  8.92897651e-01  7.20000000e-01  1.08000000e+00  6.32603524e-01 
 1.45640000e-06 -3.58738466e-01  8.92897651e-01  7.20000000e-01  1.08000000e+00  6.32603524e-01 
 1.46140000e-06 -3.58738466e-01  8.92897651e-01  7.20000000e-01  1.08000000e+00  6.32603524e-01 
 1.46640000e-06 -3.58738466e-01  8.92897651e-01  7.20000000e-01  1.08000000e+00  6.32603524e-01 
 1.47140000e-06 -3.58738466e-01  8.92897651e-01  7.20000000e-01  1.08000000e+00  6.32603524e-01 
 1.47640000e-06 -3.58738466e-01  8.92897651e-01  7.20000000e-01  1.08000000e+00  6.32603524e-01 
 1.48140000e-06 -3.58738466e-01  8.92897651e-01  7.20000000e-01  1.08000000e+00  6.32603524e-01 
 1.48640000e-06 -3.58738466e-01  8.92897651e-01  7.20000000e-01  1.08000000e+00  6.32603524e-01 
 1.49140000e-06 -3.58738466e-01  8.92897651e-01  7.20000000e-01  1.08000000e+00  6.32603524e-01 
 1.49640000e-06 -3.58738466e-01  8.92897651e-01  7.20000000e-01  1.08000000e+00  6.32603524e-01 
 1.50140000e-06 -3.58738466e-01  8.92897651e-01  7.20000000e-01  1.08000000e+00  6.32603524e-01 
 1.50640000e-06 -3.58738466e-01  8.92897651e-01  7.20000000e-01  1.08000000e+00  6.32603524e-01 
 1.51140000e-06 -3.58738466e-01  8.92897651e-01  7.20000000e-01  1.08000000e+00  6.32603524e-01 
 1.51640000e-06 -3.58738466e-01  8.92897651e-01  7.20000000e-01  1.08000000e+00  6.32603524e-01 
 1.52140000e-06 -3.58738466e-01  8.92897651e-01  7.20000000e-01  1.08000000e+00  6.32603524e-01 
 1.52640000e-06 -3.58738466e-01  8.92897651e-01  7.20000000e-01  1.08000000e+00  6.32603524e-01 
 1.53140000e-06 -3.58738466e-01  8.92897651e-01  7.20000000e-01  1.08000000e+00  6.32603524e-01 
 1.53640000e-06 -3.58738466e-01  8.92897651e-01  7.20000000e-01  1.08000000e+00  6.32603524e-01 
 1.54140000e-06 -3.58738466e-01  8.92897651e-01  7.20000000e-01  1.08000000e+00  6.32603524e-01 
 1.54640000e-06 -3.58738466e-01  8.92897651e-01  7.20000000e-01  1.08000000e+00  6.32603524e-01 
 1.55140000e-06 -3.58738466e-01  8.92897651e-01  7.20000000e-01  1.08000000e+00  6.32603524e-01 
 1.55640000e-06 -3.58738466e-01  8.92897651e-01  7.20000000e-01  1.08000000e+00  6.32603524e-01 
 1.56140000e-06 -3.58738466e-01  8.92897651e-01  7.20000000e-01  1.08000000e+00  6.32603524e-01 
 1.56640000e-06 -3.58738466e-01  8.92897651e-01  7.20000000e-01  1.08000000e+00  6.32603524e-01 
 1.57140000e-06 -3.58738466e-01  8.92897651e-01  7.20000000e-01  1.08000000e+00  6.32603524e-01 
 1.57640000e-06 -3.58738466e-01  8.92897651e-01  7.20000000e-01  1.08000000e+00  6.32603524e-01 
 1.58140000e-06 -3.58738466e-01  8.92897651e-01  7.20000000e-01  1.08000000e+00  6.32603524e-01 
 1.58640000e-06 -3.58738466e-01  8.92897651e-01  7.20000000e-01  1.08000000e+00  6.32603524e-01 
 1.59140000e-06 -3.58738466e-01  8.92897651e-01  7.20000000e-01  1.08000000e+00  6.32603524e-01 
 1.59640000e-06 -3.58738466e-01  8.92897651e-01  7.20000000e-01  1.08000000e+00  6.32603524e-01 
 1.60140000e-06 -3.58738466e-01  8.92897651e-01  7.20000000e-01  1.08000000e+00  6.32603524e-01 
 1.60640000e-06 -3.58738466e-01  8.92897651e-01  7.20000000e-01  1.08000000e+00  6.32603524e-01 
 1.61140000e-06 -3.58738466e-01  8.92897651e-01  7.20000000e-01  1.08000000e+00  6.32603524e-01 
 1.61640000e-06 -3.58738466e-01  8.92897651e-01  7.20000000e-01  1.08000000e+00  6.32603524e-01 
 1.62140000e-06 -3.58738466e-01  8.92897651e-01  7.20000000e-01  1.08000000e+00  6.32603524e-01 
 1.62640000e-06 -3.58738466e-01  8.92897651e-01  7.20000000e-01  1.08000000e+00  6.32603524e-01 
 1.63140000e-06 -3.58738466e-01  8.92897651e-01  7.20000000e-01  1.08000000e+00  6.32603524e-01 
 1.63640000e-06 -3.58738466e-01  8.92897651e-01  7.20000000e-01  1.08000000e+00  6.32603524e-01 
 1.64140000e-06 -3.58738466e-01  8.92897651e-01  7.20000000e-01  1.08000000e+00  6.32603524e-01 
 1.64640000e-06 -3.58738466e-01  8.92897651e-01  7.20000000e-01  1.08000000e+00  6.32603524e-01 
 1.65140000e-06 -3.58738466e-01  8.92897651e-01  7.20000000e-01  1.08000000e+00  6.32603524e-01 
 1.65640000e-06 -3.58738466e-01  8.92897651e-01  7.20000000e-01  1.08000000e+00  6.32603524e-01 
 1.66140000e-06 -3.58738466e-01  8.92897651e-01  7.20000000e-01  1.08000000e+00  6.32603524e-01 
 1.66640000e-06 -3.58738466e-01  8.92897651e-01  7.20000000e-01  1.08000000e+00  6.32603524e-01 
 1.67140000e-06 -3.58738466e-01  8.92897651e-01  7.20000000e-01  1.08000000e+00  6.32603524e-01 
 1.67640000e-06 -3.58738466e-01  8.92897651e-01  7.20000000e-01  1.08000000e+00  6.32603524e-01 
 1.68140000e-06 -3.58738466e-01  8.92897651e-01  7.20000000e-01  1.08000000e+00  6.32603524e-01 
 1.68640000e-06 -3.58738466e-01  8.92897651e-01  7.20000000e-01  1.08000000e+00  6.32603524e-01 
 1.69140000e-06 -3.58738466e-01  8.92897651e-01  7.20000000e-01  1.08000000e+00  6.32603524e-01 
 1.69640000e-06 -3.58738466e-01  8.92897651e-01  7.20000000e-01  1.08000000e+00  6.32603524e-01 
 1.70140000e-06 -3.58738466e-01  8.92897651e-01  7.20000000e-01  1.08000000e+00  6.32603524e-01 
 1.70640000e-06 -3.58738466e-01  8.92897651e-01  7.20000000e-01  1.08000000e+00  6.32603524e-01 
 1.71140000e-06 -3.58738466e-01  8.92897651e-01  7.20000000e-01  1.08000000e+00  6.32603524e-01 
 1.71640000e-06 -3.58738466e-01  8.92897651e-01  7.20000000e-01  1.08000000e+00  6.32603524e-01 
 1.72140000e-06 -3.58738466e-01  8.92897651e-01  7.20000000e-01  1.08000000e+00  6.32603524e-01 
 1.72640000e-06 -3.58738466e-01  8.92897651e-01  7.20000000e-01  1.08000000e+00  6.32603524e-01 
 1.73140000e-06 -3.58738466e-01  8.92897651e-01  7.20000000e-01  1.08000000e+00  6.32603524e-01 
 1.73640000e-06 -3.58738466e-01  8.92897651e-01  7.20000000e-01  1.08000000e+00  6.32603524e-01 
 1.74140000e-06 -3.58738466e-01  8.92897651e-01  7.20000000e-01  1.08000000e+00  6.32603524e-01 
 1.74640000e-06 -3.58738466e-01  8.92897651e-01  7.20000000e-01  1.08000000e+00  6.32603524e-01 
 1.75140000e-06 -3.58738466e-01  8.92897651e-01  7.20000000e-01  1.08000000e+00  6.32603524e-01 
 1.75640000e-06 -3.58738466e-01  8.92897651e-01  7.20000000e-01  1.08000000e+00  6.32603524e-01 
 1.76140000e-06 -3.58738466e-01  8.92897651e-01  7.20000000e-01  1.08000000e+00  6.32603524e-01 
 1.76640000e-06 -3.58738466e-01  8.92897651e-01  7.20000000e-01  1.08000000e+00  6.32603524e-01 
 1.77140000e-06 -3.58738466e-01  8.92897651e-01  7.20000000e-01  1.08000000e+00  6.32603524e-01 
 1.77640000e-06 -3.58738466e-01  8.92897651e-01  7.20000000e-01  1.08000000e+00  6.32603524e-01 
 1.78140000e-06 -3.58738466e-01  8.92897651e-01  7.20000000e-01  1.08000000e+00  6.32603524e-01 
 1.78640000e-06 -3.58738466e-01  8.92897651e-01  7.20000000e-01  1.08000000e+00  6.32603524e-01 
 1.79140000e-06 -3.58738466e-01  8.92897651e-01  7.20000000e-01  1.08000000e+00  6.32603524e-01 
 1.79640000e-06 -3.58738466e-01  8.92897651e-01  7.20000000e-01  1.08000000e+00  6.32603524e-01 
 1.80140000e-06 -3.58738466e-01  8.92897651e-01  7.20000000e-01  1.08000000e+00  6.32603524e-01 
 1.80640000e-06 -3.58738466e-01  8.92897651e-01  7.20000000e-01  1.08000000e+00  6.32603524e-01 
 1.81140000e-06 -3.58738466e-01  8.92897651e-01  7.20000000e-01  1.08000000e+00  6.32603524e-01 
 1.81640000e-06 -3.58738466e-01  8.92897651e-01  7.20000000e-01  1.08000000e+00  6.32603524e-01 
 1.82140000e-06 -3.58738466e-01  8.92897651e-01  7.20000000e-01  1.08000000e+00  6.32603524e-01 
 1.82640000e-06 -3.58738466e-01  8.92897651e-01  7.20000000e-01  1.08000000e+00  6.32603524e-01 
 1.83140000e-06 -3.58738466e-01  8.92897651e-01  7.20000000e-01  1.08000000e+00  6.32603524e-01 
 1.83640000e-06 -3.58738466e-01  8.92897651e-01  7.20000000e-01  1.08000000e+00  6.32603524e-01 
 1.84140000e-06 -3.58738466e-01  8.92897651e-01  7.20000000e-01  1.08000000e+00  6.32603524e-01 
 1.84640000e-06 -3.58738466e-01  8.92897651e-01  7.20000000e-01  1.08000000e+00  6.32603524e-01 
 1.85140000e-06 -3.58738466e-01  8.92897651e-01  7.20000000e-01  1.08000000e+00  6.32603524e-01 
 1.85640000e-06 -3.58738466e-01  8.92897651e-01  7.20000000e-01  1.08000000e+00  6.32603524e-01 
 1.86140000e-06 -3.58738466e-01  8.92897651e-01  7.20000000e-01  1.08000000e+00  6.32603524e-01 
 1.86640000e-06 -3.58738466e-01  8.92897651e-01  7.20000000e-01  1.08000000e+00  6.32603524e-01 
 1.87140000e-06 -3.58738466e-01  8.92897651e-01  7.20000000e-01  1.08000000e+00  6.32603524e-01 
 1.87640000e-06 -3.58738466e-01  8.92897651e-01  7.20000000e-01  1.08000000e+00  6.32603524e-01 
 1.88140000e-06 -3.58738466e-01  8.92897651e-01  7.20000000e-01  1.08000000e+00  6.32603524e-01 
 1.88640000e-06 -3.58738466e-01  8.92897651e-01  7.20000000e-01  1.08000000e+00  6.32603524e-01 
 1.89140000e-06 -3.58738466e-01  8.92897651e-01  7.20000000e-01  1.08000000e+00  6.32603524e-01 
 1.89640000e-06 -3.58738466e-01  8.92897651e-01  7.20000000e-01  1.08000000e+00  6.32603524e-01 
 1.90140000e-06 -3.58738466e-01  8.92897651e-01  7.20000000e-01  1.08000000e+00  6.32603524e-01 
 1.90640000e-06 -3.58738466e-01  8.92897651e-01  7.20000000e-01  1.08000000e+00  6.32603524e-01 
 1.91140000e-06 -3.58738466e-01  8.92897651e-01  7.20000000e-01  1.08000000e+00  6.32603524e-01 
 1.91640000e-06 -3.58738466e-01  8.92897651e-01  7.20000000e-01  1.08000000e+00  6.32603524e-01 
 1.92140000e-06 -3.58738466e-01  8.92897651e-01  7.20000000e-01  1.08000000e+00  6.32603524e-01 
 1.92640000e-06 -3.58738466e-01  8.92897651e-01  7.20000000e-01  1.08000000e+00  6.32603524e-01 
 1.93140000e-06 -3.58738466e-01  8.92897651e-01  7.20000000e-01  1.08000000e+00  6.32603524e-01 
 1.93640000e-06 -3.58738466e-01  8.92897651e-01  7.20000000e-01  1.08000000e+00  6.32603524e-01 
 1.94140000e-06 -3.58738466e-01  8.92897651e-01  7.20000000e-01  1.08000000e+00  6.32603524e-01 
 1.94640000e-06 -3.58738466e-01  8.92897651e-01  7.20000000e-01  1.08000000e+00  6.32603524e-01 
 1.95140000e-06 -3.58738466e-01  8.92897651e-01  7.20000000e-01  1.08000000e+00  6.32603524e-01 
 1.95640000e-06 -3.58738466e-01  8.92897651e-01  7.20000000e-01  1.08000000e+00  6.32603524e-01 
 1.96140000e-06 -3.58738466e-01  8.92897651e-01  7.20000000e-01  1.08000000e+00  6.32603524e-01 
 1.96640000e-06 -3.58738466e-01  8.92897651e-01  7.20000000e-01  1.08000000e+00  6.32603524e-01 
 1.97140000e-06 -3.58738466e-01  8.92897651e-01  7.20000000e-01  1.08000000e+00  6.32603524e-01 
 1.97640000e-06 -3.58738466e-01  8.92897651e-01  7.20000000e-01  1.08000000e+00  6.32603524e-01 
 1.98140000e-06 -3.58738466e-01  8.92897651e-01  7.20000000e-01  1.08000000e+00  6.32603524e-01 
 1.98640000e-06 -3.58738466e-01  8.92897651e-01  7.20000000e-01  1.08000000e+00  6.32603524e-01 
 1.99140000e-06 -3.58738466e-01  8.92897651e-01  7.20000000e-01  1.08000000e+00  6.32603524e-01 
 1.99640000e-06 -3.58738466e-01  8.92897651e-01  7.20000000e-01  1.08000000e+00  6.32603524e-01 
 2.00140000e-06 -3.58738466e-01  8.92897651e-01  7.20000000e-01  1.08000000e+00  6.32603524e-01 
 2.00640000e-06 -3.58738466e-01  8.92897651e-01  7.20000000e-01  1.08000000e+00  6.32603524e-01 
 2.01140000e-06 -3.58738466e-01  8.92897651e-01  7.20000000e-01  1.08000000e+00  6.32603524e-01 
 2.01640000e-06 -3.58738466e-01  8.92897651e-01  7.20000000e-01  1.08000000e+00  6.32603524e-01 
 2.02140000e-06 -3.58738466e-01  8.92897651e-01  7.20000000e-01  1.08000000e+00  6.32603524e-01 
 2.02640000e-06 -3.58738466e-01  8.92897651e-01  7.20000000e-01  1.08000000e+00  6.32603524e-01 
 2.03140000e-06 -3.58738466e-01  8.92897651e-01  7.20000000e-01  1.08000000e+00  6.32603524e-01 
 2.03640000e-06 -3.58738466e-01  8.92897651e-01  7.20000000e-01  1.08000000e+00  6.32603524e-01 
 2.04140000e-06 -3.58738466e-01  8.92897651e-01  7.20000000e-01  1.08000000e+00  6.32603524e-01 
 2.04640000e-06 -3.58738466e-01  8.92897651e-01  7.20000000e-01  1.08000000e+00  6.32603524e-01 
 2.05140000e-06 -3.58738466e-01  8.92897651e-01  7.20000000e-01  1.08000000e+00  6.32603524e-01 
 2.05640000e-06 -3.58738466e-01  8.92897651e-01  7.20000000e-01  1.08000000e+00  6.32603524e-01 
 2.06140000e-06 -3.58738466e-01  8.92897651e-01  7.20000000e-01  1.08000000e+00  6.32603524e-01 
 2.06640000e-06 -3.58738466e-01  8.92897651e-01  7.20000000e-01  1.08000000e+00  6.32603524e-01 
 2.07140000e-06 -3.58738466e-01  8.92897651e-01  7.20000000e-01  1.08000000e+00  6.32603524e-01 
 2.07640000e-06 -3.58738466e-01  8.92897651e-01  7.20000000e-01  1.08000000e+00  6.32603524e-01 
 2.08140000e-06 -3.58738466e-01  8.92897651e-01  7.20000000e-01  1.08000000e+00  6.32603524e-01 
 2.08640000e-06 -3.58738466e-01  8.92897651e-01  7.20000000e-01  1.08000000e+00  6.32603524e-01 
 2.09140000e-06 -3.58738466e-01  8.92897651e-01  7.20000000e-01  1.08000000e+00  6.32603524e-01 
 2.09640000e-06 -3.58738466e-01  8.92897651e-01  7.20000000e-01  1.08000000e+00  6.32603524e-01 
 2.10140000e-06 -3.58738466e-01  8.92897651e-01  7.20000000e-01  1.08000000e+00  6.32603524e-01 
 2.10640000e-06 -3.58738466e-01  8.92897651e-01  7.20000000e-01  1.08000000e+00  6.32603524e-01 
 2.11140000e-06 -3.58738466e-01  8.92897651e-01  7.20000000e-01  1.08000000e+00  6.32603524e-01 
 2.11640000e-06 -3.58738466e-01  8.92897651e-01  7.20000000e-01  1.08000000e+00  6.32603524e-01 
 2.12140000e-06 -3.58738466e-01  8.92897651e-01  7.20000000e-01  1.08000000e+00  6.32603524e-01 
 2.12640000e-06 -3.58738466e-01  8.92897651e-01  7.20000000e-01  1.08000000e+00  6.32603524e-01 
 2.13140000e-06 -3.58738466e-01  8.92897651e-01  7.20000000e-01  1.08000000e+00  6.32603524e-01 
 2.13640000e-06 -3.58738466e-01  8.92897651e-01  7.20000000e-01  1.08000000e+00  6.32603524e-01 
 2.14140000e-06 -3.58738466e-01  8.92897651e-01  7.20000000e-01  1.08000000e+00  6.32603524e-01 
 2.14640000e-06 -3.58738466e-01  8.92897651e-01  7.20000000e-01  1.08000000e+00  6.32603524e-01 
 2.15140000e-06 -3.58738466e-01  8.92897651e-01  7.20000000e-01  1.08000000e+00  6.32603524e-01 
 2.15640000e-06 -3.58738466e-01  8.92897651e-01  7.20000000e-01  1.08000000e+00  6.32603524e-01 
 2.16140000e-06 -3.58738466e-01  8.92897651e-01  7.20000000e-01  1.08000000e+00  6.32603524e-01 
 2.16640000e-06 -3.58738466e-01  8.92897651e-01  7.20000000e-01  1.08000000e+00  6.32603524e-01 
 2.17140000e-06 -3.58738466e-01  8.92897651e-01  7.20000000e-01  1.08000000e+00  6.32603524e-01 
 2.17640000e-06 -3.58738466e-01  8.92897651e-01  7.20000000e-01  1.08000000e+00  6.32603524e-01 
 2.18140000e-06 -3.58738466e-01  8.92897651e-01  7.20000000e-01  1.08000000e+00  6.32603524e-01 
 2.18640000e-06 -3.58738466e-01  8.92897651e-01  7.20000000e-01  1.08000000e+00  6.32603524e-01 
 2.19140000e-06 -3.58738466e-01  8.92897651e-01  7.20000000e-01  1.08000000e+00  6.32603524e-01 
 2.19640000e-06 -3.58738466e-01  8.92897651e-01  7.20000000e-01  1.08000000e+00  6.32603524e-01 
 2.20140000e-06 -3.58738466e-01  8.92897651e-01  7.20000000e-01  1.08000000e+00  6.32603524e-01 
 2.20640000e-06 -3.58738466e-01  8.92897651e-01  7.20000000e-01  1.08000000e+00  6.32603524e-01 
 2.21140000e-06 -3.58738466e-01  8.92897651e-01  7.20000000e-01  1.08000000e+00  6.32603524e-01 
 2.21640000e-06 -3.58738466e-01  8.92897651e-01  7.20000000e-01  1.08000000e+00  6.32603524e-01 
 2.22140000e-06 -3.58738466e-01  8.92897651e-01  7.20000000e-01  1.08000000e+00  6.32603524e-01 
 2.22640000e-06 -3.58738466e-01  8.92897651e-01  7.20000000e-01  1.08000000e+00  6.32603524e-01 
 2.23140000e-06 -3.58738466e-01  8.92897651e-01  7.20000000e-01  1.08000000e+00  6.32603524e-01 
 2.23640000e-06 -3.58738466e-01  8.92897651e-01  7.20000000e-01  1.08000000e+00  6.32603524e-01 
 2.24140000e-06 -3.58738466e-01  8.92897651e-01  7.20000000e-01  1.08000000e+00  6.32603524e-01 
 2.24640000e-06 -3.58738466e-01  8.92897651e-01  7.20000000e-01  1.08000000e+00  6.32603524e-01 
 2.25140000e-06 -3.58738466e-01  8.92897651e-01  7.20000000e-01  1.08000000e+00  6.32603524e-01 
 2.25640000e-06 -3.58738466e-01  8.92897651e-01  7.20000000e-01  1.08000000e+00  6.32603524e-01 
 2.26140000e-06 -3.58738466e-01  8.92897651e-01  7.20000000e-01  1.08000000e+00  6.32603524e-01 
 2.26640000e-06 -3.58738466e-01  8.92897651e-01  7.20000000e-01  1.08000000e+00  6.32603524e-01 
 2.27140000e-06 -3.58738466e-01  8.92897651e-01  7.20000000e-01  1.08000000e+00  6.32603524e-01 
 2.27640000e-06 -3.58738466e-01  8.92897651e-01  7.20000000e-01  1.08000000e+00  6.32603524e-01 
 2.28140000e-06 -3.58738466e-01  8.92897651e-01  7.20000000e-01  1.08000000e+00  6.32603524e-01 
 2.28640000e-06 -3.58738466e-01  8.92897651e-01  7.20000000e-01  1.08000000e+00  6.32603524e-01 
 2.29140000e-06 -3.58738466e-01  8.92897651e-01  7.20000000e-01  1.08000000e+00  6.32603524e-01 
 2.29640000e-06 -3.58738466e-01  8.92897651e-01  7.20000000e-01  1.08000000e+00  6.32603524e-01 
 2.30140000e-06 -3.58738466e-01  8.92897651e-01  7.20000000e-01  1.08000000e+00  6.32603524e-01 
 2.30640000e-06 -3.58738466e-01  8.92897651e-01  7.20000000e-01  1.08000000e+00  6.32603524e-01 
 2.31140000e-06 -3.58738466e-01  8.92897651e-01  7.20000000e-01  1.08000000e+00  6.32603524e-01 
 2.31640000e-06 -3.58738466e-01  8.92897651e-01  7.20000000e-01  1.08000000e+00  6.32603524e-01 
 2.32140000e-06 -3.58738466e-01  8.92897651e-01  7.20000000e-01  1.08000000e+00  6.32603524e-01 
 2.32640000e-06 -3.58738466e-01  8.92897651e-01  7.20000000e-01  1.08000000e+00  6.32603524e-01 
 2.33140000e-06 -3.58738466e-01  8.92897651e-01  7.20000000e-01  1.08000000e+00  6.32603524e-01 
 2.33640000e-06 -3.58738466e-01  8.92897651e-01  7.20000000e-01  1.08000000e+00  6.32603524e-01 
 2.34140000e-06 -3.58738466e-01  8.92897651e-01  7.20000000e-01  1.08000000e+00  6.32603524e-01 
 2.34640000e-06 -3.58738466e-01  8.92897651e-01  7.20000000e-01  1.08000000e+00  6.32603524e-01 
 2.35140000e-06 -3.58738466e-01  8.92897651e-01  7.20000000e-01  1.08000000e+00  6.32603524e-01 
 2.35640000e-06 -3.58738466e-01  8.92897651e-01  7.20000000e-01  1.08000000e+00  6.32603524e-01 
 2.36140000e-06 -3.58738466e-01  8.92897651e-01  7.20000000e-01  1.08000000e+00  6.32603524e-01 
 2.36640000e-06 -3.58738466e-01  8.92897651e-01  7.20000000e-01  1.08000000e+00  6.32603524e-01 
 2.37140000e-06 -3.58738466e-01  8.92897651e-01  7.20000000e-01  1.08000000e+00  6.32603524e-01 
 2.37640000e-06 -3.58738466e-01  8.92897651e-01  7.20000000e-01  1.08000000e+00  6.32603524e-01 
 2.38140000e-06 -3.58738466e-01  8.92897651e-01  7.20000000e-01  1.08000000e+00  6.32603524e-01 
 2.38640000e-06 -3.58738466e-01  8.92897651e-01  7.20000000e-01  1.08000000e+00  6.32603524e-01 
 2.39140000e-06 -3.58738466e-01  8.92897651e-01  7.20000000e-01  1.08000000e+00  6.32603524e-01 
 2.39640000e-06 -3.58738466e-01  8.92897651e-01  7.20000000e-01  1.08000000e+00  6.32603524e-01 
 2.40140000e-06 -3.58738466e-01  8.92897651e-01  7.20000000e-01  1.08000000e+00  6.32603524e-01 
 2.40640000e-06 -3.58738466e-01  8.92897651e-01  7.20000000e-01  1.08000000e+00  6.32603524e-01 
 2.41140000e-06 -3.58738466e-01  8.92897651e-01  7.20000000e-01  1.08000000e+00  6.32603524e-01 
 2.41640000e-06 -3.58738466e-01  8.92897651e-01  7.20000000e-01  1.08000000e+00  6.32603524e-01 
 2.42140000e-06 -3.58738466e-01  8.92897651e-01  7.20000000e-01  1.08000000e+00  6.32603524e-01 
 2.42640000e-06 -3.58738466e-01  8.92897651e-01  7.20000000e-01  1.08000000e+00  6.32603524e-01 
 2.43140000e-06 -3.58738466e-01  8.92897651e-01  7.20000000e-01  1.08000000e+00  6.32603524e-01 
 2.43640000e-06 -3.58738466e-01  8.92897651e-01  7.20000000e-01  1.08000000e+00  6.32603524e-01 
 2.44140000e-06 -3.58738466e-01  8.92897651e-01  7.20000000e-01  1.08000000e+00  6.32603524e-01 
 2.44640000e-06 -3.58738466e-01  8.92897651e-01  7.20000000e-01  1.08000000e+00  6.32603524e-01 
 2.45140000e-06 -3.58738466e-01  8.92897651e-01  7.20000000e-01  1.08000000e+00  6.32603524e-01 
 2.45640000e-06 -3.58738466e-01  8.92897651e-01  7.20000000e-01  1.08000000e+00  6.32603524e-01 
 2.46140000e-06 -3.58738466e-01  8.92897651e-01  7.20000000e-01  1.08000000e+00  6.32603524e-01 
 2.46640000e-06 -3.58738466e-01  8.92897651e-01  7.20000000e-01  1.08000000e+00  6.32603524e-01 
 2.47140000e-06 -3.58738466e-01  8.92897651e-01  7.20000000e-01  1.08000000e+00  6.32603524e-01 
 2.47640000e-06 -3.58738466e-01  8.92897651e-01  7.20000000e-01  1.08000000e+00  6.32603524e-01 
 2.48140000e-06 -3.58738466e-01  8.92897651e-01  7.20000000e-01  1.08000000e+00  6.32603524e-01 
 2.48640000e-06 -3.58738466e-01  8.92897651e-01  7.20000000e-01  1.08000000e+00  6.32603524e-01 
 2.49140000e-06 -3.58738466e-01  8.92897651e-01  7.20000000e-01  1.08000000e+00  6.32603524e-01 
 2.49640000e-06 -3.58738466e-01  8.92897651e-01  7.20000000e-01  1.08000000e+00  6.32603524e-01 
 2.50140000e-06 -3.58738466e-01  8.92897651e-01  7.20000000e-01  1.08000000e+00  6.32603524e-01 
 2.50640000e-06 -3.58738466e-01  8.92897651e-01  7.20000000e-01  1.08000000e+00  6.32603524e-01 
 2.51140000e-06 -3.58738466e-01  8.92897651e-01  7.20000000e-01  1.08000000e+00  6.32603524e-01 
 2.51640000e-06 -3.58738466e-01  8.92897651e-01  7.20000000e-01  1.08000000e+00  6.32603524e-01 
 2.52140000e-06 -3.58738466e-01  8.92897651e-01  7.20000000e-01  1.08000000e+00  6.32603524e-01 
 2.52640000e-06 -3.58738466e-01  8.92897651e-01  7.20000000e-01  1.08000000e+00  6.32603524e-01 
 2.53140000e-06 -3.58738466e-01  8.92897651e-01  7.20000000e-01  1.08000000e+00  6.32603524e-01 
 2.53640000e-06 -3.58738466e-01  8.92897651e-01  7.20000000e-01  1.08000000e+00  6.32603524e-01 
 2.54140000e-06 -3.58738466e-01  8.92897651e-01  7.20000000e-01  1.08000000e+00  6.32603524e-01 
 2.54640000e-06 -3.58738466e-01  8.92897651e-01  7.20000000e-01  1.08000000e+00  6.32603524e-01 
 2.55140000e-06 -3.58738466e-01  8.92897651e-01  7.20000000e-01  1.08000000e+00  6.32603524e-01 
 2.55640000e-06 -3.58738466e-01  8.92897651e-01  7.20000000e-01  1.08000000e+00  6.32603524e-01 
 2.56140000e-06 -3.58738466e-01  8.92897651e-01  7.20000000e-01  1.08000000e+00  6.32603524e-01 
 2.56640000e-06 -3.58738466e-01  8.92897651e-01  7.20000000e-01  1.08000000e+00  6.32603524e-01 
 2.57140000e-06 -3.58738466e-01  8.92897651e-01  7.20000000e-01  1.08000000e+00  6.32603524e-01 
 2.57640000e-06 -3.58738466e-01  8.92897651e-01  7.20000000e-01  1.08000000e+00  6.32603524e-01 
 2.58140000e-06 -3.58738466e-01  8.92897651e-01  7.20000000e-01  1.08000000e+00  6.32603524e-01 
 2.58640000e-06 -3.58738466e-01  8.92897651e-01  7.20000000e-01  1.08000000e+00  6.32603524e-01 
 2.59140000e-06 -3.58738466e-01  8.92897651e-01  7.20000000e-01  1.08000000e+00  6.32603524e-01 
 2.59640000e-06 -3.58738466e-01  8.92897651e-01  7.20000000e-01  1.08000000e+00  6.32603524e-01 
 2.60140000e-06 -3.58738466e-01  8.92897651e-01  7.20000000e-01  1.08000000e+00  6.32603524e-01 
 2.60640000e-06 -3.58738466e-01  8.92897651e-01  7.20000000e-01  1.08000000e+00  6.32603524e-01 
 2.61140000e-06 -3.58738466e-01  8.92897651e-01  7.20000000e-01  1.08000000e+00  6.32603524e-01 
 2.61640000e-06 -3.58738466e-01  8.92897651e-01  7.20000000e-01  1.08000000e+00  6.32603524e-01 
 2.62140000e-06 -3.58738466e-01  8.92897651e-01  7.20000000e-01  1.08000000e+00  6.32603524e-01 
 2.62640000e-06 -3.58738466e-01  8.92897651e-01  7.20000000e-01  1.08000000e+00  6.32603524e-01 
 2.63140000e-06 -3.58738466e-01  8.92897651e-01  7.20000000e-01  1.08000000e+00  6.32603524e-01 
 2.63640000e-06 -3.58738466e-01  8.92897651e-01  7.20000000e-01  1.08000000e+00  6.32603524e-01 
 2.64140000e-06 -3.58738466e-01  8.92897651e-01  7.20000000e-01  1.08000000e+00  6.32603524e-01 
 2.64640000e-06 -3.58738466e-01  8.92897651e-01  7.20000000e-01  1.08000000e+00  6.32603524e-01 
 2.65140000e-06 -3.58738466e-01  8.92897651e-01  7.20000000e-01  1.08000000e+00  6.32603524e-01 
 2.65640000e-06 -3.58738466e-01  8.92897651e-01  7.20000000e-01  1.08000000e+00  6.32603524e-01 
 2.66140000e-06 -3.58738466e-01  8.92897651e-01  7.20000000e-01  1.08000000e+00  6.32603524e-01 
 2.66640000e-06 -3.58738466e-01  8.92897651e-01  7.20000000e-01  1.08000000e+00  6.32603524e-01 
 2.67140000e-06 -3.58738466e-01  8.92897651e-01  7.20000000e-01  1.08000000e+00  6.32603524e-01 
 2.67640000e-06 -3.58738466e-01  8.92897651e-01  7.20000000e-01  1.08000000e+00  6.32603524e-01 
 2.68140000e-06 -3.58738466e-01  8.92897651e-01  7.20000000e-01  1.08000000e+00  6.32603524e-01 
 2.68640000e-06 -3.58738466e-01  8.92897651e-01  7.20000000e-01  1.08000000e+00  6.32603524e-01 
 2.69140000e-06 -3.58738466e-01  8.92897651e-01  7.20000000e-01  1.08000000e+00  6.32603524e-01 
 2.69640000e-06 -3.58738466e-01  8.92897651e-01  7.20000000e-01  1.08000000e+00  6.32603524e-01 
 2.70140000e-06 -3.58738466e-01  8.92897651e-01  7.20000000e-01  1.08000000e+00  6.32603524e-01 
 2.70640000e-06 -3.58738466e-01  8.92897651e-01  7.20000000e-01  1.08000000e+00  6.32603524e-01 
 2.71140000e-06 -3.58738466e-01  8.92897651e-01  7.20000000e-01  1.08000000e+00  6.32603524e-01 
 2.71640000e-06 -3.58738466e-01  8.92897651e-01  7.20000000e-01  1.08000000e+00  6.32603524e-01 
 2.72140000e-06 -3.58738466e-01  8.92897651e-01  7.20000000e-01  1.08000000e+00  6.32603524e-01 
 2.72640000e-06 -3.58738466e-01  8.92897651e-01  7.20000000e-01  1.08000000e+00  6.32603524e-01 
 2.73140000e-06 -3.58738466e-01  8.92897651e-01  7.20000000e-01  1.08000000e+00  6.32603524e-01 
 2.73640000e-06 -3.58738466e-01  8.92897651e-01  7.20000000e-01  1.08000000e+00  6.32603524e-01 
 2.74140000e-06 -3.58738466e-01  8.92897651e-01  7.20000000e-01  1.08000000e+00  6.32603524e-01 
 2.74640000e-06 -3.58738466e-01  8.92897651e-01  7.20000000e-01  1.08000000e+00  6.32603524e-01 
 2.75140000e-06 -3.58738466e-01  8.92897651e-01  7.20000000e-01  1.08000000e+00  6.32603524e-01 
 2.75640000e-06 -3.58738466e-01  8.92897651e-01  7.20000000e-01  1.08000000e+00  6.32603524e-01 
 2.76140000e-06 -3.58738466e-01  8.92897651e-01  7.20000000e-01  1.08000000e+00  6.32603524e-01 
 2.76640000e-06 -3.58738466e-01  8.92897651e-01  7.20000000e-01  1.08000000e+00  6.32603524e-01 
 2.77140000e-06 -3.58738466e-01  8.92897651e-01  7.20000000e-01  1.08000000e+00  6.32603524e-01 
 2.77640000e-06 -3.58738466e-01  8.92897651e-01  7.20000000e-01  1.08000000e+00  6.32603524e-01 
 2.78140000e-06 -3.58738466e-01  8.92897651e-01  7.20000000e-01  1.08000000e+00  6.32603524e-01 
 2.78640000e-06 -3.58738466e-01  8.92897651e-01  7.20000000e-01  1.08000000e+00  6.32603524e-01 
 2.79140000e-06 -3.58738466e-01  8.92897651e-01  7.20000000e-01  1.08000000e+00  6.32603524e-01 
 2.79640000e-06 -3.58738466e-01  8.92897651e-01  7.20000000e-01  1.08000000e+00  6.32603524e-01 
 2.80140000e-06 -3.58738466e-01  8.92897651e-01  7.20000000e-01  1.08000000e+00  6.32603524e-01 
 2.80640000e-06 -3.58738466e-01  8.92897651e-01  7.20000000e-01  1.08000000e+00  6.32603524e-01 
 2.81140000e-06 -3.58738466e-01  8.92897651e-01  7.20000000e-01  1.08000000e+00  6.32603524e-01 
 2.81640000e-06 -3.58738466e-01  8.92897651e-01  7.20000000e-01  1.08000000e+00  6.32603524e-01 
 2.82140000e-06 -3.58738466e-01  8.92897651e-01  7.20000000e-01  1.08000000e+00  6.32603524e-01 
 2.82640000e-06 -3.58738466e-01  8.92897651e-01  7.20000000e-01  1.08000000e+00  6.32603524e-01 
 2.83140000e-06 -3.58738466e-01  8.92897651e-01  7.20000000e-01  1.08000000e+00  6.32603524e-01 
 2.83640000e-06 -3.58738466e-01  8.92897651e-01  7.20000000e-01  1.08000000e+00  6.32603524e-01 
 2.84140000e-06 -3.58738466e-01  8.92897651e-01  7.20000000e-01  1.08000000e+00  6.32603524e-01 
 2.84640000e-06 -3.58738466e-01  8.92897651e-01  7.20000000e-01  1.08000000e+00  6.32603524e-01 
 2.85140000e-06 -3.58738466e-01  8.92897651e-01  7.20000000e-01  1.08000000e+00  6.32603524e-01 
 2.85640000e-06 -3.58738466e-01  8.92897651e-01  7.20000000e-01  1.08000000e+00  6.32603524e-01 
 2.86140000e-06 -3.58738466e-01  8.92897651e-01  7.20000000e-01  1.08000000e+00  6.32603524e-01 
 2.86640000e-06 -3.58738466e-01  8.92897651e-01  7.20000000e-01  1.08000000e+00  6.32603524e-01 
 2.87140000e-06 -3.58738466e-01  8.92897651e-01  7.20000000e-01  1.08000000e+00  6.32603524e-01 
 2.87640000e-06 -3.58738466e-01  8.92897651e-01  7.20000000e-01  1.08000000e+00  6.32603524e-01 
 2.88140000e-06 -3.58738466e-01  8.92897651e-01  7.20000000e-01  1.08000000e+00  6.32603524e-01 
 2.88640000e-06 -3.58738466e-01  8.92897651e-01  7.20000000e-01  1.08000000e+00  6.32603524e-01 
 2.89140000e-06 -3.58738466e-01  8.92897651e-01  7.20000000e-01  1.08000000e+00  6.32603524e-01 
 2.89640000e-06 -3.58738466e-01  8.92897651e-01  7.20000000e-01  1.08000000e+00  6.32603524e-01 
 2.90140000e-06 -3.58738466e-01  8.92897651e-01  7.20000000e-01  1.08000000e+00  6.32603524e-01 
 2.90640000e-06 -3.58738466e-01  8.92897651e-01  7.20000000e-01  1.08000000e+00  6.32603524e-01 
 2.91140000e-06 -3.58738466e-01  8.92897651e-01  7.20000000e-01  1.08000000e+00  6.32603524e-01 
 2.91640000e-06 -3.58738466e-01  8.92897651e-01  7.20000000e-01  1.08000000e+00  6.32603524e-01 
 2.92140000e-06 -3.58738466e-01  8.92897651e-01  7.20000000e-01  1.08000000e+00  6.32603524e-01 
 2.92640000e-06 -3.58738466e-01  8.92897651e-01  7.20000000e-01  1.08000000e+00  6.32603524e-01 
 2.93140000e-06 -3.58738466e-01  8.92897651e-01  7.20000000e-01  1.08000000e+00  6.32603524e-01 
 2.93640000e-06 -3.58738466e-01  8.92897651e-01  7.20000000e-01  1.08000000e+00  6.32603524e-01 
 2.94140000e-06 -3.58738466e-01  8.92897651e-01  7.20000000e-01  1.08000000e+00  6.32603524e-01 
 2.94640000e-06 -3.58738466e-01  8.92897651e-01  7.20000000e-01  1.08000000e+00  6.32603524e-01 
 2.95140000e-06 -3.58738466e-01  8.92897651e-01  7.20000000e-01  1.08000000e+00  6.32603524e-01 
 2.95640000e-06 -3.58738466e-01  8.92897651e-01  7.20000000e-01  1.08000000e+00  6.32603524e-01 
 2.96140000e-06 -3.58738466e-01  8.92897651e-01  7.20000000e-01  1.08000000e+00  6.32603524e-01 
 2.96640000e-06 -3.58738466e-01  8.92897651e-01  7.20000000e-01  1.08000000e+00  6.32603524e-01 
 2.97140000e-06 -3.58738466e-01  8.92897651e-01  7.20000000e-01  1.08000000e+00  6.32603524e-01 
 2.97640000e-06 -3.58738466e-01  8.92897651e-01  7.20000000e-01  1.08000000e+00  6.32603524e-01 
 2.98140000e-06 -3.58738466e-01  8.92897651e-01  7.20000000e-01  1.08000000e+00  6.32603524e-01 
 2.98640000e-06 -3.58738466e-01  8.92897651e-01  7.20000000e-01  1.08000000e+00  6.32603524e-01 
 2.99140000e-06 -3.58738466e-01  8.92897651e-01  7.20000000e-01  1.08000000e+00  6.32603524e-01 
 2.99640000e-06 -3.58738466e-01  8.92897651e-01  7.20000000e-01  1.08000000e+00  6.32603524e-01 
 3.00140000e-06 -3.58738466e-01  8.92897651e-01  7.20000000e-01  1.08000000e+00  6.32603524e-01 
 3.00640000e-06 -3.58738466e-01  8.92897651e-01  7.20000000e-01  1.08000000e+00  6.32603524e-01 
 3.01140000e-06 -3.58738466e-01  8.92897651e-01  7.20000000e-01  1.08000000e+00  6.32603524e-01 
 3.01640000e-06 -3.58738466e-01  8.92897651e-01  7.20000000e-01  1.08000000e+00  6.32603524e-01 
 3.02140000e-06 -3.58738466e-01  8.92897651e-01  7.20000000e-01  1.08000000e+00  6.32603524e-01 
 3.02640000e-06 -3.58738466e-01  8.92897651e-01  7.20000000e-01  1.08000000e+00  6.32603524e-01 
 3.03140000e-06 -3.58738466e-01  8.92897651e-01  7.20000000e-01  1.08000000e+00  6.32603524e-01 
 3.03640000e-06 -3.58738466e-01  8.92897651e-01  7.20000000e-01  1.08000000e+00  6.32603524e-01 
 3.04140000e-06 -3.58738466e-01  8.92897651e-01  7.20000000e-01  1.08000000e+00  6.32603524e-01 
 3.04640000e-06 -3.58738466e-01  8.92897651e-01  7.20000000e-01  1.08000000e+00  6.32603524e-01 
 3.05140000e-06 -3.58738466e-01  8.92897651e-01  7.20000000e-01  1.08000000e+00  6.32603524e-01 
 3.05640000e-06 -3.58738466e-01  8.92897651e-01  7.20000000e-01  1.08000000e+00  6.32603524e-01 
 3.06140000e-06 -3.58738466e-01  8.92897651e-01  7.20000000e-01  1.08000000e+00  6.32603524e-01 
 3.06640000e-06 -3.58738466e-01  8.92897651e-01  7.20000000e-01  1.08000000e+00  6.32603524e-01 
 3.07140000e-06 -3.58738466e-01  8.92897651e-01  7.20000000e-01  1.08000000e+00  6.32603524e-01 
 3.07640000e-06 -3.58738466e-01  8.92897651e-01  7.20000000e-01  1.08000000e+00  6.32603524e-01 
 3.08140000e-06 -3.58738466e-01  8.92897651e-01  7.20000000e-01  1.08000000e+00  6.32603524e-01 
 3.08640000e-06 -3.58738466e-01  8.92897651e-01  7.20000000e-01  1.08000000e+00  6.32603524e-01 
 3.09140000e-06 -3.58738466e-01  8.92897651e-01  7.20000000e-01  1.08000000e+00  6.32603524e-01 
 3.09640000e-06 -3.58738466e-01  8.92897651e-01  7.20000000e-01  1.08000000e+00  6.32603524e-01 
 3.10140000e-06 -3.58738466e-01  8.92897651e-01  7.20000000e-01  1.08000000e+00  6.32603524e-01 
 3.10640000e-06 -3.58738466e-01  8.92897651e-01  7.20000000e-01  1.08000000e+00  6.32603524e-01 
 3.11140000e-06 -3.58738466e-01  8.92897651e-01  7.20000000e-01  1.08000000e+00  6.32603524e-01 
 3.11640000e-06 -3.58738466e-01  8.92897651e-01  7.20000000e-01  1.08000000e+00  6.32603524e-01 
 3.12140000e-06 -3.58738466e-01  8.92897651e-01  7.20000000e-01  1.08000000e+00  6.32603524e-01 
 3.12640000e-06 -3.58738466e-01  8.92897651e-01  7.20000000e-01  1.08000000e+00  6.32603524e-01 
 3.13140000e-06 -3.58738466e-01  8.92897651e-01  7.20000000e-01  1.08000000e+00  6.32603524e-01 
 3.13640000e-06 -3.58738466e-01  8.92897651e-01  7.20000000e-01  1.08000000e+00  6.32603524e-01 
 3.14140000e-06 -3.58738466e-01  8.92897651e-01  7.20000000e-01  1.08000000e+00  6.32603524e-01 
 3.14640000e-06 -3.58738466e-01  8.92897651e-01  7.20000000e-01  1.08000000e+00  6.32603524e-01 
 3.15140000e-06 -3.58738466e-01  8.92897651e-01  7.20000000e-01  1.08000000e+00  6.32603524e-01 
 3.15640000e-06 -3.58738466e-01  8.92897651e-01  7.20000000e-01  1.08000000e+00  6.32603524e-01 
 3.16140000e-06 -3.58738466e-01  8.92897651e-01  7.20000000e-01  1.08000000e+00  6.32603524e-01 
 3.16640000e-06 -3.58738466e-01  8.92897651e-01  7.20000000e-01  1.08000000e+00  6.32603524e-01 
 3.17140000e-06 -3.58738466e-01  8.92897651e-01  7.20000000e-01  1.08000000e+00  6.32603524e-01 
 3.17640000e-06 -3.58738466e-01  8.92897651e-01  7.20000000e-01  1.08000000e+00  6.32603524e-01 
 3.18140000e-06 -3.58738466e-01  8.92897651e-01  7.20000000e-01  1.08000000e+00  6.32603524e-01 
 3.18640000e-06 -3.58738466e-01  8.92897651e-01  7.20000000e-01  1.08000000e+00  6.32603524e-01 
 3.19140000e-06 -3.58738466e-01  8.92897651e-01  7.20000000e-01  1.08000000e+00  6.32603524e-01 
 3.19640000e-06 -3.58738466e-01  8.92897651e-01  7.20000000e-01  1.08000000e+00  6.32603524e-01 
 3.20140000e-06 -3.58738466e-01  8.92897651e-01  7.20000000e-01  1.08000000e+00  6.32603524e-01 
 3.20640000e-06 -3.58738466e-01  8.92897651e-01  7.20000000e-01  1.08000000e+00  6.32603524e-01 
 3.21140000e-06 -3.58738466e-01  8.92897651e-01  7.20000000e-01  1.08000000e+00  6.32603524e-01 
 3.21640000e-06 -3.58738466e-01  8.92897651e-01  7.20000000e-01  1.08000000e+00  6.32603524e-01 
 3.22140000e-06 -3.58738466e-01  8.92897651e-01  7.20000000e-01  1.08000000e+00  6.32603524e-01 
 3.22640000e-06 -3.58738466e-01  8.92897651e-01  7.20000000e-01  1.08000000e+00  6.32603524e-01 
 3.23140000e-06 -3.58738466e-01  8.92897651e-01  7.20000000e-01  1.08000000e+00  6.32603524e-01 
 3.23640000e-06 -3.58738466e-01  8.92897651e-01  7.20000000e-01  1.08000000e+00  6.32603524e-01 
 3.24140000e-06 -3.58738466e-01  8.92897651e-01  7.20000000e-01  1.08000000e+00  6.32603524e-01 
 3.24640000e-06 -3.58738466e-01  8.92897651e-01  7.20000000e-01  1.08000000e+00  6.32603524e-01 
 3.25140000e-06 -3.58738466e-01  8.92897651e-01  7.20000000e-01  1.08000000e+00  6.32603524e-01 
 3.25640000e-06 -3.58738466e-01  8.92897651e-01  7.20000000e-01  1.08000000e+00  6.32603524e-01 
 3.26140000e-06 -3.58738466e-01  8.92897651e-01  7.20000000e-01  1.08000000e+00  6.32603524e-01 
 3.26640000e-06 -3.58738466e-01  8.92897651e-01  7.20000000e-01  1.08000000e+00  6.32603524e-01 
 3.27140000e-06 -3.58738466e-01  8.92897651e-01  7.20000000e-01  1.08000000e+00  6.32603524e-01 
 3.27640000e-06 -3.58738466e-01  8.92897651e-01  7.20000000e-01  1.08000000e+00  6.32603524e-01 
 3.28140000e-06 -3.58738466e-01  8.92897651e-01  7.20000000e-01  1.08000000e+00  6.32603524e-01 
 3.28640000e-06 -3.58738466e-01  8.92897651e-01  7.20000000e-01  1.08000000e+00  6.32603524e-01 
 3.29140000e-06 -3.58738466e-01  8.92897651e-01  7.20000000e-01  1.08000000e+00  6.32603524e-01 
 3.29640000e-06 -3.58738466e-01  8.92897651e-01  7.20000000e-01  1.08000000e+00  6.32603524e-01 
 3.30140000e-06 -3.58738466e-01  8.92897651e-01  7.20000000e-01  1.08000000e+00  6.32603524e-01 
 3.30640000e-06 -3.58738466e-01  8.92897651e-01  7.20000000e-01  1.08000000e+00  6.32603524e-01 
 3.31140000e-06 -3.58738466e-01  8.92897651e-01  7.20000000e-01  1.08000000e+00  6.32603524e-01 
 3.31640000e-06 -3.58738466e-01  8.92897651e-01  7.20000000e-01  1.08000000e+00  6.32603524e-01 
 3.32140000e-06 -3.58738466e-01  8.92897651e-01  7.20000000e-01  1.08000000e+00  6.32603524e-01 
 3.32640000e-06 -3.58738466e-01  8.92897651e-01  7.20000000e-01  1.08000000e+00  6.32603524e-01 
 3.33140000e-06 -3.58738466e-01  8.92897651e-01  7.20000000e-01  1.08000000e+00  6.32603524e-01 
 3.33640000e-06 -3.58738466e-01  8.92897651e-01  7.20000000e-01  1.08000000e+00  6.32603524e-01 
 3.34140000e-06 -3.58738466e-01  8.92897651e-01  7.20000000e-01  1.08000000e+00  6.32603524e-01 
 3.34640000e-06 -3.58738466e-01  8.92897651e-01  7.20000000e-01  1.08000000e+00  6.32603524e-01 
 3.35140000e-06 -3.58738466e-01  8.92897651e-01  7.20000000e-01  1.08000000e+00  6.32603524e-01 
 3.35640000e-06 -3.58738466e-01  8.92897651e-01  7.20000000e-01  1.08000000e+00  6.32603524e-01 
 3.36140000e-06 -3.58738466e-01  8.92897651e-01  7.20000000e-01  1.08000000e+00  6.32603524e-01 
 3.36640000e-06 -3.58738466e-01  8.92897651e-01  7.20000000e-01  1.08000000e+00  6.32603524e-01 
 3.37140000e-06 -3.58738466e-01  8.92897651e-01  7.20000000e-01  1.08000000e+00  6.32603524e-01 
 3.37640000e-06 -3.58738466e-01  8.92897651e-01  7.20000000e-01  1.08000000e+00  6.32603524e-01 
 3.38140000e-06 -3.58738466e-01  8.92897651e-01  7.20000000e-01  1.08000000e+00  6.32603524e-01 
 3.38640000e-06 -3.58738466e-01  8.92897651e-01  7.20000000e-01  1.08000000e+00  6.32603524e-01 
 3.39140000e-06 -3.58738466e-01  8.92897651e-01  7.20000000e-01  1.08000000e+00  6.32603524e-01 
 3.39640000e-06 -3.58738466e-01  8.92897651e-01  7.20000000e-01  1.08000000e+00  6.32603524e-01 
 3.40140000e-06 -3.58738466e-01  8.92897651e-01  7.20000000e-01  1.08000000e+00  6.32603524e-01 
 3.40640000e-06 -3.58738466e-01  8.92897651e-01  7.20000000e-01  1.08000000e+00  6.32603524e-01 
 3.41140000e-06 -3.58738466e-01  8.92897651e-01  7.20000000e-01  1.08000000e+00  6.32603524e-01 
 3.41640000e-06 -3.58738466e-01  8.92897651e-01  7.20000000e-01  1.08000000e+00  6.32603524e-01 
 3.42140000e-06 -3.58738466e-01  8.92897651e-01  7.20000000e-01  1.08000000e+00  6.32603524e-01 
 3.42640000e-06 -3.58738466e-01  8.92897651e-01  7.20000000e-01  1.08000000e+00  6.32603524e-01 
 3.43140000e-06 -3.58738466e-01  8.92897651e-01  7.20000000e-01  1.08000000e+00  6.32603524e-01 
 3.43640000e-06 -3.58738466e-01  8.92897651e-01  7.20000000e-01  1.08000000e+00  6.32603524e-01 
 3.44140000e-06 -3.58738466e-01  8.92897651e-01  7.20000000e-01  1.08000000e+00  6.32603524e-01 
 3.44640000e-06 -3.58738466e-01  8.92897651e-01  7.20000000e-01  1.08000000e+00  6.32603524e-01 
 3.45140000e-06 -3.58738466e-01  8.92897651e-01  7.20000000e-01  1.08000000e+00  6.32603524e-01 
 3.45640000e-06 -3.58738466e-01  8.92897651e-01  7.20000000e-01  1.08000000e+00  6.32603524e-01 
 3.46140000e-06 -3.58738466e-01  8.92897651e-01  7.20000000e-01  1.08000000e+00  6.32603524e-01 
 3.46640000e-06 -3.58738466e-01  8.92897651e-01  7.20000000e-01  1.08000000e+00  6.32603524e-01 
 3.47140000e-06 -3.58738466e-01  8.92897651e-01  7.20000000e-01  1.08000000e+00  6.32603524e-01 
 3.47640000e-06 -3.58738466e-01  8.92897651e-01  7.20000000e-01  1.08000000e+00  6.32603524e-01 
 3.48140000e-06 -3.58738466e-01  8.92897651e-01  7.20000000e-01  1.08000000e+00  6.32603524e-01 
 3.48640000e-06 -3.58738466e-01  8.92897651e-01  7.20000000e-01  1.08000000e+00  6.32603524e-01 
 3.49140000e-06 -3.58738466e-01  8.92897651e-01  7.20000000e-01  1.08000000e+00  6.32603524e-01 
 3.49640000e-06 -3.58738466e-01  8.92897651e-01  7.20000000e-01  1.08000000e+00  6.32603524e-01 
 3.50140000e-06 -3.58738466e-01  8.92897651e-01  7.20000000e-01  1.08000000e+00  6.32603524e-01 
 3.50640000e-06 -3.58738466e-01  8.92897651e-01  7.20000000e-01  1.08000000e+00  6.32603524e-01 
 3.51140000e-06 -3.58738466e-01  8.92897651e-01  7.20000000e-01  1.08000000e+00  6.32603524e-01 
 3.51640000e-06 -3.58738466e-01  8.92897651e-01  7.20000000e-01  1.08000000e+00  6.32603524e-01 
 3.52140000e-06 -3.58738466e-01  8.92897651e-01  7.20000000e-01  1.08000000e+00  6.32603524e-01 
 3.52640000e-06 -3.58738466e-01  8.92897651e-01  7.20000000e-01  1.08000000e+00  6.32603524e-01 
 3.53140000e-06 -3.58738466e-01  8.92897651e-01  7.20000000e-01  1.08000000e+00  6.32603524e-01 
 3.53640000e-06 -3.58738466e-01  8.92897651e-01  7.20000000e-01  1.08000000e+00  6.32603524e-01 
 3.54140000e-06 -3.58738466e-01  8.92897651e-01  7.20000000e-01  1.08000000e+00  6.32603524e-01 
 3.54640000e-06 -3.58738466e-01  8.92897651e-01  7.20000000e-01  1.08000000e+00  6.32603524e-01 
 3.55140000e-06 -3.58738466e-01  8.92897651e-01  7.20000000e-01  1.08000000e+00  6.32603524e-01 
 3.55640000e-06 -3.58738466e-01  8.92897651e-01  7.20000000e-01  1.08000000e+00  6.32603524e-01 
 3.56140000e-06 -3.58738466e-01  8.92897651e-01  7.20000000e-01  1.08000000e+00  6.32603524e-01 
 3.56640000e-06 -3.58738466e-01  8.92897651e-01  7.20000000e-01  1.08000000e+00  6.32603524e-01 
 3.57140000e-06 -3.58738466e-01  8.92897651e-01  7.20000000e-01  1.08000000e+00  6.32603524e-01 
 3.57640000e-06 -3.58738466e-01  8.92897651e-01  7.20000000e-01  1.08000000e+00  6.32603524e-01 
 3.58140000e-06 -3.58738466e-01  8.92897651e-01  7.20000000e-01  1.08000000e+00  6.32603524e-01 
 3.58640000e-06 -3.58738466e-01  8.92897651e-01  7.20000000e-01  1.08000000e+00  6.32603524e-01 
 3.59140000e-06 -3.58738466e-01  8.92897651e-01  7.20000000e-01  1.08000000e+00  6.32603524e-01 
 3.59640000e-06 -3.58738466e-01  8.92897651e-01  7.20000000e-01  1.08000000e+00  6.32603524e-01 
 3.60140000e-06 -3.58738466e-01  8.92897651e-01  7.20000000e-01  1.08000000e+00  6.32603524e-01 
 3.60640000e-06 -3.58738466e-01  8.92897651e-01  7.20000000e-01  1.08000000e+00  6.32603524e-01 
 3.61140000e-06 -3.58738466e-01  8.92897651e-01  7.20000000e-01  1.08000000e+00  6.32603524e-01 
 3.61640000e-06 -3.58738466e-01  8.92897651e-01  7.20000000e-01  1.08000000e+00  6.32603524e-01 
 3.62140000e-06 -3.58738466e-01  8.92897651e-01  7.20000000e-01  1.08000000e+00  6.32603524e-01 
 3.62640000e-06 -3.58738466e-01  8.92897651e-01  7.20000000e-01  1.08000000e+00  6.32603524e-01 
 3.63140000e-06 -3.58738466e-01  8.92897651e-01  7.20000000e-01  1.08000000e+00  6.32603524e-01 
 3.63640000e-06 -3.58738466e-01  8.92897651e-01  7.20000000e-01  1.08000000e+00  6.32603524e-01 
 3.64140000e-06 -3.58738466e-01  8.92897651e-01  7.20000000e-01  1.08000000e+00  6.32603524e-01 
 3.64640000e-06 -3.58738466e-01  8.92897651e-01  7.20000000e-01  1.08000000e+00  6.32603524e-01 
 3.65140000e-06 -3.58738466e-01  8.92897651e-01  7.20000000e-01  1.08000000e+00  6.32603524e-01 
 3.65640000e-06 -3.58738466e-01  8.92897651e-01  7.20000000e-01  1.08000000e+00  6.32603524e-01 
 3.66140000e-06 -3.58738466e-01  8.92897651e-01  7.20000000e-01  1.08000000e+00  6.32603524e-01 
 3.66640000e-06 -3.58738466e-01  8.92897651e-01  7.20000000e-01  1.08000000e+00  6.32603524e-01 
 3.67140000e-06 -3.58738466e-01  8.92897651e-01  7.20000000e-01  1.08000000e+00  6.32603524e-01 
 3.67640000e-06 -3.58738466e-01  8.92897651e-01  7.20000000e-01  1.08000000e+00  6.32603524e-01 
 3.68140000e-06 -3.58738466e-01  8.92897651e-01  7.20000000e-01  1.08000000e+00  6.32603524e-01 
 3.68640000e-06 -3.58738466e-01  8.92897651e-01  7.20000000e-01  1.08000000e+00  6.32603524e-01 
 3.69140000e-06 -3.58738466e-01  8.92897651e-01  7.20000000e-01  1.08000000e+00  6.32603524e-01 
 3.69640000e-06 -3.58738466e-01  8.92897651e-01  7.20000000e-01  1.08000000e+00  6.32603524e-01 
 3.70140000e-06 -3.58738466e-01  8.92897651e-01  7.20000000e-01  1.08000000e+00  6.32603524e-01 
 3.70640000e-06 -3.58738466e-01  8.92897651e-01  7.20000000e-01  1.08000000e+00  6.32603524e-01 
 3.71140000e-06 -3.58738466e-01  8.92897651e-01  7.20000000e-01  1.08000000e+00  6.32603524e-01 
 3.71640000e-06 -3.58738466e-01  8.92897651e-01  7.20000000e-01  1.08000000e+00  6.32603524e-01 
 3.72140000e-06 -3.58738466e-01  8.92897651e-01  7.20000000e-01  1.08000000e+00  6.32603524e-01 
 3.72640000e-06 -3.58738466e-01  8.92897651e-01  7.20000000e-01  1.08000000e+00  6.32603524e-01 
 3.73140000e-06 -3.58738466e-01  8.92897651e-01  7.20000000e-01  1.08000000e+00  6.32603524e-01 
 3.73640000e-06 -3.58738466e-01  8.92897651e-01  7.20000000e-01  1.08000000e+00  6.32603524e-01 
 3.74140000e-06 -3.58738466e-01  8.92897651e-01  7.20000000e-01  1.08000000e+00  6.32603524e-01 
 3.74640000e-06 -3.58738466e-01  8.92897651e-01  7.20000000e-01  1.08000000e+00  6.32603524e-01 
 3.75140000e-06 -3.58738466e-01  8.92897651e-01  7.20000000e-01  1.08000000e+00  6.32603524e-01 
 3.75640000e-06 -3.58738466e-01  8.92897651e-01  7.20000000e-01  1.08000000e+00  6.32603524e-01 
 3.76140000e-06 -3.58738466e-01  8.92897651e-01  7.20000000e-01  1.08000000e+00  6.32603524e-01 
 3.76640000e-06 -3.58738466e-01  8.92897651e-01  7.20000000e-01  1.08000000e+00  6.32603524e-01 
 3.77140000e-06 -3.58738466e-01  8.92897651e-01  7.20000000e-01  1.08000000e+00  6.32603524e-01 
 3.77640000e-06 -3.58738466e-01  8.92897651e-01  7.20000000e-01  1.08000000e+00  6.32603524e-01 
 3.78140000e-06 -3.58738466e-01  8.92897651e-01  7.20000000e-01  1.08000000e+00  6.32603524e-01 
 3.78640000e-06 -3.58738466e-01  8.92897651e-01  7.20000000e-01  1.08000000e+00  6.32603524e-01 
 3.79140000e-06 -3.58738466e-01  8.92897651e-01  7.20000000e-01  1.08000000e+00  6.32603524e-01 
 3.79640000e-06 -3.58738466e-01  8.92897651e-01  7.20000000e-01  1.08000000e+00  6.32603524e-01 
 3.80140000e-06 -3.58738466e-01  8.92897651e-01  7.20000000e-01  1.08000000e+00  6.32603524e-01 
 3.80640000e-06 -3.58738466e-01  8.92897651e-01  7.20000000e-01  1.08000000e+00  6.32603524e-01 
 3.81140000e-06 -3.58738466e-01  8.92897651e-01  7.20000000e-01  1.08000000e+00  6.32603524e-01 
 3.81640000e-06 -3.58738466e-01  8.92897651e-01  7.20000000e-01  1.08000000e+00  6.32603524e-01 
 3.82140000e-06 -3.58738466e-01  8.92897651e-01  7.20000000e-01  1.08000000e+00  6.32603524e-01 
 3.82640000e-06 -3.58738466e-01  8.92897651e-01  7.20000000e-01  1.08000000e+00  6.32603524e-01 
 3.83140000e-06 -3.58738466e-01  8.92897651e-01  7.20000000e-01  1.08000000e+00  6.32603524e-01 
 3.83640000e-06 -3.58738466e-01  8.92897651e-01  7.20000000e-01  1.08000000e+00  6.32603524e-01 
 3.84140000e-06 -3.58738466e-01  8.92897651e-01  7.20000000e-01  1.08000000e+00  6.32603524e-01 
 3.84640000e-06 -3.58738466e-01  8.92897651e-01  7.20000000e-01  1.08000000e+00  6.32603524e-01 
 3.85140000e-06 -3.58738466e-01  8.92897651e-01  7.20000000e-01  1.08000000e+00  6.32603524e-01 
 3.85640000e-06 -3.58738466e-01  8.92897651e-01  7.20000000e-01  1.08000000e+00  6.32603524e-01 
 3.86140000e-06 -3.58738466e-01  8.92897651e-01  7.20000000e-01  1.08000000e+00  6.32603524e-01 
 3.86640000e-06 -3.58738466e-01  8.92897651e-01  7.20000000e-01  1.08000000e+00  6.32603524e-01 
 3.87140000e-06 -3.58738466e-01  8.92897651e-01  7.20000000e-01  1.08000000e+00  6.32603524e-01 
 3.87640000e-06 -3.58738466e-01  8.92897651e-01  7.20000000e-01  1.08000000e+00  6.32603524e-01 
 3.88140000e-06 -3.58738466e-01  8.92897651e-01  7.20000000e-01  1.08000000e+00  6.32603524e-01 
 3.88640000e-06 -3.58738466e-01  8.92897651e-01  7.20000000e-01  1.08000000e+00  6.32603524e-01 
 3.89140000e-06 -3.58738466e-01  8.92897651e-01  7.20000000e-01  1.08000000e+00  6.32603524e-01 
 3.89640000e-06 -3.58738466e-01  8.92897651e-01  7.20000000e-01  1.08000000e+00  6.32603524e-01 
 3.90140000e-06 -3.58738466e-01  8.92897651e-01  7.20000000e-01  1.08000000e+00  6.32603524e-01 
 3.90640000e-06 -3.58738466e-01  8.92897651e-01  7.20000000e-01  1.08000000e+00  6.32603524e-01 
 3.91140000e-06 -3.58738466e-01  8.92897651e-01  7.20000000e-01  1.08000000e+00  6.32603524e-01 
 3.91640000e-06 -3.58738466e-01  8.92897651e-01  7.20000000e-01  1.08000000e+00  6.32603524e-01 
 3.92140000e-06 -3.58738466e-01  8.92897651e-01  7.20000000e-01  1.08000000e+00  6.32603524e-01 
 3.92640000e-06 -3.58738466e-01  8.92897651e-01  7.20000000e-01  1.08000000e+00  6.32603524e-01 
 3.93140000e-06 -3.58738466e-01  8.92897651e-01  7.20000000e-01  1.08000000e+00  6.32603524e-01 
 3.93640000e-06 -3.58738466e-01  8.92897651e-01  7.20000000e-01  1.08000000e+00  6.32603524e-01 
 3.94140000e-06 -3.58738466e-01  8.92897651e-01  7.20000000e-01  1.08000000e+00  6.32603524e-01 
 3.94640000e-06 -3.58738466e-01  8.92897651e-01  7.20000000e-01  1.08000000e+00  6.32603524e-01 
 3.95140000e-06 -3.58738466e-01  8.92897651e-01  7.20000000e-01  1.08000000e+00  6.32603524e-01 
 3.95640000e-06 -3.58738466e-01  8.92897651e-01  7.20000000e-01  1.08000000e+00  6.32603524e-01 
 3.96140000e-06 -3.58738466e-01  8.92897651e-01  7.20000000e-01  1.08000000e+00  6.32603524e-01 
 3.96640000e-06 -3.58738466e-01  8.92897651e-01  7.20000000e-01  1.08000000e+00  6.32603524e-01 
 3.97140000e-06 -3.58738466e-01  8.92897651e-01  7.20000000e-01  1.08000000e+00  6.32603524e-01 
 3.97640000e-06 -3.58738466e-01  8.92897651e-01  7.20000000e-01  1.08000000e+00  6.32603524e-01 
 3.98140000e-06 -3.58738466e-01  8.92897651e-01  7.20000000e-01  1.08000000e+00  6.32603524e-01 
 3.98640000e-06 -3.58738466e-01  8.92897651e-01  7.20000000e-01  1.08000000e+00  6.32603524e-01 
 3.99140000e-06 -3.58738466e-01  8.92897651e-01  7.20000000e-01  1.08000000e+00  6.32603524e-01 
 3.99640000e-06 -3.58738466e-01  8.92897651e-01  7.20000000e-01  1.08000000e+00  6.32603524e-01 
 4.00140000e-06 -3.58738466e-01  8.92897651e-01  7.20000000e-01  1.08000000e+00  6.32603524e-01 
 4.00640000e-06 -3.58738466e-01  8.92897651e-01  7.20000000e-01  1.08000000e+00  6.32603524e-01 
 4.01140000e-06 -3.58738466e-01  8.92897651e-01  7.20000000e-01  1.08000000e+00  6.32603524e-01 
 4.01640000e-06 -3.58738466e-01  8.92897651e-01  7.20000000e-01  1.08000000e+00  6.32603524e-01 
 4.02140000e-06 -3.58738466e-01  8.92897651e-01  7.20000000e-01  1.08000000e+00  6.32603524e-01 
 4.02640000e-06 -3.58738466e-01  8.92897651e-01  7.20000000e-01  1.08000000e+00  6.32603524e-01 
 4.03140000e-06 -3.58738466e-01  8.92897651e-01  7.20000000e-01  1.08000000e+00  6.32603524e-01 
 4.03640000e-06 -3.58738466e-01  8.92897651e-01  7.20000000e-01  1.08000000e+00  6.32603524e-01 
 4.04140000e-06 -3.58738466e-01  8.92897651e-01  7.20000000e-01  1.08000000e+00  6.32603524e-01 
 4.04640000e-06 -3.58738466e-01  8.92897651e-01  7.20000000e-01  1.08000000e+00  6.32603524e-01 
 4.05140000e-06 -3.58738466e-01  8.92897651e-01  7.20000000e-01  1.08000000e+00  6.32603524e-01 
 4.05640000e-06 -3.58738466e-01  8.92897651e-01  7.20000000e-01  1.08000000e+00  6.32603524e-01 
 4.06140000e-06 -3.58738466e-01  8.92897651e-01  7.20000000e-01  1.08000000e+00  6.32603524e-01 
 4.06640000e-06 -3.58738466e-01  8.92897651e-01  7.20000000e-01  1.08000000e+00  6.32603524e-01 
 4.07140000e-06 -3.58738466e-01  8.92897651e-01  7.20000000e-01  1.08000000e+00  6.32603524e-01 
 4.07640000e-06 -3.58738466e-01  8.92897651e-01  7.20000000e-01  1.08000000e+00  6.32603524e-01 
 4.08140000e-06 -3.58738466e-01  8.92897651e-01  7.20000000e-01  1.08000000e+00  6.32603524e-01 
 4.08640000e-06 -3.58738466e-01  8.92897651e-01  7.20000000e-01  1.08000000e+00  6.32603524e-01 
 4.09140000e-06 -3.58738466e-01  8.92897651e-01  7.20000000e-01  1.08000000e+00  6.32603524e-01 
 4.09640000e-06 -3.58738466e-01  8.92897651e-01  7.20000000e-01  1.08000000e+00  6.32603524e-01 
 4.10140000e-06 -3.58738466e-01  8.92897651e-01  7.20000000e-01  1.08000000e+00  6.32603524e-01 
 4.10640000e-06 -3.58738466e-01  8.92897651e-01  7.20000000e-01  1.08000000e+00  6.32603524e-01 
 4.11140000e-06 -3.58738466e-01  8.92897651e-01  7.20000000e-01  1.08000000e+00  6.32603524e-01 
 4.11640000e-06 -3.58738466e-01  8.92897651e-01  7.20000000e-01  1.08000000e+00  6.32603524e-01 
 4.12140000e-06 -3.58738466e-01  8.92897651e-01  7.20000000e-01  1.08000000e+00  6.32603524e-01 
 4.12640000e-06 -3.58738466e-01  8.92897651e-01  7.20000000e-01  1.08000000e+00  6.32603524e-01 
 4.13140000e-06 -3.58738466e-01  8.92897651e-01  7.20000000e-01  1.08000000e+00  6.32603524e-01 
 4.13640000e-06 -3.58738466e-01  8.92897651e-01  7.20000000e-01  1.08000000e+00  6.32603524e-01 
 4.14140000e-06 -3.58738466e-01  8.92897651e-01  7.20000000e-01  1.08000000e+00  6.32603524e-01 
 4.14640000e-06 -3.58738466e-01  8.92897651e-01  7.20000000e-01  1.08000000e+00  6.32603524e-01 
 4.15140000e-06 -3.58738466e-01  8.92897651e-01  7.20000000e-01  1.08000000e+00  6.32603524e-01 
 4.15640000e-06 -3.58738466e-01  8.92897651e-01  7.20000000e-01  1.08000000e+00  6.32603524e-01 
 4.16140000e-06 -3.58738466e-01  8.92897651e-01  7.20000000e-01  1.08000000e+00  6.32603524e-01 
 4.16640000e-06 -3.58738466e-01  8.92897651e-01  7.20000000e-01  1.08000000e+00  6.32603524e-01 
 4.17140000e-06 -3.58738466e-01  8.92897651e-01  7.20000000e-01  1.08000000e+00  6.32603524e-01 
 4.17640000e-06 -3.58738466e-01  8.92897651e-01  7.20000000e-01  1.08000000e+00  6.32603524e-01 
 4.18140000e-06 -3.58738466e-01  8.92897651e-01  7.20000000e-01  1.08000000e+00  6.32603524e-01 
 4.18640000e-06 -3.58738466e-01  8.92897651e-01  7.20000000e-01  1.08000000e+00  6.32603524e-01 
 4.19140000e-06 -3.58738466e-01  8.92897651e-01  7.20000000e-01  1.08000000e+00  6.32603524e-01 
 4.19640000e-06 -3.58738466e-01  8.92897651e-01  7.20000000e-01  1.08000000e+00  6.32603524e-01 
 4.20140000e-06 -3.58738466e-01  8.92897651e-01  7.20000000e-01  1.08000000e+00  6.32603524e-01 
 4.20640000e-06 -3.58738466e-01  8.92897651e-01  7.20000000e-01  1.08000000e+00  6.32603524e-01 
 4.21140000e-06 -3.58738466e-01  8.92897651e-01  7.20000000e-01  1.08000000e+00  6.32603524e-01 
 4.21640000e-06 -3.58738466e-01  8.92897651e-01  7.20000000e-01  1.08000000e+00  6.32603524e-01 
 4.22140000e-06 -3.58738466e-01  8.92897651e-01  7.20000000e-01  1.08000000e+00  6.32603524e-01 
 4.22640000e-06 -3.58738466e-01  8.92897651e-01  7.20000000e-01  1.08000000e+00  6.32603524e-01 
 4.23140000e-06 -3.58738466e-01  8.92897651e-01  7.20000000e-01  1.08000000e+00  6.32603524e-01 
 4.23640000e-06 -3.58738466e-01  8.92897651e-01  7.20000000e-01  1.08000000e+00  6.32603524e-01 
 4.24140000e-06 -3.58738466e-01  8.92897651e-01  7.20000000e-01  1.08000000e+00  6.32603524e-01 
 4.24640000e-06 -3.58738466e-01  8.92897651e-01  7.20000000e-01  1.08000000e+00  6.32603524e-01 
 4.25140000e-06 -3.58738466e-01  8.92897651e-01  7.20000000e-01  1.08000000e+00  6.32603524e-01 
 4.25640000e-06 -3.58738466e-01  8.92897651e-01  7.20000000e-01  1.08000000e+00  6.32603524e-01 
 4.26140000e-06 -3.58738466e-01  8.92897651e-01  7.20000000e-01  1.08000000e+00  6.32603524e-01 
 4.26640000e-06 -3.58738466e-01  8.92897651e-01  7.20000000e-01  1.08000000e+00  6.32603524e-01 
 4.27140000e-06 -3.58738466e-01  8.92897651e-01  7.20000000e-01  1.08000000e+00  6.32603524e-01 
 4.27640000e-06 -3.58738466e-01  8.92897651e-01  7.20000000e-01  1.08000000e+00  6.32603524e-01 
 4.28140000e-06 -3.58738466e-01  8.92897651e-01  7.20000000e-01  1.08000000e+00  6.32603524e-01 
 4.28640000e-06 -3.58738466e-01  8.92897651e-01  7.20000000e-01  1.08000000e+00  6.32603524e-01 
 4.29140000e-06 -3.58738466e-01  8.92897651e-01  7.20000000e-01  1.08000000e+00  6.32603524e-01 
 4.29640000e-06 -3.58738466e-01  8.92897651e-01  7.20000000e-01  1.08000000e+00  6.32603524e-01 
 4.30140000e-06 -3.58738466e-01  8.92897651e-01  7.20000000e-01  1.08000000e+00  6.32603524e-01 
 4.30640000e-06 -3.58738466e-01  8.92897651e-01  7.20000000e-01  1.08000000e+00  6.32603524e-01 
 4.31140000e-06 -3.58738466e-01  8.92897651e-01  7.20000000e-01  1.08000000e+00  6.32603524e-01 
 4.31640000e-06 -3.58738466e-01  8.92897651e-01  7.20000000e-01  1.08000000e+00  6.32603524e-01 
 4.32140000e-06 -3.58738466e-01  8.92897651e-01  7.20000000e-01  1.08000000e+00  6.32603524e-01 
 4.32640000e-06 -3.58738466e-01  8.92897651e-01  7.20000000e-01  1.08000000e+00  6.32603524e-01 
 4.33140000e-06 -3.58738466e-01  8.92897651e-01  7.20000000e-01  1.08000000e+00  6.32603524e-01 
 4.33640000e-06 -3.58738466e-01  8.92897651e-01  7.20000000e-01  1.08000000e+00  6.32603524e-01 
 4.34140000e-06 -3.58738466e-01  8.92897651e-01  7.20000000e-01  1.08000000e+00  6.32603524e-01 
 4.34640000e-06 -3.58738466e-01  8.92897651e-01  7.20000000e-01  1.08000000e+00  6.32603524e-01 
 4.35140000e-06 -3.58738466e-01  8.92897651e-01  7.20000000e-01  1.08000000e+00  6.32603524e-01 
 4.35640000e-06 -3.58738466e-01  8.92897651e-01  7.20000000e-01  1.08000000e+00  6.32603524e-01 
 4.36140000e-06 -3.58738466e-01  8.92897651e-01  7.20000000e-01  1.08000000e+00  6.32603524e-01 
 4.36640000e-06 -3.58738466e-01  8.92897651e-01  7.20000000e-01  1.08000000e+00  6.32603524e-01 
 4.37140000e-06 -3.58738466e-01  8.92897651e-01  7.20000000e-01  1.08000000e+00  6.32603524e-01 
 4.37640000e-06 -3.58738466e-01  8.92897651e-01  7.20000000e-01  1.08000000e+00  6.32603524e-01 
 4.38140000e-06 -3.58738466e-01  8.92897651e-01  7.20000000e-01  1.08000000e+00  6.32603524e-01 
 4.38640000e-06 -3.58738466e-01  8.92897651e-01  7.20000000e-01  1.08000000e+00  6.32603524e-01 
 4.39140000e-06 -3.58738466e-01  8.92897651e-01  7.20000000e-01  1.08000000e+00  6.32603524e-01 
 4.39640000e-06 -3.58738466e-01  8.92897651e-01  7.20000000e-01  1.08000000e+00  6.32603524e-01 
 4.40140000e-06 -3.58738466e-01  8.92897651e-01  7.20000000e-01  1.08000000e+00  6.32603524e-01 
 4.40640000e-06 -3.58738466e-01  8.92897651e-01  7.20000000e-01  1.08000000e+00  6.32603524e-01 
 4.41140000e-06 -3.58738466e-01  8.92897651e-01  7.20000000e-01  1.08000000e+00  6.32603524e-01 
 4.41640000e-06 -3.58738466e-01  8.92897651e-01  7.20000000e-01  1.08000000e+00  6.32603524e-01 
 4.42140000e-06 -3.58738466e-01  8.92897651e-01  7.20000000e-01  1.08000000e+00  6.32603524e-01 
 4.42640000e-06 -3.58738466e-01  8.92897651e-01  7.20000000e-01  1.08000000e+00  6.32603524e-01 
 4.43140000e-06 -3.58738466e-01  8.92897651e-01  7.20000000e-01  1.08000000e+00  6.32603524e-01 
 4.43640000e-06 -3.58738466e-01  8.92897651e-01  7.20000000e-01  1.08000000e+00  6.32603524e-01 
 4.44140000e-06 -3.58738466e-01  8.92897651e-01  7.20000000e-01  1.08000000e+00  6.32603524e-01 
 4.44640000e-06 -3.58738466e-01  8.92897651e-01  7.20000000e-01  1.08000000e+00  6.32603524e-01 
 4.45140000e-06 -3.58738466e-01  8.92897651e-01  7.20000000e-01  1.08000000e+00  6.32603524e-01 
 4.45640000e-06 -3.58738466e-01  8.92897651e-01  7.20000000e-01  1.08000000e+00  6.32603524e-01 
 4.46140000e-06 -3.58738466e-01  8.92897651e-01  7.20000000e-01  1.08000000e+00  6.32603524e-01 
 4.46640000e-06 -3.58738466e-01  8.92897651e-01  7.20000000e-01  1.08000000e+00  6.32603524e-01 
 4.47140000e-06 -3.58738466e-01  8.92897651e-01  7.20000000e-01  1.08000000e+00  6.32603524e-01 
 4.47640000e-06 -3.58738466e-01  8.92897651e-01  7.20000000e-01  1.08000000e+00  6.32603524e-01 
 4.48140000e-06 -3.58738466e-01  8.92897651e-01  7.20000000e-01  1.08000000e+00  6.32603524e-01 
 4.48640000e-06 -3.58738466e-01  8.92897651e-01  7.20000000e-01  1.08000000e+00  6.32603524e-01 
 4.49140000e-06 -3.58738466e-01  8.92897651e-01  7.20000000e-01  1.08000000e+00  6.32603524e-01 
 4.49640000e-06 -3.58738466e-01  8.92897651e-01  7.20000000e-01  1.08000000e+00  6.32603524e-01 
 4.50140000e-06 -3.58738466e-01  8.92897651e-01  7.20000000e-01  1.08000000e+00  6.32603524e-01 
 4.50640000e-06 -3.58738466e-01  8.92897651e-01  7.20000000e-01  1.08000000e+00  6.32603524e-01 
 4.51140000e-06 -3.58738466e-01  8.92897651e-01  7.20000000e-01  1.08000000e+00  6.32603524e-01 
 4.51640000e-06 -3.58738466e-01  8.92897651e-01  7.20000000e-01  1.08000000e+00  6.32603524e-01 
 4.52140000e-06 -3.58738466e-01  8.92897651e-01  7.20000000e-01  1.08000000e+00  6.32603524e-01 
 4.52640000e-06 -3.58738466e-01  8.92897651e-01  7.20000000e-01  1.08000000e+00  6.32603524e-01 
 4.53140000e-06 -3.58738466e-01  8.92897651e-01  7.20000000e-01  1.08000000e+00  6.32603524e-01 
 4.53640000e-06 -3.58738466e-01  8.92897651e-01  7.20000000e-01  1.08000000e+00  6.32603524e-01 
 4.54140000e-06 -3.58738466e-01  8.92897651e-01  7.20000000e-01  1.08000000e+00  6.32603524e-01 
 4.54640000e-06 -3.58738466e-01  8.92897651e-01  7.20000000e-01  1.08000000e+00  6.32603524e-01 
 4.55140000e-06 -3.58738466e-01  8.92897651e-01  7.20000000e-01  1.08000000e+00  6.32603524e-01 
 4.55640000e-06 -3.58738466e-01  8.92897651e-01  7.20000000e-01  1.08000000e+00  6.32603524e-01 
 4.56140000e-06 -3.58738466e-01  8.92897651e-01  7.20000000e-01  1.08000000e+00  6.32603524e-01 
 4.56640000e-06 -3.58738466e-01  8.92897651e-01  7.20000000e-01  1.08000000e+00  6.32603524e-01 
 4.57140000e-06 -3.58738466e-01  8.92897651e-01  7.20000000e-01  1.08000000e+00  6.32603524e-01 
 4.57640000e-06 -3.58738466e-01  8.92897651e-01  7.20000000e-01  1.08000000e+00  6.32603524e-01 
 4.58140000e-06 -3.58738466e-01  8.92897651e-01  7.20000000e-01  1.08000000e+00  6.32603524e-01 
 4.58640000e-06 -3.58738466e-01  8.92897651e-01  7.20000000e-01  1.08000000e+00  6.32603524e-01 
 4.59140000e-06 -3.58738466e-01  8.92897651e-01  7.20000000e-01  1.08000000e+00  6.32603524e-01 
 4.59640000e-06 -3.58738466e-01  8.92897651e-01  7.20000000e-01  1.08000000e+00  6.32603524e-01 
 4.60140000e-06 -3.58738466e-01  8.92897651e-01  7.20000000e-01  1.08000000e+00  6.32603524e-01 
 4.60640000e-06 -3.58738466e-01  8.92897651e-01  7.20000000e-01  1.08000000e+00  6.32603524e-01 
 4.61140000e-06 -3.58738466e-01  8.92897651e-01  7.20000000e-01  1.08000000e+00  6.32603524e-01 
 4.61640000e-06 -3.58738466e-01  8.92897651e-01  7.20000000e-01  1.08000000e+00  6.32603524e-01 
 4.62140000e-06 -3.58738466e-01  8.92897651e-01  7.20000000e-01  1.08000000e+00  6.32603524e-01 
 4.62640000e-06 -3.58738466e-01  8.92897651e-01  7.20000000e-01  1.08000000e+00  6.32603524e-01 
 4.63140000e-06 -3.58738466e-01  8.92897651e-01  7.20000000e-01  1.08000000e+00  6.32603524e-01 
 4.63640000e-06 -3.58738466e-01  8.92897651e-01  7.20000000e-01  1.08000000e+00  6.32603524e-01 
 4.64140000e-06 -3.58738466e-01  8.92897651e-01  7.20000000e-01  1.08000000e+00  6.32603524e-01 
 4.64640000e-06 -3.58738466e-01  8.92897651e-01  7.20000000e-01  1.08000000e+00  6.32603524e-01 
 4.65140000e-06 -3.58738466e-01  8.92897651e-01  7.20000000e-01  1.08000000e+00  6.32603524e-01 
 4.65640000e-06 -3.58738466e-01  8.92897651e-01  7.20000000e-01  1.08000000e+00  6.32603524e-01 
 4.66140000e-06 -3.58738466e-01  8.92897651e-01  7.20000000e-01  1.08000000e+00  6.32603524e-01 
 4.66640000e-06 -3.58738466e-01  8.92897651e-01  7.20000000e-01  1.08000000e+00  6.32603524e-01 
 4.67140000e-06 -3.58738466e-01  8.92897651e-01  7.20000000e-01  1.08000000e+00  6.32603524e-01 
 4.67640000e-06 -3.58738466e-01  8.92897651e-01  7.20000000e-01  1.08000000e+00  6.32603524e-01 
 4.68140000e-06 -3.58738466e-01  8.92897651e-01  7.20000000e-01  1.08000000e+00  6.32603524e-01 
 4.68640000e-06 -3.58738466e-01  8.92897651e-01  7.20000000e-01  1.08000000e+00  6.32603524e-01 
 4.69140000e-06 -3.58738466e-01  8.92897651e-01  7.20000000e-01  1.08000000e+00  6.32603524e-01 
 4.69640000e-06 -3.58738466e-01  8.92897651e-01  7.20000000e-01  1.08000000e+00  6.32603524e-01 
 4.70140000e-06 -3.58738466e-01  8.92897651e-01  7.20000000e-01  1.08000000e+00  6.32603524e-01 
 4.70640000e-06 -3.58738466e-01  8.92897651e-01  7.20000000e-01  1.08000000e+00  6.32603524e-01 
 4.71140000e-06 -3.58738466e-01  8.92897651e-01  7.20000000e-01  1.08000000e+00  6.32603524e-01 
 4.71640000e-06 -3.58738466e-01  8.92897651e-01  7.20000000e-01  1.08000000e+00  6.32603524e-01 
 4.72140000e-06 -3.58738466e-01  8.92897651e-01  7.20000000e-01  1.08000000e+00  6.32603524e-01 
 4.72640000e-06 -3.58738466e-01  8.92897651e-01  7.20000000e-01  1.08000000e+00  6.32603524e-01 
 4.73140000e-06 -3.58738466e-01  8.92897651e-01  7.20000000e-01  1.08000000e+00  6.32603524e-01 
 4.73640000e-06 -3.58738466e-01  8.92897651e-01  7.20000000e-01  1.08000000e+00  6.32603524e-01 
 4.74140000e-06 -3.58738466e-01  8.92897651e-01  7.20000000e-01  1.08000000e+00  6.32603524e-01 
 4.74640000e-06 -3.58738466e-01  8.92897651e-01  7.20000000e-01  1.08000000e+00  6.32603524e-01 
 4.75140000e-06 -3.58738466e-01  8.92897651e-01  7.20000000e-01  1.08000000e+00  6.32603524e-01 
 4.75640000e-06 -3.58738466e-01  8.92897651e-01  7.20000000e-01  1.08000000e+00  6.32603524e-01 
 4.76140000e-06 -3.58738466e-01  8.92897651e-01  7.20000000e-01  1.08000000e+00  6.32603524e-01 
 4.76640000e-06 -3.58738466e-01  8.92897651e-01  7.20000000e-01  1.08000000e+00  6.32603524e-01 
 4.77140000e-06 -3.58738466e-01  8.92897651e-01  7.20000000e-01  1.08000000e+00  6.32603524e-01 
 4.77640000e-06 -3.58738466e-01  8.92897651e-01  7.20000000e-01  1.08000000e+00  6.32603524e-01 
 4.78140000e-06 -3.58738466e-01  8.92897651e-01  7.20000000e-01  1.08000000e+00  6.32603524e-01 
 4.78640000e-06 -3.58738466e-01  8.92897651e-01  7.20000000e-01  1.08000000e+00  6.32603524e-01 
 4.79140000e-06 -3.58738466e-01  8.92897651e-01  7.20000000e-01  1.08000000e+00  6.32603524e-01 
 4.79640000e-06 -3.58738466e-01  8.92897651e-01  7.20000000e-01  1.08000000e+00  6.32603524e-01 
 4.80140000e-06 -3.58738466e-01  8.92897651e-01  7.20000000e-01  1.08000000e+00  6.32603524e-01 
 4.80640000e-06 -3.58738466e-01  8.92897651e-01  7.20000000e-01  1.08000000e+00  6.32603524e-01 
 4.81140000e-06 -3.58738466e-01  8.92897651e-01  7.20000000e-01  1.08000000e+00  6.32603524e-01 
 4.81640000e-06 -3.58738466e-01  8.92897651e-01  7.20000000e-01  1.08000000e+00  6.32603524e-01 
 4.82140000e-06 -3.58738466e-01  8.92897651e-01  7.20000000e-01  1.08000000e+00  6.32603524e-01 
 4.82640000e-06 -3.58738466e-01  8.92897651e-01  7.20000000e-01  1.08000000e+00  6.32603524e-01 
 4.83140000e-06 -3.58738466e-01  8.92897651e-01  7.20000000e-01  1.08000000e+00  6.32603524e-01 
 4.83640000e-06 -3.58738466e-01  8.92897651e-01  7.20000000e-01  1.08000000e+00  6.32603524e-01 
 4.84140000e-06 -3.58738466e-01  8.92897651e-01  7.20000000e-01  1.08000000e+00  6.32603524e-01 
 4.84640000e-06 -3.58738466e-01  8.92897651e-01  7.20000000e-01  1.08000000e+00  6.32603524e-01 
 4.85140000e-06 -3.58738466e-01  8.92897651e-01  7.20000000e-01  1.08000000e+00  6.32603524e-01 
 4.85640000e-06 -3.58738466e-01  8.92897651e-01  7.20000000e-01  1.08000000e+00  6.32603524e-01 
 4.86140000e-06 -3.58738466e-01  8.92897651e-01  7.20000000e-01  1.08000000e+00  6.32603524e-01 
 4.86640000e-06 -3.58738466e-01  8.92897651e-01  7.20000000e-01  1.08000000e+00  6.32603524e-01 
 4.87140000e-06 -3.58738466e-01  8.92897651e-01  7.20000000e-01  1.08000000e+00  6.32603524e-01 
 4.87640000e-06 -3.58738466e-01  8.92897651e-01  7.20000000e-01  1.08000000e+00  6.32603524e-01 
 4.88140000e-06 -3.58738466e-01  8.92897651e-01  7.20000000e-01  1.08000000e+00  6.32603524e-01 
 4.88640000e-06 -3.58738466e-01  8.92897651e-01  7.20000000e-01  1.08000000e+00  6.32603524e-01 
 4.89140000e-06 -3.58738466e-01  8.92897651e-01  7.20000000e-01  1.08000000e+00  6.32603524e-01 
 4.89640000e-06 -3.58738466e-01  8.92897651e-01  7.20000000e-01  1.08000000e+00  6.32603524e-01 
 4.90140000e-06 -3.58738466e-01  8.92897651e-01  7.20000000e-01  1.08000000e+00  6.32603524e-01 
 4.90640000e-06 -3.58738466e-01  8.92897651e-01  7.20000000e-01  1.08000000e+00  6.32603524e-01 
 4.91140000e-06 -3.58738466e-01  8.92897651e-01  7.20000000e-01  1.08000000e+00  6.32603524e-01 
 4.91640000e-06 -3.58738466e-01  8.92897651e-01  7.20000000e-01  1.08000000e+00  6.32603524e-01 
 4.92140000e-06 -3.58738466e-01  8.92897651e-01  7.20000000e-01  1.08000000e+00  6.32603524e-01 
 4.92640000e-06 -3.58738466e-01  8.92897651e-01  7.20000000e-01  1.08000000e+00  6.32603524e-01 
 4.93140000e-06 -3.58738466e-01  8.92897651e-01  7.20000000e-01  1.08000000e+00  6.32603524e-01 
 4.93640000e-06 -3.58738466e-01  8.92897651e-01  7.20000000e-01  1.08000000e+00  6.32603524e-01 
 4.94140000e-06 -3.58738466e-01  8.92897651e-01  7.20000000e-01  1.08000000e+00  6.32603524e-01 
 4.94640000e-06 -3.58738466e-01  8.92897651e-01  7.20000000e-01  1.08000000e+00  6.32603524e-01 
 4.95140000e-06 -3.58738466e-01  8.92897651e-01  7.20000000e-01  1.08000000e+00  6.32603524e-01 
 4.95640000e-06 -3.58738466e-01  8.92897651e-01  7.20000000e-01  1.08000000e+00  6.32603524e-01 
 4.96140000e-06 -3.58738466e-01  8.92897651e-01  7.20000000e-01  1.08000000e+00  6.32603524e-01 
 4.96640000e-06 -3.58738466e-01  8.92897651e-01  7.20000000e-01  1.08000000e+00  6.32603524e-01 
 4.97140000e-06 -3.58738466e-01  8.92897651e-01  7.20000000e-01  1.08000000e+00  6.32603524e-01 
 4.97640000e-06 -3.58738466e-01  8.92897651e-01  7.20000000e-01  1.08000000e+00  6.32603524e-01 
 4.98140000e-06 -3.58738466e-01  8.92897651e-01  7.20000000e-01  1.08000000e+00  6.32603524e-01 
 4.98640000e-06 -3.58738466e-01  8.92897651e-01  7.20000000e-01  1.08000000e+00  6.32603524e-01 
 4.99140000e-06 -3.58738466e-01  8.92897651e-01  7.20000000e-01  1.08000000e+00  6.32603524e-01 
 4.99570000e-06 -3.58738466e-01  8.92897651e-01  7.20000000e-01  1.08000000e+00  6.32603524e-01 
 5.00000000e-06 -3.58738466e-01  8.92897651e-01  7.20000000e-01  1.08000000e+00  6.32603524e-01 
 5.00050000e-06 -3.58740167e-01  8.92897613e-01  7.38000000e-01  1.06200000e+00  6.32603538e-01 
 5.00150000e-06 -3.58739967e-01  8.92899384e-01  7.74000000e-01  1.02600000e+00  6.32603892e-01 
 5.00350000e-06 -3.58507735e-01  8.92955300e-01  8.46000000e-01  9.54000000e-01  6.32612409e-01 
 5.00675000e-06 -3.56682703e-01  8.93147551e-01  9.63000000e-01  8.37000000e-01  6.32657109e-01 
 5.01000000e-06 -3.53232916e-01  8.93049199e-01  1.08000000e+00  7.20000000e-01  6.32691319e-01 
 5.01045312e-06 -3.52662263e-01  8.92980043e-01  1.08000000e+00  7.20000000e-01  6.32692001e-01 
 5.01135935e-06 -3.51482974e-01  8.92815077e-01  1.08000000e+00  7.20000000e-01  6.32692073e-01 
 5.01317182e-06 -3.48860566e-01  8.92323022e-01  1.08000000e+00  7.20000000e-01  6.32683442e-01 
 5.01679675e-06 -3.42643007e-01  8.90816281e-01  1.08000000e+00  7.20000000e-01  6.32662291e-01 
 5.02129093e-06 -3.33684038e-01  8.88334367e-01  1.08000000e+00  7.20000000e-01  6.32651988e-01 
 5.02629093e-06 -3.22716416e-01  8.85112350e-01  1.08000000e+00  7.20000000e-01  6.32656835e-01 
 5.03129093e-06 -3.10921933e-01  8.81504712e-01  1.08000000e+00  7.20000000e-01  6.32668552e-01 
 5.03629093e-06 -2.98368587e-01  8.77534345e-01  1.08000000e+00  7.20000000e-01  6.32682070e-01 
 5.04129093e-06 -2.85119307e-01  8.73225827e-01  1.08000000e+00  7.20000000e-01  6.32696461e-01 
 5.04629093e-06 -2.71244103e-01  8.68608952e-01  1.08000000e+00  7.20000000e-01  6.32710736e-01 
 5.05129093e-06 -2.56817217e-01  8.63716762e-01  1.08000000e+00  7.20000000e-01  6.32724913e-01 
 5.05629093e-06 -2.41916105e-01  8.58584674e-01  1.08000000e+00  7.20000000e-01  6.32738368e-01 
 5.06129093e-06 -2.26620138e-01  8.53249618e-01  1.08000000e+00  7.20000000e-01  6.32751141e-01 
 5.06629093e-06 -2.11009447e-01  8.47749265e-01  1.08000000e+00  7.20000000e-01  6.32762655e-01 
 5.07129093e-06 -1.95163957e-01  8.42121406e-01  1.08000000e+00  7.20000000e-01  6.32772874e-01 
 5.07629093e-06 -1.79162803e-01  8.36403568e-01  1.08000000e+00  7.20000000e-01  6.32781189e-01 
 5.08129093e-06 -1.63084137e-01  8.30632929e-01  1.08000000e+00  7.20000000e-01  6.32787354e-01 
 5.08629093e-06 -1.47005631e-01  8.24846653e-01  1.08000000e+00  7.20000000e-01  6.32790419e-01 
 5.09129093e-06 -1.31006161e-01  8.19082899e-01  1.08000000e+00  7.20000000e-01  6.32789355e-01 
 5.09629093e-06 -1.15169463e-01  8.13382861e-01  1.08000000e+00  7.20000000e-01  6.32781870e-01 
 5.10129093e-06 -9.95904645e-02  8.07794249e-01  1.08000000e+00  7.20000000e-01  6.32764836e-01 
 5.10629093e-06 -8.43845327e-02  8.02376291e-01  1.08000000e+00  7.20000000e-01  6.32734127e-01 
 5.11129093e-06 -6.96980761e-02  7.97205446e-01  1.08000000e+00  7.20000000e-01  6.32687845e-01 
 5.11629093e-06 -5.57154826e-02  7.92379188e-01  1.08000000e+00  7.20000000e-01  6.32629054e-01 
 5.12129093e-06 -4.26537806e-02  7.88013352e-01  1.08000000e+00  7.20000000e-01  6.32566701e-01 
 5.12629093e-06 -3.07372876e-02  7.84228972e-01  1.08000000e+00  7.20000000e-01  6.32511186e-01 
 5.13129093e-06 -2.01553401e-02  7.81129958e-01  1.08000000e+00  7.20000000e-01  6.32471652e-01 
 5.13629093e-06 -1.10200591e-02  7.78780530e-01  1.08000000e+00  7.20000000e-01  6.32448689e-01 
 5.14129093e-06 -3.35116125e-03  7.77196583e-01  1.08000000e+00  7.20000000e-01  6.32439893e-01 
 5.14629093e-06  2.91422433e-03  7.76349999e-01  1.08000000e+00  7.20000000e-01  6.32439885e-01 
 5.15129093e-06  7.89557069e-03  7.76181837e-01  1.08000000e+00  7.20000000e-01  6.32442959e-01 
 5.15629093e-06  1.17364001e-02  7.76619408e-01  1.08000000e+00  7.20000000e-01  6.32446815e-01 
 5.16129093e-06  1.45870247e-02  7.77585589e-01  1.08000000e+00  7.20000000e-01  6.32450119e-01 
 5.16629093e-06  1.65976089e-02  7.79002755e-01  1.08000000e+00  7.20000000e-01  6.32452588e-01 
 5.17129093e-06  1.79137421e-02  7.80795326e-01  1.08000000e+00  7.20000000e-01  6.32454353e-01 
 5.17629093e-06  1.86739153e-02  7.82891244e-01  1.08000000e+00  7.20000000e-01  6.32455659e-01 
 5.18129093e-06  1.90066707e-02  7.85223501e-01  1.08000000e+00  7.20000000e-01  6.32456792e-01 
 5.18629093e-06  1.90274458e-02  7.87731773e-01  1.08000000e+00  7.20000000e-01  6.32457931e-01 
 5.19129093e-06  1.88352075e-02  7.90364142e-01  1.08000000e+00  7.20000000e-01  6.32459355e-01 
 5.19629093e-06  1.85102417e-02  7.93078217e-01  1.08000000e+00  7.20000000e-01  6.32461151e-01 
 5.20129093e-06  1.81136128e-02  7.95841399e-01  1.08000000e+00  7.20000000e-01  6.32463460e-01 
 5.20629093e-06  1.76886114e-02  7.98630156e-01  1.08000000e+00  7.20000000e-01  6.32466261e-01 
 5.21129093e-06  1.72636926e-02  8.01428537e-01  1.08000000e+00  7.20000000e-01  6.32469563e-01 
 5.21629093e-06  1.68560666e-02  8.04226362e-01  1.08000000e+00  7.20000000e-01  6.32473262e-01 
 5.22129093e-06  1.64750505e-02  8.07017531e-01  1.08000000e+00  7.20000000e-01  6.32477272e-01 
 5.22629093e-06  1.61247571e-02  8.09798660e-01  1.08000000e+00  7.20000000e-01  6.32481455e-01 
 5.23129093e-06  1.58059909e-02  8.12568116e-01  1.08000000e+00  7.20000000e-01  6.32485683e-01 
 5.23629093e-06  1.55175153e-02  8.15325361e-01  1.08000000e+00  7.20000000e-01  6.32489811e-01 
 5.24129093e-06  1.52568248e-02  8.18070547e-01  1.08000000e+00  7.20000000e-01  6.32493685e-01 
 5.24629093e-06  1.50205796e-02  8.20804260e-01  1.08000000e+00  7.20000000e-01  6.32497108e-01 
 5.25129093e-06  1.48047645e-02  8.23527394e-01  1.08000000e+00  7.20000000e-01  6.32499814e-01 
 5.25629093e-06  1.46046336e-02  8.26241101e-01  1.08000000e+00  7.20000000e-01  6.32501409e-01 
 5.26129093e-06  1.44144713e-02  8.28946807e-01  1.08000000e+00  7.20000000e-01  6.32501296e-01 
 5.26629093e-06  1.42273132e-02  8.31646233e-01  1.08000000e+00  7.20000000e-01  6.32498607e-01 
 5.27129093e-06  1.40348693e-02  8.34341355e-01  1.08000000e+00  7.20000000e-01  6.32492057e-01 
 5.27629093e-06  1.38279509e-02  8.37034212e-01  1.08000000e+00  7.20000000e-01  6.32479793e-01 
 5.28129093e-06  1.35972338e-02  8.39726632e-01  1.08000000e+00  7.20000000e-01  6.32459104e-01 
 5.28629093e-06  1.33339353e-02  8.42420018e-01  1.08000000e+00  7.20000000e-01  6.32427414e-01 
 5.29129093e-06  1.30304725e-02  8.45115253e-01  1.08000000e+00  7.20000000e-01  6.32384786e-01 
 5.29629093e-06  1.26811620e-02  8.47812747e-01  1.08000000e+00  7.20000000e-01  6.32334522e-01 
 5.30129093e-06  1.22824839e-02  8.50512624e-01  1.08000000e+00  7.20000000e-01  6.32280208e-01 
 5.30629093e-06  1.18328915e-02  8.53214941e-01  1.08000000e+00  7.20000000e-01  6.32224988e-01 
 5.31129093e-06  1.13325143e-02  8.55919800e-01  1.08000000e+00  7.20000000e-01  6.32171024e-01 
 5.31629093e-06  1.07827700e-02  8.58627413e-01  1.08000000e+00  7.20000000e-01  6.32119839e-01 
 5.32129093e-06  1.01859718e-02  8.61338128e-01  1.08000000e+00  7.20000000e-01  6.32072869e-01 
 5.32629093e-06  9.54501650e-03  8.64052417e-01  1.08000000e+00  7.20000000e-01  6.32031253e-01 
 5.33129093e-06  8.86313777e-03  8.66770859e-01  1.08000000e+00  7.20000000e-01  6.31996176e-01 
 5.33629093e-06  8.14372180e-03  8.69494117e-01  1.08000000e+00  7.20000000e-01  6.31968550e-01 
 5.34129093e-06  7.39016963e-03  8.72222914e-01  1.08000000e+00  7.20000000e-01  6.31949279e-01 
 5.34629093e-06  6.60580202e-03  8.74958010e-01  1.08000000e+00  7.20000000e-01  6.31938933e-01 
 5.35129093e-06  5.79379372e-03  8.77700183e-01  1.08000000e+00  7.20000000e-01  6.31937999e-01 
 5.35629093e-06  4.95713400e-03  8.80450208e-01  1.08000000e+00  7.20000000e-01  6.31946586e-01 
 5.36129093e-06  4.09860311e-03  8.83208839e-01  1.08000000e+00  7.20000000e-01  6.31964692e-01 
 5.36629093e-06  3.22076361e-03  8.85976796e-01  1.08000000e+00  7.20000000e-01  6.31991949e-01 
 5.37129093e-06  2.32595886e-03  8.88754754e-01  1.08000000e+00  7.20000000e-01  6.32027911e-01 
 5.37629093e-06  1.41631939e-03  8.91543333e-01  1.08000000e+00  7.20000000e-01  6.32071831e-01 
 5.38129093e-06  4.93771385e-04  8.94343091e-01  1.08000000e+00  7.20000000e-01  6.32122946e-01 
 5.38629093e-06 -4.39950730e-04  8.97154530e-01  1.08000000e+00  7.20000000e-01  6.32180284e-01 
 5.39129093e-06 -1.38329245e-03  8.99978089e-01  1.08000000e+00  7.20000000e-01  6.32242908e-01 
 5.39629093e-06 -2.33486499e-03  9.02814154e-01  1.08000000e+00  7.20000000e-01  6.32309748e-01 
 5.40129093e-06 -3.29343346e-03  9.05663061e-01  1.08000000e+00  7.20000000e-01  6.32379796e-01 
 5.40629093e-06 -4.25790344e-03  9.08525104e-01  1.08000000e+00  7.20000000e-01  6.32451963e-01 
 5.41129093e-06 -5.22731071e-03  9.11400546e-01  1.08000000e+00  7.20000000e-01  6.32525211e-01 
 5.41629093e-06 -6.20080978e-03  9.14289624e-01  1.08000000e+00  7.20000000e-01  6.32598457e-01 
 5.42129093e-06 -7.17766608e-03  9.17192556e-01  1.08000000e+00  7.20000000e-01  6.32670635e-01 
 5.42629093e-06 -8.15724706e-03  9.20109551e-01  1.08000000e+00  7.20000000e-01  6.32740666e-01 
 5.43129093e-06 -9.13901742e-03  9.23040810e-01  1.08000000e+00  7.20000000e-01  6.32807460e-01 
 5.43629093e-06 -1.01225334e-02  9.25986529e-01  1.08000000e+00  7.20000000e-01  6.32869964e-01 
 5.44129093e-06 -1.11074421e-02  9.28946899e-01  1.08000000e+00  7.20000000e-01  6.32927109e-01 
 5.44629093e-06 -1.20934798e-02  9.31922107e-01  1.08000000e+00  7.20000000e-01  6.32977956e-01 
 5.45129093e-06 -1.30804771e-02  9.34912326e-01  1.08000000e+00  7.20000000e-01  6.33021583e-01 
 5.45629093e-06 -1.40683641e-02  9.37917717e-01  1.08000000e+00  7.20000000e-01  6.33057317e-01 
 5.46129093e-06 -1.50571844e-02  9.40938420e-01  1.08000000e+00  7.20000000e-01  6.33084556e-01 
 5.46629093e-06 -1.60471127e-02  9.43974548e-01  1.08000000e+00  7.20000000e-01  6.33103047e-01 
 5.47129093e-06 -1.70384862e-02  9.47026190e-01  1.08000000e+00  7.20000000e-01  6.33112615e-01 
 5.47629093e-06 -1.80318462e-02  9.50093408e-01  1.08000000e+00  7.20000000e-01  6.33113468e-01 
 5.48129093e-06 -1.90280058e-02  9.53176242e-01  1.08000000e+00  7.20000000e-01  6.33105821e-01 
 5.48629093e-06 -2.00281455e-02  9.56274721e-01  1.08000000e+00  7.20000000e-01  6.33090225e-01 
 5.49129093e-06 -2.10339654e-02  9.59388876e-01  1.08000000e+00  7.20000000e-01  6.33067138e-01 
 5.49629093e-06 -2.20479175e-02  9.62518773e-01  1.08000000e+00  7.20000000e-01  6.33037322e-01 
 5.50129093e-06 -2.30735958e-02  9.65664555e-01  1.08000000e+00  7.20000000e-01  6.33001416e-01 
 5.50629093e-06 -2.41164675e-02  9.68826547e-01  1.08000000e+00  7.20000000e-01  6.32960352e-01 
 5.51129093e-06 -2.51851092e-02  9.72005451e-01  1.08000000e+00  7.20000000e-01  6.32915085e-01 
 5.51629093e-06 -2.62934500e-02  9.75202750e-01  1.08000000e+00  7.20000000e-01  6.32867068e-01 
 5.52129093e-06 -2.74638958e-02  9.78421388e-01  1.08000000e+00  7.20000000e-01  6.32818182e-01 
 5.52629093e-06 -2.87258799e-02  9.81665491e-01  1.08000000e+00  7.20000000e-01  6.32771957e-01 
 5.53129093e-06 -3.01003978e-02  9.84936727e-01  1.08000000e+00  7.20000000e-01  6.32731828e-01 
 5.53629093e-06 -3.15834225e-02  9.88231036e-01  1.08000000e+00  7.20000000e-01  6.32699257e-01 
 5.54129093e-06 -3.31536624e-02  9.91541567e-01  1.08000000e+00  7.20000000e-01  6.32672981e-01 
 5.54629093e-06 -3.47889797e-02  9.94861908e-01  1.08000000e+00  7.20000000e-01  6.32650736e-01 
 5.55129093e-06 -3.64676797e-02  9.98184439e-01  1.08000000e+00  7.20000000e-01  6.32631139e-01 
 5.55629093e-06 -3.81592975e-02  1.00149604e+00  1.08000000e+00  7.20000000e-01  6.32613790e-01 
 5.56129093e-06 -3.98103137e-02  1.00477149e+00  1.08000000e+00  7.20000000e-01  6.32598389e-01 
 5.56629093e-06 -4.13240316e-02  1.00796368e+00  1.08000000e+00  7.20000000e-01  6.32584976e-01 
 5.57129093e-06 -4.25383609e-02  1.01099252e+00  1.08000000e+00  7.20000000e-01  6.32573566e-01 
 5.57629093e-06 -4.32152060e-02  1.01373973e+00  1.08000000e+00  7.20000000e-01  6.32564536e-01 
 5.58129093e-06 -4.30556830e-02  1.01605640e+00  1.08000000e+00  7.20000000e-01  6.32558280e-01 
 5.58629093e-06 -4.17394889e-02  1.01778275e+00  1.08000000e+00  7.20000000e-01  6.32555458e-01 
 5.59129093e-06 -3.89694990e-02  1.01877047e+00  1.08000000e+00  7.20000000e-01  6.32556558e-01 
 5.59629093e-06 -3.45034222e-02  1.01889863e+00  1.08000000e+00  7.20000000e-01  6.32562050e-01 
 5.60129093e-06 -2.81671630e-02  1.01808038e+00  1.08000000e+00  7.20000000e-01  6.32572035e-01 
 5.60629093e-06 -1.98548747e-02  1.01626300e+00  1.08000000e+00  7.20000000e-01  6.32586487e-01 
 5.61129093e-06 -9.52236874e-03  1.01342465e+00  1.08000000e+00  7.20000000e-01  6.32605035e-01 
 5.61629093e-06  2.82152380e-03  1.00956999e+00  1.08000000e+00  7.20000000e-01  6.32627252e-01 
 5.62129093e-06  1.71236011e-02  1.00472589e+00  1.08000000e+00  7.20000000e-01  6.32652484e-01 
 5.62629093e-06  3.32941349e-02  9.98937507e-01  1.08000000e+00  7.20000000e-01  6.32680109e-01 
 5.63129093e-06  5.12138257e-02  9.92264831e-01  1.08000000e+00  7.20000000e-01  6.32709374e-01 
 5.63629093e-06  7.07389396e-02  9.84780162e-01  1.08000000e+00  7.20000000e-01  6.32739617e-01 
 5.64129093e-06  9.17055742e-02  9.76566030e-01  1.08000000e+00  7.20000000e-01  6.32770100e-01 
 5.64629093e-06  1.13932530e-01  9.67713878e-01  1.08000000e+00  7.20000000e-01  6.32800187e-01 
 5.65129093e-06  1.37221451e-01  9.58324139e-01  1.08000000e+00  7.20000000e-01  6.32829194e-01 
 5.65629093e-06  1.61355312e-01  9.48507285e-01  1.08000000e+00  7.20000000e-01  6.32856499e-01 
 5.66129093e-06  1.86092929e-01  9.38387065e-01  1.08000000e+00  7.20000000e-01  6.32881408e-01 
 5.66629093e-06  2.11159052e-01  9.28106406e-01  1.08000000e+00  7.20000000e-01  6.32903187e-01 
 5.67129093e-06  2.36228762e-01  9.17836873e-01  1.08000000e+00  7.20000000e-01  6.32920972e-01 
 5.67629093e-06  2.60909437e-01  9.07789968e-01  1.08000000e+00  7.20000000e-01  6.32933938e-01 
 5.68129093e-06  2.84738485e-01  8.98218385e-01  1.08000000e+00  7.20000000e-01  6.32941770e-01 
 5.68629093e-06  3.07229376e-01  8.89384300e-01  1.08000000e+00  7.20000000e-01  6.32944995e-01 
 5.69129093e-06  3.27978638e-01  8.81492927e-01  1.08000000e+00  7.20000000e-01  6.32944291e-01 
 5.69629093e-06  3.46761192e-01  8.74644559e-01  1.08000000e+00  7.20000000e-01  6.32939537e-01 
 5.70129093e-06  3.63528019e-01  8.68844416e-01  1.08000000e+00  7.20000000e-01  6.32930190e-01 
 5.70629093e-06  3.78333577e-01  8.64043084e-01  1.08000000e+00  7.20000000e-01  6.32916563e-01 
 5.71129093e-06  3.91275607e-01  8.60167248e-01  1.08000000e+00  7.20000000e-01  6.32899359e-01 
 5.71629093e-06  4.02469261e-01  8.57133446e-01  1.08000000e+00  7.20000000e-01  6.32879419e-01 
 5.72129093e-06  4.12035890e-01  8.54855094e-01  1.08000000e+00  7.20000000e-01  6.32857502e-01 
 5.72629093e-06  4.20097716e-01  8.53246812e-01  1.08000000e+00  7.20000000e-01  6.32834338e-01 
 5.73129093e-06  4.26775481e-01  8.52227161e-01  1.08000000e+00  7.20000000e-01  6.32810527e-01 
 5.73629093e-06  4.32187672e-01  8.51720175e-01  1.08000000e+00  7.20000000e-01  6.32786615e-01 
 5.74129093e-06  4.36450120e-01  8.51656118e-01  1.08000000e+00  7.20000000e-01  6.32763017e-01 
 5.74629093e-06  4.39675519e-01  8.51971712e-01  1.08000000e+00  7.20000000e-01  6.32740097e-01 
 5.75129093e-06  4.41972633e-01  8.52610097e-01  1.08000000e+00  7.20000000e-01  6.32718107e-01 
 5.75629093e-06  4.43445381e-01  8.53520624e-01  1.08000000e+00  7.20000000e-01  6.32697264e-01 
 5.76129093e-06  4.44191856e-01  8.54658587e-01  1.08000000e+00  7.20000000e-01  6.32677688e-01 
 5.76629093e-06  4.44303514e-01  8.55984904e-01  1.08000000e+00  7.20000000e-01  6.32659487e-01 
 5.77129093e-06  4.43864527e-01  8.57465783e-01  1.08000000e+00  7.20000000e-01  6.32642688e-01 
 5.77629093e-06  4.42951433e-01  8.59072322e-01  1.08000000e+00  7.20000000e-01  6.32627319e-01 
 5.78129093e-06  4.41632973e-01  8.60780187e-01  1.08000000e+00  7.20000000e-01  6.32613339e-01 
 5.78629093e-06  4.39970193e-01  8.62569189e-01  1.08000000e+00  7.20000000e-01  6.32600726e-01 
 5.79129093e-06  4.38016749e-01  8.64422789e-01  1.08000000e+00  7.20000000e-01  6.32589403e-01 
 5.79629093e-06  4.35819363e-01  8.66327677e-01  1.08000000e+00  7.20000000e-01  6.32579309e-01 
 5.80129093e-06  4.33418348e-01  8.68273329e-01  1.08000000e+00  7.20000000e-01  6.32570344e-01 
 5.80629093e-06  4.30848221e-01  8.70251597e-01  1.08000000e+00  7.20000000e-01  6.32562434e-01 
 5.81129093e-06  4.28138339e-01  8.72256270e-01  1.08000000e+00  7.20000000e-01  6.32555471e-01 
 5.81629093e-06  4.25313539e-01  8.74282706e-01  1.08000000e+00  7.20000000e-01  6.32549379e-01 
 5.82129093e-06  4.22394694e-01  8.76327528e-01  1.08000000e+00  7.20000000e-01  6.32544053e-01 
 5.82629093e-06  4.19399290e-01  8.78388325e-01  1.08000000e+00  7.20000000e-01  6.32539422e-01 
 5.83129093e-06  4.16341913e-01  8.80463406e-01  1.08000000e+00  7.20000000e-01  6.32535390e-01 
 5.83629093e-06  4.13234704e-01  8.82551588e-01  1.08000000e+00  7.20000000e-01  6.32531900e-01 
 5.84129093e-06  4.10087741e-01  8.84652032e-01  1.08000000e+00  7.20000000e-01  6.32528869e-01 
 5.84629093e-06  4.06909398e-01  8.86764100e-01  1.08000000e+00  7.20000000e-01  6.32526251e-01 
 5.85129093e-06  4.03706633e-01  8.88887246e-01  1.08000000e+00  7.20000000e-01  6.32523978e-01 
 5.85629093e-06  4.00485269e-01  8.91020919e-01  1.08000000e+00  7.20000000e-01  6.32522017e-01 
 5.86129093e-06  3.97250225e-01  8.93164493e-01  1.08000000e+00  7.20000000e-01  6.32520314e-01 
 5.86629093e-06  3.94005748e-01  8.95317193e-01  1.08000000e+00  7.20000000e-01  6.32518848e-01 
 5.87129093e-06  3.90755607e-01  8.97478037e-01  1.08000000e+00  7.20000000e-01  6.32517575e-01 
 5.87629093e-06  3.87503312e-01  8.99645772e-01  1.08000000e+00  7.20000000e-01  6.32516487e-01 
 5.88129093e-06  3.84252304e-01  9.01818812e-01  1.08000000e+00  7.20000000e-01  6.32515550e-01 
 5.88629093e-06  3.81006176e-01  9.03995160e-01  1.08000000e+00  7.20000000e-01  6.32514764e-01 
 5.89129093e-06  3.77768899e-01  9.06172322e-01  1.08000000e+00  7.20000000e-01  6.32514106e-01 
 5.89629093e-06  3.74545084e-01  9.08347200e-01  1.08000000e+00  7.20000000e-01  6.32513585e-01 
 5.90129093e-06  3.71340261e-01  9.10515965e-01  1.08000000e+00  7.20000000e-01  6.32513186e-01 
 5.90629093e-06  3.68161209e-01  9.12673901e-01  1.08000000e+00  7.20000000e-01  6.32512926e-01 
 5.91129093e-06  3.65016314e-01  9.14815227e-01  1.08000000e+00  7.20000000e-01  6.32512803e-01 
 5.91629093e-06  3.61915967e-01  9.16932888e-01  1.08000000e+00  7.20000000e-01  6.32512842e-01 
 5.92129093e-06  3.58872967e-01  9.19018333e-01  1.08000000e+00  7.20000000e-01  6.32513052e-01 
 5.92629093e-06  3.55902923e-01  9.21061288e-01  1.08000000e+00  7.20000000e-01  6.32513471e-01 
 5.93129093e-06  3.53024576e-01  9.23049543e-01  1.08000000e+00  7.20000000e-01  6.32514120e-01 
 5.93629093e-06  3.50259998e-01  9.24968804e-01  1.08000000e+00  7.20000000e-01  6.32515052e-01 
 5.94129093e-06  3.47634571e-01  9.26802622e-01  1.08000000e+00  7.20000000e-01  6.32516302e-01 
 5.94629093e-06  3.45176671e-01  9.28532464e-01  1.08000000e+00  7.20000000e-01  6.32517936e-01 
 5.95129093e-06  3.42916999e-01  9.30137948e-01  1.08000000e+00  7.20000000e-01  6.32520001e-01 
 5.95629093e-06  3.40887505e-01  9.31597258e-01  1.08000000e+00  7.20000000e-01  6.32522568e-01 
 5.96129093e-06  3.39119972e-01  9.32887729e-01  1.08000000e+00  7.20000000e-01  6.32525689e-01 
 5.96629093e-06  3.37644299e-01  9.33986573e-01  1.08000000e+00  7.20000000e-01  6.32529430e-01 
 5.97129093e-06  3.36486669e-01  9.34871671e-01  1.08000000e+00  7.20000000e-01  6.32533831e-01 
 5.97629093e-06  3.35667736e-01  9.35522370e-01  1.08000000e+00  7.20000000e-01  6.32538939e-01 
 5.98129093e-06  3.35201024e-01  9.35920203e-01  1.08000000e+00  7.20000000e-01  6.32544767e-01 
 5.98629093e-06  3.35091681e-01  9.36049481e-01  1.08000000e+00  7.20000000e-01  6.32551331e-01 
 5.99129093e-06  3.35335701e-01  9.35897721e-01  1.08000000e+00  7.20000000e-01  6.32558609e-01 
 5.99629093e-06  3.35919662e-01  9.35455896e-01  1.08000000e+00  7.20000000e-01  6.32566578e-01 
 6.00129093e-06  3.36821013e-01  9.34718532e-01  1.08000000e+00  7.20000000e-01  6.32575180e-01 
 6.00629093e-06  3.38008855e-01  9.33683673e-01  1.08000000e+00  7.20000000e-01  6.32584361e-01 
 6.01129093e-06  3.39445177e-01  9.32352753e-01  1.08000000e+00  7.20000000e-01  6.32594033e-01 
 6.01629093e-06  3.41086435e-01  9.30730418e-01  1.08000000e+00  7.20000000e-01  6.32604118e-01 
 6.02129093e-06  3.42885385e-01  9.28824335e-01  1.08000000e+00  7.20000000e-01  6.32614510e-01 
 6.02629093e-06  3.44793021e-01  9.26645002e-01  1.08000000e+00  7.20000000e-01  6.32625118e-01 
 6.03129093e-06  3.46760521e-01  9.24205590e-01  1.08000000e+00  7.20000000e-01  6.32635828e-01 
 6.03629093e-06  3.48741058e-01  9.21521803e-01  1.08000000e+00  7.20000000e-01  6.32646543e-01 
 6.04129093e-06  3.50691373e-01  9.18611762e-01  1.08000000e+00  7.20000000e-01  6.32657147e-01 
 6.04629093e-06  3.52573043e-01  9.15495894e-01  1.08000000e+00  7.20000000e-01  6.32667544e-01 
 6.05129093e-06  3.54353385e-01  9.12196816e-01  1.08000000e+00  7.20000000e-01  6.32677622e-01 
 6.05629093e-06  3.56005977e-01  9.08739184e-01  1.08000000e+00  7.20000000e-01  6.32687288e-01 
 6.06129093e-06  3.57510821e-01  9.05149511e-01  1.08000000e+00  7.20000000e-01  6.32696437e-01 
 6.06629093e-06  3.58854188e-01  9.01455937e-01  1.08000000e+00  7.20000000e-01  6.32704983e-01 
 6.07129093e-06  3.60028189e-01  8.97687938e-01  1.08000000e+00  7.20000000e-01  6.32712833e-01 
 6.07629093e-06  3.61030163e-01  8.93875990e-01  1.08000000e+00  7.20000000e-01  6.32719912e-01 
 6.08129093e-06  3.61861920e-01  8.90051186e-01  1.08000000e+00  7.20000000e-01  6.32726144e-01 
 6.08629093e-06  3.62528943e-01  8.86244806e-01  1.08000000e+00  7.20000000e-01  6.32731472e-01 
 6.09129093e-06  3.63039554e-01  8.82487875e-01  1.08000000e+00  7.20000000e-01  6.32735840e-01 
 6.09629093e-06  3.63404137e-01  8.78810692e-01  1.08000000e+00  7.20000000e-01  6.32739212e-01 
 6.10129093e-06  3.63634409e-01  8.75242375e-01  1.08000000e+00  7.20000000e-01  6.32741558e-01 
 6.10629093e-06  3.63742793e-01  8.71810413e-01  1.08000000e+00  7.20000000e-01  6.32742870e-01 
 6.11129093e-06  3.63741872e-01  8.68540260e-01  1.08000000e+00  7.20000000e-01  6.32743141e-01 
 6.11629093e-06  3.63643963e-01  8.65454964e-01  1.08000000e+00  7.20000000e-01  6.32742390e-01 
 6.12129093e-06  3.63460767e-01  8.62574865e-01  1.08000000e+00  7.20000000e-01  6.32740638e-01 
 6.12629093e-06  3.63203133e-01  8.59917358e-01  1.08000000e+00  7.20000000e-01  6.32737926e-01 
 6.13129093e-06  3.62880876e-01  8.57496728e-01  1.08000000e+00  7.20000000e-01  6.32734297e-01 
 6.13629093e-06  3.62502693e-01  8.55324068e-01  1.08000000e+00  7.20000000e-01  6.32729815e-01 
 6.14129093e-06  3.62076102e-01  8.53407276e-01  1.08000000e+00  7.20000000e-01  6.32724538e-01 
 6.14629093e-06  3.61607468e-01  8.51751119e-01  1.08000000e+00  7.20000000e-01  6.32718545e-01 
 6.15129093e-06  3.61102016e-01  8.50357372e-01  1.08000000e+00  7.20000000e-01  6.32711906e-01 
 6.15629093e-06  3.60563917e-01  8.49225010e-01  1.08000000e+00  7.20000000e-01  6.32704708e-01 
 6.16129093e-06  3.59996356e-01  8.48350450e-01  1.08000000e+00  7.20000000e-01  6.32697026e-01 
 6.16629093e-06  3.59401633e-01  8.47727822e-01  1.08000000e+00  7.20000000e-01  6.32688951e-01 
 6.17129093e-06  3.58781262e-01  8.47349271e-01  1.08000000e+00  7.20000000e-01  6.32680559e-01 
 6.17629093e-06  3.58136084e-01  8.47205256e-01  1.08000000e+00  7.20000000e-01  6.32671939e-01 
 6.18129093e-06  3.57466363e-01  8.47284868e-01  1.08000000e+00  7.20000000e-01  6.32663161e-01 
 6.18629093e-06  3.56771908e-01  8.47576121e-01  1.08000000e+00  7.20000000e-01  6.32654310e-01 
 6.19129093e-06  3.56052167e-01  8.48066246e-01  1.08000000e+00  7.20000000e-01  6.32645449e-01 
 6.19629093e-06  3.55306345e-01  8.48741951e-01  1.08000000e+00  7.20000000e-01  6.32636653e-01 
 6.20129093e-06  3.54533494e-01  8.49589669e-01  1.08000000e+00  7.20000000e-01  6.32627975e-01 
 6.20629093e-06  3.53732627e-01  8.50595769e-01  1.08000000e+00  7.20000000e-01  6.32619479e-01 
 6.21129093e-06  3.52902800e-01  8.51746755e-01  1.08000000e+00  7.20000000e-01  6.32611206e-01 
 6.21629093e-06  3.52043216e-01  8.53029420e-01  1.08000000e+00  7.20000000e-01  6.32603209e-01 
 6.22129093e-06  3.51153299e-01  8.54430989e-01  1.08000000e+00  7.20000000e-01  6.32595516e-01 
 6.22629093e-06  3.50232778e-01  8.55939224e-01  1.08000000e+00  7.20000000e-01  6.32588167e-01 
 6.23129093e-06  3.49281751e-01  8.57542508e-01  1.08000000e+00  7.20000000e-01  6.32581177e-01 
 6.23629093e-06  3.48300748e-01  8.59229901e-01  1.08000000e+00  7.20000000e-01  6.32574574e-01 
 6.24129093e-06  3.47290765e-01  8.60991179e-01  1.08000000e+00  7.20000000e-01  6.32568362e-01 
 6.24629093e-06  3.46253311e-01  8.62816836e-01  1.08000000e+00  7.20000000e-01  6.32562558e-01 
 6.25129093e-06  3.45190424e-01  8.64698086e-01  1.08000000e+00  7.20000000e-01  6.32557156e-01 
 6.25629093e-06  3.44104685e-01  8.66626829e-01  1.08000000e+00  7.20000000e-01  6.32552164e-01 
 6.26129093e-06  3.42999225e-01  8.68595613e-01  1.08000000e+00  7.20000000e-01  6.32547568e-01 
 6.26629093e-06  3.41877727e-01  8.70597577e-01  1.08000000e+00  7.20000000e-01  6.32543371e-01 
 6.27129093e-06  3.40744415e-01  8.72626392e-01  1.08000000e+00  7.20000000e-01  6.32539550e-01 
 6.27629093e-06  3.39604066e-01  8.74676185e-01  1.08000000e+00  7.20000000e-01  6.32536106e-01 
 6.28129093e-06  3.38461997e-01  8.76741469e-01  1.08000000e+00  7.20000000e-01  6.32533014e-01 
 6.28629093e-06  3.37324077e-01  8.78817066e-01  1.08000000e+00  7.20000000e-01  6.32530271e-01 
 6.29129093e-06  3.36196730e-01  8.80898026e-01  1.08000000e+00  7.20000000e-01  6.32527852e-01 
 6.29629093e-06  3.35086954e-01  8.82979557e-01  1.08000000e+00  7.20000000e-01  6.32525755e-01 
 6.30129093e-06  3.34002334e-01  8.85056954e-01  1.08000000e+00  7.20000000e-01  6.32523956e-01 
 6.30629093e-06  3.32951063e-01  8.87125530e-01  1.08000000e+00  7.20000000e-01  6.32522454e-01 
 6.31129093e-06  3.31941960e-01  8.89180556e-01  1.08000000e+00  7.20000000e-01  6.32521227e-01 
 6.31629093e-06  3.30984483e-01  8.91217214e-01  1.08000000e+00  7.20000000e-01  6.32520277e-01 
 6.32129093e-06  3.30088730e-01  8.93230549e-01  1.08000000e+00  7.20000000e-01  6.32519586e-01 
 6.32629093e-06  3.29265434e-01  8.95215448e-01  1.08000000e+00  7.20000000e-01  6.32519158e-01 
 6.33129093e-06  3.28525929e-01  8.97166616e-01  1.08000000e+00  7.20000000e-01  6.32518979e-01 
 6.33629093e-06  3.27882096e-01  8.99078587e-01  1.08000000e+00  7.20000000e-01  6.32519057e-01 
 6.34129093e-06  3.27346274e-01  9.00945737e-01  1.08000000e+00  7.20000000e-01  6.32519378e-01 
 6.34629093e-06  3.26931144e-01  9.02762331e-01  1.08000000e+00  7.20000000e-01  6.32519954e-01 
 6.35129093e-06  3.26649561e-01  9.04522583e-01  1.08000000e+00  7.20000000e-01  6.32520774e-01 
 6.35629093e-06  3.26514363e-01  9.06220741e-01  1.08000000e+00  7.20000000e-01  6.32521847e-01 
 6.36129093e-06  3.26538132e-01  9.07851193e-01  1.08000000e+00  7.20000000e-01  6.32523164e-01 
 6.36629093e-06  3.26732919e-01  9.09408588e-01  1.08000000e+00  7.20000000e-01  6.32524732e-01 
 6.37129093e-06  3.27109955e-01  9.10887975e-01  1.08000000e+00  7.20000000e-01  6.32526540e-01 
 6.37629093e-06  3.27679330e-01  9.12284946e-01  1.08000000e+00  7.20000000e-01  6.32528591e-01 
 6.38129093e-06  3.28449681e-01  9.13595783e-01  1.08000000e+00  7.20000000e-01  6.32530868e-01 
 6.38629093e-06  3.29427880e-01  9.14817595e-01  1.08000000e+00  7.20000000e-01  6.32533369e-01 
 6.39129093e-06  3.30618752e-01  9.15948444e-01  1.08000000e+00  7.20000000e-01  6.32536069e-01 
 6.39629093e-06  3.32024829e-01  9.16987447e-01  1.08000000e+00  7.20000000e-01  6.32538959e-01 
 6.40129093e-06  3.33646158e-01  9.17934843e-01  1.08000000e+00  7.20000000e-01  6.32542007e-01 
 6.40629093e-06  3.35480165e-01  9.18792029e-01  1.08000000e+00  7.20000000e-01  6.32545196e-01 
 6.41129093e-06  3.37521596e-01  9.19561552e-01  1.08000000e+00  7.20000000e-01  6.32548488e-01 
 6.41629093e-06  3.39762519e-01  9.20247056e-01  1.08000000e+00  7.20000000e-01  6.32551858e-01 
 6.42129093e-06  3.42192399e-01  9.20853181e-01  1.08000000e+00  7.20000000e-01  6.32555264e-01 
 6.42629093e-06  3.44798224e-01  9.21385424e-01  1.08000000e+00  7.20000000e-01  6.32558678e-01 
 6.43129093e-06  3.47564684e-01  9.21849952e-01  1.08000000e+00  7.20000000e-01  6.32562057e-01 
 6.43629093e-06  3.50474368e-01  9.22253380e-01  1.08000000e+00  7.20000000e-01  6.32565374e-01 
 6.44129093e-06  3.53507970e-01  9.22602508e-01  1.08000000e+00  7.20000000e-01  6.32568588e-01 
 6.44629093e-06  3.56644476e-01  9.22904031e-01  1.08000000e+00  7.20000000e-01  6.32571680e-01 
 6.45129093e-06  3.59861309e-01  9.23164210e-01  1.08000000e+00  7.20000000e-01  6.32574616e-01 
 6.45629093e-06  3.63134415e-01  9.23388526e-01  1.08000000e+00  7.20000000e-01  6.32577387e-01 
 6.46129093e-06  3.66438260e-01  9.23581293e-01  1.08000000e+00  7.20000000e-01  6.32579975e-01 
 6.46629093e-06  3.69745764e-01  9.23745267e-01  1.08000000e+00  7.20000000e-01  6.32582387e-01 
 6.47129093e-06  3.73028159e-01  9.23881243e-01  1.08000000e+00  7.20000000e-01  6.32584622e-01 
 6.47629093e-06  3.76254833e-01  9.23987671e-01  1.08000000e+00  7.20000000e-01  6.32586709e-01 
 6.48129093e-06  3.79393217e-01  9.24060337e-01  1.08000000e+00  7.20000000e-01  6.32588670e-01 
 6.48629093e-06  3.82408818e-01  9.24092151e-01  1.08000000e+00  7.20000000e-01  6.32590557e-01 
 6.49129093e-06  3.85265499e-01  9.24073091e-01  1.08000000e+00  7.20000000e-01  6.32592417e-01 
 6.49629093e-06  3.87926092e-01  9.23990382e-01  1.08000000e+00  7.20000000e-01  6.32594322e-01 
 6.50129093e-06  3.90353392e-01  9.23828904e-01  1.08000000e+00  7.20000000e-01  6.32596338e-01 
 6.50629093e-06  3.92511507e-01  9.23571847e-01  1.08000000e+00  7.20000000e-01  6.32598548e-01 
 6.51129093e-06  3.94367452e-01  9.23201575e-01  1.08000000e+00  7.20000000e-01  6.32601021e-01 
 6.51629093e-06  3.95892835e-01  9.22700585e-01  1.08000000e+00  7.20000000e-01  6.32603835e-01 
 6.52129093e-06  3.97065422e-01  9.22052511e-01  1.08000000e+00  7.20000000e-01  6.32607042e-01 
 6.52629093e-06  3.97870419e-01  9.21243029e-01  1.08000000e+00  7.20000000e-01  6.32610691e-01 
 6.53129093e-06  3.98301319e-01  9.20260628e-01  1.08000000e+00  7.20000000e-01  6.32614802e-01 
 6.53629093e-06  3.98360267e-01  9.19097158e-01  1.08000000e+00  7.20000000e-01  6.32619383e-01 
 6.54129093e-06  3.98057924e-01  9.17748180e-01  1.08000000e+00  7.20000000e-01  6.32624409e-01 
 6.54629093e-06  3.97412889e-01  9.16213087e-01  1.08000000e+00  7.20000000e-01  6.32629848e-01 
 6.55129093e-06  3.96450750e-01  9.14495066e-01  1.08000000e+00  7.20000000e-01  6.32635633e-01 
 6.55629093e-06  3.95202882e-01  9.12600901e-01  1.08000000e+00  7.20000000e-01  6.32641699e-01 
 6.56129093e-06  3.93705065e-01  9.10540678e-01  1.08000000e+00  7.20000000e-01  6.32647952e-01 
 6.56629093e-06  3.91996040e-01  9.08327419e-01  1.08000000e+00  7.20000000e-01  6.32654304e-01 
 6.57129093e-06  3.90116060e-01  9.05976688e-01  1.08000000e+00  7.20000000e-01  6.32660651e-01 
 6.57629093e-06  3.88105534e-01  9.03506166e-01  1.08000000e+00  7.20000000e-01  6.32666898e-01 
 6.58129093e-06  3.86003791e-01  9.00935247e-01  1.08000000e+00  7.20000000e-01  6.32672941e-01 
 6.58629093e-06  3.83848028e-01  8.98284630e-01  1.08000000e+00  7.20000000e-01  6.32678693e-01 
 6.59129093e-06  3.81672453e-01  8.95575945e-01  1.08000000e+00  7.20000000e-01  6.32684060e-01 
 6.59629093e-06  3.79507651e-01  8.92831389e-01  1.08000000e+00  7.20000000e-01  6.32688971e-01 
 6.60129093e-06  3.77380160e-01  8.90073396e-01  1.08000000e+00  7.20000000e-01  6.32693349e-01 
 6.60629093e-06  3.75312253e-01  8.87324315e-01  1.08000000e+00  7.20000000e-01  6.32697141e-01 
 6.61129093e-06  3.73321902e-01  8.84606114e-01  1.08000000e+00  7.20000000e-01  6.32700292e-01 
 6.61629093e-06  3.71422904e-01  8.81940107e-01  1.08000000e+00  7.20000000e-01  6.32702771e-01 
 6.62129093e-06  3.69625118e-01  8.79346690e-01  1.08000000e+00  7.20000000e-01  6.32704545e-01 
 6.62629093e-06  3.67934811e-01  8.76845104e-01  1.08000000e+00  7.20000000e-01  6.32705602e-01 
 6.63129093e-06  3.66355050e-01  8.74453224e-01  1.08000000e+00  7.20000000e-01  6.32705931e-01 
 6.63629093e-06  3.64886135e-01  8.72187368e-01  1.08000000e+00  7.20000000e-01  6.32705540e-01 
 6.64129093e-06  3.63526037e-01  8.70062139e-01  1.08000000e+00  7.20000000e-01  6.32704438e-01 
 6.64629093e-06  3.62270829e-01  8.68090300e-01  1.08000000e+00  7.20000000e-01  6.32702648e-01 
 6.65129093e-06  3.61115082e-01  8.66282689e-01  1.08000000e+00  7.20000000e-01  6.32700196e-01 
 6.65629093e-06  3.60052246e-01  8.64648159e-01  1.08000000e+00  7.20000000e-01  6.32697119e-01 
 6.66129093e-06  3.59074962e-01  8.63193573e-01  1.08000000e+00  7.20000000e-01  6.32693455e-01 
 6.66629093e-06  3.58175364e-01  8.61923818e-01  1.08000000e+00  7.20000000e-01  6.32689254e-01 
 6.67129093e-06  3.57345307e-01  8.60841869e-01  1.08000000e+00  7.20000000e-01  6.32684560e-01 
 6.67629093e-06  3.56576580e-01  8.59948870e-01  1.08000000e+00  7.20000000e-01  6.32679431e-01 
 6.68129093e-06  3.55861062e-01  8.59244254e-01  1.08000000e+00  7.20000000e-01  6.32673916e-01 
 6.68629093e-06  3.55190864e-01  8.58725875e-01  1.08000000e+00  7.20000000e-01  6.32668077e-01 
 6.69129093e-06  3.54558421e-01  8.58390162e-01  1.08000000e+00  7.20000000e-01  6.32661964e-01 
 6.69629093e-06  3.53956582e-01  8.58232282e-01  1.08000000e+00  7.20000000e-01  6.32655639e-01 
 6.70129093e-06  3.53378662e-01  8.58246310e-01  1.08000000e+00  7.20000000e-01  6.32649151e-01 
 6.70629093e-06  3.52818491e-01  8.58425403e-01  1.08000000e+00  7.20000000e-01  6.32642561e-01 
 6.71129093e-06  3.52270445e-01  8.58761964e-01  1.08000000e+00  7.20000000e-01  6.32635912e-01 
 6.71629093e-06  3.51729469e-01  8.59247812e-01  1.08000000e+00  7.20000000e-01  6.32629260e-01 
 6.72129093e-06  3.51191091e-01  8.59874329e-01  1.08000000e+00  7.20000000e-01  6.32622644e-01 
 6.72629093e-06  3.50651439e-01  8.60632606e-01  1.08000000e+00  7.20000000e-01  6.32616113e-01 
 6.73129093e-06  3.50107241e-01  8.61513577e-01  1.08000000e+00  7.20000000e-01  6.32609699e-01 
 6.73629093e-06  3.49555838e-01  8.62508127e-01  1.08000000e+00  7.20000000e-01  6.32603443e-01 
 6.74129093e-06  3.48995179e-01  8.63607200e-01  1.08000000e+00  7.20000000e-01  6.32597369e-01 
 6.74629093e-06  3.48423830e-01  8.64801881e-01  1.08000000e+00  7.20000000e-01  6.32591512e-01 
 6.75129093e-06  3.47840964e-01  8.66083470e-01  1.08000000e+00  7.20000000e-01  6.32585886e-01 
 6.75629093e-06  3.47246368e-01  8.67443534e-01  1.08000000e+00  7.20000000e-01  6.32580518e-01 
 6.76129093e-06  3.46640429e-01  8.68873952e-01  1.08000000e+00  7.20000000e-01  6.32575417e-01 
 6.76629093e-06  3.46024133e-01  8.70366940e-01  1.08000000e+00  7.20000000e-01  6.32570601e-01 
 6.77129093e-06  3.45399051e-01  8.71915067e-01  1.08000000e+00  7.20000000e-01  6.32566071e-01 
 6.77629093e-06  3.44767331e-01  8.73511260e-01  1.08000000e+00  7.20000000e-01  6.32561842e-01 
 6.78129093e-06  3.44131685e-01  8.75148794e-01  1.08000000e+00  7.20000000e-01  6.32557907e-01 
 6.78629093e-06  3.43495372e-01  8.76821279e-01  1.08000000e+00  7.20000000e-01  6.32554276e-01 
 6.79129093e-06  3.42862185e-01  8.78522640e-01  1.08000000e+00  7.20000000e-01  6.32550938e-01 
 6.79629093e-06  3.42236435e-01  8.80247085e-01  1.08000000e+00  7.20000000e-01  6.32547900e-01 
 6.80129093e-06  3.41622935e-01  8.81989074e-01  1.08000000e+00  7.20000000e-01  6.32545148e-01 
 6.80629093e-06  3.41026980e-01  8.83743289e-01  1.08000000e+00  7.20000000e-01  6.32542686e-01 
 6.81129093e-06  3.40454331e-01  8.85504595e-01  1.08000000e+00  7.20000000e-01  6.32540500e-01 
 6.81629093e-06  3.39911195e-01  8.87268011e-01  1.08000000e+00  7.20000000e-01  6.32538590e-01 
 6.82129093e-06  3.39404201e-01  8.89028676e-01  1.08000000e+00  7.20000000e-01  6.32536944e-01 
 6.82629093e-06  3.38940372e-01  8.90781822e-01  1.08000000e+00  7.20000000e-01  6.32535561e-01 
 6.83129093e-06  3.38527091e-01  8.92522754e-01  1.08000000e+00  7.20000000e-01  6.32534429e-01 
 6.83629093e-06  3.38172060e-01  8.94246832e-01  1.08000000e+00  7.20000000e-01  6.32533548e-01 
 6.84129093e-06  3.37883247e-01  8.95949464e-01  1.08000000e+00  7.20000000e-01  6.32532905e-01 
 6.84629093e-06  3.37668819e-01  8.97626104e-01  1.08000000e+00  7.20000000e-01  6.32532504e-01 
 6.85129093e-06  3.37537068e-01  8.99272266e-01  1.08000000e+00  7.20000000e-01  6.32532330e-01 
 6.85629093e-06  3.37496311e-01  9.00883533e-01  1.08000000e+00  7.20000000e-01  6.32532386e-01 
 6.86129093e-06  3.37554785e-01  9.02455595e-01  1.08000000e+00  7.20000000e-01  6.32532661e-01 
 6.86629093e-06  3.37720517e-01  9.03984274e-01  1.08000000e+00  7.20000000e-01  6.32533157e-01 
 6.87129093e-06  3.38001183e-01  9.05465578e-01  1.08000000e+00  7.20000000e-01  6.32533860e-01 
 6.87629093e-06  3.38403953e-01  9.06895740e-01  1.08000000e+00  7.20000000e-01  6.32534774e-01 
 6.88129093e-06  3.38935324e-01  9.08271278e-01  1.08000000e+00  7.20000000e-01  6.32535883e-01 
 6.88629093e-06  3.39600949e-01  9.09589044e-01  1.08000000e+00  7.20000000e-01  6.32537188e-01 
 6.89129093e-06  3.40405459e-01  9.10846276e-01  1.08000000e+00  7.20000000e-01  6.32538673e-01 
 6.89629093e-06  3.41352290e-01  9.12040643e-01  1.08000000e+00  7.20000000e-01  6.32540335e-01 
 6.90129093e-06  3.42443520e-01  9.13170275e-01  1.08000000e+00  7.20000000e-01  6.32542157e-01 
 6.90629093e-06  3.43679706e-01  9.14233780e-01  1.08000000e+00  7.20000000e-01  6.32544132e-01 
 6.91129093e-06  3.45059750e-01  9.15230250e-01  1.08000000e+00  7.20000000e-01  6.32546239e-01 
 6.91629093e-06  3.46580770e-01  9.16159230e-01  1.08000000e+00  7.20000000e-01  6.32548472e-01 
 6.92129093e-06  3.48237995e-01  9.17020670e-01  1.08000000e+00  7.20000000e-01  6.32550808e-01 
 6.92629093e-06  3.50024674e-01  9.17814849e-01  1.08000000e+00  7.20000000e-01  6.32553238e-01 
 6.93129093e-06  3.51931998e-01  9.18542262e-01  1.08000000e+00  7.20000000e-01  6.32555739e-01 
 6.93629093e-06  3.53949041e-01  9.19203478e-01  1.08000000e+00  7.20000000e-01  6.32558304e-01 
 6.94129093e-06  3.56062704e-01  9.19798975e-01  1.08000000e+00  7.20000000e-01  6.32560913e-01 
 6.94629093e-06  3.58257673e-01  9.20328933e-01  1.08000000e+00  7.20000000e-01  6.32563562e-01 
 6.95129093e-06  3.60516385e-01  9.20793020e-01  1.08000000e+00  7.20000000e-01  6.32566237e-01 
 6.95629093e-06  3.62819023e-01  9.21190163e-01  1.08000000e+00  7.20000000e-01  6.32568943e-01 
 6.96129093e-06  3.65143550e-01  9.21518320e-01  1.08000000e+00  7.20000000e-01  6.32571675e-01 
 6.96629093e-06  3.67465803e-01  9.21774284e-01  1.08000000e+00  7.20000000e-01  6.32574446e-01 
 6.97129093e-06  3.69759687e-01  9.21953533e-01  1.08000000e+00  7.20000000e-01  6.32577265e-01 
 6.97629093e-06  3.71997500e-01  9.22050151e-01  1.08000000e+00  7.20000000e-01  6.32580158e-01 
 6.98129093e-06  3.74150415e-01  9.22056856e-01  1.08000000e+00  7.20000000e-01  6.32583144e-01 
 6.98629093e-06  3.76189137e-01  9.21965140e-01  1.08000000e+00  7.20000000e-01  6.32586259e-01 
 6.99129093e-06  3.78084723e-01  9.21765533e-01  1.08000000e+00  7.20000000e-01  6.32589532e-01 
 6.99629093e-06  3.79809542e-01  9.21447985e-01  1.08000000e+00  7.20000000e-01  6.32593001e-01 
 7.00129093e-06  3.81338291e-01  9.21002336e-01  1.08000000e+00  7.20000000e-01  6.32596695e-01 
 7.00629093e-06  3.82649021e-01  9.20418848e-01  1.08000000e+00  7.20000000e-01  6.32600647e-01 
 7.01129093e-06  3.83724042e-01  9.19688743e-01  1.08000000e+00  7.20000000e-01  6.32604873e-01 
 7.01629093e-06  3.84550672e-01  9.18804718e-01  1.08000000e+00  7.20000000e-01  6.32609391e-01 
 7.02129093e-06  3.85121726e-01  9.17761390e-01  1.08000000e+00  7.20000000e-01  6.32614197e-01 
 7.02629093e-06  3.85435747e-01  9.16555644e-01  1.08000000e+00  7.20000000e-01  6.32619286e-01 
 7.03129093e-06  3.85496941e-01  9.15186878e-01  1.08000000e+00  7.20000000e-01  6.32624626e-01 
 7.03629093e-06  3.85314858e-01  9.13657134e-01  1.08000000e+00  7.20000000e-01  6.32630189e-01 
 7.04129093e-06  3.84903846e-01  9.11971116e-01  1.08000000e+00  7.20000000e-01  6.32635921e-01 
 7.04629093e-06  3.84282329e-01  9.10136131e-01  1.08000000e+00  7.20000000e-01  6.32641769e-01 
 7.05129093e-06  3.83471969e-01  9.08161937e-01  1.08000000e+00  7.20000000e-01  6.32647662e-01 
 7.05629093e-06  3.82496765e-01  9.06060541e-01  1.08000000e+00  7.20000000e-01  6.32653537e-01 
 7.06129093e-06  3.81382142e-01  9.03845952e-01  1.08000000e+00  7.20000000e-01  6.32659311e-01 
 7.06629093e-06  3.80154077e-01  9.01533900e-01  1.08000000e+00  7.20000000e-01  6.32664917e-01 
 7.07129093e-06  3.78838293e-01  8.99141544e-01  1.08000000e+00  7.20000000e-01  6.32670274e-01 
 7.07629093e-06  3.77459557e-01  8.96687166e-01  1.08000000e+00  7.20000000e-01  6.32675315e-01 
 7.08129093e-06  3.76041093e-01  8.94189865e-01  1.08000000e+00  7.20000000e-01  6.32679968e-01 
 7.08629093e-06  3.74604126e-01  8.91669254e-01  1.08000000e+00  7.20000000e-01  6.32684178e-01 
 7.09129093e-06  3.73167553e-01  8.89145165e-01  1.08000000e+00  7.20000000e-01  6.32687884e-01 
 7.09629093e-06  3.71747740e-01  8.86637365e-01  1.08000000e+00  7.20000000e-01  6.32691045e-01 
 7.10129093e-06  3.70358433e-01  8.84165278e-01  1.08000000e+00  7.20000000e-01  6.32693618e-01 
 7.10629093e-06  3.69010769e-01  8.81747736e-01  1.08000000e+00  7.20000000e-01  6.32695578e-01 
 7.11129093e-06  3.67713367e-01  8.79402736e-01  1.08000000e+00  7.20000000e-01  6.32696899e-01 
 7.11629093e-06  3.66472483e-01  8.77147221e-01  1.08000000e+00  7.20000000e-01  6.32697574e-01 
 7.12129093e-06  3.65292217e-01  8.74996894e-01  1.08000000e+00  7.20000000e-01  6.32697594e-01 
 7.12629093e-06  3.64174743e-01  8.72966045e-01  1.08000000e+00  7.20000000e-01  6.32696969e-01 
 7.13129093e-06  3.63120558e-01  8.71067421e-01  1.08000000e+00  7.20000000e-01  6.32695707e-01 
 7.13629093e-06  3.62128737e-01  8.69312120e-01  1.08000000e+00  7.20000000e-01  6.32693833e-01 
 7.14129093e-06  3.61197178e-01  8.67709519e-01  1.08000000e+00  7.20000000e-01  6.32691367e-01 
 7.14629093e-06  3.60322834e-01  8.66267238e-01  1.08000000e+00  7.20000000e-01  6.32688346e-01 
 7.15129093e-06  3.59501930e-01  8.64991134e-01  1.08000000e+00  7.20000000e-01  6.32684804e-01 
 7.15629093e-06  3.58730155e-01  8.63885328e-01  1.08000000e+00  7.20000000e-01  6.32680785e-01 
 7.16129093e-06  3.58002834e-01  8.62952261e-01  1.08000000e+00  7.20000000e-01  6.32676329e-01 
 7.16629093e-06  3.57315079e-01  8.62192774e-01  1.08000000e+00  7.20000000e-01  6.32671489e-01 
 7.17129093e-06  3.56661914e-01  8.61606208e-01  1.08000000e+00  7.20000000e-01  6.32666309e-01 
 7.17629093e-06  3.56038385e-01  8.61190526e-01  1.08000000e+00  7.20000000e-01  6.32660843e-01 
 7.18129093e-06  3.55439647e-01  8.60942448e-01  1.08000000e+00  7.20000000e-01  6.32655137e-01 
 7.18629093e-06  3.54861043e-01  8.60857585e-01  1.08000000e+00  7.20000000e-01  6.32649247e-01 
 7.19129093e-06  3.54298163e-01  8.60930593e-01  1.08000000e+00  7.20000000e-01  6.32643216e-01 
 7.19629093e-06  3.53746895e-01  8.61155317e-01  1.08000000e+00  7.20000000e-01  6.32637098e-01 
 7.20129093e-06  3.53203467e-01  8.61524935e-01  1.08000000e+00  7.20000000e-01  6.32630933e-01 
 7.20629093e-06  3.52664482e-01  8.62032098e-01  1.08000000e+00  7.20000000e-01  6.32624769e-01 
 7.21129093e-06  3.52126944e-01  8.62669064e-01  1.08000000e+00  7.20000000e-01  6.32618643e-01 
 7.21629093e-06  3.51588285e-01  8.63427817e-01  1.08000000e+00  7.20000000e-01  6.32612597e-01 
 7.22129093e-06  3.51046385e-01  8.64300178e-01  1.08000000e+00  7.20000000e-01  6.32606660e-01 
 7.22629093e-06  3.50499587e-01  8.65277911e-01  1.08000000e+00  7.20000000e-01  6.32600870e-01 
 7.23129093e-06  3.49946710e-01  8.66352800e-01  1.08000000e+00  7.20000000e-01  6.32595247e-01 
 7.23629093e-06  3.49387066e-01  8.67516732e-01  1.08000000e+00  7.20000000e-01  6.32589824e-01 
 7.24129093e-06  3.48820462e-01  8.68761753e-01  1.08000000e+00  7.20000000e-01  6.32584613e-01 
 7.24629093e-06  3.48247210e-01  8.70080118e-01  1.08000000e+00  7.20000000e-01  6.32579640e-01 
 7.25129093e-06  3.47668130e-01  8.71464327e-01  1.08000000e+00  7.20000000e-01  6.32574911e-01 
 7.25629093e-06  3.47084550e-01  8.72907150e-01  1.08000000e+00  7.20000000e-01  6.32570445e-01 
 7.26129093e-06  3.46498307e-01  8.74401641e-01  1.08000000e+00  7.20000000e-01  6.32566242e-01 
 7.26629093e-06  3.45911739e-01  8.75941145e-01  1.08000000e+00  7.20000000e-01  6.32562317e-01 
 7.27129093e-06  3.45327681e-01  8.77519289e-01  1.08000000e+00  7.20000000e-01  6.32558664e-01 
 7.27629093e-06  3.44749457e-01  8.79129975e-01  1.08000000e+00  7.20000000e-01  6.32555294e-01 
 7.28129093e-06  3.44180869e-01  8.80767364e-01  1.08000000e+00  7.20000000e-01  6.32552197e-01 
 7.28629093e-06  3.43626184e-01  8.82425851e-01  1.08000000e+00  7.20000000e-01  6.32549380e-01 
 7.29129093e-06  3.43090121e-01  8.84100042e-01  1.08000000e+00  7.20000000e-01  6.32546832e-01 
 7.29629093e-06  3.42577832e-01  8.85784729e-01  1.08000000e+00  7.20000000e-01  6.32544557e-01 
 7.30129093e-06  3.42094883e-01  8.87474865e-01  1.08000000e+00  7.20000000e-01  6.32542543e-01 
 7.30629093e-06  3.41647234e-01  8.89165535e-01  1.08000000e+00  7.20000000e-01  6.32540791e-01 
 7.31129093e-06  3.41241201e-01  8.90851937e-01  1.08000000e+00  7.20000000e-01  6.32539291e-01 
 7.31629093e-06  3.40883432e-01  8.92529364e-01  1.08000000e+00  7.20000000e-01  6.32538043e-01 
 7.32129093e-06  3.40580855e-01  8.94193184e-01  1.08000000e+00  7.20000000e-01  6.32537035e-01 
 7.32629093e-06  3.40340633e-01  8.95838838e-01  1.08000000e+00  7.20000000e-01  6.32536269e-01 
 7.33129093e-06  3.40170095e-01  8.97461834e-01  1.08000000e+00  7.20000000e-01  6.32535734e-01 
 7.33629093e-06  3.40076666e-01  8.99057755e-01  1.08000000e+00  7.20000000e-01  6.32535430e-01 
 7.34129093e-06  3.40067774e-01  9.00622270e-01  1.08000000e+00  7.20000000e-01  6.32535347e-01 
 7.34629093e-06  3.40150751e-01  9.02151152e-01  1.08000000e+00  7.20000000e-01  6.32535486e-01 
 7.35129093e-06  3.40332712e-01  9.03640307e-01  1.08000000e+00  7.20000000e-01  6.32535836e-01 
 7.35629093e-06  3.40620430e-01  9.05085804e-01  1.08000000e+00  7.20000000e-01  6.32536398e-01 
 7.36129093e-06  3.41020190e-01  9.06483913e-01  1.08000000e+00  7.20000000e-01  6.32537160e-01 
 7.36629093e-06  3.41537639e-01  9.07831141e-01  1.08000000e+00  7.20000000e-01  6.32538122e-01 
 7.37129093e-06  3.42177625e-01  9.09124272e-01  1.08000000e+00  7.20000000e-01  6.32539271e-01 
 7.37629093e-06  3.42944034e-01  9.10360400e-01  1.08000000e+00  7.20000000e-01  6.32540606e-01 
 7.38129093e-06  3.43839627e-01  9.11536957e-01  1.08000000e+00  7.20000000e-01  6.32542111e-01 
 7.38629093e-06  3.44865878e-01  9.12651729e-01  1.08000000e+00  7.20000000e-01  6.32543784e-01 
 7.39129093e-06  3.46022821e-01  9.13702863e-01  1.08000000e+00  7.20000000e-01  6.32545607e-01 
 7.39629093e-06  3.47308902e-01  9.14688849e-01  1.08000000e+00  7.20000000e-01  6.32547576e-01 
 7.40129093e-06  3.48720848e-01  9.15608488e-01  1.08000000e+00  7.20000000e-01  6.32549673e-01 
 7.40629093e-06  3.50253547e-01  9.16460831e-01  1.08000000e+00  7.20000000e-01  6.32551891e-01 
 7.41129093e-06  3.51899938e-01  9.17245097e-01  1.08000000e+00  7.20000000e-01  6.32554213e-01 
 7.41629093e-06  3.53650920e-01  9.17960561e-01  1.08000000e+00  7.20000000e-01  6.32556634e-01 
 7.42129093e-06  3.55495279e-01  9.18606426e-01  1.08000000e+00  7.20000000e-01  6.32559137e-01 
 7.42629093e-06  3.57419628e-01  9.19181659e-01  1.08000000e+00  7.20000000e-01  6.32561721e-01 
 7.43129093e-06  3.59408384e-01  9.19684827e-01  1.08000000e+00  7.20000000e-01  6.32564374e-01 
 7.43629093e-06  3.61443774e-01  9.20113921e-01  1.08000000e+00  7.20000000e-01  6.32567099e-01 
 7.44129093e-06  3.63505896e-01  9.20466184e-01  1.08000000e+00  7.20000000e-01  6.32569894e-01 
 7.44629093e-06  3.65572857e-01  9.20737974e-01  1.08000000e+00  7.20000000e-01  6.32572769e-01 
 7.45129093e-06  3.67621004e-01  9.20924661e-01  1.08000000e+00  7.20000000e-01  6.32575729e-01 
 7.45629093e-06  3.69625271e-01  9.21020592e-01  1.08000000e+00  7.20000000e-01  6.32578796e-01 
 7.46129093e-06  3.71559663e-01  9.21019142e-01  1.08000000e+00  7.20000000e-01  6.32581982e-01 
 7.46629093e-06  3.73397873e-01  9.20912842e-01  1.08000000e+00  7.20000000e-01  6.32585316e-01 
 7.47129093e-06  3.75114024e-01  9.20693622e-01  1.08000000e+00  7.20000000e-01  6.32588816e-01 
 7.47629093e-06  3.76683500e-01  9.20353122e-01  1.08000000e+00  7.20000000e-01  6.32592511e-01 
 7.48129093e-06  3.78083808e-01  9.19883081e-01  1.08000000e+00  7.20000000e-01  6.32596419e-01 
 7.48629093e-06  3.79295429e-01  9.19275768e-01  1.08000000e+00  7.20000000e-01  6.32600564e-01 
 7.49129093e-06  3.80302563e-01  9.18524410e-01  1.08000000e+00  7.20000000e-01  6.32604951e-01 
 7.49629093e-06  3.81093730e-01  9.17623613e-01  1.08000000e+00  7.20000000e-01  6.32609591e-01 
 7.50129093e-06  3.81662173e-01  9.16569711e-01  1.08000000e+00  7.20000000e-01  6.32614473e-01 
 7.50629093e-06  3.82006031e-01  9.15361059e-01  1.08000000e+00  7.20000000e-01  6.32619587e-01 
 7.51129093e-06  3.82128289e-01  9.13998228e-01  1.08000000e+00  7.20000000e-01  6.32624901e-01 
 7.51629093e-06  3.82036512e-01  9.12484120e-01  1.08000000e+00  7.20000000e-01  6.32630386e-01 
 7.52129093e-06  3.81742392e-01  9.10823988e-01  1.08000000e+00  7.20000000e-01  6.32635990e-01 
 7.52629093e-06  3.81261154e-01  9.09025383e-01  1.08000000e+00  7.20000000e-01  6.32641664e-01 
 7.53129093e-06  3.80610858e-01  9.07098038e-01  1.08000000e+00  7.20000000e-01  6.32647345e-01 
 7.53629093e-06  3.79811648e-01  9.05053691e-01  1.08000000e+00  7.20000000e-01  6.32652971e-01 
 7.54129093e-06  3.78884991e-01  9.02905873e-01  1.08000000e+00  7.20000000e-01  6.32658472e-01 
 7.54629093e-06  3.77852939e-01  9.00669662e-01  1.08000000e+00  7.20000000e-01  6.32663784e-01 
 7.55129093e-06  3.76737445e-01  8.98361423e-01  1.08000000e+00  7.20000000e-01  6.32668835e-01 
 7.55629093e-06  3.75559770e-01  8.95998532e-01  1.08000000e+00  7.20000000e-01  6.32673566e-01 
 7.56129093e-06  3.74339971e-01  8.93599096e-01  1.08000000e+00  7.20000000e-01  6.32677911e-01 
 7.56629093e-06  3.73096509e-01  8.91181672e-01  1.08000000e+00  7.20000000e-01  6.32681819e-01 
 7.57129093e-06  3.71845948e-01  8.88764996e-01  1.08000000e+00  7.20000000e-01  6.32685238e-01 
 7.57629093e-06  3.70602774e-01  8.86367713e-01  1.08000000e+00  7.20000000e-01  6.32688131e-01 
 7.58129093e-06  3.69379293e-01  8.84008124e-01  1.08000000e+00  7.20000000e-01  6.32690457e-01 
 7.58629093e-06  3.68185626e-01  8.81703944e-01  1.08000000e+00  7.20000000e-01  6.32692197e-01 
 7.59129093e-06  3.67029765e-01  8.79472082e-01  1.08000000e+00  7.20000000e-01  6.32693327e-01 
 7.59629093e-06  3.65917692e-01  8.77328432e-01  1.08000000e+00  7.20000000e-01  6.32693841e-01 
 7.60129093e-06  3.64853529e-01  8.75287705e-01  1.08000000e+00  7.20000000e-01  6.32693733e-01 
 7.60629093e-06  3.63839729e-01  8.73363267e-01  1.08000000e+00  7.20000000e-01  6.32693014e-01 
 7.61129093e-06  3.62877273e-01  8.71567019e-01  1.08000000e+00  7.20000000e-01  6.32691691e-01 
 7.61629093e-06  3.61965879e-01  8.69909306e-01  1.08000000e+00  7.20000000e-01  6.32689787e-01 
 7.62129093e-06  3.61104206e-01  8.68398848e-01  1.08000000e+00  7.20000000e-01  6.32687325e-01 
 7.62629093e-06  3.60290048e-01  8.67042714e-01  1.08000000e+00  7.20000000e-01  6.32684339e-01 
 7.63129093e-06  3.59520518e-01  8.65846318e-01  1.08000000e+00  7.20000000e-01  6.32680861e-01 
 7.63629093e-06  3.58792218e-01  8.64813443e-01  1.08000000e+00  7.20000000e-01  6.32676933e-01 
 7.64129093e-06  3.58101381e-01  8.63946303e-01  1.08000000e+00  7.20000000e-01  6.32672595e-01 
 7.64629093e-06  3.57444015e-01  8.63245610e-01  1.08000000e+00  7.20000000e-01  6.32667894e-01 
 7.65129093e-06  3.56816003e-01  8.62710675e-01  1.08000000e+00  7.20000000e-01  6.32662874e-01 
 7.65629093e-06  3.56213215e-01  8.62339519e-01  1.08000000e+00  7.20000000e-01  6.32657586e-01 
 7.66129093e-06  3.55631583e-01  8.62128999e-01  1.08000000e+00  7.20000000e-01  6.32652073e-01 
 7.66629093e-06  3.55067179e-01  8.62074933e-01  1.08000000e+00  7.20000000e-01  6.32646388e-01 
 7.67129093e-06  3.54516268e-01  8.62172242e-01  1.08000000e+00  7.20000000e-01  6.32640573e-01 
 7.67629093e-06  3.53975362e-01  8.62415083e-01  1.08000000e+00  7.20000000e-01  6.32634676e-01 
 7.68129093e-06  3.53441264e-01  8.62796986e-01  1.08000000e+00  7.20000000e-01  6.32628738e-01 
 7.68629093e-06  3.52911099e-01  8.63310978e-01  1.08000000e+00  7.20000000e-01  6.32622803e-01 
 7.69129093e-06  3.52382349e-01  8.63949710e-01  1.08000000e+00  7.20000000e-01  6.32616906e-01 
 7.69629093e-06  3.51852876e-01  8.64705567e-01  1.08000000e+00  7.20000000e-01  6.32611088e-01 
 7.70129093e-06  3.51320944e-01  8.65570776e-01  1.08000000e+00  7.20000000e-01  6.32605375e-01 
 7.70629093e-06  3.50785243e-01  8.66537490e-01  1.08000000e+00  7.20000000e-01  6.32599803e-01 
 7.71129093e-06  3.50244897e-01  8.67597879e-01  1.08000000e+00  7.20000000e-01  6.32594393e-01 
 7.71629093e-06  3.49699482e-01  8.68744190e-01  1.08000000e+00  7.20000000e-01  6.32589173e-01 
 7.72129093e-06  3.49149037e-01  8.69968810e-01  1.08000000e+00  7.20000000e-01  6.32584158e-01 
 7.72629093e-06  3.48594070e-01  8.71264307e-01  1.08000000e+00  7.20000000e-01  6.32579369e-01 
 7.73129093e-06  3.48035563e-01  8.72623467e-01  1.08000000e+00  7.20000000e-01  6.32574816e-01 
 7.73629093e-06  3.47474974e-01  8.74039318e-01  1.08000000e+00  7.20000000e-01  6.32570515e-01 
 7.74129093e-06  3.46914241e-01  8.75505142e-01  1.08000000e+00  7.20000000e-01  6.32566467e-01 
 7.74629093e-06  3.46355773e-01  8.77014480e-01  1.08000000e+00  7.20000000e-01  6.32562686e-01 
 7.75129093e-06  3.45802450e-01  8.78561131e-01  1.08000000e+00  7.20000000e-01  6.32559168e-01 
 7.75629093e-06  3.45257613e-01  8.80139142e-01  1.08000000e+00  7.20000000e-01  6.32555920e-01 
 7.76129093e-06  3.44725053e-01  8.81742793e-01  1.08000000e+00  7.20000000e-01  6.32552939e-01 
 7.76629093e-06  3.44209005e-01  8.83366580e-01  1.08000000e+00  7.20000000e-01  6.32550226e-01 
 7.77129093e-06  3.43714123e-01  8.85005193e-01  1.08000000e+00  7.20000000e-01  6.32547776e-01 
 7.77629093e-06  3.43245472e-01  8.86653491e-01  1.08000000e+00  7.20000000e-01  6.32545589e-01 
 7.78129093e-06  3.42808500e-01  8.88306486e-01  1.08000000e+00  7.20000000e-01  6.32543657e-01 
 7.78629093e-06  3.42409015e-01  8.89959315e-01  1.08000000e+00  7.20000000e-01  6.32541980e-01 
 7.79129093e-06  3.42053151e-01  8.91607223e-01  1.08000000e+00  7.20000000e-01  6.32540549e-01 
 7.79629093e-06  3.41747333e-01  8.93245552e-01  1.08000000e+00  7.20000000e-01  6.32539363e-01 
 7.80129093e-06  3.41498226e-01  8.94869721e-01  1.08000000e+00  7.20000000e-01  6.32538414e-01 
 7.80629093e-06  3.41312681e-01  8.96475231e-01  1.08000000e+00  7.20000000e-01  6.32537700e-01 
 7.81129093e-06  3.41197671e-01  8.98057656e-01  1.08000000e+00  7.20000000e-01  6.32537213e-01 
 7.81629093e-06  3.41160205e-01  8.99612656e-01  1.08000000e+00  7.20000000e-01  6.32536953e-01 
 7.82129093e-06  3.41207243e-01  9.01135984e-01  1.08000000e+00  7.20000000e-01  6.32536909e-01 
 7.82629093e-06  3.41345588e-01  9.02623513e-01  1.08000000e+00  7.20000000e-01  6.32537083e-01 
 7.83129093e-06  3.41581766e-01  9.04071253e-01  1.08000000e+00  7.20000000e-01  6.32537464e-01 
 7.83629093e-06  3.41921904e-01  9.05475381e-01  1.08000000e+00  7.20000000e-01  6.32538052e-01 
 7.84129093e-06  3.42371579e-01  9.06832278e-01  1.08000000e+00  7.20000000e-01  6.32538836e-01 
 7.84629093e-06  3.42935678e-01  9.08138553e-01  1.08000000e+00  7.20000000e-01  6.32539815e-01 
 7.85129093e-06  3.43618238e-01  9.09391077e-01  1.08000000e+00  7.20000000e-01  6.32540978e-01 
 7.85629093e-06  3.44422287e-01  9.10587008e-01  1.08000000e+00  7.20000000e-01  6.32542321e-01 
 7.86129093e-06  3.45349692e-01  9.11723806e-01  1.08000000e+00  7.20000000e-01  6.32543830e-01 
 7.86629093e-06  3.46400996e-01  9.12799237e-01  1.08000000e+00  7.20000000e-01  6.32545504e-01 
 7.87129093e-06  3.47575278e-01  9.13811366e-01  1.08000000e+00  7.20000000e-01  6.32547325e-01 
 7.87629093e-06  3.48870007e-01  9.14758529e-01  1.08000000e+00  7.20000000e-01  6.32549289e-01 
 7.88129093e-06  3.50280915e-01  9.15639282e-01  1.08000000e+00  7.20000000e-01  6.32551381e-01 
 7.88629093e-06  3.51801885e-01  9.16452335e-01  1.08000000e+00  7.20000000e-01  6.32553595e-01 
 7.89129093e-06  3.53424843e-01  9.17196456e-01  1.08000000e+00  7.20000000e-01  6.32555916e-01 
 7.89629093e-06  3.55139683e-01  9.17870357e-01  1.08000000e+00  7.20000000e-01  6.32558341e-01 
 7.90129093e-06  3.56934202e-01  9.18472560e-01  1.08000000e+00  7.20000000e-01  6.32560857e-01 
 7.90629093e-06  3.58794069e-01  9.19001251e-01  1.08000000e+00  7.20000000e-01  6.32563464e-01 
 7.91129093e-06  3.60702835e-01  9.19454127e-01  1.08000000e+00  7.20000000e-01  6.32566155e-01 
 7.91629093e-06  3.62641992e-01  9.19828255e-01  1.08000000e+00  7.20000000e-01  6.32568936e-01 
 7.92129093e-06  3.64591111e-01  9.20119943e-01  1.08000000e+00  7.20000000e-01  6.32571807e-01 
 7.92629093e-06  3.66528059e-01  9.20324663e-01  1.08000000e+00  7.20000000e-01  6.32574782e-01 
 7.93129093e-06  3.68429332e-01  9.20437015e-01  1.08000000e+00  7.20000000e-01  6.32577868e-01 
 7.93629093e-06  3.70270507e-01  9.20450773e-01  1.08000000e+00  7.20000000e-01  6.32581086e-01 
 7.94129093e-06  3.72026810e-01  9.20359008e-01  1.08000000e+00  7.20000000e-01  6.32584450e-01 
 7.94629093e-06  3.73673796e-01  9.20154286e-01  1.08000000e+00  7.20000000e-01  6.32587986e-01 
 7.95129093e-06  3.75188114e-01  9.19828956e-01  1.08000000e+00  7.20000000e-01  6.32591708e-01 
 7.95629093e-06  3.76548294e-01  9.19375490e-01  1.08000000e+00  7.20000000e-01  6.32595639e-01 
 7.96129093e-06  3.77735527e-01  9.18786862e-01  1.08000000e+00  7.20000000e-01  6.32599791e-01 
 7.96629093e-06  3.78734362e-01  9.18056945e-01  1.08000000e+00  7.20000000e-01  6.32604176e-01 
 7.97129093e-06  3.79533269e-01  9.17180878e-01  1.08000000e+00  7.20000000e-01  6.32608793e-01 
 7.97629093e-06  3.80125033e-01  9.16155405e-01  1.08000000e+00  7.20000000e-01  6.32613640e-01 
 7.98129093e-06  3.80506947e-01  9.14979137e-01  1.08000000e+00  7.20000000e-01  6.32618697e-01 
 7.98629093e-06  3.80680795e-01  9.13652751e-01  1.08000000e+00  7.20000000e-01  6.32623943e-01 
 7.99129093e-06  3.80652646e-01  9.12179101e-01  1.08000000e+00  7.20000000e-01  6.32629340e-01 
 7.99629093e-06  3.80432467e-01  9.10563255e-01  1.08000000e+00  7.20000000e-01  6.32634848e-01 
 8.00129093e-06  3.80033602e-01  9.08812457e-01  1.08000000e+00  7.20000000e-01  6.32640414e-01 
 8.00629093e-06  3.79472153e-01  9.06936027e-01  1.08000000e+00  7.20000000e-01  6.32645985e-01 
 8.01129093e-06  3.78766304e-01  9.04945211e-01  1.08000000e+00  7.20000000e-01  6.32651496e-01 
 8.01629093e-06  3.77935618e-01  9.02852986e-01  1.08000000e+00  7.20000000e-01  6.32656886e-01 
 8.02129093e-06  3.77000360e-01  9.00673833e-01  1.08000000e+00  7.20000000e-01  6.32662088e-01 
 8.02629093e-06  3.75980862e-01  8.98423497e-01  1.08000000e+00  7.20000000e-01  6.32667041e-01 
 8.03129093e-06  3.74896951e-01  8.96118726e-01  1.08000000e+00  7.20000000e-01  6.32671679e-01 
 8.03629093e-06  3.73767473e-01  8.93777005e-01  1.08000000e+00  7.20000000e-01  6.32675949e-01 
 8.04129093e-06  3.72609899e-01  8.91416287e-01  1.08000000e+00  7.20000000e-01  6.32679793e-01 
 8.04629093e-06  3.71440034e-01  8.89054730e-01  1.08000000e+00  7.20000000e-01  6.32683169e-01 
 8.05129093e-06  3.70271817e-01  8.86710440e-01  1.08000000e+00  7.20000000e-01  6.32686030e-01 
 8.05629093e-06  3.69117216e-01  8.84401220e-01  1.08000000e+00  7.20000000e-01  6.32688348e-01 
 8.06129093e-06  3.67986194e-01  8.82144342e-01  1.08000000e+00  7.20000000e-01  6.32690092e-01 
 8.06629093e-06  3.66886745e-01  8.79956319e-01  1.08000000e+00  7.20000000e-01  6.32691249e-01 
 8.07129093e-06  3.65824985e-01  8.77852718e-01  1.08000000e+00  7.20000000e-01  6.32691804e-01 
 8.07629093e-06  3.64805282e-01  8.75847977e-01  1.08000000e+00  7.20000000e-01  6.32691757e-01 
 8.08129093e-06  3.63830420e-01  8.73955258e-01  1.08000000e+00  7.20000000e-01  6.32691110e-01 
 8.08629093e-06  3.62901774e-01  8.72186319e-01  1.08000000e+00  7.20000000e-01  6.32689877e-01 
 8.09129093e-06  3.62019496e-01  8.70551426e-01  1.08000000e+00  7.20000000e-01  6.32688073e-01 
 8.09629093e-06  3.61182706e-01  8.69059284e-01  1.08000000e+00  7.20000000e-01  6.32685726e-01 
 8.10129093e-06  3.60389666e-01  8.67717003e-01  1.08000000e+00  7.20000000e-01  6.32682861e-01 
 8.10629093e-06  3.59637960e-01  8.66530092e-01  1.08000000e+00  7.20000000e-01  6.32679514e-01 
 8.11129093e-06  3.58924645e-01  8.65502481e-01  1.08000000e+00  7.20000000e-01  6.32675721e-01 
 8.11629093e-06  3.58246393e-01  8.64636570e-01  1.08000000e+00  7.20000000e-01  6.32671526e-01 
 8.12129093e-06  3.57599625e-01  8.63933295e-01  1.08000000e+00  7.20000000e-01  6.32666968e-01 
 8.12629093e-06  3.56980612e-01  8.63392223e-01  1.08000000e+00  7.20000000e-01  6.32662095e-01 
 8.13129093e-06  3.56385581e-01  8.63011652e-01  1.08000000e+00  7.20000000e-01  6.32656950e-01 
 8.13629093e-06  3.55810792e-01  8.62788729e-01  1.08000000e+00  7.20000000e-01  6.32651583e-01 
 8.14129093e-06  3.55252612e-01  8.62719579e-01  1.08000000e+00  7.20000000e-01  6.32646037e-01 
 8.14629093e-06  3.54707573e-01  8.62799427e-01  1.08000000e+00  7.20000000e-01  6.32640361e-01 
 8.15129093e-06  3.54172425e-01  8.63022736e-01  1.08000000e+00  7.20000000e-01  6.32634594e-01 
 8.15629093e-06  3.53644179e-01  8.63383332e-01  1.08000000e+00  7.20000000e-01  6.32628783e-01 
 8.16129093e-06  3.53120141e-01  8.63874530e-01  1.08000000e+00  7.20000000e-01  6.32622965e-01 
 8.16629093e-06  3.52597951e-01  8.64489253e-01  1.08000000e+00  7.20000000e-01  6.32617182e-01 
 8.17129093e-06  3.52075599e-01  8.65220143e-01  1.08000000e+00  7.20000000e-01  6.32611465e-01 
 8.17629093e-06  3.51551460e-01  8.66059660e-01  1.08000000e+00  7.20000000e-01  6.32605850e-01 
 8.18129093e-06  3.51024306e-01  8.67000175e-01  1.08000000e+00  7.20000000e-01  6.32600362e-01 
 8.18629093e-06  3.50493326e-01  8.68034049e-01  1.08000000e+00  7.20000000e-01  6.32595033e-01 
 8.19129093e-06  3.49958141e-01  8.69153702e-01  1.08000000e+00  7.20000000e-01  6.32589880e-01 
 8.19629093e-06  3.49418812e-01  8.70351668e-01  1.08000000e+00  7.20000000e-01  6.32584929e-01 
 8.20129093e-06  3.48875853e-01  8.71620645e-01  1.08000000e+00  7.20000000e-01  6.32580192e-01 
 8.20629093e-06  3.48330235e-01  8.72953527e-01  1.08000000e+00  7.20000000e-01  6.32575687e-01 
 8.21129093e-06  3.47783390e-01  8.74343430e-01  1.08000000e+00  7.20000000e-01  6.32571421e-01 
 8.21629093e-06  3.47237211e-01  8.75783707e-01  1.08000000e+00  7.20000000e-01  6.32567407e-01 
 8.22129093e-06  3.46694050e-01  8.77267957e-01  1.08000000e+00  7.20000000e-01  6.32563647e-01 
 8.22629093e-06  3.46156717e-01  8.78790021e-01  1.08000000e+00  7.20000000e-01  6.32560150e-01 
 8.23129093e-06  3.45628466e-01  8.80343979e-01  1.08000000e+00  7.20000000e-01  6.32556914e-01 
 8.23629093e-06  3.45112996e-01  8.81924133e-01  1.08000000e+00  7.20000000e-01  6.32553942e-01 
 8.24129093e-06  3.44614430e-01  8.83524996e-01  1.08000000e+00  7.20000000e-01  6.32551231e-01 
 8.24629093e-06  3.44137305e-01  8.85141268e-01  1.08000000e+00  7.20000000e-01  6.32548782e-01 
 8.25129093e-06  3.43686552e-01  8.86767819e-01  1.08000000e+00  7.20000000e-01  6.32546589e-01 
 8.25629093e-06  3.43267477e-01  8.88399667e-01  1.08000000e+00  7.20000000e-01  6.32544652e-01 
 8.26129093e-06  3.42885730e-01  8.90031956e-01  1.08000000e+00  7.20000000e-01  6.32542962e-01 
 8.26629093e-06  3.42547280e-01  8.91659943e-01  1.08000000e+00  7.20000000e-01  6.32541521e-01 
 8.27129093e-06  3.42258368e-01  8.93278979e-01  1.08000000e+00  7.20000000e-01  6.32540318e-01 
 8.27629093e-06  3.42025467e-01  8.94884502e-01  1.08000000e+00  7.20000000e-01  6.32539354e-01 
 8.28129093e-06  3.41855223e-01  8.96472029e-01  1.08000000e+00  7.20000000e-01  6.32538619e-01 
 8.28629093e-06  3.41754388e-01  8.98037156e-01  1.08000000e+00  7.20000000e-01  6.32538114e-01 
 8.29129093e-06  3.41729742e-01  8.99575567e-01  1.08000000e+00  7.20000000e-01  6.32537829e-01 
 8.29629093e-06  3.41788005e-01  9.01083043e-01  1.08000000e+00  7.20000000e-01  6.32537765e-01 
 8.30129093e-06  3.41935730e-01  9.02555479e-01  1.08000000e+00  7.20000000e-01  6.32537911e-01 
 8.30629093e-06  3.42179190e-01  9.03988909e-01  1.08000000e+00  7.20000000e-01  6.32538268e-01 
 8.31129093e-06  3.42524253e-01  9.05379528e-01  1.08000000e+00  7.20000000e-01  6.32538826e-01 
 8.31629093e-06  3.42976238e-01  9.06723724e-01  1.08000000e+00  7.20000000e-01  6.32539584e-01 
 8.32129093e-06  3.43539776e-01  9.08018104e-01  1.08000000e+00  7.20000000e-01  6.32540531e-01 
 8.32629093e-06  3.44218656e-01  9.09259520e-01  1.08000000e+00  7.20000000e-01  6.32541665e-01 
 8.33129093e-06  3.45015668e-01  9.10445094e-01  1.08000000e+00  7.20000000e-01  6.32542974e-01 
 8.33629093e-06  3.45932452e-01  9.11572224e-01  1.08000000e+00  7.20000000e-01  6.32544455e-01 
 8.34129093e-06  3.46969342e-01  9.12638589e-01  1.08000000e+00  7.20000000e-01  6.32546095e-01 
 8.34629093e-06  3.48125222e-01  9.13642137e-01  1.08000000e+00  7.20000000e-01  6.32547888e-01 
 8.35129093e-06  3.49397389e-01  9.14581054e-01  1.08000000e+00  7.20000000e-01  6.32549821e-01 
 8.35629093e-06  3.50781420e-01  9.15453713e-01  1.08000000e+00  7.20000000e-01  6.32551888e-01 
 8.36129093e-06  3.52271066e-01  9.16258606e-01  1.08000000e+00  7.20000000e-01  6.32554075e-01 
 8.36629093e-06  3.53858147e-01  9.16994251e-01  1.08000000e+00  7.20000000e-01  6.32556379e-01 
 8.37129093e-06  3.55532474e-01  9.17659079e-01  1.08000000e+00  7.20000000e-01  6.32558786e-01 
 8.37629093e-06  3.57281800e-01  9.18251312e-01  1.08000000e+00  7.20000000e-01  6.32561295e-01 
 8.38129093e-06  3.59091790e-01  9.18768818e-01  1.08000000e+00  7.20000000e-01  6.32563897e-01 
 8.38629093e-06  3.60946053e-01  9.19208980e-01  1.08000000e+00  7.20000000e-01  6.32566596e-01 
 8.39129093e-06  3.62826218e-01  9.19568563e-01  1.08000000e+00  7.20000000e-01  6.32569389e-01 
 8.39629093e-06  3.64712088e-01  9.19843614e-01  1.08000000e+00  7.20000000e-01  6.32572286e-01 
 8.40129093e-06  3.66581892e-01  9.20029398e-01  1.08000000e+00  7.20000000e-01  6.32575292e-01 
 8.40629093e-06  3.68412637e-01  9.20120392e-01  1.08000000e+00  7.20000000e-01  6.32578423e-01 
 8.41129093e-06  3.70180574e-01  9.20110349e-01  1.08000000e+00  7.20000000e-01  6.32581690e-01 
 8.41629093e-06  3.71861783e-01  9.19992435e-01  1.08000000e+00  7.20000000e-01  6.32585115e-01 
 8.42129093e-06  3.73432848e-01  9.19759446e-01  1.08000000e+00  7.20000000e-01  6.32588713e-01 
 8.42629093e-06  3.74871589e-01  9.19404085e-01  1.08000000e+00  7.20000000e-01  6.32592506e-01 
 8.43129093e-06  3.76157825e-01  9.18919305e-01  1.08000000e+00  7.20000000e-01  6.32596504e-01 
 8.43629093e-06  3.77274098e-01  9.18298669e-01  1.08000000e+00  7.20000000e-01  6.32600724e-01 
 8.44129093e-06  3.78206303e-01  9.17536715e-01  1.08000000e+00  7.20000000e-01  6.32605169e-01 
 8.44629093e-06  3.78944190e-01  9.16629306e-01  1.08000000e+00  7.20000000e-01  6.32609839e-01 
 8.45129093e-06  3.79481698e-01  9.15573928e-01  1.08000000e+00  7.20000000e-01  6.32614723e-01 
 8.45629093e-06  3.79817084e-01  9.14369930e-01  1.08000000e+00  7.20000000e-01  6.32619806e-01 
 8.46129093e-06  3.79952875e-01  9.13018687e-01  1.08000000e+00  7.20000000e-01  6.32625057e-01 
 8.46629093e-06  3.79895624e-01  9.11523696e-01  1.08000000e+00  7.20000000e-01  6.32630442e-01 
 8.47129093e-06  3.79655520e-01  9.09890591e-01  1.08000000e+00  7.20000000e-01  6.32635916e-01 
 8.47629093e-06  3.79245865e-01  9.08127095e-01  1.08000000e+00  7.20000000e-01  6.32641429e-01 
 8.48129093e-06  3.78682477e-01  9.06242913e-01  1.08000000e+00  7.20000000e-01  6.32646923e-01 
 8.48629093e-06  3.77983034e-01  9.04249573e-01  1.08000000e+00  7.20000000e-01  6.32652340e-01 
 8.49129093e-06  3.77166411e-01  9.02160238e-01  1.08000000e+00  7.20000000e-01  6.32657614e-01 
 8.49629093e-06  3.76252045e-01  8.99989479e-01  1.08000000e+00  7.20000000e-01  6.32662687e-01 
 8.50129093e-06  3.75259333e-01  8.97753041e-01  1.08000000e+00  7.20000000e-01  6.32667492e-01 
 8.50629093e-06  3.74207113e-01  8.95467581e-01  1.08000000e+00  7.20000000e-01  6.32671975e-01 
 8.51129093e-06  3.73113218e-01  8.93150416e-01  1.08000000e+00  7.20000000e-01  6.32676075e-01 
 8.51629093e-06  3.71994119e-01  8.90819259e-01  1.08000000e+00  7.20000000e-01  6.32679747e-01 
 8.52129093e-06  3.70864668e-01  8.88491962e-01  1.08000000e+00  7.20000000e-01  6.32682942e-01 
 8.52629093e-06  3.69737920e-01  8.86186266e-01  1.08000000e+00  7.20000000e-01  6.32685625e-01 
 8.53129093e-06  3.68625041e-01  8.83919561e-01  1.08000000e+00  7.20000000e-01  6.32687762e-01 
 8.53629093e-06  3.67535291e-01  8.81708660e-01  1.08000000e+00  7.20000000e-01  6.32689332e-01 
 8.54129093e-06  3.66476065e-01  8.79569591e-01  1.08000000e+00  7.20000000e-01  6.32690317e-01 
 8.54629093e-06  3.65452989e-01  8.77517405e-01  1.08000000e+00  7.20000000e-01  6.32690711e-01 
 8.55129093e-06  3.64470040e-01  8.75566013e-01  1.08000000e+00  7.20000000e-01  6.32690511e-01 
 8.55629093e-06  3.63529711e-01  8.73728042e-01  1.08000000e+00  7.20000000e-01  6.32689724e-01 
 8.56129093e-06  3.62633172e-01  8.72014723e-01  1.08000000e+00  7.20000000e-01  6.32688362e-01 
 8.56629093e-06  3.61780457e-01  8.70435801e-01  1.08000000e+00  7.20000000e-01  6.32686446e-01 
 8.57129093e-06  3.60970631e-01  8.68999483e-01  1.08000000e+00  7.20000000e-01  6.32683997e-01 
 8.57629093e-06  3.60201967e-01  8.67712408e-01  1.08000000e+00  7.20000000e-01  6.32681049e-01 
 8.58129093e-06  3.59472107e-01  8.66579647e-01  1.08000000e+00  7.20000000e-01  6.32677633e-01 
 8.58629093e-06  3.58778206e-01  8.65604733e-01  1.08000000e+00  7.20000000e-01  6.32673789e-01 
 8.59129093e-06  3.58117069e-01  8.64789710e-01  1.08000000e+00  7.20000000e-01  6.32669555e-01 
 8.59629093e-06  3.57485271e-01  8.64135205e-01  1.08000000e+00  7.20000000e-01  6.32664976e-01 
 8.60129093e-06  3.56879258e-01  8.63640522e-01  1.08000000e+00  7.20000000e-01  6.32660095e-01 
 8.60629093e-06  3.56295443e-01  8.63303743e-01  1.08000000e+00  7.20000000e-01  6.32654959e-01 
 8.61129093e-06  3.55730281e-01  8.63121849e-01  1.08000000e+00  7.20000000e-01  6.32649611e-01 
 8.61629093e-06  3.55180336e-01  8.63090840e-01  1.08000000e+00  7.20000000e-01  6.32644100e-01 
 8.62129093e-06  3.54642341e-01  8.63205861e-01  1.08000000e+00  7.20000000e-01  6.32638466e-01 
 8.62629093e-06  3.54113246e-01  8.63461332e-01  1.08000000e+00  7.20000000e-01  6.32632757e-01 
 8.63129093e-06  3.53590258e-01  8.63851074e-01  1.08000000e+00  7.20000000e-01  6.32627009e-01 
 8.63629093e-06  3.53070879e-01  8.64368426e-01  1.08000000e+00  7.20000000e-01  6.32621266e-01 
 8.64129093e-06  3.52552933e-01  8.65006364e-01  1.08000000e+00  7.20000000e-01  6.32615560e-01 
 8.64629093e-06  3.52034597e-01  8.65757604e-01  1.08000000e+00  7.20000000e-01  6.32609931e-01 
 8.65129093e-06  3.51514423e-01  8.66614700e-01  1.08000000e+00  7.20000000e-01  6.32604405e-01 
 8.65629093e-06  3.50991354e-01  8.67570131e-01  1.08000000e+00  7.20000000e-01  6.32599013e-01 
 8.66129093e-06  3.50464744e-01  8.68616377e-01  1.08000000e+00  7.20000000e-01  6.32593779e-01 
 8.66629093e-06  3.49934371e-01  8.69745982e-01  1.08000000e+00  7.20000000e-01  6.32588728e-01 
 8.67129093e-06  3.49400447e-01  8.70951611e-01  1.08000000e+00  7.20000000e-01  6.32583875e-01 
 8.67629093e-06  3.48863629e-01  8.72226088e-01  1.08000000e+00  7.20000000e-01  6.32579240e-01 
 8.68129093e-06  3.48325022e-01  8.73562436e-01  1.08000000e+00  7.20000000e-01  6.32574832e-01 
 8.68629093e-06  3.47786183e-01  8.74953893e-01  1.08000000e+00  7.20000000e-01  6.32570666e-01 
 8.69129093e-06  3.47249123e-01  8.76393927e-01  1.08000000e+00  7.20000000e-01  6.32566747e-01 
 8.69629093e-06  3.46716303e-01  8.77876246e-01  1.08000000e+00  7.20000000e-01  6.32563084e-01 
 8.70129093e-06  3.46190630e-01  8.79394791e-01  1.08000000e+00  7.20000000e-01  6.32559677e-01 
 8.70629093e-06  3.45675449e-01  8.80943730e-01  1.08000000e+00  7.20000000e-01  6.32556531e-01 
 8.71129093e-06  3.45174535e-01  8.82517448e-01  1.08000000e+00  7.20000000e-01  6.32553644e-01 
 8.71629093e-06  3.44692079e-01  8.84110528e-01  1.08000000e+00  7.20000000e-01  6.32551018e-01 
 8.72129093e-06  3.44232673e-01  8.85717732e-01  1.08000000e+00  7.20000000e-01  6.32548648e-01 
 8.72629093e-06  3.43801290e-01  8.87333985e-01  1.08000000e+00  7.20000000e-01  6.32546533e-01 
 8.73129093e-06  3.43403263e-01  8.88954352e-01  1.08000000e+00  7.20000000e-01  6.32544668e-01 
 8.73629093e-06  3.43044254e-01  8.90574019e-01  1.08000000e+00  7.20000000e-01  6.32543052e-01 
 8.74129093e-06  3.42730222e-01  8.92188282e-01  1.08000000e+00  7.20000000e-01  6.32541677e-01 
 8.74629093e-06  3.42467382e-01  8.93792527e-01  1.08000000e+00  7.20000000e-01  6.32540541e-01 
 8.75129093e-06  3.42262154e-01  8.95382225e-01  1.08000000e+00  7.20000000e-01  6.32539638e-01 
 8.75629093e-06  3.42121104e-01  8.96952931e-01  1.08000000e+00  7.20000000e-01  6.32538966e-01 
 8.76129093e-06  3.42050876e-01  8.98500281e-01  1.08000000e+00  7.20000000e-01  6.32538517e-01 
 8.76629093e-06  3.42058109e-01  9.00019999e-01  1.08000000e+00  7.20000000e-01  6.32538290e-01 
 8.77129093e-06  3.42149344e-01  9.01507914e-01  1.08000000e+00  7.20000000e-01  6.32538277e-01 
 8.77629093e-06  3.42330919e-01  9.02959976e-01  1.08000000e+00  7.20000000e-01  6.32538476e-01 
 8.78129093e-06  3.42608848e-01  9.04372275e-01  1.08000000e+00  7.20000000e-01  6.32538880e-01 
 8.78629093e-06  3.42988697e-01  9.05741073e-01  1.08000000e+00  7.20000000e-01  6.32539486e-01 
 8.79129093e-06  3.43475442e-01  9.07062824e-01  1.08000000e+00  7.20000000e-01  6.32540286e-01 
 8.79629093e-06  3.44073325e-01  9.08334203e-01  1.08000000e+00  7.20000000e-01  6.32541276e-01 
 8.80129093e-06  3.44785702e-01  9.09552130e-01  1.08000000e+00  7.20000000e-01  6.32542447e-01 
 8.80629093e-06  3.45614889e-01  9.10713784e-01  1.08000000e+00  7.20000000e-01  6.32543794e-01 
 8.81129093e-06  3.46562011e-01  9.11816612e-01  1.08000000e+00  7.20000000e-01  6.32545306e-01 
 8.81629093e-06  3.47626854e-01  9.12858324e-01  1.08000000e+00  7.20000000e-01  6.32546978e-01 
 8.82129093e-06  3.48807717e-01  9.13836875e-01  1.08000000e+00  7.20000000e-01  6.32548798e-01 
 8.82629093e-06  3.50101283e-01  9.14750423e-01  1.08000000e+00  7.20000000e-01  6.32550758e-01 
 8.83129093e-06  3.51502496e-01  9.15597280e-01  1.08000000e+00  7.20000000e-01  6.32552848e-01 
 8.83629093e-06  3.53004450e-01  9.16375829e-01  1.08000000e+00  7.20000000e-01  6.32555061e-01 
 8.84129093e-06  3.54598299e-01  9.17084433e-01  1.08000000e+00  7.20000000e-01  6.32557386e-01 
 8.84629093e-06  3.56273193e-01  9.17721314e-01  1.08000000e+00  7.20000000e-01  6.32559819e-01 
 8.85129093e-06  3.58016229e-01  9.18284435e-01  1.08000000e+00  7.20000000e-01  6.32562352e-01 
 8.85629093e-06  3.59812459e-01  9.18771359e-01  1.08000000e+00  7.20000000e-01  6.32564985e-01 
 8.86129093e-06  3.61644931e-01  9.19179128e-01  1.08000000e+00  7.20000000e-01  6.32567716e-01 
 8.86629093e-06  3.63494805e-01  9.19504146e-01  1.08000000e+00  7.20000000e-01  6.32570551e-01 
 8.87129093e-06  3.65341549e-01  9.19742099e-01  1.08000000e+00  7.20000000e-01  6.32573494e-01 
 8.87629093e-06  3.67163227e-01  9.19887926e-01  1.08000000e+00  7.20000000e-01  6.32576558e-01 
 8.88129093e-06  3.68936904e-01  9.19935838e-01  1.08000000e+00  7.20000000e-01  6.32579752e-01 
 8.88629093e-06  3.70639153e-01  9.19879417e-01  1.08000000e+00  7.20000000e-01  6.32583096e-01 
 8.89129093e-06  3.72246668e-01  9.19711783e-01  1.08000000e+00  7.20000000e-01  6.32586604e-01 
 8.89629093e-06  3.73736954e-01  9.19425839e-01  1.08000000e+00  7.20000000e-01  6.32590295e-01 
 8.90129093e-06  3.75089059e-01  9.19014562e-01  1.08000000e+00  7.20000000e-01  6.32594184e-01 
 8.90629093e-06  3.76284303e-01  9.18471350e-01  1.08000000e+00  7.20000000e-01  6.32598286e-01 
 8.91129093e-06  3.77306945e-01  9.17790376e-01  1.08000000e+00  7.20000000e-01  6.32602606e-01 
 8.91629093e-06  3.78144749e-01  9.16966933e-01  1.08000000e+00  7.20000000e-01  6.32607149e-01 
 8.92129093e-06  3.78789397e-01  9.15997757e-01  1.08000000e+00  7.20000000e-01  6.32611908e-01 
 8.92629093e-06  3.79236732e-01  9.14881289e-01  1.08000000e+00  7.20000000e-01  6.32616871e-01 
 8.93129093e-06  3.79486804e-01  9.13617879e-01  1.08000000e+00  7.20000000e-01  6.32622013e-01 
 8.93629093e-06  3.79543743e-01  9.12209913e-01  1.08000000e+00  7.20000000e-01  6.32627305e-01 
 8.94129093e-06  3.79415456e-01  9.10661876e-01  1.08000000e+00  7.20000000e-01  6.32632705e-01 
 8.94629093e-06  3.79113192e-01  9.08980332e-01  1.08000000e+00  7.20000000e-01  6.32638170e-01 
 8.95129093e-06  3.78650994e-01  9.07173859e-01  1.08000000e+00  7.20000000e-01  6.32643644e-01 
 8.95629093e-06  3.78045099e-01  9.05252915e-01  1.08000000e+00  7.20000000e-01  6.32649071e-01 
 8.96129093e-06  3.77313286e-01  9.03229677e-01  1.08000000e+00  7.20000000e-01  6.32654389e-01 
 8.96629093e-06  3.76474248e-01  9.01117830e-01  1.08000000e+00  7.20000000e-01  6.32659539e-01 
 8.97129093e-06  3.75546975e-01  8.98932350e-01  1.08000000e+00  7.20000000e-01  6.32664456e-01 
 8.97629093e-06  3.74550215e-01  8.96689253e-01  1.08000000e+00  7.20000000e-01  6.32669084e-01 
 8.98129093e-06  3.73501981e-01  8.94405349e-01  1.08000000e+00  7.20000000e-01  6.32673362e-01 
 8.98629093e-06  3.72419167e-01  8.92097981e-01  1.08000000e+00  7.20000000e-01  6.32677240e-01 
 8.99129093e-06  3.71317230e-01  8.89784772e-01  1.08000000e+00  7.20000000e-01  6.32680670e-01 
 8.99629093e-06  3.70209975e-01  8.87483372e-01  1.08000000e+00  7.20000000e-01  6.32683612e-01 
 9.00129093e-06  3.69109417e-01  8.85211215e-01  1.08000000e+00  7.20000000e-01  6.32686029e-01 
 9.00629093e-06  3.68025723e-01  8.82985289e-01  1.08000000e+00  7.20000000e-01  6.32687896e-01 
 9.01129093e-06  3.66967213e-01  8.80821919e-01  1.08000000e+00  7.20000000e-01  6.32689192e-01 
 9.01629093e-06  3.65940428e-01  8.78736568e-01  1.08000000e+00  7.20000000e-01  6.32689905e-01 
 9.02129093e-06  3.64950226e-01  8.76743662e-01  1.08000000e+00  7.20000000e-01  6.32690029e-01 
 9.02629093e-06  3.63999926e-01  8.74856431e-01  1.08000000e+00  7.20000000e-01  6.32689568e-01 
 9.03129093e-06  3.63091458e-01  8.73086786e-01  1.08000000e+00  7.20000000e-01  6.32688529e-01 
 9.03629093e-06  3.62225537e-01  8.71445218e-01  1.08000000e+00  7.20000000e-01  6.32686929e-01 
 9.04129093e-06  3.61401832e-01  8.69940721e-01  1.08000000e+00  7.20000000e-01  6.32684788e-01 
 9.04629093e-06  3.60619137e-01  8.68580753e-01  1.08000000e+00  7.20000000e-01  6.32682135e-01 
 9.05129093e-06  3.59875532e-01  8.67371219e-01  1.08000000e+00  7.20000000e-01  6.32678998e-01 
 9.05629093e-06  3.59168538e-01  8.66316483e-01  1.08000000e+00  7.20000000e-01  6.32675415e-01 
 9.06129093e-06  3.58495255e-01  8.65419407e-01  1.08000000e+00  7.20000000e-01  6.32671423e-01 
 9.06629093e-06  3.57852483e-01  8.64681409e-01  1.08000000e+00  7.20000000e-01  6.32667065e-01 
 9.07129093e-06  3.57236839e-01  8.64102544e-01  1.08000000e+00  7.20000000e-01  6.32662382e-01 
 9.07629093e-06  3.56644851e-01  8.63681601e-01  1.08000000e+00  7.20000000e-01  6.32657421e-01 
 9.08129093e-06  3.56073041e-01  8.63416209e-01  1.08000000e+00  7.20000000e-01  6.32652224e-01 
 9.08629093e-06  3.55518000e-01  8.63302956e-01  1.08000000e+00  7.20000000e-01  6.32646840e-01 
 9.09129093e-06  3.54976451e-01  8.63337513e-01  1.08000000e+00  7.20000000e-01  6.32641309e-01 
 9.09629093e-06  3.54445299e-01  8.63514760e-01  1.08000000e+00  7.20000000e-01  6.32635678e-01 
 9.10129093e-06  3.53921679e-01  8.63828910e-01  1.08000000e+00  7.20000000e-01  6.32629987e-01 
 9.10629093e-06  3.53402992e-01  8.64273632e-01  1.08000000e+00  7.20000000e-01  6.32624278e-01 
 9.11129093e-06  3.52886944e-01  8.64842168e-01  1.08000000e+00  7.20000000e-01  6.32618586e-01 
 9.11629093e-06  3.52371568e-01  8.65527441e-01  1.08000000e+00  7.20000000e-01  6.32612949e-01 
 9.12129093e-06  3.51855254e-01  8.66322157e-01  1.08000000e+00  7.20000000e-01  6.32607398e-01 
 9.12629093e-06  3.51336769e-01  8.67218899e-01  1.08000000e+00  7.20000000e-01  6.32601964e-01 
 9.13129093e-06  3.50815273e-01  8.68210203e-01  1.08000000e+00  7.20000000e-01  6.32596672e-01 
 9.13629093e-06  3.50290339e-01  8.69288632e-01  1.08000000e+00  7.20000000e-01  6.32591549e-01 
 9.14129093e-06  3.49761962e-01  8.70446835e-01  1.08000000e+00  7.20000000e-01  6.32586612e-01 
 9.14629093e-06  3.49230572e-01  8.71677595e-01  1.08000000e+00  7.20000000e-01  6.32581882e-01 
 9.15129093e-06  3.48697038e-01  8.72973869e-01  1.08000000e+00  7.20000000e-01  6.32577371e-01 
 9.15629093e-06  3.48162676e-01  8.74328811e-01  1.08000000e+00  7.20000000e-01  6.32573094e-01 
 9.16129093e-06  3.47629248e-01  8.75735798e-01  1.08000000e+00  7.20000000e-01  6.32569057e-01 
 9.16629093e-06  3.47098967e-01  8.77188436e-01  1.08000000e+00  7.20000000e-01  6.32565271e-01 
 9.17129093e-06  3.46574485e-01  8.78680561e-01  1.08000000e+00  7.20000000e-01  6.32561737e-01 
 9.17629093e-06  3.46058897e-01  8.80206239e-01  1.08000000e+00  7.20000000e-01  6.32558462e-01 
 9.18129093e-06  3.45555726e-01  8.81759755e-01  1.08000000e+00  7.20000000e-01  6.32555444e-01 
 9.18629093e-06  3.45068913e-01  8.83335598e-01  1.08000000e+00  7.20000000e-01  6.32552686e-01 
 9.19129093e-06  3.44602806e-01  8.84928448e-01  1.08000000e+00  7.20000000e-01  6.32550183e-01 
 9.19629093e-06  3.44162140e-01  8.86533150e-01  1.08000000e+00  7.20000000e-01  6.32547937e-01 
 9.20129093e-06  3.43752019e-01  8.88144704e-01  1.08000000e+00  7.20000000e-01  6.32545940e-01 
 9.20629093e-06  3.43377885e-01  8.89758239e-01  1.08000000e+00  7.20000000e-01  6.32544194e-01 
 9.21129093e-06  3.43045495e-01  8.91368999e-01  1.08000000e+00  7.20000000e-01  6.32542689e-01 
 9.21629093e-06  3.42760875e-01  8.92972330e-01  1.08000000e+00  7.20000000e-01  6.32541427e-01 
 9.22129093e-06  3.42530284e-01  8.94563666e-01  1.08000000e+00  7.20000000e-01  6.32540398e-01 
 9.22629093e-06  3.42360151e-01  8.96138524e-01  1.08000000e+00  7.20000000e-01  6.32539602e-01 
 9.23129093e-06  3.42257016e-01  8.97692504e-01  1.08000000e+00  7.20000000e-01  6.32539030e-01 
 9.23629093e-06  3.42227458e-01  8.99221291e-01  1.08000000e+00  7.20000000e-01  6.32538682e-01 
 9.24129093e-06  3.42277999e-01  9.00720667e-01  1.08000000e+00  7.20000000e-01  6.32538551e-01 
 9.24629093e-06  3.42415015e-01  9.02186523e-01  1.08000000e+00  7.20000000e-01  6.32538633e-01 
 9.25129093e-06  3.42644619e-01  9.03614882e-01  1.08000000e+00  7.20000000e-01  6.32538923e-01 
 9.25629093e-06  3.42972541e-01  9.05001918e-01  1.08000000e+00  7.20000000e-01  6.32539416e-01 
 9.26129093e-06  3.43403994e-01  9.06343984e-01  1.08000000e+00  7.20000000e-01  6.32540106e-01 
 9.26629093e-06  3.43943535e-01  9.07637638e-01  1.08000000e+00  7.20000000e-01  6.32540990e-01 
 9.27129093e-06  3.44594916e-01  9.08879663e-01  1.08000000e+00  7.20000000e-01  6.32542057e-01 
 9.27629093e-06  3.45360930e-01  9.10067090e-01  1.08000000e+00  7.20000000e-01  6.32543304e-01 
 9.28129093e-06  3.46243265e-01  9.11197209e-01  1.08000000e+00  7.20000000e-01  6.32544721e-01 
 9.28629093e-06  3.47242350e-01  9.12267566e-01  1.08000000e+00  7.20000000e-01  6.32546301e-01 
 9.29129093e-06  3.48357207e-01  9.13275956e-01  1.08000000e+00  7.20000000e-01  6.32548035e-01 
 9.29629093e-06  3.49585317e-01  9.14220390e-01  1.08000000e+00  7.20000000e-01  6.32549914e-01 
 9.30129093e-06  3.50922491e-01  9.15099052e-01  1.08000000e+00  7.20000000e-01  6.32551929e-01 
 9.30629093e-06  3.52362753e-01  9.15910231e-01  1.08000000e+00  7.20000000e-01  6.32554071e-01 
 9.31129093e-06  3.53898244e-01  9.16652236e-01  1.08000000e+00  7.20000000e-01  6.32556332e-01 
 9.31629093e-06  3.55519140e-01  9.17323291e-01  1.08000000e+00  7.20000000e-01  6.32558705e-01 
 9.32129093e-06  3.57213598e-01  9.17921420e-01  1.08000000e+00  7.20000000e-01  6.32561182e-01 
 9.32629093e-06  3.58967742e-01  9.18444315e-01  1.08000000e+00  7.20000000e-01  6.32563763e-01 
 9.33129093e-06  3.60765681e-01  9.18889209e-01  1.08000000e+00  7.20000000e-01  6.32566444e-01 
 9.33629093e-06  3.62589598e-01  9.19252764e-01  1.08000000e+00  7.20000000e-01  6.32569229e-01 
 9.34129093e-06  3.64419903e-01  9.19530973e-01  1.08000000e+00  7.20000000e-01  6.32572121e-01 
 9.34629093e-06  3.66235485e-01  9.19719110e-01  1.08000000e+00  7.20000000e-01  6.32575130e-01 
 9.35129093e-06  3.68014056e-01  9.19811729e-01  1.08000000e+00  7.20000000e-01  6.32578266e-01 
 9.35629093e-06  3.69732611e-01  9.19802726e-01  1.08000000e+00  7.20000000e-01  6.32581546e-01 
 9.36129093e-06  3.71367990e-01  9.19685479e-01  1.08000000e+00  7.20000000e-01  6.32584983e-01 
 9.36629093e-06  3.72897530e-01  9.19453052e-01  1.08000000e+00  7.20000000e-01  6.32588596e-01 
 9.37129093e-06  3.74299770e-01  9.19098462e-01  1.08000000e+00  7.20000000e-01  6.32592399e-01 
 9.37629093e-06  3.75555173e-01  9.18615004e-01  1.08000000e+00  7.20000000e-01  6.32596408e-01 
 9.38129093e-06  3.76646822e-01  9.17996591e-01  1.08000000e+00  7.20000000e-01  6.32600631e-01 
 9.38629093e-06  3.77561017e-01  9.17238101e-01  1.08000000e+00  7.20000000e-01  6.32605075e-01 
 9.39129093e-06  3.78287758e-01  9.16335711e-01  1.08000000e+00  7.20000000e-01  6.32609736e-01 
 9.39629093e-06  3.78821055e-01  9.15287176e-01  1.08000000e+00  7.20000000e-01  6.32614604e-01 
 9.40129093e-06  3.79159065e-01  9.14092056e-01  1.08000000e+00  7.20000000e-01  6.32619659e-01 
 9.40629093e-06  3.79304039e-01  9.12751880e-01  1.08000000e+00  7.20000000e-01  6.32624876e-01 
 9.41129093e-06  3.79262101e-01  9.11270232e-01  1.08000000e+00  7.20000000e-01  6.32630217e-01 
 9.41629093e-06  3.79042876e-01  9.09652768e-01  1.08000000e+00  7.20000000e-01  6.32635641e-01 
 9.42129093e-06  3.78658995e-01  9.07907172e-01  1.08000000e+00  7.20000000e-01  6.32641096e-01 
 9.42629093e-06  3.78125530e-01  9.06043050e-01  1.08000000e+00  7.20000000e-01  6.32646528e-01 
 9.43129093e-06  3.77459364e-01  9.04071788e-01  1.08000000e+00  7.20000000e-01  6.32651876e-01 
 9.43629093e-06  3.76678566e-01  9.02006360e-01  1.08000000e+00  7.20000000e-01  6.32657083e-01 
 9.44129093e-06  3.75801775e-01  8.99861115e-01  1.08000000e+00  7.20000000e-01  6.32662084e-01 
 9.44629093e-06  3.74847631e-01  8.97651547e-01  1.08000000e+00  7.20000000e-01  6.32666822e-01 
 9.45129093e-06  3.73834268e-01  8.95394046e-01  1.08000000e+00  7.20000000e-01  6.32671236e-01 
 9.45629093e-06  3.72778887e-01  8.93105644e-01  1.08000000e+00  7.20000000e-01  6.32675275e-01 
 9.46129093e-06  3.71697409e-01  8.90803764e-01  1.08000000e+00  7.20000000e-01  6.32678887e-01 
 9.46629093e-06  3.70604226e-01  8.88505966e-01  1.08000000e+00  7.20000000e-01  6.32682031e-01 
 9.47129093e-06  3.69512017e-01  8.86229700e-01  1.08000000e+00  7.20000000e-01  6.32684667e-01 
 9.47629093e-06  3.68431666e-01  8.83992076e-01  1.08000000e+00  7.20000000e-01  6.32686767e-01 
 9.48129093e-06  3.67372232e-01  8.81809638e-01  1.08000000e+00  7.20000000e-01  6.32688306e-01 
 9.48629093e-06  3.66340987e-01  8.79698159e-01  1.08000000e+00  7.20000000e-01  6.32689271e-01 
 9.49129093e-06  3.65343499e-01  8.77672457e-01  1.08000000e+00  7.20000000e-01  6.32689651e-01 
 9.49629093e-06  3.64383749e-01  8.75746233e-01  1.08000000e+00  7.20000000e-01  6.32689448e-01 
 9.50129093e-06  3.63464282e-01  8.73931926e-01  1.08000000e+00  7.20000000e-01  6.32688664e-01 
 9.50629093e-06  3.62586363e-01  8.72240608e-01  1.08000000e+00  7.20000000e-01  6.32687316e-01 
 9.51129093e-06  3.61750149e-01  8.70681894e-01  1.08000000e+00  7.20000000e-01  6.32685419e-01 
 9.51629093e-06  3.60954853e-01  8.69263887e-01  1.08000000e+00  7.20000000e-01  6.32683000e-01 
 9.52129093e-06  3.60198914e-01  8.67993155e-01  1.08000000e+00  7.20000000e-01  6.32680085e-01 
 9.52629093e-06  3.59480145e-01  8.66874724e-01  1.08000000e+00  7.20000000e-01  6.32676711e-01 
 9.53129093e-06  3.58795882e-01  8.65912109e-01  1.08000000e+00  7.20000000e-01  6.32672913e-01 
 9.53629093e-06  3.58143109e-01  8.65107364e-01  1.08000000e+00  7.20000000e-01  6.32668732e-01 
 9.54129093e-06  3.57518577e-01  8.64461147e-01  1.08000000e+00  7.20000000e-01  6.32664208e-01 
 9.54629093e-06  3.56918903e-01  8.63972816e-01  1.08000000e+00  7.20000000e-01  6.32659387e-01 
 9.55129093e-06  3.56340664e-01  8.63640527e-01  1.08000000e+00  7.20000000e-01  6.32654312e-01 
 9.55629093e-06  3.55780469e-01  8.63461346e-01  1.08000000e+00  7.20000000e-01  6.32649029e-01 
 9.56129093e-06  3.55235028e-01  8.63431372e-01  1.08000000e+00  7.20000000e-01  6.32643582e-01 
 9.56629093e-06  3.54701209e-01  8.63545862e-01  1.08000000e+00  7.20000000e-01  6.32638015e-01 
 9.57129093e-06  3.54176086e-01  8.63799352e-01  1.08000000e+00  7.20000000e-01  6.32632369e-01 
 9.57629093e-06  3.53656980e-01  8.64185781e-01  1.08000000e+00  7.20000000e-01  6.32626688e-01 
 9.58129093e-06  3.53141497e-01  8.64698614e-01  1.08000000e+00  7.20000000e-01  6.32621007e-01 
 9.58629093e-06  3.52627555e-01  8.65330945e-01  1.08000000e+00  7.20000000e-01  6.32615365e-01 
 9.59129093e-06  3.52113415e-01  8.66075610e-01  1.08000000e+00  7.20000000e-01  6.32609794e-01 
 9.59629093e-06  3.51597701e-01  8.66925279e-01  1.08000000e+00  7.20000000e-01  6.32604327e-01 
 9.60129093e-06  3.51079420e-01  8.67872540e-01  1.08000000e+00  7.20000000e-01  6.32598989e-01 
 9.60629093e-06  3.50557982e-01  8.68909974e-01  1.08000000e+00  7.20000000e-01  6.32593809e-01 
 9.61129093e-06  3.50033209e-01  8.70030220e-01  1.08000000e+00  7.20000000e-01  6.32588804e-01 
 9.61629093e-06  3.49505352e-01  8.71226031e-01  1.08000000e+00  7.20000000e-01  6.32583998e-01 
 9.62129093e-06  3.48975093e-01  8.72490309e-01  1.08000000e+00  7.20000000e-01  6.32579403e-01 
 9.62629093e-06  3.48443559e-01  8.73816146e-01  1.08000000e+00  7.20000000e-01  6.32575036e-01 
 9.63129093e-06  3.47912317e-01  8.75196841e-01  1.08000000e+00  7.20000000e-01  6.32570905e-01 
 9.63629093e-06  3.47383382e-01  8.76625917e-01  1.08000000e+00  7.20000000e-01  6.32567019e-01 
 9.64129093e-06  3.46859211e-01  8.78097126e-01  1.08000000e+00  7.20000000e-01  6.32563384e-01 
 9.64629093e-06  3.46342698e-01  8.79604447e-01  1.08000000e+00  7.20000000e-01  6.32560004e-01 
 9.65129093e-06  3.45837171e-01  8.81142082e-01  1.08000000e+00  7.20000000e-01  6.32556880e-01 
 9.65629093e-06  3.45346377e-01  8.82704441e-01  1.08000000e+00  7.20000000e-01  6.32554015e-01 
 9.66129093e-06  3.44874473e-01  8.84286130e-01  1.08000000e+00  7.20000000e-01  6.32551406e-01 
 9.66629093e-06  3.44426009e-01  8.85881931e-01  1.08000000e+00  7.20000000e-01  6.32549053e-01 
 9.67129093e-06  3.44005909e-01  8.87486783e-01  1.08000000e+00  7.20000000e-01  6.32546950e-01 
 9.67629093e-06  3.43619449e-01  8.89095766e-01  1.08000000e+00  7.20000000e-01  6.32545099e-01 
 9.68129093e-06  3.43272225e-01  8.90704080e-01  1.08000000e+00  7.20000000e-01  6.32543491e-01 
 9.68629093e-06  3.42970120e-01  8.92307031e-01  1.08000000e+00  7.20000000e-01  6.32542125e-01 
 9.69129093e-06  3.42719264e-01  8.93900022e-01  1.08000000e+00  7.20000000e-01  6.32540995e-01 
 9.69629093e-06  3.42525982e-01  8.95478538e-01  1.08000000e+00  7.20000000e-01  6.32540099e-01 
 9.70129093e-06  3.42396736e-01  8.97038148e-01  1.08000000e+00  7.20000000e-01  6.32539429e-01 
 9.70629093e-06  3.42338051e-01  8.98574506e-01  1.08000000e+00  7.20000000e-01  6.32538985e-01 
 9.71129093e-06  3.42356440e-01  9.00083356e-01  1.08000000e+00  7.20000000e-01  6.32538758e-01 
 9.71629093e-06  3.42458303e-01  9.01560545e-01  1.08000000e+00  7.20000000e-01  6.32538747e-01 
 9.72129093e-06  3.42649830e-01  9.03002044e-01  1.08000000e+00  7.20000000e-01  6.32538944e-01 
 9.72629093e-06  3.42936874e-01  9.04403961e-01  1.08000000e+00  7.20000000e-01  6.32539348e-01 
 9.73129093e-06  3.43324834e-01  9.05762576e-01  1.08000000e+00  7.20000000e-01  6.32539950e-01 
 9.73629093e-06  3.43818507e-01  9.07074356e-01  1.08000000e+00  7.20000000e-01  6.32540748e-01 
 9.74129093e-06  3.44421953e-01  9.08335985e-01  1.08000000e+00  7.20000000e-01  6.32541732e-01 
 9.74629093e-06  3.45138338e-01  9.09544384e-01  1.08000000e+00  7.20000000e-01  6.32542899e-01 
 9.75129093e-06  3.45969788e-01  9.10696720e-01  1.08000000e+00  7.20000000e-01  6.32544239e-01 
 9.75629093e-06  3.46917235e-01  9.11790421e-01  1.08000000e+00  7.20000000e-01  6.32545746e-01 
 9.76129093e-06  3.47980270e-01  9.12823158e-01  1.08000000e+00  7.20000000e-01  6.32547410e-01 
 9.76629093e-06  3.49157004e-01  9.13792831e-01  1.08000000e+00  7.20000000e-01  6.32549224e-01 
 9.77129093e-06  3.50443933e-01  9.14697528e-01  1.08000000e+00  7.20000000e-01  6.32551177e-01 
 9.77629093e-06  3.51835820e-01  9.15535464e-01  1.08000000e+00  7.20000000e-01  6.32553262e-01 
 9.78129093e-06  3.53325588e-01  9.16304909e-01  1.08000000e+00  7.20000000e-01  6.32555469e-01 
 9.78629093e-06  3.54904232e-01  9.17004089e-01  1.08000000e+00  7.20000000e-01  6.32557792e-01 
 9.79129093e-06  3.56560759e-01  9.17631073e-01  1.08000000e+00  7.20000000e-01  6.32560224e-01 
 9.79629093e-06  3.58282150e-01  9.18183653e-01  1.08000000e+00  7.20000000e-01  6.32562761e-01 
 9.80129093e-06  3.60053370e-01  9.18659217e-01  1.08000000e+00  7.20000000e-01  6.32565399e-01 
 9.80629093e-06  3.61857431e-01  9.19054628e-01  1.08000000e+00  7.20000000e-01  6.32568142e-01 
 9.81129093e-06  3.63675513e-01  9.19366125e-01  1.08000000e+00  7.20000000e-01  6.32570991e-01 
 9.81629093e-06  3.65487184e-01  9.19589251e-01  1.08000000e+00  7.20000000e-01  6.32573955e-01 
 9.82129093e-06  3.67270702e-01  9.19718838e-01  1.08000000e+00  7.20000000e-01  6.32577042e-01 
 9.82629093e-06  3.69003432e-01  9.19749045e-01  1.08000000e+00  7.20000000e-01  6.32580268e-01 
 9.83129093e-06  3.70662369e-01  9.19673464e-01  1.08000000e+00  7.20000000e-01  6.32583645e-01 
 9.83629093e-06  3.72224748e-01  9.19485302e-01  1.08000000e+00  7.20000000e-01  6.32587192e-01 
 9.84129093e-06  3.73668734e-01  9.19177623e-01  1.08000000e+00  7.20000000e-01  6.32590924e-01 
 9.84629093e-06  3.74974133e-01  9.18743651e-01  1.08000000e+00  7.20000000e-01  6.32594856e-01 
 9.85129093e-06  3.76123096e-01  9.18177100e-01  1.08000000e+00  7.20000000e-01  6.32598999e-01 
 9.85629093e-06  3.77100751e-01  9.17472520e-01  1.08000000e+00  7.20000000e-01  6.32603360e-01 
 9.86129093e-06  3.77895732e-01  9.16625634e-01  1.08000000e+00  7.20000000e-01  6.32607937e-01 
 9.86629093e-06  3.78500547e-01  9.15633634e-01  1.08000000e+00  7.20000000e-01  6.32612725e-01 
 9.87129093e-06  3.78911786e-01  9.14495431e-01  1.08000000e+00  7.20000000e-01  6.32617707e-01 
 9.87629093e-06  3.79130133e-01  9.13211837e-01  1.08000000e+00  7.20000000e-01  6.32622860e-01 
 9.88129093e-06  3.79160213e-01  9.11785682e-01  1.08000000e+00  7.20000000e-01  6.32628150e-01 
 9.88629093e-06  3.79010276e-01  9.10221854e-01  1.08000000e+00  7.20000000e-01  6.32633537e-01 
 9.89129093e-06  3.78691750e-01  9.08527278e-01  1.08000000e+00  7.20000000e-01  6.32638974e-01 
 9.89629093e-06  3.78218704e-01  9.06710837e-01  1.08000000e+00  7.20000000e-01  6.32644407e-01 
 9.90129093e-06  3.77607245e-01  9.04783239e-01  1.08000000e+00  7.20000000e-01  6.32649779e-01 
 9.90629093e-06  3.76874897e-01  9.02756844e-01  1.08000000e+00  7.20000000e-01  6.32655032e-01 
 9.91129093e-06  3.76039978e-01  9.00645467e-01  1.08000000e+00  7.20000000e-01  6.32660101e-01 
 9.91629093e-06  3.75121022e-01  8.98464143e-01  1.08000000e+00  7.20000000e-01  6.32664930e-01 
 9.92129093e-06  3.74136250e-01  8.96228898e-01  1.08000000e+00  7.20000000e-01  6.32669457e-01 
 9.92629093e-06  3.73103113e-01  8.93956490e-01  1.08000000e+00  7.20000000e-01  6.32673629e-01 
 9.93129093e-06  3.72037923e-01  8.91664160e-01  1.08000000e+00  7.20000000e-01  6.32677393e-01 
 9.93629093e-06  3.70955561e-01  8.89369380e-01  1.08000000e+00  7.20000000e-01  6.32680705e-01 
 9.94129093e-06  3.69869276e-01  8.87089605e-01  1.08000000e+00  7.20000000e-01  6.32683525e-01 
 9.94629093e-06  3.68790563e-01  8.84842035e-01  1.08000000e+00  7.20000000e-01  6.32685821e-01 
 9.95129093e-06  3.67729115e-01  8.82643391e-01  1.08000000e+00  7.20000000e-01  6.32687566e-01 
 9.95629093e-06  3.66692833e-01  8.80509702e-01  1.08000000e+00  7.20000000e-01  6.32688743e-01 
 9.96129093e-06  3.65687896e-01  8.78456110e-01  1.08000000e+00  7.20000000e-01  6.32689340e-01 
 9.96629093e-06  3.64718859e-01  8.76496706e-01  1.08000000e+00  7.20000000e-01  6.32689354e-01 
 9.97129093e-06  3.63788798e-01  8.74644372e-01  1.08000000e+00  7.20000000e-01  6.32688787e-01 
 9.97629093e-06  3.62899454e-01  8.72910670e-01  1.08000000e+00  7.20000000e-01  6.32687652e-01 
 9.98129093e-06  3.62051405e-01  8.71305737e-01  1.08000000e+00  7.20000000e-01  6.32685963e-01 
 9.98629093e-06  3.61244230e-01  8.69838226e-01  1.08000000e+00  7.20000000e-01  6.32683743e-01 
 9.99129093e-06  3.60476674e-01  8.68515265e-01  1.08000000e+00  7.20000000e-01  6.32681018e-01 
 9.99629093e-06  3.59746805e-01  8.67342444e-01  1.08000000e+00  7.20000000e-01  6.32677822e-01 
 1.00012909e-05  3.59052160e-01  8.66323837e-01  1.08000000e+00  7.20000000e-01  6.32674188e-01 
 1.00062909e-05  3.58389881e-01  8.65462040e-01  1.08000000e+00  7.20000000e-01  6.32670157e-01 
 1.00112909e-05  3.57756832e-01  8.64758231e-01  1.08000000e+00  7.20000000e-01  6.32665769e-01 
 1.00162909e-05  3.57149707e-01  8.64212257e-01  1.08000000e+00  7.20000000e-01  6.32661068e-01 
 1.00212909e-05  3.56565125e-01  8.63822726e-01  1.08000000e+00  7.20000000e-01  6.32656097e-01 
 1.00262909e-05  3.55999708e-01  8.63587120e-01  1.08000000e+00  7.20000000e-01  6.32650902e-01 
 1.00312909e-05  3.55450154e-01  8.63501909e-01  1.08000000e+00  7.20000000e-01  6.32645525e-01 
 1.00362909e-05  3.54913297e-01  8.63562674e-01  1.08000000e+00  7.20000000e-01  6.32640013e-01 
 1.00412909e-05  3.54386155e-01  8.63764234e-01  1.08000000e+00  7.20000000e-01  6.32634407e-01 
 1.00462909e-05  3.53865979e-01  8.64100766e-01  1.08000000e+00  7.20000000e-01  6.32628749e-01 
 1.00512909e-05  3.53350286e-01  8.64565925e-01  1.08000000e+00  7.20000000e-01  6.32623078e-01 
 1.00562909e-05  3.52836895e-01  8.65152961e-01  1.08000000e+00  7.20000000e-01  6.32617432e-01 
 1.00612909e-05  3.52323955e-01  8.65854821e-01  1.08000000e+00  7.20000000e-01  6.32611844e-01 
 1.00662909e-05  3.51809968e-01  8.66664254e-01  1.08000000e+00  7.20000000e-01  6.32606348e-01 
 1.00712909e-05  3.51293810e-01  8.67573894e-01  1.08000000e+00  7.20000000e-01  6.32600970e-01 
 1.00762909e-05  3.50774750e-01  8.68576339e-01  1.08000000e+00  7.20000000e-01  6.32595740e-01 
 1.00812909e-05  3.50252464e-01  8.69664224e-01  1.08000000e+00  7.20000000e-01  6.32590678e-01 
 1.00862909e-05  3.49727050e-01  8.70830272e-01  1.08000000e+00  7.20000000e-01  6.32585806e-01 
 1.00912909e-05  3.49199033e-01  8.72067342e-01  1.08000000e+00  7.20000000e-01  6.32581139e-01 
 1.00962909e-05  3.48669378e-01  8.73368470e-01  1.08000000e+00  7.20000000e-01  6.32576695e-01 
 1.01012909e-05  3.48139489e-01  8.74726889e-01  1.08000000e+00  7.20000000e-01  6.32572481e-01 
 1.01062909e-05  3.47611215e-01  8.76136048e-01  1.08000000e+00  7.20000000e-01  6.32568510e-01 
 1.01112909e-05  3.47086845e-01  8.77589624e-01  1.08000000e+00  7.20000000e-01  6.32564787e-01 
 1.01162909e-05  3.46569109e-01  8.79081521e-01  1.08000000e+00  7.20000000e-01  6.32561317e-01 
 1.01212909e-05  3.46061167e-01  8.80605867e-01  1.08000000e+00  7.20000000e-01  6.32558102e-01 
 1.01262909e-05  3.45566606e-01  8.82157000e-01  1.08000000e+00  7.20000000e-01  6.32555145e-01 
 1.01312909e-05  3.45089422e-01  8.83729462e-01  1.08000000e+00  7.20000000e-01  6.32552444e-01 
 1.01362909e-05  3.44634012e-01  8.85317973e-01  1.08000000e+00  7.20000000e-01  6.32549998e-01 
 1.01412909e-05  3.44205150e-01  8.86917421e-01  1.08000000e+00  7.20000000e-01  6.32547805e-01 
 1.01462909e-05  3.43807971e-01  8.88522837e-01  1.08000000e+00  7.20000000e-01  6.32545863e-01 
 1.01512909e-05  3.43447940e-01  8.90129382e-01  1.08000000e+00  7.20000000e-01  6.32544165e-01 
 1.01562909e-05  3.43130819e-01  8.91732328e-01  1.08000000e+00  7.20000000e-01  6.32542712e-01 
 1.01612909e-05  3.42862634e-01  8.93327043e-01  1.08000000e+00  7.20000000e-01  6.32541495e-01 
 1.01662909e-05  3.42649621e-01  8.94908987e-01  1.08000000e+00  7.20000000e-01  6.32540513e-01 
 1.01712909e-05  3.42498176e-01  8.96473700e-01  1.08000000e+00  7.20000000e-01  6.32539759e-01 
 1.01762909e-05  3.42414782e-01  8.98016808e-01  1.08000000e+00  7.20000000e-01  6.32539232e-01 
 1.01812909e-05  3.42405941e-01  8.99534024e-01  1.08000000e+00  7.20000000e-01  6.32538924e-01 
 1.01862909e-05  3.42478076e-01  9.01021158e-01  1.08000000e+00  7.20000000e-01  6.32538833e-01 
 1.01912909e-05  3.42637435e-01  9.02474137e-01  1.08000000e+00  7.20000000e-01  6.32538952e-01 
 1.01962909e-05  3.42889979e-01  9.03889019e-01  1.08000000e+00  7.20000000e-01  6.32539279e-01 
 1.02012909e-05  3.43241255e-01  9.05262021e-01  1.08000000e+00  7.20000000e-01  6.32539806e-01 
 1.02062909e-05  3.43696263e-01  9.06589539e-01  1.08000000e+00  7.20000000e-01  6.32540531e-01 
 1.02112909e-05  3.44259318e-01  9.07868176e-01  1.08000000e+00  7.20000000e-01  6.32541444e-01 
 1.02162909e-05  3.44933898e-01  9.09094761e-01  1.08000000e+00  7.20000000e-01  6.32542543e-01 
 1.02212909e-05  3.45722495e-01  9.10266366e-01  1.08000000e+00  7.20000000e-01  6.32543817e-01 
 1.02262909e-05  3.46626463e-01  9.11380318e-01  1.08000000e+00  7.20000000e-01  6.32545261e-01 
 1.02312909e-05  3.47645874e-01  9.12434190e-01  1.08000000e+00  7.20000000e-01  6.32546865e-01 
 1.02362909e-05  3.48779367e-01  9.13425789e-01  1.08000000e+00  7.20000000e-01  6.32548622e-01 
 1.02412909e-05  3.50024018e-01  9.14353123e-01  1.08000000e+00  7.20000000e-01  6.32550522e-01 
 1.02462909e-05  3.51375216e-01  9.15214347e-01  1.08000000e+00  7.20000000e-01  6.32552557e-01 
 1.02512909e-05  3.52826547e-01  9.16007698e-01  1.08000000e+00  7.20000000e-01  6.32554718e-01 
 1.02562909e-05  3.54369706e-01  9.16731401e-01  1.08000000e+00  7.20000000e-01  6.32556998e-01 
 1.02612909e-05  3.55994420e-01  9.17383565e-01  1.08000000e+00  7.20000000e-01  6.32559389e-01 
 1.02662909e-05  3.57688406e-01  9.17962066e-01  1.08000000e+00  7.20000000e-01  6.32561887e-01 
 1.02712909e-05  3.59437365e-01  9.18464419e-01  1.08000000e+00  7.20000000e-01  6.32564488e-01 
 1.02762909e-05  3.61225021e-01  9.18887660e-01  1.08000000e+00  7.20000000e-01  6.32567194e-01 
 1.02812909e-05  3.63033226e-01  9.19228234e-01  1.08000000e+00  7.20000000e-01  6.32570005e-01 
 1.02862909e-05  3.64842143e-01  9.19481919e-01  1.08000000e+00  7.20000000e-01  6.32572929e-01 
 1.02912909e-05  3.66630517e-01  9.19643791e-01  1.08000000e+00  7.20000000e-01  6.32575973e-01 
 1.02962909e-05  3.68376058e-01  9.19708236e-01  1.08000000e+00  7.20000000e-01  6.32579152e-01 
 1.03012909e-05  3.70055919e-01  9.19669044e-01  1.08000000e+00  7.20000000e-01  6.32582477e-01 
 1.03062909e-05  3.71647283e-01  9.19519554e-01  1.08000000e+00  7.20000000e-01  6.32585967e-01 
 1.03112909e-05  3.73128022e-01  9.19252887e-01  1.08000000e+00  7.20000000e-01  6.32589636e-01 
 1.03162909e-05  3.74477406e-01  9.18862216e-01  1.08000000e+00  7.20000000e-01  6.32593501e-01 
 1.03212909e-05  3.75676805e-01  9.18341099e-01  1.08000000e+00  7.20000000e-01  6.32597572e-01 
 1.03262909e-05  3.76710349e-01  9.17683811e-01  1.08000000e+00  7.20000000e-01  6.32601859e-01 
 1.03312909e-05  3.77565495e-01  9.16885689e-01  1.08000000e+00  7.20000000e-01  6.32606363e-01 
 1.03362909e-05  3.78233445e-01  9.15943440e-01  1.08000000e+00  7.20000000e-01  6.32611080e-01 
 1.03412909e-05  3.78709413e-01  9.14855407e-01  1.08000000e+00  7.20000000e-01  6.32615996e-01 
 1.03462909e-05  3.78992696e-01  9.13621772e-01  1.08000000e+00  7.20000000e-01  6.32621091e-01 
 1.03512909e-05  3.79086586e-01  9.12244695e-01  1.08000000e+00  7.20000000e-01  6.32626333e-01 
 1.03562909e-05  3.78998097e-01  9.10728381e-01  1.08000000e+00  7.20000000e-01  6.32631687e-01 
 1.03612909e-05  3.78737570e-01  9.09079078e-01  1.08000000e+00  7.20000000e-01  6.32637105e-01 
 1.03662909e-05  3.78318160e-01  9.07305015e-01  1.08000000e+00  7.20000000e-01  6.32642537e-01 
 1.03712909e-05  3.77755261e-01  9.05416290e-01  1.08000000e+00  7.20000000e-01  6.32647928e-01 
 1.03762909e-05  3.77065886e-01  9.03424707e-01  1.08000000e+00  7.20000000e-01  6.32653218e-01 
 1.03812909e-05  3.76268049e-01  9.01343588e-01  1.08000000e+00  7.20000000e-01  6.32658346e-01 
 1.03862909e-05  3.75380170e-01  8.99187557e-01  1.08000000e+00  7.20000000e-01  6.32663253e-01 
 1.03912909e-05  3.74420532e-01  8.96972298e-01  1.08000000e+00  7.20000000e-01  6.32667878e-01 
 1.03962909e-05  3.73406801e-01  8.94714313e-01  1.08000000e+00  7.20000000e-01  6.32672167e-01 
 1.04012909e-05  3.72355628e-01  8.92430672e-01  1.08000000e+00  7.20000000e-01  6.32676065e-01 
 1.04062909e-05  3.71282332e-01  8.90138758e-01  1.08000000e+00  7.20000000e-01  6.32679526e-01 
 1.04112909e-05  3.70200669e-01  8.87856018e-01  1.08000000e+00  7.20000000e-01  6.32682508e-01 
 1.04162909e-05  3.69122686e-01  8.85599727e-01  1.08000000e+00  7.20000000e-01  6.32684978e-01 
 1.04212909e-05  3.68058649e-01  8.83386751e-01  1.08000000e+00  7.20000000e-01  6.32686905e-01 
 1.04262909e-05  3.67017032e-01  8.81233339e-01  1.08000000e+00  7.20000000e-01  6.32688271e-01 
 1.04312909e-05  3.66004566e-01  8.79154918e-01  1.08000000e+00  7.20000000e-01  6.32689061e-01 
 1.04362909e-05  3.65026334e-01  8.77165919e-01  1.08000000e+00  7.20000000e-01  6.32689270e-01 
 1.04412909e-05  3.64085893e-01  8.75279617e-01  1.08000000e+00  7.20000000e-01  6.32688897e-01 
 1.04462909e-05  3.63185422e-01  8.73508005e-01  1.08000000e+00  7.20000000e-01  6.32687953e-01 
 1.04512909e-05  3.62325885e-01  8.71861689e-01  1.08000000e+00  7.20000000e-01  6.32686449e-01 
 1.04562909e-05  3.61507194e-01  8.70349807e-01  1.08000000e+00  7.20000000e-01  6.32684408e-01 
 1.04612909e-05  3.60728376e-01  8.68979990e-01  1.08000000e+00  7.20000000e-01  6.32681853e-01 
 1.04662909e-05  3.59987731e-01  8.67758335e-01  1.08000000e+00  7.20000000e-01  6.32678817e-01 
 1.04712909e-05  3.59282982e-01  8.66689419e-01  1.08000000e+00  7.20000000e-01  6.32675331e-01 
 1.04762909e-05  3.58611412e-01  8.65776326e-01  1.08000000e+00  7.20000000e-01  6.32671436e-01 
 1.04812909e-05  3.57969989e-01  8.65020703e-01  1.08000000e+00  7.20000000e-01  6.32667171e-01 
 1.04862909e-05  3.57355477e-01  8.64422842e-01  1.08000000e+00  7.20000000e-01  6.32662578e-01 
 1.04912909e-05  3.56764532e-01  8.63981761e-01  1.08000000e+00  7.20000000e-01  6.32657701e-01 
 1.04962909e-05  3.56193787e-01  8.63695320e-01  1.08000000e+00  7.20000000e-01  6.32652584e-01 
 1.05012909e-05  3.55639929e-01  8.63560326e-01  1.08000000e+00  7.20000000e-01  6.32647272e-01 
 1.05062909e-05  3.55099758e-01  8.63572660e-01  1.08000000e+00  7.20000000e-01  6.32641810e-01 
 1.05112909e-05  3.54570243e-01  8.63727398e-01  1.08000000e+00  7.20000000e-01  6.32636240e-01 
 1.05162909e-05  3.54048566e-01  8.64018935e-01  1.08000000e+00  7.20000000e-01  6.32630604e-01 
 1.05212909e-05  3.53532168e-01  8.64441105e-01  1.08000000e+00  7.20000000e-01  6.32624941e-01 
 1.05262909e-05  3.53018776e-01  8.64987298e-01  1.08000000e+00  7.20000000e-01  6.32619292e-01 
 1.05312909e-05  3.52506437e-01  8.65650569e-01  1.08000000e+00  7.20000000e-01  6.32613689e-01 
 1.05362909e-05  3.51993542e-01  8.66423737e-01  1.08000000e+00  7.20000000e-01  6.32608166e-01 
 1.05412909e-05  3.51478849e-01  8.67299482e-01  1.08000000e+00  7.20000000e-01  6.32602754e-01 
 1.05462909e-05  3.50961502e-01  8.68270421e-01  1.08000000e+00  7.20000000e-01  6.32597479e-01 
 1.05512909e-05  3.50441044e-01  8.69329183e-01  1.08000000e+00  7.20000000e-01  6.32592365e-01 
 1.05562909e-05  3.49917437e-01  8.70468467e-01  1.08000000e+00  7.20000000e-01  6.32587433e-01 
 1.05612909e-05  3.49391067e-01  8.71681095e-01  1.08000000e+00  7.20000000e-01  6.32582702e-01 
 1.05662909e-05  3.48862752e-01  8.72960051e-01  1.08000000e+00  7.20000000e-01  6.32578187e-01 
 1.05712909e-05  3.48333751e-01  8.74298505e-01  1.08000000e+00  7.20000000e-01  6.32573900e-01 
 1.05762909e-05  3.47805765e-01  8.75689844e-01  1.08000000e+00  7.20000000e-01  6.32569852e-01 
 1.05812909e-05  3.47280936e-01  8.77127674e-01  1.08000000e+00  7.20000000e-01  6.32566048e-01 
 1.05862909e-05  3.46761845e-01  8.78605828e-01  1.08000000e+00  7.20000000e-01  6.32562497e-01 
 1.05912909e-05  3.46251505e-01  8.80118364e-01  1.08000000e+00  7.20000000e-01  6.32559199e-01 
 1.05962909e-05  3.45753360e-01  8.81659557e-01  1.08000000e+00  7.20000000e-01  6.32556159e-01 
 1.06012909e-05  3.45271265e-01  8.83223885e-01  1.08000000e+00  7.20000000e-01  6.32553374e-01 
 1.06062909e-05  3.44809479e-01  8.84806012e-01  1.08000000e+00  7.20000000e-01  6.32550846e-01 
 1.06112909e-05  3.44372645e-01  8.86400776e-01  1.08000000e+00  7.20000000e-01  6.32548570e-01 
 1.06162909e-05  3.43965773e-01  8.88003163e-01  1.08000000e+00  7.20000000e-01  6.32546546e-01 
 1.06212909e-05  3.43594212e-01  8.89608295e-01  1.08000000e+00  7.20000000e-01  6.32544768e-01 
 1.06262909e-05  3.43263618e-01  8.91211409e-01  1.08000000e+00  7.20000000e-01  6.32543234e-01 
 1.06312909e-05  3.42979924e-01  8.92807846e-01  1.08000000e+00  7.20000000e-01  6.32541939e-01 
 1.06362909e-05  3.42749288e-01  8.94393035e-01  1.08000000e+00  7.20000000e-01  6.32540880e-01 
 1.06412909e-05  3.42578045e-01  8.95962494e-01  1.08000000e+00  7.20000000e-01  6.32540051e-01 
 1.06462909e-05  3.42472642e-01  8.97511820e-01  1.08000000e+00  7.20000000e-01  6.32539448e-01 
 1.06512909e-05  3.42439569e-01  8.99036700e-01  1.08000000e+00  7.20000000e-01  6.32539067e-01 
 1.06562909e-05  3.42485266e-01  9.00532911e-01  1.08000000e+00  7.20000000e-01  6.32538904e-01 
 1.06612909e-05  3.42616034e-01  9.01996343e-01  1.08000000e+00  7.20000000e-01  6.32538953e-01 
 1.06662909e-05  3.42837922e-01  9.03423009e-01  1.08000000e+00  7.20000000e-01  6.32539211e-01 
 1.06712909e-05  3.43156609e-01  9.04809073e-01  1.08000000e+00  7.20000000e-01  6.32539671e-01 
 1.06762909e-05  3.43577270e-01  9.06150869e-01  1.08000000e+00  7.20000000e-01  6.32540330e-01 
 1.06812909e-05  3.44104442e-01  9.07444930e-01  1.08000000e+00  7.20000000e-01  6.32541180e-01 
 1.06862909e-05  3.44741876e-01  9.08688008e-01  1.08000000e+00  7.20000000e-01  6.32542216e-01 
 1.06912909e-05  3.45492387e-01  9.09877092e-01  1.08000000e+00  7.20000000e-01  6.32543431e-01 
 1.06962909e-05  3.46357701e-01  9.11009420e-01  1.08000000e+00  7.20000000e-01  6.32544818e-01 
 1.07012909e-05  3.47338311e-01  9.12082480e-01  1.08000000e+00  7.20000000e-01  6.32546368e-01 
 1.07062909e-05  3.48433328e-01  9.13093997e-01  1.08000000e+00  7.20000000e-01  6.32548074e-01 
 1.07112909e-05  3.49640342e-01  9.14041908e-01  1.08000000e+00  7.20000000e-01  6.32549926e-01 
 1.07162909e-05  3.50955296e-01  9.14924315e-01  1.08000000e+00  7.20000000e-01  6.32551917e-01 
 1.07212909e-05  3.52372370e-01  9.15739422e-01  1.08000000e+00  7.20000000e-01  6.32554035e-01 
 1.07262909e-05  3.53883882e-01  9.16485454e-01  1.08000000e+00  7.20000000e-01  6.32556276e-01 
 1.07312909e-05  3.55480207e-01  9.17160551e-01  1.08000000e+00  7.20000000e-01  6.32558629e-01 
 1.07362909e-05  3.57149721e-01  9.17762660e-01  1.08000000e+00  7.20000000e-01  6.32561092e-01 
 1.07412909e-05  3.58878789e-01  9.18289410e-01  1.08000000e+00  7.20000000e-01  6.32563659e-01 
 1.07462909e-05  3.60651781e-01  9.18737986e-01  1.08000000e+00  7.20000000e-01  6.32566331e-01 
 1.07512909e-05  3.62451164e-01  9.19105020e-01  1.08000000e+00  7.20000000e-01  6.32569107e-01 
 1.07562909e-05  3.64257649e-01  9.19386501e-01  1.08000000e+00  7.20000000e-01  6.32571995e-01 
 1.07612909e-05  3.66050442e-01  9.19577724e-01  1.08000000e+00  7.20000000e-01  6.32575000e-01 
 1.07662909e-05  3.67807584e-01  9.19673290e-01  1.08000000e+00  7.20000000e-01  6.32578136e-01 
 1.07712909e-05  3.69506404e-01  9.19667175e-01  1.08000000e+00  7.20000000e-01  6.32581414e-01 
 1.07762909e-05  3.71124070e-01  9.19552853e-01  1.08000000e+00  7.20000000e-01  6.32584852e-01 
 1.07812909e-05  3.72638226e-01  9.19323505e-01  1.08000000e+00  7.20000000e-01  6.32588464e-01 
 1.07862909e-05  3.74027686e-01  9.18972282e-01  1.08000000e+00  7.20000000e-01  6.32592268e-01 
 1.07912909e-05  3.75273144e-01  9.18492610e-01  1.08000000e+00  7.20000000e-01  6.32596274e-01 
 1.07962909e-05  3.76357850e-01  9.17878532e-01  1.08000000e+00  7.20000000e-01  6.32600493e-01 
 1.08012909e-05  3.77268204e-01  9.17125046e-01  1.08000000e+00  7.20000000e-01  6.32604929e-01 
 1.08062909e-05  3.77994225e-01  9.16228425e-01  1.08000000e+00  7.20000000e-01  6.32609580e-01 
 1.08112909e-05  3.78529867e-01  9.15186498e-01  1.08000000e+00  7.20000000e-01  6.32614434e-01 
 1.08162909e-05  3.78873151e-01  9.13998872e-01  1.08000000e+00  7.20000000e-01  6.32619473e-01 
 1.08212909e-05  3.79026124e-01  9.12667093e-01  1.08000000e+00  7.20000000e-01  6.32624670e-01 
 1.08262909e-05  3.78994644e-01  9.11194732e-01  1.08000000e+00  7.20000000e-01  6.32629990e-01 
 1.08312909e-05  3.78788021e-01  9.09587405e-01  1.08000000e+00  7.20000000e-01  6.32635389e-01 
 1.08362909e-05  3.78418541e-01  9.07852730e-01  1.08000000e+00  7.20000000e-01  6.32640818e-01 
 1.08412909e-05  3.77900907e-01  9.06000230e-01  1.08000000e+00  7.20000000e-01  6.32646222e-01 
 1.08462909e-05  3.77251632e-01  9.04041185e-01  1.08000000e+00  7.20000000e-01  6.32651545e-01 
 1.08512909e-05  3.76488420e-01  9.01988451e-01  1.08000000e+00  7.20000000e-01  6.32656724e-01 
 1.08562909e-05  3.75629561e-01  8.99856251e-01  1.08000000e+00  7.20000000e-01  6.32661701e-01 
 1.08612909e-05  3.74693377e-01  8.97659945e-01  1.08000000e+00  7.20000000e-01  6.32666414e-01 
 1.08662909e-05  3.73697717e-01  8.95415786e-01  1.08000000e+00  7.20000000e-01  6.32670808e-01 
 1.08712909e-05  3.72659535e-01  8.93140669e-01  1.08000000e+00  7.20000000e-01  6.32674828e-01 
 1.08762909e-05  3.71594548e-01  8.90851883e-01  1.08000000e+00  7.20000000e-01  6.32678425e-01 
 1.08812909e-05  3.70516985e-01  8.88566857e-01  1.08000000e+00  7.20000000e-01  6.32681556e-01 
 1.08862909e-05  3.69439406e-01  8.86302922e-01  1.08000000e+00  7.20000000e-01  6.32684186e-01 
 1.08912909e-05  3.68372611e-01  8.84077072e-01  1.08000000e+00  7.20000000e-01  6.32686281e-01 
 1.08962909e-05  3.67325614e-01  8.81905748e-01  1.08000000e+00  7.20000000e-01  6.32687822e-01 
 1.09012909e-05  3.66305671e-01  8.79804632e-01  1.08000000e+00  7.20000000e-01  6.32688790e-01 
 1.09062909e-05  3.65318361e-01  8.77788465e-01  1.08000000e+00  7.20000000e-01  6.32689179e-01 
 1.09112909e-05  3.64367701e-01  8.75870879e-01  1.08000000e+00  7.20000000e-01  6.32688987e-01 
 1.09162909e-05  3.63456287e-01  8.74064265e-01  1.08000000e+00  7.20000000e-01  6.32688220e-01 
 1.09212909e-05  3.62585451e-01  8.72379656e-01  1.08000000e+00  7.20000000e-01  6.32686890e-01 
 1.09262909e-05  3.61755424e-01  8.70826645e-01  1.08000000e+00  7.20000000e-01  6.32685015e-01 
 1.09312909e-05  3.60965503e-01  8.69413328e-01  1.08000000e+00  7.20000000e-01  6.32682620e-01 
 1.09362909e-05  3.60214211e-01  8.68146273e-01  1.08000000e+00  7.20000000e-01  6.32679733e-01 
 1.09412909e-05  3.59499448e-01  8.67030526e-01  1.08000000e+00  7.20000000e-01  6.32676387e-01 
 1.09462909e-05  3.58818636e-01  8.66069628e-01  1.08000000e+00  7.20000000e-01  6.32672620e-01 
 1.09512909e-05  3.58168843e-01  8.65265670e-01  1.08000000e+00  7.20000000e-01  6.32668470e-01 
 1.09562909e-05  3.57546897e-01  8.64619358e-01  1.08000000e+00  7.20000000e-01  6.32663979e-01 
 1.09612909e-05  3.56949493e-01  8.64130102e-01  1.08000000e+00  7.20000000e-01  6.32659190e-01 
 1.09662909e-05  3.56373276e-01  8.63796116e-01  1.08000000e+00  7.20000000e-01  6.32654149e-01 
 1.09712909e-05  3.55814920e-01  8.63614531e-01  1.08000000e+00  7.20000000e-01  6.32648898e-01 
 1.09762909e-05  3.55271197e-01  8.63581512e-01  1.08000000e+00  7.20000000e-01  6.32643484e-01 
 1.09812909e-05  3.54739027e-01  8.63692380e-01  1.08000000e+00  7.20000000e-01  6.32637948e-01 
 1.09862909e-05  3.54215533e-01  8.63941739e-01  1.08000000e+00  7.20000000e-01  6.32632333e-01 
 1.09912909e-05  3.53698079e-01  8.64323596e-01  1.08000000e+00  7.20000000e-01  6.32626680e-01 
 1.09962909e-05  3.53184307e-01  8.64831476e-01  1.08000000e+00  7.20000000e-01  6.32621028e-01 
 1.10012909e-05  3.52672171e-01  8.65458539e-01  1.08000000e+00  7.20000000e-01  6.32615412e-01 
 1.10062909e-05  3.52159958e-01  8.66197677e-01  1.08000000e+00  7.20000000e-01  6.32609866e-01 
 1.10112909e-05  3.51646315e-01  8.67041612e-01  1.08000000e+00  7.20000000e-01  6.32604421e-01 
 1.10162909e-05  3.51130269e-01  8.67982982e-01  1.08000000e+00  7.20000000e-01  6.32599105e-01 
 1.10212909e-05  3.50611243e-01  8.69014414e-01  1.08000000e+00  7.20000000e-01  6.32593943e-01 
 1.10262909e-05  3.50089069e-01  8.70128588e-01  1.08000000e+00  7.20000000e-01  6.32588957e-01 
 1.10312909e-05  3.49564003e-01  8.71318290e-01  1.08000000e+00  7.20000000e-01  6.32584165e-01 
 1.10362909e-05  3.49036731e-01  8.72576455e-01  1.08000000e+00  7.20000000e-01  6.32579585e-01 
 1.10412909e-05  3.48508374e-01  8.73896199e-01  1.08000000e+00  7.20000000e-01  6.32575228e-01 
 1.10462909e-05  3.47980498e-01  8.75270846e-01  1.08000000e+00  7.20000000e-01  6.32571108e-01 
 1.10512909e-05  3.47455106e-01  8.76693935e-01  1.08000000e+00  7.20000000e-01  6.32567230e-01 
 1.10562909e-05  3.46934643e-01  8.78159234e-01  1.08000000e+00  7.20000000e-01  6.32563602e-01 
 1.10612909e-05  3.46421988e-01  8.79660734e-01  1.08000000e+00  7.20000000e-01  6.32560227e-01 
 1.10662909e-05  3.45920448e-01  8.81192646e-01  1.08000000e+00  7.20000000e-01  6.32557109e-01 
 1.10712909e-05  3.45433750e-01  8.82749389e-01  1.08000000e+00  7.20000000e-01  6.32554246e-01 
 1.10762909e-05  3.44966026e-01  8.84325573e-01  1.08000000e+00  7.20000000e-01  6.32551639e-01 
 1.10812909e-05  3.44521798e-01  8.85915985e-01  1.08000000e+00  7.20000000e-01  6.32549286e-01 
 1.10862909e-05  3.44105960e-01  8.87515568e-01  1.08000000e+00  7.20000000e-01  6.32547185e-01 
 1.10912909e-05  3.43723751e-01  8.89119405e-01  1.08000000e+00  7.20000000e-01  6.32545332e-01 
 1.10962909e-05  3.43380733e-01  8.90722700e-01  1.08000000e+00  7.20000000e-01  6.32543723e-01 
 1.11012909e-05  3.43082748e-01  8.92320763e-01  1.08000000e+00  7.20000000e-01  6.32542355e-01 
 1.11062909e-05  3.42835883e-01  8.93909000e-01  1.08000000e+00  7.20000000e-01  6.32541223e-01 
 1.11112909e-05  3.42646416e-01  8.95482900e-01  1.08000000e+00  7.20000000e-01  6.32540323e-01 
 1.11162909e-05  3.42520758e-01  8.97038040e-01  1.08000000e+00  7.20000000e-01  6.32539651e-01 
 1.11212909e-05  3.42465383e-01  8.98570077e-01  1.08000000e+00  7.20000000e-01  6.32539202e-01 
 1.11262909e-05  3.42486748e-01  9.00074761e-01  1.08000000e+00  7.20000000e-01  6.32538971e-01 
 1.11312909e-05  3.42591195e-01  9.01547947e-01  1.08000000e+00  7.20000000e-01  6.32538955e-01 
 1.11362909e-05  3.42784851e-01  9.02985608e-01  1.08000000e+00  7.20000000e-01  6.32539148e-01 
 1.11412909e-05  3.43073512e-01  9.04383861e-01  1.08000000e+00  7.20000000e-01  6.32539545e-01 
 1.11462909e-05  3.43462511e-01  9.05738986e-01  1.08000000e+00  7.20000000e-01  6.32540143e-01 
 1.11512909e-05  3.43956584e-01  9.07047452e-01  1.08000000e+00  7.20000000e-01  6.32540933e-01 
 1.11562909e-05  3.44559727e-01  9.08305940e-01  1.08000000e+00  7.20000000e-01  6.32541912e-01 
 1.11612909e-05  3.45275048e-01  9.09511365e-01  1.08000000e+00  7.20000000e-01  6.32543071e-01 
 1.11662909e-05  3.46104613e-01  9.10660885e-01  1.08000000e+00  7.20000000e-01  6.32544405e-01 
 1.11712909e-05  3.47049299e-01  9.11751909e-01  1.08000000e+00  7.20000000e-01  6.32545905e-01 
 1.11762909e-05  3.48108648e-01  9.12782087e-01  1.08000000e+00  7.20000000e-01  6.32547563e-01 
 1.11812909e-05  3.49280722e-01  9.13749289e-01  1.08000000e+00  7.20000000e-01  6.32549369e-01 
 1.11862909e-05  3.50561975e-01  9.14651566e-01  1.08000000e+00  7.20000000e-01  6.32551317e-01 
 1.11912909e-05  3.51947136e-01  9.15487091e-01  1.08000000e+00  7.20000000e-01  6.32553396e-01 
 1.11962909e-05  3.53429097e-01  9.16254080e-01  1.08000000e+00  7.20000000e-01  6.32555599e-01 
 1.12012909e-05  3.54998833e-01  9.16950703e-01  1.08000000e+00  7.20000000e-01  6.32557918e-01 
 1.12062909e-05  3.56645337e-01  9.17574967e-01  1.08000000e+00  7.20000000e-01  6.32560347e-01 
 1.12112909e-05  3.58355592e-01  9.18124599e-01  1.08000000e+00  7.20000000e-01  6.32562882e-01 
 1.12162909e-05  3.60114579e-01  9.18596923e-01  1.08000000e+00  7.20000000e-01  6.32565522e-01 
 1.12212909e-05  3.61905341e-01  9.18988738e-01  1.08000000e+00  7.20000000e-01  6.32568266e-01 
 1.12262909e-05  3.63709121e-01  9.19296229e-01  1.08000000e+00  7.20000000e-01  6.32571119e-01 
 1.12312909e-05  3.65505570e-01  9.19514900e-01  1.08000000e+00  7.20000000e-01  6.32574089e-01 
 1.12362909e-05  3.67273069e-01  9.19639558e-01  1.08000000e+00  7.20000000e-01  6.32577185e-01 
 1.12412909e-05  3.68989139e-01  9.19664358e-01  1.08000000e+00  7.20000000e-01  6.32580419e-01 
 1.12462909e-05  3.70630972e-01  9.19582914e-01  1.08000000e+00  7.20000000e-01  6.32583809e-01 
 1.12512909e-05  3.72176036e-01  9.19388483e-01  1.08000000e+00  7.20000000e-01  6.32587368e-01 
 1.12562909e-05  3.73602759e-01  9.19074208e-01  1.08000000e+00  7.20000000e-01  6.32591113e-01 
 1.12612909e-05  3.74891238e-01  9.18633414e-01  1.08000000e+00  7.20000000e-01  6.32595058e-01 
 1.12662909e-05  3.76023925e-01  9.18059942e-01  1.08000000e+00  7.20000000e-01  6.32599213e-01 
 1.12712909e-05  3.76986251e-01  9.17348488e-01  1.08000000e+00  7.20000000e-01  6.32603585e-01 
 1.12762909e-05  3.77767136e-01  9.16494929e-01  1.08000000e+00  7.20000000e-01  6.32608172e-01 
 1.12812909e-05  3.78359350e-01  9.15496622e-01  1.08000000e+00  7.20000000e-01  6.32612966e-01 
 1.12862909e-05  3.78759700e-01  9.14352635e-01  1.08000000e+00  7.20000000e-01  6.32617952e-01 
 1.12912909e-05  3.78969043e-01  9.13063934e-01  1.08000000e+00  7.20000000e-01  6.32623103e-01 
 1.12962909e-05  3.78992118e-01  9.11633489e-01  1.08000000e+00  7.20000000e-01  6.32628389e-01 
 1.13012909e-05  3.78837231e-01  9.10066313e-01  1.08000000e+00  7.20000000e-01  6.32633766e-01 
 1.13062909e-05  3.78515810e-01  9.08369435e-01  1.08000000e+00  7.20000000e-01  6.32639189e-01 
 1.13112909e-05  3.78041867e-01  9.06551821e-01  1.08000000e+00  7.20000000e-01  6.32644604e-01 
 1.13162909e-05  3.77431403e-01  9.04624241e-01  1.08000000e+00  7.20000000e-01  6.32649953e-01 
 1.13212909e-05  3.76701795e-01  9.02599094e-01  1.08000000e+00  7.20000000e-01  6.32655178e-01 
 1.13262909e-05  3.75871182e-01  9.00490210e-01  1.08000000e+00  7.20000000e-01  6.32660218e-01 
 1.13312909e-05  3.74957894e-01  8.98312625e-01  1.08000000e+00  7.20000000e-01  6.32665012e-01 
 1.13362909e-05  3.73979932e-01  8.96082338e-01  1.08000000e+00  7.20000000e-01  6.32669503e-01 
 1.13412909e-05  3.72954525e-01  8.93816067e-01  1.08000000e+00  7.20000000e-01  6.32673636e-01 
 1.13462909e-05  3.71897761e-01  8.91530994e-01  1.08000000e+00  7.20000000e-01  6.32677361e-01 
 1.13512909e-05  3.70824307e-01  8.89244520e-01  1.08000000e+00  7.20000000e-01  6.32680632e-01 
 1.13562909e-05  3.69747213e-01  8.86974013e-01  1.08000000e+00  7.20000000e-01  6.32683411e-01 
 1.13612909e-05  3.68677792e-01  8.84736578e-01  1.08000000e+00  7.20000000e-01  6.32685666e-01 
 1.13662909e-05  3.67625576e-01  8.82548827e-01  1.08000000e+00  7.20000000e-01  6.32687372e-01 
 1.13712909e-05  3.66598330e-01  8.80426677e-01  1.08000000e+00  7.20000000e-01  6.32688510e-01 
 1.13762909e-05  3.65602116e-01  8.78385152e-01  1.08000000e+00  7.20000000e-01  6.32689071e-01 
 1.13812909e-05  3.64641401e-01  8.76438220e-01  1.08000000e+00  7.20000000e-01  6.32689051e-01 
 1.13862909e-05  3.63719187e-01  8.74598643e-01  1.08000000e+00  7.20000000e-01  6.32688454e-01 
 1.13912909e-05  3.62837170e-01  8.72877860e-01  1.08000000e+00  7.20000000e-01  6.32687290e-01 
 1.13962909e-05  3.61995895e-01  8.71285890e-01  1.08000000e+00  7.20000000e-01  6.32685576e-01 
 1.14012909e-05  3.61194926e-01  8.69831273e-01  1.08000000e+00  7.20000000e-01  6.32683333e-01 
 1.14062909e-05  3.60433007e-01  8.68521029e-01  1.08000000e+00  7.20000000e-01  6.32680591e-01 
 1.14112909e-05  3.59708216e-01  8.67360651e-01  1.08000000e+00  7.20000000e-01  6.32677380e-01 
 1.14162909e-05  3.59018112e-01  8.66354122e-01  1.08000000e+00  7.20000000e-01  6.32673736e-01 
 1.14212909e-05  3.58359863e-01  8.65503957e-01  1.08000000e+00  7.20000000e-01  6.32669698e-01 
 1.14262909e-05  3.57730366e-01  8.64811268e-01  1.08000000e+00  7.20000000e-01  6.32665306e-01 
 1.14312909e-05  3.57126355e-01  8.64275840e-01  1.08000000e+00  7.20000000e-01  6.32660604e-01 
 1.14362909e-05  3.56544489e-01  8.63896236e-01  1.08000000e+00  7.20000000e-01  6.32655637e-01 
 1.14412909e-05  3.55981433e-01  8.63669901e-01  1.08000000e+00  7.20000000e-01  6.32650447e-01 
 1.14462909e-05  3.55433931e-01  8.63593276e-01  1.08000000e+00  7.20000000e-01  6.32645080e-01 
 1.14512909e-05  3.54898860e-01  8.63661929e-01  1.08000000e+00  7.20000000e-01  6.32639579e-01 
 1.14562909e-05  3.54373284e-01  8.63870669e-01  1.08000000e+00  7.20000000e-01  6.32633987e-01 
 1.14612909e-05  3.53854498e-01  8.64213672e-01  1.08000000e+00  7.20000000e-01  6.32628344e-01 
 1.14662909e-05  3.53340064e-01  8.64684603e-01  1.08000000e+00  7.20000000e-01  6.32622691e-01 
 1.14712909e-05  3.52827843e-01  8.65276722e-01  1.08000000e+00  7.20000000e-01  6.32617064e-01 
 1.14762909e-05  3.52316026e-01  8.65982999e-01  1.08000000e+00  7.20000000e-01  6.32611497e-01 
 1.14812909e-05  3.51803155e-01  8.66796203e-01  1.08000000e+00  7.20000000e-01  6.32606022e-01 
 1.14862909e-05  3.51288144e-01  8.67708993e-01  1.08000000e+00  7.20000000e-01  6.32600668e-01 
 1.14912909e-05  3.50770301e-01  8.68713999e-01  1.08000000e+00  7.20000000e-01  6.32595460e-01 
 1.14962909e-05  3.50249337e-01  8.69803882e-01  1.08000000e+00  7.20000000e-01  6.32590422e-01 
 1.15012909e-05  3.49725382e-01  8.70971397e-01  1.08000000e+00  7.20000000e-01  6.32585573e-01 
 1.15062909e-05  3.49198996e-01  8.72209436e-01  1.08000000e+00  7.20000000e-01  6.32580930e-01 
 1.15112909e-05  3.48671173e-01  8.73511061e-01  1.08000000e+00  7.20000000e-01  6.32576508e-01 
 1.15162909e-05  3.48143344e-01  8.74869536e-01  1.08000000e+00  7.20000000e-01  6.32572319e-01 
 1.15212909e-05  3.47617385e-01  8.76278338e-01  1.08000000e+00  7.20000000e-01  6.32568370e-01 
 1.15262909e-05  3.47095608e-01  8.77731169e-01  1.08000000e+00  7.20000000e-01  6.32564669e-01 
 1.15312909e-05  3.46580765e-01  8.79221956e-01  1.08000000e+00  7.20000000e-01  6.32561220e-01 
 1.15362909e-05  3.46076035e-01  8.80744848e-01  1.08000000e+00  7.20000000e-01  6.32558026e-01 
 1.15412909e-05  3.45585020e-01  8.82294205e-01  1.08000000e+00  7.20000000e-01  6.32555088e-01 
 1.15462909e-05  3.45111732e-01  8.83864582e-01  1.08000000e+00  7.20000000e-01  6.32552407e-01 
 1.15512909e-05  3.44660577e-01  8.85450718e-01  1.08000000e+00  7.20000000e-01  6.32549979e-01 
 1.15562909e-05  3.44236337e-01  8.87047512e-01  1.08000000e+00  7.20000000e-01  6.32547805e-01 
 1.15612909e-05  3.43844150e-01  8.88650008e-01  1.08000000e+00  7.20000000e-01  6.32545878e-01 
 1.15662909e-05  3.43489482e-01  8.90253376e-01  1.08000000e+00  7.20000000e-01  6.32544198e-01 
 1.15712909e-05  3.43178091e-01  8.91852897e-01  1.08000000e+00  7.20000000e-01  6.32542759e-01 
 1.15762909e-05  3.42915992e-01  8.93443949e-01  1.08000000e+00  7.20000000e-01  6.32541558e-01 
 1.15812909e-05  3.42709409e-01  8.95022001e-01  1.08000000e+00  7.20000000e-01  6.32540590e-01 
 1.15862909e-05  3.42564713e-01  8.96582601e-01  1.08000000e+00  7.20000000e-01  6.32539851e-01 
 1.15912909e-05  3.42488363e-01  8.98121385e-01  1.08000000e+00  7.20000000e-01  6.32539336e-01 
 1.15962909e-05  3.42486823e-01  8.99634074e-01  1.08000000e+00  7.20000000e-01  6.32539041e-01 
 1.16012909e-05  3.42566473e-01  9.01116491e-01  1.08000000e+00  7.20000000e-01  6.32538961e-01 
 1.16062909e-05  3.42733508e-01  9.02564575e-01  1.08000000e+00  7.20000000e-01  6.32539093e-01 
 1.16112909e-05  3.42993827e-01  9.03974396e-01  1.08000000e+00  7.20000000e-01  6.32539430e-01 
 1.16162909e-05  3.43352906e-01  9.05342186e-01  1.08000000e+00  7.20000000e-01  6.32539968e-01 
 1.16212909e-05  3.43815665e-01  9.06664355e-01  1.08000000e+00  7.20000000e-01  6.32540702e-01 
 1.16262909e-05  3.44386325e-01  9.07937520e-01  1.08000000e+00  7.20000000e-01  6.32541625e-01 
 1.16312909e-05  3.45068264e-01  9.09158524e-01  1.08000000e+00  7.20000000e-01  6.32542732e-01 
 1.16362909e-05  3.45863865e-01  9.10324451e-01  1.08000000e+00  7.20000000e-01  6.32544014e-01 
 1.16412909e-05  3.46774363e-01  9.11432636e-01  1.08000000e+00  7.20000000e-01  6.32545465e-01 
 1.16462909e-05  3.47799701e-01  9.12480657e-01  1.08000000e+00  7.20000000e-01  6.32547077e-01 
 1.16512909e-05  3.48938387e-01  9.13466320e-01  1.08000000e+00  7.20000000e-01  6.32548840e-01 
 1.16562909e-05  3.50187356e-01  9.14387622e-01  1.08000000e+00  7.20000000e-01  6.32550746e-01 
 1.16612909e-05  3.51541852e-01  9.15242703e-01  1.08000000e+00  7.20000000e-01  6.32552787e-01 
 1.16662909e-05  3.52995313e-01  9.16029772e-01  1.08000000e+00  7.20000000e-01  6.32554953e-01 
 1.16712909e-05  3.54539285e-01  9.16747015e-01  1.08000000e+00  7.20000000e-01  6.32557238e-01 
 1.16762909e-05  3.56163346e-01  9.17392493e-01  1.08000000e+00  7.20000000e-01  6.32559635e-01 
 1.16812909e-05  3.57855073e-01  9.17964021e-01  1.08000000e+00  7.20000000e-01  6.32562139e-01 
 1.16862909e-05  3.59600032e-01  9.18459046e-01  1.08000000e+00  7.20000000e-01  6.32564748e-01 
 1.16912909e-05  3.61381830e-01  9.18874527e-01  1.08000000e+00  7.20000000e-01  6.32567461e-01 
 1.16962909e-05  3.63182228e-01  9.19206832e-01  1.08000000e+00  7.20000000e-01  6.32570282e-01 
 1.17012909e-05  3.64981326e-01  9.19451663e-01  1.08000000e+00  7.20000000e-01  6.32573217e-01 
 1.17062909e-05  3.66757853e-01  9.19604028e-01  1.08000000e+00  7.20000000e-01  6.32576275e-01 
 1.17112909e-05  3.68489551e-01  9.19658263e-01  1.08000000e+00  7.20000000e-01  6.32579469e-01 
 1.17162909e-05  3.70153669e-01  9.19608130e-01  1.08000000e+00  7.20000000e-01  6.32582812e-01 
 1.17212909e-05  3.71727551e-01  9.19446972e-01  1.08000000e+00  7.20000000e-01  6.32586321e-01 
 1.17262909e-05  3.73189300e-01  9.19167944e-01  1.08000000e+00  7.20000000e-01  6.32590011e-01 
 1.17312909e-05  3.74518480e-01  9.18764295e-01  1.08000000e+00  7.20000000e-01  6.32593898e-01 
 1.17362909e-05  3.75696814e-01  9.18229694e-01  1.08000000e+00  7.20000000e-01  6.32597992e-01 
 1.17412909e-05  3.76708834e-01  9.17558565e-01  1.08000000e+00  7.20000000e-01  6.32602301e-01 
 1.17462909e-05  3.77542419e-01  9.16746423e-01  1.08000000e+00  7.20000000e-01  6.32606826e-01 
 1.17512909e-05  3.78189209e-01  9.15790179e-01  1.08000000e+00  7.20000000e-01  6.32611561e-01 
 1.17562909e-05  3.78644840e-01  9.14688395e-01  1.08000000e+00  7.20000000e-01  6.32616493e-01 
 1.17612909e-05  3.78909008e-01  9.13441481e-01  1.08000000e+00  7.20000000e-01  6.32621599e-01 
 1.17662909e-05  3.78985350e-01  9.12051827e-01  1.08000000e+00  7.20000000e-01  6.32626849e-01 
 1.17712909e-05  3.78881171e-01  9.10523857e-01  1.08000000e+00  7.20000000e-01  6.32632202e-01 
 1.17762909e-05  3.78607034e-01  9.08864027e-01  1.08000000e+00  7.20000000e-01  6.32637616e-01 
 1.17812909e-05  3.78176244e-01  9.07080754e-01  1.08000000e+00  7.20000000e-01  6.32643037e-01 
 1.17862909e-05  3.77604272e-01  9.05184300e-01  1.08000000e+00  7.20000000e-01  6.32648409e-01 
 1.17912909e-05  3.76908136e-01  9.03186611e-01  1.08000000e+00  7.20000000e-01  6.32653674e-01 
 1.17962909e-05  3.76105795e-01  9.01101119e-01  1.08000000e+00  7.20000000e-01  6.32658771e-01 
 1.18012909e-05  3.75215556e-01  8.98942530e-01  1.08000000e+00  7.20000000e-01  6.32663640e-01 
 1.18062909e-05  3.74255542e-01  8.96726583e-01  1.08000000e+00  7.20000000e-01  6.32668222e-01 
 1.18112909e-05  3.73243226e-01  8.94469807e-01  1.08000000e+00  7.20000000e-01  6.32672461e-01 
 1.18162909e-05  3.72195039e-01  8.92189266e-01  1.08000000e+00  7.20000000e-01  6.32676307e-01 
 1.18212909e-05  3.71126066e-01  8.89902314e-01  1.08000000e+00  7.20000000e-01  6.32679711e-01 
 1.18262909e-05  3.70049825e-01  8.87626346e-01  1.08000000e+00  7.20000000e-01  6.32682634e-01 
 1.18312909e-05  3.68978129e-01  8.85378557e-01  1.08000000e+00  7.20000000e-01  6.32685042e-01 
 1.18362909e-05  3.67921014e-01  8.83175714e-01  1.08000000e+00  7.20000000e-01  6.32686907e-01 
 1.18412909e-05  3.66886746e-01  8.81033947e-01  1.08000000e+00  7.20000000e-01  6.32688209e-01 
 1.18462909e-05  3.65881864e-01  8.78968549e-01  1.08000000e+00  7.20000000e-01  6.32688937e-01 
 1.18512909e-05  3.64911282e-01  8.76993799e-01  1.08000000e+00  7.20000000e-01  6.32689083e-01 
 1.18562909e-05  3.63978408e-01  8.75122817e-01  1.08000000e+00  7.20000000e-01  6.32688652e-01 
 1.18612909e-05  3.63085301e-01  8.73367425e-01  1.08000000e+00  7.20000000e-01  6.32687650e-01 
 1.18662909e-05  3.62232823e-01  8.71738057e-01  1.08000000e+00  7.20000000e-01  6.32686093e-01 
 1.18712909e-05  3.61420807e-01  8.70243679e-01  1.08000000e+00  7.20000000e-01  6.32684001e-01 
 1.18762909e-05  3.60648222e-01  8.68891749e-01  1.08000000e+00  7.20000000e-01  6.32681400e-01 
 1.18812909e-05  3.59913328e-01  8.67688197e-01  1.08000000e+00  7.20000000e-01  6.32678322e-01 
 1.18862909e-05  3.59213824e-01  8.66637437e-01  1.08000000e+00  7.20000000e-01  6.32674800e-01 
 1.18912909e-05  3.58546983e-01  8.65742402e-01  1.08000000e+00  7.20000000e-01  6.32670873e-01 
 1.18962909e-05  3.57909774e-01  8.65004599e-01  1.08000000e+00  7.20000000e-01  6.32666581e-01 
 1.19012909e-05  3.57298973e-01  8.64424189e-01  1.08000000e+00  7.20000000e-01  6.32661965e-01 
 1.19062909e-05  3.56711256e-01  8.64000078e-01  1.08000000e+00  7.20000000e-01  6.32657072e-01 
 1.19112909e-05  3.56143285e-01  8.63730022e-01  1.08000000e+00  7.20000000e-01  6.32651943e-01 
 1.19162909e-05  3.55591779e-01  8.63610744e-01  1.08000000e+00  7.20000000e-01  6.32646624e-01 
 1.19212909e-05  3.55053574e-01  8.63638054e-01  1.08000000e+00  7.20000000e-01  6.32641159e-01 
 1.19262909e-05  3.54525680e-01  8.63806968e-01  1.08000000e+00  7.20000000e-01  6.32635592e-01 
 1.19312909e-05  3.54005326e-01  8.64111839e-01  1.08000000e+00  7.20000000e-01  6.32629962e-01 
 1.19362909e-05  3.53489995e-01  8.64546468e-01  1.08000000e+00  7.20000000e-01  6.32624310e-01 
 1.19412909e-05  3.52977462e-01  8.65104227e-01  1.08000000e+00  7.20000000e-01  6.32618673e-01 
 1.19462909e-05  3.52465824e-01  8.65778161e-01  1.08000000e+00  7.20000000e-01  6.32613088e-01 
 1.19512909e-05  3.51953522e-01  8.66561091e-01  1.08000000e+00  7.20000000e-01  6.32607585e-01 
 1.19562909e-05  3.51439362e-01  8.67445704e-01  1.08000000e+00  7.20000000e-01  6.32602195e-01 
 1.19612909e-05  3.50922538e-01  8.68424633e-01  1.08000000e+00  7.20000000e-01  6.32596944e-01 
 1.19662909e-05  3.50402647e-01  8.69490528e-01  1.08000000e+00  7.20000000e-01  6.32591856e-01 
 1.19712909e-05  3.49879698e-01  8.70636115e-01  1.08000000e+00  7.20000000e-01  6.32586952e-01 
 1.19762909e-05  3.49354126e-01  8.71854243e-01  1.08000000e+00  7.20000000e-01  6.32582250e-01 
 1.19812909e-05  3.48826801e-01  8.73137925e-01  1.08000000e+00  7.20000000e-01  6.32577765e-01 
 1.19862909e-05  3.48299029e-01  8.74480368e-01  1.08000000e+00  7.20000000e-01  6.32573508e-01 
 1.19912909e-05  3.47772556e-01  8.75874987e-01  1.08000000e+00  7.20000000e-01  6.32569490e-01 
 1.19962909e-05  3.47249571e-01  8.77315420e-01  1.08000000e+00  7.20000000e-01  6.32565718e-01 
 1.20012909e-05  3.46732698e-01  8.78795533e-01  1.08000000e+00  7.20000000e-01  6.32562197e-01 
 1.20062909e-05  3.46224994e-01  8.80309410e-01  1.08000000e+00  7.20000000e-01  6.32558930e-01 
 1.20112909e-05  3.45729939e-01  8.81851354e-01  1.08000000e+00  7.20000000e-01  6.32555920e-01 
 1.20162909e-05  3.45251427e-01  8.83415867e-01  1.08000000e+00  7.20000000e-01  6.32553165e-01 
 1.20212909e-05  3.44793751e-01  8.84997636e-01  1.08000000e+00  7.20000000e-01  6.32550665e-01 
 1.20262909e-05  3.44361586e-01  8.86591516e-01  1.08000000e+00  7.20000000e-01  6.32548418e-01 
 1.20312909e-05  3.43959969e-01  8.88192513e-01  1.08000000e+00  7.20000000e-01  6.32546421e-01 
 1.20362909e-05  3.43594272e-01  8.89795762e-01  1.08000000e+00  7.20000000e-01  6.32544671e-01 
 1.20412909e-05  3.43270169e-01  8.91396514e-01  1.08000000e+00  7.20000000e-01  6.32543163e-01 
 1.20462909e-05  3.42993606e-01  8.92990122e-01  1.08000000e+00  7.20000000e-01  6.32541894e-01 
 1.20512909e-05  3.42770746e-01  8.94572028e-01  1.08000000e+00  7.20000000e-01  6.32540860e-01 
 1.20562909e-05  3.42607923e-01  8.96137759e-01  1.08000000e+00  7.20000000e-01  6.32540055e-01 
 1.20612909e-05  3.42511575e-01  8.97682924e-01  1.08000000e+00  7.20000000e-01  6.32539476e-01 
 1.20662909e-05  3.42488168e-01  8.99203222e-01  1.08000000e+00  7.20000000e-01  6.32539118e-01 
 1.20712909e-05  3.42544112e-01  9.00694445e-01  1.08000000e+00  7.20000000e-01  6.32538977e-01 
 1.20762909e-05  3.42685663e-01  9.02152496e-01  1.08000000e+00  7.20000000e-01  6.32539048e-01 
 1.20812909e-05  3.42918813e-01  9.03573407e-01  1.08000000e+00  7.20000000e-01  6.32539327e-01 
 1.20862909e-05  3.43249166e-01  9.04953360e-01  1.08000000e+00  7.20000000e-01  6.32539808e-01 
 1.20912909e-05  3.43681813e-01  9.06288713e-01  1.08000000e+00  7.20000000e-01  6.32540485e-01 
 1.20962909e-05  3.44221186e-01  9.07576021e-01  1.08000000e+00  7.20000000e-01  6.32541355e-01 
 1.21012909e-05  3.44870914e-01  9.08812061e-01  1.08000000e+00  7.20000000e-01  6.32542409e-01 
 1.21062909e-05  3.45633677e-01  9.09993845e-01  1.08000000e+00  7.20000000e-01  6.32543641e-01 
 1.21112909e-05  3.46511051e-01  9.11118635e-01  1.08000000e+00  7.20000000e-01  6.32545044e-01 
 1.21162909e-05  3.47503359e-01  9.12183939e-01  1.08000000e+00  7.20000000e-01  6.32546610e-01 
 1.21212909e-05  3.48609531e-01  9.13187499e-01  1.08000000e+00  7.20000000e-01  6.32548330e-01 
 1.21262909e-05  3.49826963e-01  9.14127261e-01  1.08000000e+00  7.20000000e-01  6.32550196e-01 
 1.21312909e-05  3.51151392e-01  9.15001327e-01  1.08000000e+00  7.20000000e-01  6.32552198e-01 
 1.21362909e-05  3.52576782e-01  9.15807890e-01  1.08000000e+00  7.20000000e-01  6.32554330e-01 
 1.21412909e-05  3.54095227e-01  9.16545150e-01  1.08000000e+00  7.20000000e-01  6.32556581e-01 
 1.21462909e-05  3.55696874e-01  9.17211211e-01  1.08000000e+00  7.20000000e-01  6.32558946e-01 
 1.21512909e-05  3.57369873e-01  9.17803968e-01  1.08000000e+00  7.20000000e-01  6.32561420e-01 
 1.21562909e-05  3.59100366e-01  9.18320980e-01  1.08000000e+00  7.20000000e-01  6.32563999e-01 
 1.21612909e-05  3.60872513e-01  9.18759354e-01  1.08000000e+00  7.20000000e-01  6.32566682e-01 
 1.21662909e-05  3.62668592e-01  9.19115631e-01  1.08000000e+00  7.20000000e-01  6.32569472e-01 
 1.21712909e-05  3.64469160e-01  9.19385707e-01  1.08000000e+00  7.20000000e-01  6.32572374e-01 
 1.21762909e-05  3.66253309e-01  9.19564785e-01  1.08000000e+00  7.20000000e-01  6.32575396e-01 
 1.21812909e-05  3.67999030e-01  9.19647389e-01  1.08000000e+00  7.20000000e-01  6.32578550e-01 
 1.21862909e-05  3.69683667e-01  9.19627429e-01  1.08000000e+00  7.20000000e-01  6.32581849e-01 
 1.21912909e-05  3.71284487e-01  9.19498353e-01  1.08000000e+00  7.20000000e-01  6.32585310e-01 
 1.21962909e-05  3.72779323e-01  9.19253345e-01  1.08000000e+00  7.20000000e-01  6.32588947e-01 
 1.22012909e-05  3.74147265e-01  9.18885603e-01  1.08000000e+00  7.20000000e-01  6.32592777e-01 
 1.22062909e-05  3.75369372e-01  9.18388650e-01  1.08000000e+00  7.20000000e-01  6.32596812e-01 
 1.22112909e-05  3.76429328e-01  9.17756666e-01  1.08000000e+00  7.20000000e-01  6.32601059e-01 
 1.22162909e-05  3.77314028e-01  9.16984834e-01  1.08000000e+00  7.20000000e-01  6.32605524e-01 
 1.22212909e-05  3.78014022e-01  9.16069645e-01  1.08000000e+00  7.20000000e-01  6.32610200e-01 
 1.22262909e-05  3.78523802e-01  9.15009177e-01  1.08000000e+00  7.20000000e-01  6.32615078e-01 
 1.22312909e-05  3.78841919e-01  9.13803306e-01  1.08000000e+00  7.20000000e-01  6.32620137e-01 
 1.22362909e-05  3.78970913e-01  9.12453855e-01  1.08000000e+00  7.20000000e-01  6.32625349e-01 
 1.22412909e-05  3.78917082e-01  9.10964673e-01  1.08000000e+00  7.20000000e-01  6.32630677e-01 
 1.22462909e-05  3.78690105e-01  9.09341646e-01  1.08000000e+00  7.20000000e-01  6.32636077e-01 
 1.22512909e-05  3.78302557e-01  9.07592646e-01  1.08000000e+00  7.20000000e-01  6.32641500e-01 
 1.22562909e-05  3.77769345e-01  9.05727426e-01  1.08000000e+00  7.20000000e-01  6.32646891e-01 
 1.22612909e-05  3.77107099e-01  9.03757471e-01  1.08000000e+00  7.20000000e-01  6.32652191e-01 
 1.22662909e-05  3.76333557e-01  9.01695812e-01  1.08000000e+00  7.20000000e-01  6.32657341e-01 
 1.22712909e-05  3.75466971e-01  8.99556814e-01  1.08000000e+00  7.20000000e-01  6.32662279e-01 
 1.22762909e-05  3.74525554e-01  8.97355943e-01  1.08000000e+00  7.20000000e-01  6.32666946e-01 
 1.22812909e-05  3.73526992e-01  8.95109524e-01  1.08000000e+00  7.20000000e-01  6.32671287e-01 
 1.22862909e-05  3.72488034e-01  8.92834492e-01  1.08000000e+00  7.20000000e-01  6.32675247e-01 
 1.22912909e-05  3.71424163e-01  8.90548139e-01  1.08000000e+00  7.20000000e-01  6.32678780e-01 
 1.22962909e-05  3.70349348e-01  8.88267866e-01  1.08000000e+00  7.20000000e-01  6.32681842e-01 
 1.23012909e-05  3.69275887e-01  8.86010944e-01  1.08000000e+00  7.20000000e-01  6.32684397e-01 
 1.23062909e-05  3.68214316e-01  8.83794277e-01  1.08000000e+00  7.20000000e-01  6.32686417e-01 
 1.23112909e-05  3.67173395e-01  8.81634191e-01  1.08000000e+00  7.20000000e-01  6.32687880e-01 
 1.23162909e-05  3.66160141e-01  8.79546230e-01  1.08000000e+00  7.20000000e-01  6.32688770e-01 
 1.23212909e-05  3.65179913e-01  8.77544973e-01  1.08000000e+00  7.20000000e-01  6.32689081e-01 
 1.23262909e-05  3.64236533e-01  8.75643875e-01  1.08000000e+00  7.20000000e-01  6.32688812e-01 
 1.23312909e-05  3.63332424e-01  8.73855134e-01  1.08000000e+00  7.20000000e-01  6.32687970e-01 
 1.23362909e-05  3.62468772e-01  8.72189583e-01  1.08000000e+00  7.20000000e-01  6.32686568e-01 
 1.23412909e-05  3.61645687e-01  8.70656605e-01  1.08000000e+00  7.20000000e-01  6.32684625e-01 
 1.23462909e-05  3.60862369e-01  8.69264086e-01  1.08000000e+00  7.20000000e-01  6.32682167e-01 
 1.23512909e-05  3.60117264e-01  8.68018386e-01  1.08000000e+00  7.20000000e-01  6.32679220e-01 
 1.23562909e-05  3.59408219e-01  8.66924345e-01  1.08000000e+00  7.20000000e-01  6.32675821e-01 
 1.23612909e-05  3.58732618e-01  8.65985308e-01  1.08000000e+00  7.20000000e-01  6.32672005e-01 
 1.23662909e-05  3.58087508e-01  8.65203180e-01  1.08000000e+00  7.20000000e-01  6.32667813e-01 
 1.23712909e-05  3.57469712e-01  8.64578494e-01  1.08000000e+00  7.20000000e-01  6.32663286e-01 
 1.23762909e-05  3.56875927e-01  8.64110500e-01  1.08000000e+00  7.20000000e-01  6.32658467e-01 
 1.23812909e-05  3.56302816e-01  8.63797272e-01  1.08000000e+00  7.20000000e-01  6.32653402e-01 
 1.23862909e-05  3.55747077e-01  8.63635812e-01  1.08000000e+00  7.20000000e-01  6.32648134e-01 
 1.23912909e-05  3.55205510e-01  8.63622177e-01  1.08000000e+00  7.20000000e-01  6.32642707e-01 
 1.23962909e-05  3.54675074e-01  8.63751600e-01  1.08000000e+00  7.20000000e-01  6.32637165e-01 
 1.24012909e-05  3.54152932e-01  8.64018608e-01  1.08000000e+00  7.20000000e-01  6.32631550e-01 
 1.24062909e-05  3.53636496e-01  8.64417151e-01  1.08000000e+00  7.20000000e-01  6.32625901e-01 
 1.24112909e-05  3.53123456e-01  8.64940712e-01  1.08000000e+00  7.20000000e-01  6.32620258e-01 
 1.24162909e-05  3.52611818e-01  8.65582420e-01  1.08000000e+00  7.20000000e-01  6.32614656e-01 
 1.24212909e-05  3.52099922e-01  8.66335153e-01  1.08000000e+00  7.20000000e-01  6.32609127e-01 
 1.24262909e-05  3.51586473e-01  8.67191628e-01  1.08000000e+00  7.20000000e-01  6.32603704e-01 
 1.24312909e-05  3.51070555e-01  8.68144489e-01  1.08000000e+00  7.20000000e-01  6.32598412e-01 
 1.24362909e-05  3.50551649e-01  8.69186375e-01  1.08000000e+00  7.20000000e-01  6.32593277e-01 
 1.24412909e-05  3.50029648e-01  8.70309989e-01  1.08000000e+00  7.20000000e-01  6.32588320e-01 
 1.24462909e-05  3.49504866e-01  8.71508141e-01  1.08000000e+00  7.20000000e-01  6.32583560e-01 
 1.24512909e-05  3.48978050e-01  8.72773797e-01  1.08000000e+00  7.20000000e-01  6.32579013e-01 
 1.24562909e-05  3.48450382e-01  8.74100107e-01  1.08000000e+00  7.20000000e-01  6.32574691e-01 
 1.24612909e-05  3.47923486e-01  8.75480427e-01  1.08000000e+00  7.20000000e-01  6.32570606e-01 
 1.24662909e-05  3.47399423e-01  8.76908333e-01  1.08000000e+00  7.20000000e-01  6.32566764e-01 
 1.24712909e-05  3.46880697e-01  8.78377626e-01  1.08000000e+00  7.20000000e-01  6.32563172e-01 
 1.24762909e-05  3.46370241e-01  8.79882332e-01  1.08000000e+00  7.20000000e-01  6.32559834e-01 
 1.24812909e-05  3.45871418e-01  8.81416693e-01  1.08000000e+00  7.20000000e-01  6.32556751e-01 
 1.24862909e-05  3.45388004e-01  8.82975155e-01  1.08000000e+00  7.20000000e-01  6.32553925e-01 
 1.24912909e-05  3.44924181e-01  8.84552357e-01  1.08000000e+00  7.20000000e-01  6.32551353e-01 
 1.24962909e-05  3.44484518e-01  8.86143108e-01  1.08000000e+00  7.20000000e-01  6.32549036e-01 
 1.25012909e-05  3.44073950e-01  8.87742374e-01  1.08000000e+00  7.20000000e-01  6.32546969e-01 
 1.25062909e-05  3.43697755e-01  8.89345254e-01  1.08000000e+00  7.20000000e-01  6.32545149e-01 
 1.25112909e-05  3.43361525e-01  8.90946970e-01  1.08000000e+00  7.20000000e-01  6.32543574e-01 
 1.25162909e-05  3.43071133e-01  8.92542847e-01  1.08000000e+00  7.20000000e-01  6.32542238e-01 
 1.25212909e-05  3.42832682e-01  8.94128302e-01  1.08000000e+00  7.20000000e-01  6.32541137e-01 
 1.25262909e-05  3.42652463e-01  8.95698840e-01  1.08000000e+00  7.20000000e-01  6.32540268e-01 
 1.25312909e-05  3.42536890e-01  8.97250046e-01  1.08000000e+00  7.20000000e-01  6.32539626e-01 
 1.25362909e-05  3.42492426e-01  8.98777593e-01  1.08000000e+00  7.20000000e-01  6.32539206e-01 
 1.25412909e-05  3.42525504e-01  9.00277247e-01  1.08000000e+00  7.20000000e-01  6.32539004e-01 
 1.25462909e-05  3.42642432e-01  9.01744877e-01  1.08000000e+00  7.20000000e-01  6.32539016e-01 
 1.25512909e-05  3.42849286e-01  9.03176478e-01  1.08000000e+00  7.20000000e-01  6.32539236e-01 
 1.25562909e-05  3.43151789e-01  9.04568187e-01  1.08000000e+00  7.20000000e-01  6.32539660e-01 
 1.25612909e-05  3.43555187e-01  9.05916310e-01  1.08000000e+00  7.20000000e-01  6.32540283e-01 
 1.25662909e-05  3.44064109e-01  9.07217344e-01  1.08000000e+00  7.20000000e-01  6.32541099e-01 
 1.25712909e-05  3.44682424e-01  9.08468001e-01  1.08000000e+00  7.20000000e-01  6.32542101e-01 
 1.25762909e-05  3.45413092e-01  9.09665226e-01  1.08000000e+00  7.20000000e-01  6.32543284e-01 
 1.25812909e-05  3.46258011e-01  9.10806210e-01  1.08000000e+00  7.20000000e-01  6.32544639e-01 
 1.25862909e-05  3.47217872e-01  9.11888391e-01  1.08000000e+00  7.20000000e-01  6.32546160e-01 
 1.25912909e-05  3.48292007e-01  9.12909447e-01  1.08000000e+00  7.20000000e-01  6.32547837e-01 
 1.25962909e-05  3.49478256e-01  9.13867269e-01  1.08000000e+00  7.20000000e-01  6.32549662e-01 
 1.26012909e-05  3.50772835e-01  9.14759918e-01  1.08000000e+00  7.20000000e-01  6.32551627e-01 
 1.26062909e-05  3.52170214e-01  9.15585568e-01  1.08000000e+00  7.20000000e-01  6.32553723e-01 
 1.26112909e-05  3.53663023e-01  9.16342426e-01  1.08000000e+00  7.20000000e-01  6.32555941e-01 
 1.26162909e-05  3.55241963e-01  9.17028630e-01  1.08000000e+00  7.20000000e-01  6.32558274e-01 
 1.26212909e-05  3.56895748e-01  9.17642143e-01  1.08000000e+00  7.20000000e-01  6.32560718e-01 
 1.26262909e-05  3.58611085e-01  9.18180631e-01  1.08000000e+00  7.20000000e-01  6.32563267e-01 
 1.26312909e-05  3.60372687e-01  9.18641334e-01  1.08000000e+00  7.20000000e-01  6.32565921e-01 
 1.26362909e-05  3.62163350e-01  9.19020962e-01  1.08000000e+00  7.20000000e-01  6.32568680e-01 
 1.26412909e-05  3.63964097e-01  9.19315597e-01  1.08000000e+00  7.20000000e-01  6.32571550e-01 
 1.26462909e-05  3.65754404e-01  9.19520636e-01  1.08000000e+00  7.20000000e-01  6.32574538e-01 
 1.26512909e-05  3.67512536e-01  9.19630789e-01  1.08000000e+00  7.20000000e-01  6.32577653e-01 
 1.26562909e-05  3.69215974e-01  9.19640129e-01  1.08000000e+00  7.20000000e-01  6.32580911e-01 
 1.26612909e-05  3.70841952e-01  9.19542215e-01  1.08000000e+00  7.20000000e-01  6.32584325e-01 
 1.26662909e-05  3.72368086e-01  9.19330284e-01  1.08000000e+00  7.20000000e-01  6.32587912e-01 
 1.26712909e-05  3.73773051e-01  9.18997504e-01  1.08000000e+00  7.20000000e-01  6.32591686e-01 
 1.26762909e-05  3.75037293e-01  9.18537276e-01  1.08000000e+00  7.20000000e-01  6.32595663e-01 
 1.26812909e-05  3.76143708e-01  9.17943568e-01  1.08000000e+00  7.20000000e-01  6.32599850e-01 
 1.26862909e-05  3.77078248e-01  9.17211251e-01  1.08000000e+00  7.20000000e-01  6.32604254e-01 
 1.26912909e-05  3.77830407e-01  9.16336427e-01  1.08000000e+00  7.20000000e-01  6.32608872e-01 
 1.26962909e-05  3.78393560e-01  9.15316708e-01  1.08000000e+00  7.20000000e-01  6.32613695e-01 
 1.27012909e-05  3.78765123e-01  9.14151453e-01  1.08000000e+00  7.20000000e-01  6.32618706e-01 
 1.27062909e-05  3.78946535e-01  9.12841931e-01  1.08000000e+00  7.20000000e-01  6.32623878e-01 
 1.27112909e-05  3.78943073e-01  9.11391424e-01  1.08000000e+00  7.20000000e-01  6.32629177e-01 
 1.27162909e-05  3.78763510e-01  9.09805250e-01  1.08000000e+00  7.20000000e-01  6.32634561e-01 
 1.27212909e-05  3.78419661e-01  9.08090736e-01  1.08000000e+00  7.20000000e-01  6.32639983e-01 
 1.27262909e-05  3.77925831e-01  9.06257121e-01  1.08000000e+00  7.20000000e-01  6.32645388e-01 
 1.27312909e-05  3.77298224e-01  9.04315422e-01  1.08000000e+00  7.20000000e-01  6.32650718e-01 
 1.27362909e-05  3.76554322e-01  9.02278258e-01  1.08000000e+00  7.20000000e-01  6.32655915e-01 
 1.27412909e-05  3.75712280e-01  9.00159639e-01  1.08000000e+00  7.20000000e-01  6.32660917e-01 
 1.27462909e-05  3.74790368e-01  8.97974746e-01  1.08000000e+00  7.20000000e-01  6.32665666e-01 
 1.27512909e-05  3.73806455e-01  8.95739687e-01  1.08000000e+00  7.20000000e-01  6.32670102e-01 
 1.27562909e-05  3.72777581e-01  8.93471248e-01  1.08000000e+00  7.20000000e-01  6.32674173e-01 
 1.27612909e-05  3.71719605e-01  8.91186642e-01  1.08000000e+00  7.20000000e-01  6.32677829e-01 
 1.27662909e-05  3.70646934e-01  8.88903263e-01  1.08000000e+00  7.20000000e-01  6.32681025e-01 
 1.27712909e-05  3.69572339e-01  8.86638436e-01  1.08000000e+00  7.20000000e-01  6.32683725e-01 
 1.27762909e-05  3.68506850e-01  8.84409190e-01  1.08000000e+00  7.20000000e-01  6.32685897e-01 
 1.27812909e-05  3.67459719e-01  8.82232029e-01  1.08000000e+00  7.20000000e-01  6.32687516e-01 
 1.27862909e-05  3.66438441e-01  8.80122731e-01  1.08000000e+00  7.20000000e-01  6.32688567e-01 
 1.27912909e-05  3.65448828e-01  8.78096158e-01  1.08000000e+00  7.20000000e-01  6.32689040e-01 
 1.27962909e-05  3.64495115e-01  8.76166094e-01  1.08000000e+00  7.20000000e-01  6.32688933e-01 
 1.28012909e-05  3.63580104e-01  8.74345096e-01  1.08000000e+00  7.20000000e-01  6.32688250e-01 
 1.28062909e-05  3.62705310e-01  8.72644386e-01  1.08000000e+00  7.20000000e-01  6.32687003e-01 
 1.28112909e-05  3.61871127e-01  8.71073757e-01  1.08000000e+00  7.20000000e-01  6.32685209e-01 
 1.28162909e-05  3.61076995e-01  8.69641516e-01  1.08000000e+00  7.20000000e-01  6.32682892e-01 
 1.28212909e-05  3.60321556e-01  8.68354448e-01  1.08000000e+00  7.20000000e-01  6.32680079e-01 
 1.28262909e-05  3.59602814e-01  8.67217817e-01  1.08000000e+00  7.20000000e-01  6.32676803e-01 
 1.28312909e-05  3.58918269e-01  8.66235379e-01  1.08000000e+00  7.20000000e-01  6.32673101e-01 
 1.28362909e-05  3.58265052e-01  8.65409437e-01  1.08000000e+00  7.20000000e-01  6.32669010e-01 
 1.28412909e-05  3.57640041e-01  8.64740897e-01  1.08000000e+00  7.20000000e-01  6.32664572e-01 
 1.28462909e-05  3.57039960e-01  8.64229361e-01  1.08000000e+00  7.20000000e-01  6.32659832e-01 
 1.28512909e-05  3.56461477e-01  8.63873218e-01  1.08000000e+00  7.20000000e-01  6.32654831e-01 
 1.28562909e-05  3.55901272e-01  8.63669761e-01  1.08000000e+00  7.20000000e-01  6.32649616e-01 
 1.28612909e-05  3.55356114e-01  8.63615299e-01  1.08000000e+00  7.20000000e-01  6.32644230e-01 
 1.28662909e-05  3.54822914e-01  8.63705284e-01  1.08000000e+00  7.20000000e-01  6.32638717e-01 
 1.28712909e-05  3.54298775e-01  8.63934429e-01  1.08000000e+00  7.20000000e-01  6.32633118e-01 
 1.28762909e-05  3.53781037e-01  8.64296836e-01  1.08000000e+00  7.20000000e-01  6.32627476e-01 
 1.28812909e-05  3.53267310e-01  8.64786106e-01  1.08000000e+00  7.20000000e-01  6.32621829e-01 
 1.28862909e-05  3.52755509e-01  8.65395459e-01  1.08000000e+00  7.20000000e-01  6.32616212e-01 
 1.28912909e-05  3.52243881e-01  8.66117835e-01  1.08000000e+00  7.20000000e-01  6.32610661e-01 
 1.28962909e-05  3.51731028e-01  8.66945987e-01  1.08000000e+00  7.20000000e-01  6.32605205e-01 
 1.29012909e-05  3.51215925e-01  8.67872575e-01  1.08000000e+00  7.20000000e-01  6.32599875e-01 
 1.29062909e-05  3.50697943e-01  8.68890233e-01  1.08000000e+00  7.20000000e-01  6.32594695e-01 
 1.29112909e-05  3.50176858e-01  8.69991640e-01  1.08000000e+00  7.20000000e-01  6.32589686e-01 
 1.29162909e-05  3.49652867e-01  8.71169574e-01  1.08000000e+00  7.20000000e-01  6.32584870e-01 
 1.29212909e-05  3.49126595e-01  8.72416956e-01  1.08000000e+00  7.20000000e-01  6.32580263e-01 
 1.29262909e-05  3.48599102e-01  8.73726880e-01  1.08000000e+00  7.20000000e-01  6.32575877e-01 
 1.29312909e-05  3.48071889e-01  8.75092646e-01  1.08000000e+00  7.20000000e-01  6.32571725e-01 
 1.29362909e-05  3.47546896e-01  8.76507766e-01  1.08000000e+00  7.20000000e-01  6.32567815e-01 
 1.29412909e-05  3.47026502e-01  8.77965981e-01  1.08000000e+00  7.20000000e-01  6.32564154e-01 
 1.29462909e-05  3.46513521e-01  8.79461254e-01  1.08000000e+00  7.20000000e-01  6.32560745e-01 
 1.29512909e-05  3.46011197e-01  8.80987767e-01  1.08000000e+00  7.20000000e-01  6.32557591e-01 
 1.29562909e-05  3.45523192e-01  8.82539912e-01  1.08000000e+00  7.20000000e-01  6.32554693e-01 
 1.29612909e-05  3.45053575e-01  8.84112276e-01  1.08000000e+00  7.20000000e-01  6.32552051e-01 
 1.29662909e-05  3.44606808e-01  8.85699622e-01  1.08000000e+00  7.20000000e-01  6.32549662e-01 
 1.29712909e-05  3.44187726e-01  8.87296875e-01  1.08000000e+00  7.20000000e-01  6.32547526e-01 
 1.29762909e-05  3.43801512e-01  8.88899098e-01  1.08000000e+00  7.20000000e-01  6.32545638e-01 
 1.29812909e-05  3.43453676e-01  8.90501481e-01  1.08000000e+00  7.20000000e-01  6.32543994e-01 
 1.29862909e-05  3.43150012e-01  8.92099321e-01  1.08000000e+00  7.20000000e-01  6.32542592e-01 
 1.29912909e-05  3.42896565e-01  8.93688011e-01  1.08000000e+00  7.20000000e-01  6.32541427e-01 
 1.29962909e-05  3.42699577e-01  8.95263032e-01  1.08000000e+00  7.20000000e-01  6.32540493e-01 
 1.30012909e-05  3.42565432e-01  8.96819947e-01  1.08000000e+00  7.20000000e-01  6.32539788e-01 
 1.30062909e-05  3.42500588e-01  8.98354404e-01  1.08000000e+00  7.20000000e-01  6.32539307e-01 
 1.30112909e-05  3.42511493e-01  8.99862141e-01  1.08000000e+00  7.20000000e-01  6.32539045e-01 
 1.30162909e-05  3.42604500e-01  9.01338999e-01  1.08000000e+00  7.20000000e-01  6.32538997e-01 
 1.30212909e-05  3.42785756e-01  9.02780934e-01  1.08000000e+00  7.20000000e-01  6.32539160e-01 
 1.30262909e-05  3.43061096e-01  9.04184043e-01  1.08000000e+00  7.20000000e-01  6.32539527e-01 
 1.30312909e-05  3.43435910e-01  9.05544581e-01  1.08000000e+00  7.20000000e-01  6.32540095e-01 
 1.30362909e-05  3.43915012e-01  9.06858991e-01  1.08000000e+00  7.20000000e-01  6.32540857e-01 
 1.30412909e-05  3.44502496e-01  9.08123922e-01  1.08000000e+00  7.20000000e-01  6.32541808e-01 
 1.30462909e-05  3.45201588e-01  9.09336252e-01  1.08000000e+00  7.20000000e-01  6.32542941e-01 
 1.30512909e-05  3.46014497e-01  9.10493103e-01  1.08000000e+00  7.20000000e-01  6.32544249e-01 
 1.30562909e-05  3.46942261e-01  9.11591844e-01  1.08000000e+00  7.20000000e-01  6.32545724e-01 
 1.30612909e-05  3.47984607e-01  9.12630088e-01  1.08000000e+00  7.20000000e-01  6.32547358e-01 
 1.30662909e-05  3.49139802e-01  9.13605667e-01  1.08000000e+00  7.20000000e-01  6.32549143e-01 
 1.30712909e-05  3.50404524e-01  9.14516602e-01  1.08000000e+00  7.20000000e-01  6.32551070e-01 
 1.30762909e-05  3.51773743e-01  9.15361041e-01  1.08000000e+00  7.20000000e-01  6.32553130e-01 
 1.30812909e-05  3.53240608e-01  9.16137188e-01  1.08000000e+00  7.20000000e-01  6.32555314e-01 
 1.30862909e-05  3.54796363e-01  9.16843210e-01  1.08000000e+00  7.20000000e-01  6.32557616e-01 
 1.30912909e-05  3.56430282e-01  9.17477130e-01  1.08000000e+00  7.20000000e-01  6.32560029e-01 
 1.30962909e-05  3.58129631e-01  9.18036707e-01  1.08000000e+00  7.20000000e-01  6.32562549e-01 
 1.31012909e-05  3.59879674e-01  9.18519310e-01  1.08000000e+00  7.20000000e-01  6.32565174e-01 
 1.31062909e-05  3.61663731e-01  9.18921805e-01  1.08000000e+00  7.20000000e-01  6.32567904e-01 
 1.31112909e-05  3.63463300e-01  9.19240456e-01  1.08000000e+00  7.20000000e-01  6.32570742e-01 
 1.31162909e-05  3.65258264e-01  9.19470852e-01  1.08000000e+00  7.20000000e-01  6.32573696e-01 
 1.31212909e-05  3.67027188e-01  9.19607892e-01  1.08000000e+00  7.20000000e-01  6.32576775e-01 
 1.31262909e-05  3.68747726e-01  9.19645817e-01  1.08000000e+00  7.20000000e-01  6.32579992e-01 
 1.31312909e-05  3.70397127e-01  9.19578313e-01  1.08000000e+00  7.20000000e-01  6.32583361e-01 
 1.31362909e-05  3.71952840e-01  9.19398686e-01  1.08000000e+00  7.20000000e-01  6.32586898e-01 
 1.31412909e-05  3.73393179e-01  9.19100095e-01  1.08000000e+00  7.20000000e-01  6.32590620e-01 
 1.31462909e-05  3.74698037e-01  9.18675847e-01  1.08000000e+00  7.20000000e-01  6.32594539e-01 
 1.31512909e-05  3.75849566e-01  9.18119721e-01  1.08000000e+00  7.20000000e-01  6.32598667e-01 
 1.31562909e-05  3.76832822e-01  9.17426306e-01  1.08000000e+00  7.20000000e-01  6.32603011e-01 
 1.31612909e-05  3.77636277e-01  9.16591335e-01  1.08000000e+00  7.20000000e-01  6.32607570e-01 
 1.31662909e-05  3.78252208e-01  9.15611977e-01  1.08000000e+00  7.20000000e-01  6.32612338e-01 
 1.31712909e-05  3.78676905e-01  9.14487088e-01  1.08000000e+00  7.20000000e-01  6.32617298e-01 
 1.31762909e-05  3.78910702e-01  9.13217398e-01  1.08000000e+00  7.20000000e-01  6.32622428e-01 
 1.31812909e-05  3.78957837e-01  9.11805623e-01  1.08000000e+00  7.20000000e-01  6.32627696e-01 
 1.31862909e-05  3.78826152e-01  9.10256520e-01  1.08000000e+00  7.20000000e-01  6.32633061e-01 
 1.31912909e-05  3.78526666e-01  9.08576864e-01  1.08000000e+00  7.20000000e-01  6.32638477e-01 
 1.31962909e-05  3.78073048e-01  9.06775377e-01  1.08000000e+00  7.20000000e-01  6.32643891e-01 
 1.32012909e-05  3.77481031e-01  9.04862597e-01  1.08000000e+00  7.20000000e-01  6.32649248e-01 
 1.32062909e-05  3.76767799e-01  9.02850717e-01  1.08000000e+00  7.20000000e-01  6.32654487e-01 
 1.32112909e-05  3.75951375e-01  9.00753382e-01  1.08000000e+00  7.20000000e-01  6.32659549e-01 
 1.32162909e-05  3.75050043e-01  8.98585472e-01  1.08000000e+00  7.20000000e-01  6.32664373e-01 
 1.32212909e-05  3.74081827e-01  8.96362859e-01  1.08000000e+00  7.20000000e-01  6.32668901e-01 
 1.32262909e-05  3.73064032e-01  8.94102164e-01  1.08000000e+00  7.20000000e-01  6.32673078e-01 
 1.32312909e-05  3.72012869e-01  8.91820507e-01  1.08000000e+00  7.20000000e-01  6.32676853e-01 
 1.32362909e-05  3.70943166e-01  8.89535252e-01  1.08000000e+00  7.20000000e-01  6.32680181e-01 
 1.32412909e-05  3.69868160e-01  8.87263766e-01  1.08000000e+00  7.20000000e-01  6.32683022e-01 
 1.32462909e-05  3.68799368e-01  8.85023181e-01  1.08000000e+00  7.20000000e-01  6.32685342e-01 
 1.32512909e-05  3.67746532e-01  8.82830166e-01  1.08000000e+00  7.20000000e-01  6.32687117e-01 
 1.32562909e-05  3.66717629e-01  8.80700718e-01  1.08000000e+00  7.20000000e-01  6.32688326e-01 
 1.32612909e-05  3.65718927e-01  8.78649969e-01  1.08000000e+00  7.20000000e-01  6.32688960e-01 
 1.32662909e-05  3.64755086e-01  8.76692015e-01  1.08000000e+00  7.20000000e-01  6.32689013e-01 
 1.32712909e-05  3.63829289e-01  8.74839765e-01  1.08000000e+00  7.20000000e-01  6.32688489e-01 
 1.32762909e-05  3.62943393e-01  8.73104820e-01  1.08000000e+00  7.20000000e-01  6.32687397e-01 
 1.32812909e-05  3.62098087e-01  8.71497376e-01  1.08000000e+00  7.20000000e-01  6.32685753e-01 
 1.32862909e-05  3.61293060e-01  8.70026155e-01  1.08000000e+00  7.20000000e-01  6.32683578e-01 
 1.32912909e-05  3.60527162e-01  8.68698365e-01  1.08000000e+00  7.20000000e-01  6.32680900e-01 
 1.32962909e-05  3.59798558e-01  8.67519690e-01  1.08000000e+00  7.20000000e-01  6.32677750e-01 
 1.33012909e-05  3.59104876e-01  8.66494302e-01  1.08000000e+00  7.20000000e-01  6.32674161e-01 
 1.33062909e-05  3.58443340e-01  8.65624899e-01  1.08000000e+00  7.20000000e-01  6.32670175e-01 
 1.33112909e-05  3.57810885e-01  8.64912768e-01  1.08000000e+00  7.20000000e-01  6.32665829e-01 
 1.33162909e-05  3.57204273e-01  8.64357862e-01  1.08000000e+00  7.20000000e-01  6.32661169e-01 
 1.33212909e-05  3.56620177e-01  8.63958898e-01  1.08000000e+00  7.20000000e-01  6.32656236e-01 
 1.33262909e-05  3.56055270e-01  8.63713461e-01  1.08000000e+00  7.20000000e-01  6.32651077e-01 
 1.33312909e-05  3.55506291e-01  8.63618122e-01  1.08000000e+00  7.20000000e-01  6.32645734e-01 
 1.33362909e-05  3.54970106e-01  8.63668558e-01  1.08000000e+00  7.20000000e-01  6.32640252e-01 
 1.33412909e-05  3.54443762e-01  8.63859676e-01  1.08000000e+00  7.20000000e-01  6.32634674e-01 
 1.33462909e-05  3.53924529e-01  8.64185736e-01  1.08000000e+00  7.20000000e-01  6.32629040e-01 
 1.33512909e-05  3.53409940e-01  8.64640468e-01  1.08000000e+00  7.20000000e-01  6.32623391e-01 
 1.33562909e-05  3.52897825e-01  8.65217187e-01  1.08000000e+00  7.20000000e-01  6.32617763e-01 
 1.33612909e-05  3.52386335e-01  8.65908901e-01  1.08000000e+00  7.20000000e-01  6.32612190e-01 
 1.33662909e-05  3.51873972e-01  8.66708409e-01  1.08000000e+00  7.20000000e-01  6.32606706e-01 
 1.33712909e-05  3.51359606e-01  8.67608386e-01  1.08000000e+00  7.20000000e-01  6.32601339e-01 
 1.33762909e-05  3.50842499e-01  8.68601469e-01  1.08000000e+00  7.20000000e-01  6.32596115e-01 
 1.33812909e-05  3.50322311e-01  8.69680319e-01  1.08000000e+00  7.20000000e-01  6.32591057e-01 
 1.33862909e-05  3.49799124e-01  8.70837682e-01  1.08000000e+00  7.20000000e-01  6.32586186e-01 
 1.33912909e-05  3.49273442e-01  8.72066437e-01  1.08000000e+00  7.20000000e-01  6.32581520e-01 
 1.33962909e-05  3.48746206e-01  8.73359626e-01  1.08000000e+00  7.20000000e-01  6.32577072e-01 
 1.34012909e-05  3.48218793e-01  8.74710492e-01  1.08000000e+00  7.20000000e-01  6.32572854e-01 
 1.34062909e-05  3.47693020e-01  8.76112487e-01  1.08000000e+00  7.20000000e-01  6.32568877e-01 
 1.34112909e-05  3.47171148e-01  8.77559289e-01  1.08000000e+00  7.20000000e-01  6.32565146e-01 
 1.34162909e-05  3.46655868e-01  8.79044799e-01  1.08000000e+00  7.20000000e-01  6.32561667e-01 
 1.34212909e-05  3.46150307e-01  8.80563140e-01  1.08000000e+00  7.20000000e-01  6.32558442e-01 
 1.34262909e-05  3.45658011e-01  8.82108648e-01  1.08000000e+00  7.20000000e-01  6.32555473e-01 
 1.34312909e-05  3.45182939e-01  8.83675856e-01  1.08000000e+00  7.20000000e-01  6.32552760e-01 
 1.34362909e-05  3.44729444e-01  8.85259481e-01  1.08000000e+00  7.20000000e-01  6.32550302e-01 
 1.34412909e-05  3.44302259e-01  8.86854406e-01  1.08000000e+00  7.20000000e-01  6.32548096e-01 
 1.34462909e-05  3.43906474e-01  8.88455656e-01  1.08000000e+00  7.20000000e-01  6.32546140e-01 
 1.34512909e-05  3.43547510e-01  8.90058389e-01  1.08000000e+00  7.20000000e-01  6.32544429e-01 
 1.34562909e-05  3.43231086e-01  8.91657873e-01  1.08000000e+00  7.20000000e-01  6.32542960e-01 
 1.34612909e-05  3.42963182e-01  8.93249476e-01  1.08000000e+00  7.20000000e-01  6.32541730e-01 
 1.34662909e-05  3.42749988e-01  8.94828654e-01  1.08000000e+00  7.20000000e-01  6.32540732e-01 
 1.34712909e-05  3.42597858e-01  8.96390949e-01  1.08000000e+00  7.20000000e-01  6.32539965e-01 
 1.34762909e-05  3.42513232e-01  8.97931985e-01  1.08000000e+00  7.20000000e-01  6.32539422e-01 
 1.34812909e-05  3.42502571e-01  8.99447473e-01  1.08000000e+00  7.20000000e-01  6.32539099e-01 
 1.34862909e-05  3.42572262e-01  9.00933226e-01  1.08000000e+00  7.20000000e-01  6.32538992e-01 
 1.34912909e-05  3.42728521e-01  9.02385165e-01  1.08000000e+00  7.20000000e-01  6.32539097e-01 
 1.34962909e-05  3.42977278e-01  9.03799347e-01  1.08000000e+00  7.20000000e-01  6.32539408e-01 
 1.35012909e-05  3.43324061e-01  9.05171979e-01  1.08000000e+00  7.20000000e-01  6.32539921e-01 
 1.35062909e-05  3.43773854e-01  9.06499452e-01  1.08000000e+00  7.20000000e-01  6.32540630e-01 
 1.35112909e-05  3.44330966e-01  9.07778354e-01  1.08000000e+00  7.20000000e-01  6.32541529e-01 
 1.35162909e-05  3.44998876e-01  9.09005498e-01  1.08000000e+00  7.20000000e-01  6.32542612e-01 
 1.35212909e-05  3.45780088e-01  9.10177938e-01  1.08000000e+00  7.20000000e-01  6.32543872e-01 
 1.35262909e-05  3.46675981e-01  9.11292974e-01  1.08000000e+00  7.20000000e-01  6.32545302e-01 
 1.35312909e-05  3.47686657e-01  9.12348152e-01  1.08000000e+00  7.20000000e-01  6.32546893e-01 
 1.35362909e-05  3.48810800e-01  9.13341248e-01  1.08000000e+00  7.20000000e-01  6.32548637e-01 
 1.35412909e-05  3.50045540e-01  9.14270232e-01  1.08000000e+00  7.20000000e-01  6.32550525e-01 
 1.35462909e-05  3.51386331e-01  9.15133224e-01  1.08000000e+00  7.20000000e-01  6.32552549e-01 
 1.35512909e-05  3.52826836e-01  9.15928421e-01  1.08000000e+00  7.20000000e-01  6.32554699e-01 
 1.35562909e-05  3.54358833e-01  9.16654009e-01  1.08000000e+00  7.20000000e-01  6.32556969e-01 
 1.35612909e-05  3.55972146e-01  9.17308061e-01  1.08000000e+00  7.20000000e-01  6.32559352e-01 
 1.35662909e-05  3.57654598e-01  9.17888421e-01  1.08000000e+00  7.20000000e-01  6.32561843e-01 
 1.35712909e-05  3.59392005e-01  9.18392577e-01  1.08000000e+00  7.20000000e-01  6.32564439e-01 
 1.35762909e-05  3.61168216e-01  9.18817545e-01  1.08000000e+00  7.20000000e-01  6.32567139e-01 
 1.35812909e-05  3.62965219e-01  9.19159762e-01  1.08000000e+00  7.20000000e-01  6.32569947e-01 
 1.35862909e-05  3.64763318e-01  9.19415008e-01  1.08000000e+00  7.20000000e-01  6.32572868e-01 
 1.35912909e-05  3.66541409e-01  9.19578371e-01  1.08000000e+00  7.20000000e-01  6.32575912e-01 
 1.35962909e-05  3.68277354e-01  9.19644268e-01  1.08000000e+00  7.20000000e-01  6.32579089e-01 
 1.36012909e-05  3.69948461e-01  9.19606523e-01  1.08000000e+00  7.20000000e-01  6.32582415e-01 
 1.36062909e-05  3.71532061e-01  9.19458528e-01  1.08000000e+00  7.20000000e-01  6.32585904e-01 
 1.36112909e-05  3.73006165e-01  9.19193456e-01  1.08000000e+00  7.20000000e-01  6.32589573e-01 
 1.36162909e-05  3.74350160e-01  9.18804544e-01  1.08000000e+00  7.20000000e-01  6.32593436e-01 
 1.36212909e-05  3.75545513e-01  9.18285407e-01  1.08000000e+00  7.20000000e-01  6.32597506e-01 
 1.36262909e-05  3.76576420e-01  9.17630378e-01  1.08000000e+00  7.20000000e-01  6.32601790e-01 
 1.36312909e-05  3.77430369e-01  9.16834846e-01  1.08000000e+00  7.20000000e-01  6.32606290e-01 
 1.36362909e-05  3.78098559e-01  9.15895555e-01  1.08000000e+00  7.20000000e-01  6.32611001e-01 
 1.36412909e-05  3.78576161e-01  9.14810878e-01  1.08000000e+00  7.20000000e-01  6.32615910e-01 
 1.36462909e-05  3.78862400e-01  9.13581012e-01  1.08000000e+00  7.20000000e-01  6.32620996e-01 
 1.36512909e-05  3.78960458e-01  9.12208118e-01  1.08000000e+00  7.20000000e-01  6.32626229e-01 
 1.36562909e-05  3.78877219e-01  9.10696389e-01  1.08000000e+00  7.20000000e-01  6.32631572e-01 
 1.36612909e-05  3.78622872e-01  9.09052048e-01  1.08000000e+00  7.20000000e-01  6.32636978e-01 
 1.36662909e-05  3.78210407e-01  9.07283290e-01  1.08000000e+00  7.20000000e-01  6.32642399e-01 
 1.36712909e-05  3.77655046e-01  9.05400166e-01  1.08000000e+00  7.20000000e-01  6.32647777e-01 
 1.36762909e-05  3.76973631e-01  9.03414432e-01  1.08000000e+00  7.20000000e-01  6.32653054e-01 
 1.36812909e-05  3.76184010e-01  9.01339352e-01  1.08000000e+00  7.20000000e-01  6.32658171e-01 
 1.36862909e-05  3.75304446e-01  8.99189485e-01  1.08000000e+00  7.20000000e-01  6.32663066e-01 
 1.36912909e-05  3.74353080e-01  8.96980455e-01  1.08000000e+00  7.20000000e-01  6.32667681e-01 
 1.36962909e-05  3.73347454e-01  8.94728699e-01  1.08000000e+00  7.20000000e-01  6.32671960e-01 
 1.37012909e-05  3.72304112e-01  8.92451224e-01  1.08000000e+00  7.20000000e-01  6.32675851e-01 
 1.37062909e-05  3.71238285e-01  8.90165349e-01  1.08000000e+00  7.20000000e-01  6.32679306e-01 
 1.37112909e-05  3.70163664e-01  8.87888464e-01  1.08000000e+00  7.20000000e-01  6.32682284e-01 
 1.37162909e-05  3.69092247e-01  8.85637787e-01  1.08000000e+00  7.20000000e-01  6.32684751e-01 
 1.37212909e-05  3.68034267e-01  8.83430136e-01  1.08000000e+00  7.20000000e-01  6.32686678e-01 
 1.37262909e-05  3.66998183e-01  8.81281712e-01  1.08000000e+00  7.20000000e-01  6.32688045e-01 
 1.37312909e-05  3.65990726e-01  8.79207904e-01  1.08000000e+00  7.20000000e-01  6.32688838e-01 
 1.37362909e-05  3.65016987e-01  8.77223107e-01  1.08000000e+00  7.20000000e-01  6.32689052e-01 
 1.37412909e-05  3.64080545e-01  8.75340571e-01  1.08000000e+00  7.20000000e-01  6.32688686e-01 
 1.37462909e-05  3.63183604e-01  8.73572269e-01  1.08000000e+00  7.20000000e-01  6.32687750e-01 
 1.37512909e-05  3.62327161e-01  8.71928791e-01  1.08000000e+00  7.20000000e-01  6.32686256e-01 
 1.37562909e-05  3.61511166e-01  8.70419270e-01  1.08000000e+00  7.20000000e-01  6.32684226e-01 
 1.37612909e-05  3.60734683e-01  8.69051335e-01  1.08000000e+00  7.20000000e-01  6.32681684e-01 
 1.37662909e-05  3.59996054e-01  8.67831089e-01  1.08000000e+00  7.20000000e-01  6.32678660e-01 
 1.37712909e-05  3.59293041e-01  8.66763120e-01  1.08000000e+00  7.20000000e-01  6.32675189e-01 
 1.37762909e-05  3.58622967e-01  8.65850526e-01  1.08000000e+00  7.20000000e-01  6.32671309e-01 
 1.37812909e-05  3.57982838e-01  8.65094977e-01  1.08000000e+00  7.20000000e-01  6.32667059e-01 
 1.37862909e-05  3.57369453e-01  8.64496785e-01  1.08000000e+00  7.20000000e-01  6.32662481e-01 
 1.37912909e-05  3.56779503e-01  8.64054999e-01  1.08000000e+00  7.20000000e-01  6.32657619e-01 
 1.37962909e-05  3.56209653e-01  8.63767505e-01  1.08000000e+00  7.20000000e-01  6.32652518e-01 
 1.38012909e-05  3.55656618e-01  8.63631142e-01  1.08000000e+00  7.20000000e-01  6.32647222e-01 
 1.38062909e-05  3.55117225e-01  8.63641823e-01  1.08000000e+00  7.20000000e-01  6.32641775e-01 
 1.38112909e-05  3.54588465e-01  8.63794655e-01  1.08000000e+00  7.20000000e-01  6.32636219e-01 
 1.38162909e-05  3.54067545e-01  8.64084065e-01  1.08000000e+00  7.20000000e-01  6.32630597e-01 
 1.38212909e-05  3.53551922e-01  8.64503918e-01  1.08000000e+00  7.20000000e-01  6.32624948e-01 
 1.38262909e-05  3.53039341e-01  8.65047633e-01  1.08000000e+00  7.20000000e-01  6.32619311e-01 
 1.38312909e-05  3.52527861e-01  8.65708293e-01  1.08000000e+00  7.20000000e-01  6.32613720e-01 
 1.38362909e-05  3.52015887e-01  8.66478746e-01  1.08000000e+00  7.20000000e-01  6.32608209e-01 
 1.38412909e-05  3.51502186e-01  8.67351694e-01  1.08000000e+00  7.20000000e-01  6.32602807e-01 
 1.38462909e-05  3.50985908e-01  8.68319777e-01  1.08000000e+00  7.20000000e-01  6.32597541e-01 
 1.38512909e-05  3.50466604e-01  8.69375645e-01  1.08000000e+00  7.20000000e-01  6.32592435e-01 
 1.38562909e-05  3.49944237e-01  8.70512014e-01  1.08000000e+00  7.20000000e-01  6.32587511e-01 
 1.38612909e-05  3.49419196e-01  8.71721722e-01  1.08000000e+00  7.20000000e-01  6.32582787e-01 
 1.38662909e-05  3.48892299e-01  8.72997766e-01  1.08000000e+00  7.20000000e-01  6.32578278e-01 
 1.38712909e-05  3.48364803e-01  8.74333329e-01  1.08000000e+00  7.20000000e-01  6.32573996e-01 
 1.38762909e-05  3.47838405e-01  8.75721806e-01  1.08000000e+00  7.20000000e-01  6.32569951e-01 
 1.38812909e-05  3.47315241e-01  8.77156811e-01  1.08000000e+00  7.20000000e-01  6.32566152e-01 
 1.38862909e-05  3.46797886e-01  8.78632185e-01  1.08000000e+00  7.20000000e-01  6.32562603e-01 
 1.38912909e-05  3.46289347e-01  8.80141989e-01  1.08000000e+00  7.20000000e-01  6.32559308e-01 
 1.38962909e-05  3.45793054e-01  8.81680503e-01  1.08000000e+00  7.20000000e-01  6.32556269e-01 
 1.39012909e-05  3.45312853e-01  8.83242207e-01  1.08000000e+00  7.20000000e-01  6.32553485e-01 
 1.39062909e-05  3.44852991e-01  8.84821770e-01  1.08000000e+00  7.20000000e-01  6.32550957e-01 
 1.39112909e-05  3.44418098e-01  8.86414028e-01  1.08000000e+00  7.20000000e-01  6.32548682e-01 
 1.39162909e-05  3.44013168e-01  8.88013971e-01  1.08000000e+00  7.20000000e-01  6.32546657e-01 
 1.39212909e-05  3.43643531e-01  8.89616722e-01  1.08000000e+00  7.20000000e-01  6.32544879e-01 
 1.39262909e-05  3.43314830e-01  8.91217520e-01  1.08000000e+00  7.20000000e-01  6.32543344e-01 
 1.39312909e-05  3.43032973e-01  8.92811706e-01  1.08000000e+00  7.20000000e-01  6.32542048e-01 
 1.39362909e-05  3.42804101e-01  8.94394714e-01  1.08000000e+00  7.20000000e-01  6.32540987e-01 
 1.39412909e-05  3.42634526e-01  8.95962060e-01  1.08000000e+00  7.20000000e-01  6.32540156e-01 
 1.39462909e-05  3.42530672e-01  8.97509348e-01  1.08000000e+00  7.20000000e-01  6.32539551e-01 
 1.39512909e-05  3.42499002e-01  8.99032263e-01  1.08000000e+00  7.20000000e-01  6.32539168e-01 
 1.39562909e-05  3.42545931e-01  9.00526588e-01  1.08000000e+00  7.20000000e-01  6.32539003e-01 
 1.39612909e-05  3.42677732e-01  9.01988213e-01  1.08000000e+00  7.20000000e-01  6.32539049e-01 
 1.39662909e-05  3.42900428e-01  9.03413156e-01  1.08000000e+00  7.20000000e-01  6.32539304e-01 
 1.39712909e-05  3.43219667e-01  9.04797581e-01  1.08000000e+00  7.20000000e-01  6.32539762e-01 
 1.39762909e-05  3.43640599e-01  9.06137823e-01  1.08000000e+00  7.20000000e-01  6.32540417e-01 
 1.39812909e-05  3.44167730e-01  9.07430416e-01  1.08000000e+00  7.20000000e-01  6.32541264e-01 
 1.39862909e-05  3.44804784e-01  9.08672109e-01  1.08000000e+00  7.20000000e-01  6.32542297e-01 
 1.39912909e-05  3.45554548e-01  9.09859886e-01  1.08000000e+00  7.20000000e-01  6.32543509e-01 
 1.39962909e-05  3.46418726e-01  9.10990982e-01  1.08000000e+00  7.20000000e-01  6.32544893e-01 
 1.40012909e-05  3.47397786e-01  9.12062873e-01  1.08000000e+00  7.20000000e-01  6.32546440e-01 
 1.40062909e-05  3.48490815e-01  9.13073275e-01  1.08000000e+00  7.20000000e-01  6.32548143e-01 
 1.40112909e-05  3.49695387e-01  9.14020109e-01  1.08000000e+00  7.20000000e-01  6.32549992e-01 
 1.40162909e-05  3.51007427e-01  9.14901459e-01  1.08000000e+00  7.20000000e-01  6.32551979e-01 
 1.40212909e-05  3.52421102e-01  9.15715507e-01  1.08000000e+00  7.20000000e-01  6.32554095e-01 
 1.40262909e-05  3.53928720e-01  9.16460453e-01  1.08000000e+00  7.20000000e-01  6.32556333e-01 
 1.40312909e-05  3.55520647e-01  9.17134411e-01  1.08000000e+00  7.20000000e-01  6.32558685e-01 
 1.40362909e-05  3.57185262e-01  9.17735300e-01  1.08000000e+00  7.20000000e-01  6.32561147e-01 
 1.40412909e-05  3.58908932e-01  9.18260718e-01  1.08000000e+00  7.20000000e-01  6.32563714e-01 
 1.40462909e-05  3.60676042e-01  9.18707822e-01  1.08000000e+00  7.20000000e-01  6.32566385e-01 
 1.40512909e-05  3.62469077e-01  9.19073216e-01  1.08000000e+00  7.20000000e-01  6.32569163e-01 
 1.40562909e-05  3.64268785e-01  9.19352867e-01  1.08000000e+00  7.20000000e-01  6.32572052e-01 
 1.40612909e-05  3.66054418e-01  9.19542055e-01  1.08000000e+00  7.20000000e-01  6.32575061e-01 
 1.40662909e-05  3.67804081e-01  9.19635376e-01  1.08000000e+00  7.20000000e-01  6.32578200e-01 
 1.40712909e-05  3.69495182e-01  9.19626805e-01  1.08000000e+00  7.20000000e-01  6.32581483e-01 
 1.40762909e-05  3.71104986e-01  9.19509834e-01  1.08000000e+00  7.20000000e-01  6.32584926e-01 
 1.40812909e-05  3.72611249e-01  9.19277672e-01  1.08000000e+00  7.20000000e-01  6.32588544e-01 
 1.40862909e-05  3.73992911e-01  9.18923508e-01  1.08000000e+00  7.20000000e-01  6.32592352e-01 
 1.40912909e-05  3.75230800e-01  9.18440821e-01  1.08000000e+00  7.20000000e-01  6.32596365e-01 
 1.40962909e-05  3.76308302e-01  9.17823714e-01  1.08000000e+00  7.20000000e-01  6.32600589e-01 
 1.41012909e-05  3.77211951e-01  9.17067253e-01  1.08000000e+00  7.20000000e-01  6.32605030e-01 
 1.41062909e-05  3.77931893e-01  9.16167781e-01  1.08000000e+00  7.20000000e-01  6.32609684e-01 
 1.41112909e-05  3.78462189e-01  9.15123202e-01  1.08000000e+00  7.20000000e-01  6.32614540e-01 
 1.41162909e-05  3.78800950e-01  9.13933193e-01  1.08000000e+00  7.20000000e-01  6.32619580e-01 
 1.41212909e-05  3.78950289e-01  9.12599365e-01  1.08000000e+00  7.20000000e-01  6.32624776e-01 
 1.41262909e-05  3.78916103e-01  9.11125351e-01  1.08000000e+00  7.20000000e-01  6.32630092e-01 
 1.41312909e-05  3.78707715e-01  9.09516818e-01  1.08000000e+00  7.20000000e-01  6.32635486e-01 
 1.41362909e-05  3.78337399e-01  9.07781427e-01  1.08000000e+00  7.20000000e-01  6.32640908e-01 
 1.41412909e-05  3.77819820e-01  9.05928733e-01  1.08000000e+00  7.20000000e-01  6.32646303e-01 
 1.41462909e-05  3.77171434e-01  9.03970038e-01  1.08000000e+00  7.20000000e-01  6.32651614e-01 
 1.41512909e-05  3.76409870e-01  9.01918212e-01  1.08000000e+00  7.20000000e-01  6.32656781e-01 
 1.41562909e-05  3.75553331e-01  8.99787481e-01  1.08000000e+00  7.20000000e-01  6.32661743e-01 
 1.41612909e-05  3.74620041e-01  8.97593197e-01  1.08000000e+00  7.20000000e-01  6.32666440e-01 
 1.41662909e-05  3.73627748e-01  8.95351599e-01  1.08000000e+00  7.20000000e-01  6.32670817e-01 
 1.41712909e-05  3.72593303e-01  8.93079560e-01  1.08000000e+00  7.20000000e-01  6.32674819e-01 
 1.41762909e-05  3.71532325e-01  8.90794338e-01  1.08000000e+00  7.20000000e-01  6.32678399e-01 
 1.41812909e-05  3.70458945e-01  8.88513328e-01  1.08000000e+00  7.20000000e-01  6.32681512e-01 
 1.41862909e-05  3.69385636e-01  8.86253816e-01  1.08000000e+00  7.20000000e-01  6.32684122e-01 
 1.41912909e-05  3.68323121e-01  8.84032753e-01  1.08000000e+00  7.20000000e-01  6.32686200e-01 
 1.41962909e-05  3.67280343e-01  8.81866529e-01  1.08000000e+00  7.20000000e-01  6.32687723e-01 
 1.42012909e-05  3.66264501e-01  8.79770775e-01  1.08000000e+00  7.20000000e-01  6.32688675e-01 
 1.42062909e-05  3.65281128e-01  8.77760175e-01  1.08000000e+00  7.20000000e-01  6.32689048e-01 
 1.42112909e-05  3.64334203e-01  8.75848308e-01  1.08000000e+00  7.20000000e-01  6.32688842e-01 
 1.42162909e-05  3.63426295e-01  8.74047508e-01  1.08000000e+00  7.20000000e-01  6.32688061e-01 
 1.42212909e-05  3.62558716e-01  8.72368756e-01  1.08000000e+00  7.20000000e-01  6.32686719e-01 
 1.42262909e-05  3.61731688e-01  8.70821591e-01  1.08000000e+00  7.20000000e-01  6.32684834e-01 
 1.42312909e-05  3.60944505e-01  8.69414060e-01  1.08000000e+00  7.20000000e-01  6.32682430e-01 
 1.42362909e-05  3.60195690e-01  8.68152684e-01  1.08000000e+00  7.20000000e-01  6.32679536e-01 
 1.42412909e-05  3.59483153e-01  8.67042467e-01  1.08000000e+00  7.20000000e-01  6.32676185e-01 
 1.42462909e-05  3.58804325e-01  8.66086912e-01  1.08000000e+00  7.20000000e-01  6.32672413e-01 
 1.42512909e-05  3.58156288e-01  8.65288077e-01  1.08000000e+00  7.20000000e-01  6.32668261e-01 
 1.42562909e-05  3.57535888e-01  8.64646637e-01  1.08000000e+00  7.20000000e-01  6.32663769e-01 
 1.42612909e-05  3.56939837e-01  8.64161981e-01  1.08000000e+00  7.20000000e-01  6.32658981e-01 
 1.42662909e-05  3.56364801e-01  8.63832303e-01  1.08000000e+00  7.20000000e-01  6.32653942e-01 
 1.42712909e-05  3.55807473e-01  8.63654719e-01  1.08000000e+00  7.20000000e-01  6.32648695e-01 
 1.42762909e-05  3.55264645e-01  8.63625385e-01  1.08000000e+00  7.20000000e-01  6.32643285e-01 
 1.42812909e-05  3.54733259e-01  8.63739617e-01  1.08000000e+00  7.20000000e-01  6.32637755e-01 
 1.42862909e-05  3.54210457e-01  8.63992019e-01  1.08000000e+00  7.20000000e-01  6.32632148e-01 
 1.42912909e-05  3.53693624e-01  8.64376598e-01  1.08000000e+00  7.20000000e-01  6.32626503e-01 
 1.42962909e-05  3.53180423e-01  8.64886885e-01  1.08000000e+00  7.20000000e-01  6.32620859e-01 
 1.43012909e-05  3.52668825e-01  8.65516047e-01  1.08000000e+00  7.20000000e-01  6.32615252e-01 
 1.43062909e-05  3.52157138e-01  8.66256985e-01  1.08000000e+00  7.20000000e-01  6.32609716e-01 
 1.43112909e-05  3.51644025e-01  8.67102434e-01  1.08000000e+00  7.20000000e-01  6.32604281e-01 
 1.43162909e-05  3.51128531e-01  8.68045044e-01  1.08000000e+00  7.20000000e-01  6.32598975e-01 
 1.43212909e-05  3.50610096e-01  8.69077456e-01  1.08000000e+00  7.20000000e-01  6.32593823e-01 
 1.43262909e-05  3.50088567e-01  8.70192362e-01  1.08000000e+00  7.20000000e-01  6.32588848e-01 
 1.43312909e-05  3.49564215e-01  8.71382563e-01  1.08000000e+00  7.20000000e-01  6.32584067e-01 
 1.43362909e-05  3.49037740e-01  8.72641009e-01  1.08000000e+00  7.20000000e-01  6.32579497e-01 
 1.43412909e-05  3.48510278e-01  8.73960829e-01  1.08000000e+00  7.20000000e-01  6.32575152e-01 
 1.43462909e-05  3.47983403e-01  8.75335359e-01  1.08000000e+00  7.20000000e-01  6.32571041e-01 
 1.43512909e-05  3.47459132e-01  8.76758152e-01  1.08000000e+00  7.20000000e-01  6.32567174e-01 
 1.43562909e-05  3.46939920e-01  8.78222986e-01  1.08000000e+00  7.20000000e-01  6.32563555e-01 
 1.43612909e-05  3.46428654e-01  8.79723863e-01  1.08000000e+00  7.20000000e-01  6.32560190e-01 
 1.43662909e-05  3.45928649e-01  8.81255003e-01  1.08000000e+00  7.20000000e-01  6.32557081e-01 
 1.43712909e-05  3.45443639e-01  8.82810833e-01  1.08000000e+00  7.20000000e-01  6.32554227e-01 
 1.43762909e-05  3.44977761e-01  8.84385971e-01  1.08000000e+00  7.20000000e-01  6.32551629e-01 
 1.43812909e-05  3.44535541e-01  8.85975210e-01  1.08000000e+00  7.20000000e-01  6.32549284e-01 
 1.43862909e-05  3.44121875e-01  8.87573499e-01  1.08000000e+00  7.20000000e-01  6.32547190e-01 
 1.43912909e-05  3.43742005e-01  8.89175927e-01  1.08000000e+00  7.20000000e-01  6.32545345e-01 
 1.43962909e-05  3.43401488e-01  8.90777700e-01  1.08000000e+00  7.20000000e-01  6.32543743e-01 
 1.44012909e-05  3.43106165e-01  8.92374135e-01  1.08000000e+00  7.20000000e-01  6.32542382e-01 
 1.44062909e-05  3.42862117e-01  8.93960640e-01  1.08000000e+00  7.20000000e-01  6.32541257e-01 
 1.44112909e-05  3.42675615e-01  8.95532709e-01  1.08000000e+00  7.20000000e-01  6.32540363e-01 
 1.44162909e-05  3.42553057e-01  8.97085922e-01  1.08000000e+00  7.20000000e-01  6.32539697e-01 
 1.44212909e-05  3.42500905e-01  8.98615941e-01  1.08000000e+00  7.20000000e-01  6.32539253e-01 
 1.44262909e-05  3.42525594e-01  9.00118521e-01  1.08000000e+00  7.20000000e-01  6.32539028e-01 
 1.44312909e-05  3.42633449e-01  9.01589522e-01  1.08000000e+00  7.20000000e-01  6.32539017e-01 
 1.44362909e-05  3.42830570e-01  9.03024922e-01  1.08000000e+00  7.20000000e-01  6.32539215e-01 
 1.44412909e-05  3.43122722e-01  9.04420845e-01  1.08000000e+00  7.20000000e-01  6.32539617e-01 
 1.44462909e-05  3.43515203e-01  9.05773576e-01  1.08000000e+00  7.20000000e-01  6.32540219e-01 
 1.44512909e-05  3.44012713e-01  9.07079591e-01  1.08000000e+00  7.20000000e-01  6.32541014e-01 
 1.44562909e-05  3.44619204e-01  9.08335579e-01  1.08000000e+00  7.20000000e-01  6.32541996e-01 
 1.44612909e-05  3.45337736e-01  9.09538458e-01  1.08000000e+00  7.20000000e-01  6.32543160e-01 
 1.44662909e-05  3.46170324e-01  9.10685391e-01  1.08000000e+00  7.20000000e-01  6.32544497e-01 
 1.44712909e-05  3.47117792e-01  9.11773792e-01  1.08000000e+00  7.20000000e-01  6.32546000e-01 
 1.44762909e-05  3.48179620e-01  9.12801310e-01  1.08000000e+00  7.20000000e-01  6.32547660e-01 
 1.44812909e-05  3.49353811e-01  9.13765814e-01  1.08000000e+00  7.20000000e-01  6.32549470e-01 
 1.44862909e-05  3.50636757e-01  9.14665348e-01  1.08000000e+00  7.20000000e-01  6.32551420e-01 
 1.44912909e-05  3.52023118e-01  9.15498076e-01  1.08000000e+00  7.20000000e-01  6.32553501e-01 
 1.44962909e-05  3.53505721e-01  9.16262200e-01  1.08000000e+00  7.20000000e-01  6.32555706e-01 
 1.45012909e-05  3.55075475e-01  9.16955869e-01  1.08000000e+00  7.20000000e-01  6.32558028e-01 
 1.45062909e-05  3.56721307e-01  9.17577068e-01  1.08000000e+00  7.20000000e-01  6.32560460e-01 
 1.45112909e-05  3.58430137e-01  9.18123493e-01  1.08000000e+00  7.20000000e-01  6.32562998e-01 
 1.45162909e-05  3.60186891e-01  9.18592435e-01  1.08000000e+00  7.20000000e-01  6.32565640e-01 
 1.45212909e-05  3.61974564e-01  9.18980660e-01  1.08000000e+00  7.20000000e-01  6.32568389e-01 
 1.45262909e-05  3.63774362e-01  9.19284317e-01  1.08000000e+00  7.20000000e-01  6.32571247e-01 
 1.45312909e-05  3.65565918e-01  9.19498877e-01  1.08000000e+00  7.20000000e-01  6.32574222e-01 
 1.45362909e-05  3.67327613e-01  9.19619118e-01  1.08000000e+00  7.20000000e-01  6.32577324e-01 
 1.45412909e-05  3.69036998e-01  9.19639177e-01  1.08000000e+00  7.20000000e-01  6.32580566e-01 
 1.45462909e-05  3.70671317e-01  9.19552663e-01  1.08000000e+00  7.20000000e-01  6.32583963e-01 
 1.45512909e-05  3.72208125e-01  9.19352837e-01  1.08000000e+00  7.20000000e-01  6.32587531e-01 
 1.45562909e-05  3.73625968e-01  9.19032867e-01  1.08000000e+00  7.20000000e-01  6.32591286e-01 
 1.45612909e-05  3.74905086e-01  9.18586118e-01  1.08000000e+00  7.20000000e-01  6.32595241e-01 
 1.45662909e-05  3.76028102e-01  9.18006489e-01  1.08000000e+00  7.20000000e-01  6.32599407e-01 
 1.45712909e-05  3.76980632e-01  9.17288749e-01  1.08000000e+00  7.20000000e-01  6.32603788e-01 
 1.45762909e-05  3.77751793e-01  9.16428862e-01  1.08000000e+00  7.20000000e-01  6.32608384e-01 
 1.45812909e-05  3.78334548e-01  9.15424277e-01  1.08000000e+00  7.20000000e-01  6.32613186e-01 
 1.45862909e-05  3.78725895e-01  9.14274166e-01  1.08000000e+00  7.20000000e-01  6.32618178e-01 
 1.45912909e-05  3.78926860e-01  9.12979600e-01  1.08000000e+00  7.20000000e-01  6.32623334e-01 
 1.45962909e-05  3.78942331e-01  9.11543649e-01  1.08000000e+00  7.20000000e-01  6.32628621e-01 
 1.46012909e-05  3.78780731e-01  9.09971423e-01  1.08000000e+00  7.20000000e-01  6.32633998e-01 
 1.46062909e-05  3.78453575e-01  9.08270045e-01  1.08000000e+00  7.20000000e-01  6.32639417e-01 
 1.46112909e-05  3.77974929e-01  9.06448560e-01  1.08000000e+00  7.20000000e-01  6.32644826e-01 
 1.46162909e-05  3.77360817e-01  9.04517808e-01  1.08000000e+00  7.20000000e-01  6.32650166e-01 
 1.46212909e-05  3.76628605e-01  9.02490247e-01  1.08000000e+00  7.20000000e-01  6.32655378e-01 
 1.46262909e-05  3.75796395e-01  9.00379751e-01  1.08000000e+00  7.20000000e-01  6.32660402e-01 
 1.46312909e-05  3.74882456e-01  8.98201388e-01  1.08000000e+00  7.20000000e-01  6.32665178e-01 
 1.46362909e-05  3.73904711e-01  8.95971177e-01  1.08000000e+00  7.20000000e-01  6.32669648e-01 
 1.46412909e-05  3.72880293e-01  8.93705841e-01  1.08000000e+00  7.20000000e-01  6.32673759e-01 
 1.46462909e-05  3.71825189e-01  8.91422557e-01  1.08000000e+00  7.20000000e-01  6.32677458e-01 
 1.46512909e-05  3.70753957e-01  8.89138706e-01  1.08000000e+00  7.20000000e-01  6.32680704e-01 
 1.46562909e-05  3.69679539e-01  8.86871628e-01  1.08000000e+00  7.20000000e-01  6.32683455e-01 
 1.46612909e-05  3.68613142e-01  8.84638386e-01  1.08000000e+00  7.20000000e-01  6.32685682e-01 
 1.46662909e-05  3.67564199e-01  8.82455547e-01  1.08000000e+00  7.20000000e-01  6.32687359e-01 
 1.46712909e-05  3.66540380e-01  8.80338967e-01  1.08000000e+00  7.20000000e-01  6.32688469e-01 
 1.46762909e-05  3.65547666e-01  8.78303609e-01  1.08000000e+00  7.20000000e-01  6.32689002e-01 
 1.46812909e-05  3.64590449e-01  8.76363369e-01  1.08000000e+00  7.20000000e-01  6.32688954e-01 
 1.46862909e-05  3.63671672e-01  8.74530936e-01  1.08000000e+00  7.20000000e-01  6.32688330e-01 
 1.46912909e-05  3.62792976e-01  8.72817671e-01  1.08000000e+00  7.20000000e-01  6.32687141e-01 
 1.46962909e-05  3.61954867e-01  8.71233516e-01  1.08000000e+00  7.20000000e-01  6.32685403e-01 
 1.47012909e-05  3.61156876e-01  8.69786931e-01  1.08000000e+00  7.20000000e-01  6.32683139e-01 
 1.47062909e-05  3.60397724e-01  8.68484859e-01  1.08000000e+00  7.20000000e-01  6.32680377e-01 
 1.47112909e-05  3.59675475e-01  8.67332719e-01  1.08000000e+00  7.20000000e-01  6.32677148e-01 
 1.47162909e-05  3.58987678e-01  8.66334421e-01  1.08000000e+00  7.20000000e-01  6.32673488e-01 
 1.47212909e-05  3.58331500e-01  8.65492415e-01  1.08000000e+00  7.20000000e-01  6.32669436e-01 
 1.47262909e-05  3.57703842e-01  8.64807748e-01  1.08000000e+00  7.20000000e-01  6.32665033e-01 
 1.47312909e-05  3.57101443e-01  8.64280153e-01  1.08000000e+00  7.20000000e-01  6.32660323e-01 
 1.47362909e-05  3.56520973e-01  8.63908141e-01  1.08000000e+00  7.20000000e-01  6.32655348e-01 
 1.47412909e-05  3.55959113e-01  8.63689114e-01  1.08000000e+00  7.20000000e-01  6.32650154e-01 
 1.47462909e-05  3.55412620e-01  8.63619479e-01  1.08000000e+00  7.20000000e-01  6.32644785e-01 
 1.47512909e-05  3.54878391e-01  8.63694772e-01  1.08000000e+00  7.20000000e-01  6.32639284e-01 
 1.47562909e-05  3.54353508e-01  8.63909779e-01  1.08000000e+00  7.20000000e-01  6.32633693e-01 
 1.47612909e-05  3.53835287e-01  8.64258659e-01  1.08000000e+00  7.20000000e-01  6.32628055e-01 
 1.47662909e-05  3.53321310e-01  8.64735064e-01  1.08000000e+00  7.20000000e-01  6.32622407e-01 
 1.47712909e-05  3.52809462e-01  8.65332250e-01  1.08000000e+00  7.20000000e-01  6.32616787e-01 
 1.47762909e-05  3.52297955e-01  8.66043182e-01  1.08000000e+00  7.20000000e-01  6.32611228e-01 
 1.47812909e-05  3.51785353e-01  8.66860632e-01  1.08000000e+00  7.20000000e-01  6.32605762e-01 
 1.47862909e-05  3.51270594e-01  8.67777265e-01  1.08000000e+00  7.20000000e-01  6.32600419e-01 
 1.47912909e-05  3.50753008e-01  8.68785718e-01  1.08000000e+00  7.20000000e-01  6.32595222e-01 
 1.47962909e-05  3.50232329e-01  8.69878664e-01  1.08000000e+00  7.20000000e-01  6.32590196e-01 
 1.48012909e-05  3.49708712e-01  8.71048869e-01  1.08000000e+00  7.20000000e-01  6.32585360e-01 
 1.48062909e-05  3.49182736e-01  8.72289239e-01  1.08000000e+00  7.20000000e-01  6.32580731e-01 
 1.48112909e-05  3.48655418e-01  8.73592850e-01  1.08000000e+00  7.20000000e-01  6.32576323e-01 
 1.48162909e-05  3.48128212e-01  8.74952981e-01  1.08000000e+00  7.20000000e-01  6.32572147e-01 
 1.48212909e-05  3.47603013e-01  8.76363124e-01  1.08000000e+00  7.20000000e-01  6.32568212e-01 
 1.48262909e-05  3.47082154e-01  8.77816994e-01  1.08000000e+00  7.20000000e-01  6.32564525e-01 
 1.48312909e-05  3.46568407e-01  8.79308534e-01  1.08000000e+00  7.20000000e-01  6.32561090e-01 
 1.48362909e-05  3.46064969e-01  8.80831904e-01  1.08000000e+00  7.20000000e-01  6.32557910e-01 
 1.48412909e-05  3.45575460e-01  8.82381475e-01  1.08000000e+00  7.20000000e-01  6.32554986e-01 
 1.48462909e-05  3.45103907e-01  8.83951814e-01  1.08000000e+00  7.20000000e-01  6.32552318e-01 
 1.48512909e-05  3.44654731e-01  8.85537669e-01  1.08000000e+00  7.20000000e-01  6.32549904e-01 
 1.48562909e-05  3.44232729e-01  8.87133948e-01  1.08000000e+00  7.20000000e-01  6.32547741e-01 
 1.48612909e-05  3.43843049e-01  8.88735702e-01  1.08000000e+00  7.20000000e-01  6.32545828e-01 
 1.48662909e-05  3.43491167e-01  8.90338107e-01  1.08000000e+00  7.20000000e-01  6.32544160e-01 
 1.48712909e-05  3.43182848e-01  8.91936452e-01  1.08000000e+00  7.20000000e-01  6.32542733e-01 
 1.48762909e-05  3.42924113e-01  8.93526119e-01  1.08000000e+00  7.20000000e-01  6.32541543e-01 
 1.48812909e-05  3.42721183e-01  8.95102581e-01  1.08000000e+00  7.20000000e-01  6.32540587e-01 
 1.48862909e-05  3.42580431e-01  8.96661393e-01  1.08000000e+00  7.20000000e-01  6.32539858e-01 
 1.48912909e-05  3.42508307e-01  8.98198194e-01  1.08000000e+00  7.20000000e-01  6.32539354e-01 
 1.48962909e-05  3.42511263e-01  8.99708713e-01  1.08000000e+00  7.20000000e-01  6.32539069e-01 
 1.49012909e-05  3.42595664e-01  9.01188780e-01  1.08000000e+00  7.20000000e-01  6.32539000e-01 
 1.49062909e-05  3.42767681e-01  9.02634338e-01  1.08000000e+00  7.20000000e-01  6.32539141e-01 
 1.49112909e-05  3.43033184e-01  9.04041468e-01  1.08000000e+00  7.20000000e-01  6.32539487e-01 
 1.49162909e-05  3.43397614e-01  9.05406410e-01  1.08000000e+00  7.20000000e-01  6.32540035e-01 
 1.49212909e-05  3.43865847e-01  9.06725585e-01  1.08000000e+00  7.20000000e-01  6.32540777e-01 
 1.49262909e-05  3.44442055e-01  9.07995621e-01  1.08000000e+00  7.20000000e-01  6.32541709e-01 
 1.49312909e-05  3.45129559e-01  9.09213370e-01  1.08000000e+00  7.20000000e-01  6.32542823e-01 
 1.49362909e-05  3.45930675e-01  9.10375930e-01  1.08000000e+00  7.20000000e-01  6.32544113e-01 
 1.49412909e-05  3.46846569e-01  9.11480643e-01  1.08000000e+00  7.20000000e-01  6.32545571e-01 
 1.49462909e-05  3.47877104e-01  9.12525096e-01  1.08000000e+00  7.20000000e-01  6.32547189e-01 
 1.49512909e-05  3.49020702e-01  9.13507102e-01  1.08000000e+00  7.20000000e-01  6.32548959e-01 
 1.49562909e-05  3.50274210e-01  9.14424661e-01  1.08000000e+00  7.20000000e-01  6.32550871e-01 
 1.49612909e-05  3.51632775e-01  9.15275910e-01  1.08000000e+00  7.20000000e-01  6.32552917e-01 
 1.49662909e-05  3.53089736e-01  9.16059051e-01  1.08000000e+00  7.20000000e-01  6.32555089e-01 
 1.49712909e-05  3.54636537e-01  9.16772256e-01  1.08000000e+00  7.20000000e-01  6.32557379e-01 
 1.49762909e-05  3.56262652e-01  9.17413567e-01  1.08000000e+00  7.20000000e-01  6.32559781e-01 
 1.49812909e-05  3.57955556e-01  9.17980772e-01  1.08000000e+00  7.20000000e-01  6.32562291e-01 
 1.49862909e-05  3.59700716e-01  9.18471284e-01  1.08000000e+00  7.20000000e-01  6.32564904e-01 
 1.49912909e-05  3.61481647e-01  9.18882025e-01  1.08000000e+00  7.20000000e-01  6.32567624e-01 
 1.49962909e-05  3.63280031e-01  9.19209321e-01  1.08000000e+00  7.20000000e-01  6.32570451e-01 
 1.50012909e-05  3.65075903e-01  9.19448830e-01  1.08000000e+00  7.20000000e-01  6.32573393e-01 
 1.50056455e-05  3.66621687e-01  9.19582093e-01  1.08000000e+00  7.20000000e-01  6.32576055e-01 
 1.50100000e-05  3.68134713e-01  9.19641234e-01  1.08000000e+00  7.20000000e-01  6.32578820e-01 
 1.50105000e-05  3.68307050e-01  9.19642631e-01  1.06200000e+00  7.38000000e-01  6.32579204e-01 
 1.50115000e-05  3.68646606e-01  9.19646584e-01  1.02600000e+00  7.74000000e-01  6.32580393e-01 
 1.50135000e-05  3.69087955e-01  9.19727615e-01  9.54000000e-01  8.46000000e-01  6.32589625e-01 
 1.50167500e-05  3.68341424e-01  9.20130711e-01  8.37000000e-01  9.63000000e-01  6.32628114e-01 
 1.50200000e-05  3.65953761e-01  9.20458652e-01  7.20000000e-01  1.08000000e+00  6.32658377e-01 
 1.50204395e-05  3.65543531e-01  9.20461264e-01  7.20000000e-01  1.08000000e+00  6.32659246e-01 
 1.50213185e-05  3.64688336e-01  9.20442385e-01  7.20000000e-01  1.08000000e+00  6.32659815e-01 
 1.50230765e-05  3.62733523e-01  9.20253069e-01  7.20000000e-01  1.08000000e+00  6.32653129e-01 
 1.50265925e-05  3.57864548e-01  9.19343390e-01  7.20000000e-01  1.08000000e+00  6.32634907e-01 
 1.50310119e-05  3.50326431e-01  9.17482896e-01  7.20000000e-01  1.08000000e+00  6.32625577e-01 
 1.50360119e-05  3.40394440e-01  9.14727499e-01  7.20000000e-01  1.08000000e+00  6.32630985e-01 
 1.50410119e-05  3.29165239e-01  9.11381389e-01  7.20000000e-01  1.08000000e+00  6.32643942e-01 
 1.50460119e-05  3.16705932e-01  9.07465314e-01  7.20000000e-01  1.08000000e+00  6.32659762e-01 
 1.50510119e-05  3.03088038e-01  9.03004255e-01  7.20000000e-01  1.08000000e+00  6.32677418e-01 
 1.50560119e-05  2.88397484e-01  8.98032109e-01  7.20000000e-01  1.08000000e+00  6.32695887e-01 
 1.50610119e-05  2.72730687e-01  8.92589135e-01  7.20000000e-01  1.08000000e+00  6.32714997e-01 
 1.50660119e-05  2.56192952e-01  8.86720893e-01  7.20000000e-01  1.08000000e+00  6.32734085e-01 
 1.50710119e-05  2.38896559e-01  8.80477095e-01  7.20000000e-01  1.08000000e+00  6.32753060e-01 
 1.50760119e-05  2.20958800e-01  8.73910508e-01  7.20000000e-01  1.08000000e+00  6.32771369e-01 
 1.50810119e-05  2.02499986e-01  8.67075915e-01  7.20000000e-01  1.08000000e+00  6.32788940e-01 
 1.50860119e-05  1.83641523e-01  8.60029158e-01  7.20000000e-01  1.08000000e+00  6.32805301e-01 
 1.50910119e-05  1.64504053e-01  8.52826236e-01  7.20000000e-01  1.08000000e+00  6.32820391e-01 
 1.50960119e-05  1.45205702e-01  8.45522488e-01  7.20000000e-01  1.08000000e+00  6.32833792e-01 
 1.51010119e-05  1.25860499e-01  8.38171858e-01  7.20000000e-01  1.08000000e+00  6.32845413e-01 
 1.51060119e-05  1.06577080e-01  8.30826275e-01  7.20000000e-01  1.08000000e+00  6.32854806e-01 
 1.51110119e-05  8.74578971e-02  8.23535262e-01  7.20000000e-01  1.08000000e+00  6.32861722e-01 
 1.51160119e-05  6.85993863e-02  8.16345998e-01  7.20000000e-01  1.08000000e+00  6.32865466e-01 
 1.51210119e-05  5.00936792e-02  8.09304129e-01  7.20000000e-01  1.08000000e+00  6.32865308e-01 
 1.51260119e-05  3.20324222e-02  8.02455714e-01  7.20000000e-01  1.08000000e+00  6.32859789e-01 
 1.51310119e-05  1.45131217e-02  7.95850582e-01  7.20000000e-01  1.08000000e+00  6.32846967e-01 
 1.51360119e-05 -2.35193855e-03  7.89547133e-01  7.20000000e-01  1.08000000e+00  6.32824067e-01 
 1.51410119e-05 -1.84254754e-02  7.83617894e-01  7.20000000e-01  1.08000000e+00  6.32789016e-01 
 1.51460119e-05 -3.35380864e-02  7.78153454e-01  7.20000000e-01  1.08000000e+00  6.32742430e-01 
 1.51510119e-05 -4.74921922e-02  7.73260557e-01  7.20000000e-01  1.08000000e+00  6.32689629e-01 
 1.51560119e-05 -6.00848528e-02  7.69050247e-01  7.20000000e-01  1.08000000e+00  6.32638631e-01 
 1.51610119e-05 -7.11465781e-02  7.65617344e-01  7.20000000e-01  1.08000000e+00  6.32597331e-01 
 1.51660119e-05 -8.05833065e-02  7.63017920e-01  7.20000000e-01  1.08000000e+00  6.32568967e-01 
 1.51710119e-05 -8.83952503e-02  7.61258725e-01  7.20000000e-01  1.08000000e+00  6.32551233e-01 
 1.51760119e-05 -9.46634973e-02  7.60303459e-01  7.20000000e-01  1.08000000e+00  6.32540937e-01 
 1.51810119e-05 -9.95260804e-02  7.60084773e-01  7.20000000e-01  1.08000000e+00  6.32534330e-01 
 1.51860119e-05 -1.03150699e-01  7.60518485e-01  7.20000000e-01  1.08000000e+00  6.32528396e-01 
 1.51910119e-05 -1.05711428e-01  7.61516051e-01  7.20000000e-01  1.08000000e+00  6.32522571e-01 
 1.51960119e-05 -1.07379920e-01  7.62989497e-01  7.20000000e-01  1.08000000e+00  6.32516421e-01 
 1.52010119e-05 -1.08321845e-01  7.64853518e-01  7.20000000e-01  1.08000000e+00  6.32510182e-01 
 1.52060119e-05 -1.08693220e-01  7.67027542e-01  7.20000000e-01  1.08000000e+00  6.32504028e-01 
 1.52110119e-05 -1.08636999e-01  7.69437566e-01  7.20000000e-01  1.08000000e+00  6.32498307e-01 
 1.52160119e-05 -1.08279253e-01  7.72018121e-01  7.20000000e-01  1.08000000e+00  6.32493145e-01 
 1.52210119e-05 -1.07725474e-01  7.74714171e-01  7.20000000e-01  1.08000000e+00  6.32488850e-01 
 1.52260119e-05 -1.07058558e-01  7.77482137e-01  7.20000000e-01  1.08000000e+00  6.32485443e-01 
 1.52310119e-05 -1.06339084e-01  7.80289758e-01  7.20000000e-01  1.08000000e+00  6.32483064e-01 
 1.52360119e-05 -1.05607980e-01  7.83114758e-01  7.20000000e-01  1.08000000e+00  6.32481611e-01 
 1.52410119e-05 -1.04890653e-01  7.85942763e-01  7.20000000e-01  1.08000000e+00  6.32481068e-01 
 1.52460119e-05 -1.04201392e-01  7.88765086e-01  7.20000000e-01  1.08000000e+00  6.32481247e-01 
 1.52510119e-05 -1.03547093e-01  7.91576846e-01  7.20000000e-01  1.08000000e+00  6.32482034e-01 
 1.52560119e-05 -1.02930001e-01  7.94375581e-01  7.20000000e-01  1.08000000e+00  6.32483210e-01 
 1.52610119e-05 -1.02349499e-01  7.97160321e-01  7.20000000e-01  1.08000000e+00  6.32484608e-01 
 1.52660119e-05 -1.01803212e-01  7.99931011e-01  7.20000000e-01  1.08000000e+00  6.32485974e-01 
 1.52710119e-05 -1.01287572e-01  8.02688173e-01  7.20000000e-01  1.08000000e+00  6.32487044e-01 
 1.52760119e-05 -1.00797989e-01  8.05432739e-01  7.20000000e-01  1.08000000e+00  6.32487380e-01 
 1.52810119e-05 -1.00328655e-01  8.08166018e-01  7.20000000e-01  1.08000000e+00  6.32486368e-01 
 1.52860119e-05 -9.98721176e-02  8.10889733e-01  7.20000000e-01  1.08000000e+00  6.32483000e-01 
 1.52910119e-05 -9.94189570e-02  8.13606014e-01  7.20000000e-01  1.08000000e+00  6.32475816e-01 
 1.52960119e-05 -9.89581202e-02  8.16317200e-01  7.20000000e-01  1.08000000e+00  6.32462549e-01 
 1.53010119e-05 -9.84779083e-02  8.19025448e-01  7.20000000e-01  1.08000000e+00  6.32439684e-01 
 1.53060119e-05 -9.79670655e-02  8.21732369e-01  7.20000000e-01  1.08000000e+00  6.32403283e-01 
 1.53110119e-05 -9.74157978e-02  8.24438856e-01  7.20000000e-01  1.08000000e+00  6.32352453e-01 
 1.53160119e-05 -9.68167344e-02  8.27145154e-01  7.20000000e-01  1.08000000e+00  6.32290491e-01 
 1.53210119e-05 -9.61652742e-02  8.29851139e-01  7.20000000e-01  1.08000000e+00  6.32221076e-01 
 1.53260119e-05 -9.54592927e-02  8.32556615e-01  7.20000000e-01  1.08000000e+00  6.32147175e-01 
 1.53310119e-05 -9.46987108e-02  8.35261470e-01  7.20000000e-01  1.08000000e+00  6.32070684e-01 
 1.53360119e-05 -9.38850102e-02  8.37965748e-01  7.20000000e-01  1.08000000e+00  6.31993039e-01 
 1.53410119e-05 -9.30207522e-02  8.40669675e-01  7.20000000e-01  1.08000000e+00  6.31915771e-01 
 1.53460119e-05 -9.21091951e-02  8.43373652e-01  7.20000000e-01  1.08000000e+00  6.31840345e-01 
 1.53510119e-05 -9.11539930e-02  8.46078238e-01  7.20000000e-01  1.08000000e+00  6.31768561e-01 
 1.53560119e-05 -9.01589705e-02  8.48784132e-01  7.20000000e-01  1.08000000e+00  6.31702180e-01 
 1.53610119e-05 -8.91279583e-02  8.51492150e-01  7.20000000e-01  1.08000000e+00  6.31643217e-01 
 1.53660119e-05 -8.80646802e-02  8.54203204e-01  7.20000000e-01  1.08000000e+00  6.31593446e-01 
 1.53710119e-05 -8.69726795e-02  8.56918279e-01  7.20000000e-01  1.08000000e+00  6.31554647e-01 
 1.53760119e-05 -8.58552752e-02  8.59638403e-01  7.20000000e-01  1.08000000e+00  6.31528063e-01 
 1.53810119e-05 -8.47155395e-02  8.62364619e-01  7.20000000e-01  1.08000000e+00  6.31514703e-01 
 1.53860119e-05 -8.35562907e-02  8.65097950e-01  7.20000000e-01  1.08000000e+00  6.31514864e-01 
 1.53910119e-05 -8.23800952e-02  8.67839370e-01  7.20000000e-01  1.08000000e+00  6.31528555e-01 
 1.53960119e-05 -8.11892781e-02  8.70589777e-01  7.20000000e-01  1.08000000e+00  6.31555130e-01 
 1.54010119e-05 -7.99859352e-02  8.73349970e-01  7.20000000e-01  1.08000000e+00  6.31593800e-01 
 1.54060119e-05 -7.87719494e-02  8.76120636e-01  7.20000000e-01  1.08000000e+00  6.31643329e-01 
 1.54110119e-05 -7.75490064e-02  8.78902343e-01  7.20000000e-01  1.08000000e+00  6.31702541e-01 
 1.54160119e-05 -7.63186117e-02  8.81695538e-01  7.20000000e-01  1.08000000e+00  6.31770019e-01 
 1.54210119e-05 -7.50821062e-02  8.84500556e-01  7.20000000e-01  1.08000000e+00  6.31844552e-01 
 1.54260119e-05 -7.38406821e-02  8.87317629e-01  7.20000000e-01  1.08000000e+00  6.31924783e-01 
 1.54310119e-05 -7.25953968e-02  8.90146896e-01  7.20000000e-01  1.08000000e+00  6.32009646e-01 
 1.54360119e-05 -7.13471876e-02  8.92988418e-01  7.20000000e-01  1.08000000e+00  6.32098083e-01 
 1.54410119e-05 -7.00968823e-02  8.95842193e-01  7.20000000e-01  1.08000000e+00  6.32189223e-01 
 1.54460119e-05 -6.88452114e-02  8.98708180e-01  7.20000000e-01  1.08000000e+00  6.32282105e-01 
 1.54510119e-05 -6.75928173e-02  9.01586304e-01  7.20000000e-01  1.08000000e+00  6.32376012e-01 
 1.54560119e-05 -6.63402648e-02  9.04476474e-01  7.20000000e-01  1.08000000e+00  6.32470219e-01 
 1.54610119e-05 -6.50880475e-02  9.07378597e-01  7.20000000e-01  1.08000000e+00  6.32564133e-01 
 1.54660119e-05 -6.38365966e-02  9.10292590e-01  7.20000000e-01  1.08000000e+00  6.32657125e-01 
 1.54710119e-05 -6.25862855e-02  9.13218393e-01  7.20000000e-01  1.08000000e+00  6.32748638e-01 
 1.54760119e-05 -6.13374365e-02  9.16155981e-01  7.20000000e-01  1.08000000e+00  6.32838059e-01 
 1.54810119e-05 -6.00903237e-02  9.19105371e-01  7.20000000e-01  1.08000000e+00  6.32924761e-01 
 1.54860119e-05 -5.88451784e-02  9.22066627e-01  7.20000000e-01  1.08000000e+00  6.33008044e-01 
 1.54910119e-05 -5.76021902e-02  9.25039869e-01  7.20000000e-01  1.08000000e+00  6.33087100e-01 
 1.54960119e-05 -5.63615106e-02  9.28025270e-01  7.20000000e-01  1.08000000e+00  6.33161043e-01 
 1.55010119e-05 -5.51232523e-02  9.31023054e-01  7.20000000e-01  1.08000000e+00  6.33228823e-01 
 1.55060119e-05 -5.38874906e-02  9.34033487e-01  7.20000000e-01  1.08000000e+00  6.33289367e-01 
 1.55110119e-05 -5.26542613e-02  9.37056865e-01  7.20000000e-01  1.08000000e+00  6.33341470e-01 
 1.55160119e-05 -5.14235586e-02  9.40093499e-01  7.20000000e-01  1.08000000e+00  6.33384066e-01 
 1.55210119e-05 -5.01953294e-02  9.43143694e-01  7.20000000e-01  1.08000000e+00  6.33416106e-01 
 1.55260119e-05 -4.89694673e-02  9.46207735e-01  7.20000000e-01  1.08000000e+00  6.33436927e-01 
 1.55310119e-05 -4.77457997e-02  9.49285865e-01  7.20000000e-01  1.08000000e+00  6.33446058e-01 
 1.55360119e-05 -4.65240735e-02  9.52378273e-01  7.20000000e-01  1.08000000e+00  6.33443600e-01 
 1.55410119e-05 -4.53039288e-02  9.55485088e-01  7.20000000e-01  1.08000000e+00  6.33429870e-01 
 1.55460119e-05 -4.40848665e-02  9.58606378e-01  7.20000000e-01  1.08000000e+00  6.33405723e-01 
 1.55510119e-05 -4.28661933e-02  9.61742157e-01  7.20000000e-01  1.08000000e+00  6.33372038e-01 
 1.55560119e-05 -4.16469478e-02  9.64892399e-01  7.20000000e-01  1.08000000e+00  6.33330031e-01 
 1.55610119e-05 -4.04257791e-02  9.68057055e-01  7.20000000e-01  1.08000000e+00  6.33280707e-01 
 1.55660119e-05 -3.92007705e-02  9.71236081e-01  7.20000000e-01  1.08000000e+00  6.33225306e-01 
 1.55710119e-05 -3.79691457e-02  9.74429475e-01  7.20000000e-01  1.08000000e+00  6.33164881e-01 
 1.55760119e-05 -3.67267926e-02  9.77637324e-01  7.20000000e-01  1.08000000e+00  6.33100928e-01 
 1.55810119e-05 -3.54673987e-02  9.80859916e-01  7.20000000e-01  1.08000000e+00  6.33035037e-01 
 1.55860119e-05 -3.41806225e-02  9.84098019e-01  7.20000000e-01  1.08000000e+00  6.32969225e-01 
 1.55910119e-05 -3.28487449e-02  9.87353495e-01  7.20000000e-01  1.08000000e+00  6.32905327e-01 
 1.55960119e-05 -3.14422175e-02  9.90630300e-01  7.20000000e-01  1.08000000e+00  6.32845746e-01 
 1.56010119e-05 -2.99233939e-02  9.93933663e-01  7.20000000e-01  1.08000000e+00  6.32792788e-01 
 1.56060119e-05 -2.82728554e-02  9.97263823e-01  7.20000000e-01  1.08000000e+00  6.32748525e-01 
 1.56110119e-05 -2.65072706e-02  1.00061301e+00  7.20000000e-01  1.08000000e+00  6.32712577e-01 
 1.56160119e-05 -2.46599935e-02  1.00397103e+00  7.20000000e-01  1.08000000e+00  6.32682934e-01 
 1.56210119e-05 -2.27642676e-02  1.00732692e+00  7.20000000e-01  1.08000000e+00  6.32657391e-01 
 1.56260119e-05 -2.08623434e-02  1.01066306e+00  7.20000000e-01  1.08000000e+00  6.32635100e-01 
 1.56310119e-05 -1.90264491e-02  1.01394572e+00  7.20000000e-01  1.08000000e+00  6.32615647e-01 
 1.56360119e-05 -1.73849005e-02  1.01711256e+00  7.20000000e-01  1.08000000e+00  6.32598947e-01 
 1.56410119e-05 -1.61446958e-02  1.02006151e+00  7.20000000e-01  1.08000000e+00  6.32585052e-01 
 1.56460119e-05 -1.55923248e-02  1.02265047e+00  7.20000000e-01  1.08000000e+00  6.32574314e-01 
 1.56510119e-05 -1.60625097e-02  1.02471294e+00  7.20000000e-01  1.08000000e+00  6.32567195e-01 
 1.56560119e-05 -1.78879503e-02  1.02608326e+00  7.20000000e-01  1.08000000e+00  6.32564287e-01 
 1.56610119e-05 -2.13551348e-02  1.02661878e+00  7.20000000e-01  1.08000000e+00  6.32566021e-01 
 1.56660119e-05 -2.66803500e-02  1.02621192e+00  7.20000000e-01  1.08000000e+00  6.32572676e-01 
 1.56710119e-05 -3.40044388e-02  1.02479283e+00  7.20000000e-01  1.08000000e+00  6.32584208e-01 
 1.56760119e-05 -4.33981068e-02  1.02232676e+00  7.20000000e-01  1.08000000e+00  6.32600374e-01 
 1.56810119e-05 -5.48711597e-02  1.01880950e+00  7.20000000e-01  1.08000000e+00  6.32620676e-01 
 1.56860119e-05 -6.83821282e-02  1.01426251e+00  7.20000000e-01  1.08000000e+00  6.32644519e-01 
 1.56910119e-05 -8.38471461e-02  1.00872858e+00  7.20000000e-01  1.08000000e+00  6.32671161e-01 
 1.56960119e-05 -1.01146720e-01  1.00226850e+00  7.20000000e-01  1.08000000e+00  6.32699863e-01 
 1.57010119e-05 -1.20131420e-01  9.94958250e-01  7.20000000e-01  1.08000000e+00  6.32729811e-01 
 1.57060119e-05 -1.40625693e-01  9.86887378e-01  7.20000000e-01  1.08000000e+00  6.32760227e-01 
 1.57110119e-05 -1.62428066e-01  9.78159150e-01  7.20000000e-01  1.08000000e+00  6.32790292e-01 
 1.57160119e-05 -1.85307795e-01  9.68892837e-01  7.20000000e-01  1.08000000e+00  6.32819191e-01 
 1.57210119e-05 -2.08995282e-01  9.59229649e-01  7.20000000e-01  1.08000000e+00  6.32846005e-01 
 1.57260119e-05 -2.33163735e-01  9.49344071e-01  7.20000000e-01  1.08000000e+00  6.32869739e-01 
 1.57310119e-05 -2.57405434e-01  9.39458553e-01  7.20000000e-01  1.08000000e+00  6.32889467e-01 
 1.57360119e-05 -2.81226383e-01  9.29844898e-01  7.20000000e-01  1.08000000e+00  6.32904780e-01 
 1.57410119e-05 -3.04096472e-01  9.20786363e-01  7.20000000e-01  1.08000000e+00  6.32915790e-01 
 1.57460119e-05 -3.25568839e-01  9.12505104e-01  7.20000000e-01  1.08000000e+00  6.32922568e-01 
 1.57510119e-05 -3.45377582e-01  9.05116711e-01  7.20000000e-01  1.08000000e+00  6.32924443e-01 
 1.57560119e-05 -3.63419381e-01  8.98645674e-01  7.20000000e-01  1.08000000e+00  6.32921041e-01 
 1.57610119e-05 -3.79676468e-01  8.93061745e-01  7.20000000e-01  1.08000000e+00  6.32912864e-01 
 1.57660119e-05 -3.94165473e-01  8.88301605e-01  7.20000000e-01  1.08000000e+00  6.32900718e-01 
 1.57710119e-05 -4.06915230e-01  8.84279038e-01  7.20000000e-01  1.08000000e+00  6.32885496e-01 
 1.57760119e-05 -4.17957146e-01  8.80894119e-01  7.20000000e-01  1.08000000e+00  6.32868105e-01 
 1.57810119e-05 -4.27325686e-01  8.78042771e-01  7.20000000e-01  1.08000000e+00  6.32849387e-01 
 1.57860119e-05 -4.35064402e-01  8.75625824e-01  7.20000000e-01  1.08000000e+00  6.32830119e-01 
 1.57910119e-05 -4.41232486e-01  8.73555729e-01  7.20000000e-01  1.08000000e+00  6.32810938e-01 
 1.57960119e-05 -4.45908066e-01  8.71760129e-01  7.20000000e-01  1.08000000e+00  6.32792362e-01 
 1.58010119e-05 -4.49187543e-01  8.70182542e-01  7.20000000e-01  1.08000000e+00  6.32774737e-01 
 1.58060119e-05 -4.51182146e-01  8.68781098e-01  7.20000000e-01  1.08000000e+00  6.32758298e-01 
 1.58110119e-05 -4.52013221e-01  8.67526340e-01  7.20000000e-01  1.08000000e+00  6.32743137e-01 
 1.58160119e-05 -4.51807502e-01  8.66398792e-01  7.20000000e-01  1.08000000e+00  6.32729284e-01 
 1.58210119e-05 -4.50692904e-01  8.65386722e-01  7.20000000e-01  1.08000000e+00  6.32716678e-01 
 1.58260119e-05 -4.48795142e-01  8.64484222e-01  7.20000000e-01  1.08000000e+00  6.32705239e-01 
 1.58310119e-05 -4.46235079e-01  8.63689649e-01  7.20000000e-01  1.08000000e+00  6.32694840e-01 
 1.58360119e-05 -4.43126795e-01  8.63004355e-01  7.20000000e-01  1.08000000e+00  6.32685363e-01 
 1.58410119e-05 -4.39576187e-01  8.62431670e-01  7.20000000e-01  1.08000000e+00  6.32676668e-01 
 1.58460119e-05 -4.35680072e-01  8.61976066e-01  7.20000000e-01  1.08000000e+00  6.32668640e-01 
 1.58510119e-05 -4.31525641e-01  8.61642477e-01  7.20000000e-01  1.08000000e+00  6.32661150e-01 
 1.58560119e-05 -4.27190277e-01  8.61435751e-01  7.20000000e-01  1.08000000e+00  6.32654103e-01 
 1.58610119e-05 -4.22741597e-01  8.61360213e-01  7.20000000e-01  1.08000000e+00  6.32647397e-01 
 1.58660119e-05 -4.18237759e-01  8.61419331e-01  7.20000000e-01  1.08000000e+00  6.32640962e-01 
 1.58710119e-05 -4.13727903e-01  8.61615488e-01  7.20000000e-01  1.08000000e+00  6.32634724e-01 
 1.58760119e-05 -4.09252764e-01  8.61949830e-01  7.20000000e-01  1.08000000e+00  6.32628643e-01 
 1.58810119e-05 -4.04845348e-01  8.62422206e-01  7.20000000e-01  1.08000000e+00  6.32622669e-01 
 1.58860119e-05 -4.00531704e-01  8.63031161e-01  7.20000000e-01  1.08000000e+00  6.32616788e-01 
 1.58910119e-05 -3.96331691e-01  8.63773997e-01  7.20000000e-01  1.08000000e+00  6.32610974e-01 
 1.58960119e-05 -3.92259781e-01  8.64646863e-01  7.20000000e-01  1.08000000e+00  6.32605232e-01 
 1.59010119e-05 -3.88325817e-01  8.65644881e-01  7.20000000e-01  1.08000000e+00  6.32599555e-01 
 1.59060119e-05 -3.84535761e-01  8.66762285e-01  7.20000000e-01  1.08000000e+00  6.32593962e-01 
 1.59110119e-05 -3.80892370e-01  8.67992570e-01  7.20000000e-01  1.08000000e+00  6.32588456e-01 
 1.59160119e-05 -3.77395850e-01  8.69328634e-01  7.20000000e-01  1.08000000e+00  6.32583066e-01 
 1.59210119e-05 -3.74044421e-01  8.70762924e-01  7.20000000e-01  1.08000000e+00  6.32577801e-01 
 1.59260119e-05 -3.70834854e-01  8.72287557e-01  7.20000000e-01  1.08000000e+00  6.32572694e-01 
 1.59310119e-05 -3.67762925e-01  8.73894440e-01  7.20000000e-01  1.08000000e+00  6.32567756e-01 
 1.59360119e-05 -3.64823844e-01  8.75575359e-01  7.20000000e-01  1.08000000e+00  6.32563017e-01 
 1.59410119e-05 -3.62012606e-01  8.77322065e-01  7.20000000e-01  1.08000000e+00  6.32558490e-01 
 1.59460119e-05 -3.59324319e-01  8.79126327e-01  7.20000000e-01  1.08000000e+00  6.32554200e-01 
 1.59510119e-05 -3.56754470e-01  8.80979979e-01  7.20000000e-01  1.08000000e+00  6.32550158e-01 
 1.59560119e-05 -3.54299175e-01  8.82874942e-01  7.20000000e-01  1.08000000e+00  6.32546385e-01 
 1.59610119e-05 -3.51955371e-01  8.84803233e-01  7.20000000e-01  1.08000000e+00  6.32542886e-01 
 1.59660119e-05 -3.49720998e-01  8.86756957e-01  7.20000000e-01  1.08000000e+00  6.32539681e-01 
 1.59710119e-05 -3.47595128e-01  8.88728290e-01  7.20000000e-01  1.08000000e+00  6.32536770e-01 
 1.59760119e-05 -3.45578090e-01  8.90709448e-01  7.20000000e-01  1.08000000e+00  6.32534170e-01 
 1.59810119e-05 -3.43671544e-01  8.92692652e-01  7.20000000e-01  1.08000000e+00  6.32531879e-01 
 1.59860119e-05 -3.41878544e-01  8.94670087e-01  7.20000000e-01  1.08000000e+00  6.32529909e-01 
 1.59910119e-05 -3.40203550e-01  8.96633867e-01  7.20000000e-01  1.08000000e+00  6.32528259e-01 
 1.59960119e-05 -3.38652425e-01  8.98576004e-01  7.20000000e-01  1.08000000e+00  6.32526940e-01 
 1.60010119e-05 -3.37232368e-01  9.00488383e-01  7.20000000e-01  1.08000000e+00  6.32525950e-01 
 1.60060119e-05 -3.35951824e-01  9.02362763e-01  7.20000000e-01  1.08000000e+00  6.32525299e-01 
 1.60110119e-05 -3.34820317e-01  9.04190790e-01  7.20000000e-01  1.08000000e+00  6.32524985e-01 
 1.60160119e-05 -3.33848250e-01  9.05964037e-01  7.20000000e-01  1.08000000e+00  6.32525020e-01 
 1.60210119e-05 -3.33046630e-01  9.07674073e-01  7.20000000e-01  1.08000000e+00  6.32525398e-01 
 1.60260119e-05 -3.32426740e-01  9.09312550e-01  7.20000000e-01  1.08000000e+00  6.32526131e-01 
 1.60310119e-05 -3.31999750e-01  9.10871324e-01  7.20000000e-01  1.08000000e+00  6.32527212e-01 
 1.60360119e-05 -3.31776297e-01  9.12342585e-01  7.20000000e-01  1.08000000e+00  6.32528650e-01 
 1.60410119e-05 -3.31766008e-01  9.13719008e-01  7.20000000e-01  1.08000000e+00  6.32530434e-01 
 1.60460119e-05 -3.31977025e-01  9.14993899e-01  7.20000000e-01  1.08000000e+00  6.32532567e-01 
 1.60510119e-05 -3.32415521e-01  9.16161334e-01  7.20000000e-01  1.08000000e+00  6.32535031e-01 
 1.60560119e-05 -3.33085237e-01  9.17216282e-01  7.20000000e-01  1.08000000e+00  6.32537823e-01 
 1.60610119e-05 -3.33987063e-01  9.18154687e-01  7.20000000e-01  1.08000000e+00  6.32540919e-01 
 1.60660119e-05 -3.35118674e-01  9.18973521e-01  7.20000000e-01  1.08000000e+00  6.32544305e-01 
 1.60710119e-05 -3.36474241e-01  9.19670774e-01  7.20000000e-01  1.08000000e+00  6.32547951e-01 
 1.60760119e-05 -3.38044223e-01  9.20245398e-01  7.20000000e-01  1.08000000e+00  6.32551838e-01 
 1.60810119e-05 -3.39815255e-01  9.20697198e-01  7.20000000e-01  1.08000000e+00  6.32555929e-01 
 1.60860119e-05 -3.41770132e-01  9.21026665e-01  7.20000000e-01  1.08000000e+00  6.32560202e-01 
 1.60910119e-05 -3.43887896e-01  9.21234770e-01  7.20000000e-01  1.08000000e+00  6.32564619e-01 
 1.60960119e-05 -3.46144028e-01  9.21322734e-01  7.20000000e-01  1.08000000e+00  6.32569159e-01 
 1.61010119e-05 -3.48510753e-01  9.21291777e-01  7.20000000e-01  1.08000000e+00  6.32573789e-01 
 1.61060119e-05 -3.50957462e-01  9.21142889e-01  7.20000000e-01  1.08000000e+00  6.32578493e-01 
 1.61110119e-05 -3.53451245e-01  9.20876630e-01  7.20000000e-01  1.08000000e+00  6.32583247e-01 
 1.61160119e-05 -3.55957561e-01  9.20492995e-01  7.20000000e-01  1.08000000e+00  6.32588043e-01 
 1.61210119e-05 -3.58441014e-01  9.19991355e-01  7.20000000e-01  1.08000000e+00  6.32592869e-01 
 1.61260119e-05 -3.60866238e-01  9.19370490e-01  7.20000000e-01  1.08000000e+00  6.32597727e-01 
 1.61310119e-05 -3.63198843e-01  9.18628732e-01  7.20000000e-01  1.08000000e+00  6.32602611e-01 
 1.61360119e-05 -3.65406401e-01  9.17764183e-01  7.20000000e-01  1.08000000e+00  6.32607533e-01 
 1.61410119e-05 -3.67459394e-01  9.16775015e-01  7.20000000e-01  1.08000000e+00  6.32612489e-01 
 1.61460119e-05 -3.69332081e-01  9.15659810e-01  7.20000000e-01  1.08000000e+00  6.32617488e-01 
 1.61510119e-05 -3.71003213e-01  9.14417920e-01  7.20000000e-01  1.08000000e+00  6.32622525e-01 
 1.61560119e-05 -3.72456555e-01  9.13049802e-01  7.20000000e-01  1.08000000e+00  6.32627601e-01 
 1.61610119e-05 -3.73681189e-01  9.11557311e-01  7.20000000e-01  1.08000000e+00  6.32632699e-01 
 1.61660119e-05 -3.74671578e-01  9.09943928e-01  7.20000000e-01  1.08000000e+00  6.32637807e-01 
 1.61710119e-05 -3.75427402e-01  9.08214911e-01  7.20000000e-01  1.08000000e+00  6.32642894e-01 
 1.61760119e-05 -3.75953207e-01  9.06377355e-01  7.20000000e-01  1.08000000e+00  6.32647934e-01 
 1.61810119e-05 -3.76257879e-01  9.04440183e-01  7.20000000e-01  1.08000000e+00  6.32652883e-01 
 1.61860119e-05 -3.76354006e-01  9.02414056e-01  7.20000000e-01  1.08000000e+00  6.32657702e-01 
 1.61910119e-05 -3.76257166e-01  9.00311231e-01  7.20000000e-01  1.08000000e+00  6.32662338e-01 
 1.61960119e-05 -3.75985186e-01  8.98145361e-01  7.20000000e-01  1.08000000e+00  6.32666747e-01 
 1.62010119e-05 -3.75557400e-01  8.95931264e-01  7.20000000e-01  1.08000000e+00  6.32670872e-01 
 1.62060119e-05 -3.74993960e-01  8.93684671e-01  7.20000000e-01  1.08000000e+00  6.32674669e-01 
 1.62110119e-05 -3.74315190e-01  8.91421951e-01  7.20000000e-01  1.08000000e+00  6.32678085e-01 
 1.62160119e-05 -3.73541043e-01  8.89159840e-01  7.20000000e-01  1.08000000e+00  6.32681081e-01 
 1.62210119e-05 -3.72690622e-01  8.86915173e-01  7.20000000e-01  1.08000000e+00  6.32683614e-01 
 1.62260119e-05 -3.71781818e-01  8.84704614e-01  7.20000000e-01  1.08000000e+00  6.32685656e-01 
 1.62310119e-05 -3.70831027e-01  8.82544419e-01  7.20000000e-01  1.08000000e+00  6.32687174e-01 
 1.62360119e-05 -3.69852962e-01  8.80450202e-01  7.20000000e-01  1.08000000e+00  6.32688155e-01 
 1.62410119e-05 -3.68860544e-01  8.78436729e-01  7.20000000e-01  1.08000000e+00  6.32688579e-01 
 1.62460119e-05 -3.67864865e-01  8.76517739e-01  7.20000000e-01  1.08000000e+00  6.32688448e-01 
 1.62510119e-05 -3.66875205e-01  8.74705791e-01  7.20000000e-01  1.08000000e+00  6.32687757e-01 
 1.62560119e-05 -3.65899114e-01  8.73012136e-01  7.20000000e-01  1.08000000e+00  6.32686521e-01 
 1.62610119e-05 -3.64942500e-01  8.71446626e-01  7.20000000e-01  1.08000000e+00  6.32684748e-01 
 1.62660119e-05 -3.64009782e-01  8.70017642e-01  7.20000000e-01  1.08000000e+00  6.32682464e-01 
 1.62710119e-05 -3.63104025e-01  8.68732065e-01  7.20000000e-01  1.08000000e+00  6.32679690e-01 
 1.62760119e-05 -3.62227107e-01  8.67595261e-01  7.20000000e-01  1.08000000e+00  6.32676462e-01 
 1.62810119e-05 -3.61379877e-01  8.66611106e-01  7.20000000e-01  1.08000000e+00  6.32672809e-01 
 1.62860119e-05 -3.60562316e-01  8.65782023e-01  7.20000000e-01  1.08000000e+00  6.32668773e-01 
 1.62910119e-05 -3.59773685e-01  8.65109048e-01  7.20000000e-01  1.08000000e+00  6.32664390e-01 
 1.62960119e-05 -3.59012674e-01  8.64591911e-01  7.20000000e-01  1.08000000e+00  6.32659706e-01 
 1.63010119e-05 -3.58277529e-01  8.64229137e-01  7.20000000e-01  1.08000000e+00  6.32654760e-01 
 1.63060119e-05 -3.57566176e-01  8.64018145e-01  7.20000000e-01  1.08000000e+00  6.32649600e-01 
 1.63110119e-05 -3.56876326e-01  8.63955373e-01  7.20000000e-01  1.08000000e+00  6.32644264e-01 
 1.63160119e-05 -3.56205579e-01  8.64036392e-01  7.20000000e-01  1.08000000e+00  6.32638801e-01 
 1.63210119e-05 -3.55551503e-01  8.64256031e-01  7.20000000e-01  1.08000000e+00  6.32633248e-01 
 1.63260119e-05 -3.54911719e-01  8.64608496e-01  7.20000000e-01  1.08000000e+00  6.32627650e-01 
 1.63310119e-05 -3.54283958e-01  8.65087486e-01  7.20000000e-01  1.08000000e+00  6.32622041e-01 
 1.63360119e-05 -3.53666132e-01  8.65686306e-01  7.20000000e-01  1.08000000e+00  6.32616462e-01 
 1.63410119e-05 -3.53056377e-01  8.66397971e-01  7.20000000e-01  1.08000000e+00  6.32610942e-01 
 1.63460119e-05 -3.52453104e-01  8.67215300e-01  7.20000000e-01  1.08000000e+00  6.32605517e-01 
 1.63510119e-05 -3.51855033e-01  8.68131003e-01  7.20000000e-01  1.08000000e+00  6.32600211e-01 
 1.63560119e-05 -3.51261233e-01  8.69137757e-01  7.20000000e-01  1.08000000e+00  6.32595054e-01 
 1.63610119e-05 -3.50671144e-01  8.70228274e-01  7.20000000e-01  1.08000000e+00  6.32590064e-01 
 1.63660119e-05 -3.50084604e-01  8.71395351e-01  7.20000000e-01  1.08000000e+00  6.32585266e-01 
 1.63710119e-05 -3.49501868e-01  8.72631921e-01  7.20000000e-01  1.08000000e+00  6.32580670e-01 
 1.63760119e-05 -3.48923622e-01  8.73931082e-01  7.20000000e-01  1.08000000e+00  6.32576298e-01 
 1.63810119e-05 -3.48350992e-01  8.75286129e-01  7.20000000e-01  1.08000000e+00  6.32572154e-01 
 1.63860119e-05 -3.47785555e-01  8.76690565e-01  7.20000000e-01  1.08000000e+00  6.32568253e-01 
 1.63910119e-05 -3.47229335e-01  8.78138113e-01  7.20000000e-01  1.08000000e+00  6.32564596e-01 
 1.63960119e-05 -3.46684808e-01  8.79622715e-01  7.20000000e-01  1.08000000e+00  6.32561194e-01 
 1.64010119e-05 -3.46154892e-01  8.81138531e-01  7.20000000e-01  1.08000000e+00  6.32558042e-01 
 1.64060119e-05 -3.45642945e-01  8.82679925e-01  7.20000000e-01  1.08000000e+00  6.32555150e-01 
 1.64110119e-05 -3.45152747e-01  8.84241457e-01  7.20000000e-01  1.08000000e+00  6.32552509e-01 
 1.64160119e-05 -3.44688490e-01  8.85817862e-01  7.20000000e-01  1.08000000e+00  6.32550126e-01 
 1.64210119e-05 -3.44254751e-01  8.87404034e-01  7.20000000e-01  1.08000000e+00  6.32547991e-01 
 1.64260119e-05 -3.43856477e-01  8.88995013e-01  7.20000000e-01  1.08000000e+00  6.32546108e-01 
 1.64310119e-05 -3.43498949e-01  8.90585961e-01  7.20000000e-01  1.08000000e+00  6.32544467e-01 
 1.64360119e-05 -3.43187746e-01  8.92172152e-01  7.20000000e-01  1.08000000e+00  6.32543070e-01 
 1.64410119e-05 -3.42928704e-01  8.93748960e-01  7.20000000e-01  1.08000000e+00  6.32541908e-01 
 1.64460119e-05 -3.42727868e-01  8.95311848e-01  7.20000000e-01  1.08000000e+00  6.32540982e-01 
 1.64510119e-05 -3.42591421e-01  8.96856366e-01  7.20000000e-01  1.08000000e+00  6.32540281e-01 
 1.64560119e-05 -3.42525624e-01  8.98378155e-01  7.20000000e-01  1.08000000e+00  6.32539808e-01 
 1.64610119e-05 -3.42536728e-01  8.99872947e-01  7.20000000e-01  1.08000000e+00  6.32539551e-01 
 1.64660119e-05 -3.42630882e-01  9.01336581e-01  7.20000000e-01  1.08000000e+00  6.32539513e-01 
 1.64710119e-05 -3.42814026e-01  9.02765018e-01  7.20000000e-01  1.08000000e+00  6.32539681e-01 
 1.64760119e-05 -3.43091777e-01  9.04154360e-01  7.20000000e-01  1.08000000e+00  6.32540059e-01 
 1.64810119e-05 -3.43469300e-01  9.05500871e-01  7.20000000e-01  1.08000000e+00  6.32540634e-01 
 1.64860119e-05 -3.43951175e-01  9.06801003e-01  7.20000000e-01  1.08000000e+00  6.32541407e-01 
 1.64910119e-05 -3.44541249e-01  9.08051414e-01  7.20000000e-01  1.08000000e+00  6.32542365e-01 
 1.64960119e-05 -3.45242494e-01  9.09248992e-01  7.20000000e-01  1.08000000e+00  6.32543509e-01 
 1.65010119e-05 -3.46056856e-01  9.10390859e-01  7.20000000e-01  1.08000000e+00  6.32544824e-01 
 1.65060119e-05 -3.46985103e-01  9.11474385e-01  7.20000000e-01  1.08000000e+00  6.32546310e-01 
 1.65110119e-05 -3.48026683e-01  9.12497169e-01  7.20000000e-01  1.08000000e+00  6.32547952e-01 
 1.65160119e-05 -3.49179587e-01  9.13457025e-01  7.20000000e-01  1.08000000e+00  6.32549747e-01 
 1.65210119e-05 -3.50440215e-01  9.14351939e-01  7.20000000e-01  1.08000000e+00  6.32551682e-01 
 1.65260119e-05 -3.51803264e-01  9.15180015e-01  7.20000000e-01  1.08000000e+00  6.32553753e-01 
 1.65310119e-05 -3.53261621e-01  9.15939400e-01  7.20000000e-01  1.08000000e+00  6.32555946e-01 
 1.65360119e-05 -3.54806290e-01  9.16628189e-01  7.20000000e-01  1.08000000e+00  6.32558261e-01 
 1.65410119e-05 -3.56426326e-01  9.17244327e-01  7.20000000e-01  1.08000000e+00  6.32560685e-01 
 1.65460119e-05 -3.58108821e-01  9.17785488e-01  7.20000000e-01  1.08000000e+00  6.32563221e-01 
 1.65510119e-05 -3.59838914e-01  9.18248961e-01  7.20000000e-01  1.08000000e+00  6.32565860e-01 
 1.65560119e-05 -3.61599871e-01  9.18631544e-01  7.20000000e-01  1.08000000e+00  6.32568609e-01 
 1.65610119e-05 -3.63373220e-01  9.18929452e-01  7.20000000e-01  1.08000000e+00  6.32571466e-01 
 1.65660119e-05 -3.65138977e-01  9.19138266e-01  7.20000000e-01  1.08000000e+00  6.32574443e-01 
 1.65710119e-05 -3.66875958e-01  9.19252918e-01  7.20000000e-01  1.08000000e+00  6.32577544e-01 
 1.65760119e-05 -3.68562198e-01  9.19267748e-01  7.20000000e-01  1.08000000e+00  6.32580788e-01 
 1.65810119e-05 -3.70175458e-01  9.19176607e-01  7.20000000e-01  1.08000000e+00  6.32584181e-01 
 1.65860119e-05 -3.71693826e-01  9.18973037e-01  7.20000000e-01  1.08000000e+00  6.32587744e-01 
 1.65910119e-05 -3.73096368e-01  9.18650514e-01  7.20000000e-01  1.08000000e+00  6.32591487e-01 
 1.65960119e-05 -3.74363806e-01  9.18202722e-01  7.20000000e-01  1.08000000e+00  6.32595427e-01 
 1.66010119e-05 -3.75479178e-01  9.17623879e-01  7.20000000e-01  1.08000000e+00  6.32599567e-01 
 1.66060119e-05 -3.76428422e-01  9.16909053e-01  7.20000000e-01  1.08000000e+00  6.32603918e-01 
 1.66110119e-05 -3.77200861e-01  9.16054477e-01  7.20000000e-01  1.08000000e+00  6.32608473e-01 
 1.66160119e-05 -3.77789539e-01  9.15057823e-01  7.20000000e-01  1.08000000e+00  6.32613227e-01 
 1.66210119e-05 -3.78191393e-01  9.13918432e-01  7.20000000e-01  1.08000000e+00  6.32618159e-01 
 1.66260119e-05 -3.78407260e-01  9.12637484e-01  7.20000000e-01  1.08000000e+00  6.32623250e-01 
 1.66310119e-05 -3.78441714e-01  9.11218093e-01  7.20000000e-01  1.08000000e+00  6.32628460e-01 
 1.66360119e-05 -3.78302758e-01  9.09665353e-01  7.20000000e-01  1.08000000e+00  6.32633756e-01 
 1.66410119e-05 -3.78001403e-01  9.07986303e-01  7.20000000e-01  1.08000000e+00  6.32639086e-01 
 1.66460119e-05 -3.77551147e-01  9.06189853e-01  7.20000000e-01  1.08000000e+00  6.32644403e-01 
 1.66510119e-05 -3.76967411e-01  9.04286655e-01  7.20000000e-01  1.08000000e+00  6.32649647e-01 
 1.66560119e-05 -3.76266947e-01  9.02288933e-01  7.20000000e-01  1.08000000e+00  6.32654764e-01 
 1.66610119e-05 -3.75467251e-01  9.00210291e-01  7.20000000e-01  1.08000000e+00  6.32659691e-01 
 1.66660119e-05 -3.74586022e-01  8.98065495e-01  7.20000000e-01  1.08000000e+00  6.32664375e-01 
 1.66710119e-05 -3.73640655e-01  8.95870239e-01  7.20000000e-01  1.08000000e+00  6.32668755e-01 
 1.66760119e-05 -3.72647818e-01  8.93640902e-01  7.20000000e-01  1.08000000e+00  6.32672782e-01 
 1.66810119e-05 -3.71623100e-01  8.91394309e-01  7.20000000e-01  1.08000000e+00  6.32676403e-01 
 1.66860119e-05 -3.70580734e-01  8.89147484e-01  7.20000000e-01  1.08000000e+00  6.32679580e-01 
 1.66910119e-05 -3.69533410e-01  8.86917410e-01  7.20000000e-01  1.08000000e+00  6.32682270e-01 
 1.66960119e-05 -3.68492159e-01  8.84720805e-01  7.20000000e-01  1.08000000e+00  6.32684447e-01 
 1.67010119e-05 -3.67466299e-01  8.82573896e-01  7.20000000e-01  1.08000000e+00  6.32686082e-01 
 1.67060119e-05 -3.66463455e-01  8.80492224e-01  7.20000000e-01  1.08000000e+00  6.32687163e-01 
 1.67110119e-05 -3.65489609e-01  8.78490454e-01  7.20000000e-01  1.08000000e+00  6.32687676e-01 
 1.67160119e-05 -3.64549207e-01  8.76582214e-01  7.20000000e-01  1.08000000e+00  6.32687621e-01 
 1.67210119e-05 -3.63645279e-01  8.74779951e-01  7.20000000e-01  1.08000000e+00  6.32686999e-01 
 1.67260119e-05 -3.62779587e-01  8.73094820e-01  7.20000000e-01  1.08000000e+00  6.32685824e-01 
 1.67310119e-05 -3.61952776e-01  8.71536588e-01  7.20000000e-01  1.08000000e+00  6.32684109e-01 
 1.67360119e-05 -3.61164537e-01  8.70113578e-01  7.20000000e-01  1.08000000e+00  6.32681879e-01 
 1.67410119e-05 -3.60413757e-01  8.68832631e-01  7.20000000e-01  1.08000000e+00  6.32679157e-01 
 1.67460119e-05 -3.59698672e-01  8.67699098e-01  7.20000000e-01  1.08000000e+00  6.32675979e-01 
 1.67510119e-05 -3.59017003e-01  8.66716859e-01  7.20000000e-01  1.08000000e+00  6.32672375e-01 
 1.67560119e-05 -3.58366087e-01  8.65888364e-01  7.20000000e-01  1.08000000e+00  6.32668388e-01 
 1.67610119e-05 -3.57742987e-01  8.65214691e-01  7.20000000e-01  1.08000000e+00  6.32664053e-01 
 1.67660119e-05 -3.57144604e-01  8.64695630e-01  7.20000000e-01  1.08000000e+00  6.32659417e-01 
 1.67710119e-05 -3.56567752e-01  8.64329776e-01  7.20000000e-01  1.08000000e+00  6.32654518e-01 
 1.67760119e-05 -3.56009255e-01  8.64114631e-01  7.20000000e-01  1.08000000e+00  6.32649405e-01 
 1.67810119e-05 -3.55465997e-01  8.64046724e-01  7.20000000e-01  1.08000000e+00  6.32644116e-01 
 1.67860119e-05 -3.54934997e-01  8.64121720e-01  7.20000000e-01  1.08000000e+00  6.32638699e-01 
 1.67910119e-05 -3.54413447e-01  8.64334550e-01  7.20000000e-01  1.08000000e+00  6.32633191e-01 
 1.67960119e-05 -3.53898762e-01  8.64679520e-01  7.20000000e-01  1.08000000e+00  6.32627635e-01 
 1.68010119e-05 -3.53388616e-01  8.65150434e-01  7.20000000e-01  1.08000000e+00  6.32622067e-01 
 1.68060119e-05 -3.52880975e-01  8.65740698e-01  7.20000000e-01  1.08000000e+00  6.32616527e-01 
 1.68110119e-05 -3.52374122e-01  8.66443429e-01  7.20000000e-01  1.08000000e+00  6.32611044e-01 
 1.68160119e-05 -3.51866686e-01  8.67251541e-01  7.20000000e-01  1.08000000e+00  6.32605654e-01 
 1.68210119e-05 -3.51357658e-01  8.68157840e-01  7.20000000e-01  1.08000000e+00  6.32600379e-01 
 1.68260119e-05 -3.50846414e-01  8.69155093e-01  7.20000000e-01  1.08000000e+00  6.32595251e-01 
 1.68310119e-05 -3.50332726e-01  8.70236095e-01  7.20000000e-01  1.08000000e+00  6.32590287e-01 
 1.68360119e-05 -3.49816775e-01  8.71393725e-01  7.20000000e-01  1.08000000e+00  6.32585511e-01 
 1.68410119e-05 -3.49299163e-01  8.72620989e-01  7.20000000e-01  1.08000000e+00  6.32580936e-01 
 1.68460119e-05 -3.48780916e-01  8.73911058e-01  7.20000000e-01  1.08000000e+00  6.32576579e-01 
 1.68510119e-05 -3.48263491e-01  8.75257289e-01  7.20000000e-01  1.08000000e+00  6.32572448e-01 
 1.68560119e-05 -3.47748779e-01  8.76653246e-01  7.20000000e-01  1.08000000e+00  6.32568558e-01 
 1.68610119e-05 -3.47239100e-01  8.78092706e-01  7.20000000e-01  1.08000000e+00  6.32564907e-01 
 1.68660119e-05 -3.46737201e-01  8.79569663e-01  7.20000000e-01  1.08000000e+00  6.32561509e-01 
 1.68710119e-05 -3.46246252e-01  8.81078324e-01  7.20000000e-01  1.08000000e+00  6.32558358e-01 
 1.68760119e-05 -3.45769832e-01  8.82613097e-01  7.20000000e-01  1.08000000e+00  6.32555463e-01 
 1.68810119e-05 -3.45311922e-01  8.84168581e-01  7.20000000e-01  1.08000000e+00  6.32552818e-01 
 1.68860119e-05 -3.44876886e-01  8.85739550e-01  7.20000000e-01  1.08000000e+00  6.32550426e-01 
 1.68910119e-05 -3.44469455e-01  8.87320935e-01  7.20000000e-01  1.08000000e+00  6.32548281e-01 
 1.68960119e-05 -3.44094702e-01  8.88907810e-01  7.20000000e-01  1.08000000e+00  6.32546385e-01 
 1.69010119e-05 -3.43758014e-01  8.90495371e-01  7.20000000e-01  1.08000000e+00  6.32544729e-01 
 1.69060119e-05 -3.43465063e-01  8.92078922e-01  7.20000000e-01  1.08000000e+00  6.32543315e-01 
 1.69110119e-05 -3.43221755e-01  8.93653868e-01  7.20000000e-01  1.08000000e+00  6.32542133e-01 
 1.69160119e-05 -3.43034194e-01  8.95215700e-01  7.20000000e-01  1.08000000e+00  6.32541186e-01 
 1.69210119e-05 -3.42908614e-01  8.96759996e-01  7.20000000e-01  1.08000000e+00  6.32540461e-01 
 1.69260119e-05 -3.42851317e-01  8.98282418e-01  7.20000000e-01  1.08000000e+00  6.32539963e-01 
 1.69310119e-05 -3.42868593e-01  8.99778719e-01  7.20000000e-01  1.08000000e+00  6.32539679e-01 
 1.69360119e-05 -3.42966629e-01  9.01244754e-01  7.20000000e-01  1.08000000e+00  6.32539612e-01 
 1.69410119e-05 -3.43151407e-01  9.02676494e-01  7.20000000e-01  1.08000000e+00  6.32539751e-01 
 1.69460119e-05 -3.43428596e-01  9.04070045e-01  7.20000000e-01  1.08000000e+00  6.32540098e-01 
 1.69510119e-05 -3.43803421e-01  9.05421668e-01  7.20000000e-01  1.08000000e+00  6.32540640e-01 
 1.69560119e-05 -3.44280537e-01  9.06727804e-01  7.20000000e-01  1.08000000e+00  6.32541380e-01 
 1.69610119e-05 -3.44863883e-01  9.07985091e-01  7.20000000e-01  1.08000000e+00  6.32542304e-01 
 1.69660119e-05 -3.45556545e-01  9.09190385e-01  7.20000000e-01  1.08000000e+00  6.32543413e-01 
 1.69710119e-05 -3.46360599e-01  9.10340774e-01  7.20000000e-01  1.08000000e+00  6.32544694e-01 
 1.69760119e-05 -3.47276970e-01  9.11433574e-01  7.20000000e-01  1.08000000e+00  6.32546145e-01 
 1.69810119e-05 -3.48305282e-01  9.12466332e-01  7.20000000e-01  1.08000000e+00  6.32547753e-01 
 1.69860119e-05 -3.49443724e-01  9.13436795e-01  7.20000000e-01  1.08000000e+00  6.32549515e-01 
 1.69910119e-05 -3.50688914e-01  9.14342880e-01  7.20000000e-01  1.08000000e+00  6.32551417e-01 
 1.69960119e-05 -3.52035784e-01  9.15182613e-01  7.20000000e-01  1.08000000e+00  6.32553456e-01 
 1.70010119e-05 -3.53477470e-01  9.15954060e-01  7.20000000e-01  1.08000000e+00  6.32555620e-01 
 1.70060119e-05 -3.55005232e-01  9.16655239e-01  7.20000000e-01  1.08000000e+00  6.32557907e-01 
 1.70110119e-05 -3.56608388e-01  9.17284011e-01  7.20000000e-01  1.08000000e+00  6.32560306e-01 
 1.70160119e-05 -3.58274290e-01  9.17837970e-01  7.20000000e-01  1.08000000e+00  6.32562818e-01 
 1.70210119e-05 -3.59988330e-01  9.18314329e-01  7.20000000e-01  1.08000000e+00  6.32565436e-01 
 1.70260119e-05 -3.61734007e-01  9.18709809e-01  7.20000000e-01  1.08000000e+00  6.32568167e-01 
 1.70310119e-05 -3.63493066e-01  9.19020551e-01  7.20000000e-01  1.08000000e+00  6.32571008e-01 
 1.70360119e-05 -3.65245703e-01  9.19242062e-01  7.20000000e-01  1.08000000e+00  6.32573973e-01 
 1.70410119e-05 -3.66970882e-01  9.19369203e-01  7.20000000e-01  1.08000000e+00  6.32577065e-01 
 1.70460119e-05 -3.68646738e-01  9.19396234e-01  7.20000000e-01  1.08000000e+00  6.32580301e-01 
 1.70510119e-05 -3.70251087e-01  9.19316924e-01  7.20000000e-01  1.08000000e+00  6.32583690e-01 
 1.70560119e-05 -3.71762020e-01  9.19124729e-01  7.20000000e-01  1.08000000e+00  6.32587253e-01 
 1.70610119e-05 -3.73158557e-01  9.18813025e-01  7.20000000e-01  1.08000000e+00  6.32590998e-01 
 1.70660119e-05 -3.74421329e-01  9.18375391e-01  7.20000000e-01  1.08000000e+00  6.32594944e-01 
 1.70710119e-05 -3.75533241e-01  9.17805931e-01  7.20000000e-01  1.08000000e+00  6.32599094e-01 
 1.70760119e-05 -3.76480069e-01  9.17099596e-01  7.20000000e-01  1.08000000e+00  6.32603457e-01 
 1.70810119e-05 -3.77250950e-01  9.16252496e-01  7.20000000e-01  1.08000000e+00  6.32608029e-01 
 1.70860119e-05 -3.77838735e-01  9.15262184e-01  7.20000000e-01  1.08000000e+00  6.32612804e-01 
 1.70910119e-05 -3.78240168e-01  9.14127885e-01  7.20000000e-01  1.08000000e+00  6.32617761e-01 
 1.70960119e-05 -3.78455905e-01  9.12850671e-01  7.20000000e-01  1.08000000e+00  6.32622881e-01 
 1.71010119e-05 -3.78490354e-01  9.11433563e-01  7.20000000e-01  1.08000000e+00  6.32628125e-01 
 1.71060119e-05 -3.78351383e-01  9.09881574e-01  7.20000000e-01  1.08000000e+00  6.32633459e-01 
 1.71110119e-05 -3.78049890e-01  9.08201684e-01  7.20000000e-01  1.08000000e+00  6.32638831e-01 
 1.71160119e-05 -3.77599293e-01  9.06402764e-01  7.20000000e-01  1.08000000e+00  6.32644193e-01 
 1.71210119e-05 -3.77014962e-01  9.04495446e-01  7.20000000e-01  1.08000000e+00  6.32649486e-01 
 1.71260119e-05 -3.76313624e-01  9.02491960e-01  7.20000000e-01  1.08000000e+00  6.32654655e-01 
 1.71310119e-05 -3.75512778e-01  9.00405936e-01  7.20000000e-01  1.08000000e+00  6.32659636e-01 
 1.71360119e-05 -3.74630139e-01  8.98252189e-01  7.20000000e-01  1.08000000e+00  6.32664376e-01 
 1.71410119e-05 -3.73683139e-01  8.96046482e-01  7.20000000e-01  1.08000000e+00  6.32668813e-01 
 1.71460119e-05 -3.72688491e-01  8.93805286e-01  7.20000000e-01  1.08000000e+00  6.32672897e-01 
 1.71510119e-05 -3.71661833e-01  8.91545535e-01  7.20000000e-01  1.08000000e+00  6.32676576e-01 
 1.71560119e-05 -3.70617455e-01  8.89284377e-01  7.20000000e-01  1.08000000e+00  6.32679809e-01 
 1.71610119e-05 -3.69568098e-01  8.87038934e-01  7.20000000e-01  1.08000000e+00  6.32682555e-01 
 1.71660119e-05 -3.68524841e-01  8.84826074e-01  7.20000000e-01  1.08000000e+00  6.32684784e-01 
 1.71710119e-05 -3.67497046e-01  8.82662185e-01  7.20000000e-01  1.08000000e+00  6.32686470e-01 
 1.71760119e-05 -3.66492373e-01  8.80562971e-01  7.20000000e-01  1.08000000e+00  6.32687597e-01 
 1.71810119e-05 -3.65516832e-01  8.78543269e-01  7.20000000e-01  1.08000000e+00  6.32688153e-01 
 1.71860119e-05 -3.64574891e-01  8.76616873e-01  7.20000000e-01  1.08000000e+00  6.32688137e-01 
 1.71910119e-05 -3.63669591e-01  8.74796398e-01  7.20000000e-01  1.08000000e+00  6.32687549e-01 
 1.71960119e-05 -3.62802698e-01  8.73093159e-01  7.20000000e-01  1.08000000e+00  6.32686404e-01 
 1.72010119e-05 -3.61974857e-01  8.71517078e-01  7.20000000e-01  1.08000000e+00  6.32684713e-01 
 1.72060119e-05 -3.61185750e-01  8.70076620e-01  7.20000000e-01  1.08000000e+00  6.32682502e-01 
 1.72110119e-05 -3.60434252e-01  8.68778758e-01  7.20000000e-01  1.08000000e+00  6.32679794e-01 
 1.72160119e-05 -3.59718584e-01  8.67628961e-01  7.20000000e-01  1.08000000e+00  6.32676625e-01 
 1.72210119e-05 -3.59036445e-01  8.66631213e-01  7.20000000e-01  1.08000000e+00  6.32673025e-01 
 1.72260119e-05 -3.58385151e-01  8.65788051e-01  7.20000000e-01  1.08000000e+00  6.32669037e-01 
 1.72310119e-05 -3.57761740e-01  8.65100626e-01  7.20000000e-01  1.08000000e+00  6.32664697e-01 
 1.72360119e-05 -3.57163086e-01  8.64568786e-01  7.20000000e-01  1.08000000e+00  6.32660051e-01 
 1.72410119e-05 -3.56585978e-01  8.64191165e-01  7.20000000e-01  1.08000000e+00  6.32655139e-01 
 1.72460119e-05 -3.56027210e-01  8.63965295e-01  7.20000000e-01  1.08000000e+00  6.32650008e-01 
 1.72510119e-05 -3.55483639e-01  8.63887715e-01  7.20000000e-01  1.08000000e+00  6.32644698e-01 
 1.72560119e-05 -3.54952255e-01  8.63954094e-01  7.20000000e-01  1.08000000e+00  6.32639257e-01 
 1.72610119e-05 -3.54430220e-01  8.64159351e-01  7.20000000e-01  1.08000000e+00  6.32633722e-01 
 1.72660119e-05 -3.53914921e-01  8.64497775e-01  7.20000000e-01  1.08000000e+00  6.32628137e-01 
 1.72710119e-05 -3.53404002e-01  8.64963139e-01  7.20000000e-01  1.08000000e+00  6.32622539e-01 
 1.72760119e-05 -3.52895401e-01  8.65548815e-01  7.20000000e-01  1.08000000e+00  6.32616966e-01 
 1.72810119e-05 -3.52387372e-01  8.66247879e-01  7.20000000e-01  1.08000000e+00  6.32611450e-01 
 1.72860119e-05 -3.51878516e-01  8.67053203e-01  7.20000000e-01  1.08000000e+00  6.32606025e-01 
 1.72910119e-05 -3.51367796e-01  8.67957543e-01  7.20000000e-01  1.08000000e+00  6.32600716e-01 
 1.72960119e-05 -3.50854561e-01  8.68953619e-01  7.20000000e-01  1.08000000e+00  6.32595553e-01 
 1.73010119e-05 -3.50338557e-01  8.70034176e-01  7.20000000e-01  1.08000000e+00  6.32590554e-01 
 1.73060119e-05 -3.49819940e-01  8.71192044e-01  7.20000000e-01  1.08000000e+00  6.32585744e-01 
 1.73110119e-05 -3.49299287e-01  8.72420182e-01  7.20000000e-01  1.08000000e+00  6.32581135e-01 
 1.73160119e-05 -3.48777604e-01  8.73711715e-01  7.20000000e-01  1.08000000e+00  6.32576745e-01 
 1.73210119e-05 -3.48256328e-01  8.75059958e-01  7.20000000e-01  1.08000000e+00  6.32572582e-01 
 1.73260119e-05 -3.47737332e-01  8.76458433e-01  7.20000000e-01  1.08000000e+00  6.32568660e-01 
 1.73310119e-05 -3.47222918e-01  8.77900883e-01  7.20000000e-01  1.08000000e+00  6.32564980e-01 
 1.73360119e-05 -3.46715823e-01  8.79381266e-01  7.20000000e-01  1.08000000e+00  6.32561553e-01 
 1.73410119e-05 -3.46219204e-01  8.80893759e-01  7.20000000e-01  1.08000000e+00  6.32558375e-01 
 1.73460119e-05 -3.45736636e-01  8.82432743e-01  7.20000000e-01  1.08000000e+00  6.32555453e-01 
 1.73510119e-05 -3.45272095e-01  8.83992794e-01  7.20000000e-01  1.08000000e+00  6.32552783e-01 
 1.73560119e-05 -3.44829947e-01  8.85568665e-01  7.20000000e-01  1.08000000e+00  6.32550368e-01 
 1.73610119e-05 -3.44414926e-01  8.87155268e-01  7.20000000e-01  1.08000000e+00  6.32548200e-01 
 1.73660119e-05 -3.44032118e-01  8.88747659e-01  7.20000000e-01  1.08000000e+00  6.32546283e-01 
 1.73710119e-05 -3.43686924e-01  8.90341019e-01  7.20000000e-01  1.08000000e+00  6.32544607e-01 
 1.73760119e-05 -3.43385037e-01  8.91930639e-01  7.20000000e-01  1.08000000e+00  6.32543173e-01 
 1.73810119e-05 -3.43132396e-01  8.93511909e-01  7.20000000e-01  1.08000000e+00  6.32541974e-01 
 1.73860119e-05 -3.42935138e-01  8.95080308e-01  7.20000000e-01  1.08000000e+00  6.32541008e-01 
 1.73910119e-05 -3.42799545e-01  8.96631398e-01  7.20000000e-01  1.08000000e+00  6.32540268e-01 
 1.73960119e-05 -3.42731975e-01  8.98160826e-01  7.20000000e-01  1.08000000e+00  6.32539754e-01 
 1.74010119e-05 -3.42738781e-01  8.99664331e-01  7.20000000e-01  1.08000000e+00  6.32539456e-01 
 1.74060119e-05 -3.42826230e-01  9.01137748e-01  7.20000000e-01  1.08000000e+00  6.32539376e-01 
 1.74110119e-05 -3.43000391e-01  9.02577032e-01  7.20000000e-01  1.08000000e+00  6.32539502e-01 
 1.74160119e-05 -3.43267032e-01  9.03978267e-01  7.20000000e-01  1.08000000e+00  6.32539837e-01 
 1.74210119e-05 -3.43631492e-01  9.05337695e-01  7.20000000e-01  1.08000000e+00  6.32540369e-01 
 1.74260119e-05 -3.44098549e-01  9.06651737e-01  7.20000000e-01  1.08000000e+00  6.32541098e-01 
 1.74310119e-05 -3.44672280e-01  9.07917012e-01  7.20000000e-01  1.08000000e+00  6.32542013e-01 
 1.74360119e-05 -3.45355916e-01  9.09130362e-01  7.20000000e-01  1.08000000e+00  6.32543114e-01 
 1.74410119e-05 -3.46151689e-01  9.10288858e-01  7.20000000e-01  1.08000000e+00  6.32544387e-01 
 1.74460119e-05 -3.47060692e-01  9.11389815e-01  7.20000000e-01  1.08000000e+00  6.32545831e-01 
 1.74510119e-05 -3.48082722e-01  9.12430775e-01  7.20000000e-01  1.08000000e+00  6.32547434e-01 
 1.74560119e-05 -3.49216148e-01  9.13409499e-01  7.20000000e-01  1.08000000e+00  6.32549190e-01 
 1.74610119e-05 -3.50457772e-01  9.14323922e-01  7.20000000e-01  1.08000000e+00  6.32551087e-01 
 1.74660119e-05 -3.51802712e-01  9.15172106e-01  7.20000000e-01  1.08000000e+00  6.32553122e-01 
 1.74710119e-05 -3.53244291e-01  9.15952164e-01  7.20000000e-01  1.08000000e+00  6.32555282e-01 
 1.74760119e-05 -3.54773953e-01  9.16662175e-01  7.20000000e-01  1.08000000e+00  6.32557563e-01 
 1.74810119e-05 -3.56381191e-01  9.17300077e-01  7.20000000e-01  1.08000000e+00  6.32559957e-01 
 1.74860119e-05 -3.58053519e-01  9.17863555e-01  7.20000000e-01  1.08000000e+00  6.32562462e-01 
 1.74910119e-05 -3.59776470e-01  9.18349918e-01  7.20000000e-01  1.08000000e+00  6.32565073e-01 
 1.74960119e-05 -3.61533658e-01  9.18755991e-01  7.20000000e-01  1.08000000e+00  6.32567793e-01 
 1.75010119e-05 -3.63306899e-01  9.19078020e-01  7.20000000e-01  1.08000000e+00  6.32570623e-01 
 1.75060119e-05 -3.65076412e-01  9.19311605e-01  7.20000000e-01  1.08000000e+00  6.32573573e-01 
 1.75110119e-05 -3.66821117e-01  9.19451681e-01  7.20000000e-01  1.08000000e+00  6.32576648e-01 
 1.75160119e-05 -3.68519031e-01  9.19492559e-01  7.20000000e-01  1.08000000e+00  6.32579864e-01 
 1.75210119e-05 -3.70147766e-01  9.19428019e-01  7.20000000e-01  1.08000000e+00  6.32583232e-01 
 1.75260119e-05 -3.71685121e-01  9.19251485e-01  7.20000000e-01  1.08000000e+00  6.32586769e-01 
 1.75310119e-05 -3.73109736e-01  9.18956252e-01  7.20000000e-01  1.08000000e+00  6.32590488e-01 
 1.75360119e-05 -3.74401784e-01  9.18535770e-01  7.20000000e-01  1.08000000e+00  6.32594406e-01 
 1.75410119e-05 -3.75543643e-01  9.17983960e-01  7.20000000e-01  1.08000000e+00  6.32598529e-01 
 1.75460119e-05 -3.76520519e-01  9.17295548e-01  7.20000000e-01  1.08000000e+00  6.32602866e-01 
 1.75510119e-05 -3.77320961e-01  9.16466384e-01  7.20000000e-01  1.08000000e+00  6.32607414e-01 
 1.75560119e-05 -3.77937232e-01  9.15493731e-01  7.20000000e-01  1.08000000e+00  6.32612168e-01 
 1.75610119e-05 -3.78365527e-01  9.14376513e-01  7.20000000e-01  1.08000000e+00  6.32617111e-01 
 1.75660119e-05 -3.78606004e-01  9.13115492e-01  7.20000000e-01  1.08000000e+00  6.32622221e-01 
 1.75710119e-05 -3.78662652e-01  9.11713391e-01  7.20000000e-01  1.08000000e+00  6.32627464e-01 
 1.75760119e-05 -3.78543006e-01  9.10174937e-01  7.20000000e-01  1.08000000e+00  6.32632803e-01 
 1.75810119e-05 -3.78257731e-01  9.08506851e-01  7.20000000e-01  1.08000000e+00  6.32638190e-01 
 1.75860119e-05 -3.77820114e-01  9.06717771e-01  7.20000000e-01  1.08000000e+00  6.32643576e-01 
 1.75910119e-05 -3.77245490e-01  9.04818134e-01  7.20000000e-01  1.08000000e+00  6.32648901e-01 
 1.75960119e-05 -3.76550646e-01  9.02820013e-01  7.20000000e-01  1.08000000e+00  6.32654111e-01 
 1.76010119e-05 -3.75753218e-01  9.00736919e-01  7.20000000e-01  1.08000000e+00  6.32659143e-01 
 1.76060119e-05 -3.74871131e-01  8.98583587e-01  7.20000000e-01  1.08000000e+00  6.32663940e-01 
 1.76110119e-05 -3.73922078e-01  8.96375742e-01  7.20000000e-01  1.08000000e+00  6.32668441e-01 
 1.76160119e-05 -3.72923074e-01  8.94129854e-01  7.20000000e-01  1.08000000e+00  6.32672596e-01 
 1.76210119e-05 -3.71890085e-01  8.91862893e-01  7.20000000e-01  1.08000000e+00  6.32676351e-01 
 1.76260119e-05 -3.70837737e-01  8.89592078e-01  7.20000000e-01  1.08000000e+00  6.32679664e-01 
 1.76310119e-05 -3.69779108e-01  8.87334635e-01  7.20000000e-01  1.08000000e+00  6.32682492e-01 
 1.76360119e-05 -3.68725604e-01  8.85107564e-01  7.20000000e-01  1.08000000e+00  6.32684806e-01 
 1.76410119e-05 -3.67686892e-01  8.82927412e-01  7.20000000e-01  1.08000000e+00  6.32686577e-01 
 1.76460119e-05 -3.66670912e-01  8.80810069e-01  7.20000000e-01  1.08000000e+00  6.32687789e-01 
 1.76510119e-05 -3.65683926e-01  8.78770569e-01  7.20000000e-01  1.08000000e+00  6.32688428e-01 
 1.76560119e-05 -3.64730616e-01  8.76822927e-01  7.20000000e-01  1.08000000e+00  6.32688493e-01 
 1.76610119e-05 -3.63814210e-01  8.74979984e-01  7.20000000e-01  1.08000000e+00  6.32687982e-01 
 1.76660119e-05 -3.62936626e-01  8.73253290e-01  7.20000000e-01  1.08000000e+00  6.32686909e-01 
 1.76710119e-05 -3.62098625e-01  8.71653005e-01  7.20000000e-01  1.08000000e+00  6.32685286e-01 
 1.76760119e-05 -3.61299982e-01  8.70187831e-01  7.20000000e-01  1.08000000e+00  6.32683137e-01 
 1.76810119e-05 -3.60539633e-01  8.68864970e-01  7.20000000e-01  1.08000000e+00  6.32680486e-01 
 1.76860119e-05 -3.59815838e-01  8.67690116e-01  7.20000000e-01  1.08000000e+00  6.32677367e-01 
 1.76910119e-05 -3.59126315e-01  8.66667462e-01  7.20000000e-01  1.08000000e+00  6.32673810e-01 
 1.76960119e-05 -3.58468379e-01  8.65799739e-01  7.20000000e-01  1.08000000e+00  6.32669858e-01 
 1.77010119e-05 -3.57839054e-01  8.65088280e-01  7.20000000e-01  1.08000000e+00  6.32665547e-01 
 1.77060119e-05 -3.57235184e-01  8.64533089e-01  7.20000000e-01  1.08000000e+00  6.32660923e-01 
 1.77110119e-05 -3.56653522e-01  8.64132944e-01  7.20000000e-01  1.08000000e+00  6.32656026e-01 
 1.77160119e-05 -3.56090814e-01  8.63885496e-01  7.20000000e-01  1.08000000e+00  6.32650904e-01 
 1.77210119e-05 -3.55543866e-01  8.63787385e-01  7.20000000e-01  1.08000000e+00  6.32645596e-01 
 1.77260119e-05 -3.55009606e-01  8.63834361e-01  7.20000000e-01  1.08000000e+00  6.32640150e-01 
 1.77310119e-05 -3.54485138e-01  8.64021404e-01  7.20000000e-01  1.08000000e+00  6.32634606e-01 
 1.77360119e-05 -3.53967781e-01  8.64342846e-01  7.20000000e-01  1.08000000e+00  6.32629006e-01 
 1.77410119e-05 -3.53455114e-01  8.64792488e-01  7.20000000e-01  1.08000000e+00  6.32623388e-01 
 1.77460119e-05 -3.52945005e-01  8.65363715e-01  7.20000000e-01  1.08000000e+00  6.32617791e-01 
 1.77510119e-05 -3.52435638e-01  8.66049601e-01  7.20000000e-01  1.08000000e+00  6.32612246e-01 
 1.77560119e-05 -3.51925546e-01  8.66843004e-01  7.20000000e-01  1.08000000e+00  6.32606790e-01 
 1.77610119e-05 -3.51413620e-01  8.67736660e-01  7.20000000e-01  1.08000000e+00  6.32601446e-01 
 1.77660119e-05 -3.50899140e-01  8.68723257e-01  7.20000000e-01  1.08000000e+00  6.32596246e-01 
 1.77710119e-05 -3.50381783e-01  8.69795503e-01  7.20000000e-01  1.08000000e+00  6.32591208e-01 
 1.77760119e-05 -3.49861636e-01  8.70946187e-01  7.20000000e-01  1.08000000e+00  6.32586357e-01 
 1.77810119e-05 -3.49339211e-01  8.72168223e-01  7.20000000e-01  1.08000000e+00  6.32581706e-01 
 1.77860119e-05 -3.48815447e-01  8.73454689e-01  7.20000000e-01  1.08000000e+00  6.32577273e-01 
 1.77910119e-05 -3.48291718e-01  8.74798852e-01  7.20000000e-01  1.08000000e+00  6.32573068e-01 
 1.77960119e-05 -3.47769835e-01  8.76194189e-01  7.20000000e-01  1.08000000e+00  6.32569102e-01 
 1.78010119e-05 -3.47252044e-01  8.77634397e-01  7.20000000e-01  1.08000000e+00  6.32565379e-01 
 1.78060119e-05 -3.46741025e-01  8.79113392e-01  7.20000000e-01  1.08000000e+00  6.32561909e-01 
 1.78110119e-05 -3.46239883e-01  8.80625310e-01  7.20000000e-01  1.08000000e+00  6.32558689e-01 
 1.78160119e-05 -3.45752143e-01  8.82164497e-01  7.20000000e-01  1.08000000e+00  6.32555726e-01 
 1.78210119e-05 -3.45281738e-01  8.83725494e-01  7.20000000e-01  1.08000000e+00  6.32553015e-01 
 1.78260119e-05 -3.44832993e-01  8.85303024e-01  7.20000000e-01  1.08000000e+00  6.32550560e-01 
 1.78310119e-05 -3.44410608e-01  8.86891974e-01  7.20000000e-01  1.08000000e+00  6.32548355e-01 
 1.78360119e-05 -3.44019637e-01  8.88487376e-01  7.20000000e-01  1.08000000e+00  6.32546399e-01 
 1.78410119e-05 -3.43665462e-01  8.90084391e-01  7.20000000e-01  1.08000000e+00  6.32544687e-01 
 1.78460119e-05 -3.43353759e-01  8.91678291e-01  7.20000000e-01  1.08000000e+00  6.32543218e-01 
 1.78510119e-05 -3.43090461e-01  8.93264448e-01  7.20000000e-01  1.08000000e+00  6.32541984e-01 
 1.78560119e-05 -3.42881709e-01  8.94838325e-01  7.20000000e-01  1.08000000e+00  6.32540986e-01 
 1.78610119e-05 -3.42733800e-01  8.96395468e-01  7.20000000e-01  1.08000000e+00  6.32540213e-01 
 1.78660119e-05 -3.42653119e-01  8.97931508e-01  7.20000000e-01  1.08000000e+00  6.32539668e-01 
 1.78710119e-05 -3.42646065e-01  8.99442164e-01  7.20000000e-01  1.08000000e+00  6.32539340e-01 
 1.78760119e-05 -3.42718961e-01  9.00923253e-01  7.20000000e-01  1.08000000e+00  6.32539230e-01 
 1.78810119e-05 -3.42877955e-01  9.02370705e-01  7.20000000e-01  1.08000000e+00  6.32539328e-01 
 1.78860119e-05 -3.43128911e-01  9.03780581e-01  7.20000000e-01  1.08000000e+00  6.32539635e-01 
 1.78910119e-05 -3.43477281e-01  9.05149095e-01  7.20000000e-01  1.08000000e+00  6.32540141e-01 
 1.78960119e-05 -3.43927983e-01  9.06472636e-01  7.20000000e-01  1.08000000e+00  6.32540844e-01 
 1.79010119e-05 -3.44485252e-01  9.07747795e-01  7.20000000e-01  1.08000000e+00  6.32541736e-01 
 1.79060119e-05 -3.45152498e-01  9.08971380e-01  7.20000000e-01  1.08000000e+00  6.32542813e-01 
 1.79110119e-05 -3.45932156e-01  9.10140434e-01  7.20000000e-01  1.08000000e+00  6.32544065e-01 
 1.79160119e-05 -3.46825540e-01  9.11252243e-01  7.20000000e-01  1.08000000e+00  6.32545489e-01 
 1.79210119e-05 -3.47832690e-01  9.12304330e-01  7.20000000e-01  1.08000000e+00  6.32547071e-01 
 1.79260119e-05 -3.48952234e-01  9.13294442e-01  7.20000000e-01  1.08000000e+00  6.32548809e-01 
 1.79310119e-05 -3.50181251e-01  9.14220513e-01  7.20000000e-01  1.08000000e+00  6.32550690e-01 
 1.79360119e-05 -3.51515147e-01  9.15080616e-01  7.20000000e-01  1.08000000e+00  6.32552708e-01 
 1.79410119e-05 -3.52947547e-01  9.15872896e-01  7.20000000e-01  1.08000000e+00  6.32554853e-01 
 1.79460119e-05 -3.54470200e-01  9.16595478e-01  7.20000000e-01  1.08000000e+00  6.32557119e-01 
 1.79510119e-05 -3.56072910e-01  9.17246370e-01  7.20000000e-01  1.08000000e+00  6.32559498e-01 
 1.79560119e-05 -3.57743494e-01  9.17823343e-01  7.20000000e-01  1.08000000e+00  6.32561988e-01 
 1.79610119e-05 -3.59467774e-01  9.18323814e-01  7.20000000e-01  1.08000000e+00  6.32564582e-01 
 1.79660119e-05 -3.61229631e-01  9.18744730e-01  7.20000000e-01  1.08000000e+00  6.32567285e-01 
 1.79710119e-05 -3.63011106e-01  9.19082465e-01  7.20000000e-01  1.08000000e+00  6.32570096e-01 
 1.79760119e-05 -3.64792589e-01  9.19332748e-01  7.20000000e-01  1.08000000e+00  6.32573024e-01 
 1.79810119e-05 -3.66553097e-01  9.19490635e-01  7.20000000e-01  1.08000000e+00  6.32576075e-01 
 1.79860119e-05 -3.68270654e-01  9.19550530e-01  7.20000000e-01  1.08000000e+00  6.32579263e-01 
 1.79910119e-05 -3.69922773e-01  9.19506274e-01  7.20000000e-01  1.08000000e+00  6.32582599e-01 
 1.79960119e-05 -3.71487031e-01  9.19351302e-01  7.20000000e-01  1.08000000e+00  6.32586103e-01 
 1.80010119e-05 -3.72941725e-01  9.19078866e-01  7.20000000e-01  1.08000000e+00  6.32589785e-01 
 1.80060119e-05 -3.74266558e-01  9.18682306e-01  7.20000000e-01  1.08000000e+00  6.32593663e-01 
 1.80110119e-05 -3.75443332e-01  9.18155371e-01  7.20000000e-01  1.08000000e+00  6.32597746e-01 
 1.80160119e-05 -3.76456584e-01  9.17492551e-01  7.20000000e-01  1.08000000e+00  6.32602044e-01 
 1.80210119e-05 -3.77294132e-01  9.16689403e-01  7.20000000e-01  1.08000000e+00  6.32606554e-01 
 1.80260119e-05 -3.77947479e-01  9.15742852e-01  7.20000000e-01  1.08000000e+00  6.32611274e-01 
 1.80310119e-05 -3.78412061e-01  9.14651450e-01  7.20000000e-01  1.08000000e+00  6.32616187e-01 
 1.80360119e-05 -3.78687315e-01  9.13415568e-01  7.20000000e-01  1.08000000e+00  6.32621274e-01 
 1.80410119e-05 -3.78776577e-01  9.12037531e-01  7.20000000e-01  1.08000000e+00  6.32626502e-01 
 1.80460119e-05 -3.78686820e-01  9.10521676e-01  7.20000000e-01  1.08000000e+00  6.32631835e-01 
 1.80510119e-05 -3.78428255e-01  9.08874353e-01  7.20000000e-01  1.08000000e+00  6.32637227e-01 
 1.80560119e-05 -3.78013833e-01  9.07103856e-01  7.20000000e-01  1.08000000e+00  6.32642629e-01 
 1.80610119e-05 -3.77458681e-01  9.05220316e-01  7.20000000e-01  1.08000000e+00  6.32647982e-01 
 1.80660119e-05 -3.76779491e-01  9.03235539e-01  7.20000000e-01  1.08000000e+00  6.32653231e-01 
 1.80710119e-05 -3.75993925e-01  9.01162818e-01  7.20000000e-01  1.08000000e+00  6.32658313e-01 
 1.80760119e-05 -3.75120030e-01  8.99016717e-01  7.20000000e-01  1.08000000e+00  6.32663172e-01 
 1.80810119e-05 -3.74175709e-01  8.96812839e-01  7.20000000e-01  1.08000000e+00  6.32667747e-01 
 1.80860119e-05 -3.73178253e-01  8.94567583e-01  7.20000000e-01  1.08000000e+00  6.32671983e-01 
 1.80910119e-05 -3.72143959e-01  8.92297895e-01  7.20000000e-01  1.08000000e+00  6.32675829e-01 
 1.80960119e-05 -3.71087815e-01  8.90021020e-01  7.20000000e-01  1.08000000e+00  6.32679239e-01 
 1.81010119e-05 -3.70023282e-01  8.87754255e-01  7.20000000e-01  1.08000000e+00  6.32682170e-01 
 1.81060119e-05 -3.68962148e-01  8.85514713e-01  7.20000000e-01  1.08000000e+00  6.32684592e-01 
 1.81110119e-05 -3.67914457e-01  8.83319095e-01  7.20000000e-01  1.08000000e+00  6.32686473e-01 
 1.81160119e-05 -3.66888507e-01  8.81183478e-01  7.20000000e-01  1.08000000e+00  6.32687797e-01 
 1.81210119e-05 -3.65890888e-01  8.79123117e-01  7.20000000e-01  1.08000000e+00  6.32688548e-01 
 1.81260119e-05 -3.64926582e-01  8.77152272e-01  7.20000000e-01  1.08000000e+00  6.32688722e-01 
 1.81310119e-05 -3.63999078e-01  8.75284056e-01  7.20000000e-01  1.08000000e+00  6.32688320e-01 
 1.81360119e-05 -3.63110519e-01  8.73530303e-01  7.20000000e-01  1.08000000e+00  6.32687351e-01 
 1.81410119e-05 -3.62261858e-01  8.71901469e-01  7.20000000e-01  1.08000000e+00  6.32685827e-01 
 1.81460119e-05 -3.61453021e-01  8.70406557e-01  7.20000000e-01  1.08000000e+00  6.32683772e-01 
 1.81510119e-05 -3.60683065e-01  8.69053072e-01  7.20000000e-01  1.08000000e+00  6.32681207e-01 
 1.81560119e-05 -3.59950338e-01  8.67847004e-01  7.20000000e-01  1.08000000e+00  6.32678167e-01 
 1.81610119e-05 -3.59252621e-01  8.66792833e-01  7.20000000e-01  1.08000000e+00  6.32674682e-01 
 1.81660119e-05 -3.58587264e-01  8.65893565e-01  7.20000000e-01  1.08000000e+00  6.32670792e-01 
 1.81710119e-05 -3.57951308e-01  8.65150788e-01  7.20000000e-01  1.08000000e+00  6.32666536e-01 
 1.81760119e-05 -3.57341593e-01  8.64564743e-01  7.20000000e-01  1.08000000e+00  6.32661957e-01 
 1.81810119e-05 -3.56754852e-01  8.64134421e-01  7.20000000e-01  1.08000000e+00  6.32657097e-01 
 1.81860119e-05 -3.56187801e-01  8.63857662e-01  7.20000000e-01  1.08000000e+00  6.32652002e-01 
 1.81910119e-05 -3.55637201e-01  8.63731272e-01  7.20000000e-01  1.08000000e+00  6.32646714e-01 
 1.81960119e-05 -3.55099931e-01  8.63751140e-01  7.20000000e-01  1.08000000e+00  6.32641279e-01 
 1.82010119e-05 -3.54573031e-01  8.63912362e-01  7.20000000e-01  1.08000000e+00  6.32635738e-01 
 1.82060119e-05 -3.54053758e-01  8.64209361e-01  7.20000000e-01  1.08000000e+00  6.32630133e-01 
 1.82110119e-05 -3.53539619e-01  8.64636008e-01  7.20000000e-01  1.08000000e+00  6.32624503e-01 
 1.82160119e-05 -3.53028407e-01  8.65185734e-01  7.20000000e-01  1.08000000e+00  6.32618888e-01 
 1.82210119e-05 -3.52518228e-01  8.65851642e-01  7.20000000e-01  1.08000000e+00  6.32613319e-01 
 1.82260119e-05 -3.52007533e-01  8.66626604e-01  7.20000000e-01  1.08000000e+00  6.32607833e-01 
 1.82310119e-05 -3.51495133e-01  8.67503349e-01  7.20000000e-01  1.08000000e+00  6.32602455e-01 
 1.82360119e-05 -3.50980221e-01  8.68474550e-01  7.20000000e-01  1.08000000e+00  6.32597216e-01 
 1.82410119e-05 -3.50462388e-01  8.69532887e-01  7.20000000e-01  1.08000000e+00  6.32592136e-01 
 1.82460119e-05 -3.49941637e-01  8.70671114e-01  7.20000000e-01  1.08000000e+00  6.32587239e-01 
 1.82510119e-05 -3.49418391e-01  8.71882102e-01  7.20000000e-01  1.08000000e+00  6.32582541e-01 
 1.82560119e-05 -3.48893506e-01  8.73158880e-01  7.20000000e-01  1.08000000e+00  6.32578059e-01 
 1.82610119e-05 -3.48368268e-01  8.74494668e-01  7.20000000e-01  1.08000000e+00  6.32573802e-01 
 1.82660119e-05 -3.47844407e-01  8.75882889e-01  7.20000000e-01  1.08000000e+00  6.32569784e-01 
 1.82710119e-05 -3.47324085e-01  8.77317190e-01  7.20000000e-01  1.08000000e+00  6.32566009e-01 
 1.82760119e-05 -3.46809902e-01  8.78791436e-01  7.20000000e-01  1.08000000e+00  6.32562486e-01 
 1.82810119e-05 -3.46304886e-01  8.80299716e-01  7.20000000e-01  1.08000000e+00  6.32559213e-01 
 1.82860119e-05 -3.45812490e-01  8.81836331e-01  7.20000000e-01  1.08000000e+00  6.32556198e-01 
 1.82910119e-05 -3.45336573e-01  8.83395782e-01  7.20000000e-01  1.08000000e+00  6.32553436e-01 
 1.82960119e-05 -3.44881397e-01  8.84972754e-01  7.20000000e-01  1.08000000e+00  6.32550930e-01 
 1.83010119e-05 -3.44451600e-01  8.86562102e-01  7.20000000e-01  1.08000000e+00  6.32548674e-01 
 1.83060119e-05 -3.44052182e-01  8.88158827e-01  7.20000000e-01  1.08000000e+00  6.32546669e-01 
 1.83110119e-05 -3.43688476e-01  8.89758066e-01  7.20000000e-01  1.08000000e+00  6.32544909e-01 
 1.83160119e-05 -3.43366119e-01  8.91355068e-01  7.20000000e-01  1.08000000e+00  6.32543393e-01 
 1.83210119e-05 -3.43091014e-01  8.92945184e-01  7.20000000e-01  1.08000000e+00  6.32542114e-01 
 1.83260119e-05 -3.42869282e-01  8.94523858e-01  7.20000000e-01  1.08000000e+00  6.32541070e-01 
 1.83310119e-05 -3.42707217e-01  8.96086618e-01  7.20000000e-01  1.08000000e+00  6.32540254e-01 
 1.83360119e-05 -3.42611211e-01  8.97629075e-01  7.20000000e-01  1.08000000e+00  6.32539665e-01 
 1.83410119e-05 -3.42587692e-01  8.99146928e-01  7.20000000e-01  1.08000000e+00  6.32539296e-01 
 1.83460119e-05 -3.42643027e-01  9.00635970e-01  7.20000000e-01  1.08000000e+00  6.32539145e-01 
 1.83510119e-05 -3.42783433e-01  9.02092106e-01  7.20000000e-01  1.08000000e+00  6.32539204e-01 
 1.83560119e-05 -3.43014866e-01  9.03511366e-01  7.20000000e-01  1.08000000e+00  6.32539473e-01 
 1.83610119e-05 -3.43342896e-01  9.04889932e-01  7.20000000e-01  1.08000000e+00  6.32539941e-01 
 1.83660119e-05 -3.43772585e-01  9.06224154e-01  7.20000000e-01  1.08000000e+00  6.32540609e-01 
 1.83710119e-05 -3.44308340e-01  9.07510581e-01  7.20000000e-01  1.08000000e+00  6.32541466e-01 
 1.83760119e-05 -3.44953773e-01  9.08745978e-01  7.20000000e-01  1.08000000e+00  6.32542510e-01 
 1.83810119e-05 -3.45711552e-01  9.09927345e-01  7.20000000e-01  1.08000000e+00  6.32543730e-01 
 1.83860119e-05 -3.46583247e-01  9.11051925e-01  7.20000000e-01  1.08000000e+00  6.32545123e-01 
 1.83910119e-05 -3.47569185e-01  9.12117202e-01  7.20000000e-01  1.08000000e+00  6.32546677e-01 
 1.83960119e-05 -3.48668309e-01  9.13120890e-01  7.20000000e-01  1.08000000e+00  6.32548388e-01 
 1.84010119e-05 -3.49878031e-01  9.14060905e-01  7.20000000e-01  1.08000000e+00  6.32550243e-01 
 1.84060119e-05 -3.51194119e-01  9.14935313e-01  7.20000000e-01  1.08000000e+00  6.32552238e-01 
 1.84110119e-05 -3.52610571e-01  9.15742270e-01  7.20000000e-01  1.08000000e+00  6.32554360e-01 
 1.84160119e-05 -3.54119527e-01  9.16479936e-01  7.20000000e-01  1.08000000e+00  6.32556604e-01 
 1.84210119e-05 -3.55711188e-01  9.17146373e-01  7.20000000e-01  1.08000000e+00  6.32558963e-01 
 1.84260119e-05 -3.57373769e-01  9.17739436e-01  7.20000000e-01  1.08000000e+00  6.32561432e-01 
 1.84310119e-05 -3.59093485e-01  9.18256650e-01  7.20000000e-01  1.08000000e+00  6.32564006e-01 
 1.84360119e-05 -3.60854583e-01  9.18695088e-01  7.20000000e-01  1.08000000e+00  6.32566687e-01 
 1.84410119e-05 -3.62639437e-01  9.19051268e-01  7.20000000e-01  1.08000000e+00  6.32569475e-01 
 1.84460119e-05 -3.64428717e-01  9.19321072e-01  7.20000000e-01  1.08000000e+00  6.32572377e-01 
 1.84510119e-05 -3.66201640e-01  9.19499702e-01  7.20000000e-01  1.08000000e+00  6.32575399e-01 
 1.84560119e-05 -3.67936335e-01  9.19581691e-01  7.20000000e-01  1.08000000e+00  6.32578556e-01 
 1.84610119e-05 -3.69610297e-01  9.19560979e-01  7.20000000e-01  1.08000000e+00  6.32581857e-01 
 1.84660119e-05 -3.71200952e-01  9.19431050e-01  7.20000000e-01  1.08000000e+00  6.32585321e-01 
 1.84710119e-05 -3.72686294e-01  9.19185144e-01  7.20000000e-01  1.08000000e+00  6.32588962e-01 
 1.84760119e-05 -3.74045577e-01  9.18816523e-01  7.20000000e-01  1.08000000e+00  6.32592795e-01 
 1.84810119e-05 -3.75260008e-01  9.18318781e-01  7.20000000e-01  1.08000000e+00  6.32596831e-01 
 1.84860119e-05 -3.76313409e-01  9.17686177e-01  7.20000000e-01  1.08000000e+00  6.32601082e-01 
 1.84910119e-05 -3.77192785e-01  9.16913968e-01  7.20000000e-01  1.08000000e+00  6.32605545e-01 
 1.84960119e-05 -3.77888771e-01  9.15998721e-01  7.20000000e-01  1.08000000e+00  6.32610222e-01 
 1.85010119e-05 -3.78395908e-01  9.14938579e-01  7.20000000e-01  1.08000000e+00  6.32615096e-01 
 1.85060119e-05 -3.78712763e-01  9.13733476e-01  7.20000000e-01  1.08000000e+00  6.32620150e-01 
 1.85110119e-05 -3.78841853e-01  9.12385281e-01  7.20000000e-01  1.08000000e+00  6.32625354e-01 
 1.85160119e-05 -3.78789422e-01  9.10897875e-01  7.20000000e-01  1.08000000e+00  6.32630674e-01 
 1.85210119e-05 -3.78565062e-01  9.09277163e-01  7.20000000e-01  1.08000000e+00  6.32636063e-01 
 1.85260119e-05 -3.78181239e-01  9.07531025e-01  7.20000000e-01  1.08000000e+00  6.32641474e-01 
 1.85310119e-05 -3.77652726e-01  9.05669207e-01  7.20000000e-01  1.08000000e+00  6.32646850e-01 
 1.85360119e-05 -3.76996008e-01  9.03703177e-01  7.20000000e-01  1.08000000e+00  6.32652135e-01 
 1.85410119e-05 -3.76228669e-01  9.01645938e-01  7.20000000e-01  1.08000000e+00  6.32657268e-01 
 1.85460119e-05 -3.75368803e-01  8.99511818e-01  7.20000000e-01  1.08000000e+00  6.32662189e-01 
 1.85510119e-05 -3.74434469e-01  8.97316238e-01  7.20000000e-01  1.08000000e+00  6.32666839e-01 
 1.85560119e-05 -3.73443207e-01  8.95075473e-01  7.20000000e-01  1.08000000e+00  6.32671163e-01 
 1.85610119e-05 -3.72411629e-01  8.92806403e-01  7.20000000e-01  1.08000000e+00  6.32675106e-01 
 1.85660119e-05 -3.71355095e-01  8.90526260e-01  7.20000000e-01  1.08000000e+00  6.32678623e-01 
 1.85710119e-05 -3.70287470e-01  8.88252383e-01  7.20000000e-01  1.08000000e+00  6.32681670e-01 
 1.85760119e-05 -3.69220960e-01  8.86001980e-01  7.20000000e-01  1.08000000e+00  6.32684212e-01 
 1.85810119e-05 -3.68166030e-01  8.83791893e-01  7.20000000e-01  1.08000000e+00  6.32686219e-01 
 1.85860119e-05 -3.67131384e-01  8.81638385e-01  7.20000000e-01  1.08000000e+00  6.32687671e-01 
 1.85910119e-05 -3.66123998e-01  8.79556938e-01  7.20000000e-01  1.08000000e+00  6.32688552e-01 
 1.85960119e-05 -3.65149206e-01  8.77562074e-01  7.20000000e-01  1.08000000e+00  6.32688856e-01 
 1.86010119e-05 -3.64210816e-01  8.75667195e-01  7.20000000e-01  1.08000000e+00  6.32688581e-01 
 1.86060119e-05 -3.63311253e-01  8.73884448e-01  7.20000000e-01  1.08000000e+00  6.32687736e-01 
 1.86110119e-05 -3.62451708e-01  8.72224620e-01  7.20000000e-01  1.08000000e+00  6.32686331e-01 
 1.86160119e-05 -3.61632308e-01  8.70697055e-01  7.20000000e-01  1.08000000e+00  6.32684389e-01 
 1.86210119e-05 -3.60852273e-01  8.69309605e-01  7.20000000e-01  1.08000000e+00  6.32681932e-01 
 1.86260119e-05 -3.60110080e-01  8.68068602e-01  7.20000000e-01  1.08000000e+00  6.32678990e-01 
 1.86310119e-05 -3.59403602e-01  8.66978865e-01  7.20000000e-01  1.08000000e+00  6.32675595e-01 
 1.86360119e-05 -3.58730256e-01  8.66043723e-01  7.20000000e-01  1.08000000e+00  6.32671786e-01 
 1.86410119e-05 -3.58087122e-01  8.65265070e-01  7.20000000e-01  1.08000000e+00  6.32667602e-01 
 1.86460119e-05 -3.57471058e-01  8.64643436e-01  7.20000000e-01  1.08000000e+00  6.32663084e-01 
 1.86510119e-05 -3.56878794e-01  8.64178073e-01  7.20000000e-01  1.08000000e+00  6.32658276e-01 
 1.86560119e-05 -3.56307026e-01  8.63867058e-01  7.20000000e-01  1.08000000e+00  6.32653222e-01 
 1.86610119e-05 -3.55752482e-01  8.63707406e-01  7.20000000e-01  1.08000000e+00  6.32647965e-01 
 1.86660119e-05 -3.55211995e-01  8.63695187e-01  7.20000000e-01  1.08000000e+00  6.32642552e-01 
 1.86710119e-05 -3.54682550e-01  8.63825650e-01  7.20000000e-01  1.08000000e+00  6.32637023e-01 
 1.86760119e-05 -3.54161339e-01  8.64093342e-01  7.20000000e-01  1.08000000e+00  6.32631422e-01 
 1.86810119e-05 -3.53645798e-01  8.64492234e-01  7.20000000e-01  1.08000000e+00  6.32625786e-01 
 1.86860119e-05 -3.53133643e-01  8.65015830e-01  7.20000000e-01  1.08000000e+00  6.32620157e-01 
 1.86910119e-05 -3.52622898e-01  8.65657283e-01  7.20000000e-01  1.08000000e+00  6.32614568e-01 
 1.86960119e-05 -3.52111927e-01  8.66409495e-01  7.20000000e-01  1.08000000e+00  6.32609054e-01 
 1.87010119e-05 -3.51599450e-01  8.67265206e-01  7.20000000e-01  1.08000000e+00  6.32603643e-01 
 1.87060119e-05 -3.51084569e-01  8.68217081e-01  7.20000000e-01  1.08000000e+00  6.32598365e-01 
 1.87110119e-05 -3.50566778e-01  8.69257784e-01  7.20000000e-01  1.08000000e+00  6.32593242e-01 
 1.87160119e-05 -3.50045983e-01  8.70380036e-01  7.20000000e-01  1.08000000e+00  6.32588297e-01 
 1.87210119e-05 -3.49522511e-01  8.71576668e-01  7.20000000e-01  1.08000000e+00  6.32583548e-01 
 1.87260119e-05 -3.48997116e-01  8.72840663e-01  7.20000000e-01  1.08000000e+00  6.32579012e-01 
 1.87310119e-05 -3.48470989e-01  8.74165187e-01  7.20000000e-01  1.08000000e+00  6.32574700e-01 
 1.87360119e-05 -3.47945758e-01  8.75543613e-01  7.20000000e-01  1.08000000e+00  6.32570625e-01 
 1.87410119e-05 -3.47423490e-01  8.76969528e-01  7.20000000e-01  1.08000000e+00  6.32566792e-01 
 1.87460119e-05 -3.46906691e-01  8.78436746e-01  7.20000000e-01  1.08000000e+00  6.32563209e-01 
 1.87510119e-05 -3.46398294e-01  8.79939302e-01  7.20000000e-01  1.08000000e+00  6.32559878e-01 
 1.87560119e-05 -3.45901662e-01  8.81471447e-01  7.20000000e-01  1.08000000e+00  6.32556803e-01 
 1.87610119e-05 -3.45420568e-01  8.83027635e-01  7.20000000e-01  1.08000000e+00  6.32553982e-01 
 1.87660119e-05 -3.44959191e-01  8.84602511e-01  7.20000000e-01  1.08000000e+00  6.32551417e-01 
 1.87710119e-05 -3.44522092e-01  8.86190889e-01  7.20000000e-01  1.08000000e+00  6.32549104e-01 
 1.87760119e-05 -3.44114199e-01  8.87787740e-01  7.20000000e-01  1.08000000e+00  6.32547043e-01 
 1.87810119e-05 -3.43740780e-01  8.89388169e-01  7.20000000e-01  1.08000000e+00  6.32545227e-01 
 1.87860119e-05 -3.43407416e-01  8.90987400e-01  7.20000000e-01  1.08000000e+00  6.32543657e-01 
 1.87910119e-05 -3.43119963e-01  8.92580762e-01  7.20000000e-01  1.08000000e+00  6.32542324e-01 
 1.87960119e-05 -3.42884510e-01  8.94163676e-01  7.20000000e-01  1.08000000e+00  6.32541228e-01 
 1.88010119e-05 -3.42707328e-01  8.95731651e-01  7.20000000e-01  1.08000000e+00  6.32540361e-01 
 1.88060119e-05 -3.42594805e-01  8.97280276e-01  7.20000000e-01  1.08000000e+00  6.32539722e-01 
 1.88110119e-05 -3.42553383e-01  8.98805230e-01  7.20000000e-01  1.08000000e+00  6.32539304e-01 
 1.88160119e-05 -3.42589465e-01  9.00302280e-01  7.20000000e-01  1.08000000e+00  6.32539105e-01 
 1.88210119e-05 -3.42709327e-01  9.01767305e-01  7.20000000e-01  1.08000000e+00  6.32539118e-01 
 1.88260119e-05 -3.42919010e-01  9.03196301e-01  7.20000000e-01  1.08000000e+00  6.32539341e-01 
 1.88310119e-05 -3.43224199e-01  9.04585413e-01  7.20000000e-01  1.08000000e+00  6.32539766e-01 
 1.88360119e-05 -3.43630099e-01  9.05930951e-01  7.20000000e-01  1.08000000e+00  6.32540390e-01 
 1.88410119e-05 -3.44141296e-01  9.07229416e-01  7.20000000e-01  1.08000000e+00  6.32541206e-01 
 1.88460119e-05 -3.44761613e-01  9.08477523e-01  7.20000000e-01  1.08000000e+00  6.32542210e-01 
 1.88510119e-05 -3.45493959e-01  9.09672219e-01  7.20000000e-01  1.08000000e+00  6.32543392e-01 
 1.88560119e-05 -3.46340184e-01  9.10810693e-01  7.20000000e-01  1.08000000e+00  6.32544748e-01 
 1.88610119e-05 -3.47300925e-01  9.11890382e-01  7.20000000e-01  1.08000000e+00  6.32546268e-01 
 1.88660119e-05 -3.48375464e-01  9.12908955e-01  7.20000000e-01  1.08000000e+00  6.32547946e-01 
 1.88710119e-05 -3.49561587e-01  9.13864292e-01  7.20000000e-01  1.08000000e+00  6.32549770e-01 
 1.88760119e-05 -3.50855455e-01  9.14754441e-01  7.20000000e-01  1.08000000e+00  6.32551736e-01 
 1.88810119e-05 -3.52251488e-01  9.15577555e-01  7.20000000e-01  1.08000000e+00  6.32553830e-01 
 1.88860119e-05 -3.53742263e-01  9.16331814e-01  7.20000000e-01  1.08000000e+00  6.32556049e-01 
 1.88910119e-05 -3.55318434e-01  9.17015329e-01  7.20000000e-01  1.08000000e+00  6.32558383e-01 
 1.88960119e-05 -3.56968671e-01  9.17626028e-01  7.20000000e-01  1.08000000e+00  6.32560828e-01 
 1.89010119e-05 -3.58679643e-01  9.18161537e-01  7.20000000e-01  1.08000000e+00  6.32563378e-01 
 1.89060119e-05 -3.60436033e-01  9.18619058e-01  7.20000000e-01  1.08000000e+00  6.32566035e-01 
 1.89110119e-05 -3.62220620e-01  9.18995260e-01  7.20000000e-01  1.08000000e+00  6.32568797e-01 
 1.89160119e-05 -3.64014423e-01  9.19286188e-01  7.20000000e-01  1.08000000e+00  6.32571672e-01 
 1.89210119e-05 -3.65796939e-01  9.19487208e-01  7.20000000e-01  1.08000000e+00  6.32574664e-01 
 1.89260119e-05 -3.67546474e-01  9.19593007e-01  7.20000000e-01  1.08000000e+00  6.32577787e-01 
 1.89310119e-05 -3.69240577e-01  9.19597647e-01  7.20000000e-01  1.08000000e+00  6.32581052e-01 
 1.89360119e-05 -3.70856583e-01  9.19494694e-01  7.20000000e-01  1.08000000e+00  6.32584475e-01 
 1.89410119e-05 -3.72372236e-01  9.19277408e-01  7.20000000e-01  1.08000000e+00  6.32588070e-01 
 1.89460119e-05 -3.73766369e-01  9.18938996e-01  7.20000000e-01  1.08000000e+00  6.32591856e-01 
 1.89510119e-05 -3.75019612e-01  9.18472921e-01  7.20000000e-01  1.08000000e+00  6.32595841e-01 
 1.89560119e-05 -3.76115058e-01  9.17873227e-01  7.20000000e-01  1.08000000e+00  6.32600040e-01 
 1.89610119e-05 -3.77038869e-01  9.17134878e-01  7.20000000e-01  1.08000000e+00  6.32604452e-01 
 1.89660119e-05 -3.77780747e-01  9.16254075e-01  7.20000000e-01  1.08000000e+00  6.32609079e-01 
 1.89710119e-05 -3.78334267e-01  9.15228544e-01  7.20000000e-01  1.08000000e+00  6.32613908e-01 
 1.89760119e-05 -3.78697025e-01  9.14057752e-01  7.20000000e-01  1.08000000e+00  6.32618923e-01 
 1.89810119e-05 -3.78870614e-01  9.12743081e-01  7.20000000e-01  1.08000000e+00  6.32624097e-01 
 1.89860119e-05 -3.78860432e-01  9.11287917e-01  7.20000000e-01  1.08000000e+00  6.32629395e-01 
 1.89910119e-05 -3.78675339e-01  9.09697677e-01  7.20000000e-01  1.08000000e+00  6.32634775e-01 
 1.89960119e-05 -3.78327195e-01  9.07979772e-01  7.20000000e-01  1.08000000e+00  6.32640190e-01 
 1.90010119e-05 -3.77830320e-01  9.06143516e-01  7.20000000e-01  1.08000000e+00  6.32645584e-01 
 1.90060119e-05 -3.77200893e-01  9.04199986e-01  7.20000000e-01  1.08000000e+00  6.32650902e-01 
 1.90110119e-05 -3.76456339e-01  9.02161845e-01  7.20000000e-01  1.08000000e+00  6.32656081e-01 
 1.90160119e-05 -3.75614736e-01  9.00043137e-01  7.20000000e-01  1.08000000e+00  6.32661065e-01 
 1.90210119e-05 -3.74694249e-01  8.97859058e-01  7.20000000e-01  1.08000000e+00  6.32665790e-01 
 1.90260119e-05 -3.73712630e-01  8.95625717e-01  7.20000000e-01  1.08000000e+00  6.32670203e-01 
 1.90310119e-05 -3.72686793e-01  8.93359891e-01  7.20000000e-01  1.08000000e+00  6.32674247e-01 
 1.90360119e-05 -3.71632464e-01  8.91078769e-01  7.20000000e-01  1.08000000e+00  6.32677875e-01 
 1.90410119e-05 -3.70563917e-01  8.88799708e-01  7.20000000e-01  1.08000000e+00  6.32681043e-01 
 1.90460119e-05 -3.69493799e-01  8.86539989e-01  7.20000000e-01  1.08000000e+00  6.32683713e-01 
 1.90510119e-05 -3.68433019e-01  8.84316583e-01  7.20000000e-01  1.08000000e+00  6.32685854e-01 
 1.90560119e-05 -3.67390720e-01  8.82145931e-01  7.20000000e-01  1.08000000e+00  6.32687444e-01 
 1.90610119e-05 -3.66374299e-01  8.80043739e-01  7.20000000e-01  1.08000000e+00  6.32688465e-01 
 1.90660119e-05 -3.65389483e-01  8.78024793e-01  7.20000000e-01  1.08000000e+00  6.32688910e-01 
 1.90710119e-05 -3.64440438e-01  8.76102793e-01  7.20000000e-01  1.08000000e+00  6.32688775e-01 
 1.90760119e-05 -3.63529906e-01  8.74290216e-01  7.20000000e-01  1.08000000e+00  6.32688067e-01 
 1.90810119e-05 -3.62659356e-01  8.72598195e-01  7.20000000e-01  1.08000000e+00  6.32686795e-01 
 1.90860119e-05 -3.61829151e-01  8.71036441e-01  7.20000000e-01  1.08000000e+00  6.32684980e-01 
 1.90910119e-05 -3.61038706e-01  8.69613175e-01  7.20000000e-01  1.08000000e+00  6.32682642e-01 
 1.90960119e-05 -3.60286651e-01  8.68335104e-01  7.20000000e-01  1.08000000e+00  6.32679812e-01 
 1.91010119e-05 -3.59570983e-01  8.67207413e-01  7.20000000e-01  1.08000000e+00  6.32676521e-01 
 1.91060119e-05 -3.58889206e-01  8.66233790e-01  7.20000000e-01  1.08000000e+00  6.32672805e-01 
 1.91110119e-05 -3.58238457e-01  8.65416469e-01  7.20000000e-01  1.08000000e+00  6.32668704e-01 
 1.91160119e-05 -3.57615626e-01  8.64756301e-01  7.20000000e-01  1.08000000e+00  6.32664259e-01 
 1.91210119e-05 -3.57017457e-01  8.64252834e-01  7.20000000e-01  1.08000000e+00  6.32659513e-01 
 1.91260119e-05 -3.56440633e-01  8.63904414e-01  7.20000000e-01  1.08000000e+00  6.32654510e-01 
 1.91310119e-05 -3.55881859e-01  8.63708297e-01  7.20000000e-01  1.08000000e+00  6.32649294e-01 
 1.91360119e-05 -3.55337927e-01  8.63660763e-01  7.20000000e-01  1.08000000e+00  6.32643910e-01 
 1.91410119e-05 -3.54805772e-01  8.63757240e-01  7.20000000e-01  1.08000000e+00  6.32638400e-01 
 1.91460119e-05 -3.54282523e-01  8.63992425e-01  7.20000000e-01  1.08000000e+00  6.32632808e-01 
 1.91510119e-05 -3.53765546e-01  8.64360410e-01  7.20000000e-01  1.08000000e+00  6.32627172e-01 
 1.91560119e-05 -3.53252479e-01  8.64854793e-01  7.20000000e-01  1.08000000e+00  6.32621534e-01 
 1.91610119e-05 -3.52741262e-01  8.65468795e-01  7.20000000e-01  1.08000000e+00  6.32615928e-01 
 1.91660119e-05 -3.52230170e-01  8.66195358e-01  7.20000000e-01  1.08000000e+00  6.32610388e-01 
 1.91710119e-05 -3.51717830e-01  8.67027247e-01  7.20000000e-01  1.08000000e+00  6.32604946e-01 
 1.91760119e-05 -3.51203244e-01  8.67957130e-01  7.20000000e-01  1.08000000e+00  6.32599629e-01 
 1.91810119e-05 -3.50685807e-01  8.68977659e-01  7.20000000e-01  1.08000000e+00  6.32594462e-01 
 1.91860119e-05 -3.50165322e-01  8.70081527e-01  7.20000000e-01  1.08000000e+00  6.32589470e-01 
 1.91910119e-05 -3.49642009e-01  8.71261530e-01  7.20000000e-01  1.08000000e+00  6.32584669e-01 
 1.91960119e-05 -3.49116517e-01  8.72510605e-01  7.20000000e-01  1.08000000e+00  6.32580077e-01 
 1.92010119e-05 -3.48589930e-01  8.73821866e-01  7.20000000e-01  1.08000000e+00  6.32575707e-01 
 1.92060119e-05 -3.48063769e-01  8.75188630e-01  7.20000000e-01  1.08000000e+00  6.32571571e-01 
 1.92110119e-05 -3.47539995e-01  8.76604427e-01  7.20000000e-01  1.08000000e+00  6.32567676e-01 
 1.92160119e-05 -3.47021008e-01  8.78063014e-01  7.20000000e-01  1.08000000e+00  6.32564030e-01 
 1.92210119e-05 -3.46509640e-01  8.79558370e-01  7.20000000e-01  1.08000000e+00  6.32560636e-01 
 1.92260119e-05 -3.46009151e-01  8.81084691e-01  7.20000000e-01  1.08000000e+00  6.32557498e-01 
 1.92310119e-05 -3.45523219e-01  8.82636382e-01  7.20000000e-01  1.08000000e+00  6.32554614e-01 
 1.92360119e-05 -3.45055928e-01  8.84208041e-01  7.20000000e-01  1.08000000e+00  6.32551986e-01 
 1.92410119e-05 -3.44611751e-01  8.85794444e-01  7.20000000e-01  1.08000000e+00  6.32549611e-01 
 1.92460119e-05 -3.44195533e-01  8.87390521e-01  7.20000000e-01  1.08000000e+00  6.32547489e-01 
 1.92510119e-05 -3.43812468e-01  8.88991347e-01  7.20000000e-01  1.08000000e+00  6.32545613e-01 
 1.92560119e-05 -3.43468067e-01  8.90592118e-01  7.20000000e-01  1.08000000e+00  6.32543983e-01 
 1.92610119e-05 -3.43168130e-01  8.92188136e-01  7.20000000e-01  1.08000000e+00  6.32542592e-01 
 1.92660119e-05 -3.42918699e-01  8.93774801e-01  7.20000000e-01  1.08000000e+00  6.32541439e-01 
 1.92710119e-05 -3.42726012e-01  8.95347600e-01  7.20000000e-01  1.08000000e+00  6.32540517e-01 
 1.92760119e-05 -3.42596446e-01  8.96902101e-01  7.20000000e-01  1.08000000e+00  6.32539823e-01 
 1.92810119e-05 -3.42536442e-01  8.98433960e-01  7.20000000e-01  1.08000000e+00  6.32539352e-01 
 1.92860119e-05 -3.42552432e-01  8.99938921e-01  7.20000000e-01  1.08000000e+00  6.32539100e-01 
 1.92910119e-05 -3.42650740e-01  9.01412832e-01  7.20000000e-01  1.08000000e+00  6.32539062e-01 
 1.92960119e-05 -3.42837486e-01  9.02851658e-01  7.20000000e-01  1.08000000e+00  6.32539234e-01 
 1.93010119e-05 -3.43118463e-01  9.04251504e-01  7.20000000e-01  1.08000000e+00  6.32539611e-01 
 1.93060119e-05 -3.43499018e-01  9.05608638e-01  7.20000000e-01  1.08000000e+00  6.32540188e-01 
 1.93110119e-05 -3.43983910e-01  9.06919511e-01  7.20000000e-01  1.08000000e+00  6.32540958e-01 
 1.93160119e-05 -3.44577173e-01  9.08180784e-01  7.20000000e-01  1.08000000e+00  6.32541917e-01 
 1.93210119e-05 -3.45281965e-01  9.09389347e-01  7.20000000e-01  1.08000000e+00  6.32543057e-01 
 1.93260119e-05 -3.46100419e-01  9.10542330e-01  7.20000000e-01  1.08000000e+00  6.32544373e-01 
 1.93310119e-05 -3.47033493e-01  9.11637113e-01  7.20000000e-01  1.08000000e+00  6.32545854e-01 
 1.93360119e-05 -3.48080821e-01  9.12671312e-01  7.20000000e-01  1.08000000e+00  6.32547495e-01 
 1.93410119e-05 -3.49240577e-01  9.13642764e-01  7.20000000e-01  1.08000000e+00  6.32549285e-01 
 1.93460119e-05 -3.50509339e-01  9.14549486e-01  7.20000000e-01  1.08000000e+00  6.32551218e-01 
 1.93510119e-05 -3.51881972e-01  9.15389619e-01  7.20000000e-01  1.08000000e+00  6.32553282e-01 
 1.93560119e-05 -3.53351516e-01  9.16161353e-01  7.20000000e-01  1.08000000e+00  6.32555472e-01 
 1.93610119e-05 -3.54909108e-01  9.16862834e-01  7.20000000e-01  1.08000000e+00  6.32557779e-01 
 1.93660119e-05 -3.56543911e-01  9.17492056e-01  7.20000000e-01  1.08000000e+00  6.32560198e-01 
 1.93710119e-05 -3.58243083e-01  9.18046740e-01  7.20000000e-01  1.08000000e+00  6.32562722e-01 
 1.93760119e-05 -3.59991789e-01  9.18524214e-01  7.20000000e-01  1.08000000e+00  6.32565353e-01 
 1.93810119e-05 -3.61773258e-01  9.18921297e-01  7.20000000e-01  1.08000000e+00  6.32568089e-01 
 1.93860119e-05 -3.63568916e-01  9.19234201e-01  7.20000000e-01  1.08000000e+00  6.32570935e-01 
 1.93910119e-05 -3.65358590e-01  9.19458468e-01  7.20000000e-01  1.08000000e+00  6.32573896e-01 
 1.93960119e-05 -3.67120822e-01  9.19588952e-01  7.20000000e-01  1.08000000e+00  6.32576985e-01 
 1.94010119e-05 -3.68833278e-01  9.19619862e-01  7.20000000e-01  1.08000000e+00  6.32580212e-01 
 1.94060119e-05 -3.70473258e-01  9.19544865e-01  7.20000000e-01  1.08000000e+00  6.32583593e-01 
 1.94110119e-05 -3.72018307e-01  9.19357267e-01  7.20000000e-01  1.08000000e+00  6.32587143e-01 
 1.94160119e-05 -3.73446886e-01  9.19050250e-01  7.20000000e-01  1.08000000e+00  6.32590878e-01 
 1.94210119e-05 -3.74739070e-01  9.18617167e-01  7.20000000e-01  1.08000000e+00  6.32594812e-01 
 1.94260119e-05 -3.75877243e-01  9.18051868e-01  7.20000000e-01  1.08000000e+00  6.32598955e-01 
 1.94310119e-05 -3.76846715e-01  9.17349038e-01  7.20000000e-01  1.08000000e+00  6.32603313e-01 
 1.94360119e-05 -3.77636238e-01  9.16504523e-01  7.20000000e-01  1.08000000e+00  6.32607887e-01 
 1.94410119e-05 -3.78238374e-01  9.15515625e-01  7.20000000e-01  1.08000000e+00  6.32612666e-01 
 1.94460119e-05 -3.78649693e-01  9.14381340e-01  7.20000000e-01  1.08000000e+00  6.32617638e-01 
 1.94510119e-05 -3.78870791e-01  9.13102546e-01  7.20000000e-01  1.08000000e+00  6.32622775e-01 
 1.94560119e-05 -3.78906140e-01  9.11682109e-01  7.20000000e-01  1.08000000e+00  6.32628048e-01 
 1.94610119e-05 -3.78763779e-01  9.10124929e-01  7.20000000e-01  1.08000000e+00  6.32633414e-01 
 1.94660119e-05 -3.78454882e-01  9.08437917e-01  7.20000000e-01  1.08000000e+00  6.32638827e-01 
 1.94710119e-05 -3.77993227e-01  9.06629920e-01  7.20000000e-01  1.08000000e+00  6.32644234e-01 
 1.94760119e-05 -3.77394609e-01  9.04711586e-01  7.20000000e-01  1.08000000e+00  6.32649580e-01 
 1.94810119e-05 -3.76676227e-01  9.02695202e-01  7.20000000e-01  1.08000000e+00  6.32654803e-01 
 1.94860119e-05 -3.75856082e-01  9.00594489e-01  7.20000000e-01  1.08000000e+00  6.32659845e-01 
 1.94910119e-05 -3.74952397e-01  8.98424384e-01  7.20000000e-01  1.08000000e+00  6.32664645e-01 
 1.94960119e-05 -3.73983104e-01  8.96200799e-01  7.20000000e-01  1.08000000e+00  6.32669145e-01 
 1.95010119e-05 -3.72965393e-01  8.93940376e-01  7.20000000e-01  1.08000000e+00  6.32673291e-01 
 1.95060119e-05 -3.71915344e-01  8.91660235e-01  7.20000000e-01  1.08000000e+00  6.32677032e-01 
 1.95110119e-05 -3.70847642e-01  8.89377727e-01  7.20000000e-01  1.08000000e+00  6.32680322e-01 
 1.95160119e-05 -3.69775378e-01  8.87110186e-01  7.20000000e-01  1.08000000e+00  6.32683124e-01 
 1.95210119e-05 -3.68709920e-01  8.84874697e-01  7.20000000e-01  1.08000000e+00  6.32685404e-01 
 1.95260119e-05 -3.67660870e-01  8.82687868e-01  7.20000000e-01  1.08000000e+00  6.32687138e-01 
 1.95310119e-05 -3.66636072e-01  8.80565620e-01  7.20000000e-01  1.08000000e+00  6.32688305e-01 
 1.95360119e-05 -3.65641672e-01  8.78523000e-01  7.20000000e-01  1.08000000e+00  6.32688898e-01 
 1.95410119e-05 -3.64682220e-01  8.76574010e-01  7.20000000e-01  1.08000000e+00  6.32688910e-01 
 1.95460119e-05 -3.63760807e-01  8.74731455e-01  7.20000000e-01  1.08000000e+00  6.32688347e-01 
 1.95510119e-05 -3.62879207e-01  8.73006829e-01  7.20000000e-01  1.08000000e+00  6.32687216e-01 
 1.95560119e-05 -3.62038043e-01  8.71410215e-01  7.20000000e-01  1.08000000e+00  6.32685537e-01 
 1.95610119e-05 -3.61236951e-01  8.69950224e-01  7.20000000e-01  1.08000000e+00  6.32683328e-01 
 1.95660119e-05 -3.60474740e-01  8.68633951e-01  7.20000000e-01  1.08000000e+00  6.32680619e-01 
 1.95710119e-05 -3.59749547e-01  8.67466971e-01  7.20000000e-01  1.08000000e+00  6.32677440e-01 
 1.95760119e-05 -3.59058980e-01  8.66453349e-01  7.20000000e-01  1.08000000e+00  6.32673827e-01 
 1.95810119e-05 -3.58400253e-01  8.65595684e-01  7.20000000e-01  1.08000000e+00  6.32669817e-01 
 1.95860119e-05 -3.57770300e-01  8.64895169e-01  7.20000000e-01  1.08000000e+00  6.32665454e-01 
 1.95910119e-05 -3.57165886e-01  8.64351673e-01  7.20000000e-01  1.08000000e+00  6.32660777e-01 
 1.95960119e-05 -3.56583695e-01  8.63963835e-01  7.20000000e-01  1.08000000e+00  6.32655833e-01 
 1.96010119e-05 -3.56020413e-01  8.63729173e-01  7.20000000e-01  1.08000000e+00  6.32650664e-01 
 1.96060119e-05 -3.55472799e-01  8.63644201e-01  7.20000000e-01  1.08000000e+00  6.32645316e-01 
 1.96110119e-05 -3.54937739e-01  8.63704545e-01  7.20000000e-01  1.08000000e+00  6.32639831e-01 
 1.96160119e-05 -3.54412305e-01  8.63905074e-01  7.20000000e-01  1.08000000e+00  6.32634253e-01 
 1.96210119e-05 -3.53893793e-01  8.64240015e-01  7.20000000e-01  1.08000000e+00  6.32628622e-01 
 1.96260119e-05 -3.53379764e-01  8.64703078e-01  7.20000000e-01  1.08000000e+00  6.32622978e-01 
 1.96310119e-05 -3.52868076e-01  8.65287561e-01  7.20000000e-01  1.08000000e+00  6.32617357e-01 
 1.96360119e-05 -3.52356911e-01  8.65986465e-01  7.20000000e-01  1.08000000e+00  6.32611795e-01 
 1.96410119e-05 -3.51844801e-01  8.66792585e-01  7.20000000e-01  1.08000000e+00  6.32606322e-01 
 1.96460119e-05 -3.51330650e-01  8.67698604e-01  7.20000000e-01  1.08000000e+00  6.32600969e-01 
 1.96510119e-05 -3.50813748e-01  8.68697163e-01  7.20000000e-01  1.08000000e+00  6.32595760e-01 
 1.96560119e-05 -3.50293791e-01  8.69780937e-01  7.20000000e-01  1.08000000e+00  6.32590719e-01 
 1.96610119e-05 -3.49770891e-01  8.70942687e-01  7.20000000e-01  1.08000000e+00  6.32585865e-01 
 1.96660119e-05 -3.49245585e-01  8.72175307e-01  7.20000000e-01  1.08000000e+00  6.32581217e-01 
 1.96710119e-05 -3.48718846e-01  8.73471861e-01  7.20000000e-01  1.08000000e+00  6.32576788e-01 
 1.96760119e-05 -3.48192082e-01  8.74825608e-01  7.20000000e-01  1.08000000e+00  6.32572590e-01 
 1.96810119e-05 -3.47667143e-01  8.76230023e-01  7.20000000e-01  1.08000000e+00  6.32568631e-01 
 1.96860119e-05 -3.47146317e-01  8.77678800e-01  7.20000000e-01  1.08000000e+00  6.32564921e-01 
 1.96910119e-05 -3.46632327e-01  8.79165861e-01  7.20000000e-01  1.08000000e+00  6.32561461e-01 
 1.96960119e-05 -3.46128326e-01  8.80685347e-01  7.20000000e-01  1.08000000e+00  6.32558256e-01 
 1.97010119e-05 -3.45637888e-01  8.82231609e-01  7.20000000e-01  1.08000000e+00  6.32555307e-01 
 1.97060119e-05 -3.45164997e-01  8.83799197e-01  7.20000000e-01  1.08000000e+00  6.32552613e-01 
 1.97110119e-05 -3.44714030e-01  8.85382842e-01  7.20000000e-01  1.08000000e+00  6.32550173e-01 
 1.97160119e-05 -3.44289742e-01  8.86977436e-01  7.20000000e-01  1.08000000e+00  6.32547986e-01 
 1.97210119e-05 -3.43897241e-01  8.88578019e-01  7.20000000e-01  1.08000000e+00  6.32546048e-01 
 1.97260119e-05 -3.43541966e-01  8.90179755e-01  7.20000000e-01  1.08000000e+00  6.32544355e-01 
 1.97310119e-05 -3.43229649e-01  8.91777921e-01  7.20000000e-01  1.08000000e+00  6.32542903e-01 
 1.97360119e-05 -3.42966279e-01  8.93367893e-01  7.20000000e-01  1.08000000e+00  6.32541690e-01 
 1.97410119e-05 -3.42758053e-01  8.94945135e-01  7.20000000e-01  1.08000000e+00  6.32540709e-01 
 1.97460119e-05 -3.42611323e-01  8.96505195e-01  7.20000000e-01  1.08000000e+00  6.32539958e-01 
 1.97510119e-05 -3.42532527e-01  8.98043704e-01  7.20000000e-01  1.08000000e+00  6.32539430e-01 
 1.97560119e-05 -3.42528111e-01  8.99556383e-01  7.20000000e-01  1.08000000e+00  6.32539123e-01 
 1.97610119e-05 -3.42604443e-01  9.01039050e-01  7.20000000e-01  1.08000000e+00  6.32539031e-01 
 1.97660119e-05 -3.42767712e-01  9.02487639e-01  7.20000000e-01  1.08000000e+00  6.32539150e-01 
 1.97710119e-05 -3.43023812e-01  9.03898217e-01  7.20000000e-01  1.08000000e+00  6.32539475e-01 
 1.97760119e-05 -3.43378222e-01  9.05267005e-01  7.20000000e-01  1.08000000e+00  6.32540002e-01 
 1.97810119e-05 -3.43835874e-01  9.06590407e-01  7.20000000e-01  1.08000000e+00  6.32540724e-01 
 1.97860119e-05 -3.44401006e-01  9.07865028e-01  7.20000000e-01  1.08000000e+00  6.32541636e-01 
 1.97910119e-05 -3.45077022e-01  9.09087697e-01  7.20000000e-01  1.08000000e+00  6.32542731e-01 
 1.97960119e-05 -3.45866337e-01  9.10255483e-01  7.20000000e-01  1.08000000e+00  6.32544003e-01 
 1.98010119e-05 -3.46770230e-01  9.11365703e-01  7.20000000e-01  1.08000000e+00  6.32545443e-01 
 1.98060119e-05 -3.47788695e-01  9.12415917e-01  7.20000000e-01  1.08000000e+00  6.32547044e-01 
 1.98110119e-05 -3.48920298e-01  9.13403911e-01  7.20000000e-01  1.08000000e+00  6.32548798e-01 
 1.98160119e-05 -3.50162042e-01  9.14327662e-01  7.20000000e-01  1.08000000e+00  6.32550695e-01 
 1.98210119e-05 -3.51509246e-01  9.15185291e-01  7.20000000e-01  1.08000000e+00  6.32552727e-01 
 1.98260119e-05 -3.52955430e-01  9.15974988e-01  7.20000000e-01  1.08000000e+00  6.32554886e-01 
 1.98310119e-05 -3.54492229e-01  9.16694926e-01  7.20000000e-01  1.08000000e+00  6.32557164e-01 
 1.98360119e-05 -3.56109318e-01  9.17343153e-01  7.20000000e-01  1.08000000e+00  6.32559554e-01 
 1.98410119e-05 -3.57794370e-01  9.17917480e-01  7.20000000e-01  1.08000000e+00  6.32562052e-01 
 1.98460119e-05 -3.59533059e-01  9.18415354e-01  7.20000000e-01  1.08000000e+00  6.32564656e-01 
 1.98510119e-05 -3.61309096e-01  9.18833738e-01  7.20000000e-01  1.08000000e+00  6.32567364e-01 
 1.98560119e-05 -3.63104349e-01  9.19169015e-01  7.20000000e-01  1.08000000e+00  6.32570181e-01 
 1.98610119e-05 -3.64899021e-01  9.19416907e-01  7.20000000e-01  1.08000000e+00  6.32573112e-01 
 1.98660119e-05 -3.66671939e-01  9.19572445e-01  7.20000000e-01  1.08000000e+00  6.32576166e-01 
 1.98710119e-05 -3.68400933e-01  9.19629997e-01  7.20000000e-01  1.08000000e+00  6.32579355e-01 
 1.98760119e-05 -3.70063326e-01  9.19583353e-01  7.20000000e-01  1.08000000e+00  6.32582694e-01 
 1.98810119e-05 -3.71636515e-01  9.19425888e-01  7.20000000e-01  1.08000000e+00  6.32586198e-01 
 1.98860119e-05 -3.73098633e-01  9.19150782e-01  7.20000000e-01  1.08000000e+00  6.32589883e-01 
 1.98910119e-05 -3.74429250e-01  9.18751304e-01  7.20000000e-01  1.08000000e+00  6.32593764e-01 
 1.98960119e-05 -3.75610063e-01  9.18221135e-01  7.20000000e-01  1.08000000e+00  6.32597851e-01 
 1.99010119e-05 -3.76625549e-01  9.17554698e-01  7.20000000e-01  1.08000000e+00  6.32602153e-01 
 1.99060119e-05 -3.77463507e-01  9.16747498e-01  7.20000000e-01  1.08000000e+00  6.32606671e-01 
 1.99110119e-05 -3.78115469e-01  9.15796420e-01  7.20000000e-01  1.08000000e+00  6.32611398e-01 
 1.99160119e-05 -3.78576946e-01  9.14699994e-01  7.20000000e-01  1.08000000e+00  6.32616322e-01 
 1.99210119e-05 -3.78847492e-01  9.13458584e-01  7.20000000e-01  1.08000000e+00  6.32621420e-01 
 1.99260119e-05 -3.78930594e-01  9.12074525e-01  7.20000000e-01  1.08000000e+00  6.32626662e-01 
 1.99310119e-05 -3.78833407e-01  9.10552183e-01  7.20000000e-01  1.08000000e+00  6.32632008e-01 
 1.99360119e-05 -3.78566347e-01  9.08897949e-01  7.20000000e-01  1.08000000e+00  6.32637416e-01 
 1.99410119e-05 -3.78142580e-01  9.07120174e-01  7.20000000e-01  1.08000000e+00  6.32642831e-01 
 1.99460119e-05 -3.77577453e-01  9.05229053e-01  7.20000000e-01  1.08000000e+00  6.32648201e-01 
 1.99510119e-05 -3.76887877e-01  9.03236465e-01  7.20000000e-01  1.08000000e+00  6.32653463e-01 
 1.99560119e-05 -3.76091719e-01  9.01155783e-01  7.20000000e-01  1.08000000e+00  6.32658561e-01 
 1.99610119e-05 -3.75207217e-01  8.99001653e-01  7.20000000e-01  1.08000000e+00  6.32663431e-01 
 1.99660119e-05 -3.74252444e-01  8.96789762e-01  7.20000000e-01  1.08000000e+00  6.32668017e-01 
 1.99710119e-05 -3.73244840e-01  8.94536592e-01  7.20000000e-01  1.08000000e+00  6.32672262e-01 
 1.99760119e-05 -3.72200823e-01  8.92259171e-01  7.20000000e-01  1.08000000e+00  6.32676116e-01 
 1.99810119e-05 -3.71135479e-01  8.89974820e-01  7.20000000e-01  1.08000000e+00  6.32679530e-01 
 1.99860119e-05 -3.70062342e-01  8.87700909e-01  7.20000000e-01  1.08000000e+00  6.32682464e-01 
 1.99910119e-05 -3.68993249e-01  8.85454617e-01  7.20000000e-01  1.08000000e+00  6.32684885e-01 
 1.99960119e-05 -3.67938271e-01  8.83252706e-01  7.20000000e-01  1.08000000e+00  6.32686765e-01 
 2.00010119e-05 -3.66905714e-01  8.81111303e-01  7.20000000e-01  1.08000000e+00  6.32688082e-01 
 2.00060119e-05 -3.65902162e-01  8.79045708e-01  7.20000000e-01  1.08000000e+00  6.32688827e-01 
 2.00110119e-05 -3.64932573e-01  8.77070217e-01  7.20000000e-01  1.08000000e+00  6.32688991e-01 
 2.00160119e-05 -3.64000406e-01  8.75197967e-01  7.20000000e-01  1.08000000e+00  6.32688578e-01 
 2.00210119e-05 -3.63107762e-01  8.73440811e-01  7.20000000e-01  1.08000000e+00  6.32687594e-01 
 2.00260119e-05 -3.62255548e-01  8.71809213e-01  7.20000000e-01  1.08000000e+00  6.32686056e-01 
 2.00310119e-05 -3.61443640e-01  8.70312176e-01  7.20000000e-01  1.08000000e+00  6.32683983e-01 
 2.00360119e-05 -3.60671044e-01  8.68957198e-01  7.20000000e-01  1.08000000e+00  6.32681402e-01 
 2.00410119e-05 -3.59936054e-01  8.67750253e-01  7.20000000e-01  1.08000000e+00  6.32678341e-01 
 2.00460119e-05 -3.59236400e-01  8.66695798e-01  7.20000000e-01  1.08000000e+00  6.32674837e-01 
 2.00510119e-05 -3.58569381e-01  8.65796813e-01  7.20000000e-01  1.08000000e+00  6.32670926e-01 
 2.00560119e-05 -3.57931991e-01  8.65054851e-01  7.20000000e-01  1.08000000e+00  6.32666650e-01 
 2.00610119e-05 -3.57321024e-01  8.64470117e-01  7.20000000e-01  1.08000000e+00  6.32662049e-01 
 2.00660119e-05 -3.56733173e-01  8.64041562e-01  7.20000000e-01  1.08000000e+00  6.32657169e-01 
 2.00710119e-05 -3.56165113e-01  8.63766984e-01  7.20000000e-01  1.08000000e+00  6.32652053e-01 
 2.00760119e-05 -3.55613573e-01  8.63643145e-01  7.20000000e-01  1.08000000e+00  6.32646746e-01 
 2.00810119e-05 -3.55075397e-01  8.63665890e-01  7.20000000e-01  1.08000000e+00  6.32641291e-01 
 2.00860119e-05 -3.54547601e-01  8.63830272e-01  7.20000000e-01  1.08000000e+00  6.32635732e-01 
 2.00910119e-05 -3.54027415e-01  8.64130670e-01  7.20000000e-01  1.08000000e+00  6.32630109e-01 
 2.00960119e-05 -3.53512324e-01  8.64560915e-01  7.20000000e-01  1.08000000e+00  6.32624463e-01 
 2.01010119e-05 -3.53000104e-01  8.65114401e-01  7.20000000e-01  1.08000000e+00  6.32618831e-01 
 2.01060119e-05 -3.52488846e-01  8.65784191e-01  7.20000000e-01  1.08000000e+00  6.32613249e-01 
 2.01110119e-05 -3.51976987e-01  8.66563124e-01  7.20000000e-01  1.08000000e+00  6.32607748e-01 
 2.01160119e-05 -3.51463329e-01  8.67443901e-01  7.20000000e-01  1.08000000e+00  6.32602360e-01 
 2.01210119e-05 -3.50947058e-01  8.68419163e-01  7.20000000e-01  1.08000000e+00  6.32597109e-01 
 2.01260119e-05 -3.50427762e-01  8.69481569e-01  7.20000000e-01  1.08000000e+00  6.32592020e-01 
 2.01310119e-05 -3.49905441e-01  8.70623849e-01  7.20000000e-01  1.08000000e+00  6.32587114e-01 
 2.01360119e-05 -3.49380519e-01  8.71838857e-01  7.20000000e-01  1.08000000e+00  6.32582410e-01 
 2.01410119e-05 -3.48853854e-01  8.73119607e-01  7.20000000e-01  1.08000000e+00  6.32577921e-01 
 2.01460119e-05 -3.48326740e-01  8.74459303e-01  7.20000000e-01  1.08000000e+00  6.32573660e-01 
 2.01510119e-05 -3.47800909e-01  8.75851360e-01  7.20000000e-01  1.08000000e+00  6.32569637e-01 
 2.01560119e-05 -3.47278536e-01  8.77289414e-01  7.20000000e-01  1.08000000e+00  6.32565861e-01 
 2.01610119e-05 -3.46762231e-01  8.78767326e-01  7.20000000e-01  1.08000000e+00  6.32562334e-01 
 2.01660119e-05 -3.46255035e-01  8.80279180e-01  7.20000000e-01  1.08000000e+00  6.32559062e-01 
 2.01710119e-05 -3.45760414e-01  8.81819271e-01  7.20000000e-01  1.08000000e+00  6.32556044e-01 
 2.01760119e-05 -3.45282246e-01  8.83382099e-01  7.20000000e-01  1.08000000e+00  6.32553284e-01 
 2.01810119e-05 -3.44824808e-01  8.84962348e-01  7.20000000e-01  1.08000000e+00  6.32550777e-01 
 2.01860119e-05 -3.44392758e-01  8.86554869e-01  7.20000000e-01  1.08000000e+00  6.32548524e-01 
 2.01910119e-05 -3.43991117e-01  8.88154664e-01  7.20000000e-01  1.08000000e+00  6.32546520e-01 
 2.01960119e-05 -3.43625242e-01  8.89756866e-01  7.20000000e-01  1.08000000e+00  6.32544763e-01 
 2.02010119e-05 -3.43300792e-01  8.91356726e-01  7.20000000e-01  1.08000000e+00  6.32543248e-01 
 2.02060119e-05 -3.43023696e-01  8.92949592e-01  7.20000000e-01  1.08000000e+00  6.32541973e-01 
 2.02110119e-05 -3.42800104e-01  8.94530905e-01  7.20000000e-01  1.08000000e+00  6.32540931e-01 
 2.02160119e-05 -3.42636336e-01  8.96096192e-01  7.20000000e-01  1.08000000e+00  6.32540120e-01 
 2.02210119e-05 -3.42538817e-01  8.97641062e-01  7.20000000e-01  1.08000000e+00  6.32539534e-01 
 2.02260119e-05 -3.42514003e-01  8.99161210e-01  7.20000000e-01  1.08000000e+00  6.32539170e-01 
 2.02310119e-05 -3.42568296e-01  9.00652427e-01  7.20000000e-01  1.08000000e+00  6.32539022e-01 
 2.02360119e-05 -3.42707944e-01  9.02110615e-01  7.20000000e-01  1.08000000e+00  6.32539086e-01 
 2.02410119e-05 -3.42938935e-01  9.03531803e-01  7.20000000e-01  1.08000000e+00  6.32539358e-01 
 2.02460119e-05 -3.43266874e-01  9.04912170e-01  7.20000000e-01  1.08000000e+00  6.32539832e-01 
 2.02510119e-05 -3.43696854e-01  9.06248068e-01  7.20000000e-01  1.08000000e+00  6.32540503e-01 
 2.02560119e-05 -3.44233313e-01  9.07536048e-01  7.20000000e-01  1.08000000e+00  6.32541367e-01 
 2.02610119e-05 -3.44879892e-01  9.08772877e-01  7.20000000e-01  1.08000000e+00  6.32542414e-01 
 2.02660119e-05 -3.45639287e-01  9.09955562e-01  7.20000000e-01  1.08000000e+00  6.32543641e-01 
 2.02710119e-05 -3.46513092e-01  9.11081354e-01  7.20000000e-01  1.08000000e+00  6.32545038e-01 
 2.02760119e-05 -3.47501658e-01  9.12147752e-01  7.20000000e-01  1.08000000e+00  6.32546598e-01 
 2.02810119e-05 -3.48603942e-01  9.13152486e-01  7.20000000e-01  1.08000000e+00  6.32548312e-01 
 2.02860119e-05 -3.49817374e-01  9.14093489e-01  7.20000000e-01  1.08000000e+00  6.32550173e-01 
 2.02910119e-05 -3.51137731e-01  9.14968853e-01  7.20000000e-01  1.08000000e+00  6.32552171e-01 
 2.02960119e-05 -3.52559018e-01  9.15776760e-01  7.20000000e-01  1.08000000e+00  6.32554298e-01 
 2.03010119e-05 -3.54073376e-01  9.16515400e-01  7.20000000e-01  1.08000000e+00  6.32556545e-01 
 2.03060119e-05 -3.55671001e-01  9.17182869e-01  7.20000000e-01  1.08000000e+00  6.32558907e-01 
 2.03110119e-05 -3.57340098e-01  9.17777057e-01  7.20000000e-01  1.08000000e+00  6.32561377e-01 
 2.03160119e-05 -3.59066862e-01  9.18295519e-01  7.20000000e-01  1.08000000e+00  6.32563953e-01 
 2.03210119e-05 -3.60835514e-01  9.18735364e-01  7.20000000e-01  1.08000000e+00  6.32566633e-01 
 2.03260119e-05 -3.62628388e-01  9.19093138e-01  7.20000000e-01  1.08000000e+00  6.32569421e-01 
 2.03310119e-05 -3.64426098e-01  9.19364745e-01  7.20000000e-01  1.08000000e+00  6.32572321e-01 
 2.03360119e-05 -3.66207796e-01  9.19545400e-01  7.20000000e-01  1.08000000e+00  6.32575341e-01 
 2.03410119e-05 -3.67951522e-01  9.19629641e-01  7.20000000e-01  1.08000000e+00  6.32578493e-01 
 2.03460119e-05 -3.69634668e-01  9.19611396e-01  7.20000000e-01  1.08000000e+00  6.32581790e-01 
 2.03510119e-05 -3.71234538e-01  9.19484129e-01  7.20000000e-01  1.08000000e+00  6.32585248e-01 
 2.03560119e-05 -3.72728991e-01  9.19241042e-01  7.20000000e-01  1.08000000e+00  6.32588884e-01 
 2.03610119e-05 -3.74097131e-01  9.18875347e-01  7.20000000e-01  1.08000000e+00  6.32592710e-01 
 2.03660119e-05 -3.75320013e-01  9.18380574e-01  7.20000000e-01  1.08000000e+00  6.32596742e-01 
 2.03710119e-05 -3.76381306e-01  9.17750912e-01  7.20000000e-01  1.08000000e+00  6.32600986e-01 
 2.03760119e-05 -3.77267871e-01  9.16981541e-01  7.20000000e-01  1.08000000e+00  6.32605447e-01 
 2.03810119e-05 -3.77970210e-01  9.16068945e-01  7.20000000e-01  1.08000000e+00  6.32610119e-01 
 2.03860119e-05 -3.78482757e-01  9.15011190e-01  7.20000000e-01  1.08000000e+00  6.32614993e-01 
 2.03910119e-05 -3.78803993e-01  9.13808133e-01  7.20000000e-01  1.08000000e+00  6.32620048e-01 
 2.03960119e-05 -3.78936382e-01  9.12461571e-01  7.20000000e-01  1.08000000e+00  6.32625255e-01 
 2.04010119e-05 -3.78886143e-01  9.10975327e-01  7.20000000e-01  1.08000000e+00  6.32630579e-01 
 2.04060119e-05 -3.78662875e-01  9.09355254e-01  7.20000000e-01  1.08000000e+00  6.32635976e-01 
 2.04110119e-05 -3.78279077e-01  9.07609192e-01  7.20000000e-01  1.08000000e+00  6.32641395e-01 
 2.04160119e-05 -3.77749584e-01  9.05746859e-01  7.20000000e-01  1.08000000e+00  6.32646784e-01 
 2.04210119e-05 -3.77090963e-01  9.03779707e-01  7.20000000e-01  1.08000000e+00  6.32652082e-01 
 2.04260119e-05 -3.76320896e-01  9.01720732e-01  7.20000000e-01  1.08000000e+00  6.32657231e-01 
 2.04310119e-05 -3.75457591e-01  8.99584268e-01  7.20000000e-01  1.08000000e+00  6.32662168e-01 
 2.04360119e-05 -3.74519224e-01  8.97385751e-01  7.20000000e-01  1.08000000e+00  6.32666837e-01 
 2.04410119e-05 -3.73523457e-01  8.95141481e-01  7.20000000e-01  1.08000000e+00  6.32671179e-01 
 2.04460119e-05 -3.72487023e-01  8.92868368e-01  7.20000000e-01  1.08000000e+00  6.32675143e-01 
 2.04510119e-05 -3.71425398e-01  8.90583686e-01  7.20000000e-01  1.08000000e+00  6.32678679e-01 
 2.04560119e-05 -3.70352553e-01  8.88304819e-01  7.20000000e-01  1.08000000e+00  6.32681746e-01 
 2.04610119e-05 -3.69280792e-01  8.86049025e-01  7.20000000e-01  1.08000000e+00  6.32684307e-01 
 2.04660119e-05 -3.68220666e-01  8.83833202e-01  7.20000000e-01  1.08000000e+00  6.32686334e-01 
 2.04710119e-05 -3.67180951e-01  8.81673672e-01  7.20000000e-01  1.08000000e+00  6.32687804e-01 
 2.04760119e-05 -3.66168685e-01  8.79585977e-01  7.20000000e-01  1.08000000e+00  6.32688702e-01 
 2.04810119e-05 -3.65189248e-01  8.77584701e-01  7.20000000e-01  1.08000000e+00  6.32689021e-01 
 2.04860119e-05 -3.64246487e-01  8.75683307e-01  7.20000000e-01  1.08000000e+00  6.32688762e-01 
 2.04910119e-05 -3.63342847e-01  8.73894003e-01  7.20000000e-01  1.08000000e+00  6.32687929e-01 
 2.04960119e-05 -3.62479538e-01  8.72227635e-01  7.20000000e-01  1.08000000e+00  6.32686537e-01 
 2.05010119e-05 -3.61656692e-01  8.70693603e-01  7.20000000e-01  1.08000000e+00  6.32684603e-01 
 2.05060119e-05 -3.60873528e-01  8.69299812e-01  7.20000000e-01  1.08000000e+00  6.32682154e-01 
 2.05110119e-05 -3.60128514e-01  8.68052641e-01  7.20000000e-01  1.08000000e+00  6.32679217e-01 
 2.05160119e-05 -3.59419514e-01  8.66956952e-01  7.20000000e-01  1.08000000e+00  6.32675827e-01 
 2.05210119e-05 -3.58743925e-01  8.66016114e-01  7.20000000e-01  1.08000000e+00  6.32672020e-01 
 2.05260119e-05 -3.58098810e-01  8.65232053e-01  7.20000000e-01  1.08000000e+00  6.32667837e-01 
 2.05310119e-05 -3.57481003e-01  8.64605325e-01  7.20000000e-01  1.08000000e+00  6.32663317e-01 
 2.05360119e-05 -3.56887213e-01  8.64135204e-01  7.20000000e-01  1.08000000e+00  6.32658507e-01 
 2.05410119e-05 -3.56314109e-01  8.63819784e-01  7.20000000e-01  1.08000000e+00  6.32653448e-01 
 2.05460119e-05 -3.55758398e-01  8.63656089e-01  7.20000000e-01  1.08000000e+00  6.32648186e-01 
 2.05510119e-05 -3.55216884e-01  8.63640196e-01  7.20000000e-01  1.08000000e+00  6.32642765e-01 
 2.05560119e-05 -3.54686532e-01  8.63767354e-01  7.20000000e-01  1.08000000e+00  6.32637229e-01 
 2.05610119e-05 -3.54164507e-01  8.64032110e-01  7.20000000e-01  1.08000000e+00  6.32631618e-01 
 2.05660119e-05 -3.53648222e-01  8.64428427e-01  7.20000000e-01  1.08000000e+00  6.32625974e-01 
 2.05710119e-05 -3.53135370e-01  8.64949801e-01  7.20000000e-01  1.08000000e+00  6.32620333e-01 
 2.05760119e-05 -3.52623955e-01  8.65589372e-01  7.20000000e-01  1.08000000e+00  6.32614734e-01 
 2.05810119e-05 -3.52112317e-01  8.66340029e-01  7.20000000e-01  1.08000000e+00  6.32609207e-01 
 2.05860119e-05 -3.51599159e-01  8.67194497e-01  7.20000000e-01  1.08000000e+00  6.32603785e-01 
 2.05910119e-05 -3.51083561e-01  8.68145427e-01  7.20000000e-01  1.08000000e+00  6.32598494e-01 
 2.05960119e-05 -3.50565001e-01  8.69185463e-01  7.20000000e-01  1.08000000e+00  6.32593359e-01 
 2.06010119e-05 -3.50043368e-01  8.70307310e-01  7.20000000e-01  1.08000000e+00  6.32588402e-01 
 2.06060119e-05 -3.49518972e-01  8.71503782e-01  7.20000000e-01  1.08000000e+00  6.32583641e-01 
 2.06110119e-05 -3.48992553e-01  8.72767848e-01  7.20000000e-01  1.08000000e+00  6.32579093e-01 
 2.06160119e-05 -3.48465289e-01  8.74092656e-01  7.20000000e-01  1.08000000e+00  6.32574770e-01 
 2.06210119e-05 -3.47938795e-01  8.75471565e-01  7.20000000e-01  1.08000000e+00  6.32570682e-01 
 2.06260119e-05 -3.47415129e-01  8.76898148e-01  7.20000000e-01  1.08000000e+00  6.32566839e-01 
 2.06310119e-05 -3.46896783e-01  8.78366207e-01  7.20000000e-01  1.08000000e+00  6.32563244e-01 
 2.06360119e-05 -3.46386686e-01  8.79869764e-01  7.20000000e-01  1.08000000e+00  6.32559904e-01 
 2.06410119e-05 -3.45888191e-01  8.81403062e-01  7.20000000e-01  1.08000000e+00  6.32556818e-01 
 2.06460119e-05 -3.45405068e-01  8.82960544e-01  7.20000000e-01  1.08000000e+00  6.32553989e-01 
 2.06510119e-05 -3.44941490e-01  8.84536847e-01  7.20000000e-01  1.08000000e+00  6.32551414e-01 
 2.06560119e-05 -3.44502017e-01  8.86126780e-01  7.20000000e-01  1.08000000e+00  6.32549093e-01 
 2.06610119e-05 -3.44091575e-01  8.87725306e-01  7.20000000e-01  1.08000000e+00  6.32547023e-01 
 2.06660119e-05 -3.43715435e-01  8.89327525e-01  7.20000000e-01  1.08000000e+00  6.32545200e-01 
 2.06710119e-05 -3.43379180e-01  8.90928656e-01  7.20000000e-01  1.08000000e+00  6.32543621e-01 
 2.06760119e-05 -3.43088673e-01  8.92524023e-01  7.20000000e-01  1.08000000e+00  6.32542282e-01 
 2.06810119e-05 -3.42850012e-01  8.94109044e-01  7.20000000e-01  1.08000000e+00  6.32541179e-01 
 2.06860119e-05 -3.42669478e-01  8.95679222e-01  7.20000000e-01  1.08000000e+00  6.32540306e-01 
 2.06910119e-05 -3.42553476e-01  8.97230143e-01  7.20000000e-01  1.08000000e+00  6.32539661e-01 
 2.06960119e-05 -3.42508465e-01  8.98757479e-01  7.20000000e-01  1.08000000e+00  6.32539238e-01 
 2.07010119e-05 -3.42540872e-01  9.00256994e-01  7.20000000e-01  1.08000000e+00  6.32539032e-01 
 2.07060119e-05 -3.42656999e-01  9.01724559e-01  7.20000000e-01  1.08000000e+00  6.32539041e-01 
 2.07110119e-05 -3.42862916e-01  9.03156166e-01  7.20000000e-01  1.08000000e+00  6.32539258e-01 
 2.07160119e-05 -3.43164347e-01  9.04547951e-01  7.20000000e-01  1.08000000e+00  6.32539679e-01 
 2.07210119e-05 -3.43566535e-01  9.05896219e-01  7.20000000e-01  1.08000000e+00  6.32540298e-01 
 2.07260119e-05 -3.44074111e-01  9.07197463e-01  7.20000000e-01  1.08000000e+00  6.32541111e-01 
 2.07310119e-05 -3.44690947e-01  9.08448393e-01  7.20000000e-01  1.08000000e+00  6.32542110e-01 
 2.07360119e-05 -3.45420007e-01  9.09645949e-01  7.20000000e-01  1.08000000e+00  6.32543289e-01 
 2.07410119e-05 -3.46263198e-01  9.10787318e-01  7.20000000e-01  1.08000000e+00  6.32544641e-01 
 2.07460119e-05 -3.47221218e-01  9.11869933e-01  7.20000000e-01  1.08000000e+00  6.32546159e-01 
 2.07510119e-05 -3.48293414e-01  9.12891465e-01  7.20000000e-01  1.08000000e+00  6.32547834e-01 
 2.07560119e-05 -3.49477640e-01  9.13849798e-01  7.20000000e-01  1.08000000e+00  6.32549657e-01 
 2.07610119e-05 -3.50770125e-01  9.14742989e-01  7.20000000e-01  1.08000000e+00  6.32551619e-01 
 2.07660119e-05 -3.52165363e-01  9.15569205e-01  7.20000000e-01  1.08000000e+00  6.32553712e-01 
 2.07710119e-05 -3.53656000e-01  9.16326645e-01  7.20000000e-01  1.08000000e+00  6.32555928e-01 
 2.07760119e-05 -3.55232762e-01  9.17013442e-01  7.20000000e-01  1.08000000e+00  6.32558260e-01 
 2.07810119e-05 -3.56884388e-01  9.17627556e-01  7.20000000e-01  1.08000000e+00  6.32560701e-01 
 2.07860119e-05 -3.58597610e-01  9.18166646e-01  7.20000000e-01  1.08000000e+00  6.32563249e-01 
 2.07910119e-05 -3.60357170e-01  9.18627954e-01  7.20000000e-01  1.08000000e+00  6.32565901e-01 
 2.07960119e-05 -3.62145892e-01  9.19008187e-01  7.20000000e-01  1.08000000e+00  6.32568660e-01 
 2.08010119e-05 -3.63944828e-01  9.19303431e-01  7.20000000e-01  1.08000000e+00  6.32571529e-01 
 2.08060119e-05 -3.65733486e-01  9.19509087e-01  7.20000000e-01  1.08000000e+00  6.32574516e-01 
 2.08110119e-05 -3.67490158e-01  9.19619870e-01  7.20000000e-01  1.08000000e+00  6.32577631e-01 
 2.08160119e-05 -3.69192352e-01  9.19629862e-01  7.20000000e-01  1.08000000e+00  6.32580888e-01 
 2.08210119e-05 -3.70817329e-01  9.19532631e-01  7.20000000e-01  1.08000000e+00  6.32584301e-01 
 2.08260119e-05 -3.72342723e-01  9.19321424e-01  7.20000000e-01  1.08000000e+00  6.32587887e-01 
 2.08310119e-05 -3.73747227e-01  9.18989416e-01  7.20000000e-01  1.08000000e+00  6.32591660e-01 
 2.08360119e-05 -3.75011296e-01  9.18530019e-01  7.20000000e-01  1.08000000e+00  6.32595636e-01 
 2.08410119e-05 -3.76117828e-01  9.17937205e-01  7.20000000e-01  1.08000000e+00  6.32599822e-01 
 2.08460119e-05 -3.77052767e-01  9.17205853e-01  7.20000000e-01  1.08000000e+00  6.32604225e-01 
 2.08510119e-05 -3.77805597e-01  9.16332063e-01  7.20000000e-01  1.08000000e+00  6.32608841e-01 
 2.08560119e-05 -3.78369673e-01  9.15313449e-01  7.20000000e-01  1.08000000e+00  6.32613662e-01 
 2.08610119e-05 -3.78742384e-01  9.14149365e-01  7.20000000e-01  1.08000000e+00  6.32618670e-01 
 2.08660119e-05 -3.78925140e-01  9.12841074e-01  7.20000000e-01  1.08000000e+00  6.32623841e-01 
 2.08710119e-05 -3.78923180e-01  9.11391847e-01  7.20000000e-01  1.08000000e+00  6.32629137e-01 
 2.08760119e-05 -3.78745244e-01  9.09806993e-01  7.20000000e-01  1.08000000e+00  6.32634520e-01 
 2.08810119e-05 -3.78403106e-01  9.08093824e-01  7.20000000e-01  1.08000000e+00  6.32639939e-01 
 2.08860119e-05 -3.77911038e-01  9.06261567e-01  7.20000000e-01  1.08000000e+00  6.32645342e-01 
 2.08910119e-05 -3.77285208e-01  9.04321224e-01  7.20000000e-01  1.08000000e+00  6.32650671e-01 
 2.08960119e-05 -3.76543065e-01  9.02285397e-01  7.20000000e-01  1.08000000e+00  6.32655867e-01 
 2.09010119e-05 -3.75702739e-01  9.00168083e-01  7.20000000e-01  1.08000000e+00  6.32660868e-01 
 2.09060119e-05 -3.74782472e-01  8.97984448e-01  7.20000000e-01  1.08000000e+00  6.32665615e-01 
 2.09110119e-05 -3.73800117e-01  8.95750586e-01  7.20000000e-01  1.08000000e+00  6.32670052e-01 
 2.09160119e-05 -3.72772699e-01  8.93483270e-01  7.20000000e-01  1.08000000e+00  6.32674123e-01 
 2.09210119e-05 -3.71716064e-01  8.91199702e-01  7.20000000e-01  1.08000000e+00  6.32677779e-01 
 2.09260119e-05 -3.70644615e-01  8.88917265e-01  7.20000000e-01  1.08000000e+00  6.32680977e-01 
 2.09310119e-05 -3.69571120e-01  8.86653276e-01  7.20000000e-01  1.08000000e+00  6.32683678e-01 
 2.09360119e-05 -3.68506609e-01  8.84424756e-01  7.20000000e-01  1.08000000e+00  6.32685852e-01 
 2.09410119e-05 -3.67460337e-01  8.82248205e-01  7.20000000e-01  1.08000000e+00  6.32687474e-01 
 2.09460119e-05 -3.66439806e-01  8.80139397e-01  7.20000000e-01  1.08000000e+00  6.32688527e-01 
 2.09510119e-05 -3.65450834e-01  8.78113192e-01  7.20000000e-01  1.08000000e+00  6.32689003e-01 
 2.09560119e-05 -3.64497667e-01  8.76183372e-01  7.20000000e-01  1.08000000e+00  6.32688899e-01 
 2.09610119e-05 -3.63583113e-01  8.74362497e-01  7.20000000e-01  1.08000000e+00  6.32688220e-01 
 2.09660119e-05 -3.62708698e-01  8.72661791e-01  7.20000000e-01  1.08000000e+00  6.32686977e-01 
 2.09710119e-05 -3.61874826e-01  8.71091052e-01  7.20000000e-01  1.08000000e+00  6.32685187e-01 
 2.09760119e-05 -3.61080947e-01  8.69658591e-01  7.20000000e-01  1.08000000e+00  6.32682874e-01 
 2.09810119e-05 -3.60325714e-01  8.68371202e-01  7.20000000e-01  1.08000000e+00  6.32680065e-01 
 2.09860119e-05 -3.59607136e-01  8.67234152e-01  7.20000000e-01  1.08000000e+00  6.32676793e-01 
 2.09910119e-05 -3.58922724e-01  8.66251211e-01  7.20000000e-01  1.08000000e+00  6.32673094e-01 
 2.09960119e-05 -3.58269616e-01  8.65424685e-01  7.20000000e-01  1.08000000e+00  6.32669007e-01 
 2.10010119e-05 -3.57644697e-01  8.64755493e-01  7.20000000e-01  1.08000000e+00  6.32664573e-01 
 2.10060119e-05 -3.57044697e-01  8.64243244e-01  7.20000000e-01  1.08000000e+00  6.32659836e-01 
 2.10110119e-05 -3.56466289e-01  8.63886338e-01  7.20000000e-01  1.08000000e+00  6.32654840e-01 
 2.10160119e-05 -3.55906159e-01  8.63682076e-01  7.20000000e-01  1.08000000e+00  6.32649628e-01 
 2.10210119e-05 -3.55361079e-01  8.63626777e-01  7.20000000e-01  1.08000000e+00  6.32644245e-01 
 2.10260119e-05 -3.54827963e-01  8.63715899e-01  7.20000000e-01  1.08000000e+00  6.32638734e-01 
 2.10310119e-05 -3.54303919e-01  8.63944166e-01  7.20000000e-01  1.08000000e+00  6.32633139e-01 
 2.10360119e-05 -3.53786286e-01  8.64305684e-01  7.20000000e-01  1.08000000e+00  6.32627499e-01 
 2.10410119e-05 -3.53272679e-01  8.64794063e-01  7.20000000e-01  1.08000000e+00  6.32621853e-01 
 2.10460119e-05 -3.52761013e-01  8.65402530e-01  7.20000000e-01  1.08000000e+00  6.32616239e-01 
 2.10510119e-05 -3.52249535e-01  8.66124028e-01  7.20000000e-01  1.08000000e+00  6.32610689e-01 
 2.10560119e-05 -3.51736847e-01  8.66951317e-01  7.20000000e-01  1.08000000e+00  6.32605235e-01 
 2.10610119e-05 -3.51221926e-01  8.67877058e-01  7.20000000e-01  1.08000000e+00  6.32599905e-01 
 2.10660119e-05 -3.50704140e-01  8.68893892e-01  7.20000000e-01  1.08000000e+00  6.32594726e-01 
 2.10710119e-05 -3.50183266e-01  8.69994499e-01  7.20000000e-01  1.08000000e+00  6.32589718e-01 
 2.10760119e-05 -3.49659498e-01  8.71171660e-01  7.20000000e-01  1.08000000e+00  6.32584903e-01 
 2.10810119e-05 -3.49133461e-01  8.72418296e-01  7.20000000e-01  1.08000000e+00  6.32580295e-01 
 2.10860119e-05 -3.48606213e-01  8.73727505e-01  7.20000000e-01  1.08000000e+00  6.32575910e-01 
 2.10910119e-05 -3.48079252e-01  8.75092585e-01  7.20000000e-01  1.08000000e+00  6.32571758e-01 
 2.10960119e-05 -3.47554515e-01  8.76507052e-01  7.20000000e-01  1.08000000e+00  6.32567847e-01 
 2.11010119e-05 -3.47034379e-01  8.77964644e-01  7.20000000e-01  1.08000000e+00  6.32564185e-01 
 2.11060119e-05 -3.46521655e-01  8.79459325e-01  7.20000000e-01  1.08000000e+00  6.32560776e-01 
 2.11110119e-05 -3.46019583e-01  8.80985278e-01  7.20000000e-01  1.08000000e+00  6.32557621e-01 
 2.11160119e-05 -3.45531823e-01  8.82536893e-01  7.20000000e-01  1.08000000e+00  6.32554722e-01 
 2.11210119e-05 -3.45062440e-01  8.84108759e-01  7.20000000e-01  1.08000000e+00  6.32552079e-01 
 2.11260119e-05 -3.44615892e-01  8.85695636e-01  7.20000000e-01  1.08000000e+00  6.32549690e-01 
 2.11310119e-05 -3.44197009e-01  8.87292450e-01  7.20000000e-01  1.08000000e+00  6.32547552e-01 
 2.11360119e-05 -3.43810973e-01  8.88894265e-01  7.20000000e-01  1.08000000e+00  6.32545663e-01 
 2.11410119e-05 -3.43463287e-01  8.90496269e-01  7.20000000e-01  1.08000000e+00  6.32544019e-01 
 2.11460119e-05 -3.43159743e-01  8.92093759e-01  7.20000000e-01  1.08000000e+00  6.32542615e-01 
 2.11510119e-05 -3.42906380e-01  8.93682129e-01  7.20000000e-01  1.08000000e+00  6.32541448e-01 
 2.11560119e-05 -3.42709437e-01  8.95256858e-01  7.20000000e-01  1.08000000e+00  6.32540514e-01 
 2.11610119e-05 -3.42575294e-01  8.96813511e-01  7.20000000e-01  1.08000000e+00  6.32539808e-01 
 2.11660119e-05 -3.42510403e-01  8.98347736e-01  7.20000000e-01  1.08000000e+00  6.32539325e-01 
 2.11710119e-05 -3.42521209e-01  8.99855270e-01  7.20000000e-01  1.08000000e+00  6.32539062e-01 
 2.11760119e-05 -3.42614061e-01  9.01331954e-01  7.20000000e-01  1.08000000e+00  6.32539013e-01 
 2.11810119e-05 -3.42795104e-01  9.02773745e-01  7.20000000e-01  1.08000000e+00  6.32539174e-01 
 2.11860119e-05 -3.43070168e-01  9.04176739e-01  7.20000000e-01  1.08000000e+00  6.32539541e-01 
 2.11910119e-05 -3.43444640e-01  9.05537191e-01  7.20000000e-01  1.08000000e+00  6.32540107e-01 
 2.11960119e-05 -3.43923334e-01  9.06851542e-01  7.20000000e-01  1.08000000e+00  6.32540868e-01 
 2.12010119e-05 -3.44510341e-01  9.08116441e-01  7.20000000e-01  1.08000000e+00  6.32541818e-01 
 2.12060119e-05 -3.45208886e-01  9.09328764e-01  7.20000000e-01  1.08000000e+00  6.32542949e-01 
 2.12110119e-05 -3.46021179e-01  9.10485633e-01  7.20000000e-01  1.08000000e+00  6.32544256e-01 
 2.12160119e-05 -3.46948259e-01  9.11584413e-01  7.20000000e-01  1.08000000e+00  6.32545730e-01 
 2.12210119e-05 -3.47989854e-01  9.12622713e-01  7.20000000e-01  1.08000000e+00  6.32547363e-01 
 2.12260119e-05 -3.49144234e-01  9.13598366e-01  7.20000000e-01  1.08000000e+00  6.32549147e-01 
 2.12310119e-05 -3.50408082e-01  9.14509386e-01  7.20000000e-01  1.08000000e+00  6.32551072e-01 
 2.12360119e-05 -3.51776370e-01  9.15353919e-01  7.20000000e-01  1.08000000e+00  6.32553131e-01 
 2.12410119e-05 -3.53242254e-01  9.16130164e-01  7.20000000e-01  1.08000000e+00  6.32555315e-01 
 2.12460119e-05 -3.54796986e-01  9.16836286e-01  7.20000000e-01  1.08000000e+00  6.32557616e-01 
 2.12510119e-05 -3.56429844e-01  9.17470302e-01  7.20000000e-01  1.08000000e+00  6.32560028e-01 
 2.12560119e-05 -3.58128105e-01  9.18029969e-01  7.20000000e-01  1.08000000e+00  6.32562548e-01 
 2.12610119e-05 -3.59877041e-01  9.18512652e-01  7.20000000e-01  1.08000000e+00  6.32565172e-01 
 2.12660119e-05 -3.61659983e-01  9.18915216e-01  7.20000000e-01  1.08000000e+00  6.32567902e-01 
 2.12710119e-05 -3.63458441e-01  9.19233922e-01  7.20000000e-01  1.08000000e+00  6.32570740e-01 
 2.12760119e-05 -3.65252311e-01  9.19464359e-01  7.20000000e-01  1.08000000e+00  6.32573694e-01 
 2.12810119e-05 -3.67020170e-01  9.19601428e-01  7.20000000e-01  1.08000000e+00  6.32576773e-01 
 2.12860119e-05 -3.68739689e-01  9.19639371e-01  7.20000000e-01  1.08000000e+00  6.32579990e-01 
 2.12910119e-05 -3.70388131e-01  9.19571878e-01  7.20000000e-01  1.08000000e+00  6.32583359e-01 
 2.12960119e-05 -3.71942960e-01  9.19392260e-01  7.20000000e-01  1.08000000e+00  6.32586897e-01 
 2.13010119e-05 -3.73382506e-01  9.19093682e-01  7.20000000e-01  1.08000000e+00  6.32590618e-01 
 2.13060119e-05 -3.74686674e-01  9.18669456e-01  7.20000000e-01  1.08000000e+00  6.32594537e-01 
 2.13110119e-05 -3.75837632e-01  9.18113369e-01  7.20000000e-01  1.08000000e+00  6.32598666e-01 
 2.13160119e-05 -3.76820441e-01  9.17420018e-01  7.20000000e-01  1.08000000e+00  6.32603009e-01 
 2.13210119e-05 -3.77623582e-01  9.16585140e-01  7.20000000e-01  1.08000000e+00  6.32607568e-01 
 2.13260119e-05 -3.78239337e-01  9.15605911e-01  7.20000000e-01  1.08000000e+00  6.32612336e-01 
 2.13310119e-05 -3.78663993e-01  9.14481192e-01  7.20000000e-01  1.08000000e+00  6.32617296e-01 
 2.13360119e-05 -3.78897883e-01  9.13211715e-01  7.20000000e-01  1.08000000e+00  6.32622425e-01 
 2.13410119e-05 -3.78945237e-01  9.11800200e-01  7.20000000e-01  1.08000000e+00  6.32627691e-01 
 2.13460119e-05 -3.78813888e-01  9.10251403e-01  7.20000000e-01  1.08000000e+00  6.32633056e-01 
 2.13510119e-05 -3.78514843e-01  9.08572101e-01  7.20000000e-01  1.08000000e+00  6.32638470e-01 
 2.13560119e-05 -3.78061757e-01  9.06771012e-01  7.20000000e-01  1.08000000e+00  6.32643884e-01 
 2.13610119e-05 -3.77470347e-01  9.04858674e-01  7.20000000e-01  1.08000000e+00  6.32649239e-01 
 2.13660119e-05 -3.76757783e-01  9.02847276e-01  7.20000000e-01  1.08000000e+00  6.32654477e-01 
 2.13710119e-05 -3.75942071e-01  9.00750458e-01  7.20000000e-01  1.08000000e+00  6.32659537e-01 
 2.13760119e-05 -3.75041480e-01  8.98583095e-01  7.20000000e-01  1.08000000e+00  6.32664360e-01 
 2.13810119e-05 -3.74074019e-01  8.96361054e-01  7.20000000e-01  1.08000000e+00  6.32668887e-01 
 2.13860119e-05 -3.73056980e-01  8.94100951e-01  7.20000000e-01  1.08000000e+00  6.32673062e-01 
 2.13910119e-05 -3.72006563e-01  8.91819898e-01  7.20000000e-01  1.08000000e+00  6.32676836e-01 
 2.13960119e-05 -3.70937586e-01  8.89535256e-01  7.20000000e-01  1.08000000e+00  6.32680163e-01 
 2.14010119e-05 -3.69863276e-01  8.87264384e-01  7.20000000e-01  1.08000000e+00  6.32683002e-01 
 2.14060119e-05 -3.68795145e-01  8.85024408e-01  7.20000000e-01  1.08000000e+00  6.32685322e-01 
 2.14110119e-05 -3.67742930e-01  8.82831991e-01  7.20000000e-01  1.08000000e+00  6.32687095e-01 
 2.14160119e-05 -3.66714604e-01  8.80703126e-01  7.20000000e-01  1.08000000e+00  6.32688305e-01 
 2.14210119e-05 -3.65716432e-01  8.78652940e-01  7.20000000e-01  1.08000000e+00  6.32688938e-01 
 2.14260119e-05 -3.64753075e-01  8.76695523e-01  7.20000000e-01  1.08000000e+00  6.32688991e-01 
 2.14310119e-05 -3.63827717e-01  8.74843781e-01  7.20000000e-01  1.08000000e+00  6.32688467e-01 
 2.14360119e-05 -3.62942214e-01  8.73109311e-01  7.20000000e-01  1.08000000e+00  6.32687375e-01 
 2.14410119e-05 -3.62097260e-01  8.71502306e-01  7.20000000e-01  1.08000000e+00  6.32685731e-01 
 2.14460119e-05 -3.61292544e-01  8.70031485e-01  7.20000000e-01  1.08000000e+00  6.32683557e-01 
 2.14510119e-05 -3.60526920e-01  8.68704055e-01  7.20000000e-01  1.08000000e+00  6.32680880e-01 
 2.14560119e-05 -3.59798557e-01  8.67525699e-01  7.20000000e-01  1.08000000e+00  6.32677730e-01 
 2.14610119e-05 -3.59105085e-01  8.66500587e-01  7.20000000e-01  1.08000000e+00  6.32674143e-01 
 2.14660119e-05 -3.58443732e-01  8.65631418e-01  7.20000000e-01  1.08000000e+00  6.32670157e-01 
 2.14710119e-05 -3.57811437e-01  8.64919480e-01  7.20000000e-01  1.08000000e+00  6.32665813e-01 
 2.14760119e-05 -3.57204965e-01  8.64364726e-01  7.20000000e-01  1.08000000e+00  6.32661153e-01 
 2.14810119e-05 -3.56620993e-01  8.63965874e-01  7.20000000e-01  1.08000000e+00  6.32656222e-01 
 2.14860119e-05 -3.56056197e-01  8.63720511e-01  7.20000000e-01  1.08000000e+00  6.32651064e-01 
 2.14910119e-05 -3.55507317e-01  8.63625210e-01  7.20000000e-01  1.08000000e+00  6.32645723e-01 
 2.14960119e-05 -3.54971224e-01  8.63675651e-01  7.20000000e-01  1.08000000e+00  6.32640242e-01 
 2.15010119e-05 -3.54444967e-01  8.63866743e-01  7.20000000e-01  1.08000000e+00  6.32634665e-01 
 2.15060119e-05 -3.53925818e-01  8.64192747e-01  7.20000000e-01  1.08000000e+00  6.32629033e-01 
 2.15110119e-05 -3.53411313e-01  8.64647396e-01  7.20000000e-01  1.08000000e+00  6.32623385e-01 
 2.15160119e-05 -3.52899283e-01  8.65224008e-01  7.20000000e-01  1.08000000e+00  6.32617758e-01 
 2.15210119e-05 -3.52387882e-01  8.65915594e-01  7.20000000e-01  1.08000000e+00  6.32612187e-01 
 2.15260119e-05 -3.51875612e-01  8.66714954e-01  7.20000000e-01  1.08000000e+00  6.32606704e-01 
 2.15310119e-05 -3.51361346e-01  8.67614768e-01  7.20000000e-01  1.08000000e+00  6.32601338e-01 
 2.15360119e-05 -3.50844345e-01  8.68607672e-01  7.20000000e-01  1.08000000e+00  6.32596115e-01 
 2.15410119e-05 -3.50324273e-01  8.69686331e-01  7.20000000e-01  1.08000000e+00  6.32591058e-01 
 2.15460119e-05 -3.49801210e-01  8.70843493e-01  7.20000000e-01  1.08000000e+00  6.32586188e-01 
 2.15510119e-05 -3.49275663e-01  8.72072037e-01  7.20000000e-01  1.08000000e+00  6.32581523e-01 
 2.15560119e-05 -3.48748571e-01  8.73365008e-01  7.20000000e-01  1.08000000e+00  6.32577076e-01 
 2.15610119e-05 -3.48221313e-01  8.74715650e-01  7.20000000e-01  1.08000000e+00  6.32572859e-01 
 2.15660119e-05 -3.47695707e-01  8.76117416e-01  7.20000000e-01  1.08000000e+00  6.32568882e-01 
 2.15710119e-05 -3.47174011e-01  8.77563986e-01  7.20000000e-01  1.08000000e+00  6.32565152e-01 
 2.15760119e-05 -3.46658919e-01  8.79049260e-01  7.20000000e-01  1.08000000e+00  6.32561673e-01 
 2.15810119e-05 -3.46153556e-01  8.80567363e-01  7.20000000e-01  1.08000000e+00  6.32558449e-01 
 2.15860119e-05 -3.45661468e-01  8.82112632e-01  7.20000000e-01  1.08000000e+00  6.32555481e-01 
 2.15910119e-05 -3.45186612e-01  8.83679600e-01  7.20000000e-01  1.08000000e+00  6.32552768e-01 
 2.15960119e-05 -3.44733341e-01  8.85262984e-01  7.20000000e-01  1.08000000e+00  6.32550310e-01 
 2.16010119e-05 -3.44306389e-01  8.86857668e-01  7.20000000e-01  1.08000000e+00  6.32548105e-01 
 2.16060119e-05 -3.43910842e-01  8.88458677e-01  7.20000000e-01  1.08000000e+00  6.32546149e-01 
 2.16110119e-05 -3.43552122e-01  8.90061170e-01  7.20000000e-01  1.08000000e+00  6.32544438e-01 
 2.16160119e-05 -3.43235944e-01  8.91660414e-01  7.20000000e-01  1.08000000e+00  6.32542970e-01 
 2.16210119e-05 -3.42968287e-01  8.93251778e-01  7.20000000e-01  1.08000000e+00  6.32541739e-01 
 2.16260119e-05 -3.42755342e-01  8.94830719e-01  7.20000000e-01  1.08000000e+00  6.32540742e-01 
 2.16310119e-05 -3.42603457e-01  8.96392778e-01  7.20000000e-01  1.08000000e+00  6.32539974e-01 
 2.16360119e-05 -3.42519072e-01  8.97933580e-01  7.20000000e-01  1.08000000e+00  6.32539431e-01 
 2.16410119e-05 -3.42508644e-01  8.99448838e-01  7.20000000e-01  1.08000000e+00  6.32539109e-01 
 2.16460119e-05 -3.42578558e-01  9.00934362e-01  7.20000000e-01  1.08000000e+00  6.32539002e-01 
 2.16510119e-05 -3.42735026e-01  9.02386076e-01  7.20000000e-01  1.08000000e+00  6.32539107e-01 
 2.16560119e-05 -3.42983977e-01  9.03800036e-01  7.20000000e-01  1.08000000e+00  6.32539418e-01 
 2.16610119e-05 -3.43330933e-01  9.05172451e-01  7.20000000e-01  1.08000000e+00  6.32539931e-01 
 2.16660119e-05 -3.43780876e-01  9.06499709e-01  7.20000000e-01  1.08000000e+00  6.32540640e-01 
 2.16710119e-05 -3.44338110e-01  9.07778402e-01  7.20000000e-01  1.08000000e+00  6.32541539e-01 
 2.16760119e-05 -3.45006111e-01  9.09005342e-01  7.20000000e-01  1.08000000e+00  6.32542622e-01 
 2.16810119e-05 -3.45787380e-01  9.10177582e-01  7.20000000e-01  1.08000000e+00  6.32543882e-01 
 2.16860119e-05 -3.46683289e-01  9.11292421e-01  7.20000000e-01  1.08000000e+00  6.32545311e-01 
 2.16910119e-05 -3.47693938e-01  9.12347407e-01  7.20000000e-01  1.08000000e+00  6.32546902e-01 
 2.16960119e-05 -3.48818007e-01  9.13340311e-01  7.20000000e-01  1.08000000e+00  6.32548646e-01 
 2.17010119e-05 -3.50052623e-01  9.14269106e-01  7.20000000e-01  1.08000000e+00  6.32550534e-01 
 2.17060119e-05 -3.51393234e-01  9.15131908e-01  7.20000000e-01  1.08000000e+00  6.32552557e-01 
 2.17110119e-05 -3.52833500e-01  9.15926910e-01  7.20000000e-01  1.08000000e+00  6.32554708e-01 
 2.17160119e-05 -3.54365196e-01  9.16652299e-01  7.20000000e-01  1.08000000e+00  6.32556978e-01 
 2.17210119e-05 -3.55978145e-01  9.17306144e-01  7.20000000e-01  1.08000000e+00  6.32559361e-01 
 2.17260119e-05 -3.57660165e-01  9.17886284e-01  7.20000000e-01  1.08000000e+00  6.32561852e-01 
 2.17310119e-05 -3.59397071e-01  9.18390204e-01  7.20000000e-01  1.08000000e+00  6.32564447e-01 
 2.17360119e-05 -3.61172711e-01  9.18814918e-01  7.20000000e-01  1.08000000e+00  6.32567148e-01 
 2.17410119e-05 -3.62969074e-01  9.19156858e-01  7.20000000e-01  1.08000000e+00  6.32569956e-01 
 2.17460119e-05 -3.64766465e-01  9.19411802e-01  7.20000000e-01  1.08000000e+00  6.32572878e-01 
 2.17510119e-05 -3.66543784e-01  9.19574836e-01  7.20000000e-01  1.08000000e+00  6.32575922e-01 
 2.17560119e-05 -3.68278899e-01  9.19640374e-01  7.20000000e-01  1.08000000e+00  6.32579100e-01 
 2.17610119e-05 -3.69949127e-01  9.19602243e-01  7.20000000e-01  1.08000000e+00  6.32582426e-01 
 2.17660119e-05 -3.71531809e-01  9.19453834e-01  7.20000000e-01  1.08000000e+00  6.32585916e-01 
 2.17710119e-05 -3.73004967e-01  9.19188324e-01  7.20000000e-01  1.08000000e+00  6.32589586e-01 
 2.17760119e-05 -3.74348007e-01  9.18798955e-01  7.20000000e-01  1.08000000e+00  6.32593450e-01 
 2.17810119e-05 -3.75542409e-01  9.18279347e-01  7.20000000e-01  1.08000000e+00  6.32597520e-01 
 2.17860119e-05 -3.76572390e-01  9.17623842e-01  7.20000000e-01  1.08000000e+00  6.32601805e-01 
 2.17910119e-05 -3.77425453e-01  9.16827836e-01  7.20000000e-01  1.08000000e+00  6.32606306e-01 
 2.17960119e-05 -3.78092815e-01  9.15888084e-01  7.20000000e-01  1.08000000e+00  6.32611018e-01 
 2.18010119e-05 -3.78569663e-01  9.14802966e-01  7.20000000e-01  1.08000000e+00  6.32615927e-01 
 2.18060119e-05 -3.78855234e-01  9.13572690e-01  7.20000000e-01  1.08000000e+00  6.32621014e-01 
 2.18110119e-05 -3.78952722e-01  9.12199426e-01  7.20000000e-01  1.08000000e+00  6.32626246e-01 
 2.18160119e-05 -3.78869018e-01  9.10687375e-01  7.20000000e-01  1.08000000e+00  6.32631589e-01 
 2.18210119e-05 -3.78614315e-01  9.09042767e-01  7.20000000e-01  1.08000000e+00  6.32636995e-01 
 2.18260119e-05 -3.78201605e-01  9.07273805e-01  7.20000000e-01  1.08000000e+00  6.32642414e-01 
 2.18310119e-05 -3.77646108e-01  9.05390544e-01  7.20000000e-01  1.08000000e+00  6.32647791e-01 
 2.18360119e-05 -3.76964660e-01  9.03404743e-01  7.20000000e-01  1.08000000e+00  6.32653067e-01 
 2.18410119e-05 -3.76175102e-01  9.01329670e-01  7.20000000e-01  1.08000000e+00  6.32658182e-01 
 2.18460119e-05 -3.75295690e-01  8.99179886e-01  7.20000000e-01  1.08000000e+00  6.32663076e-01 
 2.18510119e-05 -3.74344553e-01  8.96971014e-01  7.20000000e-01  1.08000000e+00  6.32667689e-01 
 2.18560119e-05 -3.73339222e-01  8.94719491e-01  7.20000000e-01  1.08000000e+00  6.32671966e-01 
 2.18610119e-05 -3.72296229e-01  8.92442321e-01  7.20000000e-01  1.08000000e+00  6.32675854e-01 
 2.18660119e-05 -3.71230794e-01  8.90156821e-01  7.20000000e-01  1.08000000e+00  6.32679307e-01 
 2.18710119e-05 -3.70156595e-01  8.87880378e-01  7.20000000e-01  1.08000000e+00  6.32682283e-01 
 2.18760119e-05 -3.69085621e-01  8.85630203e-01  7.20000000e-01  1.08000000e+00  6.32684747e-01 
 2.18810119e-05 -3.68028094e-01  8.83423110e-01  7.20000000e-01  1.08000000e+00  6.32686671e-01 
 2.18860119e-05 -3.66992465e-01  8.81275293e-01  7.20000000e-01  1.08000000e+00  6.32688036e-01 
 2.18910119e-05 -3.65985456e-01  8.79202136e-01  7.20000000e-01  1.08000000e+00  6.32688827e-01 
 2.18960119e-05 -3.65012154e-01  8.77218026e-01  7.20000000e-01  1.08000000e+00  6.32689038e-01 
 2.19010119e-05 -3.64076129e-01  8.75336206e-01  7.20000000e-01  1.08000000e+00  6.32688670e-01 
 2.19060119e-05 -3.63179585e-01  8.73568642e-01  7.20000000e-01  1.08000000e+00  6.32687732e-01 
 2.19110119e-05 -3.62323514e-01  8.71925917e-01  7.20000000e-01  1.08000000e+00  6.32686236e-01 
 2.19160119e-05 -3.61507864e-01  8.70417157e-01  7.20000000e-01  1.08000000e+00  6.32684204e-01 
 2.19210119e-05 -3.60731698e-01  8.69049984e-01  7.20000000e-01  1.08000000e+00  6.32681661e-01 
 2.19260119e-05 -3.59993357e-01  8.67830495e-01  7.20000000e-01  1.08000000e+00  6.32678636e-01 
 2.19310119e-05 -3.59290604e-01  8.66763270e-01  7.20000000e-01  1.08000000e+00  6.32675164e-01 
 2.19360119e-05 -3.58620763e-01  8.65851403e-01  7.20000000e-01  1.08000000e+00  6.32671283e-01 
 2.19410119e-05 -3.57980840e-01  8.65096560e-01  7.20000000e-01  1.08000000e+00  6.32667032e-01 
 2.19460119e-05 -3.57367637e-01  8.64499048e-01  7.20000000e-01  1.08000000e+00  6.32662454e-01 
 2.19510119e-05 -3.56777845e-01  8.64057911e-01  7.20000000e-01  1.08000000e+00  6.32657592e-01 
 2.19560119e-05 -3.56208133e-01  8.63771032e-01  7.20000000e-01  1.08000000e+00  6.32652491e-01 
 2.19610119e-05 -3.55655217e-01  8.63635250e-01  7.20000000e-01  1.08000000e+00  6.32647195e-01 
 2.19660119e-05 -3.55115926e-01  8.63646472e-01  7.20000000e-01  1.08000000e+00  6.32641748e-01 
 2.19710119e-05 -3.54587254e-01  8.63799808e-01  7.20000000e-01  1.08000000e+00  6.32636193e-01 
 2.19760119e-05 -3.54066410e-01  8.64089681e-01  7.20000000e-01  1.08000000e+00  6.32630571e-01 
 2.19810119e-05 -3.53550854e-01  8.64509956e-01  7.20000000e-01  1.08000000e+00  6.32624924e-01 
 2.19860119e-05 -3.53038331e-01  8.65054055e-01  7.20000000e-01  1.08000000e+00  6.32619287e-01 
 2.19910119e-05 -3.52526906e-01  8.65715058e-01  7.20000000e-01  1.08000000e+00  6.32613697e-01 
 2.19960119e-05 -3.52014984e-01  8.66485816e-01  7.20000000e-01  1.08000000e+00  6.32608187e-01 
 2.20010119e-05 -3.51501334e-01  8.67359031e-01  7.20000000e-01  1.08000000e+00  6.32602786e-01 
 2.20060119e-05 -3.50985110e-01  8.68327344e-01  7.20000000e-01  1.08000000e+00  6.32597522e-01 
 2.20110119e-05 -3.50465863e-01  8.69383407e-01  7.20000000e-01  1.08000000e+00  6.32592417e-01 
 2.20160119e-05 -3.49943561e-01  8.70519938e-01  7.20000000e-01  1.08000000e+00  6.32587495e-01 
 2.20210119e-05 -3.49418591e-01  8.71729776e-01  7.20000000e-01  1.08000000e+00  6.32582772e-01 
 2.20260119e-05 -3.48891777e-01  8.73005919e-01  7.20000000e-01  1.08000000e+00  6.32578264e-01 
 2.20310119e-05 -3.48364375e-01  8.74341554e-01  7.20000000e-01  1.08000000e+00  6.32573983e-01 
 2.20360119e-05 -3.47838084e-01  8.75730075e-01  7.20000000e-01  1.08000000e+00  6.32569940e-01 
 2.20410119e-05 -3.47315043e-01  8.77165098e-01  7.20000000e-01  1.08000000e+00  6.32566142e-01 
 2.20460119e-05 -3.46797828e-01  8.78640466e-01  7.20000000e-01  1.08000000e+00  6.32562594e-01 
 2.20510119e-05 -3.46289446e-01  8.80150241e-01  7.20000000e-01  1.08000000e+00  6.32559300e-01 
 2.20560119e-05 -3.45793331e-01  8.81688705e-01  7.20000000e-01  1.08000000e+00  6.32556263e-01 
 2.20610119e-05 -3.45313328e-01  8.83250337e-01  7.20000000e-01  1.08000000e+00  6.32553480e-01 
 2.20660119e-05 -3.44853686e-01  8.84829808e-01  7.20000000e-01  1.08000000e+00  6.32550953e-01 
 2.20710119e-05 -3.44419035e-01  8.86421957e-01  7.20000000e-01  1.08000000e+00  6.32548679e-01 
 2.20760119e-05 -3.44014370e-01  8.88021772e-01  7.20000000e-01  1.08000000e+00  6.32546655e-01 
 2.20810119e-05 -3.43645022e-01  8.89624377e-01  7.20000000e-01  1.08000000e+00  6.32544878e-01 
 2.20860119e-05 -3.43316632e-01  8.91225012e-01  7.20000000e-01  1.08000000e+00  6.32543344e-01 
 2.20910119e-05 -3.43035112e-01  8.92819019e-01  7.20000000e-01  1.08000000e+00  6.32542049e-01 
 2.20960119e-05 -3.42806599e-01  8.94401831e-01  7.20000000e-01  1.08000000e+00  6.32540989e-01 
 2.21010119e-05 -3.42637405e-01  8.95968968e-01  7.20000000e-01  1.08000000e+00  6.32540159e-01 
 2.21060119e-05 -3.42533954e-01  8.97516029e-01  7.20000000e-01  1.08000000e+00  6.32539555e-01 
 2.21110119e-05 -3.42502706e-01  8.99038705e-01  7.20000000e-01  1.08000000e+00  6.32539173e-01 
 2.21160119e-05 -3.42550075e-01  9.00532776e-01  7.20000000e-01  1.08000000e+00  6.32539008e-01 
 2.21210119e-05 -3.42682332e-01  9.01994135e-01  7.20000000e-01  1.08000000e+00  6.32539056e-01 
 2.21260119e-05 -3.42905495e-01  9.03418799e-01  7.20000000e-01  1.08000000e+00  6.32539312e-01 
 2.21310119e-05 -3.43225210e-01  9.04802933e-01  7.20000000e-01  1.08000000e+00  6.32539770e-01 
 2.21360119e-05 -3.43646621e-01  9.06142875e-01  7.20000000e-01  1.08000000e+00  6.32540426e-01 
 2.21410119e-05 -3.44174231e-01  9.07435157e-01  7.20000000e-01  1.08000000e+00  6.32541274e-01 
 2.21460119e-05 -3.44811758e-01  9.08676530e-01  7.20000000e-01  1.08000000e+00  6.32542308e-01 
 2.21510119e-05 -3.45561982e-01  9.09863980e-01  7.20000000e-01  1.08000000e+00  6.32543520e-01 
 2.21560119e-05 -3.46426601e-01  9.10994741e-01  7.20000000e-01  1.08000000e+00  6.32544904e-01 
 2.21610119e-05 -3.47406074e-01  9.12066291e-01  7.20000000e-01  1.08000000e+00  6.32546452e-01 
 2.21660119e-05 -3.48499484e-01  9.13076345e-01  7.20000000e-01  1.08000000e+00  6.32548155e-01 
 2.21710119e-05 -3.49704392e-01  9.14022824e-01  7.20000000e-01  1.08000000e+00  6.32550004e-01 
 2.21760119e-05 -3.51016719e-01  9.14903813e-01  7.20000000e-01  1.08000000e+00  6.32551992e-01 
 2.21810119e-05 -3.52430620e-01  9.15717491e-01  7.20000000e-01  1.08000000e+00  6.32554109e-01 
 2.21860119e-05 -3.53938394e-01  9.16462058e-01  7.20000000e-01  1.08000000e+00  6.32556347e-01 
 2.21910119e-05 -3.55530400e-01  9.17135625e-01  7.20000000e-01  1.08000000e+00  6.32558699e-01 
 2.21960119e-05 -3.57195006e-01  9.17736108e-01  7.20000000e-01  1.08000000e+00  6.32561161e-01 
 2.22010119e-05 -3.58918571e-01  9.18261101e-01  7.20000000e-01  1.08000000e+00  6.32563729e-01 
 2.22060119e-05 -3.60685472e-01  9.18707757e-01  7.20000000e-01  1.08000000e+00  6.32566401e-01 
 2.22110119e-05 -3.62478188e-01  9.19072677e-01  7.20000000e-01  1.08000000e+00  6.32569179e-01 
 2.22160119e-05 -3.64277461e-01  9.19351824e-01  7.20000000e-01  1.08000000e+00  6.32572069e-01 
 2.22210119e-05 -3.66062539e-01  9.19540472e-01  7.20000000e-01  1.08000000e+00  6.32575078e-01 
 2.22260119e-05 -3.67811529e-01  9.19633213e-01  7.20000000e-01  1.08000000e+00  6.32578218e-01 
 2.22310119e-05 -3.69501841e-01  9.19624023e-01  7.20000000e-01  1.08000000e+00  6.32581503e-01 
 2.22360119e-05 -3.71110747e-01  9.19506390e-01  7.20000000e-01  1.08000000e+00  6.32584946e-01 
 2.22410119e-05 -3.72616013e-01  9.19273527e-01  7.20000000e-01  1.08000000e+00  6.32588565e-01 
 2.22460119e-05 -3.73996594e-01  9.18918623e-01  7.20000000e-01  1.08000000e+00  6.32592375e-01 
 2.22510119e-05 -3.75233336e-01  9.18435164e-01  7.20000000e-01  1.08000000e+00  6.32596388e-01 
 2.22560119e-05 -3.76309648e-01  9.17817260e-01  7.20000000e-01  1.08000000e+00  6.32600614e-01 
 2.22610119e-05 -3.77212085e-01  9.17059986e-01  7.20000000e-01  1.08000000e+00  6.32605056e-01 
 2.22660119e-05 -3.77930818e-01  9.16159697e-01  7.20000000e-01  1.08000000e+00  6.32609711e-01 
 2.22710119e-05 -3.78459933e-01  9.15114307e-01  7.20000000e-01  1.08000000e+00  6.32614569e-01 
 2.22760119e-05 -3.78797566e-01  9.13923506e-01  7.20000000e-01  1.08000000e+00  6.32619609e-01 
 2.22810119e-05 -3.78945848e-01  9.12588920e-01  7.20000000e-01  1.08000000e+00  6.32624806e-01 
 2.22860119e-05 -3.78910698e-01  9.11114192e-01  7.20000000e-01  1.08000000e+00  6.32630122e-01 
 2.22910119e-05 -3.78701452e-01  9.09505003e-01  7.20000000e-01  1.08000000e+00  6.32635516e-01 
 2.22960119e-05 -3.78330396e-01  9.07769025e-01  7.20000000e-01  1.08000000e+00  6.32640937e-01 
 2.23010119e-05 -3.77812202e-01  9.05915822e-01  7.20000000e-01  1.08000000e+00  6.32646332e-01 
 2.23060119e-05 -3.77163329e-01  9.03956706e-01  7.20000000e-01  1.08000000e+00  6.32651642e-01 
 2.23110119e-05 -3.76401404e-01  9.01904554e-01  7.20000000e-01  1.08000000e+00  6.32656807e-01 
 2.23160119e-05 -3.75544627e-01  8.99773597e-01  7.20000000e-01  1.08000000e+00  6.32661767e-01 
 2.23210119e-05 -3.74611216e-01  8.97579193e-01  7.20000000e-01  1.08000000e+00  6.32666462e-01 
 2.23260119e-05 -3.73618907e-01  8.95337581e-01  7.20000000e-01  1.08000000e+00  6.32670836e-01 
 2.23310119e-05 -3.72584542e-01  8.93065637e-01  7.20000000e-01  1.08000000e+00  6.32674836e-01 
 2.23360119e-05 -3.71523726e-01  8.90780617e-01  7.20000000e-01  1.08000000e+00  6.32678412e-01 
 2.23410119e-05 -3.70450578e-01  8.88499914e-01  7.20000000e-01  1.08000000e+00  6.32681522e-01 
 2.23460119e-05 -3.69377559e-01  8.86240811e-01  7.20000000e-01  1.08000000e+00  6.32684129e-01 
 2.23510119e-05 -3.68315377e-01  8.84020253e-01  7.20000000e-01  1.08000000e+00  6.32686203e-01 
 2.23560119e-05 -3.67272965e-01  8.81854625e-01  7.20000000e-01  1.08000000e+00  6.32687722e-01 
 2.23610119e-05 -3.66257510e-01  8.79759550e-01  7.20000000e-01  1.08000000e+00  6.32688671e-01 
 2.23660119e-05 -3.65274534e-01  8.77749704e-01  7.20000000e-01  1.08000000e+00  6.32689040e-01 
 2.23710119e-05 -3.64328009e-01  8.75838659e-01  7.20000000e-01  1.08000000e+00  6.32688830e-01 
 2.23760119e-05 -3.63420494e-01  8.74038740e-01  7.20000000e-01  1.08000000e+00  6.32688046e-01 
 2.23810119e-05 -3.62553297e-01  8.72360915e-01  7.20000000e-01  1.08000000e+00  6.32686701e-01 
 2.23860119e-05 -3.61726634e-01  8.70814717e-01  7.20000000e-01  1.08000000e+00  6.32684813e-01 
 2.23910119e-05 -3.60939794e-01  8.69408180e-01  7.20000000e-01  1.08000000e+00  6.32682407e-01 
 2.23960119e-05 -3.60191299e-01  8.68147818e-01  7.20000000e-01  1.08000000e+00  6.32679510e-01 
 2.24010119e-05 -3.59479055e-01  8.67038625e-01  7.20000000e-01  1.08000000e+00  6.32676156e-01 
 2.24060119e-05 -3.58800493e-01  8.66084094e-01  7.20000000e-01  1.08000000e+00  6.32672383e-01 
 2.24110119e-05 -3.58152695e-01  8.65286274e-01  7.20000000e-01  1.08000000e+00  6.32668229e-01 
 2.24160119e-05 -3.57532506e-01  8.64645836e-01  7.20000000e-01  1.08000000e+00  6.32663735e-01 
 2.24210119e-05 -3.56936639e-01  8.64162158e-01  7.20000000e-01  1.08000000e+00  6.32658947e-01 
 2.24260119e-05 -3.56361762e-01  8.63833429e-01  7.20000000e-01  1.08000000e+00  6.32653906e-01 
 2.24310119e-05 -3.55804569e-01  8.63656761e-01  7.20000000e-01  1.08000000e+00  6.32648659e-01 
 2.24360119e-05 -3.55261854e-01  8.63628304e-01  7.20000000e-01  1.08000000e+00  6.32643249e-01 
 2.24410119e-05 -3.54730560e-01  8.63743371e-01  7.20000000e-01  1.08000000e+00  6.32637719e-01 
 2.24460119e-05 -3.54207833e-01  8.63996562e-01  7.20000000e-01  1.08000000e+00  6.32632111e-01 
 2.24510119e-05 -3.53691060e-01  8.64381882e-01  7.20000000e-01  1.08000000e+00  6.32626467e-01 
 2.24560119e-05 -3.53177906e-01  8.64892862e-01  7.20000000e-01  1.08000000e+00  6.32620823e-01 
 2.24610119e-05 -3.52666345e-01  8.65522666e-01  7.20000000e-01  1.08000000e+00  6.32615217e-01 
 2.24660119e-05 -3.52154687e-01  8.66264196e-01  7.20000000e-01  1.08000000e+00  6.32609682e-01 
 2.24710119e-05 -3.51641598e-01  8.67110187e-01  7.20000000e-01  1.08000000e+00  6.32604248e-01 
 2.24760119e-05 -3.51126127e-01  8.68053289e-01  7.20000000e-01  1.08000000e+00  6.32598944e-01 
 2.24810119e-05 -3.50607714e-01  8.69086143e-01  7.20000000e-01  1.08000000e+00  6.32593793e-01 
 2.24860119e-05 -3.50086212e-01  8.70201445e-01  7.20000000e-01  1.08000000e+00  6.32588819e-01 
 2.24910119e-05 -3.49561893e-01  8.71391996e-01  7.20000000e-01  1.08000000e+00  6.32584040e-01 
 2.24960119e-05 -3.49035461e-01  8.72650746e-01  7.20000000e-01  1.08000000e+00  6.32579472e-01 
 2.25010119e-05 -3.48508053e-01  8.73970829e-01  7.20000000e-01  1.08000000e+00  6.32575128e-01 
 2.25060119e-05 -3.47981247e-01  8.75345580e-01  7.20000000e-01  1.08000000e+00  6.32571019e-01 
 2.25110119e-05 -3.47457063e-01  8.76768554e-01  7.20000000e-01  1.08000000e+00  6.32567153e-01 
 2.25160119e-05 -3.46937957e-01  8.78233532e-01  7.20000000e-01  1.08000000e+00  6.32563537e-01 
 2.25210119e-05 -3.46426820e-01  8.79734518e-01  7.20000000e-01  1.08000000e+00  6.32560174e-01 
 2.25260119e-05 -3.45926969e-01  8.81265732e-01  7.20000000e-01  1.08000000e+00  6.32557066e-01 
 2.25310119e-05 -3.45442139e-01  8.82821602e-01  7.20000000e-01  1.08000000e+00  6.32554214e-01 
 2.25360119e-05 -3.44976471e-01  8.84396749e-01  7.20000000e-01  1.08000000e+00  6.32551617e-01 
 2.25410119e-05 -3.44534491e-01  8.85985966e-01  7.20000000e-01  1.08000000e+00  6.32549274e-01 
 2.25460119e-05 -3.44121099e-01  8.87584204e-01  7.20000000e-01  1.08000000e+00  6.32547182e-01 
 2.25510119e-05 -3.43741536e-01  8.89186552e-01  7.20000000e-01  1.08000000e+00  6.32545338e-01 
 2.25560119e-05 -3.43401362e-01  8.90788217e-01  7.20000000e-01  1.08000000e+00  6.32543738e-01 
 2.25610119e-05 -3.43106419e-01  8.92384517e-01  7.20000000e-01  1.08000000e+00  6.32542378e-01 
 2.25660119e-05 -3.42862787e-01  8.93970860e-01  7.20000000e-01  1.08000000e+00  6.32541254e-01 
 2.25710119e-05 -3.42676739e-01  8.95542742e-01  7.20000000e-01  1.08000000e+00  6.32540362e-01 
 2.25760119e-05 -3.42554672e-01  8.97095741e-01  7.20000000e-01  1.08000000e+00  6.32539697e-01 
 2.25810119e-05 -3.42503047e-01  8.98625522e-01  7.20000000e-01  1.08000000e+00  6.32539255e-01 
 2.25860119e-05 -3.42528298e-01  9.00127841e-01  7.20000000e-01  1.08000000e+00  6.32539031e-01 
 2.25910119e-05 -3.42636748e-01  9.01598556e-01  7.20000000e-01  1.08000000e+00  6.32539021e-01 
 2.25960119e-05 -3.42834493e-01  9.03033649e-01  7.20000000e-01  1.08000000e+00  6.32539220e-01 
 2.26010119e-05 -3.43127296e-01  9.04429243e-01  7.20000000e-01  1.08000000e+00  6.32539624e-01 
 2.26060119e-05 -3.43520450e-01  9.05781625e-01  7.20000000e-01  1.08000000e+00  6.32540227e-01 
 2.26110119e-05 -3.44018649e-01  9.07087273e-01  7.20000000e-01  1.08000000e+00  6.32541023e-01 
 2.26160119e-05 -3.44625838e-01  9.08342876e-01  7.20000000e-01  1.08000000e+00  6.32542006e-01 
 2.26210119e-05 -3.45345072e-01  9.09545355e-01  7.20000000e-01  1.08000000e+00  6.32543171e-01 
 2.26260119e-05 -3.46178357e-01  9.10691874e-01  7.20000000e-01  1.08000000e+00  6.32544509e-01 
 2.26310119e-05 -3.47126507e-01  9.11779845e-01  7.20000000e-01  1.08000000e+00  6.32546012e-01 
 2.26360119e-05 -3.48188993e-01  9.12806923e-01  7.20000000e-01  1.08000000e+00  6.32547674e-01 
 2.26410119e-05 -3.49363807e-01  9.13770975e-01  7.20000000e-01  1.08000000e+00  6.32549484e-01 
 2.26460119e-05 -3.50647330e-01  9.14670046e-01  7.20000000e-01  1.08000000e+00  6.32551435e-01 
 2.26510119e-05 -3.52034209e-01  9.15502299e-01  7.20000000e-01  1.08000000e+00  6.32553517e-01 
 2.26560119e-05 -3.53517259e-01  9.16265936e-01  7.20000000e-01  1.08000000e+00  6.32555723e-01 
 2.26610119e-05 -3.55087377e-01  9.16959105e-01  7.20000000e-01  1.08000000e+00  6.32558045e-01 
 2.26660119e-05 -3.56733476e-01  9.17579786e-01  7.20000000e-01  1.08000000e+00  6.32560478e-01 
 2.26710119e-05 -3.58442465e-01  9.18125674e-01  7.20000000e-01  1.08000000e+00  6.32563016e-01 
 2.26760119e-05 -3.60199255e-01  9.18594054e-01  7.20000000e-01  1.08000000e+00  6.32565660e-01 
 2.26810119e-05 -3.61986832e-01  9.18981690e-01  7.20000000e-01  1.08000000e+00  6.32568409e-01 
 2.26860119e-05 -3.63786390e-01  9.19284723e-01  7.20000000e-01  1.08000000e+00  6.32571268e-01 
 2.26910119e-05 -3.65577557e-01  9.19498620e-01  7.20000000e-01  1.08000000e+00  6.32574243e-01 
 2.26960119e-05 -3.67338709e-01  9.19618155e-01  7.20000000e-01  1.08000000e+00  6.32577346e-01 
 2.27010119e-05 -3.69047395e-01  9.19637461e-01  7.20000000e-01  1.08000000e+00  6.32580590e-01 
 2.27060119e-05 -3.70680862e-01  9.19550143e-01  7.20000000e-01  1.08000000e+00  6.32583988e-01 
 2.27110119e-05 -3.72216675e-01  9.19349463e-01  7.20000000e-01  1.08000000e+00  6.32587558e-01 
 2.27160119e-05 -3.73633393e-01  9.19028590e-01  7.20000000e-01  1.08000000e+00  6.32591314e-01 
 2.27210119e-05 -3.74911274e-01  9.18580894e-01  7.20000000e-01  1.08000000e+00  6.32595270e-01 
 2.27260119e-05 -3.76032962e-01  9.18000281e-01  7.20000000e-01  1.08000000e+00  6.32599438e-01 
 2.27310119e-05 -3.76984100e-01  9.17281528e-01  7.20000000e-01  1.08000000e+00  6.32603820e-01 
 2.27360119e-05 -3.77753834e-01  9.16420610e-01  7.20000000e-01  1.08000000e+00  6.32608418e-01 
 2.27410119e-05 -3.78335158e-01  9.15414990e-01  7.20000000e-01  1.08000000e+00  6.32613222e-01 
 2.27460119e-05 -3.78725097e-01  9.14263855e-01  7.20000000e-01  1.08000000e+00  6.32618215e-01 
 2.27510119e-05 -3.78924707e-01  9.12968289e-01  7.20000000e-01  1.08000000e+00  6.32623372e-01 
 2.27560119e-05 -3.78938900e-01  9.11531379e-01  7.20000000e-01  1.08000000e+00  6.32628659e-01 
 2.27610119e-05 -3.78776122e-01  9.09958251e-01  7.20000000e-01  1.08000000e+00  6.32634037e-01 
 2.27660119e-05 -3.78447907e-01  9.08256040e-01  7.20000000e-01  1.08000000e+00  6.32639456e-01 
 2.27710119e-05 -3.77968333e-01  9.06433806e-01  7.20000000e-01  1.08000000e+00  6.32644863e-01 
 2.27760119e-05 -3.77353433e-01  9.04502400e-01  7.20000000e-01  1.08000000e+00  6.32650202e-01 
 2.27810119e-05 -3.76620577e-01  9.02474291e-01  7.20000000e-01  1.08000000e+00  6.32655413e-01 
 2.27860119e-05 -3.75787866e-01  9.00363362e-01  7.20000000e-01  1.08000000e+00  6.32660435e-01 
 2.27910119e-05 -3.74873566e-01  8.98184686e-01  7.20000000e-01  1.08000000e+00  6.32665209e-01 
 2.27960119e-05 -3.73895591e-01  8.95954288e-01  7.20000000e-01  1.08000000e+00  6.32669677e-01 
 2.28010119e-05 -3.72871065e-01  8.93688894e-01  7.20000000e-01  1.08000000e+00  6.32673783e-01 
 2.28060119e-05 -3.71815962e-01  8.91405682e-01  7.20000000e-01  1.08000000e+00  6.32677480e-01 
 2.28110119e-05 -3.70744827e-01  8.89122031e-01  7.20000000e-01  1.08000000e+00  6.32680721e-01 
 2.28160119e-05 -3.69670588e-01  8.86855280e-01  7.20000000e-01  1.08000000e+00  6.32683469e-01 
 2.28210119e-05 -3.68604437e-01  8.84622488e-01  7.20000000e-01  1.08000000e+00  6.32685692e-01 
 2.28260119e-05 -3.67555792e-01  8.82440214e-01  7.20000000e-01  1.08000000e+00  6.32687365e-01 
 2.28310119e-05 -3.66532312e-01  8.80324310e-01  7.20000000e-01  1.08000000e+00  6.32688470e-01 
 2.28360119e-05 -3.65539964e-01  8.78289728e-01  7.20000000e-01  1.08000000e+00  6.32688998e-01 
 2.28410119e-05 -3.64583129e-01  8.76350356e-01  7.20000000e-01  1.08000000e+00  6.32688947e-01 
 2.28460119e-05 -3.63664740e-01  8.74518872e-01  7.20000000e-01  1.08000000e+00  6.32688319e-01 
 2.28510119e-05 -3.62786430e-01  8.72806626e-01  7.20000000e-01  1.08000000e+00  6.32687125e-01 
 2.28560119e-05 -3.61948696e-01  8.71223550e-01  7.20000000e-01  1.08000000e+00  6.32685384e-01 
 2.28610119e-05 -3.61151065e-01  8.69778091e-01  7.20000000e-01  1.08000000e+00  6.32683116e-01 
 2.28660119e-05 -3.60392253e-01  8.68477182e-01  7.20000000e-01  1.08000000e+00  6.32680350e-01 
 2.28710119e-05 -3.59670320e-01  8.67326228e-01  7.20000000e-01  1.08000000e+00  6.32677118e-01 
 2.28760119e-05 -3.58982813e-01  8.66329130e-01  7.20000000e-01  1.08000000e+00  6.32673455e-01 
 2.28810119e-05 -3.58326896e-01  8.65488327e-01  7.20000000e-01  1.08000000e+00  6.32669401e-01 
 2.28860119e-05 -3.57699471e-01  8.64804857e-01  7.20000000e-01  1.08000000e+00  6.32664996e-01 
 2.28910119e-05 -3.57097276e-01  8.64278443e-01  7.20000000e-01  1.08000000e+00  6.32660284e-01 
 2.28960119e-05 -3.56516983e-01  8.63907587e-01  7.20000000e-01  1.08000000e+00  6.32655308e-01 
 2.29010119e-05 -3.55955271e-01  8.63689685e-01  7.20000000e-01  1.08000000e+00  6.32650112e-01 
 2.29060119e-05 -3.55408902e-01  8.63621137e-01  7.20000000e-01  1.08000000e+00  6.32644742e-01 
 2.29110119e-05 -3.54874773e-01  8.63697473e-01  7.20000000e-01  1.08000000e+00  6.32639241e-01 
 2.29160119e-05 -3.54349968e-01  8.63913476e-01  7.20000000e-01  1.08000000e+00  6.32633650e-01 
 2.29210119e-05 -3.53831806e-01  8.64263301e-01  7.20000000e-01  1.08000000e+00  6.32628012e-01 
 2.29260119e-05 -3.53317872e-01  8.64740596e-01  7.20000000e-01  1.08000000e+00  6.32622364e-01 
 2.29310119e-05 -3.52806052e-01  8.65338617e-01  7.20000000e-01  1.08000000e+00  6.32616745e-01 
 2.29360119e-05 -3.52294561e-01  8.66050326e-01  7.20000000e-01  1.08000000e+00  6.32611187e-01 
 2.29410119e-05 -3.51781969e-01  8.66868495e-01  7.20000000e-01  1.08000000e+00  6.32605722e-01 
 2.29460119e-05 -3.51267214e-01  8.67785790e-01  7.20000000e-01  1.08000000e+00  6.32600380e-01 
 2.29510119e-05 -3.50749631e-01  8.68794847e-01  7.20000000e-01  1.08000000e+00  6.32595185e-01 
 2.29560119e-05 -3.50228956e-01  8.69888341e-01  7.20000000e-01  1.08000000e+00  6.32590161e-01 
 2.29610119e-05 -3.49705348e-01  8.71059040e-01  7.20000000e-01  1.08000000e+00  6.32585326e-01 
 2.29660119e-05 -3.49179389e-01  8.72299849e-01  7.20000000e-01  1.08000000e+00  6.32580699e-01 
 2.29710119e-05 -3.48652099e-01  8.73603849e-01  7.20000000e-01  1.08000000e+00  6.32576292e-01 
 2.29760119e-05 -3.48124937e-01  8.74964318e-01  7.20000000e-01  1.08000000e+00  6.32572118e-01 
 2.29810119e-05 -3.47599799e-01  8.76374751e-01  7.20000000e-01  1.08000000e+00  6.32568185e-01 
 2.29860119e-05 -3.47079023e-01  8.77828866e-01  7.20000000e-01  1.08000000e+00  6.32564500e-01 
 2.29910119e-05 -3.46565383e-01  8.79320606e-01  7.20000000e-01  1.08000000e+00  6.32561067e-01 
 2.29960119e-05 -3.46062079e-01  8.80844133e-01  7.20000000e-01  1.08000000e+00  6.32557889e-01 
 2.30010119e-05 -3.45572734e-01  8.82393821e-01  7.20000000e-01  1.08000000e+00  6.32554967e-01 
 2.30060119e-05 -3.45101379e-01  8.83964238e-01  7.20000000e-01  1.08000000e+00  6.32552301e-01 
 2.30110119e-05 -3.44652436e-01  8.85550133e-01  7.20000000e-01  1.08000000e+00  6.32549889e-01 
 2.30160119e-05 -3.44230706e-01  8.87146414e-01  7.20000000e-01  1.08000000e+00  6.32547729e-01 
 2.30210119e-05 -3.43841338e-01  8.88748135e-01  7.20000000e-01  1.08000000e+00  6.32545817e-01 
 2.30260119e-05 -3.43489809e-01  8.90350473e-01  7.20000000e-01  1.08000000e+00  6.32544151e-01 
 2.30310119e-05 -3.43181889e-01  8.91948715e-01  7.20000000e-01  1.08000000e+00  6.32542726e-01 
 2.30360119e-05 -3.42923596e-01  8.93538247e-01  7.20000000e-01  1.08000000e+00  6.32541538e-01 
 2.30410119e-05 -3.42721156e-01  8.95114542e-01  7.20000000e-01  1.08000000e+00  6.32540583e-01 
 2.30460119e-05 -3.42580940e-01  8.96673154e-01  7.20000000e-01  1.08000000e+00  6.32539856e-01 
 2.30510119e-05 -3.42509398e-01  8.98209724e-01  7.20000000e-01  1.08000000e+00  6.32539353e-01 
 2.30560119e-05 -3.42512981e-01  8.99719982e-01  7.20000000e-01  1.08000000e+00  6.32539070e-01 
 2.30610119e-05 -3.42598052e-01  9.01199758e-01  7.20000000e-01  1.08000000e+00  6.32539002e-01 
 2.30660119e-05 -3.42770781e-01  9.02644997e-01  7.20000000e-01  1.08000000e+00  6.32539145e-01 
 2.30710119e-05 -3.43037034e-01  9.04051781e-01  7.20000000e-01  1.08000000e+00  6.32539493e-01 
 2.30760119e-05 -3.43402247e-01  9.05416351e-01  7.20000000e-01  1.08000000e+00  6.32540042e-01 
 2.30810119e-05 -3.43871290e-01  9.06735129e-01  7.20000000e-01  1.08000000e+00  6.32540785e-01 
 2.30860119e-05 -3.44448330e-01  9.08004744e-01  7.20000000e-01  1.08000000e+00  6.32541718e-01 
 2.30910119e-05 -3.45136679e-01  9.09222052e-01  7.20000000e-01  1.08000000e+00  6.32542834e-01 
 2.30960119e-05 -3.45938645e-01  9.10384151e-01  7.20000000e-01  1.08000000e+00  6.32544125e-01 
 2.31010119e-05 -3.46855383e-01  9.11488386e-01  7.20000000e-01  1.08000000e+00  6.32545585e-01 
 2.31060119e-05 -3.47886747e-01  9.12532346e-01  7.20000000e-01  1.08000000e+00  6.32547204e-01 
 2.31110119e-05 -3.49031145e-01  9.13513842e-01  7.20000000e-01  1.08000000e+00  6.32548974e-01 
 2.31160119e-05 -3.50285412e-01  9.14430878e-01  7.20000000e-01  1.08000000e+00  6.32550888e-01 
 2.31210119e-05 -3.51644681e-01  9.15281591e-01  7.20000000e-01  1.08000000e+00  6.32552935e-01 
 2.31260119e-05 -3.53102277e-01  9.16064181e-01  7.20000000e-01  1.08000000e+00  6.32555108e-01 
 2.31310119e-05 -3.54649628e-01  9.16776821e-01  7.20000000e-01  1.08000000e+00  6.32557399e-01 
 2.31360119e-05 -3.56276195e-01  9.17417548e-01  7.20000000e-01  1.08000000e+00  6.32559801e-01 
 2.31410119e-05 -3.57969435e-01  9.17984150e-01  7.20000000e-01  1.08000000e+00  6.32562311e-01 
 2.31460119e-05 -3.59714802e-01  9.18474035e-01  7.20000000e-01  1.08000000e+00  6.32564926e-01 
 2.31510119e-05 -3.61495796e-01  9.18884119e-01  7.20000000e-01  1.08000000e+00  6.32567646e-01 
 2.31560119e-05 -3.63294086e-01  9.19210723e-01  7.20000000e-01  1.08000000e+00  6.32570474e-01 
 2.31610119e-05 -3.65089698e-01  9.19449501e-01  7.20000000e-01  1.08000000e+00  6.32573417e-01 
 2.31660119e-05 -3.66861313e-01  9.19595414e-01  7.20000000e-01  1.08000000e+00  6.32576484e-01 
 2.31710119e-05 -3.68586657e-01  9.19642763e-01  7.20000000e-01  1.08000000e+00  6.32579687e-01 
 2.31760119e-05 -3.70243003e-01  9.19585282e-01  7.20000000e-01  1.08000000e+00  6.32583042e-01 
 2.31810119e-05 -3.71807762e-01  9.19416303e-01  7.20000000e-01  1.08000000e+00  6.32586563e-01 
 2.31860119e-05 -3.73259149e-01  9.19128994e-01  7.20000000e-01  1.08000000e+00  6.32590267e-01 
 2.31910119e-05 -3.74576889e-01  9.18716637e-01  7.20000000e-01  1.08000000e+00  6.32594167e-01 
 2.31960119e-05 -3.75742907e-01  9.18172957e-01  7.20000000e-01  1.08000000e+00  6.32598276e-01 
 2.32010119e-05 -3.76741970e-01  9.17492459e-01  7.20000000e-01  1.08000000e+00  6.32602600e-01 
 2.32060119e-05 -3.77562222e-01  9.16670760e-01  7.20000000e-01  1.08000000e+00  6.32607139e-01 
 2.32110119e-05 -3.78195580e-01  9.15704890e-01  7.20000000e-01  1.08000000e+00  6.32611888e-01 
 2.32160119e-05 -3.78637957e-01  9.14593543e-01  7.20000000e-01  1.08000000e+00  6.32616831e-01 
 2.32210119e-05 -3.78889317e-01  9.13337271e-01  7.20000000e-01  1.08000000e+00  6.32621946e-01 
 2.32260119e-05 -3.78953543e-01  9.11938607e-01  7.20000000e-01  1.08000000e+00  6.32627202e-01 
 2.32310119e-05 -3.78838155e-01  9.10402117e-01  7.20000000e-01  1.08000000e+00  6.32632559e-01 
 2.32360119e-05 -3.78553891e-01  9.08734394e-01  7.20000000e-01  1.08000000e+00  6.32637972e-01 
 2.32410119e-05 -3.78114193e-01  9.06943982e-01  7.20000000e-01  1.08000000e+00  6.32643388e-01 
 2.32460119e-05 -3.77534619e-01  9.05041258e-01  7.20000000e-01  1.08000000e+00  6.32648752e-01 
 2.32510119e-05 -3.76832235e-01  9.03038268e-01  7.20000000e-01  1.08000000e+00  6.32654004e-01 
 2.32560119e-05 -3.76025002e-01  9.00948529e-01  7.20000000e-01  1.08000000e+00  6.32659084e-01 
 2.32610119e-05 -3.75131194e-01  8.98786813e-01  7.20000000e-01  1.08000000e+00  6.32663931e-01 
 2.32660119e-05 -3.74168870e-01  8.96568908e-01  7.20000000e-01  1.08000000e+00  6.32668488e-01 
 2.32710119e-05 -3.73155411e-01  8.94311374e-01  7.20000000e-01  1.08000000e+00  6.32672699e-01 
 2.32760119e-05 -3.72107134e-01  8.92031289e-01  7.20000000e-01  1.08000000e+00  6.32676513e-01 
 2.32810119e-05 -3.71039001e-01  8.89746004e-01  7.20000000e-01  1.08000000e+00  6.32679883e-01 
 2.32860119e-05 -3.69964395e-01  8.87472891e-01  7.20000000e-01  1.08000000e+00  6.32682769e-01 
 2.32910119e-05 -3.68894992e-01  8.85229111e-01  7.20000000e-01  1.08000000e+00  6.32685138e-01 
 2.32960119e-05 -3.67840696e-01  8.83031379e-01  7.20000000e-01  1.08000000e+00  6.32686964e-01 
 2.33010119e-05 -3.66809643e-01  8.80895761e-01  7.20000000e-01  1.08000000e+00  6.32688226e-01 
 2.33060119e-05 -3.65808253e-01  8.78837474e-01  7.20000000e-01  1.08000000e+00  6.32688912e-01 
 2.33110119e-05 -3.64841330e-01  8.76870712e-01  7.20000000e-01  1.08000000e+00  6.32689019e-01 
 2.33160119e-05 -3.63912188e-01  8.75008497e-01  7.20000000e-01  1.08000000e+00  6.32688548e-01 
 2.33210119e-05 -3.63022799e-01  8.73262554e-01  7.20000000e-01  1.08000000e+00  6.32687508e-01 
 2.33260119e-05 -3.62173956e-01  8.71643209e-01  7.20000000e-01  1.08000000e+00  6.32685914e-01 
 2.33310119e-05 -3.61365434e-01  8.70159321e-01  7.20000000e-01  1.08000000e+00  6.32683788e-01 
 2.33360119e-05 -3.60596156e-01  8.68818239e-01  7.20000000e-01  1.08000000e+00  6.32681156e-01 
 2.33410119e-05 -3.59864345e-01  8.67625786e-01  7.20000000e-01  1.08000000e+00  6.32678048e-01 
 2.33460119e-05 -3.59167676e-01  8.66586271e-01  7.20000000e-01  1.08000000e+00  6.32674499e-01 
 2.33510119e-05 -3.58503406e-01  8.65702527e-01  7.20000000e-01  1.08000000e+00  6.32670548e-01 
 2.33560119e-05 -3.57868497e-01  8.64975968e-01  7.20000000e-01  1.08000000e+00  6.32666235e-01 
 2.33610119e-05 -3.57259721e-01  8.64406668e-01  7.20000000e-01  1.08000000e+00  6.32661602e-01 
 2.33660119e-05 -3.56673761e-01  8.63993454e-01  7.20000000e-01  1.08000000e+00  6.32656694e-01 
 2.33710119e-05 -3.56107287e-01  8.63734010e-01  7.20000000e-01  1.08000000e+00  6.32651554e-01 
 2.33760119e-05 -3.55557030e-01  8.63625000e-01  7.20000000e-01  1.08000000e+00  6.32646227e-01 
 2.33810119e-05 -3.55019846e-01  8.63662177e-01  7.20000000e-01  1.08000000e+00  6.32640757e-01 
 2.33860119e-05 -3.54492763e-01  8.63840518e-01  7.20000000e-01  1.08000000e+00  6.32635187e-01 
 2.33910119e-05 -3.53973031e-01  8.64154336e-01  7.20000000e-01  1.08000000e+00  6.32629557e-01 
 2.33960119e-05 -3.53458160e-01  8.64597409e-01  7.20000000e-01  1.08000000e+00  6.32623909e-01 
 2.34010119e-05 -3.52945950e-01  8.65163086e-01  7.20000000e-01  1.08000000e+00  6.32618278e-01 
 2.34060119e-05 -3.52434523e-01  8.65844401e-01  7.20000000e-01  1.08000000e+00  6.32612700e-01 
 2.34110119e-05 -3.51922349e-01  8.66634169e-01  7.20000000e-01  1.08000000e+00  6.32607207e-01 
 2.34160119e-05 -3.51408266e-01  8.67525077e-01  7.20000000e-01  1.08000000e+00  6.32601828e-01 
 2.34210119e-05 -3.50891495e-01  8.68509761e-01  7.20000000e-01  1.08000000e+00  6.32596590e-01 
 2.34260119e-05 -3.50371664e-01  8.69580881e-01  7.20000000e-01  1.08000000e+00  6.32591517e-01 
 2.34310119e-05 -3.49848813e-01  8.70731172e-01  7.20000000e-01  1.08000000e+00  6.32586629e-01 
 2.34360119e-05 -3.49323410e-01  8.71953500e-01  7.20000000e-01  1.08000000e+00  6.32581944e-01 
 2.34410119e-05 -3.48796352e-01  8.73240893e-01  7.20000000e-01  1.08000000e+00  6.32577475e-01 
 2.34460119e-05 -3.48268978e-01  8.74586575e-01  7.20000000e-01  1.08000000e+00  6.32573237e-01 
 2.34510119e-05 -3.47743066e-01  8.75983979e-01  7.20000000e-01  1.08000000e+00  6.32569237e-01 
 2.34560119e-05 -3.47220832e-01  8.77426761e-01  7.20000000e-01  1.08000000e+00  6.32565484e-01 
 2.34610119e-05 -3.46704931e-01  8.78908804e-01  7.20000000e-01  1.08000000e+00  6.32561981e-01 
 2.34660119e-05 -3.46198448e-01  8.80424210e-01  7.20000000e-01  1.08000000e+00  6.32558733e-01 
 2.34710119e-05 -3.45704891e-01  8.81967297e-01  7.20000000e-01  1.08000000e+00  6.32555741e-01 
 2.34760119e-05 -3.45228181e-01  8.83532581e-01  7.20000000e-01  1.08000000e+00  6.32553005e-01 
 2.34810119e-05 -3.44772634e-01  8.85114762e-01  7.20000000e-01  1.08000000e+00  6.32550524e-01 
 2.34860119e-05 -3.44342949e-01  8.86708708e-01  7.20000000e-01  1.08000000e+00  6.32548295e-01 
 2.34910119e-05 -3.43944185e-01  8.88309435e-01  7.20000000e-01  1.08000000e+00  6.32546315e-01 
 2.34960119e-05 -3.43581730e-01  8.89912086e-01  7.20000000e-01  1.08000000e+00  6.32544582e-01 
 2.35010119e-05 -3.43261277e-01  8.91511922e-01  7.20000000e-01  1.08000000e+00  6.32543091e-01 
 2.35060119e-05 -3.42988783e-01  8.93104301e-01  7.20000000e-01  1.08000000e+00  6.32541839e-01 
 2.35110119e-05 -3.42770420e-01  8.94684673e-01  7.20000000e-01  1.08000000e+00  6.32540821e-01 
 2.35160119e-05 -3.42612527e-01  8.96248571e-01  7.20000000e-01  1.08000000e+00  6.32540032e-01 
 2.35210119e-05 -3.42521539e-01  8.97791611e-01  7.20000000e-01  1.08000000e+00  6.32539468e-01 
 2.35260119e-05 -3.42503917e-01  8.99309498e-01  7.20000000e-01  1.08000000e+00  6.32539126e-01 
 2.35310119e-05 -3.42566056e-01  9.00798033e-01  7.20000000e-01  1.08000000e+00  6.32538999e-01 
 2.35360119e-05 -3.42714191e-01  9.02253127e-01  7.20000000e-01  1.08000000e+00  6.32539085e-01 
 2.35410119e-05 -3.42954283e-01  9.03670825e-01  7.20000000e-01  1.08000000e+00  6.32539377e-01 
 2.35460119e-05 -3.43291897e-01  9.05047319e-01  7.20000000e-01  1.08000000e+00  6.32539871e-01 
 2.35510119e-05 -3.43732074e-01  9.06378981e-01  7.20000000e-01  1.08000000e+00  6.32540562e-01 
 2.35560119e-05 -3.44279188e-01  9.07662380e-01  7.20000000e-01  1.08000000e+00  6.32541444e-01 
 2.35610119e-05 -3.44936799e-01  9.08894310e-01  7.20000000e-01  1.08000000e+00  6.32542511e-01 
 2.35660119e-05 -3.45707505e-01  9.10071800e-01  7.20000000e-01  1.08000000e+00  6.32543755e-01 
 2.35710119e-05 -3.46592792e-01  9.11192127e-01  7.20000000e-01  1.08000000e+00  6.32545169e-01 
 2.35760119e-05 -3.47592884e-01  9.12252815e-01  7.20000000e-01  1.08000000e+00  6.32546745e-01 
 2.35810119e-05 -3.48706599e-01  9.13251619e-01  7.20000000e-01  1.08000000e+00  6.32548475e-01 
 2.35860119e-05 -3.49931215e-01  9.14186492e-01  7.20000000e-01  1.08000000e+00  6.32550350e-01 
 2.35910119e-05 -3.51262343e-01  9.15055542e-01  7.20000000e-01  1.08000000e+00  6.32552361e-01 
 2.35960119e-05 -3.52693812e-01  9.15856960e-01  7.20000000e-01  1.08000000e+00  6.32554501e-01 
 2.36010119e-05 -3.54217577e-01  9.16588937e-01  7.20000000e-01  1.08000000e+00  6.32556760e-01 
 2.36060119e-05 -3.55823643e-01  9.17249559e-01  7.20000000e-01  1.08000000e+00  6.32559133e-01 
 2.36110119e-05 -3.57500017e-01  9.17836694e-01  7.20000000e-01  1.08000000e+00  6.32561614e-01 
 2.36160119e-05 -3.59232698e-01  9.18347866e-01  7.20000000e-01  1.08000000e+00  6.32564200e-01 
 2.36210119e-05 -3.61005714e-01  9.18780137e-01  7.20000000e-01  1.08000000e+00  6.32566891e-01 
 2.36260119e-05 -3.62801217e-01  9.19129999e-01  7.20000000e-01  1.08000000e+00  6.32569689e-01 
 2.36310119e-05 -3.64599659e-01  9.19393295e-01  7.20000000e-01  1.08000000e+00  6.32572599e-01 
 2.36360119e-05 -3.66380054e-01  9.19565174e-01  7.20000000e-01  1.08000000e+00  6.32575631e-01 
 2.36410119e-05 -3.68120344e-01  9.19640111e-01  7.20000000e-01  1.08000000e+00  6.32578796e-01 
 2.36460119e-05 -3.69797870e-01  9.19611981e-01  7.20000000e-01  1.08000000e+00  6.32582108e-01 
 2.36510119e-05 -3.71389941e-01  9.19474208e-01  7.20000000e-01  1.08000000e+00  6.32585581e-01 
 2.36560119e-05 -3.72874484e-01  9.19219976e-01  7.20000000e-01  1.08000000e+00  6.32589234e-01 
 2.36610119e-05 -3.74230738e-01  9.18842506e-01  7.20000000e-01  1.08000000e+00  6.32593079e-01 
 2.36660119e-05 -3.75439958e-01  9.18335367e-01  7.20000000e-01  1.08000000e+00  6.32597130e-01 
 2.36710119e-05 -3.76486076e-01  9.17692817e-01  7.20000000e-01  1.08000000e+00  6.32601394e-01 
 2.36760119e-05 -3.77356265e-01  9.16910138e-01  7.20000000e-01  1.08000000e+00  6.32605875e-01 
 2.36810119e-05 -3.78041378e-01  9.15983944e-01  7.20000000e-01  1.08000000e+00  6.32610567e-01 
 2.36860119e-05 -3.78536222e-01  9.14912451e-01  7.20000000e-01  1.08000000e+00  6.32615459e-01 
 2.36910119e-05 -3.78839657e-01  9.13695689e-01  7.20000000e-01  1.08000000e+00  6.32620530e-01 
 2.36960119e-05 -3.78954516e-01  9.12335638e-01  7.20000000e-01  1.08000000e+00  6.32625751e-01 
 2.37010119e-05 -3.78887359e-01  9.10836307e-01  7.20000000e-01  1.08000000e+00  6.32631085e-01 
 2.37060119e-05 -3.78648091e-01  9.09203738e-01  7.20000000e-01  1.08000000e+00  6.32636487e-01 
 2.37110119e-05 -3.78249471e-01  9.07445952e-01  7.20000000e-01  1.08000000e+00  6.32641908e-01 
 2.37160119e-05 -3.77706536e-01  9.05572839e-01  7.20000000e-01  1.08000000e+00  6.32647292e-01 
 2.37210119e-05 -3.77036003e-01  9.03596004e-01  7.20000000e-01  1.08000000e+00  6.32652581e-01 
 2.37260119e-05 -3.76255646e-01  9.01528585e-01  7.20000000e-01  1.08000000e+00  6.32657714e-01 
 2.37310119e-05 -3.75383711e-01  8.99385032e-01  7.20000000e-01  1.08000000e+00  6.32662631e-01 
 2.37360119e-05 -3.74438363e-01  8.97180879e-01  7.20000000e-01  1.08000000e+00  6.32667273e-01 
 2.37410119e-05 -3.73437212e-01  8.94932500e-01  7.20000000e-01  1.08000000e+00  6.32671584e-01 
 2.37460119e-05 -3.72396900e-01  8.92656856e-01  7.20000000e-01  1.08000000e+00  6.32675511e-01 
 2.37510119e-05 -3.71332785e-01  8.90371249e-01  7.20000000e-01  1.08000000e+00  6.32679007e-01 
 2.37560119e-05 -3.70258699e-01  8.88093069e-01  7.20000000e-01  1.08000000e+00  6.32682029e-01 
 2.37610119e-05 -3.69186794e-01  8.85839556e-01  7.20000000e-01  1.08000000e+00  6.32684543e-01 
 2.37660119e-05 -3.68127463e-01  8.83627573e-01  7.20000000e-01  1.08000000e+00  6.32686520e-01 
 2.37710119e-05 -3.67089322e-01  8.81473381e-01  7.20000000e-01  1.08000000e+00  6.32687937e-01 
 2.37760119e-05 -3.66079252e-01  8.79392449e-01  7.20000000e-01  1.08000000e+00  6.32688783e-01 
 2.37810119e-05 -3.65102490e-01  8.77399266e-01  7.20000000e-01  1.08000000e+00  6.32689048e-01 
 2.37860119e-05 -3.64162742e-01  8.75507191e-01  7.20000000e-01  1.08000000e+00  6.32688735e-01 
 2.37910119e-05 -3.63262333e-01  8.73728312e-01  7.20000000e-01  1.08000000e+00  6.32687849e-01 
 2.37960119e-05 -3.62402361e-01  8.72073349e-01  7.20000000e-01  1.08000000e+00  6.32686405e-01 
 2.38010119e-05 -3.61582865e-01  8.70551568e-01  7.20000000e-01  1.08000000e+00  6.32684422e-01 
 2.38060119e-05 -3.60802984e-01  8.69170732e-01  7.20000000e-01  1.08000000e+00  6.32681926e-01 
 2.38110119e-05 -3.60061119e-01  8.67937084e-01  7.20000000e-01  1.08000000e+00  6.32678944e-01 
 2.38160119e-05 -3.59355080e-01  8.66855343e-01  7.20000000e-01  1.08000000e+00  6.32675513e-01 
 2.38210119e-05 -3.58682226e-01  8.65928744e-01  7.20000000e-01  1.08000000e+00  6.32671668e-01 
 2.38260119e-05 -3.58039588e-01  8.65159079e-01  7.20000000e-01  1.08000000e+00  6.32667450e-01 
 2.38310119e-05 -3.57423980e-01  8.64546783e-01  7.20000000e-01  1.08000000e+00  6.32662900e-01 
 2.38360119e-05 -3.56832102e-01  8.64091012e-01  7.20000000e-01  1.08000000e+00  6.32658063e-01 
 2.38410119e-05 -3.56260618e-01  8.63789755e-01  7.20000000e-01  1.08000000e+00  6.32652982e-01 
 2.38460119e-05 -3.55706237e-01  8.63639940e-01  7.20000000e-01  1.08000000e+00  6.32647702e-01 
 2.38510119e-05 -3.55165775e-01  8.63637559e-01  7.20000000e-01  1.08000000e+00  6.32642267e-01 
 2.38560119e-05 -3.54636207e-01  8.63777788e-01  7.20000000e-01  1.08000000e+00  6.32636720e-01 
 2.38610119e-05 -3.54114720e-01  8.64055112e-01  7.20000000e-01  1.08000000e+00  6.32631103e-01 
 2.38660119e-05 -3.53598747e-01  8.64463441e-01  7.20000000e-01  1.08000000e+00  6.32625455e-01 
 2.38710119e-05 -3.53086007e-01  8.64996232e-01  7.20000000e-01  1.08000000e+00  6.32619816e-01 
 2.38760119e-05 -3.52574531e-01  8.65646596e-01  7.20000000e-01  1.08000000e+00  6.32614220e-01 
 2.38810119e-05 -3.52062691e-01  8.66407396e-01  7.20000000e-01  1.08000000e+00  6.32608701e-01 
 2.38860119e-05 -3.51549222e-01  8.67271346e-01  7.20000000e-01  1.08000000e+00  6.32603288e-01 
 2.38910119e-05 -3.51033239e-01  8.68231091e-01  7.20000000e-01  1.08000000e+00  6.32598009e-01 
 2.38960119e-05 -3.50514257e-01  8.69279275e-01  7.20000000e-01  1.08000000e+00  6.32592889e-01 
 2.39010119e-05 -3.49992201e-01  8.70408610e-01  7.20000000e-01  1.08000000e+00  6.32587948e-01 
 2.39060119e-05 -3.49467422e-01  8.71611919e-01  7.20000000e-01  1.08000000e+00  6.32583205e-01 
 2.39110119e-05 -3.48940699e-01  8.72882186e-01  7.20000000e-01  1.08000000e+00  6.32578676e-01 
 2.39160119e-05 -3.48413250e-01  8.74212575e-01  7.20000000e-01  1.08000000e+00  6.32574374e-01 
 2.39210119e-05 -3.47886731e-01  8.75596463e-01  7.20000000e-01  1.08000000e+00  6.32570308e-01 
 2.39260119e-05 -3.47363240e-01  8.77027445e-01  7.20000000e-01  1.08000000e+00  6.32566486e-01 
 2.39310119e-05 -3.46845312e-01  8.78499339e-01  7.20000000e-01  1.08000000e+00  6.32562915e-01 
 2.39360119e-05 -3.46335915e-01  8.80006190e-01  7.20000000e-01  1.08000000e+00  6.32559597e-01 
 2.39410119e-05 -3.45838441e-01  8.81542257e-01  7.20000000e-01  1.08000000e+00  6.32556535e-01 
 2.39460119e-05 -3.45356700e-01  8.83102004e-01  7.20000000e-01  1.08000000e+00  6.32553729e-01 
 2.39510119e-05 -3.44894901e-01  8.84680082e-01  7.20000000e-01  1.08000000e+00  6.32551178e-01 
 2.39560119e-05 -3.44457642e-01  8.86271314e-01  7.20000000e-01  1.08000000e+00  6.32548880e-01 
 2.39610119e-05 -3.44049883e-01  8.87870678e-01  7.20000000e-01  1.08000000e+00  6.32546832e-01 
 2.39660119e-05 -3.43676926e-01  8.89473285e-01  7.20000000e-01  1.08000000e+00  6.32545032e-01 
 2.39710119e-05 -3.43344385e-01  8.91074363e-01  7.20000000e-01  1.08000000e+00  6.32543476e-01 
 2.39760119e-05 -3.43058148e-01  8.92669246e-01  7.20000000e-01  1.08000000e+00  6.32542158e-01 
 2.39810119e-05 -3.42824333e-01  8.94253359e-01  7.20000000e-01  1.08000000e+00  6.32541076e-01 
 2.39860119e-05 -3.42649240e-01  8.95822212e-01  7.20000000e-01  1.08000000e+00  6.32540225e-01 
 2.39910119e-05 -3.42539285e-01  8.97371400e-01  7.20000000e-01  1.08000000e+00  6.32539600e-01 
 2.39960119e-05 -3.42500929e-01  8.98896602e-01  7.20000000e-01  1.08000000e+00  6.32539197e-01 
 2.40010119e-05 -3.42540595e-01  9.00393591e-01  7.20000000e-01  1.08000000e+00  6.32539012e-01 
 2.40060119e-05 -3.42664572e-01  9.01858246e-01  7.20000000e-01  1.08000000e+00  6.32539040e-01 
 2.40110119e-05 -3.42878908e-01  9.03286574e-01  7.20000000e-01  1.08000000e+00  6.32539276e-01 
 2.40160119e-05 -3.43189290e-01  9.04674724e-01  7.20000000e-01  1.08000000e+00  6.32539716e-01 
 2.40210119e-05 -3.43600916e-01  9.06019016e-01  7.20000000e-01  1.08000000e+00  6.32540354e-01 
 2.40260119e-05 -3.44118355e-01  9.07315964e-01  7.20000000e-01  1.08000000e+00  6.32541184e-01 
 2.40310119e-05 -3.44745407e-01  9.08562298e-01  7.20000000e-01  1.08000000e+00  6.32542200e-01 
 2.40360119e-05 -3.45484949e-01  9.09754979e-01  7.20000000e-01  1.08000000e+00  6.32543396e-01 
 2.40410119e-05 -3.46338784e-01  9.10891219e-01  7.20000000e-01  1.08000000e+00  6.32544765e-01 
 2.40460119e-05 -3.47307498e-01  9.11968474e-01  7.20000000e-01  1.08000000e+00  6.32546297e-01 
 2.40510119e-05 -3.48390307e-01  9.12984438e-01  7.20000000e-01  1.08000000e+00  6.32547986e-01 
 2.40560119e-05 -3.49584925e-01  9.13937014e-01  7.20000000e-01  1.08000000e+00  6.32549823e-01 
 2.40610119e-05 -3.50887430e-01  9.14824273e-01  7.20000000e-01  1.08000000e+00  6.32551797e-01 
 2.40660119e-05 -3.52292150e-01  9.15644392e-01  7.20000000e-01  1.08000000e+00  6.32553902e-01 
 2.40710119e-05 -3.53791561e-01  9.16395571e-01  7.20000000e-01  1.08000000e+00  6.32556130e-01 
 2.40760119e-05 -3.55376209e-01  9.17075936e-01  7.20000000e-01  1.08000000e+00  6.32558472e-01 
 2.40810119e-05 -3.57034650e-01  9.17683427e-01  7.20000000e-01  1.08000000e+00  6.32560924e-01 
 2.40860119e-05 -3.58753432e-01  9.18215674e-01  7.20000000e-01  1.08000000e+00  6.32563481e-01 
 2.40910119e-05 -3.60517116e-01  9.18669877e-01  7.20000000e-01  1.08000000e+00  6.32566143e-01 
 2.40960119e-05 -3.62308353e-01  9.19042695e-01  7.20000000e-01  1.08000000e+00  6.32568911e-01 
 2.41010119e-05 -3.64108039e-01  9.19330153e-01  7.20000000e-01  1.08000000e+00  6.32571791e-01 
 2.41060119e-05 -3.65895550e-01  9.19527592e-01  7.20000000e-01  1.08000000e+00  6.32574788e-01 
 2.41110119e-05 -3.67649078e-01  9.19629667e-01  7.20000000e-01  1.08000000e+00  6.32577915e-01 
 2.41160119e-05 -3.69346077e-01  9.19630405e-01  7.20000000e-01  1.08000000e+00  6.32581185e-01 
 2.41210119e-05 -3.70963802e-01  9.19523334e-01  7.20000000e-01  1.08000000e+00  6.32584613e-01 
 2.41260119e-05 -3.72479942e-01  9.19301681e-01  7.20000000e-01  1.08000000e+00  6.32588215e-01 
 2.41310119e-05 -3.73873307e-01  9.18958625e-01  7.20000000e-01  1.08000000e+00  6.32592006e-01 
 2.41360119e-05 -3.75124532e-01  9.18487608e-01  7.20000000e-01  1.08000000e+00  6.32595999e-01 
 2.41410119e-05 -3.76216753e-01  9.17882665e-01  7.20000000e-01  1.08000000e+00  6.32600205e-01 
 2.41460119e-05 -3.77136205e-01  9.17138763e-01  7.20000000e-01  1.08000000e+00  6.32604626e-01 
 2.41510119e-05 -3.77872700e-01  9.16252125e-01  7.20000000e-01  1.08000000e+00  6.32609262e-01 
 2.41560119e-05 -3.78419945e-01  9.15220504e-01  7.20000000e-01  1.08000000e+00  6.32614101e-01 
 2.41610119e-05 -3.78775689e-01  9.14043415e-01  7.20000000e-01  1.08000000e+00  6.32619125e-01 
 2.41660119e-05 -3.78941695e-01  9.12722294e-01  7.20000000e-01  1.08000000e+00  6.32624308e-01 
 2.41710119e-05 -3.78923535e-01  9.11260591e-01  7.20000000e-01  1.08000000e+00  6.32629615e-01 
 2.41760119e-05 -3.78730245e-01  9.09663796e-01  7.20000000e-01  1.08000000e+00  6.32635004e-01 
 2.41810119e-05 -3.78373853e-01  9.07939394e-01  7.20000000e-01  1.08000000e+00  6.32640425e-01 
 2.41860119e-05 -3.77868834e-01  9.06096777e-01  7.20000000e-01  1.08000000e+00  6.32645824e-01 
 2.41910119e-05 -3.77231506e-01  9.04147099e-01  7.20000000e-01  1.08000000e+00  6.32651145e-01 
 2.41960119e-05 -3.76479414e-01  9.02103097e-01  7.20000000e-01  1.08000000e+00  6.32656327e-01 
 2.42010119e-05 -3.75630732e-01  8.99978885e-01  7.20000000e-01  1.08000000e+00  6.32661309e-01 
 2.42060119e-05 -3.74703697e-01  8.97789724e-01  7.20000000e-01  1.08000000e+00  6.32666032e-01 
 2.42110119e-05 -3.73716117e-01  8.95551783e-01  7.20000000e-01  1.08000000e+00  6.32670439e-01 
 2.42160119e-05 -3.72684933e-01  8.93281887e-01  7.20000000e-01  1.08000000e+00  6.32674477e-01 
 2.42210119e-05 -3.71625882e-01  8.90997270e-01  7.20000000e-01  1.08000000e+00  6.32678095e-01 
 2.42260119e-05 -3.70553234e-01  8.88715321e-01  7.20000000e-01  1.08000000e+00  6.32681251e-01 
 2.42310119e-05 -3.69479613e-01  8.86453346e-01  7.20000000e-01  1.08000000e+00  6.32683907e-01 
 2.42360119e-05 -3.68415897e-01  8.84228332e-01  7.20000000e-01  1.08000000e+00  6.32686033e-01 
 2.42410119e-05 -3.67371186e-01  8.82056727e-01  7.20000000e-01  1.08000000e+00  6.32687606e-01 
 2.42460119e-05 -3.66352831e-01  8.79954235e-01  7.20000000e-01  1.08000000e+00  6.32688609e-01 
 2.42510119e-05 -3.65366507e-01  8.77935631e-01  7.20000000e-01  1.08000000e+00  6.32689034e-01 
 2.42560119e-05 -3.64416327e-01  8.76014596e-01  7.20000000e-01  1.08000000e+00  6.32688878e-01 
 2.42610119e-05 -3.63504978e-01  8.74203581e-01  7.20000000e-01  1.08000000e+00  6.32688148e-01 
 2.42660119e-05 -3.62633880e-01  8.72513687e-01  7.20000000e-01  1.08000000e+00  6.32686856e-01 
 2.42710119e-05 -3.61803343e-01  8.70954584e-01  7.20000000e-01  1.08000000e+00  6.32685018e-01 
 2.42760119e-05 -3.61012737e-01  8.69534453e-01  7.20000000e-01  1.08000000e+00  6.32682659e-01 
 2.42810119e-05 -3.60260651e-01  8.68259952e-01  7.20000000e-01  1.08000000e+00  6.32679808e-01 
 2.42860119e-05 -3.59545042e-01  8.67136216e-01  7.20000000e-01  1.08000000e+00  6.32676496e-01 
 2.42910119e-05 -3.58863379e-01  8.66166882e-01  7.20000000e-01  1.08000000e+00  6.32672760e-01 
 2.42960119e-05 -3.58212772e-01  8.65354131e-01  7.20000000e-01  1.08000000e+00  6.32668640e-01 
 2.43010119e-05 -3.57590083e-01  8.64698761e-01  7.20000000e-01  1.08000000e+00  6.32664177e-01 
 2.43060119e-05 -3.56992035e-01  8.64200269e-01  7.20000000e-01  1.08000000e+00  6.32659414e-01 
 2.43110119e-05 -3.56415294e-01  8.63856952e-01  7.20000000e-01  1.08000000e+00  6.32654395e-01 
 2.43160119e-05 -3.55856549e-01  8.63666018e-01  7.20000000e-01  1.08000000e+00  6.32649166e-01 
 2.43210119e-05 -3.55312582e-01  8.63623703e-01  7.20000000e-01  1.08000000e+00  6.32643769e-01 
 2.43260119e-05 -3.54780318e-01  8.63725393e-01  7.20000000e-01  1.08000000e+00  6.32638248e-01 
 2.43310119e-05 -3.54256883e-01  8.63965751e-01  7.20000000e-01  1.08000000e+00  6.32632646e-01 
 2.43360119e-05 -3.53739638e-01  8.64338833e-01  7.20000000e-01  1.08000000e+00  6.32627003e-01 
 2.43410119e-05 -3.53226220e-01  8.64838209e-01  7.20000000e-01  1.08000000e+00  6.32621358e-01 
 2.43460119e-05 -3.52714573e-01  8.65457072e-01  7.20000000e-01  1.08000000e+00  6.32615746e-01 
 2.43510119e-05 -3.52202973e-01  8.66188346e-01  7.20000000e-01  1.08000000e+00  6.32610203e-01 
 2.43560119e-05 -3.51690053e-01  8.67024776e-01  7.20000000e-01  1.08000000e+00  6.32604758e-01 
 2.43610119e-05 -3.51174822e-01  8.67959018e-01  7.20000000e-01  1.08000000e+00  6.32599440e-01 
 2.43660119e-05 -3.50656685e-01  8.68983710e-01  7.20000000e-01  1.08000000e+00  6.32594274e-01 
 2.43710119e-05 -3.50135453e-01  8.70091540e-01  7.20000000e-01  1.08000000e+00  6.32589282e-01 
 2.43760119e-05 -3.49611358e-01  8.71275297e-01  7.20000000e-01  1.08000000e+00  6.32584484e-01 
 2.43810119e-05 -3.49085063e-01  8.72527915e-01  7.20000000e-01  1.08000000e+00  6.32579895e-01 
 2.43860119e-05 -3.48557664e-01  8.73842508e-01  7.20000000e-01  1.08000000e+00  6.32575529e-01 
 2.43910119e-05 -3.48030699e-01  8.75212393e-01  7.20000000e-01  1.08000000e+00  6.32571397e-01 
 2.43960119e-05 -3.47506142e-01  8.76631103e-01  7.20000000e-01  1.08000000e+00  6.32567508e-01 
 2.44010119e-05 -3.46986410e-01  8.78092397e-01  7.20000000e-01  1.08000000e+00  6.32563868e-01 
 2.44060119e-05 -3.46474354e-01  8.79590257e-01  7.20000000e-01  1.08000000e+00  6.32560480e-01 
 2.44110119e-05 -3.45973249e-01  8.81118885e-01  7.20000000e-01  1.08000000e+00  6.32557348e-01 
 2.44160119e-05 -3.45486794e-01  8.82672689e-01  7.20000000e-01  1.08000000e+00  6.32554472e-01 
 2.44210119e-05 -3.45019089e-01  8.84246271e-01  7.20000000e-01  1.08000000e+00  6.32551851e-01 
 2.44260119e-05 -3.44574626e-01  8.85834410e-01  7.20000000e-01  1.08000000e+00  6.32549484e-01 
 2.44310119e-05 -3.44158270e-01  8.87432042e-01  7.20000000e-01  1.08000000e+00  6.32547368e-01 
 2.44360119e-05 -3.43775232e-01  8.89034243e-01  7.20000000e-01  1.08000000e+00  6.32545501e-01 
 2.44410119e-05 -3.43431043e-01  8.90636212e-01  7.20000000e-01  1.08000000e+00  6.32543878e-01 
 2.44460119e-05 -3.43131520e-01  8.92233254e-01  7.20000000e-01  1.08000000e+00  6.32542495e-01 
 2.44510119e-05 -3.42882723e-01  8.93820771e-01  7.20000000e-01  1.08000000e+00  6.32541349e-01 
 2.44560119e-05 -3.42690908e-01  8.95394249e-01  7.20000000e-01  1.08000000e+00  6.32540435e-01 
 2.44610119e-05 -3.42562466e-01  8.96949260e-01  7.20000000e-01  1.08000000e+00  6.32539749e-01 
 2.44660119e-05 -3.42503854e-01  8.98481460e-01  7.20000000e-01  1.08000000e+00  6.32539286e-01 
 2.44710119e-05 -3.42521513e-01  8.99986594e-01  7.20000000e-01  1.08000000e+00  6.32539042e-01 
 2.44760119e-05 -3.42621781e-01  9.01460512e-01  7.20000000e-01  1.08000000e+00  6.32539011e-01 
 2.44810119e-05 -3.42810782e-01  9.02899183e-01  7.20000000e-01  1.08000000e+00  6.32539191e-01 
 2.44860119e-05 -3.43094314e-01  9.04298714e-01  7.20000000e-01  1.08000000e+00  6.32539575e-01 
 2.44910119e-05 -3.43477724e-01  9.05655378e-01  7.20000000e-01  1.08000000e+00  6.32540160e-01 
 2.44960119e-05 -3.43965766e-01  9.06965631e-01  7.20000000e-01  1.08000000e+00  6.32540938e-01 
 2.45010119e-05 -3.44562466e-01  9.08226143e-01  7.20000000e-01  1.08000000e+00  6.32541904e-01 
 2.45060119e-05 -3.45270968e-01  9.09433811e-01  7.20000000e-01  1.08000000e+00  6.32543051e-01 
 2.45110119e-05 -3.46093386e-01  9.10585776e-01  7.20000000e-01  1.08000000e+00  6.32544373e-01 
 2.45160119e-05 -3.47030652e-01  9.11679429e-01  7.20000000e-01  1.08000000e+00  6.32545862e-01 
 2.45210119e-05 -3.48082374e-01  9.12712400e-01  7.20000000e-01  1.08000000e+00  6.32547509e-01 
 2.45260119e-05 -3.49246688e-01  9.13682538e-01  7.20000000e-01  1.08000000e+00  6.32549305e-01 
 2.45310119e-05 -3.50520133e-01  9.14587875e-01  7.20000000e-01  1.08000000e+00  6.32551243e-01 
 2.45360119e-05 -3.51897528e-01  9.15426565e-01  7.20000000e-01  1.08000000e+00  6.32553313e-01 
 2.45410119e-05 -3.53371865e-01  9.16196810e-01  7.20000000e-01  1.08000000e+00  6.32555508e-01 
 2.45460119e-05 -3.54934225e-01  9.16896769e-01  7.20000000e-01  1.08000000e+00  6.32557819e-01 
 2.45510119e-05 -3.56573713e-01  9.17524444e-01  7.20000000e-01  1.08000000e+00  6.32560241e-01 
 2.45560119e-05 -3.58277428e-01  9.18077561e-01  7.20000000e-01  1.08000000e+00  6.32562770e-01 
 2.45610119e-05 -3.60030468e-01  9.18553452e-01  7.20000000e-01  1.08000000e+00  6.32565404e-01 
 2.45660119e-05 -3.61815997e-01  9.18948932e-01  7.20000000e-01  1.08000000e+00  6.32568142e-01 
 2.45710119e-05 -3.63615371e-01  9.19260208e-01  7.20000000e-01  1.08000000e+00  6.32570990e-01 
 2.45760119e-05 -3.65408353e-01  9.19482811e-01  7.20000000e-01  1.08000000e+00  6.32573955e-01 
 2.45810119e-05 -3.67173421e-01  9.19611580e-01  7.20000000e-01  1.08000000e+00  6.32577045e-01 
 2.45860119e-05 -3.68888181e-01  9.19640705e-01  7.20000000e-01  1.08000000e+00  6.32580274e-01 
 2.45910119e-05 -3.70529881e-01  9.19563834e-01  7.20000000e-01  1.08000000e+00  6.32583657e-01 
 2.45960119e-05 -3.72076027e-01  9.19374253e-01  7.20000000e-01  1.08000000e+00  6.32587210e-01 
 2.46010119e-05 -3.73505050e-01  9.19065125e-01  7.20000000e-01  1.08000000e+00  6.32590948e-01 
 2.46060119e-05 -3.74797015e-01  9.18629787e-01  7.20000000e-01  1.08000000e+00  6.32594885e-01 
 2.46110119e-05 -3.75934311e-01  9.18062079e-01  7.20000000e-01  1.08000000e+00  6.32599031e-01 
 2.46160119e-05 -3.76902270e-01  9.17356679e-01  7.20000000e-01  1.08000000e+00  6.32603394e-01 
 2.46210119e-05 -3.77689684e-01  9.16509436e-01  7.20000000e-01  1.08000000e+00  6.32607971e-01 
 2.46260119e-05 -3.78289171e-01  9.15517658e-01  7.20000000e-01  1.08000000e+00  6.32612756e-01 
 2.46310119e-05 -3.78697370e-01  9.14380359e-01  7.20000000e-01  1.08000000e+00  6.32617732e-01 
 2.46360119e-05 -3.78914956e-01  9.13098438e-01  7.20000000e-01  1.08000000e+00  6.32622874e-01 
 2.46410119e-05 -3.78946487e-01  9.11674785e-01  7.20000000e-01  1.08000000e+00  6.32628151e-01 
 2.46460119e-05 -3.78800092e-01  9.10114335e-01  7.20000000e-01  1.08000000e+00  6.32633522e-01 
 2.46510119e-05 -3.78487031e-01  9.08424032e-01  7.20000000e-01  1.08000000e+00  6.32638939e-01 
 2.46560119e-05 -3.78021168e-01  9.06612758e-01  7.20000000e-01  1.08000000e+00  6.32644351e-01 
 2.46610119e-05 -3.77418376e-01  9.04691202e-01  7.20000000e-01  1.08000000e+00  6.32649699e-01 
 2.46660119e-05 -3.76695926e-01  9.02671687e-01  7.20000000e-01  1.08000000e+00  6.32654925e-01 
 2.46710119e-05 -3.75871877e-01  9.00567970e-01  7.20000000e-01  1.08000000e+00  6.32659968e-01 
 2.46760119e-05 -3.74964503e-01  8.98395023e-01  7.20000000e-01  1.08000000e+00  6.32664768e-01 
 2.46810119e-05 -3.73991774e-01  8.96168790e-01  7.20000000e-01  1.08000000e+00  6.32669267e-01 
 2.46860119e-05 -3.72970907e-01  8.93905941e-01  7.20000000e-01  1.08000000e+00  6.32673410e-01 
 2.46910119e-05 -3.71917998e-01  8.91623624e-01  7.20000000e-01  1.08000000e+00  6.32677148e-01 
 2.46960119e-05 -3.70847741e-01  8.89339209e-01  7.20000000e-01  1.08000000e+00  6.32680435e-01 
 2.47010119e-05 -3.69773223e-01  8.87070049e-01  7.20000000e-01  1.08000000e+00  6.32683231e-01 
 2.47060119e-05 -3.68705807e-01  8.84833242e-01  7.20000000e-01  1.08000000e+00  6.32685505e-01 
 2.47110119e-05 -3.67655080e-01  8.82645403e-01  7.20000000e-01  1.08000000e+00  6.32687231e-01 
 2.47160119e-05 -3.66628866e-01  8.80522459e-01  7.20000000e-01  1.08000000e+00  6.32688392e-01 
 2.47210119e-05 -3.65633289e-01  8.78479459e-01  7.20000000e-01  1.08000000e+00  6.32688975e-01 
 2.47260119e-05 -3.64672878e-01  8.76530397e-01  7.20000000e-01  1.08000000e+00  6.32688978e-01 
 2.47310119e-05 -3.63750695e-01  8.74688074e-01  7.20000000e-01  1.08000000e+00  6.32688405e-01 
 2.47360119e-05 -3.62868492e-01  8.72963970e-01  7.20000000e-01  1.08000000e+00  6.32687265e-01 
 2.47410119e-05 -3.62026865e-01  8.71368156e-01  7.20000000e-01  1.08000000e+00  6.32685575e-01 
 2.47460119e-05 -3.61225428e-01  8.69909223e-01  7.20000000e-01  1.08000000e+00  6.32683356e-01 
 2.47510119e-05 -3.60462966e-01  8.68594247e-01  7.20000000e-01  1.08000000e+00  6.32680636e-01 
 2.47560119e-05 -3.59737595e-01  8.67428782e-01  7.20000000e-01  1.08000000e+00  6.32677447e-01 
 2.47610119e-05 -3.59046905e-01  8.66416869e-01  7.20000000e-01  1.08000000e+00  6.32673824e-01 
 2.47660119e-05 -3.58388092e-01  8.65561083e-01  7.20000000e-01  1.08000000e+00  6.32669805e-01 
 2.47710119e-05 -3.57758075e-01  8.64862593e-01  7.20000000e-01  1.08000000e+00  6.32665431e-01 
 2.47760119e-05 -3.57153606e-01  8.64321243e-01  7.20000000e-01  1.08000000e+00  6.32660746e-01 
 2.47810119e-05 -3.56571358e-01  8.63935648e-01  7.20000000e-01  1.08000000e+00  6.32655793e-01 
 2.47860119e-05 -3.56008007e-01  8.63703302e-01  7.20000000e-01  1.08000000e+00  6.32650617e-01 
 2.47910119e-05 -3.55460303e-01  8.63620697e-01  7.20000000e-01  1.08000000e+00  6.32645261e-01 
 2.47960119e-05 -3.54925128e-01  8.63683439e-01  7.20000000e-01  1.08000000e+00  6.32639770e-01 
 2.48010119e-05 -3.54399546e-01  8.63886377e-01  7.20000000e-01  1.08000000e+00  6.32634186e-01 
 2.48060119e-05 -3.53880852e-01  8.64223720e-01  7.20000000e-01  1.08000000e+00  6.32628551e-01 
 2.48110119e-05 -3.53366603e-01  8.64689161e-01  7.20000000e-01  1.08000000e+00  6.32622902e-01 
 2.48160119e-05 -3.52854656e-01  8.65275985e-01  7.20000000e-01  1.08000000e+00  6.32617278e-01 
 2.48210119e-05 -3.52343193e-01  8.65977180e-01  7.20000000e-01  1.08000000e+00  6.32611713e-01 
 2.48260119e-05 -3.51830749e-01  8.66785532e-01  7.20000000e-01  1.08000000e+00  6.32606238e-01 
 2.48310119e-05 -3.51316226e-01  8.67693713e-01  7.20000000e-01  1.08000000e+00  6.32600883e-01 
 2.48360119e-05 -3.50798920e-01  8.68694358e-01  7.20000000e-01  1.08000000e+00  6.32595673e-01 
 2.48410119e-05 -3.50278530e-01  8.69780136e-01  7.20000000e-01  1.08000000e+00  6.32590631e-01 
 2.48460119e-05 -3.49755171e-01  8.70943804e-01  7.20000000e-01  1.08000000e+00  6.32585778e-01 
 2.48510119e-05 -3.49229387e-01  8.72178252e-01  7.20000000e-01  1.08000000e+00  6.32581130e-01 
 2.48560119e-05 -3.48702155e-01  8.73476543e-01  7.20000000e-01  1.08000000e+00  6.32576702e-01 
 2.48610119e-05 -3.48174891e-01  8.74831935e-01  7.20000000e-01  1.08000000e+00  6.32572505e-01 
 2.48660119e-05 -3.47649451e-01  8.76237901e-01  7.20000000e-01  1.08000000e+00  6.32568549e-01 
 2.48710119e-05 -3.47128130e-01  8.77688139e-01  7.20000000e-01  1.08000000e+00  6.32564840e-01 
 2.48760119e-05 -3.46613661e-01  8.79176570e-01  7.20000000e-01  1.08000000e+00  6.32561383e-01 
 2.48810119e-05 -3.46109205e-01  8.80697335e-01  7.20000000e-01  1.08000000e+00  6.32558181e-01 
 2.48860119e-05 -3.45618343e-01  8.82244789e-01  7.20000000e-01  1.08000000e+00  6.32555234e-01 
 2.48910119e-05 -3.45145068e-01  8.83813482e-01  7.20000000e-01  1.08000000e+00  6.32552543e-01 
 2.48960119e-05 -3.44693768e-01  8.85398145e-01  7.20000000e-01  1.08000000e+00  6.32550107e-01 
 2.49010119e-05 -3.44269206e-01  8.86993674e-01  7.20000000e-01  1.08000000e+00  6.32547923e-01 
 2.49060119e-05 -3.43876500e-01  8.88595108e-01  7.20000000e-01  1.08000000e+00  6.32545988e-01 
 2.49110119e-05 -3.43521099e-01  8.90197614e-01  7.20000000e-01  1.08000000e+00  6.32544298e-01 
 2.49160119e-05 -3.43208744e-01  8.91796470e-01  7.20000000e-01  1.08000000e+00  6.32542850e-01 
 2.49210119e-05 -3.42945433e-01  8.93387050e-01  7.20000000e-01  1.08000000e+00  6.32541640e-01 
 2.49260119e-05 -3.42737375e-01  8.94964821e-01  7.20000000e-01  1.08000000e+00  6.32540663e-01 
 2.49310119e-05 -3.42590929e-01  8.96525329e-01  7.20000000e-01  1.08000000e+00  6.32539915e-01 
 2.49360119e-05 -3.42512541e-01  8.98064207e-01  7.20000000e-01  1.08000000e+00  6.32539391e-01 
 2.49410119e-05 -3.42508667e-01  8.99577175e-01  7.20000000e-01  1.08000000e+00  6.32539087e-01 
 2.49460119e-05 -3.42585681e-01  9.01060054e-01  7.20000000e-01  1.08000000e+00  6.32538999e-01 
 2.49510119e-05 -3.42749779e-01  9.02508776e-01  7.20000000e-01  1.08000000e+00  6.32539121e-01 
 2.49560119e-05 -3.43006859e-01  9.03919410e-01  7.20000000e-01  1.08000000e+00  6.32539450e-01 
 2.49610119e-05 -3.43362405e-01  9.05288180e-01  7.20000000e-01  1.08000000e+00  6.32539980e-01 
 2.49660119e-05 -3.43821347e-01  9.06611490e-01  7.20000000e-01  1.08000000e+00  6.32540705e-01 
 2.49710119e-05 -3.44387926e-01  9.07885950e-01  7.20000000e-01  1.08000000e+00  6.32541621e-01 
 2.49760119e-05 -3.45065543e-01  9.09108391e-01  7.20000000e-01  1.08000000e+00  6.32542719e-01 
 2.49810119e-05 -3.45856607e-01  9.10275888e-01  7.20000000e-01  1.08000000e+00  6.32543994e-01 
 2.49860119e-05 -3.46762390e-01  9.11385763e-01  7.20000000e-01  1.08000000e+00  6.32545438e-01 
 2.49910119e-05 -3.47782877e-01  9.12435583e-01  7.20000000e-01  1.08000000e+00  6.32547042e-01 
 2.49955060e-05 -3.48796865e-01  9.13326122e-01  7.20000000e-01  1.08000000e+00  6.32548614e-01 
 2.50000000e-05 -3.49900273e-01  9.14164884e-01  7.20000000e-01  1.08000000e+00  6.32550303e-01 
 2.50005000e-05 -3.50030636e-01  9.14254450e-01  7.38000000e-01  1.06200000e+00  6.32550462e-01 
 2.50015000e-05 -3.50293342e-01  9.14435067e-01  7.74000000e-01  1.02600000e+00  6.32550908e-01 
 2.50035000e-05 -3.50694448e-01  9.14877983e-01  8.46000000e-01  9.54000000e-01  6.32557595e-01 
 2.50067500e-05 -3.50521016e-01  9.15944080e-01  9.63000000e-01  8.37000000e-01  6.32595573e-01 
 2.50083750e-05 -3.50055062e-01  9.16556611e-01  1.02150000e+00  7.78500000e-01  6.32616302e-01 
 2.50100000e-05 -3.49486466e-01  9.17089965e-01  1.08000000e+00  7.20000000e-01  6.32626666e-01 
 2.50103250e-05 -3.49363044e-01  9.17182594e-01  1.08000000e+00  7.20000000e-01  6.32627794e-01 
 2.50109750e-05 -3.49106344e-01  9.17358539e-01  1.08000000e+00  7.20000000e-01  6.32628648e-01 
 2.50122750e-05 -3.48511154e-01  9.17649905e-01  1.08000000e+00  7.20000000e-01  6.32624582e-01 
 2.50148750e-05 -3.46910342e-01  9.17992051e-01  1.08000000e+00  7.20000000e-01  6.32608912e-01 
 2.50190009e-05 -3.43330842e-01  9.18003505e-01  1.08000000e+00  7.20000000e-01  6.32589415e-01 
 2.50238072e-05 -3.37873143e-01  9.17407160e-01  1.08000000e+00  7.20000000e-01  6.32583223e-01 
 2.50288072e-05 -3.30943345e-01  9.16202078e-01  1.08000000e+00  7.20000000e-01  6.32587811e-01 
 2.50338072e-05 -3.22771860e-01  9.14407046e-01  1.08000000e+00  7.20000000e-01  6.32597636e-01 
 2.50388072e-05 -3.13366106e-01  9.12018968e-01  1.08000000e+00  7.20000000e-01  6.32610344e-01 
 2.50438072e-05 -3.02751436e-01  9.09045632e-01  1.08000000e+00  7.20000000e-01  6.32625254e-01 
 2.50488072e-05 -2.90970099e-01  9.05503941e-01  1.08000000e+00  7.20000000e-01  6.32641700e-01 
 2.50538072e-05 -2.78079345e-01  9.01418725e-01  1.08000000e+00  7.20000000e-01  6.32659390e-01 
 2.50588072e-05 -2.64149979e-01  8.96821800e-01  1.08000000e+00  7.20000000e-01  6.32677820e-01 
 2.50638072e-05 -2.49264532e-01  8.91750993e-01  1.08000000e+00  7.20000000e-01  6.32696720e-01 
 2.50688072e-05 -2.33515454e-01  8.86249183e-01  1.08000000e+00  7.20000000e-01  6.32715634e-01 
 2.50738072e-05 -2.17003195e-01  8.80363327e-01  1.08000000e+00  7.20000000e-01  6.32734294e-01 
 2.50788072e-05 -1.99834360e-01  8.74143529e-01  1.08000000e+00  7.20000000e-01  6.32752280e-01 
 2.50838072e-05 -1.82119904e-01  8.67642169e-01  1.08000000e+00  7.20000000e-01  6.32769321e-01 
 2.50888072e-05 -1.63973532e-01  8.60913125e-01  1.08000000e+00  7.20000000e-01  6.32785007e-01 
 2.50938072e-05 -1.45510386e-01  8.54011176e-01  1.08000000e+00  7.20000000e-01  6.32799020e-01 
 2.50988072e-05 -1.26846221e-01  8.46991639e-01  1.08000000e+00  7.20000000e-01  6.32810863e-01 
 2.51038072e-05 -1.08097322e-01  8.39910429e-01  1.08000000e+00  7.20000000e-01  6.32820011e-01 
 2.51088072e-05 -8.93815467e-02  8.32824695e-01  1.08000000e+00  7.20000000e-01  6.32825592e-01 
 2.51138072e-05 -7.08210025e-02  8.25794346e-01  1.08000000e+00  7.20000000e-01  6.32826402e-01 
 2.51188072e-05 -5.25468194e-02  8.18884683e-01  1.08000000e+00  7.20000000e-01  6.32820568e-01 
 2.51238072e-05 -3.47060180e-02  8.12170161e-01  1.08000000e+00  7.20000000e-01  6.32805821e-01 
 2.51288072e-05 -1.74691000e-02  8.05738541e-01  1.08000000e+00  7.20000000e-01  6.32780314e-01 
 2.51338072e-05 -1.03442685e-03  7.99693361e-01  1.08000000e+00  7.20000000e-01  6.32744625e-01 
 2.51388072e-05  1.43769593e-02  7.94151373e-01  1.08000000e+00  7.20000000e-01  6.32702904e-01 
 2.51438072e-05  2.85417698e-02  7.89231941e-01  1.08000000e+00  7.20000000e-01  6.32661645e-01 
 2.51488072e-05  4.12674565e-02  7.85039647e-01  1.08000000e+00  7.20000000e-01  6.32627191e-01 
 2.51538072e-05  5.24281916e-02  7.81645074e-01  1.08000000e+00  7.20000000e-01  6.32602518e-01 
 2.51588072e-05  6.19832016e-02  7.79074663e-01  1.08000000e+00  7.20000000e-01  6.32586206e-01 
 2.51638072e-05  6.99689955e-02  7.77314156e-01  1.08000000e+00  7.20000000e-01  6.32576041e-01 
 2.51688072e-05  7.64815039e-02  7.76317455e-01  1.08000000e+00  7.20000000e-01  6.32569054e-01 
 2.51738072e-05  8.16528889e-02  7.76018610e-01  1.08000000e+00  7.20000000e-01  6.32562708e-01 
 2.51788072e-05  8.56296175e-02  7.76343426e-01  1.08000000e+00  7.20000000e-01  6.32556317e-01 
 2.51838072e-05  8.85627358e-02  7.77214781e-01  1.08000000e+00  7.20000000e-01  6.32549487e-01 
 2.51888072e-05  9.06036288e-02  7.78555030e-01  1.08000000e+00  7.20000000e-01  6.32542310e-01 
 2.51938072e-05  9.19004866e-02  7.80287990e-01  1.08000000e+00  7.20000000e-01  6.32534976e-01 
 2.51988072e-05  9.25956052e-02  7.82340416e-01  1.08000000e+00  7.20000000e-01  6.32527764e-01 
 2.52038072e-05  9.28224283e-02  7.84643541e-01  1.08000000e+00  7.20000000e-01  6.32520864e-01 
 2.52088072e-05  9.27018952e-02  7.87134946e-01  1.08000000e+00  7.20000000e-01  6.32514522e-01 
 2.52138072e-05  9.23389124e-02  7.89760350e-01  1.08000000e+00  7.20000000e-01  6.32508919e-01 
 2.52188072e-05  9.18197322e-02  7.92474936e-01  1.08000000e+00  7.20000000e-01  6.32504207e-01 
 2.52238072e-05  9.12110406e-02  7.95243799e-01  1.08000000e+00  7.20000000e-01  6.32500435e-01 
 2.52288072e-05  9.05609773e-02  7.98041441e-01  1.08000000e+00  7.20000000e-01  6.32497639e-01 
 2.52338072e-05  8.99018755e-02  8.00850381e-01  1.08000000e+00  7.20000000e-01  6.32495765e-01 
 2.52388072e-05  8.92538153e-02  8.03659376e-01  1.08000000e+00  7.20000000e-01  6.32494727e-01 
 2.52438072e-05  8.86281471e-02  8.06461636e-01  1.08000000e+00  7.20000000e-01  6.32494401e-01 
 2.52488072e-05  8.80303652e-02  8.09253378e-01  1.08000000e+00  7.20000000e-01  6.32494637e-01 
 2.52538072e-05  8.74622140e-02  8.12032754e-01  1.08000000e+00  7.20000000e-01  6.32495290e-01 
 2.52588072e-05  8.69230782e-02  8.14799141e-01  1.08000000e+00  7.20000000e-01  6.32496191e-01 
 2.52638072e-05  8.64108564e-02  8.17552676e-01  1.08000000e+00  7.20000000e-01  6.32497167e-01 
 2.52688072e-05  8.59224334e-02  8.20293986e-01  1.08000000e+00  7.20000000e-01  6.32497997e-01 
 2.52738072e-05  8.54538656e-02  8.23024041e-01  1.08000000e+00  7.20000000e-01  6.32498403e-01 
 2.52788072e-05  8.50003108e-02  8.25744100e-01  1.08000000e+00  7.20000000e-01  6.32497972e-01 
 2.52838072e-05  8.45557952e-02  8.28455720e-01  1.08000000e+00  7.20000000e-01  6.32496121e-01 
 2.52888072e-05  8.41129728e-02  8.31160758e-01  1.08000000e+00  7.20000000e-01  6.32491984e-01 
 2.52938072e-05  8.36632293e-02  8.33861273e-01  1.08000000e+00  7.20000000e-01  6.32484357e-01 
 2.52988072e-05  8.31972640e-02  8.36559290e-01  1.08000000e+00  7.20000000e-01  6.32471397e-01 
 2.53038072e-05  8.27058294e-02  8.39256532e-01  1.08000000e+00  7.20000000e-01  6.32450626e-01 
 2.53088072e-05  8.21803994e-02  8.41954235e-01  1.08000000e+00  7.20000000e-01  6.32420287e-01 
 2.53138072e-05  8.16138762e-02  8.44653109e-01  1.08000000e+00  7.20000000e-01  6.32381276e-01 
 2.53188072e-05  8.10012138e-02  8.47353439e-01  1.08000000e+00  7.20000000e-01  6.32336612e-01 
 2.53238072e-05  8.03395372e-02  8.50055299e-01  1.08000000e+00  7.20000000e-01  6.32288992e-01 
 2.53288072e-05  7.96278561e-02  8.52758750e-01  1.08000000e+00  7.20000000e-01  6.32240662e-01 
 2.53338072e-05  7.88667265e-02  8.55463931e-01  1.08000000e+00  7.20000000e-01  6.32193161e-01 
 2.53388072e-05  7.80578683e-02  8.58171099e-01  1.08000000e+00  7.20000000e-01  6.32147668e-01 
 2.53438072e-05  7.72037978e-02  8.60880639e-01  1.08000000e+00  7.20000000e-01  6.32105307e-01 
 2.53488072e-05  7.63075346e-02  8.63593054e-01  1.08000000e+00  7.20000000e-01  6.32067068e-01 
 2.53538072e-05  7.53723748e-02  8.66308945e-01  1.08000000e+00  7.20000000e-01  6.32033954e-01 
 2.53588072e-05  7.44017204e-02  8.69028988e-01  1.08000000e+00  7.20000000e-01  6.32006865e-01 
 2.53638072e-05  7.33989552e-02  8.71753916e-01  1.08000000e+00  7.20000000e-01  6.31986646e-01 
 2.53688072e-05  7.23673583e-02  8.74484501e-01  1.08000000e+00  7.20000000e-01  6.31973999e-01 
 2.53738072e-05  7.13100483e-02  8.77221534e-01  1.08000000e+00  7.20000000e-01  6.31969476e-01 
 2.53788072e-05  7.02299478e-02  8.79965810e-01  1.08000000e+00  7.20000000e-01  6.31973438e-01 
 2.53838072e-05  6.91297661e-02  8.82718113e-01  1.08000000e+00  7.20000000e-01  6.31986030e-01 
 2.53888072e-05  6.80119927e-02  8.85479200e-01  1.08000000e+00  7.20000000e-01  6.32007190e-01 
 2.53938072e-05  6.68788994e-02  8.88249795e-01  1.08000000e+00  7.20000000e-01  6.32036632e-01 
 2.53988072e-05  6.57325467e-02  8.91030576e-01  1.08000000e+00  7.20000000e-01  6.32073894e-01 
 2.54038072e-05  6.45747953e-02  8.93822166e-01  1.08000000e+00  7.20000000e-01  6.32118333e-01 
 2.54088072e-05  6.34073178e-02  8.96625137e-01  1.08000000e+00  7.20000000e-01  6.32169186e-01 
 2.54138072e-05  6.22316123e-02  8.99440003e-01  1.08000000e+00  7.20000000e-01  6.32225571e-01 
 2.54188072e-05  6.10490155e-02  9.02267223e-01  1.08000000e+00  7.20000000e-01  6.32286543e-01 
 2.54238072e-05  5.98607164e-02  9.05107206e-01  1.08000000e+00  7.20000000e-01  6.32351095e-01 
 2.54288072e-05  5.86677678e-02  9.07960313e-01  1.08000000e+00  7.20000000e-01  6.32418188e-01 
 2.54338072e-05  5.74710987e-02  9.10826869e-01  1.08000000e+00  7.20000000e-01  6.32486761e-01 
 2.54388072e-05  5.62715236e-02  9.13707163e-01  1.08000000e+00  7.20000000e-01  6.32555731e-01 
 2.54438072e-05  5.50697528e-02  9.16601458e-01  1.08000000e+00  7.20000000e-01  6.32624021e-01 
 2.54488072e-05  5.38663991e-02  9.19509998e-01  1.08000000e+00  7.20000000e-01  6.32690528e-01 
 2.54538072e-05  5.26619856e-02  9.22433007e-01  1.08000000e+00  7.20000000e-01  6.32754191e-01 
 2.54588072e-05  5.14569489e-02  9.25370697e-01  1.08000000e+00  7.20000000e-01  6.32813928e-01 
 2.54638072e-05  5.02516440e-02  9.28323264e-01  1.08000000e+00  7.20000000e-01  6.32868758e-01 
 2.54688072e-05  4.90463438e-02  9.31290892e-01  1.08000000e+00  7.20000000e-01  6.32917711e-01 
 2.54738072e-05  4.78412391e-02  9.34273745e-01  1.08000000e+00  7.20000000e-01  6.32960001e-01 
 2.54788072e-05  4.66364322e-02  9.37271970e-01  1.08000000e+00  7.20000000e-01  6.32994909e-01 
 2.54838072e-05  4.54319307e-02  9.40285687e-01  1.08000000e+00  7.20000000e-01  6.33021983e-01 
 2.54888072e-05  4.42276300e-02  9.43314994e-01  1.08000000e+00  7.20000000e-01  6.33040869e-01 
 2.54938072e-05  4.30232943e-02  9.46359957e-01  1.08000000e+00  7.20000000e-01  6.33051525e-01 
 2.54988072e-05  4.18185206e-02  9.49420620e-01  1.08000000e+00  7.20000000e-01  6.33053978e-01 
 2.55038072e-05  4.06126919e-02  9.52497002e-01  1.08000000e+00  7.20000000e-01  6.33048543e-01 
 2.55088072e-05  3.94049002e-02  9.55589109e-01  1.08000000e+00  7.20000000e-01  6.33035532e-01 
 2.55138072e-05  3.81938389e-02  9.58696940e-01  1.08000000e+00  7.20000000e-01  6.33015498e-01 
 2.55188072e-05  3.69776275e-02  9.61820515e-01  1.08000000e+00  7.20000000e-01  6.32988961e-01 
 2.55238072e-05  3.57535435e-02  9.64959893e-01  1.08000000e+00  7.20000000e-01  6.32956725e-01 
 2.55288072e-05  3.45175647e-02  9.68115234e-01  1.08000000e+00  7.20000000e-01  6.32919650e-01 
 2.55338072e-05  3.32634934e-02  9.71286910e-01  1.08000000e+00  7.20000000e-01  6.32878939e-01 
 2.55388072e-05  3.19814458e-02  9.74475753e-01  1.08000000e+00  7.20000000e-01  6.32835905e-01 
 2.55438072e-05  3.06551766e-02  9.77683551e-01  1.08000000e+00  7.20000000e-01  6.32792255e-01 
 2.55488072e-05  2.92590516e-02  9.80913736e-01  1.08000000e+00  7.20000000e-01  6.32749877e-01 
 2.55538072e-05  2.77626721e-02  9.84170362e-01  1.08000000e+00  7.20000000e-01  6.32711467e-01 
 2.55588072e-05  2.61506212e-02  9.87453509e-01  1.08000000e+00  7.20000000e-01  6.32679096e-01 
 2.55638072e-05  2.44347026e-02  9.90757341e-01  1.08000000e+00  7.20000000e-01  6.32652998e-01 
 2.55688072e-05  2.26398868e-02  9.94074177e-01  1.08000000e+00  7.20000000e-01  6.32631620e-01 
 2.55738072e-05  2.07908034e-02  9.97396223e-01  1.08000000e+00  7.20000000e-01  6.32613269e-01 
 2.55788072e-05  1.89160839e-02  1.00071209e+00  1.08000000e+00  7.20000000e-01  6.32597129e-01 
 2.55838072e-05  1.70618863e-02  1.00400067e+00  1.08000000e+00  7.20000000e-01  6.32582947e-01 
 2.55888072e-05  1.53110269e-02  1.00722203e+00  1.08000000e+00  7.20000000e-01  6.32570585e-01 
 2.55938072e-05  1.38058052e-02  1.01030619e+00  1.08000000e+00  7.20000000e-01  6.32560145e-01 
 2.55988072e-05  1.27636151e-02  1.01314538e+00  1.08000000e+00  7.20000000e-01  6.32551828e-01 
 2.56038072e-05  1.24695559e-02  1.01559774e+00  1.08000000e+00  7.20000000e-01  6.32546103e-01 
 2.56088072e-05  1.32423809e-02  1.01750442e+00  1.08000000e+00  7.20000000e-01  6.32543497e-01 
 2.56138072e-05  1.53890792e-02  1.01871230e+00  1.08000000e+00  7.20000000e-01  6.32544617e-01 
 2.56188072e-05  1.91685463e-02  1.01909227e+00  1.08000000e+00  7.20000000e-01  6.32549883e-01 
 2.56238072e-05  2.47732856e-02  1.01854842e+00  1.08000000e+00  7.20000000e-01  6.32559554e-01 
 2.56288072e-05  3.23263305e-02  1.01701960e+00  1.08000000e+00  7.20000000e-01  6.32573581e-01 
 2.56338072e-05  4.18863956e-02  1.01447684e+00  1.08000000e+00  7.20000000e-01  6.32591736e-01 
 2.56388072e-05  5.34560667e-02  1.01091933e+00  1.08000000e+00  7.20000000e-01  6.32613550e-01 
 2.56438072e-05  6.69902750e-02  1.00637011e+00  1.08000000e+00  7.20000000e-01  6.32638472e-01 
 2.56488072e-05  8.24040269e-02  1.00087231e+00  1.08000000e+00  7.20000000e-01  6.32665817e-01 
 2.56538072e-05  9.95790956e-02  9.94485792e-01  1.08000000e+00  7.20000000e-01  6.32694890e-01 
 2.56588072e-05  1.18368645e-01  9.87284989e-01  1.08000000e+00  7.20000000e-01  6.32724945e-01 
 2.56638072e-05  1.38600719e-01  9.79357253e-01  1.08000000e+00  7.20000000e-01  6.32755259e-01 
 2.56688072e-05  1.60079539e-01  9.70802490e-01  1.08000000e+00  7.20000000e-01  6.32785073e-01 
 2.56738072e-05  1.82582861e-01  9.61734926e-01  1.08000000e+00  7.20000000e-01  6.32813645e-01 
 2.56788072e-05  2.05855021e-01  9.52287422e-01  1.08000000e+00  7.20000000e-01  6.32840144e-01 
 2.56838072e-05  2.29592915e-01  9.42620093e-01  1.08000000e+00  7.20000000e-01  6.32863668e-01 
 2.56888072e-05  2.53425364e-01  9.32933172e-01  1.08000000e+00  7.20000000e-01  6.32883263e-01 
 2.56938072e-05  2.76900737e-01  9.23474387e-01  1.08000000e+00  7.20000000e-01  6.32898360e-01 
 2.56988072e-05  2.99514858e-01  9.14517619e-01  1.08000000e+00  7.20000000e-01  6.32908986e-01 
 2.57038072e-05  3.20805369e-01  9.06301280e-01  1.08000000e+00  7.20000000e-01  6.32915465e-01 
 2.57088072e-05  3.40461937e-01  8.98969929e-01  1.08000000e+00  7.20000000e-01  6.32917550e-01 
 2.57138072e-05  3.58352258e-01  8.92568930e-01  1.08000000e+00  7.20000000e-01  6.32914657e-01 
 2.57188072e-05  3.74459421e-01  8.87078976e-01  1.08000000e+00  7.20000000e-01  6.32906950e-01 
 2.57238072e-05  3.88816836e-01  8.82447081e-01  1.08000000e+00  7.20000000e-01  6.32895144e-01 
 2.57288072e-05  4.01478127e-01  8.78600498e-01  1.08000000e+00  7.20000000e-01  6.32880061e-01 
 2.57338072e-05  4.12503741e-01  8.75454609e-01  1.08000000e+00  7.20000000e-01  6.32862558e-01 
 2.57388072e-05  4.21955733e-01  8.72919498e-01  1.08000000e+00  7.20000000e-01  6.32843411e-01 
 2.57438072e-05  4.29897985e-01  8.70905893e-01  1.08000000e+00  7.20000000e-01  6.32823361e-01 
 2.57488072e-05  4.36399236e-01  8.69329995e-01  1.08000000e+00  7.20000000e-01  6.32803018e-01 
 2.57538072e-05  4.41536069e-01  8.68116757e-01  1.08000000e+00  7.20000000e-01  6.32782923e-01 
 2.57588072e-05  4.45394231e-01  8.67201540e-01  1.08000000e+00  7.20000000e-01  6.32763467e-01 
 2.57638072e-05  4.48068037e-01  8.66530386e-01  1.08000000e+00  7.20000000e-01  6.32744969e-01 
 2.57688072e-05  4.49658356e-01  8.66059400e-01  1.08000000e+00  7.20000000e-01  6.32727611e-01 
 2.57738072e-05  4.50269962e-01  8.65753656e-01  1.08000000e+00  7.20000000e-01  6.32711524e-01 
 2.57788072e-05  4.50008773e-01  8.65585961e-01  1.08000000e+00  7.20000000e-01  6.32696737e-01 
 2.57838072e-05  4.48979401e-01  8.65535642e-01  1.08000000e+00  7.20000000e-01  6.32683257e-01 
 2.57888072e-05  4.47283097e-01  8.65587454e-01  1.08000000e+00  7.20000000e-01  6.32671020e-01 
 2.57938072e-05  4.45016196e-01  8.65730604e-01  1.08000000e+00  7.20000000e-01  6.32659966e-01 
 2.57988072e-05  4.42268970e-01  8.65957901e-01  1.08000000e+00  7.20000000e-01  6.32649987e-01 
 2.58038072e-05  4.39124891e-01  8.66265004e-01  1.08000000e+00  7.20000000e-01  6.32640993e-01 
 2.58088072e-05  4.35660179e-01  8.66649759e-01  1.08000000e+00  7.20000000e-01  6.32632863e-01 
 2.58138072e-05  4.31943646e-01  8.67111600e-01  1.08000000e+00  7.20000000e-01  6.32625503e-01 
 2.58188072e-05  4.28036707e-01  8.67651036e-01  1.08000000e+00  7.20000000e-01  6.32618796e-01 
 2.58238072e-05  4.23993589e-01  8.68269197e-01  1.08000000e+00  7.20000000e-01  6.32612657e-01 
 2.58288072e-05  4.19861622e-01  8.68967452e-01  1.08000000e+00  7.20000000e-01  6.32606987e-01 
 2.58338072e-05  4.15681655e-01  8.69747100e-01  1.08000000e+00  7.20000000e-01  6.32601718e-01 
 2.58388072e-05  4.11488500e-01  8.70609126e-01  1.08000000e+00  7.20000000e-01  6.32596770e-01 
 2.58438072e-05  4.07311449e-01  8.71554017e-01  1.08000000e+00  7.20000000e-01  6.32592097e-01 
 2.58488072e-05  4.03174784e-01  8.72581639e-01  1.08000000e+00  7.20000000e-01  6.32587641e-01 
 2.58538072e-05  3.99098322e-01  8.73691165e-01  1.08000000e+00  7.20000000e-01  6.32583374e-01 
 2.58588072e-05  3.95097933e-01  8.74881039e-01  1.08000000e+00  7.20000000e-01  6.32579258e-01 
 2.58638072e-05  3.91186074e-01  8.76148978e-01  1.08000000e+00  7.20000000e-01  6.32575285e-01 
 2.58688072e-05  3.87372281e-01  8.77491996e-01  1.08000000e+00  7.20000000e-01  6.32571432e-01 
 2.58738072e-05  3.83663656e-01  8.78906443e-01  1.08000000e+00  7.20000000e-01  6.32567702e-01 
 2.58788072e-05  3.80065315e-01  8.80388062e-01  1.08000000e+00  7.20000000e-01  6.32564088e-01 
 2.58838072e-05  3.76580827e-01  8.81932036e-01  1.08000000e+00  7.20000000e-01  6.32560601e-01 
 2.58888072e-05  3.73212596e-01  8.83533046e-01  1.08000000e+00  7.20000000e-01  6.32557241e-01 
 2.58938072e-05  3.69962250e-01  8.85185320e-01  1.08000000e+00  7.20000000e-01  6.32554028e-01 
 2.58988072e-05  3.66830960e-01  8.86882673e-01  1.08000000e+00  7.20000000e-01  6.32550964e-01 
 2.59038072e-05  3.63819773e-01  8.88618541e-01  1.08000000e+00  7.20000000e-01  6.32548073e-01 
 2.59088072e-05  3.60929876e-01  8.90386000e-01  1.08000000e+00  7.20000000e-01  6.32545361e-01 
 2.59138072e-05  3.58162863e-01  8.92177784e-01  1.08000000e+00  7.20000000e-01  6.32542852e-01 
 2.59188072e-05  3.55520950e-01  8.93986284e-01  1.08000000e+00  7.20000000e-01  6.32540553e-01 
 2.59238072e-05  3.53007167e-01  8.95803549e-01  1.08000000e+00  7.20000000e-01  6.32538490e-01 
 2.59288072e-05  3.50625510e-01  8.97621281e-01  1.08000000e+00  7.20000000e-01  6.32536670e-01 
 2.59338072e-05  3.48381051e-01  8.99430826e-01  1.08000000e+00  7.20000000e-01  6.32535118e-01 
 2.59388072e-05  3.46279997e-01  9.01223182e-01  1.08000000e+00  7.20000000e-01  6.32533842e-01 
 2.59438072e-05  3.44329700e-01  9.02989004e-01  1.08000000e+00  7.20000000e-01  6.32532866e-01 
 2.59488072e-05  3.42538593e-01  9.04718634e-01  1.08000000e+00  7.20000000e-01  6.32532199e-01 
 2.59538072e-05  3.40916064e-01  9.06402149e-01  1.08000000e+00  7.20000000e-01  6.32531863e-01 
 2.59588072e-05  3.39472250e-01  9.08029436e-01  1.08000000e+00  7.20000000e-01  6.32531868e-01 
 2.59638072e-05  3.38217756e-01  9.09590285e-01  1.08000000e+00  7.20000000e-01  6.32532232e-01 
 2.59688072e-05  3.37163291e-01  9.11074520e-01  1.08000000e+00  7.20000000e-01  6.32532963e-01 
 2.59738072e-05  3.36319253e-01  9.12472144e-01  1.08000000e+00  7.20000000e-01  6.32534076e-01 
 2.59788072e-05  3.35695242e-01  9.13773501e-01  1.08000000e+00  7.20000000e-01  6.32535574e-01 
 2.59838072e-05  3.35299547e-01  9.14969451e-01  1.08000000e+00  7.20000000e-01  6.32537465e-01 
 2.59888072e-05  3.35138621e-01  9.16051539e-01  1.08000000e+00  7.20000000e-01  6.32539744e-01 
 2.59938072e-05  3.35216561e-01  9.17012146e-01  1.08000000e+00  7.20000000e-01  6.32542413e-01 
 2.59988072e-05  3.35534639e-01  9.17844623e-01  1.08000000e+00  7.20000000e-01  6.32545457e-01 
 2.60038072e-05  3.36090879e-01  9.18543383e-01  1.08000000e+00  7.20000000e-01  6.32548867e-01 
 2.60088072e-05  3.36879741e-01  9.19103948e-01  1.08000000e+00  7.20000000e-01  6.32552619e-01 
 2.60138072e-05  3.37891897e-01  9.19522960e-01  1.08000000e+00  7.20000000e-01  6.32556696e-01 
 2.60188072e-05  3.39114131e-01  9.19798134e-01  1.08000000e+00  7.20000000e-01  6.32561065e-01 
 2.60238072e-05  3.40529374e-01  9.19928175e-01  1.08000000e+00  7.20000000e-01  6.32565701e-01 
 2.60288072e-05  3.42116876e-01  9.19912664e-01  1.08000000e+00  7.20000000e-01  6.32570569e-01 
 2.60338072e-05  3.43852511e-01  9.19751923e-01  1.08000000e+00  7.20000000e-01  6.32575639e-01 
 2.60388072e-05  3.45709230e-01  9.19446873e-01  1.08000000e+00  7.20000000e-01  6.32580875e-01 
 2.60438072e-05  3.47657627e-01  9.18998905e-01  1.08000000e+00  7.20000000e-01  6.32586248e-01 
 2.60488072e-05  3.49666624e-01  9.18409782e-01  1.08000000e+00  7.20000000e-01  6.32591725e-01 
 2.60538072e-05  3.51704246e-01  9.17681573e-01  1.08000000e+00  7.20000000e-01  6.32597281e-01 
 2.60588072e-05  3.53738455e-01  9.16816644e-01  1.08000000e+00  7.20000000e-01  6.32602884e-01 
 2.60638072e-05  3.55738002e-01  9.15817689e-01  1.08000000e+00  7.20000000e-01  6.32608515e-01 
 2.60688072e-05  3.57673266e-01  9.14687821e-01  1.08000000e+00  7.20000000e-01  6.32614145e-01 
 2.60738072e-05  3.59517035e-01  9.13430685e-01  1.08000000e+00  7.20000000e-01  6.32619758e-01 
 2.60788072e-05  3.61245180e-01  9.12050606e-01  1.08000000e+00  7.20000000e-01  6.32625325e-01 
 2.60838072e-05  3.62837198e-01  9.10552737e-01  1.08000000e+00  7.20000000e-01  6.32630827e-01 
 2.60888072e-05  3.64276590e-01  9.08943202e-01  1.08000000e+00  7.20000000e-01  6.32636236e-01 
 2.60938072e-05  3.65551071e-01  9.07229206e-01  1.08000000e+00  7.20000000e-01  6.32641528e-01 
 2.60988072e-05  3.66652605e-01  9.05419119e-01  1.08000000e+00  7.20000000e-01  6.32646668e-01 
 2.61038072e-05  3.67577279e-01  9.03522504e-01  1.08000000e+00  7.20000000e-01  6.32651631e-01 
 2.61088072e-05  3.68325035e-01  9.01550106e-01  1.08000000e+00  7.20000000e-01  6.32656376e-01 
 2.61138072e-05  3.68899293e-01  8.99513787e-01  1.08000000e+00  7.20000000e-01  6.32660872e-01 
 2.61188072e-05  3.69306484e-01  8.97426423e-01  1.08000000e+00  7.20000000e-01  6.32665078e-01 
 2.61238072e-05  3.69555540e-01  8.95301756e-01  1.08000000e+00  7.20000000e-01  6.32668962e-01 
 2.61288072e-05  3.69657358e-01  8.93154222e-01  1.08000000e+00  7.20000000e-01  6.32672481e-01 
 2.61338072e-05  3.69624269e-01  8.90998749e-01  1.08000000e+00  7.20000000e-01  6.32675605e-01 
 2.61388072e-05  3.69469526e-01  8.88850547e-01  1.08000000e+00  7.20000000e-01  6.32678300e-01 
 2.61438072e-05  3.69206850e-01  8.86724886e-01  1.08000000e+00  7.20000000e-01  6.32680539e-01 
 2.61488072e-05  3.68850009e-01  8.84636874e-01  1.08000000e+00  7.20000000e-01  6.32682296e-01 
 2.61538072e-05  3.68412474e-01  8.82601248e-01  1.08000000e+00  7.20000000e-01  6.32683555e-01 
 2.61588072e-05  3.67907127e-01  8.80632165e-01  1.08000000e+00  7.20000000e-01  6.32684298e-01 
 2.61638072e-05  3.67346044e-01  8.78743023e-01  1.08000000e+00  7.20000000e-01  6.32684523e-01 
 2.61688072e-05  3.66740321e-01  8.76946291e-01  1.08000000e+00  7.20000000e-01  6.32684222e-01 
 2.61738072e-05  3.66099981e-01  8.75253369e-01  1.08000000e+00  7.20000000e-01  6.32683403e-01 
 2.61788072e-05  3.65433898e-01  8.73674474e-01  1.08000000e+00  7.20000000e-01  6.32682073e-01 
 2.61838072e-05  3.64749794e-01  8.72218545e-01  1.08000000e+00  7.20000000e-01  6.32680250e-01 
 2.61888072e-05  3.64054249e-01  8.70893188e-01  1.08000000e+00  7.20000000e-01  6.32677950e-01 
 2.61938072e-05  3.63352753e-01  8.69704633e-01  1.08000000e+00  7.20000000e-01  6.32675202e-01 
 2.61988072e-05  3.62649764e-01  8.68657734e-01  1.08000000e+00  7.20000000e-01  6.32672030e-01 
 2.62038072e-05  3.61948805e-01  8.67755974e-01  1.08000000e+00  7.20000000e-01  6.32668471e-01 
 2.62088072e-05  3.61252539e-01  8.67001511e-01  1.08000000e+00  7.20000000e-01  6.32664556e-01 
 2.62138072e-05  3.60562885e-01  8.66395231e-01  1.08000000e+00  7.20000000e-01  6.32660325e-01 
 2.62188072e-05  3.59881101e-01  8.65936820e-01  1.08000000e+00  7.20000000e-01  6.32655813e-01 
 2.62238072e-05  3.59207902e-01  8.65624854e-01  1.08000000e+00  7.20000000e-01  6.32651065e-01 
 2.62288072e-05  3.58543540e-01  8.65456896e-01  1.08000000e+00  7.20000000e-01  6.32646117e-01 
 2.62338072e-05  3.57887912e-01  8.65429597e-01  1.08000000e+00  7.20000000e-01  6.32641013e-01 
 2.62388072e-05  3.57240637e-01  8.65538809e-01  1.08000000e+00  7.20000000e-01  6.32635789e-01 
 2.62438072e-05  3.56601147e-01  8.65779691e-01  1.08000000e+00  7.20000000e-01  6.32630488e-01 
 2.62488072e-05  3.55968754e-01  8.66146821e-01  1.08000000e+00  7.20000000e-01  6.32625144e-01 
 2.62538072e-05  3.55342733e-01  8.66634299e-01  1.08000000e+00  7.20000000e-01  6.32619796e-01 
 2.62588072e-05  3.54722375e-01  8.67235850e-01  1.08000000e+00  7.20000000e-01  6.32614474e-01 
 2.62638072e-05  3.54107052e-01  8.67944917e-01  1.08000000e+00  7.20000000e-01  6.32609215e-01 
 2.62688072e-05  3.53496268e-01  8.68754749e-01  1.08000000e+00  7.20000000e-01  6.32604042e-01 
 2.62738072e-05  3.52889709e-01  8.69658480e-01  1.08000000e+00  7.20000000e-01  6.32598988e-01 
 2.62788072e-05  3.52287281e-01  8.70649194e-01  1.08000000e+00  7.20000000e-01  6.32594070e-01 
 2.62838072e-05  3.51689152e-01  8.71719993e-01  1.08000000e+00  7.20000000e-01  6.32589316e-01 
 2.62888072e-05  3.51095779e-01  8.72864039e-01  1.08000000e+00  7.20000000e-01  6.32584739e-01 
 2.62938072e-05  3.50507944e-01  8.74074602e-01  1.08000000e+00  7.20000000e-01  6.32580361e-01 
 2.62988072e-05  3.49926764e-01  8.75345092e-01  1.08000000e+00  7.20000000e-01  6.32576188e-01 
 2.63038072e-05  3.49353721e-01  8.76669077e-01  1.08000000e+00  7.20000000e-01  6.32572239e-01 
 2.63088072e-05  3.48790667e-01  8.78040307e-01  1.08000000e+00  7.20000000e-01  6.32568515e-01 
 2.63138072e-05  3.48239840e-01  8.79452719e-01  1.08000000e+00  7.20000000e-01  6.32565030e-01 
 2.63188072e-05  3.47703859e-01  8.80900440e-01  1.08000000e+00  7.20000000e-01  6.32561783e-01 
 2.63238072e-05  3.47185736e-01  8.82377782e-01  1.08000000e+00  7.20000000e-01  6.32558782e-01 
 2.63288072e-05  3.46688861e-01  8.83879241e-01  1.08000000e+00  7.20000000e-01  6.32556023e-01 
 2.63338072e-05  3.46217002e-01  8.85399480e-01  1.08000000e+00  7.20000000e-01  6.32553513e-01 
 2.63388072e-05  3.45774285e-01  8.86933320e-01  1.08000000e+00  7.20000000e-01  6.32551244e-01 
 2.63438072e-05  3.45365181e-01  8.88475724e-01  1.08000000e+00  7.20000000e-01  6.32549222e-01 
 2.63488072e-05  3.44994476e-01  8.90021784e-01  1.08000000e+00  7.20000000e-01  6.32547437e-01 
 2.63538072e-05  3.44667249e-01  8.91566708e-01  1.08000000e+00  7.20000000e-01  6.32545894e-01 
 2.63588072e-05  3.44388824e-01  8.93105806e-01  1.08000000e+00  7.20000000e-01  6.32544582e-01 
 2.63638072e-05  3.44164734e-01  8.94634486e-01  1.08000000e+00  7.20000000e-01  6.32543505e-01 
 2.63688072e-05  3.44000660e-01  8.96148242e-01  1.08000000e+00  7.20000000e-01  6.32542652e-01 
 2.63738072e-05  3.43902373e-01  8.97642658e-01  1.08000000e+00  7.20000000e-01  6.32542026e-01 
 2.63788072e-05  3.43875653e-01  8.99113408e-01  1.08000000e+00  7.20000000e-01  6.32541617e-01 
 2.63838072e-05  3.43926208e-01  9.00556264e-01  1.08000000e+00  7.20000000e-01  6.32541426e-01 
 2.63888072e-05  3.44059577e-01  9.01967102e-01  1.08000000e+00  7.20000000e-01  6.32541444e-01 
 2.63938072e-05  3.44281022e-01  9.03341922e-01  1.08000000e+00  7.20000000e-01  6.32541672e-01 
 2.63988072e-05  3.44595409e-01  9.04676863e-01  1.08000000e+00  7.20000000e-01  6.32542099e-01 
 2.64038072e-05  3.45007085e-01  9.05968217e-01  1.08000000e+00  7.20000000e-01  6.32542726e-01 
 2.64088072e-05  3.45519738e-01  9.07212448e-01  1.08000000e+00  7.20000000e-01  6.32543543e-01 
 2.64138072e-05  3.46136264e-01  9.08406207e-01  1.08000000e+00  7.20000000e-01  6.32544548e-01 
 2.64188072e-05  3.46858613e-01  9.09546341e-01  1.08000000e+00  7.20000000e-01  6.32545731e-01 
 2.64238072e-05  3.47687658e-01  9.10629893e-01  1.08000000e+00  7.20000000e-01  6.32547089e-01 
 2.64288072e-05  3.48623040e-01  9.11654098e-01  1.08000000e+00  7.20000000e-01  6.32548612e-01 
 2.64338072e-05  3.49663044e-01  9.12616361e-01  1.08000000e+00  7.20000000e-01  6.32550296e-01 
 2.64388072e-05  3.50804459e-01  9.13514229e-01  1.08000000e+00  7.20000000e-01  6.32552130e-01 
 2.64438072e-05  3.52042473e-01  9.14345337e-01  1.08000000e+00  7.20000000e-01  6.32554111e-01 
 2.64488072e-05  3.53370566e-01  9.15107353e-01  1.08000000e+00  7.20000000e-01  6.32556228e-01 
 2.64538072e-05  3.54780439e-01  9.15797902e-01  1.08000000e+00  7.20000000e-01  6.32558479e-01 
 2.64588072e-05  3.56261959e-01  9.16414477e-01  1.08000000e+00  7.20000000e-01  6.32560855e-01 
 2.64638072e-05  3.57803145e-01  9.16954350e-01  1.08000000e+00  7.20000000e-01  6.32563357e-01 
 2.64688072e-05  3.59390198e-01  9.17414484e-01  1.08000000e+00  7.20000000e-01  6.32565979e-01 
 2.64738072e-05  3.61007583e-01  9.17791447e-01  1.08000000e+00  7.20000000e-01  6.32568726e-01 
 2.64788072e-05  3.62638181e-01  9.18081353e-01  1.08000000e+00  7.20000000e-01  6.32571596e-01 
 2.64838072e-05  3.64263510e-01  9.18279829e-01  1.08000000e+00  7.20000000e-01  6.32574599e-01 
 2.64888072e-05  3.65864039e-01  9.18382024e-01  1.08000000e+00  7.20000000e-01  6.32577737e-01 
 2.64938072e-05  3.67419579e-01  9.18382665e-01  1.08000000e+00  7.20000000e-01  6.32581025e-01 
 2.64988072e-05  3.68909760e-01  9.18276167e-01  1.08000000e+00  7.20000000e-01  6.32584468e-01 
 2.65038072e-05  3.70314571e-01  9.18056794e-01  1.08000000e+00  7.20000000e-01  6.32588080e-01 
 2.65088072e-05  3.71614951e-01  9.17718875e-01  1.08000000e+00  7.20000000e-01  6.32591868e-01 
 2.65138072e-05  3.72793380e-01  9.17257049e-01  1.08000000e+00  7.20000000e-01  6.32595843e-01 
 2.65188072e-05  3.73834452e-01  9.16666536e-01  1.08000000e+00  7.20000000e-01  6.32600005e-01 
 2.65238072e-05  3.74725386e-01  9.15943418e-01  1.08000000e+00  7.20000000e-01  6.32604360e-01 
 2.65288072e-05  3.75456433e-01  9.15084896e-01  1.08000000e+00  7.20000000e-01  6.32608896e-01 
 2.65338072e-05  3.76021165e-01  9.14089530e-01  1.08000000e+00  7.20000000e-01  6.32613608e-01 
 2.65388072e-05  3.76416618e-01  9.12957433e-01  1.08000000e+00  7.20000000e-01  6.32618471e-01 
 2.65438072e-05  3.76643294e-01  9.11690405e-01  1.08000000e+00  7.20000000e-01  6.32623464e-01 
 2.65488072e-05  3.76705013e-01  9.10292024e-01  1.08000000e+00  7.20000000e-01  6.32628552e-01 
 2.65538072e-05  3.76608654e-01  9.08767675e-01  1.08000000e+00  7.20000000e-01  6.32633698e-01 
 2.65588072e-05  3.76363776e-01  9.07124518e-01  1.08000000e+00  7.20000000e-01  6.32638854e-01 
 2.65638072e-05  3.75982176e-01  9.05371419e-01  1.08000000e+00  7.20000000e-01  6.32643977e-01 
 2.65688072e-05  3.75477392e-01  9.03518833e-01  1.08000000e+00  7.20000000e-01  6.32649009e-01 
 2.65738072e-05  3.74864186e-01  9.01578647e-01  1.08000000e+00  7.20000000e-01  6.32653902e-01 
 2.65788072e-05  3.74158037e-01  8.99564006e-01  1.08000000e+00  7.20000000e-01  6.32658595e-01 
 2.65838072e-05  3.73374655e-01  8.97489107e-01  1.08000000e+00  7.20000000e-01  6.32663041e-01 
 2.65888072e-05  3.72529541e-01  8.95368990e-01  1.08000000e+00  7.20000000e-01  6.32667183e-01 
 2.65938072e-05  3.71637609e-01  8.93219309e-01  1.08000000e+00  7.20000000e-01  6.32670975e-01 
 2.65988072e-05  3.70712867e-01  8.91056104e-01  1.08000000e+00  7.20000000e-01  6.32674371e-01 
 2.66038072e-05  3.69768174e-01  8.88895579e-01  1.08000000e+00  7.20000000e-01  6.32677334e-01 
 2.66088072e-05  3.68815059e-01  8.86753873e-01  1.08000000e+00  7.20000000e-01  6.32679825e-01 
 2.66138072e-05  3.67863613e-01  8.84646847e-01  1.08000000e+00  7.20000000e-01  6.32681821e-01 
 2.66188072e-05  3.66922433e-01  8.82589882e-01  1.08000000e+00  7.20000000e-01  6.32683297e-01 
 2.66238072e-05  3.65998625e-01  8.80597686e-01  1.08000000e+00  7.20000000e-01  6.32684240e-01 
 2.66288072e-05  3.65097847e-01  8.78684125e-01  1.08000000e+00  7.20000000e-01  6.32684639e-01 
 2.66338072e-05  3.64224390e-01  8.76862069e-01  1.08000000e+00  7.20000000e-01  6.32684496e-01 
 2.66388072e-05  3.63381276e-01  8.75143261e-01  1.08000000e+00  7.20000000e-01  6.32683811e-01 
 2.66438072e-05  3.62570387e-01  8.73538211e-01  1.08000000e+00  7.20000000e-01  6.32682598e-01 
 2.66488072e-05  3.61792591e-01  8.72056115e-01  1.08000000e+00  7.20000000e-01  6.32680871e-01 
 2.66538072e-05  3.61047882e-01  8.70704798e-01  1.08000000e+00  7.20000000e-01  6.32678654e-01 
 2.66588072e-05  3.60335514e-01  8.69490681e-01  1.08000000e+00  7.20000000e-01  6.32675969e-01 
 2.66638072e-05  3.59654136e-01  8.68418780e-01  1.08000000e+00  7.20000000e-01  6.32672851e-01 
 2.66688072e-05  3.59001909e-01  8.67492721e-01  1.08000000e+00  7.20000000e-01  6.32669328e-01 
 2.66738072e-05  3.58376627e-01  8.66714776e-01  1.08000000e+00  7.20000000e-01  6.32665441e-01 
 2.66788072e-05  3.57775816e-01  8.66085931e-01  1.08000000e+00  7.20000000e-01  6.32661225e-01 
 2.66838072e-05  3.57196836e-01  8.65605947e-01  1.08000000e+00  7.20000000e-01  6.32656723e-01 
 2.66888072e-05  3.56636952e-01  8.65273464e-01  1.08000000e+00  7.20000000e-01  6.32651973e-01 
 2.66938072e-05  3.56093420e-01  8.65086085e-01  1.08000000e+00  7.20000000e-01  6.32647019e-01 
 2.66988072e-05  3.55563542e-01  8.65040493e-01  1.08000000e+00  7.20000000e-01  6.32641900e-01 
 2.67038072e-05  3.55044730e-01  8.65132555e-01  1.08000000e+00  7.20000000e-01  6.32636659e-01 
 2.67088072e-05  3.54534547e-01  8.65357437e-01  1.08000000e+00  7.20000000e-01  6.32631333e-01 
 2.67138072e-05  3.54030756e-01  8.65709712e-01  1.08000000e+00  7.20000000e-01  6.32625964e-01 
 2.67188072e-05  3.53531353e-01  8.66183470e-01  1.08000000e+00  7.20000000e-01  6.32620584e-01 
 2.67238072e-05  3.53034600e-01  8.66772419e-01  1.08000000e+00  7.20000000e-01  6.32615232e-01 
 2.67288072e-05  3.52539055e-01  8.67469983e-01  1.08000000e+00  7.20000000e-01  6.32609935e-01 
 2.67338072e-05  3.52043594e-01  8.68269390e-01  1.08000000e+00  7.20000000e-01  6.32604729e-01 
 2.67388072e-05  3.51547432e-01  8.69163749e-01  1.08000000e+00  7.20000000e-01  6.32599634e-01 
 2.67438072e-05  3.51050143e-01  8.70146127e-01  1.08000000e+00  7.20000000e-01  6.32594680e-01 
 2.67488072e-05  3.50551675e-01  8.71209604e-01  1.08000000e+00  7.20000000e-01  6.32589884e-01 
 2.67538072e-05  3.50052362e-01  8.72347329e-01  1.08000000e+00  7.20000000e-01  6.32585270e-01 
 2.67588072e-05  3.49552931e-01  8.73552559e-01  1.08000000e+00  7.20000000e-01  6.32580848e-01 
 2.67638072e-05  3.49054515e-01  8.74818698e-01  1.08000000e+00  7.20000000e-01  6.32576638e-01 
 2.67688072e-05  3.48558654e-01  8.76139314e-01  1.08000000e+00  7.20000000e-01  6.32572645e-01 
 2.67738072e-05  3.48067295e-01  8.77508162e-01  1.08000000e+00  7.20000000e-01  6.32568883e-01 
 2.67788072e-05  3.47582795e-01  8.78919188e-01  1.08000000e+00  7.20000000e-01  6.32565354e-01 
 2.67838072e-05  3.47107916e-01  8.80366535e-01  1.08000000e+00  7.20000000e-01  6.32562067e-01 
 2.67888072e-05  3.46645814e-01  8.81844540e-01  1.08000000e+00  7.20000000e-01  6.32559021e-01 
 2.67938072e-05  3.46200037e-01  8.83347724e-01  1.08000000e+00  7.20000000e-01  6.32556223e-01 
 2.67988072e-05  3.45774508e-01  8.84870786e-01  1.08000000e+00  7.20000000e-01  6.32553667e-01 
 2.68038072e-05  3.45373508e-01  8.86408583e-01  1.08000000e+00  7.20000000e-01  6.32551357e-01 
 2.68088072e-05  3.45001659e-01  8.87956122e-01  1.08000000e+00  7.20000000e-01  6.32549287e-01 
 2.68138072e-05  3.44663897e-01  8.89508542e-01  1.08000000e+00  7.20000000e-01  6.32547460e-01 
 2.68188072e-05  3.44365443e-01  8.91061099e-01  1.08000000e+00  7.20000000e-01  6.32545867e-01 
 2.68238072e-05  3.44111769e-01  8.92609156e-01  1.08000000e+00  7.20000000e-01  6.32544510e-01 
 2.68288072e-05  3.43908550e-01  8.94148172e-01  1.08000000e+00  7.20000000e-01  6.32543381e-01 
 2.68338072e-05  3.43761619e-01  8.95673697e-01  1.08000000e+00  7.20000000e-01  6.32542480e-01 
 2.68388072e-05  3.43676902e-01  8.97181365e-01  1.08000000e+00  7.20000000e-01  6.32541799e-01 
 2.68438072e-05  3.43660353e-01  8.98666901e-01  1.08000000e+00  7.20000000e-01  6.32541339e-01 
 2.68488072e-05  3.43717870e-01  9.00126123e-01  1.08000000e+00  7.20000000e-01  6.32541090e-01 
 2.68538072e-05  3.43855205e-01  9.01554953e-01  1.08000000e+00  7.20000000e-01  6.32541053e-01 
 2.68588072e-05  3.44077862e-01  9.02949429e-01  1.08000000e+00  7.20000000e-01  6.32541219e-01 
 2.68638072e-05  3.44390988e-01  9.04305723e-01  1.08000000e+00  7.20000000e-01  6.32541588e-01 
 2.68688072e-05  3.44799245e-01  9.05620160e-01  1.08000000e+00  7.20000000e-01  6.32542150e-01 
 2.68738072e-05  3.45306685e-01  9.06889229e-01  1.08000000e+00  7.20000000e-01  6.32542904e-01 
 2.68788072e-05  3.45916614e-01  9.08109609e-01  1.08000000e+00  7.20000000e-01  6.32543841e-01 
 2.68838072e-05  3.46631447e-01  9.09278170e-01  1.08000000e+00  7.20000000e-01  6.32544959e-01 
 2.68888072e-05  3.47452570e-01  9.10391987e-01  1.08000000e+00  7.20000000e-01  6.32546247e-01 
 2.68938072e-05  3.48380196e-01  9.11448329e-01  1.08000000e+00  7.20000000e-01  6.32547702e-01 
 2.68988072e-05  3.49413226e-01  9.12444649e-01  1.08000000e+00  7.20000000e-01  6.32549313e-01 
 2.69038072e-05  3.50549122e-01  9.13378553e-01  1.08000000e+00  7.20000000e-01  6.32551076e-01 
 2.69088072e-05  3.51783779e-01  9.14247759e-01  1.08000000e+00  7.20000000e-01  6.32552981e-01 
 2.69138072e-05  3.53111420e-01  9.15050034e-01  1.08000000e+00  7.20000000e-01  6.32555024e-01 
 2.69188072e-05  3.54524506e-01  9.15783126e-01  1.08000000e+00  7.20000000e-01  6.32557194e-01 
 2.69238072e-05  3.56013662e-01  9.16444672e-01  1.08000000e+00  7.20000000e-01  6.32559492e-01 
 2.69288072e-05  3.57567647e-01  9.17032105e-01  1.08000000e+00  7.20000000e-01  6.32561908e-01 
 2.69338072e-05  3.59173343e-01  9.17542553e-01  1.08000000e+00  7.20000000e-01  6.32564444e-01 
 2.69388072e-05  3.60815813e-01  9.17972745e-01  1.08000000e+00  7.20000000e-01  6.32567098e-01 
 2.69438072e-05  3.62478405e-01  9.18318934e-01  1.08000000e+00  7.20000000e-01  6.32569874e-01 
 2.69488072e-05  3.64142931e-01  9.18576837e-01  1.08000000e+00  7.20000000e-01  6.32572774e-01 
 2.69538072e-05  3.65789943e-01  9.18741622e-01  1.08000000e+00  7.20000000e-01  6.32575810e-01 
 2.69588072e-05  3.67399076e-01  9.18807938e-01  1.08000000e+00  7.20000000e-01  6.32578986e-01 
 2.69638072e-05  3.68949505e-01  9.18769999e-01  1.08000000e+00  7.20000000e-01  6.32582320e-01 
 2.69688072e-05  3.70420468e-01  9.18621732e-01  1.08000000e+00  7.20000000e-01  6.32585818e-01 
 2.69738072e-05  3.71791859e-01  9.18356970e-01  1.08000000e+00  7.20000000e-01  6.32589497e-01 
 2.69788072e-05  3.73044847e-01  9.17969705e-01  1.08000000e+00  7.20000000e-01  6.32593364e-01 
 2.69838072e-05  3.74162500e-01  9.17454360e-01  1.08000000e+00  7.20000000e-01  6.32597430e-01 
 2.69888072e-05  3.75130353e-01  9.16806090e-01  1.08000000e+00  7.20000000e-01  6.32601696e-01 
 2.69938072e-05  3.75936902e-01  9.16021069e-01  1.08000000e+00  7.20000000e-01  6.32606164e-01 
 2.69988072e-05  3.76573970e-01  9.15096756e-01  1.08000000e+00  7.20000000e-01  6.32610823e-01 
 2.70038072e-05  3.77036939e-01  9.14032129e-01  1.08000000e+00  7.20000000e-01  6.32615662e-01 
 2.70088072e-05  3.77324821e-01  9.12827858e-01  1.08000000e+00  7.20000000e-01  6.32620655e-01 
 2.70138072e-05  3.77440182e-01  9.11486429e-01  1.08000000e+00  7.20000000e-01  6.32625776e-01 
 2.70188072e-05  3.77388916e-01  9.10012201e-01  1.08000000e+00  7.20000000e-01  6.32630984e-01 
 2.70238072e-05  3.77179907e-01  9.08411409e-01  1.08000000e+00  7.20000000e-01  6.32636242e-01 
 2.70288072e-05  3.76824587e-01  9.06692109e-01  1.08000000e+00  7.20000000e-01  6.32641496e-01 
 2.70338072e-05  3.76336436e-01  9.04864078e-01  1.08000000e+00  7.20000000e-01  6.32646698e-01 
 2.70388072e-05  3.75730443e-01  9.02938673e-01  1.08000000e+00  7.20000000e-01  6.32651790e-01 
 2.70438072e-05  3.75022567e-01  9.00928658e-01  1.08000000e+00  7.20000000e-01  6.32656718e-01 
 2.70488072e-05  3.74229206e-01  8.98848005e-01  1.08000000e+00  7.20000000e-01  6.32661423e-01 
 2.70538072e-05  3.73366716e-01  8.96711678e-01  1.08000000e+00  7.20000000e-01  6.32665853e-01 
 2.70588072e-05  3.72450982e-01  8.94535406e-01  1.08000000e+00  7.20000000e-01  6.32669952e-01 
 2.70638072e-05  3.71497056e-01  8.92335449e-01  1.08000000e+00  7.20000000e-01  6.32673675e-01 
 2.70688072e-05  3.70518866e-01  8.90128365e-01  1.08000000e+00  7.20000000e-01  6.32676974e-01 
 2.70738072e-05  3.69529000e-01  8.87930773e-01  1.08000000e+00  7.20000000e-01  6.32679815e-01 
 2.70788072e-05  3.68538563e-01  8.85759129e-01  1.08000000e+00  7.20000000e-01  6.32682161e-01 
 2.70838072e-05  3.67557100e-01  8.83629507e-01  1.08000000e+00  7.20000000e-01  6.32683990e-01 
 2.70888072e-05  3.66592573e-01  8.81557402e-01  1.08000000e+00  7.20000000e-01  6.32685278e-01 
 2.70938072e-05  3.65651398e-01  8.79557533e-01  1.08000000e+00  7.20000000e-01  6.32686017e-01 
 2.70988072e-05  3.64738509e-01  8.77643681e-01  1.08000000e+00  7.20000000e-01  6.32686197e-01 
 2.71038072e-05  3.63857469e-01  8.75828539e-01  1.08000000e+00  7.20000000e-01  6.32685823e-01 
 2.71088072e-05  3.63010584e-01  8.74123590e-01  1.08000000e+00  7.20000000e-01  6.32684899e-01 
 2.71138072e-05  3.62199049e-01  8.72539005e-01  1.08000000e+00  7.20000000e-01  6.32683441e-01 
 2.71188072e-05  3.61423086e-01  8.71083575e-01  1.08000000e+00  7.20000000e-01  6.32681466e-01 
 2.71238072e-05  3.60682093e-01  8.69764659e-01  1.08000000e+00  7.20000000e-01  6.32679001e-01 
 2.71288072e-05  3.59974782e-01  8.68588172e-01  1.08000000e+00  7.20000000e-01  6.32676071e-01 
 2.71338072e-05  3.59299315e-01  8.67558582e-01  1.08000000e+00  7.20000000e-01  6.32672712e-01 
 2.71388072e-05  3.58653428e-01  8.66678947e-01  1.08000000e+00  7.20000000e-01  6.32668957e-01 
 2.71438072e-05  3.58034544e-01  8.65950958e-01  1.08000000e+00  7.20000000e-01  6.32664846e-01 
 2.71488072e-05  3.57439873e-01  8.65375013e-01  1.08000000e+00  7.20000000e-01  6.32660418e-01 
 2.71538072e-05  3.56866510e-01  8.64950300e-01  1.08000000e+00  7.20000000e-01  6.32655716e-01 
 2.71588072e-05  3.56311505e-01  8.64674895e-01  1.08000000e+00  7.20000000e-01  6.32650780e-01 
 2.71638072e-05  3.55771943e-01  8.64545864e-01  1.08000000e+00  7.20000000e-01  6.32645656e-01 
 2.71688072e-05  3.55244996e-01  8.64559382e-01  1.08000000e+00  7.20000000e-01  6.32640383e-01 
 2.71738072e-05  3.54727983e-01  8.64710843e-01  1.08000000e+00  7.20000000e-01  6.32635004e-01 
 2.71788072e-05  3.54218409e-01  8.64994978e-01  1.08000000e+00  7.20000000e-01  6.32629558e-01 
 2.71838072e-05  3.53714008e-01  8.65405967e-01  1.08000000e+00  7.20000000e-01  6.32624084e-01 
 2.71888072e-05  3.53212778e-01  8.65937549e-01  1.08000000e+00  7.20000000e-01  6.32618618e-01 
 2.71938072e-05  3.52713009e-01  8.66583126e-01  1.08000000e+00  7.20000000e-01  6.32613195e-01 
 2.71988072e-05  3.52213308e-01  8.67335858e-01  1.08000000e+00  7.20000000e-01  6.32607844e-01 
 2.72038072e-05  3.51712623e-01  8.68188748e-01  1.08000000e+00  7.20000000e-01  6.32602598e-01 
 2.72088072e-05  3.51210262e-01  8.69134723e-01  1.08000000e+00  7.20000000e-01  6.32597480e-01 
 2.72138072e-05  3.50705912e-01  8.70166702e-01  1.08000000e+00  7.20000000e-01  6.32592516e-01 
 2.72188072e-05  3.50199646e-01  8.71277653e-01  1.08000000e+00  7.20000000e-01  6.32587723e-01 
 2.72238072e-05  3.49691943e-01  8.72460643e-01  1.08000000e+00  7.20000000e-01  6.32583123e-01 
 2.72288072e-05  3.49183687e-01  8.73708876e-01  1.08000000e+00  7.20000000e-01  6.32578727e-01 
 2.72338072e-05  3.48676183e-01  8.75015721e-01  1.08000000e+00  7.20000000e-01  6.32574552e-01 
 2.72388072e-05  3.48171150e-01  8.76374737e-01  1.08000000e+00  7.20000000e-01  6.32570604e-01 
 2.72438072e-05  3.47670729e-01  8.77779682e-01  1.08000000e+00  7.20000000e-01  6.32566894e-01 
 2.72488072e-05  3.47177477e-01  8.79224518e-01  1.08000000e+00  7.20000000e-01  6.32563424e-01 
 2.72538072e-05  3.46694364e-01  8.80703415e-01  1.08000000e+00  7.20000000e-01  6.32560203e-01 
 2.72588072e-05  3.46224763e-01  8.82210739e-01  1.08000000e+00  7.20000000e-01  6.32557227e-01 
 2.72638072e-05  3.45772441e-01  8.83741048e-01  1.08000000e+00  7.20000000e-01  6.32554503e-01 
 2.72688072e-05  3.45341545e-01  8.85289074e-01  1.08000000e+00  7.20000000e-01  6.32552024e-01 
 2.72738072e-05  3.44936584e-01  8.86849709e-01  1.08000000e+00  7.20000000e-01  6.32549795e-01 
 2.72788072e-05  3.44562410e-01  8.88417990e-01  1.08000000e+00  7.20000000e-01  6.32547808e-01 
 2.72838072e-05  3.44224188e-01  8.89989084e-01  1.08000000e+00  7.20000000e-01  6.32546064e-01 
 2.72888072e-05  3.43927367e-01  8.91558270e-01  1.08000000e+00  7.20000000e-01  6.32544557e-01 
 2.72938072e-05  3.43677642e-01  8.93120930e-01  1.08000000e+00  7.20000000e-01  6.32543287e-01 
 2.72988072e-05  3.43480908e-01  8.94672538e-01  1.08000000e+00  7.20000000e-01  6.32542245e-01 
 2.73038072e-05  3.43343204e-01  8.96208656e-01  1.08000000e+00  7.20000000e-01  6.32541431e-01 
 2.73088072e-05  3.43270652e-01  8.97724932e-01  1.08000000e+00  7.20000000e-01  6.32540838e-01 
 2.73138072e-05  3.43269383e-01  8.99217101e-01  1.08000000e+00  7.20000000e-01  6.32540466e-01 
 2.73188072e-05  3.43345451e-01  9.00680997e-01  1.08000000e+00  7.20000000e-01  6.32540305e-01 
 2.73238072e-05  3.43504735e-01  9.02112562e-01  1.08000000e+00  7.20000000e-01  6.32540356e-01 
 2.73288072e-05  3.43752837e-01  9.03507865e-01  1.08000000e+00  7.20000000e-01  6.32540610e-01 
 2.73338072e-05  3.44094959e-01  9.04863116e-01  1.08000000e+00  7.20000000e-01  6.32541065e-01 
 2.73388072e-05  3.44535779e-01  9.06174690e-01  1.08000000e+00  7.20000000e-01  6.32541714e-01 
 2.73438072e-05  3.45079314e-01  9.07439146e-01  1.08000000e+00  7.20000000e-01  6.32542554e-01 
 2.73488072e-05  3.45728780e-01  9.08653243e-01  1.08000000e+00  7.20000000e-01  6.32543575e-01 
 2.73538072e-05  3.46486448e-01  9.09813950e-01  1.08000000e+00  7.20000000e-01  6.32544775e-01 
 2.73588072e-05  3.47353497e-01  9.10918456e-01  1.08000000e+00  7.20000000e-01  6.32546143e-01 
 2.73638072e-05  3.48329874e-01  9.11964160e-01  1.08000000e+00  7.20000000e-01  6.32547676e-01 
 2.73688072e-05  3.49414146e-01  9.12948654e-01  1.08000000e+00  7.20000000e-01  6.32549362e-01 
 2.73738072e-05  3.50603380e-01  9.13869692e-01  1.08000000e+00  7.20000000e-01  6.32551196e-01 
 2.73788072e-05  3.51893012e-01  9.14725141e-01  1.08000000e+00  7.20000000e-01  6.32553168e-01 
 2.73838072e-05  3.53276745e-01  9.15512912e-01  1.08000000e+00  7.20000000e-01  6.32555274e-01 
 2.73888072e-05  3.54746459e-01  9.16230884e-01  1.08000000e+00  7.20000000e-01  6.32557503e-01 
 2.73938072e-05  3.56292146e-01  9.16876807e-01  1.08000000e+00  7.20000000e-01  6.32559854e-01 
 2.73988072e-05  3.57901872e-01  9.17448195e-01  1.08000000e+00  7.20000000e-01  6.32562319e-01 
 2.74038072e-05  3.59561790e-01  9.17942221e-01  1.08000000e+00  7.20000000e-01  6.32564899e-01 
 2.74088072e-05  3.61256187e-01  9.18355615e-01  1.08000000e+00  7.20000000e-01  6.32567592e-01 
 2.74138072e-05  3.62967611e-01  9.18684581e-01  1.08000000e+00  7.20000000e-01  6.32570405e-01 
 2.74188072e-05  3.64677068e-01  9.18924737e-01  1.08000000e+00  7.20000000e-01  6.32573339e-01 
 2.74238072e-05  3.66364306e-01  9.19071107e-01  1.08000000e+00  7.20000000e-01  6.32576406e-01 
 2.74288072e-05  3.68008198e-01  9.19118151e-01  1.08000000e+00  7.20000000e-01  6.32579613e-01 
 2.74338072e-05  3.69587216e-01  9.19059866e-01  1.08000000e+00  7.20000000e-01  6.32582978e-01 
 2.74388072e-05  3.71079999e-01  9.18889947e-01  1.08000000e+00  7.20000000e-01  6.32586510e-01 
 2.74438072e-05  3.72465965e-01  9.18601999e-01  1.08000000e+00  7.20000000e-01  6.32590225e-01 
 2.74488072e-05  3.73725975e-01  9.18189804e-01  1.08000000e+00  7.20000000e-01  6.32594132e-01 
 2.74538072e-05  3.74842966e-01  9.17647619e-01  1.08000000e+00  7.20000000e-01  6.32598242e-01 
 2.74588072e-05  3.75802545e-01  9.16970488e-01  1.08000000e+00  7.20000000e-01  6.32602558e-01 
 2.74638072e-05  3.76593475e-01  9.16154541e-01  1.08000000e+00  7.20000000e-01  6.32607081e-01 
 2.74688072e-05  3.77208045e-01  9.15197272e-01  1.08000000e+00  7.20000000e-01  6.32611799e-01 
 2.74738072e-05  3.77642270e-01  9.14097767e-01  1.08000000e+00  7.20000000e-01  6.32616700e-01 
 2.74788072e-05  3.77895942e-01  9.12856885e-01  1.08000000e+00  7.20000000e-01  6.32621757e-01 
 2.74838072e-05  3.77972517e-01  9.11477367e-01  1.08000000e+00  7.20000000e-01  6.32626943e-01 
 2.74888072e-05  3.77878847e-01  9.09963889e-01  1.08000000e+00  7.20000000e-01  6.32632217e-01 
 2.74938072e-05  3.77624809e-01  9.08323049e-01  1.08000000e+00  7.20000000e-01  6.32637535e-01 
 2.74988072e-05  3.77222818e-01  9.06563308e-01  1.08000000e+00  7.20000000e-01  6.32642846e-01 
 2.75038072e-05  3.76687301e-01  9.04694867e-01  1.08000000e+00  7.20000000e-01  6.32648098e-01 
 2.75088072e-05  3.76034122e-01  9.02729522e-01  1.08000000e+00  7.20000000e-01  6.32653232e-01 
 2.75138072e-05  3.75280023e-01  9.00680473e-01  1.08000000e+00  7.20000000e-01  6.32658192e-01 
 2.75188072e-05  3.74442080e-01  8.98562120e-01  1.08000000e+00  7.20000000e-01  6.32662918e-01 
 2.75238072e-05  3.73537209e-01  8.96389837e-01  1.08000000e+00  7.20000000e-01  6.32667356e-01 
 2.75288072e-05  3.72581734e-01  8.94179735e-01  1.08000000e+00  7.20000000e-01  6.32671452e-01 
 2.75338072e-05  3.71591026e-01  8.91948424e-01  1.08000000e+00  7.20000000e-01  6.32675158e-01 
 2.75388072e-05  3.70579219e-01  8.89712770e-01  1.08000000e+00  7.20000000e-01  6.32678428e-01 
 2.75438072e-05  3.69559003e-01  8.87489662e-01  1.08000000e+00  7.20000000e-01  6.32681226e-01 
 2.75488072e-05  3.68541493e-01  8.85295776e-01  1.08000000e+00  7.20000000e-01  6.32683517e-01 
 2.75538072e-05  3.67536165e-01  8.83147362e-01  1.08000000e+00  7.20000000e-01  6.32685278e-01 
 2.75588072e-05  3.66550848e-01  8.81060035e-01  1.08000000e+00  7.20000000e-01  6.32686488e-01 
 2.75638072e-05  3.65591771e-01  8.79048591e-01  1.08000000e+00  7.20000000e-01  6.32687139e-01 
 2.75688072e-05  3.64663650e-01  8.77126833e-01  1.08000000e+00  7.20000000e-01  6.32687222e-01 
 2.75738072e-05  3.63769795e-01  8.75307431e-01  1.08000000e+00  7.20000000e-01  6.32686744e-01 
 2.75788072e-05  3.62912253e-01  8.73601799e-01  1.08000000e+00  7.20000000e-01  6.32685709e-01 
 2.75838072e-05  3.62091948e-01  8.72019996e-01  1.08000000e+00  7.20000000e-01  6.32684136e-01 
 2.75888072e-05  3.61308837e-01  8.70570662e-01  1.08000000e+00  7.20000000e-01  6.32682043e-01 
 2.75938072e-05  3.60562059e-01  8.69260974e-01  1.08000000e+00  7.20000000e-01  6.32679457e-01 
 2.75988072e-05  3.59850078e-01  8.68096632e-01  1.08000000e+00  7.20000000e-01  6.32676406e-01 
 2.76038072e-05  3.59170828e-01  8.67081869e-01  1.08000000e+00  7.20000000e-01  6.32672926e-01 
 2.76088072e-05  3.58521829e-01  8.66219488e-01  1.08000000e+00  7.20000000e-01  6.32669052e-01 
 2.76138072e-05  3.57900311e-01  8.65510913e-01  1.08000000e+00  7.20000000e-01  6.32664825e-01 
 2.76188072e-05  3.57303313e-01  8.64956270e-01  1.08000000e+00  7.20000000e-01  6.32660285e-01 
 2.76238072e-05  3.56727773e-01  8.64554469e-01  1.08000000e+00  7.20000000e-01  6.32655476e-01 
 2.76288072e-05  3.56170608e-01  8.64303312e-01  1.08000000e+00  7.20000000e-01  6.32650439e-01 
 2.76338072e-05  3.55628787e-01  8.64199600e-01  1.08000000e+00  7.20000000e-01  6.32645219e-01 
 2.76388072e-05  3.55099385e-01  8.64239252e-01  1.08000000e+00  7.20000000e-01  6.32639858e-01 
 2.76438072e-05  3.54579638e-01  8.64417418e-01  1.08000000e+00  7.20000000e-01  6.32634398e-01 
 2.76488072e-05  3.54066990e-01  8.64728604e-01  1.08000000e+00  7.20000000e-01  6.32628878e-01 
 2.76538072e-05  3.53559124e-01  8.65166780e-01  1.08000000e+00  7.20000000e-01  6.32623339e-01 
 2.76588072e-05  3.53054004e-01  8.65725495e-01  1.08000000e+00  7.20000000e-01  6.32617815e-01 
 2.76638072e-05  3.52549899e-01  8.66397981e-01  1.08000000e+00  7.20000000e-01  6.32612343e-01 
 2.76688072e-05  3.52045408e-01  8.67177247e-01  1.08000000e+00  7.20000000e-01  6.32606950e-01 
 2.76738072e-05  3.51539485e-01  8.68056166e-01  1.08000000e+00  7.20000000e-01  6.32601670e-01 
 2.76788072e-05  3.51031454e-01  8.69027555e-01  1.08000000e+00  7.20000000e-01  6.32596525e-01 
 2.76838072e-05  3.50521029e-01  8.70084238e-01  1.08000000e+00  7.20000000e-01  6.32591541e-01 
 2.76888072e-05  3.50008320e-01  8.71219109e-01  1.08000000e+00  7.20000000e-01  6.32586735e-01 
 2.76938072e-05  3.49493855e-01  8.72425174e-01  1.08000000e+00  7.20000000e-01  6.32582128e-01 
 2.76988072e-05  3.48978576e-01  8.73695593e-01  1.08000000e+00  7.20000000e-01  6.32577732e-01 
 2.77038072e-05  3.48463851e-01  8.75023702e-01  1.08000000e+00  7.20000000e-01  6.32573561e-01 
 2.77088072e-05  3.47951475e-01  8.76403037e-01  1.08000000e+00  7.20000000e-01  6.32569623e-01 
 2.77138072e-05  3.47443670e-01  8.77827345e-01  1.08000000e+00  7.20000000e-01  6.32565926e-01 
 2.77188072e-05  3.46943081e-01  8.79290582e-01  1.08000000e+00  7.20000000e-01  6.32562475e-01 
 2.77238072e-05  3.46452771e-01  8.80786919e-01  1.08000000e+00  7.20000000e-01  6.32559274e-01 
 2.77288072e-05  3.45976214e-01  8.82310727e-01  1.08000000e+00  7.20000000e-01  6.32556323e-01 
 2.77338072e-05  3.45517283e-01  8.83856569e-01  1.08000000e+00  7.20000000e-01  6.32553625e-01 
 2.77388072e-05  3.45080233e-01  8.85419187e-01  1.08000000e+00  7.20000000e-01  6.32551175e-01 
 2.77438072e-05  3.44669690e-01  8.86993481e-01  1.08000000e+00  7.20000000e-01  6.32548976e-01 
 2.77488072e-05  3.44290622e-01  8.88574497e-01  1.08000000e+00  7.20000000e-01  6.32547022e-01 
 2.77538072e-05  3.43948316e-01  8.90157407e-01  1.08000000e+00  7.20000000e-01  6.32545312e-01 
 2.77588072e-05  3.43648345e-01  8.91737496e-01  1.08000000e+00  7.20000000e-01  6.32543840e-01 
 2.77638072e-05  3.43396529e-01  8.93310148e-01  1.08000000e+00  7.20000000e-01  6.32542605e-01 
 2.77688072e-05  3.43198888e-01  8.94870839e-01  1.08000000e+00  7.20000000e-01  6.32541600e-01 
 2.77738072e-05  3.43061587e-01  8.96415131e-01  1.08000000e+00  7.20000000e-01  6.32540824e-01 
 2.77788072e-05  3.42990871e-01  8.97938670e-01  1.08000000e+00  7.20000000e-01  6.32540269e-01 
 2.77838072e-05  3.42992988e-01  8.99437192e-01  1.08000000e+00  7.20000000e-01  6.32539934e-01 
 2.77888072e-05  3.43074104e-01  9.00906531e-01  1.08000000e+00  7.20000000e-01  6.32539812e-01 
 2.77938072e-05  3.43240202e-01  9.02342634e-01  1.08000000e+00  7.20000000e-01  6.32539901e-01 
 2.77988072e-05  3.43496974e-01  9.03741576e-01  1.08000000e+00  7.20000000e-01  6.32540194e-01 
 2.78038072e-05  3.43849699e-01  9.05099582e-01  1.08000000e+00  7.20000000e-01  6.32540689e-01 
 2.78088072e-05  3.44303114e-01  9.06413049e-01  1.08000000e+00  7.20000000e-01  6.32541377e-01 
 2.78138072e-05  3.44861277e-01  9.07678564e-01  1.08000000e+00  7.20000000e-01  6.32542255e-01 
 2.78188072e-05  3.45527422e-01  9.08892926e-01  1.08000000e+00  7.20000000e-01  6.32543315e-01 
 2.78238072e-05  3.46303811e-01  9.10053156e-01  1.08000000e+00  7.20000000e-01  6.32544553e-01 
 2.78288072e-05  3.47191591e-01  9.11156502e-01  1.08000000e+00  7.20000000e-01  6.32545959e-01 
 2.78338072e-05  3.48190645e-01  9.12200437e-01  1.08000000e+00  7.20000000e-01  6.32547527e-01 
 2.78388072e-05  3.49299452e-01  9.13182637e-01  1.08000000e+00  7.20000000e-01  6.32549248e-01 
 2.78438072e-05  3.50514958e-01  9.14100946e-01  1.08000000e+00  7.20000000e-01  6.32551115e-01 
 2.78488072e-05  3.51832449e-01  9.14953332e-01  1.08000000e+00  7.20000000e-01  6.32553118e-01 
 2.78538072e-05  3.53245448e-01  9.15737808e-01  1.08000000e+00  7.20000000e-01  6.32555252e-01 
 2.78588072e-05  3.54745625e-01  9.16452358e-01  1.08000000e+00  7.20000000e-01  6.32557507e-01 
 2.78638072e-05  3.56322729e-01  9.17094829e-01  1.08000000e+00  7.20000000e-01  6.32559880e-01 
 2.78688072e-05  3.57964555e-01  9.17662824e-01  1.08000000e+00  7.20000000e-01  6.32562364e-01 
 2.78738072e-05  3.59656949e-01  9.18153590e-01  1.08000000e+00  7.20000000e-01  6.32564961e-01 
 2.78788072e-05  3.61383862e-01  9.18563911e-01  1.08000000e+00  7.20000000e-01  6.32567667e-01 
 2.78838072e-05  3.63127475e-01  9.18890015e-01  1.08000000e+00  7.20000000e-01  6.32570489e-01 
 2.78888072e-05  3.64868393e-01  9.19127516e-01  1.08000000e+00  7.20000000e-01  6.32573430e-01 
 2.78938072e-05  3.66585939e-01  9.19271398e-01  1.08000000e+00  7.20000000e-01  6.32576502e-01 
 2.78988072e-05  3.68258545e-01  9.19316047e-01  1.08000000e+00  7.20000000e-01  6.32579713e-01 
 2.79038072e-05  3.69864234e-01  9.19255351e-01  1.08000000e+00  7.20000000e-01  6.32583079e-01 
 2.79088072e-05  3.71381200e-01  9.19082867e-01  1.08000000e+00  7.20000000e-01  6.32586612e-01 
 2.79138072e-05  3.72788446e-01  9.18792039e-01  1.08000000e+00  7.20000000e-01  6.32590329e-01 
 2.79188072e-05  3.74066455e-01  9.18376475e-01  1.08000000e+00  7.20000000e-01  6.32594240e-01 
 2.79238072e-05  3.75197850e-01  9.17830254e-01  1.08000000e+00  7.20000000e-01  6.32598357e-01 
 2.79288072e-05  3.76168003e-01  9.17148245e-01  1.08000000e+00  7.20000000e-01  6.32602682e-01 
 2.79338072e-05  3.76965534e-01  9.16326425e-01  1.08000000e+00  7.20000000e-01  6.32607218e-01 
 2.79388072e-05  3.77582683e-01  9.15362155e-01  1.08000000e+00  7.20000000e-01  6.32611953e-01 
 2.79438072e-05  3.78015525e-01  9.14254425e-01  1.08000000e+00  7.20000000e-01  6.32616876e-01 
 2.79488072e-05  3.78264007e-01  9.13004027e-01  1.08000000e+00  7.20000000e-01  6.32621960e-01 
 2.79538072e-05  3.78331831e-01  9.11613679e-01  1.08000000e+00  7.20000000e-01  6.32627176e-01 
 2.79588072e-05  3.78226176e-01  9.10088066e-01  1.08000000e+00  7.20000000e-01  6.32632483e-01 
 2.79638072e-05  3.77957303e-01  9.08433838e-01  1.08000000e+00  7.20000000e-01  6.32637838e-01 
 2.79688072e-05  3.77538061e-01  9.06659532e-01  1.08000000e+00  7.20000000e-01  6.32643188e-01 
 2.79738072e-05  3.76983334e-01  9.04775461e-01  1.08000000e+00  7.20000000e-01  6.32648480e-01 
 2.79788072e-05  3.76309457e-01  9.02793553e-01  1.08000000e+00  7.20000000e-01  6.32653655e-01 
 2.79838072e-05  3.75533633e-01  9.00727160e-01  1.08000000e+00  7.20000000e-01  6.32658655e-01 
 2.79888072e-05  3.74673379e-01  8.98590852e-01  1.08000000e+00  7.20000000e-01  6.32663420e-01 
 2.79938072e-05  3.73746022e-01  8.96400178e-01  1.08000000e+00  7.20000000e-01  6.32667895e-01 
 2.79988072e-05  3.72768252e-01  8.94171434e-01  1.08000000e+00  7.20000000e-01  6.32672024e-01 
 2.80038072e-05  3.71755761e-01  8.91921416e-01  1.08000000e+00  7.20000000e-01  6.32675760e-01 
 2.80088072e-05  3.70722952e-01  8.89667175e-01  1.08000000e+00  7.20000000e-01  6.32679055e-01 
 2.80138072e-05  3.69682733e-01  8.87425778e-01  1.08000000e+00  7.20000000e-01  6.32681874e-01 
 2.80188072e-05  3.68646383e-01  8.85214076e-01  1.08000000e+00  7.20000000e-01  6.32684181e-01 
 2.80238072e-05  3.67623496e-01  8.83048478e-01  1.08000000e+00  7.20000000e-01  6.32685952e-01 
 2.80288072e-05  3.66621971e-01  8.80944751e-01  1.08000000e+00  7.20000000e-01  6.32687167e-01 
 2.80338072e-05  3.65648072e-01  8.78917824e-01  1.08000000e+00  7.20000000e-01  6.32687817e-01 
 2.80388072e-05  3.64706508e-01  8.76981619e-01  1.08000000e+00  7.20000000e-01  6.32687894e-01 
 2.80438072e-05  3.63800560e-01  8.75148909e-01  1.08000000e+00  7.20000000e-01  6.32687404e-01 
 2.80488072e-05  3.62932217e-01  8.73431189e-01  1.08000000e+00  7.20000000e-01  6.32686353e-01 
 2.80538072e-05  3.62102331e-01  8.71838583e-01  1.08000000e+00  7.20000000e-01  6.32684759e-01 
 2.80588072e-05  3.61310768e-01  8.70379776e-01  1.08000000e+00  7.20000000e-01  6.32682639e-01 
 2.80638072e-05  3.60556571e-01  8.69061970e-01  1.08000000e+00  7.20000000e-01  6.32680024e-01 
 2.80688072e-05  3.59838102e-01  8.67890874e-01  1.08000000e+00  7.20000000e-01  6.32676939e-01 
 2.80738072e-05  3.59153187e-01  8.66870713e-01  1.08000000e+00  7.20000000e-01  6.32673423e-01 
 2.80788072e-05  3.58499241e-01  8.66004263e-01  1.08000000e+00  7.20000000e-01  6.32669510e-01 
 2.80838072e-05  3.57873390e-01  8.65292910e-01  1.08000000e+00  7.20000000e-01  6.32665242e-01 
 2.80888072e-05  3.57272571e-01  8.64736728e-01  1.08000000e+00  7.20000000e-01  6.32660659e-01 
 2.80938072e-05  3.56693628e-01  8.64334567e-01  1.08000000e+00  7.20000000e-01  6.32655807e-01 
 2.80988072e-05  3.56133387e-01  8.64084157e-01  1.08000000e+00  7.20000000e-01  6.32650725e-01 
 2.81038072e-05  3.55588731e-01  8.63982223e-01  1.08000000e+00  7.20000000e-01  6.32645462e-01 
 2.81088072e-05  3.55056659e-01  8.64024600e-01  1.08000000e+00  7.20000000e-01  6.32640056e-01 
 2.81138072e-05  3.54534334e-01  8.64206356e-01  1.08000000e+00  7.20000000e-01  6.32634553e-01 
 2.81188072e-05  3.54019135e-01  8.64521908e-01  1.08000000e+00  7.20000000e-01  6.32628990e-01 
 2.81238072e-05  3.53508687e-01  8.64965143e-01  1.08000000e+00  7.20000000e-01  6.32623410e-01 
 2.81288072e-05  3.53000901e-01  8.65529525e-01  1.08000000e+00  7.20000000e-01  6.32617846e-01 
 2.81338072e-05  3.52494001e-01  8.66208205e-01  1.08000000e+00  7.20000000e-01  6.32612336e-01 
 2.81388072e-05  3.51986545e-01  8.66994113e-01  1.08000000e+00  7.20000000e-01  6.32606908e-01 
 2.81438072e-05  3.51477455e-01  8.67880052e-01  1.08000000e+00  7.20000000e-01  6.32601594e-01 
 2.81488072e-05  3.50966027e-01  8.68858769e-01  1.08000000e+00  7.20000000e-01  6.32596418e-01 
 2.81538072e-05  3.50451951e-01  8.69923029e-01  1.08000000e+00  7.20000000e-01  6.32591405e-01 
 2.81588072e-05  3.49935325e-01  8.71065667e-01  1.08000000e+00  7.20000000e-01  6.32586573e-01 
 2.81638072e-05  3.49416662e-01  8.72279640e-01  1.08000000e+00  7.20000000e-01  6.32581942e-01 
 2.81688072e-05  3.48896901e-01  8.73558063e-01  1.08000000e+00  7.20000000e-01  6.32577524e-01 
 2.81738072e-05  3.48377409e-01  8.74894235e-01  1.08000000e+00  7.20000000e-01  6.32573333e-01 
 2.81788072e-05  3.47859987e-01  8.76281659e-01  1.08000000e+00  7.20000000e-01  6.32569377e-01 
 2.81838072e-05  3.47346865e-01  8.77714051e-01  1.08000000e+00  7.20000000e-01  6.32565666e-01 
 2.81888072e-05  3.46840704e-01  8.79185347e-01  1.08000000e+00  7.20000000e-01  6.32562201e-01 
 2.81938072e-05  3.46344585e-01  8.80689695e-01  1.08000000e+00  7.20000000e-01  6.32558989e-01 
 2.81988072e-05  3.45862007e-01  8.82221453e-01  1.08000000e+00  7.20000000e-01  6.32556029e-01 
 2.82038072e-05  3.45396869e-01  8.83775170e-01  1.08000000e+00  7.20000000e-01  6.32553323e-01 
 2.82088072e-05  3.44953463e-01  8.85345577e-01  1.08000000e+00  7.20000000e-01  6.32550868e-01 
 2.82138072e-05  3.44536450e-01  8.86927565e-01  1.08000000e+00  7.20000000e-01  6.32548664e-01 
 2.82188072e-05  3.44150841e-01  8.88516171e-01  1.08000000e+00  7.20000000e-01  6.32546706e-01 
 2.82238072e-05  3.43801970e-01  8.90106561e-01  1.08000000e+00  7.20000000e-01  6.32544994e-01 
 2.82288072e-05  3.43495463e-01  8.91694012e-01  1.08000000e+00  7.20000000e-01  6.32543521e-01 
 2.82338072e-05  3.43237198e-01  8.93273901e-01  1.08000000e+00  7.20000000e-01  6.32542286e-01 
 2.82388072e-05  3.43033257e-01  8.94841696e-01  1.08000000e+00  7.20000000e-01  6.32541281e-01 
 2.82438072e-05  3.42889875e-01  8.96392949e-01  1.08000000e+00  7.20000000e-01  6.32540506e-01 
 2.82488072e-05  3.42813369e-01  8.97923299e-01  1.08000000e+00  7.20000000e-01  6.32539953e-01 
 2.82538072e-05  3.42810069e-01  8.99428472e-01  1.08000000e+00  7.20000000e-01  6.32539621e-01 
 2.82588072e-05  3.42886224e-01  9.00904292e-01  1.08000000e+00  7.20000000e-01  6.32539503e-01 
 2.82638072e-05  3.43047905e-01  9.02346695e-01  1.08000000e+00  7.20000000e-01  6.32539596e-01 
 2.82688072e-05  3.43300899e-01  9.03751749e-01  1.08000000e+00  7.20000000e-01  6.32539894e-01 
 2.82738072e-05  3.43650580e-01  9.05115672e-01  1.08000000e+00  7.20000000e-01  6.32540394e-01 
 2.82788072e-05  3.44101784e-01  9.06434855e-01  1.08000000e+00  7.20000000e-01  6.32541088e-01 
 2.82838072e-05  3.44658669e-01  9.07705886e-01  1.08000000e+00  7.20000000e-01  6.32541973e-01 
 2.82888072e-05  3.45324570e-01  9.08925566e-01  1.08000000e+00  7.20000000e-01  6.32543040e-01 
 2.82938072e-05  3.46101847e-01  9.10090927e-01  1.08000000e+00  7.20000000e-01  6.32544284e-01 
 2.82988072e-05  3.46991746e-01  9.11199235e-01  1.08000000e+00  7.20000000e-01  6.32545697e-01 
 2.83038072e-05  3.47994241e-01  9.12247988e-01  1.08000000e+00  7.20000000e-01  6.32547273e-01 
 2.83088072e-05  3.49107903e-01  9.13234898e-01  1.08000000e+00  7.20000000e-01  6.32549000e-01 
 2.83138072e-05  3.50329759e-01  9.14157855e-01  1.08000000e+00  7.20000000e-01  6.32550874e-01 
 2.83188072e-05  3.51655172e-01  9.15014881e-01  1.08000000e+00  7.20000000e-01  6.32552883e-01 
 2.83238072e-05  3.53077732e-01  9.15804058e-01  1.08000000e+00  7.20000000e-01  6.32555023e-01 
 2.83288072e-05  3.54589165e-01  9.16523446e-01  1.08000000e+00  7.20000000e-01  6.32557282e-01 
 2.83338072e-05  3.56179263e-01  9.17170976e-01  1.08000000e+00  7.20000000e-01  6.32559658e-01 
 2.83388072e-05  3.57835845e-01  9.17744342e-01  1.08000000e+00  7.20000000e-01  6.32562144e-01 
 2.83438072e-05  3.59544760e-01  9.18240882e-01  1.08000000e+00  7.20000000e-01  6.32564739e-01 
 2.83488072e-05  3.61289933e-01  9.18657469e-01  1.08000000e+00  7.20000000e-01  6.32567442e-01 
 2.83538072e-05  3.63053481e-01  9.18990410e-01  1.08000000e+00  7.20000000e-01  6.32570258e-01 
 2.83588072e-05  3.64815904e-01  9.19235384e-01  1.08000000e+00  7.20000000e-01  6.32573191e-01 
 2.83638072e-05  3.66556371e-01  9.19387415e-01  1.08000000e+00  7.20000000e-01  6.32576251e-01 
 2.83688072e-05  3.68253099e-01  9.19440899e-01  1.08000000e+00  7.20000000e-01  6.32579448e-01 
 2.83738072e-05  3.69883842e-01  9.19389703e-01  1.08000000e+00  7.20000000e-01  6.32582798e-01 
 2.83788072e-05  3.71426463e-01  9.19227319e-01  1.08000000e+00  7.20000000e-01  6.32586314e-01 
 2.83838072e-05  3.72859582e-01  9.18947086e-01  1.08000000e+00  7.20000000e-01  6.32590012e-01 
 2.83888072e-05  3.74163258e-01  9.18542470e-01  1.08000000e+00  7.20000000e-01  6.32593904e-01 
 2.83938072e-05  3.75319663e-01  9.18007370e-01  1.08000000e+00  7.20000000e-01  6.32598003e-01 
 2.83988072e-05  3.76313707e-01  9.17336449e-01  1.08000000e+00  7.20000000e-01  6.32602312e-01 
 2.84038072e-05  3.77133563e-01  9.16525451e-01  1.08000000e+00  7.20000000e-01  6.32606833e-01 
 2.84088072e-05  3.77771060e-01  9.15571499e-01  1.08000000e+00  7.20000000e-01  6.32611559e-01 
 2.84138072e-05  3.78221909e-01  9.14473339e-01  1.08000000e+00  7.20000000e-01  6.32616476e-01 
 2.84188072e-05  3.78485763e-01  9.13231531e-01  1.08000000e+00  7.20000000e-01  6.32621561e-01 
 2.84238072e-05  3.78566107e-01  9.11848570e-01  1.08000000e+00  7.20000000e-01  6.32626783e-01 
 2.84288072e-05  3.78469991e-01  9.10328948e-01  1.08000000e+00  7.20000000e-01  6.32632104e-01 
 2.84338072e-05  3.78207632e-01  9.08679141e-01  1.08000000e+00  7.20000000e-01  6.32637479e-01 
 2.84388072e-05  3.77791917e-01  9.06907550e-01  1.08000000e+00  7.20000000e-01  6.32642857e-01 
 2.84438072e-05  3.77237846e-01  9.05024379e-01  1.08000000e+00  7.20000000e-01  6.32648183e-01 
 2.84488072e-05  3.76561938e-01  9.03041482e-01  1.08000000e+00  7.20000000e-01  6.32653397e-01 
 2.84538072e-05  3.75781631e-01  9.00972175e-01  1.08000000e+00  7.20000000e-01  6.32658443e-01 
 2.84588072e-05  3.74914724e-01  8.98831014e-01  1.08000000e+00  7.20000000e-01  6.32663259e-01 
 2.84638072e-05  3.73978847e-01  8.96633576e-01  1.08000000e+00  7.20000000e-01  6.32667790e-01 
 2.84688072e-05  3.72991015e-01  8.94396205e-01  1.08000000e+00  7.20000000e-01  6.32671978e-01 
 2.84738072e-05  3.71967246e-01  8.92135777e-01  1.08000000e+00  7.20000000e-01  6.32675776e-01 
 2.84788072e-05  3.70922258e-01  8.89869444e-01  1.08000000e+00  7.20000000e-01  6.32679134e-01 
 2.84838072e-05  3.69869263e-01  8.87614397e-01  1.08000000e+00  7.20000000e-01  6.32682017e-01 
 2.84888072e-05  3.68819819e-01  8.85387628e-01  1.08000000e+00  7.20000000e-01  6.32684387e-01 
 2.84938072e-05  3.67783767e-01  8.83205705e-01  1.08000000e+00  7.20000000e-01  6.32686221e-01 
 2.84988072e-05  3.66769228e-01  8.81084564e-01  1.08000000e+00  7.20000000e-01  6.32687497e-01 
 2.85038072e-05  3.65782647e-01  8.79039314e-01  1.08000000e+00  7.20000000e-01  6.32688204e-01 
 2.85088072e-05  3.64828888e-01  8.77084065e-01  1.08000000e+00  7.20000000e-01  6.32688337e-01 
 2.85138072e-05  3.63911351e-01  8.75231775e-01  1.08000000e+00  7.20000000e-01  6.32687897e-01 
 2.85188072e-05  3.63032113e-01  8.73494130e-01  1.08000000e+00  7.20000000e-01  6.32686892e-01 
 2.85238072e-05  3.62192086e-01  8.71881438e-01  1.08000000e+00  7.20000000e-01  6.32685340e-01 
 2.85288072e-05  3.61391175e-01  8.70402562e-01  1.08000000e+00  7.20000000e-01  6.32683257e-01 
 2.85338072e-05  3.60628435e-01  8.69064876e-01  1.08000000e+00  7.20000000e-01  6.32680672e-01 
 2.85388072e-05  3.59902225e-01  8.67874245e-01  1.08000000e+00  7.20000000e-01  6.32677613e-01 
 2.85438072e-05  3.59210349e-01  8.66835041e-01  1.08000000e+00  7.20000000e-01  6.32674116e-01 
 2.85488072e-05  3.58550192e-01  8.65950170e-01  1.08000000e+00  7.20000000e-01  6.32670218e-01 
 2.85538072e-05  3.57918836e-01  8.65221133e-01  1.08000000e+00  7.20000000e-01  6.32665959e-01 
 2.85588072e-05  3.57313168e-01  8.64648101e-01  1.08000000e+00  7.20000000e-01  6.32661379e-01 
 2.85638072e-05  3.56729974e-01  8.64230007e-01  1.08000000e+00  7.20000000e-01  6.32656525e-01 
 2.85688072e-05  3.56166021e-01  8.63964645e-01  1.08000000e+00  7.20000000e-01  6.32651437e-01 
 2.85738072e-05  3.55618130e-01  8.63848789e-01  1.08000000e+00  7.20000000e-01  6.32646162e-01 
 2.85788072e-05  3.55083231e-01  8.63878308e-01  1.08000000e+00  7.20000000e-01  6.32640741e-01 
 2.85838072e-05  3.54558426e-01  8.64048290e-01  1.08000000e+00  7.20000000e-01  6.32635218e-01 
 2.85888072e-05  3.54041025e-01  8.64353157e-01  1.08000000e+00  7.20000000e-01  6.32629633e-01 
 2.85938072e-05  3.53528590e-01  8.64786792e-01  1.08000000e+00  7.20000000e-01  6.32624027e-01 
 2.85988072e-05  3.53018967e-01  8.65342644e-01  1.08000000e+00  7.20000000e-01  6.32618435e-01 
 2.86038072e-05  3.52510316e-01  8.66013839e-01  1.08000000e+00  7.20000000e-01  6.32612894e-01 
 2.86088072e-05  3.52001136e-01  8.66793278e-01  1.08000000e+00  7.20000000e-01  6.32607433e-01 
 2.86138072e-05  3.51490288e-01  8.67673725e-01  1.08000000e+00  7.20000000e-01  6.32602085e-01 
 2.86188072e-05  3.50977010e-01  8.68647887e-01  1.08000000e+00  7.20000000e-01  6.32596874e-01 
 2.86238072e-05  3.50460939e-01  8.69708486e-01  1.08000000e+00  7.20000000e-01  6.32591825e-01 
 2.86288072e-05  3.49942119e-01  8.70848311e-01  1.08000000e+00  7.20000000e-01  6.32586956e-01 
 2.86338072e-05  3.49421013e-01  8.72060274e-01  1.08000000e+00  7.20000000e-01  6.32582289e-01 
 2.86388072e-05  3.48898512e-01  8.73337443e-01  1.08000000e+00  7.20000000e-01  6.32577835e-01 
 2.86438072e-05  3.48375939e-01  8.74673073e-01  1.08000000e+00  7.20000000e-01  6.32573608e-01 
 2.86488072e-05  3.47855054e-01  8.76060624e-01  1.08000000e+00  7.20000000e-01  6.32569617e-01 
 2.86538072e-05  3.47338048e-01  8.77493774e-01  1.08000000e+00  7.20000000e-01  6.32565871e-01 
 2.86588072e-05  3.46827546e-01  8.78966420e-01  1.08000000e+00  7.20000000e-01  6.32562373e-01 
 2.86638072e-05  3.46326601e-01  8.80472678e-01  1.08000000e+00  7.20000000e-01  6.32559128e-01 
 2.86688072e-05  3.45838682e-01  8.82006873e-01  1.08000000e+00  7.20000000e-01  6.32556136e-01 
 2.86738072e-05  3.45367668e-01  8.83563529e-01  1.08000000e+00  7.20000000e-01  6.32553399e-01 
 2.86788072e-05  3.44917829e-01  8.85137350e-01  1.08000000e+00  7.20000000e-01  6.32550915e-01 
 2.86838072e-05  3.44493814e-01  8.86723207e-01  1.08000000e+00  7.20000000e-01  6.32548683e-01 
 2.86888072e-05  3.44100625e-01  8.88316119e-01  1.08000000e+00  7.20000000e-01  6.32546698e-01 
 2.86938072e-05  3.43743595e-01  8.89911233e-01  1.08000000e+00  7.20000000e-01  6.32544959e-01 
 2.86988072e-05  3.43428353e-01  8.91503812e-01  1.08000000e+00  7.20000000e-01  6.32543461e-01 
 2.87038072e-05  3.43160790e-01  8.93089219e-01  1.08000000e+00  7.20000000e-01  6.32542201e-01 
 2.87088072e-05  3.42947009e-01  8.94662907e-01  1.08000000e+00  7.20000000e-01  6.32541173e-01 
 2.87138072e-05  3.42793273e-01  8.96220417e-01  1.08000000e+00  7.20000000e-01  6.32540376e-01 
 2.87188072e-05  3.42705944e-01  8.97757370e-01  1.08000000e+00  7.20000000e-01  6.32539802e-01 
 2.87238072e-05  3.42691400e-01  8.99269477e-01  1.08000000e+00  7.20000000e-01  6.32539450e-01 
 2.87288072e-05  3.42755956e-01  9.00752547e-01  1.08000000e+00  7.20000000e-01  6.32539312e-01 
 2.87338072e-05  3.42905764e-01  9.02202498e-01  1.08000000e+00  7.20000000e-01  6.32539386e-01 
 2.87388072e-05  3.43146701e-01  9.03615376e-01  1.08000000e+00  7.20000000e-01  6.32539666e-01 
 2.87438072e-05  3.43484252e-01  9.04987378e-01  1.08000000e+00  7.20000000e-01  6.32540149e-01 
 2.87488072e-05  3.43923375e-01  9.06314875e-01  1.08000000e+00  7.20000000e-01  6.32540827e-01 
 2.87538072e-05  3.44468367e-01  9.07594431e-01  1.08000000e+00  7.20000000e-01  6.32541697e-01 
 2.87588072e-05  3.45122717e-01  9.08822828e-01  1.08000000e+00  7.20000000e-01  6.32542749e-01 
 2.87638072e-05  3.45888955e-01  9.09997078e-01  1.08000000e+00  7.20000000e-01  6.32543981e-01 
 2.87688072e-05  3.46768508e-01  9.11114434e-01  1.08000000e+00  7.20000000e-01  6.32545381e-01 
 2.87738072e-05  3.47761547e-01  9.12172387e-01  1.08000000e+00  7.20000000e-01  6.32546945e-01 
 2.87788072e-05  3.48866850e-01  9.13168649e-01  1.08000000e+00  7.20000000e-01  6.32548662e-01 
 2.87838072e-05  3.50081660e-01  9.14101122e-01  1.08000000e+00  7.20000000e-01  6.32550526e-01 
 2.87888072e-05  3.51401565e-01  9.14967853e-01  1.08000000e+00  7.20000000e-01  6.32552525e-01 
 2.87938072e-05  3.52820385e-01  9.15766964e-01  1.08000000e+00  7.20000000e-01  6.32554655e-01 
 2.87988072e-05  3.54330078e-01  9.16496567e-01  1.08000000e+00  7.20000000e-01  6.32556905e-01 
 2.88038072e-05  3.55920665e-01  9.17154667e-01  1.08000000e+00  7.20000000e-01  6.32559272e-01 
 2.88088072e-05  3.57580186e-01  9.17739044e-01  1.08000000e+00  7.20000000e-01  6.32561747e-01 
 2.88138072e-05  3.59294696e-01  9.18247138e-01  1.08000000e+00  7.20000000e-01  6.32564331e-01 
 2.88188072e-05  3.61048301e-01  9.18675932e-01  1.08000000e+00  7.20000000e-01  6.32567021e-01 
 2.88238072e-05  3.62823263e-01  9.19021849e-01  1.08000000e+00  7.20000000e-01  6.32569822e-01 
 2.88288072e-05  3.64600177e-01  9.19280677e-01  1.08000000e+00  7.20000000e-01  6.32572736e-01 
 2.88338072e-05  3.66358240e-01  9.19447535e-01  1.08000000e+00  7.20000000e-01  6.32575776e-01 
 2.88388072e-05  3.68075621e-01  9.19516897e-01  1.08000000e+00  7.20000000e-01  6.32578950e-01 
 2.88438072e-05  3.69729933e-01  9.19482665e-01  1.08000000e+00  7.20000000e-01  6.32582274e-01 
 2.88488072e-05  3.71298797e-01  9.19338326e-01  1.08000000e+00  7.20000000e-01  6.32585760e-01 
 2.88538072e-05  3.72760488e-01  9.19077164e-01  1.08000000e+00  7.20000000e-01  6.32589427e-01 
 2.88588072e-05  3.74094620e-01  9.18692530e-01  1.08000000e+00  7.20000000e-01  6.32593286e-01 
 2.88638072e-05  3.75282835e-01  9.18178154e-01  1.08000000e+00  7.20000000e-01  6.32597351e-01 
 2.88688072e-05  3.76309444e-01  9.17528474e-01  1.08000000e+00  7.20000000e-01  6.32601627e-01 
 2.88738072e-05  3.77161977e-01  9.16738969e-01  1.08000000e+00  7.20000000e-01  6.32606118e-01 
 2.88788072e-05  3.77831605e-01  9.15806454e-01  1.08000000e+00  7.20000000e-01  6.32610816e-01 
 2.88838072e-05  3.78313398e-01  9.14729343e-01  1.08000000e+00  7.20000000e-01  6.32615710e-01 
 2.88888072e-05  3.78606412e-01  9.13507853e-01  1.08000000e+00  7.20000000e-01  6.32620778e-01 
 2.88938072e-05  3.78713601e-01  9.12144134e-01  1.08000000e+00  7.20000000e-01  6.32625991e-01 
 2.88988072e-05  3.78641570e-01  9.10642343e-01  1.08000000e+00  7.20000000e-01  6.32631311e-01 
 2.89038072e-05  3.78400194e-01  9.09008643e-01  1.08000000e+00  7.20000000e-01  6.32636694e-01 
 2.89088072e-05  3.78002129e-01  9.07251148e-01  1.08000000e+00  7.20000000e-01  6.32642090e-01 
 2.89138072e-05  3.77462248e-01  9.05379811e-01  1.08000000e+00  7.20000000e-01  6.32647444e-01 
 2.89188072e-05  3.76797049e-01  9.03406276e-01  1.08000000e+00  7.20000000e-01  6.32652698e-01 
 2.89238072e-05  3.76024051e-01  9.01343684e-01  1.08000000e+00  7.20000000e-01  6.32657792e-01 
 2.89288072e-05  3.75161210e-01  8.99206467e-01  1.08000000e+00  7.20000000e-01  6.32662666e-01 
 2.89338072e-05  3.74226392e-01  8.97010117e-01  1.08000000e+00  7.20000000e-01  6.32667263e-01 
 2.89388072e-05  3.73236896e-01  8.94770940e-01  1.08000000e+00  7.20000000e-01  6.32671526e-01 
 2.89438072e-05  3.72209063e-01  8.92505814e-01  1.08000000e+00  7.20000000e-01  6.32675404e-01 
 2.89488072e-05  3.71157963e-01  8.90231934e-01  1.08000000e+00  7.20000000e-01  6.32678849e-01 
 2.89538072e-05  3.70097161e-01  8.87966575e-01  1.08000000e+00  7.20000000e-01  6.32681823e-01 
 2.89588072e-05  3.69038571e-01  8.85726845e-01  1.08000000e+00  7.20000000e-01  6.32684287e-01 
 2.89638072e-05  3.67992373e-01  8.83529464e-01  1.08000000e+00  7.20000000e-01  6.32686217e-01 
 2.89688072e-05  3.66967005e-01  8.81390549e-01  1.08000000e+00  7.20000000e-01  6.32687590e-01 
 2.89738072e-05  3.65969205e-01  8.79325414e-01  1.08000000e+00  7.20000000e-01  6.32688393e-01 
 2.89788072e-05  3.65004091e-01  8.77348394e-01  1.08000000e+00  7.20000000e-01  6.32688619e-01 
 2.89838072e-05  3.64075287e-01  8.75472693e-01  1.08000000e+00  7.20000000e-01  6.32688271e-01 
 2.89888072e-05  3.63185059e-01  8.73710249e-01  1.08000000e+00  7.20000000e-01  6.32687354e-01 
 2.89938072e-05  3.62334475e-01  8.72071635e-01  1.08000000e+00  7.20000000e-01  6.32685884e-01 
 2.89988072e-05  3.61523559e-01  8.70565980e-01  1.08000000e+00  7.20000000e-01  6.32683878e-01 
 2.90038072e-05  3.60751459e-01  8.69200918e-01  1.08000000e+00  7.20000000e-01  6.32681364e-01 
 2.90088072e-05  3.60016596e-01  8.67982573e-01  1.08000000e+00  7.20000000e-01  6.32678369e-01 
 2.90138072e-05  3.59316816e-01  8.66915561e-01  1.08000000e+00  7.20000000e-01  6.32674929e-01 
 2.90188072e-05  3.58649520e-01  8.66003022e-01  1.08000000e+00  7.20000000e-01  6.32671080e-01 
 2.90238072e-05  3.58011790e-01  8.65246673e-01  1.08000000e+00  7.20000000e-01  6.32666862e-01 
 2.90288072e-05  3.57400498e-01  8.64646883e-01  1.08000000e+00  7.20000000e-01  6.32662317e-01 
 2.90338072e-05  3.56812401e-01  8.64202759e-01  1.08000000e+00  7.20000000e-01  6.32657488e-01 
 2.90388072e-05  3.56244227e-01  8.63912253e-01  1.08000000e+00  7.20000000e-01  6.32652419e-01 
 2.90438072e-05  3.55692746e-01  8.63772269e-01  1.08000000e+00  7.20000000e-01  6.32647154e-01 
 2.90488072e-05  3.55154837e-01  8.63778790e-01  1.08000000e+00  7.20000000e-01  6.32641737e-01 
 2.90538072e-05  3.54627537e-01  8.63926989e-01  1.08000000e+00  7.20000000e-01  6.32636212e-01 
 2.90588072e-05  3.54108093e-01  8.64211360e-01  1.08000000e+00  7.20000000e-01  6.32630617e-01 
 2.90638072e-05  3.53593998e-01  8.64625832e-01  1.08000000e+00  7.20000000e-01  6.32624996e-01 
 2.90688072e-05  3.53083026e-01  8.65163887e-01  1.08000000e+00  7.20000000e-01  6.32619383e-01 
 2.90738072e-05  3.52573264e-01  8.65818666e-01  1.08000000e+00  7.20000000e-01  6.32613816e-01 
 2.90788072e-05  3.52063137e-01  8.66583069e-01  1.08000000e+00  7.20000000e-01  6.32608326e-01 
 2.90838072e-05  3.51551428e-01  8.67449848e-01  1.08000000e+00  7.20000000e-01  6.32602944e-01 
 2.90888072e-05  3.51037301e-01  8.68411689e-01  1.08000000e+00  7.20000000e-01  6.32597695e-01 
 2.90938072e-05  3.50520314e-01  8.69461279e-01  1.08000000e+00  7.20000000e-01  6.32592606e-01 
 2.90988072e-05  3.50000436e-01  8.70591373e-01  1.08000000e+00  7.20000000e-01  6.32587696e-01 
 2.91038072e-05  3.49478055e-01  8.71794838e-01  1.08000000e+00  7.20000000e-01  6.32582984e-01 
 2.91088072e-05  3.48953986e-01  8.73064695e-01  1.08000000e+00  7.20000000e-01  6.32578484e-01 
 2.91138072e-05  3.48429481e-01  8.74394152e-01  1.08000000e+00  7.20000000e-01  6.32574212e-01 
 2.91188072e-05  3.47906225e-01  8.75776620e-01  1.08000000e+00  7.20000000e-01  6.32570174e-01 
 2.91238072e-05  3.47386342e-01  8.77205727e-01  1.08000000e+00  7.20000000e-01  6.32566380e-01 
 2.91288072e-05  3.46872391e-01  8.78675326e-01  1.08000000e+00  7.20000000e-01  6.32562835e-01 
 2.91338072e-05  3.46367359e-01  8.80179489e-01  1.08000000e+00  7.20000000e-01  6.32559543e-01 
 2.91388072e-05  3.45874657e-01  8.81712499e-01  1.08000000e+00  7.20000000e-01  6.32556505e-01 
 2.91438072e-05  3.45398104e-01  8.83268843e-01  1.08000000e+00  7.20000000e-01  6.32553723e-01 
 2.91488072e-05  3.44941921e-01  8.84843193e-01  1.08000000e+00  7.20000000e-01  6.32551193e-01 
 2.91538072e-05  3.44510707e-01  8.86430388e-01  1.08000000e+00  7.20000000e-01  6.32548917e-01 
 2.91588072e-05  3.44109425e-01  8.88025422e-01  1.08000000e+00  7.20000000e-01  6.32546890e-01 
 2.91638072e-05  3.43743370e-01  8.89623418e-01  1.08000000e+00  7.20000000e-01  6.32545109e-01 
 2.91688072e-05  3.43418147e-01  8.91219618e-01  1.08000000e+00  7.20000000e-01  6.32543570e-01 
 2.91738072e-05  3.43139625e-01  8.92809366e-01  1.08000000e+00  7.20000000e-01  6.32542271e-01 
 2.91788072e-05  3.42913900e-01  8.94388098e-01  1.08000000e+00  7.20000000e-01  6.32541205e-01 
 2.91838072e-05  3.42747241e-01  8.95951337e-01  1.08000000e+00  7.20000000e-01  6.32540370e-01 
 2.91888072e-05  3.42646022e-01  8.97494688e-01  1.08000000e+00  7.20000000e-01  6.32539760e-01 
 2.91938072e-05  3.42616659e-01  8.99013842e-01  1.08000000e+00  7.20000000e-01  6.32539372e-01 
 2.91988072e-05  3.42665514e-01  9.00504587e-01  1.08000000e+00  7.20000000e-01  6.32539199e-01 
 2.92038072e-05  3.42798809e-01  9.01962816e-01  1.08000000e+00  7.20000000e-01  6.32539241e-01 
 2.92088072e-05  3.43022511e-01  9.03384552e-01  1.08000000e+00  7.20000000e-01  6.32539488e-01 
 2.92138072e-05  3.43342217e-01  9.04765959e-01  1.08000000e+00  7.20000000e-01  6.32539940e-01 
 2.92188072e-05  3.43763020e-01  9.06103377e-01  1.08000000e+00  7.20000000e-01  6.32540587e-01 
 2.92238072e-05  3.44289379e-01  9.07393334e-01  1.08000000e+00  7.20000000e-01  6.32541428e-01 
 2.92288072e-05  3.44924965e-01  9.08632575e-01  1.08000000e+00  7.20000000e-01  6.32542453e-01 
 2.92338072e-05  3.45672521e-01  9.09818076e-01  1.08000000e+00  7.20000000e-01  6.32543658e-01 
 2.92388072e-05  3.46533705e-01  9.10947057e-01  1.08000000e+00  7.20000000e-01  6.32545033e-01 
 2.92438072e-05  3.47508947e-01  9.12016977e-01  1.08000000e+00  7.20000000e-01  6.32546573e-01 
 2.92488072e-05  3.48597304e-01  9.13025525e-01  1.08000000e+00  7.20000000e-01  6.32548268e-01 
 2.92538072e-05  3.49796317e-01  9.13970593e-01  1.08000000e+00  7.20000000e-01  6.32550111e-01 
 2.92588072e-05  3.51101892e-01  9.14850227e-01  1.08000000e+00  7.20000000e-01  6.32552091e-01 
 2.92638072e-05  3.52508179e-01  9.15662568e-01  1.08000000e+00  7.20000000e-01  6.32554202e-01 
 2.92688072e-05  3.54007479e-01  9.16405766e-01  1.08000000e+00  7.20000000e-01  6.32556434e-01 
 2.92738072e-05  3.55590159e-01  9.17077885e-01  1.08000000e+00  7.20000000e-01  6.32558782e-01 
 2.92788072e-05  3.57244608e-01  9.17676786e-01  1.08000000e+00  7.20000000e-01  6.32561240e-01 
 2.92838072e-05  3.58957217e-01  9.18200013e-01  1.08000000e+00  7.20000000e-01  6.32563806e-01 
 2.92888072e-05  3.60712408e-01  9.18644670e-01  1.08000000e+00  7.20000000e-01  6.32566477e-01 
 2.92938072e-05  3.62492726e-01  9.19007312e-01  1.08000000e+00  7.20000000e-01  6.32569257e-01 
 2.92988072e-05  3.64278995e-01  9.19283869e-01  1.08000000e+00  7.20000000e-01  6.32572149e-01 
 2.93038072e-05  3.66050572e-01  9.19469595e-01  1.08000000e+00  7.20000000e-01  6.32575163e-01 
 2.93088072e-05  3.67785695e-01  9.19559076e-01  1.08000000e+00  7.20000000e-01  6.32578308e-01 
 2.93138072e-05  3.69461936e-01  9.19546301e-01  1.08000000e+00  7.20000000e-01  6.32581600e-01 
 2.93188072e-05  3.71056751e-01  9.19424795e-01  1.08000000e+00  7.20000000e-01  6.32585051e-01 
 2.93238072e-05  3.72548116e-01  9.19187823e-01  1.08000000e+00  7.20000000e-01  6.32588679e-01 
 2.93288072e-05  3.73915210e-01  9.18828654e-01  1.08000000e+00  7.20000000e-01  6.32592497e-01 
 2.93338072e-05  3.75139111e-01  9.18340867e-01  1.08000000e+00  7.20000000e-01  6.32596519e-01 
 2.93388072e-05  3.76203458e-01  9.17718679e-01  1.08000000e+00  7.20000000e-01  6.32600752e-01 
 2.93438072e-05  3.77095029e-01  9.16957283e-01  1.08000000e+00  7.20000000e-01  6.32605200e-01 
 2.93488072e-05  3.77804188e-01  9.16053155e-01  1.08000000e+00  7.20000000e-01  6.32609859e-01 
 2.93538072e-05  3.78325188e-01  9.15004331e-01  1.08000000e+00  7.20000000e-01  6.32614718e-01 
 2.93588072e-05  3.78656287e-01  9.13810615e-01  1.08000000e+00  7.20000000e-01  6.32619758e-01 
 2.93638072e-05  3.78799700e-01  9.12473737e-01  1.08000000e+00  7.20000000e-01  6.32624950e-01 
 2.93688072e-05  3.78761378e-01  9.10997432e-01  1.08000000e+00  7.20000000e-01  6.32630258e-01 
 2.93738072e-05  3.78550645e-01  9.09387457e-01  1.08000000e+00  7.20000000e-01  6.32635641e-01 
 2.93788072e-05  3.78179731e-01  9.07651543e-01  1.08000000e+00  7.20000000e-01  6.32641048e-01 
 2.93838072e-05  3.77663214e-01  9.05799296e-01  1.08000000e+00  7.20000000e-01  6.32646425e-01 
 2.93888072e-05  3.77017424e-01  9.03842052e-01  1.08000000e+00  7.20000000e-01  6.32651714e-01 
 2.93938072e-05  3.76259835e-01  9.01792693e-01  1.08000000e+00  7.20000000e-01  6.32656857e-01 
 2.93988072e-05  3.75408475e-01  8.99665443e-01  1.08000000e+00  7.20000000e-01  6.32661791e-01 
 2.94038072e-05  3.74481377e-01  8.97475634e-01  1.08000000e+00  7.20000000e-01  6.32666459e-01 
 2.94088072e-05  3.73496093e-01  8.95239469e-01  1.08000000e+00  7.20000000e-01  6.32670804e-01 
 2.94138072e-05  3.72469278e-01  8.92973771e-01  1.08000000e+00  7.20000000e-01  6.32674775e-01 
 2.94188072e-05  3.71416362e-01  8.90695738e-01  1.08000000e+00  7.20000000e-01  6.32678320e-01 
 2.94238072e-05  3.70351299e-01  8.88422691e-01  1.08000000e+00  7.20000000e-01  6.32681401e-01 
 2.94288072e-05  3.69286400e-01  8.86171835e-01  1.08000000e+00  7.20000000e-01  6.32683978e-01 
 2.94338072e-05  3.68232245e-01  8.83960032e-01  1.08000000e+00  7.20000000e-01  6.32686024e-01 
 2.94388072e-05  3.67197654e-01  8.81803577e-01  1.08000000e+00  7.20000000e-01  6.32687516e-01 
 2.94438072e-05  3.66189723e-01  8.79718001e-01  1.08000000e+00  7.20000000e-01  6.32688439e-01 
 2.94488072e-05  3.65213901e-01  8.77717889e-01  1.08000000e+00  7.20000000e-01  6.32688784e-01 
 2.94538072e-05  3.64274106e-01  8.75816716e-01  1.08000000e+00  7.20000000e-01  6.32688553e-01 
 2.94588072e-05  3.63372862e-01  8.74026718e-01  1.08000000e+00  7.20000000e-01  6.32687750e-01 
 2.94638072e-05  3.62511452e-01  8.72358774e-01  1.08000000e+00  7.20000000e-01  6.32686388e-01 
 2.94688072e-05  3.61690085e-01  8.70822331e-01  1.08000000e+00  7.20000000e-01  6.32684486e-01 
 2.94738072e-05  3.60908051e-01  8.69425347e-01  1.08000000e+00  7.20000000e-01  6.32682069e-01 
 2.94788072e-05  3.60163887e-01  8.68174263e-01  1.08000000e+00  7.20000000e-01  6.32679163e-01 
 2.94838072e-05  3.59455516e-01  8.67074007e-01  1.08000000e+00  7.20000000e-01  6.32675805e-01 
 2.94888072e-05  3.58780397e-01  8.66128018e-01  1.08000000e+00  7.20000000e-01  6.32672028e-01 
 2.94938072e-05  3.58135641e-01  8.65338295e-01  1.08000000e+00  7.20000000e-01  6.32667874e-01 
 2.94988072e-05  3.57518128e-01  8.64705468e-01  1.08000000e+00  7.20000000e-01  6.32663383e-01 
 2.95038072e-05  3.56924607e-01  8.64228885e-01  1.08000000e+00  7.20000000e-01  6.32658599e-01 
 2.95088072e-05  3.56351781e-01  8.63906713e-01  1.08000000e+00  7.20000000e-01  6.32653565e-01 
 2.95138072e-05  3.55796386e-01  8.63736047e-01  1.08000000e+00  7.20000000e-01  6.32648327e-01 
 2.95188072e-05  3.55255250e-01  8.63713030e-01  1.08000000e+00  7.20000000e-01  6.32642927e-01 
 2.95238072e-05  3.54725358e-01  8.63832973e-01  1.08000000e+00  7.20000000e-01  6.32637410e-01 
 2.95288072e-05  3.54203889e-01  8.64090482e-01  1.08000000e+00  7.20000000e-01  6.32631817e-01 
 2.95338072e-05  3.53688268e-01  8.64479572e-01  1.08000000e+00  7.20000000e-01  6.32626188e-01 
 2.95388072e-05  3.53176194e-01  8.64993787e-01  1.08000000e+00  7.20000000e-01  6.32620560e-01 
 2.95438072e-05  3.52665674e-01  8.65626311e-01  1.08000000e+00  7.20000000e-01  6.32614972e-01 
 2.95488072e-05  3.52155050e-01  8.66370067e-01  1.08000000e+00  7.20000000e-01  6.32609454e-01 
 2.95538072e-05  3.51643021e-01  8.67217814e-01  1.08000000e+00  7.20000000e-01  6.32604039e-01 
 2.95588072e-05  3.51128661e-01  8.68162225e-01  1.08000000e+00  7.20000000e-01  6.32598752e-01 
 2.95638072e-05  3.50611440e-01  8.69195969e-01  1.08000000e+00  7.20000000e-01  6.32593621e-01 
 2.95688072e-05  3.50091236e-01  8.70311767e-01  1.08000000e+00  7.20000000e-01  6.32588665e-01 
 2.95738072e-05  3.49568343e-01  8.71502445e-01  1.08000000e+00  7.20000000e-01  6.32583905e-01 
 2.95788072e-05  3.49043488e-01  8.72760980e-01  1.08000000e+00  7.20000000e-01  6.32579354e-01 
 2.95838072e-05  3.48517830e-01  8.74080527e-01  1.08000000e+00  7.20000000e-01  6.32575028e-01 
 2.95888072e-05  3.47992963e-01  8.75454447e-01  1.08000000e+00  7.20000000e-01  6.32570936e-01 
 2.95938072e-05  3.47470924e-01  8.76876314e-01  1.08000000e+00  7.20000000e-01  6.32567088e-01 
 2.95988072e-05  3.46954182e-01  8.78339928e-01  1.08000000e+00  7.20000000e-01  6.32563487e-01 
 2.96038072e-05  3.46445642e-01  8.79839311e-01  1.08000000e+00  7.20000000e-01  6.32560140e-01 
 2.96088072e-05  3.45948631e-01  8.81368699e-01  1.08000000e+00  7.20000000e-01  6.32557046e-01 
 2.96138072e-05  3.45466893e-01  8.82922535e-01  1.08000000e+00  7.20000000e-01  6.32554209e-01 
 2.96188072e-05  3.45004571e-01  8.84495450e-01  1.08000000e+00  7.20000000e-01  6.32551625e-01 
 2.96238072e-05  3.44566197e-01  8.86082248e-01  1.08000000e+00  7.20000000e-01  6.32549295e-01 
 2.96288072e-05  3.44156670e-01  8.87677890e-01  1.08000000e+00  7.20000000e-01  6.32547215e-01 
 2.96338072e-05  3.43781229e-01  8.89277472e-01  1.08000000e+00  7.20000000e-01  6.32545383e-01 
 2.96388072e-05  3.43445428e-01  8.90876211e-01  1.08000000e+00  7.20000000e-01  6.32543794e-01 
 2.96438072e-05  3.43155099e-01  8.92469429e-01  1.08000000e+00  7.20000000e-01  6.32542445e-01 
 2.96488072e-05  3.42916310e-01  8.94052543e-01  1.08000000e+00  7.20000000e-01  6.32541331e-01 
 2.96538072e-05  3.42735314e-01  8.95621054e-01  1.08000000e+00  7.20000000e-01  6.32540449e-01 
 2.96588072e-05  3.42618486e-01  8.97170549e-01  1.08000000e+00  7.20000000e-01  6.32539792e-01 
 2.96638072e-05  3.42572258e-01  8.98696699e-01  1.08000000e+00  7.20000000e-01  6.32539359e-01 
 2.96688072e-05  3.42603032e-01  9.00195266e-01  1.08000000e+00  7.20000000e-01  6.32539143e-01 
 2.96738072e-05  3.42717087e-01  9.01662121e-01  1.08000000e+00  7.20000000e-01  6.32539141e-01 
 2.96788072e-05  3.42920475e-01  9.03093253e-01  1.08000000e+00  7.20000000e-01  6.32539347e-01 
 2.96838072e-05  3.43218904e-01  9.04484794e-01  1.08000000e+00  7.20000000e-01  6.32539758e-01 
 2.96888072e-05  3.43617607e-01  9.05833043e-01  1.08000000e+00  7.20000000e-01  6.32540367e-01 
 2.96938072e-05  3.44121209e-01  9.07134488e-01  1.08000000e+00  7.20000000e-01  6.32541169e-01 
 2.96988072e-05  3.44733584e-01  9.08385826e-01  1.08000000e+00  7.20000000e-01  6.32542158e-01 
 2.97038072e-05  3.45457702e-01  9.09583986e-01  1.08000000e+00  7.20000000e-01  6.32543328e-01 
 2.97088072e-05  3.46295486e-01  9.10726139e-01  1.08000000e+00  7.20000000e-01  6.32544670e-01 
 2.97138072e-05  3.47247656e-01  9.11809701e-01  1.08000000e+00  7.20000000e-01  6.32546178e-01 
 2.97188072e-05  3.48313587e-01  9.12832323e-01  1.08000000e+00  7.20000000e-01  6.32547843e-01 
 2.97238072e-05  3.49491169e-01  9.13791866e-01  1.08000000e+00  7.20000000e-01  6.32549658e-01 
 2.97288072e-05  3.50776679e-01  9.14686362e-01  1.08000000e+00  7.20000000e-01  6.32551611e-01 
 2.97338072e-05  3.52164658e-01  9.15513953e-01  1.08000000e+00  7.20000000e-01  6.32553697e-01 
 2.97388072e-05  3.53647814e-01  9.16272814e-01  1.08000000e+00  7.20000000e-01  6.32555906e-01 
 2.97438072e-05  3.55216936e-01  9.16961053e-01  1.08000000e+00  7.20000000e-01  6.32558232e-01 
 2.97488072e-05  3.56860838e-01  9.17576609e-01  1.08000000e+00  7.20000000e-01  6.32560668e-01 
 2.97538072e-05  3.58566328e-01  9.18117123e-01  1.08000000e+00  7.20000000e-01  6.32563211e-01 
 2.97588072e-05  3.60318236e-01  9.18579822e-01  1.08000000e+00  7.20000000e-01  6.32565860e-01 
 2.97638072e-05  3.62099475e-01  9.18961409e-01  1.08000000e+00  7.20000000e-01  6.32568616e-01 
 2.97688072e-05  3.63891194e-01  9.19257966e-01  1.08000000e+00  7.20000000e-01  6.32571482e-01 
 2.97738072e-05  3.65673003e-01  9.19464905e-01  1.08000000e+00  7.20000000e-01  6.32574467e-01 
 2.97788072e-05  3.67423295e-01  9.19576957e-01  1.08000000e+00  7.20000000e-01  6.32577581e-01 
 2.97838072e-05  3.69119683e-01  9.19588225e-01  1.08000000e+00  7.20000000e-01  6.32580837e-01 
 2.97888072e-05  3.70739527e-01  9.19492309e-01  1.08000000e+00  7.20000000e-01  6.32584249e-01 
 2.97938072e-05  3.72260552e-01  9.19282490e-01  1.08000000e+00  7.20000000e-01  6.32587834e-01 
 2.97988072e-05  3.73661531e-01  9.18951983e-01  1.08000000e+00  7.20000000e-01  6.32591606e-01 
 2.98038072e-05  3.74922984e-01  9.18494236e-01  1.08000000e+00  7.20000000e-01  6.32595580e-01 
 2.98088072e-05  3.76027852e-01  9.17903260e-01  1.08000000e+00  7.20000000e-01  6.32599764e-01 
 2.98138072e-05  3.76962103e-01  9.17173962e-01  1.08000000e+00  7.20000000e-01  6.32604164e-01 
 2.98188072e-05  3.77715215e-01  9.16302470e-01  1.08000000e+00  7.20000000e-01  6.32608776e-01 
 2.98238072e-05  3.78280516e-01  9.15286413e-01  1.08000000e+00  7.20000000e-01  6.32613592e-01 
 2.98288072e-05  3.78655344e-01  9.14125153e-01  1.08000000e+00  7.20000000e-01  6.32618595e-01 
 2.98338072e-05  3.78841036e-01  9.12819953e-01  1.08000000e+00  7.20000000e-01  6.32623758e-01 
 2.98388072e-05  3.78842741e-01  9.11374073e-01  1.08000000e+00  7.20000000e-01  6.32629048e-01 
 2.98438072e-05  3.78669095e-01  9.09792803e-01  1.08000000e+00  7.20000000e-01  6.32634423e-01 
 2.98488072e-05  3.78331759e-01  9.08083429e-01  1.08000000e+00  7.20000000e-01  6.32639834e-01 
 2.98538072e-05  3.77844888e-01  9.06255145e-01  1.08000000e+00  7.20000000e-01  6.32645229e-01 
 2.98588072e-05  3.77224531e-01  9.04318916e-01  1.08000000e+00  7.20000000e-01  6.32650550e-01 
 2.98638072e-05  3.76488025e-01  9.02287303e-01  1.08000000e+00  7.20000000e-01  6.32655738e-01 
 2.98688072e-05  3.75653391e-01  9.00174260e-01  1.08000000e+00  7.20000000e-01  6.32660732e-01 
 2.98738072e-05  3.74738776e-01  8.97994908e-01  1.08000000e+00  7.20000000e-01  6.32665474e-01 
 2.98788072e-05  3.73761947e-01  8.95765296e-01  1.08000000e+00  7.20000000e-01  6.32669905e-01 
 2.98838072e-05  3.72739856e-01  8.93502153e-01  1.08000000e+00  7.20000000e-01  6.32673972e-01 
 2.98888072e-05  3.71688292e-01  8.91222640e-01  1.08000000e+00  7.20000000e-01  6.32677625e-01 
 2.98938072e-05  3.70621610e-01  8.88944099e-01  1.08000000e+00  7.20000000e-01  6.32680821e-01 
 2.98988072e-05  3.69552548e-01  8.86683811e-01  1.08000000e+00  7.20000000e-01  6.32683521e-01 
 2.99038072e-05  3.68492115e-01  8.84458761e-01  1.08000000e+00  7.20000000e-01  6.32685696e-01 
 2.99088072e-05  3.67449557e-01  8.82285421e-01  1.08000000e+00  7.20000000e-01  6.32687320e-01 
 2.99138072e-05  3.66432376e-01  8.80179538e-01  1.08000000e+00  7.20000000e-01  6.32688377e-01 
 2.99188072e-05  3.65446398e-01  8.78155954e-01  1.08000000e+00  7.20000000e-01  6.32688857e-01 
 2.99238072e-05  3.64495883e-01  8.76228432e-01  1.08000000e+00  7.20000000e-01  6.32688759e-01 
 2.99288072e-05  3.63583660e-01  8.74409522e-01  1.08000000e+00  7.20000000e-01  6.32688086e-01 
 2.99338072e-05  3.62711278e-01  8.72710441e-01  1.08000000e+00  7.20000000e-01  6.32686851e-01 
 2.99388072e-05  3.61879168e-01  8.71140984e-01  1.08000000e+00  7.20000000e-01  6.32685069e-01 
 2.99438072e-05  3.61086806e-01  8.69709465e-01  1.08000000e+00  7.20000000e-01  6.32682766e-01 
 2.99488072e-05  3.60332873e-01  8.68422684e-01  1.08000000e+00  7.20000000e-01  6.32679967e-01 
 2.99538072e-05  3.59615409e-01  8.67285920e-01  1.08000000e+00  7.20000000e-01  6.32676706e-01 
 2.99588072e-05  3.58931949e-01  8.66302954e-01  1.08000000e+00  7.20000000e-01  6.32673017e-01 
 2.99638072e-05  3.58279659e-01  8.65476111e-01  1.08000000e+00  7.20000000e-01  6.32668942e-01 
 2.99688072e-05  3.57655448e-01  8.64806327e-01  1.08000000e+00  7.20000000e-01  6.32664519e-01 
 2.99738072e-05  3.57056071e-01  8.64293232e-01  1.08000000e+00  7.20000000e-01  6.32659793e-01 
 2.99788072e-05  3.56478221e-01  8.63935249e-01  1.08000000e+00  7.20000000e-01  6.32654807e-01 
 2.99838072e-05  3.55918603e-01  8.63729701e-01  1.08000000e+00  7.20000000e-01  6.32649607e-01 
 2.99888072e-05  3.55374009e-01  8.63672931e-01  1.08000000e+00  7.20000000e-01  6.32644234e-01 
 2.99938072e-05  3.54841367e-01  8.63760421e-01  1.08000000e+00  7.20000000e-01  6.32638734e-01 
 2.99988072e-05  3.54317799e-01  8.63986917e-01  1.08000000e+00  7.20000000e-01  6.32633148e-01 
 3.00038072e-05  3.53800658e-01  8.64346549e-01  1.08000000e+00  7.20000000e-01  6.32627517e-01 
 3.00088072e-05  3.53287567e-01  8.64832949e-01  1.08000000e+00  7.20000000e-01  6.32621880e-01 
 3.00138072e-05  3.52776453e-01  8.65439360e-01  1.08000000e+00  7.20000000e-01  6.32616274e-01 
 3.00188072e-05  3.52265568e-01  8.66158748e-01  1.08000000e+00  7.20000000e-01  6.32610731e-01 
 3.00238072e-05  3.51753521e-01  8.66983888e-01  1.08000000e+00  7.20000000e-01  6.32605284e-01 
 3.00288072e-05  3.51239293e-01  8.67907459e-01  1.08000000e+00  7.20000000e-01  6.32599960e-01 
 3.00338072e-05  3.50722255e-01  8.68922113e-01  1.08000000e+00  7.20000000e-01  6.32594786e-01 
 3.00388072e-05  3.50202184e-01  8.70020545e-01  1.08000000e+00  7.20000000e-01  6.32589783e-01 
 3.00438072e-05  3.49679278e-01  8.71195544e-01  1.08000000e+00  7.20000000e-01  6.32584972e-01 
 3.00488072e-05  3.49154158e-01  8.72440042e-01  1.08000000e+00  7.20000000e-01  6.32580368e-01 
 3.00538072e-05  3.48627880e-01  8.73747144e-01  1.08000000e+00  7.20000000e-01  6.32575985e-01 
 3.00588072e-05  3.48101940e-01  8.75110154e-01  1.08000000e+00  7.20000000e-01  6.32571835e-01 
 3.00638072e-05  3.47578270e-01  8.76522594e-01  1.08000000e+00  7.20000000e-01  6.32567927e-01 
 3.00688072e-05  3.47059241e-01  8.77978205e-01  1.08000000e+00  7.20000000e-01  6.32564265e-01 
 3.00738072e-05  3.46547659e-01  8.79470954e-01  1.08000000e+00  7.20000000e-01  6.32560857e-01 
 3.00788072e-05  3.46046756e-01  8.80995027e-01  1.08000000e+00  7.20000000e-01  6.32557702e-01 
 3.00838072e-05  3.45560184e-01  8.82544817e-01  1.08000000e+00  7.20000000e-01  6.32554804e-01 
 3.00888072e-05  3.45091998e-01  8.84114910e-01  1.08000000e+00  7.20000000e-01  6.32552160e-01 
 3.00938072e-05  3.44646647e-01  8.85700070e-01  1.08000000e+00  7.20000000e-01  6.32549771e-01 
 3.00988072e-05  3.44228951e-01  8.87295224e-01  1.08000000e+00  7.20000000e-01  6.32547632e-01 
 3.01038072e-05  3.43844079e-01  8.88895434e-01  1.08000000e+00  7.20000000e-01  6.32545742e-01 
 3.01088072e-05  3.43497521e-01  8.90495891e-01  1.08000000e+00  7.20000000e-01  6.32544096e-01 
 3.01138072e-05  3.43195058e-01  8.92091892e-01  1.08000000e+00  7.20000000e-01  6.32542692e-01 
 3.01188072e-05  3.42942713e-01  8.93678831e-01  1.08000000e+00  7.20000000e-01  6.32541523e-01 
 3.01238072e-05  3.42746711e-01  8.95252190e-01  1.08000000e+00  7.20000000e-01  6.32540587e-01 
 3.01288072e-05  3.42613417e-01  8.96807534e-01  1.08000000e+00  7.20000000e-01  6.32539878e-01 
 3.01338072e-05  3.42549265e-01  8.98340511e-01  1.08000000e+00  7.20000000e-01  6.32539394e-01 
 3.01388072e-05  3.42560686e-01  8.99846863e-01  1.08000000e+00  7.20000000e-01  6.32539128e-01 
 3.01438072e-05  3.42654009e-01  9.01322429e-01  1.08000000e+00  7.20000000e-01  6.32539077e-01 
 3.01488072e-05  3.42835362e-01  9.02763169e-01  1.08000000e+00  7.20000000e-01  6.32539236e-01 
 3.01538072e-05  3.43110559e-01  9.04165179e-01  1.08000000e+00  7.20000000e-01  6.32539600e-01 
 3.01588072e-05  3.43484970e-01  9.05524715e-01  1.08000000e+00  7.20000000e-01  6.32540164e-01 
 3.01638072e-05  3.43963390e-01  9.06838217e-01  1.08000000e+00  7.20000000e-01  6.32540923e-01 
 3.01688072e-05  3.44549895e-01  9.08102333e-01  1.08000000e+00  7.20000000e-01  6.32541869e-01 
 3.01738072e-05  3.45247697e-01  9.09313937e-01  1.08000000e+00  7.20000000e-01  6.32542998e-01 
 3.01788072e-05  3.46058990e-01  9.10470145e-01  1.08000000e+00  7.20000000e-01  6.32544302e-01 
 3.01838072e-05  3.46984802e-01  9.11568318e-01  1.08000000e+00  7.20000000e-01  6.32545774e-01 
 3.01888072e-05  3.48024849e-01  9.12606057e-01  1.08000000e+00  7.20000000e-01  6.32547404e-01 
 3.01938072e-05  3.49177395e-01  9.13581185e-01  1.08000000e+00  7.20000000e-01  6.32549185e-01 
 3.01988072e-05  3.50439114e-01  9.14491704e-01  1.08000000e+00  7.20000000e-01  6.32551108e-01 
 3.02038072e-05  3.51804976e-01  9.15335748e-01  1.08000000e+00  7.20000000e-01  6.32553165e-01 
 3.02088072e-05  3.53268134e-01  9.16111500e-01  1.08000000e+00  7.20000000e-01  6.32555346e-01 
 3.02138072e-05  3.54819840e-01  9.16817108e-01  1.08000000e+00  7.20000000e-01  6.32557646e-01 
 3.02188072e-05  3.56449379e-01  9.17450572e-01  1.08000000e+00  7.20000000e-01  6.32560057e-01 
 3.02238072e-05  3.58144033e-01  9.18009629e-01  1.08000000e+00  7.20000000e-01  6.32562576e-01 
 3.02288072e-05  3.59889087e-01  9.18491629e-01  1.08000000e+00  7.20000000e-01  6.32565200e-01 
 3.02338072e-05  3.61667892e-01  9.18893418e-01  1.08000000e+00  7.20000000e-01  6.32567930e-01 
 3.02388072e-05  3.63461980e-01  9.19211244e-01  1.08000000e+00  7.20000000e-01  6.32570768e-01 
 3.02438072e-05  3.65251279e-01  9.19440687e-01  1.08000000e+00  7.20000000e-01  6.32573724e-01 
 3.02488072e-05  3.67014410e-01  9.19576641e-01  1.08000000e+00  7.20000000e-01  6.32576804e-01 
 3.02538072e-05  3.68729091e-01  9.19613351e-01  1.08000000e+00  7.20000000e-01  6.32580024e-01 
 3.02588072e-05  3.70372646e-01  9.19544515e-01  1.08000000e+00  7.20000000e-01  6.32583395e-01 
 3.02638072e-05  3.71922606e-01  9.19363459e-01  1.08000000e+00  7.20000000e-01  6.32586936e-01 
 3.02688072e-05  3.73357378e-01  9.19063372e-01  1.08000000e+00  7.20000000e-01  6.32590660e-01 
 3.02738072e-05  3.74656947e-01  9.18637595e-01  1.08000000e+00  7.20000000e-01  6.32594583e-01 
 3.02788072e-05  3.75803560e-01  9.18079950e-01  1.08000000e+00  7.20000000e-01  6.32598714e-01 
 3.02838072e-05  3.76782361e-01  9.17385074e-01  1.08000000e+00  7.20000000e-01  6.32603060e-01 
 3.02888072e-05  3.77581902e-01  9.16548746e-01  1.08000000e+00  7.20000000e-01  6.32607621e-01 
 3.02938072e-05  3.78194530e-01  9.15568185e-01  1.08000000e+00  7.20000000e-01  6.32612389e-01 
 3.02988072e-05  3.78616584e-01  9.14442294e-01  1.08000000e+00  7.20000000e-01  6.32617349e-01 
 3.03038072e-05  3.78848433e-01  9.13171842e-01  1.08000000e+00  7.20000000e-01  6.32622478e-01 
 3.03088072e-05  3.78894330e-01  9.11759586e-01  1.08000000e+00  7.20000000e-01  6.32627743e-01 
 3.03138072e-05  3.78762111e-01  9.10210311e-01  1.08000000e+00  7.20000000e-01  6.32633104e-01 
 3.03188072e-05  3.78462773e-01  9.08530817e-01  1.08000000e+00  7.20000000e-01  6.32638514e-01 
 3.03238072e-05  3.78009946e-01  9.06729842e-01  1.08000000e+00  7.20000000e-01  6.32643922e-01 
 3.03288072e-05  3.77419310e-01  9.04817935e-01  1.08000000e+00  7.20000000e-01  6.32649270e-01 
 3.03338072e-05  3.76707984e-01  9.02807291e-01  1.08000000e+00  7.20000000e-01  6.32654501e-01 
 3.03388072e-05  3.75893919e-01  9.00711550e-01  1.08000000e+00  7.20000000e-01  6.32659553e-01 
 3.03438072e-05  3.74995324e-01  8.98545582e-01  1.08000000e+00  7.20000000e-01  6.32664366e-01 
 3.03488072e-05  3.74030142e-01  8.96325244e-01  1.08000000e+00  7.20000000e-01  6.32668883e-01 
 3.03538072e-05  3.73015600e-01  8.94067136e-01  1.08000000e+00  7.20000000e-01  6.32673049e-01 
 3.03588072e-05  3.71967837e-01  8.91788353e-01  1.08000000e+00  7.20000000e-01  6.32676812e-01 
 3.03638072e-05  3.70901609e-01  8.89506230e-01  1.08000000e+00  7.20000000e-01  6.32680128e-01 
 3.03688072e-05  3.69830092e-01  8.87238103e-01  1.08000000e+00  7.20000000e-01  6.32682957e-01 
 3.03738072e-05  3.68764745e-01  8.85001070e-01  1.08000000e+00  7.20000000e-01  6.32685266e-01 
 3.03788072e-05  3.67715266e-01  8.82811764e-01  1.08000000e+00  7.20000000e-01  6.32687030e-01 
 3.03838072e-05  3.66689591e-01  8.80686144e-01  1.08000000e+00  7.20000000e-01  6.32688230e-01 
 3.03888072e-05  3.65693957e-01  8.78639307e-01  1.08000000e+00  7.20000000e-01  6.32688854e-01 
 3.03938072e-05  3.64733002e-01  8.76685310e-01  1.08000000e+00  7.20000000e-01  6.32688899e-01 
 3.03988072e-05  3.63809894e-01  8.74837026e-01  1.08000000e+00  7.20000000e-01  6.32688368e-01 
 3.04038072e-05  3.62926480e-01  8.73106020e-01  1.08000000e+00  7.20000000e-01  6.32687270e-01 
 3.04088072e-05  3.62083445e-01  8.71502456e-01  1.08000000e+00  7.20000000e-01  6.32685620e-01 
 3.04138072e-05  3.61280479e-01  8.70035023e-01  1.08000000e+00  7.20000000e-01  6.32683442e-01 
 3.04188072e-05  3.60516438e-01  8.68710902e-01  1.08000000e+00  7.20000000e-01  6.32680761e-01 
 3.04238072e-05  3.59789496e-01  8.67535751e-01  1.08000000e+00  7.20000000e-01  6.32677608e-01 
 3.04288072e-05  3.59097292e-01  8.66513719e-01  1.08000000e+00  7.20000000e-01  6.32674019e-01 
 3.04338072e-05  3.58437062e-01  8.65647487e-01  1.08000000e+00  7.20000000e-01  6.32670033e-01 
 3.04388072e-05  3.57805758e-01  8.64938325e-01  1.08000000e+00  7.20000000e-01  6.32665689e-01 
 3.04438072e-05  3.57200154e-01  8.64386176e-01  1.08000000e+00  7.20000000e-01  6.32661031e-01 
 3.04488072e-05  3.56616943e-01  8.63989746e-01  1.08000000e+00  7.20000000e-01  6.32656101e-01 
 3.04538072e-05  3.56052810e-01  8.63746616e-01  1.08000000e+00  7.20000000e-01  6.32650946e-01 
 3.04588072e-05  3.55504513e-01  8.63653354e-01  1.08000000e+00  7.20000000e-01  6.32645608e-01 
 3.04638072e-05  3.54968933e-01  8.63705637e-01  1.08000000e+00  7.20000000e-01  6.32640131e-01 
 3.04688072e-05  3.54443132e-01  8.63898377e-01  1.08000000e+00  7.20000000e-01  6.32634559e-01 
 3.04738072e-05  3.53924395e-01  8.64225835e-01  1.08000000e+00  7.20000000e-01  6.32628932e-01 
 3.04788072e-05  3.53410272e-01  8.64681750e-01  1.08000000e+00  7.20000000e-01  6.32623289e-01 
 3.04838072e-05  3.52898603e-01  8.65259444e-01  1.08000000e+00  7.20000000e-01  6.32617668e-01 
 3.04888072e-05  3.52387554e-01  8.65951936e-01  1.08000000e+00  7.20000000e-01  6.32612103e-01 
 3.04938072e-05  3.51875640e-01  8.66752032e-01  1.08000000e+00  7.20000000e-01  6.32606626e-01 
 3.04988072e-05  3.51361743e-01  8.67652420e-01  1.08000000e+00  7.20000000e-01  6.32601266e-01 
 3.05038072e-05  3.50845133e-01  8.68645747e-01  1.08000000e+00  7.20000000e-01  6.32596050e-01 
 3.05088072e-05  3.50325484e-01  8.69724686e-01  1.08000000e+00  7.20000000e-01  6.32590999e-01 
 3.05138072e-05  3.49802885e-01  8.70881994e-01  1.08000000e+00  7.20000000e-01  6.32586136e-01 
 3.05188072e-05  3.49277851e-01  8.72110557e-01  1.08000000e+00  7.20000000e-01  6.32581477e-01 
 3.05238072e-05  3.48751328e-01  8.73403432e-01  1.08000000e+00  7.20000000e-01  6.32577036e-01 
 3.05288072e-05  3.48224702e-01  8.74753867e-01  1.08000000e+00  7.20000000e-01  6.32572825e-01 
 3.05338072e-05  3.47699797e-01  8.76155327e-01  1.08000000e+00  7.20000000e-01  6.32568855e-01 
 3.05388072e-05  3.47178877e-01  8.77601494e-01  1.08000000e+00  7.20000000e-01  6.32565130e-01 
 3.05438072e-05  3.46664641e-01  8.79086279e-01  1.08000000e+00  7.20000000e-01  6.32561657e-01 
 3.05488072e-05  3.46160216e-01  8.80603811e-01  1.08000000e+00  7.20000000e-01  6.32558438e-01 
 3.05538072e-05  3.45669154e-01  8.82148430e-01  1.08000000e+00  7.20000000e-01  6.32555475e-01 
 3.05588072e-05  3.45195413e-01  8.83714677e-01  1.08000000e+00  7.20000000e-01  6.32552767e-01 
 3.05638072e-05  3.44743349e-01  8.85297272e-01  1.08000000e+00  7.20000000e-01  6.32550314e-01 
 3.05688072e-05  3.44317694e-01  8.86891101e-01  1.08000000e+00  7.20000000e-01  6.32548113e-01 
 3.05738072e-05  3.43923538e-01  8.88491194e-01  1.08000000e+00  7.20000000e-01  6.32546161e-01 
 3.05788072e-05  3.43566297e-01  8.90092711e-01  1.08000000e+00  7.20000000e-01  6.32544454e-01 
 3.05838072e-05  3.43251688e-01  8.91690922e-01  1.08000000e+00  7.20000000e-01  6.32542990e-01 
 3.05888072e-05  3.42985683e-01  8.93281199e-01  1.08000000e+00  7.20000000e-01  6.32541763e-01 
 3.05938072e-05  3.42774469e-01  8.94859001e-01  1.08000000e+00  7.20000000e-01  6.32540770e-01 
 3.05988072e-05  3.42624386e-01  8.96419872e-01  1.08000000e+00  7.20000000e-01  6.32540005e-01 
 3.06038072e-05  3.42541867e-01  8.97959438e-01  1.08000000e+00  7.20000000e-01  6.32539465e-01 
 3.06088072e-05  3.42533357e-01  8.99473416e-01  1.08000000e+00  7.20000000e-01  6.32539146e-01 
 3.06138072e-05  3.42605228e-01  9.00957618e-01  1.08000000e+00  7.20000000e-01  6.32539042e-01 
 3.06188072e-05  3.42763678e-01  9.02407972e-01  1.08000000e+00  7.20000000e-01  6.32539149e-01 
 3.06238072e-05  3.43014617e-01  9.03820536e-01  1.08000000e+00  7.20000000e-01  6.32539463e-01 
 3.06288072e-05  3.43363548e-01  9.05191525e-01  1.08000000e+00  7.20000000e-01  6.32539978e-01 
 3.06338072e-05  3.43815431e-01  9.06517329e-01  1.08000000e+00  7.20000000e-01  6.32540690e-01 
 3.06388072e-05  3.44374544e-01  9.07794543e-01  1.08000000e+00  7.20000000e-01  6.32541590e-01 
 3.06438072e-05  3.45044337e-01  9.09019983e-01  1.08000000e+00  7.20000000e-01  6.32542676e-01 
 3.06488072e-05  3.45827281e-01  9.10190704e-01  1.08000000e+00  7.20000000e-01  6.32543937e-01 
 3.06538072e-05  3.46724717e-01  9.11304009e-01  1.08000000e+00  7.20000000e-01  6.32545368e-01 
 3.06588072e-05  3.47736712e-01  9.12357442e-01  1.08000000e+00  7.20000000e-01  6.32546960e-01 
 3.06638072e-05  3.48861911e-01  9.13348777e-01  1.08000000e+00  7.20000000e-01  6.32548706e-01 
 3.06688072e-05  3.50097404e-01  9.14275981e-01  1.08000000e+00  7.20000000e-01  6.32550595e-01 
 3.06738072e-05  3.51438603e-01  9.15137164e-01  1.08000000e+00  7.20000000e-01  6.32552620e-01 
 3.06788072e-05  3.52879130e-01  9.15930514e-01  1.08000000e+00  7.20000000e-01  6.32554771e-01 
 3.06838072e-05  3.54410722e-01  9.16654203e-01  1.08000000e+00  7.20000000e-01  6.32557043e-01 
 3.06888072e-05  3.56023164e-01  9.17306287e-01  1.08000000e+00  7.20000000e-01  6.32559427e-01 
 3.06938072e-05  3.57704240e-01  9.17884588e-01  1.08000000e+00  7.20000000e-01  6.32561919e-01 
 3.06988072e-05  3.59439732e-01  9.18386573e-01  1.08000000e+00  7.20000000e-01  6.32564516e-01 
 3.07038072e-05  3.61213462e-01  9.18809234e-01  1.08000000e+00  7.20000000e-01  6.32567219e-01 
 3.07088072e-05  3.63007393e-01  9.19148981e-01  1.08000000e+00  7.20000000e-01  6.32570030e-01 
 3.07138072e-05  3.64801823e-01  9.19401573e-01  1.08000000e+00  7.20000000e-01  6.32572955e-01 
 3.07188072e-05  3.66575649e-01  9.19562079e-01  1.08000000e+00  7.20000000e-01  6.32576002e-01 
 3.07238072e-05  3.68306752e-01  9.19624899e-01  1.08000000e+00  7.20000000e-01  6.32579184e-01 
 3.07288072e-05  3.69972479e-01  9.19583853e-01  1.08000000e+00  7.20000000e-01  6.32582515e-01 
 3.07338072e-05  3.71550218e-01  9.19432336e-01  1.08000000e+00  7.20000000e-01  6.32586010e-01 
 3.07388072e-05  3.73018060e-01  9.19163535e-01  1.08000000e+00  7.20000000e-01  6.32589685e-01 
 3.07438072e-05  3.74355489e-01  9.18770712e-01  1.08000000e+00  7.20000000e-01  6.32593556e-01 
 3.07488072e-05  3.75544086e-01  9.18247522e-01  1.08000000e+00  7.20000000e-01  6.32597632e-01 
 3.07538072e-05  3.76568175e-01  9.17588347e-01  1.08000000e+00  7.20000000e-01  6.32601923e-01 
 3.07588072e-05  3.77415376e-01  9.16788631e-01  1.08000000e+00  7.20000000e-01  6.32606429e-01 
 3.07638072e-05  3.78077023e-01  9.15845187e-01  1.08000000e+00  7.20000000e-01  6.32611146e-01 
 3.07688072e-05  3.78548417e-01  9.14756454e-01  1.08000000e+00  7.20000000e-01  6.32616059e-01 
 3.07738072e-05  3.78828899e-01  9.13522702e-01  1.08000000e+00  7.20000000e-01  6.32621148e-01 
 3.07788072e-05  3.78921754e-01  9.12146163e-01  1.08000000e+00  7.20000000e-01  6.32626382e-01 
 3.07838072e-05  3.78833948e-01  9.10631096e-01  1.08000000e+00  7.20000000e-01  6.32631725e-01 
 3.07888072e-05  3.78575731e-01  9.08983789e-01  1.08000000e+00  7.20000000e-01  6.32637129e-01 
 3.07938072e-05  3.78160130e-01  9.07212492e-01  1.08000000e+00  7.20000000e-01  6.32642545e-01 
 3.07988072e-05  3.77602382e-01  9.05327305e-01  1.08000000e+00  7.20000000e-01  6.32647917e-01 
 3.08038072e-05  3.76919320e-01  9.03340024e-01  1.08000000e+00  7.20000000e-01  6.32653186e-01 
 3.08088072e-05  3.76128766e-01  9.01263943e-01  1.08000000e+00  7.20000000e-01  6.32658292e-01 
 3.08138072e-05  3.75248941e-01  8.99113647e-01  1.08000000e+00  7.20000000e-01  6.32663175e-01 
 3.08188072e-05  3.74297928e-01  8.96904769e-01  1.08000000e+00  7.20000000e-01  6.32667776e-01 
 3.08238072e-05  3.73293202e-01  8.94653754e-01  1.08000000e+00  7.20000000e-01  6.32672040e-01 
 3.08288072e-05  3.72251231e-01  8.92377600e-01  1.08000000e+00  7.20000000e-01  6.32675913e-01 
 3.08338072e-05  3.71187172e-01  8.90093618e-01  1.08000000e+00  7.20000000e-01  6.32679350e-01 
 3.08388072e-05  3.70114637e-01  8.87819176e-01  1.08000000e+00  7.20000000e-01  6.32682310e-01 
 3.08438072e-05  3.69045547e-01  8.85571464e-01  1.08000000e+00  7.20000000e-01  6.32684758e-01 
 3.08488072e-05  3.67990064e-01  8.83367266e-01  1.08000000e+00  7.20000000e-01  6.32686665e-01 
 3.08538072e-05  3.66956581e-01  8.81222745e-01  1.08000000e+00  7.20000000e-01  6.32688013e-01 
 3.08588072e-05  3.65951768e-01  8.79153245e-01  1.08000000e+00  7.20000000e-01  6.32688787e-01 
 3.08638072e-05  3.64980667e-01  8.77173114e-01  1.08000000e+00  7.20000000e-01  6.32688981e-01 
 3.08688072e-05  3.64046808e-01  8.75295550e-01  1.08000000e+00  7.20000000e-01  6.32688598e-01 
 3.08738072e-05  3.63152362e-01  8.73532473e-01  1.08000000e+00  7.20000000e-01  6.32687644e-01 
 3.08788072e-05  3.62298295e-01  8.71894418e-01  1.08000000e+00  7.20000000e-01  6.32686134e-01 
 3.08838072e-05  3.61484534e-01  8.70390466e-01  1.08000000e+00  7.20000000e-01  6.32684089e-01 
 3.08888072e-05  3.60710129e-01  8.69028191e-01  1.08000000e+00  7.20000000e-01  6.32681533e-01 
 3.08938072e-05  3.59973409e-01  8.67813646e-01  1.08000000e+00  7.20000000e-01  6.32678498e-01 
 3.08988072e-05  3.59272132e-01  8.66751366e-01  1.08000000e+00  7.20000000e-01  6.32675016e-01 
 3.09038072e-05  3.58603621e-01  8.65844406e-01  1.08000000e+00  7.20000000e-01  6.32671127e-01 
 3.09088072e-05  3.57964883e-01  8.65094392e-01  1.08000000e+00  7.20000000e-01  6.32666869e-01 
 3.09138072e-05  3.57352724e-01  8.64501598e-01  1.08000000e+00  7.20000000e-01  6.32662285e-01 
 3.09188072e-05  3.56763843e-01  8.64065038e-01  1.08000000e+00  7.20000000e-01  6.32657419e-01 
 3.09238072e-05  3.56194914e-01  8.63782570e-01  1.08000000e+00  7.20000000e-01  6.32652316e-01 
 3.09288072e-05  3.55642666e-01  8.63651006e-01  1.08000000e+00  7.20000000e-01  6.32647018e-01 
 3.09338072e-05  3.55103936e-01  8.63666240e-01  1.08000000e+00  7.20000000e-01  6.32641571e-01 
 3.09388072e-05  3.54575733e-01  8.63823362e-01  1.08000000e+00  7.20000000e-01  6.32636016e-01 
 3.09438072e-05  3.54055276e-01  8.64116787e-01  1.08000000e+00  7.20000000e-01  6.32630397e-01 
 3.09488072e-05  3.53540037e-01  8.64540372e-01  1.08000000e+00  7.20000000e-01  6.32624752e-01 
 3.09538072e-05  3.53027778e-01  8.65087533e-01  1.08000000e+00  7.20000000e-01  6.32619120e-01 
 3.09588072e-05  3.52516574e-01  8.65751352e-01  1.08000000e+00  7.20000000e-01  6.32613535e-01 
 3.09638072e-05  3.52004845e-01  8.66524676e-01  1.08000000e+00  7.20000000e-01  6.32608031e-01 
 3.09688072e-05  3.51491374e-01  8.67400214e-01  1.08000000e+00  7.20000000e-01  6.32602636e-01 
 3.09738072e-05  3.50975329e-01  8.68370610e-01  1.08000000e+00  7.20000000e-01  6.32597378e-01 
 3.09788072e-05  3.50456275e-01  8.69428521e-01  1.08000000e+00  7.20000000e-01  6.32592281e-01 
 3.09838072e-05  3.49934192e-01  8.70566676e-01  1.08000000e+00  7.20000000e-01  6.32587367e-01 
 3.09888072e-05  3.49409483e-01  8.71777919e-01  1.08000000e+00  7.20000000e-01  6.32582652e-01 
 3.09938072e-05  3.48882982e-01  8.73055258e-01  1.08000000e+00  7.20000000e-01  6.32578152e-01 
 3.09988072e-05  3.48355961e-01  8.74391888e-01  1.08000000e+00  7.20000000e-01  6.32573880e-01 
 3.10038072e-05  3.47830131e-01  8.75781213e-01  1.08000000e+00  7.20000000e-01  6.32569845e-01 
 3.10088072e-05  3.47307642e-01  8.77216859e-01  1.08000000e+00  7.20000000e-01  6.32566055e-01 
 3.10138072e-05  3.46791082e-01  8.78692675e-01  1.08000000e+00  7.20000000e-01  6.32562516e-01 
 3.10188072e-05  3.46283470e-01  8.80202732e-01  1.08000000e+00  7.20000000e-01  6.32559231e-01 
 3.10238072e-05  3.45788248e-01  8.81741319e-01  1.08000000e+00  7.20000000e-01  6.32556201e-01 
 3.10288072e-05  3.45309274e-01  8.83302924e-01  1.08000000e+00  7.20000000e-01  6.32553427e-01 
 3.10338072e-05  3.44850803e-01  8.84882221e-01  1.08000000e+00  7.20000000e-01  6.32550908e-01 
 3.10388072e-05  3.44417475e-01  8.86474054e-01  1.08000000e+00  7.20000000e-01  6.32548641e-01 
 3.10438072e-05  3.44014290e-01  8.88073419e-01  1.08000000e+00  7.20000000e-01  6.32546625e-01 
 3.10488072e-05  3.43646587e-01  8.89675442e-01  1.08000000e+00  7.20000000e-01  6.32544855e-01 
 3.10538072e-05  3.43320011e-01  8.91275367e-01  1.08000000e+00  7.20000000e-01  6.32543328e-01 
 3.10588072e-05  3.43040475e-01  8.92868540e-01  1.08000000e+00  7.20000000e-01  6.32542040e-01 
 3.10638072e-05  3.42814118e-01  8.94450396e-01  1.08000000e+00  7.20000000e-01  6.32540987e-01 
 3.10688072e-05  3.42647251e-01  8.96016459e-01  1.08000000e+00  7.20000000e-01  6.32540163e-01 
 3.10738072e-05  3.42546295e-01  8.97562331e-01  1.08000000e+00  7.20000000e-01  6.32539566e-01 
 3.10788072e-05  3.42517702e-01  8.99083706e-01  1.08000000e+00  7.20000000e-01  6.32539190e-01 
 3.10838072e-05  3.42567879e-01  9.00576368e-01  1.08000000e+00  7.20000000e-01  6.32539031e-01 
 3.10888072e-05  3.42703082e-01  9.02036215e-01  1.08000000e+00  7.20000000e-01  6.32539085e-01 
 3.10938072e-05  3.42929313e-01  9.03459267e-01  1.08000000e+00  7.20000000e-01  6.32539346e-01 
 3.10988072e-05  3.43252198e-01  9.04841695e-01  1.08000000e+00  7.20000000e-01  6.32539810e-01 
 3.11038072e-05  3.43676857e-01  9.06179843e-01  1.08000000e+00  7.20000000e-01  6.32540471e-01 
 3.11088072e-05  3.44207764e-01  9.07470250e-01  1.08000000e+00  7.20000000e-01  6.32541324e-01 
 3.11138072e-05  3.44848601e-01  9.08709673e-01  1.08000000e+00  7.20000000e-01  6.32542362e-01 
 3.11188072e-05  3.45602115e-01  9.09895105e-01  1.08000000e+00  7.20000000e-01  6.32543579e-01 
 3.11238072e-05  3.46469958e-01  9.11023784e-01  1.08000000e+00  7.20000000e-01  6.32544968e-01 
 3.11288072e-05  3.47452547e-01  9.12093195e-01  1.08000000e+00  7.20000000e-01  6.32546519e-01 
 3.11338072e-05  3.48548911e-01  9.13101057e-01  1.08000000e+00  7.20000000e-01  6.32548226e-01 
 3.11388072e-05  3.49756562e-01  9.14045293e-01  1.08000000e+00  7.20000000e-01  6.32550079e-01 
 3.11438072e-05  3.51071361e-01  9.14923986e-01  1.08000000e+00  7.20000000e-01  6.32552070e-01 
 3.11488072e-05  3.52487406e-01  9.15735313e-01  1.08000000e+00  7.20000000e-01  6.32554190e-01 
 3.11538072e-05  3.53996936e-01  9.16477466e-01  1.08000000e+00  7.20000000e-01  6.32556432e-01 
 3.11588072e-05  3.55590247e-01  9.17148546e-01  1.08000000e+00  7.20000000e-01  6.32558787e-01 
 3.11638072e-05  3.57255646e-01  9.17746453e-01  1.08000000e+00  7.20000000e-01  6.32561252e-01 
 3.11688072e-05  3.58979433e-01  9.18268762e-01  1.08000000e+00  7.20000000e-01  6.32563822e-01 
 3.11738072e-05  3.60745926e-01  9.18712604e-01  1.08000000e+00  7.20000000e-01  6.32566498e-01 
 3.11788072e-05  3.62537556e-01  9.19074555e-01  1.08000000e+00  7.20000000e-01  6.32569280e-01 
 3.11838072e-05  3.64335023e-01  9.19350551e-01  1.08000000e+00  7.20000000e-01  6.32572174e-01 
 3.11888072e-05  3.66117548e-01  9.19535842e-01  1.08000000e+00  7.20000000e-01  6.32575187e-01 
 3.11938072e-05  3.67863222e-01  9.19625000e-01  1.08000000e+00  7.20000000e-01  6.32578333e-01 
 3.11988072e-05  3.69549465e-01  9.19611982e-01  1.08000000e+00  7.20000000e-01  6.32581622e-01 
 3.12038072e-05  3.71153577e-01  9.19490270e-01  1.08000000e+00  7.20000000e-01  6.32585073e-01 
 3.12088072e-05  3.72653380e-01  9.19253076e-01  1.08000000e+00  7.20000000e-01  6.32588699e-01 
 3.12138072e-05  3.74027905e-01  9.18893608e-01  1.08000000e+00  7.20000000e-01  6.32592516e-01 
 3.12188072e-05  3.75258102e-01  9.18405377e-01  1.08000000e+00  7.20000000e-01  6.32596537e-01 
 3.12238072e-05  3.76327501e-01  9.17782531e-01  1.08000000e+00  7.20000000e-01  6.32600771e-01 
 3.12288072e-05  3.77222795e-01  9.17020198e-01  1.08000000e+00  7.20000000e-01  6.32605220e-01 
 3.12338072e-05  3.77934301e-01  9.16114795e-01  1.08000000e+00  7.20000000e-01  6.32609883e-01 
 3.12388072e-05  3.78456256e-01  9.15064303e-01  1.08000000e+00  7.20000000e-01  6.32614747e-01 
 3.12438072e-05  3.78786940e-01  9.13868490e-01  1.08000000e+00  7.20000000e-01  6.32619793e-01 
 3.12488072e-05  3.78928621e-01  9.12529057e-01  1.08000000e+00  7.20000000e-01  6.32624993e-01 
 3.12538072e-05  3.78887336e-01  9.11049724e-01  1.08000000e+00  7.20000000e-01  6.32630312e-01 
 3.12588072e-05  3.78672524e-01  9.09436247e-01  1.08000000e+00  7.20000000e-01  6.32635705e-01 
 3.12638072e-05  3.78296547e-01  9.07696368e-01  1.08000000e+00  7.20000000e-01  6.32641125e-01 
 3.12688072e-05  3.77774133e-01  9.05839715e-01  1.08000000e+00  7.20000000e-01  6.32646515e-01 
 3.12738072e-05  3.77121769e-01  9.03877656e-01  1.08000000e+00  7.20000000e-01  6.32651819e-01 
 3.12788072e-05  3.76357091e-01  9.01823115e-01  1.08000000e+00  7.20000000e-01  6.32656975e-01 
 3.12838072e-05  3.75498286e-01  8.99690362e-01  1.08000000e+00  7.20000000e-01  6.32661925e-01 
 3.12888072e-05  3.74563538e-01  8.97494783e-01  1.08000000e+00  7.20000000e-01  6.32666607e-01 
 3.12938072e-05  3.73570540e-01  8.95252638e-01  1.08000000e+00  7.20000000e-01  6.32670966e-01 
 3.12988072e-05  3.72536072e-01  8.92980810e-01  1.08000000e+00  7.20000000e-01  6.32674949e-01 
 3.13038072e-05  3.71475674e-01  8.90696558e-01  1.08000000e+00  7.20000000e-01  6.32678507e-01 
 3.13088072e-05  3.70403392e-01  8.88417265e-01  1.08000000e+00  7.20000000e-01  6.32681597e-01 
 3.13138072e-05  3.69331613e-01  8.86160197e-01  1.08000000e+00  7.20000000e-01  6.32684184e-01 
 3.13188072e-05  3.68270972e-01  8.83942274e-01  1.08000000e+00  7.20000000e-01  6.32686237e-01 
 3.13238072e-05  3.67230330e-01  8.81779846e-01  1.08000000e+00  7.20000000e-01  6.32687735e-01 
 3.13288072e-05  3.66216809e-01  8.79688499e-01  1.08000000e+00  7.20000000e-01  6.32688662e-01 
 3.13338072e-05  3.65235869e-01  8.77682863e-01  1.08000000e+00  7.20000000e-01  6.32689010e-01 
 3.13388072e-05  3.64291427e-01  8.75776460e-01  1.08000000e+00  7.20000000e-01  6.32688778e-01 
 3.13438072e-05  3.63385997e-01  8.73981562e-01  1.08000000e+00  7.20000000e-01  6.32687974e-01 
 3.13488072e-05  3.62520845e-01  8.72309081e-01  1.08000000e+00  7.20000000e-01  6.32686609e-01 
 3.13538072e-05  3.61696154e-01  8.70768490e-01  1.08000000e+00  7.20000000e-01  6.32684702e-01 
 3.13588072e-05  3.60911186e-01  8.69367766e-01  1.08000000e+00  7.20000000e-01  6.32682278e-01 
 3.13638072e-05  3.60164444e-01  8.68113366e-01  1.08000000e+00  7.20000000e-01  6.32679365e-01 
 3.13688072e-05  3.59453818e-01  8.67010224e-01  1.08000000e+00  7.20000000e-01  6.32675997e-01 
 3.13738072e-05  3.58776730e-01  8.66061783e-01  1.08000000e+00  7.20000000e-01  6.32672210e-01 
 3.13788072e-05  3.58130256e-01  8.65270037e-01  1.08000000e+00  7.20000000e-01  6.32668044e-01 
 3.13838072e-05  3.57511241e-01  8.64635610e-01  1.08000000e+00  7.20000000e-01  6.32663541e-01 
 3.13888072e-05  3.56916399e-01  8.64157836e-01  1.08000000e+00  7.20000000e-01  6.32658744e-01 
 3.13938072e-05  3.56342401e-01  8.63834867e-01  1.08000000e+00  7.20000000e-01  6.32653698e-01 
 3.13988072e-05  3.55785951e-01  8.63663777e-01  1.08000000e+00  7.20000000e-01  6.32648445e-01 
 3.14038072e-05  3.55243851e-01  8.63640689e-01  1.08000000e+00  7.20000000e-01  6.32643032e-01 
 3.14088072e-05  3.54713054e-01  8.63760890e-01  1.08000000e+00  7.20000000e-01  6.32637500e-01 
 3.14138072e-05  3.54190718e-01  8.64018960e-01  1.08000000e+00  7.20000000e-01  6.32631893e-01 
 3.14188072e-05  3.53674242e-01  8.64408888e-01  1.08000000e+00  7.20000000e-01  6.32626250e-01 
 3.14238072e-05  3.53161307e-01  8.64924193e-01  1.08000000e+00  7.20000000e-01  6.32620609e-01 
 3.14288072e-05  3.52649901e-01  8.65558033e-01  1.08000000e+00  7.20000000e-01  6.32615007e-01 
 3.14338072e-05  3.52138347e-01  8.66303305e-01  1.08000000e+00  7.20000000e-01  6.32609477e-01 
 3.14388072e-05  3.51625331e-01  8.67152743e-01  1.08000000e+00  7.20000000e-01  6.32604049e-01 
 3.14438072e-05  3.51109914e-01  8.68098999e-01  1.08000000e+00  7.20000000e-01  6.32598752e-01 
 3.14488072e-05  3.50591556e-01  8.69134719e-01  1.08000000e+00  7.20000000e-01  6.32593609e-01 
 3.14538072e-05  3.50070124e-01  8.70252603e-01  1.08000000e+00  7.20000000e-01  6.32588643e-01 
 3.14588072e-05  3.49545907e-01  8.71445461e-01  1.08000000e+00  7.20000000e-01  6.32583873e-01 
 3.14638072e-05  3.49019626e-01  8.72706252e-01  1.08000000e+00  7.20000000e-01  6.32579314e-01 
 3.14688072e-05  3.48492435e-01  8.74028117e-01  1.08000000e+00  7.20000000e-01  6.32574980e-01 
 3.14738072e-05  3.47965929e-01  8.75404403e-01  1.08000000e+00  7.20000000e-01  6.32570881e-01 
 3.14788072e-05  3.47442142e-01  8.76828675e-01  1.08000000e+00  7.20000000e-01  6.32567025e-01 
 3.14838072e-05  3.46923548e-01  8.78294722e-01  1.08000000e+00  7.20000000e-01  6.32563419e-01 
 3.14888072e-05  3.46413052e-01  8.79796557e-01  1.08000000e+00  7.20000000e-01  6.32560066e-01 
 3.14938072e-05  3.45913987e-01  8.81328411e-01  1.08000000e+00  7.20000000e-01  6.32556968e-01 
 3.14988072e-05  3.45430102e-01  8.82884719e-01  1.08000000e+00  7.20000000e-01  6.32554126e-01 
 3.15038072e-05  3.44965550e-01  8.84460109e-01  1.08000000e+00  7.20000000e-01  6.32551539e-01 
 3.15088072e-05  3.44524872e-01  8.86049382e-01  1.08000000e+00  7.20000000e-01  6.32549206e-01 
 3.15138072e-05  3.44112976e-01  8.87647494e-01  1.08000000e+00  7.20000000e-01  6.32547124e-01 
 3.15188072e-05  3.43735116e-01  8.89249537e-01  1.08000000e+00  7.20000000e-01  6.32545289e-01 
 3.15238072e-05  3.43396860e-01  8.90850728e-01  1.08000000e+00  7.20000000e-01  6.32543698e-01 
 3.15288072e-05  3.43104058e-01  8.92446383e-01  1.08000000e+00  7.20000000e-01  6.32542347e-01 
 3.15338072e-05  3.42862794e-01  8.94031918e-01  1.08000000e+00  7.20000000e-01  6.32541232e-01 
 3.15388072e-05  3.42679344e-01  8.95602831e-01  1.08000000e+00  7.20000000e-01  6.32540348e-01 
 3.15438072e-05  3.42560106e-01  8.97154704e-01  1.08000000e+00  7.20000000e-01  6.32539692e-01 
 3.15488072e-05  3.42511536e-01  8.98683204e-01  1.08000000e+00  7.20000000e-01  6.32539258e-01 
 3.15538072e-05  3.42540064e-01  9.00184093e-01  1.08000000e+00  7.20000000e-01  6.32539042e-01 
 3.15588072e-05  3.42652000e-01  9.01653234e-01  1.08000000e+00  7.20000000e-01  6.32539040e-01 
 3.15638072e-05  3.42853427e-01  9.03086613e-01  1.08000000e+00  7.20000000e-01  6.32539247e-01 
 3.15688072e-05  3.43150086e-01  9.04480360e-01  1.08000000e+00  7.20000000e-01  6.32539657e-01 
 3.15738072e-05  3.43547247e-01  9.05830770e-01  1.08000000e+00  7.20000000e-01  6.32540267e-01 
 3.15788072e-05  3.44049573e-01  9.07134326e-01  1.08000000e+00  7.20000000e-01  6.32541070e-01 
 3.15838072e-05  3.44660974e-01  9.08387728e-01  1.08000000e+00  7.20000000e-01  6.32542060e-01 
 3.15888072e-05  3.45384462e-01  9.09587903e-01  1.08000000e+00  7.20000000e-01  6.32543231e-01 
 3.15938072e-05  3.46221997e-01  9.10732026e-01  1.08000000e+00  7.20000000e-01  6.32544575e-01 
 3.15988072e-05  3.47174339e-01  9.11817518e-01  1.08000000e+00  7.20000000e-01  6.32546084e-01 
 3.16038072e-05  3.48240904e-01  9.12842039e-01  1.08000000e+00  7.20000000e-01  6.32547751e-01 
 3.16088072e-05  3.49419620e-01  9.13803462e-01  1.08000000e+00  7.20000000e-01  6.32549567e-01 
 3.16138072e-05  3.50706799e-01  9.14699835e-01  1.08000000e+00  7.20000000e-01  6.32551522e-01 
 3.16188072e-05  3.52097020e-01  9.15529321e-01  1.08000000e+00  7.20000000e-01  6.32553609e-01 
 3.16238072e-05  3.53583023e-01  9.16290119e-01  1.08000000e+00  7.20000000e-01  6.32555819e-01 
 3.16288072e-05  3.55155627e-01  9.16980368e-01  1.08000000e+00  7.20000000e-01  6.32558145e-01 
 3.16338072e-05  3.56803671e-01  9.17598035e-01  1.08000000e+00  7.20000000e-01  6.32560582e-01 
 3.16388072e-05  3.58513985e-01  9.18140797e-01  1.08000000e+00  7.20000000e-01  6.32563124e-01 
 3.16438072e-05  3.60271407e-01  9.18605917e-01  1.08000000e+00  7.20000000e-01  6.32565772e-01 
 3.16488072e-05  3.62058853e-01  9.18990131e-01  1.08000000e+00  7.20000000e-01  6.32568525e-01 
 3.16538072e-05  3.63857458e-01  9.19289554e-01  1.08000000e+00  7.20000000e-01  6.32571389e-01 
 3.16588072e-05  3.65646802e-01  9.19499621e-01  1.08000000e+00  7.20000000e-01  6.32574369e-01 
 3.16638072e-05  3.67405228e-01  9.19615081e-01  1.08000000e+00  7.20000000e-01  6.32577478e-01 
 3.16688072e-05  3.69110277e-01  9.19630043e-01  1.08000000e+00  7.20000000e-01  6.32580728e-01 
 3.16738072e-05  3.70739210e-01  9.19538096e-01  1.08000000e+00  7.20000000e-01  6.32584133e-01 
 3.16788072e-05  3.72269633e-01  9.19332500e-01  1.08000000e+00  7.20000000e-01  6.32587710e-01 
 3.16838072e-05  3.73680175e-01  9.19006429e-01  1.08000000e+00  7.20000000e-01  6.32591475e-01 
 3.16888072e-05  3.74951197e-01  9.18553277e-01  1.08000000e+00  7.20000000e-01  6.32595440e-01 
 3.16938072e-05  3.76065465e-01  9.17966983e-01  1.08000000e+00  7.20000000e-01  6.32599617e-01 
 3.16988072e-05  3.77008771e-01  9.17242377e-01  1.08000000e+00  7.20000000e-01  6.32604008e-01 
 3.17038072e-05  3.77770421e-01  9.16375497e-01  1.08000000e+00  7.20000000e-01  6.32608615e-01 
 3.17088072e-05  3.78343580e-01  9.15363878e-01  1.08000000e+00  7.20000000e-01  6.32613426e-01 
 3.17138072e-05  3.78725443e-01  9.14206789e-01  1.08000000e+00  7.20000000e-01  6.32618426e-01 
 3.17188072e-05  3.78917229e-01  9.12905399e-01  1.08000000e+00  7.20000000e-01  6.32623589e-01 
 3.17238072e-05  3.78924001e-01  9.11462882e-01  1.08000000e+00  7.20000000e-01  6.32628881e-01 
 3.17288072e-05  3.78754334e-01  9.09884452e-01  1.08000000e+00  7.20000000e-01  6.32634259e-01 
 3.17338072e-05  3.78419869e-01  9.08177324e-01  1.08000000e+00  7.20000000e-01  6.32639678e-01 
 3.17388072e-05  3.77934766e-01  9.06350638e-01  1.08000000e+00  7.20000000e-01  6.32645083e-01 
 3.17438072e-05  3.77315113e-01  9.04415312e-01  1.08000000e+00  7.20000000e-01  6.32650416e-01 
 3.17488072e-05  3.76578307e-01  9.02383876e-01  1.08000000e+00  7.20000000e-01  6.32655619e-01 
 3.17538072e-05  3.75742454e-01  9.00270265e-01  1.08000000e+00  7.20000000e-01  6.32660631e-01 
 3.17588072e-05  3.74825801e-01  8.98089591e-01  1.08000000e+00  7.20000000e-01  6.32665391e-01 
 3.17638072e-05  3.73846223e-01  8.95857909e-01  1.08000000e+00  7.20000000e-01  6.32669843e-01 
 3.17688072e-05  3.72820792e-01  8.93591964e-01  1.08000000e+00  7.20000000e-01  6.32673933e-01 
 3.17738072e-05  3.71765415e-01  8.91308941e-01  1.08000000e+00  7.20000000e-01  6.32677610e-01 
 3.17788072e-05  3.70694563e-01  8.89026219e-01  1.08000000e+00  7.20000000e-01  6.32680830e-01 
 3.17838072e-05  3.69621085e-01  8.86761122e-01  1.08000000e+00  7.20000000e-01  6.32683555e-01 
 3.17888072e-05  3.68556094e-01  8.84530687e-01  1.08000000e+00  7.20000000e-01  6.32685754e-01 
 3.17938072e-05  3.67508930e-01  8.82351444e-01  1.08000000e+00  7.20000000e-01  6.32687403e-01 
 3.17988072e-05  3.66487174e-01  8.80239204e-01  1.08000000e+00  7.20000000e-01  6.32688484e-01 
 3.18038072e-05  3.65496723e-01  8.78208873e-01  1.08000000e+00  7.20000000e-01  6.32688988e-01 
 3.18088072e-05  3.64541895e-01  8.76274288e-01  1.08000000e+00  7.20000000e-01  6.32688911e-01 
 3.18138072e-05  3.63625564e-01  8.74448069e-01  1.08000000e+00  7.20000000e-01  6.32688259e-01 
 3.18188072e-05  3.62749314e-01  8.72741504e-01  1.08000000e+00  7.20000000e-01  6.32687043e-01 
 3.18238072e-05  3.61913600e-01  8.71164462e-01  1.08000000e+00  7.20000000e-01  6.32685279e-01 
 3.18288072e-05  3.61117914e-01  8.69725323e-01  1.08000000e+00  7.20000000e-01  6.32682990e-01 
 3.18338072e-05  3.60360944e-01  8.68430955e-01  1.08000000e+00  7.20000000e-01  6.32680204e-01 
 3.18388072e-05  3.59640728e-01  8.67286699e-01  1.08000000e+00  7.20000000e-01  6.32676954e-01 
 3.18438072e-05  3.58954799e-01  8.66296392e-01  1.08000000e+00  7.20000000e-01  6.32673275e-01 
 3.18488072e-05  3.58300311e-01  8.65462412e-01  1.08000000e+00  7.20000000e-01  6.32669206e-01 
 3.18538072e-05  3.57674158e-01  8.64785741e-01  1.08000000e+00  7.20000000e-01  6.32664789e-01 
 3.18588072e-05  3.57073078e-01  8.64266048e-01  1.08000000e+00  7.20000000e-01  6.32660065e-01 
 3.18638072e-05  3.56493745e-01  8.63901791e-01  1.08000000e+00  7.20000000e-01  6.32655080e-01 
 3.18688072e-05  3.55932844e-01  8.63690320e-01  1.08000000e+00  7.20000000e-01  6.32649878e-01 
 3.18738072e-05  3.55387142e-01  8.63627999e-01  1.08000000e+00  7.20000000e-01  6.32644503e-01 
 3.18788072e-05  3.54853546e-01  8.63710326e-01  1.08000000e+00  7.20000000e-01  6.32638998e-01 
 3.18838072e-05  3.54329153e-01  8.63932056e-01  1.08000000e+00  7.20000000e-01  6.32633406e-01 
 3.18888072e-05  3.53811293e-01  8.64287324e-01  1.08000000e+00  7.20000000e-01  6.32627767e-01 
 3.18938072e-05  3.53297566e-01  8.64769762e-01  1.08000000e+00  7.20000000e-01  6.32622122e-01 
 3.18988072e-05  3.52785873e-01  8.65372612e-01  1.08000000e+00  7.20000000e-01  6.32616505e-01 
 3.19038072e-05  3.52274445e-01  8.66088831e-01  1.08000000e+00  7.20000000e-01  6.32610952e-01 
 3.19088072e-05  3.51761867e-01  8.66911184e-01  1.08000000e+00  7.20000000e-01  6.32605493e-01 
 3.19138072e-05  3.51247097e-01  8.67832339e-01  1.08000000e+00  7.20000000e-01  6.32600157e-01 
 3.19188072e-05  3.50729486e-01  8.68844932e-01  1.08000000e+00  7.20000000e-01  6.32594970e-01 
 3.19238072e-05  3.50208790e-01  8.69941645e-01  1.08000000e+00  7.20000000e-01  6.32589954e-01 
 3.19288072e-05  3.49685184e-01  8.71115251e-01  1.08000000e+00  7.20000000e-01  6.32585129e-01 
 3.19338072e-05  3.49159271e-01  8.72358665e-01  1.08000000e+00  7.20000000e-01  6.32580512e-01 
 3.19388072e-05  3.48632090e-01  8.73664975e-01  1.08000000e+00  7.20000000e-01  6.32576116e-01 
 3.19438072e-05  3.48105117e-01  8.75027471e-01  1.08000000e+00  7.20000000e-01  6.32571952e-01 
 3.19488072e-05  3.47580268e-01  8.76439658e-01  1.08000000e+00  7.20000000e-01  6.32568030e-01 
 3.19538072e-05  3.47059899e-01  8.77895263e-01  1.08000000e+00  7.20000000e-01  6.32564356e-01 
 3.19588072e-05  3.46546801e-01  8.79388240e-01  1.08000000e+00  7.20000000e-01  6.32560935e-01 
 3.19638072e-05  3.46044194e-01  8.80912762e-01  1.08000000e+00  7.20000000e-01  6.32557768e-01 
 3.19688072e-05  3.45555716e-01  8.82463211e-01  1.08000000e+00  7.20000000e-01  6.32554857e-01 
 3.19738072e-05  3.45085414e-01  8.84034163e-01  1.08000000e+00  7.20000000e-01  6.32552202e-01 
 3.19788072e-05  3.44637727e-01  8.85620375e-01  1.08000000e+00  7.20000000e-01  6.32549801e-01 
 3.19838072e-05  3.44217468e-01  8.87216762e-01  1.08000000e+00  7.20000000e-01  6.32547651e-01 
 3.19888072e-05  3.43829802e-01  8.88818384e-01  1.08000000e+00  7.20000000e-01  6.32545750e-01 
 3.19938072e-05  3.43480217e-01  8.90420422e-01  1.08000000e+00  7.20000000e-01  6.32544094e-01 
 3.19988072e-05  3.43174491e-01  8.92018169e-01  1.08000000e+00  7.20000000e-01  6.32542679e-01 
 3.20038072e-05  3.42918653e-01  8.93607015e-01  1.08000000e+00  7.20000000e-01  6.32541502e-01 
 3.20088072e-05  3.42718933e-01  8.95182435e-01  1.08000000e+00  7.20000000e-01  6.32540556e-01 
 3.20138072e-05  3.42581704e-01  8.96739989e-01  1.08000000e+00  7.20000000e-01  6.32539839e-01 
 3.20188072e-05  3.42513417e-01  8.98275322e-01  1.08000000e+00  7.20000000e-01  6.32539346e-01 
 3.20238072e-05  3.42520518e-01  8.99784167e-01  1.08000000e+00  7.20000000e-01  6.32539072e-01 
 3.20288072e-05  3.42609362e-01  9.01262359e-01  1.08000000e+00  7.20000000e-01  6.32539013e-01 
 3.20338072e-05  3.42786105e-01  9.02705849e-01  1.08000000e+00  7.20000000e-01  6.32539164e-01 
 3.20388072e-05  3.43056595e-01  9.04110726e-01  1.08000000e+00  7.20000000e-01  6.32539521e-01 
 3.20438072e-05  3.43426242e-01  9.05473238e-01  1.08000000e+00  7.20000000e-01  6.32540078e-01 
 3.20488072e-05  3.43899888e-01  9.06789815e-01  1.08000000e+00  7.20000000e-01  6.32540830e-01 
 3.20538072e-05  3.44481663e-01  9.08057097e-01  1.08000000e+00  7.20000000e-01  6.32541771e-01 
 3.20588072e-05  3.45174836e-01  9.09271949e-01  1.08000000e+00  7.20000000e-01  6.32542894e-01 
 3.20638072e-05  3.45981665e-01  9.10431479e-01  1.08000000e+00  7.20000000e-01  6.32544192e-01 
 3.20688072e-05  3.46903251e-01  9.11533042e-01  1.08000000e+00  7.20000000e-01  6.32545658e-01 
 3.20738072e-05  3.47939384e-01  9.12574236e-01  1.08000000e+00  7.20000000e-01  6.32547284e-01 
 3.20788072e-05  3.49088408e-01  9.13552881e-01  1.08000000e+00  7.20000000e-01  6.32549061e-01 
 3.20838072e-05  3.50347082e-01  9.14466985e-01  1.08000000e+00  7.20000000e-01  6.32550980e-01 
 3.20888072e-05  3.51710462e-01  9.15314688e-01  1.08000000e+00  7.20000000e-01  6.32553032e-01 
 3.20938072e-05  3.53171793e-01  9.16094190e-01  1.08000000e+00  7.20000000e-01  6.32555210e-01 
 3.20988072e-05  3.54722418e-01  9.16803656e-01  1.08000000e+00  7.20000000e-01  6.32557506e-01 
 3.21038072e-05  3.56351710e-01  9.17441114e-01  1.08000000e+00  7.20000000e-01  6.32559913e-01 
 3.21088072e-05  3.58047041e-01  9.18004334e-01  1.08000000e+00  7.20000000e-01  6.32562427e-01 
 3.21138072e-05  3.59793778e-01  9.18490703e-01  1.08000000e+00  7.20000000e-01  6.32565047e-01 
 3.21188072e-05  3.61575343e-01  9.18897111e-01  1.08000000e+00  7.20000000e-01  6.32567771e-01 
 3.21238072e-05  3.63373329e-01  9.19219848e-01  1.08000000e+00  7.20000000e-01  6.32570604e-01 
 3.21288072e-05  3.65167703e-01  9.19454537e-01  1.08000000e+00  7.20000000e-01  6.32573552e-01 
 3.21338072e-05  3.66937099e-01  9.19596108e-01  1.08000000e+00  7.20000000e-01  6.32576625e-01 
 3.21388072e-05  3.68659221e-01  9.19638836e-01  1.08000000e+00  7.20000000e-01  6.32579835e-01 
 3.21438072e-05  3.70311343e-01  9.19576432e-01  1.08000000e+00  7.20000000e-01  6.32583197e-01 
 3.21488072e-05  3.71870904e-01  9.19402221e-01  1.08000000e+00  7.20000000e-01  6.32586727e-01 
 3.21538072e-05  3.73316185e-01  9.19109370e-01  1.08000000e+00  7.20000000e-01  6.32590439e-01 
 3.21588072e-05  3.74627000e-01  9.18691179e-01  1.08000000e+00  7.20000000e-01  6.32594349e-01 
 3.21638072e-05  3.75785399e-01  9.18141405e-01  1.08000000e+00  7.20000000e-01  6.32598467e-01 
 3.21688072e-05  3.76776297e-01  9.17454600e-01  1.08000000e+00  7.20000000e-01  6.32602801e-01 
 3.21738072e-05  3.77588007e-01  9.16626443e-01  1.08000000e+00  7.20000000e-01  6.32607350e-01 
 3.21788072e-05  3.78212625e-01  9.15654038e-01  1.08000000e+00  7.20000000e-01  6.32612107e-01 
 3.21838072e-05  3.78646251e-01  9.14536161e-01  1.08000000e+00  7.20000000e-01  6.32617059e-01 
 3.21888072e-05  3.78889028e-01  9.13273457e-01  1.08000000e+00  7.20000000e-01  6.32622181e-01 
 3.21938072e-05  3.78945009e-01  9.11868548e-01  1.08000000e+00  7.20000000e-01  6.32627442e-01 
 3.21988072e-05  3.78821864e-01  9.10326098e-01  1.08000000e+00  7.20000000e-01  6.32632802e-01 
 3.22038072e-05  3.78530461e-01  9.08652788e-01  1.08000000e+00  7.20000000e-01  6.32638215e-01 
 3.22088072e-05  3.78084341e-01  9.06857249e-01  1.08000000e+00  7.20000000e-01  6.32643630e-01 
 3.22138072e-05  3.77499138e-01  9.04949936e-01  1.08000000e+00  7.20000000e-01  6.32648989e-01 
 3.22188072e-05  3.76791962e-01  9.02942964e-01  1.08000000e+00  7.20000000e-01  6.32654233e-01 
 3.22238072e-05  3.75980791e-01  9.00849910e-01  1.08000000e+00  7.20000000e-01  6.32659303e-01 
 3.22288072e-05  3.75083892e-01  8.98685594e-01  1.08000000e+00  7.20000000e-01  6.32664138e-01 
 3.22338072e-05  3.74119296e-01  8.96465843e-01  1.08000000e+00  7.20000000e-01  6.32668680e-01 
 3.22388072e-05  3.73104333e-01  8.94207241e-01  1.08000000e+00  7.20000000e-01  6.32672873e-01 
 3.22438072e-05  3.72055260e-01  8.91926883e-01  1.08000000e+00  7.20000000e-01  6.32676666e-01 
 3.22488072e-05  3.70986963e-01  8.89642120e-01  1.08000000e+00  7.20000000e-01  6.32680014e-01 
 3.22538072e-05  3.69912747e-01  8.87370319e-01  1.08000000e+00  7.20000000e-01  6.32682877e-01 
 3.22588072e-05  3.68844204e-01  8.85128619e-01  1.08000000e+00  7.20000000e-01  6.32685222e-01 
 3.22638072e-05  3.67791154e-01  8.82933710e-01  1.08000000e+00  7.20000000e-01  6.32687021e-01 
 3.22688072e-05  3.66761651e-01  8.80801618e-01  1.08000000e+00  7.20000000e-01  6.32688257e-01 
 3.22738072e-05  3.65762038e-01  8.78747515e-01  1.08000000e+00  7.20000000e-01  6.32688918e-01 
 3.22788072e-05  3.64797048e-01  8.76785543e-01  1.08000000e+00  7.20000000e-01  6.32688998e-01 
 3.22838072e-05  3.63869930e-01  8.74928664e-01  1.08000000e+00  7.20000000e-01  6.32688501e-01 
 3.22888072e-05  3.62982602e-01  8.73188539e-01  1.08000000e+00  7.20000000e-01  6.32687435e-01 
 3.22938072e-05  3.62135805e-01  8.71575427e-01  1.08000000e+00  7.20000000e-01  6.32685817e-01 
 3.22988072e-05  3.61329275e-01  8.70098119e-01  1.08000000e+00  7.20000000e-01  6.32683667e-01 
 3.23038072e-05  3.60561901e-01  8.68763892e-01  1.08000000e+00  7.20000000e-01  6.32681013e-01 
 3.23088072e-05  3.59831881e-01  8.67578499e-01  1.08000000e+00  7.20000000e-01  6.32677884e-01 
 3.23138072e-05  3.59136869e-01  8.66546182e-01  1.08000000e+00  7.20000000e-01  6.32674317e-01 
 3.23188072e-05  3.58474107e-01  8.65669706e-01  1.08000000e+00  7.20000000e-01  6.32670349e-01 
 3.23238072e-05  3.57840549e-01  8.64950424e-01  1.08000000e+00  7.20000000e-01  6.32666021e-01 
 3.23288072e-05  3.57232964e-01  8.64388350e-01  1.08000000e+00  7.20000000e-01  6.32661375e-01 
 3.23338072e-05  3.56648033e-01  8.63982258e-01  1.08000000e+00  7.20000000e-01  6.32656456e-01 
 3.23388072e-05  3.56082430e-01  8.63729786e-01  1.08000000e+00  7.20000000e-01  6.32651308e-01 
 3.23438072e-05  3.55532892e-01  8.63627551e-01  1.08000000e+00  7.20000000e-01  6.32645974e-01 
 3.23488072e-05  3.54996283e-01  8.63671272e-01  1.08000000e+00  7.20000000e-01  6.32640500e-01 
 3.23538072e-05  3.54469642e-01  8.63855893e-01  1.08000000e+00  7.20000000e-01  6.32634927e-01 
 3.23588072e-05  3.53950231e-01  8.64175703e-01  1.08000000e+00  7.20000000e-01  6.32629296e-01 
 3.23638072e-05  3.53435574e-01  8.64624458e-01  1.08000000e+00  7.20000000e-01  6.32623648e-01 
 3.23688072e-05  3.52923485e-01  8.65195493e-01  1.08000000e+00  7.20000000e-01  6.32618020e-01 
 3.23738072e-05  3.52412105e-01  8.65881831e-01  1.08000000e+00  7.20000000e-01  6.32612446e-01 
 3.23788072e-05  3.51899919e-01  8.66676280e-01  1.08000000e+00  7.20000000e-01  6.32606958e-01 
 3.23838072e-05  3.51385783e-01  8.67571524e-01  1.08000000e+00  7.20000000e-01  6.32601586e-01 
 3.23888072e-05  3.50868939e-01  8.68560202e-01  1.08000000e+00  7.20000000e-01  6.32596356e-01 
 3.23938072e-05  3.50349031e-01  8.69634975e-01  1.08000000e+00  7.20000000e-01  6.32591291e-01 
 3.23988072e-05  3.49826121e-01  8.70788586e-01  1.08000000e+00  7.20000000e-01  6.32586412e-01 
 3.24038072e-05  3.49300694e-01  8.72013907e-01  1.08000000e+00  7.20000000e-01  6.32581737e-01 
 3.24088072e-05  3.48773671e-01  8.73303977e-01  1.08000000e+00  7.20000000e-01  6.32577280e-01 
 3.24138072e-05  3.48246409e-01  8.74652027e-01  1.08000000e+00  7.20000000e-01  6.32573052e-01 
 3.24188072e-05  3.47720706e-01  8.76051504e-01  1.08000000e+00  7.20000000e-01  6.32569064e-01 
 3.24238072e-05  3.47198799e-01  8.77496074e-01  1.08000000e+00  7.20000000e-01  6.32565322e-01 
 3.24288072e-05  3.46683362e-01  8.78979629e-01  1.08000000e+00  7.20000000e-01  6.32561832e-01 
 3.24338072e-05  3.46177499e-01  8.80496283e-01  1.08000000e+00  7.20000000e-01  6.32558596e-01 
 3.24388072e-05  3.45684738e-01  8.82040363e-01  1.08000000e+00  7.20000000e-01  6.32555615e-01 
 3.24438072e-05  3.45209016e-01  8.83606394e-01  1.08000000e+00  7.20000000e-01  6.32552891e-01 
 3.24488072e-05  3.44754669e-01  8.85189085e-01  1.08000000e+00  7.20000000e-01  6.32550421e-01 
 3.24538072e-05  3.44326410e-01  8.86783312e-01  1.08000000e+00  7.20000000e-01  6.32548204e-01 
 3.24588072e-05  3.43929313e-01  8.88384094e-01  1.08000000e+00  7.20000000e-01  6.32546236e-01 
 3.24638072e-05  3.43568781e-01  8.89986584e-01  1.08000000e+00  7.20000000e-01  6.32544514e-01 
 3.24688072e-05  3.43250519e-01  8.91586045e-01  1.08000000e+00  7.20000000e-01  6.32543035e-01 
 3.24738072e-05  3.42980493e-01  8.93177841e-01  1.08000000e+00  7.20000000e-01  6.32541793e-01 
 3.24788072e-05  3.42764885e-01  8.94757426e-01  1.08000000e+00  7.20000000e-01  6.32540785e-01 
 3.24838072e-05  3.42610035e-01  8.96320335e-01  1.08000000e+00  7.20000000e-01  6.32540007e-01 
 3.24888072e-05  3.42522383e-01  8.97862191e-01  1.08000000e+00  7.20000000e-01  6.32539453e-01 
 3.24938072e-05  3.42508385e-01  8.99378702e-01  1.08000000e+00  7.20000000e-01  6.32539121e-01 
 3.24988072e-05  3.42574432e-01  9.00865673e-01  1.08000000e+00  7.20000000e-01  6.32539004e-01 
 3.25038072e-05  3.42726744e-01  9.02319024e-01  1.08000000e+00  7.20000000e-01  6.32539099e-01 
 3.25088072e-05  3.42971267e-01  9.03734801e-01  1.08000000e+00  7.20000000e-01  6.32539401e-01 
 3.25138072e-05  3.43313544e-01  9.05109209e-01  1.08000000e+00  7.20000000e-01  6.32539904e-01 
 3.25188072e-05  3.43758584e-01  9.06438626e-01  1.08000000e+00  7.20000000e-01  6.32540604e-01 
 3.25238072e-05  3.44310727e-01  9.07719633e-01  1.08000000e+00  7.20000000e-01  6.32541494e-01 
 3.25288072e-05  3.44973490e-01  9.08949032e-01  1.08000000e+00  7.20000000e-01  6.32542569e-01 
 3.25338072e-05  3.45749421e-01  9.10123863e-01  1.08000000e+00  7.20000000e-01  6.32543821e-01 
 3.25388072e-05  3.46639949e-01  9.11241417e-01  1.08000000e+00  7.20000000e-01  6.32545242e-01 
 3.25438072e-05  3.47645236e-01  9.12299226e-01  1.08000000e+00  7.20000000e-01  6.32546826e-01 
 3.25488072e-05  3.48764031e-01  9.13295055e-01  1.08000000e+00  7.20000000e-01  6.32548562e-01 
 3.25538072e-05  3.49993535e-01  9.14226865e-01  1.08000000e+00  7.20000000e-01  6.32550444e-01 
 3.25588072e-05  3.51329278e-01  9.15092768e-01  1.08000000e+00  7.20000000e-01  6.32552461e-01 
 3.25638072e-05  3.52765004e-01  9.15890955e-01  1.08000000e+00  7.20000000e-01  6.32554606e-01 
 3.25688072e-05  3.54292580e-01  9.16619615e-01  1.08000000e+00  7.20000000e-01  6.32556870e-01 
 3.25738072e-05  3.55901919e-01  9.17276823e-01  1.08000000e+00  7.20000000e-01  6.32559248e-01 
 3.25788072e-05  3.57580933e-01  9.17860433e-01  1.08000000e+00  7.20000000e-01  6.32561734e-01 
 3.25838072e-05  3.59315531e-01  9.18367948e-01  1.08000000e+00  7.20000000e-01  6.32564325e-01 
 3.25888072e-05  3.61089652e-01  9.18796406e-01  1.08000000e+00  7.20000000e-01  6.32567021e-01 
 3.25938072e-05  3.62885366e-01  9.19142268e-01  1.08000000e+00  7.20000000e-01  6.32569824e-01 
 3.25988072e-05  3.64683054e-01  9.19401343e-01  1.08000000e+00  7.20000000e-01  6.32572740e-01 
 3.26038072e-05  3.66461675e-01  9.19568749e-01  1.08000000e+00  7.20000000e-01  6.32575778e-01 
 3.26088072e-05  3.68199136e-01  9.19638930e-01  1.08000000e+00  7.20000000e-01  6.32578949e-01 
 3.26138072e-05  3.69872768e-01  9.19605738e-01  1.08000000e+00  7.20000000e-01  6.32582268e-01 
 3.26188072e-05  3.71459899e-01  9.19462579e-01  1.08000000e+00  7.20000000e-01  6.32585751e-01 
 3.26238072e-05  3.72938508e-01  9.19202637e-01  1.08000000e+00  7.20000000e-01  6.32589412e-01 
 3.26288072e-05  3.74287918e-01  9.18819142e-01  1.08000000e+00  7.20000000e-01  6.32593267e-01 
 3.26338072e-05  3.75489505e-01  9.18305692e-01  1.08000000e+00  7.20000000e-01  6.32597328e-01 
 3.26388072e-05  3.76527343e-01  9.17656589e-01  1.08000000e+00  7.20000000e-01  6.32601602e-01 
 3.26438072e-05  3.77388775e-01  9.16867171e-01  1.08000000e+00  7.20000000e-01  6.32606093e-01 
 3.26488072e-05  3.78064840e-01  9.15934128e-01  1.08000000e+00  7.20000000e-01  6.32610795e-01 
 3.26538072e-05  3.78550538e-01  9.14855758e-01  1.08000000e+00  7.20000000e-01  6.32615696e-01 
 3.26588072e-05  3.78844919e-01  9.13632183e-01  1.08000000e+00  7.20000000e-01  6.32620775e-01 
 3.26638072e-05  3.78950998e-01  9.12265479e-01  1.08000000e+00  7.20000000e-01  6.32626001e-01 
 3.26688072e-05  3.78875503e-01  9.10759754e-01  1.08000000e+00  7.20000000e-01  6.32631339e-01 
 3.26738072e-05  3.78628482e-01  9.09121145e-01  1.08000000e+00  7.20000000e-01  6.32636743e-01 
 3.26788072e-05  3.78222809e-01  9.07357763e-01  1.08000000e+00  7.20000000e-01  6.32642163e-01 
 3.26838072e-05  3.77673613e-01  9.05479585e-01  1.08000000e+00  7.20000000e-01  6.32647543e-01 
 3.26888072e-05  3.76997667e-01  9.03498291e-01  1.08000000e+00  7.20000000e-01  6.32652825e-01 
 3.26938072e-05  3.76212778e-01  9.01427086e-01  1.08000000e+00  7.20000000e-01  6.32657949e-01 
 3.26988072e-05  3.75337192e-01  8.99280474e-01  1.08000000e+00  7.20000000e-01  6.32662854e-01 
 3.27038072e-05  3.74389055e-01  8.97074034e-01  1.08000000e+00  7.20000000e-01  6.32667481e-01 
 3.27088072e-05  3.73385933e-01  8.94824171e-01  1.08000000e+00  7.20000000e-01  6.32671775e-01 
 3.27138072e-05  3.72344411e-01  8.92547867e-01  1.08000000e+00  7.20000000e-01  6.32675682e-01 
 3.27188072e-05  3.71279773e-01  8.90262430e-01  1.08000000e+00  7.20000000e-01  6.32679155e-01 
 3.27238072e-05  3.70205773e-01  8.87985248e-01  1.08000000e+00  7.20000000e-01  6.32682154e-01 
 3.27288072e-05  3.69134478e-01  8.85733545e-01  1.08000000e+00  7.20000000e-01  6.32684643e-01 
 3.27338072e-05  3.68076193e-01  8.83524158e-01  1.08000000e+00  7.20000000e-01  6.32686593e-01 
 3.27388072e-05  3.67039449e-01  8.81373313e-01  1.08000000e+00  7.20000000e-01  6.32687983e-01 
 3.27438072e-05  3.66031048e-01  8.79296435e-01  1.08000000e+00  7.20000000e-01  6.32688801e-01 
 3.27488072e-05  3.65056147e-01  8.77307960e-01  1.08000000e+00  7.20000000e-01  6.32689039e-01 
 3.27538072e-05  3.64118386e-01  8.75421188e-01  1.08000000e+00  7.20000000e-01  6.32688698e-01 
 3.27588072e-05  3.63220026e-01  8.73648145e-01  1.08000000e+00  7.20000000e-01  6.32687785e-01 
 3.27638072e-05  3.62362114e-01  8.71999479e-01  1.08000000e+00  7.20000000e-01  6.32686315e-01 
 3.27688072e-05  3.61544642e-01  8.70484385e-01  1.08000000e+00  7.20000000e-01  6.32684308e-01 
 3.27738072e-05  3.60766710e-01  8.69110556e-01  1.08000000e+00  7.20000000e-01  6.32681787e-01 
 3.27788072e-05  3.60026691e-01  8.67884158e-01  1.08000000e+00  7.20000000e-01  6.32678784e-01 
 3.27838072e-05  3.59322371e-01  8.66809841e-01  1.08000000e+00  7.20000000e-01  6.32675332e-01 
 3.27888072e-05  3.58651090e-01  8.65890768e-01  1.08000000e+00  7.20000000e-01  6.32671469e-01 
 3.27938072e-05  3.58009870e-01  8.65128666e-01  1.08000000e+00  7.20000000e-01  6.32667234e-01 
 3.27988072e-05  3.57395519e-01  8.64523907e-01  1.08000000e+00  7.20000000e-01  6.32662671e-01 
 3.28038072e-05  3.56804731e-01  8.64075589e-01  1.08000000e+00  7.20000000e-01  6.32657821e-01 
 3.28088072e-05  3.56234174e-01  8.63781647e-01  1.08000000e+00  7.20000000e-01  6.32652730e-01 
 3.28138072e-05  3.55680563e-01  8.63638966e-01  1.08000000e+00  7.20000000e-01  6.32647442e-01 
 3.28188072e-05  3.55140719e-01  8.63643494e-01  1.08000000e+00  7.20000000e-01  6.32642001e-01 
 3.28238072e-05  3.54611628e-01  8.63790373e-01  1.08000000e+00  7.20000000e-01  6.32636451e-01 
 3.28288072e-05  3.54090489e-01  8.64074059e-01  1.08000000e+00  7.20000000e-01  6.32630831e-01 
 3.28338072e-05  3.53574748e-01  8.64488439e-01  1.08000000e+00  7.20000000e-01  6.32625184e-01 
 3.28388072e-05  3.53062140e-01  8.65026951e-01  1.08000000e+00  7.20000000e-01  6.32619546e-01 
 3.28438072e-05  3.52550710e-01  8.65682692e-01  1.08000000e+00  7.20000000e-01  6.32613954e-01 
 3.28488072e-05  3.52038850e-01  8.66448520e-01  1.08000000e+00  7.20000000e-01  6.32608439e-01 
 3.28538072e-05  3.51525312e-01  8.67317143e-01  1.08000000e+00  7.20000000e-01  6.32603033e-01 
 3.28588072e-05  3.51009230e-01  8.68281203e-01  1.08000000e+00  7.20000000e-01  6.32597762e-01 
 3.28638072e-05  3.50490139e-01  8.69333350e-01  1.08000000e+00  7.20000000e-01  6.32592650e-01 
 3.28688072e-05  3.49967985e-01  8.70466299e-01  1.08000000e+00  7.20000000e-01  6.32587718e-01 
 3.28738072e-05  3.49443137e-01  8.71672882e-01  1.08000000e+00  7.20000000e-01  6.32582986e-01 
 3.28788072e-05  3.48916397e-01  8.72946089e-01  1.08000000e+00  7.20000000e-01  6.32578468e-01 
 3.28838072e-05  3.48389004e-01  8.74279097e-01  1.08000000e+00  7.20000000e-01  6.32574176e-01 
 3.28888072e-05  3.47862635e-01  8.75665292e-01  1.08000000e+00  7.20000000e-01  6.32570122e-01 
 3.28938072e-05  3.47339407e-01  8.77098279e-01  1.08000000e+00  7.20000000e-01  6.32566313e-01 
 3.28988072e-05  3.46821878e-01  8.78571889e-01  1.08000000e+00  7.20000000e-01  6.32562753e-01 
 3.29038072e-05  3.46313035e-01  8.80080178e-01  1.08000000e+00  7.20000000e-01  6.32559448e-01 
 3.29088072e-05  3.45816291e-01  8.81617414e-01  1.08000000e+00  7.20000000e-01  6.32556398e-01 
 3.29138072e-05  3.45335475e-01  8.83178069e-01  1.08000000e+00  7.20000000e-01  6.32553604e-01 
 3.29188072e-05  3.44874814e-01  8.84756806e-01  1.08000000e+00  7.20000000e-01  6.32551065e-01 
 3.29238072e-05  3.44438923e-01  8.86348456e-01  1.08000000e+00  7.20000000e-01  6.32548780e-01 
 3.29288072e-05  3.44032779e-01  8.87948001e-01  1.08000000e+00  7.20000000e-01  6.32546744e-01 
 3.29338072e-05  3.43661701e-01  8.89550559e-01  1.08000000e+00  7.20000000e-01  6.32544956e-01 
 3.29388072e-05  3.43331313e-01  8.91151364e-01  1.08000000e+00  7.20000000e-01  6.32543411e-01 
 3.29438072e-05  3.43047517e-01  8.92745755e-01  1.08000000e+00  7.20000000e-01  6.32542105e-01 
 3.29488072e-05  3.42816439e-01  8.94329160e-01  1.08000000e+00  7.20000000e-01  6.32541034e-01 
 3.29538072e-05  3.42644386e-01  8.95897095e-01  1.08000000e+00  7.20000000e-01  6.32540194e-01 
 3.29588072e-05  3.42537776e-01  8.97445158e-01  1.08000000e+00  7.20000000e-01  6.32539579e-01 
 3.29638072e-05  3.42503070e-01  8.98969031e-01  1.08000000e+00  7.20000000e-01  6.32539187e-01 
 3.29688072e-05  3.42546687e-01  9.00464494e-01  1.08000000e+00  7.20000000e-01  6.32539012e-01 
 3.29738072e-05  3.42674905e-01  9.01927432e-01  1.08000000e+00  7.20000000e-01  6.32539050e-01 
 3.29788072e-05  3.42893756e-01  9.03353856e-01  1.08000000e+00  7.20000000e-01  6.32539296e-01 
 3.29838072e-05  3.43208906e-01  9.04739924e-01  1.08000000e+00  7.20000000e-01  6.32539745e-01 
 3.29888072e-05  3.43625525e-01  9.06081966e-01  1.08000000e+00  7.20000000e-01  6.32540392e-01 
 3.29938072e-05  3.44148149e-01  9.07376504e-01  1.08000000e+00  7.20000000e-01  6.32541232e-01 
 3.29988072e-05  3.44780533e-01  9.08620279e-01  1.08000000e+00  7.20000000e-01  6.32542257e-01 
 3.30038072e-05  3.45525507e-01  9.09810266e-01  1.08000000e+00  7.20000000e-01  6.32543461e-01 
 3.30088072e-05  3.46384818e-01  9.10943686e-01  1.08000000e+00  7.20000000e-01  6.32544837e-01 
 3.30138072e-05  3.47358987e-01  9.12018007e-01  1.08000000e+00  7.20000000e-01  6.32546378e-01 
 3.30188072e-05  3.48447163e-01  9.13030933e-01  1.08000000e+00  7.20000000e-01  6.32548074e-01 
 3.30238072e-05  3.49646982e-01  9.13980376e-01  1.08000000e+00  7.20000000e-01  6.32549917e-01 
 3.30288072e-05  3.50954439e-01  9.14864415e-01  1.08000000e+00  7.20000000e-01  6.32551898e-01 
 3.30338072e-05  3.52363776e-01  9.15681226e-01  1.08000000e+00  7.20000000e-01  6.32554009e-01 
 3.30388072e-05  3.53867378e-01  9.16429010e-01  1.08000000e+00  7.20000000e-01  6.32556242e-01 
 3.30438072e-05  3.55455695e-01  9.17105884e-01  1.08000000e+00  7.20000000e-01  6.32558589e-01 
 3.30488072e-05  3.57117188e-01  9.17709775e-01  1.08000000e+00  7.20000000e-01  6.32561046e-01 
 3.30538072e-05  3.58838307e-01  9.18238295e-01  1.08000000e+00  7.20000000e-01  6.32563608e-01 
 3.30588072e-05  3.60603521e-01  9.18688619e-01  1.08000000e+00  7.20000000e-01  6.32566276e-01 
 3.30638072e-05  3.62395393e-01  9.19057376e-01  1.08000000e+00  7.20000000e-01  6.32569049e-01 
 3.30688072e-05  3.64194741e-01  9.19340558e-01  1.08000000e+00  7.20000000e-01  6.32571934e-01 
 3.30738072e-05  3.65980876e-01  9.19533473e-01  1.08000000e+00  7.20000000e-01  6.32574937e-01 
 3.30788072e-05  3.67731948e-01  9.19630743e-01  1.08000000e+00  7.20000000e-01  6.32578071e-01 
 3.30838072e-05  3.69425389e-01  9.19626369e-01  1.08000000e+00  7.20000000e-01  6.32581348e-01 
 3.30888072e-05  3.71038464e-01  9.19513860e-01  1.08000000e+00  7.20000000e-01  6.32584784e-01 
 3.30938072e-05  3.72548904e-01  9.19286432e-01  1.08000000e+00  7.20000000e-01  6.32588395e-01 
 3.30988072e-05  3.73935595e-01  9.18937274e-01  1.08000000e+00  7.20000000e-01  6.32592196e-01 
 3.31038072e-05  3.75179281e-01  9.18459850e-01  1.08000000e+00  7.20000000e-01  6.32596200e-01 
 3.31088072e-05  3.76263240e-01  9.17848233e-01  1.08000000e+00  7.20000000e-01  6.32600416e-01 
 3.31138072e-05  3.77173874e-01  9.17097447e-01  1.08000000e+00  7.20000000e-01  6.32604848e-01 
 3.31188072e-05  3.77901178e-01  9.16203784e-01  1.08000000e+00  7.20000000e-01  6.32609493e-01 
 3.31238072e-05  3.78439056e-01  9.15165080e-01  1.08000000e+00  7.20000000e-01  6.32614342e-01 
 3.31288072e-05  3.78785457e-01  9.13980941e-01  1.08000000e+00  7.20000000e-01  6.32619374e-01 
 3.31338072e-05  3.78942333e-01  9.12652901e-01  1.08000000e+00  7.20000000e-01  6.32624564e-01 
 3.31388072e-05  3.78915434e-01  9.11184511e-01  1.08000000e+00  7.20000000e-01  6.32629876e-01 
 3.31438072e-05  3.78713950e-01  9.09581357e-01  1.08000000e+00  7.20000000e-01  6.32635267e-01 
 3.31488072e-05  3.78350041e-01  9.07851022e-01  1.08000000e+00  7.20000000e-01  6.32640688e-01 
 3.31538072e-05  3.77838283e-01  9.06002988e-01  1.08000000e+00  7.20000000e-01  6.32646085e-01 
 3.31588072e-05  3.77195065e-01  9.04048489e-01  1.08000000e+00  7.20000000e-01  6.32651400e-01 
 3.31638072e-05  3.76437972e-01  9.02000333e-01  1.08000000e+00  7.20000000e-01  6.32656573e-01 
 3.31688072e-05  3.75585191e-01  8.99872696e-01  1.08000000e+00  7.20000000e-01  6.32661544e-01 
 3.31738072e-05  3.74654948e-01  8.97680887e-01  1.08000000e+00  7.20000000e-01  6.32666253e-01 
 3.31788072e-05  3.73665010e-01  8.95441111e-01  1.08000000e+00  7.20000000e-01  6.32670643e-01 
 3.31838072e-05  3.72632269e-01  8.93170219e-01  1.08000000e+00  7.20000000e-01  6.32674660e-01 
 3.31888072e-05  3.71572391e-01  8.90885456e-01  1.08000000e+00  7.20000000e-01  6.32678257e-01 
 3.31938072e-05  3.70499567e-01  8.88604213e-01  1.08000000e+00  7.20000000e-01  6.32681389e-01 
 3.31988072e-05  3.69426336e-01  8.86343783e-01  1.08000000e+00  7.20000000e-01  6.32684019e-01 
 3.32038072e-05  3.68363488e-01  8.84121130e-01  1.08000000e+00  7.20000000e-01  6.32686119e-01 
 3.32088072e-05  3.67320036e-01  8.81952671e-01  1.08000000e+00  7.20000000e-01  6.32687664e-01 
 3.32138072e-05  3.66303246e-01  8.79854065e-01  1.08000000e+00  7.20000000e-01  6.32688639e-01 
 3.32188072e-05  3.65318713e-01  8.77840038e-01  1.08000000e+00  7.20000000e-01  6.32689035e-01 
 3.32238072e-05  3.64370478e-01  8.75924213e-01  1.08000000e+00  7.20000000e-01  6.32688851e-01 
 3.32288072e-05  3.63461162e-01  8.74118976e-01  1.08000000e+00  7.20000000e-01  6.32688093e-01 
 3.32338072e-05  3.62592127e-01  8.72435359e-01  1.08000000e+00  7.20000000e-01  6.32686774e-01 
 3.32388072e-05  3.61763634e-01  8.70882961e-01  1.08000000e+00  7.20000000e-01  6.32684910e-01 
 3.32438072e-05  3.60975012e-01  8.69469887e-01  1.08000000e+00  7.20000000e-01  6.32682527e-01 
 3.32488072e-05  3.60224816e-01  8.68202720e-01  1.08000000e+00  7.20000000e-01  6.32679652e-01 
 3.32538072e-05  3.59510976e-01  8.67086522e-01  1.08000000e+00  7.20000000e-01  6.32676319e-01 
 3.32588072e-05  3.58830943e-01  8.66124857e-01  1.08000000e+00  7.20000000e-01  6.32672563e-01 
 3.32638072e-05  3.58181811e-01  8.65319836e-01  1.08000000e+00  7.20000000e-01  6.32668426e-01 
 3.32688072e-05  3.57560436e-01  8.64672193e-01  1.08000000e+00  7.20000000e-01  6.32663947e-01 
 3.32738072e-05  3.56963535e-01  8.64181363e-01  1.08000000e+00  7.20000000e-01  6.32659171e-01 
 3.32788072e-05  3.56387775e-01  8.63845588e-01  1.08000000e+00  7.20000000e-01  6.32654142e-01 
 3.32838072e-05  3.55829849e-01  8.63662025e-01  1.08000000e+00  7.20000000e-01  6.32648903e-01 
 3.32888072e-05  3.55286544e-01  8.63626867e-01  1.08000000e+00  7.20000000e-01  6.32643499e-01 
 3.32938072e-05  3.54754796e-01  8.63735463e-01  1.08000000e+00  7.20000000e-01  6.32637974e-01 
 3.32988072e-05  3.54231740e-01  8.63982442e-01  1.08000000e+00  7.20000000e-01  6.32632369e-01 
 3.33038072e-05  3.53714753e-01  8.64361836e-01  1.08000000e+00  7.20000000e-01  6.32626725e-01 
 3.33088072e-05  3.53201485e-01  8.64867192e-01  1.08000000e+00  7.20000000e-01  6.32621081e-01 
 3.33138072e-05  3.52689895e-01  8.65491692e-01  1.08000000e+00  7.20000000e-01  6.32615473e-01 
 3.33188072e-05  3.52178279e-01  8.66228246e-01  1.08000000e+00  7.20000000e-01  6.32609934e-01 
 3.33238072e-05  3.51665286e-01  8.67069596e-01  1.08000000e+00  7.20000000e-01  6.32604495e-01 
 3.33288072e-05  3.51149945e-01  8.68008394e-01  1.08000000e+00  7.20000000e-01  6.32599184e-01 
 3.33338072e-05  3.50631681e-01  8.69037280e-01  1.08000000e+00  7.20000000e-01  6.32594026e-01 
 3.33388072e-05  3.50110325e-01  8.70148946e-01  1.08000000e+00  7.20000000e-01  6.32589043e-01 
 3.33438072e-05  3.49586131e-01  8.71336188e-01  1.08000000e+00  7.20000000e-01  6.32584255e-01 
 3.33488072e-05  3.49059783e-01  8.72591948e-01  1.08000000e+00  7.20000000e-01  6.32579677e-01 
 3.33538072e-05  3.48532397e-01  8.73909351e-01  1.08000000e+00  7.20000000e-01  6.32575322e-01 
 3.33588072e-05  3.48005533e-01  8.75281723e-01  1.08000000e+00  7.20000000e-01  6.32571203e-01 
 3.33638072e-05  3.47481189e-01  8.76702609e-01  1.08000000e+00  7.20000000e-01  6.32567326e-01 
 3.33688072e-05  3.46961801e-01  8.78165779e-01  1.08000000e+00  7.20000000e-01  6.32563698e-01 
 3.33738072e-05  3.46450241e-01  8.79665226e-01  1.08000000e+00  7.20000000e-01  6.32560323e-01 
 3.33788072e-05  3.45949806e-01  8.81195162e-01  1.08000000e+00  7.20000000e-01  6.32557203e-01 
 3.33838072e-05  3.45464213e-01  8.82750005e-01  1.08000000e+00  7.20000000e-01  6.32554339e-01 
 3.33888072e-05  3.44997583e-01  8.84324368e-01  1.08000000e+00  7.20000000e-01  6.32551731e-01 
 3.33938072e-05  3.44554426e-01  8.85913037e-01  1.08000000e+00  7.20000000e-01  6.32549376e-01 
 3.33988072e-05  3.44139624e-01  8.87510955e-01  1.08000000e+00  7.20000000e-01  6.32547273e-01 
 3.34038072e-05  3.43758405e-01  8.89113204e-01  1.08000000e+00  7.20000000e-01  6.32545418e-01 
 3.34088072e-05  3.43416313e-01  8.90714990e-01  1.08000000e+00  7.20000000e-01  6.32543807e-01 
 3.34138072e-05  3.43119179e-01  8.92311622e-01  1.08000000e+00  7.20000000e-01  6.32542436e-01 
 3.34188072e-05  3.42873073e-01  8.93898506e-01  1.08000000e+00  7.20000000e-01  6.32541301e-01 
 3.34238072e-05  3.42684259e-01  8.95471134e-01  1.08000000e+00  7.20000000e-01  6.32540399e-01 
 3.34288072e-05  3.42559131e-01  8.97025081e-01  1.08000000e+00  7.20000000e-01  6.32539723e-01 
 3.34338072e-05  3.42504147e-01  8.98556007e-01  1.08000000e+00  7.20000000e-01  6.32539271e-01 
 3.34388072e-05  3.42525747e-01  9.00059662e-01  1.08000000e+00  7.20000000e-01  6.32539037e-01 
 3.34438072e-05  3.42630258e-01  9.01531902e-01  1.08000000e+00  7.20000000e-01  6.32539018e-01 
 3.34488072e-05  3.42823790e-01  9.02968701e-01  1.08000000e+00  7.20000000e-01  6.32539207e-01 
 3.34538072e-05  3.43112124e-01  9.04366176e-01  1.08000000e+00  7.20000000e-01  6.32539602e-01 
 3.34588072e-05  3.43500577e-01  9.05720606e-01  1.08000000e+00  7.20000000e-01  6.32540195e-01 
 3.34638072e-05  3.43993872e-01  9.07028459e-01  1.08000000e+00  7.20000000e-01  6.32540983e-01 
 3.34688072e-05  3.44595995e-01  9.08286415e-01  1.08000000e+00  7.20000000e-01  6.32541958e-01 
 3.34738072e-05  3.45310041e-01  9.09491381e-01  1.08000000e+00  7.20000000e-01  6.32543114e-01 
 3.34788072e-05  3.46138069e-01  9.10640513e-01  1.08000000e+00  7.20000000e-01  6.32544444e-01 
 3.34838072e-05  3.47080950e-01  9.11731212e-01  1.08000000e+00  7.20000000e-01  6.32545941e-01 
 3.34888072e-05  3.48138221e-01  9.12761120e-01  1.08000000e+00  7.20000000e-01  6.32547595e-01 
 3.34938072e-05  3.49307943e-01  9.13728095e-01  1.08000000e+00  7.20000000e-01  6.32549399e-01 
 3.34988072e-05  3.50586572e-01  9.14630176e-01  1.08000000e+00  7.20000000e-01  6.32551343e-01 
 3.35038072e-05  3.51968841e-01  9.15465522e-01  1.08000000e+00  7.20000000e-01  6.32553420e-01 
 3.35088072e-05  3.53447647e-01  9.16232335e-01  1.08000000e+00  7.20000000e-01  6.32555620e-01 
 3.35138072e-05  3.55013978e-01  9.16928766e-01  1.08000000e+00  7.20000000e-01  6.32557937e-01 
 3.35188072e-05  3.56656839e-01  9.17552807e-01  1.08000000e+00  7.20000000e-01  6.32560364e-01 
 3.35238072e-05  3.58363229e-01  9.18102168e-01  1.08000000e+00  7.20000000e-01  6.32562898e-01 
 3.35288072e-05  3.60118152e-01  9.18574155e-01  1.08000000e+00  7.20000000e-01  6.32565537e-01 
 3.35338072e-05  3.61904678e-01  9.18965558e-01  1.08000000e+00  7.20000000e-01  6.32568281e-01 
 3.35388072e-05  3.63704080e-01  9.19272548e-01  1.08000000e+00  7.20000000e-01  6.32571134e-01 
 3.35438072e-05  3.65496052e-01  9.19490624e-01  1.08000000e+00  7.20000000e-01  6.32574105e-01 
 3.35488072e-05  3.67259019e-01  9.19614591e-01  1.08000000e+00  7.20000000e-01  6.32577202e-01 
 3.35538072e-05  3.68970556e-01  9.19638608e-01  1.08000000e+00  7.20000000e-01  6.32580438e-01 
 3.35588072e-05  3.70607915e-01  9.19556303e-01  1.08000000e+00  7.20000000e-01  6.32583829e-01 
 3.35638072e-05  3.72148630e-01  9.19360947e-01  1.08000000e+00  7.20000000e-01  6.32587391e-01 
 3.35688072e-05  3.73571200e-01  9.19045708e-01  1.08000000e+00  7.20000000e-01  6.32591138e-01 
 3.35738072e-05  3.74855791e-01  9.18603941e-01  1.08000000e+00  7.20000000e-01  6.32595085e-01 
 3.35788072e-05  3.75984925e-01  9.18029518e-01  1.08000000e+00  7.20000000e-01  6.32599243e-01 
 3.35838072e-05  3.76944098e-01  9.17317170e-01  1.08000000e+00  7.20000000e-01  6.32603616e-01 
 3.35888072e-05  3.77722283e-01  9.16462813e-01  1.08000000e+00  7.20000000e-01  6.32608204e-01 
 3.35938072e-05  3.78312297e-01  9.15463835e-01  1.08000000e+00  7.20000000e-01  6.32612998e-01 
 3.35988072e-05  3.78710979e-01  9.14319340e-01  1.08000000e+00  7.20000000e-01  6.32617983e-01 
 3.36038072e-05  3.78919202e-01  9.13030323e-01  1.08000000e+00  7.20000000e-01  6.32623133e-01 
 3.36088072e-05  3.78941708e-01  9.11599779e-01  1.08000000e+00  7.20000000e-01  6.32628416e-01 
 3.36138072e-05  3.78786793e-01  9.10032741e-01  1.08000000e+00  7.20000000e-01  6.32633790e-01 
 3.36188072e-05  3.78465857e-01  9.08336252e-01  1.08000000e+00  7.20000000e-01  6.32639208e-01 
 3.36238072e-05  3.77992876e-01  9.06519289e-01  1.08000000e+00  7.20000000e-01  6.32644617e-01 
 3.36288072e-05  3.77383806e-01  9.04592623e-01  1.08000000e+00  7.20000000e-01  6.32649961e-01 
 3.36338072e-05  3.76655968e-01  9.02568654e-01  1.08000000e+00  7.20000000e-01  6.32655179e-01 
 3.36388072e-05  3.75827444e-01  9.00461205e-01  1.08000000e+00  7.20000000e-01  6.32660211e-01 
 3.36438072e-05  3.74916501e-01  8.98285300e-01  1.08000000e+00  7.20000000e-01  6.32664997e-01 
 3.36488072e-05  3.73941081e-01  8.96056924e-01  1.08000000e+00  7.20000000e-01  6.32669479e-01 
 3.36538072e-05  3.72918351e-01  8.93792778e-01  1.08000000e+00  7.20000000e-01  6.32673604e-01 
 3.36588072e-05  3.71864344e-01  8.91510024e-01  1.08000000e+00  7.20000000e-01  6.32677320e-01 
 3.36638072e-05  3.70793673e-01  8.89226038e-01  1.08000000e+00  7.20000000e-01  6.32680583e-01 
 3.36688072e-05  3.69719344e-01  8.86958164e-01  1.08000000e+00  7.20000000e-01  6.32683354e-01 
 3.36738072e-05  3.68652630e-01  8.84723480e-01  1.08000000e+00  7.20000000e-01  6.32685601e-01 
 3.36788072e-05  3.67603030e-01  8.82538571e-01  1.08000000e+00  7.20000000e-01  6.32687300e-01 
 3.36838072e-05  3.66578280e-01  8.80419326e-01  1.08000000e+00  7.20000000e-01  6.32688431e-01 
 3.36888072e-05  3.65584423e-01  8.78380742e-01  1.08000000e+00  7.20000000e-01  6.32688986e-01 
 3.36938072e-05  3.64625911e-01  8.76436758e-01  1.08000000e+00  7.20000000e-01  6.32688961e-01 
 3.36988072e-05  3.63705739e-01  8.74600111e-01  1.08000000e+00  7.20000000e-01  6.32688359e-01 
 3.37038072e-05  3.62825595e-01  8.72882213e-01  1.08000000e+00  7.20000000e-01  6.32687191e-01 
 3.37088072e-05  3.61986026e-01  8.71293061e-01  1.08000000e+00  7.20000000e-01  6.32685474e-01 
 3.37138072e-05  3.61186598e-01  8.69841173e-01  1.08000000e+00  7.20000000e-01  6.32683230e-01 
 3.37188072e-05  3.60426062e-01  8.68533550e-01  1.08000000e+00  7.20000000e-01  6.32680486e-01 
 3.37238072e-05  3.59702505e-01  8.67375666e-01  1.08000000e+00  7.20000000e-01  6.32677274e-01 
 3.37288072e-05  3.59013493e-01  8.66371492e-01  1.08000000e+00  7.20000000e-01  6.32673631e-01 
 3.37338072e-05  3.58356207e-01  8.65523530e-01  1.08000000e+00  7.20000000e-01  6.32669593e-01 
 3.37388072e-05  3.57727558e-01  8.64832882e-01  1.08000000e+00  7.20000000e-01  6.32665204e-01 
 3.37438072e-05  3.57124289e-01  8.64299327e-01  1.08000000e+00  7.20000000e-01  6.32660504e-01 
 3.37488072e-05  3.56543073e-01  8.63921424e-01  1.08000000e+00  7.20000000e-01  6.32655539e-01 
 3.37538072e-05  3.55980589e-01  8.63696614e-01  1.08000000e+00  7.20000000e-01  6.32650353e-01 
 3.37588072e-05  3.55433592e-01  8.63621341e-01  1.08000000e+00  7.20000000e-01  6.32644990e-01 
 3.37638072e-05  3.54898972e-01  8.63691172e-01  1.08000000e+00  7.20000000e-01  6.32639494e-01 
 3.37688072e-05  3.54373806e-01  8.63900921e-01  1.08000000e+00  7.20000000e-01  6.32633906e-01 
 3.37738072e-05  3.53855398e-01  8.64244770e-01  1.08000000e+00  7.20000000e-01  6.32628269e-01 
 3.37788072e-05  3.53341322e-01  8.64716389e-01  1.08000000e+00  7.20000000e-01  6.32622621e-01 
 3.37838072e-05  3.52829451e-01  8.65309046e-01  1.08000000e+00  7.20000000e-01  6.32617000e-01 
 3.37888072e-05  3.52317983e-01  8.66015717e-01  1.08000000e+00  7.20000000e-01  6.32611438e-01 
 3.37938072e-05  3.51805470e-01  8.66829180e-01  1.08000000e+00  7.20000000e-01  6.32605969e-01 
 3.37988072e-05  3.51290835e-01  8.67742104e-01  1.08000000e+00  7.20000000e-01  6.32600621e-01 
 3.38038072e-05  3.50773394e-01  8.68747126e-01  1.08000000e+00  7.20000000e-01  6.32595419e-01 
 3.38088072e-05  3.50252865e-01  8.69836917e-01  1.08000000e+00  7.20000000e-01  6.32590386e-01 
 3.38138072e-05  3.49729385e-01  8.71004239e-01  1.08000000e+00  7.20000000e-01  6.32585543e-01 
 3.38188072e-05  3.49203520e-01  8.72241992e-01  1.08000000e+00  7.20000000e-01  6.32580905e-01 
 3.38238072e-05  3.48676268e-01  8.73543248e-01  1.08000000e+00  7.20000000e-01  6.32576489e-01 
 3.38288072e-05  3.48149068e-01  8.74901274e-01  1.08000000e+00  7.20000000e-01  6.32572304e-01 
 3.38338072e-05  3.47623796e-01  8.76309557e-01  1.08000000e+00  7.20000000e-01  6.32568360e-01 
 3.38388072e-05  3.47102771e-01  8.77761802e-01  1.08000000e+00  7.20000000e-01  6.32564663e-01 
 3.38438072e-05  3.46588746e-01  8.79251944e-01  1.08000000e+00  7.20000000e-01  6.32561219e-01 
 3.38488072e-05  3.46084902e-01  8.80774136e-01  1.08000000e+00  7.20000000e-01  6.32558029e-01 
 3.38538072e-05  3.45594843e-01  8.82322740e-01  1.08000000e+00  7.20000000e-01  6.32555096e-01 
 3.38588072e-05  3.45122581e-01  8.83892318e-01  1.08000000e+00  7.20000000e-01  6.32552418e-01 
 3.38638072e-05  3.44672522e-01  8.85477609e-01  1.08000000e+00  7.20000000e-01  6.32549994e-01 
 3.38688072e-05  3.44249449e-01  8.87073516e-01  1.08000000e+00  7.20000000e-01  6.32547822e-01 
 3.38738072e-05  3.43858496e-01  8.88675085e-01  1.08000000e+00  7.20000000e-01  6.32545899e-01 
 3.38788072e-05  3.43505126e-01  8.90277489e-01  1.08000000e+00  7.20000000e-01  6.32544222e-01 
 3.38838072e-05  3.43195094e-01  8.91876011e-01  1.08000000e+00  7.20000000e-01  6.32542786e-01 
 3.38888072e-05  3.42934412e-01  8.93466031e-01  1.08000000e+00  7.20000000e-01  6.32541587e-01 
 3.38938072e-05  3.42729294e-01  8.95043018e-01  1.08000000e+00  7.20000000e-01  6.32540621e-01 
 3.38988072e-05  3.42586106e-01  8.96602524e-01  1.08000000e+00  7.20000000e-01  6.32539884e-01 
 3.39038072e-05  3.42511297e-01  8.98140185e-01  1.08000000e+00  7.20000000e-01  6.32539372e-01 
 3.39088072e-05  3.42511321e-01  8.99651727e-01  1.08000000e+00  7.20000000e-01  6.32539079e-01 
 3.39138072e-05  3.42592544e-01  9.01132975e-01  1.08000000e+00  7.20000000e-01  6.32539001e-01 
 3.39188072e-05  3.42761149e-01  9.02579868e-01  1.08000000e+00  7.20000000e-01  6.32539134e-01 
 3.39238072e-05  3.43023018e-01  9.03988483e-01  1.08000000e+00  7.20000000e-01  6.32539473e-01 
 3.39288072e-05  3.43383609e-01  9.05355050e-01  1.08000000e+00  7.20000000e-01  6.32540013e-01 
 3.39338072e-05  3.43847822e-01  9.06675986e-01  1.08000000e+00  7.20000000e-01  6.32540748e-01 
 3.39388072e-05  3.44419858e-01  9.07947907e-01  1.08000000e+00  7.20000000e-01  6.32541672e-01 
 3.39438072e-05  3.45103070e-01  9.09167661e-01  1.08000000e+00  7.20000000e-01  6.32542780e-01 
 3.39488072e-05  3.45899818e-01  9.10332332e-01  1.08000000e+00  7.20000000e-01  6.32544063e-01 
 3.39538072e-05  3.46811310e-01  9.11439255e-01  1.08000000e+00  7.20000000e-01  6.32545515e-01 
 3.39588072e-05  3.47837463e-01  9.12486008e-01  1.08000000e+00  7.20000000e-01  6.32547127e-01 
 3.39638072e-05  3.48976756e-01  9.13470394e-01  1.08000000e+00  7.20000000e-01  6.32548891e-01 
 3.39688072e-05  3.50226096e-01  9.14390406e-01  1.08000000e+00  7.20000000e-01  6.32550798e-01 
 3.39738072e-05  3.51580696e-01  9.15244179e-01  1.08000000e+00  7.20000000e-01  6.32552839e-01 
 3.39788072e-05  3.53033966e-01  9.16029910e-01  1.08000000e+00  7.20000000e-01  6.32555006e-01 
 3.39838072e-05  3.54577423e-01  9.16745776e-01  1.08000000e+00  7.20000000e-01  6.32557292e-01 
 3.39888072e-05  3.56200618e-01  9.17389824e-01  1.08000000e+00  7.20000000e-01  6.32559690e-01 
 3.39938072e-05  3.57891099e-01  9.17959854e-01  1.08000000e+00  7.20000000e-01  6.32562195e-01 
 3.39988072e-05  3.59634412e-01  9.18453295e-01  1.08000000e+00  7.20000000e-01  6.32564805e-01 
 3.40038072e-05  3.61414144e-01  9.18867088e-01  1.08000000e+00  7.20000000e-01  6.32567520e-01 
 3.40088072e-05  3.63212043e-01  9.19197581e-01  1.08000000e+00  7.20000000e-01  6.32570343e-01 
 3.40138072e-05  3.65008206e-01  9.19440461e-01  1.08000000e+00  7.20000000e-01  6.32573280e-01 
 3.40188072e-05  3.66781366e-01  9.19590720e-01  1.08000000e+00  7.20000000e-01  6.32576341e-01 
 3.40238072e-05  3.68509285e-01  9.19642687e-01  1.08000000e+00  7.20000000e-01  6.32579538e-01 
 3.40288072e-05  3.70169242e-01  9.19590119e-01  1.08000000e+00  7.20000000e-01  6.32582886e-01 
 3.40338072e-05  3.71738630e-01  9.19426363e-01  1.08000000e+00  7.20000000e-01  6.32586399e-01 
 3.40388072e-05  3.73195613e-01  9.19144586e-01  1.08000000e+00  7.20000000e-01  6.32590094e-01 
 3.40438072e-05  3.74519830e-01  9.18738061e-01  1.08000000e+00  7.20000000e-01  6.32593985e-01 
 3.40488072e-05  3.75693093e-01  9.18200485e-01  1.08000000e+00  7.20000000e-01  6.32598084e-01 
 3.40538072e-05  3.76700028e-01  9.17526319e-01  1.08000000e+00  7.20000000e-01  6.32602398e-01 
 3.40588072e-05  3.77528615e-01  9.16711124e-01  1.08000000e+00  7.20000000e-01  6.32606928e-01 
 3.40638072e-05  3.78170592e-01  9.15751860e-01  1.08000000e+00  7.20000000e-01  6.32611667e-01 
 3.40688072e-05  3.78621690e-01  9.14647140e-01  1.08000000e+00  7.20000000e-01  6.32616602e-01 
 3.40738072e-05  3.78881689e-01  9.13397428e-01  1.08000000e+00  7.20000000e-01  6.32621710e-01 
 3.40788072e-05  3.78954298e-01  9.12005165e-01  1.08000000e+00  7.20000000e-01  6.32626960e-01 
 3.40838072e-05  3.78846881e-01  9.10474826e-01  1.08000000e+00  7.20000000e-01  6.32632314e-01 
 3.40888072e-05  3.78570039e-01  9.08812912e-01  1.08000000e+00  7.20000000e-01  6.32637725e-01 
 3.40938072e-05  3.78137102e-01  9.07027881e-01  1.08000000e+00  7.20000000e-01  6.32643142e-01 
 3.40988072e-05  3.77563546e-01  9.05130028e-01  1.08000000e+00  7.20000000e-01  6.32648509e-01 
 3.41038072e-05  3.76866380e-01  9.03131329e-01  1.08000000e+00  7.20000000e-01  6.32653768e-01 
 3.41088072e-05  3.76063538e-01  9.01045237e-01  1.08000000e+00  7.20000000e-01  6.32658857e-01 
 3.41138072e-05  3.75173292e-01  8.98886473e-01  1.08000000e+00  7.20000000e-01  6.32663716e-01 
 3.41188072e-05  3.74213719e-01  8.96670784e-01  1.08000000e+00  7.20000000e-01  6.32668288e-01 
 3.41238072e-05  3.73202240e-01  8.94414698e-01  1.08000000e+00  7.20000000e-01  6.32672515e-01 
 3.41288072e-05  3.72155229e-01  8.92135278e-01  1.08000000e+00  7.20000000e-01  6.32676348e-01 
 3.41338072e-05  3.71087713e-01  8.89849866e-01  1.08000000e+00  7.20000000e-01  6.32679739e-01 
 3.41388072e-05  3.70013151e-01  8.87575838e-01  1.08000000e+00  7.20000000e-01  6.32682648e-01 
 3.41438072e-05  3.68943298e-01  8.85330369e-01  1.08000000e+00  7.20000000e-01  6.32685042e-01 
 3.41488072e-05  3.67888139e-01  8.83130202e-01  1.08000000e+00  7.20000000e-01  6.32686892e-01 
 3.41538072e-05  3.66855890e-01  8.80991433e-01  1.08000000e+00  7.20000000e-01  6.32688180e-01 
 3.41588072e-05  3.65853046e-01  8.78929323e-01  1.08000000e+00  7.20000000e-01  6.32688893e-01 
 3.41638072e-05  3.64884483e-01  8.76958116e-01  1.08000000e+00  7.20000000e-01  6.32689026e-01 
 3.41688072e-05  3.63953580e-01  8.75090891e-01  1.08000000e+00  7.20000000e-01  6.32688581e-01 
 3.41738072e-05  3.63062366e-01  8.73339433e-01  1.08000000e+00  7.20000000e-01  6.32687567e-01 
 3.41788072e-05  3.62211684e-01  8.71714133e-01  1.08000000e+00  7.20000000e-01  6.32685998e-01 
 3.41838072e-05  3.61401352e-01  8.70223919e-01  1.08000000e+00  7.20000000e-01  6.32683896e-01 
 3.41888072e-05  3.60630327e-01  8.68876209e-01  1.08000000e+00  7.20000000e-01  6.32681285e-01 
 3.41938072e-05  3.59896864e-01  8.67676895e-01  1.08000000e+00  7.20000000e-01  6.32678198e-01 
 3.41988072e-05  3.59198658e-01  8.66630354e-01  1.08000000e+00  7.20000000e-01  6.32674669e-01 
 3.42038072e-05  3.58532983e-01  8.65739486e-01  1.08000000e+00  7.20000000e-01  6.32670735e-01 
 3.42088072e-05  3.57896810e-01  8.65005767e-01  1.08000000e+00  7.20000000e-01  6.32666438e-01 
 3.42138072e-05  3.57286920e-01  8.64429331e-01  1.08000000e+00  7.20000000e-01  6.32661819e-01 
 3.42188072e-05  3.56699997e-01  8.64009058e-01  1.08000000e+00  7.20000000e-01  6.32656922e-01 
 3.42238072e-05  3.56132710e-01  8.63742684e-01  1.08000000e+00  7.20000000e-01  6.32651792e-01 
 3.42288072e-05  3.55581787e-01  8.63626914e-01  1.08000000e+00  7.20000000e-01  6.32646473e-01 
 3.42338072e-05  3.55044076e-01  8.63657543e-01  1.08000000e+00  7.20000000e-01  6.32641008e-01 
 3.42388072e-05  3.54516597e-01  8.63829578e-01  1.08000000e+00  7.20000000e-01  6.32635442e-01 
 3.42438072e-05  3.53996589e-01  8.64137361e-01  1.08000000e+00  7.20000000e-01  6.32629814e-01 
 3.42488072e-05  3.53481548e-01  8.64574692e-01  1.08000000e+00  7.20000000e-01  6.32624166e-01 
 3.42538072e-05  3.52969262e-01  8.65134936e-01  1.08000000e+00  7.20000000e-01  6.32618533e-01 
 3.42588072e-05  3.52457838e-01  8.65811141e-01  1.08000000e+00  7.20000000e-01  6.32612952e-01 
 3.42638072e-05  3.51945729e-01  8.66596129e-01  1.08000000e+00  7.20000000e-01  6.32607454e-01 
 3.42688072e-05  3.51431754e-01  8.67482590e-01  1.08000000e+00  7.20000000e-01  6.32602070e-01 
 3.42738072e-05  3.50915120e-01  8.68463163e-01  1.08000000e+00  7.20000000e-01  6.32596825e-01 
 3.42788072e-05  3.50395433e-01  8.69530503e-01  1.08000000e+00  7.20000000e-01  6.32591744e-01 
 3.42838072e-05  3.49872715e-01  8.70677343e-01  1.08000000e+00  7.20000000e-01  6.32586847e-01 
 3.42888072e-05  3.49347415e-01  8.71896540e-01  1.08000000e+00  7.20000000e-01  6.32582152e-01 
 3.42938072e-05  3.48820410e-01  8.73181116e-01  1.08000000e+00  7.20000000e-01  6.32577674e-01 
 3.42988072e-05  3.48293019e-01  8.74524285e-01  1.08000000e+00  7.20000000e-01  6.32573425e-01 
 3.43038072e-05  3.47766999e-01  8.75919469e-01  1.08000000e+00  7.20000000e-01  6.32569414e-01 
 3.43088072e-05  3.47244547e-01  8.77360315e-01  1.08000000e+00  7.20000000e-01  6.32565649e-01 
 3.43138072e-05  3.46728298e-01  8.78840696e-01  1.08000000e+00  7.20000000e-01  6.32562135e-01 
 3.43188072e-05  3.46221318e-01  8.80354703e-01  1.08000000e+00  7.20000000e-01  6.32558876e-01 
 3.43238072e-05  3.45727096e-01  8.81896645e-01  1.08000000e+00  7.20000000e-01  6.32555872e-01 
 3.43288072e-05  3.45249533e-01  8.83461030e-01  1.08000000e+00  7.20000000e-01  6.32553124e-01 
 3.43338072e-05  3.44792929e-01  8.85042549e-01  1.08000000e+00  7.20000000e-01  6.32550631e-01 
 3.43388072e-05  3.44361966e-01  8.86636064e-01  1.08000000e+00  7.20000000e-01  6.32548391e-01 
 3.43438072e-05  3.43961685e-01  8.88236583e-01  1.08000000e+00  7.20000000e-01  6.32546400e-01 
 3.43488072e-05  3.43597462e-01  8.89839245e-01  1.08000000e+00  7.20000000e-01  6.32544656e-01 
 3.43538072e-05  3.43274976e-01  8.91439305e-01  1.08000000e+00  7.20000000e-01  6.32543154e-01 
 3.43588072e-05  3.43000172e-01  8.93032117e-01  1.08000000e+00  7.20000000e-01  6.32541891e-01 
 3.43638072e-05  3.42779215e-01  8.94613128e-01  1.08000000e+00  7.20000000e-01  6.32540862e-01 
 3.43688072e-05  3.42618437e-01  8.96177865e-01  1.08000000e+00  7.20000000e-01  6.32540063e-01 
 3.43738072e-05  3.42524270e-01  8.97721943e-01  1.08000000e+00  7.20000000e-01  6.32539489e-01 
 3.43788072e-05  3.42503174e-01  8.99241061e-01  1.08000000e+00  7.20000000e-01  6.32539137e-01 
 3.43838072e-05  3.42561552e-01  9.00731016e-01  1.08000000e+00  7.20000000e-01  6.32539001e-01 
 3.43888072e-05  3.42705647e-01  9.02187715e-01  1.08000000e+00  7.20000000e-01  6.32539076e-01 
 3.43938072e-05  3.42941433e-01  9.03607193e-01  1.08000000e+00  7.20000000e-01  6.32539360e-01 
 3.43988072e-05  3.43274500e-01  9.04985637e-01  1.08000000e+00  7.20000000e-01  6.32539845e-01 
 3.44038072e-05  3.43709913e-01  9.06319410e-01  1.08000000e+00  7.20000000e-01  6.32540527e-01 
 3.44088072e-05  3.44252079e-01  9.07605073e-01  1.08000000e+00  7.20000000e-01  6.32541400e-01 
 3.44138072e-05  3.44904599e-01  9.08839406e-01  1.08000000e+00  7.20000000e-01  6.32542458e-01 
 3.44188072e-05  3.45670119e-01  9.10019430e-01  1.08000000e+00  7.20000000e-01  6.32543694e-01 
 3.44238072e-05  3.46550177e-01  9.11142409e-01  1.08000000e+00  7.20000000e-01  6.32545101e-01 
 3.44288072e-05  3.47545059e-01  9.12205857e-01  1.08000000e+00  7.20000000e-01  6.32546670e-01 
 3.44338072e-05  3.48653649e-01  9.13207518e-01  1.08000000e+00  7.20000000e-01  6.32548393e-01 
 3.44388072e-05  3.49873298e-01  9.14145339e-01  1.08000000e+00  7.20000000e-01  6.32550262e-01 
 3.44438072e-05  3.51199694e-01  9.15017419e-01  1.08000000e+00  7.20000000e-01  6.32552267e-01 
 3.44488072e-05  3.52626752e-01  9.15821950e-01  1.08000000e+00  7.20000000e-01  6.32554401e-01 
 3.44538072e-05  3.54146512e-01  9.16557122e-01  1.08000000e+00  7.20000000e-01  6.32556655e-01 
 3.44588072e-05  3.55749070e-01  9.17221031e-01  1.08000000e+00  7.20000000e-01  6.32559023e-01 
 3.44638072e-05  3.57422524e-01  9.17811556e-01  1.08000000e+00  7.20000000e-01  6.32561499e-01 
 3.44688072e-05  3.59152964e-01  9.18326239e-01  1.08000000e+00  7.20000000e-01  6.32564080e-01 
 3.44738072e-05  3.60924505e-01  9.18762166e-01  1.08000000e+00  7.20000000e-01  6.32566766e-01 
 3.44788072e-05  3.62719383e-01  9.19115858e-01  1.08000000e+00  7.20000000e-01  6.32569559e-01 
 3.44838072e-05  3.64518121e-01  9.19383186e-01  1.08000000e+00  7.20000000e-01  6.32572465e-01 
 3.44888072e-05  3.66299792e-01  9.19559333e-01  1.08000000e+00  7.20000000e-01  6.32575491e-01 
 3.44938072e-05  3.68042377e-01  9.19638802e-01  1.08000000e+00  7.20000000e-01  6.32578649e-01 
 3.44988072e-05  3.69723234e-01  9.19615494e-01  1.08000000e+00  7.20000000e-01  6.32581954e-01 
 3.45038072e-05  3.71319660e-01  9.19482848e-01  1.08000000e+00  7.20000000e-01  6.32585420e-01 
 3.45088072e-05  3.72809537e-01  9.19234055e-01  1.08000000e+00  7.20000000e-01  6.32589064e-01 
 3.45138072e-05  3.74172032e-01  9.18862325e-01  1.08000000e+00  7.20000000e-01  6.32592900e-01 
 3.45188072e-05  3.75388293e-01  9.18361208e-01  1.08000000e+00  7.20000000e-01  6.32596941e-01 
 3.45238072e-05  3.76442117e-01  9.17724921e-01  1.08000000e+00  7.20000000e-01  6.32601196e-01 
 3.45288072e-05  3.77320519e-01  9.16948692e-01  1.08000000e+00  7.20000000e-01  6.32605667e-01 
 3.45338072e-05  3.78014178e-01  9.16029069e-01  1.08000000e+00  7.20000000e-01  6.32610350e-01 
 3.45388072e-05  3.78517718e-01  9.14964193e-01  1.08000000e+00  7.20000000e-01  6.32615233e-01 
 3.45438072e-05  3.78829816e-01  9.13754003e-01  1.08000000e+00  7.20000000e-01  6.32620296e-01 
 3.45488072e-05  3.78953127e-01  9.12400393e-01  1.08000000e+00  7.20000000e-01  6.32625511e-01 
 3.45538072e-05  3.78894051e-01  9.10907276e-01  1.08000000e+00  7.20000000e-01  6.32630841e-01 
 3.45588072e-05  3.78662350e-01  9.09280605e-01  1.08000000e+00  7.20000000e-01  6.32636241e-01 
 3.45638072e-05  3.78270663e-01  9.07528312e-01  1.08000000e+00  7.20000000e-01  6.32641662e-01 
 3.45688072e-05  3.77733940e-01  9.05660203e-01  1.08000000e+00  7.20000000e-01  6.32647049e-01 
 3.45738072e-05  3.77068832e-01  9.03687813e-01  1.08000000e+00  7.20000000e-01  6.32652343e-01 
 3.45788072e-05  3.76293079e-01  9.01624211e-01  1.08000000e+00  7.20000000e-01  6.32657485e-01 
 3.45838072e-05  3.75424917e-01  8.99483794e-01  1.08000000e+00  7.20000000e-01  6.32662413e-01 
 3.45888072e-05  3.74482528e-01  8.97282052e-01  1.08000000e+00  7.20000000e-01  6.32667069e-01 
 3.45938072e-05  3.73483553e-01  8.95035326e-01  1.08000000e+00  7.20000000e-01  6.32671396e-01 
 3.45988072e-05  3.72444686e-01  8.92760555e-01  1.08000000e+00  7.20000000e-01  6.32675341e-01 
 3.46038072e-05  3.71381351e-01  8.90475032e-01  1.08000000e+00  7.20000000e-01  6.32678858e-01 
 3.46088072e-05  3.70307451e-01  8.88196147e-01  1.08000000e+00  7.20000000e-01  6.32681902e-01 
 3.46138072e-05  3.69235218e-01  8.85941154e-01  1.08000000e+00  7.20000000e-01  6.32684440e-01 
 3.46188072e-05  3.68175125e-01  8.83726935e-01  1.08000000e+00  7.20000000e-01  6.32686441e-01 
 3.46238072e-05  3.67135867e-01  8.81569785e-01  1.08000000e+00  7.20000000e-01  6.32687885e-01 
 3.46288072e-05  3.66124405e-01  8.79485210e-01  1.08000000e+00  7.20000000e-01  6.32688756e-01 
 3.46338072e-05  3.65146045e-01  8.77487751e-01  1.08000000e+00  7.20000000e-01  6.32689048e-01 
 3.46388072e-05  3.64204562e-01  8.75590818e-01  1.08000000e+00  7.20000000e-01  6.32688761e-01 
 3.46438072e-05  3.63302339e-01  8.73806563e-01  1.08000000e+00  7.20000000e-01  6.32687901e-01 
 3.46488072e-05  3.62440528e-01  8.72145766e-01  1.08000000e+00  7.20000000e-01  6.32686482e-01 
 3.46538072e-05  3.61619211e-01  8.70617761e-01  1.08000000e+00  7.20000000e-01  6.32684523e-01 
 3.46588072e-05  3.60837564e-01  8.69230382e-01  1.08000000e+00  7.20000000e-01  6.32682049e-01 
 3.46638072e-05  3.60094019e-01  8.67989939e-01  1.08000000e+00  7.20000000e-01  6.32679090e-01 
 3.46688072e-05  3.59386410e-01  8.66901221e-01  1.08000000e+00  7.20000000e-01  6.32675678e-01 
 3.46738072e-05  3.58712114e-01  8.65967529e-01  1.08000000e+00  7.20000000e-01  6.32671851e-01 
 3.46788072e-05  3.58068174e-01  8.65190720e-01  1.08000000e+00  7.20000000e-01  6.32667648e-01 
 3.46838072e-05  3.57451412e-01  8.64571287e-01  1.08000000e+00  7.20000000e-01  6.32663113e-01 
 3.46888072e-05  3.56858530e-01  8.64108443e-01  1.08000000e+00  7.20000000e-01  6.32658288e-01 
 3.46938072e-05  3.56286193e-01  8.63800228e-01  1.08000000e+00  7.20000000e-01  6.32653217e-01 
 3.46988072e-05  3.55731107e-01  8.63643615e-01  1.08000000e+00  7.20000000e-01  6.32647945e-01 
 3.47038072e-05  3.55190081e-01  8.63634637e-01  1.08000000e+00  7.20000000e-01  6.32642516e-01 
 3.47088072e-05  3.54660082e-01  8.63768503e-01  1.08000000e+00  7.20000000e-01  6.32636973e-01 
 3.47138072e-05  3.54138287e-01  8.64039727e-01  1.08000000e+00  7.20000000e-01  6.32631359e-01 
 3.47188072e-05  3.53622117e-01  8.64442244e-01  1.08000000e+00  7.20000000e-01  6.32625712e-01 
 3.47238072e-05  3.53109276e-01  8.64969527e-01  1.08000000e+00  7.20000000e-01  6.32620071e-01 
 3.47288072e-05  3.52597781e-01  8.65614702e-01  1.08000000e+00  7.20000000e-01  6.32614473e-01 
 3.47338072e-05  3.52085990e-01  8.66370641e-01  1.08000000e+00  7.20000000e-01  6.32608949e-01 
 3.47388072e-05  3.51572618e-01  8.67230063e-01  1.08000000e+00  7.20000000e-01  6.32603531e-01 
 3.47438072e-05  3.51056764e-01  8.68185614e-01  1.08000000e+00  7.20000000e-01  6.32598246e-01 
 3.47488072e-05  3.50537924e-01  8.69229937e-01  1.08000000e+00  7.20000000e-01  6.32593118e-01 
 3.47538072e-05  3.50016006e-01  8.70355739e-01  1.08000000e+00  7.20000000e-01  6.32588168e-01 
 3.47588072e-05  3.49491339e-01  8.71555839e-01  1.08000000e+00  7.20000000e-01  6.32583416e-01 
 3.47638072e-05  3.48964683e-01  8.72823211e-01  1.08000000e+00  7.20000000e-01  6.32578877e-01 
 3.47688072e-05  3.48437237e-01  8.74151012e-01  1.08000000e+00  7.20000000e-01  6.32574564e-01 
 3.47738072e-05  3.47910636e-01  8.75532607e-01  1.08000000e+00  7.20000000e-01  6.32570487e-01 
 3.47788072e-05  3.47386958e-01  8.76961582e-01  1.08000000e+00  7.20000000e-01  6.32566655e-01 
 3.47838072e-05  3.46868719e-01  8.78431745e-01  1.08000000e+00  7.20000000e-01  6.32563072e-01 
 3.47888072e-05  3.46358866e-01  8.79937131e-01  1.08000000e+00  7.20000000e-01  6.32559742e-01 
 3.47938072e-05  3.45860774e-01  8.81471989e-01  1.08000000e+00  7.20000000e-01  6.32556668e-01 
 3.47988072e-05  3.45378233e-01  8.83030774e-01  1.08000000e+00  7.20000000e-01  6.32553851e-01 
 3.48038072e-05  3.44915435e-01  8.84608130e-01  1.08000000e+00  7.20000000e-01  6.32551288e-01 
 3.48088072e-05  3.44476959e-01  8.86198871e-01  1.08000000e+00  7.20000000e-01  6.32548979e-01 
 3.48138072e-05  3.44067751e-01  8.87797969e-01  1.08000000e+00  7.20000000e-01  6.32546920e-01 
 3.48188072e-05  3.43693098e-01  8.89400530e-01  1.08000000e+00  7.20000000e-01  6.32545109e-01 
 3.48238072e-05  3.43358599e-01  8.91001776e-01  1.08000000e+00  7.20000000e-01  6.32543541e-01 
 3.48288072e-05  3.43070131e-01  8.92597037e-01  1.08000000e+00  7.20000000e-01  6.32542213e-01 
 3.48338072e-05  3.42833803e-01  8.94181733e-01  1.08000000e+00  7.20000000e-01  6.32541120e-01 
 3.48388072e-05  3.42655908e-01  8.95751373e-01  1.08000000e+00  7.20000000e-01  6.32540259e-01 
 3.48438072e-05  3.42542857e-01  8.97301545e-01  1.08000000e+00  7.20000000e-01  6.32539624e-01 
 3.48488072e-05  3.42501112e-01  8.98827925e-01  1.08000000e+00  7.20000000e-01  6.32539211e-01 
 3.48538072e-05  3.42537100e-01  9.00326282e-01  1.08000000e+00  7.20000000e-01  6.32539016e-01 
 3.48588072e-05  3.42657117e-01  9.01792491e-01  1.08000000e+00  7.20000000e-01  6.32539035e-01 
 3.48638072e-05  3.42867225e-01  9.03222550e-01  1.08000000e+00  7.20000000e-01  6.32539261e-01 
 3.48688072e-05  3.43173130e-01  9.04612603e-01  1.08000000e+00  7.20000000e-01  6.32539692e-01 
 3.48738072e-05  3.43580055e-01  9.05958962e-01  1.08000000e+00  7.20000000e-01  6.32540321e-01 
 3.48788072e-05  3.44092602e-01  9.07258130e-01  1.08000000e+00  7.20000000e-01  6.32541142e-01 
 3.48838072e-05  3.44714607e-01  9.08506827e-01  1.08000000e+00  7.20000000e-01  6.32542150e-01 
 3.48888072e-05  3.45448992e-01  9.09702005e-01  1.08000000e+00  7.20000000e-01  6.32543338e-01 
 3.48938072e-05  3.46297614e-01  9.10840863e-01  1.08000000e+00  7.20000000e-01  6.32544699e-01 
 3.48988072e-05  3.47261115e-01  9.11920846e-01  1.08000000e+00  7.20000000e-01  6.32546225e-01 
 3.49038072e-05  3.48338779e-01  9.12939638e-01  1.08000000e+00  7.20000000e-01  6.32547906e-01 
 3.49088072e-05  3.49528390e-01  9.13895133e-01  1.08000000e+00  7.20000000e-01  6.32549736e-01 
 3.49138072e-05  3.50826101e-01  9.14785397e-01  1.08000000e+00  7.20000000e-01  6.32551705e-01 
 3.49188072e-05  3.52226324e-01  9.15608601e-01  1.08000000e+00  7.20000000e-01  6.32553804e-01 
 3.49238072e-05  3.53721620e-01  9.16362949e-01  1.08000000e+00  7.20000000e-01  6.32556026e-01 
 3.49288072e-05  3.55302625e-01  9.17046570e-01  1.08000000e+00  7.20000000e-01  6.32558363e-01 
 3.49338072e-05  3.56957985e-01  9.17657416e-01  1.08000000e+00  7.20000000e-01  6.32560810e-01 
 3.49388072e-05  3.58674340e-01  9.18193135e-01  1.08000000e+00  7.20000000e-01  6.32563363e-01 
 3.49438072e-05  3.60436338e-01  9.18650948e-01  1.08000000e+00  7.20000000e-01  6.32566020e-01 
 3.49488072e-05  3.62226717e-01  9.19027540e-01  1.08000000e+00  7.20000000e-01  6.32568784e-01 
 3.49538072e-05  3.64026446e-01  9.19318966e-01  1.08000000e+00  7.20000000e-01  6.32571657e-01 
 3.49588072e-05  3.65814964e-01  9.19520600e-01  1.08000000e+00  7.20000000e-01  6.32574649e-01 
 3.49638072e-05  3.67570510e-01  9.19627127e-01  1.08000000e+00  7.20000000e-01  6.32577770e-01 
 3.49688072e-05  3.69270558e-01  9.19632600e-01  1.08000000e+00  7.20000000e-01  6.32581033e-01 
 3.49738072e-05  3.70892360e-01  9.19530566e-01  1.08000000e+00  7.20000000e-01  6.32584454e-01 
 3.49788072e-05  3.72413572e-01  9.19314260e-01  1.08000000e+00  7.20000000e-01  6.32588047e-01 
 3.49838072e-05  3.73812936e-01  9.18976857e-01  1.08000000e+00  7.20000000e-01  6.32591830e-01 
 3.49888072e-05  3.75070990e-01  9.18511781e-01  1.08000000e+00  7.20000000e-01  6.32595814e-01 
 3.49938072e-05  3.76170744e-01  9.17913031e-01  1.08000000e+00  7.20000000e-01  6.32600009e-01 
 3.49969036e-05  3.76766522e-01  9.17473068e-01  1.08000000e+00  7.20000000e-01  6.32602716e-01 
 3.50000000e-05  3.77293426e-01  9.16978845e-01  1.08000000e+00  7.20000000e-01  6.32605506e-01 
