 frequency       onoise.m.xpga.xamp.xinp.msky130_fd_pr__nfet_01v8 onoise.m.xpga.xamp.xinn.msky130_fd_pr__nfet_01v8 onoise.m.xpga.xamp.xlp.msky130_fd_pr__pfet_01v8 onoise.m.xpga.xamp.xln.msky130_fd_pr__pfet_01v8 onoise.m.xpga.xamp.xop.msky130_fd_pr__nfet_01v8 onoise.m.xpga.xamp.xon.msky130_fd_pr__nfet_01v8 onoise.m.xpga.xamp.xip.msky130_fd_pr__pfet_01v8 onoise.m.xpga.xamp.xin.msky130_fd_pr__pfet_01v8 onoise.m.xpga.xamp.xtail.msky130_fd_pr__nfet_01v8 onoise.m.xpga.xamp.xtcas.msky130_fd_pr__nfet_01v8 onoise.m.xpga.xamp.xbn1.msky130_fd_pr__nfet_01v8 onoise.m.xpga.xamp.xbn2.msky130_fd_pr__nfet_01v8 onoise.m.xpga.xamp.xinp2.msky130_fd_pr__nfet_01v8 onoise.m.xpga.xamp.xinp3.msky130_fd_pr__nfet_01v8 onoise.m.xpga.xamp.xinn2.msky130_fd_pr__nfet_01v8 onoise.m.xpga.xamp.xinn3.msky130_fd_pr__nfet_01v8 onoise.m.xpga.xamp.xinp.msky130_fd_pr__nfet_01v8.1overf onoise.m.xpga.xamp.xinn.msky130_fd_pr__nfet_01v8.1overf onoise.m.xpga.xamp.xlp.msky130_fd_pr__pfet_01v8.1overf onoise.m.xpga.xamp.xln.msky130_fd_pr__pfet_01v8.1overf onoise.m.xpga.xamp.xop.msky130_fd_pr__nfet_01v8.1overf onoise.m.xpga.xamp.xon.msky130_fd_pr__nfet_01v8.1overf onoise.m.xpga.xamp.xip.msky130_fd_pr__pfet_01v8.1overf onoise.m.xpga.xamp.xin.msky130_fd_pr__pfet_01v8.1overf onoise.m.xpga.xamp.xtail.msky130_fd_pr__nfet_01v8.1overf onoise.m.xpga.xamp.xtcas.msky130_fd_pr__nfet_01v8.1overf onoise.m.xpga.xamp.xbn1.msky130_fd_pr__nfet_01v8.1overf onoise.m.xpga.xamp.xbn2.msky130_fd_pr__nfet_01v8.1overf onoise.m.xpga.xamp.xinp2.msky130_fd_pr__nfet_01v8.1overf onoise.m.xpga.xamp.xinp3.msky130_fd_pr__nfet_01v8.1overf onoise.m.xpga.xamp.xinn2.msky130_fd_pr__nfet_01v8.1overf onoise.m.xpga.xamp.xinn3.msky130_fd_pr__nfet_01v8.1overf onoise.m.xpga.xamp.xinp.msky130_fd_pr__nfet_01v8.id onoise.m.xpga.xamp.xinn.msky130_fd_pr__nfet_01v8.id onoise.m.xpga.xamp.xlp.msky130_fd_pr__pfet_01v8.id onoise.m.xpga.xamp.xln.msky130_fd_pr__pfet_01v8.id onoise.m.xpga.xamp.xop.msky130_fd_pr__nfet_01v8.id onoise.m.xpga.xamp.xon.msky130_fd_pr__nfet_01v8.id onoise.m.xpga.xamp.xip.msky130_fd_pr__pfet_01v8.id onoise.m.xpga.xamp.xin.msky130_fd_pr__pfet_01v8.id onoise.m.xpga.xamp.xtail.msky130_fd_pr__nfet_01v8.id onoise.m.xpga.xamp.xtcas.msky130_fd_pr__nfet_01v8.id onoise.m.xpga.xamp.xbn1.msky130_fd_pr__nfet_01v8.id onoise.m.xpga.xamp.xbn2.msky130_fd_pr__nfet_01v8.id onoise.m.xpga.xamp.xinp2.msky130_fd_pr__nfet_01v8.id onoise.m.xpga.xamp.xinp3.msky130_fd_pr__nfet_01v8.id onoise.m.xpga.xamp.xinn2.msky130_fd_pr__nfet_01v8.id onoise.m.xpga.xamp.xinn3.msky130_fd_pr__nfet_01v8.id
 1.00000000e+00  2.49096724e-06  2.49096724e-06  3.08342281e-06  3.08342281e-06  3.22158304e-07  3.22158304e-07  8.78115288e-08  8.78115287e-08  1.67926563e-19  4.86528066e-21  6.40107695e-18  1.22785777e-18  2.49096724e-06  2.49096724e-06  2.49096724e-06  2.49096724e-06  2.49077097e-06  2.49077097e-06  3.08326068e-06  3.08326068e-06  3.22157924e-07  3.22157924e-07  8.78108937e-08  8.78108937e-08  1.67925677e-19  4.86527433e-21  6.40104643e-18  1.22784330e-18  2.49077097e-06  2.49077097e-06  2.49077097e-06  2.49077097e-06  3.12599203e-08  3.12599203e-08  3.15827416e-08  3.15827416e-08  4.94372515e-10  4.94372515e-10  3.33089581e-10  3.33089581e-10  5.44818218e-22  7.84027777e-24  1.97669527e-20  5.96086244e-21  3.12599203e-08  3.12599203e-08  3.12599203e-08  3.12599203e-08 
 1.02329299e+00  2.46699736e-06  2.46699736e-06  3.04813089e-06  3.04813089e-06  3.19057781e-07  3.19057781e-07  8.68063731e-08  8.68063731e-08  2.16406751e-19  6.26988058e-21  5.69997357e-18  8.61899350e-19  2.46699736e-06  2.46699736e-06  2.46699736e-06  2.46699736e-06  2.46679918e-06  2.46679918e-06  3.04796688e-06  3.04796688e-06  3.19057397e-07  3.19057397e-07  8.68057307e-08  8.68057307e-08  2.16405586e-19  6.26987227e-21  5.69994586e-18  8.61888994e-19  2.46679918e-06  2.46679918e-06  2.46679918e-06  2.46679918e-06  3.12599203e-08  3.12599203e-08  3.15827416e-08  3.15827416e-08  4.94372515e-10  4.94372515e-10  3.33089581e-10  3.33089581e-10  7.08929392e-22  1.02019410e-23  1.77729482e-20  4.22491026e-21  3.12599203e-08  3.12599203e-08  3.12599203e-08  3.12599203e-08 
 1.04712855e+00  2.44325821e-06  2.44325821e-06  3.01324300e-06  3.01324300e-06  3.15987098e-07  3.15987098e-07  8.58127236e-08  8.58127236e-08  1.24518117e-18  3.60762158e-20  1.74324067e-17  3.74122842e-18  2.44325821e-06  2.44325821e-06  2.44325821e-06  2.44325821e-06  2.44305810e-06  2.44305810e-06  3.01307709e-06  3.01307709e-06  3.15986711e-07  3.15986711e-07  8.58120737e-08  8.58120737e-08  1.24517434e-18  3.60761671e-20  1.74323203e-17  3.74118259e-18  2.44305810e-06  2.44305810e-06  2.44305810e-06  2.44305810e-06  3.12599203e-08  3.12599203e-08  3.15827416e-08  3.15827416e-08  4.94372515e-10  4.94372515e-10  3.33089581e-10  3.33089581e-10  4.11874285e-21  5.92713072e-23  5.48837707e-20  1.85171889e-20  3.12599203e-08  3.12599203e-08  3.12599203e-08  3.12599203e-08 
 1.07151931e+00  2.41974756e-06  2.41974756e-06  2.97875451e-06  2.97875451e-06  3.12945968e-07  3.12945968e-07  8.48304484e-08  8.48304484e-08  1.13642307e-18  3.29252013e-20  1.77775538e-17  3.94379420e-18  2.41974756e-06  2.41974756e-06  2.41974756e-06  2.41974756e-06  2.41954551e-06  2.41954551e-06  2.97858669e-06  2.97858669e-06  3.12945577e-07  3.12945577e-07  8.48297910e-08  8.48297910e-08  1.13641672e-18  3.29251559e-20  1.77774639e-17  3.94374495e-18  2.41954551e-06  2.41954551e-06  2.41954551e-06  2.41954551e-06  3.12599203e-08  3.12599203e-08  3.15827416e-08  3.15827416e-08  4.94372515e-10  4.94372515e-10  3.33089581e-10  3.33089581e-10  3.79552738e-21  5.46200327e-23  5.65143259e-20  1.97094713e-20  3.12599203e-08  3.12599203e-08  3.12599203e-08  3.12599203e-08 
 1.09647820e+00  2.39646323e-06  2.39646323e-06  2.94466086e-06  2.94466086e-06  3.09934107e-07  3.09934107e-07  8.38594174e-08  8.38594174e-08  9.38638578e-19  2.71948558e-20  1.63311934e-17  3.64501069e-18  2.39646323e-06  2.39646323e-06  2.39646323e-06  2.39646323e-06  2.39625921e-06  2.39625921e-06  2.94449109e-06  2.94449109e-06  3.09933712e-07  3.09933712e-07  8.38587524e-08  8.38587524e-08  9.38633226e-19  2.71948175e-20  1.63311092e-17  3.64496427e-18  2.39625921e-06  2.39625921e-06  2.39625921e-06  2.39625921e-06  3.12599203e-08  3.12599203e-08  3.15827416e-08  3.15827416e-08  4.94372515e-10  4.94372515e-10  3.33089581e-10  3.33089581e-10  3.16541341e-21  4.55522954e-23  5.24208947e-20  1.83932905e-20  3.12599203e-08  3.12599203e-08  3.12599203e-08  3.12599203e-08 
 1.12201845e+00  2.37340302e-06  2.37340302e-06  2.91095751e-06  2.91095751e-06  3.06951233e-07  3.06951233e-07  8.28995019e-08  8.28995019e-08  8.83260582e-19  2.55904058e-20  1.55734108e-17  3.90658461e-18  2.37340302e-06  2.37340302e-06  2.37340302e-06  2.37340302e-06  2.37319703e-06  2.37319703e-06  2.91078578e-06  2.91078578e-06  3.06950834e-07  3.06950834e-07  8.28988292e-08  8.28988292e-08  8.83255447e-19  2.55903691e-20  1.55733290e-17  3.90653390e-18  2.37319703e-06  2.37319703e-06  2.37319703e-06  2.37319703e-06  3.12599203e-08  3.12599203e-08  3.15827416e-08  3.15827416e-08  4.94372515e-10  4.94372515e-10  3.33089581e-10  3.33089581e-10  3.00760529e-21  4.32813369e-23  5.04742882e-20  1.99047969e-20  3.12599203e-08  3.12599203e-08  3.12599203e-08  3.12599203e-08 
 1.14815362e+00  2.35056479e-06  2.35056479e-06  2.87764001e-06  2.87764001e-06  3.03997067e-07  3.03997067e-07  8.19505747e-08  8.19505747e-08  9.69846266e-19  2.80990207e-20  1.54850083e-17  3.21613773e-18  2.35056479e-06  2.35056479e-06  2.35056479e-06  2.35056479e-06  2.35035680e-06  2.35035680e-06  2.87746629e-06  2.87746629e-06  3.03996664e-07  3.03996664e-07  8.19498942e-08  8.19498942e-08  9.69840518e-19  2.80989797e-20  1.54849254e-17  3.21609516e-18  2.35035680e-06  2.35035680e-06  2.35035680e-06  2.35035680e-06  3.12599203e-08  3.12599203e-08  3.15827416e-08  3.15827416e-08  4.94372515e-10  4.94372515e-10  3.33089581e-10  3.33089581e-10  3.33453161e-21  4.79860129e-23  5.06754790e-20  1.65460771e-20  3.12599203e-08  3.12599203e-08  3.12599203e-08  3.12599203e-08 
 1.17489755e+00  2.32794641e-06  2.32794641e-06  2.84470394e-06  2.84470394e-06  3.01071332e-07  3.01071332e-07  8.10125099e-08  8.10125099e-08  9.37062885e-19  2.71491968e-20  1.42526157e-17  2.94403195e-18  2.32794641e-06  2.32794641e-06  2.32794641e-06  2.32794641e-06  2.32773639e-06  2.32773639e-06  2.84452820e-06  2.84452820e-06  3.01070926e-07  3.01070926e-07  8.10118215e-08  8.10118215e-08  9.37057223e-19  2.71491563e-20  1.42525378e-17  2.94399223e-18  2.32773639e-06  2.32773639e-06  2.32773639e-06  2.32773639e-06  3.12599203e-08  3.12599203e-08  3.15827416e-08  3.15827416e-08  4.94372515e-10  4.94372515e-10  3.33089581e-10  3.33089581e-10  3.25312407e-21  4.68145071e-23  4.70956666e-20  1.52933565e-20  3.12599203e-08  3.12599203e-08  3.12599203e-08  3.12599203e-08 
 1.20226443e+00  2.30554574e-06  2.30554574e-06  2.81214493e-06  2.81214493e-06  2.98173756e-07  2.98173756e-07  8.00851832e-08  8.00851832e-08  6.46081984e-19  1.87187068e-20  1.31680262e-17  3.20654045e-18  2.30554574e-06  2.30554574e-06  2.30554574e-06  2.30554574e-06  2.30533368e-06  2.30533368e-06  2.81196716e-06  2.81196716e-06  2.98173345e-07  2.98173345e-07  8.00844869e-08  8.00844869e-08  6.46078004e-19  1.87186783e-20  1.31679529e-17  3.20649634e-18  2.30533368e-06  2.30533368e-06  2.30533368e-06  2.30533368e-06  3.12599203e-08  3.12599203e-08  3.15827416e-08  3.15827416e-08  4.94372515e-10  4.94372515e-10  3.33089581e-10  3.33089581e-10  2.26474584e-21  3.25911210e-23  4.39346337e-20  1.68188734e-20  3.12599203e-08  3.12599203e-08  3.12599203e-08  3.12599203e-08 
 1.23026877e+00  2.28336071e-06  2.28336071e-06  2.77995866e-06  2.77995866e-06  2.95304066e-07  2.95304066e-07  7.91684717e-08  7.91684717e-08  8.87258600e-19  2.57062300e-20  1.47817151e-17  3.36179593e-18  2.28336071e-06  2.28336071e-06  2.28336071e-06  2.28336071e-06  2.28314659e-06  2.28314659e-06  2.77977883e-06  2.77977883e-06  2.95303652e-07  2.95303652e-07  7.91677673e-08  7.91677673e-08  8.87253027e-19  2.57061902e-20  1.47816312e-17  3.36174878e-18  2.28314659e-06  2.28314659e-06  2.28314659e-06  2.28314659e-06  3.12599203e-08  3.12599203e-08  3.15827416e-08  3.15827416e-08  4.94372515e-10  4.94372515e-10  3.33089581e-10  3.33089581e-10  3.14037857e-21  4.51920282e-23  4.97979092e-20  1.78045667e-20  3.12599203e-08  3.12599203e-08  3.12599203e-08  3.12599203e-08 
 1.25892541e+00  2.26138922e-06  2.26138922e-06  2.74814088e-06  2.74814088e-06  2.92461996e-07  2.92461996e-07  7.82622539e-08  7.82622539e-08  7.51127807e-19  2.17621586e-20  1.33129114e-17  2.88460890e-18  2.26138922e-06  2.26138922e-06  2.26138922e-06  2.26138922e-06  2.26117303e-06  2.26117303e-06  2.74795897e-06  2.74795897e-06  2.92461577e-07  2.92461577e-07  7.82615414e-08  7.82615414e-08  7.51122997e-19  2.17621242e-20  1.33128344e-17  2.88456765e-18  2.26117303e-06  2.26117303e-06  2.26117303e-06  2.26117303e-06  3.12599203e-08  3.12599203e-08  3.15827416e-08  3.15827416e-08  4.94372515e-10  4.94372515e-10  3.33089581e-10  3.33089581e-10  2.68438976e-21  3.86300617e-23  4.52855112e-20  1.54257711e-20  3.12599203e-08  3.12599203e-08  3.12599203e-08  3.12599203e-08 
 1.28824955e+00  2.23962924e-06  2.23962924e-06  2.71668736e-06  2.71668736e-06  2.89647278e-07  2.89647278e-07  7.73664097e-08  7.73664097e-08  3.46769710e-19  1.00468344e-20  7.87444633e-18  1.57787777e-18  2.23962924e-06  2.23962924e-06  2.23962924e-06  2.23962924e-06  2.23941094e-06  2.23941094e-06  2.71650334e-06  2.71650334e-06  2.89646855e-07  2.89646855e-07  7.73656889e-08  7.73656889e-08  3.46767446e-19  1.00468182e-20  7.87439988e-18  1.57785477e-18  2.23941094e-06  2.23941094e-06  2.23941094e-06  2.23941094e-06  3.12599203e-08  3.12599203e-08  3.15827416e-08  3.15827416e-08  4.94372515e-10  4.94372515e-10  3.33089581e-10  3.33089581e-10  1.25133282e-21  1.80074684e-23  2.70461972e-20  8.51987417e-21  3.12599203e-08  3.12599203e-08  3.12599203e-08  3.12599203e-08 
 1.31825674e+00  2.21807872e-06  2.21807872e-06  2.68559394e-06  2.68559394e-06  2.86859650e-07  2.86859650e-07  7.64808204e-08  7.64808204e-08  7.98626207e-19  2.31383084e-20  1.31465456e-17  2.77946891e-18  2.21807872e-06  2.21807872e-06  2.21807872e-06  2.21807872e-06  2.21785830e-06  2.21785830e-06  2.68540779e-06  2.68540779e-06  2.86859223e-07  2.86859223e-07  7.64800912e-08  7.64800912e-08  7.98620892e-19  2.31382704e-20  1.31464665e-17  2.77942760e-18  2.21785830e-06  2.21785830e-06  2.21785830e-06  2.21785830e-06  3.12599203e-08  3.12599203e-08  3.15827416e-08  3.15827416e-08  4.94372515e-10  4.94372515e-10  3.33089581e-10  3.33089581e-10  2.90988069e-21  4.18750183e-23  4.55929596e-20  1.51537989e-20  3.12599203e-08  3.12599203e-08  3.12599203e-08  3.12599203e-08 
 1.34896288e+00  2.19673565e-06  2.19673565e-06  2.65485648e-06  2.65485648e-06  2.84098850e-07  2.84098850e-07  7.56053684e-08  7.56053684e-08  6.39425601e-19  1.85258450e-20  1.14504468e-17  2.71668920e-18  2.19673565e-06  2.19673565e-06  2.19673565e-06  2.19673565e-06  2.19651309e-06  2.19651309e-06  2.65466818e-06  2.65466818e-06  2.84098420e-07  2.84098420e-07  7.56046308e-08  7.56046308e-08  6.39421262e-19  1.85258140e-20  1.14503766e-17  2.71664803e-18  2.19651309e-06  2.19651309e-06  2.19651309e-06  2.19651309e-06  3.12599203e-08  3.12599203e-08  3.15827416e-08  3.15827416e-08  4.94372515e-10  4.94372515e-10  3.33089581e-10  3.33089581e-10  2.35245643e-21  3.38533316e-23  4.00966893e-20  1.49554515e-20  3.12599203e-08  3.12599203e-08  3.12599203e-08  3.12599203e-08 
 1.38038426e+00  2.17559804e-06  2.17559804e-06  2.62447093e-06  2.62447093e-06  2.81364622e-07  2.81364622e-07  7.47399379e-08  7.47399379e-08  6.44054550e-19  1.86599560e-20  1.26095432e-17  2.90365632e-18  2.17559804e-06  2.17559804e-06  2.17559804e-06  2.17559804e-06  2.17537331e-06  2.17537331e-06  2.62428044e-06  2.62428044e-06  2.81364187e-07  2.81364187e-07  7.47391918e-08  7.47391918e-08  6.44050094e-19  1.86599241e-20  1.26094643e-17  2.90361145e-18  2.17537331e-06  2.17537331e-06  2.17537331e-06  2.17537331e-06  3.12599203e-08  3.12599203e-08  3.15827416e-08  3.15827416e-08  4.94372515e-10  4.94372515e-10  3.33089581e-10  3.33089581e-10  2.39251221e-21  3.44297596e-23  4.45846522e-20  1.61400418e-20  3.12599203e-08  3.12599203e-08  3.12599203e-08  3.12599203e-08 
 1.41253754e+00  2.15466389e-06  2.15466389e-06  2.59443324e-06  2.59443324e-06  2.78656708e-07  2.78656708e-07  7.38844141e-08  7.38844141e-08  7.21011700e-19  2.08896051e-20  1.35880921e-17  2.99949978e-18  2.15466389e-06  2.15466389e-06  2.15466389e-06  2.15466389e-06  2.15443699e-06  2.15443699e-06  2.59424055e-06  2.59424055e-06  2.78656269e-07  2.78656269e-07  7.38836593e-08  7.38836593e-08  7.21006614e-19  2.08895688e-20  1.35880055e-17  2.99945253e-18  2.15443699e-06  2.15443699e-06  2.15443699e-06  2.15443699e-06  3.12599203e-08  3.12599203e-08  3.15827416e-08  3.15827416e-08  4.94372515e-10  4.94372515e-10  3.33089581e-10  3.33089581e-10  2.70441766e-21  3.89182758e-23  4.85114729e-20  1.68348072e-20  3.12599203e-08  3.12599203e-08  3.12599203e-08  3.12599203e-08 
 1.44543977e+00  2.13393127e-06  2.13393127e-06  2.56473945e-06  2.56473945e-06  2.75974856e-07  2.75974856e-07  7.30386836e-08  7.30386836e-08  1.02101924e-18  2.95816093e-20  1.73488234e-17  4.17022942e-18  2.13393127e-06  2.13393127e-06  2.13393127e-06  2.13393127e-06  2.13370216e-06  2.13370216e-06  2.56454453e-06  2.56454453e-06  2.75974413e-07  2.75974413e-07  7.30379201e-08  7.30379201e-08  1.02101189e-18  2.95815569e-20  1.73487107e-17  4.17016244e-18  2.13370216e-06  2.13370216e-06  2.13370216e-06  2.13370216e-06  3.12599203e-08  3.12599203e-08  3.15827416e-08  3.15827416e-08  4.94372515e-10  4.94372515e-10  3.33089581e-10  3.33089581e-10  3.86692115e-21  5.56474340e-23  6.25397224e-20  2.36330148e-20  3.12599203e-08  3.12599203e-08  3.12599203e-08  3.12599203e-08 
 1.47910839e+00  2.11339822e-06  2.11339822e-06  2.53538561e-06  2.53538561e-06  2.73318815e-07  2.73318815e-07  7.22026343e-08  7.22026343e-08  1.00464624e-18  2.91072375e-20  1.51074390e-17  3.31099929e-18  2.11339822e-06  2.11339822e-06  2.11339822e-06  2.11339822e-06  2.11316688e-06  2.11316688e-06  2.53518843e-06  2.53518843e-06  2.73318367e-07  2.73318367e-07  7.22018619e-08  7.22018619e-08  1.00463887e-18  2.91071849e-20  1.51073389e-17  3.31094507e-18  2.11316688e-06  2.11316688e-06  2.11316688e-06  2.11316688e-06  3.12599203e-08  3.12599203e-08  3.15827416e-08  3.15827416e-08  4.94372515e-10  4.94372515e-10  3.33089581e-10  3.33089581e-10  3.84188618e-21  5.52871651e-23  5.49891132e-20  1.89460261e-20  3.12599203e-08  3.12599203e-08  3.12599203e-08  3.12599203e-08 
 1.51356125e+00  2.09306283e-06  2.09306283e-06  2.50636783e-06  2.50636783e-06  2.70688337e-07  2.70688337e-07  7.13761553e-08  7.13761553e-08  5.50844705e-19  1.59594147e-20  9.71538120e-18  2.04783647e-18  2.09306283e-06  2.09306283e-06  2.09306283e-06  2.09306283e-06  2.09282925e-06  2.09282925e-06  2.50616837e-06  2.50616837e-06  2.70687884e-07  2.70687884e-07  7.13753740e-08  7.13753740e-08  5.50840588e-19  1.59593853e-20  9.71531558e-18  2.04780229e-18  2.09282925e-06  2.09282925e-06  2.09282925e-06  2.09282925e-06  3.12599203e-08  3.12599203e-08  3.15827416e-08  3.15827416e-08  4.94372515e-10  4.94372515e-10  3.33089581e-10  3.33089581e-10  2.12696551e-21  3.06083751e-23  3.57063664e-20  1.18318915e-20  3.12599203e-08  3.12599203e-08  3.12599203e-08  3.12599203e-08 
 1.54881662e+00  2.07292320e-06  2.07292320e-06  2.47768226e-06  2.47768226e-06  2.68083174e-07  2.68083174e-07  7.05591372e-08  7.05591372e-08  8.33106402e-19  2.41372731e-20  1.31114705e-17  2.89849662e-18  2.07292320e-06  2.07292320e-06  2.07292320e-06  2.07292320e-06  2.07268735e-06  2.07268735e-06  2.47748049e-06  2.47748049e-06  2.68082718e-07  2.68082718e-07  7.05583469e-08  7.05583469e-08  8.33100053e-19  2.41372277e-20  1.31113802e-17  2.89844729e-18  2.07268735e-06  2.07268735e-06  2.07268735e-06  2.07268735e-06  3.12599203e-08  3.12599203e-08  3.15827416e-08  3.15827416e-08  4.94372515e-10  4.94372515e-10  3.33089581e-10  3.33089581e-10  3.24811709e-21  4.67424535e-23  4.86560846e-20  1.69095310e-20  3.12599203e-08  3.12599203e-08  3.12599203e-08  3.12599203e-08 
 1.58489319e+00  2.05297744e-06  2.05297744e-06  2.44932512e-06  2.44932512e-06  2.65503085e-07  2.65503085e-07  6.97514717e-08  6.97514717e-08  7.53489335e-19  2.18305558e-20  1.18531771e-17  2.38371124e-18  2.05297744e-06  2.05297744e-06  2.05297744e-06  2.05297744e-06  2.05273930e-06  2.05273930e-06  2.44912101e-06  2.44912101e-06  2.65502624e-07  2.65502624e-07  6.97506722e-08  6.97506722e-08  7.53483481e-19  2.18305140e-20  1.18530939e-17  2.38366988e-18  2.05273930e-06  2.05273930e-06  2.05273930e-06  2.05273930e-06  3.12599203e-08  3.12599203e-08  3.15827416e-08  3.15827416e-08  4.94372515e-10  4.94372515e-10  3.33089581e-10  3.33089581e-10  2.96625341e-21  4.26862573e-23  4.44140594e-20  1.40414599e-20  3.12599203e-08  3.12599203e-08  3.12599203e-08  3.12599203e-08 
 1.62181010e+00  2.03322369e-06  2.03322369e-06  2.42129262e-06  2.42129262e-06  2.62947827e-07  2.62947827e-07  6.89530516e-08  6.89530516e-08  2.42635366e-19  7.02978003e-21  5.19288257e-18  5.62341178e-19  2.03322369e-06  2.03322369e-06  2.03322369e-06  2.03322369e-06  2.03298323e-06  2.03298323e-06  2.42108615e-06  2.42108615e-06  2.62947362e-07  2.62947362e-07  6.89522428e-08  6.89522428e-08  2.42633443e-19  7.02976630e-21  5.19284540e-18  5.62331230e-19  2.03298323e-06  2.03298323e-06  2.03298323e-06  2.03298323e-06  3.12599203e-08  3.12599203e-08  3.15827416e-08  3.15827416e-08  4.94372515e-10  4.94372515e-10  3.33089581e-10  3.33089581e-10  9.64462124e-22  1.38792182e-23  1.96469047e-20  3.34470914e-21  3.12599203e-08  3.12599203e-08  3.12599203e-08  3.12599203e-08 
 1.65958691e+00  2.01366010e-06  2.01366010e-06  2.39358107e-06  2.39358107e-06  2.60417162e-07  2.60417162e-07  6.81637712e-08  6.81637712e-08  6.17959037e-19  1.79038846e-20  1.07099052e-17  2.40039945e-18  2.01366010e-06  2.01366010e-06  2.01366010e-06  2.01366010e-06  2.01341730e-06  2.01341730e-06  2.39337221e-06  2.39337221e-06  2.60416692e-07  2.60416692e-07  6.81629530e-08  6.81629530e-08  6.17954046e-19  1.79038490e-20  1.07098271e-17  2.40035615e-18  2.01341730e-06  2.01341730e-06  2.01341730e-06  2.01341730e-06  3.12599203e-08  3.12599203e-08  3.15827416e-08  3.15827416e-08  4.94372515e-10  4.94372515e-10  3.33089581e-10  3.33089581e-10  2.48022280e-21  3.56919703e-23  4.09139306e-20  1.44159026e-20  3.12599203e-08  3.12599203e-08  3.12599203e-08  3.12599203e-08 
 1.69824365e+00  1.99428484e-06  1.99428484e-06  2.36618678e-06  2.36618678e-06  2.57910853e-07  2.57910853e-07  6.73835258e-08  6.73835258e-08  6.71359661e-19  1.94510376e-20  1.21213003e-17  2.93380574e-18  1.99428484e-06  1.99428484e-06  1.99428484e-06  1.99428484e-06  1.99403968e-06  1.99403968e-06  2.36597550e-06  2.36597550e-06  2.57910378e-07  2.57910378e-07  6.73826982e-08  6.73826982e-08  6.71354133e-19  1.94509982e-20  1.21212101e-17  2.93375179e-18  1.99403968e-06  1.99403968e-06  1.99403968e-06  1.99403968e-06  3.12599203e-08  3.12599203e-08  3.15827416e-08  3.15827416e-08  4.94372515e-10  4.94372515e-10  3.33089581e-10  3.33089581e-10  2.72073461e-21  3.91530870e-23  4.67557173e-20  1.77905560e-20  3.12599203e-08  3.12599203e-08  3.12599203e-08  3.12599203e-08 
 1.73780083e+00  1.97509609e-06  1.97509609e-06  2.33910613e-06  2.33910613e-06  2.55428664e-07  2.55428664e-07  6.66122120e-08  6.66122120e-08  6.24792618e-19  1.81018669e-20  1.09694365e-17  2.37061652e-18  1.97509609e-06  1.97509609e-06  1.97509609e-06  1.97509609e-06  1.97484855e-06  1.97484855e-06  2.33889241e-06  2.33889241e-06  2.55428185e-07  2.55428185e-07  6.66113748e-08  6.66113748e-08  6.24787372e-19  1.81018295e-20  1.09693533e-17  2.37057208e-18  1.97484855e-06  1.97484855e-06  1.97484855e-06  1.97484855e-06  3.12599203e-08  3.12599203e-08  3.15827416e-08  3.15827416e-08  4.94372515e-10  4.94372515e-10  3.33089581e-10  3.33089581e-10  2.55662339e-21  3.67914230e-23  4.27237897e-20  1.45150762e-20  3.12599203e-08  3.12599203e-08  3.12599203e-08  3.12599203e-08 
 1.77827941e+00  1.95609207e-06  1.95609207e-06  2.31233553e-06  2.31233553e-06  2.52970366e-07  2.52970366e-07  6.58497276e-08  6.58497276e-08  3.14080295e-19  9.09972180e-21  6.72950521e-18  1.38159327e-18  1.95609207e-06  1.95609207e-06  1.95609207e-06  1.95609207e-06  1.95584213e-06  1.95584213e-06  2.31211933e-06  2.31211933e-06  2.52969882e-07  2.52969882e-07  6.58488807e-08  6.58488807e-08  3.14077607e-19  9.09970260e-21  6.72945317e-18  1.38156686e-18  1.95584213e-06  1.95584213e-06  1.95584213e-06  1.95584213e-06  3.12599203e-08  3.12599203e-08  3.15827416e-08  3.15827416e-08  4.94372515e-10  4.94372515e-10  3.33089581e-10  3.33089581e-10  1.29769158e-21  1.86746003e-23  2.64647942e-20  8.54157704e-21  3.12599203e-08  3.12599203e-08  3.12599203e-08  3.12599203e-08 
 1.81970086e+00  1.93727100e-06  1.93727100e-06  2.28587142e-06  2.28587142e-06  2.50535726e-07  2.50535726e-07  6.50959715e-08  6.50959715e-08  2.70519872e-19  7.83766223e-21  6.77403326e-18  1.48958315e-18  1.93727100e-06  1.93727100e-06  1.93727100e-06  1.93727100e-06  1.93701862e-06  1.93701862e-06  2.28565272e-06  2.28565272e-06  2.50535238e-07  2.50535238e-07  6.50951148e-08  6.50951148e-08  2.70517511e-19  7.83764537e-21  6.77397985e-18  1.48955412e-18  1.93701862e-06  1.93701862e-06  1.93701862e-06  1.93701862e-06  3.12599203e-08  3.12599203e-08  3.15827416e-08  3.15827416e-08  4.94372515e-10  4.94372515e-10  3.33089581e-10  3.33089581e-10  1.12857363e-21  1.62408863e-23  2.68987839e-20  9.29870440e-21  3.12599203e-08  3.12599203e-08  3.12599203e-08  3.12599203e-08 
 1.86208714e+00  1.91863111e-06  1.91863111e-06  2.25971030e-06  2.25971030e-06  2.48124518e-07  2.48124518e-07  6.43508438e-08  6.43508438e-08  9.81329835e-19  2.84316666e-20  1.61415103e-17  4.08382213e-18  1.91863111e-06  1.91863111e-06  1.91863111e-06  1.91863111e-06  1.91837628e-06  1.91837628e-06  2.25948907e-06  2.25948907e-06  2.48124025e-07  2.48124025e-07  6.43499772e-08  6.43499772e-08  9.81321104e-19  2.84316042e-20  1.61413806e-17  4.08374099e-18  1.91837628e-06  1.91837628e-06  1.91837628e-06  1.91837628e-06  3.12599203e-08  3.12599203e-08  3.15827416e-08  3.15827416e-08  4.94372515e-10  4.94372515e-10  3.33089581e-10  3.33089581e-10  4.13376376e-21  5.94874676e-23  6.47186461e-20  2.57409365e-20  3.12599203e-08  3.12599203e-08  3.12599203e-08  3.12599203e-08 
 1.90546072e+00  1.90017066e-06  1.90017066e-06  2.23384870e-06  2.23384870e-06  2.45736517e-07  2.45736517e-07  6.36142457e-08  6.36142457e-08  5.01246118e-19  1.45223962e-20  8.62218018e-18  1.70450065e-18  1.90017066e-06  1.90017066e-06  1.90017066e-06  1.90017066e-06  1.89991336e-06  1.89991336e-06  2.23362491e-06  2.23362491e-06  2.45736019e-07  2.45736019e-07  6.36133691e-08  6.36133691e-08  5.01241571e-19  1.45223637e-20  8.62210952e-18  1.70446612e-18  1.89991336e-06  1.89991336e-06  1.89991336e-06  1.89991336e-06  3.12599203e-08  3.12599203e-08  3.15827416e-08  3.15827416e-08  4.94372515e-10  4.94372515e-10  3.33089581e-10  3.33089581e-10  2.13197250e-21  3.06804288e-23  3.49061765e-20  1.08481212e-20  3.12599203e-08  3.12599203e-08  3.12599203e-08  3.12599203e-08 
 1.94984460e+00  1.88188793e-06  1.88188793e-06  2.20828320e-06  2.20828320e-06  2.43371498e-07  2.43371498e-07  6.28860796e-08  6.28860796e-08  1.00540809e-18  2.91292683e-20  1.61709281e-17  3.97443171e-18  1.88188793e-06  1.88188793e-06  1.88188793e-06  1.88188793e-06  1.88162813e-06  1.88162813e-06  2.20805681e-06  2.20805681e-06  2.43370995e-07  2.43370995e-07  6.28851929e-08  6.28851929e-08  1.00539879e-18  2.91292019e-20  1.61707930e-17  3.97434964e-18  1.88162813e-06  1.88162813e-06  1.88162813e-06  1.88162813e-06  3.12599203e-08  3.12599203e-08  3.15827416e-08  3.15827416e-08  4.94372515e-10  4.94372515e-10  3.33089581e-10  3.33089581e-10  4.31790293e-21  6.21373463e-23  6.61028314e-20  2.55406664e-20  3.12599203e-08  3.12599203e-08  3.12599203e-08  3.12599203e-08 
 1.99526231e+00  1.86378120e-06  1.86378120e-06  2.18301041e-06  2.18301041e-06  2.41029241e-07  2.41029241e-07  6.21662491e-08  6.21662491e-08  6.67570460e-19  1.93412372e-20  1.05164055e-17  2.20243310e-18  1.86378120e-06  1.86378120e-06  1.86378120e-06  1.86378120e-06  1.86351888e-06  1.86351888e-06  2.18278140e-06  2.18278140e-06  2.41028733e-07  2.41028733e-07  6.21653520e-08  6.21653520e-08  6.67564167e-19  1.93411923e-20  1.05163159e-17  2.20238673e-18  1.86351888e-06  1.86351888e-06  1.86351888e-06  1.86351888e-06  3.12599203e-08  3.12599203e-08  3.15827416e-08  3.15827416e-08  4.94372515e-10  4.94372515e-10  3.33089581e-10  3.33089581e-10  2.89485977e-21  4.16588579e-23  4.34062600e-20  1.42909051e-20  3.12599203e-08  3.12599203e-08  3.12599203e-08  3.12599203e-08 
 2.04173794e+00  1.84584879e-06  1.84584879e-06  2.15802697e-06  2.15802697e-06  2.38709526e-07  2.38709526e-07  6.14546586e-08  6.14546586e-08  3.25554772e-19  9.43215971e-21  7.54379239e-18  1.74905708e-18  1.84584879e-06  1.84584879e-06  1.84584879e-06  1.84584879e-06  1.84558391e-06  1.84558391e-06  2.15779531e-06  2.15779531e-06  2.38709013e-07  2.38709013e-07  6.14537511e-08  6.14537511e-08  3.25551643e-19  9.43213736e-21  7.54372687e-18  1.74901954e-18  1.84558391e-06  1.84558391e-06  1.84558391e-06  1.84558391e-06  3.12599203e-08  3.12599203e-08  3.15827416e-08  3.15827416e-08  4.94372515e-10  4.94372515e-10  3.33089581e-10  3.33089581e-10  1.42545794e-21  2.05132387e-23  3.14394327e-20  1.14593719e-20  3.12599203e-08  3.12599203e-08  3.12599203e-08  3.12599203e-08 
 2.08929613e+00  1.82808901e-06  1.82808901e-06  2.13332957e-06  2.13332957e-06  2.36412137e-07  2.36412137e-07  6.07512138e-08  6.07512138e-08  5.80542839e-19  1.68198180e-20  1.15993558e-17  2.86309341e-18  1.82808901e-06  1.82808901e-06  1.82808901e-06  1.82808901e-06  1.82782156e-06  1.82782156e-06  2.13309523e-06  2.13309523e-06  2.36411619e-07  2.36411619e-07  6.07502958e-08  6.07502958e-08  5.80537150e-19  1.68197773e-20  1.15992531e-17  2.86303076e-18  1.82782156e-06  1.82782156e-06  1.82782156e-06  1.82782156e-06  3.12599203e-08  3.12599203e-08  3.15827416e-08  3.15827416e-08  4.94372515e-10  4.94372515e-10  3.33089581e-10  3.33089581e-10  2.56663748e-21  3.69355320e-23  4.88111199e-20  1.89405318e-20  3.12599203e-08  3.12599203e-08  3.12599203e-08  3.12599203e-08 
 2.13796209e+00  1.81050021e-06  1.81050021e-06  2.10891494e-06  2.10891494e-06  2.34136859e-07  2.34136859e-07  6.00558215e-08  6.00558215e-08  6.23224897e-19  1.80564243e-20  1.11134635e-17  2.65392019e-18  1.81050021e-06  1.81050021e-06  1.81050021e-06  1.81050021e-06  1.81023016e-06  1.81023016e-06  2.10867789e-06  2.10867789e-06  2.34136336e-07  2.34136336e-07  6.00548930e-08  6.00548930e-08  6.23218670e-19  1.80563798e-20  1.11133631e-17  2.65386098e-18  1.81023016e-06  1.81023016e-06  1.81023016e-06  1.81023016e-06  3.12599203e-08  3.12599203e-08  3.15827416e-08  3.15827416e-08  4.94372515e-10  4.94372515e-10  3.33089581e-10  3.33089581e-10  2.78211431e-21  4.00363796e-23  4.72208989e-20  1.77273705e-20  3.12599203e-08  3.12599203e-08  3.12599203e-08  3.12599203e-08 
 2.18776162e+00  1.79308073e-06  1.79308073e-06  2.08477985e-06  2.08477985e-06  2.31883478e-07  2.31883478e-07  5.93683896e-08  5.93683896e-08  7.30897114e-19  2.11759615e-20  1.12012745e-17  2.50801707e-18  1.79308073e-06  1.79308073e-06  1.79308073e-06  1.79308073e-06  1.79280806e-06  1.79280806e-06  2.08454005e-06  2.08454005e-06  2.31882951e-07  2.31882951e-07  5.93674503e-08  5.93674503e-08  7.30889669e-19  2.11759084e-20  1.12011714e-17  2.50796001e-18  1.79280806e-06  1.79280806e-06  1.79280806e-06  1.79280806e-06  3.12599203e-08  3.12599203e-08  3.15827416e-08  3.15827416e-08  4.94372515e-10  4.94372515e-10  3.33089581e-10  3.33089581e-10  3.29447593e-21  4.74095863e-23  4.80565054e-20  1.69155749e-20  3.12599203e-08  3.12599203e-08  3.12599203e-08  3.12599203e-08 
 2.23872114e+00  1.77582896e-06  1.77582896e-06  2.06092110e-06  2.06092110e-06  2.29651785e-07  2.29651785e-07  5.86888269e-08  5.86888269e-08  8.58726523e-19  2.48795032e-20  1.41223796e-17  3.42484562e-18  1.77582896e-06  1.77582896e-06  1.77582896e-06  1.77582896e-06  1.77555364e-06  1.77555364e-06  2.06067852e-06  2.06067852e-06  2.29651252e-07  2.29651252e-07  5.86878767e-08  5.86878767e-08  8.58717605e-19  2.48794395e-20  1.41222470e-17  3.42476619e-18  1.77555364e-06  1.77555364e-06  1.77555364e-06  1.77555364e-06  3.12599203e-08  3.12599203e-08  3.15827416e-08  3.15827416e-08  4.94372515e-10  4.94372515e-10  3.33089581e-10  3.33089581e-10  3.90827290e-21  5.62425119e-23  6.11776161e-20  2.33236804e-20  3.12599203e-08  3.12599203e-08  3.12599203e-08  3.12599203e-08 
 2.29086765e+00  1.75874327e-06  1.75874327e-06  2.03733551e-06  2.03733551e-06  2.27441571e-07  2.27441571e-07  5.80170433e-08  5.80170433e-08  6.47652465e-19  1.87641452e-20  1.08408862e-17  2.31275458e-18  1.75874327e-06  1.75874327e-06  1.75874327e-06  1.75874327e-06  1.75846527e-06  1.75846527e-06  2.03709013e-06  2.03709013e-06  2.27441032e-07  2.27441032e-07  5.80160821e-08  5.80160821e-08  6.47645608e-19  1.87640962e-20  1.08407825e-17  2.31269990e-18  1.75846527e-06  1.75846527e-06  1.75846527e-06  1.75846527e-06  3.12599203e-08  3.12599203e-08  3.15827416e-08  3.15827416e-08  4.94372515e-10  4.94372515e-10  3.33089581e-10  3.33089581e-10  2.97626735e-21  4.28303642e-23  4.74186710e-20  1.59032335e-20  3.12599203e-08  3.12599203e-08  3.12599203e-08  3.12599203e-08 
 2.34422882e+00  1.74182207e-06  1.74182207e-06  2.01401997e-06  2.01401997e-06  2.25252628e-07  2.25252628e-07  5.73529499e-08  5.73529499e-08  8.30128243e-19  2.40509305e-20  1.32333337e-17  3.05105502e-18  1.74182207e-06  1.74182207e-06  1.74182207e-06  1.74182207e-06  1.74154137e-06  1.74154137e-06  2.01377175e-06  2.01377175e-06  2.25252084e-07  2.25252084e-07  5.73519775e-08  5.73519775e-08  8.30119282e-19  2.40508665e-20  1.32332046e-17  3.05098147e-18  1.74154137e-06  1.74154137e-06  1.74154137e-06  1.74154137e-06  3.12599203e-08  3.12599203e-08  3.15827416e-08  3.15827416e-08  4.94372515e-10  4.94372515e-10  3.33089581e-10  3.33089581e-10  3.85190012e-21  5.54312719e-23  5.84458628e-20  2.11838906e-20  3.12599203e-08  3.12599203e-08  3.12599203e-08  3.12599203e-08 
 2.39883292e+00  1.72506378e-06  1.72506378e-06  1.99097139e-06  1.99097139e-06  2.23084752e-07  2.23084752e-07  5.66964585e-08  5.66964585e-08  5.10651328e-19  1.47948679e-20  9.60765644e-18  2.09591687e-18  1.72506378e-06  1.72506378e-06  1.72506378e-06  1.72506378e-06  1.72478035e-06  1.72478035e-06  1.99072029e-06  1.99072029e-06  2.23084203e-07  2.23084203e-07  5.66954749e-08  5.66954749e-08  5.10645708e-19  1.47948277e-20  9.60756090e-18  2.09586536e-18  1.72478035e-06  1.72478035e-06  1.72478035e-06  1.72478035e-06  3.12599203e-08  3.12599203e-08  3.15827416e-08  3.15827416e-08  4.94372515e-10  4.94372515e-10  3.33089581e-10  3.33089581e-10  2.39251242e-21  3.44297626e-23  4.28451720e-20  1.46936447e-20  3.12599203e-08  3.12599203e-08  3.12599203e-08  3.12599203e-08 
 2.45470892e+00  1.70846682e-06  1.70846682e-06  1.96818671e-06  1.96818671e-06  2.20937740e-07  2.20937740e-07  5.60474821e-08  5.60474821e-08  7.68678583e-19  2.22705701e-20  1.26055956e-17  2.77923962e-18  1.70846682e-06  1.70846682e-06  1.70846682e-06  1.70846682e-06  1.70818064e-06  1.70818064e-06  1.96793271e-06  1.96793271e-06  2.20937186e-07  2.20937186e-07  5.60464871e-08  5.60464871e-08  7.68669958e-19  2.22705085e-20  1.26054678e-17  2.77916998e-18  1.70818064e-06  1.70818064e-06  1.70818064e-06  1.70818064e-06  3.12599203e-08  3.12599203e-08  3.15827416e-08  3.15827416e-08  4.94372515e-10  4.94372515e-10  3.33089581e-10  3.33089581e-10  3.63642322e-21  5.23304236e-23  5.67606962e-20  1.96734835e-20  3.12599203e-08  3.12599203e-08  3.12599203e-08  3.12599203e-08 
 2.51188643e+00  1.69202965e-06  1.69202965e-06  1.94566292e-06  1.94566292e-06  2.18811392e-07  2.18811392e-07  5.54059348e-08  5.54059348e-08  1.12895430e-18  3.27086669e-20  1.60071768e-17  3.48296254e-18  1.69202965e-06  1.69202965e-06  1.69202965e-06  1.69202965e-06  1.69174069e-06  1.69174069e-06  1.94540597e-06  1.94540597e-06  2.18810832e-07  2.18810832e-07  5.54049283e-08  5.54049283e-08  1.12894138e-18  3.27085747e-20  1.60070114e-17  3.48287356e-18  1.69174069e-06  1.69174069e-06  1.69174069e-06  1.69174069e-06  3.12599203e-08  3.12599203e-08  3.15827416e-08  3.15827416e-08  4.94372515e-10  4.94372515e-10  3.33089581e-10  3.33089581e-10  5.39269562e-21  7.76042911e-23  7.27778127e-20  2.48945261e-20  3.12599203e-08  3.12599203e-08  3.12599203e-08  3.12599203e-08 
 2.57039578e+00  1.67575073e-06  1.67575073e-06  1.92339701e-06  1.92339701e-06  2.16705508e-07  2.16705508e-07  5.47717315e-08  5.47717315e-08  6.75521402e-19  1.95715635e-20  1.14054385e-17  2.68158085e-18  1.67575073e-06  1.67575073e-06  1.67575073e-06  1.67575073e-06  1.67545897e-06  1.67545897e-06  1.92313709e-06  1.92313709e-06  2.16704943e-07  2.16704943e-07  5.47707133e-08  5.47707133e-08  6.75513523e-19  1.95715073e-20  1.14053183e-17  2.68151101e-18  1.67545897e-06  1.67545897e-06  1.67545897e-06  1.67545897e-06  3.12599203e-08  3.12599203e-08  3.15827416e-08  3.15827416e-08  4.94372515e-10  4.94372515e-10  3.33089581e-10  3.33089581e-10  3.25813115e-21  4.68865621e-23  5.23595800e-20  1.93528860e-20  3.12599203e-08  3.12599203e-08  3.12599203e-08  3.12599203e-08 
 2.63026799e+00  1.65962854e-06  1.65962854e-06  1.90138605e-06  1.90138605e-06  2.14619892e-07  2.14619892e-07  5.41447881e-08  5.41447881e-08  1.15979946e-18  3.36023180e-20  1.74882406e-17  4.02735463e-18  1.65962854e-06  1.65962854e-06  1.65962854e-06  1.65962854e-06  1.65933394e-06  1.65933394e-06  1.90112312e-06  1.90112312e-06  2.14619322e-07  2.14619322e-07  5.41437582e-08  5.41437582e-08  1.15978567e-18  3.36022195e-20  1.74880527e-17  4.02724768e-18  1.65933394e-06  1.65933394e-06  1.65933394e-06  1.65933394e-06  3.12599203e-08  3.12599203e-08  3.15827416e-08  3.15827416e-08  4.94372515e-10  4.94372515e-10  3.33089581e-10  3.33089581e-10  5.64822845e-21  8.12815695e-23  8.10644050e-20  2.93477286e-20  3.12599203e-08  3.12599203e-08  3.12599203e-08  3.12599203e-08 
 2.69153480e+00  1.64366157e-06  1.64366157e-06  1.87962712e-06  1.87962712e-06  2.12554349e-07  2.12554349e-07  5.35250216e-08  5.35250216e-08  3.34722780e-19  9.69776216e-21  6.73292042e-18  1.53729801e-18  1.64366157e-06  1.64366157e-06  1.64366157e-06  1.64366157e-06  1.64336410e-06  1.64336410e-06  1.87936115e-06  1.87936115e-06  2.12553773e-07  2.12553773e-07  5.35239797e-08  5.35239797e-08  3.34718722e-19  9.69773318e-21  6.73284667e-18  1.53725639e-18  1.64336410e-06  1.64336410e-06  1.64336410e-06  1.64336410e-06  3.12599203e-08  3.12599203e-08  3.15827416e-08  3.15827416e-08  4.94372515e-10  4.94372515e-10  3.33089581e-10  3.33089581e-10  1.64594197e-21  2.36861430e-23  3.15128346e-20  1.13112984e-20  3.12599203e-08  3.12599203e-08  3.12599203e-08  3.12599203e-08 
 2.75422870e+00  1.62784832e-06  1.62784832e-06  1.85811733e-06  1.85811733e-06  2.10508685e-07  2.10508685e-07  5.29123497e-08  5.29123497e-08  9.00423406e-19  2.60875297e-20  1.51255157e-17  3.66138152e-18  1.62784832e-06  1.62784832e-06  1.62784832e-06  1.62784832e-06  1.62754796e-06  1.62754796e-06  1.85784828e-06  1.85784828e-06  2.10508103e-07  2.10508103e-07  5.29112958e-08  5.29112958e-08  9.00412277e-19  2.60874502e-20  1.51253468e-17  3.66128046e-18  1.62754796e-06  1.62754796e-06  1.62754796e-06  1.62754796e-06  3.12599203e-08  3.12599203e-08  3.15827416e-08  3.15827416e-08  4.94372515e-10  4.94372515e-10  3.33089581e-10  3.33089581e-10  4.47070406e-21  6.43362510e-23  7.14815706e-20  2.72018945e-20  3.12599203e-08  3.12599203e-08  3.12599203e-08  3.12599203e-08 
 2.81838293e+00  1.61218731e-06  1.61218731e-06  1.83685383e-06  1.83685383e-06  2.08482709e-07  2.08482709e-07  5.23066913e-08  5.23066913e-08  5.88673362e-19  1.70553441e-20  9.59448289e-18  2.15092385e-18  1.61218731e-06  1.61218731e-06  1.61218731e-06  1.61218731e-06  1.61188404e-06  1.61188404e-06  1.83658166e-06  1.83658166e-06  2.08482122e-07  2.08482122e-07  5.23056252e-08  5.23056252e-08  5.88665944e-19  1.70552911e-20  9.59437365e-18  2.15086332e-18  1.61188404e-06  1.61188404e-06  1.61188404e-06  1.61188404e-06  3.12599203e-08  3.12599203e-08  3.15827416e-08  3.15827416e-08  4.94372515e-10  4.94372515e-10  3.33089581e-10  3.33089581e-10  2.95123251e-21  4.24700971e-23  4.57831187e-20  1.61353714e-20  3.12599203e-08  3.12599203e-08  3.12599203e-08  3.12599203e-08 
 2.88403150e+00  1.59667709e-06  1.59667709e-06  1.81583381e-06  1.81583381e-06  2.06476231e-07  2.06476231e-07  5.17079661e-08  5.17079661e-08  6.54771229e-19  1.89703616e-20  9.62269148e-18  1.87927877e-18  1.59667709e-06  1.59667709e-06  1.59667709e-06  1.59667709e-06  1.59637088e-06  1.59637088e-06  1.81555849e-06  1.81555849e-06  2.06475639e-07  2.06475639e-07  5.17068876e-08  5.17068876e-08  6.54762817e-19  1.89703016e-20  9.62257978e-18  1.87922485e-18  1.59637088e-06  1.59637088e-06  1.59637088e-06  1.59637088e-06  3.12599203e-08  3.12599203e-08  3.15827416e-08  3.15827416e-08  4.94372515e-10  4.94372515e-10  3.33089581e-10  3.33089581e-10  3.31450382e-21  4.76978003e-23  4.63639326e-20  1.42345880e-20  3.12599203e-08  3.12599203e-08  3.12599203e-08  3.12599203e-08 
 2.95120923e+00  1.58131620e-06  1.58131620e-06  1.79505447e-06  1.79505447e-06  2.04489065e-07  2.04489065e-07  5.11160948e-08  5.11160948e-08  5.09263296e-19  1.47546298e-20  8.67392807e-18  1.90677559e-18  1.58131620e-06  1.58131620e-06  1.58131620e-06  1.58131620e-06  1.58100701e-06  1.58100701e-06  1.79477596e-06  1.79477596e-06  2.04488466e-07  2.04488466e-07  5.11150038e-08  5.11150038e-08  5.09256625e-19  1.47545821e-20  8.67382541e-18  1.90671981e-18  1.58100701e-06  1.58100701e-06  1.58100701e-06  1.58100701e-06  3.12599203e-08  3.12599203e-08  3.15827416e-08  3.15827416e-08  4.94372515e-10  4.94372515e-10  3.33089581e-10  3.33089581e-10  2.60298223e-21  3.74585559e-23  4.21987340e-20  1.45832068e-20  3.12599203e-08  3.12599203e-08  3.12599203e-08  3.12599203e-08 
 3.01995172e+00  1.56610321e-06  1.56610321e-06  1.77451306e-06  1.77451306e-06  2.02521024e-07  2.02521024e-07  5.05309988e-08  5.05309988e-08  3.61393514e-19  1.04704708e-20  7.52900618e-18  1.59027729e-18  1.56610321e-06  1.56610321e-06  1.56610321e-06  1.56610321e-06  1.56579101e-06  1.56579101e-06  1.77423133e-06  1.77423133e-06  2.02520419e-07  2.02520419e-07  5.05298952e-08  5.05298952e-08  3.61388687e-19  1.04704363e-20  7.52891533e-18  1.59022987e-18  1.56579101e-06  1.56579101e-06  1.56579101e-06  1.56579101e-06  3.12599203e-08  3.12599203e-08  3.15827416e-08  3.15827416e-08  4.94372515e-10  4.94372515e-10  3.33089581e-10  3.33089581e-10  1.86512983e-21  2.68403946e-23  3.69846198e-20  1.22807831e-20  3.12599203e-08  3.12599203e-08  3.12599203e-08  3.12599203e-08 
 3.09029543e+00  1.55103669e-06  1.55103669e-06  1.75420687e-06  1.75420687e-06  2.00571923e-07  2.00571923e-07  4.99526006e-08  4.99526006e-08  3.29553973e-19  9.54799806e-21  6.18972864e-18  1.22455628e-18  1.55103669e-06  1.55103669e-06  1.55103669e-06  1.55103669e-06  1.55072146e-06  1.55072146e-06  1.75392187e-06  1.75392187e-06  2.00571313e-07  2.00571313e-07  4.99514842e-08  4.99514842e-08  3.29549486e-19  9.54796602e-21  6.18965249e-18  1.22451905e-18  1.55072146e-06  1.55072146e-06  1.55072146e-06  1.55072146e-06  3.12599203e-08  3.12599203e-08  3.15827416e-08  3.15827416e-08  4.94372515e-10  4.94372515e-10  3.33089581e-10  3.33089581e-10  1.71733552e-21  2.47135413e-23  3.07011761e-20  9.54842406e-21  3.12599203e-08  3.12599203e-08  3.12599203e-08  3.12599203e-08 
 3.16227766e+00  1.53611523e-06  1.53611523e-06  1.73413319e-06  1.73413319e-06  1.98641582e-07  1.98641582e-07  4.93808237e-08  4.93808237e-08  4.94700914e-19  1.43327127e-20  8.50746535e-18  1.89541561e-18  1.53611523e-06  1.53611523e-06  1.53611523e-06  1.53611523e-06  1.53579693e-06  1.53579693e-06  1.73384489e-06  1.73384489e-06  1.98640966e-07  1.98640966e-07  4.93796943e-08  4.93796943e-08  4.94694047e-19  1.43326637e-20  8.50735865e-18  1.89535686e-18  1.53579693e-06  1.53579693e-06  1.53579693e-06  1.53579693e-06  3.12599203e-08  3.12599203e-08  3.15827416e-08  3.15827416e-08  4.94372515e-10  4.94372515e-10  3.33089581e-10  3.33089581e-10  2.60298220e-21  3.74585555e-23  4.26072483e-20  1.49230346e-20  3.12599203e-08  3.12599203e-08  3.12599203e-08  3.12599203e-08 
 3.23593657e+00  1.52133743e-06  1.52133743e-06  1.71428937e-06  1.71428937e-06  1.96729819e-07  1.96729819e-07  4.88155920e-08  4.88155920e-08  5.60200633e-19  1.62303988e-20  9.84234252e-18  2.24662451e-18  1.52133743e-06  1.52133743e-06  1.52133743e-06  1.52133743e-06  1.52101605e-06  1.52101605e-06  1.71399774e-06  1.71399774e-06  1.96729196e-07  1.96729196e-07  4.88144497e-08  4.88144497e-08  5.60192705e-19  1.62303422e-20  9.84221667e-18  2.24655351e-18  1.52101605e-06  1.52101605e-06  1.52101605e-06  1.52101605e-06  3.12599203e-08  3.12599203e-08  3.15827416e-08  3.15827416e-08  4.94372515e-10  4.94372515e-10  3.33089581e-10  3.33089581e-10  2.97626752e-21  4.28303666e-23  4.97716074e-20  1.78600603e-20  3.12599203e-08  3.12599203e-08  3.12599203e-08  3.12599203e-08 
 3.31131121e+00  1.50670192e-06  1.50670192e-06  1.69467278e-06  1.69467278e-06  1.94836455e-07  1.94836455e-07  4.82568309e-08  4.82568309e-08  5.90068171e-19  1.70957317e-20  1.00874172e-17  2.19673434e-18  1.50670192e-06  1.50670192e-06  1.50670192e-06  1.50670192e-06  1.50637742e-06  1.50637742e-06  1.69437777e-06  1.69437777e-06  1.94835826e-07  1.94835826e-07  4.82556753e-08  4.82556753e-08  5.90059657e-19  1.70956709e-20  1.00872856e-17  2.19666356e-18  1.50637742e-06  1.50637742e-06  1.50637742e-06  1.50637742e-06  3.12599203e-08  3.12599203e-08  3.15827416e-08  3.15827416e-08  4.94372515e-10  4.94372515e-10  3.33089581e-10  3.33089581e-10  3.16541341e-21  4.55522953e-23  5.15066216e-20  1.76331418e-20  3.12599203e-08  3.12599203e-08  3.12599203e-08  3.12599203e-08 
 3.38844156e+00  1.49220733e-06  1.49220733e-06  1.67528081e-06  1.67528081e-06  1.92961313e-07  1.92961313e-07  4.77044661e-08  4.77044661e-08  6.45909224e-19  1.87135809e-20  1.02379012e-17  2.24819723e-18  1.49220733e-06  1.49220733e-06  1.49220733e-06  1.49220733e-06  1.49187967e-06  1.49187967e-06  1.67498238e-06  1.67498238e-06  1.92960679e-07  1.92960679e-07  4.77032971e-08  4.77032971e-08  6.45899722e-19  1.87135130e-20  1.02377651e-17  2.24812338e-18  1.49187967e-06  1.49187967e-06  1.49187967e-06  1.49187967e-06  3.12599203e-08  3.12599203e-08  3.15827416e-08  3.15827416e-08  4.94372515e-10  4.94372515e-10  3.33089581e-10  3.33089581e-10  3.49864287e-21  5.03476773e-23  5.27829803e-20  1.82215911e-20  3.12599203e-08  3.12599203e-08  3.12599203e-08  3.12599203e-08 
 3.46736850e+00  1.47785230e-06  1.47785230e-06  1.65611090e-06  1.65611090e-06  1.91104218e-07  1.91104218e-07  4.71584245e-08  4.71584245e-08  4.44093022e-19  1.28664657e-20  7.97228296e-18  1.79845661e-18  1.47785230e-06  1.47785230e-06  1.47785230e-06  1.47785230e-06  1.47752146e-06  1.47752146e-06  1.65580902e-06  1.65580902e-06  1.91103578e-07  1.91103578e-07  4.71572420e-08  4.71572420e-08  4.44086362e-19  1.28664182e-20  7.97217493e-18  1.79839638e-18  1.47752146e-06  1.47752146e-06  1.47752146e-06  1.47752146e-06  3.12599203e-08  3.12599203e-08  3.15827416e-08  3.15827416e-08  4.94372515e-10  4.94372515e-10  3.33089581e-10  3.33089581e-10  2.42885703e-21  3.49527844e-23  4.15016692e-20  1.47180940e-20  3.12599203e-08  3.12599203e-08  3.12599203e-08  3.12599203e-08 
 3.54813389e+00  1.46363549e-06  1.46363549e-06  1.63716051e-06  1.63716051e-06  1.89264997e-07  1.89264997e-07  4.66186337e-08  4.66186337e-08  4.27797749e-19  1.23943489e-20  7.55193951e-18  1.69238242e-18  1.46363549e-06  1.46363549e-06  1.46363549e-06  1.46363549e-06  1.46330143e-06  1.46330143e-06  1.63685513e-06  1.63685513e-06  1.89264350e-07  1.89264350e-07  4.66174375e-08  4.66174375e-08  4.27791208e-19  1.23943022e-20  7.55183517e-18  1.69232463e-18  1.46330143e-06  1.46330143e-06  1.46330143e-06  1.46330143e-06  3.12599203e-08  3.12599203e-08  3.15827416e-08  3.15827416e-08  4.94372515e-10  4.94372515e-10  3.33089581e-10  3.33089581e-10  2.36247036e-21  3.39974385e-23  3.96954974e-20  1.39845930e-20  3.12599203e-08  3.12599203e-08  3.12599203e-08  3.12599203e-08 
 3.63078055e+00  1.44955556e-06  1.44955556e-06  1.61842711e-06  1.61842711e-06  1.87443477e-07  1.87443477e-07  4.60850222e-08  4.60850222e-08  6.25643792e-19  1.81264294e-20  1.02013095e-17  2.39572565e-18  1.44955556e-06  1.44955556e-06  1.44955556e-06  1.44955556e-06  1.44921826e-06  1.44921826e-06  1.61811820e-06  1.61811820e-06  1.87442824e-07  1.87442824e-07  4.60838121e-08  4.60838121e-08  6.25634038e-19  1.81263597e-20  1.02011659e-17  2.39564225e-18  1.44921826e-06  1.44921826e-06  1.44921826e-06  1.44921826e-06  3.12599203e-08  3.12599203e-08  3.15827416e-08  3.15827416e-08  4.94372515e-10  4.94372515e-10  3.33089581e-10  3.33089581e-10  3.48862978e-21  5.02035827e-23  5.41425310e-20  1.99888642e-20  3.12599203e-08  3.12599203e-08  3.12599203e-08  3.12599203e-08 
 3.71535229e+00  1.43561121e-06  1.43561121e-06  1.59990825e-06  1.59990825e-06  1.85639487e-07  1.85639487e-07  4.55575192e-08  4.55575192e-08  5.06817385e-19  1.46837347e-20  9.17757955e-18  2.16879791e-18  1.43561121e-06  1.43561121e-06  1.43561121e-06  1.43561121e-06  1.43527062e-06  1.43527062e-06  1.59959576e-06  1.59959576e-06  1.85638828e-07  1.85638828e-07  4.55562951e-08  4.55562951e-08  5.06809330e-19  1.46836771e-20  9.17744775e-18  2.16872094e-18  1.43527062e-06  1.43527062e-06  1.43527062e-06  1.43527062e-06  3.12599203e-08  3.12599203e-08  3.15827416e-08  3.15827416e-08  4.94372515e-10  4.94372515e-10  3.33089582e-10  3.33089582e-10  2.85350814e-21  4.10637818e-23  4.91825074e-20  1.82713159e-20  3.12599203e-08  3.12599203e-08  3.12599203e-08  3.12599203e-08 
 3.80189396e+00  1.42180112e-06  1.42180112e-06  1.58160144e-06  1.58160144e-06  1.83852860e-07  1.83852860e-07  4.50360548e-08  4.50360548e-08  4.15564940e-19  1.20399262e-20  6.47152274e-18  1.18668983e-18  1.42180112e-06  1.42180112e-06  1.42180112e-06  1.42180112e-06  1.42145723e-06  1.42145723e-06  1.58128534e-06  1.58128534e-06  1.83852195e-07  1.83852195e-07  4.50348165e-08  4.50348165e-08  4.15558207e-19  1.20398781e-20  6.47142799e-18  1.18664689e-18  1.42145723e-06  1.42145723e-06  1.42145723e-06  1.42145723e-06  3.12599203e-08  3.12599203e-08  3.15827416e-08  3.15827416e-08  4.94372515e-10  4.94372515e-10  3.33089582e-10  3.33089582e-10  2.36247041e-21  3.39974392e-23  3.50178008e-20  1.00945661e-20  3.12599203e-08  3.12599203e-08  3.12599203e-08  3.12599203e-08 
 3.89045145e+00  1.40812401e-06  1.40812401e-06  1.56350428e-06  1.56350428e-06  1.82083428e-07  1.82083428e-07  4.45205598e-08  4.45205598e-08  6.03392258e-19  1.74817359e-20  9.52641634e-18  2.30991925e-18  1.40812401e-06  1.40812401e-06  1.40812401e-06  1.40812401e-06  1.40777677e-06  1.40777677e-06  1.56318451e-06  1.56318451e-06  1.82082756e-07  1.82082756e-07  4.45193072e-08  4.45193072e-08  6.03382290e-19  1.74816647e-20  9.52627414e-18  2.30983404e-18  1.40777677e-06  1.40777677e-06  1.40777677e-06  1.40777677e-06  3.12599203e-08  3.12599203e-08  3.15827416e-08  3.15827416e-08  4.94372515e-10  4.94372515e-10  3.33089582e-10  3.33089582e-10  3.46359476e-21  4.98433130e-23  5.20489317e-20  1.98402404e-20  3.12599203e-08  3.12599203e-08  3.12599203e-08  3.12599203e-08 
 3.98107171e+00  1.39457859e-06  1.39457859e-06  1.54561435e-06  1.54561435e-06  1.80331026e-07  1.80331026e-07  4.40109660e-08  4.40109660e-08  6.50535336e-19  1.88475805e-20  9.05027619e-18  1.82457648e-18  1.39457859e-06  1.39457859e-06  1.39457859e-06  1.39457859e-06  1.39422799e-06  1.39422799e-06  1.54529089e-06  1.54529089e-06  1.80330347e-07  1.80330347e-07  4.40096989e-08  4.40096989e-08  6.50524379e-19  1.88475022e-20  9.05013846e-18  1.82450785e-18  1.39422799e-06  1.39422799e-06  1.39422799e-06  1.39422799e-06  3.12599203e-08  3.12599203e-08  3.15827416e-08  3.15827416e-08  4.94372515e-10  4.94372515e-10  3.33089582e-10  3.33089582e-10  3.77049259e-21  5.42597663e-23  4.99279769e-20  1.58238403e-20  3.12599203e-08  3.12599203e-08  3.12599203e-08  3.12599203e-08 
 4.07380278e+00  1.38116361e-06  1.38116361e-06  1.52792930e-06  1.52792930e-06  1.78595489e-07  1.78595489e-07  4.35072058e-08  4.35072058e-08  2.95157065e-19  8.55141118e-21  6.29052543e-18  1.42977130e-18  1.38116361e-06  1.38116361e-06  1.38116361e-06  1.38116361e-06  1.38080959e-06  1.38080959e-06  1.52760209e-06  1.52760209e-06  1.78594803e-07  1.78594803e-07  4.35059241e-08  4.35059241e-08  2.95151997e-19  8.55137499e-21  6.29042783e-18  1.42971647e-18  1.38080959e-06  1.38080959e-06  1.38080959e-06  1.38080959e-06  3.12599203e-08  3.12599203e-08  3.15827416e-08  3.15827416e-08  4.94372515e-10  4.94372515e-10  3.33089582e-10  3.33089582e-10  1.72734959e-21  2.48576499e-23  3.50403898e-20  1.25203386e-20  3.12599203e-08  3.12599203e-08  3.12599203e-08  3.12599203e-08 
 4.16869383e+00  1.36787779e-06  1.36787779e-06  1.51044677e-06  1.51044677e-06  1.76876655e-07  1.76876655e-07  4.30092125e-08  4.30092125e-08  6.10301957e-19  1.76819134e-20  8.90568706e-18  1.81361379e-18  1.36787779e-06  1.36787779e-06  1.36787779e-06  1.36787779e-06  1.36752034e-06  1.36752034e-06  1.51011577e-06  1.51011577e-06  1.76875963e-07  1.76875963e-07  4.30079159e-08  4.30079159e-08  6.10291272e-19  1.76818371e-20  8.90554618e-18  1.81354289e-18  1.36752034e-06  1.36752034e-06  1.36752034e-06  1.36752034e-06  3.12599203e-08  3.12599203e-08  3.15827416e-08  3.15827416e-08  4.94372515e-10  4.94372515e-10  3.33089582e-10  3.33089582e-10  3.60638156e-21  5.18981052e-23  5.00898009e-20  1.60359238e-20  3.12599203e-08  3.12599203e-08  3.12599203e-08  3.12599203e-08 
 4.26579519e+00  1.35471992e-06  1.35471992e-06  1.49316445e-06  1.49316445e-06  1.75174364e-07  1.75174364e-07  4.25169200e-08  4.25169200e-08  5.17717680e-19  1.49995207e-20  9.21749398e-18  2.21082946e-18  1.35471992e-06  1.35471992e-06  1.35471992e-06  1.35471992e-06  1.35435899e-06  1.35435899e-06  1.49282962e-06  1.49282962e-06  1.75173666e-07  1.75173666e-07  4.25156083e-08  4.25156083e-08  5.17708439e-19  1.49994547e-20  9.21734533e-18  2.21074134e-18  1.35435899e-06  1.35435899e-06  1.35435899e-06  1.35435899e-06  3.12599203e-08  3.12599203e-08  3.15827416e-08  3.15827416e-08  4.94372515e-10  4.94372515e-10  3.33089582e-10  3.33089582e-10  3.08901317e-21  4.44528477e-23  5.23473383e-20  1.97380428e-20  3.12599203e-08  3.12599203e-08  3.12599203e-08  3.12599203e-08 
 4.36515832e+00  1.34168874e-06  1.34168874e-06  1.47608005e-06  1.47608005e-06  1.73488457e-07  1.73488457e-07  4.20302630e-08  4.20302630e-08  3.14788600e-19  9.12017701e-21  5.90754317e-18  1.23755175e-18  1.34168874e-06  1.34168874e-06  1.34168874e-06  1.34168874e-06  1.34132431e-06  1.34132431e-06  1.47574134e-06  1.47574134e-06  1.73487751e-07  1.73487751e-07  4.20289362e-08  4.20289362e-08  3.14782872e-19  9.12013610e-21  5.90744603e-18  1.23750146e-18  1.34132431e-06  1.34132431e-06  1.34132431e-06  1.34132431e-06  3.12599203e-08  3.12599203e-08  3.15827416e-08  3.15827416e-08  4.94372515e-10  4.94372515e-10  3.33089582e-10  3.33089582e-10  1.89646839e-21  2.72913762e-23  3.38757179e-20  1.11560865e-20  3.12599203e-08  3.12599203e-08  3.12599203e-08  3.12599203e-08 
 4.46683592e+00  1.32878305e-06  1.32878305e-06  1.45919130e-06  1.45919130e-06  1.71818775e-07  1.71818775e-07  4.15491771e-08  4.15491771e-08  7.89715255e-19  2.28799295e-20  1.22142989e-17  2.86703393e-18  1.32878305e-06  1.32878305e-06  1.32878305e-06  1.32878305e-06  1.32841508e-06  1.32841508e-06  1.45884867e-06  1.45884867e-06  1.71818063e-07  1.71818063e-07  4.15478349e-08  4.15478349e-08  7.89700604e-19  2.28798249e-20  1.22140941e-17  2.86691514e-18  1.32841508e-06  1.32841508e-06  1.32841508e-06  1.32841508e-06  3.12599203e-08  3.12599203e-08  3.15827416e-08  3.15827416e-08  4.94372515e-10  4.94372515e-10  3.33089582e-10  3.33089582e-10  4.80393348e-21  6.91316325e-23  7.07212629e-20  2.60964236e-20  3.12599203e-08  3.12599203e-08  3.12599203e-08  3.12599203e-08 
 4.57088190e+00  1.31600163e-06  1.31600163e-06  1.44249596e-06  1.44249596e-06  1.70165163e-07  1.70165163e-07  4.10735985e-08  4.10735985e-08  1.81294500e-19  5.25253149e-21  3.35557318e-18  4.56825921e-19  1.31600163e-06  1.31600163e-06  1.31600163e-06  1.31600163e-06  1.31563008e-06  1.31563008e-06  1.44214937e-06  1.44214937e-06  1.70164444e-07  1.70164444e-07  4.10722408e-08  4.10722408e-08  1.81291071e-19  5.25250700e-21  3.35551583e-18  4.56806624e-19  1.31563008e-06  1.31563008e-06  1.31563008e-06  1.31563008e-06  3.12599203e-08  3.12599203e-08  3.15827416e-08  3.15827416e-08  4.94372515e-10  4.94372515e-10  3.33089582e-10  3.33089582e-10  1.11355310e-21  1.60247313e-23  1.96176977e-20  4.19854244e-21  3.12599203e-08  3.12599203e-08  3.12599203e-08  3.12599203e-08 
 4.67735141e+00  1.30334329e-06  1.30334329e-06  1.42599183e-06  1.42599183e-06  1.68527466e-07  1.68527466e-07  4.06034642e-08  4.06034642e-08  2.95083007e-19  8.54925193e-21  5.53957023e-18  1.17969652e-18  1.30334329e-06  1.30334329e-06  1.30334329e-06  1.30334329e-06  1.30296814e-06  1.30296814e-06  1.42564122e-06  1.42564122e-06  1.68526739e-07  1.68526739e-07  4.06020907e-08  4.06020907e-08  2.95077316e-19  8.54921129e-21  5.53947371e-18  1.17964572e-18  1.30296814e-06  1.30296814e-06  1.30296814e-06  1.30296814e-06  3.12599203e-08  3.12599203e-08  3.15827416e-08  3.15827416e-08  4.94372515e-10  4.94372515e-10  3.33089582e-10  3.33089582e-10  1.83008112e-21  2.63360214e-23  3.27007151e-20  1.09475705e-20  3.12599203e-08  3.12599203e-08  3.12599203e-08  3.12599203e-08 
 4.78630092e+00  1.29080685e-06  1.29080685e-06  1.40967671e-06  1.40967671e-06  1.66905530e-07  1.66905530e-07  4.01387118e-08  4.01387118e-08  4.03918697e-20  1.17024751e-21  2.73568839e-18  4.67337559e-19  1.29080685e-06  1.29080685e-06  1.29080685e-06  1.29080685e-06  1.29042805e-06  1.29042805e-06  1.40932204e-06  1.40932204e-06  1.66904797e-07  1.66904797e-07  4.01373225e-08  4.01373225e-08  4.03910756e-20  1.17024184e-21  2.73563979e-18  4.67317040e-19  1.29042805e-06  1.29042805e-06  1.29042805e-06  1.29042805e-06  3.12599203e-08  3.12599203e-08  3.15827416e-08  3.15827416e-08  4.94372515e-10  4.94372515e-10  3.33089582e-10  3.33089582e-10  2.52941409e-22  3.63998619e-24  1.63060082e-20  4.37902849e-21  3.12599203e-08  3.12599203e-08  3.12599203e-08  3.12599203e-08 
 4.89778819e+00  1.27839114e-06  1.27839114e-06  1.39354844e-06  1.39354844e-06  1.65299205e-07  1.65299205e-07  3.96792798e-08  3.96792798e-08  5.00615993e-19  1.45040199e-20  8.68587211e-18  1.93126874e-18  1.27839114e-06  1.27839114e-06  1.27839114e-06  1.27839114e-06  1.27800866e-06  1.27800866e-06  1.39318966e-06  1.39318966e-06  1.65298464e-07  1.65298464e-07  3.96778743e-08  3.96778743e-08  5.00605958e-19  1.45039482e-20  8.68571479e-18  1.93118229e-18  1.27800866e-06  1.27800866e-06  1.27800866e-06  1.27800866e-06  3.12599203e-08  3.12599203e-08  3.15827416e-08  3.15827416e-08  4.94372515e-10  4.94372515e-10  3.33089582e-10  3.33089582e-10  3.16541408e-21  4.55523050e-23  5.22750323e-20  1.82721404e-20  3.12599203e-08  3.12599203e-08  3.12599203e-08  3.12599203e-08 
 5.01187234e+00  1.26609498e-06  1.26609498e-06  1.37760488e-06  1.37760488e-06  1.63708339e-07  1.63708339e-07  3.92251072e-08  3.92251072e-08  6.40209428e-19  1.85483637e-20  9.77400226e-18  2.17816773e-18  1.26609498e-06  1.26609498e-06  1.26609498e-06  1.26609498e-06  1.26570879e-06  1.26570879e-06  1.37724195e-06  1.37724195e-06  1.63707591e-07  1.63707591e-07  3.92236855e-08  3.92236855e-08  6.40196345e-19  1.85482703e-20  9.77382177e-18  2.17806832e-18  1.26570879e-06  1.26570879e-06  1.26570879e-06  1.26570879e-06  3.12599203e-08  3.12599203e-08  3.15827416e-08  3.15827416e-08  4.94372515e-10  4.94372515e-10  3.33089582e-10  3.33089582e-10  4.08740531e-21  5.88203402e-23  5.93954477e-20  2.08083504e-20  3.12599203e-08  3.12599203e-08  3.12599203e-08  3.12599203e-08 
 5.12861384e+00  1.25391724e-06  1.25391724e-06  1.36184392e-06  1.36184392e-06  1.62132784e-07  1.62132784e-07  3.87761338e-08  3.87761338e-08  3.84738163e-19  1.11467606e-20  6.79048880e-18  1.55934945e-18  1.25391724e-06  1.25391724e-06  1.25391724e-06  1.25391724e-06  1.25352730e-06  1.25352730e-06  1.36147680e-06  1.36147680e-06  1.62132029e-07  1.62132029e-07  3.87746956e-08  3.87746956e-08  3.84730146e-19  1.11467033e-20  6.79036096e-18  1.55927689e-18  1.25352730e-06  1.25352730e-06  1.25352730e-06  1.25352730e-06  3.12599203e-08  3.12599203e-08  3.15827416e-08  3.15827416e-08  4.94372515e-10  4.94372515e-10  3.33089582e-10  3.33089582e-10  2.48022301e-21  3.56919733e-23  4.16659805e-20  1.50414393e-20  3.12599203e-08  3.12599203e-08  3.12599203e-08  3.12599203e-08 
 5.24807460e+00  1.24185678e-06  1.24185678e-06  1.34626348e-06  1.34626348e-06  1.60572393e-07  1.60572393e-07  3.83323002e-08  3.83323002e-08  4.37613932e-19  1.26786909e-20  7.31733860e-18  1.58010887e-18  1.24185678e-06  1.24185678e-06  1.24185678e-06  1.24185678e-06  1.24146304e-06  1.24146304e-06  1.34589210e-06  1.34589210e-06  1.60571631e-07  1.60571631e-07  3.83308454e-08  3.83308454e-08  4.37604636e-19  1.26786245e-20  7.31719815e-18  1.58003391e-18  1.24146304e-06  1.24146304e-06  1.24146304e-06  1.24146304e-06  3.12599203e-08  3.12599203e-08  3.15827416e-08  3.15827416e-08  4.94372515e-10  4.94372515e-10  3.33089582e-10  3.33089582e-10  2.84850135e-21  4.09917309e-23  4.53349939e-20  1.53897853e-20  3.12599203e-08  3.12599203e-08  3.12599203e-08  3.12599203e-08 
 5.37031796e+00  1.22991246e-06  1.22991246e-06  1.33086148e-06  1.33086148e-06  1.59027020e-07  1.59027020e-07  3.78935475e-08  3.78935475e-08  5.95409546e-19  1.72503905e-20  9.74512076e-18  2.32112338e-18  1.22991246e-06  1.22991246e-06  1.22991246e-06  1.22991246e-06  1.22951490e-06  1.22951490e-06  1.33048580e-06  1.33048580e-06  1.59026250e-07  1.59026250e-07  3.78920758e-08  3.78920758e-08  5.95396651e-19  1.72502984e-20  9.74493006e-18  2.32101112e-18  1.22951490e-06  1.22951490e-06  1.22951490e-06  1.22951490e-06  3.12599203e-08  3.12599203e-08  3.15827416e-08  3.15827416e-08  4.94372515e-10  4.94372515e-10  3.33089582e-10  3.33089582e-10  3.91327981e-21  5.63145645e-23  6.09631602e-20  2.28267128e-20  3.12599203e-08  3.12599203e-08  3.12599203e-08  3.12599203e-08 
 5.49540874e+00  1.21808317e-06  1.21808317e-06  1.31563588e-06  1.31563588e-06  1.57496520e-07  1.57496520e-07  3.74598175e-08  3.74598175e-08  5.20213471e-19  1.50717817e-20  8.92400499e-18  2.08448650e-18  1.21808317e-06  1.21808317e-06  1.21808317e-06  1.21808317e-06  1.21768175e-06  1.21768175e-06  1.31525586e-06  1.31525586e-06  1.57495743e-07  1.57495743e-07  3.74583288e-08  3.74583288e-08  5.20201984e-19  1.50716996e-20  8.92382694e-18  2.08438371e-18  1.21768175e-06  1.21768175e-06  1.21768175e-06  1.21768175e-06  3.12599203e-08  3.12599203e-08  3.15827416e-08  3.15827416e-08  4.94372515e-10  4.94372515e-10  3.33089582e-10  3.33089582e-10  3.45228403e-21  4.96805445e-23  5.63689422e-20  2.06987360e-20  3.12599203e-08  3.12599203e-08  3.12599203e-08  3.12599203e-08 
 5.62341325e+00  1.20636780e-06  1.20636780e-06  1.30058467e-06  1.30058467e-06  1.55980750e-07  1.55980750e-07  3.70310528e-08  3.70310528e-08  1.23372001e-19  3.57436977e-21  3.42275652e-18  6.99843436e-19  1.20636780e-06  1.20636780e-06  1.20636780e-06  1.20636780e-06  1.20596248e-06  1.20596248e-06  1.30020025e-06  1.30020025e-06  1.55979965e-07  1.55979965e-07  3.70295469e-08  3.70295469e-08  1.23369223e-19  3.57434993e-21  3.42268690e-18  6.99808255e-19  1.20596248e-06  1.20596248e-06  1.20596248e-06  1.20596248e-06  3.12599203e-08  3.12599203e-08  3.15827416e-08  3.15827416e-08  4.94372515e-10  4.94372515e-10  3.33089582e-10  3.33089582e-10  8.26687452e-22  1.18965541e-23  2.18301097e-20  7.01689883e-21  3.12599203e-08  3.12599203e-08  3.12599203e-08  3.12599203e-08 
 5.75439937e+00  1.19476526e-06  1.19476526e-06  1.28570585e-06  1.28570585e-06  1.54479568e-07  1.54479568e-07  3.66071965e-08  3.66071965e-08  5.18287552e-20  1.50159742e-21  1.88378491e-18  1.57958997e-19  1.19476526e-06  1.19476526e-06  1.19476526e-06  1.19476526e-06  1.19435600e-06  1.19435600e-06  1.28531698e-06  1.28531698e-06  1.54478776e-07  1.54478776e-07  3.66056732e-08  3.66056732e-08  5.18275657e-20  1.50158892e-21  1.88374584e-18  1.57950901e-19  1.19435600e-06  1.19435600e-06  1.19435600e-06  1.19435600e-06  3.12599203e-08  3.12599203e-08  3.15827416e-08  3.15827416e-08  4.94372516e-10  4.94372516e-10  3.33089582e-10  3.33089582e-10  3.50667345e-22  5.04632447e-24  1.21314036e-20  1.59914654e-21  3.12599203e-08  3.12599203e-08  3.12599203e-08  3.12599203e-08 
 5.88843655e+00  1.18327446e-06  1.18327446e-06  1.27099745e-06  1.27099745e-06  1.52992834e-07  1.52992834e-07  3.61881925e-08  3.61881925e-08  3.18859763e-19  9.23809212e-21  4.79079535e-18  8.05224374e-19  1.18327446e-06  1.18327446e-06  1.18327446e-06  1.18327446e-06  1.18286123e-06  1.18286123e-06  1.27060408e-06  1.27060408e-06  1.52992034e-07  1.52992034e-07  3.61866515e-08  3.61866515e-08  3.18852302e-19  9.23803883e-21  4.79069406e-18  8.05182298e-19  1.18286123e-06  1.18286123e-06  1.18286123e-06  1.18286123e-06  3.12599203e-08  3.12599203e-08  3.15827416e-08  3.15827416e-08  4.94372516e-10  4.94372516e-10  3.33089582e-10  3.33089582e-10  2.17833200e-21  3.13475714e-23  3.11520895e-20  8.23114727e-21  3.12599203e-08  3.12599203e-08  3.12599203e-08  3.12599203e-08 
 6.02559586e+00  1.17189433e-06  1.17189433e-06  1.25645752e-06  1.25645752e-06  1.51520409e-07  1.51520409e-07  3.57739852e-08  3.57739852e-08  7.10399981e-21  2.05817665e-22  1.85458334e-18  2.78912197e-19  1.17189433e-06  1.17189433e-06  1.17189433e-06  1.17189433e-06  1.17147708e-06  1.17147708e-06  1.25605959e-06  1.25605959e-06  1.51519601e-07  1.51519601e-07  3.57724263e-08  3.57724263e-08  7.10383033e-21  2.05816455e-22  1.85454336e-18  2.78897338e-19  1.17147708e-06  1.17147708e-06  1.17147708e-06  1.17147708e-06  3.12599203e-08  3.12599203e-08  3.15827416e-08  3.15827416e-08  4.94372516e-10  4.94372516e-10  3.33089582e-10  3.33089582e-10  4.90034995e-23  7.05186858e-25  1.21765915e-20  2.87879357e-21  3.12599203e-08  3.12599203e-08  3.12599203e-08  3.12599203e-08 
 6.16595002e+00  1.16062380e-06  1.16062380e-06  1.24208413e-06  1.24208413e-06  1.50062155e-07  1.50062155e-07  3.53645197e-08  3.53645197e-08  3.58971196e-19  1.04002042e-20  6.94573704e-18  1.67059684e-18  1.16062380e-06  1.16062380e-06  1.16062380e-06  1.16062380e-06  1.16020250e-06  1.16020250e-06  1.24168160e-06  1.24168160e-06  1.50061339e-07  1.50061339e-07  3.53629427e-08  3.53629427e-08  3.58962464e-19  1.04001419e-20  6.94558439e-18  1.67050610e-18  1.16020250e-06  1.16020250e-06  1.16020250e-06  1.16020250e-06  3.12599203e-08  3.12599203e-08  3.15827416e-08  3.15827416e-08  4.94372516e-10  4.94372516e-10  3.33089582e-10  3.33089582e-10  2.50025068e-21  3.59801840e-23  4.60465968e-20  1.74106193e-20  3.12599203e-08  3.12599203e-08  3.12599203e-08  3.12599203e-08 
 6.30957344e+00  1.14946182e-06  1.14946182e-06  1.22787538e-06  1.22787538e-06  1.48617936e-07  1.48617936e-07  3.49597417e-08  3.49597417e-08  4.78600938e-19  1.38661424e-20  7.61889428e-18  1.73680781e-18  1.14946182e-06  1.14946182e-06  1.14946182e-06  1.14946182e-06  1.14903642e-06  1.14903642e-06  1.22746818e-06  1.22746818e-06  1.48617112e-07  1.48617112e-07  3.49581465e-08  3.49581465e-08  4.78589069e-19  1.38660576e-20  7.61872357e-18  1.73671164e-18  1.14903642e-06  1.14903642e-06  1.14903642e-06  1.14903642e-06  3.12599203e-08  3.12599203e-08  3.15827416e-08  3.15827416e-08  4.94372516e-10  4.94372516e-10  3.33089582e-10  3.33089582e-10  3.36586963e-21  4.84369867e-23  5.10000923e-20  1.82765353e-20  3.12599203e-08  3.12599203e-08  3.12599203e-08  3.12599203e-08 
 6.45654229e+00  1.13840734e-06  1.13840734e-06  1.21382938e-06  1.21382938e-06  1.47187616e-07  1.47187616e-07  3.45595976e-08  3.45595976e-08  1.25765784e-19  3.64371538e-21  3.38946550e-18  6.72467961e-19  1.13840734e-06  1.13840734e-06  1.13840734e-06  1.13840734e-06  1.13797782e-06  1.13797782e-06  1.21341747e-06  1.21341747e-06  1.47186785e-07  1.47186785e-07  3.45579839e-08  3.45579839e-08  1.25762604e-19  3.64369267e-21  3.38938807e-18  6.72429996e-19  1.13797782e-06  1.13797782e-06  1.13797782e-06  1.13797782e-06  3.12599203e-08  3.12599203e-08  3.15827416e-08  3.15827416e-08  4.94372516e-10  4.94372516e-10  3.33089582e-10  3.33089582e-10  8.93071103e-22  1.28518561e-23  2.29092062e-20  7.14518096e-21  3.12599203e-08  3.12599203e-08  3.12599203e-08  3.12599203e-08 
 6.60693448e+00  1.12745934e-06  1.12745934e-06  1.19994427e-06  1.19994427e-06  1.45771063e-07  1.45771063e-07  3.41640343e-08  3.41640343e-08  4.51613970e-19  1.30842598e-20  6.55100237e-18  1.32943220e-18  1.12745934e-06  1.12745934e-06  1.12745934e-06  1.12745934e-06  1.12702564e-06  1.12702564e-06  1.19952760e-06  1.19952760e-06  1.45770223e-07  1.45770223e-07  3.41624019e-08  3.41624019e-08  4.51602330e-19  1.30841767e-20  6.55084980e-18  1.32935568e-18  1.12702564e-06  1.12702564e-06  1.12702564e-06  1.12702564e-06  3.12599203e-08  3.12599203e-08  3.15827416e-08  3.15827416e-08  4.94372516e-10  4.94372516e-10  3.33089582e-10  3.33089582e-10  3.23810322e-21  4.65983475e-23  4.47081179e-20  1.42628839e-20  3.12599203e-08  3.12599203e-08  3.12599203e-08  3.12599203e-08 
 6.76082975e+00  1.11661678e-06  1.11661678e-06  1.18621822e-06  1.18621822e-06  1.44368143e-07  1.44368143e-07  3.37729994e-08  3.37729994e-08  4.57820776e-19  1.32640797e-20  7.56552593e-18  1.75696418e-18  1.11661678e-06  1.11661678e-06  1.11661678e-06  1.11661678e-06  1.11617887e-06  1.11617887e-06  1.18579672e-06  1.18579672e-06  1.44367295e-07  1.44367295e-07  3.37713482e-08  3.37713482e-08  4.57808745e-19  1.32639938e-20  7.56534629e-18  1.75686107e-18  1.11617887e-06  1.11617887e-06  1.11617887e-06  1.11617887e-06  3.12599203e-08  3.12599203e-08  3.15827416e-08  3.15827416e-08  4.94372516e-10  4.94372516e-10  3.33089582e-10  3.33089582e-10  3.31450439e-21  4.76978085e-23  5.21335810e-20  1.90328390e-20  3.12599203e-08  3.12599203e-08  3.12599203e-08  3.12599203e-08 
 6.91830971e+00  1.10587866e-06  1.10587866e-06  1.17264939e-06  1.17264939e-06  1.42978725e-07  1.42978725e-07  3.33864411e-08  3.33864411e-08  1.55755565e-19  4.51258120e-21  4.26047027e-18  1.00059356e-18  1.10587866e-06  1.10587866e-06  1.10587866e-06  1.10587866e-06  1.10543649e-06  1.10543649e-06  1.17222301e-06  1.17222301e-06  1.42977869e-07  1.42977869e-07  3.33847707e-08  3.33847707e-08  1.55751392e-19  4.51255140e-21  4.26036713e-18  1.00053370e-18  1.10543649e-06  1.10543649e-06  1.10543649e-06  1.10543649e-06  3.12599203e-08  3.12599203e-08  3.15827416e-08  3.15827416e-08  4.94372516e-10  4.94372516e-10  3.33089582e-10  3.33089582e-10  1.13858761e-21  1.63849937e-23  2.96439294e-20  1.09445491e-20  3.12599203e-08  3.12599203e-08  3.12599203e-08  3.12599203e-08 
 7.07945784e+00  1.09524396e-06  1.09524396e-06  1.15923600e-06  1.15923600e-06  1.41602679e-07  1.41602679e-07  3.30043081e-08  3.30043081e-08  2.16034360e-19  6.25898797e-21  4.45964077e-18  9.93601571e-19  1.09524396e-06  1.09524396e-06  1.09524396e-06  1.09524396e-06  1.09479750e-06  1.09479750e-06  1.15880469e-06  1.15880469e-06  1.41601815e-07  1.41601815e-07  3.30026184e-08  3.30026184e-08  2.16028459e-19  6.25894582e-21  4.45953070e-18  9.93540964e-19  1.09479750e-06  1.09479750e-06  1.09479750e-06  1.09479750e-06  3.12599203e-08  3.12599203e-08  3.15827416e-08  3.15827416e-08  4.94372516e-10  4.94372516e-10  3.33089582e-10  3.33089582e-10  1.59457696e-21  2.29469679e-23  3.13312631e-20  1.09736709e-20  3.12599203e-08  3.12599203e-08  3.12599203e-08  3.12599203e-08 
 7.24435960e+00  1.08471170e-06  1.08471170e-06  1.14597627e-06  1.14597627e-06  1.40239877e-07  1.40239877e-07  3.26265498e-08  3.26265498e-08  1.76135912e-19  5.10304055e-21  4.19327500e-18  9.24990324e-19  1.08471170e-06  1.08471170e-06  1.08471170e-06  1.08471170e-06  1.08426090e-06  1.08426090e-06  1.14553996e-06  1.14553996e-06  1.40239004e-07  1.40239004e-07  3.26248406e-08  3.26248406e-08  1.76131007e-19  5.10300552e-21  4.19316949e-18  9.24932800e-19  1.08426090e-06  1.08426090e-06  1.08426090e-06  1.08426090e-06  3.12599203e-08  3.12599203e-08  3.15827416e-08  3.15827416e-08  4.94372516e-10  4.94372516e-10  3.33089582e-10  3.33089582e-10  1.31271465e-21  1.88907915e-23  2.97461773e-20  1.03151687e-20  3.12599203e-08  3.12599203e-08  3.12599203e-08  3.12599203e-08 
 7.41310241e+00  1.07428088e-06  1.07428088e-06  1.13286843e-06  1.13286843e-06  1.38890191e-07  1.38890191e-07  3.22531162e-08  3.22531162e-08  5.03040114e-19  1.45741607e-20  7.43722233e-18  1.56738827e-18  1.07428088e-06  1.07428088e-06  1.07428088e-06  1.07428088e-06  1.07382571e-06  1.07382571e-06  1.13242707e-06  1.13242707e-06  1.38889310e-07  1.38889310e-07  3.22513871e-08  3.22513871e-08  5.03025832e-19  1.45740587e-20  7.43703153e-18  1.56728889e-18  1.07382571e-06  1.07382571e-06  1.07382571e-06  1.07382571e-06  3.12599203e-08  3.12599203e-08  3.15827416e-08  3.15827416e-08  4.94372516e-10  4.94372516e-10  3.33089582e-10  3.33089582e-10  3.78551353e-21  5.44759271e-23  5.32706956e-20  1.76488011e-20  3.12599203e-08  3.12599203e-08  3.12599203e-08  3.12599203e-08 
 7.58577575e+00  1.06395054e-06  1.06395054e-06  1.11991075e-06  1.11991075e-06  1.37553495e-07  1.37553495e-07  3.18839576e-08  3.18839576e-08  4.55002727e-19  1.31824081e-20  7.88137576e-18  1.83873376e-18  1.06395054e-06  1.06395054e-06  1.06395054e-06  1.06395054e-06  1.06349094e-06  1.06349094e-06  1.11946429e-06  1.11946429e-06  1.37552605e-07  1.37552605e-07  3.18822086e-08  3.18822086e-08  4.54989556e-19  1.31823140e-20  7.88116962e-18  1.83861491e-18  1.06349094e-06  1.06349094e-06  1.06349094e-06  1.06349094e-06  3.12599203e-08  3.12599203e-08  3.15827416e-08  3.15827416e-08  4.94372516e-10  4.94372516e-10  3.33089582e-10  3.33089582e-10  3.45729106e-21  4.97525987e-23  5.70005990e-20  2.09053253e-20  3.12599203e-08  3.12599203e-08  3.12599203e-08  3.12599203e-08 
 7.76247117e+00  1.05371971e-06  1.05371971e-06  1.10710152e-06  1.10710152e-06  1.36229663e-07  1.36229663e-07  3.15190253e-08  3.15190253e-08  3.26535737e-19  9.46043893e-21  5.77858746e-18  1.21006992e-18  1.05371971e-06  1.05371971e-06  1.05371971e-06  1.05371971e-06  1.05325565e-06  1.05325565e-06  1.10664989e-06  1.10664989e-06  1.36228765e-07  1.36228765e-07  3.15172559e-08  3.15172559e-08  3.26526101e-19  9.46037011e-21  5.77843337e-18  1.20999017e-18  1.05325565e-06  1.05325565e-06  1.05325565e-06  1.05325565e-06  3.12599203e-08  3.12599203e-08  3.15827416e-08  3.15827416e-08  4.94372516e-10  4.94372516e-10  3.33089582e-10  3.33089582e-10  2.50525776e-21  3.60522392e-23  4.21986789e-20  1.38914633e-20  3.12599203e-08  3.12599203e-08  3.12599203e-08  3.12599203e-08 
 7.94328235e+00  1.04358743e-06  1.04358743e-06  1.09443903e-06  1.09443903e-06  1.34918573e-07  1.34918573e-07  3.11582707e-08  3.11582707e-08  2.89761300e-19  8.39500118e-21  4.67069586e-18  8.79610191e-19  1.04358743e-06  1.04358743e-06  1.04358743e-06  1.04358743e-06  1.04311886e-06  1.04311886e-06  1.09398217e-06  1.09398217e-06  1.34917666e-07  1.34917666e-07  3.11564809e-08  3.11564809e-08  2.89752582e-19  8.39493891e-21  4.67056888e-18  8.79551090e-19  1.04311886e-06  1.04311886e-06  1.04311886e-06  1.04311886e-06  3.12599203e-08  3.12599203e-08  3.15827416e-08  3.15827416e-08  4.94372516e-10  4.94372516e-10  3.33089582e-10  3.33089582e-10  2.24471821e-21  3.23029107e-23  3.44396339e-20  1.01959389e-20  3.12599203e-08  3.12599203e-08  3.12599203e-08  3.12599203e-08 
 8.12830516e+00  1.03355275e-06  1.03355275e-06  1.08192161e-06  1.08192161e-06  1.33620101e-07  1.33620101e-07  3.08016461e-08  3.08016461e-08  4.61052828e-19  1.33576752e-20  6.85651536e-18  1.43823351e-18  1.03355275e-06  1.03355275e-06  1.03355275e-06  1.03355275e-06  1.03307962e-06  1.03307962e-06  1.08145946e-06  1.08145946e-06  1.33619185e-07  1.33619185e-07  3.07998356e-08  3.07998356e-08  4.61038684e-19  1.33575742e-20  6.85632531e-18  1.43813498e-18  1.03307962e-06  1.03307962e-06  1.03307962e-06  1.03307962e-06  3.12599203e-08  3.12599203e-08  3.15827416e-08  3.15827416e-08  4.94372516e-10  4.94372516e-10  3.33089582e-10  3.33089582e-10  3.60638329e-21  5.18981301e-23  5.10481680e-20  1.68331659e-20  3.12599203e-08  3.12599203e-08  3.12599203e-08  3.12599203e-08 
 8.31763771e+00  1.02361473e-06  1.02361473e-06  1.06954759e-06  1.06954759e-06  1.32334126e-07  1.32334126e-07  3.04491043e-08  3.04491043e-08  2.84844923e-19  8.25255590e-21  5.39611247e-18  1.26689931e-18  1.02361473e-06  1.02361473e-06  1.02361473e-06  1.02361473e-06  1.02313701e-06  1.02313701e-06  1.06908010e-06  1.06908010e-06  1.32333201e-07  1.32333201e-07  3.04472728e-08  3.04472728e-08  2.84836015e-19  8.25249227e-21  5.39595998e-18  1.26681083e-18  1.02313701e-06  1.02313701e-06  1.02313701e-06  1.02313701e-06  3.12599203e-08  3.12599203e-08  3.15827416e-08  3.15827416e-08  4.94372516e-10  4.94372516e-10  3.33089582e-10  3.33089582e-10  2.24972490e-21  3.23749602e-23  4.05655590e-20  1.49719346e-20  3.12599203e-08  3.12599203e-08  3.12599203e-08  3.12599203e-08 
 8.51138038e+00  1.01377245e-06  1.01377245e-06  1.05731535e-06  1.05731535e-06  1.31060528e-07  1.31060528e-07  3.01005985e-08  3.01005985e-08  3.98344800e-19  1.15408805e-20  5.87827810e-18  1.22689769e-18  1.01377245e-06  1.01377245e-06  1.01377245e-06  1.01377245e-06  1.01329009e-06  1.01329009e-06  1.05684244e-06  1.05684244e-06  1.31059594e-07  1.31059594e-07  3.00987458e-08  3.00987458e-08  3.98332098e-19  1.15407897e-20  5.87810874e-18  1.22681033e-18  1.01329009e-06  1.01329009e-06  1.01329009e-06  1.01329009e-06  3.12599203e-08  3.12599203e-08  3.15827416e-08  3.15827416e-08  4.94372517e-10  4.94372517e-10  3.33089582e-10  3.33089582e-10  3.17672645e-21  4.57150969e-23  4.46196707e-20  1.46400843e-20  3.12599203e-08  3.12599203e-08  3.12599203e-08  3.12599203e-08 
 8.70963590e+00  1.00402498e-06  1.00402498e-06  1.04522324e-06  1.04522324e-06  1.29799188e-07  1.29799188e-07  2.97560824e-08  2.97560824e-08  4.62492719e-19  1.33993733e-20  7.15453105e-18  1.61016448e-18  1.00402498e-06  1.00402498e-06  1.00402498e-06  1.00402498e-06  1.00353794e-06  1.00353794e-06  1.04474486e-06  1.04474486e-06  1.29798245e-07  1.29798245e-07  2.97542083e-08  2.97542083e-08  4.62477684e-19  1.33992659e-20  7.15432089e-18  1.61004759e-18  1.00353794e-06  1.00353794e-06  1.00353794e-06  1.00353794e-06  3.12599203e-08  3.12599203e-08  3.15827416e-08  3.15827416e-08  4.94372517e-10  4.94372517e-10  3.33089582e-10  3.33089582e-10  3.72413397e-21  5.35926366e-23  5.48349133e-20  1.94001401e-20  3.12599203e-08  3.12599203e-08  3.12599203e-08  3.12599203e-08 
 8.91250938e+00  9.94371418e-07  9.94371418e-07  1.03326968e-06  1.03326968e-06  1.28549987e-07  1.28549987e-07  2.94155105e-08  2.94155105e-08  1.84102158e-19  5.33381887e-21  4.06806188e-18  8.55460344e-19  9.94371418e-07  9.94371418e-07  9.94371418e-07  9.94371418e-07  9.93879644e-07  9.93879644e-07  1.03278577e-06  1.03278577e-06  1.28549035e-07  1.28549035e-07  2.94136147e-08  2.94136147e-08  1.84096057e-19  5.33377529e-21  4.06794005e-18  8.55397030e-19  9.93879644e-07  9.93879644e-07  9.93879644e-07  9.93879644e-07  3.12599203e-08  3.12599203e-08  3.15827416e-08  3.15827416e-08  4.94372517e-10  4.94372517e-10  3.33089583e-10  3.33089583e-10  1.49685248e-21  2.15406514e-23  3.14820707e-20  1.04071998e-20  3.12599203e-08  3.12599203e-08  3.12599203e-08  3.12599203e-08 
 9.12010839e+00  9.84810853e-07  9.84810853e-07  1.02145308e-06  1.02145308e-06  1.27312809e-07  1.27312809e-07  2.90788376e-08  2.90788376e-08  2.72817532e-19  7.90408209e-21  5.00864691e-18  1.17406066e-18  9.84810853e-07  9.84810853e-07  9.84810853e-07  9.84810853e-07  9.84314303e-07  9.84314303e-07  1.02096357e-06  1.02096357e-06  1.27311847e-07  1.27311847e-07  2.90769198e-08  2.90769198e-08  2.72808313e-19  7.90401625e-21  5.00849398e-18  1.17397206e-18  9.84314303e-07  9.84314303e-07  9.84314303e-07  9.84314303e-07  3.12599203e-08  3.12599203e-08  3.15827416e-08  3.15827416e-08  4.94372517e-10  4.94372517e-10  3.33089583e-10  3.33089583e-10  2.23971168e-21  3.22308635e-23  3.91377542e-20  1.44219477e-20  3.12599203e-08  3.12599203e-08  3.12599203e-08  3.12599203e-08 
 9.33254301e+00  9.75342394e-07  9.75342394e-07  1.00977188e-06  1.00977188e-06  1.26087538e-07  1.26087538e-07  2.87460191e-08  2.87460191e-08  4.62869526e-19  1.34102706e-20  7.30215408e-18  1.72918248e-18  9.75342394e-07  9.75342394e-07  9.75342394e-07  9.75342394e-07  9.74841021e-07  9.74841021e-07  1.00927669e-06  1.00927669e-06  1.26086567e-07  1.26086567e-07  2.87440791e-08  2.87440791e-08  4.62853580e-19  1.34101567e-20  7.30192677e-18  1.72904945e-18  9.74841021e-07  9.74841021e-07  9.74841021e-07  9.74841021e-07  3.12599203e-08  3.12599203e-08  3.15827416e-08  3.15827416e-08  4.94372517e-10  4.94372517e-10  3.33089583e-10  3.33089583e-10  3.83687934e-21  5.52151134e-23  5.76137599e-20  2.14473465e-20  3.12599203e-08  3.12599203e-08  3.12599203e-08  3.12599203e-08 
 9.54992586e+00  9.65965155e-07  9.65965155e-07  9.98224513e-07  9.98224513e-07  1.24874059e-07  1.24874059e-07  2.84170108e-08  2.84170108e-08  3.50053961e-19  1.01417693e-20  5.97882429e-18  1.24366212e-18  9.65965155e-07  9.65965155e-07  9.65965155e-07  9.65965155e-07  9.65458912e-07  9.65458912e-07  9.97723597e-07  9.97723597e-07  1.24873079e-07  1.24873079e-07  2.84150483e-08  2.84150483e-08  3.50041666e-19  1.01416815e-20  5.97863454e-18  1.24356457e-18  9.65458912e-07  9.65458912e-07  9.65458912e-07  9.65458912e-07  3.12599203e-08  3.12599203e-08  3.15827416e-08  3.15827416e-08  4.94372517e-10  4.94372517e-10  3.33089583e-10  3.33089583e-10  2.92990985e-21  4.21632505e-23  4.76311154e-20  1.55752310e-20  3.12599203e-08  3.12599203e-08  3.12599203e-08  3.12599203e-08 
 9.77237221e+00  9.56678259e-07  9.56678259e-07  9.86809463e-07  9.86809463e-07  1.23672259e-07  1.23672259e-07  2.80917692e-08  2.80917692e-08  2.96437759e-19  8.58839540e-21  5.27956222e-18  1.11633454e-18  9.56678259e-07  9.56678259e-07  9.56678259e-07  9.56678259e-07  9.56167099e-07  9.56167099e-07  9.86302750e-07  9.86302750e-07  1.23671270e-07  1.23671270e-07  2.80897840e-08  2.80897840e-08  2.96427144e-19  8.58831958e-21  5.27939139e-18  1.11624527e-18  9.56167099e-07  9.56167099e-07  9.56167099e-07  9.56167099e-07  3.12599203e-08  3.12599203e-08  3.15827416e-08  3.15827416e-08  4.94372517e-10  4.94372517e-10  3.33089583e-10  3.33089583e-10  2.50525815e-21  3.60522450e-23  4.24690558e-20  1.41164595e-20  3.12599203e-08  3.12599203e-08  3.12599203e-08  3.12599203e-08 
 1.00000000e+01  9.47480837e-07  9.47480837e-07  9.75525213e-07  9.75525213e-07  1.22482026e-07  1.22482026e-07  2.77702511e-08  2.77702511e-08  3.96785333e-19  1.14956595e-20  6.20229044e-18  1.29099580e-18  9.47480837e-07  9.47480837e-07  9.47480837e-07  9.47480837e-07  9.46964713e-07  9.46964713e-07  9.75012635e-07  9.75012635e-07  1.22481027e-07  1.22481027e-07  2.77682429e-08  2.77682429e-08  3.96770847e-19  1.14955560e-20  6.20208584e-18  1.29089055e-18  9.46964713e-07  9.46964713e-07  9.46964713e-07  9.46964713e-07  3.12599203e-08  3.12599203e-08  3.15827416e-08  3.15827416e-08  4.94372517e-10  4.94372517e-10  3.33089583e-10  3.33089583e-10  3.38590111e-21  4.87252525e-23  5.03763292e-20  1.64837332e-20  3.12599203e-08  3.12599203e-08  3.12599203e-08  3.12599203e-08 
 1.02329299e+01  9.38372029e-07  9.38372029e-07  9.64370268e-07  9.64370268e-07  1.21303249e-07  1.21303249e-07  2.74524139e-08  2.74524139e-08  2.67064056e-19  7.73737213e-21  4.55662485e-18  9.69636552e-19  9.38372029e-07  9.38372029e-07  9.38372029e-07  9.38372029e-07  9.37850892e-07  9.37850892e-07  9.63851758e-07  9.63851758e-07  1.21302240e-07  1.21302240e-07  2.74503824e-08  2.74503824e-08  2.67054115e-19  7.73730114e-21  4.55647160e-18  9.69555958e-19  9.37850892e-07  9.37850892e-07  9.37850892e-07  9.37850892e-07  3.12599203e-08  3.12599203e-08  3.15827416e-08  3.15827416e-08  4.94372517e-10  4.94372517e-10  3.33089583e-10  3.33089583e-10  2.30109098e-21  3.31141504e-23  3.73695108e-20  1.25008353e-20  3.12599203e-08  3.12599203e-08  3.12599203e-08  3.12599203e-08 
 1.04712855e+01  9.29350984e-07  9.29350984e-07  9.53343149e-07  9.53343149e-07  1.20135816e-07  1.20135816e-07  2.71382155e-08  2.71382155e-08  1.00349794e-19  2.90732976e-21  2.41872413e-18  4.62763474e-19  9.29350984e-07  9.29350984e-07  9.29350984e-07  9.29350984e-07  9.28824785e-07  9.28824785e-07  9.52818638e-07  9.52818638e-07  1.20134797e-07  1.20134797e-07  2.71361605e-08  2.71361605e-08  1.00345986e-19  2.90730256e-21  2.41864119e-18  4.62724259e-19  9.28824785e-07  9.28824785e-07  9.28824785e-07  9.28824785e-07  3.12599203e-08  3.12599203e-08  3.15827416e-08  3.15827416e-08  4.94372517e-10  4.94372517e-10  3.33089583e-10  3.33089583e-10  8.73040755e-22  1.25636071e-23  2.00290426e-20  6.02404798e-21  3.12599203e-08  3.12599203e-08  3.12599203e-08  3.12599203e-08 
 1.07151931e+01  9.20416857e-07  9.20416857e-07  9.42442394e-07  9.42442394e-07  1.18979619e-07  1.18979619e-07  2.68276142e-08  2.68276142e-08  3.23124009e-19  9.36152915e-21  5.05733194e-18  1.02639140e-18  9.20416857e-07  9.20416857e-07  9.20416857e-07  9.20416857e-07  9.19885548e-07  9.19885548e-07  9.41911813e-07  9.41911813e-07  1.18978591e-07  1.18978591e-07  2.68255354e-08  2.68255354e-08  3.23111507e-19  9.36143986e-21  5.05715514e-18  1.02630272e-18  9.19885548e-07  9.19885548e-07  9.19885548e-07  9.19885548e-07  3.12599203e-08  3.12599203e-08  3.15827416e-08  3.15827416e-08  4.94372517e-10  4.94372517e-10  3.33089583e-10  3.33089583e-10  2.83848720e-21  4.08476210e-23  4.22858458e-20  1.34909221e-20  3.12599203e-08  3.12599203e-08  3.12599203e-08  3.12599203e-08 
 1.09647820e+01  9.11568813e-07  9.11568813e-07  9.31666559e-07  9.31666559e-07  1.17834550e-07  1.17834550e-07  2.65205689e-08  2.65205689e-08  3.86956644e-19  1.12108780e-20  6.26646171e-18  1.43853791e-18  9.11568813e-07  9.11568813e-07  9.11568813e-07  9.11568813e-07  9.11032344e-07  9.11032344e-07  9.31129838e-07  9.31129838e-07  1.17833512e-07  1.17833512e-07  2.65184661e-08  2.65184661e-08  3.86941381e-19  1.12107689e-20  6.26623837e-18  1.43841120e-18  9.11032344e-07  9.11032344e-07  9.11032344e-07  9.11032344e-07  3.12599203e-08  3.12599203e-08  3.15827416e-08  3.15827416e-08  4.94372517e-10  4.94372517e-10  3.33089583e-10  3.33089583e-10  3.43225615e-21  4.93923305e-23  5.29048706e-20  1.90919026e-20  3.12599203e-08  3.12599203e-08  3.12599203e-08  3.12599203e-08 
 1.12201845e+01  9.02806025e-07  9.02806025e-07  9.21014215e-07  9.21014215e-07  1.16700502e-07  1.16700502e-07  2.62170389e-08  2.62170389e-08  4.32884002e-19  1.25414746e-20  7.24141579e-18  1.66576003e-18  9.02806025e-07  9.02806025e-07  9.02806025e-07  9.02806025e-07  9.02264346e-07  9.02264346e-07  9.20471283e-07  9.20471283e-07  1.16699453e-07  1.16699453e-07  2.62149117e-08  2.62149117e-08  4.32866593e-19  1.25413502e-20  7.24115266e-18  1.66561044e-18  9.02264346e-07  9.02264346e-07  9.02264346e-07  9.02264346e-07  3.12599203e-08  3.12599203e-08  3.15827416e-08  3.15827416e-08  4.94372518e-10  4.94372518e-10  3.33089583e-10  3.33089583e-10  3.87693558e-21  5.57915481e-23  6.17300244e-20  2.23223333e-20  3.12599203e-08  3.12599203e-08  3.12599203e-08  3.12599203e-08 
 1.14815362e+01  8.94127673e-07  8.94127673e-07  9.10483951e-07  9.10483951e-07  1.15577368e-07  1.15577368e-07  2.59169839e-08  2.59169839e-08  2.31738314e-19  6.71389671e-21  4.73927357e-18  1.07915252e-18  8.94127673e-07  8.94127673e-07  8.94127673e-07  8.94127673e-07  8.93580733e-07  8.93580733e-07  9.09934735e-07  9.09934735e-07  1.15576309e-07  1.15576309e-07  2.59148321e-08  2.59148321e-08  2.31728812e-19  6.71382885e-21  4.73909799e-18  1.07905372e-18  8.93580733e-07  8.93580733e-07  8.93580733e-07  8.93580733e-07  3.12599203e-08  3.12599203e-08  3.15827416e-08  3.15827416e-08  4.94372518e-10  4.94372518e-10  3.33089583e-10  3.33089583e-10  2.09562973e-21  3.01574337e-23  4.07928863e-20  1.46018950e-20  3.12599203e-08  3.12599203e-08  3.12599203e-08  3.12599203e-08 
 1.17489755e+01  8.85532944e-07  8.85532944e-07  9.00074370e-07  9.00074370e-07  1.14465044e-07  1.14465044e-07  2.56203642e-08  2.56203642e-08  5.44636410e-19  1.57791359e-20  8.27423393e-18  1.95359007e-18  8.85532944e-07  8.85532944e-07  8.85532944e-07  8.85532944e-07  8.84980693e-07  8.84980693e-07  8.99518798e-07  8.99518798e-07  1.14463974e-07  1.14463974e-07  2.56181875e-08  2.56181875e-08  5.44613643e-19  1.57789733e-20  8.27392141e-18  1.95340771e-18  8.84980693e-07  8.84980693e-07  8.84980693e-07  8.84980693e-07  3.12599203e-08  3.12599203e-08  3.15827416e-08  3.15827416e-08  4.94372518e-10  4.94372518e-10  3.33089583e-10  3.33089583e-10  4.97305236e-21  7.15653597e-23  7.19117962e-20  2.66906440e-20  3.12599203e-08  3.12599203e-08  3.12599203e-08  3.12599203e-08 
 1.20226443e+01  8.77021037e-07  8.77021037e-07  8.89784092e-07  8.89784092e-07  1.13363425e-07  1.13363425e-07  2.53271405e-08  2.53271405e-08  4.06105229e-19  1.17656212e-20  6.20489060e-18  1.29082359e-18  8.77021037e-07  8.77021037e-07  8.77021037e-07  8.77021037e-07  8.76463422e-07  8.76463422e-07  8.89222092e-07  8.89222092e-07  1.13362345e-07  1.13362345e-07  2.53249385e-08  2.53249385e-08  4.06087922e-19  1.17654976e-20  6.20465166e-18  1.29070075e-18  8.76463422e-07  8.76463422e-07  8.76463422e-07  8.76463422e-07  3.12599203e-08  3.12599203e-08  3.15827416e-08  3.15827416e-08  4.94372518e-10  4.94372518e-10  3.33089584e-10  3.33089584e-10  3.74416162e-21  5.38808471e-23  5.44510363e-20  1.78070392e-20  3.12599203e-08  3.12599203e-08  3.12599203e-08  3.12599203e-08 
 1.23026877e+01  8.68591153e-07  8.68591153e-07  8.79611755e-07  8.79611755e-07  1.12272408e-07  1.12272408e-07  2.50372738e-08  2.50372738e-08  2.43278598e-19  7.04822749e-21  5.23074621e-18  1.35157393e-18  8.68591153e-07  8.68591153e-07  8.68591153e-07  8.68591153e-07  8.68028123e-07  8.68028123e-07  8.79043251e-07  8.79043251e-07  1.12271318e-07  1.12271318e-07  2.50350464e-08  2.50350464e-08  2.43268027e-19  7.04815199e-21  5.23054085e-18  1.35144279e-18  8.68028123e-07  8.68028123e-07  8.68028123e-07  8.68028123e-07  3.12599203e-08  3.12599203e-08  3.15827415e-08  3.15827415e-08  4.94372518e-10  4.94372518e-10  3.33089584e-10  3.33089584e-10  2.26474624e-21  3.25911269e-23  4.63484637e-20  1.88262500e-20  3.12599203e-08  3.12599203e-08  3.12599203e-08  3.12599203e-08 
 1.25892541e+01  8.60242506e-07  8.60242506e-07  8.69556009e-07  8.69556009e-07  1.11191892e-07  1.11191892e-07  2.47507258e-08  2.47507258e-08  2.65991883e-19  7.70626811e-21  4.81577339e-18  1.06282318e-18  8.60242506e-07  8.60242506e-07  8.60242506e-07  8.60242506e-07  8.59674007e-07  8.59674007e-07  8.68980926e-07  8.68980926e-07  1.11190791e-07  1.11190791e-07  2.47484726e-08  2.47484726e-08  2.65980100e-19  7.70618395e-21  4.81558063e-18  1.06271805e-18  8.59674007e-07  8.59674007e-07  8.59674007e-07  8.59674007e-07  3.12599203e-08  3.12599203e-08  3.15827415e-08  3.15827415e-08  4.94372518e-10  4.94372518e-10  3.33089584e-10  3.33089584e-10  2.50025129e-21  3.59801930e-23  4.30861217e-20  1.49480386e-20  3.12599203e-08  3.12599203e-08  3.12599203e-08  3.12599203e-08 
 1.28824955e+01  8.51974313e-07  8.51974313e-07  8.59615521e-07  8.59615521e-07  1.10121775e-07  1.10121775e-07  2.44674584e-08  2.44674584e-08  3.57801035e-19  1.03661392e-20  6.41157068e-18  1.55771150e-18  8.51974313e-07  8.51974313e-07  8.51974313e-07  8.51974313e-07  8.51400294e-07  8.51400294e-07  8.59033783e-07  8.59033783e-07  1.10120664e-07  1.10120664e-07  2.44651792e-08  2.44651792e-08  3.57784875e-19  1.03660238e-20  6.41130903e-18  1.55755441e-18  8.51400294e-07  8.51400294e-07  8.51400294e-07  8.51400294e-07  3.12599203e-08  3.12599203e-08  3.15827415e-08  3.15827415e-08  4.94372519e-10  4.94372519e-10  3.33089584e-10  3.33089584e-10  3.39591251e-21  4.88693224e-23  5.79209206e-20  2.21212355e-20  3.12599203e-08  3.12599203e-08  3.12599203e-08  3.12599203e-08 
 1.31825674e+01  8.43785802e-07  8.43785802e-07  8.49788974e-07  8.49788974e-07  1.09061958e-07  1.09061958e-07  2.41874343e-08  2.41874343e-08  3.11090986e-19  9.01285917e-21  6.07857724e-18  1.55249361e-18  8.43785802e-07  8.43785802e-07  8.43785802e-07  8.43785802e-07  8.43206209e-07  8.43206209e-07  8.49200505e-07  8.49200505e-07  1.09060836e-07  1.09060836e-07  2.41851286e-08  2.41851286e-08  3.11076661e-19  9.01275686e-21  6.07832434e-18  1.55233398e-18  8.43206209e-07  8.43206209e-07  8.43206209e-07  8.43206209e-07  3.12599203e-08  3.12599203e-08  3.15827415e-08  3.15827415e-08  4.94372519e-10  4.94372519e-10  3.33089584e-10  3.33089584e-10  2.98127435e-21  4.29024182e-23  5.54463058e-20  2.22613408e-20  3.12599203e-08  3.12599203e-08  3.12599203e-08  3.12599203e-08 
 1.34896288e+01  8.35676208e-07  8.35676208e-07  8.40075065e-07  8.40075065e-07  1.08012341e-07  1.08012341e-07  2.39106161e-08  2.39106161e-08  3.67390064e-19  1.06439364e-20  5.61924194e-18  1.19034206e-18  8.35676208e-07  8.35676208e-07  8.35676208e-07  8.35676208e-07  8.35090986e-07  8.35090986e-07  8.39479787e-07  8.39479787e-07  1.08011208e-07  1.08011208e-07  2.39082837e-08  2.39082837e-08  3.67372816e-19  1.06438132e-20  5.61900358e-18  1.19021727e-18  8.35090986e-07  8.35090986e-07  8.35090986e-07  8.35090986e-07  3.12599203e-08  3.12599203e-08  3.15827415e-08  3.15827415e-08  4.94372519e-10  4.94372519e-10  3.33089584e-10  3.33089584e-10  3.55501578e-21  5.11589191e-23  5.17544924e-20  1.72342506e-20  3.12599203e-08  3.12599203e-08  3.12599203e-08  3.12599203e-08 
 1.38038426e+01  8.27644770e-07  8.27644770e-07  8.30472508e-07  8.30472508e-07  1.06972825e-07  1.06972825e-07  2.36369672e-08  2.36369672e-08  2.67439943e-19  7.74820036e-21  5.12741926e-18  1.26599006e-18  8.27644770e-07  8.27644770e-07  8.27644770e-07  8.27644770e-07  8.27053866e-07  8.27053866e-07  8.29870342e-07  8.29870342e-07  1.06971681e-07  1.06971681e-07  2.36346079e-08  2.36346079e-08  2.67427143e-19  7.74810894e-21  5.12719751e-18  1.26585475e-18  8.27053866e-07  8.27053866e-07  8.27053866e-07  8.27053866e-07  3.12599203e-08  3.12599203e-08  3.15827415e-08  3.15827415e-08  4.94372519e-10  4.94372519e-10  3.33089584e-10  3.33089584e-10  2.61300355e-21  3.76027697e-23  4.76835733e-20  1.85075968e-20  3.12599203e-08  3.12599203e-08  3.12599203e-08  3.12599203e-08 
 1.41253754e+01  8.19690740e-07  8.19690740e-07  8.20980028e-07  8.20980028e-07  1.05943315e-07  1.05943315e-07  2.33664514e-08  2.33664514e-08  2.04678322e-19  5.92988266e-21  4.21320751e-18  1.01512052e-18  8.19690740e-07  8.19690740e-07  8.19690740e-07  8.19690740e-07  8.19094097e-07  8.19094097e-07  8.20370894e-07  8.20370894e-07  1.05942160e-07  1.05942160e-07  2.33640647e-08  2.33640647e-08  2.04668334e-19  5.92981132e-21  4.21302175e-18  1.01500991e-18  8.19094097e-07  8.19094097e-07  8.19094097e-07  8.19094097e-07  3.12599203e-08  3.12599203e-08  3.15827415e-08  3.15827415e-08  4.94372519e-10  4.94372519e-10  3.33089584e-10  3.33089584e-10  2.01922711e-21  2.90579513e-23  3.95623833e-20  1.49842992e-20  3.12599203e-08  3.12599203e-08  3.12599203e-08  3.12599203e-08 
 1.44543977e+01  8.11813371e-07  8.11813371e-07  8.11596368e-07  8.11596368e-07  1.04923713e-07  1.04923713e-07  2.30990328e-08  2.30990328e-08  3.20417062e-19  9.28302631e-21  4.93779150e-18  1.04074324e-18  8.11813371e-07  8.11813371e-07  8.11813371e-07  8.11813371e-07  8.11210934e-07  8.11210934e-07  8.10980186e-07  8.10980186e-07  1.04922546e-07  1.04922546e-07  2.30966185e-08  2.30966185e-08  3.20401121e-19  9.28291246e-21  4.93756954e-18  1.04062763e-18  8.11210934e-07  8.11210934e-07  8.11210934e-07  8.11210934e-07  3.12599203e-08  3.12599203e-08  3.15827415e-08  3.15827415e-08  4.94372519e-10  4.94372519e-10  3.33089584e-10  3.33089584e-10  3.19174761e-21  4.59312613e-23  4.68168264e-20  1.55117753e-20  3.12599203e-08  3.12599203e-08  3.12599203e-08  3.12599203e-08 
 1.47910839e+01  8.04011928e-07  8.04011928e-07  8.02320284e-07  8.02320284e-07  1.03913924e-07  1.03913924e-07  2.28346760e-08  2.28346760e-08  2.65397410e-19  7.68900786e-21  4.72333712e-18  1.08481724e-18  8.04011928e-07  8.04011928e-07  8.04011928e-07  8.04011928e-07  8.03403641e-07  8.03403641e-07  8.01696973e-07  8.01696973e-07  1.03912746e-07  1.03912746e-07  2.28322337e-08  2.28322337e-08  2.65383949e-19  7.68891172e-21  4.72312065e-18  1.08469437e-18  8.03403641e-07  8.03403641e-07  8.03403641e-07  8.03403641e-07  3.12599203e-08  3.12599203e-08  3.15827415e-08  3.15827415e-08  4.94372520e-10  4.94372520e-10  3.33089585e-10  3.33089585e-10  2.66937241e-21  3.84139521e-23  4.52186701e-20  1.63257650e-20  3.12599203e-08  3.12599203e-08  3.12599203e-08  3.12599203e-08 
 1.51356125e+01  7.96285681e-07  7.96285681e-07  7.93150547e-07  7.93150547e-07  1.02913854e-07  1.02913854e-07  2.25733459e-08  2.25733459e-08  1.98826103e-19  5.76032121e-21  3.75869492e-18  8.09359072e-19  7.96285681e-07  7.96285681e-07  7.96285681e-07  7.96285681e-07  7.95671488e-07  7.95671488e-07  7.92520024e-07  7.92520024e-07  1.02912664e-07  1.02912664e-07  2.25708753e-08  2.25708753e-08  1.98815822e-19  5.76024778e-21  3.75851930e-18  8.09265614e-19  7.95671488e-07  7.95671488e-07  7.95671488e-07  7.95671488e-07  3.12599203e-08  3.12599203e-08  3.15827415e-08  3.15827415e-08  4.94372520e-10  4.94372520e-10  3.33089585e-10  3.33089585e-10  2.01922846e-21  2.90579707e-23  3.63333573e-20  1.22986443e-20  3.12599203e-08  3.12599203e-08  3.12599203e-08  3.12599203e-08 
 1.54881662e+01  7.88633908e-07  7.88633908e-07  7.84085940e-07  7.84085940e-07  1.01923409e-07  1.01923409e-07  2.23150078e-08  2.23150078e-08  5.35907951e-19  1.55261284e-20  7.74867840e-18  1.80144166e-18  7.88633908e-07  7.88633908e-07  7.88633908e-07  7.88633908e-07  7.88013751e-07  7.88013751e-07  7.83448122e-07  7.83448122e-07  1.01922208e-07  1.01922208e-07  2.23125087e-08  2.23125087e-08  5.35879697e-19  1.55259266e-20  7.74830927e-18  1.80122959e-18  7.88013751e-07  7.88013751e-07  7.88013751e-07  7.88013751e-07  3.12599203e-08  3.12599203e-08  3.15827415e-08  3.15827415e-08  4.94372520e-10  4.94372520e-10  3.33089585e-10  3.33089585e-10  5.49543175e-21  7.90827285e-23  7.56302772e-20  2.76398210e-20  3.12599203e-08  3.12599203e-08  3.12599203e-08  3.12599203e-08 
 1.58489319e+01  7.81055892e-07  7.81055892e-07  7.75125263e-07  7.75125263e-07  1.00942496e-07  1.00942496e-07  2.20596276e-08  2.20596276e-08  3.43344712e-19  9.94724925e-21  5.61742652e-18  1.30605035e-18  7.81055892e-07  7.81055892e-07  7.81055892e-07  7.81055892e-07  7.80429713e-07  7.80429713e-07  7.74480065e-07  7.74480065e-07  1.00941284e-07  1.00941284e-07  2.20570995e-08  2.20570995e-08  3.43326257e-19  9.94711744e-21  5.61715369e-18  1.30589359e-18  7.80429713e-07  7.80429713e-07  7.80429713e-07  7.80429713e-07  3.12599203e-08  3.12599203e-08  3.15827415e-08  3.15827415e-08  4.94372520e-10  4.94372520e-10  3.33089585e-10  3.33089585e-10  3.55501578e-21  5.11589193e-23  5.53611435e-20  2.02336366e-20  3.12599203e-08  3.12599203e-08  3.12599203e-08  3.12599203e-08 
 1.62181010e+01  7.73550925e-07  7.73550925e-07  7.66267328e-07  7.66267328e-07  9.99710243e-08  9.99710243e-08  2.18071713e-08  2.18071713e-08  1.65701841e-19  4.80064522e-21  3.28525177e-18  6.55171864e-19  7.73550925e-07  7.73550925e-07  7.73550925e-07  7.73550925e-07  7.72918666e-07  7.72918666e-07  7.65614665e-07  7.65614665e-07  9.99697999e-08  9.99697999e-08  2.18046140e-08  2.18046140e-08  1.65692760e-19  4.80058037e-21  3.28508910e-18  6.55091692e-19  7.72918666e-07  7.72918666e-07  7.72918666e-07  7.72918666e-07  3.12599203e-08  3.12599203e-08  3.15827415e-08  3.15827415e-08  4.94372521e-10  4.94372521e-10  3.33089585e-10  3.33089585e-10  1.73235960e-21  2.49297464e-23  3.26915791e-20  1.02486874e-20  3.12599203e-08  3.12599203e-08  3.12599203e-08  3.12599203e-08 
 1.65958691e+01  7.66118306e-07  7.66118306e-07  7.57510960e-07  7.57510960e-07  9.90089024e-08  9.90089024e-08  2.15576056e-08  2.15576056e-08  2.18932267e-19  6.34281036e-21  4.04596696e-18  9.24009453e-19  7.66118306e-07  7.66118306e-07  7.66118306e-07  7.66118306e-07  7.65479908e-07  7.65479908e-07  7.56850747e-07  7.56850747e-07  9.90076661e-08  9.90076661e-08  2.15550186e-08  2.15550186e-08  2.18920035e-19  6.34272300e-21  4.04576271e-18  9.23894176e-19  7.65479908e-07  7.65479908e-07  7.65479908e-07  7.65479908e-07  3.12599203e-08  3.12599203e-08  3.15827415e-08  3.15827415e-08  4.94372521e-10  4.94372521e-10  3.33089585e-10  3.33089585e-10  2.31110685e-21  3.32582859e-23  4.06526773e-20  1.45944718e-20  3.12599203e-08  3.12599203e-08  3.12599203e-08  3.12599203e-08 
 1.69824365e+01  7.58757338e-07  7.58757338e-07  7.48855000e-07  7.48855000e-07  9.80560404e-08  9.80560404e-08  2.13108973e-08  2.13108973e-08  1.88974820e-19  5.47489135e-21  3.61239421e-18  8.07585551e-19  7.58757338e-07  7.58757338e-07  7.58757338e-07  7.58757338e-07  7.58112741e-07  7.58112741e-07  7.48187148e-07  7.48187148e-07  9.80547921e-08  9.80547921e-08  2.13082804e-08  2.13082804e-08  1.88964055e-19  5.47481447e-21  3.61220828e-18  8.07482830e-19  7.58112741e-07  7.58112741e-07  7.58112741e-07  7.58112741e-07  3.12599203e-08  3.12599203e-08  3.15827415e-08  3.15827415e-08  4.94372521e-10  4.94372521e-10  3.33089586e-10  3.33089586e-10  2.01425159e-21  2.89863494e-23  3.66489494e-20  1.28795133e-20  3.12599203e-08  3.12599203e-08  3.12599203e-08  3.12599203e-08 
 1.73780083e+01  7.51467334e-07  7.51467334e-07  7.40298299e-07  7.40298299e-07  9.71123493e-08  9.71123493e-08  2.10670138e-08  2.10670138e-08  2.30918363e-19  6.69005518e-21  3.93059219e-18  8.41896085e-19  7.51467334e-07  7.51467334e-07  7.51467334e-07  7.51467334e-07  7.50816479e-07  7.50816479e-07  7.39622720e-07  7.39622720e-07  9.71110889e-08  9.71110889e-08  2.10643665e-08  2.10643665e-08  2.30904952e-19  6.68995940e-21  3.93038593e-18  8.41786910e-19  7.50816479e-07  7.50816479e-07  7.50816479e-07  7.50816479e-07  3.12599203e-08  3.12599203e-08  3.15827415e-08  3.15827415e-08  4.94372522e-10  4.94372522e-10  3.33089586e-10  3.33089586e-10  2.48523672e-21  3.57641246e-23  4.02646512e-20  1.35571475e-20  3.12599203e-08  3.12599203e-08  3.12599203e-08  3.12599203e-08 
 1.77827941e+01  7.44247612e-07  7.44247612e-07  7.31839723e-07  7.31839723e-07  9.61777407e-08  9.61777407e-08  2.08259226e-08  2.08259226e-08  3.39818826e-19  9.84505827e-21  5.73396022e-18  1.33215686e-18  7.44247612e-07  7.44247612e-07  7.44247612e-07  7.44247612e-07  7.43590437e-07  7.43590437e-07  7.31156329e-07  7.31156329e-07  9.61764680e-08  9.61764680e-08  2.08232447e-08  2.08232447e-08  3.39798706e-19  9.84491457e-21  5.73365346e-18  1.33198074e-18  7.43590437e-07  7.43590437e-07  7.43590437e-07  7.43590437e-07  3.12599203e-08  3.12599203e-08  3.15827415e-08  3.15827415e-08  4.94372522e-10  4.94372522e-10  3.33089586e-10  3.33089586e-10  3.69280381e-21  5.31417765e-23  5.93089432e-20  2.16602816e-20  3.12599203e-08  3.12599203e-08  3.12599203e-08  3.12599203e-08 
 1.81970086e+01  7.37097495e-07  7.37097495e-07  7.23478151e-07  7.23478151e-07  9.52521272e-08  9.52521272e-08  2.05875919e-08  2.05875919e-08  3.78561470e-19  1.09674808e-20  6.02890639e-18  1.40149813e-18  7.37097495e-07  7.37097495e-07  7.37097495e-07  7.37097495e-07  7.36433940e-07  7.36433940e-07  7.22786852e-07  7.22786852e-07  9.52508422e-08  9.52508422e-08  2.05848830e-08  2.05848830e-08  3.78538618e-19  1.09673176e-20  6.02857755e-18  1.40130922e-18  7.36433940e-07  7.36433940e-07  7.36433940e-07  7.36433940e-07  3.12599203e-08  3.12599203e-08  3.15827415e-08  3.15827415e-08  4.94372522e-10  4.94372522e-10  3.33089586e-10  3.33089586e-10  4.15379163e-21  5.97756813e-23  6.29656364e-20  2.30091265e-20  3.12599203e-08  3.12599203e-08  3.12599203e-08  3.12599203e-08 
 1.86208714e+01  7.30016317e-07  7.30016317e-07  7.15212476e-07  7.15212476e-07  9.43354223e-08  9.43354223e-08  2.03519901e-08  2.03519901e-08  1.68382791e-20  4.87829293e-22  1.21654235e-18  1.36125009e-19  7.30016317e-07  7.30016317e-07  7.30016317e-07  7.30016317e-07  7.29346320e-07  7.29346320e-07  7.14513179e-07  7.14513179e-07  9.43341248e-08  9.43341248e-08  2.03492498e-08  2.03492498e-08  1.68372428e-20  4.87821891e-22  1.21647470e-18  1.36106302e-19  7.29346320e-07  7.29346320e-07  7.29346320e-07  7.29346320e-07  3.12599203e-08  3.12599203e-08  3.15827415e-08  3.15827415e-08  4.94372523e-10  4.94372523e-10  3.33089587e-10  3.33089587e-10  1.86554397e-22  2.68463595e-24  1.28289710e-20  2.25654703e-21  3.12599203e-08  3.12599203e-08  3.12599203e-08  3.12599203e-08 
 1.90546072e+01  7.23003414e-07  7.23003414e-07  7.07041600e-07  7.07041600e-07  9.34275403e-08  9.34275403e-08  2.01190859e-08  2.01190859e-08  1.84199354e-19  5.33651555e-21  3.02693076e-18  5.80118348e-19  7.23003414e-07  7.23003414e-07  7.23003414e-07  7.23003414e-07  7.22326912e-07  7.22326912e-07  7.06334214e-07  7.06334214e-07  9.34262301e-08  9.34262301e-08  2.01163139e-08  2.01163139e-08  1.84187797e-19  5.33643300e-21  3.02675914e-18  5.80037070e-19  7.22326912e-07  7.22326912e-07  7.22326912e-07  7.22326912e-07  3.12599203e-08  3.12599203e-08  3.15827415e-08  3.15827415e-08  4.94372523e-10  4.94372523e-10  3.33089587e-10  3.33089587e-10  2.06060793e-21  2.96534466e-23  3.22304678e-20  9.71005978e-21  3.12599203e-08  3.12599203e-08  3.12599203e-08  3.12599203e-08 
 1.94984460e+01  7.16058131e-07  7.16058131e-07  6.98964442e-07  6.98964442e-07  9.25283961e-08  9.25283961e-08  1.98888485e-08  1.98888485e-08  1.25753534e-19  3.64325423e-21  2.68069269e-18  5.68045354e-19  7.16058131e-07  7.16058131e-07  7.16058131e-07  7.16058131e-07  7.15375061e-07  7.15375061e-07  6.98248873e-07  6.98248873e-07  9.25270733e-08  9.25270733e-08  1.98860444e-08  1.98860444e-08  1.25745489e-19  3.64319678e-21  2.68053774e-18  5.67964213e-19  7.15375061e-07  7.15375061e-07  7.15375061e-07  7.15375061e-07  3.12599203e-08  3.12599203e-08  3.15827415e-08  3.15827415e-08  4.94372523e-10  4.94372523e-10  3.33089587e-10  3.33089587e-10  1.42045320e-21  2.04412169e-23  2.88211079e-20  9.60035131e-21  3.12599203e-08  3.12599203e-08  3.12599203e-08  3.12599203e-08 
 1.99526231e+01  7.09179818e-07  7.09179818e-07  6.90979931e-07  6.90979931e-07  9.16379059e-08  9.16379059e-08  1.96612473e-08  1.96612473e-08  4.00554121e-19  1.16045976e-20  6.01728332e-18  1.33441013e-18  7.09179818e-07  7.09179818e-07  7.09179818e-07  7.09179818e-07  7.08490116e-07  7.08490116e-07  6.90256085e-07  6.90256085e-07  9.16365702e-08  9.16365702e-08  1.96584107e-08  1.96584107e-08  4.00527997e-19  1.16044110e-20  6.01692872e-18  1.33421579e-18  7.08490116e-07  7.08490116e-07  7.08490116e-07  7.08490116e-07  3.12599203e-08  3.12599203e-08  3.15827415e-08  3.15827415e-08  4.94372524e-10  4.94372524e-10  3.33089587e-10  3.33089587e-10  4.56843441e-21  6.57426521e-23  6.53226225e-20  2.27715310e-20  3.12599203e-08  3.12599203e-08  3.12599203e-08  3.12599203e-08 
 2.04173794e+01  7.02367831e-07  7.02367831e-07  6.83087008e-07  6.83087008e-07  9.07559861e-08  9.07559861e-08  1.94362522e-08  1.94362522e-08  2.92710485e-19  8.48021282e-21  4.42830189e-18  9.23473772e-19  7.02367831e-07  7.02367831e-07  7.02367831e-07  7.02367831e-07  7.01671433e-07  7.01671433e-07  6.82354789e-07  6.82354789e-07  9.07546374e-08  9.07546374e-08  1.94333828e-08  1.94333828e-08  2.92691022e-19  8.48007381e-21  4.42803583e-18  9.23336659e-19  7.01671433e-07  7.01671433e-07  7.01671433e-07  7.01671433e-07  3.12599203e-08  3.12599203e-08  3.15827415e-08  3.15827415e-08  4.94372524e-10  4.94372524e-10  3.33089588e-10  3.33089588e-10  3.37088484e-21  4.85091594e-23  4.85400111e-20  1.59120536e-20  3.12599203e-08  3.12599203e-08  3.12599203e-08  3.12599203e-08 
 2.08929613e+01  6.95621534e-07  6.95621534e-07  6.75284626e-07  6.75284626e-07  8.98825544e-08  8.98825544e-08  1.92138333e-08  1.92138333e-08  8.77944691e-20  2.54351949e-21  2.63810979e-18  6.41213123e-19  6.95621534e-07  6.95621534e-07  6.95621534e-07  6.95621534e-07  6.94918375e-07  6.94918375e-07  6.74543938e-07  6.74543938e-07  8.98811926e-08  8.98811926e-08  1.92109307e-08  1.92109307e-08  8.77885173e-20  2.54347699e-21  2.63794819e-18  6.41116060e-19  6.94918375e-07  6.94918375e-07  6.94918375e-07  6.94918375e-07  3.12599203e-08  3.12599203e-08  3.15827415e-08  3.15827415e-08  4.94372525e-10  4.94372525e-10  3.33089588e-10  3.33089588e-10  1.02087420e-21  1.46910193e-23  2.91981279e-20  1.11558537e-20  3.12599203e-08  3.12599203e-08  3.12599203e-08  3.12599203e-08 
 2.13796209e+01  6.88940295e-07  6.88940295e-07  6.67571753e-07  6.67571753e-07  8.90175291e-08  8.90175291e-08  1.89939612e-08  1.89939612e-08  2.37810594e-19  6.88967622e-21  4.39745205e-18  1.06386013e-18  6.88940295e-07  6.88940295e-07  6.88940295e-07  6.88940295e-07  6.88230311e-07  6.88230311e-07  6.66822497e-07  6.66822497e-07  8.90161541e-08  8.90161541e-08  1.89910250e-08  1.89910250e-08  2.37794158e-19  6.88955882e-21  4.39717742e-18  1.06369594e-18  6.88230311e-07  6.88230311e-07  6.88230311e-07  6.88230311e-07  3.12599203e-08  3.12599203e-08  3.15827415e-08  3.15827415e-08  4.94372525e-10  4.94372525e-10  3.33089588e-10  3.33089588e-10  2.79213039e-21  4.01805178e-23  4.91431210e-20  1.86888964e-20  3.12599203e-08  3.12599203e-08  3.12599203e-08  3.12599203e-08 
 2.18776162e+01  6.82323490e-07  6.82323490e-07  6.59947365e-07  6.59947365e-07  8.81608293e-08  8.81608293e-08  1.87766068e-08  1.87766068e-08  3.39604327e-19  9.83876023e-21  5.20674436e-18  1.16839014e-18  6.82323490e-07  6.82323490e-07  6.82323490e-07  6.82323490e-07  6.81606614e-07  6.81606614e-07  6.59189443e-07  6.59189443e-07  8.81594409e-08  8.81594409e-08  1.87736366e-08  1.87736366e-08  3.39580397e-19  9.83858931e-21  5.20641284e-18  1.16820630e-18  6.81606614e-07  6.81606614e-07  6.81606614e-07  6.81606614e-07  3.12599203e-08  3.12599203e-08  3.15827415e-08  3.15827415e-08  4.94372526e-10  4.94372526e-10  3.33089589e-10  3.33089589e-10  4.02603111e-21  5.79371261e-23  5.87526348e-20  2.07245782e-20  3.12599203e-08  3.12599203e-08  3.12599203e-08  3.12599203e-08 
 2.23872114e+01  6.75770500e-07  6.75770500e-07  6.52410452e-07  6.52410452e-07  8.73123748e-08  8.73123748e-08  1.85617411e-08  1.85617411e-08  2.09290700e-19  6.06340619e-21  3.77351813e-18  8.12560653e-19  6.75770500e-07  6.75770500e-07  6.75770500e-07  6.75770500e-07  6.75046664e-07  6.75046664e-07  6.51643764e-07  6.51643764e-07  8.73109729e-08  8.73109729e-08  1.85587366e-08  1.85587366e-08  2.09275664e-19  6.06329880e-21  3.77327317e-18  8.12430306e-19  6.75046664e-07  6.75046664e-07  6.75046664e-07  6.75046664e-07  3.12599203e-08  3.12599203e-08  3.15827415e-08  3.15827415e-08  4.94372526e-10  4.94372526e-10  3.33089589e-10  3.33089589e-10  2.50526254e-21  3.60523092e-23  4.29939149e-20  1.45529913e-20  3.12599203e-08  3.12599203e-08  3.12599203e-08  3.12599203e-08 
 2.29086765e+01  6.69280712e-07  6.69280712e-07  6.44960015e-07  6.44960015e-07  8.64720863e-08  8.64720863e-08  1.83493358e-08  1.83493358e-08  2.79723156e-19  8.10391136e-21  4.82596095e-18  1.16564184e-18  6.69280712e-07  6.69280712e-07  6.69280712e-07  6.69280712e-07  6.68549850e-07  6.68549850e-07  6.44184460e-07  6.44184460e-07  8.64706708e-08  8.64706708e-08  1.83462965e-08  1.83462965e-08  2.79702668e-19  8.10376503e-21  4.82564156e-18  1.16545120e-18  6.68549850e-07  6.68549850e-07  6.68549850e-07  6.68549850e-07  3.12599203e-08  3.12599203e-08  3.15827415e-08  3.15827415e-08  4.94372527e-10  4.94372527e-10  3.33089589e-10  3.33089589e-10  3.38089065e-21  4.86531492e-23  5.55192775e-20  2.10794972e-20  3.12599203e-08  3.12599203e-08  3.12599203e-08  3.12599203e-08 
 2.34422882e+01  6.62853519e-07  6.62853519e-07  6.37595065e-07  6.37595065e-07  8.56398852e-08  8.56398852e-08  1.81393627e-08  1.81393627e-08  2.58554874e-19  7.49063315e-21  4.54087281e-18  1.05707032e-18  6.62853519e-07  6.62853519e-07  6.62853519e-07  6.62853519e-07  6.62115562e-07  6.62115562e-07  6.36810541e-07  6.36810541e-07  8.56384560e-08  8.56384560e-08  1.81362882e-08  1.81362882e-08  2.58535566e-19  7.49049525e-21  4.54056642e-18  1.05689406e-18  6.62115562e-07  6.62115562e-07  6.62115562e-07  6.62115562e-07  3.12599203e-08  3.12599203e-08  3.15827415e-08  3.15827415e-08  4.94372527e-10  4.94372527e-10  3.33089590e-10  3.33089590e-10  3.15540283e-21  4.54082380e-23  5.27471231e-20  1.93017912e-20  3.12599203e-08  3.12599203e-08  3.12599203e-08  3.12599203e-08 
 2.39883292e+01  6.56488320e-07  6.56488320e-07  6.30314628e-07  6.30314628e-07  8.48156938e-08  8.48156938e-08  1.79317940e-08  1.79317940e-08  1.77995230e-19  5.15672135e-21  3.11639086e-18  6.38184270e-19  6.56488320e-07  6.56488320e-07  6.56488320e-07  6.56488320e-07  6.55743200e-07  6.55743200e-07  6.29521031e-07  6.29521031e-07  8.48142506e-08  8.48142506e-08  1.79286838e-08  1.79286838e-08  1.77981679e-19  5.15662457e-21  3.11617648e-18  6.38075781e-19  6.55743200e-07  6.55743200e-07  6.55743200e-07  6.55743200e-07  3.12599203e-08  3.12599203e-08  3.15827415e-08  3.15827415e-08  4.94372528e-10  4.94372528e-10  3.33089590e-10  3.33089590e-10  2.19335947e-21  3.15638252e-23  3.65519702e-20  1.17662593e-20  3.12599203e-08  3.12599203e-08  3.12599203e-08  3.12599203e-08 
 2.45470892e+01  6.50184519e-07  6.50184519e-07  6.23117738e-07  6.23117738e-07  8.39994347e-08  8.39994347e-08  1.77266021e-08  1.77266021e-08  2.81592350e-19  8.15803727e-21  4.80276331e-18  1.14464448e-18  6.50184519e-07  6.50184519e-07  6.50184519e-07  6.50184519e-07  6.49432167e-07  6.49432167e-07  6.22314963e-07  6.22314963e-07  8.39979776e-08  8.39979776e-08  1.77234559e-08  1.77234559e-08  2.81570492e-19  8.15788116e-21  4.80242647e-18  1.14444610e-18  6.49432167e-07  6.49432167e-07  6.49432167e-07  6.49432167e-07  3.12599203e-08  3.12599203e-08  3.15827415e-08  3.15827415e-08  4.94372528e-10  4.94372528e-10  3.33089590e-10  3.33089590e-10  3.50365758e-21  5.04198433e-23  5.68786748e-20  2.13089228e-20  3.12599203e-08  3.12599203e-08  3.12599203e-08  3.12599203e-08 
 2.51188643e+01  6.43941527e-07  6.43941527e-07  6.16003441e-07  6.16003441e-07  8.31910319e-08  8.31910319e-08  1.75237598e-08  1.75237598e-08  2.92742152e-19  8.48104923e-21  4.71781945e-18  1.07514119e-18  6.43941527e-07  6.43941527e-07  6.43941527e-07  6.43941527e-07  6.43181872e-07  6.43181872e-07  6.15191383e-07  6.15191383e-07  8.31895605e-08  8.31895605e-08  1.75205772e-08  1.75205772e-08  2.92718985e-19  8.48088378e-21  4.71748210e-18  1.07495122e-18  6.43181872e-07  6.43181872e-07  6.43181872e-07  6.43181872e-07  3.12599203e-08  3.12599203e-08  3.15827415e-08  3.15827415e-08  4.94372529e-10  4.94372529e-10  3.33089591e-10  3.33089591e-10  3.67777711e-21  5.29255315e-23  5.64155733e-20  2.02094693e-20  3.12599203e-08  3.12599203e-08  3.12599203e-08  3.12599203e-08 
 2.57039578e+01  6.37758760e-07  6.37758760e-07  6.08970794e-07  6.08970794e-07  8.23904096e-08  8.23904096e-08  1.73232403e-08  1.73232403e-08  1.93445064e-19  5.60430152e-21  3.87388737e-18  9.22558933e-19  6.37758760e-07  6.37758760e-07  6.37758760e-07  6.37758760e-07  6.36991732e-07  6.36991732e-07  6.08149345e-07  6.08149345e-07  8.23889240e-08  8.23889240e-08  1.73200208e-08  1.73200208e-08  1.93429457e-19  5.60419005e-21  3.87360495e-18  9.22392735e-19  6.36991732e-07  6.36991732e-07  6.36991732e-07  6.36991732e-07  3.12599203e-08  3.12599203e-08  3.15827415e-08  3.15827415e-08  4.94372530e-10  4.94372530e-10  3.33089591e-10  3.33089591e-10  2.45390150e-21  3.53131916e-23  4.67739528e-20  1.75098339e-20  3.12599203e-08  3.12599203e-08  3.12599203e-08  3.12599203e-08 
 2.63026799e+01  6.31635641e-07  6.31635641e-07  6.02018865e-07  6.02018865e-07  8.15974929e-08  8.15974929e-08  1.71250169e-08  1.71250169e-08  1.85621116e-19  5.37762754e-21  3.27370214e-18  6.89243021e-19  6.31635641e-07  6.31635641e-07  6.31635641e-07  6.31635641e-07  6.30861168e-07  6.30861168e-07  6.01187917e-07  6.01187917e-07  8.15959929e-08  8.15959929e-08  1.71217602e-08  1.71217602e-08  1.85605848e-19  5.37751848e-21  3.27345882e-18  6.89116430e-19  6.30861168e-07  6.30861168e-07  6.30861168e-07  6.30861168e-07  3.12599203e-08  3.12599203e-08  3.15827415e-08  3.15827415e-08  4.94372530e-10  4.94372530e-10  3.33089592e-10  3.33089592e-10  2.37753090e-21  3.42141715e-23  3.99112773e-20  1.32086599e-20  3.12599203e-08  3.12599203e-08  3.12599203e-08  3.12599203e-08 
 2.69153480e+01  6.25571595e-07  6.25571595e-07  5.95146733e-07  5.95146733e-07  8.08122078e-08  8.08122078e-08  1.69290635e-08  1.69290635e-08  3.30671421e-19  9.57986601e-21  5.51922000e-18  1.35637956e-18  6.25571595e-07  6.25571595e-07  6.25571595e-07  6.25571595e-07  6.24789605e-07  6.24789605e-07  5.94306176e-07  5.94306176e-07  8.08106932e-08  8.08106932e-08  1.69257691e-08  1.69257691e-08  3.30643690e-19  9.57966795e-21  5.51880178e-18  1.35612558e-18  6.24789605e-07  6.24789605e-07  6.24789605e-07  6.24789605e-07  3.12599203e-08  3.12599203e-08  3.15827415e-08  3.15827415e-08  4.94372531e-10  4.94372531e-10  3.33089592e-10  3.33089592e-10  4.27656181e-21  6.15424203e-23  6.79412512e-20  2.62461775e-20  3.12599203e-08  3.12599203e-08  3.12599203e-08  3.12599203e-08 
 2.75422870e+01  6.19566056e-07  6.19566056e-07  5.88353485e-07  5.88353485e-07  8.00344807e-08  8.00344807e-08  1.67353540e-08  1.67353540e-08  2.40485599e-19  6.96708858e-21  3.66797881e-18  7.32217553e-19  6.19566056e-07  6.19566056e-07  6.19566056e-07  6.19566056e-07  6.18776477e-07  6.18776477e-07  5.87503209e-07  5.87503209e-07  8.00329514e-08  8.00329514e-08  1.67320214e-08  1.67320214e-08  2.40465037e-19  6.96694172e-21  3.66769544e-18  7.32077766e-19  6.18776477e-07  6.18776477e-07  6.18776477e-07  6.18776477e-07  3.12599203e-08  3.12599203e-08  3.15827415e-08  3.15827415e-08  4.94372532e-10  4.94372532e-10  3.33089593e-10  3.33089593e-10  3.14041075e-21  4.51924925e-23  4.55913036e-20  1.43061697e-20  3.12599203e-08  3.12599203e-08  3.12599203e-08  3.12599203e-08 
 2.81838293e+01  6.13618463e-07  6.13618463e-07  5.81638223e-07  5.81638223e-07  7.92642390e-08  7.92642390e-08  1.65438627e-08  1.65438627e-08  2.30378142e-19  6.67425780e-21  3.82266867e-18  8.06783271e-19  6.13618463e-07  6.13618463e-07  6.13618463e-07  6.13618463e-07  6.12821221e-07  6.12821221e-07  5.80778116e-07  5.80778116e-07  7.92626948e-08  7.92626948e-08  1.65404916e-08  1.65404916e-08  2.30358060e-19  6.67411437e-21  3.82236758e-18  8.06626242e-19  6.12821221e-07  6.12821221e-07  6.12821221e-07  6.12821221e-07  3.12599203e-08  3.12599203e-08  3.15827415e-08  3.15827415e-08  4.94372533e-10  4.94372533e-10  3.33089593e-10  3.33089593e-10  3.03765136e-21  4.37137195e-23  4.79756861e-20  1.59161675e-20  3.12599203e-08  3.12599203e-08  3.12599203e-08  3.12599203e-08 
 2.88403150e+01  6.07728258e-07  6.07728258e-07  5.75000055e-07  5.75000055e-07  7.85014105e-08  7.85014105e-08  1.63545643e-08  1.63545643e-08  3.11244070e-19  9.01700316e-21  4.73759770e-18  1.06475443e-18  6.07728258e-07  6.07728258e-07  6.07728258e-07  6.07728258e-07  6.06923279e-07  6.06923279e-07  5.74130004e-07  5.74130004e-07  7.84998513e-08  7.84998513e-08  1.63511542e-08  1.63511542e-08  3.11216409e-19  9.01680560e-21  4.73721726e-18  1.06454315e-18  6.06923279e-07  6.06923279e-07  6.06923279e-07  6.06923279e-07  3.12599203e-08  3.12599203e-08  3.15827415e-08  3.15827415e-08  4.94372533e-10  4.94372533e-10  3.33089594e-10  3.33089594e-10  4.14378298e-21  5.96316495e-23  6.00360413e-20  2.12094507e-20  3.12599203e-08  3.12599203e-08  3.12599203e-08  3.12599203e-08 
 2.95120923e+01  6.01894892e-07  6.01894892e-07  5.68438103e-07  5.68438103e-07  7.77459240e-08  7.77459240e-08  1.61674337e-08  1.61674337e-08  3.74504019e-19  1.08496831e-20  5.45929873e-18  1.21952543e-18  6.01894892e-07  6.01894892e-07  6.01894892e-07  6.01894892e-07  6.01082101e-07  6.01082101e-07  5.67557992e-07  5.67557992e-07  7.77443496e-08  7.77443496e-08  1.61639841e-08  1.61639841e-08  3.74470086e-19  1.08494408e-20  5.45885177e-18  1.21927871e-18  6.01082101e-07  6.01082101e-07  6.01082101e-07  6.01082101e-07  3.12599203e-08  3.12599203e-08  3.15827415e-08  3.15827415e-08  4.94372534e-10  4.94372534e-10  3.33089594e-10  3.33089594e-10  5.03444551e-21  7.24488457e-23  6.98538017e-20  2.45283957e-20  3.12599203e-08  3.12599203e-08  3.12599203e-08  3.12599203e-08 
 3.01995172e+01  5.96117818e-07  5.96117818e-07  5.61951495e-07  5.61951495e-07  7.69977088e-08  7.69977088e-08  1.59824461e-08  1.59824461e-08  7.97324607e-20  2.30991131e-21  1.99187959e-18  3.85301960e-19  5.96117818e-07  5.96117818e-07  5.96117818e-07  5.96117818e-07  5.95297139e-07  5.95297139e-07  5.61061209e-07  5.61061209e-07  7.69961191e-08  7.69961191e-08  1.59789565e-08  1.59789565e-08  7.97250952e-20  2.30985871e-21  1.99171333e-18  3.85222488e-19  5.95297139e-07  5.95297139e-07  5.95297139e-07  5.95297139e-07  3.12599203e-08  3.12599203e-08  3.15827415e-08  3.15827415e-08  4.94372535e-10  4.94372535e-10  3.33089595e-10  3.33089595e-10  1.08225490e-21  1.55743357e-23  2.57344905e-20  7.82488179e-21  3.12599203e-08  3.12599203e-08  3.12599203e-08  3.12599203e-08 
 3.09029543e+01  5.90396497e-07  5.90396497e-07  5.55539373e-07  5.55539373e-07  7.62566949e-08  7.62566949e-08  1.57995769e-08  1.57995769e-08  2.59386864e-19  7.51462608e-21  4.05355852e-18  8.86078504e-19  5.90396497e-07  5.90396497e-07  5.90396497e-07  5.90396497e-07  5.89567854e-07  5.89567854e-07  5.54638795e-07  5.54638795e-07  7.62550897e-08  7.62550897e-08  1.57960469e-08  1.57960469e-08  2.59362435e-19  7.51445160e-21  4.05321356e-18  8.85892173e-19  5.89567854e-07  5.89567854e-07  5.89567854e-07  5.89567854e-07  3.12599203e-08  3.12599203e-08  3.15827415e-08  3.15827415e-08  4.94372536e-10  4.94372536e-10  3.33089596e-10  3.33089596e-10  3.55501625e-21  5.11589247e-23  5.28796087e-20  1.81696691e-20  3.12599203e-08  3.12599203e-08  3.12599203e-08  3.12599203e-08 
 3.16227766e+01  5.84730392e-07  5.84730392e-07  5.49200886e-07  5.49200886e-07  7.55228130e-08  7.55228130e-08  1.56188020e-08  1.56188020e-08  1.96604721e-19  5.69577403e-21  3.51124139e-18  8.38944678e-19  5.84730392e-07  5.84730392e-07  5.84730392e-07  5.84730392e-07  5.83893708e-07  5.83893708e-07  5.48289897e-07  5.48289897e-07  7.55211922e-08  7.55211922e-08  1.56152311e-08  1.56152311e-08  1.96585843e-19  5.69563920e-21  3.51093675e-18  8.38764814e-19  5.83893708e-07  5.83893708e-07  5.83893708e-07  5.83893708e-07  3.12599203e-08  3.12599203e-08  3.15827415e-08  3.15827415e-08  4.94372537e-10  4.94372537e-10  3.33089596e-10  3.33089596e-10  2.72073819e-21  3.91531391e-23  4.62500015e-20  1.73702615e-20  3.12599203e-08  3.12599203e-08  3.12599203e-08  3.12599203e-08 
 3.23593657e+01  5.79118975e-07  5.79118975e-07  5.42935194e-07  5.42935194e-07  7.47959944e-08  7.47959944e-08  1.54400973e-08  1.54400973e-08  2.45275622e-19  7.10579367e-21  3.94577350e-18  9.11504141e-19  5.79118975e-07  5.79118975e-07  5.79118975e-07  5.79118975e-07  5.78274172e-07  5.78274172e-07  5.42013674e-07  5.42013674e-07  7.47943579e-08  7.47943579e-08  1.54364851e-08  1.54364851e-08  2.45251611e-19  7.10562218e-21  3.94542447e-18  9.11304905e-19  5.78274172e-07  5.78274172e-07  5.78274172e-07  5.78274172e-07  3.12599203e-08  3.12599203e-08  3.15827415e-08  3.15827415e-08  4.94372538e-10  4.94372538e-10  3.33089597e-10  3.33089597e-10  3.42725472e-21  4.93203588e-23  5.24786289e-20  1.90559174e-20  3.12599203e-08  3.12599203e-08  3.12599203e-08  3.12599203e-08 
 3.31131121e+01  5.73561720e-07  5.73561720e-07  5.36741468e-07  5.36741468e-07  7.40761712e-08  7.40761712e-08  1.52634391e-08  1.52634391e-08  8.79850207e-20  2.54897848e-21  2.09158822e-18  4.74855575e-19  5.73561720e-07  5.73561720e-07  5.73561720e-07  5.73561720e-07  5.72708720e-07  5.72708720e-07  5.35809295e-07  5.35809295e-07  7.40745189e-08  7.40745189e-08  1.52597851e-08  1.52597851e-08  8.79762392e-20  2.54891577e-21  2.09139959e-18  4.74749756e-19  5.72708720e-07  5.72708720e-07  5.72708720e-07  5.72708720e-07  3.12599203e-08  3.12599203e-08  3.15827415e-08  3.15827415e-08  4.94372539e-10  4.94372539e-10  3.33089598e-10  3.33089598e-10  1.24136618e-21  1.78640366e-23  2.80883200e-20  1.00237656e-20  3.12599203e-08  3.12599203e-08  3.12599203e-08  3.12599203e-08 
 3.38844156e+01  5.68058108e-07  5.68058108e-07  5.30618884e-07  5.30618884e-07  7.33632761e-08  7.33632761e-08  1.50888041e-08  1.50888041e-08  1.09381070e-19  3.16883135e-21  2.37190212e-18  4.93677538e-19  5.68058108e-07  5.68058108e-07  5.68058108e-07  5.68058108e-07  5.67196830e-07  5.67196830e-07  5.29675937e-07  5.29675937e-07  7.33616077e-08  7.33616077e-08  1.50851079e-08  1.50851079e-08  1.09369940e-19  3.16875185e-21  2.37168404e-18  4.93565376e-19  5.67196830e-07  5.67196830e-07  5.67196830e-07  5.67196830e-07  3.12599203e-08  3.12599203e-08  3.15827415e-08  3.15827415e-08  4.94372540e-10  4.94372540e-10  3.33089599e-10  3.33089599e-10  1.55823333e-21  2.24239619e-23  3.21621873e-20  1.05223039e-20  3.12599203e-08  3.12599203e-08  3.12599203e-08  3.12599203e-08 
 3.46736850e+01  5.62607623e-07  5.62607623e-07  5.24566633e-07  5.24566633e-07  7.26572425e-08  7.26572425e-08  1.49161692e-08  1.49161692e-08  1.56401155e-19  4.53102262e-21  2.97595826e-18  7.02641577e-19  5.62607623e-07  5.62607623e-07  5.62607623e-07  5.62607623e-07  5.61737989e-07  5.61737989e-07  5.23612786e-07  5.23612786e-07  7.26555578e-08  7.26555578e-08  1.49124301e-08  1.49124301e-08  1.56384930e-19  4.53090674e-21  2.97567930e-18  7.02478823e-19  5.61737989e-07  5.61737989e-07  5.61737989e-07  5.61737989e-07  3.12599203e-08  3.12599203e-08  3.15827415e-08  3.15827415e-08  4.94372542e-10  4.94372542e-10  3.33089599e-10  3.33089599e-10  2.24972490e-21  3.23749599e-23  4.07450513e-20  1.51216573e-20  3.12599203e-08  3.12599203e-08  3.12599203e-08  3.12599203e-08 
 3.54813389e+01  5.57209757e-07  5.57209757e-07  5.18583911e-07  5.18583911e-07  7.19580041e-08  7.19580041e-08  1.47455113e-08  1.47455113e-08  2.27813976e-20  6.59989495e-22  6.17144414e-19  2.33803064e-20  5.57209757e-07  5.57209757e-07  5.57209757e-07  5.57209757e-07  5.56331685e-07  5.56331685e-07  5.17619040e-07  5.17619040e-07  7.19563031e-08  7.19563031e-08  1.47417290e-08  1.47417290e-08  2.27789880e-20  6.59972286e-22  6.17085433e-19  2.33747850e-20  5.56331685e-07  5.56331685e-07  5.56331685e-07  5.56331685e-07  3.12599203e-08  3.12599203e-08  3.15827415e-08  3.15827415e-08  4.94372543e-10  4.94372543e-10  3.33089600e-10  3.33089600e-10  3.30878799e-22  4.76156607e-24  8.53166983e-21  5.08058568e-22  3.12599203e-08  3.12599203e-08  3.12599203e-08  3.12599203e-08 
 3.63078055e+01  5.51864004e-07  5.51864004e-07  5.12669927e-07  5.12669927e-07  7.12654957e-08  7.12654957e-08  1.45768080e-08  1.45768080e-08  6.99523823e-20  2.02654983e-21  1.87177425e-18  3.77548865e-19  5.51864004e-07  5.51864004e-07  5.51864004e-07  5.51864004e-07  5.50977413e-07  5.50977413e-07  5.11693904e-07  5.11693904e-07  7.12637782e-08  7.12637782e-08  1.45729818e-08  1.45729818e-08  6.99448391e-20  2.02649596e-21  1.87159188e-18  3.77457964e-19  5.50977413e-07  5.50977413e-07  5.50977413e-07  5.50977413e-07  3.12599203e-08  3.12599203e-08  3.15827415e-08  3.15827415e-08  4.94372544e-10  4.94372544e-10  3.33089601e-10  3.33089601e-10  1.02586495e-21  1.47628381e-23  2.61276227e-20  8.28389809e-21  3.12599203e-08  3.12599203e-08  3.12599203e-08  3.12599203e-08 
 3.71535229e+01  5.46569864e-07  5.46569864e-07  5.06823895e-07  5.06823895e-07  7.05796526e-08  7.05796526e-08  1.44100368e-08  1.44100368e-08  1.65380736e-19  4.79114321e-21  2.83550888e-18  5.49125533e-19  5.46569864e-07  5.46569864e-07  5.46569864e-07  5.46569864e-07  5.45674671e-07  5.45674671e-07  5.05836592e-07  5.05836592e-07  7.05779183e-08  7.05779183e-08  1.44061663e-08  1.44061663e-08  1.65362554e-19  4.79101335e-21  2.83522720e-18  5.48990742e-19  5.45674671e-07  5.45674671e-07  5.45674671e-07  5.45674671e-07  3.12599203e-08  3.12599203e-08  3.15827415e-08  3.15827415e-08  4.94372546e-10  4.94372546e-10  3.33089602e-10  3.33089602e-10  2.44890358e-21  3.52412657e-23  3.99647051e-20  1.21655339e-20  3.12599203e-08  3.12599203e-08  3.12599203e-08  3.12599203e-08 
 3.80189396e+01  5.41326842e-07  5.41326842e-07  5.01045041e-07  5.01045041e-07  6.99004104e-08  6.99004104e-08  1.42451756e-08  1.42451756e-08  1.10424464e-19  3.19903455e-21  1.98280561e-18  3.68906143e-19  5.41326842e-07  5.41326842e-07  5.41326842e-07  5.41326842e-07  5.40422964e-07  5.40422964e-07  5.00046329e-07  5.00046329e-07  6.98986594e-08  6.98986594e-08  1.42412603e-08  1.42412603e-08  1.10412087e-19  3.19894615e-21  1.98260479e-18  3.68813822e-19  5.40422964e-07  5.40422964e-07  5.40422964e-07  5.40422964e-07  3.12599203e-08  3.12599203e-08  3.15827415e-08  3.15827415e-08  4.94372547e-10  4.94372547e-10  3.33089603e-10  3.33089603e-10  1.65101543e-21  2.37591580e-23  2.82179134e-20  8.25226836e-21  3.12599203e-08  3.12599203e-08  3.12599203e-08  3.12599203e-08 
 3.89045145e+01  5.36134447e-07  5.36134447e-07  4.95332599e-07  4.95332599e-07  6.92277059e-08  6.92277059e-08  1.40822026e-08  1.40822026e-08  2.24280527e-19  6.49747212e-21  3.65832057e-18  8.10507829e-19  5.36134447e-07  5.36134447e-07  5.36134447e-07  5.36134447e-07  5.35221801e-07  5.35221801e-07  4.94322346e-07  4.94322346e-07  6.92259378e-08  6.92259378e-08  1.40782420e-08  1.40782420e-08  2.24254897e-19  6.49728907e-21  3.65794283e-18  8.10301034e-19  5.35221801e-07  5.35221801e-07  5.35221801e-07  5.35221801e-07  3.12599203e-08  3.12599203e-08  3.15827415e-08  3.15827415e-08  4.94372549e-10  4.94372549e-10  3.33089604e-10  3.33089604e-10  3.38591811e-21  4.87255001e-23  5.25685089e-20  1.83068046e-20  3.12599203e-08  3.12599203e-08  3.12599203e-08  3.12599203e-08 
 3.98107171e+01  5.30992195e-07  5.30992195e-07  4.89685812e-07  4.89685812e-07  6.85614759e-08  6.85614759e-08  1.39210962e-08  1.39210962e-08  1.24741613e-19  3.61379408e-21  2.41496331e-18  5.17623034e-19  5.30992195e-07  5.30992195e-07  5.30992195e-07  5.30992195e-07  5.30070695e-07  5.30070695e-07  4.88663884e-07  4.88663884e-07  6.85596906e-08  6.85596906e-08  1.39170898e-08  1.39170898e-08  1.24727080e-19  3.61369028e-21  2.41470909e-18  5.17488388e-19  5.30070695e-07  5.30070695e-07  5.30070695e-07  5.30070695e-07  3.12599203e-08  3.12599203e-08  3.15827415e-08  3.15827415e-08  4.94372550e-10  4.94372550e-10  3.33089605e-10  3.33089605e-10  1.90149536e-21  2.73637141e-23  3.50391499e-20  1.18050210e-20  3.12599203e-08  3.12599203e-08  3.12599203e-08  3.12599203e-08 
 4.07380278e+01  5.25899604e-07  5.25899604e-07  4.84103931e-07  4.84103931e-07  6.79016582e-08  6.79016582e-08  1.37618350e-08  1.37618350e-08  1.50154028e-19  4.34999083e-21  2.66450826e-18  5.75381913e-19  5.25899604e-07  5.25899604e-07  5.25899604e-07  5.25899604e-07  5.24969165e-07  5.24969165e-07  4.83070195e-07  4.83070195e-07  6.78998555e-08  6.78998555e-08  1.37577822e-08  1.37577822e-08  1.50136193e-19  4.34986345e-21  2.66422229e-18  5.75229320e-19  5.24969165e-07  5.24969165e-07  5.24969165e-07  5.24969165e-07  3.12599203e-08  3.12599203e-08  3.15827415e-08  3.15827415e-08  4.94372552e-10  4.94372552e-10  3.33089606e-10  3.33089606e-10  2.31110625e-21  3.32582765e-23  3.90354511e-20  1.32497343e-20  3.12599203e-08  3.12599203e-08  3.12599203e-08  3.12599203e-08 
 4.16869383e+01  5.20856198e-07  5.20856198e-07  4.78586216e-07  4.78586216e-07  6.72481911e-08  6.72481911e-08  1.36043979e-08  1.36043979e-08  1.65473811e-19  4.79379967e-21  2.94633466e-18  6.13929061e-19  5.20856198e-07  5.20856198e-07  5.20856198e-07  5.20856198e-07  5.19916733e-07  5.19916733e-07  4.77540536e-07  4.77540536e-07  6.72463709e-08  6.72463709e-08  1.36002982e-08  1.36002982e-08  1.65453772e-19  4.79365655e-21  2.94601226e-18  6.13763068e-19  5.19916733e-07  5.19916733e-07  5.19916733e-07  5.19916733e-07  3.12599202e-08  3.12599202e-08  3.15827415e-08  3.15827415e-08  4.94372554e-10  4.94372554e-10  3.33089607e-10  3.33089607e-10  2.57164601e-21  3.70076094e-23  4.35836195e-20  1.42746972e-20  3.12599202e-08  3.12599202e-08  3.12599202e-08  3.12599202e-08 
 4.26579519e+01  5.15861504e-07  5.15861504e-07  4.73131936e-07  4.73131936e-07  6.66010135e-08  6.66010135e-08  1.34487641e-08  1.34487641e-08  1.10715919e-19  3.20745013e-21  2.35619904e-18  5.11567882e-19  5.15861504e-07  5.15861504e-07  5.15861504e-07  5.15861504e-07  5.14912927e-07  5.14912927e-07  4.72074175e-07  4.72074175e-07  6.65991756e-08  6.65991756e-08  1.34446169e-08  1.34446169e-08  1.10702249e-19  3.20735250e-21  2.35593618e-18  5.11426864e-19  5.14912927e-07  5.14912927e-07  5.14912927e-07  5.14912927e-07  3.12599202e-08  3.12599202e-08  3.15827415e-08  3.15827415e-08  4.94372555e-10  4.94372555e-10  3.33089609e-10  3.33089609e-10  1.73736457e-21  2.50017731e-23  3.51926741e-20  1.20101848e-20  3.12599202e-08  3.12599202e-08  3.12599202e-08  3.12599202e-08 
 4.36515832e+01  5.10915057e-07  5.10915057e-07  4.67740368e-07  4.67740368e-07  6.59600648e-08  6.59600648e-08  1.32949129e-08  1.32949129e-08  1.53928676e-19  4.45931846e-21  2.87509279e-18  6.59198804e-19  5.10915057e-07  5.10915057e-07  5.10915057e-07  5.10915057e-07  5.09957279e-07  5.09957279e-07  4.66670386e-07  4.66670386e-07  6.59582091e-08  6.59582091e-08  1.32907177e-08  1.32907177e-08  1.53909300e-19  4.45918008e-21  2.87476578e-18  6.59013543e-19  5.09957279e-07  5.09957279e-07  5.09957279e-07  5.09957279e-07  3.12599202e-08  3.12599202e-08  3.15827415e-08  3.15827415e-08  4.94372557e-10  4.94372557e-10  3.33089610e-10  3.33089610e-10  2.43893024e-21  3.50977380e-23  4.33601936e-20  1.56264560e-20  3.12599202e-08  3.12599202e-08  3.12599202e-08  3.12599202e-08 
 4.46683592e+01  5.06016393e-07  5.06016393e-07  4.62410797e-07  4.62410797e-07  6.53252851e-08  6.53252851e-08  1.31428239e-08  1.31428239e-08  3.02203598e-20  8.75482015e-22  1.42212176e-18  3.33462185e-19  5.06016393e-07  5.06016393e-07  5.06016393e-07  5.06016393e-07  5.05049325e-07  5.05049325e-07  4.61328455e-07  4.61328455e-07  6.53234114e-08  6.53234114e-08  1.31385802e-08  1.31385802e-08  3.02164815e-20  8.75454315e-22  1.42195685e-18  3.33366639e-19  5.05049325e-07  5.05049325e-07  5.05049325e-07  5.05049325e-07  3.12599202e-08  3.12599202e-08  3.15827415e-08  3.15827415e-08  4.94372559e-10  4.94372559e-10  3.33089611e-10  3.33089611e-10  4.83479881e-22  6.95757032e-24  2.16558464e-20  7.98156934e-21  3.12599202e-08  3.12599202e-08  3.12599202e-08  3.12599202e-08 
 4.57088190e+01  5.01165054e-07  5.01165054e-07  4.57142517e-07  4.57142517e-07  6.46966151e-08  6.46966151e-08  1.29924770e-08  1.29924770e-08  2.12782225e-19  6.16428588e-21  3.48246345e-18  7.98835163e-19  5.01165054e-07  5.01165054e-07  5.01165054e-07  5.01165054e-07  5.00188606e-07  5.00188606e-07  4.56047671e-07  4.56047671e-07  6.46947231e-08  6.46947231e-08  1.29881842e-08  1.29881842e-08  2.12754385e-19  6.16408704e-21  3.48205174e-18  7.98601808e-19  5.00188606e-07  5.00188606e-07  5.00188606e-07  5.00188606e-07  3.12599202e-08  3.12599202e-08  3.15827415e-08  3.15827415e-08  4.94372561e-10  4.94372561e-10  3.33089613e-10  3.33089613e-10  3.43726515e-21  4.94644152e-23  5.35456217e-20  1.93061841e-20  3.12599202e-08  3.12599202e-08  3.12599202e-08  3.12599202e-08 
 4.67735141e+01  4.96360586e-07  4.96360586e-07  4.51934830e-07  4.51934830e-07  6.40739959e-08  6.40739959e-08  1.28438523e-08  1.28438523e-08  2.00366325e-19  5.80458684e-21  3.40903338e-18  7.86243110e-19  4.96360586e-07  4.96360586e-07  4.96360586e-07  4.96360586e-07  4.95374668e-07  4.95374668e-07  4.50827337e-07  4.50827337e-07  6.40720856e-08  6.40720856e-08  1.28395097e-08  1.28395097e-08  2.00339597e-19  5.80439595e-21  3.40862248e-18  7.86008950e-19  4.95374668e-07  4.95374668e-07  4.95374668e-07  4.95374668e-07  3.12599202e-08  3.12599202e-08  3.15827415e-08  3.15827415e-08  4.94372564e-10  4.94372564e-10  3.33089614e-10  3.33089614e-10  3.26814496e-21  4.70306679e-23  5.29258265e-20  1.91864067e-20  3.12599202e-08  3.12599202e-08  3.12599202e-08  3.12599202e-08 
 4.78630092e+01  4.91602541e-07  4.91602541e-07  4.46787044e-07  4.46787044e-07  6.34573693e-08  6.34573693e-08  1.26969299e-08  1.26969299e-08  3.17478825e-19  9.19730190e-21  5.09579843e-18  1.25324414e-18  4.91602541e-07  4.91602541e-07  4.91602541e-07  4.91602541e-07  4.90607061e-07  4.90607061e-07  4.45666759e-07  4.45666759e-07  6.34554404e-08  6.34554404e-08  1.26925371e-08  1.26925371e-08  3.17435648e-19  9.19699352e-21  5.09517223e-18  1.25286361e-18  4.90607061e-07  4.90607061e-07  4.90607061e-07  4.90607061e-07  3.12599202e-08  3.12599202e-08  3.15827415e-08  3.15827415e-08  4.94372566e-10  4.94372566e-10  3.33089616e-10  3.33089616e-10  5.22865770e-21  7.52436747e-23  7.98817580e-20  3.08794779e-20  3.12599202e-08  3.12599202e-08  3.12599202e-08  3.12599202e-08 
 4.89778819e+01  4.86890472e-07  4.86890472e-07  4.41698478e-07  4.41698478e-07  6.28466776e-08  6.28466776e-08  1.25516906e-08  1.25516906e-08  3.51709344e-19  1.01889343e-20  5.13550302e-18  1.22981992e-18  4.86890472e-07  4.86890472e-07  4.86890472e-07  4.86890472e-07  4.85885339e-07  4.85885339e-07  4.40565254e-07  4.40565254e-07  6.28447300e-08  6.28447300e-08  1.25472469e-08  1.25472469e-08  3.51660578e-19  1.01885860e-20  5.13485962e-18  1.22943922e-18  4.85885339e-07  4.85885339e-07  4.85885339e-07  4.85885339e-07  3.12599202e-08  3.12599202e-08  3.15827414e-08  3.15827414e-08  4.94372568e-10  4.94372568e-10  3.33089617e-10  3.33089617e-10  5.84868458e-21  8.41662602e-23  8.12862933e-20  3.05966033e-20  3.12599202e-08  3.12599202e-08  3.12599202e-08  3.12599202e-08 
 5.01187234e+01  4.82223939e-07  4.82223939e-07  4.36668457e-07  4.36668457e-07  6.22418638e-08  6.22418638e-08  1.24081149e-08  1.24081149e-08  2.24262867e-19  6.49682677e-21  3.41091906e-18  7.94414178e-19  4.82223939e-07  4.82223939e-07  4.82223939e-07  4.82223939e-07  4.81209059e-07  4.81209059e-07  4.35522145e-07  4.35522145e-07  6.22398972e-08  6.22398972e-08  1.24036198e-08  1.24036198e-08  2.24231165e-19  6.49660034e-21  3.41048337e-18  7.94163457e-19  4.81209059e-07  4.81209059e-07  4.81209059e-07  4.81209059e-07  3.12599202e-08  3.12599202e-08  3.15827414e-08  3.15827414e-08  4.94372571e-10  4.94372571e-10  3.33089619e-10  3.33089619e-10  3.76556794e-21  5.41888915e-23  5.45135772e-20  1.99561175e-20  3.12599202e-08  3.12599202e-08  3.12599202e-08  3.12599202e-08 
 5.12861384e+01  4.77602507e-07  4.77602507e-07  4.31696314e-07  4.31696314e-07  6.16428712e-08  6.16428712e-08  1.22661840e-08  1.22661840e-08  2.73376362e-19  7.91961440e-21  4.26726405e-18  9.83507926e-19  4.77602507e-07  4.77602507e-07  4.77602507e-07  4.77602507e-07  4.76577785e-07  4.76577785e-07  4.30536764e-07  4.30536764e-07  6.16408855e-08  6.16408855e-08  1.22616368e-08  1.22616368e-08  2.73336962e-19  7.91933299e-21  4.26670834e-18  9.83191466e-19  4.76577785e-07  4.76577785e-07  4.76577785e-07  4.76577785e-07  3.12599202e-08  3.12599202e-08  3.15827414e-08  3.15827414e-08  4.94372573e-10  4.94372573e-10  3.33089621e-10  3.33089621e-10  4.63482006e-21  6.66979861e-23  6.88623283e-20  2.49461916e-20  3.12599202e-08  3.12599202e-08  3.12599202e-08  3.12599202e-08 
 5.24807460e+01  4.73025742e-07  4.73025742e-07  4.26781391e-07  4.26781391e-07  6.10496439e-08  6.10496439e-08  1.21258789e-08  1.21258789e-08  3.08730032e-19  8.94377767e-21  4.89291791e-18  1.19550602e-18  4.73025742e-07  4.73025742e-07  4.73025742e-07  4.73025742e-07  4.71991083e-07  4.71991083e-07  4.25608450e-07  4.25608450e-07  6.10476389e-08  6.10476389e-08  1.21212791e-08  1.21212791e-08  3.08684668e-19  8.94345366e-21  4.89226828e-18  1.19511383e-18  4.71991083e-07  4.71991083e-07  4.71991083e-07  4.71991083e-07  3.12599202e-08  3.12599202e-08  3.15827414e-08  3.15827414e-08  4.94372576e-10  4.94372576e-10  3.33089623e-10  3.33089623e-10  5.28505577e-21  7.60552814e-23  7.97258228e-20  3.06179019e-20  3.12599202e-08  3.12599202e-08  3.12599202e-08  3.12599202e-08 
 5.37031796e+01  4.68493216e-07  4.68493216e-07  4.21923035e-07  4.21923035e-07  6.04621263e-08  6.04621263e-08  1.19871811e-08  1.19871811e-08  1.64507448e-19  4.76570061e-21  2.76122145e-18  6.10453786e-19  4.68493216e-07  4.68493216e-07  4.68493216e-07  4.68493216e-07  4.67448526e-07  4.67448526e-07  4.20736551e-07  4.20736551e-07  6.04601018e-08  6.04601018e-08  1.19825280e-08  1.19825280e-08  1.64482804e-19  4.76552460e-21  2.76084769e-18  6.10249620e-19  4.67448526e-07  4.67448526e-07  4.67448526e-07  4.67448526e-07  3.12599202e-08  3.12599202e-08  3.15827414e-08  3.15827414e-08  4.94372579e-10  4.94372579e-10  3.33089625e-10  3.33089625e-10  2.84351167e-21  4.09199253e-23  4.54287925e-20  1.57860572e-20  3.12599202e-08  3.12599202e-08  3.12599202e-08  3.12599202e-08 
 5.49540874e+01  4.64004506e-07  4.64004506e-07  4.17120603e-07  4.17120603e-07  5.98802635e-08  5.98802635e-08  1.18500721e-08  1.18500721e-08  1.22444376e-19  3.54714614e-21  2.32772646e-18  5.23102454e-19  4.64004506e-07  4.64004506e-07  4.64004506e-07  4.64004506e-07  4.62949686e-07  4.62949686e-07  4.15920419e-07  4.15920419e-07  5.98782194e-08  5.98782194e-08  1.18453652e-08  1.18453652e-08  1.22425675e-19  3.54701258e-21  2.32740523e-18  5.22924087e-19  4.62949686e-07  4.62949686e-07  4.62949686e-07  4.62949686e-07  3.12599202e-08  3.12599202e-08  3.15827414e-08  3.15827414e-08  4.94372582e-10  4.94372582e-10  3.33089627e-10  3.33089627e-10  2.13701231e-21  3.07529544e-23  3.86688050e-20  1.36585564e-20  3.12599202e-08  3.12599202e-08  3.12599202e-08  3.12599202e-08 
 5.62341325e+01  4.59559191e-07  4.59559191e-07  4.12373458e-07  4.12373458e-07  5.93040011e-08  5.93040011e-08  1.17145339e-08  1.17145339e-08  1.38114907e-19  4.00110462e-21  2.36591063e-18  4.88856111e-19  4.59559191e-07  4.59559191e-07  4.59559191e-07  4.59559191e-07  4.58494145e-07  4.58494145e-07  4.11159417e-07  4.11159417e-07  5.93019371e-08  5.93019371e-08  1.17097725e-08  1.17097725e-08  1.38093400e-19  4.00095102e-21  2.36557774e-18  4.88686168e-19  4.58494145e-07  4.58494145e-07  4.58494145e-07  4.58494145e-07  3.12599202e-08  3.12599202e-08  3.15827414e-08  3.15827414e-08  4.94372585e-10  4.94372585e-10  3.33089629e-10  3.33089629e-10  2.43392639e-21  3.50257425e-23  3.96849622e-20  1.28883167e-20  3.12599202e-08  3.12599202e-08  3.12599202e-08  3.12599202e-08 
 5.75439937e+01  4.55156857e-07  4.55156857e-07  4.07680971e-07  4.07680971e-07  5.87332851e-08  5.87332851e-08  1.15805484e-08  1.15805484e-08  3.35054503e-20  9.70629915e-22  8.82677816e-19  8.04236238e-20  4.55156857e-07  4.55156857e-07  4.55156857e-07  4.55156857e-07  4.54081485e-07  4.54081485e-07  4.06452914e-07  4.06452914e-07  5.87312011e-08  5.87312011e-08  1.15757320e-08  1.15757320e-08  3.35001312e-20  9.70591925e-22  8.82551199e-19  8.03951200e-20  4.54081485e-07  4.54081485e-07  4.54081485e-07  4.54081485e-07  3.12599202e-08  3.12599202e-08  3.15827414e-08  3.15827414e-08  4.94372589e-10  4.94372589e-10  3.33089631e-10  3.33089631e-10  5.96184971e-22  8.57947652e-24  1.49495684e-20  2.14089734e-21  3.12599202e-08  3.12599202e-08  3.12599202e-08  3.12599202e-08 
 5.88843655e+01  4.50797090e-07  4.50797090e-07  4.03042519e-07  4.03042519e-07  5.81680623e-08  5.81680623e-08  1.14480980e-08  1.14480980e-08  2.69130806e-19  7.79651780e-21  3.81532166e-18  8.55829259e-19  4.50797090e-07  4.50797090e-07  4.50797090e-07  4.50797090e-07  4.49711293e-07  4.49711293e-07  4.01800286e-07  4.01800286e-07  5.81659580e-08  5.81659580e-08  1.14432257e-08  1.14432257e-08  2.69087246e-19  7.79620668e-21  3.81476368e-18  8.55520015e-19  4.49711293e-07  4.49711293e-07  4.49711293e-07  4.49711293e-07  3.12599202e-08  3.12599202e-08  3.15827414e-08  3.15827414e-08  4.94372592e-10  4.94372592e-10  3.33089633e-10  3.33089633e-10  4.83534681e-21  6.95836908e-23  6.52463746e-20  2.30036276e-20  3.12599202e-08  3.12599202e-08  3.12599202e-08  3.12599202e-08 
 6.02559586e+01  4.46479484e-07  4.46479484e-07  3.98457489e-07  3.98457489e-07  5.76082798e-08  5.76082798e-08  1.13171649e-08  1.13171649e-08  1.60959073e-19  4.66285162e-21  2.77935496e-18  6.08383011e-19  4.46479484e-07  4.46479484e-07  4.46479484e-07  4.46479484e-07  4.45383162e-07  4.45383162e-07  3.97200916e-07  3.97200916e-07  5.76061550e-08  5.76061550e-08  1.13122363e-08  1.13122363e-08  1.60932512e-19  4.66266192e-21  2.77894055e-18  6.08158888e-19  4.45383162e-07  4.45383162e-07  4.45383162e-07  4.45383162e-07  3.12599202e-08  3.12599202e-08  3.15827414e-08  3.15827414e-08  4.94372596e-10  4.94372596e-10  3.33089636e-10  3.33089636e-10  2.91996944e-21  4.20201930e-23  4.79919063e-20  1.65113739e-20  3.12599202e-08  3.12599202e-08  3.12599202e-08  3.12599202e-08 
 6.16595002e+01  4.42203635e-07  4.42203635e-07  3.93925271e-07  3.93925271e-07  5.70538851e-08  5.70538851e-08  1.11877319e-08  1.11877319e-08  2.29026443e-19  6.63469274e-21  3.33312966e-18  7.22424936e-19  4.42203635e-07  4.42203635e-07  4.42203635e-07  4.42203635e-07  4.41096685e-07  4.41096685e-07  3.92654195e-07  3.92654195e-07  5.70517397e-08  5.70517397e-08  1.11827463e-08  1.11827463e-08  2.28987913e-19  6.63441755e-21  3.33262298e-18  7.22153606e-19  4.41096685e-07  4.41096685e-07  4.41096685e-07  4.41096685e-07  3.12599202e-08  3.12599202e-08  3.15827414e-08  3.15827414e-08  4.94372600e-10  4.94372600e-10  3.33089638e-10  3.33089638e-10  4.19514594e-21  6.03707981e-23  5.81132187e-20  1.97968339e-20  3.12599202e-08  3.12599202e-08  3.12599202e-08  3.12599202e-08 
 6.30957344e+01  4.37969142e-07  4.37969142e-07  3.89445266e-07  3.89445266e-07  5.65048265e-08  5.65048265e-08  1.10597819e-08  1.10597819e-08  1.60922390e-19  4.66176745e-21  2.97496974e-18  7.23654149e-19  4.37969142e-07  4.37969142e-07  4.37969142e-07  4.37969142e-07  4.36851462e-07  4.36851462e-07  3.88159519e-07  3.88159519e-07  5.65026603e-08  5.65026603e-08  1.10547385e-08  1.10547385e-08  1.60894789e-19  4.66157031e-21  2.97450867e-18  7.23377053e-19  4.36851462e-07  4.36851462e-07  4.36851462e-07  4.36851462e-07  3.12599202e-08  3.12599202e-08  3.15827414e-08  3.15827414e-08  4.94372604e-10  4.94372604e-10  3.33089641e-10  3.33089641e-10  2.97629855e-21  4.28308167e-23  5.23725820e-20  2.00230800e-20  3.12599202e-08  3.12599202e-08  3.12599202e-08  3.12599202e-08 
 6.45654229e+01  4.33775610e-07  4.33775610e-07  3.85016878e-07  3.85016878e-07  5.59610526e-08  5.59610526e-08  1.09332978e-08  1.09332978e-08  2.03242054e-19  5.88771232e-21  3.15074476e-18  6.90326730e-19  4.33775610e-07  4.33775610e-07  4.33775610e-07  4.33775610e-07  4.32647096e-07  4.32647096e-07  3.83716294e-07  3.83716294e-07  5.59588653e-08  5.59588653e-08  1.09281961e-08  1.09281961e-08  2.03206514e-19  5.88745848e-21  3.15024691e-18  6.90057235e-19  4.32647096e-07  4.32647096e-07  4.32647096e-07  4.32647096e-07  3.12599201e-08  3.12599201e-08  3.15827414e-08  3.15827414e-08  4.94372608e-10  4.94372608e-10  3.33089644e-10  3.33089644e-10  3.79552748e-21  5.46200350e-23  5.60058432e-20  1.92864044e-20  3.12599201e-08  3.12599201e-08  3.12599201e-08  3.12599201e-08 
 6.60693448e+01  4.29622645e-07  4.29622645e-07  3.80639523e-07  3.80639523e-07  5.54225125e-08  5.54225125e-08  1.08082629e-08  1.08082629e-08  1.81755922e-19  5.26526745e-21  2.91074170e-18  6.68544523e-19  4.29622645e-07  4.29622645e-07  4.29622645e-07  4.29622645e-07  4.28483195e-07  4.28483195e-07  3.79323930e-07  3.79323930e-07  5.54203039e-08  5.54203039e-08  1.08031021e-08  1.08031021e-08  1.81723518e-19  5.26503601e-21  2.91027280e-18  6.68278438e-19  4.28483195e-07  4.28483195e-07  4.28483195e-07  4.28483195e-07  3.12599201e-08  3.12599201e-08  3.15827414e-08  3.15827414e-08  4.94372612e-10  4.94372612e-10  3.33089647e-10  3.33089647e-10  3.42724895e-21  4.93202719e-23  5.22423189e-20  1.88592146e-20  3.12599201e-08  3.12599201e-08  3.12599201e-08  3.12599201e-08 
 6.76082975e+01  4.25509861e-07  4.25509861e-07  3.76312618e-07  3.76312618e-07  5.48891559e-08  5.48891559e-08  1.06846607e-08  1.06846607e-08  1.80802751e-19  5.23764263e-21  2.84235332e-18  6.07195531e-19  4.25509861e-07  4.25509861e-07  4.25509861e-07  4.25509861e-07  4.24359367e-07  4.24359367e-07  3.74981845e-07  3.74981845e-07  5.48869259e-08  5.48869259e-08  1.06794402e-08  1.06794402e-08  1.80769888e-19  5.23740790e-21  2.84188649e-18  6.06949146e-19  4.24359367e-07  4.24359367e-07  4.24359367e-07  4.24359367e-07  3.12599201e-08  3.12599201e-08  3.15827414e-08  3.15827414e-08  4.94372617e-10  4.94372617e-10  3.33089650e-10  3.33089650e-10  3.44239422e-21  4.95382335e-23  5.15104653e-20  1.72949161e-20  3.12599201e-08  3.12599201e-08  3.12599201e-08  3.12599201e-08 
 6.91830971e+01  4.21436872e-07  4.21436872e-07  3.72035590e-07  3.72035590e-07  5.43609328e-08  5.43609328e-08  1.05624747e-08  1.05624747e-08  2.25393189e-19  6.52935669e-21  3.35251100e-18  7.17251950e-19  4.21436872e-07  4.21436872e-07  4.21436872e-07  4.21436872e-07  4.20275229e-07  4.20275229e-07  3.70689463e-07  3.70689463e-07  5.43586812e-08  5.43586812e-08  1.05571937e-08  1.05571937e-08  2.25351421e-19  6.52905836e-21  3.35194964e-18  7.16955226e-19  4.20275229e-07  4.20275229e-07  4.20275229e-07  4.20275229e-07  3.12599201e-08  3.12599201e-08  3.15827413e-08  3.15827413e-08  4.94372621e-10  4.94372621e-10  3.33089653e-10  3.33089653e-10  4.33306112e-21  6.23554858e-23  6.13459971e-20  2.06280506e-20  3.12599201e-08  3.12599201e-08  3.12599201e-08  3.12599201e-08 
 7.07945784e+01  4.17403297e-07  4.17403297e-07  3.67807873e-07  3.67807873e-07  5.38377940e-08  5.38377940e-08  1.04416887e-08  1.04416887e-08  1.04799969e-19  3.03591361e-21  2.26768899e-18  5.49990294e-19  4.17403297e-07  4.17403297e-07  4.17403297e-07  4.17403297e-07  4.16230397e-07  4.16230397e-07  3.66446215e-07  3.66446215e-07  5.38355205e-08  5.38355205e-08  1.04363466e-08  1.04363466e-08  1.04780169e-19  3.03577220e-21  2.26730186e-18  5.49758325e-19  4.16230397e-07  4.16230397e-07  4.16230397e-07  4.16230397e-07  3.12599201e-08  3.12599201e-08  3.15827413e-08  3.15827413e-08  4.94372627e-10  4.94372627e-10  3.33089657e-10  3.33089657e-10  2.03429350e-21  2.92747568e-23  4.18984629e-20  1.59712155e-20  3.12599201e-08  3.12599201e-08  3.12599201e-08  3.12599201e-08 
 7.24435960e+01  4.13408759e-07  4.13408759e-07  3.63628905e-07  3.63628905e-07  5.33196904e-08  5.33196904e-08  1.03222868e-08  1.03222868e-08  1.56838208e-19  4.54337991e-21  2.52267646e-18  5.55874891e-19  4.13408759e-07  4.13408759e-07  4.13408759e-07  4.13408759e-07  4.12224493e-07  4.12224493e-07  3.62251540e-07  3.62251540e-07  5.33173948e-08  5.33173948e-08  1.03168829e-08  1.03168829e-08  1.56807998e-19  4.54316414e-21  2.52223739e-18  5.55635864e-19  4.12224493e-07  4.12224493e-07  4.12224493e-07  4.12224493e-07  3.12599201e-08  3.12599201e-08  3.15827413e-08  3.15827413e-08  4.94372632e-10  4.94372632e-10  3.33089660e-10  3.33089660e-10  3.07399194e-21  4.42366819e-23  4.70624688e-20  1.62988298e-20  3.12599201e-08  3.12599201e-08  3.12599201e-08  3.12599201e-08 
 7.41310241e+01  4.09452885e-07  4.09452885e-07  3.59498134e-07  3.59498134e-07  5.28065736e-08  5.28065736e-08  1.02042530e-08  1.02042530e-08  2.15589532e-19  6.24530424e-21  3.43766738e-18  8.18534027e-19  4.09452885e-07  4.09452885e-07  4.09452885e-07  4.09452885e-07  4.08257144e-07  4.08257144e-07  3.58104881e-07  3.58104881e-07  5.28042557e-08  5.28042557e-08  1.01987866e-08  1.01987866e-08  2.15547195e-19  6.24500185e-21  3.43705738e-18  8.18175187e-19  4.08257144e-07  4.08257144e-07  4.08257144e-07  4.08257144e-07  3.12599201e-08  3.12599201e-08  3.15827413e-08  3.15827413e-08  4.94372637e-10  4.94372637e-10  3.33089664e-10  3.33089664e-10  4.26655050e-21  6.13983482e-23  6.47553311e-20  2.42332944e-20  3.12599201e-08  3.12599201e-08  3.12599201e-08  3.12599201e-08 
 7.58577575e+01  4.05535303e-07  4.05535303e-07  3.55415011e-07  3.55415011e-07  5.22983957e-08  5.22983957e-08  1.00875719e-08  1.00875719e-08  1.25374106e-19  3.63188796e-21  2.40646062e-18  5.64084646e-19  4.05535303e-07  4.05535303e-07  4.05535303e-07  4.05535303e-07  4.04327977e-07  4.04327977e-07  3.54005688e-07  3.54005688e-07  5.22960552e-08  5.22960552e-08  1.00820422e-08  1.00820422e-08  1.25349005e-19  3.63170867e-21  2.40602526e-18  5.63832529e-19  4.04327977e-07  4.04327977e-07  4.04327977e-07  4.04327977e-07  3.12599201e-08  3.12599201e-08  3.15827413e-08  3.15827413e-08  4.94372643e-10  4.94372643e-10  3.33089668e-10  3.33089668e-10  2.50527500e-21  3.60524779e-23  4.57708448e-20  1.68622794e-20  3.12599201e-08  3.12599201e-08  3.12599201e-08  3.12599201e-08 
 7.76247117e+01  4.01655649e-07  4.01655649e-07  3.51378994e-07  3.51378994e-07  5.17951090e-08  5.17951090e-08  9.97222780e-09  9.97222780e-09  1.68063945e-19  4.86853234e-21  2.83135115e-18  6.45749864e-19  4.01655649e-07  4.01655649e-07  4.01655649e-07  4.01655649e-07  4.00436625e-07  4.00436625e-07  3.49953418e-07  3.49953418e-07  5.17927458e-08  5.17927458e-08  9.96663411e-09  9.96663411e-09  1.68029639e-19  4.86828732e-21  2.83082893e-18  6.45455614e-19  4.00436625e-07  4.00436625e-07  4.00436625e-07  4.00436625e-07  3.12599201e-08  3.12599201e-08  3.15827413e-08  3.15827413e-08  4.94372649e-10  4.94372649e-10  3.33089672e-10  3.33089672e-10  3.39094238e-21  4.87978085e-23  5.43753882e-20  1.94909289e-20  3.12599201e-08  3.12599201e-08  3.12599201e-08  3.12599201e-08 
 7.94328235e+01  3.97813558e-07  3.97813558e-07  3.47389550e-07  3.47389550e-07  5.12966666e-08  5.12966666e-08  9.85820555e-09  9.85820555e-09  1.53908383e-19  4.45845406e-21  2.47355198e-18  5.44640968e-19  3.97813558e-07  3.97813558e-07  3.97813558e-07  3.97813558e-07  3.96582725e-07  3.96582725e-07  3.45947535e-07  3.45947535e-07  5.12942804e-08  5.12942804e-08  9.85254712e-09  9.85254712e-09  1.53876353e-19  4.45822529e-21  2.47308684e-18  5.44387947e-19  3.96582725e-07  3.96582725e-07  3.96582725e-07  3.96582725e-07  3.12599200e-08  3.12599200e-08  3.15827413e-08  3.15827413e-08  4.94372655e-10  4.94372655e-10  3.33089676e-10  3.33089676e-10  3.13549708e-21  4.51217701e-23  4.79654046e-20  1.65987221e-20  3.12599200e-08  3.12599200e-08  3.12599200e-08  3.12599200e-08 
 8.12830516e+01  3.94008672e-07  3.94008672e-07  3.43446148e-07  3.43446148e-07  5.08030217e-08  5.08030217e-08  9.74548998e-09  9.74548998e-09  8.50100432e-20  2.46258383e-21  1.40573942e-18  2.71891376e-19  3.94008672e-07  3.94008672e-07  3.94008672e-07  3.94008672e-07  3.92765915e-07  3.92765915e-07  3.41987506e-07  3.41987506e-07  5.08006123e-08  5.08006123e-08  9.73976608e-09  9.73976608e-09  8.49920065e-20  2.46245501e-21  1.40546992e-18  2.71762600e-19  3.92765915e-07  3.92765915e-07  3.92765915e-07  3.92765915e-07  3.12599200e-08  3.12599200e-08  3.15827413e-08  3.15827413e-08  4.94372662e-10  4.94372662e-10  3.33089680e-10  3.33089680e-10  1.74868908e-21  2.51647384e-23  2.75239209e-20  8.36673169e-21  3.12599200e-08  3.12599200e-08  3.12599200e-08  3.12599200e-08 
 8.31763771e+01  3.90240634e-07  3.90240634e-07  3.39548267e-07  3.39548267e-07  5.03141283e-08  5.03141283e-08  9.63406618e-09  9.63406618e-09  2.39193052e-19  6.92895924e-21  3.36482497e-18  7.24999857e-19  3.90240634e-07  3.90240634e-07  3.90240634e-07  3.90240634e-07  3.88985840e-07  3.88985840e-07  3.38072807e-07  3.38072807e-07  5.03116955e-08  5.03116955e-08  9.62827603e-09  9.62827603e-09  2.39141311e-19  6.92858968e-21  3.36416729e-18  7.24649772e-19  3.88985840e-07  3.88985840e-07  3.88985840e-07  3.88985840e-07  3.12599200e-08  3.12599200e-08  3.15827412e-08  3.15827412e-08  4.94372669e-10  4.94372669e-10  3.33089685e-10  3.33089685e-10  4.96808618e-21  7.14938952e-23  6.65221579e-20  2.25265308e-20  3.12599200e-08  3.12599200e-08  3.12599200e-08  3.12599200e-08 
 8.51138038e+01  3.86509093e-07  3.86509093e-07  3.35695388e-07  3.35695388e-07  4.98299406e-08  4.98299406e-08  9.52391936e-09  9.52391936e-09  1.55596496e-19  4.50731431e-21  2.52667439e-18  5.55753220e-19  3.86509093e-07  3.86509093e-07  3.86509093e-07  3.86509093e-07  3.85242144e-07  3.85242144e-07  3.34202920e-07  3.34202920e-07  4.98274842e-08  4.98274842e-08  9.51806221e-09  9.51806221e-09  1.55562181e-19  4.50706921e-21  2.52617088e-18  5.55479624e-19  3.85242144e-07  3.85242144e-07  3.85242144e-07  3.85242144e-07  3.12599200e-08  3.12599200e-08  3.15827412e-08  3.15827412e-08  4.94372676e-10  4.94372676e-10  3.33089690e-10  3.33089690e-10  3.26316128e-21  4.69589464e-23  5.04372583e-20  1.74354952e-20  3.12599200e-08  3.12599200e-08  3.12599200e-08  3.12599200e-08 
 8.70963590e+01  3.82813699e-07  3.82813699e-07  3.31887003e-07  3.31887003e-07  4.93504133e-08  4.93504133e-08  9.41503493e-09  9.41503493e-09  1.90125192e-19  5.50752298e-21  2.82726476e-18  6.07851277e-19  3.82813699e-07  3.82813699e-07  3.82813699e-07  3.82813699e-07  3.81534479e-07  3.81534479e-07  3.30377330e-07  3.30377330e-07  4.93479330e-08  4.93479330e-08  9.40911000e-09  9.40911000e-09  1.90082444e-19  5.50721765e-21  2.82669036e-18  6.07546192e-19  3.81534479e-07  3.81534479e-07  3.81534479e-07  3.81534479e-07  3.12599200e-08  3.12599200e-08  3.15827412e-08  3.15827412e-08  4.94372684e-10  4.94372684e-10  3.33089695e-10  3.33089695e-10  4.02602550e-21  5.79370472e-23  5.69858438e-20  1.92550858e-20  3.12599200e-08  3.12599200e-08  3.12599200e-08  3.12599200e-08 
 8.91250938e+01  3.79154107e-07  3.79154107e-07  3.28122605e-07  3.28122605e-07  4.88755016e-08  4.88755016e-08  9.30739845e-09  9.30739845e-09  1.97145171e-19  5.71085725e-21  3.20050505e-18  7.61702676e-19  3.79154107e-07  3.79154107e-07  3.79154107e-07  3.79154107e-07  3.77862498e-07  3.77862498e-07  3.26595532e-07  3.26595532e-07  4.88729972e-08  4.88729972e-08  9.30140495e-09  9.30140495e-09  1.97099979e-19  5.71053447e-21  3.19984212e-18  7.61312912e-19  3.77862498e-07  3.77862498e-07  3.77862498e-07  3.77862498e-07  3.12599200e-08  3.12599200e-08  3.15827412e-08  3.15827412e-08  4.94372692e-10  4.94372692e-10  3.33089701e-10  3.33089701e-10  4.21522821e-21  6.06597860e-23  6.51354317e-20  2.43629206e-20  3.12599200e-08  3.12599200e-08  3.12599200e-08  3.12599200e-08 
 9.12010839e+01  3.75529973e-07  3.75529973e-07  3.24401696e-07  3.24401696e-07  4.84051610e-08  4.84051610e-08  9.20099566e-09  9.20099566e-09  5.53676630e-20  1.60386985e-21  1.29929671e-18  2.58944439e-19  3.75529973e-07  3.75529973e-07  3.75529973e-07  3.75529973e-07  3.74225856e-07  3.74225856e-07  3.22857024e-07  3.22857024e-07  4.84026323e-08  4.84026323e-08  9.19493281e-09  9.19493281e-09  5.53547232e-20  1.60377743e-21  1.29902233e-18  2.58809351e-19  3.74225856e-07  3.74225856e-07  3.74225856e-07  3.74225856e-07  3.12599200e-08  3.12599200e-08  3.15827412e-08  3.15827412e-08  4.94372700e-10  4.94372700e-10  3.33089706e-10  3.33089706e-10  1.19533380e-21  1.72015750e-23  2.66996372e-20  8.36269231e-21  3.12599200e-08  3.12599200e-08  3.12599200e-08  3.12599200e-08 
 9.33254301e+01  3.71940960e-07  3.71940960e-07  3.20723781e-07  3.20723781e-07  4.79393477e-08  4.79393477e-08  9.09581245e-09  9.09581245e-09  1.10733522e-19  3.20768288e-21  1.72119647e-18  3.33012230e-19  3.71940960e-07  3.71940960e-07  3.71940960e-07  3.71940960e-07  3.70624215e-07  3.70624215e-07  3.19161310e-07  3.19161310e-07  4.79367944e-08  4.79367944e-08  9.08967944e-09  9.08967944e-09  1.10707138e-19  3.20749443e-21  1.72082590e-18  3.32835112e-19  3.70624215e-07  3.70624215e-07  3.70624215e-07  3.70624215e-07  3.12599199e-08  3.12599199e-08  3.15827412e-08  3.15827412e-08  4.94372709e-10  4.94372709e-10  3.33089712e-10  3.33089712e-10  2.41384921e-21  3.47368176e-23  3.57129461e-20  1.08591364e-20  3.12599199e-08  3.12599199e-08  3.12599199e-08  3.12599199e-08 
 9.54992586e+01  3.68386732e-07  3.68386732e-07  3.17088375e-07  3.17088375e-07  4.74780179e-08  4.74780179e-08  8.99183489e-09  8.99183489e-09  1.63848648e-19  4.74628191e-21  2.58722685e-18  5.90951077e-19  3.68386732e-07  3.68386732e-07  3.68386732e-07  3.68386732e-07  3.67057236e-07  3.67057236e-07  3.15507900e-07  3.15507900e-07  4.74754398e-08  4.74754398e-08  8.98563091e-09  8.98563091e-09  1.63808845e-19  4.74599761e-21  2.58665894e-18  5.90630636e-19  3.67057236e-07  3.67057236e-07  3.67057236e-07  3.67057236e-07  3.12599199e-08  3.12599199e-08  3.15827411e-08  3.15827411e-08  4.94372718e-10  4.94372718e-10  3.33089718e-10  3.33089718e-10  3.60638314e-21  5.18981207e-23  5.42035730e-20  1.94572798e-20  3.12599199e-08  3.12599199e-08  3.12599199e-08  3.12599199e-08 
 9.77237221e+01  3.64866955e-07  3.64866955e-07  3.13494994e-07  3.13494994e-07  4.70211286e-08  4.70211286e-08  8.88904918e-09  8.88904918e-09  7.49648981e-20  2.17153883e-21  1.74015327e-18  4.34453851e-19  3.64866955e-07  3.64866955e-07  3.64866955e-07  3.64866955e-07  3.63524587e-07  3.63524587e-07  3.11896311e-07  3.11896311e-07  4.70185254e-08  4.70185254e-08  8.88277341e-09  8.88277341e-09  7.49463319e-20  2.17140622e-21  1.73976385e-18  4.34213673e-19  3.63524587e-07  3.63524587e-07  3.63524587e-07  3.63524587e-07  3.12599199e-08  3.12599199e-08  3.15827411e-08  3.15827411e-08  4.94372728e-10  4.94372728e-10  3.33089725e-10  3.33089725e-10  1.66603798e-21  2.39753631e-23  3.68111214e-20  1.44434070e-20  3.12599199e-08  3.12599199e-08  3.12599199e-08  3.12599199e-08 
 1.00000000e+02  3.61381301e-07  3.61381301e-07  3.09943162e-07  3.09943162e-07  4.65686370e-08  4.65686370e-08  8.78744171e-09  8.78744171e-09  2.54944157e-19  7.38503729e-21  3.54036240e-18  8.07427301e-19  3.61381301e-07  3.61381301e-07  3.61381301e-07  3.61381301e-07  3.60025937e-07  3.60025937e-07  3.08326063e-07  3.08326063e-07  4.65660086e-08  4.65660086e-08  8.78109333e-09  8.78109333e-09  2.54879784e-19  7.38457750e-21  3.53955465e-18  8.06972223e-19  3.60025937e-07  3.60025937e-07  3.60025937e-07  3.60025937e-07  3.12599199e-08  3.12599199e-08  3.15827411e-08  3.15827411e-08  4.94372738e-10  4.94372738e-10  3.33089731e-10  3.33089731e-10  5.72097309e-21  8.23284178e-23  7.56201208e-20  2.71034603e-20  3.12599199e-08  3.12599199e-08  3.12599199e-08  3.12599199e-08 
 1.02329299e+02  3.57929444e-07  3.57929444e-07  3.06432408e-07  3.06432408e-07  4.61205009e-08  4.61205009e-08  8.68699901e-09  8.68699901e-09  3.42408915e-20  9.91866978e-22  1.07530472e-18  2.34885315e-19  3.57929444e-07  3.57929444e-07  3.57929444e-07  3.57929444e-07  3.56560959e-07  3.56560959e-07  3.04796684e-07  3.04796684e-07  4.61178469e-08  4.61178469e-08  8.68057717e-09  8.68057717e-09  3.42320769e-20  9.91804019e-22  1.07505460e-18  2.34750347e-19  3.56560959e-07  3.56560959e-07  3.56560959e-07  3.56560959e-07  3.12599199e-08  3.12599199e-08  3.15827411e-08  3.15827411e-08  4.94372748e-10  4.94372748e-10  3.33089739e-10  3.33089739e-10  7.75832135e-22  1.11647751e-23  2.31909888e-20  7.96108750e-21  3.12599199e-08  3.12599199e-08  3.12599199e-08  3.12599199e-08 
 1.04712855e+02  3.54511061e-07  3.54511061e-07  3.02962267e-07  3.02962267e-07  4.56766782e-08  4.56766782e-08  8.58770776e-09  8.58770776e-09  1.35459378e-19  3.92385994e-21  2.02688863e-18  3.58662245e-19  3.54511061e-07  3.54511061e-07  3.54511061e-07  3.54511061e-07  3.53129329e-07  3.53129329e-07  3.01307705e-07  3.01307705e-07  4.56739984e-08  4.56739984e-08  8.58121161e-09  8.58121161e-09  1.35423826e-19  3.92360600e-21  2.02640795e-18  3.58452131e-19  3.53129329e-07  3.53129329e-07  3.53129329e-07  3.53129329e-07  3.12599198e-08  3.12599198e-08  3.15827411e-08  3.15827411e-08  4.94372759e-10  4.94372759e-10  3.33089746e-10  3.33089746e-10  3.09905722e-21  4.45973966e-23  4.41383024e-20  1.22743166e-20  3.12599198e-08  3.12599198e-08  3.12599198e-08  3.12599198e-08 
 1.07151931e+02  3.51125832e-07  3.51125832e-07  2.99532279e-07  2.99532279e-07  4.52371275e-08  4.52371275e-08  8.48955480e-09  8.48955480e-09  8.45391932e-20  2.44884385e-21  1.54099947e-18  3.19204023e-19  3.51125832e-07  3.51125832e-07  3.51125832e-07  3.51125832e-07  3.49730726e-07  3.49730726e-07  2.97858664e-07  2.97858664e-07  4.52344217e-08  4.52344217e-08  8.48298349e-09  8.48298349e-09  8.45165724e-20  2.44868227e-21  1.54062689e-18  3.19013376e-19  3.49730726e-07  3.49730726e-07  3.49730726e-07  3.49730726e-07  3.12599198e-08  3.12599198e-08  3.15827410e-08  3.15827410e-08  4.94372771e-10  4.94372771e-10  3.33089754e-10  3.33089754e-10  1.95288375e-21  2.81032505e-23  3.38833403e-20  1.10299882e-20  3.12599198e-08  3.12599198e-08  3.12599198e-08  3.12599198e-08 
 1.09647820e+02  3.47773440e-07  3.47773440e-07  2.96141988e-07  2.96141988e-07  4.48018078e-08  4.48018078e-08  8.39252713e-09  8.39252713e-09  1.86409466e-19  5.39969052e-21  3.07557824e-18  7.29206445e-19  3.47773440e-07  3.47773440e-07  3.47773440e-07  3.47773440e-07  3.46364831e-07  3.46364831e-07  2.94449104e-07  2.94449104e-07  4.47990756e-08  4.47990756e-08  8.38587979e-09  8.38587979e-09  1.86358613e-19  5.39932730e-21  3.07482010e-18  7.28762424e-19  3.46364831e-07  3.46364831e-07  3.46364831e-07  3.46364831e-07  3.12599198e-08  3.12599198e-08  3.15827410e-08  3.15827410e-08  4.94372783e-10  4.94372783e-10  3.33089762e-10  3.33089762e-10  4.34794443e-21  6.25696565e-23  6.82823495e-20  2.54420514e-20  3.12599198e-08  3.12599198e-08  3.12599198e-08  3.12599198e-08 
 1.12201845e+02  3.44453572e-07  3.44453572e-07  2.92790945e-07  2.92790945e-07  4.43706782e-08  4.43706782e-08  8.29661188e-09  8.29661188e-09  7.68167087e-20  2.22513118e-21  1.59157755e-18  3.21490976e-19  3.44453572e-07  3.44453572e-07  3.44453572e-07  3.44453572e-07  3.43031331e-07  3.43031331e-07  2.91078572e-07  2.91078572e-07  4.43679195e-08  4.43679195e-08  8.28988763e-09  8.28988763e-09  7.67953439e-20  2.22497858e-21  1.59117756e-18  3.21291398e-19  3.43031331e-07  3.43031331e-07  3.43031331e-07  3.43031331e-07  3.12599198e-08  3.12599198e-08  3.15827410e-08  3.15827410e-08  4.94372795e-10  4.94372795e-10  3.33089770e-10  3.33089770e-10  1.80912845e-21  2.60345425e-23  3.56785661e-20  1.13257052e-20  3.12599198e-08  3.12599198e-08  3.12599198e-08  3.12599198e-08 
 1.14815362e+02  3.41165917e-07  3.41165917e-07  2.89478707e-07  2.89478707e-07  4.39436984e-08  4.39436984e-08  8.20179634e-09  8.20179634e-09  9.00987936e-20  2.60985962e-21  1.69332768e-18  3.67032559e-19  3.41165917e-07  3.41165917e-07  3.41165917e-07  3.41165917e-07  3.39729913e-07  3.39729913e-07  2.87746623e-07  2.87746623e-07  4.39409129e-08  4.39409129e-08  8.19499429e-09  8.19499429e-09  9.00732455e-20  2.60967713e-21  1.69289381e-18  3.66800263e-19  3.39729913e-07  3.39729913e-07  3.39729913e-07  3.39729913e-07  3.12599197e-08  3.12599197e-08  3.15827410e-08  3.15827410e-08  4.94372809e-10  4.94372809e-10  3.33089779e-10  3.33089779e-10  2.14254685e-21  3.08326531e-23  3.83282035e-20  1.30555686e-20  3.12599197e-08  3.12599197e-08  3.12599197e-08  3.12599197e-08 
 1.17489755e+02  3.37910168e-07  3.37910168e-07  2.86204833e-07  2.86204833e-07  4.35208286e-08  4.35208286e-08  8.10806794e-09  8.10806794e-09  1.23961053e-19  3.59071717e-21  2.20273323e-18  5.10484585e-19  3.37910168e-07  3.37910168e-07  3.37910168e-07  3.37910168e-07  3.36460269e-07  3.36460269e-07  2.84452815e-07  2.84452815e-07  4.35180160e-08  4.35180160e-08  8.10118719e-09  8.10118719e-09  1.23925217e-19  3.59046120e-21  2.20215783e-18  5.10155194e-19  3.36460269e-07  3.36460269e-07  3.36460269e-07  3.36460269e-07  3.12599197e-08  3.12599197e-08  3.15827409e-08  3.15827409e-08  4.94372822e-10  4.94372822e-10  3.33089788e-10  3.33089788e-10  2.97641993e-21  4.28325918e-23  5.03427791e-20  1.83344745e-20  3.12599197e-08  3.12599197e-08  3.12599197e-08  3.12599197e-08 
 1.20226443e+02  3.34686020e-07  3.34686020e-07  2.82968889e-07  2.82968889e-07  4.31020291e-08  4.31020291e-08  8.01541426e-09  8.01541426e-09  8.81728091e-20  2.55404092e-21  1.51014607e-18  2.88987738e-19  3.34686020e-07  3.34686020e-07  3.34686020e-07  3.34686020e-07  3.33222092e-07  3.33222092e-07  2.81196710e-07  2.81196710e-07  4.30991893e-08  4.30991893e-08  8.00845390e-09  8.00845390e-09  8.81468214e-20  2.55385530e-21  1.50974389e-18  2.88797630e-19  3.33222092e-07  3.33222092e-07  3.33222092e-07  3.33222092e-07  3.12599197e-08  3.12599197e-08  3.15827409e-08  3.15827409e-08  4.94372837e-10  4.94372837e-10  3.33089798e-10  3.33089798e-10  2.13767250e-21  3.07624133e-23  3.48491368e-20  1.04799637e-20  3.12599197e-08  3.12599197e-08  3.12599197e-08  3.12599197e-08 
 1.23026877e+02  3.31493172e-07  3.31493172e-07  2.79770447e-07  2.79770447e-07  4.26872609e-08  4.26872609e-08  7.92382302e-09  7.92382302e-09  5.86629175e-20  1.69924728e-21  1.23013703e-18  2.32458569e-19  3.31493172e-07  3.31493172e-07  3.31493172e-07  3.31493172e-07  3.30015081e-07  3.30015081e-07  2.77977878e-07  2.77977878e-07  4.26843934e-08  4.26843934e-08  7.91678213e-09  7.91678213e-09  5.86452900e-20  1.69912137e-21  1.22980302e-18  2.32302665e-19  3.30015081e-07  3.30015081e-07  3.30015081e-07  3.30015081e-07  3.12599197e-08  3.12599197e-08  3.15827409e-08  3.15827409e-08  4.94372852e-10  4.94372852e-10  3.33089809e-10  3.33089809e-10  1.43604369e-21  2.06656238e-23  2.86631754e-20  8.51177913e-21  3.12599197e-08  3.12599197e-08  3.12599197e-08  3.12599197e-08 
 1.25892541e+02  3.28331324e-07  3.28331324e-07  2.76609082e-07  2.76609082e-07  4.22764850e-08  4.22764850e-08  7.83328207e-09  7.83328207e-09  1.10287360e-19  3.19459231e-21  1.81734672e-18  3.82599556e-19  3.28331324e-07  3.28331324e-07  3.28331324e-07  3.28331324e-07  3.26838935e-07  3.26838935e-07  2.74795891e-07  2.74795891e-07  4.22735897e-08  4.22735897e-08  7.82615973e-09  7.82615973e-09  1.10253573e-19  3.19435098e-21  1.81684364e-18  3.82337950e-19  3.26838935e-07  3.26838935e-07  3.26838935e-07  3.26838935e-07  3.12599196e-08  3.12599196e-08  3.15827408e-08  3.15827408e-08  4.94372868e-10  4.94372868e-10  3.33089819e-10  3.33089819e-10  2.72600839e-21  3.92289559e-23  4.27569087e-20  1.41453455e-20  3.12599196e-08  3.12599196e-08  3.12599196e-08  3.12599196e-08 
 1.28824955e+02  3.25200182e-07  3.25200182e-07  2.73484374e-07  2.73484374e-07  4.18696632e-08  4.18696632e-08  7.74377942e-09  7.74377942e-09  9.96659397e-20  2.88692721e-21  1.69745662e-18  3.64302209e-19  3.25200182e-07  3.25200182e-07  3.25200182e-07  3.25200182e-07  3.23693356e-07  3.23693356e-07  2.71650328e-07  2.71650328e-07  4.18667397e-08  4.18667397e-08  7.73657468e-09  7.73657468e-09  9.96348105e-20  2.88670487e-21  1.69697755e-18  3.64048254e-19  3.23693356e-07  3.23693356e-07  3.23693356e-07  3.23693356e-07  3.12599196e-08  3.12599196e-08  3.15827408e-08  3.15827408e-08  4.94372885e-10  4.94372885e-10  3.33089830e-10  3.33089830e-10  2.48739991e-21  3.57953407e-23  4.03241147e-20  1.35995678e-20  3.12599196e-08  3.12599196e-08  3.12599196e-08  3.12599196e-08 
 1.31825674e+02  3.22099452e-07  3.22099452e-07  2.70395911e-07  2.70395911e-07  4.14667573e-08  4.14667573e-08  7.65530320e-09  7.65530320e-09  1.18307724e-19  3.42688125e-21  2.15059641e-18  5.05377388e-19  3.22099452e-07  3.22099452e-07  3.22099452e-07  3.22099452e-07  3.20578052e-07  3.20578052e-07  2.68540772e-07  2.68540772e-07  4.14638054e-08  4.14638054e-08  7.64801511e-09  7.64801511e-09  1.18270051e-19  3.42661216e-21  2.14997760e-18  5.05018216e-19  3.20578052e-07  3.20578052e-07  3.20578052e-07  3.20578052e-07  3.12599196e-08  3.12599196e-08  3.15827408e-08  3.15827408e-08  4.94372902e-10  4.94372902e-10  3.33089842e-10  3.33089842e-10  2.98132483e-21  4.29031390e-23  5.15849105e-20  1.90490445e-20  3.12599196e-08  3.12599196e-08  3.12599196e-08  3.12599196e-08 
 1.34896288e+02  3.19028843e-07  3.19028843e-07  2.67343281e-07  2.67343281e-07  4.10677297e-08  4.10677297e-08  7.56784168e-09  7.56784168e-09  1.84591471e-19  5.34681797e-21  2.80685244e-18  6.24292836e-19  3.19028843e-07  3.19028843e-07  3.19028843e-07  3.19028843e-07  3.17492730e-07  3.17492730e-07  2.65466811e-07  2.65466811e-07  4.10647491e-08  4.10647491e-08  7.56046928e-09  7.56046928e-09  1.84531543e-19  5.34638992e-21  2.80602904e-18  6.23840495e-19  3.17492730e-07  3.17492730e-07  3.17492730e-07  3.17492730e-07  3.12599195e-08  3.12599195e-08  3.15827407e-08  3.15827407e-08  4.94372920e-10  4.94372920e-10  3.33089854e-10  3.33089854e-10  4.69683311e-21  6.75903579e-23  6.79799603e-20  2.37596323e-20  3.12599195e-08  3.12599195e-08  3.12599195e-08  3.12599195e-08 
 1.38038426e+02  3.15988070e-07  3.15988070e-07  2.64326081e-07  2.64326081e-07  4.06725430e-08  4.06725430e-08  7.48138328e-09  7.48138328e-09  1.38601760e-20  4.01459264e-22  6.74054902e-19  1.27499600e-19  3.15988070e-07  3.15988070e-07  3.15988070e-07  3.15988070e-07  3.14437102e-07  3.14437102e-07  2.62428037e-07  2.62428037e-07  4.06695335e-08  4.06695335e-08  7.47392560e-09  7.47392560e-09  1.38555885e-20  4.01426497e-22  6.73853305e-19  1.27405416e-19  3.14437102e-07  3.14437102e-07  3.14437102e-07  3.14437102e-07  3.12599195e-08  3.12599195e-08  3.15827407e-08  3.15827407e-08  4.94372939e-10  4.94372939e-10  3.33089867e-10  3.33089867e-10  3.56089766e-22  5.12424814e-24  1.64836775e-20  4.89952575e-21  3.12599195e-08  3.12599195e-08  3.12599195e-08  3.12599195e-08 
 1.41253754e+02  3.12976846e-07  3.12976846e-07  2.61343910e-07  2.61343910e-07  4.02811603e-08  4.02811603e-08  7.39591652e-09  7.39591652e-09  1.23817609e-19  3.58643009e-21  1.89714720e-18  3.67501075e-19  3.12976846e-07  3.12976846e-07  3.12976846e-07  3.12976846e-07  3.11410881e-07  3.11410881e-07  2.59424048e-07  2.59424048e-07  4.02781216e-08  4.02781216e-08  7.38837257e-09  7.38837257e-09  1.23775827e-19  3.58613165e-21  1.89656873e-18  3.67224306e-19  3.11410881e-07  3.11410881e-07  3.11410881e-07  3.11410881e-07  3.12599194e-08  3.12599194e-08  3.15827407e-08  3.15827407e-08  4.94372959e-10  4.94372959e-10  3.33089881e-10  3.33089881e-10  3.21196165e-21  4.62221716e-23  4.68443623e-20  1.42592792e-20  3.12599194e-08  3.12599194e-08  3.12599194e-08  3.12599194e-08 
 1.44543977e+02  3.09994892e-07  3.09994892e-07  2.58396371e-07  2.58396371e-07  3.98935450e-08  3.98935450e-08  7.31143010e-09  7.31143010e-09  6.75314720e-20  1.95606545e-21  1.30013601e-18  2.84857269e-19  3.09994892e-07  3.09994892e-07  3.09994892e-07  3.09994892e-07  3.08413786e-07  3.08413786e-07  2.56454445e-07  2.56454445e-07  3.98904767e-08  3.98904767e-08  7.30379888e-09  7.30379888e-09  6.75082389e-20  1.95589950e-21  1.29973183e-18  2.84638555e-19  3.08413786e-07  3.08413786e-07  3.08413786e-07  3.08413786e-07  3.12599194e-08  3.12599194e-08  3.15827406e-08  3.15827406e-08  4.94372980e-10  4.94372980e-10  3.33089895e-10  3.33089895e-10  1.76885117e-21  2.54548565e-23  3.24147369e-20  1.11598891e-20  3.12599194e-08  3.12599194e-08  3.12599194e-08  3.12599194e-08 
 1.47910839e+02  3.07041927e-07  3.07041927e-07  2.55483076e-07  2.55483076e-07  3.95096609e-08  3.95096609e-08  7.22791280e-09  7.22791280e-09  1.28418685e-19  3.71965885e-21  2.34764228e-18  5.83956736e-19  3.07041927e-07  3.07041927e-07  3.07041927e-07  3.07041927e-07  3.05445536e-07  3.05445536e-07  2.53518835e-07  2.53518835e-07  3.95065628e-08  3.95065628e-08  7.22019331e-09  7.22019331e-09  1.28373643e-19  3.71933712e-21  2.34689822e-18  5.83499626e-19  3.05445536e-07  3.05445536e-07  3.05445536e-07  3.05445536e-07  3.12599194e-08  3.12599194e-08  3.15827406e-08  3.15827406e-08  4.94373002e-10  4.94373002e-10  3.33089910e-10  3.33089910e-10  3.39633390e-21  4.88753253e-23  5.90993905e-20  2.30997211e-20  3.12599194e-08  3.12599194e-08  3.12599194e-08  3.12599194e-08 
 1.51356125e+02  3.04117675e-07  3.04117675e-07  2.52603636e-07  2.52603636e-07  3.91294720e-08  3.91294720e-08  7.14535355e-09  7.14535355e-09  6.41609069e-20  1.85842400e-21  1.23624633e-18  2.61989695e-19  3.04117675e-07  3.04117675e-07  3.04117675e-07  3.04117675e-07  3.02505853e-07  3.02505853e-07  2.50616829e-07  2.50616829e-07  3.91263438e-08  3.91263438e-08  7.13754477e-09  7.13754477e-09  6.41379632e-20  1.85826011e-21  1.23584687e-18  2.61780614e-19  3.02505853e-07  3.02505853e-07  3.02505853e-07  3.02505853e-07  3.12599193e-08  3.12599193e-08  3.15827405e-08  3.15827405e-08  4.94373025e-10  4.94373025e-10  3.33089925e-10  3.33089925e-10  1.71336416e-21  2.46564542e-23  3.14234169e-20  1.04641423e-20  3.12599193e-08  3.12599193e-08  3.12599193e-08  3.12599193e-08 
 1.54881662e+02  3.01221863e-07  3.01221863e-07  2.49757671e-07  2.49757671e-07  3.87529427e-08  3.87529427e-08  7.06374141e-09  7.06374141e-09  5.36090515e-20  1.55277901e-21  1.11505401e-18  1.94375344e-19  3.01221863e-07  3.01221863e-07  3.01221863e-07  3.01221863e-07  2.99594462e-07  2.99594462e-07  2.47748041e-07  2.47748041e-07  3.87497841e-08  3.87497841e-08  7.05584232e-09  7.05584232e-09  5.35895070e-20  1.55263941e-21  1.11468667e-18  1.94217197e-19  2.99594462e-07  2.99594462e-07  2.99594462e-07  2.99594462e-07  3.12599193e-08  3.12599193e-08  3.15827405e-08  3.15827405e-08  4.94373049e-10  4.94373049e-10  3.33089941e-10  3.33089941e-10  1.44548729e-21  2.08015032e-23  2.86181499e-20  7.83887674e-21  3.12599193e-08  3.12599193e-08  3.12599193e-08  3.12599193e-08 
 1.58489319e+02  2.98354221e-07  2.98354221e-07  2.46944802e-07  2.46944802e-07  3.83800380e-08  3.83800380e-08  6.98306557e-09  6.98306557e-09  2.38514938e-20  6.90837346e-22  7.68691790e-19  1.58570648e-19  2.98354221e-07  2.98354221e-07  2.98354221e-07  2.98354221e-07  2.96711091e-07  2.96711091e-07  2.44912092e-07  2.44912092e-07  3.83768487e-08  3.83768487e-08  6.97507511e-09  6.97507511e-09  2.38426285e-20  6.90774022e-22  7.68433614e-19  1.58439116e-19  2.96711091e-07  2.96711091e-07  2.96711091e-07  2.96711091e-07  3.12599192e-08  3.12599192e-08  3.15827404e-08  3.15827404e-08  4.94373074e-10  4.94373074e-10  3.33089958e-10  3.33089958e-10  6.49364655e-22  9.34458703e-24  1.99202644e-20  6.45696695e-21  3.12599192e-08  3.12599192e-08  3.12599192e-08  3.12599192e-08 
 1.62181010e+02  2.95514478e-07  2.95514478e-07  2.44164657e-07  2.44164657e-07  3.80107228e-08  3.80107228e-08  6.90331533e-09  6.90331533e-09  6.08212266e-20  1.76164962e-21  1.28058211e-18  2.76656166e-19  2.95514478e-07  2.95514478e-07  2.95514478e-07  2.95514478e-07  2.93855470e-07  2.93855470e-07  2.42108606e-07  2.42108606e-07  3.80075025e-08  3.80075025e-08  6.89523246e-09  6.89523246e-09  6.07981787e-20  1.76148499e-21  1.28014362e-18  2.76422207e-19  2.93855470e-07  2.93855470e-07  2.93855470e-07  2.93855470e-07  3.12599192e-08  3.12599192e-08  3.15827404e-08  3.15827404e-08  4.94373101e-10  4.94373101e-10  3.33089976e-10  3.33089976e-10  1.67195692e-21  2.40604122e-23  3.35079177e-20  1.13746773e-20  3.12599192e-08  3.12599192e-08  3.12599192e-08  3.12599192e-08 
 1.65958691e+02  2.92702371e-07  2.92702371e-07  2.41416866e-07  2.41416866e-07  3.76449627e-08  3.76449627e-08  6.82448013e-09  6.82448013e-09  1.43743297e-19  4.16343413e-21  2.44128882e-18  5.86826826e-19  2.92702371e-07  2.92702371e-07  2.92702371e-07  2.92702371e-07  2.91027333e-07  2.91027333e-07  2.39337212e-07  2.39337212e-07  3.76417111e-08  3.76417111e-08  6.81630376e-09  6.81630376e-09  1.43687762e-19  4.16303745e-21  2.44043656e-18  5.86320887e-19  2.91027333e-07  2.91027333e-07  2.91027333e-07  2.91027333e-07  3.12599191e-08  3.12599191e-08  3.15827403e-08  3.15827403e-08  4.94373128e-10  4.94373128e-10  3.33089995e-10  3.33089995e-10  3.98982913e-21  5.74161984e-23  6.44994881e-20  2.43613594e-20  3.12599191e-08  3.12599191e-08  3.12599191e-08  3.12599191e-08 
 1.69824365e+02  2.89917635e-07  2.89917635e-07  2.38701065e-07  2.38701065e-07  3.72827234e-08  3.72827234e-08  6.74654950e-09  6.74654950e-09  9.10451544e-20  2.63704895e-21  1.57509586e-18  3.39883800e-19  2.89917635e-07  2.89917635e-07  2.89917635e-07  2.89917635e-07  2.88226414e-07  2.88226414e-07  2.36597541e-07  2.36597541e-07  3.72794402e-08  3.72794402e-08  6.73827857e-09  6.73827857e-09  9.10092932e-20  2.63679280e-21  1.57453526e-18  3.39585051e-19  2.88226414e-07  2.88226414e-07  2.88226414e-07  2.88226414e-07  3.12599191e-08  3.12599191e-08  3.15827403e-08  3.15827403e-08  4.94373157e-10  4.94373157e-10  3.33090014e-10  3.33090014e-10  2.55164502e-21  3.67197842e-23  4.20185571e-20  1.42467144e-20  3.12599191e-08  3.12599191e-08  3.12599191e-08  3.12599191e-08 
 1.73780083e+02  2.87160010e-07  2.87160010e-07  2.36016895e-07  2.36016895e-07  3.69239711e-08  3.69239711e-08  6.66951312e-09  6.66951312e-09  1.17666746e-19  3.40810548e-21  1.85876411e-18  3.86510350e-19  2.87160010e-07  2.87160010e-07  2.87160010e-07  2.87160010e-07  2.85452452e-07  2.85452452e-07  2.33889231e-07  2.33889231e-07  3.69206560e-08  3.69206560e-08  6.66114655e-09  6.66114655e-09  1.17619495e-19  3.40776796e-21  1.85808963e-18  3.86163991e-19  2.85452452e-07  2.85452452e-07  2.85452452e-07  2.85452452e-07  3.12599190e-08  3.12599190e-08  3.15827402e-08  3.15827402e-08  4.94373188e-10  4.94373188e-10  3.33090035e-10  3.33090035e-10  3.32976685e-21  4.79174979e-23  5.00674421e-20  1.63582909e-20  3.12599190e-08  3.12599190e-08  3.12599190e-08  3.12599190e-08 
 1.77827941e+02  2.84429239e-07  2.84429239e-07  2.33363998e-07  2.33363998e-07  3.65686722e-08  3.65686722e-08  6.59336079e-09  6.59336079e-09  1.56338143e-19  4.52815542e-21  2.08024494e-18  4.32831159e-19  2.84429239e-07  2.84429239e-07  2.84429239e-07  2.84429239e-07  2.82705187e-07  2.82705187e-07  2.31211922e-07  2.31211922e-07  3.65653249e-08  3.65653249e-08  6.58489745e-09  6.58489745e-09  1.56274136e-19  4.52769822e-21  2.07947536e-18  4.32435726e-19  2.82705187e-07  2.82705187e-07  2.82705187e-07  2.82705187e-07  3.12599189e-08  3.12599189e-08  3.15827401e-08  3.15827401e-08  4.94373219e-10  4.94373219e-10  3.33090056e-10  3.33090056e-10  4.46705832e-21  6.42838071e-23  5.65773398e-20  1.84964218e-20  3.12599189e-08  3.12599189e-08  3.12599189e-08  3.12599189e-08 
 1.81970086e+02  2.81725065e-07  2.81725065e-07  2.30742022e-07  2.30742022e-07  3.62167935e-08  3.62167935e-08  6.51808240e-09  6.51808240e-09  1.51802521e-19  4.39675670e-21  2.20774277e-18  4.75937034e-19  2.81725065e-07  2.81725065e-07  2.81725065e-07  2.81725065e-07  2.79984362e-07  2.79984362e-07  2.28565261e-07  2.28565261e-07  3.62134137e-08  3.62134137e-08  6.50952119e-09  6.50952119e-09  1.51739159e-19  4.39630410e-21  2.20691007e-18  4.75493740e-19  2.79984362e-07  2.79984362e-07  2.79984362e-07  2.79984362e-07  3.12599189e-08  3.12599189e-08  3.15827401e-08  3.15827401e-08  4.94373253e-10  4.94373253e-10  3.33090078e-10  3.33090078e-10  4.37957721e-21  6.30248531e-23  6.06280196e-20  2.05357684e-20  3.12599189e-08  3.12599189e-08  3.12599189e-08  3.12599189e-08 
 1.86208714e+02  2.79047236e-07  2.79047236e-07  2.28150621e-07  2.28150621e-07  3.58683021e-08  3.58683021e-08  6.44366798e-09  6.44366798e-09  1.23385108e-19  3.57366115e-21  1.84752983e-18  4.11485482e-19  2.79047236e-07  2.79047236e-07  2.79047236e-07  2.79047236e-07  2.77289723e-07  2.77289723e-07  2.25948895e-07  2.25948895e-07  3.58648894e-08  3.58648894e-08  6.43500777e-09  6.43500777e-09  1.23332602e-19  3.57328610e-21  1.84681940e-18  4.11094744e-19  2.77289723e-07  2.77289723e-07  2.77289723e-07  2.77289723e-07  3.12599188e-08  3.12599188e-08  3.15827400e-08  3.15827400e-08  4.94373287e-10  4.94373287e-10  3.33090102e-10  3.33090102e-10  3.59428415e-21  5.17239765e-23  5.12286808e-20  1.79270190e-20  3.12599188e-08  3.12599188e-08  3.12599188e-08  3.12599188e-08 
 1.90546072e+02  2.76395501e-07  2.76395501e-07  2.25589449e-07  2.25589449e-07  3.55231654e-08  3.55231654e-08  6.37010767e-09  6.37010767e-09  8.55700329e-20  2.47839583e-21  1.36527046e-18  3.02802490e-19  2.76395501e-07  2.76395501e-07  2.76395501e-07  2.76395501e-07  2.74621019e-07  2.74621019e-07  2.23362479e-07  2.23362479e-07  3.55197196e-08  3.55197196e-08  6.36134731e-09  6.36134731e-09  8.55329081e-20  2.47813065e-21  1.36473522e-18  3.02509348e-19  2.74621019e-07  2.74621019e-07  2.74621019e-07  2.74621019e-07  3.12599187e-08  3.12599187e-08  3.15827399e-08  3.15827399e-08  4.94373324e-10  4.94373324e-10  3.33090126e-10  3.33090126e-10  2.51691039e-21  3.62199891e-23  3.82240891e-20  1.33200224e-20  3.12599187e-08  3.12599187e-08  3.12599187e-08  3.12599187e-08 
 1.94984460e+02  2.73769612e-07  2.73769612e-07  2.23058167e-07  2.23058167e-07  3.51813511e-08  3.51813511e-08  6.29739171e-09  6.29739171e-09  1.53319644e-19  4.44061838e-21  2.20622837e-18  4.78888050e-19  2.73769612e-07  2.73769612e-07  2.73769612e-07  2.73769612e-07  2.71977998e-07  2.71977998e-07  2.20805670e-07  2.20805670e-07  3.51778718e-08  3.51778718e-08  6.28853006e-09  6.28853006e-09  1.53251828e-19  4.44013397e-21  2.20534657e-18  4.78415399e-19  2.71977998e-07  2.71977998e-07  2.71977998e-07  2.71977998e-07  3.12599186e-08  3.12599186e-08  3.15827399e-08  3.15827399e-08  4.94373362e-10  4.94373362e-10  3.33090152e-10  3.33090152e-10  4.55344587e-21  6.55269857e-23  6.23685422e-20  2.12701868e-20  3.12599186e-08  3.12599186e-08  3.12599186e-08  3.12599186e-08 
 1.99526231e+02  2.71169324e-07  2.71169324e-07  2.20556440e-07  2.20556440e-07  3.48428273e-08  3.48428273e-08  6.22551048e-09  6.22551048e-09  1.14486919e-19  3.31588161e-21  1.90428765e-18  4.52528095e-19  2.71169324e-07  2.71169324e-07  2.71169324e-07  2.71169324e-07  2.69360414e-07  2.69360414e-07  2.18278127e-07  2.18278127e-07  3.48393142e-08  3.48393142e-08  6.21654635e-09  6.21654635e-09  1.14435291e-19  3.31551283e-21  1.90351167e-18  4.52072752e-19  2.69360414e-07  2.69360414e-07  2.69360414e-07  2.69360414e-07  3.12599186e-08  3.12599186e-08  3.15827398e-08  3.15827398e-08  4.94373402e-10  4.94373402e-10  3.33090179e-10  3.33090179e-10  3.43316356e-21  4.94054465e-23  5.43555993e-20  2.02943191e-20  3.12599186e-08  3.12599186e-08  3.12599186e-08  3.12599186e-08 
 2.04173794e+02  2.68594392e-07  2.68594392e-07  2.18083935e-07  2.18083935e-07  3.45075622e-08  3.45075622e-08  6.15445442e-09  6.15445442e-09  6.48346811e-20  1.87778811e-21  1.24978847e-18  2.68747787e-19  2.68594392e-07  2.68594392e-07  2.68594392e-07  2.68594392e-07  2.66768023e-07  2.66768023e-07  2.15779518e-07  2.15779518e-07  3.45040150e-08  3.45040150e-08  6.14538665e-09  6.14538665e-09  6.48048732e-20  1.87757518e-21  1.24926925e-18  2.68472094e-19  2.66768023e-07  2.66768023e-07  2.66768023e-07  2.66768023e-07  3.12599185e-08  3.12599185e-08  3.15827397e-08  3.15827397e-08  4.94373444e-10  4.94373444e-10  3.33090207e-10  3.33090207e-10  1.96309890e-21  2.82501952e-23  3.60200903e-20  1.21692918e-20  3.12599185e-08  3.12599185e-08  3.12599185e-08  3.12599185e-08 
 2.08929613e+02  2.66044576e-07  2.66044576e-07  2.15640324e-07  2.15640324e-07  3.41755246e-08  3.41755246e-08  6.08421415e-09  6.08421415e-09  1.54962620e-19  4.48811303e-21  2.22677752e-18  4.79900624e-19  2.66044576e-07  2.66044576e-07  2.66044576e-07  2.66044576e-07  2.64200582e-07  2.64200582e-07  2.13309510e-07  2.13309510e-07  3.41719429e-08  3.41719429e-08  6.07504153e-09  6.07504153e-09  1.54889985e-19  4.48759419e-21  2.22583436e-18  4.79398721e-19  2.64200582e-07  2.64200582e-07  2.64200582e-07  2.64200582e-07  3.12599184e-08  3.12599184e-08  3.15827396e-08  3.15827396e-08  4.94373487e-10  4.94373487e-10  3.33090237e-10  3.33090237e-10  4.73759415e-21  6.81769696e-23  6.48009821e-20  2.19413338e-20  3.12599184e-08  3.12599184e-08  3.12599184e-08  3.12599184e-08 
 2.13796209e+02  2.63519638e-07  2.63519638e-07  2.13225282e-07  2.13225282e-07  3.38466834e-08  3.38466834e-08  6.01478033e-09  6.01478033e-09  4.20980408e-20  1.21927060e-21  9.93799134e-19  2.34211493e-19  2.63519638e-07  2.63519638e-07  2.63519638e-07  2.63519638e-07  2.61657850e-07  2.61657850e-07  2.10867775e-07  2.10867775e-07  3.38430669e-08  3.38430669e-08  6.00550167e-09  6.00550167e-09  4.20779233e-20  1.21912689e-21  9.93369993e-19  2.33961767e-19  2.61657850e-07  2.61657850e-07  2.61657850e-07  2.61657850e-07  3.12599183e-08  3.12599183e-08  3.15827395e-08  3.15827395e-08  4.94373533e-10  4.94373533e-10  3.33090267e-10  3.33090267e-10  1.29953749e-21  1.87013530e-23  2.92011384e-20  1.08121247e-20  3.12599183e-08  3.12599183e-08  3.12599183e-08  3.12599183e-08 
 2.18776162e+02  2.61019341e-07  2.61019341e-07  2.10838490e-07  2.10838490e-07  3.35210079e-08  3.35210079e-08  5.94614377e-09  5.94614377e-09  1.29492071e-19  3.75036806e-21  2.18675396e-18  5.40238836e-19  2.61019341e-07  2.61019341e-07  2.61019341e-07  2.61019341e-07  2.59139590e-07  2.59139590e-07  2.08453991e-07  2.08453991e-07  3.35173562e-08  3.35173562e-08  5.93675783e-09  5.93675783e-09  1.29428983e-19  3.74991740e-21  2.18579125e-18  5.39651581e-19  2.59139590e-07  2.59139590e-07  2.59139590e-07  2.59139590e-07  3.12599182e-08  3.12599182e-08  3.15827394e-08  3.15827394e-08  4.94373581e-10  4.94373581e-10  3.33090300e-10  3.33090300e-10  4.03613842e-21  5.80825692e-23  6.48779963e-20  2.51813847e-20  3.12599182e-08  3.12599182e-08  3.12599182e-08  3.12599182e-08 
 2.23872114e+02  2.58543450e-07  2.58543450e-07  2.08479629e-07  2.08479629e-07  3.31984675e-08  3.31984675e-08  5.87829537e-09  5.87829537e-09  7.68862906e-20  2.22676548e-21  1.28430374e-18  2.79034015e-19  2.58543450e-07  2.58543450e-07  2.58543450e-07  2.58543450e-07  2.56645566e-07  2.56645566e-07  2.06067837e-07  2.06067837e-07  3.31947803e-08  3.31947803e-08  5.86880092e-09  5.86880092e-09  7.68481006e-20  2.22649268e-21  1.28372729e-18  2.78724783e-19  2.56645566e-07  2.56645566e-07  2.56645566e-07  2.56645566e-07  3.12599181e-08  3.12599181e-08  3.15827393e-08  3.15827393e-08  4.94373632e-10  4.94373632e-10  3.33090334e-10  3.33090334e-10  2.41973415e-21  3.48213326e-23  3.84734844e-20  1.31323286e-20  3.12599181e-08  3.12599181e-08  3.12599181e-08  3.12599181e-08 
 2.29086765e+02  2.56091736e-07  2.56091736e-07  2.06148388e-07  2.06148388e-07  3.28790321e-08  3.28790321e-08  5.81122614e-09  5.81122614e-09  1.00044149e-19  2.89744685e-21  1.69561124e-18  4.24520453e-19  2.56091736e-07  2.56091736e-07  2.56091736e-07  2.56091736e-07  2.54175545e-07  2.54175545e-07  2.03708998e-07  2.03708998e-07  3.28753091e-08  3.28753091e-08  5.80162193e-09  5.80162193e-09  9.99934870e-20  2.89708495e-21  1.69483533e-18  4.24040817e-19  2.54175545e-07  2.54175545e-07  2.54175545e-07  2.54175545e-07  3.12599180e-08  3.12599180e-08  3.15827392e-08  3.15827392e-08  4.94373684e-10  4.94373684e-10  3.33090369e-10  3.33090369e-10  3.17911493e-21  4.57493941e-23  5.12880580e-20  2.01731546e-20  3.12599180e-08  3.12599180e-08  3.12599180e-08  3.12599180e-08 
 2.34422882e+02  2.53663967e-07  2.53663967e-07  2.03844457e-07  2.03844457e-07  3.25626719e-08  3.25626719e-08  5.74492719e-09  5.74492719e-09  7.74604283e-20  2.24337629e-21  1.40944020e-18  3.30765293e-19  2.53663967e-07  2.53663967e-07  2.53663967e-07  2.53663967e-07  2.51729297e-07  2.51729297e-07  2.01377159e-07  2.01377159e-07  3.25589127e-08  3.25589127e-08  5.73521196e-09  5.73521196e-09  7.74204368e-20  2.24309062e-21  1.40878266e-18  3.30384298e-19  2.51729297e-07  2.51729297e-07  2.51729297e-07  2.51729297e-07  3.12599179e-08  3.12599179e-08  3.15827391e-08  3.15827391e-08  4.94373739e-10  4.94373739e-10  3.33090406e-10  3.33090406e-10  2.48536474e-21  3.57660464e-23  4.30459941e-20  1.58703152e-20  3.12599179e-08  3.12599179e-08  3.12599179e-08  3.12599179e-08 
 2.39883292e+02  2.51259917e-07  2.51259917e-07  2.01567529e-07  2.01567529e-07  3.22493572e-08  3.22493572e-08  5.67938973e-09  5.67938973e-09  7.37725836e-20  2.13656252e-21  1.40704132e-18  3.19072002e-19  2.51259917e-07  2.51259917e-07  2.51259917e-07  2.51259917e-07  2.49306591e-07  2.49306591e-07  1.99072013e-07  1.99072013e-07  3.22455615e-08  3.22455615e-08  5.66956219e-09  5.66956219e-09  7.37337528e-20  2.13628513e-21  1.40637208e-18  3.18697311e-19  2.49306591e-07  2.49306591e-07  2.49306591e-07  2.49306591e-07  3.12599178e-08  3.12599178e-08  3.15827390e-08  3.15827390e-08  4.94373797e-10  4.94373797e-10  3.33090445e-10  3.33090445e-10  2.39001625e-21  3.43940513e-23  4.33899332e-20  1.54576886e-20  3.12599178e-08  3.12599178e-08  3.12599178e-08  3.12599178e-08 
 2.45470892e+02  2.48879360e-07  2.48879360e-07  1.99317303e-07  1.99317303e-07  3.19390588e-08  3.19390588e-08  5.61460507e-09  5.61460507e-09  9.64692333e-20  2.79384320e-21  1.74739618e-18  4.22846645e-19  2.48879360e-07  2.48879360e-07  2.48879360e-07  2.48879360e-07  2.46907203e-07  2.46907203e-07  1.96793254e-07  1.96793254e-07  3.19352262e-08  3.19352262e-08  5.60466393e-09  5.60466393e-09  9.64174651e-20  2.79347340e-21  1.74654884e-18  4.22340410e-19  2.46907203e-07  2.46907203e-07  2.46907203e-07  2.46907203e-07  3.12599177e-08  3.12599177e-08  3.15827389e-08  3.15827389e-08  4.94373857e-10  4.94373857e-10  3.33090486e-10  3.33090486e-10  3.15566014e-21  4.54117937e-23  5.44088418e-20  2.06837267e-20  3.12599177e-08  3.12599177e-08  3.12599177e-08  3.12599177e-08 
 2.51188643e+02  2.46522075e-07  2.46522075e-07  1.97093479e-07  1.97093479e-07  3.16317476e-08  3.16317476e-08  5.55056463e-09  5.55056463e-09  8.59510430e-20  2.48921016e-21  1.55259882e-18  3.83016834e-19  2.46522075e-07  2.46522075e-07  2.46522075e-07  2.46522075e-07  2.44530906e-07  2.44530906e-07  1.94540579e-07  1.94540579e-07  3.16278778e-08  3.16278778e-08  5.54050858e-09  5.54050858e-09  8.59040191e-20  2.48887425e-21  1.55183124e-18  3.82549344e-19  2.44530906e-07  2.44530906e-07  2.44530906e-07  2.44530906e-07  3.12599175e-08  3.12599175e-08  3.15827387e-08  3.15827387e-08  4.94373921e-10  4.94373921e-10  3.33090528e-10  3.33090528e-10  2.83888629e-21  4.08532933e-23  4.88127456e-20  1.89170589e-20  3.12599175e-08  3.12599175e-08  3.12599175e-08  3.12599175e-08 
 2.57039578e+02  2.44187839e-07  2.44187839e-07  1.94895762e-07  1.94895762e-07  3.13273950e-08  3.13273950e-08  5.48725992e-09  5.48725992e-09  9.29411382e-20  2.69164099e-21  1.54743551e-18  3.29241230e-19  2.44187839e-07  2.44187839e-07  2.44187839e-07  2.44187839e-07  2.42177480e-07  2.42177480e-07  1.92313691e-07  1.92313691e-07  3.13234876e-08  3.13234876e-08  5.47708764e-09  5.47708764e-09  9.28892977e-20  2.69127067e-21  1.54665556e-18  3.28831542e-19  2.42177480e-07  2.42177480e-07  2.42177480e-07  2.42177480e-07  3.12599174e-08  3.12599174e-08  3.15827386e-08  3.15827386e-08  4.94373987e-10  4.94373987e-10  3.33090573e-10  3.33090573e-10  3.09956105e-21  4.46047896e-23  4.91227140e-20  1.64187323e-20  3.12599174e-08  3.12599174e-08  3.12599174e-08  3.12599174e-08 
 2.63026799e+02  2.41876436e-07  2.41876436e-07  1.92723861e-07  1.92723861e-07  3.10259724e-08  3.10259724e-08  5.42468254e-09  5.42468254e-09  8.05018167e-20  2.33135982e-21  1.36751472e-18  3.17687416e-19  2.41876436e-07  2.41876436e-07  2.41876436e-07  2.41876436e-07  2.39846703e-07  2.39846703e-07  1.90112294e-07  1.90112294e-07  3.10220270e-08  3.10220270e-08  5.41439270e-09  5.41439270e-09  8.04560384e-20  2.33103281e-21  1.36681201e-18  3.17284400e-19  2.39846703e-07  2.39846703e-07  2.39846703e-07  2.39846703e-07  3.12599173e-08  3.12599173e-08  3.15827385e-08  3.15827385e-08  4.94374056e-10  4.94374056e-10  3.33090620e-10  3.33090620e-10  2.71077305e-21  3.90096903e-23  4.38326301e-20  1.59961281e-20  3.12599173e-08  3.12599173e-08  3.12599173e-08  3.12599173e-08 
 2.69153480e+02  2.39587648e-07  2.39587648e-07  1.90577486e-07  1.90577486e-07  3.07274517e-08  3.07274517e-08  5.36282421e-09  5.36282421e-09  2.00386904e-20  5.80335080e-22  4.82935575e-19  8.55361563e-20  2.39587648e-07  2.39587648e-07  2.39587648e-07  2.39587648e-07  2.37538359e-07  2.37538359e-07  1.87936095e-07  1.87936095e-07  3.07234680e-08  3.07234680e-08  5.35241544e-09  5.35241544e-09  2.00270728e-20  5.80252089e-22  4.82682569e-19  8.54255305e-20  2.37538359e-07  2.37538359e-07  2.37538359e-07  2.37538359e-07  3.12599171e-08  3.12599171e-08  3.15827383e-08  3.15827383e-08  4.94374129e-10  4.94374129e-10  3.33090669e-10  3.33090669e-10  6.81321340e-22  9.80484718e-24  1.56296899e-20  4.34864383e-21  3.12599171e-08  3.12599171e-08  3.12599171e-08  3.12599171e-08 
 2.75422870e+02  2.37321261e-07  2.37321261e-07  1.88456353e-07  1.88456353e-07  3.04318049e-08  3.04318049e-08  5.30167672e-09  5.30167672e-09  1.00201752e-19  2.90181835e-21  1.66706493e-18  3.90970293e-19  2.37321261e-07  2.37321261e-07  2.37321261e-07  2.37321261e-07  2.35252230e-07  2.35252230e-07  1.85784808e-07  1.85784808e-07  3.04277825e-08  3.04277825e-08  5.29114766e-09  5.29114766e-09  1.00142525e-19  2.90139527e-21  1.66617453e-18  3.90454787e-19  2.35252230e-07  2.35252230e-07  2.35252230e-07  2.35252230e-07  3.12599170e-08  3.12599170e-08  3.15827382e-08  3.15827382e-08  4.94374205e-10  4.94374205e-10  3.33090720e-10  3.33090720e-10  3.43995732e-21  4.95029425e-23  5.44765048e-20  2.00695163e-20  3.12599170e-08  3.12599170e-08  3.12599170e-08  3.12599170e-08 
 2.81838293e+02  2.35077064e-07  2.35077064e-07  1.86360180e-07  1.86360180e-07  3.01390044e-08  3.01390044e-08  5.24123197e-09  5.24123197e-09  1.01537671e-19  2.94048439e-21  1.81934917e-18  4.43208640e-19  2.35077064e-07  2.35077064e-07  2.35077064e-07  2.35077064e-07  2.32988104e-07  2.32988104e-07  1.83658146e-07  1.83658146e-07  3.01349429e-08  3.01349429e-08  5.23058124e-09  5.23058124e-09  1.01476484e-19  2.94004730e-21  1.81835847e-18  4.42612866e-19  2.32988104e-07  2.32988104e-07  2.32988104e-07  2.32988104e-07  3.12599168e-08  3.12599168e-08  3.15827380e-08  3.15827380e-08  4.94374285e-10  4.94374285e-10  3.33090774e-10  3.33090774e-10  3.51965362e-21  5.06498815e-23  6.00299868e-20  2.29715441e-20  3.12599168e-08  3.12599168e-08  3.12599168e-08  3.12599168e-08 
 2.88403150e+02  2.32854845e-07  2.32854845e-07  1.84288688e-07  1.84288688e-07  2.98490228e-08  2.98490228e-08  5.18148196e-09  5.18148196e-09  7.70092238e-20  2.23013368e-21  1.40805719e-18  3.08336309e-19  2.32854845e-07  2.32854845e-07  2.32854845e-07  2.32854845e-07  2.30745768e-07  2.30745768e-07  1.81555827e-07  1.81555827e-07  2.98449218e-08  2.98449218e-08  5.17070814e-09  5.17070814e-09  7.69619122e-20  2.22979570e-21  1.40727549e-18  3.07913756e-19  2.30745768e-07  2.30745768e-07  2.30745768e-07  2.30745768e-07  3.12599166e-08  3.12599166e-08  3.15827378e-08  3.15827378e-08  4.94374368e-10  4.94374368e-10  3.33090830e-10  3.33090830e-10  2.69532019e-21  3.87872680e-23  4.69102632e-20  1.61359762e-20  3.12599166e-08  3.12599166e-08  3.12599166e-08  3.12599166e-08 
 2.95120923e+02  2.30654397e-07  2.30654397e-07  1.82241603e-07  1.82241603e-07  2.95618330e-08  2.95618330e-08  5.12241875e-09  5.12241875e-09  9.59613703e-20  2.77895850e-21  1.58898136e-18  3.54306735e-19  2.30654397e-07  2.30654397e-07  2.30654397e-07  2.30654397e-07  2.28525013e-07  2.28525013e-07  1.79477574e-07  1.79477574e-07  2.95576922e-08  2.95576922e-08  5.11152044e-09  5.11152044e-09  9.59012650e-20  2.77852913e-21  1.58808200e-18  3.53811720e-19  2.28525013e-07  2.28525013e-07  2.28525013e-07  2.28525013e-07  3.12599165e-08  3.12599165e-08  3.15827377e-08  3.15827377e-08  4.94374455e-10  4.94374455e-10  3.33090889e-10  3.33090889e-10  3.39124254e-21  4.88021629e-23  5.34517179e-20  1.87214020e-20  3.12599165e-08  3.12599165e-08  3.12599165e-08  3.12599165e-08 
 3.01995172e+02  2.28475514e-07  2.28475514e-07  1.80218651e-07  1.80218651e-07  2.92774082e-08  2.92774082e-08  5.06403451e-09  5.06403451e-09  8.42932149e-20  2.44103050e-21  1.45836939e-18  3.58420471e-19  2.28475514e-07  2.28475514e-07  2.28475514e-07  2.28475514e-07  2.26325631e-07  2.26325631e-07  1.77423110e-07  1.77423110e-07  2.92732272e-08  2.92732272e-08  5.05301028e-09  5.05301028e-09  8.42393878e-20  2.44064598e-21  1.45752785e-18  3.57909949e-19  2.26325631e-07  2.26325631e-07  2.26325631e-07  2.26325631e-07  3.12599163e-08  3.12599163e-08  3.15827375e-08  3.15827375e-08  4.94374547e-10  4.94374547e-10  3.33090950e-10  3.33090950e-10  3.00780528e-21  4.32841512e-23  4.95342518e-20  1.91222911e-20  3.12599163e-08  3.12599163e-08  3.12599163e-08  3.12599163e-08 
 3.09029543e+02  2.26317992e-07  2.26317992e-07  1.78219565e-07  1.78219565e-07  2.89957217e-08  2.89957217e-08  5.00632153e-09  5.00632153e-09  7.58373825e-20  2.19616840e-21  1.34747387e-18  3.15610335e-19  2.26317992e-07  2.26317992e-07  2.26317992e-07  2.26317992e-07  2.24147416e-07  2.24147416e-07  1.75392164e-07  1.75392164e-07  2.89915001e-08  2.89915001e-08  4.99516992e-09  4.99516992e-09  7.57880101e-20  2.19581570e-21  1.34668115e-18  3.15152031e-19  2.24147416e-07  2.24147416e-07  2.24147416e-07  2.24147416e-07  3.12599161e-08  3.12599161e-08  3.15827373e-08  3.15827373e-08  4.94374643e-10  4.94374643e-10  3.33091015e-10  3.33091015e-10  2.73234176e-21  3.93205878e-23  4.62118684e-20  1.70014618e-20  3.12599161e-08  3.12599161e-08  3.12599161e-08  3.12599161e-08 
 3.16227766e+02  2.24181629e-07  2.24181629e-07  1.76244077e-07  1.76244077e-07  2.87167473e-08  2.87167473e-08  4.94927213e-09  4.94927213e-09  4.05162420e-20  1.17330032e-21  7.51789515e-19  1.42813437e-19  2.24181629e-07  2.24181629e-07  2.24181629e-07  2.24181629e-07  2.21990165e-07  2.21990165e-07  1.73384465e-07  1.73384465e-07  2.87124846e-08  2.87124846e-08  4.93799169e-09  4.93799169e-09  4.04893502e-20  1.17310821e-21  7.51338607e-19  1.42602013e-19  2.21990165e-07  2.21990165e-07  2.21990165e-07  2.21990165e-07  3.12599159e-08  3.12599159e-08  3.15827371e-08  3.15827371e-08  4.94374743e-10  4.94374743e-10  3.33091082e-10  3.33091082e-10  1.47392478e-21  2.12110512e-23  2.60330139e-20  7.76768865e-21  3.12599159e-08  3.12599159e-08  3.12599159e-08  3.12599159e-08 
 3.23593657e+02  2.22066224e-07  2.22066224e-07  1.74291927e-07  1.74291927e-07  2.84404587e-08  2.84404587e-08  4.89287876e-09  4.89287876e-09  8.84487831e-20  2.56130778e-21  1.39512105e-18  3.09741060e-19  2.22066224e-07  2.22066224e-07  2.22066224e-07  2.22066224e-07  2.19853676e-07  2.19853676e-07  1.71399748e-07  1.71399748e-07  2.84361546e-08  2.84361546e-08  4.88146800e-09  4.88146800e-09  8.83889315e-20  2.56088021e-21  1.39426796e-18  3.09273579e-19  2.19853676e-07  2.19853676e-07  2.19853676e-07  2.19853676e-07  3.12599157e-08  3.12599157e-08  3.15827369e-08  3.15827369e-08  4.94374848e-10  4.94374848e-10  3.33091153e-10  3.33091153e-10  3.24887049e-21  4.67534195e-23  4.87792359e-20  1.70101825e-20  3.12599157e-08  3.12599157e-08  3.12599157e-08  3.12599157e-08 
 3.31131121e+02  2.19971581e-07  2.19971581e-07  1.72362854e-07  1.72362854e-07  2.81668303e-08  2.81668303e-08  4.83713395e-09  4.83713395e-09  3.63798058e-20  1.05347212e-21  8.04838811e-19  1.86624595e-19  2.19971581e-07  2.19971581e-07  2.19971581e-07  2.19971581e-07  2.17737749e-07  2.17737749e-07  1.69437750e-07  1.69437750e-07  2.81624844e-08  2.81624844e-08  4.82559137e-09  4.82559137e-09  3.63547080e-20  1.05329283e-21  8.04337063e-19  1.86337441e-19  2.17737749e-07  2.17737749e-07  2.17737749e-07  2.17737749e-07  3.12599155e-08  3.12599155e-08  3.15827367e-08  3.15827367e-08  4.94374958e-10  4.94374958e-10  3.33091227e-10  3.33091227e-10  1.34925854e-21  1.94166027e-23  2.84136369e-20  1.03482349e-20  3.12599155e-08  3.12599155e-08  3.12599155e-08  3.12599155e-08 
 3.38844156e+02  2.17897502e-07  2.17897502e-07  1.70456601e-07  1.70456601e-07  2.78958364e-08  2.78958364e-08  4.78203031e-09  4.78203031e-09  4.88702275e-20  1.41515702e-21  9.83640327e-19  2.30623851e-19  2.17897502e-07  2.17897502e-07  2.17897502e-07  2.17897502e-07  2.15642186e-07  2.15642186e-07  1.67498211e-07  1.67498211e-07  2.78914482e-08  2.78914482e-08  4.77035439e-09  4.77035439e-09  4.88358551e-20  1.41491147e-21  9.83015147e-19  2.30262083e-19  2.15642186e-07  2.15642186e-07  2.15642186e-07  2.15642186e-07  3.12599153e-08  3.12599153e-08  3.15827364e-08  3.15827364e-08  4.94375073e-10  4.94375073e-10  3.33091305e-10  3.33091305e-10  1.83009364e-21  2.63362165e-23  3.50629906e-20  1.29118533e-20  3.12599153e-08  3.12599153e-08  3.12599153e-08  3.12599153e-08 
 3.46736850e+02  2.15843794e-07  2.15843794e-07  1.68572916e-07  1.68572916e-07  2.76274516e-08  2.76274516e-08  4.72756054e-09  4.72756054e-09  9.25287474e-20  2.67936746e-21  1.38384654e-18  2.78567654e-19  2.15843794e-07  2.15843794e-07  2.15843794e-07  2.15843794e-07  2.13566791e-07  2.13566791e-07  1.65580874e-07  1.65580874e-07  2.76230208e-08  2.76230208e-08  4.71574975e-09  4.71574975e-09  9.24623985e-20  2.67889348e-21  1.38294984e-18  2.78122164e-19  2.13566791e-07  2.13566791e-07  2.13566791e-07  2.13566791e-07  3.12599150e-08  3.12599150e-08  3.15827362e-08  3.15827362e-08  4.94375194e-10  4.94375194e-10  3.33091386e-10  3.33091386e-10  3.49864333e-21  5.03476913e-23  4.98075493e-20  1.57471424e-20  3.12599150e-08  3.12599150e-08  3.12599150e-08  3.12599150e-08 
 3.54813389e+02  2.13810264e-07  2.13810264e-07  1.66711546e-07  1.66711546e-07  2.73616509e-08  2.73616509e-08  4.67371740e-09  4.67371740e-09  1.13099995e-19  3.27502245e-21  1.80924016e-18  4.42344920e-19  2.13810264e-07  2.13810264e-07  2.13810264e-07  2.13810264e-07  2.11511370e-07  2.11511370e-07  1.63685484e-07  1.63685484e-07  2.73571771e-08  2.73571771e-08  4.66177020e-09  4.66177020e-09  1.13017313e-19  3.27443178e-21  1.80804494e-18  4.41623733e-19  2.11511370e-07  2.11511370e-07  2.11511370e-07  2.11511370e-07  3.12599148e-08  3.12599148e-08  3.15827359e-08  3.15827359e-08  4.94375320e-10  4.94375320e-10  3.33091471e-10  3.33091471e-10  4.31796873e-21  6.21383996e-23  6.57503344e-20  2.52475103e-20  3.12599148e-08  3.12599148e-08  3.12599148e-08  3.12599148e-08 
 3.63078055e+02  2.11796721e-07  2.11796721e-07  1.64872246e-07  1.64872246e-07  2.70984095e-08  2.70984095e-08  4.62049378e-09  4.62049378e-09  1.07670470e-19  3.11777642e-21  1.67181852e-18  3.81309192e-19  2.11796721e-07  2.11796721e-07  2.11796721e-07  2.11796721e-07  2.09475731e-07  2.09475731e-07  1.61811790e-07  1.61811790e-07  2.70938922e-08  2.70938922e-08  4.60840859e-09  4.60840859e-09  1.07590222e-19  3.11720313e-21  1.67069253e-18  3.80675405e-19  2.09475731e-07  2.09475731e-07  2.09475731e-07  2.09475731e-07  3.12599145e-08  3.12599145e-08  3.15827357e-08  3.15827357e-08  4.94375452e-10  4.94375452e-10  3.33091560e-10  3.33091560e-10  4.15056595e-21  5.97295469e-23  6.13458626e-20  2.19745997e-20  3.12599145e-08  3.12599145e-08  3.12599145e-08  3.12599145e-08 
 3.71535229e+02  2.09802977e-07  2.09802977e-07  1.63054770e-07  1.63054770e-07  2.68377026e-08  2.68377026e-08  4.56788261e-09  4.56788261e-09  7.08131740e-20  2.05047183e-21  1.24126320e-18  2.56454957e-19  2.09802977e-07  2.09802977e-07  2.09802977e-07  2.09802977e-07  2.07459684e-07  2.07459684e-07  1.59959545e-07  1.59959545e-07  2.68331414e-08  2.68331414e-08  4.55565785e-09  4.55565785e-09  7.07593665e-20  2.05008743e-21  1.24041088e-18  2.56020390e-19  2.07459684e-07  2.07459684e-07  2.07459684e-07  2.07459684e-07  3.12599142e-08  3.12599142e-08  3.15827354e-08  3.15827354e-08  4.94375590e-10  4.94375590e-10  3.33091653e-10  3.33091653e-10  2.75624901e-21  3.96639991e-23  4.59890368e-20  1.49224698e-20  3.12599142e-08  3.12599142e-08  3.12599142e-08  3.12599142e-08 
 3.80189396e+02  2.07828846e-07  2.07828846e-07  1.61258876e-07  1.61258876e-07  2.65795060e-08  2.65795060e-08  4.51587692e-09  4.51587692e-09  7.79372109e-20  2.25673176e-21  1.23431644e-18  2.80851660e-19  2.07828846e-07  2.07828846e-07  2.07828846e-07  2.07828846e-07  2.05463039e-07  2.05463039e-07  1.58128501e-07  1.58128501e-07  2.65749005e-08  2.65749005e-08  4.50351098e-09  4.50351098e-09  7.78768349e-20  2.25630043e-21  1.23345236e-18  2.80366483e-19  2.05463039e-07  2.05463039e-07  2.05463039e-07  2.05463039e-07  3.12599139e-08  3.12599139e-08  3.15827351e-08  3.15827351e-08  4.94375735e-10  4.94375735e-10  3.33091751e-10  3.33091751e-10  3.06297045e-21  4.40779150e-23  4.61754490e-20  1.65003155e-20  3.12599139e-08  3.12599139e-08  3.12599139e-08  3.12599139e-08 
 3.89045145e+02  2.05874143e-07  2.05874143e-07  1.59484325e-07  1.59484325e-07  2.63237955e-08  2.63237955e-08  4.46446982e-09  4.46446982e-09  8.26950840e-20  2.39448966e-21  1.33096423e-18  2.75352663e-19  2.05874143e-07  2.05874143e-07  2.05874143e-07  2.05874143e-07  2.03485610e-07  2.03485610e-07  1.56318418e-07  1.56318418e-07  2.63191452e-08  2.63191452e-08  4.45196108e-09  4.45196108e-09  8.26297725e-20  2.39402307e-21  1.33001431e-18  2.74867721e-19  2.03485610e-07  2.03485610e-07  2.03485610e-07  2.03485610e-07  3.12599136e-08  3.12599136e-08  3.15827348e-08  3.15827348e-08  4.94375887e-10  4.94375887e-10  3.33091853e-10  3.33091853e-10  3.28148990e-21  4.72228776e-23  5.02741874e-20  1.63339001e-20  3.12599136e-08  3.12599136e-08  3.12599136e-08  3.12599136e-08 
 3.98107171e+02  2.03938683e-07  2.03938683e-07  1.57730880e-07  1.57730880e-07  2.60705471e-08  2.60705471e-08  4.41365449e-09  4.41365449e-09  2.02578314e-20  5.86575174e-22  4.23724469e-19  5.43933463e-20  2.03938683e-07  2.03938683e-07  2.03938683e-07  2.03938683e-07  2.01527213e-07  2.01527213e-07  1.54529054e-07  1.54529054e-07  2.60658517e-08  2.60658517e-08  4.40100132e-09  4.40100132e-09  2.02415199e-20  5.86458642e-22  4.23416156e-19  5.42956845e-20  2.01527213e-07  2.01527213e-07  2.01527213e-07  2.01527213e-07  3.12599133e-08  3.12599133e-08  3.15827345e-08  3.15827345e-08  4.94376046e-10  4.94376046e-10  3.33091960e-10  3.33091960e-10  8.11666526e-22  1.16805020e-23  1.61605512e-20  3.25785287e-21  3.12599133e-08  3.12599133e-08  3.12599133e-08  3.12599133e-08 
 4.07380278e+02  2.02022287e-07  2.02022287e-07  1.55998309e-07  1.55998309e-07  2.58197373e-08  2.58197373e-08  4.36342420e-09  4.36342420e-09  3.20876579e-20  9.29124162e-22  7.08203438e-19  1.57384960e-19  2.02022287e-07  2.02022287e-07  2.02022287e-07  2.02022287e-07  1.99587663e-07  1.99587663e-07  1.52760173e-07  1.52760173e-07  2.58149962e-08  2.58149962e-08  4.35062494e-09  4.35062494e-09  3.20613172e-20  9.28935975e-22  7.07678078e-19  1.57096876e-19  1.99587663e-07  1.99587663e-07  1.99587663e-07  1.99587663e-07  3.12599130e-08  3.12599130e-08  3.15827341e-08  3.15827341e-08  4.94376213e-10  4.94376213e-10  3.33092073e-10  3.33092073e-10  1.29812309e-21  1.86814206e-23  2.72724710e-20  9.51773707e-21  3.12599130e-08  3.12599130e-08  3.12599130e-08  3.12599130e-08 
 4.16869383e+02  2.00124774e-07  2.00124774e-07  1.54286381e-07  1.54286381e-07  2.55713425e-08  2.55713425e-08  4.31377230e-09  4.31377230e-09  7.66386941e-20  2.21902858e-21  1.15398239e-18  2.39778790e-19  2.00124774e-07  2.00124774e-07  2.00124774e-07  2.00124774e-07  1.97666781e-07  1.97666781e-07  1.51011540e-07  1.51011540e-07  2.55665554e-08  2.55665554e-08  4.30082527e-09  4.30082527e-09  7.65745543e-20  2.21857035e-21  1.15310964e-18  2.39331341e-19  1.97666781e-07  1.97666781e-07  1.97666781e-07  1.97666781e-07  3.12599126e-08  3.12599126e-08  3.15827338e-08  3.15827338e-08  4.94376387e-10  4.94376387e-10  3.33092190e-10  3.33092190e-10  3.13053809e-21  4.50502621e-23  4.48703386e-20  1.46408310e-20  3.12599126e-08  3.12599126e-08  3.12599126e-08  3.12599126e-08 
 4.26579519e+02  1.98245967e-07  1.98245967e-07  1.52594866e-07  1.52594866e-07  2.53253396e-08  2.53253396e-08  4.26469219e-09  4.26469219e-09  6.77002831e-20  1.96018671e-21  1.17262754e-18  2.70932775e-19  1.98245967e-07  1.98245967e-07  1.98245967e-07  1.98245967e-07  1.95764385e-07  1.95764385e-07  1.49282924e-07  1.49282924e-07  2.53205060e-08  2.53205060e-08  4.25159570e-09  4.25159570e-09  6.76425188e-20  1.95977403e-21  1.17172339e-18  2.70417344e-19  1.95764385e-07  1.95764385e-07  1.95764385e-07  1.95764385e-07  3.12599123e-08  3.12599123e-08  3.15827334e-08  3.15827334e-08  4.94376569e-10  4.94376569e-10  3.33092313e-10  3.33092313e-10  2.79224991e-21  4.01818674e-23  4.60377240e-20  1.67032391e-20  3.12599123e-08  3.12599123e-08  3.12599123e-08  3.12599123e-08 
 4.36515832e+02  1.96385689e-07  1.96385689e-07  1.50923541e-07  1.50923541e-07  2.50817055e-08  2.50817055e-08  4.21617739e-09  4.21617739e-09  7.50629316e-20  2.17335768e-21  1.19029450e-18  2.66402018e-19  1.96385689e-07  1.96385689e-07  1.96385689e-07  1.96385689e-07  1.93880298e-07  1.93880298e-07  1.47574094e-07  1.47574094e-07  2.50768249e-08  2.50768249e-08  4.20292971e-09  4.20292971e-09  7.49976361e-20  2.17289119e-21  1.18935882e-18  2.65885337e-19  1.93880298e-07  1.93880298e-07  1.93880298e-07  1.93880298e-07  3.12599119e-08  3.12599119e-08  3.15827330e-08  3.15827330e-08  4.94376760e-10  4.94376760e-10  3.33092442e-10  3.33092442e-10  3.12595045e-21  4.49844169e-23  4.71847485e-20  1.65829023e-20  3.12599119e-08  3.12599119e-08  3.12599119e-08  3.12599119e-08 
 4.46683592e+02  1.94543767e-07  1.94543767e-07  1.49272182e-07  1.49272182e-07  2.48404175e-08  2.48404175e-08  4.16822144e-09  4.16822144e-09  8.91717969e-20  2.58183343e-21  1.44950136e-18  3.25418502e-19  1.94543767e-07  1.94543767e-07  1.94543767e-07  1.94543767e-07  1.92014344e-07  1.92014344e-07  1.45884826e-07  1.45884826e-07  2.48354894e-08  2.48354894e-08  4.15482085e-09  4.15482085e-09  8.90927155e-20  2.58126845e-21  1.44833970e-18  3.24775070e-19  1.92014344e-07  1.92014344e-07  1.92014344e-07  1.92014344e-07  3.12599115e-08  3.12599115e-08  3.15827326e-08  3.15827326e-08  4.94376960e-10  4.94376960e-10  3.33092576e-10  3.33092576e-10  3.74952895e-21  5.39581796e-23  5.80175227e-20  2.04526148e-20  3.12599115e-08  3.12599115e-08  3.12599115e-08  3.12599115e-08 
 4.57088190e+02  1.92720027e-07  1.92720027e-07  1.47640569e-07  1.47640569e-07  2.46014529e-08  2.46014529e-08  4.12081801e-09  4.12081801e-09  7.01045243e-20  2.02974662e-21  1.29025287e-18  3.12542961e-19  1.92720027e-07  1.92720027e-07  1.92720027e-07  1.92720027e-07  1.90166349e-07  1.90166349e-07  1.44214894e-07  1.44214894e-07  2.45964770e-08  2.45964770e-08  4.10726275e-09  4.10726275e-09  7.00411400e-20  2.02929378e-21  1.28919866e-18  3.11912955e-19  1.90166349e-07  1.90166349e-07  1.90166349e-07  1.90166349e-07  3.12599111e-08  3.12599111e-08  3.15827322e-08  3.15827322e-08  4.94377170e-10  4.94377170e-10  3.33092718e-10  3.33092718e-10  2.97637550e-21  4.28320678e-23  5.21445101e-20  1.98335094e-20  3.12599111e-08  3.12599111e-08  3.12599111e-08  3.12599111e-08 
 4.67735141e+02  1.90914300e-07  1.90914300e-07  1.46028484e-07  1.46028484e-07  2.43647896e-08  2.43647896e-08  4.07396081e-09  4.07396081e-09  4.76879591e-20  1.38065604e-21  1.01857124e-18  2.44283847e-19  1.90914300e-07  1.90914300e-07  1.90914300e-07  1.90914300e-07  1.88336138e-07  1.88336138e-07  1.42564078e-07  1.42564078e-07  2.43597653e-08  2.43597653e-08  4.06024910e-09  4.06024910e-09  4.76440016e-20  1.38034200e-21  1.01772278e-18  2.43781847e-19  1.88336138e-07  1.88336138e-07  1.88336138e-07  1.88336138e-07  3.12599107e-08  3.12599107e-08  3.15827318e-08  3.15827318e-08  4.94377389e-10  4.94377389e-10  3.33092865e-10  3.33092865e-10  2.04429114e-21  2.94178425e-23  4.15640866e-20  1.56519163e-20  3.12599107e-08  3.12599107e-08  3.12599107e-08  3.12599107e-08 
 4.78630092e+02  1.89126415e-07  1.89126415e-07  1.44435713e-07  1.44435713e-07  2.41304053e-08  2.41304053e-08  4.02764363e-09  4.02764363e-09  8.71108609e-20  2.52205615e-21  1.24943335e-18  2.64550460e-19  1.89126415e-07  1.89126415e-07  1.89126415e-07  1.89126415e-07  1.86523543e-07  1.86523543e-07  1.40932158e-07  1.40932158e-07  2.41253322e-08  2.41253322e-08  4.01377368e-09  4.01377368e-09  8.70289985e-20  2.52147129e-21  1.24837228e-18  2.63996228e-19  1.86523543e-07  1.86523543e-07  1.86523543e-07  1.86523543e-07  3.12599102e-08  3.12599102e-08  3.15827313e-08  3.15827313e-08  4.94377619e-10  4.94377619e-10  3.33093020e-10  3.33093020e-10  3.77049614e-21  5.42597944e-23  5.14793272e-20  1.71144866e-20  3.12599102e-08  3.12599102e-08  3.12599102e-08  3.12599102e-08 
 4.89778819e+02  1.87356205e-07  1.87356205e-07  1.42862042e-07  1.42862042e-07  2.38982781e-08  2.38982781e-08  3.98186032e-09  3.98186032e-09  2.89090566e-20  8.36997549e-22  7.99681062e-19  1.99844226e-19  1.87356205e-07  1.87356205e-07  1.87356205e-07  1.87356205e-07  1.84728391e-07  1.84728391e-07  1.39318919e-07  1.39318919e-07  2.38931557e-08  2.38931557e-08  3.96783032e-09  3.96783032e-09  2.88813596e-20  8.36799661e-22  7.98988696e-19  1.99417402e-19  1.84728391e-07  1.84728391e-07  1.84728391e-07  1.84728391e-07  3.12599097e-08  3.12599097e-08  3.15827308e-08  3.15827308e-08  4.94377859e-10  4.94377859e-10  3.33093182e-10  3.33093182e-10  1.26343280e-21  1.81821657e-23  3.32682059e-20  1.30535672e-20  3.12599097e-08  3.12599097e-08  3.12599097e-08  3.12599097e-08 
 5.01187234e+02  1.85603503e-07  1.85603503e-07  1.41307262e-07  1.41307262e-07  2.36683863e-08  2.36683863e-08  3.93660482e-09  3.93660482e-09  4.54717331e-20  1.31646668e-21  7.71328158e-19  1.51265401e-19  1.85603503e-07  1.85603503e-07  1.85603503e-07  1.85603503e-07  1.82950517e-07  1.82950517e-07  1.37724146e-07  1.37724146e-07  2.36632142e-08  2.36632142e-08  3.92241294e-09  3.92241294e-09  4.54273181e-20  1.31614936e-21  7.70647315e-19  1.50936043e-19  1.82950517e-07  1.82950517e-07  1.82950517e-07  1.82950517e-07  3.12599092e-08  3.12599092e-08  3.15827303e-08  3.15827303e-08  4.94378111e-10  4.94378111e-10  3.33093352e-10  3.33093352e-10  2.00655752e-21  2.88754853e-23  3.23999556e-20  9.97606138e-21  3.12599092e-08  3.12599092e-08  3.12599092e-08  3.12599092e-08 
 5.12861384e+02  1.83868147e-07  1.83868147e-07  1.39771165e-07  1.39771165e-07  2.34407085e-08  2.34407085e-08  3.89187114e-09  3.89187114e-09  3.26710315e-20  9.45899097e-22  7.67060383e-19  1.61713167e-19  1.83868147e-07  1.83868147e-07  1.83868147e-07  1.83868147e-07  1.81189754e-07  1.81189754e-07  1.36147629e-07  1.36147629e-07  2.34354861e-08  2.34354861e-08  3.87751552e-09  3.87751552e-09  3.26384974e-20  9.45666645e-22  7.66370103e-19  1.61354205e-19  1.81189754e-07  1.81189754e-07  1.81189754e-07  1.81189754e-07  3.12599087e-08  3.12599087e-08  3.15827298e-08  3.15827298e-08  4.94378375e-10  4.94378375e-10  3.33093530e-10  3.33093530e-10  1.45567583e-21  2.09489465e-23  3.25332387e-20  1.07682826e-20  3.12599087e-08  3.12599087e-08  3.12599087e-08  3.12599087e-08 
 5.24807460e+02  1.82149973e-07  1.82149973e-07  1.38253546e-07  1.38253546e-07  2.32152233e-08  2.32152233e-08  3.84765334e-09  3.84765334e-09  6.18177547e-20  1.78967995e-21  9.86880261e-19  2.06901925e-19  1.82149973e-07  1.82149973e-07  1.82149973e-07  1.82149973e-07  1.79445936e-07  1.79445936e-07  1.34589158e-07  1.34589158e-07  2.32099502e-08  2.32099502e-08  3.83313211e-09  3.83313211e-09  6.17549957e-20  1.78923156e-21  9.85974843e-19  2.06433717e-19  1.79445936e-07  1.79445936e-07  1.79445936e-07  1.79445936e-07  3.12599082e-08  3.12599082e-08  3.15827293e-08  3.15827293e-08  4.94378651e-10  4.94378651e-10  3.33093716e-10  3.33093716e-10  2.78103600e-21  4.00212515e-23  4.22624412e-20  1.39106296e-20  3.12599082e-08  3.12599082e-08  3.12599082e-08  3.12599082e-08 
 5.37031796e+02  1.80448819e-07  1.80448819e-07  1.36754202e-07  1.36754202e-07  2.29919098e-08  2.29919098e-08  3.80394557e-09  3.80394557e-09  5.45565998e-20  1.57941260e-21  9.12755783e-19  1.99197414e-19  1.80448819e-07  1.80448819e-07  1.80448819e-07  1.80448819e-07  1.77718901e-07  1.77718901e-07  1.33048526e-07  1.33048526e-07  2.29865854e-08  2.29865854e-08  3.78925683e-09  3.78925683e-09  5.45001325e-20  1.57900916e-21  9.11902039e-19  1.98737868e-19  1.77718901e-07  1.77718901e-07  1.77718901e-07  1.77718901e-07  3.12599076e-08  3.12599076e-08  3.15827287e-08  3.15827287e-08  4.94378941e-10  4.94378941e-10  3.33093911e-10  3.33093911e-10  2.47817558e-21  3.56622522e-23  3.94672560e-20  1.35221821e-20  3.12599076e-08  3.12599076e-08  3.12599076e-08  3.12599076e-08 
 5.49540874e+02  1.78764527e-07  1.78764527e-07  1.35272933e-07  1.35272933e-07  2.27707469e-08  2.27707469e-08  3.76074203e-09  3.76074203e-09  3.72312178e-20  1.07783706e-21  6.75052556e-19  1.33723816e-19  1.78764527e-07  1.78764527e-07  1.78764527e-07  1.78764527e-07  1.76008487e-07  1.76008487e-07  1.31525529e-07  1.31525529e-07  2.27653708e-08  2.27653708e-08  3.74588386e-09  3.74588386e-09  3.71919312e-20  1.07755636e-21  6.74408833e-19  1.33409314e-19  1.76008487e-07  1.76008487e-07  1.76008487e-07  1.76008487e-07  3.12599070e-08  3.12599070e-08  3.15827281e-08  3.15827281e-08  4.94379243e-10  4.94379243e-10  3.33094115e-10  3.33094115e-10  1.70758859e-21  2.45733356e-23  2.94721620e-20  9.16541857e-21  3.12599070e-08  3.12599070e-08  3.12599070e-08  3.12599070e-08 
 5.62341325e+02  1.77096939e-07  1.77096939e-07  1.33809541e-07  1.33809541e-07  2.25517141e-08  2.25517141e-08  3.71803699e-09  3.71803699e-09  8.69470468e-20  2.51705324e-21  1.37216522e-18  3.20297964e-19  1.77096939e-07  1.77096939e-07  1.77096939e-07  1.77096939e-07  1.74314535e-07  1.74314535e-07  1.30019966e-07  1.30019966e-07  2.25462858e-08  2.25462858e-08  3.70300745e-09  3.70300745e-09  8.68535110e-20  2.51638495e-21  1.37083122e-18  3.19530001e-19  1.74314535e-07  1.74314535e-07  1.74314535e-07  1.74314535e-07  3.12599063e-08  3.12599063e-08  3.15827274e-08  3.15827274e-08  4.94379560e-10  4.94379560e-10  3.33094328e-10  3.33094328e-10  4.02644614e-21  5.79430291e-23  6.04884885e-20  2.21655134e-20  3.12599063e-08  3.12599063e-08  3.12599063e-08  3.12599063e-08 
 5.75439937e+02  1.75445897e-07  1.75445897e-07  1.32363829e-07  1.32363829e-07  2.23347909e-08  2.23347909e-08  3.67582481e-09  3.67582481e-09  7.60514135e-20  2.20160846e-21  1.20780526e-18  2.70440934e-19  1.75445897e-07  1.75445897e-07  1.75445897e-07  1.75445897e-07  1.72636886e-07  1.72636886e-07  1.28531638e-07  1.28531638e-07  2.23293098e-08  2.23293098e-08  3.66062194e-09  3.66062194e-09  7.59680038e-20  2.20101251e-21  1.20660815e-18  2.69779894e-19  1.72636886e-07  1.72636886e-07  1.72636886e-07  1.72636886e-07  3.12599057e-08  3.12599057e-08  3.15827268e-08  3.15827268e-08  4.94379892e-10  4.94379892e-10  3.33094552e-10  3.33094552e-10  3.55602847e-21  5.11736774e-23  5.37594728e-20  1.88962547e-20  3.12599057e-08  3.12599057e-08  3.12599057e-08  3.12599057e-08 
 5.88843655e+02  1.73811247e-07  1.73811247e-07  1.30935605e-07  1.30935605e-07  2.21199569e-08  2.21199569e-08  3.63409987e-09  3.63409987e-09  7.83239191e-20  2.26734538e-21  1.30897683e-18  2.96845995e-19  1.73811247e-07  1.73811247e-07  1.73811247e-07  1.73811247e-07  1.70975382e-07  1.70975382e-07  1.27060345e-07  1.27060345e-07  2.21144226e-08  2.21144226e-08  3.61872169e-09  3.61872169e-09  7.82363421e-20  2.26671965e-21  1.30765414e-18  2.96106296e-19  1.70975382e-07  1.70975382e-07  1.70975382e-07  1.70975382e-07  3.12599050e-08  3.12599050e-08  3.15827261e-08  3.15827261e-08  4.94380240e-10  4.94380240e-10  3.33094786e-10  3.33094786e-10  3.69779688e-21  5.32135124e-23  5.88276689e-20  2.09417898e-20  3.12599050e-08  3.12599050e-08  3.12599050e-08  3.12599050e-08 
 6.02559586e+02  1.72192837e-07  1.72192837e-07  1.29524678e-07  1.29524678e-07  2.19071922e-08  2.19071922e-08  3.59285665e-09  3.59285665e-09  4.50435222e-20  1.30386988e-21  7.96776673e-19  1.61994101e-19  1.72192837e-07  1.72192837e-07  1.72192837e-07  1.72192837e-07  1.69329869e-07  1.69329869e-07  1.25605895e-07  1.25605895e-07  2.19016041e-08  2.19016041e-08  3.57730116e-09  3.57730116e-09  4.49921753e-20  1.30350302e-21  7.95955853e-19  1.61582580e-19  1.69329869e-07  1.69329869e-07  1.69329869e-07  1.69329869e-07  3.12599043e-08  3.12599043e-08  3.15827253e-08  3.15827253e-08  4.94380604e-10  4.94380604e-10  3.33095031e-10  3.33095031e-10  2.14719509e-21  3.08984119e-23  3.61557793e-20  1.15388012e-20  3.12599043e-08  3.12599043e-08  3.12599043e-08  3.12599043e-08 
 6.16595002e+02  1.70590513e-07  1.70590513e-07  1.28130857e-07  1.28130857e-07  2.16964768e-08  2.16964768e-08  3.55208970e-09  3.55208970e-09  7.98197931e-20  2.31058513e-21  1.25560588e-18  2.96792520e-19  1.70590513e-07  1.70590513e-07  1.70590513e-07  1.70590513e-07  1.67700193e-07  1.67700193e-07  1.24168093e-07  1.24168093e-07  2.16908344e-08  2.16908344e-08  3.53635486e-09  3.53635486e-09  7.97270295e-20  2.30992233e-21  1.25428717e-18  2.96023897e-19  1.67700193e-07  1.67700193e-07  1.67700193e-07  1.67700193e-07  3.12599035e-08  3.12599035e-08  3.15827246e-08  3.15827246e-08  4.94380986e-10  4.94380986e-10  3.33095288e-10  3.33095288e-10  3.84184729e-21  5.52868051e-23  5.75288542e-20  2.13448411e-20  3.12599035e-08  3.12599035e-08  3.12599035e-08  3.12599035e-08 
 6.30957344e+02  1.69004126e-07  1.69004126e-07  1.26753958e-07  1.26753958e-07  2.14877911e-08  2.14877911e-08  3.51179359e-09  3.51179359e-09  7.28798312e-20  2.10969221e-21  1.18767759e-18  2.44592428e-19  1.69004126e-07  1.69004126e-07  1.69004126e-07  1.69004126e-07  1.66086201e-07  1.66086201e-07  1.22746749e-07  1.22746749e-07  2.14820939e-08  2.14820939e-08  3.49587736e-09  3.49587736e-09  7.27934817e-20  2.10907522e-21  1.18640589e-18  2.43946669e-19  1.66086201e-07  1.66086201e-07  1.66086201e-07  1.66086201e-07  3.12599027e-08  3.12599027e-08  3.15827238e-08  3.15827238e-08  4.94381385e-10  4.94381385e-10  3.33095557e-10  3.33095557e-10  3.54182425e-21  5.09701822e-23  5.49442234e-20  1.77607396e-20  3.12599027e-08  3.12599027e-08  3.12599027e-08  3.12599027e-08 
 6.45654229e+02  1.67433526e-07  1.67433526e-07  1.25393794e-07  1.25393794e-07  2.12811155e-08  2.12811155e-08  3.47196300e-09  3.47196300e-09  4.91126510e-20  1.42167331e-21  7.78290750e-19  1.63837780e-19  1.67433526e-07  1.67433526e-07  1.67433526e-07  1.67433526e-07  1.64487742e-07  1.64487742e-07  1.21341676e-07  1.21341676e-07  2.12753629e-08  2.12753629e-08  3.45586330e-09  3.45586330e-09  4.90533270e-20  1.42124942e-21  7.77441153e-19  1.63396811e-19  1.64487742e-07  1.64487742e-07  1.64487742e-07  1.64487742e-07  3.12599019e-08  3.12599019e-08  3.15827229e-08  3.15827229e-08  4.94381803e-10  4.94381803e-10  3.33095839e-10  3.33095839e-10  2.40992198e-21  3.46812241e-23  3.63543406e-20  1.20118453e-20  3.12599019e-08  3.12599019e-08  3.12599019e-08  3.12599019e-08 
 6.60693448e+02  1.65878567e-07  1.65878567e-07  1.24050183e-07  1.24050183e-07  2.10764307e-08  2.10764307e-08  3.43259265e-09  3.43259265e-09  3.87110486e-20  1.12048434e-21  8.05900275e-19  1.83947800e-19  1.65878567e-07  1.65878567e-07  1.65878567e-07  1.65878567e-07  1.62904668e-07  1.62904668e-07  1.19952686e-07  1.19952686e-07  2.10706223e-08  2.10706223e-08  3.41630739e-09  3.41630739e-09  3.86633773e-20  1.12014373e-21  8.05003386e-19  1.83443076e-19  1.62904668e-07  1.62904668e-07  1.62904668e-07  1.62904668e-07  3.12599010e-08  3.12599010e-08  3.15827221e-08  3.15827221e-08  4.94382240e-10  4.94382240e-10  3.33096134e-10  3.33096134e-10  1.91793685e-21  2.75992874e-23  3.80090008e-20  1.36165623e-20  3.12599010e-08  3.12599010e-08  3.12599010e-08  3.12599010e-08 
 6.76082975e+02  1.64339102e-07  1.64339102e-07  1.22722946e-07  1.22722946e-07  2.08737177e-08  2.08737177e-08  3.39367731e-09  3.39367731e-09  6.77842671e-20  1.96205457e-21  1.09317493e-18  2.34999392e-19  1.64339102e-07  1.64339102e-07  1.64339102e-07  1.64339102e-07  1.61336828e-07  1.61336828e-07  1.18579595e-07  1.18579595e-07  2.08678528e-08  2.08678528e-08  3.37720437e-09  3.37720437e-09  6.76991660e-20  1.96144649e-21  1.09193461e-18  2.34342050e-19  1.61336828e-07  1.61336828e-07  1.61336828e-07  1.61336828e-07  3.12599001e-08  3.12599001e-08  3.15827211e-08  3.15827211e-08  4.94382699e-10  4.94382699e-10  3.33096443e-10  3.33096443e-10  3.39092226e-21  4.87978381e-23  5.20577482e-20  1.75637149e-20  3.12599001e-08  3.12599001e-08  3.12599001e-08  3.12599001e-08 
 6.91830971e+02  1.62814986e-07  1.62814986e-07  1.21411904e-07  1.21411904e-07  2.06729574e-08  2.06729574e-08  3.35521184e-09  3.35521184e-09  8.45618277e-20  2.44763213e-21  1.30308792e-18  2.97622223e-19  1.62814986e-07  1.62814986e-07  1.62814986e-07  1.62814986e-07  1.59784078e-07  1.59784078e-07  1.17222222e-07  1.17222222e-07  2.06670355e-08  2.06670355e-08  3.33854908e-09  3.33854908e-09  8.44535935e-20  2.44685876e-21  1.30158061e-18  2.96773522e-19  1.59784078e-07  1.59784078e-07  1.59784078e-07  1.59784078e-07  3.12598992e-08  3.12598992e-08  3.15827202e-08  3.15827202e-08  4.94383179e-10  4.94383179e-10  3.33096766e-10  3.33096766e-10  4.27122695e-21  6.14657263e-23  6.26555886e-20  2.24590460e-20  3.12598992e-08  3.12598992e-08  3.12598992e-08  3.12598992e-08 
 7.07945784e+02  1.61306078e-07  1.61306078e-07  1.20116881e-07  1.20116881e-07  2.04741311e-08  2.04741311e-08  3.31719112e-09  3.31719112e-09  5.58314157e-20  1.61599846e-21  8.73701160e-19  1.74219018e-19  1.61306078e-07  1.61306078e-07  1.61306078e-07  1.61306078e-07  1.58246272e-07  1.58246272e-07  1.15880387e-07  1.15880387e-07  2.04681517e-08  2.04681517e-08  3.30033637e-09  3.30033637e-09  5.57585619e-20  1.61547789e-21  8.72670828e-19  1.73712555e-19  1.58246272e-07  1.58246272e-07  1.58246272e-07  1.58246272e-07  3.12598982e-08  3.12598982e-08  3.15827192e-08  3.15827192e-08  4.94383681e-10  4.94383681e-10  3.33097105e-10  3.33097105e-10  2.84738425e-21  4.09755823e-23  4.24169272e-20  1.32738639e-20  3.12598982e-08  3.12598982e-08  3.12598982e-08  3.12598982e-08 
 7.24435960e+02  1.59812234e-07  1.59812234e-07  1.18837702e-07  1.18837702e-07  2.02772203e-08  2.02772203e-08  3.27961014e-09  3.27961014e-09  3.18598063e-20  9.22158266e-22  7.25969333e-19  1.51346429e-19  1.59812234e-07  1.59812234e-07  1.59812234e-07  1.59812234e-07  1.56723266e-07  1.56723266e-07  1.14553911e-07  1.14553911e-07  2.02711828e-08  2.02711828e-08  3.26256121e-09  3.26256121e-09  3.18174225e-20  9.21855408e-22  7.25096528e-19  1.50897903e-19  1.56723266e-07  1.56723266e-07  1.56723266e-07  1.56723266e-07  3.12598971e-08  3.12598971e-08  3.15827181e-08  3.15827181e-08  4.94384208e-10  4.94384208e-10  3.33097459e-10  3.33097459e-10  1.64058792e-21  2.36095073e-23  3.55864422e-20  1.16425834e-20  3.12598971e-08  3.12598971e-08  3.12598971e-08  3.12598971e-08 
 7.41310241e+02  1.58333315e-07  1.58333315e-07  1.17574197e-07  1.17574197e-07  2.00822065e-08  2.00822065e-08  3.24246389e-09  3.24246389e-09  3.60056856e-21  1.04533079e-22  3.04435090e-19  4.65974038e-20  1.58333315e-07  1.58333315e-07  1.58333315e-07  1.58333315e-07  1.55214918e-07  1.55214918e-07  1.13242619e-07  1.13242619e-07  2.00761103e-08  2.00761103e-08  3.22521858e-09  3.22521858e-09  3.59568528e-21  1.04498078e-22  3.04061944e-19  4.64566241e-20  1.55214918e-07  1.55214918e-07  1.55214918e-07  1.55214918e-07  3.12598960e-08  3.12598960e-08  3.15827170e-08  3.15827170e-08  4.94384759e-10  4.94384759e-10  3.33097830e-10  3.33097830e-10  1.87204458e-22  2.70229290e-24  1.50678335e-20  3.61921015e-21  3.12598960e-08  3.12598960e-08  3.12598960e-08  3.12598960e-08 
 7.58577575e+02  1.56869181e-07  1.56869181e-07  1.16326194e-07  1.16326194e-07  1.98890715e-08  1.98890715e-08  3.20574747e-09  3.20574747e-09  6.25026704e-20  1.80896667e-21  1.07238602e-18  2.43434435e-19  1.56869181e-07  1.56869181e-07  1.56869181e-07  1.56869181e-07  1.53721086e-07  1.53721086e-07  1.11946338e-07  1.11946338e-07  1.98829161e-08  1.98829161e-08  3.18830352e-09  3.18830352e-09  6.24162489e-20  1.80834914e-21  1.07104597e-18  2.42684676e-19  1.53721086e-07  1.53721086e-07  1.53721086e-07  1.53721086e-07  3.12598949e-08  3.12598949e-08  3.15827159e-08  3.15827159e-08  4.94385336e-10  4.94385336e-10  3.33098219e-10  3.33098219e-10  3.28119605e-21  4.72178709e-23  5.35916167e-20  1.90901134e-20  3.12598949e-08  3.12598949e-08  3.12598949e-08  3.12598949e-08 
 7.76247117e+02  1.55419695e-07  1.55419695e-07  1.15093525e-07  1.15093525e-07  1.96977974e-08  1.96977974e-08  3.16945601e-09  3.16945601e-09  2.63501739e-20  7.62738924e-22  6.13964790e-19  1.33091649e-19  1.55419695e-07  1.55419695e-07  1.55419695e-07  1.55419695e-07  1.52241630e-07  1.52241630e-07  1.10664894e-07  1.10664894e-07  1.96915821e-08  1.96915821e-08  3.15181117e-09  3.15181117e-09  2.63130299e-20  7.62473465e-22  6.13182630e-19  1.32673770e-19  1.52241630e-07  1.52241630e-07  1.52241630e-07  1.52241630e-07  3.12598937e-08  3.12598937e-08  3.15827146e-08  3.15827146e-08  4.94385940e-10  4.94385940e-10  3.33098626e-10  3.33098626e-10  1.39670721e-21  2.01024435e-23  3.09797985e-20  1.05378308e-20  3.12598937e-08  3.12598937e-08  3.12598937e-08  3.12598937e-08 
 7.94328235e+02  1.53984722e-07  1.53984722e-07  1.13876026e-07  1.13876026e-07  1.95083661e-08  1.95083661e-08  3.13358470e-09  3.13358470e-09  1.87147329e-20  5.41664090e-22  4.85051727e-19  1.08828587e-19  1.53984722e-07  1.53984722e-07  1.53984722e-07  1.53984722e-07  1.50776413e-07  1.50776413e-07  1.09398119e-07  1.09398119e-07  1.95020905e-08  1.95020905e-08  3.11573667e-09  3.11573667e-09  1.86878379e-20  5.41471893e-22  4.84421751e-19  1.08480246e-19  1.50776413e-07  1.50776413e-07  1.50776413e-07  1.50776413e-07  3.12598924e-08  3.12598924e-08  3.15827134e-08  3.15827134e-08  4.94386573e-10  4.94386573e-10  3.33099052e-10  3.33099052e-10  1.00159829e-21  1.44145150e-23  2.47122552e-20  8.69995120e-21  3.12598924e-08  3.12598924e-08  3.12598924e-08  3.12598924e-08 
 8.12830516e+02  1.52564125e-07  1.52564125e-07  1.12673530e-07  1.12673530e-07  1.93207600e-08  1.93207600e-08  3.09812878e-09  3.09812878e-09  2.93336185e-20  8.48855148e-22  6.01128594e-19  1.20471460e-19  1.52564125e-07  1.52564125e-07  1.52564125e-07  1.52564125e-07  1.49325298e-07  1.49325298e-07  1.08145845e-07  1.08145845e-07  1.93144235e-08  1.93144235e-08  3.08007525e-09  3.08007525e-09  2.92906416e-20  8.48548072e-22  6.00332642e-19  1.20078359e-19  1.49325298e-07  1.49325298e-07  1.49325298e-07  1.49325298e-07  3.12598911e-08  3.12598911e-08  3.15827121e-08  3.15827121e-08  4.94387235e-10  4.94387235e-10  3.33099499e-10  3.33099499e-10  1.58512458e-21  2.28087018e-23  3.09229347e-20  9.72368539e-21  3.12598911e-08  3.12598911e-08  3.12598911e-08  3.12598911e-08 
 8.31763771e+02  1.51157772e-07  1.51157772e-07  1.11485876e-07  1.11485876e-07  1.91349617e-08  1.91349617e-08  3.06308356e-09  3.06308356e-09  6.01462202e-20  1.74075199e-21  9.38630686e-19  2.02221655e-19  1.51157772e-07  1.51157772e-07  1.51157772e-07  1.51157772e-07  1.47888148e-07  1.47888148e-07  1.06907905e-07  1.06907905e-07  1.91285636e-08  1.91285636e-08  3.04482220e-09  3.04482220e-09  6.00563824e-20  1.74010998e-21  9.37363625e-19  2.01548978e-19  1.47888148e-07  1.47888148e-07  1.47888148e-07  1.47888148e-07  3.12598897e-08  3.12598897e-08  3.15827107e-08  3.15827107e-08  4.94387929e-10  4.94387929e-10  3.33099966e-10  3.33099966e-10  3.28166075e-21  4.72281370e-23  4.87524945e-20  1.64796034e-20  3.12598897e-08  3.12598897e-08  3.12598897e-08  3.12598897e-08 
 8.51138038e+02  1.49765529e-07  1.49765529e-07  1.10312904e-07  1.10312904e-07  1.89509537e-08  1.89509537e-08  3.02844439e-09  3.02844439e-09  4.90613079e-20  1.41973222e-21  9.19570728e-19  2.20042947e-19  1.49765529e-07  1.49765529e-07  1.49765529e-07  1.49765529e-07  1.46464830e-07  1.46464830e-07  1.05684135e-07  1.05684135e-07  1.89444934e-08  1.89444934e-08  3.00997283e-09  3.00997283e-09  4.89865993e-20  1.41919838e-21  9.18305203e-19  2.19296767e-19  1.46464830e-07  1.46464830e-07  1.46464830e-07  1.46464830e-07  3.12598883e-08  3.12598883e-08  3.15827092e-08  3.15827092e-08  4.94388655e-10  4.94388655e-10  3.33100456e-10  3.33100456e-10  2.70278691e-21  3.88926221e-23  4.82253947e-20  1.81049939e-20  3.12598883e-08  3.12598883e-08  3.12598883e-08  3.12598883e-08 
 8.70963590e+02  1.48387267e-07  1.48387267e-07  1.09154455e-07  1.09154455e-07  1.87687189e-08  1.87687189e-08  2.99420669e-09  2.99420669e-09  5.15027657e-20  1.49043392e-21  9.04479902e-19  2.02768449e-19  1.48387267e-07  1.48387267e-07  1.48387267e-07  1.48387267e-07  1.45055209e-07  1.45055209e-07  1.04474374e-07  1.04474374e-07  1.87621958e-08  1.87621958e-08  2.97552253e-09  2.97552253e-09  5.14228112e-20  1.48986256e-21  9.03210887e-19  2.02067488e-19  1.45055209e-07  1.45055209e-07  1.45055209e-07  1.45055209e-07  3.12598868e-08  3.12598868e-08  3.15827077e-08  3.15827077e-08  4.94389416e-10  4.94389416e-10  3.33100968e-10  3.33100968e-10  2.86477376e-21  4.12259169e-23  4.78936470e-20  1.68446735e-20  3.12598868e-08  3.12598868e-08  3.12598868e-08  3.12598868e-08 
 8.91250938e+02  1.47022856e-07  1.47022856e-07  1.08010373e-07  1.08010373e-07  1.85882403e-08  1.85882403e-08  2.96036591e-09  2.96036591e-09  7.69782162e-20  2.22760675e-21  1.20167096e-18  2.82267312e-19  1.47022856e-07  1.47022856e-07  1.47022856e-07  1.47022856e-07  1.43659155e-07  1.43659155e-07  1.03278461e-07  1.03278461e-07  1.85816538e-08  1.85816538e-08  2.94146675e-09  2.94146675e-09  7.68563845e-20  2.22673612e-21  1.19995212e-18  2.81272571e-19  1.43659155e-07  1.43659155e-07  1.43659155e-07  1.43659155e-07  3.12598852e-08  3.12598852e-08  3.15827061e-08  3.15827061e-08  4.94390212e-10  4.94390212e-10  3.33101505e-10  3.33101505e-10  4.32329097e-21  6.22146799e-23  6.42469719e-20  2.36751935e-20  3.12598852e-08  3.12598852e-08  3.12598852e-08  3.12598852e-08 
 9.12010839e+02  1.45672166e-07  1.45672166e-07  1.06880501e-07  1.06880501e-07  1.84095009e-08  1.84095009e-08  2.92691758e-09  2.92691758e-09  7.85342908e-20  2.27257540e-21  1.27251302e-18  3.08756756e-19  1.45672166e-07  1.45672166e-07  1.45672166e-07  1.45672166e-07  1.42276537e-07  1.42276537e-07  1.02096236e-07  1.02096236e-07  1.84028505e-08  1.84028505e-08  2.90780096e-09  2.90780096e-09  7.84075747e-20  2.27166986e-21  1.27065738e-18  3.07647527e-19  1.42276537e-07  1.42276537e-07  1.42276537e-07  1.42276537e-07  3.12598836e-08  3.12598836e-08  3.15827044e-08  3.15827044e-08  4.94391046e-10  4.94391046e-10  3.33102067e-10  3.33102067e-10  4.45340852e-21  6.40869101e-23  6.86937472e-20  2.61468625e-20  3.12598836e-08  3.12598836e-08  3.12598836e-08  3.12598836e-08 
 9.33254301e+02  1.44335072e-07  1.44335072e-07  1.05764688e-07  1.05764688e-07  1.82324842e-08  1.82324842e-08  2.89385726e-09  2.89385726e-09  7.13889033e-20  2.06577166e-21  1.11988935e-18  2.59379116e-19  1.44335072e-07  1.44335072e-07  1.44335072e-07  1.44335072e-07  1.40907225e-07  1.40907225e-07  1.00927545e-07  1.00927545e-07  1.82257691e-08  1.82257691e-08  2.87452072e-09  2.87452072e-09  7.12714723e-20  2.06493246e-21  1.11822445e-18  2.58429181e-19  1.40907225e-07  1.40907225e-07  1.40907225e-07  1.40907225e-07  3.12598818e-08  3.12598818e-08  3.15827027e-08  3.15827027e-08  4.94391920e-10  4.94391920e-10  3.33102655e-10  3.33102655e-10  4.08742922e-21  5.88206701e-23  6.10404504e-20  2.21772506e-20  3.12598818e-08  3.12598818e-08  3.12598818e-08  3.12598818e-08 
 9.54992586e+02  1.43011447e-07  1.43011447e-07  1.04662782e-07  1.04662782e-07  1.80571735e-08  1.80571735e-08  2.86118057e-09  2.86118057e-09  4.65213922e-20  1.34615925e-21  8.00431873e-19  1.63109995e-19  1.43011447e-07  1.43011447e-07  1.43011447e-07  1.43011447e-07  1.39551091e-07  1.39551091e-07  9.97722311e-08  9.97722311e-08  1.80503932e-08  1.80503932e-08  2.84162161e-09  2.84162161e-09  4.64433762e-20  1.34560171e-21  7.99218711e-19  1.62501029e-19  1.39551091e-07  1.39551091e-07  1.39551091e-07  1.39551091e-07  3.12598800e-08  3.12598800e-08  3.15827008e-08  3.15827008e-08  4.94392834e-10  4.94392834e-10  3.33103271e-10  3.33103271e-10  2.68941794e-21  3.87026449e-23  4.40508597e-20  1.40806359e-20  3.12598800e-08  3.12598800e-08  3.12598800e-08  3.12598800e-08 
 9.77237221e+02  1.41701166e-07  1.41701166e-07  1.03574633e-07  1.03574633e-07  1.78835526e-08  1.78835526e-08  2.82888318e-09  2.82888318e-09  9.07185556e-20  2.62501273e-21  1.32752075e-18  3.29321512e-19  1.41701166e-07  1.41701166e-07  1.41701166e-07  1.41701166e-07  1.38208009e-07  1.38208009e-07  9.86301418e-08  9.86301418e-08  1.78767065e-08  1.78767065e-08  2.80909927e-09  2.80909927e-09  9.05634577e-20  2.62390431e-21  1.32546951e-18  3.28068126e-19  1.38208009e-07  1.38208009e-07  1.38208009e-07  1.38208009e-07  3.12598781e-08  3.12598781e-08  3.15826989e-08  3.15826989e-08  4.94393792e-10  4.94393792e-10  3.33103916e-10  3.33103916e-10  5.29526270e-21  7.62030071e-23  7.37663827e-20  2.87031917e-20  3.12598781e-08  3.12598781e-08  3.12598781e-08  3.12598781e-08 
 1.00000000e+03  1.40404106e-07  1.40404106e-07  1.02500093e-07  1.02500093e-07  1.77116053e-08  1.77116053e-08  2.79696081e-09  2.79696081e-09  3.37584044e-20  9.76803972e-22  4.97137861e-19  8.16932936e-20  1.40404106e-07  1.40404106e-07  1.40404106e-07  1.40404106e-07  1.36877852e-07  1.36877852e-07  9.75011257e-08  9.75011257e-08  1.77046926e-08  1.77046926e-08  2.77694941e-09  2.77694941e-09  3.36995647e-20  9.76383463e-22  4.96354734e-19  8.13763347e-20  1.36877852e-07  1.36877852e-07  1.36877852e-07  1.36877852e-07  3.12598761e-08  3.12598761e-08  3.15826969e-08  3.15826969e-08  4.94394795e-10  4.94394795e-10  3.33104592e-10  3.33104592e-10  1.98956809e-21  2.86315284e-23  2.78920807e-20  7.18893039e-21  3.12598761e-08  3.12598761e-08  3.12598761e-08  3.12598761e-08 
 1.02329299e+03  1.39120146e-07  1.39120146e-07  1.01439017e-07  1.01439017e-07  1.75413154e-08  1.75413154e-08  2.76540925e-09  2.76540925e-09  6.73824181e-20  1.94961225e-21  8.79296443e-19  1.70455979e-19  1.39120146e-07  1.39120146e-07  1.39120146e-07  1.39120146e-07  1.35560497e-07  1.35560497e-07  9.63850331e-08  9.63850331e-08  1.75343355e-08  1.75343355e-08  2.74516776e-09  2.74516776e-09  6.72626855e-20  1.94875657e-21  8.77884326e-19  1.69781793e-19  1.35560497e-07  1.35560497e-07  1.35560497e-07  1.35560497e-07  3.12598740e-08  3.12598740e-08  3.15826948e-08  3.15826948e-08  4.94395845e-10  4.94395845e-10  3.33105299e-10  3.33105299e-10  4.00967080e-21  5.77007833e-23  4.98110894e-20  1.51445813e-20  3.12598740e-08  3.12598740e-08  3.12598740e-08  3.12598740e-08 
 1.04712855e+03  1.37849163e-07  1.37849163e-07  1.00391258e-07  1.00391258e-07  1.73726671e-08  1.73726671e-08  2.73422429e-09  2.73422429e-09  3.47356311e-20  1.00492969e-21  6.03297462e-19  1.25026105e-19  1.37849163e-07  1.37849163e-07  1.37849163e-07  1.37849163e-07  1.34255820e-07  1.34255820e-07  9.52817161e-08  9.52817161e-08  1.73656194e-08  1.73656194e-08  2.71375012e-09  2.71375012e-09  3.46727068e-20  1.00448002e-21  6.02309714e-19  1.24522004e-19  1.34255820e-07  1.34255820e-07  1.34255820e-07  1.34255820e-07  3.12598719e-08  3.12598719e-08  3.15826926e-08  3.15826926e-08  4.94396944e-10  4.94396944e-10  3.33106040e-10  3.33106040e-10  2.08699910e-21  3.00306974e-23  3.45071119e-20  1.12153351e-20  3.12598719e-08  3.12598719e-08  3.12598719e-08  3.12598719e-08 
 1.07151931e+03  1.36591038e-07  1.36591038e-07  9.93566758e-08  9.93566758e-08  1.72056446e-08  1.72056446e-08  2.70340182e-09  2.70340182e-09  5.61393061e-20  1.62424876e-21  8.51663098e-19  2.00680488e-19  1.36591038e-07  1.36591038e-07  1.36591038e-07  1.36591038e-07  1.32963700e-07  1.32963700e-07  9.41910284e-08  9.41910284e-08  1.71985284e-08  1.71985284e-08  2.68269233e-09  2.68269233e-09  5.60356280e-20  1.62350778e-21  8.50241548e-19  1.99855646e-19  1.32963700e-07  1.32963700e-07  1.32963700e-07  1.32963700e-07  3.12598696e-08  3.12598696e-08  3.15826903e-08  3.15826903e-08  4.94398095e-10  4.94398095e-10  3.33106816e-10  3.33106816e-10  3.40564016e-21  4.90092990e-23  4.91848180e-20  1.81753413e-20  3.12598696e-08  3.12598696e-08  3.12598696e-08  3.12598696e-08 
 1.09647820e+03  1.35345653e-07  1.35345653e-07  9.83351276e-08  9.83351276e-08  1.70402324e-08  1.70402324e-08  2.67293775e-09  2.67293775e-09  4.69504057e-20  1.35837678e-21  7.12748649e-19  1.56633121e-19  1.35345653e-07  1.35345653e-07  1.35345653e-07  1.35345653e-07  1.31684014e-07  1.31684014e-07  9.31128255e-08  9.31128255e-08  1.70330471e-08  1.70330471e-08  2.65199027e-09  2.65199027e-09  4.68620089e-20  1.35774500e-21  7.11535792e-19  1.55976829e-19  1.31684014e-07  1.31684014e-07  1.31684014e-07  1.31684014e-07  3.12598672e-08  3.12598672e-08  3.15826879e-08  3.15826879e-08  4.94399301e-10  4.94399301e-10  3.33107628e-10  3.33107628e-10  2.87577840e-21  4.13849398e-23  4.15609529e-20  1.43227443e-20  3.12598672e-08  3.12598672e-08  3.12598672e-08  3.12598672e-08 
 1.12201845e+03  1.34112890e-07  1.34112890e-07  9.73264740e-08  9.73264740e-08  1.68764151e-08  1.68764151e-08  2.64282804e-09  2.64282804e-09  5.09427260e-20  1.47370652e-21  8.19806136e-19  1.88603268e-19  1.34112890e-07  1.34112890e-07  1.34112890e-07  1.34112890e-07  1.30416645e-07  1.30416645e-07  9.20469644e-08  9.20469644e-08  1.68691600e-08  1.68691600e-08  2.62163988e-09  2.62163988e-09  5.08449449e-20  1.47300773e-21  8.18383930e-19  1.87797686e-19  1.30416645e-07  1.30416645e-07  1.30416645e-07  1.30416645e-07  3.12598647e-08  3.12598647e-08  3.15826853e-08  3.15826853e-08  4.94400563e-10  4.94400563e-10  3.33108478e-10  3.33108478e-10  3.15052040e-21  4.53345325e-23  4.82665034e-20  1.74123100e-20  3.12598647e-08  3.12598647e-08  3.12598647e-08  3.12598647e-08 
 1.14815362e+03  1.32892632e-07  1.32892632e-07  9.63305770e-08  9.63305770e-08  1.67141773e-08  1.67141773e-08  2.61306871e-09  2.61306871e-09  3.50068789e-20  1.01276230e-21  6.36818189e-19  1.48006646e-19  1.32892632e-07  1.32892632e-07  1.32892632e-07  1.32892632e-07  1.29161472e-07  1.29161472e-07  9.09933039e-08  9.09933039e-08  1.67068517e-08  1.67068517e-08  2.59163715e-09  2.59163715e-09  3.49383772e-20  1.01227271e-21  6.35691913e-19  1.47362199e-19  1.29161472e-07  1.29161472e-07  1.29161472e-07  1.29161472e-07  3.12598621e-08  3.12598621e-08  3.15826827e-08  3.15826827e-08  4.94401885e-10  4.94401885e-10  3.33109369e-10  3.33109369e-10  2.18593500e-21  3.14573144e-23  3.78560618e-20  1.37959702e-20  3.12598621e-08  3.12598621e-08  3.12598621e-08  3.12598621e-08 
 1.17489755e+03  1.31684765e-07  1.31684765e-07  9.53473001e-08  9.53473001e-08  1.65535040e-08  1.65535040e-08  2.58365581e-09  2.58365581e-09  4.98380958e-20  1.44183300e-21  8.05232935e-19  1.79491094e-19  1.31684765e-07  1.31684765e-07  1.31684765e-07  1.31684765e-07  1.27918379e-07  1.27918379e-07  8.99517043e-08  8.99517043e-08  1.65461072e-08  1.65461072e-08  2.56197809e-09  2.56197809e-09  4.97386733e-20  1.44112237e-21  8.03781063e-19  1.78694396e-19  1.27918379e-07  1.27918379e-07  1.27918379e-07  1.27918379e-07  3.12598593e-08  3.12598593e-08  3.15826799e-08  3.15826799e-08  4.94403269e-10  4.94403269e-10  3.33110302e-10  3.33110302e-10  3.14216301e-21  4.52194189e-23  4.83310817e-20  1.68918450e-20  3.12598593e-08  3.12598593e-08  3.12598593e-08  3.12598593e-08 
 1.20226443e+03  1.30489175e-07  1.30489175e-07  9.43765083e-08  9.43765083e-08  1.63943801e-08  1.63943801e-08  2.55458545e-09  2.55458545e-09  6.09550011e-20  1.76326562e-21  1.00881287e-18  2.36052956e-19  1.30489175e-07  1.30489175e-07  1.30489175e-07  1.30489175e-07  1.26687250e-07  1.26687250e-07  8.89220275e-08  8.89220275e-08  1.63869115e-08  1.63869115e-08  2.53265880e-09  2.53265880e-09  6.08310337e-20  1.76237961e-21  1.00695851e-18  2.34984875e-19  1.26687250e-07  1.26687250e-07  1.26687250e-07  1.26687250e-07  3.12598564e-08  3.12598564e-08  3.15826770e-08  3.15826770e-08  4.94404718e-10  4.94404718e-10  3.33111278e-10  3.33111278e-10  3.88025004e-21  5.58371928e-23  6.11364647e-20  2.24288013e-20  3.12598564e-08  3.12598564e-08  3.12598564e-08  3.12598564e-08 
 1.23026877e+03  1.29305748e-07  1.29305748e-07  9.34180681e-08  9.34180681e-08  1.62367908e-08  1.62367908e-08  2.52585378e-09  2.52585378e-09  3.06565513e-20  8.86859202e-22  4.85169868e-19  1.03961158e-19  1.29305748e-07  1.29305748e-07  1.29305748e-07  1.29305748e-07  1.25467969e-07  1.25467969e-07  8.79041370e-08  8.79041370e-08  1.62292496e-08  1.62292496e-08  2.50367538e-09  2.50367538e-09  3.05929896e-20  8.86404874e-22  4.84260678e-19  1.03481636e-19  1.25467969e-07  1.25467969e-07  1.25467969e-07  1.25467969e-07  3.12598534e-08  3.12598534e-08  3.15826740e-08  3.15826740e-08  4.94406236e-10  4.94406236e-10  3.33112300e-10  3.33112300e-10  1.97040923e-21  2.83567368e-23  2.96871120e-20  9.97308317e-21  3.12598534e-08  3.12598534e-08  3.12598534e-08  3.12598534e-08 
 1.25892541e+03  1.28134372e-07  1.28134372e-07  9.24718477e-08  9.24718477e-08  1.60807215e-08  1.60807215e-08  2.49745699e-09  2.49745699e-09  1.90668115e-20  5.51314266e-22  4.34420063e-19  9.90935835e-20  1.28134372e-07  1.28134372e-07  1.28134372e-07  1.28134372e-07  1.24260422e-07  1.24260422e-07  8.68978979e-08  8.68978979e-08  1.60731070e-08  1.60731070e-08  2.47502400e-09  2.47502400e-09  1.90265097e-20  5.51026323e-22  4.33590124e-19  9.86276500e-20  1.24260422e-07  1.24260422e-07  1.24260422e-07  1.24260422e-07  3.12598503e-08  3.12598503e-08  3.15826708e-08  3.15826708e-08  4.94407825e-10  4.94407825e-10  3.33113371e-10  3.33113371e-10  1.23735308e-21  1.77990352e-23  2.68391110e-20  9.59764848e-21  3.12598503e-08  3.12598503e-08  3.12598503e-08  3.12598503e-08 
 1.28824955e+03  1.26974938e-07  1.26974938e-07  9.15377164e-08  9.15377164e-08  1.59261575e-08  1.59261575e-08  2.46939133e-09  2.46939133e-09  2.22478936e-20  6.43394213e-22  5.08116525e-19  1.12399422e-19  1.26974938e-07  1.26974938e-07  1.26974938e-07  1.26974938e-07  1.23064496e-07  1.23064496e-07  8.59031768e-08  8.59031768e-08  1.59184691e-08  1.59184691e-08  2.44670087e-09  2.44670087e-09  2.21999525e-20  6.43051620e-22  5.07126888e-19  1.11860677e-19  1.23064496e-07  1.23064496e-07  1.23064496e-07  1.23064496e-07  3.12598470e-08  3.12598470e-08  3.15826674e-08  3.15826674e-08  4.94409489e-10  4.94409489e-10  3.33114492e-10  3.33114492e-10  1.45776178e-21  2.09734538e-23  3.16960675e-20  1.09911617e-20  3.12598470e-08  3.12598470e-08  3.12598470e-08  3.12598470e-08 
 1.31825674e+03  1.25827336e-07  1.25827336e-07  9.06155454e-08  9.06155454e-08  1.57730846e-08  1.57730846e-08  2.44165307e-09  2.44165307e-09  4.28709980e-20  1.24000224e-21  5.72375445e-19  1.03992867e-19  1.25827336e-07  1.25827336e-07  1.25827336e-07  1.25827336e-07  1.21880079e-07  1.21880079e-07  8.49198418e-08  8.49198418e-08  1.57653214e-08  1.57653214e-08  2.41870224e-09  2.41870224e-09  4.27768187e-20  1.23932909e-21  5.71238947e-19  1.03484753e-19  1.21880079e-07  1.21880079e-07  1.21880079e-07  1.21880079e-07  3.12598435e-08  3.12598435e-08  3.15826639e-08  3.15826639e-08  4.94411232e-10  4.94411232e-10  3.33115666e-10  3.33115666e-10  2.83624013e-21  4.08141502e-23  3.60501068e-20  1.02669754e-20  3.12598435e-08  3.12598435e-08  3.12598435e-08  3.12598435e-08 
 1.34896288e+03  1.24691456e-07  1.24691456e-07  8.97052070e-08  8.97052070e-08  1.56214883e-08  1.56214883e-08  2.41423854e-09  2.41423854e-09  3.47106782e-20  1.00398160e-21  5.66496526e-19  1.04476182e-19  1.24691456e-07  1.24691456e-07  1.24691456e-07  1.24691456e-07  1.20707062e-07  1.20707062e-07  8.39477627e-08  8.39477627e-08  1.56136497e-08  1.56136497e-08  2.39102440e-09  2.39102440e-09  3.46329414e-20  1.00342593e-21  5.65349800e-19  1.03955811e-19  1.20707062e-07  1.20707062e-07  1.20707062e-07  1.20707062e-07  3.12598399e-08  3.12598399e-08  3.15826603e-08  3.15826603e-08  4.94413056e-10  4.94413056e-10  3.33116895e-10  3.33116895e-10  2.31858965e-21  3.33664066e-23  3.60251658e-20  1.04139365e-20  3.12598399e-08  3.12598399e-08  3.12598399e-08  3.12598399e-08 
 1.38038426e+03  1.23567191e-07  1.23567191e-07  8.88065751e-08  8.88065751e-08  1.54713546e-08  1.54713546e-08  2.38714411e-09  2.38714411e-09  4.70967323e-20  1.36208350e-21  8.70762495e-19  2.14038132e-19  1.23567191e-07  1.23567191e-07  1.23567191e-07  1.23567191e-07  1.19545333e-07  1.19545333e-07  8.29868106e-08  8.29868106e-08  1.54634399e-08  1.54634399e-08  2.36366371e-09  2.36366371e-09  4.69892032e-20  1.36131493e-21  8.68965543e-19  2.12951397e-19  1.19545333e-07  1.19545333e-07  1.19545333e-07  1.19545333e-07  3.12598361e-08  3.12598361e-08  3.15826565e-08  3.15826565e-08  4.94414967e-10  4.94414967e-10  3.33118183e-10  3.33118183e-10  3.17638104e-21  4.57070007e-23  5.59102328e-20  2.15400470e-20  3.12598361e-08  3.12598361e-08  3.12598361e-08  3.12598361e-08 
 1.41253754e+03  1.22454436e-07  1.22454436e-07  8.79195250e-08  8.79195250e-08  1.53226696e-08  1.53226696e-08  2.36036619e-09  2.36036619e-09  5.65648146e-20  1.63599393e-21  7.85985686e-19  1.47279517e-19  1.22454436e-07  1.22454436e-07  1.22454436e-07  1.22454436e-07  1.18394784e-07  1.18394784e-07  8.20368580e-08  8.20368580e-08  1.53146779e-08  1.53146779e-08  2.33661653e-09  2.33661653e-09  5.64331550e-20  1.63505279e-21  7.84332107e-19  1.46517245e-19  1.18394784e-07  1.18394784e-07  1.18394784e-07  1.18394784e-07  3.12598321e-08  3.12598321e-08  3.15826524e-08  3.15826524e-08  4.94416968e-10  4.94416968e-10  3.33119531e-10  3.33119531e-10  3.85184538e-21  5.54314062e-23  5.09552268e-20  1.49642480e-20  3.12598321e-08  3.12598321e-08  3.12598321e-08  3.12598321e-08 
 1.44543977e+03  1.21353084e-07  1.21353084e-07  8.70439332e-08  8.70439332e-08  1.51754193e-08  1.51754193e-08  2.33390125e-09  2.33390125e-09  4.21613167e-20  1.21954029e-21  7.65051195e-19  1.75405614e-19  1.21353084e-07  1.21353084e-07  1.21353084e-07  1.21353084e-07  1.17255308e-07  1.17255308e-07  8.10977791e-08  8.10977791e-08  1.51673499e-08  1.51673499e-08  2.30987929e-09  2.30987929e-09  4.20612727e-20  1.21882503e-21  7.63410325e-19  1.74480179e-19  1.17255308e-07  1.17255308e-07  1.17255308e-07  1.17255308e-07  3.12598280e-08  3.12598280e-08  3.15826482e-08  3.15826482e-08  4.94419062e-10  4.94419062e-10  3.33120942e-10  3.33120942e-10  2.89879114e-21  4.17220348e-23  5.00779768e-20  1.79933593e-20  3.12598280e-08  3.12598280e-08  3.12598280e-08  3.12598280e-08 
 1.47910839e+03  1.20263031e-07  1.20263031e-07  8.61796777e-08  8.61796777e-08  1.50295900e-08  1.50295900e-08  2.30774577e-09  2.30774577e-09  3.41212339e-20  9.86719118e-22  6.00902173e-19  1.34951598e-19  1.20263031e-07  1.20263031e-07  1.20263031e-07  1.20263031e-07  1.16126798e-07  1.16126798e-07  8.01694493e-08  8.01694493e-08  1.50214423e-08  1.50214423e-08  2.28344845e-09  2.28344845e-09  3.40386926e-20  9.86129117e-22  5.99588280e-19  1.34225804e-19  1.16126798e-07  1.16126798e-07  1.16126798e-07  1.16126798e-07  3.12598236e-08  3.12598236e-08  3.15826439e-08  3.15826439e-08  4.94421256e-10  4.94421256e-10  3.33122420e-10  3.33122420e-10  2.36868541e-21  3.40845762e-23  3.97138399e-20  1.39766204e-20  3.12598236e-08  3.12598236e-08  3.12598236e-08  3.12598236e-08 
 1.51356125e+03  1.19184174e-07  1.19184174e-07  8.53266380e-08  8.53266380e-08  1.48851683e-08  1.48851683e-08  2.28189629e-09  2.28189629e-09  5.03930129e-20  1.45740225e-21  8.58777239e-19  1.97857348e-19  1.19184174e-07  1.19184174e-07  1.19184174e-07  1.19184174e-07  1.15009149e-07  1.15009149e-07  7.92517456e-08  7.92517456e-08  1.48769414e-08  1.48769414e-08  2.25732052e-09  2.25732052e-09  5.02687372e-20  1.45651380e-21  8.56862943e-19  1.96772624e-19  1.15009149e-07  1.15009149e-07  1.15009149e-07  1.15009149e-07  3.12598191e-08  3.12598191e-08  3.15826392e-08  3.15826392e-08  4.94423553e-10  4.94423553e-10  3.33123967e-10  3.33123967e-10  3.53209593e-21  5.08321784e-23  5.73060014e-20  2.06885871e-20  3.12598191e-08  3.12598191e-08  3.12598191e-08  3.12598191e-08 
 1.54881662e+03  1.18116411e-07  1.18116411e-07  8.44846946e-08  8.44846946e-08  1.47421406e-08  1.47421406e-08  2.25634938e-09  2.25634938e-09  6.56352363e-20  1.89813447e-21  9.89049835e-19  2.32570631e-19  1.18116411e-07  1.18116411e-07  1.18116411e-07  1.18116411e-07  1.13902255e-07  1.13902255e-07  7.83445465e-08  7.83445465e-08  1.47338337e-08  1.47338337e-08  2.23149204e-09  2.23149204e-09  6.54702221e-20  1.89695477e-21  9.86802238e-19  2.31270904e-19  1.13902255e-07  1.13902255e-07  1.13902255e-07  1.13902255e-07  3.12598143e-08  3.12598143e-08  3.15826344e-08  3.15826344e-08  4.94425958e-10  4.94425958e-10  3.33125588e-10  3.33125588e-10  4.64492097e-21  6.68468724e-23  6.66375269e-20  2.45520156e-20  3.12598143e-08  3.12598143e-08  3.12598143e-08  3.12598143e-08 
 1.58489319e+03  1.17059640e-07  1.17059640e-07  8.36537294e-08  8.36537294e-08  1.46004936e-08  1.46004936e-08  2.23110168e-09  2.23110168e-09  5.06092868e-20  1.46347456e-21  7.41536135e-19  1.52852482e-19  1.17059640e-07  1.17059640e-07  1.17059640e-07  1.17059640e-07  1.12806014e-07  1.12806014e-07  7.74477315e-08  7.74477315e-08  1.45921060e-08  1.45921060e-08  2.20595959e-09  2.20595959e-09  5.04795740e-20  1.46254726e-21  7.39818211e-19  1.51981721e-19  1.12806014e-07  1.12806014e-07  1.12806014e-07  1.12806014e-07  3.12598093e-08  3.12598093e-08  3.15826294e-08  3.15826294e-08  4.94428477e-10  4.94428477e-10  3.33127285e-10  3.33127285e-10  3.61618130e-21  5.20396089e-23  5.04444932e-20  1.62913664e-20  3.12598093e-08  3.12598093e-08  3.12598093e-08  3.12598093e-08 
 1.62181010e+03  1.16013760e-07  1.16013760e-07  8.28336258e-08  8.28336258e-08  1.44602142e-08  1.44602142e-08  2.20614983e-09  2.20614983e-09  1.05208957e-20  3.03371592e-22  3.22534520e-19  7.22879680e-20  1.16013760e-07  1.16013760e-07  1.16013760e-07  1.16013760e-07  1.11720322e-07  1.11720322e-07  7.65611818e-08  7.65611818e-08  1.44517451e-08  1.44517451e-08  2.18071981e-09  2.18071981e-09  1.04934059e-20  3.03175616e-22  3.21772760e-19  7.18681896e-20  1.11720322e-07  1.11720322e-07  1.11720322e-07  1.11720322e-07  3.12598041e-08  3.12598041e-08  3.15826241e-08  3.15826241e-08  4.94431114e-10  4.94431114e-10  3.33129061e-10  3.33129061e-10  7.59016099e-22  1.08922697e-23  2.21532792e-20  7.77862542e-21  3.12598041e-08  3.12598041e-08  3.12598041e-08  3.12598041e-08 
 1.65958691e+03  1.14978674e-07  1.14978674e-07  8.20242682e-08  8.20242682e-08  1.43212893e-08  1.43212893e-08  2.18149053e-09  2.18149053e-09  5.37633790e-20  1.55458085e-21  7.32296592e-19  1.56886030e-19  1.14978674e-07  1.14978674e-07  1.14978674e-07  1.14978674e-07  1.10645079e-07  1.10645079e-07  7.56847799e-08  7.56847799e-08  1.43127379e-08  1.43127379e-08  2.15576936e-09  2.15576936e-09  5.36201690e-20  1.55355701e-21  7.30533402e-19  1.55957353e-19  1.10645079e-07  1.10645079e-07  1.10645079e-07  1.10645079e-07  3.12597986e-08  3.12597986e-08  3.15826186e-08  3.15826186e-08  4.94433875e-10  4.94433875e-10  3.33130922e-10  3.33130922e-10  3.91618044e-21  5.63574471e-23  5.07842243e-20  1.70440190e-20  3.12597986e-08  3.12597986e-08  3.12597986e-08  3.12597986e-08 
 1.69824365e+03  1.13954281e-07  1.13954281e-07  8.12255423e-08  8.12255423e-08  1.41837060e-08  1.41837060e-08  2.15712052e-09  2.15712052e-09  2.10182912e-20  6.07647324e-22  4.22094117e-19  9.02488679e-20  1.13954281e-07  1.13954281e-07  1.13954281e-07  1.13954281e-07  1.09580184e-07  1.09580184e-07  7.48184097e-08  7.48184097e-08  1.41750715e-08  1.41750715e-08  2.13110494e-09  2.13110494e-09  2.09612156e-20  6.07239321e-22  4.21058043e-19  8.97043064e-20  1.09580184e-07  1.09580184e-07  1.09580184e-07  1.09580184e-07  3.12597928e-08  3.12597928e-08  3.15826128e-08  3.15826128e-08  4.94436767e-10  4.94436767e-10  3.33132870e-10  3.33132870e-10  1.54579173e-21  2.22425207e-23  2.95549830e-20  9.89872927e-21  3.12597928e-08  3.12597928e-08  3.12597928e-08  3.12597928e-08 
 1.73780083e+03  1.12940485e-07  1.12940485e-07  8.04373350e-08  8.04373350e-08  1.40474515e-08  1.40474515e-08  2.13303658e-09  2.13303658e-09  4.70620999e-20  1.36068035e-21  6.74191998e-19  1.34212395e-19  1.12940485e-07  1.12940485e-07  1.12940485e-07  1.12940485e-07  1.08525536e-07  1.08525536e-07  7.39619562e-08  7.39619562e-08  1.40387331e-08  1.40387331e-08  2.10672328e-09  2.10672328e-09  4.69318164e-20  1.35974891e-21  6.72504926e-19  1.33386887e-19  1.08525536e-07  1.08525536e-07  1.08525536e-07  1.08525536e-07  3.12597868e-08  3.12597868e-08  3.15826067e-08  3.15826067e-08  4.94439795e-10  4.94439795e-10  3.33134910e-10  3.33134910e-10  3.49463545e-21  5.02901388e-23  4.76633118e-20  1.48620696e-20  3.12597868e-08  3.12597868e-08  3.12597868e-08  3.12597868e-08 
 1.77827941e+03  1.11937189e-07  1.11937189e-07  7.96595347e-08  7.96595347e-08  1.39125132e-08  1.39125132e-08  2.10923551e-09  2.10923551e-09  5.45658787e-20  1.57756840e-21  8.16351066e-19  1.82952315e-19  1.11937189e-07  1.11937189e-07  1.11937189e-07  1.11937189e-07  1.07481038e-07  1.07481038e-07  7.31153060e-08  7.31153060e-08  1.39037101e-08  1.39037101e-08  2.08262117e-09  2.08262117e-09  5.44118845e-20  1.57646741e-21  8.14268517e-19  1.81805249e-19  1.07481038e-07  1.07481038e-07  1.07481038e-07  1.07481038e-07  3.12597805e-08  3.12597805e-08  3.15826003e-08  3.15826003e-08  4.94442966e-10  4.94442966e-10  3.33137046e-10  3.33137046e-10  4.09098873e-21  5.88720439e-23  5.82715256e-20  2.04537325e-20  3.12597805e-08  3.12597805e-08  3.12597805e-08  3.12597805e-08 
 1.81970086e+03  1.10944298e-07  1.10944298e-07  7.88920306e-08  7.88920306e-08  1.37788785e-08  1.37788785e-08  2.08571418e-09  2.08571418e-09  1.74080552e-20  5.03287553e-22  3.60097194e-19  6.06261366e-20  1.10944298e-07  1.10944298e-07  1.10944298e-07  1.10944298e-07  1.06446592e-07  1.06446592e-07  7.22783468e-08  7.22783468e-08  1.37699898e-08  1.37699898e-08  2.05879543e-09  2.05879543e-09  1.73579714e-20  5.02929456e-22  3.59160698e-19  6.02386731e-20  1.06446592e-07  1.06446592e-07  1.06446592e-07  1.06446592e-07  3.12597740e-08  3.12597740e-08  3.15825937e-08  3.15825937e-08  4.94446286e-10  4.94446286e-10  3.33139283e-10  3.33139283e-10  1.31775139e-21  1.89640542e-23  2.59524016e-20  6.84292139e-21  3.12597740e-08  3.12597740e-08  3.12597740e-08  3.12597740e-08 
 1.86208714e+03  1.09961717e-07  1.09961717e-07  7.81347132e-08  7.81347132e-08  1.36465350e-08  1.36465350e-08  2.06246945e-09  2.06246945e-09  4.58361047e-20  1.32504153e-21  7.16438190e-19  1.55079991e-19  1.09961717e-07  1.09961717e-07  1.09961717e-07  1.09961717e-07  1.05422101e-07  1.05422101e-07  7.14509676e-08  7.14509676e-08  1.36375599e-08  1.36375599e-08  2.03524290e-09  2.03524290e-09  4.57016678e-20  1.32408035e-21  7.14538723e-19  1.54069702e-19  1.05422101e-07  1.05422101e-07  1.05422101e-07  1.05422101e-07  3.12597671e-08  3.12597671e-08  3.15825867e-08  3.15825867e-08  4.94449762e-10  4.94449762e-10  3.33141625e-10  3.33141625e-10  3.50321317e-21  5.04125257e-23  5.21332158e-20  1.76719061e-20  3.12597671e-08  3.12597671e-08  3.12597671e-08  3.12597671e-08 
 1.90546072e+03  1.08989352e-07  1.08989352e-07  7.73874743e-08  7.73874743e-08  1.35154704e-08  1.35154704e-08  2.03949827e-09  2.03949827e-09  3.67365190e-20  1.06205940e-21  5.71160638e-19  1.17712800e-19  1.08989352e-07  1.08989352e-07  1.08989352e-07  1.08989352e-07  1.04407469e-07  1.04407469e-07  7.06330588e-08  7.06330588e-08  1.35064081e-08  1.35064081e-08  2.01196048e-09  2.01196048e-09  3.66266762e-20  1.06127395e-21  5.69616886e-19  1.16931117e-19  1.04407469e-07  1.04407469e-07  1.04407469e-07  1.04407469e-07  3.12597598e-08  3.12597598e-08  3.15825794e-08  3.15825794e-08  4.94453402e-10  4.94453402e-10  3.33144078e-10  3.33144078e-10  2.83486267e-21  4.07991977e-23  4.19634901e-20  1.35424192e-20  3.12597598e-08  3.12597598e-08  3.12597598e-08  3.12597598e-08 
 1.94984460e+03  1.08027111e-07  1.08027111e-07  7.66502066e-08  7.66502066e-08  1.33856727e-08  1.33856727e-08  2.01679759e-09  2.01679759e-09  3.96201924e-20  1.14515139e-21  6.93283825e-19  1.55041456e-19  1.08027111e-07  1.08027111e-07  1.08027111e-07  1.08027111e-07  1.03402601e-07  1.03402601e-07  6.98245120e-08  6.98245120e-08  1.33765223e-08  1.33765223e-08  1.98894509e-09  1.98894509e-09  3.94994244e-20  1.14428797e-21  6.91373550e-19  1.53991984e-19  1.03402601e-07  1.03402601e-07  1.03402601e-07  1.03402601e-07  3.12597523e-08  3.12597523e-08  3.15825718e-08  3.15825718e-08  4.94457214e-10  4.94457214e-10  3.33146646e-10  3.33146646e-10  3.08691934e-21  4.44180461e-23  5.14282215e-20  1.80079497e-20  3.12597523e-08  3.12597523e-08  3.12597523e-08  3.12597523e-08 
 1.99526231e+03  1.07074901e-07  1.07074901e-07  7.59228040e-08  7.59228040e-08  1.32571296e-08  1.32571296e-08  1.99436441e-09  1.99436441e-09  3.61214057e-20  1.04404129e-21  5.92888866e-19  1.29972541e-19  1.07074901e-07  1.07074901e-07  1.07074901e-07  1.07074901e-07  1.02407403e-07  1.02407403e-07  6.90252199e-08  6.90252199e-08  1.32478903e-08  1.32478903e-08  1.96619370e-09  1.96619370e-09  3.60091622e-20  1.04323875e-21  5.91223449e-19  1.29075756e-19  1.02407403e-07  1.02407403e-07  1.02407403e-07  1.02407403e-07  3.12597443e-08  3.12597443e-08  3.15825638e-08  3.15825638e-08  4.94461205e-10  4.94461205e-10  3.33149335e-10  3.33149335e-10  2.84149916e-21  4.08891260e-23  4.44058713e-20  1.52409076e-20  3.12597443e-08  3.12597443e-08  3.12597443e-08  3.12597443e-08 
 2.04173794e+03  1.06132633e-07  1.06132633e-07  7.52051617e-08  7.52051617e-08  1.31298294e-08  1.31298294e-08  1.97219576e-09  1.97219576e-09  3.59293809e-20  1.03857595e-21  6.07322316e-19  1.31421883e-19  1.06132633e-07  1.06132633e-07  1.06132633e-07  1.06132633e-07  1.01421782e-07  1.01421782e-07  6.82350767e-08  6.82350767e-08  1.31205003e-08  1.31205003e-08  1.94370329e-09  1.94370329e-09  3.58155640e-20  1.03776204e-21  6.05583181e-19  1.30497575e-19  1.01421782e-07  1.01421782e-07  1.01421782e-07  1.01421782e-07  3.12597361e-08  3.12597361e-08  3.15825554e-08  3.15825554e-08  4.94465384e-10  4.94465384e-10  3.33152151e-10  3.33152151e-10  2.85368682e-21  4.10697346e-23  4.59264155e-20  1.55585312e-20  3.12597361e-08  3.12597361e-08  3.12597361e-08  3.12597361e-08 
 2.08929613e+03  1.05200214e-07  1.05200214e-07  7.44971756e-08  7.44971756e-08  1.30037601e-08  1.30037601e-08  1.95028871e-09  1.95028871e-09  4.97984393e-20  1.43925948e-21  7.92560690e-19  1.75988633e-19  1.05200214e-07  1.05200214e-07  1.05200214e-07  1.05200214e-07  1.00445646e-07  1.00445646e-07  6.74539775e-08  6.74539775e-08  1.29943404e-08  1.29943404e-08  1.92147091e-09  1.92147091e-09  4.96376220e-20  1.43810957e-21  7.90246973e-19  1.74726966e-19  1.00445646e-07  1.00445646e-07  1.00445646e-07  1.00445646e-07  3.12597274e-08  3.12597274e-08  3.15825466e-08  3.15825466e-08  4.94469761e-10  4.94469761e-10  3.33155099e-10  3.33155099e-10  3.99342454e-21  5.74666779e-23  6.05134044e-20  2.10342044e-20  3.12597274e-08  3.12597274e-08  3.12597274e-08  3.12597274e-08 
 2.13796209e+03  1.04277557e-07  1.04277557e-07  7.37987430e-08  7.37987430e-08  1.28789102e-08  1.28789102e-08  1.92864037e-09  1.92864037e-09  3.58314243e-20  1.03566446e-21  5.57754524e-19  1.13997412e-19  1.04277557e-07  1.04277557e-07  1.04277557e-07  1.04277557e-07  9.94789033e-08  9.94789033e-08  6.66818188e-08  6.66818188e-08  1.28693989e-08  1.28693989e-08  1.89949361e-09  1.89949361e-09  3.57134629e-20  1.03482086e-21  5.56094617e-19  1.13164376e-19  9.94789033e-08  9.94789033e-08  9.94789033e-08  9.94789033e-08  3.12597183e-08  3.12597183e-08  3.15825374e-08  3.15825374e-08  4.94474343e-10  4.94474343e-10  3.33158187e-10  3.33158187e-10  2.90112524e-21  4.17531545e-23  4.29969289e-20  1.37554843e-20  3.12597183e-08  3.12597183e-08  3.12597183e-08  3.12597183e-08 
 2.18776162e+03  1.03364573e-07  1.03364573e-07  7.31097621e-08  7.31097621e-08  1.27552681e-08  1.27552681e-08  1.90724786e-09  1.90724786e-09  4.69984353e-20  1.35830702e-21  7.12383161e-19  1.55403783e-19  1.03364573e-07  1.03364573e-07  1.03364573e-07  1.03364573e-07  9.85214640e-08  9.85214640e-08  6.59184982e-08  6.59184982e-08  1.27456643e-08  1.27456643e-08  1.87776851e-09  1.87776851e-09  4.68407041e-20  1.35717903e-21  7.10221855e-19  1.54246238e-19  9.85214640e-08  9.85214640e-08  9.85214640e-08  9.85214640e-08  3.12597088e-08  3.12597088e-08  3.15825278e-08  3.15825278e-08  4.94479142e-10  4.94479142e-10  3.33161419e-10  3.33161419e-10  3.84200504e-21  5.52918672e-23  5.54476031e-20  1.89313129e-20  3.12597088e-08  3.12597088e-08  3.12597088e-08  3.12597088e-08 
 2.23872114e+03  1.02461175e-07  1.02461175e-07  7.24301321e-08  7.24301321e-08  1.26328224e-08  1.26328224e-08  1.88610838e-09  1.88610838e-09  3.03601482e-20  8.77339621e-22  5.38082199e-19  1.13558970e-19  1.02461175e-07  1.02461175e-07  1.02461175e-07  1.02461175e-07  9.75732381e-08  9.75732381e-08  6.51639146e-08  6.51639146e-08  1.26231252e-08  1.26231252e-08  1.85629274e-09  1.85629274e-09  3.02562770e-20  8.76596833e-22  5.36417972e-19  1.12696780e-19  9.75732381e-08  9.75732381e-08  9.75732381e-08  9.75732381e-08  3.12596988e-08  3.12596988e-08  3.15825177e-08  3.15825177e-08  4.94484166e-10  4.94484166e-10  3.33164805e-10  3.33164805e-10  2.50582076e-21  3.60598581e-23  4.22855579e-20  1.39661808e-20  3.12596988e-08  3.12596988e-08  3.12596988e-08  3.12596988e-08 
 2.29086765e+03  1.01567275e-07  1.01567275e-07  7.17597533e-08  7.17597533e-08  1.25115616e-08  1.25115616e-08  1.86521911e-09  1.86521911e-09  4.46471398e-20  1.29016107e-21  6.05049638e-19  1.13147617e-19  1.01567275e-07  1.01567275e-07  1.01567275e-07  1.01567275e-07  9.66341371e-08  9.66341371e-08  6.44179679e-08  6.44179679e-08  1.25017702e-08  1.25017702e-08  1.83506345e-09  1.83506345e-09  4.44914208e-20  1.28904747e-21  6.03141912e-19  1.12271966e-19  9.66341371e-08  9.66341371e-08  9.66341371e-08  9.66341371e-08  3.12596883e-08  3.12596883e-08  3.15825072e-08  3.15825072e-08  4.94489428e-10  4.94489428e-10  3.33168349e-10  3.33168349e-10  3.72058122e-21  5.35418072e-23  4.80074075e-20  1.40487434e-20  3.12596883e-08  3.12596883e-08  3.12596883e-08  3.12596883e-08 
 2.34422882e+03  1.00682788e-07  1.00682788e-07  7.10985269e-08  7.10985269e-08  1.23914746e-08  1.23914746e-08  1.84457731e-09  1.84457731e-09  4.41922000e-21  1.27478843e-22  1.25584057e-19  2.18867411e-20  1.00682788e-07  1.00682788e-07  1.00682788e-07  1.00682788e-07  9.57040730e-08  9.57040730e-08  6.36805593e-08  6.36805593e-08  1.23815880e-08  1.23815880e-08  1.81407786e-09  1.81407786e-09  4.40350737e-21  1.27366663e-22  1.25180393e-19  2.17140904e-20  9.57040730e-08  9.57040730e-08  9.57040730e-08  9.57040730e-08  3.12596774e-08  3.12596774e-08  3.15824961e-08  3.15824961e-08  4.94494937e-10  4.94494937e-10  3.33172061e-10  3.33172061e-10  3.71820425e-22  5.34170485e-24  1.00606272e-20  2.74351789e-21  3.12596774e-08  3.12596774e-08  3.12596774e-08  3.12596774e-08 
 2.39883292e+03  9.98076290e-08  9.98076290e-08  7.04463552e-08  7.04463552e-08  1.22725504e-08  1.22725504e-08  1.82418024e-09  1.82418024e-09  2.98470151e-20  8.62279472e-22  5.20867013e-19  1.13517119e-19  9.98076290e-08  9.98076290e-08  9.98076290e-08  9.98076290e-08  9.47829589e-08  9.47829589e-08  6.29515909e-08  6.29515909e-08  1.22625676e-08  1.22625676e-08  1.79333321e-09  1.79333321e-09  2.97388321e-20  8.61505880e-22  5.19160259e-19  1.12604376e-19  9.47829589e-08  9.47829589e-08  9.47829589e-08  9.47829589e-08  3.12596660e-08  3.12596660e-08  3.15824846e-08  3.15824846e-08  4.94500705e-10  4.94500705e-10  3.33175948e-10  3.33175948e-10  2.53546969e-21  3.64823128e-23  4.21298765e-20  1.43655223e-20  3.12596660e-08  3.12596660e-08  3.12596660e-08  3.12596660e-08 
 2.45470892e+03  9.89417135e-08  9.89417135e-08  6.98031414e-08  6.98031414e-08  1.21547778e-08  1.21547778e-08  1.80402521e-09  1.80402521e-09  3.81003231e-20  1.10098044e-21  5.85587205e-19  1.24288835e-19  9.89417135e-08  9.89417135e-08  9.89417135e-08  9.89417135e-08  9.38707085e-08  9.38707085e-08  6.22309661e-08  6.22309661e-08  1.21446980e-08  1.21446980e-08  1.77282675e-09  1.77282675e-09  3.79595430e-20  1.09997343e-21  5.83631092e-19  1.23270203e-19  9.38707085e-08  9.38707085e-08  9.38707085e-08  9.38707085e-08  3.12596540e-08  3.12596540e-08  3.15824725e-08  3.15824725e-08  4.94506746e-10  4.94506746e-10  3.33180017e-10  3.33180017e-10  3.26780017e-21  4.70333933e-23  4.78219373e-20  1.58790408e-20  3.12596540e-08  3.12596540e-08  3.12596540e-08  3.12596540e-08 
 2.51188643e+03  9.80849582e-08  9.80849582e-08  6.91687896e-08  6.91687896e-08  1.20381461e-08  1.20381461e-08  1.78410956e-09  1.78410956e-09  3.39348561e-20  9.80621947e-22  5.31643964e-19  1.05745879e-19  9.80849582e-08  9.80849582e-08  9.80849582e-08  9.80849582e-08  9.29672364e-08  9.29672364e-08  6.15185895e-08  6.15185895e-08  1.20279683e-08  1.20279683e-08  1.75255578e-09  1.75255578e-09  3.38070324e-20  9.79707533e-22  5.29833538e-19  1.04862505e-19  9.29672364e-08  9.29672364e-08  9.29672364e-08  9.29672364e-08  3.12596414e-08  3.12596414e-08  3.15824598e-08  3.15824598e-08  4.94513071e-10  4.94513071e-10  3.33184279e-10  3.33184279e-10  2.93860738e-21  4.22980712e-23  4.38357247e-20  1.36391210e-20  3.12596414e-08  3.12596414e-08  3.12596414e-08  3.12596414e-08 
 2.57039578e+03  9.72372805e-08  9.72372805e-08  6.85432048e-08  6.85432048e-08  1.19226445e-08  1.19226445e-08  1.76443065e-09  1.76443065e-09  4.72908743e-20  1.36641015e-21  6.71563754e-19  1.48176384e-19  9.72372805e-08  9.72372805e-08  9.72372805e-08  9.72372805e-08  9.20724582e-08  9.20724582e-08  6.08143664e-08  6.08143664e-08  1.19123677e-08  1.19123677e-08  1.73251764e-09  1.73251764e-09  4.71092831e-20  1.36511115e-21  6.69232423e-19  1.46914689e-19  9.20724582e-08  9.20724582e-08  9.20724582e-08  9.20724582e-08  3.12596283e-08  3.12596283e-08  3.15824465e-08  3.15824465e-08  4.94519694e-10  4.94519694e-10  3.33188741e-10  3.33188741e-10  4.13467150e-21  5.95102986e-23  5.59069396e-20  1.92944043e-20  3.12596283e-08  3.12596283e-08  3.12596283e-08  3.12596283e-08 
 2.63026799e+03  9.63985986e-08  9.63985986e-08  6.79262931e-08  6.79262931e-08  1.18082623e-08  1.18082623e-08  1.74498589e-09  1.74498589e-09  4.11551216e-20  1.18905306e-21  6.25919390e-19  1.41795035e-19  9.63985986e-08  9.63985986e-08  9.63985986e-08  9.63985986e-08  9.11862902e-08  9.11862902e-08  6.01182036e-08  6.01182036e-08  1.17978857e-08  1.17978857e-08  1.71270970e-09  1.71270970e-09  4.09940226e-20  1.18790062e-21  6.23704302e-19  1.40564403e-19  9.11862902e-08  9.11862902e-08  9.11862902e-08  9.11862902e-08  3.12596145e-08  3.12596145e-08  3.15824326e-08  3.15824326e-08  4.94526629e-10  4.94526629e-10  3.33193413e-10  3.33193413e-10  3.63291345e-21  5.22882641e-23  5.26099011e-20  1.86398111e-20  3.12596145e-08  3.12596145e-08  3.12596145e-08  3.12596145e-08 
 2.69153480e+03  9.55688314e-08  9.55688314e-08  6.73179613e-08  6.73179613e-08  1.16949890e-08  1.16949890e-08  1.72577272e-09  1.72577272e-09  4.12161082e-20  1.19057814e-21  6.01657140e-19  1.23439000e-19  9.55688314e-08  9.55688314e-08  9.55688314e-08  9.55688314e-08  9.03086494e-08  9.03086494e-08  5.94300089e-08  5.94300089e-08  1.16845115e-08  1.16845115e-08  1.69312933e-09  1.69312933e-09  4.10516385e-20  1.18940172e-21  5.99486556e-19  1.22347033e-19  9.03086494e-08  9.03086494e-08  9.03086494e-08  9.03086494e-08  3.12596001e-08  3.12596001e-08  3.15824180e-08  3.15824180e-08  4.94533891e-10  4.94533891e-10  3.33198306e-10  3.33198306e-10  3.67337284e-21  5.28631061e-23  5.10585166e-20  1.63817236e-20  3.12596001e-08  3.12596001e-08  3.12596001e-08  3.12596001e-08 
 2.75422870e+03  9.47478987e-08  9.47478987e-08  6.67181172e-08  6.67181172e-08  1.15828143e-08  1.15828143e-08  1.70678859e-09  1.70678859e-09  2.15792985e-20  6.23369273e-22  4.32290011e-19  8.84071038e-20  9.47478987e-08  9.47478987e-08  9.47478987e-08  9.47478987e-08  8.94394536e-08  8.94394536e-08  5.87496908e-08  5.87496908e-08  1.15722348e-08  1.15722348e-08  1.67377397e-09  1.67377397e-09  2.14915164e-20  6.22741305e-22  4.30700159e-19  8.76099684e-20  8.94394536e-08  8.94394536e-08  8.94394536e-08  8.94394536e-08  3.12595850e-08  3.12595850e-08  3.15824028e-08  3.15824028e-08  4.94541495e-10  4.94541495e-10  3.33203429e-10  3.33203429e-10  1.94178694e-21  2.79467808e-23  3.70393859e-20  1.18445803e-20  3.12595850e-08  3.12595850e-08  3.12595850e-08  3.12595850e-08 
 2.81838293e+03  9.39357209e-08  9.39357209e-08  6.61266695e-08  6.61266695e-08  1.14717276e-08  1.14717276e-08  1.68803100e-09  1.68803100e-09  3.88265063e-20  1.12142913e-21  5.55512067e-19  1.04917254e-19  9.39357209e-08  9.39357209e-08  9.39357209e-08  9.39357209e-08  8.85786216e-08  8.85786216e-08  5.80771593e-08  5.80771593e-08  1.14610453e-08  1.14610453e-08  1.65464108e-09  1.65464108e-09  3.86654992e-20  1.12027740e-21  5.53429359e-19  1.03953031e-19  8.85786216e-08  8.85786216e-08  8.85786216e-08  8.85786216e-08  3.12595692e-08  3.12595692e-08  3.15823868e-08  3.15823868e-08  4.94549457e-10  4.94549457e-10  3.33208793e-10  3.33208793e-10  3.52742783e-21  5.07632816e-23  4.80563674e-20  1.41906834e-20  3.12595692e-08  3.12595692e-08  3.12595692e-08  3.12595692e-08 
 2.88403150e+03  9.31322193e-08  9.31322193e-08  6.55435275e-08  6.55435275e-08  1.13617190e-08  1.13617190e-08  1.66949749e-09  1.66949749e-09  1.24394565e-20  3.59038491e-22  2.43818945e-19  4.04304879e-20  9.31322193e-08  9.31322193e-08  9.31322193e-08  9.31322193e-08  8.77260728e-08  8.77260728e-08  5.74123252e-08  5.74123252e-08  1.13509328e-08  1.13509328e-08  1.63572813e-09  1.63572813e-09  1.23868711e-20  3.58662561e-22  2.42887076e-19  4.00517638e-20  8.77260728e-08  8.77260728e-08  8.77260728e-08  8.77260728e-08  3.12595527e-08  3.12595527e-08  3.15823701e-08  3.15823701e-08  4.94557795e-10  4.94557795e-10  3.33214411e-10  3.33214411e-10  1.14102756e-21  1.64100597e-23  2.12957604e-20  5.52061931e-21  3.12595527e-08  3.12595527e-08  3.12595527e-08  3.12595527e-08 
 2.95120923e+03  9.23373159e-08  9.23373159e-08  6.49686018e-08  6.49686018e-08  1.12527782e-08  1.12527782e-08  1.65118559e-09  1.65118559e-09  2.28911828e-20  6.61295264e-22  3.66382325e-19  6.49117695e-20  9.23373159e-08  9.23373159e-08  9.23373159e-08  9.23373159e-08  8.68817274e-08  8.68817274e-08  5.67551003e-08  5.67551003e-08  1.12418870e-08  1.12418870e-08  1.61703265e-09  1.61703265e-09  2.27925370e-20  6.60589356e-22  3.64954835e-19  6.42920164e-20  8.68817274e-08  8.68817274e-08  8.68817274e-08  8.68817274e-08  3.12595353e-08  3.12595353e-08  3.15823526e-08  3.15823526e-08  4.94566525e-10  4.94566525e-10  3.33220292e-10  3.33220292e-10  2.11995764e-21  3.05179733e-23  3.23093236e-20  8.94794284e-21  3.12595353e-08  3.12595353e-08  3.12595353e-08  3.12595353e-08 
 3.01995172e+03  9.15509333e-08  9.15509333e-08  6.44018033e-08  6.44018033e-08  1.11448952e-08  1.11448952e-08  1.63309291e-09  1.63309291e-09  3.11300718e-20  8.98685580e-22  4.55757012e-19  8.32262302e-20  9.15509333e-08  9.15509333e-08  9.15509333e-08  9.15509333e-08  8.60455065e-08  8.60455065e-08  5.61053974e-08  5.61053974e-08  1.11338982e-08  1.11338982e-08  1.59855218e-09  1.59855218e-09  3.09933192e-20  8.97707561e-22  4.53946829e-19  8.24163245e-20  8.60455065e-08  8.60455065e-08  8.60455065e-08  8.60455065e-08  3.12595172e-08  3.12595172e-08  3.15823343e-08  3.15823343e-08  4.94575666e-10  4.94575666e-10  3.33226451e-10  3.33226451e-10  2.91073457e-21  4.18754030e-23  4.05782891e-20  1.15818890e-20  3.12595172e-08  3.12595172e-08  3.12595172e-08  3.12595172e-08 
 3.09029543e+03  9.07729950e-08  9.07729950e-08  6.38430442e-08  6.38430442e-08  1.10380602e-08  1.10380602e-08  1.61521705e-09  1.61521705e-09  1.26864998e-20  3.66595981e-22  2.67121143e-19  3.51839289e-20  9.07729950e-08  9.07729950e-08  9.07729950e-08  9.07729950e-08  8.52173316e-08  8.52173316e-08  5.54631305e-08  5.54631305e-08  1.10269562e-08  1.10269562e-08  1.58028428e-09  1.58028428e-09  1.26296876e-20  3.66189245e-22  2.66039592e-19  3.48349532e-20  8.52173316e-08  8.52173316e-08  8.52173316e-08  8.52173316e-08  3.12594982e-08  3.12594982e-08  3.15823151e-08  3.15823151e-08  4.94585238e-10  4.94585238e-10  3.33232900e-10  3.33232900e-10  1.19764229e-21  1.72476409e-23  2.40123695e-20  4.94289501e-21  3.12594982e-08  3.12594982e-08  3.12594982e-08  3.12594982e-08 
 3.16227766e+03  9.00034252e-08  9.00034252e-08  6.32922370e-08  6.32922370e-08  1.09322635e-08  1.09322635e-08  1.59755567e-09  1.59755567e-09  3.79729505e-20  1.09658706e-21  5.53340500e-19  1.11516826e-19  9.00034252e-08  9.00034252e-08  9.00034252e-08  9.00034252e-08  8.43971254e-08  8.43971254e-08  5.48282144e-08  5.48282144e-08  1.09210514e-08  1.09210514e-08  1.56222658e-09  1.56222658e-09  3.77996032e-20  1.09534668e-21  5.51056585e-19  1.10389459e-19  8.43971254e-08  8.43971254e-08  8.43971254e-08  8.43971254e-08  3.12594783e-08  3.12594783e-08  3.15822950e-08  3.15822950e-08  4.94595261e-10  4.94595261e-10  3.33239653e-10  3.33239653e-10  3.61927644e-21  5.20925614e-23  5.02209521e-20  1.58158945e-20  3.12594783e-08  3.12594783e-08  3.12594783e-08  3.12594783e-08 
 3.23593657e+03  8.92421488e-08  8.92421488e-08  6.27492954e-08  6.27492954e-08  1.08274952e-08  1.08274952e-08  1.58010643e-09  1.58010643e-09  2.27025812e-20  6.55139440e-22  3.61321224e-19  6.65823657e-20  8.92421488e-08  8.92421488e-08  8.92421488e-08  8.92421488e-08  8.35848111e-08  8.35848111e-08  5.42005649e-08  5.42005649e-08  1.08161740e-08  1.08161740e-08  1.54437668e-09  1.54437668e-09  2.25969336e-20  6.54383947e-22  3.59800927e-19  6.58963151e-20  8.35848111e-08  8.35848111e-08  8.35848111e-08  8.35848111e-08  3.12594575e-08  3.12594575e-08  3.15822739e-08  3.15822739e-08  4.94605755e-10  4.94605755e-10  3.33246723e-10  3.33246723e-10  2.18466084e-21  3.14236590e-23  3.31093781e-20  9.53294931e-21  3.12594575e-08  3.12594575e-08  3.12594575e-08  3.12594575e-08 
 3.31131121e+03  8.84890912e-08  8.84890912e-08  6.22141337e-08  6.22141337e-08  1.07237458e-08  1.07237458e-08  1.56286703e-09  1.56286703e-09  2.20626755e-20  6.36744116e-22  3.41903683e-19  6.15162149e-20  8.84890912e-08  8.84890912e-08  8.84890912e-08  8.84890912e-08  8.27803126e-08  8.27803126e-08  5.35800988e-08  5.35800988e-08  1.07123145e-08  1.07123145e-08  1.52673227e-09  1.52673227e-09  2.19580148e-20  6.35995520e-22  3.40437173e-19  6.08701801e-20  8.27803126e-08  8.27803126e-08  8.27803126e-08  8.27803126e-08  3.12594357e-08  3.12594357e-08  3.15822519e-08  3.15822519e-08  4.94616745e-10  4.94616745e-10  3.33254127e-10  3.33254127e-10  2.14352024e-21  3.08374298e-23  3.16319321e-20  8.89141213e-21  3.12594357e-08  3.12594357e-08  3.12594357e-08  3.12594357e-08 
 3.38844156e+03  8.77441788e-08  8.77441788e-08  6.16866668e-08  6.16866668e-08  1.06210059e-08  1.06210059e-08  1.54583522e-09  1.54583522e-09  3.45613855e-20  9.97819739e-22  4.58109121e-19  7.61098798e-20  8.77441788e-08  8.77441788e-08  8.77441788e-08  8.77441788e-08  8.19835547e-08  8.19835547e-08  5.29667338e-08  5.29667338e-08  1.06094634e-08  1.06094634e-08  1.50929102e-09  1.50929102e-09  3.43942547e-20  9.96623772e-22  4.56106052e-19  7.52952239e-20  8.19835547e-08  8.19835547e-08  8.19835547e-08  8.19835547e-08  3.12594128e-08  3.12594128e-08  3.15822288e-08  3.15822288e-08  4.94628251e-10  4.94628251e-10  3.33261880e-10  3.33261880e-10  3.39016174e-21  4.87927570e-23  4.27912113e-20  1.11053841e-20  3.12594128e-08  3.12594128e-08  3.12594128e-08  3.12594128e-08 
 3.46736850e+03  8.70073386e-08  8.70073386e-08  6.11668107e-08  6.11668107e-08  1.05192661e-08  1.05192661e-08  1.52900874e-09  1.52900874e-09  2.92231922e-20  8.43629382e-22  3.69044892e-19  6.34508187e-20  8.70073386e-08  8.70073386e-08  8.70073386e-08  8.70073386e-08  8.11944628e-08  8.11944628e-08  5.23603885e-08  5.23603885e-08  1.05076113e-08  1.05076113e-08  1.49205065e-09  1.49205065e-09  2.90791361e-20  8.42598513e-22  3.67399950e-19  6.27586137e-20  8.11944628e-08  8.11944628e-08  8.11944628e-08  8.11944628e-08  3.12593889e-08  3.12593889e-08  3.15822046e-08  3.15822046e-08  4.94640300e-10  4.94640300e-10  3.33269997e-10  3.33269997e-10  2.89411653e-21  4.16528579e-23  3.48038940e-20  9.34629524e-21  3.12593889e-08  3.12593889e-08  3.12593889e-08  3.12593889e-08 
 3.54813389e+03  8.62784980e-08  8.62784980e-08  6.06544819e-08  6.06544819e-08  1.04185172e-08  1.04185172e-08  1.51238538e-09  1.51238538e-09  4.57453728e-20  1.32034661e-21  6.14507137e-19  1.22745491e-19  8.62784980e-08  8.62784980e-08  8.62784980e-08  8.62784980e-08  8.04129630e-08  8.04129630e-08  5.17609827e-08  5.17609827e-08  1.04067489e-08  1.04067489e-08  1.47500891e-09  1.47500891e-09  4.55154994e-20  1.31870177e-21  6.11714967e-19  1.21380704e-19  8.04129630e-08  8.04129630e-08  8.04129630e-08  8.04129630e-08  3.12593638e-08  3.12593638e-08  3.15821793e-08  3.15821793e-08  4.94652916e-10  4.94652916e-10  3.33278497e-10  3.33278497e-10  4.57397543e-21  6.58219440e-23  5.85110447e-20  1.82522247e-20  3.12593638e-08  3.12593638e-08  3.12593638e-08  3.12593638e-08 
 3.63078055e+03  8.55575855e-08  8.55575855e-08  6.01495975e-08  6.01495975e-08  1.03187499e-08  1.03187499e-08  1.49596297e-09  1.49596297e-09  3.18375781e-20  9.18875274e-22  4.54282245e-19  7.92086357e-20  8.55575855e-08  8.55575855e-08  8.55575855e-08  8.55575855e-08  7.96389821e-08  7.96389821e-08  5.11684367e-08  5.11684367e-08  1.03068670e-08  1.03068670e-08  1.45816356e-09  1.45816356e-09  3.16744917e-20  9.17708257e-22  4.52178065e-19  7.83110191e-20  7.96389821e-08  7.96389821e-08  7.96389821e-08  7.96389821e-08  3.12593376e-08  3.12593376e-08  3.15821528e-08  3.15821528e-08  4.94666127e-10  4.94666127e-10  3.33287397e-10  3.33287397e-10  3.21398739e-21  4.62518124e-23  4.36715128e-20  1.18901964e-20  3.12593376e-08  3.12593376e-08  3.12593376e-08  3.12593376e-08 
 3.71535229e+03  8.48445299e-08  8.48445299e-08  5.96520755e-08  5.96520755e-08  1.02199552e-08  1.02199552e-08  1.47973933e-09  1.47973933e-09  2.48976342e-20  7.18363958e-22  3.12337953e-19  5.59332585e-20  8.48445299e-08  8.48445299e-08  8.48445299e-08  8.48445299e-08  7.88724477e-08  7.88724477e-08  5.05826720e-08  5.05826720e-08  1.02079566e-08  1.02079566e-08  1.44151241e-09  1.44151241e-09  2.47676260e-20  7.17433816e-22  3.10863187e-19  5.52872402e-20  7.88724477e-08  7.88724477e-08  7.88724477e-08  7.88724477e-08  3.12593102e-08  3.12593102e-08  3.15821251e-08  3.15821251e-08  4.94679959e-10  4.94679959e-10  3.33296717e-10  3.33296717e-10  2.53757506e-21  3.65095063e-23  3.03150327e-20  8.47600229e-21  3.12593102e-08  3.12593102e-08  3.12593102e-08  3.12593102e-08 
 3.80189396e+03  8.41392609e-08  8.41392609e-08  5.91618346e-08  5.91618346e-08  1.01221241e-08  1.01221241e-08  1.46371235e-09  1.46371235e-09  4.36575748e-20  1.25987379e-21  5.81909897e-19  1.12892555e-19  8.41392609e-08  8.41392609e-08  8.41392609e-08  8.41392609e-08  7.81132881e-08  7.81132881e-08  5.00036109e-08  5.00036109e-08  1.01100088e-08  1.01100088e-08  1.42505327e-09  1.42505327e-09  4.34251909e-20  1.25821071e-21  5.79109020e-19  1.11563651e-19  7.81132881e-08  7.81132881e-08  7.81132881e-08  7.81132881e-08  3.12592814e-08  3.12592814e-08  3.15820960e-08  3.15820960e-08  4.94694443e-10  4.94694443e-10  3.33306475e-10  3.33306475e-10  4.49237759e-21  6.46513344e-23  5.70228704e-20  1.72698622e-20  3.12592814e-08  3.12592814e-08  3.12592814e-08  3.12592814e-08 
 3.89045145e+03  8.34417087e-08  8.34417087e-08  5.86787941e-08  5.86787941e-08  1.00252478e-08  1.00252478e-08  1.44787991e-09  1.44787991e-09  3.68053041e-20  1.06177907e-21  5.06034951e-19  9.21759255e-20  8.34417087e-08  8.34417087e-08  8.34417087e-08  8.34417087e-08  7.73614321e-08  7.73614321e-08  4.94311767e-08  4.94311767e-08  1.00130145e-08  1.00130145e-08  1.40878401e-09  1.40878401e-09  3.66055990e-20  1.06035016e-21  5.03552060e-19  9.10700743e-20  7.73614321e-08  7.73614321e-08  7.73614321e-08  7.73614321e-08  3.12592513e-08  3.12592513e-08  3.15820656e-08  3.15820656e-08  4.94709610e-10  4.94709610e-10  3.33316693e-10  3.33316693e-10  3.82368435e-21  5.50140253e-23  5.00648734e-20  1.42344878e-20  3.12592513e-08  3.12592513e-08  3.12592513e-08  3.12592513e-08 
 3.98107171e+03  8.27518042e-08  8.27518042e-08  5.82028739e-08  5.82028739e-08  9.92931759e-09  9.92931759e-09  1.43223995e-09  1.43223995e-09  1.48111727e-20  4.27177484e-22  2.20968538e-19  2.91886954e-20  8.27518042e-08  8.27518042e-08  8.27518042e-08  8.27518042e-08  7.66168095e-08  7.66168095e-08  4.88652934e-08  4.88652934e-08  9.91696516e-09  9.91696516e-09  1.39270249e-09  1.39270249e-09  1.47292510e-20  4.26591396e-22  2.19863327e-19  2.88317992e-20  7.66168095e-08  7.66168095e-08  7.66168095e-08  7.66168095e-08  3.12592198e-08  3.12592198e-08  3.15820338e-08  3.15820338e-08  4.94725490e-10  4.94725490e-10  3.33327392e-10  3.33327392e-10  1.55351402e-21  2.23478737e-23  2.20719926e-20  4.55027767e-21  3.12592198e-08  3.12592198e-08  3.12592198e-08  3.12592198e-08 
 4.07380278e+03  8.20694788e-08  8.20694788e-08  5.77339947e-08  5.77339947e-08  9.83432471e-09  9.83432471e-09  1.41679040e-09  1.41679040e-09  3.63651582e-20  1.04913611e-21  5.32260824e-19  1.10353502e-19  8.20694788e-08  8.20694788e-08  8.20694788e-08  8.20694788e-08  7.58793504e-08  7.58793504e-08  4.83058860e-08  4.83058860e-08  9.82185196e-09  9.82185196e-09  1.37680663e-09  1.37680663e-09  3.61601246e-20  1.04766865e-21  5.29547037e-19  1.08978326e-19  7.58793504e-08  7.58793504e-08  7.58793504e-08  7.58793504e-08  3.12591867e-08  3.12591867e-08  3.15820004e-08  3.15820004e-08  4.94742118e-10  4.94742118e-10  3.33338595e-10  3.33338595e-10  3.85091944e-21  5.54176446e-23  5.36776245e-20  1.73662594e-20  3.12591867e-08  3.12591867e-08  3.12591867e-08  3.12591867e-08 
 4.16869383e+03  8.13946647e-08  8.13946647e-08  5.72720777e-08  5.72720777e-08  9.74026062e-09  9.74026062e-09  1.40152925e-09  1.40152925e-09  3.43314033e-20  9.90613812e-22  4.50758416e-19  7.61775832e-20  8.13946647e-08  8.13946647e-08  8.13946647e-08  8.13946647e-08  7.51489858e-08  7.51489858e-08  4.77528803e-08  4.77528803e-08  9.72766638e-09  9.72766638e-09  1.36109435e-09  1.36109435e-09  3.41340886e-20  9.89201199e-22  4.48415642e-19  7.52101039e-20  7.51489858e-08  7.51489858e-08  7.51489858e-08  7.51489858e-08  3.12591522e-08  3.12591522e-08  3.15819655e-08  3.15819655e-08  4.94759529e-10  4.94759529e-10  3.33350326e-10  3.33350326e-10  3.67047970e-21  5.28334232e-23  4.58954359e-20  1.21015874e-20  3.12591522e-08  3.12591522e-08  3.12591522e-08  3.12591522e-08 
 4.26579519e+03  8.07272946e-08  8.07272946e-08  5.68170448e-08  5.68170448e-08  9.64711687e-09  9.64711687e-09  1.38645450e-09  1.38645450e-09  2.40998306e-20  6.95313520e-22  3.31091015e-19  4.10607168e-20  8.07272946e-08  8.07272946e-08  8.07272946e-08  8.07272946e-08  7.44256474e-08  7.44256474e-08  4.72062029e-08  4.72062029e-08  9.63439993e-09  9.63439993e-09  1.34556361e-09  1.34556361e-09  2.39586389e-20  6.94302682e-22  3.29336860e-19  4.05292451e-20  7.44256474e-08  7.44256474e-08  7.44256474e-08  7.44256474e-08  3.12591160e-08  3.12591160e-08  3.15819289e-08  3.15819289e-08  4.94777760e-10  4.94777760e-10  3.33362609e-10  3.33362609e-10  2.60133724e-21  3.74432001e-23  3.40352610e-20  6.58467992e-21  3.12591160e-08  3.12591160e-08  3.12591160e-08  3.12591160e-08 
 4.36515832e+03  8.00673018e-08  8.00673018e-08  5.63688187e-08  5.63688187e-08  9.55488509e-09  9.55488509e-09  1.37156417e-09  1.37156417e-09  2.27077076e-20  6.55259034e-22  3.59386748e-19  6.54795480e-20  8.00673018e-08  8.00673018e-08  8.00673018e-08  8.00673018e-08  7.37092673e-08  7.37092673e-08  4.66657814e-08  4.66657814e-08  9.54204424e-09  9.54204424e-09  1.33021239e-09  1.33021239e-09  2.25720969e-20  6.54287864e-22  3.57445793e-19  6.46157834e-20  7.37092673e-08  7.37092673e-08  7.37092673e-08  7.37092673e-08  3.12590781e-08  3.12590781e-08  3.15818906e-08  3.15818906e-08  4.94796850e-10  4.94796850e-10  3.33375470e-10  3.33375470e-10  2.47460805e-21  3.56281261e-23  3.72991501e-20  1.05999732e-20  3.12590781e-08  3.12590781e-08  3.12590781e-08  3.12590781e-08 
 4.46683592e+03  7.94146203e-08  7.94146203e-08  5.59273223e-08  5.59273223e-08  9.46355700e-09  9.46355700e-09  1.35685631e-09  1.35685631e-09  1.20955761e-20  3.48666051e-22  1.80778408e-19  2.20054261e-20  7.94146203e-08  7.94146203e-08  7.94146203e-08  7.94146203e-08  7.29997786e-08  7.29997786e-08  4.61315440e-08  4.61315440e-08  9.45059102e-09  9.45059102e-09  1.31503869e-09  1.31503869e-09  1.20219433e-20  3.48139218e-22  1.79783161e-19  2.17095891e-20  7.29997786e-08  7.29997786e-08  7.29997786e-08  7.29997786e-08  3.12590384e-08  3.12590384e-08  3.15818505e-08  3.15818505e-08  4.94816838e-10  4.94816838e-10  3.33388936e-10  3.33388936e-10  1.33078896e-21  1.91415484e-23  1.89425201e-20  3.59598406e-21  3.12590384e-08  3.12590384e-08  3.12590384e-08  3.12590384e-08 
 4.57088190e+03  7.87691846e-08  7.87691846e-08  5.54924795e-08  5.54924795e-08  9.37312446e-09  9.37312446e-09  1.34232901e-09  1.34232901e-09  1.60981375e-20  4.64084702e-22  2.09740460e-19  1.35629949e-20  7.87691846e-08  7.87691846e-08  7.87691846e-08  7.87691846e-08  7.22971147e-08  7.22971147e-08  4.56034200e-08  4.56034200e-08  9.36003210e-09  9.36003210e-09  1.30004055e-09  1.30004055e-09  1.59982427e-20  4.63369808e-22  2.08563404e-19  1.33771682e-20  7.22971147e-08  7.22971147e-08  7.22971147e-08  7.22971147e-08  3.12589968e-08  3.12589968e-08  3.15818085e-08  3.15818085e-08  4.94837767e-10  4.94837767e-10  3.33403037e-10  3.33403037e-10  1.78816173e-21  2.57247907e-23  2.21884443e-20  2.23733152e-21  3.12589968e-08  3.12589968e-08  3.12589968e-08  3.12589968e-08 
 4.67735141e+03  7.81309297e-08  7.81309297e-08  5.50642146e-08  5.50642146e-08  9.28357938e-09  9.28357938e-09  1.32798037e-09  1.32798037e-09  3.16980365e-20  9.14236411e-22  4.13851260e-19  7.06516861e-20  7.81309297e-08  7.81309297e-08  7.81309297e-08  7.81309297e-08  7.16012098e-08  7.16012098e-08  4.50813392e-08  4.50813392e-08  9.27035939e-09  9.27035939e-09  1.28521603e-09  1.28521603e-09  3.14975334e-20  9.12800646e-22  4.11483772e-19  6.96651762e-20  7.16012098e-08  7.16012098e-08  7.16012098e-08  7.16012098e-08  3.12589533e-08  3.12589533e-08  3.15817645e-08  3.15817645e-08  4.94859681e-10  4.94859681e-10  3.33417802e-10  3.33417802e-10  3.55476635e-21  5.11681901e-23  4.42019529e-20  1.17647281e-20  3.12589533e-08  3.12589533e-08  3.12589533e-08  3.12589533e-08 
 4.78630092e+03  7.74997914e-08  7.74997914e-08  5.46424524e-08  5.46424524e-08  9.19491379e-09  9.19491379e-09  1.31380851e-09  1.31380851e-09  2.40697869e-20  6.93956785e-22  2.54750689e-19  1.48228058e-20  7.74997914e-08  7.74997914e-08  7.74997914e-08  7.74997914e-08  7.09119989e-08  7.09119989e-08  4.45652324e-08  4.45652324e-08  9.18156490e-09  9.18156490e-09  1.27056319e-09  1.27056319e-09  2.39145908e-20  6.92845726e-22  2.53265142e-19  1.46118786e-20  7.09119989e-08  7.09119989e-08  7.09119989e-08  7.09119989e-08  3.12589077e-08  3.12589077e-08  3.15817185e-08  3.15817185e-08  4.94882627e-10  4.94882627e-10  3.33433261e-10  3.33433261e-10  2.72519429e-21  3.92157621e-23  2.74703483e-20  2.49156493e-21  3.12589077e-08  3.12589077e-08  3.12589077e-08  3.12589077e-08 
 4.89778819e+03  7.68757057e-08  7.68757057e-08  5.42271185e-08  5.42271185e-08  9.10711981e-09  9.10711981e-09  1.29981159e-09  1.29981159e-09  1.98570856e-20  5.72410968e-22  2.50994908e-19  2.23308339e-20  7.68757057e-08  7.68757057e-08  7.68757057e-08  7.68757057e-08  7.02294172e-08  7.02294172e-08  4.40550311e-08  4.40550311e-08  9.09364073e-09  9.09364073e-09  1.25608015e-09  1.25608015e-09  1.97265762e-20  5.71476655e-22  2.49502933e-19  2.20069965e-20  7.02294172e-08  7.02294172e-08  7.02294172e-08  7.02294172e-08  3.12588600e-08  3.12588600e-08  3.15816703e-08  3.15816703e-08  4.94906653e-10  4.94906653e-10  3.33449448e-10  3.33449448e-10  2.26979288e-21  3.26604836e-23  2.73252661e-20  3.78902027e-21  3.12588600e-08  3.12588600e-08  3.12588600e-08  3.12588600e-08 
 5.01187234e+03  7.62586096e-08  7.62586096e-08  5.38181389e-08  5.38181389e-08  9.02018967e-09  9.02018967e-09  1.28598779e-09  1.28598779e-09  3.51837336e-20  1.01429273e-21  4.52523925e-19  8.17607204e-20  7.62586096e-08  7.62586096e-08  7.62586096e-08  7.62586096e-08  6.95534009e-08  6.95534009e-08  4.35506677e-08  4.35506677e-08  9.00657910e-09  9.00657910e-09  1.24176503e-09  1.24176503e-09  3.49480198e-20  1.01260491e-21  4.49781954e-19  8.05523970e-20  6.95534009e-08  6.95534009e-08  6.95534009e-08  6.95534009e-08  3.12588100e-08  3.12588100e-08  3.15816198e-08  3.15816198e-08  4.94931810e-10  4.94931810e-10  3.33466397e-10  3.33466397e-10  4.06029032e-21  5.84338020e-23  4.97382810e-20  1.40037588e-20  3.12588100e-08  3.12588100e-08  3.12588100e-08  3.12588100e-08 
 5.12861384e+03  7.56484403e-08  7.56484403e-08  5.34154403e-08  5.34154403e-08  8.93411566e-09  8.93411566e-09  1.27233531e-09  1.27233531e-09  2.31919850e-20  6.68659311e-22  3.15666049e-19  4.49291426e-20  7.56484403e-08  7.56484403e-08  7.56484403e-08  7.56484403e-08  6.88838866e-08  6.88838866e-08  4.30520753e-08  4.30520753e-08  8.92037231e-09  8.92037231e-09  1.22761599e-09  1.22761599e-09  2.30336065e-20  6.67524961e-22  3.13716329e-19  4.42524685e-20  6.88838866e-08  6.88838866e-08  6.88838866e-08  6.88838866e-08  3.12587577e-08  3.12587577e-08  3.15815669e-08  3.15815669e-08  4.94958151e-10  4.94958151e-10  3.33484144e-10  3.33484144e-10  2.70206915e-21  3.88948075e-23  3.50288491e-20  7.76790053e-21  3.12587577e-08  3.12587577e-08  3.12587577e-08  3.12587577e-08 
 5.24807460e+03  7.50451358e-08  7.50451358e-08  5.30189496e-08  5.30189496e-08  8.84889023e-09  8.84889023e-09  1.25885237e-09  1.25885237e-09  3.05203289e-20  8.79643355e-22  3.77594189e-19  6.18686760e-20  7.50451358e-08  7.50451358e-08  7.50451358e-08  7.50451358e-08  6.82208116e-08  6.82208116e-08  4.25591877e-08  4.25591877e-08  8.83501275e-09  8.83501275e-09  1.21363121e-09  1.21363121e-09  3.03078770e-20  8.78122011e-22  3.75216849e-19  6.09190958e-20  6.82208116e-08  6.82208116e-08  6.82208116e-08  6.82208116e-08  3.12587029e-08  3.12587029e-08  3.15815116e-08  3.15815116e-08  4.94985732e-10  4.94985732e-10  3.33502726e-10  3.33502726e-10  3.58996349e-21  5.16629236e-23  4.23029912e-20  1.07974102e-20  3.12587029e-08  3.12587029e-08  3.12587029e-08  3.12587029e-08 
 5.37031796e+03  7.44486343e-08  7.44486343e-08  5.26285948e-08  5.26285948e-08  8.76450585e-09  8.76450585e-09  1.24553722e-09  1.24553722e-09  2.88744671e-20  8.32109960e-22  3.46406314e-19  5.00244569e-20  7.44486343e-08  7.44486343e-08  7.44486343e-08  7.44486343e-08  6.75641138e-08  6.75641138e-08  4.20719394e-08  4.20719394e-08  8.75049292e-09  8.75049292e-09  1.19980888e-09  1.19980888e-09  2.86695883e-20  8.30642793e-22  3.44183148e-19  4.92420206e-20  6.75641138e-08  6.75641138e-08  6.75641138e-08  6.75641138e-08  3.12586455e-08  3.12586455e-08  3.15814536e-08  3.15814536e-08  4.95014611e-10  4.95014611e-10  3.33522183e-10  3.33522183e-10  3.42890910e-21  4.93444619e-23  3.91812555e-20  8.81255864e-21  3.12586455e-08  3.12586455e-08  3.12586455e-08  3.12586455e-08 
 5.49540874e+03  7.38588749e-08  7.38588749e-08  5.22443038e-08  5.22443038e-08  8.68095516e-09  8.68095516e-09  1.23238814e-09  1.23238814e-09  2.22325340e-20  6.40663716e-22  2.35551000e-19  1.86768251e-20  7.38588749e-08  7.38588749e-08  7.38588749e-08  7.38588749e-08  6.69137316e-08  6.69137316e-08  4.15902660e-08  4.15902660e-08  8.66680540e-09  8.66680540e-09  1.18614723e-09  1.18614723e-09  2.20717355e-20  6.39512103e-22  2.34010047e-19  1.83791300e-20  6.69137316e-08  6.69137316e-08  6.69137316e-08  6.69137316e-08  3.12585855e-08  3.12585855e-08  3.15813929e-08  3.15813929e-08  4.95044848e-10  4.95044848e-10  3.33542555e-10  3.33542555e-10  2.66545282e-21  3.83594953e-23  2.68982019e-20  3.32116998e-21  3.12585855e-08  3.12585855e-08  3.12585855e-08  3.12585855e-08 
 5.62341325e+03  7.32757969e-08  7.32757969e-08  5.18660055e-08  5.18660055e-08  8.59823084e-09  8.59823084e-09  1.21940342e-09  1.21940342e-09  2.44389449e-20  7.04412420e-22  3.01169531e-19  3.45703524e-20  7.32757969e-08  7.32757969e-08  7.32757969e-08  7.32757969e-08  6.62696041e-08  6.62696041e-08  4.11141034e-08  4.11141034e-08  8.58394290e-09  8.58394290e-09  1.17264450e-09  1.17264450e-09  2.42587744e-20  7.03121556e-22  2.99161212e-19  3.40088252e-20  6.62696041e-08  6.62696041e-08  6.62696041e-08  6.62696041e-08  3.12585225e-08  3.12585225e-08  3.15813293e-08  3.15813293e-08  4.95076509e-10  4.95076509e-10  3.33563886e-10  3.33563886e-10  2.95803542e-21  4.25847919e-23  3.47211442e-20  6.20522858e-21  3.12585225e-08  3.12585225e-08  3.12585225e-08  3.12585225e-08 
 5.75439937e+03  7.26993403e-08  7.26993403e-08  5.14936292e-08  5.14936292e-08  8.51632569e-09  8.51632569e-09  1.20658139e-09  1.20658139e-09  2.33518145e-20  6.72660946e-22  2.72241962e-19  2.06625383e-20  7.26993403e-08  7.26993403e-08  7.26993403e-08  7.26993403e-08  6.56316709e-08  6.56316709e-08  4.06433885e-08  4.06433885e-08  8.50189817e-09  8.50189817e-09  1.15929897e-09  1.15929897e-09  2.31763343e-20  6.71404261e-22  2.70391449e-19  2.03205232e-20  6.56316709e-08  6.56316709e-08  6.56316709e-08  6.56316709e-08  3.12584567e-08  3.12584567e-08  3.15812628e-08  3.15812628e-08  4.95109659e-10  4.95109659e-10  3.33586220e-10  3.33586220e-10  2.85350909e-21  4.10589850e-23  3.16870419e-20  3.74370000e-21  3.12584567e-08  3.12584567e-08  3.12584567e-08  3.12584567e-08 
 5.88843655e+03  7.21294456e-08  7.21294456e-08  5.11271045e-08  5.11271045e-08  8.43523261e-09  8.43523261e-09  1.19392039e-09  1.19392039e-09  1.95091461e-20  5.61962149e-22  1.98640648e-19  1.09689776e-20  7.21294456e-08  7.21294456e-08  7.21294456e-08  7.21294456e-08  6.49998722e-08  6.49998722e-08  4.01780588e-08  4.01780588e-08  8.42066411e-09  8.42066411e-09  1.14610892e-09  1.14610892e-09  1.93597117e-20  5.60891829e-22  1.97264329e-19  1.07839577e-20  6.49998722e-08  6.49998722e-08  6.49998722e-08  6.49998722e-08  3.12583877e-08  3.12583877e-08  3.15811931e-08  3.15811931e-08  4.95144369e-10  4.95144369e-10  3.33609605e-10  3.33609605e-10  2.40676341e-21  3.46340461e-23  2.33419592e-20  2.00606190e-21  3.12583877e-08  3.12583877e-08  3.12583877e-08  3.12583877e-08 
 6.02559586e+03  7.15660538e-08  7.15660538e-08  5.07663618e-08  5.07663618e-08  8.35494460e-09  8.35494460e-09  1.18141879e-09  1.18141879e-09  2.25769823e-20  6.49986960e-22  2.08007844e-19  2.10683449e-20  7.15660538e-08  7.15660538e-08  7.15660538e-08  7.15660538e-08  6.43741487e-08  6.43741487e-08  3.97180526e-08  3.97180526e-08  8.34023369e-09  8.34023369e-09  1.13307268e-09  1.13307268e-09  2.24007112e-20  6.48724880e-22  2.06538774e-19  2.07062109e-20  6.43741487e-08  6.43741487e-08  6.43741487e-08  6.43741487e-08  3.12583155e-08  3.12583155e-08  3.15811201e-08  3.15811201e-08  4.95180711e-10  4.95180711e-10  3.33634090e-10  3.33634090e-10  2.81187702e-21  4.04468469e-23  2.46768852e-20  3.88925830e-21  3.12583155e-08  3.12583155e-08  3.12583155e-08  3.12583155e-08 
 6.16595002e+03  7.10091062e-08  7.10091062e-08  5.04113317e-08  5.04113317e-08  8.27545472e-09  8.27545472e-09  1.16907498e-09  1.16907498e-09  1.90990233e-20  5.49740146e-22  1.84626451e-19  1.14902226e-20  7.10091062e-08  7.10091062e-08  7.10091062e-08  7.10091062e-08  6.37544419e-08  6.37544419e-08  3.92633088e-08  3.92633088e-08  8.26059997e-09  8.26059997e-09  1.12018857e-09  1.12018857e-09  1.89470290e-20  5.48651930e-22  1.83297322e-19  1.12889661e-20  6.37544419e-08  6.37544419e-08  6.37544419e-08  6.37544419e-08  3.12582398e-08  3.12582398e-08  3.15810437e-08  3.15810437e-08  4.95218763e-10  4.95218763e-10  3.33659727e-10  3.33659727e-10  2.40146154e-21  3.45398962e-23  2.21128574e-20  2.14101802e-21  3.12582398e-08  3.12582398e-08  3.12582398e-08  3.12582398e-08 
 6.30957344e+03  7.04585447e-08  7.04585447e-08  5.00619456e-08  5.00619456e-08  8.19675618e-09  8.19675618e-09  1.15688736e-09  1.15688736e-09  3.06890712e-20  8.83612382e-22  2.95635835e-19  2.49924246e-20  7.04585447e-08  7.04585447e-08  7.04585447e-08  7.04585447e-08  6.31406935e-08  6.31406935e-08  3.88137671e-08  3.88137671e-08  8.18175612e-09  8.18175612e-09  1.10745497e-09  1.10745497e-09  3.04401288e-20  8.81829206e-22  2.93466439e-19  2.45463491e-20  6.31406935e-08  6.31406935e-08  6.31406935e-08  6.31406935e-08  3.12581606e-08  3.12581606e-08  3.15809637e-08  3.15809637e-08  4.95258605e-10  4.95258605e-10  3.33686570e-10  3.33686570e-10  3.89565959e-21  5.60542563e-23  3.57476245e-20  4.70059745e-21  3.12581606e-08  3.12581606e-08  3.12581606e-08  3.12581606e-08 
 6.45654229e+03  6.99143119e-08  6.99143119e-08  4.97181352e-08  4.97181352e-08  8.11884224e-09  8.11884224e-09  1.14485439e-09  1.14485439e-09  2.29568439e-20  6.61325101e-22  1.49140121e-19  3.05230665e-20  6.99143119e-08  6.99143119e-08  6.99143119e-08  6.99143119e-08  6.25328461e-08  6.25328461e-08  3.83693678e-08  3.83693678e-08  8.10369542e-09  8.10369542e-09  1.09487025e-09  1.09487025e-09  2.27670315e-20  6.59964528e-22  1.48024586e-19  2.99679265e-20  6.25328461e-08  6.25328461e-08  6.25328461e-08  6.25328461e-08  3.12580777e-08  3.12580777e-08  3.15808799e-08  3.15808799e-08  4.95300321e-10  4.95300321e-10  3.33714675e-10  3.33714675e-10  2.94198819e-21  4.23589035e-23  1.82063379e-20  5.79459182e-21  3.12580777e-08  3.12580777e-08  3.12580777e-08  3.12580777e-08 
 6.60693448e+03  6.93763504e-08  6.93763504e-08  4.93798325e-08  4.93798325e-08  8.04170629e-09  8.04170629e-09  1.13297452e-09  1.13297452e-09  1.89169499e-20  5.44341096e-22  1.48743816e-19  1.27481917e-20  6.93763504e-08  6.93763504e-08  6.93763504e-08  6.93763504e-08  6.19308427e-08  6.19308427e-08  3.79300519e-08  3.79300519e-08  8.02641120e-09  8.02641120e-09  1.08243281e-09  1.08243281e-09  1.87575242e-20  5.43199396e-22  1.47609764e-19  1.25119302e-20  6.19308427e-08  6.19308427e-08  6.19308427e-08  6.19308427e-08  3.12579909e-08  3.12579909e-08  3.15807922e-08  3.15807922e-08  4.95343998e-10  4.95343998e-10  3.33744102e-10  3.33744102e-10  2.44742860e-21  3.52033015e-23  1.83317461e-20  2.44281436e-21  3.12579909e-08  3.12579909e-08  3.12579909e-08  3.12579909e-08 
 6.76082975e+03  6.88446037e-08  6.88446037e-08  4.90469704e-08  4.90469704e-08  7.96534180e-09  7.96534180e-09  1.12124622e-09  1.12124622e-09  3.24678209e-20  9.34319403e-22  2.34379857e-19  1.43307968e-20  6.88446037e-08  6.88446037e-08  6.88446037e-08  6.88446037e-08  6.13346266e-08  6.13346266e-08  3.74957611e-08  3.74957611e-08  7.94989694e-09  7.94989694e-09  1.07014109e-09  1.07014109e-09  3.21889177e-20  9.32321615e-22  2.32558407e-19  1.40601639e-20  6.13346266e-08  6.13346266e-08  6.13346266e-08  6.13346266e-08  3.12578999e-08  3.12578999e-08  3.15807003e-08  3.15807003e-08  4.95389729e-10  4.95389729e-10  3.33774913e-10  3.33774913e-10  4.24073261e-21  6.10084329e-23  2.91622339e-20  2.77176584e-21  3.12578999e-08  3.12578999e-08  3.12578999e-08  3.12578999e-08 
 6.91830971e+03  6.83190155e-08  6.83190155e-08  4.87194820e-08  4.87194820e-08  7.88974233e-09  7.88974233e-09  1.10966801e-09  1.10966801e-09  3.11290685e-20  8.95925156e-22  1.74935508e-19  2.17623214e-20  6.83190155e-08  6.83190155e-08  6.83190155e-08  6.83190155e-08  6.07441421e-08  6.07441421e-08  3.70664378e-08  3.70664378e-08  7.87414617e-09  7.87414617e-09  1.05799353e-09  1.05799353e-09  3.08565114e-20  8.93972172e-22  1.73549785e-19  2.13435503e-20  6.07441421e-08  6.07441421e-08  6.07441421e-08  6.07441421e-08  3.12578047e-08  3.12578047e-08  3.15806041e-08  3.15806041e-08  4.95437610e-10  4.95437610e-10  3.33807172e-10  3.33807172e-10  4.10469922e-21  5.90674356e-23  2.19741875e-20  4.24847254e-21  3.12578047e-08  3.12578047e-08  3.12578047e-08  3.12578047e-08 
 7.07945784e+03  6.77995301e-08  6.77995301e-08  4.83973009e-08  4.83973009e-08  7.81490157e-09  7.81490157e-09  1.09823842e-09  1.09823842e-09  2.87645034e-20  8.26883270e-22  2.11547618e-19  3.13425553e-20  6.77995301e-08  6.77995301e-08  6.77995301e-08  6.77995301e-08  6.01593337e-08  6.01593337e-08  3.66420249e-08  3.66420249e-08  7.79915255e-09  7.79915255e-09  1.04598860e-09  1.04598860e-09  2.85077968e-20  8.25045703e-22  2.09839547e-19  3.07279975e-20  6.01593337e-08  6.01593337e-08  6.01593337e-08  6.01593337e-08  3.12577050e-08  3.12577050e-08  3.15805034e-08  3.15805034e-08  4.95487743e-10  4.95487742e-10  3.33840947e-10  3.33840947e-10  3.82911289e-21  5.50430034e-23  2.68272456e-20  6.17590223e-21  3.12577050e-08  3.12577050e-08  3.12577050e-08  3.12577050e-08 
 7.24435960e+03  6.72860920e-08  6.72860920e-08  4.80803610e-08  4.80803610e-08  7.74081327e-09  7.74081327e-09  1.08695598e-09  1.08695598e-09  3.13075485e-20  9.01264388e-22  1.55004846e-19  3.68622146e-20  6.72860920e-08  6.72860920e-08  6.72860920e-08  6.72860920e-08  5.95801466e-08  5.95801466e-08  3.62224662e-08  3.62224662e-08  7.72490984e-09  7.72490984e-09  1.03412480e-09  1.03412480e-09  3.10227640e-20  8.99222542e-22  1.53729169e-19  3.61257328e-20  5.95801466e-08  5.95801466e-08  5.95801466e-08  5.95801466e-08  3.12576006e-08  3.12576006e-08  3.15803979e-08  3.15803979e-08  4.95540231e-10  4.95540231e-10  3.33876311e-10  3.33876311e-10  4.20741163e-21  6.05747042e-23  1.98447223e-20  7.33133085e-21  3.12576006e-08  3.12576006e-08  3.12576006e-08  3.12576006e-08 
 7.41310241e+03  6.67786465e-08  6.67786465e-08  4.77685970e-08  4.77685970e-08  7.66747130e-09  7.66747130e-09  1.07581928e-09  1.07581928e-09  2.96509935e-20  8.53159486e-22  1.81620311e-19  2.04105122e-20  6.67786465e-08  6.67786465e-08  6.67786465e-08  6.67786465e-08  5.90065263e-08  5.90065263e-08  3.58077058e-08  3.58077058e-08  7.65141186e-09  7.65141186e-09  1.02240064e-09  1.02240064e-09  2.93760831e-20  8.51189005e-22  1.80096766e-19  1.99950016e-20  5.90065263e-08  5.90065263e-08  5.90065263e-08  5.90065263e-08  3.12574913e-08  3.12574913e-08  3.15802875e-08  3.15802875e-08  4.95595187e-10  4.95595187e-10  3.33913336e-10  3.33913336e-10  4.02279964e-21  5.78962082e-23  2.34744085e-20  4.09720408e-21  3.12574913e-08  3.12574913e-08  3.12574913e-08  3.12574913e-08 
 7.58577575e+03  6.62771388e-08  6.62771388e-08  4.74619439e-08  4.74619439e-08  7.59486962e-09  7.59486962e-09  1.06482691e-09  1.06482691e-09  2.93271721e-20  8.43574834e-22  1.61481110e-19  2.35784388e-20  6.62771388e-08  6.62771388e-08  6.62771388e-08  6.62771388e-08  5.84384190e-08  5.84384190e-08  3.53976887e-08  3.53976887e-08  7.57865257e-09  7.57865257e-09  1.01081465e-09  1.01081465e-09  2.90500287e-20  8.41588573e-22  1.60100388e-19  2.30893519e-20  5.84384190e-08  5.84384190e-08  5.84384190e-08  5.84384190e-08  3.12573769e-08  3.12573769e-08  3.15801718e-08  3.15801718e-08  4.95652725e-10  4.95652725e-10  3.33952102e-10  3.33952102e-10  4.01680808e-21  5.77994820e-23  2.10708050e-20  4.77724919e-21  3.12573769e-08  3.12573769e-08  3.12573769e-08  3.12573769e-08 
 7.76247117e+03  6.57815152e-08  6.57815152e-08  4.71603369e-08  4.71603369e-08  7.52300230e-09  7.52300230e-09  1.05397748e-09  1.05397748e-09  2.58556613e-20  7.43315962e-22  1.50707739e-19  2.80741965e-20  6.57815152e-08  6.57815152e-08  6.57815152e-08  6.57815152e-08  5.78757714e-08  5.78757714e-08  3.49923606e-08  3.49923606e-08  7.50662600e-09  7.50662600e-09  9.99365397e-10  9.99365397e-10  2.56066208e-20  7.41531710e-22  1.49394295e-19  2.74808390e-20  5.78757714e-08  5.78757714e-08  5.78757714e-08  5.78757714e-08  3.12572570e-08  3.12572570e-08  3.15800507e-08  3.15800507e-08  4.95712966e-10  4.95712966e-10  3.33992688e-10  3.33992688e-10  3.57508840e-21  5.14225778e-23  1.98528453e-20  5.74111363e-21  3.12572570e-08  3.12572570e-08  3.12572570e-08  3.12572570e-08 
 7.94328235e+03  6.52917217e-08  6.52917217e-08  4.68637121e-08  4.68637121e-08  7.45186350e-09  7.45186350e-09  1.04326964e-09  1.04326964e-09  2.43600729e-20  7.00873841e-22  5.21882422e-20  6.60264544e-20  6.52917217e-08  6.52917217e-08  6.52917217e-08  6.52917217e-08  5.73185307e-08  5.73185307e-08  3.45916674e-08  3.45916674e-08  7.43532631e-09  7.43532631e-09  9.88051450e-10  9.88051450e-10  2.41209226e-20  6.99158731e-22  5.17246477e-20  6.46045836e-20  5.73185307e-08  5.73185307e-08  5.73185307e-08  5.73185307e-08  3.12571315e-08  3.12571315e-08  3.15799239e-08  3.15799239e-08  4.95776039e-10  4.95776039e-10  3.34035182e-10  3.34035182e-10  3.40038764e-21  4.89553209e-23  6.94042853e-21  1.36279172e-20  3.12571315e-08  3.12571315e-08  3.12571315e-08  3.12571315e-08 
 8.12830516e+03  6.48077053e-08  6.48077053e-08  4.65720056e-08  4.65720056e-08  7.38144747e-09  7.38144747e-09  1.03270204e-09  1.03270204e-09  2.32578150e-20  6.68326724e-22  8.14264356e-20  5.52199305e-20  6.48077053e-08  6.48077053e-08  6.48077053e-08  6.48077053e-08  5.67666444e-08  5.67666444e-08  3.41955561e-08  3.41955561e-08  7.36474772e-09  7.36474772e-09  9.76871409e-10  9.76871409e-10  2.30250935e-20  6.66659438e-22  8.06891795e-20  5.40083114e-20  5.67666444e-08  5.67666444e-08  5.67666444e-08  5.67666444e-08  3.12570001e-08  3.12570001e-08  3.15797911e-08  3.15797911e-08  4.95842073e-10  4.95842073e-10  3.34079672e-10  3.34079672e-10  3.27744881e-21  4.71333327e-23  1.09321113e-20  1.15034141e-20  3.12570001e-08  3.12570001e-08  3.12570001e-08  3.12570001e-08 
 8.31763771e+03  6.43294130e-08  6.43294130e-08  4.62851542e-08  4.62851542e-08  7.31174859e-09  7.31174859e-09  1.02227336e-09  1.02227336e-09  2.90835290e-20  8.36703572e-22  1.03028129e-19  5.61709491e-20  6.43294130e-08  6.43294130e-08  6.43294130e-08  6.43294130e-08  5.62200608e-08  5.62200608e-08  3.38039740e-08  3.38039740e-08  7.29488458e-09  7.29488458e-09  9.65823896e-10  9.65823896e-10  2.87869173e-20  8.34575624e-22  1.02077319e-19  5.49151939e-20  5.62200608e-08  5.62200608e-08  5.62200608e-08  5.62200608e-08  3.12568625e-08  3.12568625e-08  3.15796521e-08  3.15796521e-08  4.95911209e-10  4.95911209e-10  3.34126251e-10  3.34126251e-10  4.13742063e-21  5.95785340e-23  1.39642624e-20  1.18102387e-20  3.12568625e-08  3.12568625e-08  3.12568625e-08  3.12568625e-08 
 8.51138038e+03  6.38567923e-08  6.38567923e-08  4.60030952e-08  4.60030952e-08  7.24276132e-09  7.24276132e-09  1.01198233e-09  1.01198233e-09  2.80295164e-20  8.05836763e-22  1.19444016e-19  4.41847754e-20  6.38567923e-08  6.38567923e-08  6.38567923e-08  6.38567923e-08  5.56787284e-08  5.56787284e-08  3.34168690e-08  3.34168690e-08  7.22573132e-09  7.22573132e-09  9.54907551e-10  9.54907551e-10  2.77381582e-20  8.03747447e-22  1.18320483e-19  4.31783451e-20  5.56787284e-08  5.56787284e-08  5.56787284e-08  5.56787284e-08  3.12567184e-08  3.12567184e-08  3.15795065e-08  3.15795065e-08  4.95983591e-10  4.95983591e-10  3.34175017e-10  3.34175017e-10  4.02542867e-21  5.79353617e-23  1.63436360e-20  9.37631408e-21  3.12567184e-08  3.12567184e-08  3.12567184e-08  3.12567184e-08 
 8.70963590e+03  6.33897913e-08  6.33897913e-08  4.57257660e-08  4.57257660e-08  7.17448022e-09  7.17448022e-09  1.00182765e-09  1.00182765e-09  2.72321491e-20  7.84981497e-22  1.38556854e-19  8.57452376e-20  6.33897913e-08  6.33897913e-08  6.33897913e-08  6.33897913e-08  5.51425965e-08  5.51425965e-08  3.30341898e-08  3.30341898e-08  7.15728250e-09  7.15728250e-09  9.44121038e-10  9.44121038e-10  2.69436380e-20  7.82906662e-22  1.37228451e-19  8.37553270e-20  5.51425965e-08  5.51425965e-08  5.51425965e-08  5.51425965e-08  3.12565675e-08  3.12565675e-08  3.15793541e-08  3.15793541e-08  4.96059372e-10  4.96059372e-10  3.34226073e-10  3.34226073e-10  3.94812369e-21  5.69815299e-23  1.91396022e-20  1.83644782e-20  3.12565675e-08  3.12565675e-08  3.12565675e-08  3.12565675e-08 
 8.91250938e+03  6.29283581e-08  6.29283581e-08  4.54531047e-08  4.54531047e-08  7.10689997e-09  7.10689997e-09  9.91808080e-10  9.91808080e-10  2.47264332e-20  7.10888111e-22  9.77754024e-20  5.06705143e-20  6.29283581e-08  6.29283581e-08  6.29283581e-08  6.29283581e-08  5.46116146e-08  5.46116146e-08  3.26558855e-08  3.26558855e-08  7.08953276e-09  7.08953276e-09  9.33463039e-10  9.33463039e-10  2.44594357e-20  7.08972568e-22  9.68199481e-20  4.94724338e-20  5.46116146e-08  5.46116146e-08  5.46116146e-08  5.46116146e-08  3.12564095e-08  3.12564095e-08  3.15791944e-08  3.15791944e-08  4.96138710e-10  4.96138710e-10  3.34279526e-10  3.34279526e-10  3.61893638e-21  5.21018984e-23  1.36349513e-20  1.09529077e-20  3.12564095e-08  3.12564095e-08  3.12564095e-08  3.12564095e-08 
 9.12010839e+03  6.24724415e-08  6.24724415e-08  4.51850499e-08  4.51850499e-08  7.04001534e-09  7.04001534e-09  9.81922393e-10  9.81922393e-10  2.44680710e-20  7.03878158e-22  6.20742267e-20  7.32254039e-20  6.24724415e-08  6.24724415e-08  6.24724415e-08  6.24724415e-08  5.40857328e-08  5.40857328e-08  3.22819058e-08  3.22819058e-08  7.02247683e-09  7.02247683e-09  9.22932257e-10  9.22932257e-10  2.41987880e-20  7.01944616e-22  6.14559716e-20  7.14614219e-20  5.40857328e-08  5.40857328e-08  5.40857328e-08  5.40857328e-08  3.12562440e-08  3.12562440e-08  3.15790273e-08  3.15790273e-08  4.96221772e-10  4.96221772e-10  3.34335488e-10  3.34335488e-10  3.61516506e-21  5.20867144e-23  8.73882081e-21  1.59748875e-20  3.12562440e-08  3.12562440e-08  3.12562440e-08  3.12562440e-08 
 9.33254301e+03  6.20219904e-08  6.20219904e-08  4.49215403e-08  4.49215403e-08  6.97382120e-09  6.97382120e-09  9.72169383e-10  9.72169383e-10  2.47819246e-20  7.12627058e-22  3.89675905e-20  8.69274220e-20  6.20219904e-08  6.20219904e-08  6.20219904e-08  6.20219904e-08  5.35649015e-08  5.35649015e-08  3.19122010e-08  3.19122010e-08  6.95610959e-09  6.95610959e-09  9.12527418e-10  9.12527418e-10  2.45039504e-20  7.10631411e-22  3.85720111e-20  8.47939581e-20  5.35649015e-08  5.35649015e-08  5.35649015e-08  5.35649015e-08  3.12560708e-08  3.12560708e-08  3.15788522e-08  3.15788522e-08  4.96308731e-10  4.96308731e-10  3.34394075e-10  3.34394075e-10  3.69632900e-21  5.32437354e-23  5.53810299e-21  1.91395209e-20  3.12560708e-08  3.12560708e-08  3.12560708e-08  3.12560708e-08 
 9.54992586e+03  6.15769543e-08  6.15769543e-08  4.46625153e-08  4.46625153e-08  6.90831255e-09  6.90831255e-09  9.62547864e-10  9.62547864e-10  2.02049851e-20  5.79927523e-22  2.02970450e-20  8.25923302e-20  6.15769543e-08  6.15769543e-08  6.15769543e-08  6.15769543e-08  5.30490719e-08  5.30490719e-08  3.15467220e-08  3.15467220e-08  6.89042598e-09  6.89042598e-09  9.02247267e-10  9.02247267e-10  1.99739992e-20  5.78271908e-22  2.00870378e-20  8.05271467e-20  5.30490719e-08  5.30490719e-08  5.30490719e-08  5.30490719e-08  3.12558894e-08  3.12558894e-08  3.15786690e-08  3.15786690e-08  4.96399770e-10  4.96399770e-10  3.34455411e-10  3.34455411e-10  3.04228253e-21  4.37477993e-23  2.91208898e-21  1.83530592e-20  3.12558894e-08  3.12558894e-08  3.12558894e-08  3.12558894e-08 
 9.77237221e+03  6.11372829e-08  6.11372829e-08  4.44079147e-08  4.44079147e-08  6.84348446e-09  6.84348446e-09  9.53056676e-10  9.53056676e-10  1.96674486e-20  5.65082396e-22  1.87618241e-20  1.00999718e-19  6.11372829e-08  6.11372829e-08  6.11372829e-08  6.11372829e-08  5.25381953e-08  5.25381953e-08  3.11854201e-08  3.11854201e-08  6.82542107e-09  6.82542107e-09  8.92090570e-10  8.92090570e-10  1.94382930e-20  5.63437793e-22  1.85639699e-20  9.84268133e-20  5.25381953e-08  5.25381953e-08  5.25381953e-08  5.25381953e-08  3.12556994e-08  3.12556994e-08  3.15784771e-08  3.15784771e-08  4.96495079e-10  4.96495079e-10  3.34519624e-10  3.34519624e-10  2.98945926e-21  4.30397847e-23  2.71743773e-21  2.26505931e-20  3.12556994e-08  3.12556994e-08  3.12556994e-08  3.12556994e-08 
 1.00000000e+04  6.07029263e-08  6.07029263e-08  4.41576785e-08  4.41576785e-08  6.77933215e-09  6.77933215e-09  9.43694679e-10  9.43694679e-10  1.89408120e-20  5.42051659e-22  7.82896943e-20  1.08011498e-19  6.07029263e-08  6.07029263e-08  6.07029263e-08  6.07029263e-08  5.20322238e-08  5.20322238e-08  3.08282474e-08  3.08282474e-08  6.76109002e-09  6.76109002e-09  8.82056114e-10  8.82056114e-10  1.87158897e-20  5.40443411e-22  7.74482193e-20  1.05208309e-19  5.20322238e-08  5.20322238e-08  5.20322238e-08  5.20322238e-08  3.12555005e-08  3.12555005e-08  3.15782761e-08  3.15782761e-08  4.96594858e-10  4.96594858e-10  3.34586848e-10  3.34586848e-10  2.90633046e-21  4.16844756e-23  1.14472240e-20  2.44464722e-20  3.12555005e-08  3.12555005e-08  3.12555005e-08  3.12555005e-08 
 1.02329299e+04  6.02738349e-08  6.02738349e-08  4.39117475e-08  4.39117475e-08  6.71585090e-09  6.71585090e-09  9.34460757e-10  9.34460756e-10  2.17039958e-20  6.20987912e-22  8.71338332e-20  1.10803003e-19  6.02738349e-08  6.02738349e-08  6.02738349e-08  6.02738349e-08  5.15311095e-08  5.15311095e-08  3.04751563e-08  3.04751563e-08  6.69742811e-09  6.69742811e-09  8.72142706e-10  8.72142706e-10  2.14413181e-20  6.19109642e-22  8.61793085e-20  1.07873413e-19  5.15311095e-08  5.15311095e-08  5.15311095e-08  5.15311095e-08  3.12552922e-08  3.12552922e-08  3.15780657e-08  3.15780657e-08  4.96699315e-10  4.96699315e-10  3.34657224e-10  3.34657224e-10  3.36190933e-21  4.82160561e-23  1.28615038e-20  2.53093257e-20  3.12552922e-08  3.12552922e-08  3.12552922e-08  3.12552922e-08 
 1.04712855e+04  5.98499594e-08  5.98499594e-08  4.36700625e-08  4.36700625e-08  6.65303615e-09  6.65303615e-09  9.25353814e-10  9.25353814e-10  1.99164216e-20  5.70731855e-22  4.52553115e-20  1.11463345e-19  5.98499594e-08  5.98499594e-08  5.98499594e-08  5.98499594e-08  5.10348054e-08  5.10348054e-08  3.01260998e-08  3.01260998e-08  6.63443073e-09  6.63443073e-09  8.62349175e-10  8.62349175e-10  1.96707575e-20  5.68972034e-22  4.47500327e-20  1.08461045e-19  5.10348054e-08  5.10348054e-08  5.10348054e-08  5.10348054e-08  3.12550742e-08  3.12550742e-08  3.15778453e-08  3.15778453e-08  4.96808667e-10  4.96808667e-10  3.34730899e-10  3.34730899e-10  3.11426524e-21  4.47419633e-23  6.74344939e-21  2.56944863e-20  3.12550742e-08  3.12550742e-08  3.12550742e-08  3.12550742e-08 
 1.07151931e+04  5.94312510e-08  5.94312510e-08  4.34325651e-08  4.34325651e-08  6.59088340e-09  6.59088340e-09  9.16372780e-10  9.16372780e-10  2.60244869e-20  7.46328695e-22  4.10981267e-20  1.25406198e-19  5.94312510e-08  5.94312510e-08  5.94312510e-08  5.94312510e-08  5.05432646e-08  5.05432646e-08  2.97810316e-08  2.97810316e-08  6.57209337e-09  6.57209337e-09  8.52674369e-10  8.52674369e-10  2.56973295e-20  7.43982699e-22  4.06304540e-20  1.21965064e-19  5.05432646e-08  5.05432646e-08  5.05432646e-08  5.05432646e-08  3.12548458e-08  3.12548458e-08  3.15776146e-08  3.15776146e-08  4.96923144e-10  4.96923144e-10  3.34808026e-10  3.34808026e-10  4.10792503e-21  5.90727179e-23  6.18216255e-21  2.91743779e-20  3.12548458e-08  3.12548458e-08  3.12548458e-08  3.12548458e-08 
 1.09647820e+04  5.90176611e-08  5.90176611e-08  4.31991970e-08  4.31991970e-08  6.52938831e-09  6.52938830e-09  9.07516606e-10  9.07516606e-10  2.22812212e-20  6.38281809e-22  7.11606126e-20  1.24028784e-19  5.90176611e-08  5.90176611e-08  5.90176611e-08  5.90176611e-08  5.00564409e-08  5.00564409e-08  2.94399057e-08  2.94399057e-08  6.51041163e-09  6.51041163e-09  8.43117158e-10  8.43117158e-10  2.19957554e-20  6.36236449e-22  7.03353057e-20  1.20561741e-19  5.00564409e-08  5.00564409e-08  5.00564409e-08  5.00564409e-08  3.12546067e-08  3.12546067e-08  3.15773730e-08  3.15773730e-08  4.97042984e-10  4.97042984e-10  3.34888766e-10  3.34888766e-10  3.55036821e-21  5.10085129e-23  1.08059294e-20  2.91189469e-20  3.12546067e-08  3.12546067e-08  3.12546067e-08  3.12546067e-08 
 1.12201845e+04  5.86091413e-08  5.86091413e-08  4.29699005e-08  4.29699005e-08  6.46854661e-09  6.46854661e-09  8.98784266e-10  8.98784266e-10  2.01572020e-20  5.77358491e-22  1.03536592e-19  1.36401081e-19  5.86091413e-08  5.86091413e-08  5.86091413e-08  5.86091413e-08  4.95742883e-08  4.95742883e-08  2.91026768e-08  2.91026768e-08  6.44938123e-09  6.44938123e-09  8.33676432e-10  8.33676431e-10  1.98940037e-20  5.75472403e-22  1.02312758e-19  1.32516873e-19  4.95742883e-08  4.95742883e-08  4.95742883e-08  4.95742883e-08  3.12543563e-08  3.12543563e-08  3.15771201e-08  3.15771201e-08  4.97168437e-10  4.97168437e-10  3.34973287e-10  3.34973287e-10  3.24232623e-21  4.65852701e-23  1.58715205e-20  3.23174685e-20  3.12543563e-08  3.12543563e-08  3.12543563e-08  3.12543563e-08 
 1.14815362e+04  5.82056437e-08  5.82056437e-08  4.27446184e-08  4.27446184e-08  6.40835418e-09  6.40835418e-09  8.90174756e-10  8.90174756e-10  2.16341384e-20  6.20091625e-22  1.23872353e-19  1.55888457e-19  5.82056437e-08  5.82056437e-08  5.82056437e-08  5.82056437e-08  4.90967613e-08  4.90967613e-08  2.87692998e-08  2.87692998e-08  6.38899800e-09  6.38899800e-09  8.24351101e-10  8.24351101e-10  2.13462480e-20  6.18026574e-22  1.22380062e-19  1.51366360e-19  4.90967613e-08  4.90967613e-08  4.90967613e-08  4.90967613e-08  3.12540941e-08  3.12540941e-08  3.15768552e-08  3.15768552e-08  4.97299763e-10  4.97299763e-10  3.35061766e-10  3.35061766e-10  3.51282136e-21  5.05162688e-23  1.91689981e-20  3.72731006e-20  3.12540941e-08  3.12540941e-08  3.12540941e-08  3.12540941e-08 
 1.17489755e+04  5.78071206e-08  5.78071206e-08  4.25232937e-08  4.25232937e-08  6.34880700e-09  6.34880700e-09  8.81687098e-10  8.81687098e-10  1.99486199e-20  5.73877576e-22  1.42491479e-19  1.62153797e-19  5.78071206e-08  5.78071206e-08  5.78071206e-08  5.78071206e-08  4.86238150e-08  4.86238150e-08  2.84397306e-08  2.84397306e-08  6.32925789e-09  6.32925789e-09  8.15140097e-10  8.15140097e-10  1.96780791e-20  5.71929293e-22  1.40741973e-19  1.57362117e-19  4.86238150e-08  4.86238150e-08  4.86238150e-08  4.86238150e-08  3.12538196e-08  3.12538196e-08  3.15765778e-08  3.15765778e-08  4.97437236e-10  4.97437236e-10  3.35154387e-10  3.35154387e-10  3.26977009e-21  4.72026583e-23  2.22593450e-20  3.91260805e-20  3.12538196e-08  3.12538196e-08  3.12538196e-08  3.12538196e-08 
 1.20226443e+04  5.74135247e-08  5.74135247e-08  4.23058699e-08  4.23058699e-08  6.28990115e-09  6.28990115e-09  8.73320334e-10  8.73320334e-10  1.92645270e-20  5.53062460e-22  1.20682701e-19  1.57859600e-19  5.74135247e-08  5.74135247e-08  5.74135247e-08  5.74135247e-08  4.81554045e-08  4.81554045e-08  2.81139251e-08  2.81139251e-08  6.27015696e-09  6.27015696e-09  8.06042371e-10  8.06042371e-10  1.89982669e-20  5.51148364e-22  1.19172565e-19  1.53107785e-19  4.81554045e-08  4.81554045e-08  4.81554045e-08  4.81554045e-08  3.12535321e-08  3.12535321e-08  3.15762874e-08  3.15762874e-08  4.97581142e-10  4.97581142e-10  3.35251341e-10  3.35251341e-10  3.18748756e-21  4.59295974e-23  1.90311501e-20  3.84382341e-20  3.12535321e-08  3.12535321e-08  3.12535321e-08  3.12535321e-08 
 1.23026877e+04  5.70248088e-08  5.70248088e-08  4.20922910e-08  4.20922910e-08  6.23163287e-09  6.23163287e-09  8.65073532e-10  8.65073531e-10  1.97216529e-20  5.65661416e-22  1.46464220e-19  1.71428483e-19  5.70248088e-08  5.70248088e-08  5.70248088e-08  5.70248088e-08  4.76914858e-08  4.76914858e-08  2.77918400e-08  2.77918400e-08  6.21169138e-09  6.21169138e-09  7.97056897e-10  7.97056897e-10  1.94438633e-20  5.63665685e-22  1.44596361e-19  1.66172033e-19  4.76914858e-08  4.76914858e-08  4.76914858e-08  4.76914858e-08  3.12532311e-08  3.12532311e-08  3.15759833e-08  3.15759833e-08  4.97731779e-10  4.97731779e-10  3.35352830e-10  3.35352830e-10  3.29395054e-21  4.74291905e-23  2.33155739e-20  4.21234648e-20  3.12532311e-08  3.12532311e-08  3.12532311e-08  3.12532311e-08 
 1.25892541e+04  5.66409262e-08  5.66409262e-08  4.18825014e-08  4.18825014e-08  6.17399848e-09  6.17399848e-09  8.56945782e-10  8.56945782e-10  1.73346570e-20  4.99462638e-22  2.07624435e-19  1.90938637e-19  5.66409262e-08  5.66409262e-08  5.66409262e-08  5.66409262e-08  4.72320149e-08  4.72320149e-08  2.74734323e-08  2.74734323e-08  6.15385745e-09  6.15385745e-09  7.88182667e-10  7.88182667e-10  1.70858224e-20  4.97666235e-22  2.04925891e-19  1.84974913e-19  4.72320149e-08  4.72320149e-08  4.72320149e-08  4.72320149e-08  3.12529159e-08  3.12529159e-08  3.15756648e-08  3.15756648e-08  4.97889459e-10  4.97889459e-10  3.35459065e-10  3.35459065e-10  2.92260688e-21  4.22826592e-23  3.33645735e-20  4.73455303e-20  3.12529159e-08  3.12529159e-08  3.12529159e-08  3.12529159e-08 
 1.28824955e+04  5.62618304e-08  5.62618304e-08  4.16764458e-08  4.16764458e-08  6.11699445e-09  6.11699445e-09  8.48936200e-10  8.48936200e-10  1.88998103e-20  5.41741163e-22  2.18345631e-19  2.03012330e-19  5.62618304e-08  5.62618304e-08  5.62618304e-08  5.62618304e-08  4.67769484e-08  4.67769484e-08  2.71586598e-08  2.71586598e-08  6.09665160e-09  6.09665160e-09  7.79418697e-10  7.79418697e-10  1.86233262e-20  5.39754853e-22  2.15453414e-19  1.96553511e-19  4.67769484e-08  4.67769484e-08  4.67769484e-08  4.67769484e-08  3.12525859e-08  3.12525859e-08  3.15753314e-08  3.15753314e-08  4.98054510e-10  4.98054510e-10  3.35570265e-10  3.35570265e-10  3.21656081e-21  4.63042306e-23  3.54194755e-20  5.07980405e-20  3.12525859e-08  3.12525859e-08  3.12525859e-08  3.12525859e-08 
 1.31825674e+04  5.58874750e-08  5.58874750e-08  4.14740693e-08  4.14740693e-08  6.06061735e-09  6.06061735e-09  8.41043925e-10  8.41043925e-10  2.03212653e-20  5.77387979e-22  2.35906167e-19  2.07507951e-19  5.58874750e-08  5.58874750e-08  5.58874750e-08  5.58874750e-08  4.63262433e-08  4.63262433e-08  2.68474803e-08  2.68474803e-08  6.04007036e-09  6.04007036e-09  7.70764020e-10  7.70764020e-10  2.00183116e-20  5.75229856e-22  2.32721545e-19  2.00783371e-19  4.63262433e-08  4.63262433e-08  4.63262433e-08  4.63262433e-08  3.12522403e-08  3.12522403e-08  3.15749822e-08  3.15749822e-08  4.98227273e-10  4.98227273e-10  3.35686661e-10  3.35686661e-10  3.49109736e-21  4.98270913e-23  3.86300559e-20  5.23954887e-20  3.12522403e-08  3.12522403e-08  3.12522403e-08  3.12522403e-08 
 1.34896288e+04  5.55178141e-08  5.55178141e-08  4.12753177e-08  4.12753177e-08  6.00486389e-09  6.00486389e-09  8.33268120e-10  8.33268120e-10  2.05201447e-20  5.87629290e-22  2.43614139e-19  2.19592021e-19  5.55178141e-08  5.55178141e-08  5.55178141e-08  5.55178141e-08  4.58798570e-08  4.58798570e-08  2.65398524e-08  2.65398524e-08  5.98411039e-09  5.98411039e-09  7.62217692e-10  7.62217692e-10  2.02083857e-20  5.85390237e-22  2.40262555e-19  2.12343667e-19  4.58798570e-08  4.58798570e-08  4.58798570e-08  4.58798570e-08  3.12518784e-08  3.12518784e-08  3.15746166e-08  3.15746166e-08  4.98408105e-10  4.98408105e-10  3.35808494e-10  3.35808494e-10  3.55849318e-21  5.11999565e-23  4.02693701e-20  5.59506927e-20  3.12518784e-08  3.12518784e-08  3.12518784e-08  3.12518784e-08 
 1.38038426e+04  5.51528020e-08  5.51528020e-08  4.10801370e-08  4.10801370e-08  5.94973091e-09  5.94973091e-09  8.25607973e-10  8.25607973e-10  2.20461430e-20  6.33825499e-22  2.85903776e-19  2.34740734e-19  5.51528020e-08  5.51528020e-08  5.51528020e-08  5.51528020e-08  4.54377471e-08  4.54377471e-08  2.62357351e-08  2.62357351e-08  5.92876848e-09  5.92876848e-09  7.53778791e-10  7.53778791e-10  2.17048086e-20  6.31363532e-22  2.81895170e-19  2.26848568e-19  4.54377471e-08  4.54377471e-08  4.54377471e-08  4.54377471e-08  3.12514995e-08  3.12514995e-08  3.15742338e-08  3.15742338e-08  4.98597379e-10  4.98597379e-10  3.35936014e-10  3.35936014e-10  3.85913949e-21  5.57575406e-23  4.77063708e-20  6.03534632e-20  3.12514995e-08  3.12514995e-08  3.12514995e-08  3.12514995e-08 
 1.41253754e+04  5.47923932e-08  5.47923932e-08  4.08884735e-08  4.08884735e-08  5.89521537e-09  5.89521537e-09  8.18062698e-10  8.18062698e-10  2.01091546e-20  5.77307982e-22  3.09793355e-19  2.46413692e-19  5.47923932e-08  5.47923932e-08  5.47923932e-08  5.47923932e-08  4.49998717e-08  4.49998717e-08  2.59350879e-08  2.59350879e-08  5.87404155e-09  5.87404155e-09  7.45446412e-10  7.45446412e-10  1.97918729e-20  5.75022011e-22  3.05366777e-19  2.37975491e-19  4.49998717e-08  4.49998717e-08  4.49998717e-08  4.49998717e-08  3.12511027e-08  3.12511027e-08  3.15738329e-08  3.15738329e-08  4.98795486e-10  4.98795486e-10  3.36069485e-10  3.36069485e-10  3.55321437e-21  5.12753444e-23  5.21807757e-20  6.39290698e-20  3.12511027e-08  3.12511027e-08  3.12511027e-08  3.12511027e-08 
 1.44543977e+04  5.44365425e-08  5.44365425e-08  4.07002742e-08  4.07002742e-08  5.84131437e-09  5.84131437e-09  8.10631534e-10  8.10631534e-10  2.17230976e-20  6.19169034e-22  3.29438142e-19  2.55893667e-19  5.44365425e-08  5.44365425e-08  5.44365425e-08  5.44365425e-08  4.45661895e-08  4.45661895e-08  2.56378705e-08  2.56378705e-08  5.81992665e-09  5.81992665e-09  7.37219676e-10  7.37219676e-10  2.13738193e-20  6.16669713e-22  3.24640929e-19  2.46968545e-19  4.45661895e-08  4.45661895e-08  4.45661895e-08  4.45661895e-08  3.12506873e-08  3.12506873e-08  3.15734132e-08  3.15734132e-08  4.99002832e-10  4.99002832e-10  3.36209182e-10  3.36209182e-10  3.87450877e-21  5.55234873e-23  5.60134107e-20  6.69896637e-20  3.12506873e-08  3.12506873e-08  3.12506873e-08  3.12506873e-08 
 1.47910839e+04  5.40852049e-08  5.40852049e-08  4.05154864e-08  4.05154864e-08  5.78802512e-09  5.78802512e-09  8.03313745e-10  8.03313745e-10  2.05586241e-20  5.88893616e-22  3.36408575e-19  2.61076675e-19  5.40852049e-08  5.40852049e-08  5.40852049e-08  5.40852049e-08  4.41366591e-08  4.41366591e-08  2.53440435e-08  2.53440435e-08  5.76642094e-09  5.76642094e-09  7.29097721e-10  7.29097721e-10  2.02217700e-20  5.86470365e-22  3.31416308e-19  2.51802306e-19  4.41366591e-08  4.41366591e-08  4.41366591e-08  4.41366591e-08  3.12502523e-08  3.12502523e-08  3.15729737e-08  3.15729737e-08  4.99219846e-10  4.99219846e-10  3.36355391e-10  3.36355391e-10  3.70129485e-21  5.33175504e-23  5.77381176e-20  6.89645422e-20  3.12502523e-08  3.12502523e-08  3.12502523e-08  3.12502523e-08 
 1.51356125e+04  5.37383357e-08  5.37383357e-08  4.03340577e-08  4.03340577e-08  5.73534500e-09  5.73534500e-09  7.96108621e-10  7.96108621e-10  2.45773375e-20  7.02549295e-22  3.65207928e-19  2.78085972e-19  5.37383357e-08  5.37383357e-08  5.37383357e-08  5.37383357e-08  4.37112400e-08  4.37112400e-08  2.50535674e-08  2.50535674e-08  5.71352174e-09  5.71352174e-09  7.21079709e-10  7.21079709e-10  2.41669682e-20  6.99602254e-22  3.59684825e-19  2.68024790e-19  4.37112400e-08  4.37112400e-08  4.37112400e-08  4.37112400e-08  3.12497968e-08  3.12497968e-08  3.15725134e-08  3.15725134e-08  4.99446971e-10  4.99446971e-10  3.36508413e-10  3.36508413e-10  4.46639045e-21  6.42207416e-23  6.32718977e-20  7.41209740e-20  3.12497968e-08  3.12497968e-08  3.12497968e-08  3.12497968e-08 
 1.54881662e+04  5.33958903e-08  5.33958903e-08  4.01559362e-08  4.01559362e-08  5.68327149e-09  5.68327149e-09  7.89015480e-10  7.89015480e-10  2.45517552e-20  7.01440250e-22  3.71716393e-19  2.83466711e-19  5.33958903e-08  5.33958903e-08  5.33958903e-08  5.33958903e-08  4.32898915e-08  4.32898915e-08  2.47664036e-08  2.47664036e-08  5.66122649e-09  5.66122649e-09  7.13164822e-10  7.13164822e-10  2.41340102e-20  6.98440765e-22  3.65987598e-19  2.73021492e-19  4.32898915e-08  4.32898915e-08  4.32898915e-08  4.32898915e-08  3.12493198e-08  3.12493198e-08  3.15720315e-08  3.15720315e-08  4.99684675e-10  4.99684675e-10  3.36668562e-10  3.36668562e-10  4.50364352e-21  6.47371678e-23  6.50062501e-20  7.62365070e-20  3.12493198e-08  3.12493198e-08  3.12493198e-08  3.12493198e-08 
 1.58489319e+04  5.30578245e-08  5.30578245e-08  3.99810706e-08  3.99810706e-08  5.63180225e-09  5.63180225e-09  7.82033665e-10  7.82033665e-10  2.30937675e-20  6.59123078e-22  4.17172416e-19  3.04294142e-19  5.30578245e-08  5.30578245e-08  5.30578245e-08  5.30578245e-08  4.28725738e-08  4.28725738e-08  2.44825136e-08  2.44825136e-08  5.60953278e-09  5.60953278e-09  7.05352262e-10  7.05352262e-10  2.26933545e-20  6.56249862e-22  4.10620442e-19  2.92874662e-19  4.28725738e-08  4.28725738e-08  4.28725738e-08  4.28725738e-08  3.12488204e-08  3.12488204e-08  3.15715269e-08  3.15715269e-08  4.99933443e-10  4.99933443e-10  3.36836166e-10  3.36836166e-10  4.27595585e-21  6.14176707e-23  7.36426337e-20  8.25748806e-20  3.12488204e-08  3.12488204e-08  3.12488204e-08  3.12488204e-08 
 1.62181010e+04  5.27240943e-08  5.27240943e-08  3.98094097e-08  3.98094097e-08  5.58093504e-09  5.58093504e-09  7.75162547e-10  7.75162547e-10  2.40560980e-20  6.90627436e-22  4.52273923e-19  3.20968848e-19  5.27240943e-08  5.27240943e-08  5.27240943e-08  5.27240943e-08  4.24592471e-08  4.24592471e-08  2.42018596e-08  2.42018596e-08  5.55843832e-09  5.55843832e-09  6.97641255e-10  6.97641255e-10  2.36310669e-20  6.87558484e-22  4.45035243e-19  3.08701676e-19  4.24592471e-08  4.24592471e-08  4.24592471e-08  4.24592471e-08  3.12482974e-08  3.12482974e-08  3.15709986e-08  3.15709986e-08  5.00193785e-10  5.00193785e-10  3.37011566e-10  3.37011566e-10  4.49591244e-21  6.49731259e-23  8.05903701e-20  8.78830541e-20  3.12482974e-08  3.12482974e-08  3.12482974e-08  3.12482974e-08 
 1.65958691e+04  5.23946557e-08  5.23946557e-08  3.96409029e-08  3.96409029e-08  5.53066779e-09  5.53066779e-09  7.68401525e-10  7.68401525e-10  2.35077332e-20  6.65984580e-22  4.62701567e-19  3.29750671e-19  5.23946557e-08  5.23946557e-08  5.23946557e-08  5.23946557e-08  4.20498720e-08  4.20498720e-08  2.39244039e-08  2.39244039e-08  5.50794098e-09  5.50794098e-09  6.90031046e-10  6.90031046e-10  2.30844999e-20  6.62967728e-22  4.55154880e-19  3.16915918e-19  4.20498720e-08  4.20498720e-08  4.20498720e-08  4.20498720e-08  3.12477498e-08  3.12477498e-08  3.15704454e-08  3.15704454e-08  5.00466230e-10  5.00466230e-10  3.37195122e-10  3.37195122e-10  4.43460543e-21  6.32581526e-23  8.32238780e-20  9.10982862e-20  3.12477498e-08  3.12477498e-08  3.12477498e-08  3.12477498e-08 
 1.69824365e+04  5.20694652e-08  5.20694652e-08  3.94755000e-08  3.94755000e-08  5.48099857e-09  5.48099857e-09  7.61750026e-10  7.61750025e-10  2.15304642e-20  6.10662895e-22  4.60146944e-19  3.31850408e-19  5.20694652e-08  5.20694652e-08  5.20694652e-08  5.20694652e-08  4.16444095e-08  4.16444095e-08  2.36501095e-08  2.36501095e-08  5.45803875e-09  5.45803875e-09  6.82520905e-10  6.82520905e-10  2.11354660e-20  6.07842993e-22  4.52498985e-19  3.18696471e-19  4.16444095e-08  4.16444095e-08  4.16444095e-08  4.16444095e-08  3.12471764e-08  3.12471764e-08  3.15698661e-08  3.15698661e-08  5.00751333e-10  5.00751333e-10  3.37387206e-10  3.37387206e-10  4.09964585e-21  5.85619502e-23  8.35422859e-20  9.25003569e-20  3.12471764e-08  3.12471764e-08  3.12471764e-08  3.12471764e-08 
 1.73780083e+04  5.17484793e-08  5.17484793e-08  3.93131512e-08  3.93131512e-08  5.43192559e-09  5.43192558e-09  7.55207504e-10  7.55207504e-10  1.99044689e-20  5.67586816e-22  5.39807632e-19  3.64797440e-19  5.17484793e-08  5.17484793e-08  5.17484793e-08  5.17484793e-08  4.12428211e-08  4.12428211e-08  2.33789398e-08  2.33789398e-08  5.40872978e-09  5.40872978e-09  6.75110119e-10  6.75110119e-10  1.95323672e-20  5.64915003e-22  5.30664861e-19  3.50072013e-19  4.12428211e-08  4.12428211e-08  4.12428211e-08  4.12428211e-08  3.12465761e-08  3.12465761e-08  3.15692595e-08  3.15692595e-08  5.01049675e-10  5.01049675e-10  3.37588209e-10  3.37588209e-10  3.82551046e-21  5.49550017e-23  9.89256874e-20  1.02594374e-19  3.12465761e-08  3.12465761e-08  3.12465761e-08  3.12465761e-08 
 1.77827941e+04  5.14316548e-08  5.14316548e-08  3.91538070e-08  3.91538070e-08  5.38344722e-09  5.38344722e-09  7.48773445e-10  7.48773445e-10  2.25519515e-20  6.45854283e-22  5.87880853e-19  3.89527713e-19  5.14316548e-08  5.14316548e-08  5.14316548e-08  5.14316548e-08  4.08450683e-08  4.08450683e-08  2.31108583e-08  2.31108583e-08  5.36001239e-09  5.36001239e-09  6.67798001e-10  6.67798001e-10  2.21223557e-20  6.42755091e-22  5.77734408e-19  3.73515617e-19  4.08450683e-08  4.08450683e-08  4.08450683e-08  4.08450683e-08  3.12459474e-08  3.12459474e-08  3.15686243e-08  3.15686243e-08  5.01361860e-10  5.01361860e-10  3.37798538e-10  3.37798538e-10  4.37487739e-21  6.31349211e-23  1.08746923e-19  1.10528664e-19  3.12459474e-08  3.12459474e-08  3.12459474e-08  3.12459474e-08 
 1.81970086e+04  5.11189486e-08  5.11189486e-08  3.89974186e-08  3.89974186e-08  5.33556197e-09  5.33556197e-09  7.42447361e-10  7.42447361e-10  2.77373454e-20  7.88103598e-22  6.04668925e-19  3.97371060e-19  5.11189486e-08  5.11189486e-08  5.11189486e-08  5.11189486e-08  4.04511132e-08  4.04511132e-08  2.28458292e-08  2.28458292e-08  5.31188500e-09  5.31188500e-09  6.60583883e-10  6.60583883e-10  2.71989537e-20  7.84248492e-22  5.94034256e-19  3.80737293e-19  4.04511132e-08  4.04511132e-08  4.04511132e-08  4.04511132e-08  3.12452892e-08  3.12452892e-08  3.15679593e-08  3.15679593e-08  5.01688521e-10  5.01688521e-10  3.38018620e-10  3.38018620e-10  5.43108642e-21  7.77817677e-23  1.12901636e-19  1.13760521e-19  3.12452892e-08  3.12452892e-08  3.12452892e-08  3.12452892e-08 
 1.86208714e+04  5.08103179e-08  5.08103179e-08  3.88439373e-08  3.88439373e-08  5.28826853e-09  5.28826853e-09  7.36228799e-10  7.36228799e-10  2.95461124e-20  8.44194207e-22  6.13484156e-19  4.09084266e-19  5.08103179e-08  5.08103179e-08  5.08103179e-08  5.08103179e-08  4.00609180e-08  4.00609180e-08  2.25838169e-08  2.25838169e-08  5.26434622e-09  5.26434622e-09  6.53467120e-10  6.53467120e-10  2.89617397e-20  8.39984681e-22  6.02489357e-19  3.91646839e-19  4.00609180e-08  4.00609180e-08  4.00609180e-08  4.00609180e-08  3.12445999e-08  3.12445999e-08  3.15672629e-08  3.15672629e-08  5.02030316e-10  5.02030316e-10  3.38248899e-10  3.38248899e-10  5.83927812e-21  8.41192675e-23  1.15621374e-19  1.18157360e-19  3.12445999e-08  3.12445999e-08  3.12445999e-08  3.12445999e-08 
 1.90546072e+04  5.05057200e-08  5.05057200e-08  3.86933150e-08  3.86933150e-08  5.24156572e-09  5.24156572e-09  7.30117332e-10  7.30117332e-10  2.98282098e-20  8.49734951e-22  6.41753831e-19  4.25685234e-19  5.05057200e-08  5.05057200e-08  5.05057200e-08  5.05057200e-08  3.96744455e-08  3.96744455e-08  2.23247864e-08  2.23247864e-08  5.21739480e-09  5.21739480e-09  6.46447091e-10  6.46447091e-10  2.92270828e-20  8.45415674e-22  6.30033879e-19  4.07208551e-19  3.96744455e-08  3.96744455e-08  3.96744455e-08  3.96744455e-08  3.12438782e-08  3.12438782e-08  3.15665338e-08  3.15665338e-08  5.02387935e-10  5.02387935e-10  3.38489839e-10  3.38489839e-10  5.95004136e-21  8.54858850e-23  1.22082285e-19  1.24046080e-19  3.12438782e-08  3.12438782e-08  3.12438782e-08  3.12438782e-08 
 1.94984460e+04  5.02051124e-08  5.02051124e-08  3.85455039e-08  3.85455039e-08  5.19545255e-09  5.19545255e-09  7.24112567e-10  7.24112567e-10  2.76082730e-20  7.85137666e-22  6.88720852e-19  4.47465604e-19  5.02051124e-08  5.02051124e-08  5.02051124e-08  5.02051124e-08  3.92916585e-08  3.92916585e-08  2.20687029e-08  2.20687029e-08  5.17102966e-09  5.17102966e-09  6.39523193e-10  6.39523193e-10  2.70413510e-20  7.81069404e-22  6.75904343e-19  4.27689020e-19  3.92916585e-08  3.92916585e-08  3.92916585e-08  3.92916585e-08  3.12431225e-08  3.12431225e-08  3.15657703e-08  3.15657703e-08  5.02762096e-10  5.02762096e-10  3.38741925e-10  3.38741925e-10  5.55856771e-21  7.97468877e-23  1.32243393e-19  1.31551031e-19  3.12431225e-08  3.12431225e-08  3.12431225e-08  3.12431225e-08 
 1.99526231e+04  4.99084528e-08  4.99084528e-08  3.84004567e-08  3.84004567e-08  5.14992815e-09  5.14992815e-09  7.18214141e-10  7.18214141e-10  2.46364881e-20  6.94620427e-22  7.24937641e-19  4.64874944e-19  4.99084528e-08  4.99084528e-08  4.99084528e-08  4.99084528e-08  3.89125205e-08  3.89125205e-08  2.18155321e-08  2.18155321e-08  5.12524986e-09  5.12524986e-09  6.32694849e-10  6.32694849e-10  2.41210203e-20  6.90951452e-22  7.11191147e-19  4.43954343e-19  3.89125205e-08  3.89125205e-08  3.89125205e-08  3.89125205e-08  3.12423313e-08  3.12423313e-08  3.15649708e-08  3.15649708e-08  5.03153551e-10  5.03153551e-10  3.39005661e-10  3.39005661e-10  5.00645353e-21  7.12314279e-23  1.40499600e-19  1.37881012e-19  3.12423313e-08  3.12423313e-08  3.12423313e-08  3.12423313e-08 
 2.04173794e+04  4.96156989e-08  4.96156989e-08  3.82581264e-08  3.82581264e-08  5.10499186e-09  5.10499186e-09  7.12421727e-10  7.12421727e-10  2.56429095e-20  7.24865860e-22  7.51415370e-19  4.81566431e-19  4.96156989e-08  4.96156989e-08  4.96156989e-08  4.96156989e-08  3.85369948e-08  3.85369948e-08  2.15652398e-08  2.15652398e-08  5.08005464e-09  5.08005463e-09  6.25961504e-10  6.25961504e-10  2.50962380e-20  7.20962957e-22  7.36896536e-19  4.59500071e-19  3.85369948e-08  3.85369948e-08  3.85369948e-08  3.85369948e-08  3.12415027e-08  3.12415027e-08  3.15641338e-08  3.15641338e-08  5.03563082e-10  5.03563082e-10  3.39281576e-10  3.39281576e-10  5.25948401e-21  7.50476448e-23  1.46992529e-19  1.44095937e-19  3.12415027e-08  3.12415027e-08  3.12415027e-08  3.12415027e-08 
 2.08929613e+04  4.93268089e-08  4.93268089e-08  3.81184665e-08  3.81184665e-08  5.06064316e-09  5.06064316e-09  7.06735028e-10  7.06735028e-10  2.39827842e-20  6.78338171e-22  8.22014053e-19  5.15681001e-19  4.93268089e-08  4.93268089e-08  4.93268089e-08  4.93268089e-08  3.81650455e-08  3.81650455e-08  2.13177926e-08  2.13177926e-08  5.03544338e-09  5.03544338e-09  6.19322622e-10  6.19322622e-10  2.34618419e-20  6.74615043e-22  8.05830021e-19  4.91621755e-19  3.81650455e-08  3.81650455e-08  3.81650455e-08  3.81650455e-08  3.12406352e-08  3.12406352e-08  3.15632573e-08  3.15632573e-08  5.03991506e-10  5.03991506e-10  3.39570220e-10  3.39570220e-10  4.96474125e-21  7.09055349e-23  1.62305108e-19  1.55667248e-19  3.12406352e-08  3.12406352e-08  3.12406352e-08  3.12406352e-08 
 2.13796209e+04  4.90417407e-08  4.90417407e-08  3.79814309e-08  3.79814309e-08  5.01688172e-09  5.01688172e-09  7.01153782e-10  7.01153782e-10  2.53277729e-20  7.20320509e-22  8.33034855e-19  5.25427141e-19  4.90417407e-08  4.90417407e-08  4.90417407e-08  4.90417407e-08  3.77966368e-08  3.77966368e-08  2.10731571e-08  2.10731571e-08  4.99141566e-09  4.99141566e-09  6.12777694e-10  6.12777694e-10  2.47672232e-20  7.16290390e-22  8.16323106e-19  5.00468007e-19  3.77966368e-08  3.77966368e-08  3.77966368e-08  3.77966368e-08  3.12397268e-08  3.12397268e-08  3.15623395e-08  3.15623395e-08  5.04439675e-10  5.04439675e-10  3.39872166e-10  3.39872166e-10  5.29190248e-21  7.60174402e-23  1.66016340e-19  1.60008286e-19  3.12397268e-08  3.12397268e-08  3.12397268e-08  3.12397268e-08 
 2.18776162e+04  4.87604528e-08  4.87604528e-08  3.78469737e-08  3.78469737e-08  4.97370735e-09  4.97370735e-09  6.95677761e-10  6.95677761e-10  2.82296675e-20  7.96375659e-22  8.78107084e-19  5.50537558e-19  4.87604528e-08  4.87604528e-08  4.87604528e-08  4.87604528e-08  3.74317330e-08  3.74317330e-08  2.08313004e-08  2.08313004e-08  4.94797120e-09  4.94797120e-09  6.06326231e-10  6.06326231e-10  2.75931040e-20  7.91833744e-22  8.60157566e-19  5.23911328e-19  3.74317330e-08  3.74317330e-08  3.74317330e-08  3.74317330e-08  3.12387757e-08  3.12387757e-08  3.15613786e-08  3.15613786e-08  5.04908478e-10  5.04908478e-10  3.40188015e-10  3.40188015e-10  5.95298890e-21  8.48512260e-23  1.76630931e-19  1.69131283e-19  3.12387757e-08  3.12387757e-08  3.12387757e-08  3.12387757e-08 
 2.23872114e+04  4.84829035e-08  4.84829035e-08  3.77150496e-08  3.77150496e-08  4.93112008e-09  4.93112008e-09  6.90306774e-10  6.90306774e-10  2.83870551e-20  8.07166579e-22  9.27339265e-19  5.73773597e-19  4.84829035e-08  4.84829035e-08  4.84829035e-08  4.84829035e-08  3.70702990e-08  3.70702990e-08  2.05921900e-08  2.05921900e-08  4.90510991e-09  4.90510991e-09  5.99967769e-10  5.99967769e-10  2.77348660e-20  8.02473998e-22  9.08024663e-19  5.45520999e-19  3.70702990e-08  3.70702990e-08  3.70702990e-08  3.70702990e-08  3.12377798e-08  3.12377798e-08  3.15603724e-08  3.15603724e-08  5.05398843e-10  5.05398843e-10  3.40518390e-10  3.40518390e-10  6.04171990e-21  8.68270580e-23  1.88272283e-19  1.77818780e-19  3.12377798e-08  3.12377798e-08  3.12377798e-08  3.12377798e-08 
 2.29086765e+04  4.82090514e-08  4.82090514e-08  3.75856137e-08  3.75856137e-08  4.88912009e-09  4.88912009e-09  6.85040664e-10  6.85040664e-10  2.67142292e-20  7.55308218e-22  9.72993527e-19  6.01080187e-19  4.82090514e-08  4.82090514e-08  4.82090514e-08  4.82090514e-08  3.67122998e-08  3.67122998e-08  2.03557936e-08  2.03557936e-08  4.86283185e-09  4.86283185e-09  5.93701863e-10  5.93701863e-10  2.60889059e-20  7.50832126e-22  9.52344765e-19  5.70947727e-19  3.67122998e-08  3.67122998e-08  3.67122998e-08  3.67122998e-08  3.12367370e-08  3.12367370e-08  3.15593189e-08  3.15593189e-08  5.05911734e-10  5.05911734e-10  3.40863943e-10  3.40863943e-10  5.73839424e-21  8.20289142e-23  1.99380621e-19  1.87915456e-19  3.12367370e-08  3.12367370e-08  3.12367370e-08  3.12367370e-08 
 2.34422882e+04  4.79388551e-08  4.79388551e-08  3.74586214e-08  3.74586214e-08  4.84770773e-09  4.84770773e-09  6.79879313e-10  6.79879313e-10  2.50309372e-20  7.12492261e-22  1.02745932e-18  6.29167742e-19  4.79388551e-08  4.79388551e-08  4.79388551e-08  4.79388551e-08  3.63577007e-08  3.63577007e-08  2.01220794e-08  2.01220794e-08  4.82113729e-09  4.82113729e-09  5.87528095e-10  5.87528095e-10  2.44339773e-20  7.08188186e-22  1.00524256e-18  5.97057614e-19  3.63577007e-08  3.63577007e-08  3.63577007e-08  3.63577007e-08  3.12356452e-08  3.12356452e-08  3.15582157e-08  3.15582157e-08  5.06448161e-10  5.06448161e-10  3.41225352e-10  3.41225352e-10  5.42661088e-21  7.81218995e-23  2.12500332e-19  1.98418606e-19  3.12356452e-08  3.12356452e-08  3.12356452e-08  3.12356452e-08 
 2.39883292e+04  4.76722735e-08  4.76722735e-08  3.73340284e-08  3.73340284e-08  4.80688357e-09  4.80688357e-09  6.74822638e-10  6.74822638e-10  2.76833350e-20  7.79206428e-22  1.08395280e-18  6.55754010e-19  4.76722735e-08  4.76722735e-08  4.76722735e-08  4.76722735e-08  3.60064674e-08  3.60064674e-08  1.98910158e-08  1.98910158e-08  4.78002663e-09  4.78002663e-09  5.81446066e-10  5.81446066e-10  2.70106944e-20  7.74408260e-22  1.06007175e-18  6.21683483e-19  3.60064674e-08  3.60064674e-08  3.60064674e-08  3.60064674e-08  3.12345020e-08  3.12345020e-08  3.15570607e-08  3.15570607e-08  5.07009173e-10  5.07009172e-10  3.41603324e-10  3.41603324e-10  6.05717699e-21  8.62569490e-23  2.26268452e-19  2.08610173e-19  3.12345020e-08  3.12345020e-08  3.12345020e-08  3.12345020e-08 
 2.45470892e+04  4.74092655e-08  4.74092655e-08  3.72117909e-08  3.72117909e-08  4.76664833e-09  4.76664833e-09  6.69870598e-10  6.69870598e-10  2.99078310e-20  8.54823650e-22  1.11204790e-18  6.73888838e-19  4.74092655e-08  4.74092655e-08  4.74092655e-08  4.74092655e-08  3.56585657e-08  3.56585657e-08  1.96625716e-08  1.96625716e-08  4.73950051e-09  4.73950051e-09  5.75455406e-10  5.75455405e-10  2.91674645e-20  8.49458013e-22  1.08708538e-18  6.38245599e-19  3.56585657e-08  3.56585657e-08  3.56585657e-08  3.56585657e-08  3.12333049e-08  3.12333049e-08  3.15558513e-08  3.15558513e-08  5.07595863e-10  5.07595863e-10  3.41998598e-10  3.41998598e-10  6.60439733e-21  9.55357756e-23  2.34289271e-19  2.16248938e-19  3.12333049e-08  3.12333049e-08  3.12333049e-08  3.12333049e-08 
 2.51188643e+04  4.71497900e-08  4.71497900e-08  3.70918654e-08  3.70918654e-08  4.72700294e-09  4.72700293e-09  6.65023188e-10  6.65023188e-10  3.17023891e-20  8.93485502e-22  1.16959899e-18  7.04349251e-19  4.71497900e-08  4.71497900e-08  4.71497900e-08  4.71497900e-08  3.53139617e-08  3.53139617e-08  1.94367160e-08  1.94367160e-08  4.69955969e-09  4.69955969e-09  5.69555760e-10  5.69555760e-10  3.09028524e-20  8.87768707e-22  1.14284931e-18  6.66425043e-19  3.53139617e-08  3.53139617e-08  3.53139617e-08  3.53139617e-08  3.12320516e-08  3.12320516e-08  3.15545850e-08  3.15545850e-08  5.08209372e-10  5.08209372e-10  3.42411940e-10  3.42411940e-10  7.06534027e-21  1.00814720e-22  2.48701105e-19  2.27990874e-19  3.12320516e-08  3.12320516e-08  3.12320516e-08  3.12320516e-08 
 2.57039578e+04  4.68938063e-08  4.68938063e-08  3.69742090e-08  3.69742090e-08  4.68794850e-09  4.68794849e-09  6.60280445e-10  6.60280445e-10  2.76342293e-20  7.79003386e-22  1.22059800e-18  7.33785922e-19  4.68938063e-08  4.68938063e-08  4.68938063e-08  4.68938063e-08  3.49726219e-08  3.49726219e-08  1.92134184e-08  1.92134184e-08  4.66020516e-09  4.66020515e-09  5.63746803e-10  5.63746803e-10  2.69242011e-20  7.73922690e-22  1.19215564e-18  6.93567434e-19  3.49726219e-08  3.49726219e-08  3.49726219e-08  3.49726219e-08  3.12307392e-08  3.12307392e-08  3.15532591e-08  3.15532591e-08  5.08850887e-10  5.08850887e-10  3.42844150e-10  3.42844150e-10  6.21551817e-21  8.87404641e-23  2.61951992e-19  2.39582365e-19  3.12307392e-08  3.12307392e-08  3.12307392e-08  3.12307392e-08 
 2.63026799e+04  4.66412735e-08  4.66412735e-08  3.68587787e-08  3.68587787e-08  4.64948631e-09  4.64948631e-09  6.55642447e-10  6.55642447e-10  2.55504723e-20  7.21188795e-22  1.29636788e-18  7.72227697e-19  4.66412735e-08  4.66412735e-08  4.66412735e-08  4.66412735e-08  3.46345129e-08  3.46345129e-08  1.89926486e-08  1.89926486e-08  4.62143806e-09  4.62143806e-09  5.58028230e-10  5.58028230e-10  2.48816615e-20  7.16394220e-22  1.26559082e-18  7.29143520e-19  3.46345129e-08  3.46345129e-08  3.46345129e-08  3.46345129e-08  3.12293651e-08  3.12293651e-08  3.15518708e-08  3.15518708e-08  5.09521644e-10  5.09521644e-10  3.43296062e-10  3.43296062e-10  5.79981168e-21  8.29423220e-23  2.80790274e-19  2.54319215e-19  3.12293651e-08  3.12293651e-08  3.12293651e-08  3.12293651e-08 
 2.69153480e+04  4.63921510e-08  4.63921510e-08  3.67455323e-08  3.67455323e-08  4.61161788e-09  4.61161788e-09  6.51109311e-10  6.51109311e-10  2.74035526e-20  7.75426137e-22  1.35795702e-18  8.06607346e-19  4.63921510e-08  4.63921510e-08  4.63921510e-08  4.63921510e-08  3.42996017e-08  3.42996017e-08  1.87743765e-08  1.87743765e-08  4.58325975e-09  4.58325975e-09  5.52399759e-10  5.52399759e-10  2.66727806e-20  7.70171325e-22  1.32511080e-18  7.60799628e-19  3.42996017e-08  3.42996017e-08  3.42996017e-08  3.42996017e-08  3.12279264e-08  3.12279264e-08  3.15504172e-08  3.15504172e-08  5.10222928e-10  5.10222928e-10  3.43768542e-10  3.43768542e-10  6.27773252e-21  9.00350192e-23  2.96852657e-19  2.67939317e-19  3.12279264e-08  3.12279264e-08  3.12279264e-08  3.12279264e-08 
 2.75422870e+04  4.61463980e-08  4.61463980e-08  3.66344277e-08  3.66344277e-08  4.57434489e-09  4.57434488e-09  6.46681202e-10  6.46681202e-10  2.70409865e-20  7.58885501e-22  1.40894012e-18  8.33780384e-19  4.61463980e-08  4.61463980e-08  4.61463980e-08  4.61463980e-08  3.39678552e-08  3.39678552e-08  1.85585727e-08  1.85585727e-08  4.54567176e-09  4.54567176e-09  5.46861131e-10  5.46861131e-10  2.63063720e-20  7.53643379e-22  1.37421955e-18  7.85583384e-19  3.39678552e-08  3.39678552e-08  3.39678552e-08  3.39678552e-08  3.12264200e-08  3.12264200e-08  3.15488952e-08  3.15488952e-08  5.10956081e-10  5.10956081e-10  3.44262491e-10  3.44262491e-10  6.25166176e-21  8.89590231e-23  3.10845703e-19  2.79356283e-19  3.12264200e-08  3.12264200e-08  3.12264200e-08  3.12264200e-08 
 2.81838293e+04  4.59039741e-08  4.59039741e-08  3.65254232e-08  3.65254232e-08  4.53766922e-09  4.53766922e-09  6.42358324e-10  6.42358324e-10  2.99921611e-20  8.37849353e-22  1.47039051e-18  8.68919980e-19  4.59039741e-08  4.59039741e-08  4.59039741e-08  4.59039741e-08  3.36392410e-08  3.36392410e-08  1.83452078e-08  1.83452078e-08  4.50867580e-09  4.50867580e-09  5.41412111e-10  5.41412111e-10  2.91621164e-20  8.31949937e-22  1.43347438e-18  8.17795656e-19  3.36392410e-08  3.36392410e-08  3.36392410e-08  3.36392410e-08  3.12248427e-08  3.12248427e-08  3.15473017e-08  3.15473017e-08  5.11722494e-10  5.11722494e-10  3.44778851e-10  3.44778851e-10  6.99767154e-21  9.91565276e-23  3.27400004e-19  2.93637118e-19  3.12248427e-08  3.12248427e-08  3.12248427e-08  3.12248427e-08 
 2.88403150e+04  4.56648387e-08  4.56648387e-08  3.64184774e-08  3.64184774e-08  4.50159297e-09  4.50159297e-09  6.38140929e-10  6.38140929e-10  3.00645446e-20  8.41901243e-22  1.53328613e-18  9.02109856e-19  4.56648387e-08  4.56648387e-08  4.56648387e-08  4.56648387e-08  3.33137267e-08  3.33137267e-08  1.81342528e-08  1.81342528e-08  4.47227380e-09  4.47227380e-09  5.36052486e-10  5.36052486e-10  2.92169267e-20  8.35858767e-22  1.49406771e-18  8.48087429e-19  3.33137267e-08  3.33137267e-08  3.33137267e-08  3.33137267e-08  3.12231913e-08  3.12231913e-08  3.15456332e-08  3.15456332e-08  5.12523619e-10  5.12523618e-10  3.45318595e-10  3.45318595e-10  7.07895327e-21  1.00590512e-22  3.44555372e-19  3.07472854e-19  3.12231913e-08  3.12231913e-08  3.12231913e-08  3.12231913e-08 
 2.95120923e+04  4.54289514e-08  4.54289514e-08  3.63135493e-08  3.63135493e-08  4.46611842e-09  4.46611842e-09  6.34029310e-10  6.34029310e-10  3.42988017e-20  9.68686927e-22  1.58339048e-18  9.33562594e-19  4.54289514e-08  4.54289514e-08  4.54289514e-08  4.54289514e-08  3.29912801e-08  3.29912801e-08  1.79256790e-08  1.79256790e-08  4.43646785e-09  4.43646785e-09  5.30782066e-10  5.30782066e-10  3.33137215e-20  9.61600193e-22  1.54213018e-18  8.76662602e-19  3.29912801e-08  3.29912801e-08  3.29912801e-08  3.29912801e-08  3.12214621e-08  3.12214621e-08  3.15438862e-08  3.15438862e-08  5.13360960e-10  5.13360960e-10  3.45882741e-10  3.45882741e-10  8.15000108e-21  1.16847294e-22  3.59095351e-19  3.20921368e-19  3.12214621e-08  3.12214621e-08  3.12214621e-08  3.12214621e-08 
 3.01995172e+04  4.51962719e-08  4.51962719e-08  3.62105982e-08  3.62105982e-08  4.43124805e-09  4.43124805e-09  6.30023811e-10  6.30023811e-10  3.29882406e-20  9.25042293e-22  1.66880818e-18  9.76161395e-19  4.51962719e-08  4.51962719e-08  4.51962719e-08  4.51962719e-08  3.26718693e-08  3.26718693e-08  1.77194579e-08  1.77194579e-08  4.40126024e-09  4.40126024e-09  5.25600684e-10  5.25600684e-10  3.20231053e-20  9.18144162e-22  1.62450629e-18  9.15608974e-19  3.26718693e-08  3.26718693e-08  3.26718693e-08  3.26718693e-08  3.12196517e-08  3.12196517e-08  3.15420571e-08  3.15420571e-08  5.14236085e-10  5.14236085e-10  3.46472343e-10  3.46472343e-10  7.91039114e-21  1.12650985e-22  3.81953191e-19  3.38435720e-19  3.12196517e-08  3.12196517e-08  3.12196517e-08  3.12196517e-08 
 3.09029543e+04  4.49667598e-08  4.49667598e-08  3.61095836e-08  3.61095836e-08  4.39698455e-09  4.39698454e-09  6.26124822e-10  6.26124821e-10  3.53701785e-20  9.95207770e-22  1.72672616e-18  1.01144287e-18  4.49667598e-08  4.49667598e-08  4.49667598e-08  4.49667598e-08  3.23554626e-08  3.23554626e-08  1.75155614e-08  1.75155614e-08  4.36665348e-09  4.36665348e-09  5.20508195e-10  5.20508195e-10  3.43160373e-20  9.87643117e-22  1.68002747e-18  9.47590182e-19  3.23554626e-08  3.23554626e-08  3.23554626e-08  3.23554626e-08  3.12177561e-08  3.12177561e-08  3.15401419e-08  3.15401419e-08  5.15150623e-10  5.15150623e-10  3.47088499e-10  3.47088499e-10  8.55916989e-21  1.22355686e-22  3.98845897e-19  3.53660622e-19  3.12177561e-08  3.12177561e-08  3.12177561e-08  3.12177561e-08 
 3.16227766e+04  4.47403747e-08  4.47403747e-08  3.60104655e-08  3.60104655e-08  4.36333080e-09  4.36333080e-09  6.22332779e-10  6.22332779e-10  3.18235577e-20  8.92043424e-22  1.80734133e-18  1.05398281e-18  4.47403747e-08  4.47403747e-08  4.47403747e-08  4.47403747e-08  3.20420285e-08  3.20420285e-08  1.73139616e-08  1.73139616e-08  4.33265024e-09  4.33265024e-09  5.15504477e-10  5.15504477e-10  3.08574320e-20  8.85132042e-22  1.75754692e-18  9.86267648e-19  3.20420285e-08  3.20420285e-08  3.20420285e-08  3.20420285e-08  3.12157715e-08  3.12157715e-08  3.15381368e-08  3.15381368e-08  5.16106265e-10  5.16106265e-10  3.47732348e-10  3.47732348e-10  7.77131111e-21  1.10721556e-22  4.21304089e-19  3.71672939e-19  3.12157715e-08  3.12157715e-08  3.12157715e-08  3.12157715e-08 
 3.23593657e+04  4.45170765e-08  4.45170765e-08  3.59132040e-08  3.59132040e-08  4.33028990e-09  4.33028990e-09  6.18648169e-10  6.18648169e-10  3.29526316e-20  9.19460700e-22  1.88779975e-18  1.09745121e-18  4.45170765e-08  4.45170765e-08  4.45170765e-08  4.45170765e-08  3.17315357e-08  3.17315357e-08  1.71146309e-08  1.71146309e-08  4.29925339e-09  4.29925338e-09  5.10589429e-10  5.10589429e-10  3.19335903e-20  9.12199410e-22  1.83481521e-18  1.02569845e-18  3.17315357e-08  3.17315357e-08  3.17315357e-08  3.17315357e-08  3.12136935e-08  3.12136935e-08  3.15360373e-08  3.15360373e-08  5.17104767e-10  5.17104767e-10  3.48405074e-10  3.48405074e-10  8.12049053e-21  1.15216294e-22  4.44100310e-19  3.90288587e-19  3.12136935e-08  3.12136935e-08  3.12136935e-08  3.12136935e-08 
 3.31131121e+04  4.42968247e-08  4.42968247e-08  3.58177596e-08  3.58177596e-08  4.29786514e-09  4.29786514e-09  6.15071530e-10  6.15071530e-10  3.54363754e-20  9.81524090e-22  1.97057919e-18  1.14408192e-18  4.42968247e-08  4.42968247e-08  4.42968247e-08  4.42968247e-08  3.14239531e-08  3.14239531e-08  1.69175421e-08  1.69175421e-08  4.26646599e-09  4.26646599e-09  5.05762973e-10  5.05762973e-10  3.43201283e-20  9.73623102e-22  1.91423701e-18  1.06796210e-18  3.14239531e-08  3.14239531e-08  3.14239531e-08  3.14239531e-08  3.12115178e-08  3.12115178e-08  3.15338392e-08  3.15338392e-08  5.18147954e-10  5.18147954e-10  3.49107905e-10  3.49107905e-10  8.81218119e-21  1.24169516e-22  4.67826108e-19  4.10319345e-19  3.12115178e-08  3.12115178e-08  3.12115178e-08  3.12115178e-08 
 3.38844156e+04  4.40795791e-08  4.40795791e-08  3.57240930e-08  3.57240930e-08  4.26606000e-09  4.26606000e-09  6.11603449e-10  6.11603449e-10  3.58352974e-20  9.95478468e-22  2.05116254e-18  1.18736627e-18  4.40795791e-08  4.40795791e-08  4.40795791e-08  4.40795791e-08  3.11192500e-08  3.11192500e-08  1.67226681e-08  1.67226681e-08  4.23429131e-09  4.23429131e-09  5.01025051e-10  5.01025051e-10  3.46854871e-20  9.87310572e-22  1.99142055e-18  1.10697691e-18  3.11192500e-08  3.11192500e-08  3.11192500e-08  3.11192500e-08  3.12092399e-08  3.12092399e-08  3.15315378e-08  3.15315378e-08  5.19237719e-10  5.19237719e-10  3.49842117e-10  3.49842117e-10  8.99253865e-21  1.27138740e-22  4.91418759e-19  4.29442197e-19  3.12092399e-08  3.12092399e-08  3.12092399e-08  3.12092399e-08 
 3.46736850e+04  4.38652994e-08  4.38652994e-08  3.56321652e-08  3.56321652e-08  4.23487819e-09  4.23487819e-09  6.08244565e-10  6.08244565e-10  3.37017192e-20  9.27026655e-22  2.14173424e-18  1.23746990e-18  4.38652994e-08  4.38652994e-08  4.38652994e-08  4.38652994e-08  3.08173955e-08  3.08173955e-08  1.65299820e-08  1.65299820e-08  4.20273279e-09  4.20273279e-09  4.96375628e-10  4.96375627e-10  3.26002793e-20  9.19273712e-22  2.07818968e-18  1.15221731e-18  3.08173955e-08  3.08173955e-08  3.08173955e-08  3.08173955e-08  3.12068550e-08  3.12068550e-08  3.15291282e-08  3.15291282e-08  5.20376024e-10  5.20376024e-10  3.50609033e-10  3.50609033e-10  8.53406283e-21  1.19527809e-22  5.17814168e-19  4.51336598e-19  3.12068550e-08  3.12068550e-08  3.12068550e-08  3.12068550e-08 
 3.54813389e+04  4.36539453e-08  4.36539453e-08  3.55419373e-08  3.55419373e-08  4.20432359e-09  4.20432359e-09  6.04995570e-10  6.04995570e-10  3.36056635e-20  9.35974588e-22  2.22217678e-18  1.28409571e-18  4.36539453e-08  4.36539453e-08  4.36539453e-08  4.36539453e-08  3.05183593e-08  3.05183593e-08  1.63394573e-08  1.63394573e-08  4.17179406e-09  4.17179406e-09  4.91814687e-10  4.91814687e-10  3.24869663e-20  9.27995884e-22  2.15501566e-18  1.19408069e-18  3.05183593e-08  3.05183593e-08  3.05183593e-08  3.05183593e-08  3.12043580e-08  3.12043580e-08  3.15266054e-08  3.15266054e-08  5.21564906e-10  5.21564906e-10  3.51410024e-10  3.51410024e-10  8.58704369e-21  1.21834467e-22  5.42174611e-19  4.72280300e-19  3.12043580e-08  3.12043580e-08  3.12043580e-08  3.12043580e-08 
 3.63078055e+04  4.34454765e-08  4.34454765e-08  3.54533709e-08  3.54533709e-08  4.17440029e-09  4.17440029e-09  6.01857210e-10  6.01857209e-10  3.33494902e-20  9.23033676e-22  2.31414357e-18  1.33545676e-18  4.34454765e-08  4.34454765e-08  4.34454765e-08  4.34454765e-08  3.02221109e-08  3.02221109e-08  1.61510679e-08  1.61510679e-08  4.14147895e-09  4.14147895e-09  4.87342235e-10  4.87342235e-10  3.22187343e-20  9.15013614e-22  2.24289944e-18  1.24020403e-18  3.02221109e-08  3.02221109e-08  3.02221109e-08  3.02221109e-08  3.12017437e-08  3.12017437e-08  3.15239641e-08  3.15239641e-08  5.22806475e-10  5.22806475e-10  3.52246513e-10  3.52246513e-10  8.59890182e-21  1.21297450e-22  5.69768646e-19  4.95289694e-19  3.12017437e-08  3.12017437e-08  3.12017437e-08  3.12017437e-08 
 3.71535229e+04  4.32398526e-08  4.32398526e-08  3.53664277e-08  3.53664277e-08  4.14511258e-09  4.14511258e-09  5.98830284e-10  5.98830283e-10  3.78181651e-20  1.04578919e-21  2.40702140e-18  1.38713010e-18  4.32398526e-08  4.32398526e-08  4.32398526e-08  4.32398526e-08  2.99286202e-08  2.99286202e-08  1.59647875e-08  1.59647875e-08  4.11179144e-09  4.11179144e-09  4.82958295e-10  4.82958295e-10  3.65121316e-20  1.03652742e-21  2.33153802e-18  1.28646474e-18  2.99286202e-08  2.99286202e-08  2.99286202e-08  2.99286202e-08  3.11990066e-08  3.11990066e-08  3.15211988e-08  3.15211988e-08  5.24102919e-10  5.24102919e-10  3.53119972e-10  3.53119972e-10  9.83946994e-21  1.38741029e-22  5.98041397e-19  5.18757087e-19  3.11990066e-08  3.11990066e-08  3.11990066e-08  3.11990066e-08 
 3.80189396e+04  4.30370332e-08  4.30370332e-08  3.52810695e-08  3.52810695e-08  4.11646493e-09  4.11646493e-09  5.95915647e-10  5.95915647e-10  4.19517723e-20  1.15850322e-21  2.51048618e-18  1.44386608e-18  4.30370332e-08  4.30370332e-08  4.30370332e-08  4.30370332e-08  2.96378574e-08  2.96378574e-08  1.57805905e-08  1.57805905e-08  4.08273574e-09  4.08273574e-09  4.78662913e-10  4.78662912e-10  4.04761670e-20  1.14804555e-21  2.43029351e-18  1.33725805e-18  2.96378574e-08  2.96378574e-08  2.96378574e-08  2.96378574e-08  3.11961410e-08  3.11961410e-08  3.15183035e-08  3.15183035e-08  5.25456502e-10  5.25456502e-10  3.54031928e-10  3.54031928e-10  1.10137165e-20  1.55161238e-22  6.29430050e-19  5.44479303e-19  3.11961410e-08  3.11961410e-08  3.11961410e-08  3.11961410e-08 
 3.89045145e+04  4.28369777e-08  4.28369777e-08  3.51972584e-08  3.51972584e-08  4.08846200e-09  4.08846200e-09  5.93114209e-10  5.93114208e-10  4.10653408e-20  1.12559161e-21  2.61838716e-18  1.50385634e-18  4.28369777e-08  4.28369777e-08  4.28369777e-08  4.28369777e-08  2.93497924e-08  2.93497924e-08  1.55984513e-08  1.55984513e-08  4.05431618e-09  4.05431618e-09  4.74456149e-10  4.74456148e-10  3.95942104e-20  1.11523532e-21  2.53319320e-18  1.39088865e-18  2.93497924e-08  2.93497924e-08  2.93497924e-08  2.93497924e-08  3.11931408e-08  3.11931408e-08  3.15152724e-08  3.15152724e-08  5.26869568e-10  5.26869568e-10  3.54983961e-10  3.54983961e-10  1.08784295e-20  1.52191583e-22  6.62456031e-19  5.71818915e-19  3.11931408e-08  3.11931408e-08  3.11931408e-08  3.11931408e-08 
 3.98107171e+04  4.26396457e-08  4.26396457e-08  3.51149566e-08  3.51149566e-08  4.06110865e-09  4.06110865e-09  5.90426936e-10  5.90426936e-10  3.95696726e-20  1.07424097e-21  2.72222692e-18  1.56063494e-18  4.26396457e-08  4.26396457e-08  4.26396457e-08  4.26396457e-08  2.90643959e-08  2.90643959e-08  1.54183446e-08  1.54183446e-08  4.02653731e-09  4.02653731e-09  4.70338084e-10  4.70338084e-10  3.81259449e-20  1.06416682e-21  2.63200957e-18  1.44136838e-18  2.90643959e-08  2.90643959e-08  2.90643959e-08  2.90643959e-08  3.11899997e-08  3.11899997e-08  3.15120989e-08  3.15120989e-08  5.28344544e-10  5.28344544e-10  3.55977704e-10  3.55977704e-10  1.05768204e-20  1.46633713e-22  6.94986246e-19  5.98330506e-19  3.11899997e-08  3.11899997e-08  3.11899997e-08  3.11899997e-08 
 4.07380278e+04  4.24449964e-08  4.24449964e-08  3.50341266e-08  3.50341266e-08  4.03440990e-09  4.03440990e-09  5.87854853e-10  5.87854853e-10  4.30170661e-20  1.17735068e-21  2.82946570e-18  1.62299129e-18  4.24449964e-08  4.24449964e-08  4.24449964e-08  4.24449964e-08  2.87816381e-08  2.87816381e-08  1.52402453e-08  1.52402453e-08  3.99940381e-09  3.99940381e-09  4.66308817e-10  4.66308817e-10  4.14185853e-20  1.16609703e-21  2.73395469e-18  1.49681224e-18  2.87816381e-08  2.87816381e-08  2.87816381e-08  2.87816381e-08  3.11867112e-08  3.11867112e-08  3.15087764e-08  3.15087764e-08  5.29883938e-10  5.29883938e-10  3.57014848e-10  3.57014848e-10  1.16019176e-20  1.62240324e-22  7.28920322e-19  6.27384059e-19  3.11867112e-08  3.11867112e-08  3.11867112e-08  3.11867112e-08 
 4.16869383e+04  4.22529892e-08  4.22529892e-08  3.49547310e-08  3.49547310e-08  4.00837097e-09  4.00837097e-09  5.85399040e-10  5.85399040e-10  4.47326708e-20  1.22392102e-21  2.94431339e-18  1.68599048e-18  4.22529892e-08  4.22529892e-08  4.22529892e-08  4.22529892e-08  2.85014898e-08  2.85014898e-08  1.50641284e-08  1.50641284e-08  3.97292054e-09  3.97292054e-09  4.62368460e-10  4.62368460e-10  4.30397967e-20  1.21199707e-21  2.84308353e-18  1.55264940e-18  2.85014898e-08  2.85014898e-08  2.85014898e-08  2.85014898e-08  3.11832684e-08  3.11832684e-08  3.15052980e-08  3.15052980e-08  5.31490344e-10  5.31490344e-10  3.58097140e-10  3.58097140e-10  1.21731991e-20  1.70265119e-22  7.65382213e-19  6.57112234e-19  3.11832684e-08  3.11832684e-08  3.11832684e-08  3.11832684e-08 
 4.26579519e+04  4.20635831e-08  4.20635831e-08  3.48767324e-08  3.48767324e-08  3.98299723e-09  3.98299723e-09  5.83060635e-10  5.83060635e-10  4.36819763e-20  1.17863472e-21  3.06518277e-18  1.75492797e-18  4.20635831e-08  4.20635831e-08  4.20635831e-08  4.20635831e-08  2.82239218e-08  2.82239218e-08  1.48899695e-08  1.48899695e-08  3.94709251e-09  3.94709251e-09  4.58517143e-10  4.58517142e-10  4.19984372e-20  1.16693104e-21  2.95784593e-18  1.61374256e-18  2.82239218e-08  2.82239218e-08  2.82239218e-08  2.82239218e-08  3.11796640e-08  3.11796640e-08  3.15016564e-08  3.15016564e-08  5.33166441e-10  5.33166440e-10  3.59226386e-10  3.59226386e-10  1.19940994e-20  1.65527177e-22  8.04015263e-19  6.89605010e-19  3.11796640e-08  3.11796640e-08  3.11796640e-08  3.11796640e-08 
 4.36515832e+04  4.18767372e-08  4.18767372e-08  3.48000937e-08  3.48000937e-08  3.95829422e-09  3.95829422e-09  5.80840837e-10  5.80840837e-10  4.66674053e-20  1.26012622e-21  3.18862039e-18  1.82405645e-18  4.18767372e-08  4.18767372e-08  4.18767372e-08  4.18767372e-08  2.79489050e-08  2.79489050e-08  1.47177440e-08  1.47177440e-08  3.92192489e-09  3.92192489e-09  4.54755009e-10  4.54755009e-10  4.48357187e-20  1.24737266e-21  3.07489558e-18  1.67478592e-18  2.79489050e-08  2.79489050e-08  2.79489050e-08  2.79489050e-08  3.11758906e-08  3.11758906e-08  3.14978440e-08  3.14978440e-08  5.34914995e-10  5.34914994e-10  3.60404449e-10  3.60404448e-10  1.29288129e-20  1.78657124e-22  8.43954663e-19  7.22645753e-19  3.11758906e-08  3.11758906e-08  3.11758906e-08  3.11758906e-08 
 4.46683592e+04  4.16924103e-08  4.16924103e-08  3.47247777e-08  3.47247777e-08  3.93426763e-09  3.93426763e-09  5.78740900e-10  5.78740900e-10  5.58901853e-20  1.52096013e-21  3.32359685e-18  1.89916814e-18  4.16924103e-08  4.16924103e-08  4.16924103e-08  4.16924103e-08  2.76764105e-08  2.76764105e-08  1.45474278e-08  1.45474278e-08  3.89742296e-09  3.89742296e-09  4.51082216e-10  4.51082216e-10  5.36561830e-20  1.50527071e-21  3.20286756e-18  1.74108415e-18  2.76764105e-08  2.76764105e-08  2.76764105e-08  2.76764105e-08  3.11719402e-08  3.11719402e-08  3.14938528e-08  3.14938528e-08  5.36738860e-10  5.36738860e-10  3.61633252e-10  3.61633252e-10  1.56226351e-20  2.17690125e-22  8.87621322e-19  7.58552974e-19  3.11719402e-08  3.11719402e-08  3.11719402e-08  3.11719402e-08 
 4.57088190e+04  4.15105611e-08  4.15105611e-08  3.46507474e-08  3.46507474e-08  3.91092332e-09  3.91092331e-09  5.76762141e-10  5.76762141e-10  5.93575507e-20  1.62223262e-21  3.45477227e-18  1.97262036e-18  4.15105611e-08  4.15105611e-08  4.15105611e-08  4.15105611e-08  2.74064094e-08  2.74064094e-08  1.43789968e-08  1.43789968e-08  3.87359217e-09  3.87359217e-09  4.47498933e-10  4.47498932e-10  5.69414022e-20  1.60517685e-21  3.32696150e-18  1.80561138e-18  2.74064094e-08  2.74064094e-08  2.74064094e-08  2.74064094e-08  3.11678045e-08  3.11678045e-08  3.14896744e-08  3.14896744e-08  5.38640983e-10  5.38640983e-10  3.62914780e-10  3.62914780e-10  1.67402783e-20  2.34394278e-22  9.30971788e-19  7.94310746e-19  3.11678045e-08  3.11678045e-08  3.11678045e-08  3.11678045e-08 
 4.67735141e+04  4.13311481e-08  4.13311481e-08  3.45779658e-08  3.45779658e-08  3.88826725e-09  3.88826725e-09  5.74905932e-10  5.74905932e-10  6.00113844e-20  1.63314282e-21  3.59223813e-18  2.05075845e-18  4.13311481e-08  4.13311481e-08  4.13311481e-08  4.13311481e-08  2.71388730e-08  2.71388730e-08  1.42124273e-08  1.42124273e-08  3.85043806e-09  3.85043806e-09  4.44005340e-10  4.44005339e-10  5.75238476e-20  1.61564237e-21  3.45689114e-18  1.87416866e-18  2.71388730e-08  2.71388730e-08  2.71388730e-08  2.71388730e-08  3.11634750e-08  3.11634750e-08  3.14853002e-08  3.14853002e-08  5.40624398e-10  5.40624398e-10  3.64251077e-10  3.64251077e-10  1.70758544e-20  2.38215135e-22  9.76729825e-19  8.32481948e-19  3.11634750e-08  3.11634750e-08  3.11634750e-08  3.11634750e-08 
 4.78630092e+04  4.11541298e-08  4.11541298e-08  3.45063961e-08  3.45063961e-08  3.86630556e-09  3.86630556e-09  5.73173706e-10  5.73173706e-10  5.96453850e-20  1.61625830e-21  3.72915516e-18  2.12993159e-18  4.11541298e-08  4.11541298e-08  4.11541298e-08  4.11541298e-08  2.68737727e-08  2.68737727e-08  1.40476956e-08  1.40476956e-08  3.82796629e-09  3.82796629e-09  4.40601627e-10  4.40601627e-10  5.71277575e-20  1.59860605e-21  3.58606133e-18  1.94339921e-18  2.68737727e-08  2.68737727e-08  2.68737727e-08  2.68737727e-08  3.11589425e-08  3.11589425e-08  3.14807209e-08  3.14807209e-08  5.42692231e-10  5.42692231e-10  3.65644250e-10  3.65644250e-10  1.71230723e-20  2.37993760e-22  1.02307261e-18  8.71621987e-19  3.11589425e-08  3.11589425e-08  3.11589425e-08  3.11589425e-08 
 4.89778819e+04  4.09794641e-08  4.09794641e-08  3.44360012e-08  3.44360012e-08  3.84504447e-09  3.84504447e-09  5.71566955e-10  5.71566955e-10  6.38265150e-20  1.72982092e-21  3.88332931e-18  2.21630383e-18  4.09794641e-08  4.09794641e-08  4.09794641e-08  4.09794641e-08  2.66110800e-08  2.66110800e-08  1.38847783e-08  1.38847783e-08  3.80618263e-09  3.80618263e-09  4.37287994e-10  4.37287994e-10  6.10831291e-20  1.71056554e-21  3.73157779e-18  2.01890808e-18  2.66110800e-08  2.66110800e-08  2.66110800e-08  2.66110800e-08  3.11541977e-08  3.11541977e-08  3.14759271e-08  3.14759271e-08  5.44847701e-10  5.44847700e-10  3.67096468e-10  3.67096467e-10  1.84865467e-20  2.57136564e-22  1.07493263e-18  9.14287329e-19  3.11541977e-08  3.11541977e-08  3.11541977e-08  3.11541977e-08 
 5.01187234e+04  4.08071090e-08  4.08071090e-08  3.43667442e-08  3.43667442e-08  3.82449032e-09  3.82449032e-09  5.70087230e-10  5.70087229e-10  6.50728831e-20  1.74732888e-21  4.03158612e-18  2.30100239e-18  4.08071090e-08  4.08071090e-08  4.08071090e-08  4.08071090e-08  2.63507665e-08  2.63507665e-08  1.37236521e-08  1.37236521e-08  3.78509293e-09  3.78509293e-09  4.34064647e-10  4.34064646e-10  6.22248509e-20  1.72750519e-21  3.87114547e-18  2.09258798e-18  2.63507665e-08  2.63507665e-08  2.63507665e-08  2.63507665e-08  3.11492306e-08  3.11492306e-08  3.14709087e-08  3.14709087e-08  5.47094119e-10  5.47094119e-10  3.68609961e-10  3.68609961e-10  1.90150898e-20  2.62206515e-22  1.12597368e-18  9.56863263e-19  3.11492306e-08  3.11492306e-08  3.11492306e-08  3.11492306e-08 
 5.12861384e+04  4.06370221e-08  4.06370221e-08  3.42985882e-08  3.42985882e-08  3.80464957e-09  3.80464957e-09  5.68736139e-10  5.68736139e-10  2.25315868e-20  6.31578619e-22  1.27731993e-19  2.04760552e-20  4.06370221e-08  4.06370221e-08  4.06370221e-08  4.06370221e-08  2.60928040e-08  2.60928040e-08  1.35642941e-08  1.35642941e-08  3.76470313e-09  3.76470313e-09  4.30931796e-10  4.30931796e-10  2.15274240e-20  6.24275772e-22  1.22555460e-19  1.85900577e-20  2.60928040e-08  2.60928040e-08  2.60928040e-08  2.60928040e-08  3.11440309e-08  3.11440309e-08  3.14656554e-08  3.14656554e-08  5.49434891e-10  5.49434891e-10  3.70187023e-10  3.70187023e-10  6.64242379e-21  9.56754683e-23  3.59932789e-20  8.58315373e-21  3.11440309e-08  3.11440309e-08  3.11440309e-08  3.11440309e-08 
 5.24807460e+04  4.04691609e-08  4.04691609e-08  3.42314962e-08  3.42314962e-08  3.78552872e-09  3.78552872e-09  5.67515351e-10  5.67515352e-10  2.32333420e-20  4.90253103e-22  4.20087968e-18  2.29816220e-18  4.04691609e-08  4.04691609e-08  4.04691609e-08  4.04691609e-08  2.58371640e-08  2.58371640e-08  1.34066814e-08  1.34066814e-08  3.74501922e-09  3.74501923e-09  4.27889657e-10  4.27889657e-10  2.21793053e-20  4.84475559e-22  4.02751078e-18  2.08291306e-18  2.58371640e-08  2.58371640e-08  2.58371640e-08  2.58371640e-08  3.11385878e-08  3.11385878e-08  3.14601560e-08  3.14601560e-08  5.51873514e-10  5.51873514e-10  3.71830011e-10  3.71830012e-10  6.91007010e-21  7.49714636e-23  1.19433307e-18  9.71040396e-19  3.11385878e-08  3.11385878e-08  3.11385878e-08  3.11385878e-08 
 5.37031796e+04  4.03034823e-08  4.03034823e-08  3.41654309e-08  3.41654309e-08  3.76713438e-09  3.76713439e-09  5.66426590e-10  5.66426590e-10  2.09658160e-20  4.32772095e-22  3.95441451e-18  2.16220937e-18  4.03034823e-08  4.03034823e-08  4.03034823e-08  4.03034823e-08  2.55838186e-08  2.55838186e-08  1.32507913e-08  1.32507913e-08  3.72604725e-09  3.72604725e-09  4.24938447e-10  4.24938447e-10  1.99973675e-20  4.27574130e-22  3.78822804e-18  1.95628587e-18  2.55838186e-08  2.55838186e-08  2.55838186e-08  2.55838186e-08  3.11328900e-08  3.11328900e-08  3.14543994e-08  3.14543994e-08  5.54413578e-10  5.54413578e-10  3.73541345e-10  3.73541345e-10  6.29082121e-21  6.68090871e-23  1.13429197e-18  9.20870311e-19  3.11328900e-08  3.11328900e-08  3.11328900e-08  3.11328900e-08 
 5.49540874e+04  4.01399431e-08  4.01399431e-08  3.41003552e-08  3.41003552e-08  3.74947320e-09  3.74947320e-09  5.65471637e-10  5.65471637e-10  2.69251074e-20  6.30270802e-22  3.70171215e-18  2.02285556e-18  4.01399431e-08  4.01399431e-08  4.01399431e-08  4.01399431e-08  2.53327395e-08  2.53327395e-08  1.30966012e-08  1.30966012e-08  3.70779329e-09  3.70779329e-09  4.22078385e-10  4.22078385e-10  2.56586436e-20  6.22555596e-22  3.54329969e-18  1.82697031e-18  2.53327395e-08  2.53327395e-08  2.53327395e-08  2.53327395e-08  3.11269256e-08  3.11269256e-08  3.14483734e-08  3.14483734e-08  5.57058767e-10  5.57058767e-10  3.75323505e-10  3.75323505e-10  8.15019893e-21  9.82205265e-23  1.07126430e-18  8.68355669e-19  3.11269256e-08  3.11269256e-08  3.11269256e-08  3.11269256e-08 
 5.62341325e+04  3.99784999e-08  3.99784999e-08  3.40362317e-08  3.40362317e-08  3.73255186e-09  3.73255186e-09  5.64652328e-10  5.64652328e-10  2.53877169e-20  5.85224368e-22  3.44066955e-18  1.87929163e-18  3.99784999e-08  3.99784999e-08  3.99784999e-08  3.99784999e-08  2.50838987e-08  2.50838987e-08  1.29440889e-08  1.29440889e-08  3.69026343e-09  3.69026343e-09  4.19309687e-10  4.19309687e-10  2.41719019e-20  5.77923276e-22  3.29073789e-18  1.69426222e-18  2.50838987e-08  2.50838987e-08  2.50838987e-08  2.50838987e-08  3.11206823e-08  3.11206823e-08  3.14420655e-08  3.14420655e-08  5.59812857e-10  5.59812858e-10  3.77179037e-10  3.77179037e-10  7.75256360e-21  9.20649459e-23  1.00457424e-18  8.13105277e-19  3.11206823e-08  3.11206823e-08  3.11206823e-08  3.11206823e-08 
 5.75439937e+04  3.98191087e-08  3.98191087e-08  3.39730228e-08  3.39730228e-08  3.71637707e-09  3.71637707e-09  5.63970557e-10  5.63970557e-10  2.34065340e-20  5.38755398e-22  3.17168298e-18  1.73091521e-18  3.98191087e-08  3.98191087e-08  3.98191087e-08  3.98191087e-08  2.48372683e-08  2.48372683e-08  1.27932320e-08  1.27932320e-08  3.67346377e-09  3.67346377e-09  4.16632566e-10  4.16632566e-10  2.22652863e-20  5.31905262e-22  3.03095054e-18  1.55764940e-18  2.48372683e-08  2.48372683e-08  2.48372683e-08  2.48372683e-08  3.11141470e-08  3.11141470e-08  3.14354628e-08  3.14354628e-08  5.62679717e-10  5.62679717e-10  3.79110545e-10  3.79110545e-10  7.21045712e-21  8.55575626e-23  9.34259654e-19  7.54806906e-19  3.11141470e-08  3.11141470e-08  3.11141470e-08  3.11141470e-08 
 5.88843655e+04  3.96617251e-08  3.96617251e-08  3.39106910e-08  3.39106910e-08  3.70095556e-09  3.70095556e-09  5.63428269e-10  5.63428269e-10  1.90874670e-20  4.16781568e-22  2.89767737e-18  1.57937112e-18  3.96617251e-08  3.96617251e-08  3.96617251e-08  3.96617251e-08  2.45928203e-08  2.45928203e-08  1.26440086e-08  1.26440086e-08  3.65740039e-09  3.65740039e-09  4.14047229e-10  4.14047230e-10  1.81400071e-20  4.11380795e-22  2.76675955e-18  1.41864283e-18  2.45928203e-08  2.45928203e-08  2.45928203e-08  2.45928203e-08  3.11073064e-08  3.11073064e-08  3.14285515e-08  3.14285515e-08  5.65663304e-10  5.65663305e-10  3.81120697e-10  3.81120697e-10  5.93160152e-21  6.68141011e-23  8.61113034e-19  6.94127452e-19  3.11073064e-08  3.11073064e-08  3.11073064e-08  3.11073064e-08 
 6.02559586e+04  3.95063045e-08  3.95063045e-08  3.38491981e-08  3.38491981e-08  3.68629404e-09  3.68629404e-09  5.63027462e-10  5.63027462e-10  1.91818218e-20  4.38465063e-22  2.62384492e-18  1.42644638e-18  3.95063045e-08  3.95063045e-08  3.95063045e-08  3.95063045e-08  2.43505267e-08  2.43505267e-08  1.24963968e-08  1.24963968e-08  3.64207932e-09  3.64207932e-09  4.11553879e-10  4.11553879e-10  1.82124359e-20  4.32674540e-22  2.50314106e-18  1.27887066e-18  2.43505267e-08  2.43505267e-08  2.43505267e-08  2.43505267e-08  3.11001462e-08  3.11001462e-08  3.14213174e-08  3.14213174e-08  5.68767667e-10  5.68767667e-10  3.83212221e-10  3.83212221e-10  6.01315712e-21  7.09554007e-23  7.86636455e-19  6.31819137e-19  3.11001462e-08  3.11001462e-08  3.11001462e-08  3.11001462e-08 
 6.16595002e+04  3.93528018e-08  3.93528018e-08  3.37885061e-08  3.37885061e-08  3.67239917e-09  3.67239917e-09  5.62770184e-10  5.62770184e-10  1.39560198e-20  2.75472381e-22  2.33031883e-18  1.26397546e-18  3.93528018e-08  3.93528018e-08  3.93528018e-08  3.93528018e-08  2.41103598e-08  2.41103598e-08  1.23503748e-08  1.23503748e-08  3.62750656e-09  3.62750656e-09  4.09152705e-10  4.09152705e-10  1.32380735e-20  2.71764758e-22  2.22116914e-18  1.13104347e-18  2.41103598e-08  2.41103598e-08  2.41103598e-08  2.41103598e-08  3.10926517e-08  3.10926517e-08  3.14137455e-08  3.14137455e-08  5.71996942e-10  5.71996942e-10  3.85387903e-10  3.85387903e-10  4.41325787e-21  4.50004912e-23  7.04807272e-19  5.64216070e-19  3.10926517e-08  3.10926517e-08  3.10926517e-08  3.10926517e-08 
 6.30957344e+04  3.92011713e-08  3.92011713e-08  3.37285763e-08  3.37285763e-08  3.65927759e-09  3.65927759e-09  5.62658534e-10  5.62658534e-10  1.24627544e-20  2.51483440e-22  2.04016052e-18  1.10165709e-18  3.92011713e-08  3.92011713e-08  3.92011713e-08  3.92011713e-08  2.38722915e-08  2.38722915e-08  1.22059210e-08  1.22059210e-08  3.61368802e-09  3.61368802e-09  4.06843886e-10  4.06843886e-10  1.18100691e-20  2.48033937e-22  1.94286667e-18  9.83883349e-19  2.38722915e-08  2.38722915e-08  2.38722915e-08  2.38722915e-08  3.10848073e-08  3.10848073e-08  3.14058201e-08  3.14058201e-08  5.75355350e-10  5.75355350e-10  3.87650587e-10  3.87650587e-10  3.97545601e-21  4.14701135e-23  6.22489089e-19  4.95575428e-19  3.10848073e-08  3.10848073e-08  3.10848073e-08  3.10848073e-08 
 6.45654229e+04  3.90513669e-08  3.90513669e-08  3.36693701e-08  3.36693701e-08  3.64693584e-09  3.64693584e-09  5.62694656e-10  5.62694656e-10  1.99862949e-20  5.10968319e-22  1.73859438e-18  9.33292568e-19  3.90513669e-08  3.90513669e-08  3.90513669e-08  3.90513669e-08  2.36362941e-08  2.36362941e-08  1.20630140e-08  1.20630140e-08  3.60062949e-09  3.60062949e-09  4.04627588e-10  4.04627588e-10  1.89205472e-20  5.03825592e-22  1.65417877e-18  8.31875617e-19  2.36362941e-08  2.36362941e-08  2.36362941e-08  2.36362941e-08  3.10765970e-08  3.10765970e-08  3.13975250e-08  3.13975250e-08  5.78847196e-10  5.78847197e-10  3.90003174e-10  3.90003174e-10  6.43084745e-21  8.50558796e-23  5.35144651e-19  4.23082000e-19  3.10765970e-08  3.10765970e-08  3.10765970e-08  3.10765970e-08 
 6.60693448e+04  3.89033421e-08  3.89033421e-08  3.36108481e-08  3.36108481e-08  3.63538038e-09  3.63538038e-09  5.62880740e-10  5.62880740e-10  6.61074574e-21  1.05356519e-22  1.42719360e-18  7.58352778e-19  3.89033421e-08  3.89033421e-08  3.89033421e-08  3.89033421e-08  2.34023397e-08  2.34023397e-08  1.19216324e-08  1.19216324e-08  3.58833668e-09  3.58833668e-09  4.02503959e-10  4.02503959e-10  6.25204451e-21  1.03855586e-22  1.35664309e-18  6.74593286e-19  2.34023397e-08  2.34023397e-08  2.34023397e-08  2.34023397e-08  3.10680038e-08  3.10680038e-08  3.13888431e-08  3.13888431e-08  5.82476871e-10  5.82476871e-10  3.92448621e-10  3.92448621e-10  2.14563861e-21  1.77032897e-23  4.43153673e-19  3.46424157e-19  3.10680038e-08  3.10680038e-08  3.10680038e-08  3.10680038e-08 
 6.76082975e+04  3.87570496e-08  3.87570496e-08  3.35529709e-08  3.35529709e-08  3.62461757e-09  3.62461757e-09  5.63219018e-10  5.63219018e-10  7.50202393e-21  1.60491342e-22  1.10829401e-18  5.79883118e-19  3.87570496e-08  3.87570496e-08  3.87570496e-08  3.87570496e-08  2.31704005e-08  2.31704005e-08  1.17817550e-08  1.17817550e-08  3.57681514e-09  3.57681514e-09  4.00473128e-10  4.00473128e-10  7.08756319e-21  1.58161280e-22  1.05251713e-18  5.14787422e-19  2.31704005e-08  2.31704005e-08  2.31704005e-08  2.31704005e-08  3.10590102e-08  3.10590102e-08  3.13797565e-08  3.13797565e-08  5.86248838e-10  5.86248838e-10  3.94989937e-10  3.94989937e-10  2.45601751e-21  2.72222668e-23  3.47150599e-19  2.66927968e-19  3.10590102e-08  3.10590102e-08  3.10590102e-08  3.10590102e-08 
 6.91830971e+04  3.86124418e-08  3.86124418e-08  3.34956985e-08  3.34956985e-08  3.61465359e-09  3.61465359e-09  5.63711765e-10  5.63711765e-10  3.83457498e-21  6.93602150e-23  7.82239133e-19  3.96490555e-19  3.86124418e-08  3.86124418e-08  3.86124418e-08  3.86124418e-08  2.29404485e-08  2.29404485e-08  1.16433607e-08  1.16433607e-08  3.56607024e-09  3.56607024e-09  3.98535204e-10  3.98535204e-10  3.61897594e-21  6.83339831e-23  7.42160790e-19  3.51255773e-19  2.29404485e-08  2.29404485e-08  2.29404485e-08  2.29404485e-08  3.10495975e-08  3.10495975e-08  3.13702467e-08  3.13702467e-08  5.90167640e-10  5.90167640e-10  3.97630181e-10  3.97630181e-10  1.26625219e-21  1.18757447e-23  2.47164874e-19  1.83903344e-19  3.10495975e-08  3.10495975e-08  3.10495975e-08  3.10495975e-08 
 7.07945784e+04  3.84694702e-08  3.84694702e-08  3.34389904e-08  3.34389904e-08  3.60549451e-09  3.60549451e-09  5.64361290e-10  5.64361290e-10  9.02255006e-22  4.80755328e-23  4.47905384e-19  2.07572931e-19  3.84694702e-08  3.84694702e-08  3.84694702e-08  3.84694702e-08  2.27124559e-08  2.27124559e-08  1.15064285e-08  1.15064285e-08  3.55610718e-09  3.55610718e-09  3.96690271e-10  3.96690271e-10  8.50659471e-22  4.73506572e-23  4.24543043e-19  1.83506219e-19  2.27124559e-08  2.27124559e-08  2.27124559e-08  2.27124559e-08  3.10397467e-08  3.10397467e-08  3.13602941e-08  3.13602941e-08  5.94237893e-10  5.94237893e-10  4.00372464e-10  4.00372464e-10  3.00531678e-22  8.30902619e-24  1.42761293e-19  9.70100974e-20  3.10397467e-08  3.10397467e-08  3.10397467e-08  3.10397467e-08 
 7.24435960e+04  3.83280859e-08  3.83280859e-08  3.33828056e-08  3.33828056e-08  3.59714616e-09  3.59714616e-09  5.65169939e-10  5.65169939e-10  5.49427790e-21  1.53522278e-22  1.00723530e-19  1.16699207e-20  3.83280859e-08  3.83280859e-08  3.83280859e-08  3.83280859e-08  2.24863948e-08  2.24863948e-08  1.13709377e-08  1.13709377e-08  3.54693094e-09  3.54693094e-09  3.94938389e-10  3.94938389e-10  5.17407634e-21  1.51163327e-22  9.53753068e-20  1.02949335e-20  2.24863948e-08  2.24863948e-08  2.24863948e-08  2.24863948e-08  3.10294375e-08  3.10294375e-08  3.13498784e-08  3.13498784e-08  5.98464278e-10  5.98464278e-10  4.03219941e-10  4.03219941e-10  1.84572650e-21  2.67836992e-23  3.23835677e-20  5.49527841e-21  3.10294375e-08  3.10294375e-08  3.10294375e-08  3.10294375e-08 
 7.41310241e+04  3.81882392e-08  3.81882392e-08  3.33271025e-08  3.33271025e-08  3.58961421e-09  3.58961421e-09  5.66140089e-10  5.66140089e-10  1.14505032e-20  3.09345456e-22  2.52354016e-19  1.88923511e-19  3.81882392e-08  3.81882392e-08  3.81882392e-08  3.81882392e-08  2.22622372e-08  2.22622372e-08  1.12368673e-08  1.12368673e-08  3.53854626e-09  3.53854626e-09  3.93279585e-10  3.93279585e-10  1.07712940e-20  3.04501521e-22  2.38713655e-19  1.66304197e-19  2.22622372e-08  2.22622372e-08  2.22622372e-08  2.22622372e-08  3.10186489e-08  3.10186489e-08  3.13389784e-08  3.13389784e-08  6.02851545e-10  6.02851545e-10  4.06175809e-10  4.06175809e-10  3.87973797e-21  5.44770500e-23  8.18400730e-20  8.96332954e-20  3.10186489e-08  3.10186489e-08  3.10186489e-08  3.10186489e-08 
 7.58577575e+04  3.80498796e-08  3.80498796e-08  3.32718391e-08  3.32718391e-08  3.58290406e-09  3.58290406e-09  5.67274148e-10  5.67274148e-10  1.74120782e-20  4.58956275e-22  6.17932808e-19  3.95459143e-19  3.80498796e-08  3.80498796e-08  3.80498796e-08  3.80498796e-08  2.20399551e-08  2.20399551e-08  1.11041968e-08  1.11041968e-08  3.53095762e-09  3.53095762e-09  3.91713858e-10  3.91713858e-10  1.63608844e-20  4.51632611e-22  5.83932550e-19  3.47349123e-19  2.20399551e-08  2.20399551e-08  2.20399551e-08  2.20399551e-08  3.10073589e-08  3.10073589e-08  3.13275718e-08  3.13275718e-08  6.07404500e-10  6.07404500e-10  4.09243309e-10  4.09243309e-10  5.95033328e-21  8.15848295e-23  2.02139613e-19  1.89030708e-19  3.10073589e-08  3.10073589e-08  3.10073589e-08  3.10073589e-08 
 7.76247117e+04  3.79129559e-08  3.79129559e-08  3.32169727e-08  3.32169727e-08  3.57702086e-09  3.57702086e-09  5.68574544e-10  5.68574544e-10  2.10004133e-20  5.40914936e-22  9.93088573e-19  6.09224033e-19  3.79129559e-08  3.79129559e-08  3.79129559e-08  3.79129559e-08  2.18195204e-08  2.18195204e-08  1.09729057e-08  1.09729057e-08  3.52416920e-09  3.52416920e-09  3.90241172e-10  3.90241172e-10  1.97100864e-20  5.32118944e-22  9.37467110e-19  5.33918141e-19  2.18195204e-08  2.18195204e-08  2.18195204e-08  2.18195204e-08  3.09955446e-08  3.09955446e-08  3.13156355e-08  3.13156355e-08  6.12128008e-10  6.12128008e-10  4.12425717e-10  4.12425717e-10  7.23807440e-21  9.70583351e-23  3.27676115e-19  2.93386976e-19  3.09955446e-08  3.09955446e-08  3.09955446e-08  3.09955446e-08 
 7.94328235e+04  3.77774162e-08  3.77774162e-08  3.31624597e-08  3.31624597e-08  3.57196946e-09  3.57196946e-09  5.70043732e-10  5.70043732e-10  2.63520846e-20  6.67673614e-22  1.38072930e-18  8.30204105e-19  3.77774162e-08  3.77774162e-08  3.77774162e-08  3.77774162e-08  2.16009050e-08  2.16009050e-08  1.08429734e-08  1.08429734e-08  3.51818487e-09  3.51818487e-09  3.88861454e-10  3.88861454e-10  2.47042389e-20  6.56609549e-22  1.30201306e-18  7.25940655e-19  2.16009050e-08  2.16009050e-08  2.16009050e-08  2.16009050e-08  3.09831820e-08  3.09831820e-08  3.13031452e-08  3.13031452e-08  6.17026982e-10  6.17026982e-10  4.15726345e-10  4.15726345e-10  9.16022189e-21  1.20929236e-22  4.59519648e-19  4.02779420e-19  3.09831820e-08  3.09831820e-08  3.09831820e-08  3.09831820e-08 
 8.12830516e+04  3.76432077e-08  3.76432077e-08  3.31082560e-08  3.31082560e-08  3.56775443e-09  3.56775443e-09  5.71684181e-10  5.71684181e-10  2.99715165e-20  7.51727082e-22  1.78075843e-18  1.05924644e-18  3.76432077e-08  3.76432077e-08  3.76432077e-08  3.76432077e-08  2.13840807e-08  2.13840807e-08  1.07143797e-08  1.07143797e-08  3.51300814e-09  3.51300814e-09  3.87574592e-10  3.87574592e-10  2.80641838e-20  7.39032992e-22  1.67742282e-18  9.24096287e-19  2.13840807e-08  2.13840807e-08  2.13840807e-08  2.13840807e-08  3.09702460e-08  3.09702460e-08  3.12900757e-08  3.12900757e-08  6.22106382e-10  6.22106382e-10  4.19148533e-10  4.19148533e-10  1.05071983e-20  1.37432024e-22  5.97766113e-19  5.17706216e-19  3.09702460e-08  3.09702460e-08  3.09702460e-08  3.09702460e-08 
 8.31763771e+04  3.75102765e-08  3.75102765e-08  3.30543166e-08  3.30543166e-08  3.56437995e-09  3.56437995e-09  5.73498376e-10  5.73498376e-10  3.46083915e-20  8.47463220e-22  2.18756458e-18  1.29266435e-18  3.75102765e-08  3.75102765e-08  3.75102765e-08  3.75102765e-08  2.11690192e-08  2.11690192e-08  1.05871041e-08  1.05871041e-08  3.50864218e-09  3.50864218e-09  3.86380432e-10  3.86380432e-10  3.23670881e-20  8.32880145e-22  2.05835861e-18  1.12511052e-18  2.11690192e-08  2.11690192e-08  2.11690192e-08  2.11690192e-08  3.09567106e-08  3.09567106e-08  3.12764005e-08  3.12764005e-08  6.27371203e-10  6.27371203e-10  4.22695647e-10  4.22695647e-10  1.22359627e-20  1.56389152e-22  7.40644471e-19  6.36445672e-19  3.09567106e-08  3.09567106e-08  3.09567106e-08  3.09567106e-08 
 8.51138038e+04  3.73785681e-08  3.73785681e-08  3.30005959e-08  3.30005959e-08  3.56184988e-09  3.56184988e-09  5.75488810e-10  5.75488810e-10  4.06496711e-20  9.83268261e-22  2.60979902e-18  1.53483135e-18  3.73785681e-08  3.73785681e-08  3.73785681e-08  3.73785681e-08  2.09556922e-08  2.09556922e-08  1.04611266e-08  1.04611266e-08  3.50508975e-09  3.50508975e-09  3.85278777e-10  3.85278777e-10  3.79707025e-20  9.66026449e-22  2.45290988e-18  1.33273670e-18  2.09556922e-08  2.09556922e-08  2.09556922e-08  2.09556922e-08  3.09425485e-08  3.09425485e-08  3.12620922e-08  3.12620922e-08  6.32826478e-10  6.32826478e-10  4.26371078e-10  4.26371078e-10  1.44938295e-20  1.83152619e-22  8.91190068e-19  7.61220560e-19  3.09425485e-08  3.09425485e-08  3.09425485e-08  3.09425485e-08 
 8.70963590e+04  3.72480269e-08  3.72480269e-08  3.29470470e-08  3.29470470e-08  3.56016765e-09  3.56016765e-09  5.77657981e-10  5.77657981e-10  4.76318741e-20  1.12978943e-21  3.26523076e-18  1.91149510e-18  3.72480269e-08  3.72480269e-08  3.72480269e-08  3.72480269e-08  2.07440711e-08  2.07440711e-08  1.03364269e-08  1.03364269e-08  3.50235316e-09  3.50235316e-09  3.84269380e-10  3.84269380e-10  4.44375260e-20  1.10960171e-21  3.06545123e-18  1.65583133e-18  2.07440711e-08  2.07440711e-08  2.07440711e-08  2.07440711e-08  3.09277312e-08  3.09277312e-08  3.12471219e-08  3.12471219e-08  6.38477263e-10  6.38477263e-10  4.30178233e-10  4.30178233e-10  1.71271218e-20  2.12417960e-22  1.12456136e-18  9.54953554e-19  3.09277312e-08  3.09277312e-08  3.09277312e-08  3.09277312e-08 
 8.91250938e+04  3.71185962e-08  3.71185962e-08  3.28936225e-08  3.28936225e-08  3.55933628e-09  3.55933628e-09  5.80008389e-10  5.80008389e-10  1.11799844e-20  3.01435942e-22  2.35864963e-19  1.77639194e-19  3.71185962e-08  3.71185962e-08  3.71185962e-08  3.71185962e-08  2.05341274e-08  2.05341274e-08  1.02129851e-08  1.02129851e-08  3.50043430e-09  3.50043430e-09  3.83351947e-10  3.83351947e-10  1.04169619e-20  2.95947414e-22  2.21177770e-19  1.53506121e-19  2.05341274e-08  2.05341274e-08  2.05341274e-08  2.05341274e-08  3.09122290e-08  3.09122290e-08  3.12314595e-08  3.12314595e-08  6.44328633e-10  6.44328633e-10  4.34120531e-10  4.34120531e-10  4.05392390e-21  5.72056160e-23  8.19275975e-20  8.93905996e-20  3.09122290e-08  3.09122290e-08  3.09122290e-08  3.09122290e-08 
 9.12010839e+04  3.69902182e-08  3.69902182e-08  3.28402738e-08  3.28402738e-08  3.55935836e-09  3.55935836e-09  5.82542528e-10  5.82542528e-10  2.51980624e-20  4.93968044e-22  2.71513738e-18  1.51677073e-18  3.69902182e-08  3.69902182e-08  3.69902182e-08  3.69902182e-08  2.03258323e-08  2.03258323e-08  1.00907811e-08  1.00907811e-08  3.49933458e-09  3.49933458e-09  3.82526132e-10  3.82526132e-10  2.34485966e-20  4.84802952e-22  2.54307250e-18  1.30748127e-18  2.03258323e-08  2.03258323e-08  2.03258323e-08  2.03258323e-08  3.08960109e-08  3.08960109e-08  3.12150739e-08  3.12150739e-08  6.50385677e-10  6.50385677e-10  4.38201400e-10  4.38201400e-10  9.21406708e-21  9.46214006e-23  9.51146659e-19  7.68779209e-19  3.08960109e-08  3.08960109e-08  3.08960109e-08  3.08960109e-08 
 9.33254301e+04  3.68628342e-08  3.68628342e-08  3.27869513e-08  3.27869513e-08  3.56023597e-09  3.56023597e-09  5.85262883e-10  5.85262883e-10  1.68796546e-20  2.59054464e-22  2.18093845e-18  1.21125992e-18  3.68628342e-08  3.68628342e-08  3.68628342e-08  3.68628342e-08  2.01191572e-08  2.01191572e-08  9.96979503e-09  9.96979503e-09  3.49905489e-09  3.49905489e-09  3.81791533e-10  3.81791533e-10  1.56873524e-20  2.54156684e-22  2.04028335e-18  1.04151615e-18  2.01191572e-08  2.01191572e-08  2.01191572e-08  2.01191572e-08  3.08790445e-08  3.08790445e-08  3.11979324e-08  3.11979324e-08  6.56653487e-10  6.56653487e-10  4.42424272e-10  4.42424272e-10  6.22420901e-21  5.00870729e-23  7.70511689e-19  6.18346865e-19  3.08790445e-08  3.08790445e-08  3.08790445e-08  3.08790445e-08 
 9.54992586e+04  3.67363841e-08  3.67363841e-08  3.27336042e-08  3.27336042e-08  3.56197072e-09  3.56197072e-09  5.88171924e-10  5.88171924e-10  1.24540825e-20  1.93280450e-22  1.62889000e-18  8.95908633e-19  3.67363841e-08  3.67363841e-08  3.67363841e-08  3.67363841e-08  1.99140729e-08  1.99140729e-08  9.85000698e-09  9.85000698e-09  3.49959559e-09  3.49959559e-09  3.81147693e-10  3.81147693e-10  1.15590231e-20  1.89556897e-22  1.52198406e-18  7.68404419e-19  1.99140729e-08  1.99140729e-08  1.99140729e-08  1.99140729e-08  3.08612962e-08  3.08612962e-08  3.11800007e-08  3.11800007e-08  6.63137153e-10  6.63137153e-10  4.46792575e-10  4.46792575e-10  4.63079596e-21  3.77193072e-23  5.80361842e-19  4.60634018e-19  3.08612962e-08  3.08612962e-08  3.08612962e-08  3.08612962e-08 
 9.77237221e+04  3.66108067e-08  3.66108067e-08  3.26801808e-08  3.26801808e-08  3.56456367e-09  3.56456367e-09  5.91272102e-10  5.91272102e-10  6.44619707e-21  6.79636242e-23  1.06218163e-18  5.71241009e-19  3.66108067e-08  3.66108067e-08  3.66108067e-08  3.66108067e-08  1.97105504e-08  1.97105504e-08  9.73139717e-09  9.73139717e-09  3.50095648e-09  3.50095648e-09  3.80594094e-10  3.80594094e-10  5.97493289e-21  6.66295562e-23  9.91241321e-19  4.88682944e-19  1.97105504e-08  1.97105504e-08  1.97105504e-08  1.97105504e-08  3.08427307e-08  3.08427307e-08  3.11612435e-08  3.11612435e-08  6.69841749e-10  6.69841749e-10  4.51309729e-10  4.51309729e-10  2.41694933e-21  1.33872396e-23  3.81652528e-19  2.95796707e-19  3.08427307e-08  3.08427307e-08  3.08427307e-08  3.08427307e-08 
 1.00000000e+05  3.64860394e-08  3.64860394e-08  3.26266279e-08  3.26266279e-08  3.56801532e-09  3.56801532e-09  5.94565841e-10  5.94565841e-10  6.55760649e-21  1.80713323e-22  4.77564792e-19  2.35276076e-19  3.64860394e-08  3.64860394e-08  3.64860394e-08  3.64860394e-08  1.95085604e-08  1.95085604e-08  9.61394581e-09  9.61394581e-09  3.50313679e-09  3.50313679e-09  3.80130157e-10  3.80130157e-10  6.06959662e-21  1.77098808e-22  4.45108662e-19  2.00748035e-19  1.95085604e-08  1.95085604e-08  1.95085604e-08  1.95085604e-08  3.08233114e-08  3.08233114e-08  3.11416237e-08  3.11416237e-08  6.76772333e-10  6.76772333e-10  4.55979141e-10  4.55979141e-10  2.47910171e-21  3.59285554e-23  1.73043301e-19  1.22692342e-19  3.08233114e-08  3.08233114e-08  3.08233114e-08  3.08233114e-08 
 1.02329299e+05  3.63620185e-08  3.63620185e-08  3.25728913e-08  3.25728913e-08  3.57232560e-09  3.57232560e-09  5.98055533e-10  5.98055533e-10  1.27788261e-20  3.42386510e-22  1.18118331e-19  1.08418208e-19  3.63620185e-08  3.63620185e-08  3.63620185e-08  3.63620185e-08  1.93080736e-08  1.93080736e-08  9.49763319e-09  9.49763319e-09  3.50613513e-09  3.50613513e-09  3.79755239e-10  3.79755239e-10  1.18112578e-20  3.35408538e-22  1.09949919e-19  9.22625387e-20  1.93080736e-08  1.93080736e-08  1.93080736e-08  1.93080736e-08  3.08030001e-08  3.08030001e-08  3.11211026e-08  3.11211026e-08  6.83933930e-10  6.83933930e-10  4.60804196e-10  4.60804196e-10  4.87114061e-21  6.87065641e-23  4.31602209e-20  5.69366033e-20  3.08030001e-08  3.08030001e-08  3.08030001e-08  3.08030001e-08 
 1.04712855e+05  3.62386787e-08  3.62386787e-08  3.25189151e-08  3.25189151e-08  3.57749382e-09  3.57749382e-09  6.01743535e-10  6.01743535e-10  2.71685810e-20  6.99292936e-22  7.34793985e-19  4.64346377e-19  3.62386787e-08  3.62386787e-08  3.62386787e-08  3.62386787e-08  1.91090604e-08  1.91090604e-08  9.38243964e-09  9.38243964e-09  3.50994944e-09  3.50994944e-09  3.79468632e-10  3.79468632e-10  2.50758778e-20  6.84771295e-22  6.83089594e-19  3.94092942e-19  1.91090604e-08  1.91090604e-08  1.91090604e-08  1.91090604e-08  3.07817569e-08  3.07817569e-08  3.10996400e-08  3.10996400e-08  6.91331524e-10  6.91331524e-10  4.65788254e-10  4.65788254e-10  1.04421676e-20  1.41634699e-22  2.70748722e-19  2.45564063e-19  3.07817569e-08  3.07817569e-08  3.07817569e-08  3.07817569e-08 
 1.07151931e+05  3.61159532e-08  3.61159532e-08  3.24646424e-08  3.24646424e-08  3.58351866e-09  3.58351866e-09  6.05632156e-10  6.05632156e-10  2.48578237e-20  5.69423392e-22  1.36788440e-18  8.31650016e-19  3.61159532e-08  3.61159532e-08  3.61159532e-08  3.61159532e-08  1.89114910e-08  1.89114910e-08  9.26834552e-09  9.26834552e-09  3.51457705e-09  3.51457705e-09  3.79269558e-10  3.79269558e-10  2.29101625e-20  5.57374903e-22  1.26994938e-18  7.03905321e-19  1.89114910e-08  1.89114910e-08  1.89114910e-08  1.89114910e-08  3.07595403e-08  3.07595403e-08  3.10771940e-08  3.10771940e-08  6.98970053e-10  6.98970053e-10  4.70934640e-10  4.70934640e-10  9.63302495e-21  1.16404971e-22  5.08247387e-19  4.42874222e-19  3.07595403e-08  3.07595403e-08  3.07595403e-08  3.07595403e-08 
 1.09647820e+05  3.59937740e-08  3.59937740e-08  3.24100147e-08  3.24100147e-08  3.59039813e-09  3.59039813e-09  6.09723656e-10  6.09723656e-10  3.50616156e-20  7.90487635e-22  2.01967278e-18  1.20998500e-18  3.59937740e-08  3.59937740e-08  3.59937740e-08  3.59937740e-08  1.87153354e-08  1.87153354e-08  9.15533123e-09  9.15533123e-09  3.52001456e-09  3.52001456e-09  3.79157170e-10  3.79157170e-10  3.22670958e-20  7.73445432e-22  1.87254943e-18  1.02130200e-18  1.87153354e-08  1.87153354e-08  1.87153354e-08  1.87153354e-08  3.07363071e-08  3.07363071e-08  3.10537208e-08  3.10537208e-08  7.06854390e-10  7.06854390e-10  4.76246639e-10  4.76246639e-10  1.36991744e-20  1.63099938e-22  7.56697042e-19  6.48814183e-19  3.07363071e-08  3.07363071e-08  3.07363071e-08  3.07363071e-08 
 1.12201845e+05  3.58720713e-08  3.58720713e-08  3.23549717e-08  3.23549717e-08  3.59812956e-09  3.59812956e-09  6.14020237e-10  6.14020237e-10  4.34279012e-20  9.41906388e-22  2.69017634e-18  1.60069014e-18  3.58720713e-08  3.58720713e-08  3.58720713e-08  3.58720713e-08  1.85205637e-08  1.85205637e-08  9.04337722e-09  9.04337722e-09  3.52625786e-09  3.52625786e-09  3.79130547e-10  3.79130547e-10  3.99070502e-20  9.21216070e-22  2.49079789e-18  1.34730329e-18  1.85205637e-08  1.85205637e-08  1.85205637e-08  1.85205637e-08  3.07120122e-08  3.07120122e-08  3.10291750e-08  3.10291750e-08  7.14989341e-10  7.14989341e-10  4.81727488e-10  4.81727488e-10  1.71074052e-20  1.96148785e-22  1.01631242e-18  8.64234350e-19  3.07120122e-08  3.07120122e-08  3.07120122e-08  3.07120122e-08 
 1.14815362e+05  3.57507736e-08  3.57507736e-08  3.22994520e-08  3.22994520e-08  3.60670953e-09  3.60670953e-09  6.18524037e-10  6.18524037e-10  1.15918268e-20  2.97943370e-22  2.32480498e-19  1.74048071e-19  3.57507736e-08  3.57507736e-08  3.57507736e-08  3.57507736e-08  1.83271454e-08  1.83271454e-08  8.93246395e-09  8.93246395e-09  3.53330211e-09  3.53330211e-09  3.79188694e-10  3.79188694e-10  1.06357703e-20  2.91275133e-22  2.14951159e-19  1.46081238e-19  1.83271454e-08  1.83271454e-08  1.83271454e-08  1.83271454e-08  3.06866088e-08  3.06866088e-08  3.10035093e-08  3.10035093e-08  7.23379627e-10  7.23379627e-10  4.87380368e-10  4.87380368e-10  4.60366237e-21  6.26220853e-23  8.85581504e-20  9.46151308e-20  3.06866088e-08  3.06866088e-08  3.06866088e-08  3.06866088e-08 
 1.17489755e+05  3.56298079e-08  3.56298079e-08  3.22433921e-08  3.22433921e-08  3.61613392e-09  3.61613393e-09  6.23237120e-10  6.23237120e-10  2.21630505e-20  3.55748516e-22  2.14480430e-18  1.21015087e-18  3.56298079e-08  3.56298079e-08  3.56298079e-08  3.56298079e-08  1.81350502e-08  1.81350502e-08  8.82257191e-09  8.82257191e-09  3.54114170e-09  3.54114170e-09  3.79330540e-10  3.79330540e-10  2.03043715e-20  3.47636083e-22  1.98027899e-18  1.01277963e-18  1.81350502e-08  1.81350502e-08  1.81350502e-08  1.81350502e-08  3.06600481e-08  3.06600481e-08  3.09766743e-08  3.09766743e-08  7.32029874e-10  7.32029874e-10  4.93208395e-10  4.93208395e-10  8.87409485e-21  7.54655887e-23  8.23787364e-19  6.62340192e-19  3.06600481e-08  3.06600481e-08  3.06600481e-08  3.06600481e-08 
 1.20226443e+05  3.55090995e-08  3.55090995e-08  3.21867270e-08  3.21867270e-08  3.62639782e-09  3.62639782e-09  6.28161470e-10  6.28161470e-10  1.15732822e-20  1.38827624e-22  1.35504362e-18  7.52208189e-19  3.55090995e-08  3.55090995e-08  3.55090995e-08  3.55090995e-08  1.79442472e-08  1.79442472e-08  8.71368164e-09  8.71368164e-09  3.54977020e-09  3.54977020e-09  3.79554933e-10  3.79554933e-10  1.05862427e-20  1.35602080e-22  1.24930136e-18  6.27692100e-19  1.79442472e-08  1.79442472e-08  1.79442472e-08  1.79442472e-08  3.06322794e-08  3.06322794e-08  3.09486188e-08  3.09486188e-08  7.40944602e-10  7.40944602e-10  4.99214616e-10  4.99214616e-10  4.67171523e-21  2.97228512e-23  5.24754244e-19  4.14488816e-19  3.06322794e-08  3.06322794e-08  3.06322794e-08  3.06322794e-08 
 1.23026877e+05  3.53885717e-08  3.53885717e-08  3.21293899e-08  3.21293899e-08  3.63749550e-09  3.63749550e-09  6.33298984e-10  6.33298984e-10  5.07946235e-21  1.07558592e-22  5.45650440e-19  2.80624595e-19  3.53885717e-08  3.53885717e-08  3.53885717e-08  3.53885717e-08  1.77547056e-08  1.77547056e-08  8.60577369e-09  8.60577369e-09  3.55918039e-09  3.55918039e-09  3.79860644e-10  3.79860644e-10  4.63880595e-21  1.05012672e-22  5.02334863e-19  2.33480346e-19  1.77547056e-08  1.77547056e-08  1.77547056e-08  1.77547056e-08  3.06032497e-08  3.06032497e-08  3.09192893e-08  3.09192893e-08  7.50128212e-10  7.50128212e-10  5.05401995e-10  5.05401995e-10  2.06700116e-21  2.32415895e-23  2.13050258e-19  1.55674142e-19  3.06032497e-08  3.06032497e-08  3.06032497e-08  3.06032497e-08 
 1.25892541e+05  3.52681459e-08  3.52681459e-08  3.20713120e-08  3.20713120e-08  3.64942044e-09  3.64942044e-09  6.38651460e-10  6.38651460e-10  8.29203500e-21  1.92415742e-22  2.89057697e-19  2.06595090e-19  3.52681459e-08  3.52681459e-08  3.52681459e-08  3.52681459e-08  1.75663943e-08  1.75663943e-08  8.49882862e-09  8.49882862e-09  3.56936420e-09  3.56936420e-09  3.80246358e-10  3.80246358e-10  7.56024127e-21  1.87775313e-22  2.65716010e-19  1.71373345e-19  1.75663943e-08  1.75663943e-08  1.75663943e-08  1.75663943e-08  3.05729043e-08  3.05729043e-08  3.08886306e-08  3.08886306e-08  7.59584970e-10  7.59584970e-10  5.11773406e-10  5.11773406e-10  3.40149761e-21  4.19626214e-23  1.13790621e-19  1.15374393e-19  3.05729043e-08  3.05729043e-08  3.05729043e-08  3.05729043e-08 
 1.28824955e+05  3.51477419e-08  3.51477419e-08  3.20124228e-08  3.20124228e-08  3.66216526e-09  3.66216526e-09  6.44220592e-10  6.44220592e-10  2.49429886e-20  5.54672469e-22  1.14611845e-18  7.08251355e-19  3.51477419e-08  3.51477419e-08  3.51477419e-08  3.51477419e-08  1.73792819e-08  1.73792819e-08  8.39282704e-09  8.39282704e-09  3.58031268e-09  3.58031267e-09  3.80710677e-10  3.80710677e-10  2.27044131e-20  5.41043847e-22  1.05197743e-18  5.85722545e-19  1.73792819e-08  1.73792819e-08  1.73792819e-08  1.73792819e-08  3.05411861e-08  3.05411861e-08  3.08565847e-08  3.08565847e-08  7.69318996e-10  7.69318995e-10  5.18331626e-10  5.18331626e-10  1.03144196e-20  1.22083390e-22  4.54878246e-19  3.98160428e-19  3.05411861e-08  3.05411861e-08  3.05411861e-08  3.05411861e-08 
 1.31825674e+05  3.50272771e-08  3.50272771e-08  3.19526494e-08  3.19526494e-08  3.67572168e-09  3.67572168e-09  6.50007957e-10  6.50007957e-10  3.69909642e-20  7.71392730e-22  2.02732573e-18  1.22557195e-18  3.50272771e-08  3.50272771e-08  3.50272771e-08  3.50272771e-08  1.71933370e-08  1.71933370e-08  8.28774958e-09  8.28774958e-09  3.59201598e-09  3.59201598e-09  3.81252115e-10  3.81252115e-10  3.36150328e-20  7.52082694e-22  1.85794737e-18  1.01043185e-18  1.71933370e-08  1.71933370e-08  1.71933370e-08  1.71933370e-08  3.05080357e-08  3.05080357e-08  3.08230920e-08  3.08230920e-08  7.79334245e-10  7.79334245e-10  5.25079319e-10  5.25079319e-10  1.54194206e-20  1.71352211e-22  8.11189186e-19  6.93542660e-19  3.05080357e-08  3.05080357e-08  3.05080357e-08  3.05080357e-08 
 1.34896288e+05  3.49066671e-08  3.49066671e-08  3.18919174e-08  3.18919174e-08  3.69008052e-09  3.69008052e-09  6.56015008e-10  6.56015008e-10  7.64170715e-21  2.03664692e-22  1.96940697e-20  2.77611383e-20  3.49066671e-08  3.49066671e-08  3.49066671e-08  3.49066671e-08  1.70085277e-08  1.70085277e-08  8.18357688e-09  8.18357688e-09  3.60446335e-09  3.60446335e-09  3.81869101e-10  3.81869101e-10  6.93239637e-21  1.98470728e-22  1.80205223e-20  2.28166291e-20  1.70085277e-08  1.70085277e-08  1.70085277e-08  1.70085277e-08  3.04733916e-08  3.04733916e-08  3.07880901e-08  3.07880901e-08  7.89634499e-10  7.89634499e-10  5.32019034e-10  5.32019034e-10  3.21083435e-21  4.56583884e-23  7.94430886e-21  1.58131226e-20  3.04733916e-08  3.04733916e-08  3.04733916e-08  3.04733916e-08 
 1.38038426e+05  3.47858254e-08  3.47858254e-08  3.18301497e-08  3.18301497e-08  3.70523169e-09  3.70523169e-09  6.62243063e-10  6.62243063e-10  2.22798637e-20  2.96006978e-22  1.97856541e-18  1.12727744e-18  3.47858254e-08  3.47858254e-08  3.47858254e-08  3.47858254e-08  1.68248221e-08  1.68248221e-08  8.08028961e-09  8.08028961e-09  3.61764307e-09  3.61764307e-09  3.82559969e-10  3.82559969e-10  2.01778070e-20  2.88315915e-22  1.80756232e-18  9.23577254e-19  1.68248221e-08  1.68248221e-08  1.68248221e-08  1.68248221e-08  3.04371898e-08  3.04371898e-08  3.07515145e-08  3.07515145e-08  8.00223343e-10  8.00223343e-10  5.39153185e-10  5.39153185e-10  9.43644641e-21  6.69719173e-23  8.04603697e-19  6.46307778e-19  3.04371898e-08  3.04371898e-08  3.04371898e-08  3.04371898e-08 
 1.41253754e+05  3.46646631e-08  3.46646631e-08  3.17672673e-08  3.17672673e-08  3.72116409e-09  3.72116409e-09  6.68693292e-10  6.68693292e-10  1.03973434e-20  2.08118724e-22  9.63137723e-19  5.31403501e-19  3.46646631e-08  3.46646631e-08  3.46646631e-08  3.46646631e-08  1.66421881e-08  1.66421881e-08  7.97786847e-09  7.97786847e-09  3.63154245e-09  3.63154245e-09  3.83322964e-10  3.83322964e-10  9.39984971e-21  2.02610258e-22  8.78478241e-19  4.33987376e-19  1.66421881e-08  1.66421881e-08  1.66421881e-08  1.66421881e-08  3.03993640e-08  3.03993640e-08  3.07132981e-08  3.07132981e-08  8.11104152e-10  8.11104152e-10  5.46484047e-10  5.46484047e-10  4.43869623e-21  4.75209973e-23  3.94838737e-19  3.06650199e-19  3.03993640e-08  3.03993640e-08  3.03993640e-08  3.03993640e-08 
 1.44543977e+05  3.45430893e-08  3.45430893e-08  3.17031890e-08  3.17031890e-08  3.73786566e-09  3.73786566e-09  6.75366711e-10  6.75366711e-10  1.44341142e-20  3.58348079e-22  2.57979887e-19  1.87338971e-19  3.45430893e-08  3.45430893e-08  3.45430893e-08  3.45430893e-08  1.64605933e-08  1.64605933e-08  7.87629418e-09  7.87629418e-09  3.64614778e-09  3.64614778e-09  3.84156234e-10  3.84156234e-10  1.30256816e-20  3.48685157e-22  2.34918302e-19  1.52501122e-19  1.64605933e-08  1.64605933e-08  1.64605933e-08  1.64605933e-08  3.03598454e-08  3.03598454e-08  3.06733713e-08  3.06733713e-08  8.22280075e-10  8.22280075e-10  5.54013741e-10  5.54013741e-10  6.21062021e-21  8.25767101e-23  1.06611879e-19  1.08802580e-19  3.03598454e-08  3.03598454e-08  3.03598454e-08  3.03598454e-08 
 1.47910839e+05  3.44210107e-08  3.44210107e-08  3.16378312e-08  3.16378312e-08  3.75532329e-09  3.75532329e-09  6.82264164e-10  6.82264164e-10  1.94602782e-20  2.69544373e-22  1.32588914e-18  8.18652749e-19  3.44210107e-08  3.44210107e-08  3.44210107e-08  3.44210107e-08  1.62800051e-08  1.62800051e-08  7.77554752e-09  7.77554752e-09  3.66144434e-09  3.66144434e-09  3.85057833e-10  3.85057833e-10  1.75301977e-20  2.62139616e-22  1.20535536e-18  6.64230331e-19  1.62800051e-08  1.62800051e-08  1.62800051e-08  1.62800051e-08  3.03185625e-08  3.03185625e-08  3.06316621e-08  3.06316621e-08  8.33754012e-10  8.33754012e-10  5.61744222e-10  5.61744222e-10  8.43958964e-21  6.26840105e-23  5.52336634e-19  4.78503211e-19  3.03185625e-08  3.03185625e-08  3.03185625e-08  3.03185625e-08 
 1.51356125e+05  3.42983317e-08  3.42983317e-08  3.15711077e-08  3.15711077e-08  3.77352282e-09  3.77352282e-09  6.89386315e-10  6.89386315e-10  4.30621333e-20  7.85966924e-22  2.42465873e-18  1.46951473e-18  3.42983317e-08  3.42983317e-08  3.42983317e-08  3.42983317e-08  1.61003907e-08  1.61003907e-08  7.67560926e-09  7.67560926e-09  3.67741634e-09  3.67741634e-09  3.86025715e-10  3.86025715e-10  3.87196057e-20  7.63971521e-22  2.20051201e-18  1.18836190e-18  1.61003907e-08  1.61003907e-08  1.61003907e-08  1.61003907e-08  3.02754415e-08  3.02754415e-08  3.05880957e-08  3.05880957e-08  8.45528598e-10  8.45528598e-10  5.69677265e-10  5.69677265e-10  1.88219858e-20  1.84459610e-22  1.01815170e-18  8.64400227e-19  3.02754415e-08  3.02754415e-08  3.02754415e-08  3.02754415e-08 
 1.54881662e+05  3.41749542e-08  3.41749542e-08  3.15029301e-08  3.15029301e-08  3.79244899e-09  3.79244899e-09  6.96733631e-10  6.96733631e-10  1.90018636e-20  3.97154267e-22  7.67207856e-19  4.89211416e-19  3.41749542e-08  3.41749542e-08  3.41749542e-08  3.41749542e-08  1.59217172e-08  1.59217172e-08  7.57646024e-09  7.57646024e-09  3.69404689e-09  3.69404689e-09  3.87057734e-10  3.87057734e-10  1.70536275e-20  3.85832094e-22  6.95087692e-19  3.94283650e-19  1.59217172e-08  1.59217172e-08  1.59217172e-08  1.59217172e-08  3.02304057e-08  3.02304057e-08  3.05425948e-08  3.05425948e-08  8.57606184e-10  8.57606184e-10  5.77814453e-10  5.77814453e-10  8.37049783e-21  9.40637885e-23  3.24734435e-19  2.89584240e-19  3.02304057e-08  3.02304057e-08  3.02304057e-08  3.02304057e-08 
 1.58489319e+05  3.40507779e-08  3.40507779e-08  3.14332076e-08  3.14332076e-08  3.81208543e-09  3.81208543e-09  7.04306372e-10  7.04306372e-10  7.75919307e-21  7.78510109e-23  8.07483619e-19  4.44539219e-19  3.40507779e-08  3.40507779e-08  3.40507779e-08  3.40507779e-08  1.57439514e-08  1.57439514e-08  7.47808134e-09  7.47808134e-09  3.71131800e-09  3.71131800e-09  3.88151640e-10  3.88151640e-10  6.95082719e-21  7.55901847e-23  7.30300781e-19  3.57059990e-19  1.57439514e-08  1.57439514e-08  1.57439514e-08  1.57439514e-08  3.01833759e-08  3.01833759e-08  3.04950793e-08  3.04950793e-08  8.69988812e-10  8.69988812e-10  5.86157163e-10  5.86157163e-10  3.44485547e-21  1.86075641e-23  3.44501019e-19  2.64793513e-19  3.01833759e-08  3.01833759e-08  3.01833759e-08  3.01833759e-08 
 1.62181010e+05  3.39256999e-08  3.39256999e-08  3.13618465e-08  3.13618465e-08  3.83241459e-09  3.83241459e-09  7.12104577e-10  7.12104577e-10  1.09564790e-20  2.15929923e-22  4.39984655e-19  2.95748233e-19  3.39256999e-08  3.39256999e-08  3.39256999e-08  3.39256999e-08  1.55670602e-08  1.55670602e-08  7.38045349e-09  7.38045349e-09  3.72921050e-09  3.72921050e-09  3.89305079e-10  3.89305078e-10  9.79563899e-21  2.09541998e-22  3.97223530e-19  2.36730158e-19  1.55670602e-08  1.55670602e-08  1.55670602e-08  1.55670602e-08  3.01342700e-08  3.01342700e-08  3.04454663e-08  3.04454663e-08  8.82678195e-10  8.82678195e-10  5.94706548e-10  5.94706548e-10  4.90193204e-21  5.20829048e-23  1.89201124e-19  1.77263672e-19  3.01342700e-08  3.01342700e-08  3.01342700e-08  3.01342700e-08 
 1.65958691e+05  3.37996147e-08  3.37996147e-08  3.12887509e-08  3.12887509e-08  3.85341774e-09  3.85341774e-09  7.20128042e-10  7.20128042e-10  3.26590748e-20  5.58963639e-22  1.72342463e-18  1.05962242e-18  3.37996147e-08  3.37996147e-08  3.37996147e-08  3.37996147e-08  1.53910100e-08  1.53910100e-08  7.28355768e-09  7.28355768e-09  3.74770406e-09  3.74770406e-09  3.90515589e-10  3.90515589e-10  2.91420757e-20  5.42118915e-22  1.55312667e-18  8.45209155e-19  1.53910100e-08  1.53910100e-08  1.53910100e-08  1.53910100e-08  3.00830033e-08  3.00830033e-08  3.03936702e-08  3.03936702e-08  8.95675695e-10  8.95675695e-10  6.03463527e-10  6.03463527e-10  1.47249896e-20  1.36056306e-22  7.46957039e-19  6.39043389e-19  3.00830033e-08  3.00830033e-08  3.00830033e-08  3.00830033e-08 
 1.69824365e+05  3.36724144e-08  3.36724144e-08  3.12138221e-08  3.12138221e-08  3.87507491e-09  3.87507491e-09  7.28376314e-10  7.28376314e-10  1.33553099e-20  2.98870363e-22  3.56739178e-19  2.46382954e-19  3.36724144e-08  3.36724144e-08  3.36724144e-08  3.36724144e-08  1.52157673e-08  1.52157673e-08  7.18737496e-09  7.18737496e-09  3.76677713e-09  3.76677713e-09  3.91780600e-10  3.91780600e-10  1.18932384e-20  2.89696029e-22  3.20900314e-19  1.95833296e-19  1.52157673e-08  1.52157673e-08  1.52157673e-08  1.52157673e-08  3.00294882e-08  3.00294882e-08  3.03396024e-08  3.03396024e-08  9.08982295e-10  9.08982295e-10  6.12428762e-10  6.12428762e-10  6.06784727e-21  7.34119328e-23  1.55832805e-19  1.49503957e-19  3.00294882e-08  3.00294882e-08  3.00294882e-08  3.00294882e-08 
 1.73780083e+05  3.35439885e-08  3.35439885e-08  3.11369586e-08  3.11369586e-08  3.89736486e-09  3.89736486e-09  7.36848667e-10  7.36848667e-10  1.02624974e-20  8.62928101e-23  9.20449539e-19  5.16319261e-19  3.35439885e-08  3.35439885e-08  3.35439885e-08  3.35439885e-08  1.50412986e-08  1.50412986e-08  7.09188647e-09  7.09188647e-09  3.78640689e-09  3.78640689e-09  3.93097429e-10  3.93097429e-10  9.12112566e-21  8.35945054e-23  8.26440377e-19  4.08919788e-19  1.50412986e-08  1.50412986e-08  1.50412986e-08  1.50412986e-08  2.99736342e-08  2.99736342e-08  3.02831716e-08  3.02831716e-08  9.22598579e-10  9.22598579e-10  6.21602646e-10  6.21602646e-10  4.69875665e-21  2.13895599e-23  4.05228771e-19  3.15213116e-19  2.99736342e-08  2.99736342e-08  2.99736342e-08  2.99736342e-08 
 1.77827941e+05  3.34142238e-08  3.34142238e-08  3.10580565e-08  3.10580565e-08  3.92026504e-09  3.92026504e-09  7.45544087e-10  7.45544087e-10  1.49237601e-20  3.02098561e-22  5.22223397e-19  3.45235459e-19  3.34142238e-08  3.34142238e-08  3.34142238e-08  3.34142238e-08  1.48675699e-08  1.48675699e-08  6.99707343e-09  6.99707343e-09  3.80656927e-09  3.80656927e-09  3.94463277e-10  3.94463277e-10  1.32361618e-20  2.92476588e-22  4.68001648e-19  2.72433260e-19  1.48675699e-08  1.48675699e-08  1.48675699e-08  1.48675699e-08  2.99153480e-08  2.99153480e-08  3.02242835e-08  3.02242835e-08  9.36524701e-10  9.36524701e-10  6.30985283e-10  6.30985283e-10  6.88488326e-21  7.55640494e-23  2.31705385e-19  2.12044143e-19  2.99153480e-08  2.99153480e-08  2.99153480e-08  2.99153480e-08 
 1.81970086e+05  3.32830047e-08  3.32830047e-08  3.09770090e-08  3.09770090e-08  3.94375155e-09  3.94375155e-09  7.54461254e-10  7.54461254e-10  3.77269192e-20  5.65532265e-22  2.00533054e-18  1.23348859e-18  3.32830047e-08  3.32830047e-08  3.32830047e-08  3.32830047e-08  1.46945476e-08  1.46945476e-08  6.90291717e-09  6.90291717e-09  3.82723885e-09  3.82723885e-09  3.95875231e-10  3.95875231e-10  3.33918095e-20  5.47184479e-22  1.79367475e-18  9.69807890e-19  1.46945476e-08  1.46945476e-08  1.46945476e-08  1.46945476e-08  2.98545336e-08  2.98545336e-08  3.01628410e-08  3.01628410e-08  9.50760360e-10  9.50760360e-10  6.40576470e-10  6.40576470e-10  1.75377740e-20  1.42744008e-22  8.96669589e-19  7.62170029e-19  2.98545336e-08  2.98545336e-08  2.98545336e-08  2.98545336e-08 
 1.86208714e+05  3.31502129e-08  3.31502129e-08  3.08937068e-08  3.08937068e-08  3.96779909e-09  3.96779909e-09  7.63598523e-10  7.63598523e-10  2.29209820e-20  3.60234413e-22  1.10718076e-18  6.96870817e-19  3.31502129e-08  3.31502129e-08  3.31502129e-08  3.31502129e-08  1.45221978e-08  1.45221978e-08  6.80939912e-09  6.80939912e-09  3.84838888e-09  3.84838888e-09  3.97330258e-10  3.97330258e-10  2.02443425e-20  3.48330182e-22  9.88393611e-19  5.45870377e-19  1.45221978e-08  1.45221978e-08  1.45221978e-08  1.45221978e-08  2.97910917e-08  2.97910917e-08  3.00987440e-08  3.00987440e-08  9.65304768e-10  9.65304768e-10  6.50375677e-10  6.50375677e-10  1.07358934e-20  9.17519331e-23  4.98905940e-19  4.33167317e-19  2.97910917e-08  2.97910917e-08  2.97910917e-08  2.97910917e-08 
 1.90546072e+05  3.30157275e-08  3.30157275e-08  3.08080377e-08  3.08080377e-08  3.99238095e-09  3.99238095e-09  7.72953905e-10  7.72953905e-10  8.31974221e-21  1.89446189e-22  1.41634225e-19  1.16857991e-19  3.30157275e-08  3.30157275e-08  3.30157275e-08  3.30157275e-08  1.43504868e-08  1.43504868e-08  6.71650087e-09  6.71650087e-09  3.86999123e-09  3.86999123e-09  3.98825202e-10  3.98825202e-10  7.33227327e-21  1.83069842e-22  1.26188605e-19  9.11933297e-20  1.43504868e-08  1.43504868e-08  1.43504868e-08  1.43504868e-08  2.97249207e-08  2.97249207e-08  3.00318895e-08  3.00318895e-08  9.80156626e-10  9.80156626e-10  6.60382027e-10  6.60382027e-10  3.92620668e-21  4.86901288e-23  6.43144980e-20  7.30683377e-20  2.97249207e-08  2.97249207e-08  2.97249207e-08  2.97249207e-08 
 1.94984460e+05  3.28794253e-08  3.28794253e-08  3.07198869e-08  3.07198869e-08  4.01746892e-09  4.01746892e-09  7.82525044e-10  7.82525044e-10  3.66849071e-20  5.54666815e-22  1.79678819e-18  1.11339095e-18  3.28794253e-08  3.28794253e-08  3.28794253e-08  3.28794253e-08  1.41793808e-08  1.41793808e-08  6.62420413e-09  6.62420413e-09  3.89201630e-09  3.89201630e-09  4.00356784e-10  4.00356784e-10  3.22614367e-20  5.35651103e-22  1.59762940e-18  8.65566449e-19  1.41793808e-08  1.41793808e-08  1.41793808e-08  1.41793808e-08  2.96559156e-08  2.96559156e-08  2.99621718e-08  2.99621718e-08  9.95314087e-10  9.95314087e-10  6.70594278e-10  6.70594278e-10  1.74428811e-20  1.43848759e-22  8.22175988e-19  7.00271688e-19  2.96559156e-08  2.96559156e-08  2.96559156e-08  2.96559156e-08 
 1.99526231e+05  3.27411801e-08  3.27411801e-08  3.06291370e-08  3.06291370e-08  4.04303329e-09  4.04303329e-09  7.92309198e-10  7.92309198e-10  2.77844420e-20  5.26631711e-22  9.93583285e-19  6.30197878e-19  3.27411801e-08  3.27411801e-08  3.27411801e-08  3.27411801e-08  1.40088462e-08  1.40088462e-08  6.53249081e-09  6.53249081e-09  3.91443309e-09  3.91443309e-09  4.01921598e-10  4.01921598e-10  2.43799569e-20  5.08243151e-22  8.81652043e-19  4.88043248e-19  1.40088462e-08  1.40088462e-08  1.40088462e-08  1.40088462e-08  2.95839689e-08  2.95839689e-08  2.98894821e-08  2.98894821e-08  1.01077473e-09  1.01077473e-09  6.81010795e-10  6.81010795e-10  1.33096749e-20  1.37814734e-22  4.58127080e-19  3.98680012e-19  2.95839689e-08  2.95839689e-08  2.95839689e-08  2.95839689e-08 
 2.04173794e+05  3.26008637e-08  3.26008637e-08  3.05356679e-08  3.05356679e-08  4.06904277e-09  4.06904277e-09  8.02303216e-10  8.02303216e-10  1.08523975e-20  2.24662184e-22  2.85193011e-19  2.03617945e-19  3.26008637e-08  3.26008637e-08  3.26008637e-08  3.26008637e-08  1.38388494e-08  1.38388494e-08  6.44134297e-09  6.44134297e-09  3.93720907e-09  3.93720907e-09  4.03516110e-10  4.03516110e-10  9.50123763e-21  2.16672534e-22  2.52541062e-19  1.57074818e-19  1.38388494e-08  1.38388494e-08  1.38388494e-08  1.38388494e-08  2.95089702e-08  2.95089702e-08  2.98137089e-08  2.98137089e-08  1.02653551e-09  1.02653551e-09  6.91629533e-10  6.91629533e-10  5.23738735e-21  5.93236657e-23  1.32501486e-19  1.29560531e-19  2.95089702e-08  2.95089702e-08  2.95089702e-08  2.95089702e-08 
 2.08929613e+05  3.24583454e-08  3.24583454e-08  3.04393570e-08  3.04393570e-08  4.09546448e-09  4.09546448e-09  8.12503516e-10  8.12503516e-10  4.28709106e-20  5.57101066e-22  2.12820604e-18  1.31766728e-18  3.24583454e-08  3.24583454e-08  3.24583454e-08  3.24583454e-08  1.36693572e-08  1.36693572e-08  6.35074292e-09  6.35074292e-09  3.96031018e-09  3.96031018e-09  4.05136654e-10  4.05136654e-10  3.74491074e-20  5.36921792e-22  1.88058612e-18  1.01247859e-18  1.36693572e-08  1.36693572e-08  1.36693572e-08  1.36693572e-08  2.94308065e-08  2.94308065e-08  2.97347380e-08  2.97347380e-08  1.04259275e-09  1.04259275e-09  7.02448013e-10  7.02448012e-10  2.08437563e-20  1.48434600e-22  9.96281284e-19  8.43241558e-19  2.94308065e-08  2.94308065e-08  2.94308065e-08  2.94308065e-08 
 2.13796209e+05  3.23134920e-08  3.23134920e-08  3.03400793e-08  3.03400793e-08  4.12226389e-09  4.12226389e-09  8.22906060e-10  8.22906060e-10  1.13992641e-20  9.29348148e-23  8.35085879e-19  4.75268867e-19  3.23134920e-08  3.23134920e-08  3.23134920e-08  3.23134920e-08  1.35003365e-08  1.35003365e-08  6.26067320e-09  6.26067320e-09  3.98370081e-09  3.98370081e-09  4.06779430e-10  4.06779430e-10  9.93499787e-21  8.95066664e-23  7.36348193e-19  3.63738588e-19  1.35003365e-08  1.35003365e-08  1.35003365e-08  1.35003365e-08  2.93493620e-08  2.93493620e-08  2.96524524e-08  2.96524524e-08  1.05894210e-09  1.05894210e-09  7.13463294e-10  7.13463294e-10  5.58344565e-21  2.49850084e-23  3.93887293e-19  3.05883134e-19  2.93493620e-08  2.93493620e-08  2.93493620e-08  2.93493620e-08 
 2.18776162e+05  3.21661683e-08  3.21661683e-08  3.02377073e-08  3.02377073e-08  4.14940478e-09  4.14940478e-09  8.33506333e-10  8.33506333e-10  2.99382972e-20  4.19363224e-22  1.30486040e-18  8.21698351e-19  3.21661683e-08  3.21661683e-08  3.21661683e-08  3.21661683e-08  1.33317546e-08  1.33317546e-08  6.17111660e-09  6.17111660e-09  4.00734375e-09  4.00734375e-09  4.08440504e-10  4.08440504e-10  2.60305797e-20  4.03607431e-22  1.14808651e-18  6.26343594e-19  1.33317546e-08  1.33317546e-08  1.33317546e-08  1.33317546e-08  2.92645185e-08  2.92645185e-08  2.95667327e-08  2.95667327e-08  1.07557846e-09  1.07557846e-09  7.24671956e-10  7.24671956e-10  1.47712876e-20  1.13758346e-22  6.20102323e-19  5.31837301e-19  2.92645185e-08  2.92645185e-08  2.92645185e-08  2.92645185e-08 
 2.23872114e+05  3.20162369e-08  3.20162369e-08  3.01321112e-08  3.01321112e-08  4.17684920e-09  4.17684920e-09  8.44299314e-10  8.44299313e-10  2.41948499e-20  3.58819446e-22  9.67768099e-19  6.17754211e-19  3.20162369e-08  3.20162369e-08  3.20162369e-08  3.20162369e-08  1.31635792e-08  1.31635792e-08  6.08205622e-09  6.08205622e-09  4.03120015e-09  4.03120015e-09  4.10115805e-10  4.10115805e-10  2.09867782e-20  3.45090045e-22  8.49622759e-19  4.68971420e-19  1.31635792e-08  1.31635792e-08  1.31635792e-08  1.31635792e-08  2.91761552e-08  2.91761552e-08  2.94774569e-08  2.94774569e-08  1.09249602e-09  1.09249602e-09  7.36070068e-10  7.36070068e-10  1.20248671e-20  9.82101893e-23  4.63356098e-19  4.02080056e-19  2.91761552e-08  2.91761552e-08  2.91761552e-08  2.91761552e-08 
 2.29086765e+05  3.18635585e-08  3.18635585e-08  3.00231592e-08  3.00231592e-08  4.20455742e-09  4.20455742e-09  8.55279454e-10  8.55279454e-10  1.85100219e-20  2.56791507e-22  7.32389016e-19  4.75465443e-19  3.18635585e-08  3.18635585e-08  3.18635585e-08  3.18635585e-08  1.29957783e-08  1.29957783e-08  5.99347548e-09  5.99347548e-09  4.05522952e-09  4.05522952e-09  4.11801120e-10  4.11801120e-10  1.60170682e-20  2.46785096e-22  6.41544190e-19  3.59467990e-19  1.29957783e-08  1.29957783e-08  1.29957783e-08  1.29957783e-08  2.90841493e-08  2.90841493e-08  2.93845007e-08  2.93845007e-08  1.10968813e-09  1.10968813e-09  7.47653164e-10  7.47653164e-10  9.26653859e-21  7.09158061e-23  3.53276966e-19  3.11190534e-19  2.90841493e-08  2.90841493e-08  2.90841493e-08  2.90841493e-08 
 2.34422882e+05  3.17079921e-08  3.17079921e-08  2.99107174e-08  2.99107174e-08  4.23248791e-09  4.23248791e-09  8.66440652e-10  8.66440652e-10  1.57682938e-20  2.15626018e-22  6.01971675e-19  3.96225072e-19  3.17079921e-08  3.17079921e-08  3.17079921e-08  3.17079921e-08  1.28283206e-08  1.28283206e-08  5.90535819e-09  5.90535819e-09  4.07938967e-09  4.07938967e-09  4.13492101e-10  4.13492101e-10  1.36112467e-20  2.07069239e-22  5.26109599e-19  2.98314202e-19  1.28283206e-08  1.28283206e-08  1.28283206e-08  1.28283206e-08  2.89883754e-08  2.89883754e-08  2.92877378e-08  2.92877378e-08  1.12714734e-09  1.12714734e-09  7.59416221e-10  7.59416221e-10  7.95119528e-21  6.00813530e-23  2.92526336e-19  2.60759467e-19  2.89883754e-08  2.89883754e-08  2.89883754e-08  2.89883754e-08 
 2.39883292e+05  3.15493950e-08  3.15493950e-08  2.97946503e-08  2.97946503e-08  4.26059729e-09  4.26059729e-09  8.77776226e-10  8.77776226e-10  1.79972625e-20  2.89563737e-22  5.77083178e-19  3.81123838e-19  3.15493950e-08  3.15493950e-08  3.15493950e-08  3.15493950e-08  1.26611754e-08  1.26611754e-08  5.81768851e-09  5.81768851e-09  4.10363670e-09  4.10363670e-09  4.15184255e-10  4.15184255e-10  1.54966464e-20  2.77862049e-22  5.03198508e-19  2.85738563e-19  1.26611754e-08  1.26611754e-08  1.26611754e-08  1.26611754e-08  2.88887065e-08  2.88887065e-08  2.91870396e-08  2.91870396e-08  1.14486533e-09  1.14486533e-09  7.71353628e-10  7.71353628e-10  9.14054809e-21  8.14054255e-23  2.82506269e-19  2.52194151e-19  2.88887065e-08  2.88887065e-08  2.88887065e-08  2.88887065e-08 
 2.45470892e+05  3.13876234e-08  3.13876234e-08  2.96748207e-08  2.96748207e-08  4.28884032e-09  4.28884032e-09  8.89278890e-10  8.89278890e-10  2.21437689e-20  3.16424169e-22  8.00822651e-19  5.18329230e-19  3.13876234e-08  3.13876234e-08  3.13876234e-08  3.13876234e-08  1.24943127e-08  1.24943127e-08  5.73045109e-09  5.73045109e-09  4.12792499e-09  4.12792499e-09  4.16872947e-10  4.16872947e-10  1.90191952e-20  3.03402280e-22  6.96663787e-19  3.86953887e-19  1.24943127e-08  1.24943127e-08  1.24943127e-08  1.24943127e-08  2.87850139e-08  2.87850139e-08  2.90822761e-08  2.90822761e-08  1.16283286e-09  1.16283286e-09  7.83459163e-10  7.83459163e-10  1.13273065e-20  8.97517565e-23  3.94922594e-19  3.44846139e-19  2.87850139e-08  2.87850139e-08  2.87850139e-08  2.87850139e-08 
 2.51188643e+05  3.12225320e-08  3.12225320e-08  2.95510900e-08  2.95510900e-08  4.31716984e-09  4.31716984e-09  9.00940726e-10  9.00940726e-10  2.20567408e-20  1.34581716e-22  1.26320386e-18  7.44610524e-19  3.12225320e-08  3.12225320e-08  3.12225320e-08  3.12225320e-08  1.23277034e-08  1.23277034e-08  5.64363103e-09  5.64363103e-09  4.15220718e-09  4.15220718e-09  4.18553404e-10  4.18553404e-10  1.88968448e-20  1.28941460e-22  1.09630486e-18  5.53494631e-19  1.23277034e-08  1.23277034e-08  1.23277034e-08  1.23277034e-08  2.86771670e-08  2.86771670e-08  2.89733155e-08  2.89733155e-08  1.18103975e-09  1.18103975e-09  7.95725965e-10  7.95725965e-10  1.13638060e-20  3.85138293e-23  6.27509180e-19  4.98057594e-19  2.86771670e-08  2.86771670e-08  2.86771670e-08  2.86771670e-08 
 2.57039578e+05  3.10539750e-08  3.10539750e-08  2.94233186e-08  2.94233186e-08  4.34553676e-09  4.34553676e-09  9.12753162e-10  9.12753162e-10  1.57623335e-20  1.16029267e-22  9.39474736e-19  5.47872343e-19  3.10539750e-08  3.10539750e-08  3.10539750e-08  3.10539750e-08  1.21613190e-08  1.21613190e-08  5.55721397e-09  5.55721397e-09  4.17643414e-09  4.17643414e-09  4.20220707e-10  4.20220707e-10  1.34693241e-20  1.11078229e-22  8.13390141e-19  4.05484506e-19  1.21613190e-08  1.21613190e-08  1.21613190e-08  1.21613190e-08  2.85650345e-08  2.85650345e-08  2.88600249e-08  2.88600249e-08  1.19947483e-09  1.19947483e-09  8.08146507e-10  8.08146507e-10  8.17862545e-21  3.35006368e-23  4.70097184e-19  3.68417642e-19  2.85650345e-08  2.85650345e-08  2.85650345e-08  2.85650345e-08 
 2.63026799e+05  3.08818060e-08  3.08818060e-08  2.92913663e-08  2.92913663e-08  4.37389007e-09  4.37389007e-09  9.24706946e-10  9.24706946e-10  8.01400355e-21  8.24318408e-23  5.05840511e-19  2.82499117e-19  3.08818060e-08  3.08818060e-08  3.08818060e-08  3.08818060e-08  1.19951326e-08  1.19951326e-08  5.47118612e-09  5.47118612e-09  4.20055499e-09  4.20055499e-09  4.21869799e-10  4.21869799e-10  6.83025123e-21  7.88501677e-23  4.36885934e-19  2.08162504e-19  1.19951326e-08  1.19951326e-08  1.19951326e-08  1.19951326e-08  2.84484837e-08  2.84484837e-08  2.87422704e-08  2.87422704e-08  1.21812589e-09  1.21812589e-09  8.20712574e-10  8.20712574e-10  4.18765787e-21  2.40119117e-23  2.54951052e-19  1.90971543e-19  2.84484837e-08  2.84484837e-08  2.84484837e-08  2.84484837e-08 
 2.69153480e+05  3.07058786e-08  3.07058786e-08  2.91550923e-08  2.91550923e-08  4.40217677e-09  4.40217677e-09  9.36792120e-10  9.36792120e-10  3.99449798e-20  2.32874048e-22  1.99870424e-18  1.20170528e-18  3.07058786e-08  3.07058786e-08  3.07058786e-08  3.07058786e-08  1.18291179e-08  1.18291179e-08  5.38553431e-09  5.38553431e-09  4.22451707e-09  4.22451707e-09  4.23495484e-10  4.23495484e-10  3.39534513e-20  2.22568638e-22  1.72198059e-18  8.81563781e-19  1.18291179e-08  1.18291179e-08  1.18291179e-08  1.18291179e-08  2.83273815e-08  2.83273815e-08  2.86199176e-08  2.86199176e-08  1.23697969e-09  1.23697969e-09  8.33415234e-10  8.33415234e-10  2.10193093e-20  6.84365464e-23  1.01465172e-18  8.16619776e-19  2.83273815e-08  2.83273815e-08  2.83273815e-08  2.83273815e-08 
 2.75422870e+05  3.05260464e-08  3.05260464e-08  2.90143557e-08  2.90143557e-08  4.43034193e-09  4.43034193e-09  9.48998000e-10  9.48998000e-10  2.54026310e-20  1.43594929e-22  1.31390410e-18  7.82026884e-19  3.05260464e-08  3.05260464e-08  3.05260464e-08  3.05260464e-08  1.16632503e-08  1.16632503e-08  5.30024605e-09  5.30024605e-09  4.24826601e-09  4.24826601e-09  4.25092429e-10  4.25092429e-10  2.15342215e-20  1.37124995e-22  1.12915382e-18  5.71120338e-19  1.16632503e-08  1.16632503e-08  1.16632503e-08  1.16632503e-08  2.82015947e-08  2.82015947e-08  2.84928318e-08  2.84928318e-08  1.25602187e-09  1.25602187e-09  8.46244816e-10  8.46244816e-10  1.34605774e-20  4.25736358e-23  6.71802868e-19  5.34187572e-19  2.82015947e-08  2.82015947e-08  2.82015947e-08  2.82015947e-08 
 2.81838293e+05  3.03421638e-08  3.03421638e-08  2.88690162e-08  2.88690162e-08  4.45832866e-09  4.45832866e-09  9.61313152e-10  9.61313152e-10  1.09532193e-20  1.23617588e-22  5.15083889e-19  2.90395093e-19  3.03421638e-08  3.03421638e-08  3.03421638e-08  3.03421638e-08  1.14975064e-08  1.14975064e-08  5.21530960e-09  5.21530960e-09  4.27174566e-09  4.27174566e-09  4.26655167e-10  4.26655167e-10  9.25969452e-21  1.17946435e-22  4.41531244e-19  2.11117956e-19  1.14975064e-08  1.14975064e-08  1.14975064e-08  1.14975064e-08  2.80709901e-08  2.80709901e-08  2.83608784e-08  2.83608784e-08  1.27523695e-09  1.27523695e-09  8.59190885e-10  8.59190885e-10  5.84428215e-21  3.69750641e-23  2.65246820e-19  1.99384469e-19  2.80709901e-08  2.80709901e-08  2.80709901e-08  2.80709901e-08 
 2.88403150e+05  3.01540862e-08  3.01540862e-08  2.87189343e-08  2.87189343e-08  4.48607809e-09  4.48607809e-09  9.73725375e-10  9.73725375e-10  3.49120406e-20  1.80524733e-22  1.69630454e-18  1.02170352e-18  3.01540862e-08  3.01540862e-08  3.01540862e-08  3.01540862e-08  1.13318644e-08  1.13318644e-08  5.13071398e-09  5.13071398e-09  4.29489821e-09  4.29489821e-09  4.28178104e-10  4.28178104e-10  2.94325936e-20  1.72091956e-22  1.45032558e-18  7.39384764e-19  1.13318644e-08  1.13318644e-08  1.13318644e-08  1.13318644e-08  2.79354352e-08  2.79354352e-08  2.82239235e-08  2.82239235e-08  1.29460826e-09  1.29460826e-09  8.72242223e-10  8.72242223e-10  1.87569858e-20  5.44734258e-23  8.79739822e-19  7.05077167e-19  2.79354352e-08  2.79354352e-08  2.79354352e-08  2.79354352e-08 
 2.95120923e+05  2.99616709e-08  2.99616709e-08  2.85639716e-08  2.85639716e-08  4.51352949e-09  4.51352949e-09  9.86221676e-10  9.86221676e-10  1.33607113e-20  3.42361403e-22  5.06321580e-19  2.87172073e-19  2.99616709e-08  2.99616709e-08  2.99616709e-08  2.99616709e-08  1.11663044e-08  1.11663044e-08  5.04644907e-09  5.04644907e-09  4.31766415e-09  4.31766415e-09  4.29655519e-10  4.29655519e-10  1.12314367e-20  3.26081700e-22  4.31767899e-19  2.06860353e-19  1.11663044e-08  1.11663044e-08  1.11663044e-08  1.11663044e-08  2.77947986e-08  2.77947986e-08  2.80818346e-08  2.80818346e-08  1.31411798e-09  1.31411798e-09  8.85386807e-10  8.85386807e-10  7.22719596e-21  1.04219874e-22  2.64447275e-19  1.99178940e-19  2.77947986e-08  2.77947986e-08  2.77947986e-08  2.77947986e-08 
 3.01995172e+05  2.97647772e-08  2.97647772e-08  2.84039917e-08  2.84039917e-08  4.54062019e-09  4.54062019e-09  9.98788264e-10  9.98788264e-10  2.87644323e-20  1.57485869e-22  1.37718063e-18  8.27696805e-19  2.97647772e-08  2.97647772e-08  2.97647772e-08  2.97647772e-08  1.10008080e-08  1.10008080e-08  4.96250567e-09  4.96250567e-09  4.33998237e-09  4.33998237e-09  4.31081576e-10  4.31081576e-10  2.41127681e-20  1.49860607e-22  1.17128056e-18  5.93438212e-19  1.10008080e-08  1.10008080e-08  1.10008080e-08  1.10008080e-08  2.76489507e-08  2.76489507e-08  2.79344805e-08  2.79344805e-08  1.33374703e-09  1.33374703e-09  8.98611792e-10  8.98611792e-10  1.56668463e-20  4.83628185e-23  7.24352027e-19  5.76954628e-19  2.76489507e-08  2.76489507e-08  2.76489507e-08  2.76489507e-08 
 3.09029543e+05  2.95632670e-08  2.95632670e-08  2.82388609e-08  2.82388609e-08  4.56728572e-09  4.56728572e-09  1.01141053e-09  1.01141053e-09  6.12750190e-21  1.61088193e-22  5.70237624e-20  9.26619874e-21  2.95632670e-08  2.95632670e-08  2.95632670e-08  2.95632670e-08  1.08353591e-08  1.08353591e-08  4.87887556e-09  4.87887556e-09  4.36179020e-09  4.36179020e-09  4.32450327e-10  4.32450327e-10  5.12125698e-21  1.53147865e-22  4.83677356e-20  6.61233209e-21  1.08353591e-08  1.08353591e-08  1.08353591e-08  1.08353591e-08  2.74977640e-08  2.74977640e-08  2.77817324e-08  2.77817324e-08  1.35347510e-09  1.35347510e-09  9.11903497e-10  9.11903497e-10  3.35978188e-21  4.99039661e-23  3.02026118e-20  6.49113753e-21  2.74977640e-08  2.74977640e-08  2.74977640e-08  2.74977640e-08 
 3.16227766e+05  2.93570058e-08  2.93570058e-08  2.80684480e-08  2.80684480e-08  4.59345980e-09  4.59345980e-09  1.02407303e-09  1.02407303e-09  9.07535802e-21  1.05727424e-22  4.80128309e-19  2.73001236e-19  2.93570058e-08  2.93570058e-08  2.93570058e-08  2.93570058e-08  1.06699438e-08  1.06699438e-08  4.79555153e-09  4.79555153e-09  4.38302347e-09  4.38302347e-09  4.33755721e-10  4.33755721e-10  7.56361026e-21  1.00421963e-22  4.06135229e-19  1.93885931e-19  1.06699438e-08  1.06699438e-08  1.06699438e-08  1.06699438e-08  2.73411137e-08  2.73411137e-08  2.76234644e-08  2.76234644e-08  1.37328064e-09  1.37328064e-09  9.25247388e-10  9.25247388e-10  5.01029915e-21  3.30409727e-23  2.56070416e-19  1.92181885e-19  2.73411137e-08  2.73411137e-08  2.73411137e-08  2.73411137e-08 
 3.23593657e+05  2.91458632e-08  2.91458632e-08  2.78926261e-08  2.78926261e-08  4.61907449e-09  4.61907449e-09  1.03675949e-09  1.03675949e-09  1.79453171e-20  1.64460562e-22  8.57985543e-19  5.09238206e-19  2.91458632e-08  2.91458632e-08  2.91458632e-08  2.91458632e-08  1.05045504e-08  1.05045504e-08  4.71252751e-09  4.71252751e-09  4.40361665e-09  4.40361665e-09  4.34991618e-10  4.34991618e-10  1.49115195e-20  1.56059072e-22  7.23752784e-19  3.59924102e-19  1.05045504e-08  1.05045504e-08  1.05045504e-08  1.05045504e-08  2.71788789e-08  2.71788789e-08  2.74595541e-08  2.74595541e-08  1.39314078e-09  1.39314078e-09  9.38628076e-10  9.38628076e-10  9.97370261e-21  5.18457471e-23  4.60764480e-19  3.60227682e-19  2.71788789e-08  2.71788789e-08  2.71788789e-08  2.71788789e-08 
 3.31131121e+05  2.89297133e-08  2.89297133e-08  2.77112723e-08  2.77112723e-08  4.64406021e-09  4.64406021e-09  1.04945281e-09  1.04945281e-09  2.58395044e-20  1.51204403e-22  8.83219157e-19  5.75502172e-19  2.89297133e-08  2.89297133e-08  2.89297133e-08  2.89297133e-08  1.03391698e-08  1.03391698e-08  4.62979859e-09  4.62979859e-09  4.42350290e-09  4.42350290e-09  4.36151796e-10  4.36151796e-10  2.14059326e-20  1.43338060e-22  7.42949018e-19  4.04785434e-19  1.03391698e-08  1.03391698e-08  1.03391698e-08  1.03391698e-08  2.70109426e-08  2.70109426e-08  2.72898835e-08  2.72898835e-08  1.41303141e-09  1.41303141e-09  9.52029304e-10  9.52029304e-10  1.44566833e-20  4.80823449e-23  4.77581789e-19  4.09063783e-19  2.70109426e-08  2.70109426e-08  2.70109426e-08  2.70109426e-08 
 3.38844156e+05  2.87084360e-08  2.87084360e-08  2.75242691e-08  2.75242691e-08  4.66834588e-09  4.66834588e-09  1.06213504e-09  1.06213504e-09  3.07161417e-20  2.60800256e-22  9.51749839e-19  6.18488396e-19  2.87084360e-08  2.87084360e-08  2.87084360e-08  2.87084360e-08  1.01737957e-08  1.01737957e-08  4.54736111e-09  4.54736111e-09  4.44261422e-09  4.44261422e-09  4.37229964e-10  4.37229964e-10  2.53680395e-20  2.46989210e-22  7.98319599e-19  4.32889567e-19  1.01737957e-08  1.01737957e-08  1.01737957e-08  1.01737957e-08  2.68371927e-08  2.68371927e-08  2.71143392e-08  2.71143392e-08  1.43292712e-09  1.43292712e-09  9.65433953e-10  9.65433953e-10  1.72990168e-20  8.36569637e-23  5.18161972e-19  4.41716145e-19  2.68371927e-08  2.68371927e-08  2.68371927e-08  2.68371927e-08 
 3.46736850e+05  2.84819174e-08  2.84819174e-08  2.73315048e-08  2.73315048e-08  4.69185907e-09  4.69185907e-09  1.07478741e-09  1.07478741e-09  3.34448715e-20  2.25210063e-22  1.07509449e-18  6.96331044e-19  2.84819174e-08  2.84819174e-08  2.84819174e-08  2.84819174e-08  1.00084246e-08  1.00084246e-08  4.46521269e-09  4.46521269e-09  4.46088157e-09  4.46088157e-09  4.38219779e-10  4.38219779e-10  2.75364695e-20  2.13068550e-22  8.99181002e-19  4.84963077e-19  1.00084246e-08  1.00084246e-08  1.00084246e-08  1.00084246e-08  2.66575230e-08  2.66575230e-08  2.69328141e-08  2.69328141e-08  1.45280121e-09  1.45280121e-09  9.78824039e-10  9.78824039e-10  1.89601938e-20  7.28691104e-23  5.89299222e-19  4.99660281e-19  2.66575230e-08  2.66575230e-08  2.66575230e-08  2.66575230e-08 
 3.54813389e+05  2.82500507e-08  2.82500507e-08  2.71328748e-08  2.71328748e-08  4.71452609e-09  4.71452609e-09  1.08739032e-09  1.08739032e-09  4.49066770e-20  2.21993924e-22  1.49392823e-18  9.59104012e-19  2.82500507e-08  2.82500507e-08  2.82500507e-08  2.82500507e-08  9.84305603e-09  9.84305603e-09  4.38335237e-09  4.38335237e-09  4.47823505e-09  4.47823505e-09  4.39114861e-10  4.39114861e-10  3.68578866e-20  2.09809575e-22  1.24583248e-18  6.64638796e-19  9.84305603e-09  9.84305603e-09  9.84305603e-09  9.84305603e-09  2.64718338e-08  2.64718338e-08  2.67452072e-08  2.67452072e-08  1.47262573e-09  1.47262573e-09  9.92180726e-10  9.92180726e-10  2.56250631e-20  7.24518401e-23  8.24419764e-19  6.91435769e-19  2.64718338e-08  2.64718338e-08  2.64718338e-08  2.64718338e-08 
 3.63078055e+05  2.80127370e-08  2.80127370e-08  2.69282817e-08  2.69282817e-08  4.73627222e-09  4.73627222e-09  1.09992337e-09  1.09992337e-09  9.80813175e-21  1.66785449e-22  1.35485571e-19  1.07442473e-19  2.80127370e-08  2.80127370e-08  2.80127370e-08  2.80127370e-08  9.67769278e-09  9.67769278e-09  4.30178061e-09  4.30178061e-09  4.49460406e-09  4.49460406e-09  4.39908810e-10  4.39908810e-10  8.02423397e-21  1.57470042e-22  1.12651035e-19  7.40803045e-20  9.67769278e-09  9.67769278e-09  9.67769278e-09  9.67769278e-09  2.62800328e-08  2.62800328e-08  2.65514254e-08  2.65514254e-08  1.49237148e-09  1.49237148e-09  1.00548434e-09  1.00548434e-09  5.63297856e-21  5.49062850e-23  7.52703490e-20  7.78160018e-20  2.62800328e-08  2.62800328e-08  2.62800328e-08  2.62800328e-08 
 3.71535229e+05  2.77698864e-08  2.77698864e-08  2.67176371e-08  2.67176371e-08  4.75702183e-09  4.75702183e-09  1.11236540e-09  1.11236540e-09  2.16420904e-20  1.60743489e-22  8.81133171e-19  5.30191314e-19  2.77698864e-08  2.77698864e-08  2.77698864e-08  2.77698864e-08  9.51234108e-09  9.51234108e-09  4.22049937e-09  4.22049937e-09  4.50991749e-09  4.50991749e-09  4.40595225e-10  4.40595225e-10  1.76503046e-20  1.51605995e-22  7.30429963e-19  3.63702180e-19  9.51234108e-09  9.51234108e-09  9.51234108e-09  9.51234108e-09  2.60820357e-08  2.60820357e-08  2.63513835e-08  2.63513835e-08  1.51200803e-09  1.51200803e-09  1.01871438e-09  1.01871438e-09  1.25108472e-20  5.33753201e-23  4.92796172e-19  3.85755439e-19  2.60820357e-08  2.60820357e-08  2.60820357e-08  2.60820357e-08 
 3.80189396e+05  2.75214189e-08  2.75214189e-08  2.65008617e-08  2.65008617e-08  4.77669864e-09  4.77669864e-09  1.12469449e-09  1.12469449e-09  5.96214345e-21  1.31831131e-22  2.22188557e-20  2.96889605e-20  2.75214189e-08  2.75214189e-08  2.75214189e-08  2.75214189e-08  9.34701071e-09  9.34701071e-09  4.13951218e-09  4.13951218e-09  4.52410394e-09  4.52410394e-09  4.41167728e-10  4.41167728e-10  4.84614660e-21  1.24202590e-22  1.83626833e-20  2.02616381e-20  9.34701071e-09  9.34701071e-09  9.34701071e-09  9.34701071e-09  2.58777678e-08  2.58777678e-08  2.61450061e-08  2.61450061e-08  1.53150378e-09  1.53150378e-09  1.03184957e-09  1.03184957e-09  3.46841506e-21  4.41524460e-23  1.25090662e-20  2.16990493e-20  2.58777678e-08  2.58777678e-08  2.58777678e-08  2.58777678e-08 
 3.89045145e+05  2.72672651e-08  2.72672651e-08  2.62778867e-08  2.62778867e-08  4.79522594e-09  4.79522594e-09  1.13688799e-09  1.13688799e-09  3.92082168e-20  1.52171888e-22  1.19183338e-18  7.72465840e-19  2.72672651e-08  2.72672651e-08  2.72672651e-08  2.72672651e-08  9.18171520e-09  9.18171520e-09  4.05882420e-09  4.05882420e-09  4.53709196e-09  4.53709196e-09  4.41619983e-10  4.41619983e-10  3.17665703e-20  1.43204952e-22  9.81951055e-19  5.24451031e-19  9.18171520e-09  9.18171520e-09  9.18171520e-09  9.18171520e-09  2.56671642e-08  2.56671642e-08  2.59322275e-08  2.59322275e-08  1.55082603e-09  1.55082603e-09  1.04486785e-09  1.04486785e-09  2.29564561e-20  5.14022527e-23  6.75427263e-19  5.67114952e-19  2.56671642e-08  2.56671642e-08  2.56671642e-08  2.56671642e-08 
 3.98107171e+05  2.70073671e-08  2.70073671e-08  2.60486548e-08  2.60486548e-08  4.81252679e-09  4.81252679e-09  1.14892262e-09  1.14892262e-09  2.76146286e-20  1.83756516e-22  1.02582225e-18  6.24387077e-19  2.70073671e-08  2.70073671e-08  2.70073671e-08  2.70073671e-08  9.01647197e-09  9.01647197e-09  3.97844225e-09  3.97844225e-09  4.54881029e-09  4.54881029e-09  4.41945720e-10  4.41945721e-10  2.22992338e-20  1.72741997e-22  8.42536143e-19  4.21701804e-19  9.01647197e-09  9.01647197e-09  9.01647197e-09  9.01647197e-09  2.54501712e-08  2.54501712e-08  2.57129936e-08  2.57129936e-08  1.56994097e-09  1.56994097e-09  1.05774647e-09  1.05774647e-09  1.62713825e-20  6.26068788e-23  5.85163576e-19  4.60438481e-19  2.54501712e-08  2.54501712e-08  2.54501712e-08  2.54501712e-08 
 4.07380278e+05  2.67416800e-08  2.67416800e-08  2.58131207e-08  2.58131207e-08  4.82852438e-09  4.82852438e-09  1.16077445e-09  1.16077445e-09  2.04381547e-20  6.67882654e-23  5.66421700e-19  3.78834036e-19  2.67416800e-08  2.67416800e-08  2.67416800e-08  2.67416800e-08  8.85130246e-09  8.85130246e-09  3.89837490e-09  3.89837490e-09  4.55918813e-09  4.55918813e-09  4.42138767e-10  4.42138767e-10  1.64479074e-20  6.27111148e-23  4.63746455e-19  2.54510838e-19  8.85130246e-09  8.85130246e-09  8.85130246e-09  8.85130246e-09  2.52267470e-08  2.52267470e-08  2.54872621e-08  2.54872621e-08  1.58881384e-09  1.58881384e-09  1.07046198e-09  1.07046198e-09  1.21183968e-20  2.29492574e-23  3.25214086e-19  2.80590159e-19  2.52267470e-08  2.52267470e-08  2.52267470e-08  2.52267470e-08 
 4.16869383e+05  2.64701722e-08  2.64701722e-08  2.55712527e-08  2.55712527e-08  4.84314223e-09  4.84314223e-09  1.17241901e-09  1.17241901e-09  2.18485053e-20  1.28867280e-22  5.49951164e-19  3.68380255e-19  2.64701722e-08  2.64701722e-08  2.64701722e-08  2.64701722e-08  8.68623230e-09  8.68623230e-09  3.81863245e-09  3.81863245e-09  4.56815545e-09  4.56815545e-09  4.42193070e-10  4.42193070e-10  1.75225888e-20  1.20863034e-22  4.48818953e-19  2.46172342e-19  8.68623230e-09  8.68623230e-09  8.68623230e-09  8.68623230e-09  2.49968630e-08  2.49968630e-08  2.52550040e-08  2.52550040e-08  1.60740892e-09  1.60740892e-09  1.08299034e-09  1.08299034e-09  1.30356528e-20  4.46598858e-23  3.17804421e-19  2.74034607e-19  2.49968630e-08  2.49968630e-08  2.49968630e-08  2.49968630e-08 
 4.26579519e+05  2.61928267e-08  2.61928267e-08  2.53230331e-08  2.53230331e-08  4.85630457e-09  4.85630457e-09  1.18383136e-09  1.18383136e-09  2.18197960e-20  1.95076729e-22  7.83342679e-19  4.74671582e-19  2.61928267e-08  2.61928267e-08  2.61928267e-08  2.61928267e-08  8.52129137e-09  8.52129137e-09  3.73922702e-09  3.73922702e-09  4.57564328e-09  4.57564328e-09  4.42102727e-10  4.42102727e-10  1.74395503e-20  1.82750264e-22  6.37216667e-19  3.15501692e-19  8.52129137e-09  8.52129137e-09  8.52129137e-09  8.52129137e-09  2.47605043e-08  2.47605043e-08  2.50162044e-08  2.50162044e-08  1.62568972e-09  1.62568972e-09  1.09530696e-09  1.09530696e-09  1.30999548e-20  6.81839458e-23  4.55591772e-19  3.54623773e-19  2.47605043e-08  2.47605043e-08  2.47605043e-08  2.47605043e-08 
 4.36515832e+05  2.59096419e-08  2.59096419e-08  2.50684596e-08  2.50684596e-08  4.86793665e-09  4.86793665e-09  1.19498612e-09  1.19498612e-09  5.68224307e-20  2.72059381e-22  1.83283728e-18  1.14004202e-18  2.59096419e-08  2.59096419e-08  2.59096419e-08  2.59096419e-08  8.35651392e-09  8.35651392e-09  3.66017253e-09  3.66017253e-09  4.58158404e-09  4.58158404e-09  4.41862016e-10  4.41862016e-10  4.52558609e-20  2.54564032e-22  1.48603602e-18  7.53658901e-19  8.35651392e-09  8.35651392e-09  8.35651392e-09  8.35651392e-09  2.45176709e-08  2.45176709e-08  2.47708632e-08  2.47708632e-08  1.64361902e-09  1.64361902e-09  1.10738675e-09  1.10738675e-09  3.43249052e-20  9.59005631e-23  1.07279831e-18  8.55344341e-19  2.45176709e-08  2.45176709e-08  2.45176709e-08  2.45176709e-08 
 4.46683592e+05  2.56206326e-08  2.56206326e-08  2.48075457e-08  2.48075457e-08  4.87796508e-09  4.87796508e-09  1.20585758e-09  1.20585758e-09  3.48423437e-20  1.61391832e-22  1.10139795e-18  6.77739495e-19  2.56206326e-08  2.56206326e-08  2.56206326e-08  2.56206326e-08  8.19193865e-09  8.19193865e-09  3.58148475e-09  3.58148475e-09  4.58591189e-09  4.58591189e-09  4.41465426e-10  4.41465426e-10  2.76514094e-20  1.50828962e-22  8.90023519e-19  4.45597038e-19  8.19193865e-09  8.19193865e-09  8.19193865e-09  8.19193865e-09  2.42683786e-08  2.42683786e-08  2.45189964e-08  2.45189964e-08  1.66115901e-09  1.66115901e-09  1.11920424e-09  1.11920424e-09  2.11763832e-20  5.73731716e-23  6.48769207e-19  5.10632496e-19  2.42683786e-08  2.42683786e-08  2.42683786e-08  2.42683786e-08 
 4.57088190e+05  2.53258307e-08  2.53258307e-08  2.45403220e-08  2.45403220e-08  4.88631821e-09  4.88631821e-09  1.21641983e-09  1.21641983e-09  5.00965061e-21  1.30082381e-22  4.35812419e-20  7.66168620e-21  2.53258307e-08  2.53258307e-08  2.53258307e-08  2.53258307e-08  8.02760875e-09  8.02760875e-09  3.50318128e-09  3.50318128e-09  4.58856307e-09  4.58856307e-09  4.40907690e-10  4.40907690e-10  3.96098337e-21  1.21418779e-22  3.50986335e-20  5.00967215e-21  8.02760875e-09  8.02760875e-09  8.02760875e-09  8.02760875e-09  2.40126598e-08  2.40126598e-08  2.42606367e-08  2.42606367e-08  1.67827144e-09  1.67827144e-09  1.13073367e-09  1.13073367e-09  3.06293327e-21  4.66347848e-23  2.58332445e-20  5.79662839e-21  2.40126598e-08  2.40126598e-08  2.40126598e-08  2.40126598e-08 
 4.67735141e+05  2.50252861e-08  2.50252861e-08  2.42668369e-08  2.42668369e-08  4.89292651e-09  4.89292651e-09  1.22664679e-09  1.22664679e-09  7.95719671e-21  1.54073642e-22  2.96099762e-19  1.68381844e-19  2.50252861e-08  2.50252861e-08  2.50252861e-08  2.50252861e-08  7.86357190e-09  7.86357190e-09  3.42528154e-09  3.42528154e-09  4.58947626e-09  4.58947626e-09  4.40183821e-10  4.40183821e-10  6.26938510e-21  1.43632448e-22  2.37653129e-19  1.09487885e-19  7.86357190e-09  7.86357190e-09  7.86357190e-09  7.86357190e-09  2.37505643e-08  2.37505643e-08  2.39958344e-08  2.39958344e-08  1.69491775e-09  1.69491775e-09  1.14194905e-09  1.14194905e-09  4.89507626e-21  5.57027556e-23  1.76616910e-19  1.27918165e-19  2.37505643e-08  2.37505643e-08  2.37505643e-08  2.37505643e-08 
 4.78630092e+05  2.47190674e-08  2.47190674e-08  2.39871573e-08  2.39871573e-08  4.89772297e-09  4.89772297e-09  1.23651237e-09  1.23651237e-09  7.27583872e-21  1.58103629e-22  2.73425894e-19  1.54694151e-19  2.47190674e-08  2.47190674e-08  2.47190674e-08  2.47190674e-08  7.69988032e-09  7.69988032e-09  3.34780679e-09  3.34780679e-09  4.58859297e-09  4.58859297e-09  4.39289137e-10  4.39289137e-10  5.71143091e-21  1.47201158e-22  2.18696268e-19  1.00025466e-19  7.69988032e-09  7.69988032e-09  7.69988032e-09  7.69988032e-09  2.34821602e-08  2.34821602e-08  2.37246584e-08  2.37246584e-08  1.71105920e-09  1.71105920e-09  1.15282428e-09  1.15282428e-09  4.50276667e-21  5.76415091e-23  1.64108138e-19  1.17998568e-19  2.34821602e-08  2.34821602e-08  2.34821602e-08  2.34821602e-08 
 4.89778819e+05  2.44072625e-08  2.44072625e-08  2.37013691e-08  2.37013691e-08  4.90064348e-09  4.90064348e-09  1.24599056e-09  1.24599056e-09  4.01590388e-21  1.25722917e-22  7.02676141e-20  2.50834590e-20  2.44072625e-08  2.44072625e-08  2.44072625e-08  2.44072625e-08  7.53659068e-09  7.53659068e-09  3.27078003e-09  3.27078003e-09  4.58585793e-09  4.58585793e-09  4.38219305e-10  4.38219305e-10  3.14026658e-21  1.16900996e-22  5.60059887e-20  1.61276182e-20  7.53659068e-09  7.53659068e-09  7.53659068e-09  7.53659068e-09  2.32075342e-08  2.32075342e-08  2.34471964e-08  2.34471964e-08  1.72665709e-09  1.72665709e-09  1.16333329e-09  1.16333329e-09  2.49977565e-21  4.62213183e-23  4.24349030e-20  1.92103991e-20  2.32075342e-08  2.32075342e-08  2.32075342e-08  2.32075342e-08 
 5.01187234e+05  2.40899791e-08  2.40899791e-08  2.34095782e-08  2.34095782e-08  4.90162727e-09  4.90162727e-09  1.25505558e-09  1.25505558e-09  2.25399444e-20  3.22373905e-23  5.07541302e-19  3.40828895e-19  2.40899791e-08  2.40899791e-08  2.40899791e-08  2.40899791e-08  7.37376406e-09  7.37376406e-09  3.19422603e-09  3.19422603e-09  4.58121942e-09  4.58121942e-09  4.36970364e-10  4.36970364e-10  1.75606422e-20  2.99330948e-23  4.03096807e-19  2.17894180e-19  7.37376406e-09  7.37376406e-09  7.37376406e-09  7.37376406e-09  2.29267929e-08  2.29267929e-08  2.31635557e-08  2.31635557e-08  1.74167289e-09  1.74167289e-09  1.17345012e-09  1.17345012e-09  1.41148059e-20  1.19502155e-23  3.08388449e-19  2.62066667e-19  2.29267929e-08  2.29267929e-08  2.29267929e-08  2.29267929e-08 
 5.12861384e+05  2.37673455e-08  2.37673455e-08  2.31119108e-08  2.31119108e-08  4.90061727e-09  4.90061727e-09  1.26368195e-09  1.26368195e-09  4.61566361e-21  1.39414163e-22  8.44987827e-20  3.51378548e-20  2.37673455e-08  2.37673455e-08  2.37673455e-08  2.37673455e-08  7.21146583e-09  7.21146583e-09  3.11817119e-09  3.11817119e-09  4.57462969e-09  4.57462969e-09  4.35538767e-10  4.35538767e-10  3.58195090e-21  1.29286819e-22  6.68695205e-20  2.23352732e-20  7.21146583e-09  7.21146583e-09  7.21146583e-09  7.21146583e-09  2.26400625e-08  2.26400625e-08  2.28738641e-08  2.28738641e-08  1.75606847e-09  1.75606847e-09  1.18314908e-09  1.18314908e-09  2.90706099e-21  5.21168750e-23  5.16555458e-20  2.71242303e-20  2.26400625e-08  2.26400625e-08  2.26400625e-08  2.26400625e-08 
 5.24807460e+05  2.34395104e-08  2.34395104e-08  2.28085136e-08  2.28085136e-08  4.89756057e-09  4.89756057e-09  1.27184470e-09  1.27184470e-09  4.36171459e-20  1.10441499e-22  1.05846943e-18  6.91950756e-19  2.34395104e-08  2.34395104e-08  2.34395104e-08  2.34395104e-08  7.04976550e-09  7.04976550e-09  3.04264353e-09  3.04264353e-09  4.56604533e-09  4.56604533e-09  4.33921405e-10  4.33921405e-10  3.37217342e-20  1.02282748e-22  8.34597063e-19  4.37298949e-19  7.04976550e-09  7.04976550e-09  7.04976550e-09  7.04976550e-09  2.23474895e-08  2.23474895e-08  2.25782697e-08  2.25782697e-08  1.76980622e-09  1.76980622e-09  1.19240483e-09  1.19240483e-09  2.76340422e-20  4.16319261e-23  6.50976929e-19  5.36221949e-19  2.23474895e-08  2.23474895e-08  2.23474895e-08  2.23474895e-08 
 5.37031796e+05  2.31066434e-08  2.31066434e-08  2.24995541e-08  2.24995541e-08  4.89240878e-09  4.89240878e-09  1.27951942e-09  1.27951942e-09  9.30597440e-21  1.66873837e-22  2.96274629e-19  1.71734054e-19  2.31066434e-08  2.31066434e-08  2.31066434e-08  2.31066434e-08  6.88873658e-09  6.88873658e-09  2.96767254e-09  2.96767254e-09  4.55542760e-09  4.55542760e-09  4.32115642e-10  4.32115642e-10  7.16676401e-21  1.54327093e-22  2.32752666e-19  1.07901483e-19  6.88873658e-09  6.88873658e-09  6.88873658e-09  6.88873658e-09  2.20492412e-08  2.20492412e-08  2.22769413e-08  2.22769413e-08  1.78284936e-09  1.78284936e-09  1.20119258e-09  1.20119258e-09  5.93003995e-21  6.34258494e-23  1.83308840e-19  1.33596035e-19  2.20492412e-08  2.20492412e-08  2.20492412e-08  2.20492412e-08 
 5.49540874e+05  2.27689352e-08  2.27689352e-08  2.21852210e-08  2.21852210e-08  4.88511846e-09  4.88511846e-09  1.28668247e-09  1.28668247e-09  6.63172745e-21  7.48617232e-23  7.60999711e-20  6.31329513e-20  2.27689352e-08  2.27689352e-08  2.27689352e-08  2.27689352e-08  6.72845632e-09  6.72845632e-09  2.89328913e-09  2.89328913e-09  4.54274283e-09  4.54274283e-09  4.30119343e-10  4.30119343e-10  5.08670606e-21  6.91348241e-23  5.95617117e-20  3.94344148e-20  6.72845632e-09  6.72845632e-09  6.72845632e-09  6.72845632e-09  2.17455055e-08  2.17455055e-08  2.19700689e-08  2.19700689e-08  1.79516202e-09  1.79516202e-09  1.20948817e-09  1.20948817e-09  4.24982608e-21  2.86893678e-23  4.73648226e-20  4.92993910e-20  2.17455055e-08  2.17455055e-08  2.17455055e-08  2.17455055e-08 
 5.62341325e+05  2.24265971e-08  2.24265971e-08  2.18657238e-08  2.18657238e-08  4.87565143e-09  4.87565143e-09  1.29331110e-09  1.29331110e-09  2.10117609e-20  2.14372803e-22  5.74461966e-19  3.50500684e-19  2.24265971e-08  2.24265971e-08  2.24265971e-08  2.24265971e-08  6.56900545e-09  6.56900545e-09  2.81952545e-09  2.81952545e-09  4.52796270e-09  4.52796270e-09  4.27930900e-10  4.27930900e-10  1.60533731e-20  1.97692330e-22  4.47926911e-19  2.17639240e-19  6.56900545e-09  6.56900545e-09  6.56900545e-09  6.56900545e-09  2.14364909e-08  2.14364909e-08  2.16578630e-08  2.16578630e-08  1.80670955e-09  1.80670955e-09  1.21726826e-09  1.21726826e-09  1.35425614e-20  8.28350116e-23  3.59663115e-19  2.74728272e-19  2.14364909e-08  2.14364909e-08  2.14364909e-08  2.14364909e-08 
 5.75439937e+05  2.20798613e-08  2.20798613e-08  2.15412929e-08  2.15412929e-08  4.86397518e-09  4.86397518e-09  1.29938355e-09  1.29938355e-09  3.25357219e-20  3.32351853e-22  8.59031879e-19  5.33368128e-19  2.20798613e-08  2.20798613e-08  2.20798613e-08  2.20798613e-08  6.41046795e-09  6.41046795e-09  2.74641477e-09  2.74641477e-09  4.51106457e-09  4.51106457e-09  4.25549255e-10  4.25549255e-10  2.47574086e-20  3.06044997e-22  6.67265994e-19  3.29219197e-19  6.41046795e-09  6.41046795e-09  6.41046795e-09  6.41046795e-09  2.11224263e-08  2.11224263e-08  2.13405550e-08  2.13405550e-08  1.81745867e-09  1.81745867e-09  1.22451042e-09  1.22451042e-09  2.10882091e-20  1.29482001e-22  5.40988132e-19  4.19615291e-19  2.11224263e-08  2.11224263e-08  2.11224263e-08  2.11224263e-08 
 5.88843655e+05  2.17289798e-08  2.17289798e-08  2.12121789e-08  2.12121789e-08  4.85006316e-09  4.85006316e-09  1.30487923e-09  1.30487923e-09  2.76320009e-20  2.88437148e-22  7.13254102e-19  4.40437054e-19  2.17289798e-08  2.17289798e-08  2.17289798e-08  2.17289798e-08  6.25293062e-09  6.25293062e-09  2.67399137e-09  2.67399137e-09  4.49203176e-09  4.49203176e-09  4.22973924e-10  4.22973924e-10  2.09401060e-20  2.65212899e-22  5.51897448e-19  2.70229366e-19  6.25293062e-09  6.25293062e-09  6.25293062e-09  6.25293062e-09  2.08035610e-08  2.08035610e-08  2.10183966e-08  2.10183966e-08  1.82737769e-09  1.82737769e-09  1.23119331e-09  1.23119331e-09  1.80099867e-20  1.13297091e-22  4.51800941e-19  3.47775270e-19  2.08035610e-08  2.08035610e-08  2.08035610e-08  2.08035610e-08 
 6.02559586e+05  2.13742247e-08  2.13742247e-08  2.08786522e-08  2.08786522e-08  4.83389510e-09  4.83389510e-09  1.30977885e-09  1.30977885e-09  1.07988263e-20  1.56888731e-22  3.00879611e-19  1.77046158e-19  2.13742247e-08  2.13742247e-08  2.13742247e-08  2.13742247e-08  6.09648278e-09  6.09648278e-09  2.60229028e-09  2.60229028e-09  4.47085379e-09  4.47085379e-09  4.20205014e-10  4.20205014e-10  8.14984157e-21  1.44038605e-22  2.31905872e-19  1.07970904e-19  6.09648278e-09  6.09648278e-09  6.09648278e-09  6.09648278e-09  2.04801636e-08  2.04801636e-08  2.06916595e-08  2.06916595e-08  1.83643672e-09  1.83643672e-09  1.23729678e-09  1.23729678e-09  7.07756198e-21  6.21302390e-23  1.91690456e-19  1.40304917e-19  2.04801636e-08  2.04801636e-08  2.04801636e-08  2.04801636e-08 
 6.16595002e+05  2.10158866e-08  2.10158866e-08  2.05410027e-08  2.05410027e-08  4.81545726e-09  4.81545726e-09  1.31406454e-09  1.31406454e-09  2.24483274e-20  1.05216431e-22  4.53784831e-19  3.04332159e-19  2.10158866e-08  2.10158866e-08  2.10158866e-08  2.10158866e-08  5.94121587e-09  5.94121587e-09  2.53134720e-09  2.53134720e-09  4.44752660e-09  4.44752660e-09  4.17243233e-10  4.17243233e-10  1.68704205e-20  9.64536611e-23  3.48380830e-19  1.84467826e-19  5.94121587e-09  5.94121587e-09  5.94121587e-09  5.94121587e-09  2.01525220e-08  2.01525220e-08  2.03606342e-08  2.03606342e-08  1.84460786e-09  1.84460786e-09  1.24280203e-09  1.24280203e-09  1.47931419e-20  4.20090474e-23  2.90765580e-19  2.42039798e-19  2.01525220e-08  2.01525220e-08  2.01525220e-08  2.01525220e-08 
 6.30957344e+05  2.06542741e-08  2.06542741e-08  2.01995383e-08  2.01995383e-08  4.79474263e-09  4.79474263e-09  1.31771998e-09  1.31771998e-09  2.24232116e-20  7.94036981e-23  4.28520523e-19  2.87664118e-19  2.06542741e-08  2.06542741e-08  2.06542741e-08  2.06542741e-08  5.78722295e-09  5.78722295e-09  2.46119824e-09  2.46119824e-09  4.42205269e-09  4.42205269e-09  4.14089909e-10  4.14089909e-10  1.67803317e-20  7.26785250e-23  3.27673660e-19  1.73297442e-19  5.78722295e-09  5.78722295e-09  5.78722295e-09  5.78722295e-09  1.98209417e-08  1.98209417e-08  2.00256296e-08  2.00256296e-08  1.85186538e-09  1.85186538e-09  1.24769174e-09  1.24769174e-09  1.48571346e-20  3.19617258e-23  2.76140608e-19  2.29592822e-19  1.98209417e-08  1.98209417e-08  1.98209417e-08  1.98209417e-08 
 6.45654229e+05  2.02897129e-08  2.02897129e-08  1.98545841e-08  1.98545841e-08  4.77175114e-09  4.77175114e-09  1.32073049e-09  1.32073049e-09  3.58411449e-20  1.72659652e-22  7.05601673e-19  4.64487171e-19  2.02897129e-08  2.02897129e-08  2.02897129e-08  2.02897129e-08  5.63459832e-09  5.63459832e-09  2.39187974e-09  2.39187974e-09  4.39444128e-09  4.39444128e-09  4.10746987e-10  4.10746987e-10  2.67072410e-20  1.57783938e-22  5.37372468e-19  2.78096217e-19  5.63459832e-09  5.63459832e-09  5.63459832e-09  5.63459832e-09  1.94857458e-08  1.94857458e-08  1.96869720e-08  1.96869720e-08  1.85818592e-09  1.85818592e-09  1.25195015e-09  1.25195015e-09  2.38761083e-20  7.00627062e-23  4.57260995e-19  3.72015671e-19  1.94857458e-08  1.94857458e-08  1.94857458e-08  1.94857458e-08 
 6.60693448e+05  1.99225442e-08  1.99225442e-08  1.95064815e-08  1.95064815e-08  4.74648977e-09  4.74648977e-09  1.32308319e-09  1.32308319e-09  1.64745811e-20  6.86143950e-23  2.91467489e-19  1.99223032e-19  1.99225442e-08  1.99225442e-08  1.99225442e-08  1.99225442e-08  5.48343697e-09  5.48343697e-09  2.32342807e-09  2.32342807e-09  4.36470836e-09  4.36470836e-09  4.07217036e-10  4.07217036e-10  1.22230487e-20  6.26026887e-23  2.21071138e-19  1.18537868e-19  5.48343697e-09  5.48343697e-09  5.48343697e-09  5.48343697e-09  1.91472729e-08  1.91472729e-08  1.93450036e-08  1.93450036e-08  1.86354863e-09  1.86354863e-09  1.25556323e-09  1.25556323e-09  1.10335192e-20  2.80683641e-23  1.89941906e-19  1.60111773e-19  1.91472729e-08  1.91472729e-08  1.91472729e-08  1.91472729e-08 
 6.76082975e+05  1.95531234e-08  1.95531234e-08  1.91555864e-08  1.91555864e-08  4.71897265e-09  4.71897265e-09  1.32476703e-09  1.32476703e-09  1.32683274e-20  5.61481212e-23  2.19589336e-19  1.52711678e-19  1.95531234e-08  1.95531234e-08  1.95531234e-08  1.95531234e-08  5.33383412e-09  5.33383412e-09  2.25587940e-09  2.25587940e-09  4.33287677e-09  4.33287677e-09  4.03503246e-10  4.03503246e-10  9.80124436e-21  5.11448713e-23  1.65866790e-19  9.02957798e-20  5.33383412e-09  5.33383412e-09  5.33383412e-09  5.33383412e-09  1.88058764e-08  1.88058764e-08  1.90000814e-08  1.90000814e-08  1.86793533e-09  1.86793533e-09  1.25851873e-09  1.25851873e-09  8.93337844e-21  2.31540095e-23  1.43895822e-19  1.23149770e-19  1.88058764e-08  1.88058764e-08  1.88058764e-08  1.88058764e-08 
 6.91830971e+05  1.91818186e-08  1.91818186e-08  1.88022680e-08  1.88022680e-08  4.68922105e-09  4.68922105e-09  1.32577294e-09  1.32577294e-09  3.19136935e-20  2.52945165e-22  6.16142683e-19  4.06369250e-19  1.91818186e-08  1.91818186e-08  1.91818186e-08  1.91818186e-08  5.18588468e-09  5.18588468e-09  2.18926949e-09  2.18926949e-09  4.29897611e-09  4.29897611e-09  3.99609417e-10  3.99609417e-10  2.34709846e-20  2.30018809e-22  4.63463837e-19  2.38767500e-19  5.18588468e-09  5.18588468e-09  5.18588468e-09  5.18588468e-09  1.84619226e-08  1.84619226e-08  1.86525755e-08  1.86525755e-08  1.87133065e-09  1.87133065e-09  1.26080629e-09  1.26080629e-09  2.16006005e-20  1.05144720e-22  4.05979962e-19  3.28807235e-19  1.84619226e-08  1.84619226e-08  1.84619226e-08  1.84619226e-08 
 7.07945784e+05  1.88090089e-08  1.88090089e-08  1.84469068e-08  1.84469068e-08  4.65726342e-09  4.65726342e-09  1.32609383e-09  1.32609383e-09  2.11276378e-20  9.44952709e-23  3.54714737e-19  2.38091297e-19  1.88090089e-08  1.88090089e-08  1.88090089e-08  1.88090089e-08  5.03968271e-09  5.03968271e-09  2.12363347e-09  2.12363347e-09  4.26304271e-09  4.26304271e-09  3.95539949e-10  3.95539949e-10  1.54689955e-20  8.57876904e-23  2.65693051e-19  1.39007648e-19  5.03968271e-09  5.03968271e-09  5.03968271e-09  5.03968271e-09  1.81157895e-08  1.81157895e-08  1.83028678e-08  1.83028678e-08  1.87372212e-09  1.87372212e-09  1.26241750e-09  1.26241750e-09  1.43746285e-20  3.95957973e-23  2.35000584e-19  1.93287981e-19  1.81157895e-08  1.81157895e-08  1.81157895e-08  1.81157895e-08 
 7.24435960e+05  1.84350829e-08  1.84350829e-08  1.80898934e-08  1.80898934e-08  4.62313521e-09  4.62313521e-09  1.32572472e-09  1.32572472e-09  2.62003529e-20  1.83089833e-22  4.56744529e-19  3.02668094e-19  1.84350829e-08  1.84350829e-08  1.84350829e-08  1.84350829e-08  4.89532090e-09  4.89532090e-09  2.05900560e-09  2.05900560e-09  4.22511951e-09  4.22511951e-09  3.91299826e-10  3.91299826e-10  1.90968504e-20  1.65930756e-22  3.40659669e-19  1.75583770e-19  4.89532090e-09  4.89532090e-09  4.89532090e-09  4.89532090e-09  1.77678646e-08  1.77678646e-08  1.79513499e-08  1.79513499e-08  1.87510027e-09  1.87510027e-09  1.26334599e-09  1.26334599e-09  1.79182776e-20  7.73305337e-23  3.04235203e-19  2.46519071e-19  1.77678646e-08  1.77678646e-08  1.77678646e-08  1.77678646e-08 
 7.41310241e+05  1.80604361e-08  1.80604361e-08  1.77316261e-08  1.77316261e-08  4.58687886e-09  4.58687886e-09  1.32466272e-09  1.32466272e-09  7.31157312e-21  1.01987454e-22  4.69824582e-20  3.84056909e-20  1.80604361e-08  1.80604361e-08  1.80604361e-08  1.80604361e-08  4.75289007e-09  4.75289007e-09  1.99541911e-09  1.99541911e-09  4.18525586e-09  4.18525586e-09  3.86894592e-10  3.86894592e-10  5.30461073e-21  9.22649146e-23  3.48906815e-20  2.21369453e-20  4.75289007e-09  4.75289007e-09  4.75289007e-09  4.75289007e-09  1.74185436e-08  1.74185436e-08  1.75984213e-08  1.75984213e-08  1.87545873e-09  1.87545873e-09  1.26358747e-09  1.26358747e-09  5.02560134e-21  4.34170889e-23  3.14628600e-20  3.13822333e-20  1.74185436e-08  1.74185436e-08  1.74185436e-08  1.74185436e-08 
 7.58577575e+05  1.76854699e-08  1.76854699e-08  1.73725092e-08  1.73725092e-08  4.54854349e-09  4.54854349e-09  1.32290707e-09  1.32290707e-09  7.98173561e-21  6.26607141e-23  8.51795047e-20  6.37520377e-20  1.76854699e-08  1.76854699e-08  1.76854699e-08  1.76854699e-08  4.61247858e-09  4.61247858e-09  1.93290592e-09  1.93290592e-09  4.14350731e-09  4.14350731e-09  3.82330323e-10  3.82330323e-10  5.76442088e-21  5.65875092e-23  6.29818021e-20  3.65092227e-20  4.61247858e-09  4.61247858e-09  4.61247858e-09  4.61247858e-09  1.70682279e-08  1.70682279e-08  1.72444878e-08  1.72444878e-08  1.87479424e-09  1.87479424e-09  1.26313973e-09  1.26313973e-09  5.51429756e-21  2.68871453e-23  5.73460922e-20  5.22599200e-20  1.70682279e-08  1.70682279e-08  1.70682279e-08  1.70682279e-08 
 7.76247117e+05  1.73105885e-08  1.73105885e-08  1.70129511e-08  1.70129511e-08  4.50818474e-09  4.50818474e-09  1.32045916e-09  1.32045916e-09  3.27465968e-20  3.38556013e-22  5.64685358e-19  3.69741419e-19  1.73105885e-08  1.73105885e-08  1.73105885e-08  1.73105885e-08  4.47417190e-09  4.47417190e-09  1.87149648e-09  1.87149648e-09  4.09993534e-09  4.09993534e-09  3.77613602e-10  3.77613602e-10  2.35409762e-20  3.05199027e-22  4.15692918e-19  2.10365793e-19  4.47417190e-09  4.47417190e-09  4.47417190e-09  4.47417190e-09  1.67173231e-08  1.67173231e-08  1.68899591e-08  1.68899591e-08  1.87310666e-09  1.87310666e-09  1.26200269e-09  1.26200269e-09  2.27383518e-20  1.46422313e-22  3.82174205e-19  3.04047388e-19  1.67173231e-08  1.67173231e-08  1.67173231e-08  1.67173231e-08 
 7.94328235e+05  1.69361979e-08  1.69361979e-08  1.66533621e-08  1.66533621e-08  4.46586446e-09  4.46586446e-09  1.31732253e-09  1.31732253e-09  1.54632221e-20  2.66931614e-22  3.15755208e-19  1.90490501e-19  1.69361979e-08  1.69361979e-08  1.69361979e-08  1.69361979e-08  4.33805206e-09  4.33805206e-09  1.81121958e-09  1.81121958e-09  4.05460701e-09  4.05460701e-09  3.72751481e-10  3.72751481e-10  1.10643174e-20  2.40189736e-22  2.31410245e-19  1.07671572e-19  4.33805206e-09  4.33805206e-09  4.33805206e-09  4.33805206e-09  1.63662368e-08  1.63662368e-08  1.65352470e-08  1.65352470e-08  1.87039902e-09  1.87039902e-09  1.26017839e-09  1.26017839e-09  1.07909366e-20  1.16353261e-22  2.14818326e-19  1.57132930e-19  1.63662368e-08  1.63662368e-08  1.63662368e-08  1.63662368e-08 
 8.12830516e+05  1.65627032e-08  1.65627032e-08  1.62941522e-08  1.62941522e-08  4.42165034e-09  4.42165034e-09  1.31350280e-09  1.31350280e-09  1.20285357e-20  6.89309225e-23  1.55367122e-19  1.07543998e-19  1.65627032e-08  1.65627032e-08  1.65627032e-08  1.65627032e-08  4.20419721e-09  4.20419721e-09  1.75210214e-09  1.75210214e-09  4.00759464e-09  4.00759464e-09  3.67751444e-10  3.67751444e-10  8.56568294e-21  6.19120098e-23  1.13354024e-19  6.03874836e-20  4.20419721e-09  4.20419721e-09  4.20419721e-09  4.20419721e-09  1.60153764e-08  1.60153764e-08  1.61807632e-08  1.61807632e-08  1.86667748e-09  1.86667748e-09  1.25767097e-09  1.25767097e-09  8.43522187e-21  3.02830085e-23  1.06249205e-19  8.89842381e-20  1.60153764e-08  1.60153764e-08  1.60153764e-08  1.60153764e-08 
 8.31763771e+05  1.61905064e-08  1.61905064e-08  1.59357294e-08  1.59357294e-08  4.37561559e-09  4.37561559e-09  1.30900770e-09  1.30900770e-09  3.82048594e-20  4.73772405e-22  6.81510267e-19  4.22688667e-19  1.61905064e-08  1.61905064e-08  1.61905064e-08  1.61905064e-08  4.07268121e-09  4.07268121e-09  1.69416908e-09  1.69416908e-09  3.95897537e-09  3.95897537e-09  3.62621364e-10  3.62621364e-10  2.70771258e-20  4.24720790e-22  4.94966453e-19  2.35774524e-19  4.07268121e-09  4.07268121e-09  4.07268121e-09  4.07268121e-09  1.56651475e-08  1.56651475e-08  1.58269174e-08  1.58269174e-08  1.86195122e-09  1.86195122e-09  1.25448664e-09  1.25448664e-09  2.69238448e-20  2.09762397e-22  4.68451366e-19  3.50802784e-19  1.56651475e-08  1.56651475e-08  1.56651475e-08  1.56651475e-08 
 8.51138038e+05  1.58200050e-08  1.58200050e-08  1.55784972e-08  1.55784972e-08  4.32783844e-09  4.32783844e-09  1.30384692e-09  1.30384692e-09  4.25367071e-21  1.28488493e-22  9.17230060e-20  4.81811854e-20  1.58200050e-08  1.58200050e-08  1.58200050e-08  1.58200050e-08  3.94357321e-09  3.94357321e-09  1.63744318e-09  1.63744318e-09  3.90883075e-09  3.90883075e-09  3.57369465e-10  3.57369465e-10  3.00004950e-21  1.14963630e-22  6.63112071e-20  2.66963485e-20  3.94357321e-09  3.94357321e-09  3.94357321e-09  3.94357321e-09  1.53159514e-08  1.53159514e-08  1.54741150e-08  1.54741150e-08  1.85623247e-09  1.85623247e-09  1.25063360e-09  1.25063360e-09  3.01205526e-21  5.73303488e-23  6.33688286e-20  4.01068004e-20  1.53159514e-08  1.53159514e-08  1.53159514e-08  1.53159514e-08 
 8.70963590e+05  1.54515897e-08  1.54515897e-08  1.52228533e-08  1.52228533e-08  4.27840177e-09  4.27840177e-09  1.29803215e-09  1.29803215e-09  5.65731756e-20  6.83647564e-22  9.01900610e-19  5.78988384e-19  1.54515897e-08  1.54515897e-08  1.54515897e-08  1.54515897e-08  3.81693729e-09  3.81693729e-09  1.58194489e-09  1.58194489e-09  3.85724627e-09  3.85724627e-09  3.52004271e-10  3.52004271e-10  3.97071206e-20  6.10509111e-22  6.49011453e-19  3.18658143e-19  3.81693729e-09  3.81693729e-09  3.81693729e-09  3.81693729e-09  1.49681834e-08  1.49681834e-08  1.51227555e-08  1.51227555e-08  1.84953633e-09  1.84953633e-09  1.24612206e-09  1.24612206e-09  4.02534316e-20  3.07408779e-22  6.26240436e-19  4.83382780e-19  1.49681834e-08  1.49681834e-08  1.49681834e-08  1.49681834e-08 
 8.91250938e+05  1.50856421e-08  1.50856421e-08  1.48691868e-08  1.48691868e-08  4.22739256e-09  4.22739256e-09  1.29157688e-09  1.29157688e-09  2.52016692e-21  7.81432296e-23  2.86812885e-20  7.65790632e-21  1.50856421e-08  1.50856421e-08  1.50856421e-08  1.50856421e-08  3.69283215e-09  3.69283215e-09  1.52769229e-09  1.52769229e-09  3.80431087e-09  3.80431087e-09  3.46534559e-10  3.46534559e-10  1.75987104e-21  6.96440970e-23  2.05426791e-20  4.18628512e-21  3.69283215e-09  3.69283215e-09  3.69283215e-09  3.69283215e-09  1.46222309e-08  1.46222309e-08  1.47732303e-08  1.47732303e-08  1.84188070e-09  1.84188070e-09  1.24096406e-09  1.24096406e-09  1.80142157e-21  3.54085733e-23  2.00145498e-20  6.41202133e-21  1.46222309e-08  1.46222309e-08  1.46222309e-08  1.46222309e-08 
 9.12010839e+05  1.47225336e-08  1.47225336e-08  1.45178772e-08  1.45178772e-08  4.17490145e-09  4.17490145e-09  1.28449641e-09  1.28449641e-09  2.26066328e-20  3.99025685e-22  3.91430287e-19  2.38659015e-19  1.47225336e-08  1.47225336e-08  1.47225336e-08  1.47225336e-08  3.57131086e-09  3.57131086e-09  1.47470097e-09  1.47470097e-09  3.75011646e-09  3.75011646e-09  3.40969315e-10  3.40969315e-10  1.57106155e-20  3.54919061e-22  2.79034111e-19  1.29581593e-19  3.57131086e-09  3.57131086e-09  3.57131086e-09  3.57131086e-09  1.42784717e-08  1.42784717e-08  1.44259210e-08  1.44259210e-08  1.83328614e-09  1.83328614e-09  1.23517345e-09  1.23517345e-09  1.62378197e-20  1.82202126e-22  2.74502335e-19  2.00405422e-19  1.42784717e-08  1.42784717e-08  1.42784717e-08  1.42784717e-08 
 9.33254301e+05  1.43626233e-08  1.43626233e-08  1.41692922e-08  1.41692922e-08  4.12102215e-09  4.12102215e-09  1.27680766e-09  1.27680766e-09  3.60466641e-20  4.43850757e-22  5.25979269e-19  3.38070215e-19  1.43626233e-08  1.43626233e-08  1.43626233e-08  1.43626233e-08  3.45242060e-09  3.45242060e-09  1.42298396e-09  1.42298396e-09  3.69475736e-09  3.69475736e-09  3.35317681e-10  3.35317681e-10  2.49250985e-20  3.93990748e-22  3.73160481e-19  1.82306484e-19  3.45242060e-09  3.45242060e-09  3.45242060e-09  3.45242060e-09  1.39372718e-08  1.39372718e-08  1.40811974e-08  1.40811974e-08  1.82377569e-09  1.82377569e-09  1.22876577e-09  1.22876577e-09  2.60118594e-20  2.04225581e-22  3.70667398e-19  2.84687416e-19  1.39372718e-08  1.39372718e-08  1.39372718e-08  1.39372718e-08 
 9.54992586e+05  1.40062566e-08  1.40062566e-08  1.38237861e-08  1.38237861e-08  4.06585096e-09  4.06585096e-09  1.26852909e-09  1.26852909e-09  1.72374801e-20  3.31683513e-22  2.91091654e-19  1.75188155e-19  1.40062566e-08  1.40062566e-08  1.40062566e-08  1.40062566e-08  3.33620254e-09  3.33620254e-09  1.37255169e-09  1.37255169e-09  3.63832982e-09  3.63832982e-09  3.29588907e-10  3.29588907e-10  1.18589476e-20  2.93812691e-22  2.05523084e-19  9.38237850e-20  3.33620254e-09  3.33620254e-09  3.33620254e-09  3.33620254e-09  1.35989845e-08  1.35989845e-08  1.37394166e-08  1.37394166e-08  1.81337476e-09  1.81337476e-09  1.22175813e-09  1.22175813e-09  1.24962777e-20  1.53778163e-22  2.06133869e-19  1.47937782e-19  1.35989845e-08  1.35989845e-08  1.35989845e-08  1.35989845e-08 
 9.77237221e+05  1.36537635e-08  1.36537635e-08  1.34816987e-08  1.34816987e-08  4.00948621e-09  4.00948621e-09  1.25968058e-09  1.25968058e-09  1.67829685e-20  2.12982348e-22  2.23156870e-19  1.46249795e-19  1.36537635e-08  1.36537635e-08  1.36537635e-08  1.36537635e-08  3.22269167e-09  3.22269167e-09  1.32341194e-09  1.32341194e-09  3.58093150e-09  3.58093150e-09  3.23792303e-10  3.23792303e-10  1.14871529e-20  1.88271362e-22  1.56792269e-19  7.77857128e-20  3.22269167e-09  3.22269167e-09  3.22269167e-09  3.22269167e-09  1.32639485e-08  1.32639485e-08  1.34009205e-08  1.34009205e-08  1.80211090e-09  1.80211090e-09  1.21416909e-09  1.21416909e-09  1.22221305e-20  9.94966324e-23  1.58786432e-19  1.23841439e-19  1.32639485e-08  1.32639485e-08  1.32639485e-08  1.32639485e-08 
 1.00000000e+06  1.33054576e-08  1.33054576e-08  1.31433537e-08  1.31433537e-08  3.95202776e-09  3.95202776e-09  1.25028328e-09  1.25028328e-09  3.58770898e-20  5.49063667e-22  5.06699854e-19  3.23074229e-19  1.33054576e-08  1.33054576e-08  1.33054576e-08  1.33054576e-08  3.11191675e-09  3.11191675e-09  1.27556988e-09  1.27556988e-09  3.52266091e-09  3.52266091e-09  3.17937194e-10  3.17937194e-10  2.44298267e-20  4.84324124e-22  3.54265113e-19  1.70642336e-19  3.11191675e-09  3.11191675e-09  3.11191675e-09  3.11191675e-09  1.29324867e-08  1.29324867e-08  1.30660356e-08  1.30660356e-08  1.79001364e-09  1.79001364e-09  1.20601855e-09  1.20601855e-09  2.62455031e-20  2.58440289e-22  3.62257289e-19  2.74317139e-19  1.29324867e-08  1.29324867e-08  1.29324867e-08  1.29324867e-08 
 1.02329299e+06  1.29616350e-08  1.29616350e-08  1.28090575e-08  1.28090575e-08  3.89357640e-09  3.89357640e-09  1.24035947e-09  1.24035947e-09  4.00164535e-21  5.89373085e-23  2.93141787e-20  2.15049722e-20  1.29616350e-08  1.29616350e-08  1.29616350e-08  1.29616350e-08  3.00390029e-09  3.00390029e-09  1.22902804e-09  1.22902804e-09  3.46361696e-09  3.46361696e-09  3.12032867e-10  3.12032867e-10  2.71049930e-21  5.18752763e-23  2.03938051e-20  1.12794217e-20  3.00390029e-09  3.00390029e-09  3.00390029e-09  3.00390029e-09  1.26049052e-08  1.26049052e-08  1.27350711e-08  1.27350711e-08  1.77711428e-09  1.77711428e-09  1.19732760e-09  1.19732760e-09  2.94024700e-21  2.79501755e-23  2.10565400e-20  1.83085095e-20  1.26049052e-08  1.26049052e-08  1.26049052e-08  1.26049052e-08 
 1.04712855e+06  1.26225733e-08  1.26225733e-08  1.24790984e-08  1.24790984e-08  3.83423341e-09  3.83423341e-09  1.22993242e-09  1.22993242e-09  1.06062161e-20  1.30357362e-22  1.20911604e-19  8.02819800e-20  1.26225733e-08  1.26225733e-08  1.26225733e-08  1.26225733e-08  2.89865855e-09  2.89865855e-09  1.18378636e-09  1.18378636e-09  3.40389843e-09  3.40389843e-09  3.06088537e-10  3.06088537e-10  7.14678937e-21  1.14488005e-22  8.36972435e-20  4.18132039e-20  2.89865855e-09  2.89865855e-09  2.89865855e-09  2.89865855e-09  1.22814920e-08  1.22814920e-08  1.24083179e-08  1.24083179e-08  1.76344571e-09  1.76344571e-09  1.18811839e-09  1.18811839e-09  7.82790412e-21  6.22850910e-23  8.72569243e-20  6.85298215e-20  1.22814920e-08  1.22814920e-08  1.22814920e-08  1.22814920e-08 
 1.07151931e+06  1.22885305e-08  1.22885305e-08  1.21537458e-08  1.21537458e-08  3.77410002e-09  3.77410002e-09  1.21902629e-09  1.21902629e-09  3.34951035e-20  6.70109415e-22  4.87029840e-19  2.95505774e-19  1.22885305e-08  1.22885305e-08  1.22885305e-08  1.22885305e-08  2.79620163e-09  2.79620163e-09  1.13984224e-09  1.13984224e-09  3.34360353e-09  3.34360353e-09  3.00113295e-10  3.00113295e-10  2.24509543e-20  5.87214421e-22  3.35429387e-19  1.52824387e-19  2.79620163e-09  2.79620163e-09  2.79620163e-09  2.79620163e-09  1.19625167e-08  1.19625167e-08  1.20860484e-08  1.20860484e-08  1.74904215e-09  1.74904215e-09  1.17841398e-09  1.17841398e-09  2.48295770e-20  3.22567664e-22  3.53093606e-19  2.52905816e-19  1.19625167e-08  1.19625167e-08  1.19625167e-08  1.19625167e-08 
 1.09647820e+06  1.19597450e-08  1.19597450e-08  1.18332493e-08  1.18332493e-08  3.71327693e-09  3.71327693e-09  1.20766590e-09  1.20766590e-09  1.13688051e-20  1.32172720e-22  1.21348530e-19  7.94014986e-20  1.19597450e-08  1.19597450e-08  1.19597450e-08  1.19597450e-08  2.69653359e-09  2.69653359e-09  1.09719062e-09  1.09719062e-09  3.28282942e-09  3.28282942e-09  2.94116077e-10  2.94116077e-10  7.57947062e-21  1.15562844e-22  8.31499837e-20  4.07728201e-20  2.69653359e-09  2.69653359e-09  2.69653359e-09  2.69653359e-09  1.16482291e-08  1.16482291e-08  1.17685151e-08  1.17685151e-08  1.73393901e-09  1.73393901e-09  1.16823823e-09  1.16823823e-09  8.46395584e-21  6.40976839e-23  8.83793725e-20  6.81297672e-20  1.16482291e-08  1.16482291e-08  1.16482291e-08  1.16482291e-08 
 1.12201845e+06  1.16364347e-08  1.16364347e-08  1.15178386e-08  1.15178386e-08  3.65186386e-09  3.65186386e-09  1.19587669e-09  1.19587669e-09  8.24980577e-21  1.15059462e-22  8.68616831e-20  5.77189918e-20  1.16364347e-08  1.16364347e-08  1.16364347e-08  1.16364347e-08  2.59965255e-09  2.59965255e-09  1.05582405e-09  1.05582405e-09  3.22167181e-09  3.22167181e-09  2.88105621e-10  2.88105621e-10  5.47042940e-21  1.00368923e-22  5.92130953e-20  2.94279757e-20  2.59965255e-09  2.59965255e-09  2.59965255e-09  2.59965255e-09  1.13388596e-08  1.13388596e-08  1.14559506e-08  1.14559506e-08  1.71817263e-09  1.71817263e-09  1.15761563e-09  1.15761563e-09  6.16816428e-21  5.62112677e-23  6.35486764e-20  4.96508334e-20  1.13388596e-08  1.13388596e-08  1.13388596e-08  1.13388596e-08 
 1.14815362e+06  1.13187970e-08  1.13187970e-08  1.12077227e-08  1.12077227e-08  3.58995914e-09  3.58995914e-09  1.18368451e-09  1.18368451e-09  9.53938474e-21  1.30881830e-22  1.02517133e-19  6.71868547e-20  1.13187970e-08  1.13187970e-08  1.13187970e-08  1.13187970e-08  2.50555094e-09  2.50555094e-09  1.01573279e-09  1.01573279e-09  3.16022458e-09  3.16022458e-09  2.82090440e-10  2.82090440e-10  6.29126548e-21  1.13905777e-22  6.95228624e-20  3.40102597e-20  2.50555094e-09  2.50555094e-09  2.50555094e-09  2.50555094e-09  1.10346181e-08  1.10346181e-08  1.11485672e-08  1.11485672e-08  1.70178012e-09  1.70178012e-09  1.14657118e-09  1.14657118e-09  7.16263015e-21  6.44124574e-23  7.53383995e-20  5.79396814e-20  1.10346181e-08  1.10346181e-08  1.10346181e-08  1.10346181e-08 
 1.17489755e+06  1.10070082e-08  1.10070082e-08  1.09030901e-08  1.09030901e-08  3.52765929e-09  3.52765929e-09  1.17111548e-09  1.17111548e-09  5.60877618e-20  9.54500045e-22  6.78563256e-19  4.16909953e-19  1.10070082e-08  1.10070082e-08  1.10070082e-08  1.10070082e-08  2.41421568e-09  2.41421568e-09  9.76904908e-10  9.76904908e-10  3.09857939e-09  3.09857939e-09  2.76078786e-10  2.76078786e-10  3.67880733e-20  8.28730350e-22  4.57765464e-19  2.09525277e-19  2.41421568e-09  2.41421568e-09  2.41421568e-09  2.41421568e-09  1.07356943e-08  1.07356943e-08  1.08465563e-08  1.08465563e-08  1.68479912e-09  1.68479912e-09  1.13513023e-09  1.13513023e-09  4.22903772e-20  4.73191964e-22  5.00877784e-19  3.60414768e-19  1.07356943e-08  1.07356943e-08  1.07356943e-08  1.07356943e-08 
 1.20226443e+06  1.07012244e-08  1.07012244e-08  1.06041088e-08  1.06041088e-08  3.46505867e-09  3.46505867e-09  1.15819593e-09  1.15819593e-09  2.24238157e-20  4.93422540e-22  2.96243076e-19  1.75033817e-19  1.07012244e-08  1.07012244e-08  1.07012244e-08  1.07012244e-08  2.32562843e-09  2.32562843e-09  9.39326430e-10  9.39326430e-10  3.03682538e-09  3.03682538e-09  2.70078626e-10  2.70078626e-10  1.46266046e-20  4.27377570e-22  1.98793528e-19  8.73311745e-20  2.32562843e-09  2.32562843e-09  2.32562843e-09  2.32562843e-09  1.04422575e-08  1.04422575e-08  1.05500890e-08  1.05500890e-08  1.66726764e-09  1.66726764e-09  1.12331839e-09  1.12331839e-09  1.69776680e-20  2.46397242e-22  2.19629659e-19  1.51682492e-19  1.04422575e-08  1.04422575e-08  1.04422575e-08  1.04422575e-08 
 1.23026877e+06  1.04015807e-08  1.04015807e-08  1.03109262e-08  1.03109262e-08  3.40224914e-09  3.40224914e-09  1.14495222e-09  1.14495222e-09  3.21891746e-21  1.08048018e-22  4.88921698e-20  2.43075432e-20  1.04015807e-08  1.04015807e-08  1.04015807e-08  1.04015807e-08  2.23976586e-09  2.23976586e-09  9.02981441e-10  9.02981441e-10  2.97504888e-09  2.97504888e-09  2.64097620e-10  2.64097620e-10  2.08784289e-21  9.33573782e-23  3.26343211e-20  1.20399982e-20  2.23976586e-09  2.23976586e-09  2.23976586e-09  2.23976586e-09  1.01544567e-08  1.01544567e-08  1.02593160e-08  1.02593160e-08  1.64922384e-09  1.64922384e-09  1.11116138e-09  1.11116138e-09  2.44699076e-21  5.43466480e-23  3.64051922e-20  2.11150724e-20  1.01544567e-08  1.01544567e-08  1.01544567e-08  1.01544567e-08 
 1.25892541e+06  1.01081923e-08  1.01081923e-08  1.00236694e-08  1.00236694e-08  3.33931978e-09  3.33931978e-09  1.13141060e-09  1.13141060e-09  1.83366581e-20  4.07033535e-22  2.32162809e-19  1.35049143e-19  1.01081923e-08  1.01081923e-08  1.01081923e-08  1.01081923e-08  2.15659996e-09  2.15659996e-09  8.67852234e-10  8.67852234e-10  2.91333312e-09  2.91333312e-09  2.58143096e-10  2.58143096e-10  1.18273690e-20  3.50828178e-22  1.54130679e-19  6.64048937e-20  2.15659996e-09  2.15659996e-09  2.15659996e-09  2.15659996e-09  9.87242094e-09  9.87242094e-09  9.97436756e-09  9.97436756e-09  1.63070591e-09  1.63070591e-09  1.09868493e-09  1.09868493e-09  1.39966036e-20  2.06214208e-22  1.73611240e-19  1.17588876e-19  9.87242094e-09  9.87242094e-09  9.87242094e-09  9.87242094e-09 
 1.28824955e+06  9.82115428e-09  9.82115428e-09  9.74244592e-09  9.74244592e-09  3.27635661e-09  3.27635661e-09  1.11759717e-09  1.11759717e-09  2.35958755e-20  4.35387352e-22  2.54737066e-19  1.55152966e-19  9.82115428e-09  9.82115428e-09  9.82115428e-09  9.82115428e-09  2.07609833e-09  2.07609833e-09  8.33919443e-10  8.33919443e-10  2.85175806e-09  2.85175806e-09  2.52222038e-10  2.52222038e-10  1.51334592e-20  3.74330452e-22  1.68201449e-19  7.57314647e-20  2.07609833e-09  2.07609833e-09  2.07609833e-09  2.07609833e-09  9.59625965e-09  9.59625965e-09  9.69535426e-09  9.69535426e-09  1.61175185e-09  1.61175185e-09  1.08591463e-09  1.08591463e-09  1.80830934e-20  2.22166859e-22  1.91301545e-19  1.35407435e-19  9.59625965e-09  9.59625965e-09  9.59625965e-09  9.59625965e-09 
 1.31825674e+06  9.54054273e-09  9.54054273e-09  9.46734368e-09  9.46734368e-09  3.21344239e-09  3.21344239e-09  1.10353774e-09  1.10353774e-09  3.66064474e-20  7.34082347e-22  4.00780709e-19  2.40894770e-19  9.54054273e-09  9.54054273e-09  9.54054273e-09  9.54054273e-09  1.99822450e-09  1.99822450e-09  8.01162194e-10  8.01162194e-10  2.79040016e-09  2.79040016e-09  2.46341072e-10  2.46341072e-10  2.33440696e-20  6.29535121e-22  2.63187691e-19  1.16717761e-19  1.99822450e-09  1.99822450e-09  1.99822450e-09  1.99822450e-09  9.32606312e-09  9.32606312e-09  9.42236731e-09  9.42236731e-09  1.59239934e-09  1.59239934e-09  1.07287587e-09  1.07287587e-09  2.81650861e-20  3.77262884e-22  3.02241655e-19  2.10718712e-19  9.32606312e-09  9.32606312e-09  9.32606312e-09  9.32606312e-09 
 1.34896288e+06  9.26641497e-09  9.26641497e-09  9.19843199e-09  9.19843199e-09  3.15065641e-09  3.15065641e-09  1.08925772e-09  1.08925772e-09  2.55938306e-20  5.12742035e-22  2.69419066e-19  1.61732722e-19  9.26641497e-09  9.26641497e-09  9.26641497e-09  9.26641497e-09  1.92293826e-09  1.92293826e-09  7.69558246e-10  7.69558246e-10  2.72933225e-09  2.72933225e-09  2.40506450e-10  2.40506450e-10  1.62274738e-20  4.38586536e-22  1.75949622e-19  7.77832663e-20  1.92293826e-09  1.92293826e-09  1.92293826e-09  1.92293826e-09  9.06190306e-09  9.06190306e-09  9.15547916e-09  9.15547916e-09  1.57268558e-09  1.57268558e-09  1.05959373e-09  1.05959373e-09  1.97690333e-20  2.65386857e-22  2.04022039e-19  1.41792196e-19  9.06190306e-09  9.06190306e-09  9.06190306e-09  9.06190306e-09 
 1.38038426e+06  8.99881038e-09  8.99881038e-09  8.93576210e-09  8.93576210e-09  3.08807437e-09  3.08807437e-09  1.07478205e-09  1.07478205e-09  4.60641307e-21  1.15468119e-22  6.11573150e-20  3.18686251e-20  8.99881038e-09  8.99881038e-09  8.99881038e-09  8.99881038e-09  1.85019601e-09  1.85019601e-09  7.39084137e-10  7.39084137e-10  2.66862339e-09  2.66862339e-09  2.34724053e-10  2.34724053e-10  2.90383571e-21  9.85101016e-23  3.97182222e-20  1.52130374e-20  1.85019601e-09  1.85019601e-09  1.85019601e-09  1.85019601e-09  8.80383330e-09  8.80383330e-09  8.89474421e-09  8.89474421e-09  1.55264722e-09  1.55264722e-09  1.04609288e-09  1.04609288e-09  3.57195975e-21  6.01873031e-23  4.65027404e-20  2.80015509e-20  8.80383330e-09  8.80383330e-09  8.80383330e-09  8.80383330e-09 
 1.41253754e+06  8.73775122e-09  8.73775122e-09  8.67936793e-09  8.67936793e-09  3.02576820e-09  3.02576820e-09  1.06013514e-09  1.06013514e-09  1.13428278e-20  2.91302499e-22  1.31943997e-19  7.35121152e-20  8.73775122e-09  8.73775122e-09  8.73775122e-09  8.73775122e-09  1.77995106e-09  1.77995106e-09  7.09715333e-10  7.09715333e-10  2.60833884e-09  2.60833884e-09  2.28999376e-10  2.28999376e-10  7.10839850e-21  2.47862966e-22  8.52103980e-20  3.48306408e-20  1.77995106e-09  1.77995106e-09  1.77995106e-09  1.77995106e-09  8.55189050e-09  8.55189050e-09  8.64019950e-09  8.64019950e-09  1.53232013e-09  1.53232013e-09  1.03239751e-09  1.03239751e-09  8.82889358e-21  1.52909955e-22  1.00735220e-19  6.47332808e-20  8.55189050e-09  8.55189050e-09  8.55189050e-09  8.55189050e-09 
 1.44543977e+06  8.48324343e-09  8.48324343e-09  8.42926690e-09  8.42926690e-09  2.96380602e-09  2.96380602e-09  1.04534076e-09  1.04534076e-09  7.00263305e-21  1.41130359e-22  6.12345691e-20  3.73876927e-20  8.48324343e-09  8.48324343e-09  8.48324343e-09  8.48324343e-09  1.71215399e-09  1.71215399e-09  6.81426369e-10  6.81426369e-10  2.54853991e-09  2.54853991e-09  2.23337531e-10  2.23337531e-10  4.36258578e-21  1.19763229e-22  3.93225291e-20  1.75819470e-20  1.71215399e-09  1.71215399e-09  1.71215399e-09  1.71215399e-09  8.30609499e-09  8.30609499e-09  8.39186556e-09  8.39186556e-09  1.51173942e-09  1.51173942e-09  1.01853126e-09  1.01853126e-09  5.47114840e-21  7.46015092e-23  4.69386060e-20  3.29938595e-20  8.30609499e-09  8.30609499e-09  8.30609499e-09  8.30609499e-09 
 1.47910839e+06  8.23527757e-09  8.23527757e-09  8.18546082e-09  8.18546082e-09  2.90225207e-09  2.90225207e-09  1.03042203e-09  1.03042203e-09  1.53479182e-20  3.15526299e-22  1.43194482e-19  8.41797047e-20  8.23527757e-09  8.23527757e-09  8.23527757e-09  8.23527757e-09  1.64675299e-09  1.64675299e-09  6.54190987e-10  6.54190987e-10  2.48928400e-09  2.48928400e-09  2.17743251e-10  2.17743251e-10  9.50514590e-21  2.67027172e-22  9.14309412e-20  3.92886914e-20  1.64675299e-09  1.64675299e-09  1.64675299e-09  1.64675299e-09  8.06645157e-09  8.06645157e-09  8.14974723e-09  8.14974723e-09  1.49093925e-09  1.49093925e-09  1.00451715e-09  1.00451715e-09  1.20363083e-20  1.67949831e-22  1.10200087e-19  7.44446886e-20  8.06645157e-09  8.06645157e-09  8.06645157e-09  8.06645157e-09 
 1.51356125e+06  7.99382968e-09  7.99382968e-09  7.94793676e-09  7.94793676e-09  2.84116666e-09  2.84116666e-09  1.01540132e-09  1.01540132e-09  1.38756209e-20  3.27476333e-22  1.31362140e-19  7.70887451e-20  7.99382968e-09  7.99382968e-09  7.99382968e-09  7.99382968e-09  1.58369413e-09  1.58369413e-09  6.27982277e-10  6.27982277e-10  2.43062459e-09  2.43062459e-09  2.12220886e-10  2.12220886e-10  8.54193343e-21  2.76374247e-22  8.33949284e-20  3.57074741e-20  1.58369413e-09  1.58369413e-09  1.58369413e-09  1.58369413e-09  7.83295041e-09  7.83295041e-09  7.91383461e-09  7.91383461e-09  1.46995279e-09  1.46995279e-09  9.90377524e-10  9.90377524e-10  1.09217114e-20  1.75518011e-22  1.01491200e-19  6.83164490e-20  7.83295041e-09  7.83295041e-09  7.83295041e-09  7.83295041e-09 
 1.54881662e+06  7.75886226e-09  7.75886226e-09  7.71666801e-09  7.71666801e-09  2.78060619e-09  2.78060619e-09  1.00030025e-09  1.00030025e-09  8.30946479e-21  1.78973623e-22  7.09340799e-20  4.16965779e-20  7.75886226e-09  7.75886226e-09  7.75886226e-09  7.75886226e-09  1.52292173e-09  1.52292173e-09  6.02772801e-10  6.02772801e-10  2.37261122e-09  2.37261122e-09  2.06774413e-10  2.06774413e-10  5.08462079e-21  1.50623004e-22  4.47720867e-20  1.91673844e-20  1.52292173e-09  1.52292173e-09  1.52292173e-09  1.52292173e-09  7.60556801e-09  7.60556801e-09  7.68410392e-09  7.68410392e-09  1.44881215e-09  1.44881215e-09  9.76134020e-10  9.76134020e-10  6.56437048e-21  9.65862758e-23  5.50168956e-20  3.70278936e-20  7.60556801e-09  7.60556801e-09  7.60556801e-09  7.60556801e-09 
 1.58489319e+06  7.53032525e-09  7.53032525e-09  7.49161500e-09  7.49161500e-09  2.72062312e-09  2.72062312e-09  9.85139607e-10  9.85139607e-10  3.06953411e-21  6.48767301e-23  1.93717895e-20  1.10214108e-20  7.53032525e-09  7.53032525e-09  7.53032525e-09  7.53032525e-09  1.46437863e-09  1.46437863e-09  5.78534722e-10  5.78534722e-10  2.31528956e-09  2.31528956e-09  2.01407441e-10  2.01407441e-10  1.86682276e-21  5.44446988e-23  1.21558586e-20  5.02782615e-21  1.46437863e-09  1.46437863e-09  1.46437863e-09  1.46437863e-09  7.38426806e-09  7.38426806e-09  7.46051850e-09  7.46051850e-09  1.42754831e-09  1.42754831e-09  9.61807510e-10  9.61807510e-10  2.43353503e-21  3.52516716e-23  1.50825365e-20  9.80723103e-21  7.38426806e-09  7.38426806e-09  7.38426806e-09  7.38426806e-09 
 1.62181010e+06  7.30815699e-09  7.30815699e-09  7.27272627e-09  7.27272627e-09  2.66126607e-09  2.66126607e-09  9.69939358e-10  9.69939358e-10  2.46454965e-21  8.35366179e-23  2.59032812e-20  1.09706904e-20  7.30815699e-09  7.30815699e-09  7.30815699e-09  7.30815699e-09  1.40800649e-09  1.40800649e-09  5.55239923e-10  5.55239923e-10  2.25870148e-09  2.25870148e-09  1.96123220e-10  1.96123220e-10  1.48971408e-21  6.99018825e-23  1.61590114e-20  4.96643450e-21  1.40800649e-09  1.40800649e-09  1.40800649e-09  1.40800649e-09  7.16900244e-09  7.16900244e-09  7.24302973e-09  7.24302973e-09  1.40619107e-09  1.40619107e-09  9.47418075e-10  9.47418075e-10  1.96081868e-21  4.56996620e-23  2.02443358e-20  9.78162178e-21  7.16900244e-09  7.16900244e-09  7.16900244e-09  7.16900244e-09 
 1.65958691e+06  7.09228516e-09  7.09228516e-09  7.05993943e-09  7.05993943e-09  2.60257984e-09  2.60257984e-09  9.54718602e-10  9.54718602e-10  3.84791972e-20  9.91250349e-22  3.58759235e-19  1.94483673e-19  7.09228516e-09  7.09228516e-09  7.09228516e-09  7.09228516e-09  1.35374606e-09  1.35374606e-09  5.32860115e-10  5.32860115e-10  2.20288510e-09  2.20288510e-09  1.90924650e-10  1.90924650e-10  2.31176656e-20  8.27050929e-22  2.22478423e-19  8.73671018e-20  1.35374606e-09  1.35374606e-09  1.35374606e-09  1.35374606e-09  6.95971214e-09  6.95971214e-09  7.03157797e-09  7.03157797e-09  1.38476904e-09  1.38476904e-09  9.32984983e-10  9.32984983e-10  3.07240521e-20  5.45954400e-22  2.81434052e-19  1.73745707e-19  6.95971214e-09  6.95971214e-09  6.95971214e-09  6.95971214e-09 
 1.69824365e+06  6.88262778e-09  6.88262778e-09  6.85318207e-09  6.85318207e-09  2.54460547e-09  2.54460547e-09  9.39495566e-10  9.39495566e-10  2.53245592e-20  6.73529053e-22  2.34532952e-19  1.25466256e-19  6.88262778e-09  6.88262778e-09  6.88262778e-09  6.88262778e-09  1.30153744e-09  1.30153744e-09  5.11366947e-10  5.11366947e-10  2.14787489e-09  2.14787489e-09  1.85814293e-10  1.85814293e-10  1.51204490e-20  5.60299451e-22  1.44575350e-19  5.59284498e-20  1.30153744e-09  1.30153744e-09  1.30153744e-09  1.30153744e-09  6.75632817e-09  6.75632817e-09  6.82609355e-09  6.82609355e-09  1.36330956e-09  1.36330956e-09  9.18526666e-10  9.18526666e-10  2.02908015e-20  3.73460190e-22  1.84664323e-19  1.12304960e-19  6.75632817e-09  6.75632817e-09  6.75632817e-09  6.75632817e-09 
 1.73780083e+06  6.67909412e-09  6.67909412e-09  6.65237276e-09  6.65237276e-09  2.48738037e-09  2.48738037e-09  9.24287590e-10  9.24287590e-10  3.17556587e-21  6.42713942e-23  1.85246435e-20  9.99770248e-21  6.67909412e-09  6.67909412e-09  6.67909412e-09  6.67909412e-09  1.25132032e-09  1.25132032e-09  4.90732098e-10  4.90732098e-10  2.09370181e-09  2.09370181e-09  1.80794387e-10  1.80794387e-10  1.88416446e-21  5.33066729e-23  1.13508053e-20  4.42215479e-21  1.25132032e-09  1.25132032e-09  1.25132032e-09  1.25132032e-09  6.55877253e-09  6.55877253e-09  6.62649765e-09  6.62649765e-09  1.34183875e-09  1.34183875e-09  9.04060706e-10  9.04060706e-10  2.55301475e-21  3.58761387e-23  1.46391352e-20  8.96602807e-21  6.55877253e-09  6.55877253e-09  6.55877253e-09  6.55877253e-09 
 1.77827941e+06  6.48158562e-09  6.48158562e-09  6.45742189e-09  6.45742189e-09  2.43093841e-09  2.43093841e-09  9.09111127e-10  9.09111127e-10  1.02561818e-20  2.39634617e-22  7.85104279e-20  4.25533370e-20  6.48158562e-09  6.48158562e-09  6.48158562e-09  6.48158562e-09  1.20303424e-09  1.20303424e-09  4.70927370e-10  4.70927370e-10  2.04039338e-09  2.04039338e-09  1.75866854e-10  1.75866854e-10  6.04732237e-21  1.98149997e-22  4.78158134e-20  1.86759573e-20  1.20303424e-09  1.20303424e-09  1.20303424e-09  1.20303424e-09  6.36695907e-09  6.36695907e-09  6.43270322e-09  6.43270322e-09  1.32038142e-09  1.32038142e-09  8.89603834e-10  8.89603834e-10  8.27365935e-21  1.34653668e-22  6.22673371e-20  3.82339376e-20  6.36695907e-09  6.36695907e-09  6.36695907e-09  6.36695907e-09 
 1.81970086e+06  6.28999680e-09  6.28999680e-09  6.26823262e-09  6.26823262e-09  2.37530999e-09  2.37530999e-09  8.93981740e-10  8.93981740e-10  3.79799325e-20  9.93821629e-22  3.11938971e-19  1.64894689e-19  6.28999680e-09  6.28999680e-09  6.28999680e-09  6.28999680e-09  1.15661874e-09  1.15661874e-09  4.51924772e-10  4.51924772e-10  1.98797381e-09  1.98797381e-09  1.71033319e-10  1.71033319e-10  2.22525855e-20  8.19246123e-22  1.88826207e-19  7.18056558e-20  1.15661874e-09  1.15661874e-09  1.15661874e-09  1.15661874e-09  6.18079439e-09  6.18079439e-09  6.24461589e-09  6.24461589e-09  1.29896114e-09  1.29896114e-09  8.75171919e-10  8.75171919e-10  3.07407879e-20  5.62132263e-22  2.48285304e-19  1.48431066e-19  6.18079439e-09  6.18079439e-09  6.18079439e-09  6.18079439e-09 
 1.86208714e+06  6.10421609e-09  6.10421609e-09  6.08470167e-09  6.08470167e-09  2.32052224e-09  2.32052224e-09  8.78914109e-10  8.78914109e-10  1.71058245e-20  4.86032627e-22  1.47153878e-19  7.50164437e-20  6.10421609e-09  6.10421609e-09  6.10421609e-09  6.10421609e-09  1.11201363e-09  1.11201363e-09  4.33696590e-10  4.33696590e-10  1.93646417e-09  1.93646417e-09  1.66295120e-10  1.66295120e-10  9.95865690e-21  3.99406932e-22  8.85307042e-20  3.24114688e-20  1.11201363e-09  1.11201363e-09  1.11201363e-09  1.11201363e-09  6.00017864e-09  6.00017864e-09  6.06213481e-09  6.06213481e-09  1.27760018e-09  1.27760018e-09  8.60779977e-10  8.60779977e-10  1.38910567e-20  2.76719468e-22  1.17539182e-19  6.76495429e-20  6.00017864e-09  6.00017864e-09  6.00017864e-09  6.00017864e-09 
 1.90546072e+06  5.92412667e-09  5.92412667e-09  5.90672018e-09  5.90672018e-09  2.26659908e-09  2.26659908e-09  8.63922042e-10  8.63922042e-10  3.09076402e-21  1.08579030e-22  2.88408104e-20  1.30895899e-20  5.92412667e-09  5.92412667e-09  5.92412667e-09  5.92412667e-09  1.06915910e-09  1.06915910e-09  4.16215460e-10  4.16215460e-10  1.88588250e-09  1.88588250e-09  1.61653325e-10  1.61653325e-10  1.78777897e-21  8.89446928e-23  1.72440979e-20  5.61107742e-21  1.06915910e-09  1.06915910e-09  1.06915910e-09  1.06915910e-09  5.82500639e-09  5.82500639e-09  5.88515344e-09  5.88515344e-09  1.25631958e-09  1.25631958e-09  8.46442173e-10  8.46442173e-10  2.51795718e-21  6.22220271e-23  2.31168803e-20  1.18253068e-20  5.82500639e-09  5.82500639e-09  5.82500639e-09  5.82500639e-09 
 1.94984460e+06  5.74960723e-09  5.74960723e-09  5.73417452e-09  5.73417452e-09  2.21356139e-09  2.21356139e-09  8.49018484e-10  8.49018484e-10  2.66562240e-20  7.52032813e-22  2.16001833e-19  1.08054475e-19  5.74960723e-09  5.74960723e-09  5.74960723e-09  5.74960723e-09  1.02799593e-09  1.02799593e-09  3.99454428e-10  3.99454428e-10  1.83624395e-09  1.83624395e-09  1.57108746e-10  1.57108746e-10  1.53202169e-20  6.14079295e-22  1.28346080e-19  4.59545574e-20  1.02799593e-09  1.02799593e-09  1.02799593e-09  1.02799593e-09  5.65516739e-09  5.65516739e-09  5.71356039e-09  5.71356039e-09  1.23513912e-09  1.23513912e-09  8.32171837e-10  8.32171837e-10  2.17871001e-20  4.33759072e-22  1.73728614e-19  9.77900665e-20  5.65516739e-09  5.65516739e-09  5.65516739e-09  5.65516739e-09 
 1.99526231e+06  5.58053275e-09  5.58053275e-09  5.56694696e-09  5.56694696e-09  2.16142713e-09  2.16142713e-09  8.34215537e-10  8.34215537e-10  2.78388627e-20  7.73208600e-22  2.09150558e-19  1.05031861e-19  5.58053275e-09  5.58053275e-09  5.58053275e-09  5.58053275e-09  9.88465609e-10  9.88465609e-10  3.83387000e-10  3.83387000e-10  1.78756095e-09  1.78756095e-09  1.52661953e-10  1.52661953e-10  1.58961279e-20  6.29326417e-22  1.23497395e-19  4.43159968e-20  9.88465609e-10  9.88465609e-10  9.88465609e-10  9.88465609e-10  5.49054726e-09  5.49054726e-09  5.54724012e-09  5.54724012e-09  1.21407735e-09  1.21407735e-09  8.17981469e-10  8.17981469e-10  2.28257924e-20  4.48848811e-22  1.68789934e-19  9.52196709e-20  5.49054726e-09  5.49054726e-09  5.49054726e-09  5.49054726e-09 
 2.04173794e+06  5.41677515e-09  5.41677515e-09  5.40491645e-09  5.40491645e-09  2.11021150e-09  2.11021150e-09  8.19524479e-10  8.19524479e-10  1.62412315e-20  4.85394209e-22  1.28208951e-19  6.21481496e-20  5.41677515e-09  5.41677515e-09  5.41677515e-09  5.41677515e-09  9.50510492e-10  9.50510492e-10  3.67987194e-10  3.67987194e-10  1.73984332e-09  1.73984332e-09  1.48313289e-10  1.48313289e-10  9.21334590e-21  3.93773337e-22  7.52267447e-20  2.60141412e-20  9.50510492e-10  9.50510492e-10  9.50510492e-10  9.50510492e-10  5.33102827e-09  5.33102827e-09  5.38607365e-09  5.38607365e-09  1.19315163e-09  1.19315163e-09  8.03882763e-10  8.03882763e-10  1.33583215e-20  2.83576621e-22  1.03815217e-19  5.64385239e-20  5.33102827e-09  5.33102827e-09  5.33102827e-09  5.33102827e-09 
 2.08929613e+06  5.25820400e-09  5.25820400e-09  5.24795924e-09  5.24795924e-09  2.05992708e-09  2.05992708e-09  8.04955781e-10  8.04955781e-10  1.00633321e-20  3.10826797e-22  7.90298230e-20  3.73163637e-20  5.25820400e-09  5.25820400e-09  5.25820400e-09  5.25820400e-09  9.14073886e-10  9.14073886e-10  3.53229578e-10  3.53229578e-10  1.69309845e-09  1.69309845e-09  1.44062885e-10  1.44062885e-10  5.67125976e-21  2.51318686e-22  4.60767398e-20  1.54956811e-20  9.14073886e-10  9.14073886e-10  9.14073886e-10  9.14073886e-10  5.17648992e-09  5.17648992e-09  5.22993926e-09  5.22993926e-09  1.17237814e-09  1.17237814e-09  7.89886621e-10  7.89886621e-10  8.30259885e-21  1.82746428e-22  6.42052421e-20  3.39450791e-20  5.17648992e-09  5.17648992e-09  5.17648992e-09  5.17648992e-09 
 2.13796209e+06  5.10468711e-09  5.10468711e-09  5.09594951e-09  5.09594951e-09  2.01058398e-09  2.01058398e-09  7.90519134e-10  7.90519134e-10  1.83005890e-20  5.34640392e-22  1.28562678e-19  6.20162655e-20  5.10468711e-09  5.10468711e-09  5.10468711e-09  5.10468711e-09  8.79100172e-10  8.79100172e-10  3.39089307e-10  3.39089307e-10  1.64733143e-09  1.64733143e-09  1.39910674e-10  1.39910674e-10  1.02453087e-20  4.30829573e-22  7.44773520e-20  2.55467310e-20  8.79100172e-10  8.79100172e-10  8.79100172e-10  8.79100172e-10  5.02680960e-09  5.02680960e-09  5.07871306e-09  5.07871306e-09  1.15177192e-09  1.15177192e-09  7.76003177e-10  7.76003177e-10  1.51446612e-20  3.16322164e-22  1.04788343e-19  5.65069009e-20  5.02680960e-09  5.02680960e-09  5.02680960e-09  5.02680960e-09 
 2.18776162e+06  4.95609108e-09  4.95609108e-09  4.94875996e-09  4.94875996e-09  1.96218993e-09  1.96218993e-09  7.76223475e-10  7.76223475e-10  3.64460885e-20  1.09353716e-21  2.61821024e-19  1.21742609e-19  4.95609108e-09  4.95609108e-09  4.95609108e-09  4.95609108e-09  8.45534883e-10  8.45534883e-10  3.25542149e-10  3.25542149e-10  1.60254521e-09  1.60254521e-09  1.35856405e-10  1.35856405e-10  2.02684175e-20  8.78204133e-22  1.50700366e-19  4.97484309e-20  8.45534883e-10  8.45534883e-10  8.45534883e-10  8.45534883e-10  4.88186314e-09  4.88186314e-09  4.93226962e-09  4.93226962e-09  1.13134690e-09  1.13134690e-09  7.62241816e-10  7.62241816e-10  3.02520185e-20  6.51057870e-22  2.14093288e-19  1.11108054e-19  4.88186314e-09  4.88186314e-09  4.88186314e-09  4.88186314e-09 
 2.23872114e+06  4.81228189e-09  4.81228189e-09  4.80626233e-09  4.80626233e-09  1.91475050e-09  1.91475050e-09  7.62077006e-10  7.62077006e-10  1.78759582e-20  5.53602772e-22  1.27629665e-19  5.80492267e-20  4.81228189e-09  4.81228189e-09  4.81228189e-09  4.81228189e-09  8.13324786e-10  8.13324786e-10  3.12564514e-10  3.12564514e-10  1.55874071e-09  1.55874071e-09  1.31899658e-10  1.31899658e-10  9.87472136e-21  4.43056692e-22  7.29867281e-20  2.35303802e-20  8.13324786e-10  8.13324786e-10  8.13324786e-10  8.13324786e-10  4.74152537e-09  4.74152537e-09  4.79048245e-09  4.79048245e-09  1.11111594e-09  1.11111594e-09  7.48611203e-10  7.48611203e-10  1.48819337e-20  3.31652608e-22  1.04696615e-19  5.30634030e-20  4.74152537e-09  4.74152537e-09  4.74152537e-09  4.74152537e-09 
 2.29086765e+06  4.67312529e-09  4.67312529e-09  4.66832789e-09  4.66832789e-09  1.86826920e-09  1.86826920e-09  7.48087230e-10  7.48087230e-10  3.33163218e-20  1.03002203e-21  2.29519340e-19  1.03140875e-19  4.67312529e-09  4.67312529e-09  4.67312529e-09  4.67312529e-09  7.82417942e-10  7.82417942e-10  3.00133469e-10  3.00133469e-10  1.51591698e-09  1.51591698e-09  1.28039855e-10  1.28039855e-10  1.82803198e-20  8.21464052e-22  1.30399567e-19  4.14713199e-20  7.82417942e-10  7.82417942e-10  7.82417942e-10  7.82417942e-10  4.60567058e-09  4.60567058e-09  4.65322455e-09  4.65322455e-09  1.09109086e-09  1.09109086e-09  7.35119301e-10  7.35119301e-10  2.78175132e-20  6.20887161e-22  1.88870832e-19  9.44308745e-20  4.60567058e-09  4.60567058e-09  4.60567058e-09  4.60567058e-09 
 2.34422882e+06  4.53848736e-09  4.53848736e-09  4.53482794e-09  4.53482794e-09  1.82274760e-09  1.82274760e-09  7.34260973e-10  7.34260973e-10  3.67524665e-20  1.14988799e-21  2.47844424e-19  1.09536930e-19  4.53848736e-09  4.53848736e-09  4.53848736e-09  4.53848736e-09  7.52763755e-10  7.52763755e-10  2.88226754e-10  2.88226754e-10  1.47407135e-09  1.47407135e-09  1.24276274e-10  1.24276274e-10  2.00293458e-20  9.13817683e-22  1.39888771e-19  4.36868925e-20  7.52763755e-10  7.52763755e-10  7.52763755e-10  7.52763755e-10  4.47417298e-09  4.47417298e-09  4.52036884e-09  4.52036884e-09  1.07128249e-09  1.07128249e-09  7.21773405e-10  7.21773405e-10  3.07752280e-20  6.97402780e-22  2.04583969e-19  1.00442452e-19  4.47417298e-09  4.47417298e-09  4.47417298e-09  4.47417298e-09 
 2.39883292e+06  4.40823482e-09  4.40823482e-09  4.40563414e-09  4.40563414e-09  1.77818549e-09  1.77818549e-09  7.20604412e-10  7.20604412e-10  2.08784713e-20  6.71220278e-22  1.39390508e-19  6.03915171e-20  4.40823482e-09  4.40823482e-09  4.40823482e-09  4.40823482e-09  7.24313017e-10  7.24313017e-10  2.76822791e-10  2.76822791e-10  1.43319954e-09  1.43319954e-09  1.20608062e-10  1.20608062e-10  1.13009225e-20  5.31510470e-22  7.81566811e-20  2.38907188e-20  7.24313017e-10  7.24313017e-10  7.24313017e-10  7.24313017e-10  4.34690712e-09  4.34690712e-09  4.39178858e-09  4.39178858e-09  1.05170069e-09  1.05170069e-09  7.08580163e-10  7.08580163e-10  1.75326842e-20  4.09577358e-22  1.15413033e-19  5.54619801e-20  4.34690712e-09  4.34690712e-09  4.34690712e-09  4.34690712e-09 
 2.45470892e+06  4.28223542e-09  4.28223542e-09  4.28061898e-09  4.28061898e-09  1.73458102e-09  1.73458102e-09  7.07123107e-10  7.07123107e-10  1.49830283e-20  4.84623139e-22  9.84094045e-20  4.14772696e-20  4.28223542e-09  4.28223542e-09  4.28223542e-09  4.28223542e-09  6.97017940e-10  6.97017940e-10  2.65900692e-10  2.65900692e-10  1.39329578e-09  1.39329578e-09  1.17034245e-10  1.17034245e-10  8.05445759e-21  3.82362430e-22  5.48127014e-20  1.62747908e-20  6.97017940e-10  6.97017940e-10  6.97017940e-10  6.97017940e-10  4.22374827e-09  4.22374827e-09  4.26735772e-09  4.26735772e-09  1.03235442e-09  1.03235442e-09  6.95545604e-10  6.95545604e-10  1.26174274e-20  2.97508467e-22  8.17278270e-20  3.81488603e-20  4.22374827e-09  4.22374827e-09  4.22374827e-09  4.22374827e-09 
 2.51188643e+06  4.16035832e-09  4.16035832e-09  4.15965603e-09  4.15965603e-09  1.69193077e-09  1.69193077e-09  6.93822027e-10  6.93822027e-10  1.06730871e-20  3.51374496e-22  6.86627951e-20  2.80682784e-20  4.16035832e-09  4.16035832e-09  4.16035832e-09  4.16035832e-09  6.70832172e-10  6.70832172e-10  2.55440263e-10  2.55440263e-10  1.35435296e-09  1.35435296e-09  1.13553743e-10  1.13553743e-10  5.69807512e-21  2.76214249e-22  3.79892215e-20  1.09235157e-20  6.70832172e-10  6.70832172e-10  6.70832172e-10  6.70832172e-10  4.10457271e-09  4.10457271e-09  4.14695130e-09  4.14695130e-09  1.01325174e-09  1.01325174e-09  6.82675166e-10  6.82675166e-10  9.01286125e-21  2.17005227e-22  5.71938245e-20  2.58540505e-20  4.10457271e-09  4.10457271e-09  4.10457271e-09  4.10457271e-09 
 2.57039578e+06  4.04247431e-09  4.04247431e-09  4.04262031e-09  4.04262031e-09  1.65022993e-09  1.65022993e-09  6.80705579e-10  6.80705579e-10  2.34341125e-21  6.71239461e-23  1.09865242e-20  3.76249670e-21  4.04247431e-09  4.04247431e-09  4.04247431e-09  4.04247431e-09  6.45710820e-10  6.45710820e-10  2.45421999e-10  2.45421999e-10  1.31636271e-09  1.31636271e-09  1.10165375e-10  1.10165375e-10  1.24241787e-21  5.25702014e-23  6.03776616e-21  1.45228959e-21  6.45710820e-10  6.45710820e-10  6.45710820e-10  6.45710820e-10  3.98925809e-09  3.98925809e-09  4.03044568e-09  4.03044568e-09  9.94399896e-10  9.94399896e-10  6.69973723e-10  6.69973723e-10  1.98427658e-21  4.17026600e-23  9.17835886e-21  3.47071840e-21  3.98925809e-09  3.98925809e-09  3.98925809e-09  3.98925809e-09 
 2.63026799e+06  3.92845611e-09  3.92845611e-09  3.92938852e-09  3.92938852e-09  1.60947237e-09  1.60947237e-09  6.67777634e-10  6.67777634e-10  3.02942814e-20  9.72632043e-22  1.78539512e-19  7.12936540e-20  3.92845611e-09  3.92845611e-09  3.92845611e-09  3.92845611e-09  6.21610450e-10  6.21610450e-10  2.35827087e-10  2.35827087e-10  1.27931555e-09  1.27931555e-09  1.06867876e-10  1.06867876e-10  1.59499293e-20  7.58888065e-22  9.74563738e-20  2.72928580e-20  6.21610450e-10  6.21610450e-10  6.21610450e-10  6.21610450e-10  3.87768367e-09  3.87768367e-09  3.91771888e-09  3.91771888e-09  9.75805313e-10  9.75805313e-10  6.57445611e-10  6.57445611e-10  2.57213216e-20  6.07857584e-22  1.49588771e-19  6.58590056e-20  3.87768367e-09  3.87768367e-09  3.87768367e-09  3.87768367e-09 
 2.69153480e+06  3.81817858e-09  3.81817858e-09  3.81983929e-09  3.81983929e-09  1.56965081e-09  1.56965081e-09  6.55041558e-10  6.55041558e-10  8.38928795e-21  2.66673034e-22  4.66084006e-20  1.81518321e-20  3.81817858e-09  3.81817858e-09  3.81817858e-09  3.81817858e-09  5.98489090e-10  5.98489090e-10  2.26637395e-10  2.26637395e-10  1.24320097e-09  1.24320097e-09  1.03659902e-10  1.03659902e-10  4.38607518e-21  2.07279141e-22  2.52687085e-20  6.89174209e-21  5.98489090e-10  5.98489090e-10  5.98489090e-10  5.98489090e-10  3.76973055e-09  3.76973055e-09  3.80865078e-09  3.80865078e-09  9.57473673e-10  9.57473673e-10  6.45094657e-10  6.45094657e-10  7.14184773e-21  1.67640797e-22  3.91626246e-20  1.67917195e-20  3.76973055e-09  3.76973055e-09  3.76973055e-09  3.76973055e-09 
 2.75422870e+06  3.71151893e-09  3.71151893e-09  3.71385338e-09  3.71385338e-09  1.53075683e-09  1.53075683e-09  6.42500238e-10  6.42500238e-10  1.66047354e-20  5.53843168e-22  9.77085294e-20  3.66954654e-20  3.71151893e-09  3.71151893e-09  3.71151893e-09  3.71151893e-09  5.76306223e-10  5.76306223e-10  2.17835467e-10  2.17835467e-10  1.20800755e-09  1.20800755e-09  1.00540039e-10  1.00540039e-10  8.62032093e-21  4.28835774e-22  5.26111025e-20  1.38172486e-20  5.76306223e-10  5.76306223e-10  5.76306223e-10  5.76306223e-10  3.66528188e-09  3.66528188e-09  3.70312332e-09  3.70312332e-09  9.39409935e-10  9.39409935e-10  6.32924200e-10  6.32924200e-10  1.41728748e-20  3.50199179e-22  8.23315227e-20  3.39928615e-20  3.66528188e-09  3.66528188e-09  3.66528188e-09  3.66528188e-09 
 2.81838293e+06  3.60835690e-09  3.60835690e-09  3.61131388e-09  3.61131388e-09  1.49278106e-09  1.49278106e-09  6.30156106e-10  6.30156106e-10  9.89561496e-21  3.22118117e-22  5.35400692e-20  1.97824963e-20  3.60835690e-09  3.60835690e-09  3.60835690e-09  3.60835690e-09  5.55022776e-10  5.55022776e-10  2.09404513e-10  2.09404513e-10  1.17372303e-09  1.17372303e-09  9.75068155e-11  9.75068155e-11  5.10098885e-21  2.48443645e-22  2.86307821e-20  7.38721424e-21  5.55022776e-10  5.55022776e-10  5.55022776e-10  5.55022776e-10  3.56422306e-09  3.56422306e-09  3.60102071e-09  3.60102071e-09  9.21618375e-10  9.21618375e-10  6.20937122e-10  6.20937122e-10  8.46815677e-21  2.04857566e-22  4.52399334e-20  1.83504555e-20  3.56422306e-09  3.56422306e-09  3.56422306e-09  3.56422306e-09 
 2.88403150e+06  3.50857485e-09  3.50857485e-09  3.51210633e-09  3.51210633e-09  1.45571323e-09  1.45571323e-09  6.18011167e-10  6.18011167e-10  1.70196207e-20  5.68484486e-22  9.22146171e-20  3.33147129e-20  3.50857485e-09  3.50857485e-09  3.50857485e-09  3.50857485e-09  5.34601103e-10  5.34601103e-10  2.01328393e-10  2.01328393e-10  1.14033442e-09  1.14033442e-09  9.45587067e-11  9.45587067e-11  8.71097000e-21  4.36736859e-22  4.89718850e-20  1.23371983e-20  5.34601103e-10  5.34601103e-10  5.34601103e-10  5.34601103e-10  3.46644187e-09  3.46644187e-09  3.50222957e-09  3.50222957e-09  9.04102628e-10  9.04102628e-10  6.09135871e-10  6.09135871e-10  1.46016197e-20  3.63616819e-22  7.81331918e-20  3.09444451e-20  3.46644187e-09  3.46644187e-09  3.46644187e-09  3.46644187e-09 
 2.95120923e+06  3.41205794e-09  3.41205794e-09  3.41611885e-09  3.41611885e-09  1.41954229e-09  1.41954229e-09  6.06067026e-10  6.06067026e-10  1.68004380e-20  5.72498373e-22  8.96954781e-20  3.17284679e-20  3.41205794e-09  3.41205794e-09  3.41205794e-09  3.41205794e-09  5.15004967e-10  5.15004967e-10  1.93591613e-10  1.93591613e-10  1.10782807e-09  1.10782807e-09  9.16941442e-11  9.16941442e-11  8.53739268e-21  4.38070727e-22  4.73035706e-20  1.16520083e-20  5.15004967e-10  5.15004967e-10  5.15004967e-10  5.15004967e-10  3.37182859e-09  3.37182859e-09  3.40663906e-09  3.40663906e-09  8.86865717e-10  8.86865717e-10  5.97522485e-10  5.97522485e-10  1.44497313e-20  3.68271703e-22  7.62048599e-20  2.95098456e-20  3.37182859e-09  3.37182859e-09  3.37182859e-09  3.37182859e-09 
 3.01995172e+06  3.31869419e-09  3.31869419e-09  3.32324229e-09  3.32324229e-09  1.38425643e-09  1.38425643e-09  5.94324906e-10  5.94324906e-10  1.69861937e-20  5.86318758e-22  9.20262307e-20  3.10211659e-20  3.31869419e-09  3.31869419e-09  3.31869419e-09  3.31869419e-09  4.96199512e-10  4.96199512e-10  1.86179301e-10  1.86179301e-10  1.07618980e-09  1.07618980e-09  8.89115220e-11  8.89115220e-11  8.56998347e-21  4.46841717e-22  4.81942271e-20  1.12972231e-20  4.96199512e-10  4.96199512e-10  4.96199512e-10  4.96199512e-10  3.28027613e-09  3.28027613e-09  3.31414097e-09  3.31414097e-09  8.69910094e-10  8.69910094e-10  5.86098616e-10  5.86098616e-10  1.46458472e-20  3.79295621e-22  7.83941698e-20  2.88893558e-20  3.28027613e-09  3.28027613e-09  3.28027613e-09  3.28027613e-09 
 3.09029543e+06  3.22837455e-09  3.22837455e-09  3.23337024e-09  3.23337024e-09  1.34984324e-09  1.34984324e-09  5.82785677e-10  5.82785677e-10  1.19307346e-20  4.07456512e-22  6.05674529e-20  1.99150237e-20  3.22837455e-09  3.22837455e-09  3.22837455e-09  3.22837455e-09  4.78151239e-10  4.78151239e-10  1.79077197e-10  1.79077197e-10  1.04540488e-09  1.04540488e-09  8.62092038e-11  8.62092038e-11  5.97596476e-21  3.09264986e-22  3.14968077e-20  7.19195016e-21  4.78151239e-10  4.78151239e-10  4.78151239e-10  4.78151239e-10  3.19168010e-09  3.19168010e-09  3.22462985e-09  3.22462985e-09  8.53237673e-10  8.53237673e-10  5.74865553e-10  5.74865553e-10  1.03119914e-20  2.65066516e-22  5.17315254e-20  1.85700393e-20  3.19168010e-09  3.19168010e-09  3.19168010e-09  3.19168010e-09 
 3.16227766e+06  3.14099298e-09  3.14099298e-09  3.14639915e-09  3.14639915e-09  1.31628973e-09  1.31628973e-09  5.71449876e-10  5.71449876e-10  8.21192254e-21  2.93983784e-22  4.36908293e-20  1.38736444e-20  3.14099298e-09  3.14099298e-09  3.14099298e-09  3.14099298e-09  4.60827974e-10  4.60827974e-10  1.72271634e-10  1.72271634e-10  1.01545819e-09  1.01545819e-09  8.35855286e-11  8.35855286e-11  4.08347312e-21  2.22219585e-22  2.25603240e-20  4.96820872e-21  4.60827974e-10  4.60827974e-10  4.60827974e-10  4.60827974e-10  3.10593888e-09  3.10593888e-09  3.13800300e-09  3.13800300e-09  8.36849858e-10  8.36849858e-10  5.63824242e-10  5.63824242e-10  7.11482489e-21  1.92312028e-22  3.74139944e-20  1.29528694e-20  3.10593888e-09  3.10593888e-09  3.10593888e-09  3.10593888e-09 
 3.23593657e+06  3.05644647e-09  3.05644647e-09  3.06222835e-09  3.06222835e-09  1.28358244e-09  1.28358244e-09  5.60317729e-10  5.60317729e-10  2.13522766e-20  7.44564545e-22  1.08310221e-19  3.29678723e-20  3.05644647e-09  3.05644647e-09  3.05644647e-09  3.05644647e-09  4.44198837e-10  4.44198837e-10  1.65749524e-10  1.65749524e-10  9.86334245e-10  9.86334245e-10  8.10388166e-11  8.10388166e-11  1.05405491e-20  5.60469893e-22  5.55311176e-20  1.17066946e-20  4.44198837e-10  4.44198837e-10  4.44198837e-10  4.44198837e-10  3.02295365e-09  3.02295365e-09  3.05416061e-09  3.05416061e-09  8.20747581e-10  8.20747581e-10  5.52975312e-10  5.52975312e-10  1.85437580e-20  4.89752210e-22  9.29876259e-20  3.08177157e-20  3.02295365e-09  3.02295365e-09  3.02295365e-09  3.02295365e-09 
 3.31131121e+06  2.97463507e-09  2.97463507e-09  2.98076010e-09  2.98076010e-09  1.25170746e-09  1.25170746e-09  5.49389172e-10  5.49389172e-10  4.65929250e-21  1.68232868e-22  2.41893416e-20  6.93412635e-21  2.97463507e-09  2.97463507e-09  2.97463507e-09  2.97463507e-09  4.28234209e-10  4.28234209e-10  1.59498337e-10  1.59498337e-10  9.58017253e-10  9.58017253e-10  7.85673742e-11  7.85673742e-11  2.28324526e-21  1.26104465e-22  1.23136615e-20  2.44152183e-21  4.28234209e-10  4.28234209e-10  4.28234209e-10  4.28234209e-10  2.94262844e-09  2.94262844e-09  2.97300571e-09  2.97300571e-09  8.04931328e-10  8.04931328e-10  5.42319088e-10  5.42319088e-10  4.05589851e-21  1.11263978e-22  2.08197714e-20  6.48973204e-21  2.94262844e-09  2.94262844e-09  2.94262844e-09  2.94262844e-09 
 3.38844156e+06  2.89546187e-09  2.89546187e-09  2.90189957e-09  2.90189957e-09  1.22065051e-09  1.22065051e-09  5.38663868e-10  5.38663868e-10  1.54955519e-20  5.53057189e-22  7.38115823e-20  2.12807459e-20  2.89546187e-09  2.89546187e-09  2.89546187e-09  2.89546187e-09  4.12905693e-10  4.12905693e-10  1.53506087e-10  1.53506087e-10  9.30491187e-10  9.30491187e-10  7.61694990e-11  7.61694990e-11  7.53758431e-21  4.12799368e-22  3.73051055e-20  7.42970595e-21  4.12905693e-10  4.12905693e-10  4.12905693e-10  4.12905693e-10  2.86487014e-09  2.86487014e-09  2.89444422e-09  2.89444422e-09  7.89401167e-10  7.89401167e-10  5.31855617e-10  5.31855617e-10  1.35196889e-20  3.67758857e-22  6.36879130e-20  1.99405797e-20  2.86487014e-09  2.86487014e-09  2.86487014e-09  2.86487014e-09 
 3.46736850e+06  2.81883303e-09  2.81883303e-09  2.82555486e-09  2.82555486e-09  1.19039702e-09  1.19039702e-09  5.28141229e-10  5.28141229e-10  7.97509536e-21  2.86640743e-22  3.70453790e-20  1.02000380e-20  2.81883303e-09  2.81883303e-09  2.81883303e-09  2.81883303e-09  3.98186081e-10  3.98186081e-10  1.47761310e-10  1.47761310e-10  9.03739826e-10  9.03739826e-10  7.38434841e-11  7.38434841e-11  3.85074180e-21  2.13028026e-22  1.85884400e-20  3.53097095e-21  3.98186081e-10  3.98186081e-10  3.98186081e-10  3.98186081e-10  2.78958851e-09  2.78958851e-09  2.81838498e-09  2.81838498e-09  7.74156779e-10  7.74156779e-10  5.21584685e-10  5.21584685e-10  6.97395136e-21  1.91628835e-22  3.20428908e-20  9.56886216e-21  2.78958851e-09  2.78958851e-09  2.78958851e-09  2.78958851e-09 
 3.54813389e+06  2.74465775e-09  2.74465775e-09  2.75163700e-09  2.75163700e-09  1.16093216e-09  1.16093216e-09  5.17820431e-10  5.17820431e-10  8.99989267e-21  3.28940505e-22  4.32839360e-20  1.14802143e-20  2.74465775e-09  2.74465775e-09  2.74465775e-09  2.74465775e-09  3.84049317e-10  3.84049317e-10  1.42253047e-10  1.42253047e-10  8.77746807e-10  8.77746807e-10  7.15876222e-11  7.15876222e-11  4.31343134e-21  2.43403619e-22  2.15618235e-20  3.94041415e-21  3.84049317e-10  3.84049317e-10  3.84049317e-10  3.84049317e-10  2.71669615e-09  2.71669615e-09  2.74473967e-09  2.74473967e-09  7.59197481e-10  7.59197481e-10  5.11505831e-10  5.11505831e-10  7.88782749e-21  2.21080861e-22  3.75296257e-20  1.07822159e-20  2.71669615e-09  2.71669615e-09  2.71669615e-09  2.71669615e-09 
 3.63078055e+06  2.67284823e-09  2.67284823e-09  2.68005992e-09  2.68005992e-09  1.13224089e-09  1.13224089e-09  5.07700433e-10  5.07700433e-10  5.06232942e-20  1.85187859e-21  2.32268366e-19  5.93853186e-20  2.67284823e-09  2.67284823e-09  2.67284823e-09  2.67284823e-09  3.70470454e-10  3.70470454e-10  1.36970827e-10  1.36970827e-10  8.52495671e-10  8.52495671e-10  6.94002090e-11  6.94002090e-11  2.40817482e-20  1.36430534e-21  1.14863882e-19  2.02097744e-20  3.70470454e-10  3.70470454e-10  3.70470454e-10  3.70470454e-10  2.64610850e-09  2.64610850e-09  2.67342288e-09  2.67342288e-09  7.44522252e-10  7.44522252e-10  5.01618367e-10  5.01618367e-10  4.44654331e-20  1.25122581e-21  2.01870211e-19  5.58377125e-20  2.64610850e-09  2.64610850e-09  2.64610850e-09  2.64610850e-09 
 3.71535229e+06  2.60331965e-09  2.60331965e-09  2.61074042e-09  2.61074042e-09  1.10430799e-09  1.10430799e-09  4.97779993e-10  4.97779993e-10  9.58698020e-21  3.54382246e-22  4.40722075e-20  1.08607162e-20  2.60331965e-09  2.60331965e-09  2.60331965e-09  2.60331965e-09  3.57425622e-10  3.57425622e-10  1.31904648e-10  1.31904648e-10  8.27969902e-10  8.27969902e-10  6.72795472e-11  6.72795472e-11  4.52651275e-21  2.59920836e-22  2.16360465e-20  3.66457447e-21  3.57425622e-10  3.57425622e-10  3.57425622e-10  3.57425622e-10  2.57774381e-09  2.57774381e-09  2.60435199e-09  2.60435199e-09  7.30129758e-10  7.30129758e-10  4.91921395e-10  4.91921395e-10  8.43914138e-21  2.40693971e-22  3.83942909e-20  1.02232671e-20  2.57774381e-09  2.57774381e-09  2.57774381e-09  2.57774381e-09 
 3.80189396e+06  2.53599010e-09  2.53599010e-09  2.54359809e-09  2.54359809e-09  1.07711813e-09  1.07711813e-09  4.88057680e-10  4.88057680e-10  6.21421948e-21  2.34009263e-22  2.72842580e-20  6.33526319e-21  2.53599010e-09  2.53599010e-09  2.53599010e-09  2.53599010e-09  3.44891987e-10  3.44891987e-10  1.27044958e-10  1.27044958e-10  8.04152962e-10  8.04152962e-10  6.52239485e-11  6.52239485e-11  2.91196061e-21  1.70863798e-22  1.32962773e-20  2.11935345e-21  3.44891987e-10  3.44891987e-10  3.44891987e-10  3.44891987e-10  2.51152309e-09  2.51152309e-09  2.53744721e-09  2.53744721e-09  7.16018372e-10  7.16018372e-10  4.82413817e-10  4.82413817e-10  5.48175991e-21  1.59762251e-22  2.38242265e-20  5.96993422e-21  2.51152309e-09  2.51152309e-09  2.51152309e-09  2.51152309e-09 
 3.89045145e+06  2.47078057e-09  2.47078057e-09  2.47855536e-09  2.47855536e-09  1.05065591e-09  1.05065591e-09  4.78531892e-10  4.78531892e-10  1.80795315e-20  6.82257451e-22  7.90019270e-20  1.77498360e-20  2.47078057e-09  2.47078057e-09  2.47078057e-09  2.47078057e-09  3.32847710e-10  3.32847710e-10  1.22382639e-10  1.22382639e-10  7.81028330e-10  7.81028330e-10  6.32317374e-11  6.32317374e-11  8.40821912e-21  4.95901372e-22  3.82160422e-20  5.88707351e-21  3.32847710e-10  3.32847710e-10  3.32847710e-10  3.32847710e-10  2.44737007e-09  2.44737007e-09  2.47263149e-09  2.47263149e-09  7.02186195e-10  7.02186195e-10  4.73094356e-10  4.73094356e-10  1.59822727e-20  4.68187082e-22  6.91408085e-20  1.67442467e-20  2.44737007e-09  2.44737007e-09  2.44737007e-09  2.44737007e-09 
 3.98107171e+06  2.40761483e-09  2.40761483e-09  2.41553735e-09  2.41553735e-09  1.02490585e-09  1.02490585e-09  4.69200866e-10  4.69200866e-10  5.94504064e-21  2.27982238e-22  2.65746268e-20  5.83495076e-21  2.40761483e-09  2.40761483e-09  2.40761483e-09  2.40761483e-09  3.21271915e-10  3.21271915e-10  1.17908987e-10  1.17908987e-10  7.58579531e-10  7.58579531e-10  6.13012530e-11  6.13012530e-11  2.74395259e-21  1.64952088e-22  1.27600020e-20  1.91867279e-21  3.21271915e-10  3.21271915e-10  3.21271915e-10  3.21271915e-10  2.38521116e-09  2.38521116e-09  2.40983046e-09  2.40983046e-09  6.88631080e-10  6.88631080e-10  4.63961563e-10  4.63961563e-10  5.26636697e-21  1.57246842e-22  2.33098505e-20  5.51019629e-21  2.38521116e-09  2.38521116e-09  2.38521116e-09  2.38521116e-09 
 4.07380278e+06  2.34641944e-09  2.34641944e-09  2.35447185e-09  2.35447185e-09  9.99852485e-10  9.99852485e-10  4.60062694e-10  4.60062694e-10  2.70618875e-20  1.03319509e-21  1.15833382e-19  2.38057656e-20  2.34641944e-09  2.34641944e-09  2.34641944e-09  2.34641944e-09  3.10144646e-10  3.10144646e-10  1.13615697e-10  1.13615697e-10  7.36790163e-10  7.36790163e-10  5.94308511e-11  5.94308511e-11  1.23955146e-20  7.44094085e-22  5.52050033e-20  7.76061481e-21  3.10144646e-10  3.10144646e-10  3.10144646e-10  3.10144646e-10  2.32497539e-09  2.32497539e-09  2.34897243e-09  2.34897243e-09  6.75350645e-10  6.75350645e-10  4.55013835e-10  4.55013835e-10  2.40214421e-20  7.16229110e-22  1.01827993e-19  2.25041328e-20  2.32497539e-09  2.32497539e-09  2.32497539e-09  2.32497539e-09 
 4.16869383e+06  2.28712362e-09  2.28712362e-09  2.29528928e-09  2.29528928e-09  9.75480330e-10  9.75480330e-10  4.51115331e-10  4.51115331e-10  9.64178434e-21  3.71889078e-22  4.09865081e-20  8.17671823e-21  2.28712362e-09  2.28712362e-09  2.28712362e-09  2.28712362e-09  2.99446835e-10  2.99446835e-10  1.09494846e-10  1.09494846e-10  7.15643924e-10  7.15643924e-10  5.76189070e-11  5.76189070e-11  4.38265665e-21  2.66580033e-22  1.93879770e-20  2.64262708e-21  2.99446835e-10  2.99446835e-10  2.99446835e-10  2.99446835e-10  2.26659433e-09  2.26659433e-09  2.28998827e-09  2.28998827e-09  6.62342295e-10  6.62342295e-10  4.46249422e-10  4.46249422e-10  8.57574707e-21  2.59090646e-22  3.61094806e-20  7.73752446e-21  2.26659433e-09  2.26659433e-09  2.26659433e-09  2.26659433e-09 
 4.26579519e+06  2.22965922e-09  2.22965922e-09  2.23792259e-09  2.23792259e-09  9.51773954e-10  9.51773954e-10  4.42356610e-10  4.42356610e-10  2.96867894e-20  1.15992129e-21  1.22885903e-19  2.27245098e-20  2.22965922e-09  2.22965922e-09  2.22965922e-09  2.22965922e-09  2.89160262e-10  2.89160262e-10  1.05538873e-10  1.05538873e-10  6.95124635e-10  6.95124635e-10  5.58638160e-11  5.58638160e-11  1.33905213e-20  8.27542208e-22  5.76934358e-20  7.28092208e-21  2.89160262e-10  2.89160262e-10  2.89160262e-10  2.89160262e-10  2.21000207e-09  2.21000207e-09  2.23281138e-09  2.23281138e-09  6.49603237e-10  6.49603237e-10  4.37666444e-10  4.37666444e-10  2.64564762e-20  8.12108901e-22  1.08496355e-19  2.15254648e-20  2.21000207e-09  2.21000207e-09  2.21000207e-09  2.21000207e-09 
 4.36515832e+06  2.17396061e-09  2.17396061e-09  2.18230720e-09  2.18230720e-09  9.28717981e-10  9.28717981e-10  4.33784250e-10  4.33784250e-10  1.27697397e-21  5.54460573e-23  6.16577942e-21  1.07742010e-21  2.17396061e-09  2.17396061e-09  2.17396061e-09  2.17396061e-09  2.79267521e-10  2.79267521e-10  1.01740570e-10  1.01740570e-10  6.75216261e-10  6.75216261e-10  5.41639962e-11  5.41639962e-11  5.71559407e-22  3.93694514e-23  2.87297025e-21  3.42220409e-22  2.79267521e-10  2.79267521e-10  2.79267521e-10  2.79267521e-10  2.15513510e-09  2.15513510e-09  2.17737758e-09  2.17737758e-09  6.37130495e-10  6.37130495e-10  4.29262895e-10  4.29262895e-10  1.14023900e-21  3.90106763e-23  5.45531552e-21  1.02157924e-21  2.15513510e-09  2.15513510e-09  2.15513510e-09  2.15513510e-09 
 4.46683592e+06  2.11996465e-09  2.11996465e-09  2.12838094e-09  2.12838094e-09  9.06297120e-10  9.06297120e-10  4.25395866e-10  4.25395866e-10  4.95793852e-20  1.96885592e-21  2.00210578e-19  3.39778815e-20  2.11996465e-09  2.11996465e-09  2.11996465e-09  2.11996465e-09  2.69751984e-10  2.69751984e-10  9.80930574e-11  9.80930574e-11  6.55902927e-10  6.55902927e-10  5.25178888e-11  5.25178888e-11  2.20198981e-20  1.39126972e-21  9.25838338e-20  1.06988334e-20  2.69751984e-10  2.69751984e-10  2.69751984e-10  2.69751984e-10  2.10193227e-09  2.10193227e-09  2.12362512e-09  2.12362512e-09  6.24920928e-10  6.24920928e-10  4.21036659e-10  4.21036659e-10  4.43557390e-20  1.39198787e-21  1.77510442e-19  3.22479847e-20  2.10193227e-09  2.10193227e-09  2.10193227e-09  2.10193227e-09 
 4.57088190e+06  2.06761058e-09  2.06761058e-09  2.07608396e-09  2.07608396e-09  8.84496180e-10  8.84496180e-10  4.17188978e-10  4.17188978e-10  5.89039162e-20  2.35067591e-21  2.32788566e-19  3.69682038e-20  2.06761058e-09  2.06761058e-09  2.06761058e-09  2.06761058e-09  2.60597771e-10  2.60597771e-10  9.45897777e-11  9.45897777e-11  6.37168941e-10  6.37168941e-10  5.09239598e-11  5.09239598e-11  2.59584070e-20  1.65301756e-21  1.06831943e-19  1.15393625e-20  2.60597771e-10  2.60597771e-10  2.60597771e-10  2.60597771e-10  2.05033473e-09  2.05033473e-09  2.07149451e-09  2.07149451e-09  6.12971239e-10  6.12971239e-10  4.12985514e-10  4.12985514e-10  5.27974019e-20  1.66994275e-21  2.06818732e-19  3.51194714e-20  2.05033473e-09  2.05033473e-09  2.05033473e-09  2.05033473e-09 
 4.67735141e+06  2.01683995e-09  2.01683995e-09  2.02535867e-09  2.02535867e-09  8.63300087e-10  8.63300087e-10  4.09161021e-10  4.09161021e-10  1.88332393e-20  7.54291456e-22  7.32841543e-20  1.13829853e-20  2.01683995e-09  2.01683995e-09  2.01683995e-09  2.01683995e-09  2.51789715e-10  2.51789715e-10  9.12244751e-11  9.12244751e-11  6.18998801e-10  6.18998801e-10  4.93807010e-11  4.93807010e-11  8.23508534e-21  5.27826628e-22  3.33754704e-20  3.52221448e-21  2.51789715e-10  2.51789715e-10  2.51789715e-10  2.51789715e-10  2.00028582e-09  2.00028582e-09  2.02092853e-09  2.02092853e-09  6.01277991e-10  6.01277991e-10  4.05107144e-10  4.05107144e-10  1.69122979e-20  5.38412845e-22  6.52403288e-20  1.08238546e-20  2.00028582e-09  2.00028582e-09  2.00028582e-09  2.00028582e-09 
 4.78630092e+06  1.96759653e-09  1.96759653e-09  1.97614966e-09  1.97614966e-09  8.42693902e-10  8.42693902e-10  4.01309352e-10  4.01309352e-10  2.65125784e-20  1.07866705e-21  1.02478408e-19  1.49173077e-20  1.96759653e-09  1.96759653e-09  1.96759653e-09  1.96759653e-09  2.43313327e-10  2.43313327e-10  8.79911838e-11  8.79911838e-11  6.01377212e-10  6.01377212e-10  4.78866307e-11  4.78866307e-11  1.15023857e-20  7.51079570e-22  4.63141998e-20  4.57561214e-21  2.43313327e-10  2.43313327e-10  2.43313327e-10  2.43313327e-10  1.95173104e-09  1.95173104e-09  1.97187210e-09  1.97187210e-09  5.89837618e-10  5.89837618e-10  3.97399149e-10  3.97399149e-10  2.38518704e-20  7.73588608e-22  9.14119366e-20  1.41976138e-20  1.95173104e-09  1.95173104e-09  1.95173104e-09  1.95173104e-09 
 4.89778819e+06  1.91982627e-09  1.91982627e-09  1.92840362e-09  1.92840362e-09  8.22662835e-10  8.22662835e-10  3.93631255e-10  3.93631255e-10  1.25929617e-20  5.24204860e-22  4.85368919e-20  6.43187270e-21  1.91982627e-09  1.91982627e-09  1.91982627e-09  1.91982627e-09  2.35154773e-10  2.35154773e-10  8.48842142e-11  8.48842142e-11  5.84289100e-10  5.84289100e-10  4.64402943e-11  4.64402943e-11  5.42052383e-21  3.63182738e-22  2.17673236e-20  1.95563879e-21  2.35154773e-10  2.35154773e-10  2.35154773e-10  2.35154773e-10  1.90461793e-09  1.90461793e-09  1.92427224e-09  1.92427224e-09  5.78646439e-10  5.78646439e-10  3.89859045e-10  3.89859045e-10  1.13494750e-20  3.77702026e-22  4.33804227e-20  6.12709757e-21  1.90461793e-09  1.90461793e-09  1.90461793e-09  1.90461793e-09 
 5.01187234e+06  1.87347718e-09  1.87347718e-09  1.88206928e-09  1.88206928e-09  8.03192254e-10  8.03192254e-10  3.86123953e-10  3.86123953e-10  3.32343276e-20  1.38680917e-21  1.25622564e-19  1.62170398e-20  1.87347718e-09  1.87347718e-09  1.87347718e-09  1.87347718e-09  2.27300837e-10  2.27300837e-10  8.18981396e-11  8.18981396e-11  5.67719616e-10  5.67719616e-10  4.50402652e-11  4.50402652e-11  1.41929172e-20  9.55976756e-22  5.59034936e-20  4.88774284e-21  2.27300837e-10  2.27300837e-10  2.27300837e-10  2.27300837e-10  1.85889606e-09  1.85889606e-09  1.87807797e-09  1.87807797e-09  5.67700661e-10  5.67700661e-10  3.82484280e-10  3.82484280e-10  3.00058673e-20  1.00385607e-21  1.12493569e-19  1.54623145e-20  1.85889606e-09  1.85889606e-09  1.85889606e-09  1.85889606e-09 
 5.12861384e+06  1.82849926e-09  1.82849926e-09  1.83709731e-09  1.83709731e-09  7.84267697e-10  7.84267697e-10  3.78784611e-10  3.78784611e-10  1.53882671e-20  6.43995889e-22  5.71728743e-20  7.35253239e-21  1.82849926e-09  1.82849926e-09  1.82849926e-09  1.82849926e-09  2.19738897e-10  2.19738897e-10  7.90277839e-11  7.90277839e-11  5.51654149e-10  5.51654149e-10  4.36851451e-11  4.36851451e-11  6.51979910e-21  4.41672170e-22  2.52456551e-20  2.19660702e-21  2.19738897e-10  2.19738897e-10  2.19738897e-10  2.19738897e-10  1.81451687e-09  1.81451687e-09  1.83324026e-09  1.83324026e-09  5.56996401e-10  5.56996401e-10  3.75272235e-10  3.75272235e-10  1.39177403e-20  4.68299993e-22  5.12950419e-20  7.01646756e-21  1.81451687e-09  1.81451687e-09  1.81451687e-09  1.81451687e-09 
 5.24807460e+06  1.78484444e-09  1.78484444e-09  1.79344027e-09  1.79344027e-09  7.65874884e-10  7.65874884e-10  3.71610341e-10  3.71610341e-10  1.73901876e-20  7.43121971e-22  6.44407887e-20  7.44363457e-21  1.78484444e-09  1.78484444e-09  1.78484444e-09  1.78484444e-09  2.12456895e-10  2.12456895e-10  7.62682097e-11  7.62682097e-11  5.36078333e-10  5.36078333e-10  4.23735644e-11  4.23735644e-11  7.30954623e-21  5.07039782e-22  2.82338457e-20  2.20431315e-21  2.12456895e-10  2.12456895e-10  2.12456895e-10  2.12456895e-10  1.77143369e-09  1.77143369e-09  1.78971194e-09  1.78971194e-09  5.46529683e-10  5.46529683e-10  3.68220234e-10  3.68220234e-10  1.57552367e-20  5.42832887e-22  5.79240316e-20  7.10950632e-21  1.77143369e-09  1.77143369e-09  1.77143369e-09  1.77143369e-09 
 5.37031796e+06  1.74246651e-09  1.74246651e-09  1.75105253e-09  1.75105253e-09  7.47999721e-10  7.47999721e-10  3.64598213e-10  3.64598213e-10  3.15439174e-20  1.35423066e-21  1.14747678e-19  1.28887269e-20  1.74246651e-09  1.74246651e-09  1.74246651e-09  1.74246651e-09  2.05443313e-10  2.05443313e-10  7.36147067e-11  7.36147067e-11  5.20978050e-10  5.20978050e-10  4.11041824e-11  4.11041824e-11  1.31533444e-20  9.19221535e-22  4.98830575e-20  3.78324244e-21  2.05443313e-10  2.05443313e-10  2.05443313e-10  2.05443313e-10  1.72960161e-09  1.72960161e-09  1.74744763e-09  1.74744763e-09  5.36296455e-10  5.36296455e-10  3.61325544e-10  3.61325544e-10  2.86266618e-20  9.93674871e-22  1.03333659e-19  1.23205565e-20  1.72960161e-09  1.72960161e-09  1.72960161e-09  1.72960161e-09 
 5.49540874e+06  1.70132102e-09  1.70132102e-09  1.70989019e-09  1.70989019e-09  7.30628311e-10  7.30628311e-10  3.57745253e-10  3.57745253e-10  4.97445823e-20  2.15147503e-21  1.78571050e-19  1.92585784e-20  1.70132102e-09  1.70132102e-09  1.70132102e-09  1.70132102e-09  1.98687146e-10  1.98687146e-10  7.10627806e-11  7.10627806e-11  5.06339442e-10  5.06339442e-10  3.98756877e-11  3.98756877e-11  2.05773334e-20  1.45274474e-21  7.70207481e-20  5.60322300e-21  1.98687146e-10  1.98687146e-10  1.98687146e-10  1.98687146e-10  1.68897742e-09  1.68897742e-09  1.70640368e-09  1.70640368e-09  5.26292594e-10  5.26292594e-10  3.54585390e-10  3.54585390e-10  4.52192766e-20  1.58567226e-21  1.61100348e-19  1.84248542e-20  1.68897742e-09  1.68897742e-09  1.68897742e-09  1.68897742e-09 
 5.62341325e+06  1.66136520e-09  1.66136520e-09  1.66991101e-09  1.66991101e-09  7.13746958e-10  7.13746958e-10  3.51048454e-10  3.51048454e-10  2.78157962e-20  1.22539101e-21  9.95914170e-20  1.02262096e-20  1.66136520e-09  1.66136520e-09  1.66136520e-09  1.66136520e-09  1.92177879e-10  1.92177879e-10  6.86081428e-11  6.86081428e-11  4.92148907e-10  4.92148907e-10  3.86867980e-11  3.86867980e-11  1.14141188e-20  8.23061631e-22  4.26180731e-20  2.94904704e-21  1.92177879e-10  1.92177879e-10  1.92177879e-10  1.92177879e-10  1.64951954e-09  1.64951954e-09  1.66653810e-09  1.66653810e-09  5.16513914e-10  5.16513914e-10  3.47996950e-10  3.47996950e-10  2.53266006e-20  9.07102728e-22  9.00082993e-20  9.79146901e-21  1.64951954e-09  1.64951954e-09  1.64951954e-09  1.64951954e-09 
 5.75439937e+06  1.62255796e-09  1.62255796e-09  1.63107435e-09  1.63107435e-09  6.97342172e-10  6.97342172e-10  3.44504780e-10  3.44504780e-10  1.27646161e-20  5.60846424e-22  4.45504131e-20  4.50286075e-21  1.62255796e-09  1.62255796e-09  1.62255796e-09  1.62255796e-09  1.85905460e-10  1.85905460e-10  6.62467006e-11  6.62467006e-11  4.78393111e-10  4.78393111e-10  3.75362606e-11  3.75362606e-11  5.19590053e-21  3.74703072e-22  1.89141444e-20  1.28707099e-21  1.85905460e-10  1.85905460e-10  1.85905460e-10  1.85905460e-10  1.61118799e-09  1.61118799e-09  1.62781046e-09  1.62781046e-09  5.06956175e-10  5.06956175e-10  3.41557367e-10  3.41557367e-10  1.16411355e-20  4.16976299e-22  4.03343856e-20  4.31487935e-21  1.61118799e-09  1.61118799e-09  1.61118799e-09  1.61118799e-09 
 5.88843655e+06  1.58485972e-09  1.58485972e-09  1.59334113e-09  1.59334113e-09  6.81400676e-10  6.81400676e-10  3.38111166e-10  3.38111166e-10  7.57556876e-21  3.27085570e-22  2.50531694e-20  2.77921880e-21  1.58485972e-09  1.58485972e-09  1.58485972e-09  1.58485972e-09  1.79860284e-10  1.79860284e-10  6.39745469e-11  6.39745469e-11  4.65058985e-10  4.65058985e-10  3.64228520e-11  3.64228520e-11  3.05885770e-21  2.17355300e-22  1.05523382e-20  7.87366046e-22  1.79860284e-10  1.79860284e-10  1.79860284e-10  1.79860284e-10  1.57394425e-09  1.57394425e-09  1.59018188e-09  1.59018188e-09  4.97615087e-10  4.97615087e-10  3.35263752e-10  3.35263752e-10  6.91980392e-21  2.44227380e-22  2.27215235e-20  2.66527997e-21  1.57394425e-09  1.57394425e-09  1.57394425e-09  1.57394425e-09 
 6.02559586e+06  1.54823242e-09  1.54823242e-09  1.55667369e-09  1.55667369e-09  6.65909405e-10  6.65909405e-10  3.31864528e-10  3.31864528e-10  1.52357866e-20  6.84766663e-22  5.20419284e-20  5.00075555e-21  1.54823242e-09  1.54823242e-09  1.54823242e-09  1.54823242e-09  1.74033169e-10  1.74033169e-10  6.17879522e-11  6.17879522e-11  4.52133728e-10  4.52133728e-10  3.53453780e-11  3.53453780e-11  6.10211058e-21  4.52580128e-22  2.17459617e-20  1.40418824e-21  1.74033169e-10  1.74033169e-10  1.74033169e-10  1.74033169e-10  1.53775129e-09  1.53775129e-09  1.55361492e-09  1.55361492e-09  4.88486319e-10  4.88486319e-10  3.29113186e-10  3.29113186e-10  1.39384534e-20  5.13475348e-22  4.72789000e-20  4.79945016e-21  1.53775129e-09  1.53775129e-09  1.53775129e-09  1.53775129e-09 
 6.16595002e+06  1.51263942e-09  1.51263942e-09  1.52103580e-09  1.52103580e-09  6.50855518e-10  6.50855517e-10  3.25761762e-10  3.25761762e-10  1.94860084e-21  9.43504573e-23  7.12832828e-21  5.80359691e-22  1.51263942e-09  1.51263942e-09  1.51263942e-09  1.51263942e-09  1.68415333e-10  1.68415333e-10  5.96833548e-11  5.96833548e-11  4.39604812e-10  4.39604812e-10  3.43026737e-11  3.43026737e-11  7.74078914e-22  6.20181611e-23  2.95488397e-21  1.61516683e-22  1.68415333e-10  1.68415333e-10  1.68415333e-10  1.68415333e-10  1.50257341e-09  1.50257341e-09  1.51807354e-09  1.51807354e-09  4.79565505e-10  4.79565505e-10  3.23102727e-10  3.23102727e-10  1.78533514e-21  7.10465513e-23  6.48678012e-21  5.57421277e-22  1.50257341e-09  1.50257341e-09  1.50257341e-09  1.50257341e-09 
 6.30957344e+06  1.47804546e-09  1.47804546e-09  1.48639258e-09  1.48639258e-09  6.36226389e-10  6.36226389e-10  3.19799754e-10  3.19799754e-10  3.57847041e-21  1.58440582e-22  1.13963997e-20  1.17753136e-21  1.47804546e-09  1.47804546e-09  1.47804546e-09  1.47804546e-09  1.62998379e-10  1.62998379e-10  5.76573535e-11  5.76573535e-11  4.27459980e-10  4.27459980e-10  3.32936032e-11  3.32936032e-11  1.41006708e-21  1.03573957e-22  4.68636762e-21  3.24797697e-22  1.62998379e-10  1.62998379e-10  1.62998379e-10  1.62998379e-10  1.46837627e-09  1.46837627e-09  1.48352301e-09  1.48352301e-09  4.70848250e-10  4.70848250e-10  3.17229415e-10  3.17229415e-10  3.28378178e-21  1.19804929e-22  1.03878364e-20  1.13182451e-21  1.46837627e-09  1.46837627e-09  1.46837627e-09  1.46837627e-09 
 6.45654229e+06  1.44441658e-09  1.44441658e-09  1.45271041e-09  1.45271041e-09  6.22009621e-10  6.22009621e-10  3.13975377e-10  3.13975377e-10  1.41179799e-20  6.54506221e-22  4.66059289e-20  4.22458361e-21  1.44441658e-09  1.44441658e-09  1.44441658e-09  1.44441658e-09  1.57774275e-10  1.57774275e-10  5.57066993e-11  5.57066993e-11  4.15687248e-10  4.15687248e-10  3.23170594e-11  3.23170594e-11  5.51759525e-21  4.25482297e-22  1.90114121e-20  1.15489531e-21  1.57774275e-10  1.57774275e-10  1.57774275e-10  1.57774275e-10  1.43512676e-09  1.43512676e-09  1.44992991e-09  1.44992991e-09  4.62330135e-10  4.62330135e-10  3.11490272e-10  3.11490272e-10  1.29743125e-20  4.96941894e-22  4.25503484e-20  4.06357961e-21  1.43512676e-09  1.43512676e-09  1.43512676e-09  1.43512676e-09 
 6.60693448e+06  1.41172007e-09  1.41172007e-09  1.41995691e-09  1.41995691e-09  6.08193039e-10  6.08193039e-10  3.08285498e-10  3.08285498e-10  6.54441723e-21  3.13463386e-22  2.19522676e-20  1.89356175e-21  1.41172007e-09  1.41172007e-09  1.41172007e-09  1.41172007e-09  1.52735335e-10  1.52735335e-10  5.38282880e-11  5.38282880e-11  4.04274905e-10  4.04274905e-10  3.13719640e-11  3.13719640e-11  2.53672844e-21  2.02636932e-22  8.88271757e-21  5.13038460e-22  1.52735335e-10  1.52735335e-10  1.52735335e-10  1.52735335e-10  1.40279301e-09  1.40279301e-09  1.41726202e-09  1.41726202e-09  4.54006722e-10  4.54006722e-10  3.05882308e-10  3.05882308e-10  6.02293938e-21  2.38969634e-22  2.00740314e-20  1.82270371e-21  1.40279301e-09  1.40279301e-09  1.40279301e-09  1.40279301e-09 
 6.76082975e+06  1.37992441e-09  1.37992441e-09  1.38810088e-09  1.38810088e-09  5.94764697e-10  5.94764697e-10  3.02726984e-10  3.02726984e-10  1.34734288e-21  6.57655013e-23  4.45333549e-21  5.05426261e-22  1.37992441e-09  1.37992441e-09  1.37992441e-09  1.37992441e-09  1.47874207e-10  1.47874207e-10  5.20191532e-11  5.20191532e-11  3.93211512e-10  3.93211512e-10  3.04572670e-11  3.04572670e-11  5.17955778e-22  4.22740028e-23  1.78745046e-21  1.35716114e-22  1.47874207e-10  1.47874207e-10  1.47874207e-10  1.47874207e-10  1.37134428e-09  1.37134428e-09  1.38548829e-09  1.38548829e-09  4.45873564e-10  4.45873564e-10  3.00402527e-10  3.00402527e-10  1.24173007e-21  5.03381776e-23  4.07870937e-21  4.86852687e-22  1.37134428e-09  1.37134428e-09  1.37134428e-09  1.37134428e-09 
 6.91830971e+06  1.34899924e-09  1.34899924e-09  1.35711225e-09  1.35711225e-09  5.81712878e-10  5.81712878e-10  2.97296701e-10  2.97296701e-10  1.31222710e-20  6.27378662e-22  4.18526835e-20  3.81457933e-21  1.34899924e-09  1.34899924e-09  1.34899924e-09  1.34899924e-09  1.43183850e-10  1.43183850e-10  5.02764598e-11  5.02764598e-11  3.82485903e-10  3.82485903e-10  2.95719468e-11  2.95719468e-11  5.00325589e-21  4.00990309e-22  1.66626115e-20  1.01513098e-21  1.43183850e-10  1.43183850e-10  1.43183850e-10  1.43183850e-10  1.34075093e-09  1.34075093e-09  1.35457879e-09  1.35457879e-09  4.37926205e-10  4.37926205e-10  2.95047927e-10  2.95047927e-10  1.21112015e-20  4.82123159e-22  3.83912111e-20  3.67695432e-21  1.34075093e-09  1.34075093e-09  1.34075093e-09  1.34075093e-09 
 7.07945784e+06  1.31891528e-09  1.31891528e-09  1.32696199e-09  1.32696199e-09  5.69026094e-10  5.69026094e-10  2.91991517e-10  2.91991517e-10  2.28110950e-21  1.14762526e-22  7.57195897e-21  6.53661021e-22  1.31891528e-09  1.31891528e-09  1.31891528e-09  1.31891528e-09  1.38657529e-10  1.38657529e-10  4.85974973e-11  4.85974973e-11  3.72087185e-10  3.72087185e-10  2.87150095e-11  2.87150095e-11  8.62537537e-22  7.29303328e-23  2.99011804e-21  1.72394386e-22  1.38657529e-10  1.38657529e-10  1.38657529e-10  1.38657529e-10  1.31098441e-09  1.31098441e-09  1.32450465e-09  1.32450465e-09  4.30160188e-10  4.30160188e-10  2.89815505e-10  2.89815505e-10  2.10820345e-21  8.85385310e-23  6.95628037e-21  6.30506073e-22  1.31098441e-09  1.31098441e-09  1.31098441e-09  1.31098441e-09 
 7.24435960e+06  1.28964428e-09  1.28964428e-09  1.29762213e-09  1.29762213e-09  5.56693089e-10  5.56693089e-10  2.86808313e-10  2.86808313e-10  9.56174434e-22  5.23834127e-23  3.46624443e-21  2.09788732e-22  1.28964428e-09  1.28964428e-09  1.28964428e-09  1.28964428e-09  1.34288789e-10  1.34288789e-10  4.69796740e-11  4.69796740e-11  3.62004735e-10  3.62004735e-10  2.78854889e-11  2.78854889e-11  3.58538396e-22  3.30967328e-23  1.35765334e-21  5.48333694e-23  1.34288789e-10  1.34288789e-10  1.34288789e-10  1.34288789e-10  1.28201713e-09  1.28201713e-09  1.29523801e-09  1.29523801e-09  4.22571060e-10  4.22571060e-10  2.84702260e-10  2.84702260e-10  8.84851082e-22  4.05703954e-23  3.18916977e-21  2.02493500e-22  1.28201713e-09  1.28201713e-09  1.28201713e-09  1.28201713e-09 
 7.41310241e+06  1.26115901e-09  1.26115901e-09  1.26906567e-09  1.26906567e-09  5.44702838e-10  5.44702838e-10  2.81743976e-10  2.81743976e-10  3.26591064e-21  1.68828106e-22  1.07191983e-20  8.33302308e-22  1.26115901e-09  1.26115901e-09  1.26115901e-09  1.26115901e-09  1.30071453e-10  1.30071453e-10  4.54205115e-11  4.54205115e-11  3.52228199e-10  3.52228199e-10  2.70824461e-11  2.70824461e-11  1.21452875e-21  1.06048945e-22  4.16419535e-21  2.15847543e-22  1.30071453e-10  1.30071453e-10  1.30071453e-10  1.30071453e-10  1.25382251e-09  1.25382251e-09  1.26675201e-09  1.26675201e-09  4.15154378e-10  4.15154378e-10  2.79705200e-10  2.79705200e-10  3.02651140e-21  1.31259416e-22  9.87688143e-21  8.04846876e-22  1.25382251e-09  1.25382251e-09  1.25382251e-09  1.25382251e-09 
 7.58577575e+06  1.23343319e-09  1.23343319e-09  1.24126655e-09  1.24126655e-09  5.33044549e-10  5.33044549e-10  2.76795409e-10  2.76795409e-10  8.80094104e-21  4.46273247e-22  2.74553111e-20  2.50176300e-21  1.23343319e-09  1.23343319e-09  1.23343319e-09  1.23343319e-09  1.25999602e-10  1.25999602e-10  4.39176388e-11  4.39176388e-11  3.42747494e-10  3.42747494e-10  2.63049693e-11  2.63049693e-11  3.24573682e-21  2.78683616e-22  1.05784935e-20  6.42197031e-22  1.25999602e-10  1.25999602e-10  1.25999602e-10  1.25999602e-10  1.22637487e-09  1.22637487e-09  1.23902071e-09  1.23902071e-09  4.07905713e-10  4.07905713e-10  2.74821339e-10  2.74821339e-10  8.16672286e-21  3.48285628e-22  2.53345136e-20  2.41787835e-21  1.22637487e-09  1.22637487e-09  1.22637487e-09  1.22637487e-09 
 7.76247117e+06  1.20644146e-09  1.20644146e-09  1.21419960e-09  1.21419960e-09  5.21707664e-10  5.21707664e-10  2.71959535e-10  2.71959535e-10  1.42669946e-20  7.21741295e-22  4.33172005e-20  4.09997470e-21  1.20644146e-09  1.20644146e-09  1.20644146e-09  1.20644146e-09  1.22067564e-10  1.22067564e-10  4.24687879e-11  4.24687879e-11  3.33552802e-10  3.33552802e-10  2.55521731e-11  2.55521731e-11  5.21775094e-21  4.48044559e-22  1.65529818e-20  1.04298226e-21  1.22067564e-10  1.22067564e-10  1.22067564e-10  1.22067564e-10  1.19964942e-09  1.19964942e-09  1.21201906e-09  1.21201906e-09  4.00820654e-10  4.00820654e-10  2.70047706e-10  2.70047706e-10  1.32561637e-20  5.65386357e-22  4.00281007e-20  3.96499895e-21  1.19964942e-09  1.19964942e-09  1.19964942e-09  1.19964942e-09 
 7.94328235e+06  1.18015931e-09  1.18015931e-09  1.18784053e-09  1.18784053e-09  5.10681859e-10  5.10681859e-10  2.67233294e-10  2.67233294e-10  5.66077974e-21  2.98373408e-22  1.77150328e-20  1.48412694e-21  1.18015931e-09  1.18015931e-09  1.18015931e-09  1.18015931e-09  1.18269906e-10  1.18269906e-10  4.10717882e-11  4.10717882e-11  3.24634571e-10  3.24634571e-10  2.48231988e-11  2.48231988e-11  2.05290743e-21  1.84122686e-22  6.71376424e-21  3.74141672e-22  1.18269906e-10  1.18269906e-10  1.18269906e-10  1.18269906e-10  1.17362221e-09  1.17362221e-09  1.18572287e-09  1.18572287e-09  3.93894818e-10  3.93894818e-10  2.65381348e-10  2.65381348e-10  5.26627923e-21  2.34601842e-22  1.63928638e-20  1.43615805e-21  1.17362221e-09  1.17362221e-09  1.17362221e-09  1.17362221e-09 
 8.12830516e+06  1.15456310e-09  1.15456310e-09  1.16216587e-09  1.16216587e-09  4.99957047e-10  4.99957047e-10  2.62613654e-10  2.62613654e-10  7.51227643e-21  3.76892208e-22  2.13686088e-20  2.40986139e-21  1.15456310e-09  1.15456310e-09  1.15456310e-09  1.15456310e-09  1.14601419e-10  1.14601419e-10  3.97245628e-11  3.97245628e-11  3.15983515e-10  3.15983515e-10  2.41172133e-11  2.41172133e-11  2.70162439e-21  2.31183431e-22  8.03153676e-21  6.02033347e-22  1.14601419e-10  1.14601419e-10  1.14601419e-10  1.14601419e-10  1.14827012e-09  1.14827012e-09  1.16010877e-09  1.16010877e-09  3.87123848e-10  3.87123848e-10  2.60819331e-10  2.60819331e-10  6.99776710e-21  2.97427295e-22  1.98010124e-20  2.33338661e-21  1.14827012e-09  1.14827012e-09  1.14827012e-09  1.14827012e-09 
 8.31763771e+06  1.12962997e-09  1.12962997e-09  1.13715293e-09  1.13715293e-09  4.89523374e-10  4.89523374e-10  2.58097609e-10  2.58097609e-10  8.27713508e-22  3.97371066e-23  2.18685465e-21  2.75339720e-22  1.12962997e-09  1.12962997e-09  1.12962997e-09  1.12962997e-09  1.11057111e-10  1.11057111e-10  3.84251232e-11  3.84251232e-11  3.07590609e-10  3.07590609e-10  2.34334095e-11  2.34334095e-11  2.95183440e-22  2.42276559e-23  8.15137257e-22  6.81640404e-23  1.11057111e-10  1.11057111e-10  1.11057111e-10  1.11057111e-10  1.12357080e-09  1.12357080e-09  1.13515418e-09  1.13515418e-09  3.80503426e-10  3.80503426e-10  2.56358743e-10  2.56358743e-10  7.72016362e-22  3.14728095e-23  2.02917493e-21  2.66760473e-22  1.12357080e-09  1.12357080e-09  1.12357080e-09  1.12357080e-09 
 8.51138038e+06  1.10533785e-09  1.10533785e-09  1.11277979e-09  1.11277979e-09  4.79371225e-10  4.79371225e-10  2.53682185e-10  2.53682185e-10  4.65810792e-21  2.50831765e-22  1.39198931e-20  1.30704178e-21  1.10533785e-09  1.10533785e-09  1.10533785e-09  1.10533785e-09  1.07632197e-10  1.07632197e-10  3.71715663e-11  3.71715663e-11  2.99447087e-10  2.99447087e-10  2.27710054e-11  2.27710054e-11  1.64704884e-21  1.51999660e-22  5.14547448e-21  3.20650360e-22  1.07632197e-10  1.07632197e-10  1.07632197e-10  1.07632197e-10  1.09950264e-09  1.09950264e-09  1.11083728e-09  1.11083728e-09  3.74029273e-10  3.74029273e-10  2.51996703e-10  2.51996703e-10  4.34951660e-21  1.99373179e-22  1.29334436e-20  1.26706206e-21  1.09950264e-09  1.09950264e-09  1.09950264e-09  1.09950264e-09 
 8.70963590e+06  1.08166541e-09  1.08166541e-09  1.08902528e-09  1.08902528e-09  4.69491222e-10  4.69491222e-10  2.49364441e-10  2.49364441e-10  3.51547850e-21  1.92548126e-22  1.04865734e-20  9.57331067e-22  1.08166541e-09  1.08166541e-09  1.08166541e-09  1.08166541e-09  1.04322086e-10  1.04322086e-10  3.59620697e-11  3.59620697e-11  2.91544444e-10  2.91544444e-10  2.21292440e-11  2.21292440e-11  1.23252077e-21  1.15966339e-22  3.84407852e-21  2.32731064e-22  1.04322086e-10  1.04322086e-10  1.04322086e-10  1.04322086e-10  1.07604475e-09  1.07604475e-09  1.08713696e-09  1.08713696e-09  3.67697155e-10  3.67697155e-10  2.47730357e-10  2.47730357e-10  3.28646311e-21  1.53587568e-22  9.75620675e-21  9.28582531e-22  1.07604475e-09  1.07604475e-09  1.07604475e-09  1.07604475e-09 
 8.91250938e+06  1.05859202e-09  1.05859202e-09  1.06586889e-09  1.06586889e-09  4.59874224e-10  4.59874224e-10  2.45141476e-10  2.45141476e-10  4.87812131e-21  2.61092929e-22  1.37760878e-20  1.44615364e-21  1.05859202e-09  1.05859202e-09  1.05859202e-09  1.05859202e-09  1.01122379e-10  1.01122379e-10  3.47948885e-11  3.47948885e-11  2.83874429e-10  2.83874429e-10  2.15073928e-11  2.15073928e-11  1.69583265e-21  1.56280241e-22  5.00776823e-21  3.48378817e-22  1.01122379e-10  1.01122379e-10  1.01122379e-10  1.01122379e-10  1.05317696e-09  1.05317696e-09  1.06403284e-09  1.06403284e-09  3.61502891e-10  3.61502891e-10  2.43556889e-10  2.43556889e-10  4.56580657e-21  2.08991291e-22  1.28331410e-20  1.40351770e-21  1.05317696e-09  1.05317696e-09  1.05317696e-09  1.05317696e-09 
 9.12010839e+06  1.03609776e-09  1.03609776e-09  1.04329084e-09  1.04329084e-09  4.50511331e-10  4.50511331e-10  2.41010430e-10  2.41010430e-10  8.41183848e-21  4.54371321e-22  2.34430450e-20  2.51983161e-21  1.03609776e-09  1.03609776e-09  1.03609776e-09  1.03609776e-09  9.80288557e-11  9.80288557e-11  3.36683516e-11  3.36683516e-11  2.76429047e-10  2.76429047e-10  2.09047435e-11  2.09047435e-11  2.89947315e-21  2.70280837e-22  8.45050561e-21  6.01520158e-22  9.80288557e-11  9.80288557e-11  9.80288557e-11  9.80288557e-11  1.03087974e-09  1.03087974e-09  1.04150518e-09  1.04150518e-09  3.55442354e-10  3.55442354e-10  2.39473519e-10  2.39473519e-10  7.88231174e-21  3.64955046e-22  2.18661055e-20  2.44690067e-21  1.03087974e-09  1.03087974e-09  1.03087974e-09  1.03087974e-09 
 9.33254301e+06  1.01416335e-09  1.01416335e-09  1.02127196e-09  1.02127196e-09  4.41393883e-10  4.41393883e-10  2.36968487e-10  2.36968487e-10  7.23656322e-21  3.94606537e-22  1.99318300e-20  2.17112025e-21  1.01416335e-09  1.01416335e-09  1.01416335e-09  1.01416335e-09  9.50374681e-11  9.50374681e-11  3.25808586e-11  3.25808586e-11  2.69200552e-10  2.69200552e-10  2.03206118e-11  2.03206118e-11  2.47315007e-21  2.33262871e-22  7.12454310e-21  5.13569410e-22  9.50374681e-11  9.50374681e-11  9.50374681e-11  9.50374681e-11  1.00913421e-09  1.00913421e-09  1.01953493e-09  1.01953493e-09  3.49511481e-10  3.49511481e-10  2.35477508e-10  2.35477508e-10  6.78867450e-21  3.18031204e-22  1.86142595e-20  2.10943089e-21  1.00913421e-09  1.00913421e-09  1.00913421e-09  1.00913421e-09 
 9.54992586e+06  9.92770171e-10  9.92770171e-10  9.99793746e-10  9.99793746e-10  4.32513459e-10  4.32513459e-10  2.33012882e-10  2.33012882e-10  1.64546931e-21  9.43928637e-23  4.73440795e-21  4.55451306e-22  9.92770171e-10  9.92770171e-10  9.92770171e-10  9.92770171e-10  9.21443345e-11  9.21443345e-11  3.15308770e-11  3.15308770e-11  2.62181450e-10  2.62181450e-10  1.97543365e-11  1.97543365e-11  5.57533133e-22  5.54467660e-23  1.67806059e-21  1.06755212e-22  9.21443345e-11  9.21443345e-11  9.21443345e-11  9.21443345e-11  9.87922117e-10  9.87922117e-10  9.98103624e-10  9.98103624e-10  3.43706275e-10  3.43706275e-10  2.31566163e-10  2.31566163e-10  1.54527293e-21  7.63308920e-23  4.42686607e-21  4.42746609e-22  9.87922117e-10  9.87922117e-10  9.87922117e-10  9.87922117e-10 
 9.77237221e+06  9.71900219e-10  9.71900219e-10  9.78838289e-10  9.78838289e-10  4.23861879e-10  4.23861879e-10  2.29140897e-10  2.29140897e-10  1.41141232e-21  7.24260564e-23  3.37893325e-21  5.13255357e-22  9.71900219e-10  9.71900219e-10  9.71900219e-10  9.71900219e-10  8.93457313e-11  8.93457313e-11  3.05169384e-11  3.05169384e-11  2.55364491e-10  2.55364491e-10  1.92052798e-11  1.92052798e-11  4.74190215e-22  4.22745050e-23  1.18753049e-21  1.19209512e-22  8.93457313e-11  8.93457313e-11  8.93457313e-11  8.93457313e-11  9.67225814e-10  9.67225814e-10  9.77193443e-10  9.77193443e-10  3.38022810e-10  3.38022810e-10  2.27736840e-10  2.27736840e-10  1.32704944e-21  5.87628225e-23  3.16324997e-21  4.99202860e-22  9.67225814e-10  9.67225814e-10  9.67225814e-10  9.67225814e-10 
 1.00000000e+07  9.51536089e-10  9.51536089e-10  9.58388280e-10  9.58388280e-10  4.15431207e-10  4.15431207e-10  2.25349874e-10  2.25349874e-10  8.09385795e-21  4.50689819e-22  2.12859725e-20  2.50356919e-21  9.51536089e-10  9.51536089e-10  9.51536089e-10  9.51536089e-10  8.66380871e-11  8.66380871e-11  2.95376369e-11  2.95376369e-11  2.48742671e-10  2.48742671e-10  1.86728263e-11  1.86728263e-11  2.69584662e-21  2.61384524e-22  7.41776466e-21  5.76182288e-22  8.66380871e-11  8.66380871e-11  8.66380871e-11  8.66380871e-11  9.47028231e-10  9.47028231e-10  9.56787141e-10  9.56787141e-10  3.32457239e-10  3.32457239e-10  2.23986947e-10  2.23986947e-10  7.61780224e-21  3.66863062e-22  1.99508680e-20  2.43627359e-21  9.47028231e-10  9.47028231e-10  9.47028231e-10  9.47028231e-10 
 1.02329299e+07  9.31660961e-10  9.31660961e-10  9.38426985e-10  9.38426985e-10  4.07213748e-10  4.07213748e-10  2.21637211e-10  2.21637211e-10  2.65246719e-21  1.47197261e-22  6.77364612e-21  8.00189184e-22  9.31660961e-10  9.31660961e-10  9.31660961e-10  9.31660961e-10  8.40179763e-11  8.40179763e-11  2.85916254e-11  2.85916254e-11  2.42309226e-10  2.42309226e-10  1.81563830e-11  1.81563830e-11  8.75894986e-22  8.48216053e-23  2.34049539e-21  1.82479318e-22  8.40179763e-11  8.40179763e-11  8.40179763e-11  8.40179763e-11  9.27312870e-10  9.27312870e-10  9.36868050e-10  9.36868050e-10  3.27005795e-10  3.27005795e-10  2.20313945e-10  2.20313945e-10  2.49911681e-21  1.20207234e-22  6.35618509e-21  7.79075959e-22  9.27312870e-10  9.27312870e-10  9.27312870e-10  9.27312870e-10 
 1.04712855e+07  9.12258581e-10  9.12258581e-10  9.18938228e-10  9.18938228e-10  3.99202049e-10  3.99202049e-10  2.18000366e-10  2.18000366e-10  5.33314612e-21  3.02482070e-22  1.36968009e-20  1.62466217e-21  9.12258581e-10  9.12258581e-10  9.12258581e-10  9.12258581e-10  8.14821133e-11  8.14821133e-11  2.76776140e-11  2.76776140e-11  2.36057628e-10  2.36057628e-10  1.76553786e-11  1.76553786e-11  1.74593853e-21  1.73177436e-22  4.69247125e-21  3.67112562e-22  8.14821133e-11  8.14821133e-11  8.14821133e-11  8.14821133e-11  9.08063783e-10  9.08063783e-10  9.17420056e-10  9.17420056e-10  3.21664801e-10  3.21664801e-10  2.16715357e-10  2.16715357e-10  5.02994765e-21  2.47808056e-22  1.28673871e-20  1.58257900e-21  9.08063783e-10  9.08063783e-10  9.08063783e-10  9.08063783e-10 
 1.07151931e+07  8.93313247e-10  8.93313247e-10  8.99906383e-10  8.99906383e-10  3.91388902e-10  3.91388902e-10  2.14436863e-10  2.14436863e-10  6.04976867e-21  3.45855984e-22  1.53238842e-20  1.84172124e-21  8.93313247e-10  8.93313247e-10  8.93313247e-10  8.93313247e-10  7.90273468e-11  7.90273468e-11  2.67943668e-11  2.67943668e-11  2.29981587e-10  2.29981587e-10  1.71692634e-11  1.71692634e-11  1.96347555e-21  1.96722847e-22  5.20523226e-21  4.12355961e-22  7.90273468e-11  7.90273468e-11  7.90273468e-11  7.90273468e-11  8.89265559e-10  8.89265559e-10  8.98427590e-10  8.98427590e-10  3.16430667e-10  3.16430667e-10  2.13188765e-10  2.13188765e-10  5.71162931e-21  2.84235891e-22  1.44121528e-20  1.79489245e-21  8.89265559e-10  8.89265559e-10  8.89265559e-10  8.89265559e-10 
 1.09647820e+07  8.74809793e-10  8.74809793e-10  8.81316351e-10  8.81316351e-10  3.83767339e-10  3.83767339e-10  2.10944294e-10  2.10944294e-10  5.94976024e-21  3.48828328e-22  1.52278546e-20  1.70312352e-21  8.74809793e-10  8.74809793e-10  8.74809793e-10  8.74809793e-10  7.66506550e-11  7.66506550e-11  2.59407004e-11  2.59407004e-11  2.24075042e-10  2.24075042e-10  1.66975083e-11  1.66975083e-11  1.91430537e-21  1.97115150e-22  5.12850114e-21  3.77835066e-22  7.66506550e-11  7.66506550e-11  7.66506550e-11  7.66506550e-11  8.70903310e-10  8.70903310e-10  8.79875612e-10  8.79875612e-10  3.11299903e-10  3.11299903e-10  2.09731817e-10  2.09731817e-10  5.62271063e-21  2.87570360e-22  1.43376905e-20  1.66061293e-21  8.70903310e-10  8.70903310e-10  8.70903310e-10  8.70903310e-10 
 1.12201845e+07  8.56733578e-10  8.56733578e-10  8.63153553e-10  8.63153553e-10  3.76330636e-10  3.76330636e-10  2.07520319e-10  2.07520319e-10  7.54411600e-21  4.44261431e-22  1.89556205e-20  2.16975223e-21  8.56733578e-10  8.56733578e-10  8.56733578e-10  8.56733578e-10  7.43491399e-11  7.43491399e-11  2.51154813e-11  2.51154813e-11  2.18332159e-10  2.18332159e-10  1.62396051e-11  1.62396051e-11  2.40628821e-21  2.49390267e-22  6.32939291e-21  4.76947792e-22  7.43491399e-11  7.43491399e-11  7.43491399e-11  7.43491399e-11  8.52962660e-10  8.52962660e-10  8.61749596e-10  8.61749596e-10  3.06269118e-10  3.06269118e-10  2.06342228e-10  2.06342228e-10  7.13644886e-21  3.67369940e-22  1.78669656e-20  2.11659125e-21  8.52962660e-10  8.52962660e-10  8.52962660e-10  8.52962660e-10 
 1.14815362e+07  8.39070473e-10  8.39070473e-10  8.45403919e-10  8.45403919e-10  3.69072311e-10  3.69072311e-10  2.04162673e-10  2.04162673e-10  2.95023726e-21  1.68691701e-22  6.93384342e-21  9.62728560e-22  8.39070473e-10  8.39070473e-10  8.39070473e-10  8.39070473e-10  7.21200229e-11  7.21200229e-11  2.43176241e-11  2.43176241e-11  2.12747328e-10  2.12747328e-10  1.57950654e-11  1.57950654e-11  9.32893935e-22  9.40702059e-23  2.29542098e-21  2.09684804e-22  7.21200229e-11  7.21200229e-11  7.21200229e-11  7.21200229e-11  8.35429731e-10  8.35429731e-10  8.44035521e-10  8.44035521e-10  3.01335025e-10  3.01335025e-10  2.03017783e-10  2.03017783e-10  2.79361648e-21  1.39918845e-22  6.54261090e-21  9.39578588e-22  8.35429731e-10  8.35429731e-10  8.35429731e-10  8.35429731e-10 
 1.17489755e+07  8.21806849e-10  8.21806849e-10  8.28053870e-10  8.28053870e-10  3.61986124e-10  3.61986124e-10  2.00869164e-10  2.00869164e-10  6.67969423e-21  3.98081847e-22  1.62479099e-20  1.91090828e-21  8.21806849e-10  8.21806849e-10  8.21806849e-10  8.21806849e-10  6.99606400e-11  6.99606400e-11  2.35460894e-11  2.35460894e-11  2.07315159e-10  2.07315159e-10  1.53634207e-11  1.53634207e-11  2.09376056e-21  2.20508730e-22  5.33263868e-21  4.12380877e-22  6.99606400e-11  6.99606400e-11  6.99606400e-11  6.99606400e-11  8.18291132e-10  8.18291132e-10  8.26719860e-10  8.26719860e-10  2.96494444e-10  2.96494444e-10  1.99756341e-10  1.99756341e-10  6.33084280e-21  3.31169174e-22  1.53472619e-20  1.86579821e-21  8.18291132e-10  8.18291132e-10  8.18291132e-10  8.18291132e-10 
 1.20226443e+07  8.04929565e-10  8.04929565e-10  8.11090315e-10  8.11090315e-10  3.55066073e-10  3.55066073e-10  1.97637679e-10  1.97637679e-10  3.57283315e-21  2.12392839e-22  8.45188150e-21  1.04461843e-21  8.04929565e-10  8.04929565e-10  8.04929565e-10  8.04929565e-10  6.78684379e-11  6.78684379e-11  2.27998818e-11  2.27998818e-11  2.02030478e-10  2.02030478e-10  1.49442212e-11  1.49442212e-11  1.11017950e-21  1.16862322e-22  2.75008798e-21  2.23362206e-22  6.78684379e-11  6.78684379e-11  6.78684379e-11  6.78684379e-11  8.01533953e-10  8.01533953e-10  8.09789568e-10  8.09789568e-10  2.91744308e-10  2.91744308e-10  1.96555834e-10  1.96555834e-10  3.38943820e-21  1.77214245e-22  7.99162935e-21  1.02041268e-21  8.01533953e-10  8.01533953e-10  8.01533953e-10  8.01533953e-10 
 1.23026877e+07  7.88425960e-10  7.88425960e-10  7.94500638e-10  7.94500638e-10  3.48306396e-10  3.48306396e-10  1.94466182e-10  1.94466182e-10  5.98158693e-21  3.56999408e-22  1.38806255e-20  1.75864135e-21  7.88425960e-10  7.88425960e-10  7.88425960e-10  7.88425960e-10  6.58409689e-11  6.58409689e-11  2.20780485e-11  2.20780485e-11  1.96888319e-10  1.96888319e-10  1.45370360e-11  1.45370360e-11  1.84244727e-21  1.95103608e-22  4.47757706e-21  3.72580219e-22  6.58409689e-11  6.58409689e-11  6.58409689e-11  6.58409689e-11  7.85145749e-10  7.85145749e-10  7.93232071e-10  7.93232071e-10  2.87081662e-10  2.87081662e-10  1.93414272e-10  1.93414272e-10  5.67975474e-21  2.98737276e-22  1.31380773e-20  1.71864409e-21  7.85145749e-10  7.85145749e-10  7.85145749e-10  7.85145749e-10 
 1.25892541e+07  7.72283842e-10  7.72283842e-10  7.78272687e-10  7.78272687e-10  3.41701567e-10  3.41701567e-10  1.91352718e-10  1.91352718e-10  2.44768083e-21  1.50433936e-22  5.77938336e-21  6.71832126e-22  7.72283842e-10  7.72283842e-10  7.72283842e-10  7.72283842e-10  6.38758876e-11  6.38758876e-11  2.13796773e-11  2.13796773e-11  1.91883925e-10  1.91883925e-10  1.41414522e-11  1.41414522e-11  7.47327336e-22  8.16559207e-23  1.84819930e-21  1.41022482e-22  6.38758876e-11  6.38758876e-11  6.38758876e-11  6.38758876e-11  7.69114535e-10  7.69114535e-10  7.77035262e-10  7.77035262e-10  2.82503669e-10  2.82503669e-10  1.90329743e-10  1.90329743e-10  2.32619106e-21  1.26244305e-22  5.47567353e-21  6.56832309e-22  7.69114535e-10  7.69114535e-10  7.69114535e-10  7.69114535e-10 
 1.28824955e+07  7.56491478e-10  7.56491478e-10  7.62394765e-10  7.62394765e-10  3.35246294e-10  3.35246294e-10  1.88295416e-10  1.88295416e-10  1.37988351e-21  8.21872540e-23  3.03932101e-21  4.30083659e-22  7.56491478e-10  7.56491478e-10  7.56491478e-10  7.56491478e-10  6.19709467e-11  6.19709467e-11  2.07038950e-11  2.07038950e-11  1.87012736e-10  1.87012736e-10  1.37570745e-11  1.37570745e-11  4.17641980e-22  4.43077012e-23  9.63539848e-22  8.94469012e-23  6.19709467e-11  6.19709467e-11  6.19709467e-11  6.19709467e-11  7.53428773e-10  7.53428773e-10  7.61187484e-10  7.61187484e-10  2.78007610e-10  2.78007610e-10  1.87300415e-10  1.87300415e-10  1.31261892e-21  6.91677001e-23  2.88242772e-21  4.20660228e-22  7.53428773e-10  7.53428773e-10  7.53428773e-10  7.53428773e-10 
 1.31825674e+07  7.41037584e-10  7.41037584e-10  7.46855624e-10  7.46855624e-10  3.28935517e-10  3.28935517e-10  1.85292485e-10  1.85292485e-10  8.45030256e-21  5.14588489e-22  1.87463009e-20  2.40824494e-21  7.41037584e-10  7.41037584e-10  7.41037584e-10  7.41037584e-10  6.01239933e-11  6.01239933e-11  2.00498659e-11  2.00498659e-11  1.82270392e-10  1.82270392e-10  1.33835247e-11  1.33835247e-11  2.53513377e-21  2.75515168e-22  5.89151732e-21  4.96240683e-22  6.01239933e-11  6.01239933e-11  6.01239933e-11  6.01239933e-11  7.38077368e-10  7.38077368e-10  7.45677527e-10  7.45677527e-10  2.73590887e-10  2.73590887e-10  1.84324539e-10  1.84324539e-10  8.04517315e-21  4.34279800e-22  1.77957339e-20  2.35645158e-21  7.38077368e-10  7.38077368e-10  7.38077368e-10  7.38077368e-10 
 1.34896288e+07  7.25911318e-10  7.25911318e-10  7.31644453e-10  7.31644453e-10  3.22764406e-10  3.22764406e-10  1.82342220e-10  1.82342220e-10  1.96431487e-21  1.21351426e-22  4.34224214e-21  5.21648601e-22  7.25911318e-10  7.25911318e-10  7.25911318e-10  7.25911318e-10  5.83329652e-11  5.83329652e-11  1.94167902e-11  1.94167902e-11  1.77652721e-10  1.77652721e-10  1.30204410e-11  1.30204410e-11  5.84125242e-22  6.45246583e-23  1.35281013e-21  1.06498622e-22  5.83329652e-11  5.83329652e-11  5.83329652e-11  5.83329652e-11  7.23049656e-10  7.23049656e-10  7.30494617e-10  7.30494617e-10  2.69251023e-10  2.69251023e-10  1.81400444e-10  1.81400444e-10  1.87171831e-21  1.02695125e-22  4.12596549e-21  5.10634485e-22  7.23049656e-10  7.23049656e-10  7.23049656e-10  7.23049656e-10 
 1.38038426e+07  7.11102269e-10  7.11102269e-10  7.16750869e-10  7.16750869e-10  3.16728352e-10  3.16728352e-10  1.79443000e-10  1.79443000e-10  4.17996020e-21  2.58591685e-22  9.03334743e-21  1.13920878e-21  7.11102269e-10  7.11102269e-10  7.11102269e-10  7.11102269e-10  5.65958873e-11  5.65958873e-11  1.88039024e-11  1.88039024e-11  1.73155735e-10  1.73155735e-10  1.26674777e-11  1.26674777e-11  1.23206227e-21  1.36544747e-22  2.78981649e-21  2.30432474e-22  5.65958873e-11  5.65958873e-11  5.65958873e-11  5.65958873e-11  7.08335396e-10  7.08335396e-10  7.15628406e-10  7.15628406e-10  2.64985664e-10  2.64985664e-10  1.78526545e-10  1.78526545e-10  3.98627424e-21  2.19431571e-22  8.59140875e-21  1.11560342e-21  7.08335396e-10  7.08335396e-10  7.08335396e-10  7.08335396e-10 
 1.41253754e+07  6.96600449e-10  6.96600449e-10  7.02164911e-10  7.02164911e-10  3.10822971e-10  3.10822971e-10  1.76593286e-10  1.76593286e-10  1.95978959e-21  1.19746942e-22  4.05697701e-21  5.76530699e-22  6.96600449e-10  6.96600449e-10  6.96600449e-10  6.96600449e-10  5.49108684e-11  5.49108684e-11  1.82104702e-11  1.82104702e-11  1.68775625e-10  1.68775625e-10  1.23243044e-11  1.23243044e-11  5.72582153e-22  6.27898811e-23  1.24201424e-21  1.15540623e-22  5.49108684e-11  5.49108684e-11  5.49108684e-11  5.49108684e-11  6.93924759e-10  6.93924759e-10  7.01068966e-10  7.01068966e-10  2.60792577e-10  2.60792577e-10  1.75701337e-10  1.75701337e-10  1.87056293e-21  1.01885827e-22  3.86202713e-21  5.64808027e-22  6.93924759e-10  6.93924759e-10  6.93924759e-10  6.93924759e-10 
 1.44543977e+07  6.82396282e-10  6.82396282e-10  6.87877025e-10  6.87877025e-10  3.05044091e-10  3.05044091e-10  1.73791626e-10  1.73791626e-10  1.14129000e-21  7.26306937e-23  2.44822359e-21  2.83915528e-22  6.82396282e-10  6.82396282e-10  6.82396282e-10  6.82396282e-10  5.32760977e-11  5.32760977e-11  1.76357929e-11  1.76357929e-11  1.64508757e-10  1.64508757e-10  1.19906055e-11  1.19906055e-11  3.30486299e-22  3.78171362e-23  7.42959795e-22  5.63722330e-23  5.32760977e-11  5.32760977e-11  5.32760977e-11  5.32760977e-11  6.79808323e-10  6.79808323e-10  6.86806777e-10  6.86806777e-10  2.56669652e-10  2.56669652e-10  1.72923399e-10  1.72923399e-10  1.09015431e-21  6.19601919e-23  2.33267405e-21  2.78247578e-22  6.79808323e-10  6.79808323e-10  6.79808323e-10  6.79808323e-10 
 1.47910839e+07  6.68480595e-10  6.68480595e-10  6.73878062e-10  6.73878062e-10  2.99387755e-10  2.99387755e-10  1.71036649e-10  1.71036649e-10  3.00140674e-21  1.91947606e-22  6.32903526e-21  7.15170661e-22  6.68480595e-10  6.68480595e-10  6.68480595e-10  6.68480595e-10  5.16898414e-11  5.16898414e-11  1.70791998e-11  1.70791998e-11  1.60351661e-10  1.60351661e-10  1.16660797e-11  1.16660797e-11  8.61444346e-22  9.92389090e-23  1.90386067e-21  1.40684972e-22  5.16898414e-11  5.16898414e-11  5.16898414e-11  5.16898414e-11  6.65977061e-10  6.65977061e-10  6.72832718e-10  6.72832718e-10  2.52614900e-10  2.52614900e-10  1.70191392e-10  1.70191392e-10  2.86920606e-21  1.64174650e-22  6.03564805e-21  7.01154719e-22  6.65977061e-10  6.65977061e-10  6.65977061e-10  6.65977061e-10 
 1.51356125e+07  6.54844609e-10  6.54844609e-10  6.60159265e-10  6.60159265e-10  2.93850209e-10  2.93850209e-10  1.68327067e-10  1.68327067e-10  9.47482490e-22  5.50152846e-23  1.68326483e-21  3.50886629e-22  6.54844609e-10  6.54844609e-10  6.54844609e-10  6.54844609e-10  5.01504401e-11  5.01504401e-11  1.65400496e-11  1.65400496e-11  1.56301028e-10  1.56301028e-10  1.13504394e-11  1.13504394e-11  2.69568384e-22  2.82427382e-23  5.01911127e-22  6.83872431e-23  5.01504401e-11  5.01504401e-11  5.01504401e-11  5.01504401e-11  6.52422333e-10  6.52422333e-10  6.59138061e-10  6.59138061e-10  2.48626453e-10  2.48626453e-10  1.67504055e-10  1.67504055e-10  9.06574438e-22  4.71770647e-23  1.60662888e-21  3.44144830e-22  6.52422333e-10  6.52422333e-10  6.52422333e-10  6.52422333e-10 
 1.54881662e+07  6.41479930e-10  6.41479930e-10  6.46712255e-10  6.46712255e-10  2.88427902e-10  2.88427902e-10  1.65661673e-10  1.65661673e-10  2.54127901e-21  1.63010113e-22  5.12596978e-21  6.07285634e-22  6.41479930e-10  6.41479930e-10  6.41479930e-10  6.41479930e-10  4.86563051e-11  4.86563051e-11  1.60177284e-11  1.60177284e-11  1.52353703e-10  1.52353703e-10  1.10434100e-11  1.10434100e-11  7.16523627e-22  8.30861397e-23  1.51502766e-21  1.17260233e-22  4.86563051e-11  4.86563051e-11  4.86563051e-11  4.86563051e-11  6.39135877e-10  6.39135877e-10  6.45714456e-10  6.45714456e-10  2.44702560e-10  2.44702560e-10  1.64860209e-10  1.64860209e-10  2.43312841e-21  1.40136962e-22  4.89676550e-21  5.95822512e-22  6.39135877e-10  6.39135877e-10  6.39135877e-10  6.39135877e-10 
 1.58489319e+07  6.28378536e-10  6.28378536e-10  6.33529030e-10  6.33529030e-10  2.83117473e-10  2.83117473e-10  1.63039341e-10  1.63039341e-10  2.69365749e-21  1.68236765e-22  5.09035949e-21  7.72125115e-22  6.28378536e-10  6.28378536e-10  6.28378536e-10  6.28378536e-10  4.72059157e-11  4.72059157e-11  1.55116491e-11  1.55116491e-11  1.48506677e-10  1.48506677e-10  1.07447295e-11  1.07447295e-11  7.52779440e-22  8.51377140e-23  1.49127125e-21  1.47708459e-22  4.72059157e-11  4.72059157e-11  4.72059157e-11  4.72059157e-11  6.26109794e-10  6.26109794e-10  6.32553925e-10  6.32553925e-10  2.40841587e-10  2.40841587e-10  1.62258754e-10  1.62258754e-10  2.58108475e-21  1.44992688e-22  4.86682118e-21  7.57829527e-22  6.26109794e-10  6.26109794e-10  6.26109794e-10  6.26109794e-10 
 1.62181010e+07  6.15532768e-10  6.15532768e-10  6.20601946e-10  6.20601946e-10  2.77915750e-10  2.77915750e-10  1.60459019e-10  1.60459019e-10  5.61683832e-22  3.78833731e-23  1.16370570e-21  7.98284880e-23  6.15532768e-10  6.15532768e-10  6.15532768e-10  6.15532768e-10  4.57978165e-11  4.57978165e-11  1.50212497e-11  1.50212497e-11  1.44757083e-10  1.44757083e-10  1.04541477e-11  1.04541477e-11  1.55557344e-22  1.90331224e-23  3.37915916e-22  1.51279124e-23  4.57978165e-11  4.57978165e-11  4.57978165e-11  4.57978165e-11  6.13336546e-10  6.13336546e-10  6.19648850e-10  6.19648850e-10  2.37042012e-10  2.37042012e-10  1.59698664e-10  1.59698664e-10  5.38548767e-22  3.27291071e-23  1.11351839e-21  7.83691535e-23  6.13336546e-10  6.13336546e-10  6.13336546e-10  6.13336546e-10 
 1.65958691e+07  6.02935319e-10  6.02935319e-10  6.07923710e-10  6.07923710e-10  2.72819743e-10  2.72819743e-10  1.57919733e-10  1.57919733e-10  4.80259393e-22  3.35494574e-23  1.02572168e-21  5.44792429e-23  6.02935319e-10  6.02935319e-10  6.02935319e-10  6.02935319e-10  4.44306139e-11  4.44306139e-11  1.45459925e-11  1.45459925e-11  1.41102188e-10  1.41102188e-10  1.01714257e-11  1.01714257e-11  1.31814191e-22  1.67337960e-23  2.95220184e-22  1.02269731e-23  4.44306139e-11  4.44306139e-11  4.44306139e-11  4.44306139e-11  6.00808938e-10  6.00808938e-10  6.06991963e-10  6.06991963e-10  2.33302422e-10  2.33302422e-10  1.57178987e-10  1.57178987e-10  4.60783250e-22  2.90548465e-23  9.82278846e-22  5.34950093e-23  6.00808938e-10  6.00808938e-10  6.00808938e-10  6.00808938e-10 
 1.69824365e+07  5.90579222e-10  5.90579222e-10  5.95487372e-10  5.95487372e-10  2.67826630e-10  2.67826630e-10  1.55420581e-10  1.55420581e-10  2.13999550e-21  1.37429875e-22  3.91803646e-21  5.28785357e-22  5.90579222e-10  5.90579222e-10  5.90579222e-10  5.90579222e-10  4.31029742e-11  4.31029742e-11  1.40853628e-11  1.40853628e-11  1.37539384e-10  1.37539384e-10  9.89633565e-12  9.89633565e-12  5.82205503e-22  6.80517597e-23  1.11771180e-21  9.83652816e-23  4.31029742e-11  4.31029742e-11  4.31029742e-11  4.31029742e-11  5.88520112e-10  5.88520112e-10  5.94576334e-10  5.94576334e-10  2.29621514e-10  2.29621514e-10  1.54698844e-10  1.54698844e-10  2.05499524e-21  1.19306327e-22  3.75507469e-21  5.19526845e-22  5.88520112e-10  5.88520112e-10  5.88520112e-10  5.88520112e-10 
 1.73780083e+07  5.78457839e-10  5.78457839e-10  5.83286305e-10  5.83286305e-10  2.62933760e-10  2.62933760e-10  1.52960731e-10  1.52960731e-10  1.80861124e-21  1.18671163e-22  3.34083578e-21  3.89367956e-22  5.78457839e-10  5.78457839e-10  5.78457839e-10  5.78457839e-10  4.18136199e-11  4.18136199e-11  1.36388679e-11  1.36388679e-11  1.34066186e-10  1.34066186e-10  9.62865946e-12  9.62865946e-12  4.87641558e-22  5.83342623e-23  9.44615935e-22  7.17566422e-23  4.18136199e-11  4.18136199e-11  4.18136199e-11  4.18136199e-11  5.76463531e-10  5.76463531e-10  5.82395360e-10  5.82395360e-10  2.25998082e-10  2.25998082e-10  1.52257424e-10  1.52257424e-10  1.73794178e-21  1.03263734e-22  3.20438000e-21  3.82673388e-22  5.76463531e-10  5.76463531e-10  5.76463531e-10  5.76463531e-10 
 1.77827941e+07  5.66564851e-10  5.66564851e-10  5.71314202e-10  5.71314202e-10  2.58138635e-10  2.58138635e-10  1.50539417e-10  1.50539417e-10  2.38625870e-21  1.57592140e-22  4.34496806e-21  4.84242484e-22  5.66564851e-10  5.66564851e-10  5.66564851e-10  5.66564851e-10  4.05613280e-11  4.05613280e-11  1.32060362e-11  1.32060362e-11  1.30680220e-10  1.30680220e-10  9.36818890e-12  9.36818890e-12  6.37631902e-22  7.68989434e-23  1.21764175e-21  8.84103855e-23  4.05613280e-11  4.05613280e-11  4.05613280e-11  4.05613280e-11  5.64632973e-10  5.64632973e-10  5.70442753e-10  5.70442753e-10  2.22431022e-10  2.22431022e-10  1.49853983e-10  1.49853983e-10  2.29458713e-21  1.37449919e-22  4.17069351e-21  4.76068491e-22  5.64632973e-10  5.64632973e-10  5.64632973e-10  5.64632973e-10 
 1.81970086e+07  5.54894242e-10  5.54894242e-10  5.59565059e-10  5.59565059e-10  2.53438907e-10  2.53438907e-10  1.48155937e-10  1.48155937e-10  3.69383175e-21  2.43724346e-22  6.55310570e-21  7.67126042e-22  5.54894242e-10  5.54894242e-10  5.54894242e-10  5.54894242e-10  3.93449268e-11  3.93449268e-11  1.27864159e-11  1.27864159e-11  1.27379222e-10  1.27379222e-10  9.11472473e-12  9.11472473e-12  9.78197929e-22  1.18053346e-22  1.82014941e-21  1.38754638e-22  3.93449268e-11  3.93449268e-11  3.93449268e-11  3.93449268e-11  5.53022514e-10  5.53022514e-10  5.58712527e-10  5.58712527e-10  2.18919321e-10  2.18919321e-10  1.47487838e-10  1.47487838e-10  3.55435870e-21  2.13060242e-22  6.29500073e-21  7.54420816e-22  5.53022514e-10  5.53022514e-10  5.53022514e-10  5.53022514e-10 
 1.86208714e+07  5.43440288e-10  5.43440288e-10  5.48033163e-10  5.48033163e-10  2.48832372e-10  2.48832372e-10  1.45809652e-10  1.45809652e-10  2.91884046e-21  1.91727806e-22  5.01523339e-21  6.25980295e-22  5.43440288e-10  5.43440288e-10  5.43440288e-10  5.43440288e-10  3.81632938e-11  3.81632938e-11  1.23795742e-11  1.23795742e-11  1.24161026e-10  1.24161026e-10  8.86807622e-12  8.86807622e-12  7.66045941e-22  9.21815758e-23  1.38061362e-21  1.12170623e-22  3.81632938e-11  3.81632938e-11  3.81632938e-11  3.81632938e-11  5.41626520e-10  5.41626520e-10  5.47198991e-10  5.47198991e-10  2.15462053e-10  2.15462053e-10  1.45158365e-10  1.45158365e-10  2.81053715e-21  1.67984126e-22  4.82126386e-21  6.15807942e-22  5.41626520e-10  5.41626520e-10  5.41626520e-10  5.41626520e-10 
 1.90546072e+07  5.32197548e-10  5.32197548e-10  5.36713084e-10  5.36713084e-10  2.44316956e-10  2.44316956e-10  1.43499974e-10  1.43499974e-10  8.52671484e-22  5.71943937e-23  1.47771472e-21  1.58305767e-22  5.32197548e-10  5.32197548e-10  5.32197548e-10  5.32197548e-10  3.70153529e-11  3.70153529e-11  1.19850962e-11  1.19850962e-11  1.21023563e-10  1.21023563e-10  8.62806065e-12  8.62806065e-12  2.21767079e-22  2.72944431e-23  4.03168930e-22  2.81022613e-23  3.70153529e-11  3.70153529e-11  3.70153529e-11  3.70153529e-11  5.30439631e-10  5.30439631e-10  5.35896729e-10  5.35896729e-10  2.12058378e-10  2.12058378e-10  1.42864998e-10  1.42864998e-10  8.21545445e-22  5.02225031e-23  1.42159472e-21  1.55778465e-22  5.30439631e-10  5.30439631e-10  5.30439631e-10  5.30439631e-10 
 1.94984460e+07  5.21160846e-10  5.21160846e-10  5.25599654e-10  5.25599654e-10  2.39890710e-10  2.39890710e-10  1.41226373e-10  1.41226373e-10  1.13918077e-21  7.39461557e-23  1.82605396e-21  2.86839288e-22  5.21160846e-10  5.21160846e-10  5.21160846e-10  5.21160846e-10  3.59000724e-11  3.59000724e-11  1.16025843e-11  1.16025843e-11  1.17964849e-10  1.17964849e-10  8.39450276e-12  8.39450276e-12  2.93638907e-22  3.50260667e-23  4.93764561e-22  5.04461415e-23  3.59000724e-11  3.59000724e-11  3.59000724e-11  3.59000724e-11  5.19456752e-10  5.19456752e-10  5.24800592e-10  5.24800592e-10  2.08707529e-10  2.08707529e-10  1.40607222e-10  1.40607222e-10  1.09836861e-21  6.50751964e-23  1.75795868e-21  2.82354106e-22  5.19456752e-10  5.19456752e-10  5.19456752e-10  5.19456752e-10 
 1.99526231e+07  5.10325262e-10  5.10325262e-10  5.14687962e-10  5.14687962e-10  2.35551802e-10  2.35551802e-10  1.38988365e-10  1.38988365e-10  6.40801017e-22  4.22440789e-23  1.02734465e-21  1.37606229e-22  5.10325262e-10  5.10325262e-10  5.10325262e-10  5.10325262e-10  3.48164628e-11  3.48164628e-11  1.12316572e-11  1.12316572e-11  1.14982985e-10  1.14982985e-10  8.16723426e-12  8.16723426e-12  1.63685011e-22  1.98598307e-23  2.75313066e-22  2.39745351e-23  3.48164628e-11  3.48164628e-11  3.48164628e-11  3.48164628e-11  5.08673036e-10  5.08673036e-10  5.13905685e-10  5.13905685e-10  2.05408815e-10  2.05408815e-10  1.38384569e-10  1.38384569e-10  6.18220537e-22  3.72562945e-23  9.89727343e-22  1.35492841e-22  5.08673036e-10  5.08673036e-10  5.08673036e-10  5.08673036e-10 
 2.04173794e+07  4.99686115e-10  4.99686115e-10  5.03973339e-10  5.03973339e-10  2.31298508e-10  2.31298508e-10  1.36785513e-10  1.36785513e-10  2.09391333e-21  1.40154066e-22  3.35791499e-21  3.97274263e-22  4.99686115e-10  4.99686115e-10  4.99686115e-10  4.99686115e-10  3.37635741e-11  3.37635741e-11  1.08719487e-11  1.08719487e-11  1.12076144e-10  1.12076144e-10  7.94609339e-12  7.94609339e-12  5.30033743e-22  6.53935716e-23  8.91824270e-22  6.85684884e-23  3.37635741e-11  3.37635741e-11  3.37635741e-11  3.37635741e-11  4.98083878e-10  4.98083878e-10  5.03207352e-10  5.03207352e-10  2.02161607e-10  2.02161607e-10  1.36196616e-10  1.36196616e-10  2.02133378e-21  1.23868014e-22  3.23718882e-21  3.91282775e-22  4.98083878e-10  4.98083878e-10  4.98083878e-10  4.98083878e-10 
 2.08929613e+07  4.89238955e-10  4.89238955e-10  4.93451343e-10  4.93451343e-10  2.27129201e-10  2.27129201e-10  1.34617419e-10  1.34617419e-10  3.72046292e-22  2.58866806e-23  6.19287891e-22  5.29401727e-23  4.89238955e-10  4.89238955e-10  4.89238955e-10  4.89238955e-10  3.27404944e-11  3.27404944e-11  1.05231075e-11  1.05231075e-11  1.09242574e-10  1.09242574e-10  7.73092441e-12  7.73092441e-12  9.33209951e-23  1.19869613e-23  1.63003070e-22  9.05133553e-24  3.27404944e-11  3.27404944e-11  3.27404944e-11  3.27404944e-11  4.87684895e-10  4.87684895e-10  4.92701166e-10  4.92701166e-10  1.98965338e-10  1.98965338e-10  1.34042981e-10  1.34042981e-10  3.59346878e-22  2.29262604e-23  5.97426565e-22  5.21529427e-23  4.87684895e-10  4.87684895e-10  4.87684895e-10  4.87684895e-10 
 2.13796209e+07  4.78979550e-10  4.78979550e-10  4.83117747e-10  4.83117747e-10  2.23042349e-10  2.23042349e-10  1.32483724e-10  1.32483724e-10  1.19853542e-21  7.97286449e-23  1.80863793e-21  2.45019417e-22  4.78979550e-10  4.78979550e-10  4.78979550e-10  4.78979550e-10  3.17463474e-11  3.17463474e-11  1.01847960e-11  1.01847960e-11  1.06480584e-10  1.06480584e-10  7.52157722e-12  7.52157722e-12  2.97940124e-22  3.66393681e-23  4.71783991e-22  4.15034780e-23  3.17463474e-11  3.17463474e-11  3.17463474e-11  3.17463474e-11  4.77471918e-10  4.77471918e-10  4.82382915e-10  4.82382915e-10  1.95819495e-10  1.95819495e-10  1.31923319e-10  1.31923319e-10  1.15841323e-21  7.07574367e-23  1.74595057e-21  2.41463030e-22  4.77471918e-10  4.77471918e-10  4.77471918e-10  4.77471918e-10 
 2.18776162e+07  4.68903868e-10  4.68903868e-10  4.72968529e-10  4.72968529e-10  2.19036500e-10  2.19036500e-10  1.30384102e-10  1.30384102e-10  2.67117711e-21  1.79102263e-22  3.98418418e-21  5.11989728e-22  4.68903868e-10  4.68903868e-10  4.68903868e-10  4.68903868e-10  3.07802904e-11  3.07802904e-11  9.85668976e-12  9.85668976e-12  1.03788546e-10  1.03788546e-10  7.31790690e-12  7.31790690e-12  6.58008084e-22  8.16797497e-23  1.02994537e-21  8.59137067e-23  3.07802904e-11  3.07802904e-11  3.07802904e-11  3.07802904e-11  4.67440980e-10  4.67440980e-10  4.72248590e-10  4.72248590e-10  1.92723612e-10  1.92723612e-10  1.29837317e-10  1.29837317e-10  2.58324587e-21  1.59271663e-22  3.84860140e-21  5.04694545e-22  4.67440980e-10  4.67440980e-10  4.67440980e-10  4.67440980e-10 
 2.23872114e+07  4.59008069e-10  4.59008069e-10  4.62999857e-10  4.62999857e-10  2.15110280e-10  2.15110280e-10  1.28318254e-10  1.28318254e-10  1.84686015e-21  1.25541693e-22  2.74989923e-21  3.05174794e-22  4.59008069e-10  4.59008069e-10  4.59008069e-10  4.59008069e-10  2.98415131e-11  2.98415131e-11  9.53847668e-12  9.53847668e-12  1.01164884e-10  1.01164884e-10  7.11977335e-12  7.11977335e-12  4.50820483e-22  5.68154812e-23  7.04481692e-22  5.07292349e-23  2.98415131e-11  2.98415131e-11  2.98415131e-11  2.98415131e-11  4.57588300e-10  4.57588300e-10  4.62294371e-10  4.62294371e-10  1.89677268e-10  1.89677268e-10  1.27784689e-10  1.27784689e-10  1.78705597e-21  1.11864119e-22  2.65802130e-21  3.00901579e-22  4.57588300e-10  4.57588300e-10  4.57588300e-10  4.57588300e-10 
 2.29086765e+07  4.49288493e-10  4.49288493e-10  4.53208078e-10  4.53208078e-10  2.11262380e-10  2.11262380e-10  1.26285910e-10  1.26285910e-10  1.60756618e-22  1.07423527e-23  2.23896265e-22  3.98468946e-23  4.49288493e-10  4.49288493e-10  4.49288493e-10  4.49288493e-10  2.89292352e-11  2.89292352e-11  9.22985647e-12  9.22985647e-12  9.86080731e-11  9.86080731e-11  6.92704090e-12  6.92704090e-12  3.88881202e-23  4.82440208e-24  5.68424711e-23  6.56187280e-24  2.89292352e-11  2.89292352e-11  2.89292352e-11  2.89292352e-11  4.47910273e-10  4.47910273e-10  4.52516615e-10  4.52516615e-10  1.86680077e-10  1.86680077e-10  1.25765176e-10  1.25765176e-10  1.55650839e-22  9.59108220e-24  2.16551749e-22  3.93001277e-23  4.47910273e-10  4.47910273e-10  4.47910273e-10  4.47910273e-10 
 2.34422882e+07  4.39741647e-10  4.39741647e-10  4.43589704e-10  4.43589704e-10  2.07491555e-10  2.07491555e-10  1.24286819e-10  1.24286819e-10  6.12874119e-22  4.25762522e-23  9.00549007e-22  7.81576384e-23  4.39741647e-10  4.39741647e-10  4.39741647e-10  4.39741647e-10  2.80427050e-11  2.80427050e-11  8.93053991e-12  8.93053991e-12  9.61166349e-11  9.61166349e-11  6.73957798e-12  6.73957798e-12  1.46897430e-22  1.89731089e-23  2.26569644e-22  1.27491437e-23  2.80427050e-11  2.80427050e-11  2.80427050e-11  2.80427050e-11  4.38403461e-10  4.38403461e-10  4.42911848e-10  4.42911848e-10  1.83731685e-10  1.83731685e-10  1.23778540e-10  1.23778540e-10  5.93674933e-22  3.80857591e-23  8.71546309e-22  7.70987205e-23  4.38403461e-10  4.38403461e-10  4.38403461e-10  4.38403461e-10 
 2.39883292e+07  4.30364191e-10  4.30364191e-10  4.34141403e-10  4.34141403e-10  2.03796609e-10  2.03796609e-10  1.22320748e-10  1.22320748e-10  1.13085709e-21  7.77959471e-23  1.59303331e-21  1.62786036e-22  4.30364191e-10  4.30364191e-10  4.30364191e-10  4.30364191e-10  2.71811978e-11  2.71811978e-11  8.64024833e-12  8.64024833e-12  9.36891316e-11  9.36891316e-11  6.55725680e-12  6.55725680e-12  2.68595146e-22  3.43999979e-23  3.97175711e-22  2.63060042e-23  2.71811978e-11  2.71811978e-11  2.71811978e-11  2.71811978e-11  4.29064577e-10  4.29064577e-10  4.33476749e-10  4.33476749e-10  1.80831762e-10  1.80831762e-10  1.21824558e-10  1.21824558e-10  1.09605583e-21  6.97240382e-23  1.54266429e-21  1.60627921e-22  4.29064577e-10  4.29064577e-10  4.29064577e-10  4.29064577e-10 
 2.45470892e+07  4.21152932e-10  4.21152932e-10  4.24859989e-10  4.24859989e-10  2.00176396e-10  2.00176396e-10  1.20387478e-10  1.20387478e-10  3.01375404e-22  2.02067617e-23  3.93107974e-22  6.72732826e-23  4.21152932e-10  4.21152932e-10  4.21152932e-10  4.21152932e-10  2.63440142e-11  2.63440142e-11  8.35871301e-12  8.35871301e-12  9.13241634e-11  9.13241634e-11  6.37995304e-12  6.37995304e-12  7.09351378e-23  8.86588821e-24  9.71244104e-23  1.07699109e-23  2.63440142e-11  2.63440142e-11  2.63440142e-11  2.63440142e-11  4.19890475e-10  4.19890475e-10  4.24208139e-10  4.24208139e-10  1.77980000e-10  1.77980000e-10  1.19903023e-10  1.19903023e-10  2.92277869e-22  1.81445569e-23  3.80905410e-22  6.64015575e-23  4.19890475e-10  4.19890475e-10  4.19890475e-10  4.19890475e-10 
 2.51188643e+07  4.12104809e-10  4.12104809e-10  4.15742405e-10  4.15742405e-10  1.96629809e-10  1.96629809e-10  1.18486802e-10  1.18486802e-10  2.45277256e-22  1.76519465e-23  3.53358547e-22  2.26318995e-23  4.12104809e-10  4.12104809e-10  4.12104809e-10  4.12104809e-10  2.55304793e-11  2.55304793e-11  8.08567464e-12  8.08567464e-12  8.90203648e-11  8.90203648e-11  6.20754558e-12  6.20754558e-12  5.71978104e-23  7.68436026e-24  8.65139624e-23  3.58765719e-24  2.55304793e-11  2.55304793e-11  2.55304793e-11  2.55304793e-11  4.10878142e-10  4.10878142e-10  4.15102974e-10  4.15102974e-10  1.75176106e-10  1.75176106e-10  1.18013738e-10  1.18013738e-10  2.37965457e-22  1.58793176e-23  3.42590210e-22  2.23345441e-23  4.10878142e-10  4.10878142e-10  4.10878142e-10  4.10878142e-10 
 2.57039578e+07  4.03216883e-10  4.03216883e-10  4.06785719e-10  4.06785719e-10  1.93155774e-10  1.93155774e-10  1.16618520e-10  1.16618520e-10  4.63388357e-22  3.25643463e-23  6.27067835e-22  5.04952928e-23  4.03216883e-10  4.03216883e-10  4.03216883e-10  4.03216883e-10  2.47399405e-11  2.47399405e-11  7.82088288e-12  7.82088288e-12  8.67764011e-11  8.67764011e-11  6.03991625e-12  6.03991625e-12  1.07080538e-22  1.40653451e-23  1.52136917e-22  7.93165360e-24  2.47399405e-11  2.47399405e-11  2.47399405e-11  2.47399405e-11  4.02024686e-10  4.02024686e-10  4.06158330e-10  4.06158330e-10  1.72419799e-10  1.72419799e-10  1.16156513e-10  1.16156513e-10  4.49826522e-22  2.93477295e-23  6.08307758e-22  4.98574306e-23  4.02024686e-10  4.02024686e-10  4.02024686e-10  4.02024686e-10 
 2.63026799e+07  3.94486332e-10  3.94486332e-10  3.97987112e-10  3.97987112e-10  1.89753246e-10  1.89753246e-10  1.14782436e-10  1.14782436e-10  7.14370505e-22  4.88623146e-23  8.97358714e-22  1.19756428e-22  3.94486332e-10  3.94486332e-10  3.94486332e-10  3.94486332e-10  2.39717670e-11  2.39717670e-11  7.56409582e-12  7.56409582e-12  8.45909658e-11  8.45909658e-11  5.87694959e-12  5.87694959e-12  1.63581892e-22  2.09394826e-23  2.15740237e-22  1.86369625e-23  2.39717670e-11  2.39717670e-11  2.39717670e-11  2.39717670e-11  3.93327325e-10  3.93327325e-10  3.97371398e-10  3.97371398e-10  1.69710801e-10  1.69710801e-10  1.14331162e-10  1.14331162e-10  6.93856628e-22  4.41153838e-23  8.71003495e-22  1.18288162e-22  3.93327325e-10  3.93327325e-10  3.93327325e-10  3.93327325e-10 
 2.69153480e+07  3.85910433e-10  3.85910433e-10  3.89343868e-10  3.89343868e-10  1.86421203e-10  1.86421203e-10  1.12978354e-10  1.12978354e-10  1.62608134e-21  1.12123454e-22  2.01896978e-21  2.40801167e-22  3.85910433e-10  3.85910433e-10  3.85910433e-10  3.85910433e-10  2.32253482e-11  2.32253482e-11  7.31507958e-12  7.31507958e-12  8.24627773e-11  8.24627773e-11  5.71853268e-12  5.71853268e-12  3.68948583e-22  4.76708938e-23  4.80989333e-22  3.71215400e-23  2.32253482e-11  2.32253482e-11  2.32253482e-11  2.32253482e-11  3.84783379e-10  3.84783379e-10  3.88739469e-10  3.88739469e-10  1.67048837e-10  1.67048837e-10  1.12537499e-10  1.12537499e-10  1.58015745e-21  1.01409213e-22  1.96075888e-21  2.37898738e-22  3.84783379e-10  3.84783379e-10  3.84783379e-10  3.84783379e-10 
 2.75422870e+07  3.77486560e-10  3.77486560e-10  3.80853365e-10  3.80853365e-10  1.83158640e-10  1.83158640e-10  1.11206080e-10  1.11206080e-10  3.78171625e-22  2.59853761e-23  4.54141953e-22  6.21454926e-23  3.77486560e-10  3.77486560e-10  3.77486560e-10  3.77486560e-10  2.25000928e-11  2.25000928e-11  7.07360792e-12  7.07360792e-12  8.03905770e-11  8.03905770e-11  5.56455486e-12  5.56455486e-12  8.50219249e-23  1.09607763e-23  1.07209546e-22  9.49041070e-24  2.25000928e-11  2.25000928e-11  2.25000928e-11  2.25000928e-11  3.76390264e-10  3.76390264e-10  3.80259932e-10  3.80259932e-10  1.64433631e-10  1.64433631e-10  1.10775337e-10  1.10775337e-10  3.67676141e-22  2.35431968e-23  4.41288087e-22  6.14117058e-23  3.76390264e-10  3.76390264e-10  3.76390264e-10  3.76390264e-10 
 2.81838293e+07  3.69212176e-10  3.69212176e-10  3.72513069e-10  3.72513069e-10  1.79964565e-10  1.79964565e-10  1.09465414e-10  1.09465414e-10  9.83075684e-22  6.90965001e-23  1.20249493e-21  1.08673236e-22  3.69212176e-10  3.69212176e-10  3.69212176e-10  3.69212176e-10  2.17954278e-11  2.17954278e-11  6.83946181e-12  6.83946181e-12  7.83731270e-11  7.83731270e-11  5.41490768e-12  5.41490768e-12  2.18986404e-22  2.89137745e-23  2.81291767e-22  1.64382881e-23  2.17954278e-11  2.17954278e-11  2.17954278e-11  2.17954278e-11  3.68145477e-10  3.68145477e-10  3.71930258e-10  3.71930258e-10  1.61864897e-10  1.61864897e-10  1.09044486e-10  1.09044486e-10  9.56206446e-22  6.27088601e-23  1.16908414e-21  1.07404565e-22  3.68145477e-10  3.68145477e-10  3.68145477e-10  3.68145477e-10 
 2.88403150e+07  3.61084820e-10  3.61084820e-10  3.64320523e-10  3.64320523e-10  1.76837995e-10  1.76837995e-10  1.07756148e-10  1.07756148e-10  3.12096085e-21  2.18930257e-22  3.70349257e-21  3.54683065e-22  3.61084820e-10  3.61084820e-10  3.61084820e-10  3.61084820e-10  2.11107975e-11  2.11107975e-11  6.61242915e-12  6.61242915e-12  7.64092078e-11  7.64092078e-11  5.26948466e-12  5.26948466e-12  6.88855085e-22  9.08837001e-23  8.58445995e-22  5.31463882e-23  2.11107975e-11  2.11107975e-11  2.11107975e-11  2.11107975e-11  3.60046596e-10  3.60046596e-10  3.63748000e-10  3.63748000e-10  1.59342342e-10  1.59342342e-10  1.07344747e-10  1.07344747e-10  3.03712302e-21  1.99026138e-22  3.60248121e-21  3.50622603e-22  3.60046596e-10  3.60046596e-10  3.60046596e-10  3.60046596e-10 
 2.95120923e+07  3.53102105e-10  3.53102105e-10  3.56273342e-10  3.56273342e-10  1.73777950e-10  1.73777950e-10  1.06078069e-10  1.06078069e-10  4.77408892e-22  3.40571100e-23  5.69082525e-22  3.85937439e-23  3.53102105e-10  3.53102105e-10  3.53102105e-10  3.53102105e-10  2.04456624e-11  2.04456624e-11  6.39230434e-12  6.39230434e-12  7.44976171e-11  7.44976171e-11  5.12818118e-12  5.12818118e-12  1.04404322e-22  1.40250330e-23  1.30707453e-22  5.72738132e-24  2.04456624e-11  2.04456624e-11  2.04456624e-11  2.04456624e-11  3.52091269e-10  3.52091269e-10  3.55710779e-10  3.55710779e-10  1.56865660e-10  1.56865660e-10  1.05675914e-10  1.05675914e-10  4.64785950e-22  3.10118737e-23  5.53846094e-22  3.81524342e-23  3.52091269e-10  3.52091269e-10  3.52091269e-10  3.52091269e-10 
 3.01995172e+07  3.45261706e-10  3.45261706e-10  3.48369207e-10  3.48369207e-10  1.70783455e-10  1.70783455e-10  1.04430950e-10  1.04430950e-10  1.09175021e-21  7.65909174e-23  1.22800911e-21  1.30829218e-22  3.45261706e-10  3.45261706e-10  3.45261706e-10  3.45261706e-10  1.97994988e-11  1.97994988e-11  6.17888806e-12  6.17888806e-12  7.26371681e-11  7.26371681e-11  4.99089439e-12  4.99089439e-12  2.36573785e-22  3.12885143e-23  2.79477102e-22  1.92368685e-23  1.97994988e-11  1.97994988e-11  1.97994988e-11  1.97994988e-11  3.44277205e-10  3.44277205e-10  3.47816284e-10  3.47816284e-10  1.54434527e-10  1.54434527e-10  1.04037769e-10  1.04037769e-10  1.06341096e-21  6.98568595e-23  1.19573510e-21  1.29389946e-22  3.44277205e-10  3.44277205e-10  3.44277205e-10  3.44277205e-10 
 3.09029543e+07  3.37561360e-10  3.37561360e-10  3.40605855e-10  3.40605855e-10  1.67853529e-10  1.67853529e-10  1.02814555e-10  1.02814555e-10  3.81240215e-22  2.75727880e-23  4.41851853e-22  2.12372636e-23  3.37561360e-10  3.37561360e-10  3.37561360e-10  3.37561360e-10  1.91717980e-11  1.91717980e-11  5.97198697e-12  5.97198697e-12  7.08266879e-11  7.08266879e-11  4.85752309e-12  4.85752309e-12  8.18485002e-23  1.11732287e-23  9.96407243e-23  3.09090527e-24  1.91717980e-11  1.91717980e-11  1.91717980e-11  1.91717980e-11  3.36602174e-10  3.36602174e-10  3.40062258e-10  3.40062258e-10  1.52048603e-10  1.52048603e-10  1.02430083e-10  1.02430083e-10  3.71488386e-22  2.51885289e-23  4.30452883e-22  2.09919048e-23  3.36602174e-10  3.36602174e-10  3.36602174e-10  3.36602174e-10 
 3.16227766e+07  3.29998857e-10  3.29998857e-10  3.32981078e-10  3.32981078e-10  1.64987187e-10  1.64987187e-10  1.01228631e-10  1.01228631e-10  5.43836366e-22  3.88985454e-23  6.01132362e-22  4.63730239e-23  3.29998857e-10  3.29998857e-10  3.29998857e-10  3.29998857e-10  1.85620653e-11  1.85620653e-11  5.77141340e-12  5.77141340e-12  6.90650171e-11  6.90650171e-11  4.72796764e-12  4.72796764e-12  1.15686692e-22  1.56357677e-23  1.34320387e-22  6.68966117e-24  1.85620653e-11  1.85620653e-11  1.85620653e-11  1.85620653e-11  3.29063996e-10  3.29063996e-10  3.32446501e-10  3.32446501e-10  1.49707523e-10  1.49707523e-10  1.00852611e-10  1.00852611e-10  5.30173378e-22  3.55912570e-23  5.85909689e-22  4.58743872e-23  3.29063996e-10  3.29063996e-10  3.29063996e-10  3.29063996e-10 
 3.23593657e+07  3.22572036e-10  3.22572036e-10  3.25492717e-10  3.25492717e-10  1.62183438e-10  1.62183438e-10  9.96729101e-11  9.96729101e-11  4.11017949e-22  2.90176210e-23  4.27303849e-22  5.48427657e-23  3.22572036e-10  3.22572036e-10  3.22572036e-10  3.22572036e-10  1.79698196e-11  1.79698196e-11  5.57698516e-12  5.57698516e-12  6.73510085e-11  6.73510085e-11  4.60212990e-12  4.60212990e-12  8.66332608e-23  1.15698903e-23  9.46055046e-23  7.83822326e-24  1.79698196e-11  1.79698196e-11  1.79698196e-11  1.79698196e-11  3.21660541e-10  3.21660541e-10  3.24966858e-10  3.24966858e-10  1.47410902e-10  1.47410902e-10  9.93050935e-11  9.93050935e-11  4.00884418e-22  2.65921443e-23  4.16682395e-22  5.42729944e-23  3.21660541e-10  3.21660541e-10  3.21660541e-10  3.21660541e-10 
 3.31131121e+07  3.15278778e-10  3.15278778e-10  3.18138654e-10  3.18138654e-10  1.59441279e-10  1.59441279e-10  9.81471097e-11  9.81471097e-11  1.63247951e-21  1.16683323e-22  1.70613201e-21  1.53840818e-22  3.15278778e-10  3.15278778e-10  3.15278778e-10  3.15278778e-10  1.73945928e-11  1.73945928e-11  5.38852531e-12  5.38852531e-12  6.56835263e-11  6.56835263e-11  4.47991318e-12  4.47991318e-12  3.40909777e-22  4.61459211e-23  3.74279657e-22  2.17778012e-23  1.73945928e-11  1.73945928e-11  1.73945928e-11  1.73945928e-11  3.14389720e-10  3.14389720e-10  3.17621220e-10  3.17621220e-10  1.45158329e-10  1.45158329e-10  9.77872536e-11  9.77872536e-11  1.59284667e-21  1.07092100e-22  1.66450448e-21  1.52258022e-22  3.14389720e-10  3.14389720e-10  3.14389720e-10  3.14389720e-10 
 3.38844156e+07  3.08117006e-10  3.08117006e-10  3.10916813e-10  3.10916813e-10  1.56759696e-10  1.56759696e-10  9.66509279e-11  9.66509279e-11  9.37840287e-22  6.69664623e-23  9.50631962e-22  9.06101139e-23  3.08117006e-10  3.08117006e-10  3.08117006e-10  3.08117006e-10  1.68359292e-11  1.68359292e-11  5.20586191e-12  5.20586191e-12  6.40614460e-11  6.40614460e-11  4.36122216e-12  4.36122216e-12  1.94046229e-22  2.62685261e-23  2.06631377e-22  1.27059067e-23  1.68359292e-11  1.68359292e-11  1.68359292e-11  1.68359292e-11  3.07249483e-10  3.07249483e-10  3.10407515e-10  3.10407515e-10  1.42949367e-10  1.42949367e-10  9.62987969e-11  9.62987969e-11  9.15460738e-22  6.15545020e-23  9.27865477e-22  8.96957400e-23  3.07249483e-10  3.07249483e-10  3.07249483e-10  3.07249483e-10 
 3.46736850e+07  3.01084677e-10  3.01084677e-10  3.03825151e-10  3.03825151e-10  1.54137664e-10  1.54137664e-10  9.51840445e-11  9.51840445e-11  1.55763844e-21  1.12117258e-22  1.56138987e-21  1.36111305e-22  3.01084677e-10  3.01084677e-10  3.01084677e-10  3.01084677e-10  1.62933851e-11  1.62933851e-11  5.02882790e-12  5.02882790e-12  6.24836535e-11  6.24836535e-11  4.24596288e-12  4.24596288e-12  3.19311383e-22  4.36205524e-23  3.36272868e-22  1.89054567e-23  1.62933851e-11  1.62933851e-11  1.62933851e-11  1.62933851e-11  3.00237816e-10  3.00237816e-10  3.03323707e-10  3.03323707e-10  1.40783551e-10  1.40783551e-10  9.48394101e-11  9.48394101e-11  1.52106900e-21  1.03208455e-22  1.52468656e-21  1.34757618e-22  3.00237816e-10  3.00237816e-10  3.00237816e-10  3.00237816e-10 
 3.54813389e+07  2.94179784e-10  2.94179784e-10  2.96861661e-10  2.96861661e-10  1.51574139e-10  1.51574139e-10  9.37461201e-11  9.37461201e-11  1.86918927e-22  1.32518798e-23  1.74913861e-22  3.46765804e-23  2.94179784e-10  2.94179784e-10  2.94179784e-10  2.94179784e-10  1.57665282e-11  1.57665282e-11  4.85726084e-12  4.85726084e-12  6.09490452e-11  6.09490452e-11  4.13404270e-12  4.13404270e-12  3.79663864e-23  5.11371357e-24  3.73248193e-23  4.77199085e-24  1.57665282e-11  1.57665282e-11  1.57665282e-11  1.57665282e-11  2.93352736e-10  2.93352736e-10  2.96367795e-10  2.96367795e-10  1.38660386e-10  1.38660386e-10  9.34087606e-11  9.34087606e-11  1.82613878e-22  1.22168858e-23  1.70878121e-22  3.43451768e-23  2.93352736e-10  2.93352736e-10  2.93352736e-10  2.93352736e-10 
 3.63078055e+07  2.87400350e-10  2.87400350e-10  2.90024365e-10  2.90024365e-10  1.49068065e-10  1.49068065e-10  9.23367956e-11  9.23367956e-11  9.12566767e-22  6.57994881e-23  8.64421413e-22  8.92924933e-23  2.87400350e-10  2.87400350e-10  2.87400350e-10  2.87400350e-10  1.52549376e-11  1.52549376e-11  4.69100283e-12  4.69100283e-12  5.94565274e-11  5.94565274e-11  4.02537031e-12  4.02537031e-12  1.83638343e-22  2.51823703e-23  1.82763089e-22  1.21700034e-23  1.52549376e-11  1.52549376e-11  1.52549376e-11  1.52549376e-11  2.86592292e-10  2.86592292e-10  2.89537805e-10  2.89537805e-10  1.36579350e-10  1.36579350e-10  9.20064958e-11  9.20064958e-11  8.91862451e-22  6.07464247e-23  8.44845382e-22  8.84416535e-23  2.86592292e-10  2.86592292e-10  2.86592292e-10  2.86592292e-10 
 3.71535229e+07  2.80744424e-10  2.80744424e-10  2.83311311e-10  2.83311311e-10  1.46618367e-10  1.46618367e-10  9.09556917e-11  9.09556917e-11  9.52368907e-22  6.89056069e-23  8.84007952e-22  9.25667229e-23  2.80744424e-10  2.80744424e-10  2.80744424e-10  2.80744424e-10  1.47582028e-11  1.47582028e-11  4.52990029e-12  4.52990029e-12  5.80050170e-11  5.80050170e-11  3.91985566e-12  3.91985566e-12  1.89875994e-22  2.61540624e-23  1.85184725e-22  1.24971957e-23  1.47582028e-11  1.47582028e-11  1.47582028e-11  1.47582028e-11  2.79954559e-10  2.79954559e-10  2.82831792e-10  2.82831792e-10  1.34539887e-10  1.34539887e-10  9.06322427e-11  9.06322427e-11  9.31117686e-22  6.37034967e-23  8.64358499e-22  9.17019822e-23  2.79954559e-10  2.79954559e-10  2.79954559e-10  2.79954559e-10 
 3.80189396e+07  2.74210083e-10  2.74210083e-10  2.76720576e-10  2.76720576e-10  1.44223956e-10  1.44223956e-10  8.96024085e-11  8.96024085e-11  3.62342553e-22  2.62464820e-23  3.27305910e-22  3.71652522e-23  2.74210083e-10  2.74210083e-10  2.74210083e-10  2.74210083e-10  1.42759238e-11  1.42759238e-11  4.37380387e-12  4.37380387e-12  5.65934409e-11  5.65934409e-11  3.81741001e-12  3.81741001e-12  7.15732914e-23  9.88001601e-24  6.79337275e-23  4.97029426e-24  1.42759238e-11  1.42759238e-11  1.42759238e-11  1.42759238e-11  2.73437637e-10  2.73437637e-10  2.76247838e-10  2.76247838e-10  1.32541414e-10  1.32541414e-10  8.92856078e-11  8.92856078e-11  3.54393301e-22  2.42986287e-23  3.20165248e-22  3.68254663e-23  2.73437637e-10  2.73437637e-10  2.73437637e-10  2.73437637e-10 
 3.89045145e+07  2.67795429e-10  2.67795429e-10  2.70250259e-10  2.70250259e-10  1.41883721e-10  1.41883721e-10  8.82765259e-11  8.82765259e-11  1.88760447e-22  1.40669207e-23  1.74786545e-22  9.59606705e-24  2.67795429e-10  2.67795429e-10  2.67795429e-10  2.67795429e-10  1.38077107e-11  1.38077107e-11  4.22256829e-12  4.22256829e-12  5.52207362e-11  5.52207362e-11  3.71794591e-12  3.71794591e-12  3.69387178e-23  5.25136628e-24  3.59433749e-23  1.27016080e-24  1.38077107e-11  1.38077107e-11  1.38077107e-11  1.38077107e-11  2.67039651e-10  2.67039651e-10  2.69784046e-10  2.69784046e-10  1.30583316e-10  1.30583316e-10  8.79661771e-11  8.79661771e-11  1.84678497e-22  1.30405656e-23  1.71043903e-22  9.50221511e-24  2.67039651e-10  2.67039651e-10  2.67039651e-10  2.67039651e-10 
 3.98107171e+07  2.61498587e-10  2.61498587e-10  2.63898484e-10  2.63898484e-10  1.39596539e-10  1.39596539e-10  8.69776031e-11  8.69776031e-11  5.75341916e-22  4.24438452e-23  5.09182126e-22  4.24803682e-23  2.61498587e-10  2.61498587e-10  2.61498587e-10  2.61498587e-10  1.33531835e-11  1.33531835e-11  4.07605222e-12  4.07605222e-12  5.38858509e-11  5.38858509e-11  3.62137719e-12  3.62137719e-12  1.11548986e-22  1.57134346e-23  1.03743280e-22  5.57300339e-24  1.33531835e-11  1.33531835e-11  1.33531835e-11  1.33531835e-11  2.60758748e-10  2.60758748e-10  2.63438546e-10  2.63438546e-10  1.28664947e-10  1.28664947e-10  8.66735158e-11  8.66735158e-11  5.63118948e-22  3.93999108e-23  4.98481127e-22  4.20974182e-23  2.60758748e-10  2.60758748e-10  2.60758748e-10  2.60758748e-10 
 4.07380278e+07  2.55317705e-10  2.55317705e-10  2.57663395e-10  2.57663395e-10  1.37361264e-10  1.37361264e-10  8.57051791e-11  8.57051791e-11  3.56451735e-22  2.64111762e-23  3.07925539e-22  2.75999804e-23  2.55317705e-10  2.55317705e-10  2.55317705e-10  2.55317705e-10  1.29119714e-11  1.29119714e-11  3.93411818e-12  3.93411818e-12  5.25877438e-11  5.25877438e-11  3.52761901e-12  3.52761901e-12  6.84695245e-23  9.69655384e-24  6.21591790e-23  3.58670736e-24  1.29119714e-11  1.29119714e-11  1.29119714e-11  1.29119714e-11  2.54593097e-10  2.54593097e-10  2.57209488e-10  2.57209488e-10  1.26785631e-10  1.26785631e-10  8.54071689e-11  8.54071689e-11  3.49005143e-22  2.45494366e-23  3.01574082e-22  2.73565986e-23  2.54593097e-10  2.54593097e-10  2.54593097e-10  2.54593097e-10 
 4.16869383e+07  2.49250952e-10  2.49250952e-10  2.51543159e-10  2.51543159e-10  1.35176738e-10  1.35176738e-10  8.44587731e-11  8.44587731e-11  3.42551229e-22  2.56052867e-23  2.92602928e-22  1.82869670e-23  2.49250952e-10  2.49250952e-10  2.49250952e-10  2.49250952e-10  1.24837131e-11  1.24837131e-11  3.79663246e-12  3.79663246e-12  5.13253847e-11  5.13253847e-11  3.43658784e-12  3.43658784e-12  6.51882295e-23  9.32224372e-24  5.85204675e-23  2.35265822e-24  1.24837131e-11  1.24837131e-11  1.24837131e-11  1.24837131e-11  2.48540890e-10  2.48540890e-10  2.51095043e-10  2.51095043e-10  1.24944664e-10  1.24944664e-10  8.41666614e-11  8.41666614e-11  3.35508634e-22  2.38311264e-23  2.86679430e-22  1.81186149e-23  2.48540890e-10  2.48540890e-10  2.48540890e-10  2.48540890e-10 
 4.26579519e+07  2.43296518e-10  2.43296518e-10  2.45535964e-10  2.45535964e-10  1.33041783e-10  1.33041783e-10  8.32378846e-11  8.32378846e-11  9.00855484e-22  6.71722211e-23  7.44091845e-22  6.87816916e-23  2.43296518e-10  2.43296518e-10  2.43296518e-10  2.43296518e-10  1.20680564e-11  1.20680564e-11  3.66346494e-12  3.66346494e-12  5.00977554e-11  5.00977554e-11  3.34820147e-12  3.34820147e-12  1.69845360e-22  2.42512831e-23  1.47442302e-22  8.76990861e-24  1.20680564e-11  1.20680564e-11  1.20680564e-11  1.20680564e-11  2.42600337e-10  2.42600337e-10  2.45093403e-10  2.45093403e-10  1.23141310e-10  1.23141310e-10  8.29514982e-11  8.29514982e-11  8.82649342e-22  6.25977665e-23  7.29307783e-22  6.81963642e-23  2.42600337e-10  2.42600337e-10  2.42600337e-10  2.42600337e-10 
 4.36515832e+07  2.37452616e-10  2.37452616e-10  2.39640020e-10  2.39640020e-10  1.30955206e-10  1.30955206e-10  8.20419940e-11  8.20419940e-11  1.80916886e-21  1.35058373e-22  1.45127619e-21  1.51758247e-22  2.37452616e-10  2.37452616e-10  2.37452616e-10  2.37452616e-10  1.16646577e-11  1.16646577e-11  3.53448908e-12  3.53448908e-12  4.89038496e-11  4.89038496e-11  3.26237908e-12  3.26237908e-12  3.37931051e-22  4.83517034e-23  2.84910860e-22  1.91679122e-23  1.16646577e-11  1.16646577e-11  1.16646577e-11  1.16646577e-11  2.36769671e-10  2.36769671e-10  2.39202782e-10  2.39202782e-10  1.21374805e-10  1.21374805e-10  8.17611657e-11  8.17611657e-11  1.77321997e-21  1.26018961e-22  1.42297657e-21  1.50501547e-22  2.36769671e-10  2.36769671e-10  2.36769671e-10  2.36769671e-10 
 4.46683592e+07  2.31717479e-10  2.31717479e-10  2.33853554e-10  2.33853554e-10  1.28915799e-10  1.28915799e-10  8.08705635e-11  8.08705635e-11  1.04941841e-21  7.86252337e-23  8.19019555e-22  9.70865575e-23  2.31717479e-10  2.31717479e-10  2.31717479e-10  2.31717479e-10  1.12731823e-11  1.12731823e-11  3.40958181e-12  3.40958181e-12  4.77426734e-11  4.77426734e-11  3.17904119e-12  3.17904119e-12  1.94198083e-22  2.79118727e-23  1.59299190e-22  1.21471244e-23  1.12731823e-11  1.12731823e-11  1.12731823e-11  1.12731823e-11  2.31047143e-10  2.31047143e-10  2.33421416e-10  2.33421416e-10  1.19644361e-10  1.19644361e-10  8.05951312e-11  8.05951312e-11  1.02891489e-21  7.34536012e-23  8.03345404e-22  9.63029597e-23  2.31047143e-10  2.31047143e-10  2.31047143e-10  2.31047143e-10 
 4.57088190e+07  2.26089361e-10  2.26089361e-10  2.28174819e-10  2.28174819e-10  1.26922339e-10  1.26922339e-10  7.97230377e-11  7.97230377e-11  2.39141679e-22  1.79584402e-23  1.81553637e-22  2.28850395e-23  2.26089361e-10  2.26089361e-10  2.26089361e-10  2.26089361e-10  1.08933039e-11  1.08933039e-11  3.28862342e-12  3.28862342e-12  4.66132460e-11  4.66132460e-11  3.09810976e-12  3.09810976e-12  4.38425395e-23  6.32153741e-24  3.49849822e-23  2.83621099e-24  1.08933039e-11  1.08933039e-11  1.08933039e-11  1.08933039e-11  2.25431027e-10  2.25431027e-10  2.27747558e-10  2.27747558e-10  1.17949159e-10  1.17949159e-10  7.94528447e-11  7.94528447e-11  2.34547181e-22  1.67975843e-23  1.78143673e-22  2.27041208e-23  2.25431027e-10  2.25431027e-10  2.25431027e-10  2.25431027e-10 
 4.67735141e+07  2.20566539e-10  2.20566539e-10  2.22602086e-10  2.22602086e-10  1.24973591e-10  1.24973591e-10  7.85988441e-11  7.85988441e-11  7.97648331e-23  6.29757505e-24  6.22931115e-23  6.86975278e-24  2.20566539e-10  2.20566539e-10  2.20566539e-10  2.20566539e-10  1.05247042e-11  1.05247042e-11  3.17149750e-12  3.17149750e-12  4.55146004e-11  4.55146004e-11  3.01950815e-12  3.01950815e-12  1.44868586e-23  2.19811668e-24  1.18924471e-23  8.43017577e-25  1.05247042e-11  1.05247042e-11  1.05247042e-11  1.05247042e-11  2.19919618e-10  2.19919618e-10  2.22179485e-10  2.22179485e-10  1.16288357e-10  1.16288357e-10  7.83337391e-11  7.83337391e-11  7.82543945e-23  5.89759381e-24  6.11448628e-23  6.81401027e-24  2.19919618e-10  2.19919618e-10  2.19919618e-10  2.19919618e-10 
 4.78630092e+07  2.15147312e-10  2.15147312e-10  2.17133650e-10  2.17133650e-10  1.23068308e-10  1.23068308e-10  7.74973945e-11  7.74973945e-11  8.00839108e-22  6.10938518e-23  5.90409071e-22  6.87554649e-23  2.15147312e-10  2.15147312e-10  2.15147312e-10  2.15147312e-10  1.01670735e-11  1.01670735e-11  3.05809087e-12  3.05809087e-12  4.44457834e-11  4.44457834e-11  2.94316117e-12  2.94316117e-12  1.44096536e-22  2.11434441e-23  1.11669835e-22  8.35961469e-24  1.01670735e-11  1.01670735e-11  1.01670735e-11  1.01670735e-11  2.14511231e-10  2.14511231e-10  2.16715497e-10  2.16715497e-10  1.14661090e-10  1.14661090e-10  7.72372313e-11  7.72372313e-11  7.85937579e-22  5.72795831e-23  5.79728458e-22  6.82263935e-23  2.14511231e-10  2.14511231e-10  2.14511231e-10  2.14511231e-10 
 4.89778819e+07  2.09829999e-10  2.09829999e-10  2.11767827e-10  2.11767827e-10  1.21205230e-10  1.21205230e-10  7.64180857e-11  7.64180857e-11  3.82171661e-22  2.92017265e-23  2.72882002e-22  3.61449662e-23  2.09829999e-10  2.09829999e-10  2.09829999e-10  2.09829999e-10  9.82010973e-12  9.82010973e-12  2.94829350e-12  2.94829350e-12  4.34058566e-11  4.34058566e-11  2.86899513e-12  2.86899513e-12  6.81248367e-23  1.00204867e-23  5.11336260e-23  4.35327217e-24  9.82010973e-12  9.82010973e-12  9.82010973e-12  9.82010973e-12  2.09204206e-10  2.09204206e-10  2.11353915e-10  2.11353915e-10  1.13066469e-10  1.13066469e-10  7.61627231e-11  7.61627231e-11  3.75180268e-22  2.74102458e-23  2.68037363e-22  3.58741793e-23  2.09204206e-10  2.09204206e-10  2.09204206e-10  2.09204206e-10 
 5.01187234e+07  2.04612947e-10  2.04612947e-10  2.06502957e-10  2.06502957e-10  1.19383091e-10  1.19383091e-10  7.53603007e-11  7.53603007e-11  2.32655716e-22  1.78758183e-23  1.61914648e-22  2.35876415e-23  2.04612947e-10  2.04612947e-10  2.04612947e-10  2.04612947e-10  9.48351868e-12  9.48351868e-12  2.84199843e-12  2.84199843e-12  4.23938967e-11  4.23938967e-11  2.79693782e-12  2.79693782e-12  4.10860266e-23  6.08190359e-24  3.00582665e-23  2.81402086e-24  9.48351868e-12  9.48351868e-12  9.48351868e-12  9.48351868e-12  2.03996903e-10  2.03996903e-10  2.06093083e-10  2.06093083e-10  1.11503587e-10  1.11503587e-10  7.51096024e-11  7.51096024e-11  2.28469725e-22  1.67982348e-23  1.59093588e-22  2.34149625e-23  2.03996903e-10  2.03996903e-10  2.03996903e-10  2.03996903e-10 
 5.12861384e+07  1.99494522e-10  1.99494522e-10  2.01337404e-10  2.01337404e-10  1.17600616e-10  1.17600616e-10  7.43234098e-11  7.43234098e-11  1.14088240e-21  8.83408913e-23  7.89124344e-22  1.00403835e-22  1.99494522e-10  1.99494522e-10  1.99494522e-10  1.99494522e-10  9.15701389e-12  9.15701389e-12  2.73910172e-12  2.73910172e-12  4.14089962e-11  4.14089962e-11  2.72691855e-12  2.72691855e-12  1.99591133e-22  2.97998853e-23  1.45133150e-22  1.18633453e-23  9.15701389e-12  9.15701389e-12  9.15701389e-12  9.15701389e-12  1.98887708e-10  1.98887708e-10  2.00931369e-10  2.00931369e-10  1.09971514e-10  1.09971514e-10  7.40772444e-11  7.40772444e-11  1.12066487e-21  8.31072113e-23  7.75631371e-22  9.96720353e-23  1.98887708e-10  1.98887708e-10  1.98887708e-10  1.98887708e-10 
 5.24807460e+07  1.94473119e-10  1.94473119e-10  1.96269557e-10  1.96269557e-10  1.15856523e-10  1.15856523e-10  7.33067717e-11  7.33067717e-11  2.30814785e-22  1.79439068e-23  1.54190510e-22  2.22051200e-23  1.94473119e-10  1.94473119e-10  1.94473119e-10  1.94473119e-10  8.84031639e-12  8.84031639e-12  2.63950238e-12  2.63950238e-12  4.04502640e-11  4.04502640e-11  2.65886821e-12  2.65886821e-12  4.00034482e-23  6.00134958e-24  2.80943867e-23  2.59894445e-24  8.84031639e-12  8.84031639e-12  8.84031639e-12  8.84031639e-12  1.93875031e-10  1.93875031e-10  1.95867166e-10  1.95867166e-10  1.08469306e-10  1.08469306e-10  7.30650125e-11  7.30650125e-11  2.26794200e-22  1.68994683e-23  1.51603177e-22  2.20476929e-23  1.93875031e-10  1.93875031e-10  1.93875031e-10  1.93875031e-10 
 5.37031796e+07  1.89547156e-10  1.89547156e-10  1.91297830e-10  1.91297830e-10  1.14149527e-10  1.14149527e-10  7.23097350e-11  7.23097350e-11  6.03264400e-23  4.82030747e-24  4.04818610e-23  2.93603251e-24  1.89547156e-10  1.89547156e-10  1.89547156e-10  1.89547156e-10  8.53315463e-12  8.53315463e-12  2.54310229e-12  2.54310229e-12  3.95168256e-11  3.95168256e-11  2.59271923e-12  2.59271923e-12  1.03575107e-23  1.59836501e-24  7.30736004e-24  3.40001954e-25  8.53315463e-12  8.53315463e-12  8.53315463e-12  8.53315463e-12  1.88957305e-10  1.88957305e-10  1.90898894e-10  1.90898894e-10  1.06996002e-10  1.06996002e-10  7.20722601e-11  7.20722601e-11  5.92911541e-23  4.54464622e-24  3.98152321e-23  2.91237683e-24  1.88957305e-10  1.88957305e-10  1.88957305e-10  1.88957305e-10 
 5.49540874e+07  1.84715080e-10  1.84715080e-10  1.86420663e-10  1.86420663e-10  1.12478340e-10  1.12478340e-10  7.13316394e-11  7.13316394e-11  3.60912211e-22  2.85258092e-23  2.33130085e-22  3.44255992e-23  1.84715080e-10  1.84715080e-10  1.84715080e-10  1.84715080e-10  8.23526429e-12  8.23526429e-12  2.44980616e-12  2.44980616e-12  3.86078242e-11  3.86078242e-11  2.52840567e-12  2.52840567e-12  6.13869518e-23  9.37768611e-24  4.16901947e-23  3.95300364e-24  8.23526429e-12  8.23526429e-12  8.23526429e-12  8.23526429e-12  1.84132993e-10  1.84132993e-10  1.86024996e-10  1.86024996e-10  1.05550629e-10  1.05550629e-10  7.10983312e-11  7.10983312e-11  3.54822036e-22  2.69227742e-23  2.29362634e-22  3.41895487e-23  1.84132993e-10  1.84132993e-10  1.84132993e-10  1.84132993e-10 
 5.62341325e+07  1.79975363e-10  1.79975363e-10  1.81636525e-10  1.81636525e-10  1.10841674e-10  1.10841674e-10  7.03718169e-11  7.03718169e-11  1.74814252e-22  1.38255463e-23  1.09541865e-22  1.83712624e-23  1.79975363e-10  1.79975363e-10  1.79975363e-10  1.79975363e-10  7.94638820e-12  7.94638820e-12  2.35952144e-12  2.35952144e-12  3.77224207e-11  3.77224207e-11  2.46586318e-12  2.46586318e-12  2.94560316e-23  4.50600628e-24  1.94065698e-23  2.08960268e-24  7.94638820e-12  7.94638820e-12  7.94638820e-12  7.94638820e-12  1.79400582e-10  1.79400582e-10  1.81243947e-10  1.81243947e-10  1.04132202e-10  1.04132202e-10  7.01425624e-11  7.01425624e-11  1.71913013e-22  1.30621874e-23  1.07804657e-22  1.82486134e-23  1.79400582e-10  1.79400582e-10  1.79400582e-10  1.79400582e-10 
 5.75439937e+07  1.75326507e-10  1.75326507e-10  1.76943912e-10  1.76943912e-10  1.09238242e-10  1.09238242e-10  6.94295936e-11  6.94295936e-11  3.43104951e-22  2.74768375e-23  2.12711932e-22  3.37561226e-23  1.75326507e-10  1.75326507e-10  1.75326507e-10  1.75326507e-10  7.66627617e-12  7.66627617e-12  2.27215829e-12  2.27215829e-12  3.68597944e-11  3.68597944e-11  2.40502907e-12  2.40502907e-12  5.72712140e-23  8.87809076e-24  3.73328441e-23  3.80282812e-24  7.66627617e-12  7.66627617e-12  7.66627617e-12  7.66627617e-12  1.74758590e-10  1.74758590e-10  1.76554246e-10  1.76554246e-10  1.02739727e-10  1.02739727e-10  6.92042843e-11  6.92042843e-11  3.37497768e-22  2.59862551e-23  2.09401516e-22  3.35330341e-23  1.74758590e-10  1.74758590e-10  1.74758590e-10  1.74758590e-10 
 5.88843655e+07  1.70767043e-10  1.70767043e-10  1.72341351e-10  1.72341351e-10  1.07666761e-10  1.07666761e-10  6.85042911e-11  6.85042911e-11  5.56929704e-22  4.49168219e-23  3.38510749e-22  5.19084547e-23  1.70767043e-10  1.70767043e-10  1.70767043e-10  1.70767043e-10  7.39468489e-12  7.39468489e-12  2.18762950e-12  2.18762950e-12  3.60191436e-11  3.60191436e-11  2.34584230e-12  2.34584230e-12  9.20923487e-23  1.43879159e-23  5.88572329e-23  5.79194315e-24  7.39468489e-12  7.39468489e-12  7.39468489e-12  7.39468489e-12  1.70205560e-10  1.70205560e-10  1.71954424e-10  1.71954424e-10  1.01372203e-10  1.01372203e-10  6.82828224e-11  6.82828224e-11  5.47971617e-22  4.25228150e-23  3.33340886e-22  5.15692060e-23  1.70205560e-10  1.70205560e-10  1.70205560e-10  1.70205560e-10 
 6.02559586e+07  1.66295531e-10  1.66295531e-10  1.67827396e-10  1.67827396e-10  1.06125952e-10  1.06125952e-10  6.75952278e-11  6.75952278e-11  1.10896070e-22  8.97184693e-24  6.49117863e-23  1.19060153e-23  1.66295531e-10  1.66295531e-10  1.66295531e-10  1.66295531e-10  7.13137778e-12  7.13137778e-12  2.10585042e-12  2.10585042e-12  3.51996861e-11  3.51996861e-11  2.28824350e-12  2.28824350e-12  1.81660370e-23  2.84906973e-24  1.11808985e-23  1.31597952e-24  7.13137778e-12  7.13137778e-12  7.13137778e-12  7.13137778e-12  1.65740069e-10  1.65740069e-10  1.67443041e-10  1.67443041e-10  1.00028623e-10  1.00028623e-10  6.73774995e-11  6.73774995e-11  1.09142704e-22  8.50211931e-24  6.39389428e-23  1.18308319e-23  1.65740069e-10  1.65740069e-10  1.65740069e-10  1.65740069e-10 
 6.16595002e+07  1.61910562e-10  1.61910562e-10  1.63400635e-10  1.63400635e-10  1.04614544e-10  1.04614544e-10  6.67017205e-11  6.67017205e-11  4.90031101e-22  4.00813589e-23  2.85279719e-22  5.01881813e-23  1.61910562e-10  1.61910562e-10  1.61910562e-10  1.61910562e-10  6.87612486e-12  6.87612486e-12  2.02673894e-12  2.02673894e-12  3.44006592e-11  3.44006592e-11  2.23217502e-12  2.23217502e-12  7.95187943e-23  1.26177528e-23  4.86796529e-23  5.49426210e-24  6.87612486e-12  6.87612486e-12  6.87612486e-12  6.87612486e-12  1.61360721e-10  1.61360721e-10  1.63018688e-10  1.63018688e-10  9.87079800e-11  9.87079800e-11  6.64876364e-11  6.64876364e-11  4.82396670e-22  3.80194762e-23  2.81084060e-22  4.98741523e-23  1.61360721e-10  1.61360721e-10  1.61360721e-10  1.61360721e-10 
 6.30957344e+07  1.57610760e-10  1.57610760e-10  1.59059684e-10  1.59059684e-10  1.03131278e-10  1.03131278e-10  6.58230863e-11  6.58230863e-11  4.04055388e-22  3.33316879e-23  2.30712539e-22  3.88918548e-23  1.57610760e-10  1.57610760e-10  1.57610760e-10  1.57610760e-10  6.62870262e-12  6.62870262e-12  1.95021538e-12  1.95021538e-12  3.36213207e-11  3.36213207e-11  2.17758087e-12  2.17758087e-12  6.49522774e-23  1.04018653e-23  3.90003860e-23  4.21690423e-24  6.62870262e-12  6.62870262e-12  6.62870262e-12  6.62870262e-12  1.57066153e-10  1.57066153e-10  1.58679988e-10  1.58679988e-10  9.74092657e-11  9.74092657e-11  6.56125542e-11  6.56125542e-11  3.97858735e-22  3.16472038e-23  2.27382821e-22  3.86509250e-23  1.57066153e-10  1.57066153e-10  1.57066153e-10  1.57066153e-10 
 6.45654229e+07  1.53394780e-10  1.53394780e-10  1.54803196e-10  1.54803196e-10  1.01674905e-10  1.01674905e-10  6.49586438e-11  6.49586438e-11  7.26425991e-22  6.02824231e-23  4.03875395e-22  7.93585408e-23  1.53394780e-10  1.53394780e-10  1.53394780e-10  1.53394780e-10  6.38889389e-12  6.38889389e-12  1.87620247e-12  1.87620247e-12  3.28609491e-11  3.28609491e-11  2.12440682e-12  2.12440682e-12  1.15678780e-22  1.86488828e-23  6.76338294e-23  8.52339062e-24  6.38889389e-12  6.38889389e-12  6.38889389e-12  6.38889389e-12  1.52855034e-10  1.52855034e-10  1.54425596e-10  1.54425596e-10  9.61314743e-11  9.61314743e-11  6.47515753e-11  6.47515753e-11  7.15464707e-22  5.72897511e-23  3.98155503e-22  7.88821150e-23  1.52855034e-10  1.52855034e-10  1.52855034e-10  1.52855034e-10 
 6.60693448e+07  1.49261309e-10  1.49261309e-10  1.50629852e-10  1.50629852e-10  1.00244191e-10  1.00244191e-10  6.41077151e-11  6.41077151e-11  2.83278392e-22  2.37340938e-23  1.55066656e-22  3.24552082e-23  1.49261309e-10  1.49261309e-10  1.49261309e-10  1.49261309e-10  6.15648770e-12  6.15648770e-12  1.80462527e-12  1.80462527e-12  3.21188437e-11  3.21188437e-11  2.07260034e-12  2.07260034e-12  4.46865700e-23  7.27837013e-24  2.57247796e-23  3.45264659e-24  6.15648770e-12  6.15648770e-12  6.15648770e-12  6.15648770e-12  1.48726065e-10  1.48726065e-10  1.50254199e-10  1.50254199e-10  9.48736048e-11  9.48736048e-11  6.39040255e-11  6.39040255e-11  2.79068961e-22  2.25765852e-23  1.52911591e-22  3.22640053e-23  1.48726065e-10  1.48726065e-10  1.48726065e-10  1.48726065e-10 
 6.76082975e+07  1.45209068e-10  1.45209068e-10  1.46538369e-10  1.46538369e-10  9.88379177e-11  9.88379177e-11  6.32696272e-11  6.32696272e-11  1.90332826e-22  1.60924733e-23  1.01881626e-22  2.09777216e-23  1.45209068e-10  1.45209068e-10  1.45209068e-10  1.45209068e-10  5.93127916e-12  5.93127916e-12  1.73541111e-12  1.73541111e-12  3.13943253e-11  3.13943253e-11  2.02211065e-12  2.02211065e-12  2.97426890e-23  4.89191089e-24  1.67433978e-23  2.21036135e-24  5.93127916e-12  5.93127916e-12  5.93127916e-12  5.93127916e-12  1.44677980e-10  1.44677980e-10  1.46164517e-10  1.46164517e-10  9.36346635e-11  9.36346635e-11  6.30692356e-11  6.30692356e-11  1.87548997e-22  1.53215483e-23  1.00492197e-22  2.08559238e-23  1.44677980e-10  1.44677980e-10  1.44677980e-10  1.44677980e-10 
 6.91830971e+07  1.41236811e-10  1.41236811e-10  1.42527497e-10  1.42527497e-10  9.74548863e-11  9.74548863e-11  6.24437137e-11  6.24437137e-11  6.03145373e-22  5.13015573e-23  3.13746977e-22  7.03603117e-23  1.41236811e-10  1.41236811e-10  1.41236811e-10  1.41236811e-10  5.71306928e-12  5.71306928e-12  1.66848956e-12  1.66848956e-12  3.06867363e-11  3.06867363e-11  1.97288869e-12  1.97288869e-12  9.33667864e-23  1.54587393e-23  5.10786752e-23  7.34337191e-24  5.71306928e-12  5.71306928e-12  5.71306928e-12  5.71306928e-12  1.40709546e-10  1.40709546e-10  1.42155307e-10  1.42155307e-10  9.24136665e-11  9.24136665e-11  6.22465426e-11  6.22465426e-11  5.94465871e-22  4.88875406e-23  3.09548262e-22  6.99619132e-23  1.40709546e-10  1.40709546e-10  1.40709546e-10  1.40709546e-10 
 7.07945784e+07  1.37343327e-10  1.37343327e-10  1.38596021e-10  1.38596021e-10  9.60939191e-11  9.60939191e-11  6.16293167e-11  6.16293167e-11  2.41928901e-22  2.07713206e-23  1.22737275e-22  2.87347048e-23  1.37343327e-10  1.37343327e-10  1.37343327e-10  1.37343327e-10  5.50166489e-12  5.50166489e-12  1.60379234e-12  1.60379234e-12  2.99954410e-11  2.99954410e-11  1.92488716e-12  1.92488716e-12  3.70986990e-23  6.20424684e-24  1.97946034e-23  2.97046413e-24  5.50166489e-12  5.50166489e-12  5.50166489e-12  5.50166489e-12  1.36819565e-10  1.36819565e-10  1.38225356e-10  1.38225356e-10  9.12096420e-11  9.12096420e-11  6.14352920e-11  6.14352920e-11  2.38502642e-22  1.98113096e-23  1.21125491e-22  2.85752782e-23  1.36819565e-10  1.36819565e-10  1.36819565e-10  1.36819565e-10 
 7.24435960e+07  1.33527438e-10  1.33527438e-10  1.34742758e-10  1.34742758e-10  9.47538614e-11  9.47538614e-11  6.08257880e-11  6.08257880e-11  3.59830680e-22  3.11003263e-23  1.78207133e-22  4.44776945e-23  1.33527438e-10  1.33527438e-10  1.33527438e-10  1.33527438e-10  5.29687843e-12  5.29687843e-12  1.54125325e-12  1.54125325e-12  2.93198259e-11  2.93198259e-11  1.87806050e-12  1.87806050e-12  5.46596340e-23  9.20795434e-24  2.84710578e-23  4.55418781e-24  5.29687843e-12  5.29687843e-12  5.29687843e-12  5.29687843e-12  1.33006871e-10  1.33006871e-10  1.34373487e-10  1.34373487e-10  9.00216329e-11  9.00216329e-11  6.06348391e-11  6.06348391e-11  3.54814398e-22  2.96884329e-23  1.75910737e-22  4.42361264e-23  1.33006871e-10  1.33006871e-10  1.33006871e-10  1.33006871e-10 
 7.41310241e+07  1.29788000e-10  1.29788000e-10  1.30966560e-10  1.30966560e-10  9.34335843e-11  9.34335843e-11  6.00324913e-11  6.00324913e-11  5.41870599e-22  4.72667971e-23  2.63531066e-22  6.75827954e-23  1.29788000e-10  1.29788000e-10  1.29788000e-10  1.29788000e-10  5.09852787e-12  5.09852787e-12  1.48080817e-12  1.48080817e-12  2.86592997e-11  2.86592997e-11  1.83236488e-12  1.83236488e-12  8.15374352e-23  1.38714071e-23  4.17077257e-23  6.85401132e-24  5.09852787e-12  5.09852787e-12  5.09852787e-12  5.09852787e-12  1.29270333e-10  1.29270333e-10  1.30598559e-10  1.30598559e-10  8.88486993e-11  8.88486993e-11  5.98445506e-11  5.98445506e-11  5.34430901e-22  4.51590332e-23  2.60198779e-22  6.72219291e-23  1.29270333e-10  1.29270333e-10  1.29270333e-10  1.29270333e-10 
 7.58577575e+07  1.26123904e-10  1.26123904e-10  1.27266315e-10  1.27266315e-10  9.21319864e-11  9.21319864e-11  5.92488034e-11  5.92488034e-11  5.44168680e-22  4.79851936e-23  2.59284299e-22  6.95884242e-23  1.26123904e-10  1.26123904e-10  1.26123904e-10  1.26123904e-10  4.90643652e-12  4.90643652e-12  1.42239492e-12  1.42239492e-12  2.80132939e-11  2.80132939e-11  1.78775821e-12  1.78775821e-12  8.11124672e-23  1.39583038e-23  4.06504253e-23  6.99020839e-24  4.90643652e-12  4.90643652e-12  4.90643652e-12  4.90643652e-12  1.25608855e-10  1.25608855e-10  1.26899460e-10  1.26899460e-10  8.76899207e-11  8.76899207e-11  5.90638066e-11  5.90638066e-11  5.36811890e-22  4.58835237e-23  2.56067133e-22  6.92239340e-23  1.25608855e-10  1.25608855e-10  1.25608855e-10  1.25608855e-10 
 7.76247117e+07  1.22534072e-10  1.22534072e-10  1.23640942e-10  1.23640942e-10  9.08479965e-11  9.08479965e-11  5.84741159e-11  5.84741159e-11  7.16012052e-23  6.41476469e-24  3.36688800e-23  7.91204566e-24  1.22534072e-10  1.22534072e-10  1.22534072e-10  1.22534072e-10  4.72043291e-12  4.72043291e-12  1.36595328e-12  1.36595328e-12  2.73812622e-11  2.73812622e-11  1.74420014e-12  1.74420014e-12  1.05721184e-23  1.84952826e-24  5.22901372e-24  7.87120926e-25  4.72043291e-12  4.72043291e-12  4.72043291e-12  4.72043291e-12  1.22021371e-10  1.22021371e-10  1.23275119e-10  1.23275119e-10  8.65443985e-11  8.65443985e-11  5.82920017e-11  5.82920017e-11  7.06474569e-23  6.13882265e-24  3.32589494e-23  7.87059585e-24  1.22021371e-10  1.22021371e-10  1.22021371e-10  1.22021371e-10 
 7.94328235e+07  1.19017464e-10  1.19017464e-10  1.20089395e-10  1.20089395e-10  8.95805752e-11  8.95805752e-11  5.77078372e-11  5.77078372e-11  2.33770836e-22  2.10383354e-23  1.06871975e-22  3.13464446e-23  1.19017464e-10  1.19017464e-10  1.19017464e-10  1.19017464e-10  4.54035061e-12  4.54035061e-12  1.31142488e-12  1.31142488e-12  2.67626813e-11  2.67626813e-11  1.70165202e-12  1.70165202e-12  3.41919769e-23  6.01228270e-24  1.64420237e-23  3.08905854e-24  4.54035061e-12  4.54035061e-12  4.54035061e-12  4.54035061e-12  1.18506852e-10  1.18506852e-10  1.19724491e-10  1.19724491e-10  8.54112586e-11  8.54112586e-11  5.75285470e-11  5.75285470e-11  2.30705913e-22  2.01494645e-23  1.05595161e-22  3.11883424e-23  1.18506852e-10  1.18506852e-10  1.18506852e-10  1.18506852e-10 
 8.12830516e+07  1.15573068e-10  1.15573068e-10  1.16610662e-10  1.16610662e-10  8.83287174e-11  8.83287174e-11  5.69493932e-11  5.69493932e-11  1.75287218e-22  1.58948073e-23  7.77689083e-23  2.32976592e-23  1.15573068e-10  1.15573068e-10  1.15573068e-10  1.15573068e-10  4.36602811e-12  4.36602811e-12  1.25875314e-12  1.25875314e-12  2.61570503e-11  2.61570503e-11  1.66007691e-12  1.66007691e-12  2.53966255e-23  4.50221912e-24  1.18521156e-23  2.27402258e-24  4.36602811e-12  4.36602811e-12  4.36602811e-12  4.36602811e-12  1.15064299e-10  1.15064299e-10  1.16246571e-10  1.16246571e-10  8.42896532e-11  8.42896532e-11  5.67728713e-11  5.67728713e-11  1.73025666e-22  1.52352907e-23  7.68572118e-23  2.31825351e-23  1.15064299e-10  1.15064299e-10  1.15064299e-10  1.15064299e-10 
 8.31763771e+07  1.12199906e-10  1.12199906e-10  1.13203761e-10  1.13203761e-10  8.70914537e-11  8.70914537e-11  5.61982296e-11  5.61982296e-11  1.73877213e-22  1.59910244e-23  7.59075366e-23  2.12660120e-23  1.12199906e-10  1.12199906e-10  1.12199906e-10  1.12199906e-10  4.19730863e-12  4.19730863e-12  1.20788326e-12  1.20788326e-12  2.55638911e-11  2.55638911e-11  1.61943955e-12  1.61943955e-12  2.49546872e-23  4.48935568e-24  1.14596505e-23  2.05583496e-24  4.19730863e-12  4.19730863e-12  4.19730863e-12  4.19730863e-12  1.11692748e-10  1.11692748e-10  1.12840381e-10  1.12840381e-10  8.31787633e-11  8.31787633e-11  5.60244230e-11  5.60244230e-11  1.71666932e-22  1.53393915e-23  7.50343490e-23  2.11618875e-23  1.11692748e-10  1.11692748e-10  1.11692748e-10  1.11692748e-10 
 8.51138038e+07  1.08897033e-10  1.08897033e-10  1.09867743e-10  1.09867743e-10  8.58678531e-11  8.58678531e-11  5.54538128e-11  5.54538128e-11  2.06101744e-22  1.91054691e-23  8.75224211e-23  2.82594899e-23  1.08897033e-10  1.08897033e-10  1.08897033e-10  1.08897033e-10  4.03404002e-12  4.03404002e-12  1.15876209e-12  1.15876209e-12  2.49827482e-11  2.49827482e-11  1.57970636e-12  1.57970636e-12  2.93007258e-23  5.31613746e-24  1.30888228e-23  2.70599989e-24  4.03404002e-12  4.03404002e-12  4.03404002e-12  4.03404002e-12  1.08391262e-10  1.08391262e-10  1.09504978e-10  1.09504978e-10  8.20778007e-11  8.20778007e-11  5.52826709e-11  5.52826709e-11  2.03522718e-22  1.83408863e-23  8.65345087e-23  2.81250905e-23  1.08391262e-10  1.08391262e-10  1.08391262e-10  1.08391262e-10 
 8.70963590e+07  1.05663532e-10  1.05663532e-10  1.06601689e-10  1.06601689e-10  8.46570239e-11  8.46570239e-11  5.47156316e-11  5.47156316e-11  2.39239170e-22  2.24573325e-23  9.99043216e-23  3.28841849e-23  1.05663532e-10  1.05663532e-10  1.05663532e-10  1.05663532e-10  3.87607454e-12  3.87607454e-12  1.11133814e-12  1.11133814e-12  2.44131885e-11  2.44131885e-11  1.54084540e-12  1.54084540e-12  3.36906533e-23  6.19327973e-24  1.47998921e-23  3.11876811e-24  3.87607454e-12  3.87607454e-12  3.87607454e-12  3.87607454e-12  1.05158938e-10  1.05158938e-10  1.06239447e-10  1.06239447e-10  8.09860102e-11  8.09860102e-11  5.45471064e-11  5.45471064e-11  2.36289241e-22  2.15747023e-23  9.87978046e-23  3.27302437e-23  1.05158938e-10  1.05158938e-10  1.05158938e-10  1.05158938e-10 
 8.91250938e+07  1.02498516e-10  1.02498516e-10  1.03404710e-10  1.03404710e-10  8.34581160e-11  8.34581160e-11  5.39831982e-11  5.39831982e-11  4.67643128e-22  4.43738230e-23  1.90900643e-22  6.52741179e-23  1.02498516e-10  1.02498516e-10  1.02498516e-10  1.02498516e-10  3.72326876e-12  3.72326876e-12  1.06556147e-12  1.06556147e-12  2.38548011e-11  2.38548011e-11  1.50282635e-12  1.50282635e-12  6.52339128e-23  1.21285358e-23  2.80138585e-23  6.13163654e-24  3.72326876e-12  3.72326876e-12  3.72326876e-12  3.72326876e-12  1.01994900e-10  1.01994900e-10  1.03042905e-10  1.03042905e-10  7.99026713e-11  7.99026713e-11  5.38172438e-11  5.38172438e-11  4.61963799e-22  4.26611433e-23  1.88825949e-22  6.49744419e-23  1.01994900e-10  1.01994900e-10  1.01994900e-10  1.01994900e-10 
 9.12010839e+07  9.94011266e-11  9.94011266e-11  1.00275945e-10  1.00275945e-10  8.22703222e-11  8.22703222e-11  5.32560496e-11  5.32560496e-11  1.16141763e-22  1.11638581e-23  4.64882342e-23  1.57793815e-23  9.94011266e-11  9.94011266e-11  9.94011266e-11  9.94011266e-11  3.57548335e-12  3.57548335e-12  1.02138368e-12  1.02138368e-12  2.33071971e-11  2.33071971e-11  1.46562048e-12  1.46562048e-12  1.60481909e-23  3.02419117e-24  6.75768803e-24  1.46809370e-24  3.57548335e-12  3.57548335e-12  3.57548335e-12  3.57548335e-12  9.88983011e-11  9.88983011e-11  9.99144945e-11  9.99144945e-11  7.88270999e-11  7.88270999e-11  5.30926223e-11  5.30926223e-11  1.14752088e-22  1.07407191e-23  4.59924859e-23  1.57079651e-23  9.88983011e-11  9.88983011e-11  9.88983011e-11  9.88983011e-11 
 9.33254301e+07  9.63705305e-11  9.63705305e-11  9.72145578e-11  9.72145578e-11  8.10928795e-11  8.10928795e-11  5.25337484e-11  5.25337484e-11  5.21137083e-23  5.10218083e-24  2.06855564e-23  5.76141724e-24  9.63705305e-11  9.63705305e-11  9.63705305e-11  9.63705305e-11  3.43258299e-12  3.43258299e-12  9.78757786e-13  9.78757786e-13  2.27700095e-11  2.27700095e-11  1.42920063e-12  1.42920063e-12  7.13282430e-24  1.36980281e-24  2.97858614e-24  5.30844812e-25  3.43258299e-12  3.43258299e-12  3.43258299e-12  3.43258299e-12  9.58683200e-11  9.58683200e-11  9.68533869e-11  9.68533869e-11  7.77586501e-11  7.77586501e-11  5.23728068e-11  5.23728068e-11  5.14986733e-23  4.91226932e-24  2.04691076e-23  5.73500408e-24  9.58683200e-11  9.58683200e-11  9.58683200e-11  9.58683200e-11 
 9.54992586e+07  9.34059208e-11  9.34059208e-11  9.42197404e-11  9.42197404e-11  7.99250705e-11  7.99250705e-11  5.18158842e-11  5.18158842e-11  2.96793008e-22  2.91795590e-23  1.13391744e-22  4.24400774e-23  9.34059208e-11  9.34059208e-11  9.34059208e-11  9.34059208e-11  3.29443614e-12  3.29443614e-12  9.37638241e-13  9.37638241e-13  2.22428927e-11  2.22428927e-11  1.39354115e-12  1.39354115e-12  4.02390418e-23  7.76397485e-24  1.61737457e-23  3.87364516e-24  3.29443614e-12  3.29443614e-12  3.29443614e-12  3.29443614e-12  9.29041607e-11  9.29041607e-11  9.38587777e-11  9.38587777e-11  7.66967157e-11  7.66967157e-11  5.16573887e-11  5.16573887e-11  2.93347334e-22  2.81130676e-23  1.12227517e-22  4.22557671e-23  9.29041607e-11  9.29041607e-11  9.29041607e-11  9.29041607e-11 
 9.77237221e+07  9.05065134e-11  9.05065134e-11  9.12907065e-11  9.12907065e-11  7.87662242e-11  7.87662242e-11  5.11020742e-11  5.11020742e-11  6.29984888e-23  6.28027560e-24  2.35313142e-23  8.65472624e-24  9.05065134e-11  9.05065134e-11  9.05065134e-11  9.05065134e-11  3.16091493e-12  3.16091493e-12  8.97980827e-13  8.97980827e-13  2.17255220e-11  2.17255220e-11  1.35861789e-12  1.35861789e-12  8.46057631e-24  1.65608238e-24  3.32475733e-24  7.82388872e-25  3.16091493e-12  3.16091493e-12  3.16091493e-12  3.16091493e-12  9.00050503e-11  9.00050503e-11  9.09298860e-11  9.09298860e-11  7.56407314e-11  7.56407314e-11  5.09459871e-11  5.09459871e-11  6.22779720e-23  6.05488716e-24  2.32942481e-23  8.61764935e-24  9.00050503e-11  9.00050503e-11  9.00050503e-11  9.00050503e-11 
 1.00000000e+08  8.76715460e-11  8.76715460e-11  8.84266916e-11  8.84266916e-11  7.76157174e-11  7.76157174e-11  5.03919641e-11  5.03919641e-11  1.11249341e-22  1.12018032e-23  4.04791996e-23  1.64966132e-23  8.76715460e-11  8.76715460e-11  8.76715460e-11  8.76715460e-11  3.03189501e-12  3.03189501e-12  8.59742618e-13  8.59742618e-13  2.12175933e-11  2.12175933e-11  1.32440815e-12  1.32440815e-12  1.47993614e-23  2.92740613e-24  5.66537535e-24  1.47711519e-24  3.03189501e-12  3.03189501e-12  3.03189501e-12  3.03189501e-12  8.71702376e-11  8.71702376e-11  8.80659528e-11  8.80659528e-11  7.45901739e-11  7.45901739e-11  5.02382494e-11  5.02382494e-11  1.09996152e-22  1.08070483e-23  4.00790514e-23  1.64278421e-23  8.71702376e-11  8.71702376e-11  8.71702376e-11  8.71702376e-11 
 1.02329299e+08  8.49002758e-11  8.49002758e-11  8.56269514e-11  8.56269514e-11  7.64729747e-11  7.64729747e-11  4.96852286e-11  4.96852286e-11  1.62111550e-22  1.65535265e-23  5.76670226e-23  2.35892393e-23  8.49002758e-11  8.49002758e-11  8.49002758e-11  8.49002758e-11  2.90725537e-12  2.90725537e-12  8.22881926e-13  8.22881926e-13  2.07188226e-11  2.07188226e-11  1.29089063e-12  1.29089063e-12  2.13615315e-23  4.28719073e-24  7.99476573e-24  2.09200974e-24  2.90725537e-12  2.90725537e-12  2.90725537e-12  2.90725537e-12  8.43989906e-11  8.43989906e-11  8.52662387e-11  8.52662387e-11  7.35445629e-11  7.35445629e-11  4.95338519e-11  4.95338519e-11  1.60312321e-22  1.59807413e-23  5.71076761e-23  2.34925335e-23  8.43989906e-11  8.43989906e-11  8.43989906e-11  8.43989906e-11 
 1.04712855e+08  8.21919777e-11  8.21919777e-11  8.28907590e-11  8.28907590e-11  7.53374696e-11  7.53374696e-11  4.89815720e-11  4.89815720e-11  1.96228819e-22  2.02731081e-23  6.84978668e-23  2.89992820e-23  8.21919777e-11  8.21919777e-11  8.21919777e-11  8.21919777e-11  2.78687821e-12  2.78687821e-12  7.87358244e-13  7.87358244e-13  2.02289455e-11  2.02289455e-11  1.25804539e-12  1.25804539e-12  2.56124040e-23  5.20334997e-24  9.40665391e-24  2.54723179e-24  2.78687821e-12  2.78687821e-12  2.78687821e-12  2.78687821e-12  8.16905952e-11  8.16905952e-11  8.25300222e-11  8.25300222e-11  7.25034619e-11  7.25034619e-11  4.88325003e-11  4.88325003e-11  1.94081821e-22  1.95842594e-23  6.78459474e-23  2.88824893e-23  8.16905952e-11  8.16905952e-11  8.16905952e-11  8.16905952e-11 
 1.07151931e+08  7.95459424e-11  7.95459424e-11  8.02174035e-11  8.02174035e-11  7.42087246e-11  7.42087246e-11  4.82807284e-11  4.82807284e-11  2.25844465e-22  2.36495320e-23  7.70990675e-23  3.45814024e-23  7.95459424e-11  7.95459424e-11  7.95459424e-11  7.95459424e-11  2.67064877e-12  2.67064877e-12  7.53132202e-13  7.53132202e-13  1.97477165e-11  1.97477165e-11  1.22585378e-12  1.22585378e-12  2.91989189e-23  6.01536445e-24  1.04878302e-23  3.00857016e-24  2.67064877e-12  2.67064877e-12  2.67064877e-12  2.67064877e-12  7.90443526e-11  7.90443526e-11  7.98565972e-11  7.98565972e-11  7.14664785e-11  7.14664785e-11  4.81339302e-11  4.81339302e-11  2.23409320e-22  2.28605177e-23  7.63790744e-23  3.44450086e-23  7.90443526e-11  7.90443526e-11  7.90443526e-11  7.90443526e-11 
 1.09647820e+08  7.69614741e-11  7.69614741e-11  7.76061872e-11  7.76061872e-11  7.30863109e-11  7.30863109e-11  4.75824623e-11  4.75824623e-11  3.18581209e-23  3.40334966e-24  1.06873528e-23  4.27014714e-24  7.69614741e-11  7.69614741e-11  7.69614741e-11  7.69614741e-11  2.55845524e-12  2.55845524e-12  7.20165514e-13  7.20165514e-13  1.92749083e-11  1.92749083e-11  1.19429845e-12  1.19429845e-12  4.07985037e-24  8.57865048e-25  1.44006995e-24  3.67932136e-25  2.55845524e-12  2.55845524e-12  2.55845524e-12  2.55845524e-12  7.64595776e-11  7.64595776e-11  7.72452714e-11  7.72452714e-11  7.04332650e-11  7.04332650e-11  4.74379072e-11  4.74379072e-11  3.15194587e-23  3.29187314e-24  1.05894239e-23  4.25337697e-24  7.64595776e-11  7.64595776e-11  7.64595776e-11  7.64595776e-11 
 1.12201845e+08  7.44378882e-11  7.44378882e-11  7.50564241e-11  7.50564241e-11  7.19698491e-11  7.19698491e-11  4.68865680e-11  4.68865680e-11  2.01386307e-22  2.16905025e-23  6.60291624e-23  3.04330770e-23  7.44378882e-11  7.44378882e-11  7.44378882e-11  7.44378882e-11  2.45018856e-12  2.45018856e-12  6.88420927e-13  6.88420927e-13  1.88103115e-11  1.88103115e-11  1.16336323e-12  1.16336323e-12  2.55458613e-23  5.41810006e-24  8.81301892e-24  2.59727830e-24  2.45018856e-12  2.45018856e-12  2.45018856e-12  2.45018856e-12  7.39355960e-11  7.39355960e-11  7.46953637e-11  7.46953637e-11  6.94035185e-11  6.94035185e-11  4.67442271e-11  4.67442271e-11  1.99276031e-22  2.09928372e-23  6.54355034e-23  3.03168895e-23  7.39355960e-11  7.39355960e-11  7.39355960e-11  7.39355960e-11 
 1.14815362e+08  7.19745096e-11  7.19745096e-11  7.25674371e-11  7.25674371e-11  7.08590078e-11  7.08590078e-11  4.61928703e-11  4.61928703e-11  1.69632513e-22  1.85299039e-23  5.44413219e-23  2.56041796e-23  7.19745096e-11  7.19745096e-11  7.19745096e-11  7.19745096e-11  2.34574231e-12  2.34574231e-12  6.57862182e-13  6.57862182e-13  1.83537333e-11  1.83537333e-11  1.13303308e-12  1.13303308e-12  2.13139994e-23  4.58682862e-24  7.19766490e-24  2.16427384e-24  2.34574231e-12  2.34574231e-12  2.34574231e-12  2.34574231e-12  7.14717427e-11  7.14717427e-11  7.22062022e-11  7.22062022e-11  6.83769803e-11  6.83769803e-11  4.60527154e-11  4.60527154e-11  1.67880195e-22  1.79447177e-23  5.39610471e-23  2.55081149e-23  7.14717427e-11  7.14717427e-11  7.14717427e-11  7.14717427e-11 
 1.17489755e+08  6.95706700e-11  6.95706700e-11  7.01385562e-11  7.01385562e-11  6.97535039e-11  6.97535039e-11  4.55012237e-11  4.55012237e-11  6.83291050e-23  7.56947637e-24  2.13083356e-23  1.08894520e-23  6.95706700e-11  6.95706700e-11  6.95706700e-11  6.95706700e-11  2.24501260e-12  2.24501260e-12  6.28453963e-13  6.28453963e-13  1.79049972e-11  1.79049972e-11  1.10329410e-12  1.10329410e-12  8.50412040e-24  1.85679382e-24  2.79052000e-24  9.11696135e-25  2.24501260e-12  2.24501260e-12  2.24501260e-12  2.24501260e-12  6.90673595e-11  6.90673595e-11  6.97771219e-11  6.97771219e-11  6.73534364e-11  6.73534364e-11  4.53632278e-11  4.53632278e-11  6.76338197e-23  7.33479192e-24  2.11238894e-23  1.08496635e-23  6.90673595e-11  6.90673595e-11  6.90673595e-11  6.90673595e-11 
 1.20226443e+08  6.72257057e-11  6.72257057e-11  6.77691160e-11  6.77691160e-11  6.86531015e-11  6.86531015e-11  4.48115123e-11  4.48115123e-11  2.47217021e-22  2.77753587e-23  7.56710195e-23  3.94486124e-23  6.72257057e-11  6.72257057e-11  6.72257057e-11  6.72257057e-11  2.14789791e-12  2.14789791e-12  6.00161862e-13  6.00161862e-13  1.74639420e-11  1.74639420e-11  1.07413339e-12  1.07413339e-12  3.04763655e-23  6.75164308e-24  9.81604343e-24  3.27115678e-24  2.14789791e-12  2.14789791e-12  2.14789791e-12  2.14789791e-12  6.67217925e-11  6.67217925e-11  6.74074622e-11  6.74074622e-11  6.63327159e-11  6.63327159e-11  4.46756489e-11  4.46756489e-11  2.44735904e-22  2.69298288e-23  7.50283191e-23  3.93067842e-23  6.67217925e-11  6.67217925e-11  6.67217925e-11  6.67217925e-11 
 1.23026877e+08  6.49389560e-11  6.49389560e-11  6.54584538e-11  6.54584538e-11  6.75576106e-11  6.75576106e-11  4.41236489e-11  4.41236489e-11  7.30575212e-23  8.34259746e-24  2.19980220e-23  1.07390646e-23  6.49389560e-11  6.49389560e-11  6.49389560e-11  6.49389560e-11  2.05429900e-12  2.05429900e-12  5.72952332e-13  5.72952332e-13  1.70304208e-11  1.70304208e-11  1.04553903e-12  1.04553903e-12  8.92090052e-24  2.00954981e-24  2.82657456e-24  8.81952490e-25  2.05429900e-12  2.05429900e-12  2.05429900e-12  2.05429900e-12  6.44343907e-11  6.44343907e-11  6.50965652e-11  6.50965652e-11  6.53146912e-11  6.53146912e-11  4.39898927e-11  4.39898927e-11  7.23341215e-23  8.09324880e-24  2.18146973e-23  1.07006792e-23  6.44343907e-11  6.44343907e-11  6.44343907e-11  6.44343907e-11 
 1.25892541e+08  6.27097606e-11  6.27097606e-11  6.32059070e-11  6.32059070e-11  6.64668864e-11  6.64668864e-11  4.34375749e-11  4.34375749e-11  6.42349094e-23  7.44720702e-24  1.89004119e-23  9.46099549e-24  6.27097606e-11  6.27097606e-11  6.27097606e-11  6.27097606e-11  1.96411881e-12  1.96411881e-12  5.46792654e-13  5.46792654e-13  1.66043005e-11  1.66043005e-11  1.01750002e-12  1.01750002e-12  7.76919413e-24  1.77760343e-24  2.40556274e-24  7.69560424e-25  1.96411881e-12  1.96411881e-12  1.96411881e-12  1.96411881e-12  6.22045030e-11  6.22045030e-11  6.28437733e-11  6.28437733e-11  6.42992764e-11  6.42992764e-11  4.33059010e-11  4.33059010e-11  6.36078166e-23  7.22867995e-24  1.87458628e-23  9.42776783e-24  6.22045030e-11  6.22045030e-11  6.22045030e-11  6.22045030e-11 
 1.28824955e+08  6.05374576e-11  6.05374576e-11  6.10108117e-11  6.10108117e-11  6.53808275e-11  6.53808275e-11  4.27532591e-11  4.27532591e-11  1.11969864e-22  1.31700517e-23  3.21839093e-23  1.71275832e-23  6.05374576e-11  6.05374576e-11  6.05374576e-11  6.05374576e-11  1.87726229e-12  1.87726229e-12  5.21650899e-13  5.21650899e-13  1.61854609e-11  1.61854609e-11  9.90006201e-13  9.90006201e-13  1.34142353e-23  3.11507310e-24  4.05743455e-24  1.37987298e-24  1.87726229e-12  1.87726229e-12  1.87726229e-12  1.87726229e-12  6.00314769e-11  6.00314769e-11  6.06484272e-11  6.06484272e-11  6.32864262e-11  6.32864262e-11  4.26236431e-11  4.26236431e-11  1.10892056e-22  1.27906425e-23  3.19256882e-23  1.70688895e-23  6.00314769e-11  6.00314769e-11  6.00314769e-11  6.00314769e-11 
 1.31825674e+08  5.84213818e-11  5.84213818e-11  5.88725002e-11  5.88725002e-11  6.42993744e-11  6.42993744e-11  4.20706967e-11  4.20706967e-11  9.12286973e-23  1.08858371e-23  2.55580557e-23  1.51796984e-23  5.84213818e-11  5.84213818e-11  5.84213818e-11  5.84213818e-11  1.79363640e-12  1.79363640e-12  4.97495898e-13  4.97495898e-13  1.57737934e-11  1.57737934e-11  9.63048206e-13  9.63048206e-13  1.08257034e-23  2.55139590e-24  3.19158614e-24  1.21128734e-24  1.79363640e-12  1.79363640e-12  1.79363640e-12  1.79363640e-12  5.79146560e-11  5.79146560e-11  5.85098637e-11  5.85098637e-11  6.22761347e-11  6.22761347e-11  4.19431147e-11  4.19431147e-11  9.03629999e-23  1.05779612e-23  2.53568508e-23  1.51291083e-23  5.79146560e-11  5.79146560e-11  5.79146560e-11  5.79146560e-11 
 1.34896288e+08  5.63608627e-11  5.63608627e-11  5.67902993e-11  5.67902993e-11  6.32225078e-11  6.32225078e-11  4.13899084e-11  4.13899084e-11  8.32249088e-23  1.00991813e-23  2.29045128e-23  1.27474359e-23  5.63608627e-11  5.63608627e-11  5.63608627e-11  5.63608627e-11  1.71314995e-12  1.71314995e-12  4.74297207e-13  4.74297207e-13  1.53692005e-11  1.53692005e-11  9.36617398e-13  9.36617398e-13  9.78211590e-24  2.34548484e-24  2.83311757e-24  1.00743064e-24  1.71314995e-12  1.71314995e-12  1.71314995e-12  1.71314995e-12  5.58533785e-11  5.58533785e-11  5.64274143e-11  5.64274143e-11  6.12684334e-11  6.12684334e-11  4.12643370e-11  4.12643370e-11  8.24455689e-23  9.81876231e-24  2.27275877e-23  1.27051943e-23  5.58533785e-11  5.58533785e-11  5.58533785e-11  5.58533785e-11 
 1.38038426e+08  5.43552228e-11  5.43552228e-11  5.47635288e-11  5.47635288e-11  6.21502464e-11  6.21502464e-11  4.07109393e-11  4.07109393e-11  2.84911062e-23  3.52088402e-24  7.66858046e-24  2.86986683e-24  5.43552228e-11  5.43552228e-11  5.43552228e-11  5.43552228e-11  1.63571352e-12  1.63571352e-12  4.52025083e-13  4.52025083e-13  1.49715946e-11  1.49715946e-11  9.10705800e-13  9.10705800e-13  3.31699656e-24  8.10262077e-25  9.39554701e-25  2.24565271e-25  1.63571352e-12  1.63571352e-12  1.63571352e-12  1.63571352e-12  5.38469754e-11  5.38469754e-11  5.44004030e-11  5.44004030e-11  6.02633901e-11  6.02633901e-11  4.05873554e-11  4.05873554e-11  2.82279628e-23  3.42491367e-24  7.61045838e-24  2.85962278e-24  5.38469754e-11  5.38469754e-11  5.38469754e-11  5.38469754e-11 
 1.41253754e+08  5.24037761e-11  5.24037761e-11  5.27914996e-11  5.27914996e-11  6.10826453e-11  6.10826453e-11  4.00338573e-11  4.00338573e-11  5.48755172e-23  6.86677295e-24  1.43934815e-23  9.33817846e-24  5.24037761e-11  5.24037761e-11  5.24037761e-11  5.24037761e-11  1.56123943e-12  1.56123943e-12  4.30650455e-13  4.30650455e-13  1.45808974e-11  1.45808974e-11  8.85306041e-13  8.85306041e-13  6.32805797e-24  1.56584377e-24  1.74676826e-24  7.23978150e-25  1.56123943e-12  1.56123943e-12  1.56123943e-12  1.56123943e-12  5.18947689e-11  5.18947689e-11  5.24281451e-11  5.24281451e-11  5.92611063e-11  5.92611063e-11  3.99122379e-11  3.99122379e-11  5.43757129e-23  6.68301669e-24  1.42864405e-23  9.30875528e-24  5.18947689e-11  5.18947689e-11  5.18947689e-11  5.18947689e-11 
 1.44543977e+08  5.05058266e-11  5.05058266e-11  5.08735124e-11  5.08735124e-11  6.00197932e-11  6.00197932e-11  3.93587520e-11  3.93587520e-11  2.49467986e-23  3.19184943e-24  6.47031116e-24  3.17442798e-24  5.05058266e-11  5.05058266e-11  5.05058266e-11  5.05058266e-11  1.48964164e-12  1.48964164e-12  4.10144901e-13  4.10144901e-13  1.41970387e-11  1.41970387e-11  8.60411292e-13  8.60411292e-13  2.84941201e-24  7.21201716e-25  7.77778200e-25  2.43718201e-25  1.48964164e-12  1.48964164e-12  1.48964164e-12  1.48964164e-12  4.99960709e-11  4.99960709e-11  5.05099454e-11  5.05099454e-11  5.82617154e-11  5.82617154e-11  3.92390742e-11  3.92390742e-11  2.47223509e-23  3.10799898e-24  6.42309746e-24  3.16412853e-24  4.99960709e-11  4.99960709e-11  4.99960709e-11  4.99960709e-11 
 1.47910839e+08  4.86606671e-11  4.86606671e-11  4.90088565e-11  4.90088565e-11  5.89618102e-11  5.89618102e-11  3.86857330e-11  3.86857330e-11  6.93132406e-23  8.96267115e-24  1.74258572e-23  1.16453150e-23  4.86606671e-11  4.86606671e-11  4.86606671e-11  4.86606671e-11  1.42083571e-12  1.42083571e-12  3.90480628e-13  3.90480628e-13  1.38199558e-11  1.38199558e-11  8.36015208e-13  8.36015208e-13  7.84175047e-24  2.00662323e-24  2.07484066e-24  8.85645689e-25  1.42083571e-12  1.42083571e-12  1.42083571e-12  1.42083571e-12  4.81501820e-11  4.81501820e-11  4.86450972e-11  4.86450972e-11  5.72653809e-11  5.72653809e-11  3.85679743e-11  3.85679743e-11  6.86985441e-23  8.73152200e-24  1.73010912e-23  1.16098382e-23  4.81501820e-11  4.81501820e-11  4.81501820e-11  4.81501820e-11 
 1.51356125e+08  4.68675782e-11  4.68675782e-11  4.71968085e-11  4.71968085e-11  5.79088459e-11  5.79088459e-11  3.80149285e-11  3.80149285e-11  2.40654581e-23  3.17445666e-24  5.94937087e-24  3.32570513e-24  4.68675782e-11  4.68675782e-11  4.68675782e-11  4.68675782e-11  1.35473870e-12  1.35473870e-12  3.71630452e-13  3.71630452e-13  1.34495922e-11  1.34495922e-11  8.12111871e-13  8.12111871e-13  2.69674537e-24  7.04220297e-25  7.01649957e-25  2.50481327e-25  1.35473870e-12  1.35473870e-12  1.35473870e-12  1.35473870e-12  4.63563901e-11  4.63563901e-11  4.68328812e-11  4.68328812e-11  5.62722933e-11  5.62722933e-11  3.78990663e-11  3.78990663e-11  2.38547273e-23  3.09408795e-24  5.90757505e-24  3.31544257e-24  4.63563901e-11  4.63563901e-11  4.63563901e-11  4.63563901e-11 
 1.54881662e+08  4.51258273e-11  4.51258273e-11  4.54366319e-11  4.54366319e-11  5.68610761e-11  5.68610761e-11  3.73464838e-11  3.73464838e-11  3.63270838e-23  4.85793903e-24  8.73018763e-24  6.16494743e-24  4.51258273e-11  4.51258273e-11  4.51258273e-11  4.51258273e-11  1.29126921e-12  1.29126921e-12  3.53567783e-13  3.53567783e-13  1.30858971e-11  1.30858971e-11  7.88695737e-13  7.88695737e-13  4.03208268e-24  1.06781945e-24  1.01983703e-24  4.59925227e-25  1.29126921e-12  1.29126921e-12  1.29126921e-12  1.29126921e-12  4.46139697e-11  4.46139697e-11  4.50725644e-11  4.50725644e-11  5.52826688e-11  5.52826688e-11  3.72324954e-11  3.72324954e-11  3.60133850e-23  4.73720245e-24  8.67000849e-24  6.14686090e-24  4.46139697e-11  4.46139697e-11  4.46139697e-11  4.46139697e-11 
 1.58489319e+08  4.34346679e-11  4.34346679e-11  4.37275756e-11  4.37275756e-11  5.58187007e-11  5.58187007e-11  3.66805594e-11  3.66805594e-11  5.22532317e-23  7.11408662e-24  1.22930030e-23  8.80765394e-24  4.34346679e-11  4.34346679e-11  4.34346679e-11  4.34346679e-11  1.23034728e-12  1.23034728e-12  3.36266605e-13  3.36266605e-13  1.27288246e-11  1.27288246e-11  7.65761577e-13  7.65761577e-13  5.74461533e-24  1.54941581e-24  1.42240027e-24  6.50787704e-25  1.23034728e-12  1.23034728e-12  1.23034728e-12  1.23034728e-12  4.29221811e-11  4.29221811e-11  4.33633995e-11  4.33633995e-11  5.42967459e-11  5.42967459e-11  3.65684222e-11  3.65684222e-11  5.18078379e-23  6.94052142e-24  1.22098568e-23  8.78224388e-24  4.29221811e-11  4.29221811e-11  4.29221811e-11  4.29221811e-11 
 1.62181010e+08  4.17933392e-11  4.17933392e-11  4.20688741e-11  4.20688741e-11  5.47819411e-11  5.47819411e-11  3.60173296e-11  3.60173296e-11  5.69136087e-23  7.88029854e-24  1.31131061e-23  9.66093721e-24  4.17933392e-11  4.17933392e-11  4.17933392e-11  4.17933392e-11  1.17189435e-12  1.17189435e-12  3.19701470e-13  3.19701470e-13  1.23783326e-11  1.23783326e-11  7.43304432e-13  7.43304432e-13  6.19742592e-24  1.70055409e-24  1.50288232e-24  7.07001811e-25  1.17189435e-12  1.17189435e-12  1.17189435e-12  1.17189435e-12  4.12802702e-11  4.12802702e-11  4.17046245e-11  4.17046245e-11  5.33147834e-11  5.33147834e-11  3.59070208e-11  3.59070208e-11  5.64346530e-23  7.69156240e-24  1.30260794e-23  9.63355719e-24  4.12802702e-11  4.12802702e-11  4.12802702e-11  4.12802702e-11 
 1.65958691e+08  4.02010656e-11  4.02010656e-11  4.04597470e-11  4.04597470e-11  5.37510373e-11  5.37510373e-11  3.53569807e-11  3.53569807e-11  7.61703426e-23  1.07392272e-23  1.71615582e-23  1.29203048e-23  4.02010656e-11  4.02010656e-11  4.02010656e-11  4.02010656e-11  1.11583330e-12  1.11583330e-12  3.03847483e-13  3.03847483e-13  1.20343824e-11  1.20343824e-11  7.21319562e-13  7.21319562e-13  8.21539625e-24  2.29623640e-24  1.94818691e-24  9.36473864e-25  1.11583330e-12  1.11583330e-12  1.11583330e-12  1.11583330e-12  3.96874675e-11  3.96874675e-11  4.00954623e-11  4.00954623e-11  5.23370580e-11  5.23370580e-11  3.52484774e-11  3.52484774e-11  7.55375736e-23  1.04867451e-23  1.70498030e-23  1.28843293e-23  3.96874675e-11  3.96874675e-11  3.96874675e-11  3.96874675e-11 
 1.69824365e+08  3.86570570e-11  3.86570570e-11  3.88993987e-11  3.88993987e-11  5.27262459e-11  5.27262459e-11  3.46997092e-11  3.46997092e-11  4.17005165e-23  5.98686597e-24  9.25447031e-24  6.08351475e-24  3.86570570e-11  3.86570570e-11  3.86570570e-11  3.86570570e-11  1.06208836e-12  1.06208836e-12  2.88680294e-13  2.88680294e-13  1.16969375e-11  1.16969375e-11  6.99802401e-13  6.99802401e-13  4.45478204e-24  1.26833619e-24  1.04058828e-24  4.36681154e-25  1.06208836e-12  1.06208836e-12  1.06208836e-12  1.06208836e-12  3.81429889e-11  3.81429889e-11  3.85351205e-11  3.85351205e-11  5.13638617e-11  5.13638617e-11  3.45929883e-11  3.45929883e-11  4.13581378e-23  5.84868864e-24  9.19533753e-24  6.06639386e-24  3.81429889e-11  3.81429889e-11  3.81429889e-11  3.81429889e-11 
 1.73780083e+08  3.71605081e-11  3.71605081e-11  3.73870184e-11  3.73870184e-11  5.17078369e-11  5.17078369e-11  3.40457206e-11  3.40457206e-11  4.46639435e-23  6.51995269e-24  9.65050746e-24  7.66546678e-24  3.71605081e-11  3.71605081e-11  3.71605081e-11  3.71605081e-11  1.01058517e-12  1.01058517e-12  2.74176089e-13  2.74176089e-13  1.13659634e-11  1.13659634e-11  6.78748518e-13  6.78748518e-13  4.72595443e-24  1.36857312e-24  1.07480568e-24  5.45010238e-25  1.01058517e-12  1.01058517e-12  1.01058517e-12  1.01058517e-12  3.66460349e-11  3.66460349e-11  3.70227913e-11  3.70227913e-11  5.03954993e-11  5.03954993e-11  3.39407587e-11  3.39407587e-11  4.43020727e-23  6.37223999e-24  9.59000204e-24  7.64488249e-24  3.66460349e-11  3.66460349e-11  3.66460349e-11  3.66460349e-11 
 1.77827941e+08  3.57105995e-11  3.57105995e-11  3.59217807e-11  3.59217807e-11  5.06960915e-11  5.06960915e-11  3.33952270e-11  3.33952270e-11  6.84795344e-23  1.01846571e-23  1.45332597e-23  1.04824020e-23  3.57105995e-11  3.57105995e-11  3.57105995e-11  3.57105995e-11  9.61250685e-13  9.61250685e-13  2.60311586e-13  2.60311586e-13  1.10414267e-11  1.10414267e-11  6.58153573e-13  6.58153573e-13  7.17687280e-24  2.11814012e-24  1.60322426e-24  7.38112941e-25  9.61250685e-13  9.61250685e-13  9.61250685e-13  9.61250685e-13  3.51957912e-11  3.51957912e-11  3.55576524e-11  3.55576524e-11  4.94322859e-11  4.94322859e-11  3.32920007e-11  3.32920007e-11  6.79312747e-23  9.95815317e-24  1.44438517e-23  1.04541559e-23  3.51957912e-11  3.51957912e-11  3.51957912e-11  3.51957912e-11 
 1.81970086e+08  3.43064974e-11  3.43064974e-11  3.45028458e-11  3.45028458e-11  4.96912998e-11  4.96912998e-11  3.27484463e-11  3.27484463e-11  5.62365003e-23  8.51678601e-24  1.16646907e-23  8.93169139e-24  3.43064974e-11  3.43064974e-11  3.43064974e-11  3.43064974e-11  9.14013254e-13  9.14013254e-13  2.47064027e-13  2.47064027e-13  1.07232947e-11  1.07232947e-11  6.38013283e-13  6.38013283e-13  5.83762673e-24  1.75495386e-24  1.27454426e-24  6.22910900e-25  9.14013254e-13  9.14013254e-13  9.14013254e-13  9.14013254e-13  3.37914295e-11  3.37914295e-11  3.41388666e-11  3.41388666e-11  4.84745449e-11  4.84745449e-11  3.26469318e-11  3.26469318e-11  5.57918596e-23  8.33085967e-24  1.15942768e-23  8.90824360e-24  3.37914295e-11  3.37914295e-11  3.37914295e-11  3.37914295e-11 
 1.86208714e+08  3.29473547e-11  3.29473547e-11  3.31293599e-11  3.31293599e-11  4.86937580e-11  4.86937580e-11  3.21056003e-11  3.21056003e-11  1.66411008e-23  2.57248348e-24  3.38439044e-24  2.34864631e-24  3.29473547e-11  3.29473547e-11  3.29473547e-11  3.29473547e-11  8.68802569e-13  8.68802569e-13  2.34411177e-13  2.34411177e-13  1.04115345e-11  1.04115345e-11  6.18323390e-13  6.18323390e-13  1.71096598e-24  5.25195667e-25  3.66278679e-25  1.62219292e-25  8.68802569e-13  8.68802569e-13  8.68802569e-13  8.68802569e-13  3.24321072e-11  3.24321072e-11  3.27655828e-11  3.27655828e-11  4.75226053e-11  4.75226053e-11  3.20057735e-11  3.20057735e-11  1.65110955e-23  2.51735956e-24  3.36434392e-24  2.34244098e-24  3.24321072e-11  3.24321072e-11  3.24321072e-11  3.24321072e-11 
 1.90546072e+08  3.16323113e-11  3.16323113e-11  3.18004564e-11  3.18004564e-11  4.77037667e-11  4.77037667e-11  3.14669129e-11  3.14669129e-11  4.66649699e-23  7.33241637e-24  9.29748740e-24  6.95675667e-24  3.16323113e-11  3.16323113e-11  3.16323113e-11  3.16323113e-11  8.25549686e-13  8.25549686e-13  2.22331317e-13  2.22331317e-13  1.01061129e-11  1.01061129e-11  5.99079635e-13  5.99079635e-13  4.75215184e-24  1.48316656e-24  9.96656070e-25  4.75905621e-25  8.25549686e-13  8.25549686e-13  8.25549686e-13  8.25549686e-13  3.11169690e-11  3.11169690e-11  3.14369369e-11  3.14369369e-11  4.65767998e-11  4.65767998e-11  3.13687496e-11  3.13687496e-11  4.63046732e-23  7.17817497e-24  9.24344925e-24  6.93884184e-24  3.11169690e-11  3.11169690e-11  3.11169690e-11  3.11169690e-11 
 1.94984460e+08  3.03604952e-11  3.03604952e-11  3.05152563e-11  3.05152563e-11  4.67216282e-11  4.67216282e-11  3.08326095e-11  3.08326095e-11  2.94279093e-23  4.71551850e-24  5.76023982e-24  3.45232433e-24  3.03604952e-11  3.03604952e-11  3.03604952e-11  3.03604952e-11  7.84187029e-13  7.84187029e-13  2.10803247e-13  2.10803247e-13  9.80699578e-12  9.80699578e-12  5.80277722e-13  5.80277722e-13  2.96822486e-24  9.45026117e-25  6.11600579e-25  2.33862053e-25  7.84187029e-13  7.84187029e-13  7.84187029e-13  7.84187029e-13  2.98451472e-11  2.98451472e-11  3.01520523e-11  3.01520523e-11  4.56374624e-11  4.56374624e-11  3.07360850e-11  3.07360850e-11  2.92032585e-23  4.61814886e-24  5.72738837e-24  3.44291192e-24  2.98451472e-11  2.98451472e-11  2.98451472e-11  2.98451472e-11 
 1.99526231e+08  2.91310236e-11  2.91310236e-11  2.92728694e-11  2.92728694e-11  4.57476449e-11  4.57476449e-11  3.02029146e-11  3.02029146e-11  1.96175447e-23  3.20281596e-24  3.72329261e-24  3.41012878e-24  2.91310236e-11  2.91310236e-11  2.91310236e-11  2.91310236e-11  7.44648395e-13  7.44648395e-13  1.99806276e-13  1.99806276e-13  9.51414767e-12  9.51414767e-12  5.61913308e-13  5.61913308e-13  1.95986517e-24  6.35939444e-25  3.91562580e-25  2.28853149e-25  7.44648395e-13  7.44648395e-13  7.44648395e-13  7.44648395e-13  2.86157629e-11  2.86157629e-11  2.89100410e-11  2.89100410e-11  4.47049268e-11  4.47049268e-11  3.01080043e-11  3.01080043e-11  1.94697650e-23  3.13790564e-24  3.70245618e-24  3.40191178e-24  2.86157629e-11  2.86157629e-11  2.86157629e-11  2.86157629e-11 
 2.04173794e+08  2.79430037e-11  2.79430037e-11  2.80723956e-11  2.80723956e-11  4.47821170e-11  4.47821170e-11  2.95780516e-11  2.95780516e-11  4.77627833e-23  7.93892606e-24  8.92423936e-24  7.09837390e-24  2.79430037e-11  2.79430037e-11  2.79430037e-11  2.79430037e-11  7.06868967e-13  7.06868967e-13  1.89320229e-13  1.89320229e-13  9.22753150e-12  9.22753150e-12  5.43981972e-13  5.43981972e-13  4.72613254e-24  1.56174500e-24  9.29589085e-25  4.71766090e-25  7.06868967e-13  7.06868967e-13  7.06868967e-13  7.06868967e-13  2.74279271e-11  2.74279271e-11  2.77100049e-11  2.77100049e-11  4.37795241e-11  4.37795241e-11  2.94847302e-11  2.94847302e-11  4.74067750e-23  7.78097895e-24  8.87523295e-24  7.08097196e-24  2.74279271e-11  2.74279271e-11  2.74279271e-11  2.74279271e-11 
 2.08929613e+08  2.67955340e-11  2.67955340e-11  2.69129258e-11  2.69129258e-11  4.38253413e-11  4.38253413e-11  2.89582408e-11  2.89582408e-11  4.25446190e-23  7.20230019e-24  7.76350969e-24  7.14396984e-24  2.67955340e-11  2.67955340e-11  2.67955340e-11  2.67955340e-11  6.70785321e-13  6.70785321e-13  1.79325440e-13  1.79325440e-13  8.94710824e-12  8.94710824e-12  5.26479206e-13  5.26479206e-13  4.16964564e-24  1.40372471e-24  8.00982108e-25  4.70275518e-25  6.70785321e-13  6.70785321e-13  6.70785321e-13  6.70785321e-13  2.62807419e-11  2.62807419e-11  2.65510369e-11  2.65510369e-11  4.28615814e-11  4.28615814e-11  2.88664830e-11  2.88664830e-11  4.22312234e-23  7.06164791e-24  7.72167575e-24  7.12719308e-24  2.62807419e-11  2.62807419e-11  2.62807419e-11  2.62807419e-11 
 2.13796209e+08  2.56877057e-11  2.56877057e-11  2.57935432e-11  2.57935432e-11  4.28776088e-11  4.28776088e-11  2.83436989e-11  2.83436989e-11  2.83950848e-23  4.90504975e-24  5.08883368e-24  4.01830486e-24  2.56877057e-11  2.56877057e-11  2.56877057e-11  2.56877057e-11  6.36335438e-13  6.36335438e-13  1.69802752e-13  1.69802752e-13  8.67283669e-12  8.67283669e-12  5.09400400e-13  5.09400400e-13  2.75633677e-24  9.47138292e-25  5.20028345e-25  2.61958418e-25  6.36335438e-13  6.36335438e-13  6.36335438e-13  6.36335438e-13  2.51733017e-11  2.51733017e-11  2.54322221e-11  2.54322221e-11  4.19514203e-11  4.19514203e-11  2.82534790e-11  2.82534790e-11  2.81881642e-23  4.81102387e-24  5.06192565e-24  4.00865345e-24  2.51733017e-11  2.51733017e-11  2.51733017e-11  2.51733017e-11 
 2.18776162e+08  2.46186038e-11  2.46186038e-11  2.47133249e-11  2.47133249e-11  4.19392040e-11  4.19392040e-11  2.77346374e-11  2.77346374e-11  3.48485119e-23  6.13082477e-24  6.09414099e-24  5.85323424e-24  2.46186038e-11  2.46186038e-11  2.46186038e-11  2.46186038e-11  6.03458716e-13  6.03458716e-13  1.60733519e-13  1.60733519e-13  8.40467326e-12  8.40467326e-12  4.92740826e-13  4.92740826e-13  3.35050448e-24  1.17285756e-24  6.16828525e-25  3.77958232e-25  6.03458716e-13  6.03458716e-13  6.03458716e-13  6.03458716e-13  2.41046947e-11  2.41046947e-11  2.43526393e-11  2.43526393e-11  4.10493547e-11  4.10493547e-11  2.76459297e-11  2.76459297e-11  3.45975000e-23  6.01546755e-24  6.06252014e-24  5.83996121e-24  2.41046947e-11  2.41046947e-11  2.41046947e-11  2.41046947e-11 
 2.23872114e+08  2.35873087e-11  2.35873087e-11  2.36713430e-11  2.36713430e-11  4.10104030e-11  4.10104030e-11  2.71312625e-11  2.71312625e-11  1.23294408e-23  2.21479162e-24  2.10792346e-24  2.05907716e-24  2.35873087e-11  2.35873087e-11  2.35873087e-11  2.35873087e-11  5.72095978e-13  5.72095978e-13  1.52099600e-13  1.52099600e-13  8.14257184e-12  8.14257184e-12  4.76495639e-13  4.76495639e-13  1.17409916e-24  4.19771665e-25  2.11324158e-25  1.31685483e-25  5.72095978e-13  5.72095978e-13  5.72095978e-13  5.72095978e-13  2.30740041e-11  2.30740041e-11  2.33113623e-11  2.33113623e-11  4.01556905e-11  4.01556905e-11  2.70440408e-11  2.70440408e-11  1.22416312e-23  2.17388836e-24  2.09719055e-24  2.05449011e-24  2.30740041e-11  2.30740041e-11  2.30740041e-11  2.30740041e-11 
 2.29086765e+08  2.25928977e-11  2.25928977e-11  2.26666665e-11  2.26666665e-11  4.00914726e-11  4.00914726e-11  2.65337737e-11  2.65337737e-11  2.06249678e-23  3.77682570e-24  3.46721609e-24  2.94597891e-24  2.25928977e-11  2.25928977e-11  2.25928977e-11  2.25928977e-11  5.42189484e-13  5.42189484e-13  1.43883358e-13  1.43883358e-13  7.88648363e-12  7.88648363e-12  4.60659864e-13  4.60659864e-13  1.94529589e-24  7.09181389e-25  3.44283933e-25  1.86582919e-25  5.42189484e-13  5.42189484e-13  5.42189484e-13  5.42189484e-13  2.20803097e-11  2.20803097e-11  2.23074613e-11  2.23074613e-11  3.92707238e-11  3.92707238e-11  2.64480116e-11  2.64480116e-11  2.04795393e-23  3.70835623e-24  3.44989201e-24  2.93926022e-24  2.20803097e-11  2.20803097e-11  2.20803097e-11  2.20803097e-11 
 2.34422882e+08  2.16344460e-11  2.16344460e-11  2.16983622e-11  2.16983622e-11  3.91826693e-11  3.91826693e-11  2.59423631e-11  2.59423631e-11  2.69089090e-23  5.02459438e-24  4.45517648e-24  3.52333177e-24  2.16344460e-11  2.16344460e-11  2.16344460e-11  2.16344460e-11  5.13682934e-13  5.13682934e-13  1.36067664e-13  1.36067664e-13  7.63635712e-12  7.63635712e-12  4.45228394e-13  4.45228394e-13  2.51372461e-24  9.34713810e-25  4.38168838e-25  2.20993975e-25  5.13682934e-13  5.13682934e-13  5.13682934e-13  5.13682934e-13  2.11226892e-11  2.11226892e-11  2.13400048e-11  2.13400048e-11  3.83947400e-11  3.83947400e-11  2.58580341e-11  2.58580341e-11  2.67209695e-23  4.93517748e-24  4.43333177e-24  3.51517205e-24  2.11226892e-11  2.11226892e-11  2.11226892e-11  2.11226892e-11 
 2.39883292e+08  2.07110285e-11  2.07110285e-11  2.07654964e-11  2.07654964e-11  3.82842381e-11  3.82842381e-11  2.53572153e-11  2.53572153e-11  1.14717310e-23  2.18564166e-24  1.84193643e-24  1.95425389e-24  2.07110285e-11  2.07110285e-11  2.07110285e-11  2.07110285e-11  4.86521484e-13  4.86521484e-13  1.28635887e-13  1.28635887e-13  7.39213802e-12  7.39213802e-12  4.30195993e-13  4.30195993e-13  1.06142102e-24  4.02812068e-25  1.79428387e-25  1.21422129e-25  4.86521484e-13  4.86521484e-13  4.86521484e-13  4.86521484e-13  2.02002197e-11  2.02002197e-11  2.04080602e-11  2.04080602e-11  3.75280127e-11  3.75280127e-11  2.52742928e-11  2.52742928e-11  1.13925829e-23  2.14746745e-24  1.83307358e-24  1.95013195e-24  2.02002197e-11  2.02002197e-11  2.02002197e-11  2.02002197e-11 
 2.45470892e+08  1.98217213e-11  1.98217213e-11  1.98671366e-11  1.98671366e-11  3.73964121e-11  3.73964121e-11  2.47785063e-11  2.47785063e-11  2.11331481e-23  4.10418415e-24  3.32487145e-24  3.62695980e-24  1.98217213e-11  1.98217213e-11  1.98217213e-11  1.98217213e-11  4.60651741e-13  4.60651741e-13  1.21571895e-13  1.21571895e-13  7.15376923e-12  7.15376923e-12  4.15557292e-13  4.15557292e-13  1.93665892e-24  7.49363334e-25  3.20797174e-25  2.23190127e-25  4.60651741e-13  4.60651741e-13  4.60651741e-13  4.60651741e-13  1.93119793e-11  1.93119793e-11  1.95106962e-11  1.95106962e-11  3.66708035e-11  3.66708035e-11  2.46969634e-11  2.46969634e-11  2.09888023e-23  4.03382038e-24  3.30917153e-24  3.61943794e-24  1.93119793e-11  1.93119793e-11  1.93119793e-11  1.93119793e-11 
 2.51188643e+08  1.89656028e-11  1.89656028e-11  1.90023525e-11  1.90023525e-11  3.65194117e-11  3.65194117e-11  2.42064037e-11  2.42064037e-11  3.72578347e-23  7.37666946e-24  5.76140439e-24  5.95861158e-24  1.89656028e-11  1.89656028e-11  1.89656028e-11  1.89656028e-11  4.36021776e-13  4.36021776e-13  1.14860052e-13  1.14860052e-13  6.92119092e-12  6.92119092e-12  4.01306795e-13  4.01306795e-13  3.38169306e-24  1.33433582e-24  5.50582534e-25  3.63141513e-25  4.36021776e-13  4.36021776e-13  4.36021776e-13  4.36021776e-13  1.84570483e-11  1.84570483e-11  1.86469837e-11  1.86469837e-11  3.58233609e-11  3.58233609e-11  2.41262134e-11  2.41262134e-11  3.70057066e-23  7.25252547e-24  5.73470623e-24  5.94623478e-24  1.84570483e-11  1.84570483e-11  1.84570483e-11  1.84570483e-11 
 2.57039578e+08  1.81417554e-11  1.81417554e-11  1.81702178e-11  1.81702178e-11  3.56534442e-11  3.56534442e-11  2.36410657e-11  2.36410657e-11  1.13168556e-23  2.29014430e-24  1.71733556e-24  1.47498943e-24  1.81417554e-11  1.81417554e-11  1.81417554e-11  1.81417554e-11  4.12581116e-13  4.12581116e-13  1.08485215e-13  1.08485215e-13  6.69434051e-12  6.69434051e-12  3.87438882e-13  3.87438882e-13  1.01735049e-24  4.10397724e-25  1.62549965e-25  8.90176140e-26  4.12581116e-13  4.12581116e-13  4.12581116e-13  4.12581116e-13  1.76345108e-11  1.76345108e-11  1.78159973e-11  1.78159973e-11  3.49859200e-11  3.49859200e-11  2.35622009e-11  2.35622009e-11  1.12410043e-23  2.25231464e-24  1.70952567e-24  1.47177731e-24  1.76345108e-11  1.76345108e-11  1.76345108e-11  1.76345108e-11 
 2.63026799e+08  1.73492668e-11  1.73492668e-11  1.73698112e-11  1.73698112e-11  3.47987033e-11  3.47987033e-11  2.30826412e-11  2.30826412e-11  8.95710158e-24  1.84826453e-24  1.32419313e-24  1.57647128e-24  1.73492668e-11  1.73492668e-11  1.73492668e-11  1.73492668e-11  3.90280750e-13  3.90280750e-13  1.02432727e-13  1.02432727e-13  6.47315283e-12  6.47315283e-12  3.73947814e-13  3.73947814e-13  7.97523037e-25  3.28126208e-25  1.24142348e-25  9.42472162e-26  3.90280750e-13  3.90280750e-13  3.90280750e-13  3.90280750e-13  1.68434558e-11  1.68434558e-11  1.70168166e-11  1.70168166e-11  3.41587021e-11  3.41587021e-11  2.30050748e-11  2.30050748e-11  8.89769986e-24  1.81829790e-24  1.31828315e-24  1.57338384e-24  1.68434558e-11  1.68434558e-11  1.68434558e-11  1.68434558e-11 
 2.69153480e+08  1.65872310e-11  1.65872310e-11  1.66002183e-11  1.66002183e-11  3.39553692e-11  3.39553692e-11  2.25312699e-11  2.25312699e-11  9.48687289e-24  1.99855033e-24  1.37817873e-24  1.27411254e-24  1.65872310e-11  1.65872310e-11  1.65872310e-11  1.65872310e-11  3.69073122e-13  3.69073122e-13  9.66884149e-14  9.66884149e-14  6.25756010e-12  6.25756010e-12  3.60827739e-13  3.60827739e-13  8.36612393e-25  3.51498676e-25  1.27970643e-25  7.54281611e-26  3.69073122e-13  3.69073122e-13  3.69073122e-13  3.69073122e-13  1.60829788e-11  1.60829788e-11  1.62485280e-11  1.62485280e-11  3.33419142e-11  3.33419142e-11  2.24549746e-11  2.24549746e-11  9.42451063e-24  1.96674389e-24  1.37214212e-24  1.27145114e-24  1.60829788e-11  1.60829788e-11  1.60829788e-11  1.60829788e-11 
 2.75422870e+08  1.58547501e-11  1.58547501e-11  1.58605320e-11  1.58605320e-11  3.31236078e-11  3.31236078e-11  2.19870816e-11  2.19870816e-11  1.09992013e-23  2.36272563e-24  1.56149792e-24  1.93489633e-24  1.58547501e-11  1.58547501e-11  1.58547501e-11  1.58547501e-11  3.48912128e-13  3.48912128e-13  9.12385810e-14  9.12385810e-14  6.04749215e-12  6.04749215e-12  3.48072701e-13  3.48072701e-13  9.60704388e-25  4.11672011e-25  1.43609010e-25  1.13466540e-25  3.48912128e-13  3.48912128e-13  3.48912128e-13  3.48912128e-13  1.53521829e-11  1.53521829e-11  1.55102252e-11  1.55102252e-11  3.25357493e-11  3.25357493e-11  2.19120301e-11  2.19120301e-11  1.09275874e-23  2.32581656e-24  1.55478533e-24  1.93122985e-24  1.53521829e-11  1.53521829e-11  1.53521829e-11  1.53521829e-11 
 2.81838293e+08  1.51509349e-11  1.51509349e-11  1.51498547e-11  1.51498547e-11  3.23035714e-11  3.23035714e-11  2.14501964e-11  2.14501964e-11  9.52192109e-24  2.08899807e-24  1.32434650e-24  1.65127958e-24  1.51509349e-11  1.51509349e-11  1.51509349e-11  1.51509349e-11  3.29753103e-13  3.29753103e-13  8.60700002e-14  8.60700002e-14  5.84287649e-12  5.84287649e-12  3.35676651e-13  3.35676651e-13  8.23718364e-25  3.60581343e-25  1.20635930e-25  9.59051355e-26  3.29753103e-13  3.29753103e-13  3.29753103e-13  3.29753103e-13  1.46501801e-11  1.46501801e-11  1.48010112e-11  1.48010112e-11  3.17403862e-11  3.17403862e-11  2.13763615e-11  2.13763615e-11  9.46048200e-24  2.05696721e-24  1.31875895e-24  1.64819282e-24  1.46501801e-11  1.46501801e-11  1.46501801e-11  1.46501801e-11 
 2.88403150e+08  1.44749065e-11  1.44749065e-11  1.44672985e-11  1.44672985e-11  3.14953982e-11  3.14953982e-11  2.09207251e-11  2.09207251e-11  8.18009646e-24  1.83144667e-24  1.11532500e-24  1.47982467e-24  1.44749065e-11  1.44749065e-11  1.44749065e-11  1.44749065e-11  3.11552818e-13  3.11552818e-13  8.11699116e-14  8.11699116e-14  5.64363847e-12  5.64363847e-12  3.23633451e-13  3.23633451e-13  7.00868754e-25  3.13172816e-25  1.00626084e-25  8.51241252e-26  3.11552818e-13  3.11552818e-13  3.11552818e-13  3.11552818e-13  1.39760921e-11  1.39760921e-11  1.41199987e-11  1.41199987e-11  3.09559891e-11  3.09559891e-11  2.08480796e-11  2.08480796e-11  8.12776641e-24  1.80388220e-24  1.11070650e-24  1.47713033e-24  1.39760921e-11  1.39760921e-11  1.39760921e-11  1.39760921e-11 
 2.95120923e+08  1.38257970e-11  1.38257970e-11  1.38119870e-11  1.38119870e-11  3.06992129e-11  3.06992129e-11  2.03987688e-11  2.03987688e-11  7.29566531e-24  1.66744019e-24  9.74725087e-25  1.27600505e-24  1.38257970e-11  1.38257970e-11  1.38257970e-11  1.38257970e-11  2.94269460e-13  2.94269460e-13  7.65260118e-14  7.65260118e-14  5.44970141e-12  5.44970141e-12  3.11936885e-13  3.11936885e-13  6.19108472e-25  2.82463506e-25  8.71013088e-26  7.26945056e-26  2.94269460e-13  2.94269460e-13  2.94269460e-13  2.94269460e-13  1.33290520e-11  1.33290520e-11  1.34663117e-11  1.34663117e-11  3.01827084e-11  3.01827084e-11  2.03272853e-11  2.03272853e-11  7.24938662e-24  1.64280669e-24  9.70763472e-25  1.27370174e-24  1.33290520e-11  1.33290520e-11  1.33290520e-11  1.33290520e-11 
 3.01995172e+08  1.32027509e-11  1.32027509e-11  1.31830559e-11  1.31830559e-11  2.99151262e-11  2.99151262e-11  1.98844190e-11  1.98844190e-11  7.38590574e-24  1.72358290e-24  9.68452553e-25  1.10802304e-24  1.32027509e-11  1.32027509e-11  1.32027509e-11  1.32027509e-11  2.77862621e-13  2.77862621e-13  7.21264470e-14  7.21264470e-14  5.26098679e-12  5.26098679e-12  3.00580673e-13  3.00580673e-13  6.20765339e-25  2.89243889e-25  8.57143677e-26  6.25134902e-26  2.77862621e-13  2.77862621e-13  2.77862621e-13  2.77862621e-13  1.27082046e-11  1.27082046e-11  1.28390864e-11  1.28390864e-11  2.94206803e-11  2.94206803e-11  1.98140705e-11  1.98140705e-11  7.33942395e-24  1.69858901e-24  9.64589147e-25  1.10596122e-24  1.27082046e-11  1.27082046e-11  1.27082046e-11  1.27082046e-11 
 3.09029543e+08  1.26049253e-11  1.26049253e-11  1.25796540e-11  1.25796540e-11  2.91432360e-11  2.91432360e-11  1.93777581e-11  1.93777581e-11  7.50338974e-24  1.78470110e-24  9.62877875e-25  1.31346128e-24  1.26049253e-11  1.26049253e-11  1.26049253e-11  1.26049253e-11  2.62293281e-13  2.62293281e-13  6.79598049e-14  6.79598049e-14  5.07741440e-12  5.07741440e-12  2.89558475e-13  2.89558475e-13  6.24601847e-25  2.96698258e-25  8.44070208e-26  7.33993274e-26  2.62293281e-13  2.62293281e-13  2.62293281e-13  2.62293281e-13  1.21127077e-11  1.21127077e-11  1.22374719e-11  1.22374719e-11  2.86700275e-11  2.86700275e-11  1.93085176e-11  1.93085176e-11  7.45654734e-24  1.75929680e-24  9.59107566e-25  1.31116768e-24  1.21127077e-11  1.21127077e-11  1.21127077e-11  1.21127077e-11 
 3.16227766e+08  1.20314917e-11  1.20314917e-11  1.20009440e-11  1.20009440e-11  2.83836268e-11  2.83836268e-11  1.88788596e-11  1.88788596e-11  1.76661306e-23  4.29602143e-24  2.23720138e-24  2.15114274e-24  1.20314917e-11  1.20314917e-11  1.20314917e-11  1.20314917e-11  2.47523789e-13  2.47523789e-13  6.40151066e-14  6.40151066e-14  4.89890248e-12  4.89890248e-12  2.78863907e-13  2.78863907e-13  1.45647981e-24  7.07507956e-25  1.94242333e-25  1.19025722e-25  2.47523789e-13  2.47523789e-13  2.47523789e-13  2.47523789e-13  1.15417328e-11  1.15417328e-11  1.16606311e-11  1.16606311e-11  2.79308591e-11  2.79308591e-11  1.88107001e-11  1.88107001e-11  1.75565421e-23  4.23599505e-24  2.22860259e-24  2.14687608e-24  1.15417328e-11  1.15417328e-11  1.15417328e-11  1.15417328e-11 
 3.23593657e+08  1.14816356e-11  1.14816356e-11  1.14461034e-11  1.14461034e-11  2.76363706e-11  2.76363706e-11  1.83877878e-11  1.83877878e-11  9.84664037e-24  2.44512771e-24  1.21570492e-24  1.61751263e-24  1.14816356e-11  1.14816356e-11  1.14816356e-11  1.14816356e-11  2.33517837e-13  2.33517837e-13  6.02817966e-14  6.02817966e-14  4.72536796e-12  4.72536796e-12  2.68490546e-13  2.68490546e-13  8.04033712e-25  3.98914747e-25  1.04543682e-25  8.86609537e-26  2.33517837e-13  2.33517837e-13  2.33517837e-13  2.33517837e-13  1.09944657e-11  1.09944657e-11  1.11077416e-11  1.11077416e-11  2.72032712e-11  2.72032712e-11  1.83206826e-11  1.83206826e-11  9.78608026e-24  2.41159407e-24  1.21111822e-24  1.61472494e-24  1.09944657e-11  1.09944657e-11  1.09944657e-11  1.09944657e-11 
 3.31131121e+08  1.09545583e-11  1.09545583e-11  1.09143248e-11  1.09143248e-11  2.69015272e-11  2.69015272e-11  1.79045988e-11  1.79045988e-11  9.01814998e-24  2.28661508e-24  1.09126860e-24  1.53238481e-24  1.09545583e-11  1.09545583e-11  1.09545583e-11  1.09545583e-11  2.20240447e-13  2.20240447e-13  5.67497343e-14  5.67497343e-14  4.55672653e-12  4.55672653e-12  2.58431947e-13  2.58431947e-13  7.29327809e-25  3.69558163e-25  9.29461626e-26  8.31901719e-26  2.20240447e-13  2.20240447e-13  2.20240447e-13  2.20240447e-13  1.04701077e-11  1.04701077e-11  1.05779964e-11  1.05779964e-11  2.64873473e-11  2.64873473e-11  1.78385213e-11  1.78385213e-11  8.96308032e-24  2.25583285e-24  1.08722695e-24  1.52981240e-24  1.04701077e-11  1.04701077e-11  1.04701077e-11  1.04701077e-11 
 3.38844156e+08  1.04494765e-11  1.04494765e-11  1.04048171e-11  1.04048171e-11  2.61791444e-11  2.61791444e-11  1.74293402e-11  1.74293402e-11  6.75721213e-24  1.75060566e-24  8.05460261e-25  8.76964166e-25  1.04494765e-11  1.04494765e-11  1.04494765e-11  1.04494765e-11  2.07657936e-13  2.07657936e-13  5.34091837e-14  5.34091837e-14  4.39289291e-12  4.39289291e-12  2.48681643e-13  2.48681643e-13  5.41238089e-25  2.80276705e-25  6.79475030e-26  4.71425260e-26  2.07657936e-13  2.07657936e-13  2.07657936e-13  2.07657936e-13  9.96787545e-12  9.96787545e-12  1.00706041e-11  1.00706041e-11  2.57831584e-11  2.57831584e-11  1.73642640e-11  1.73642640e-11  6.71618835e-24  1.72747241e-24  8.02531793e-25  8.75344492e-25  9.96787545e-12  9.96787545e-12  9.96787545e-12  9.96787545e-12 
 3.46736850e+08  9.96562370e-12  9.96562370e-12  9.91680537e-12  9.91680537e-12  2.54692589e-11  2.54692589e-11  1.69620517e-11  1.69620517e-11  6.95844608e-24  1.84083204e-24  8.09720086e-25  1.17215007e-24  9.96562370e-12  9.96562370e-12  9.96562370e-12  9.96562370e-12  1.95737897e-13  1.95737897e-13  5.02508036e-14  5.02508036e-14  4.23378093e-12  4.23378093e-12  2.39233164e-13  2.39233164e-13  5.52017462e-25  2.91957795e-25  6.76539673e-26  6.24175066e-26  1.95737897e-13  1.95737897e-13  1.95737897e-13  1.95737897e-13  9.48700193e-12  9.48700193e-12  9.58478982e-12  9.58478982e-12  2.50907638e-11  2.50907638e-11  1.68979506e-11  1.68979506e-11  6.91651512e-24  1.81695508e-24  8.06829956e-25  1.17023362e-24  9.48700193e-12  9.48700193e-12  9.48700193e-12  9.48700193e-12 
 3.54813389e+08  9.50224977e-12  9.50224977e-12  9.44953174e-12  9.44953174e-12  2.47718962e-11  2.47718962e-11  1.65027652e-11  1.65027652e-11  7.99430488e-24  2.15998962e-24  9.18574370e-25  9.61624927e-25  9.50224977e-12  9.50224977e-12  9.50224977e-12  9.50224977e-12  1.84449171e-13  1.84449171e-13  4.72656372e-14  4.72656372e-14  4.07930374e-12  4.07930374e-12  2.30080041e-13  2.30080041e-13  6.28106523e-25  3.39361226e-25  7.60153082e-26  5.07017720e-26  1.84449171e-13  1.84449171e-13  1.84449171e-13  1.84449171e-13  9.02673678e-12  9.02673678e-12  9.11979550e-12  9.11979550e-12  2.44102116e-11  2.44102116e-11  1.64396133e-11  1.64396133e-11  7.94635236e-24  2.13248673e-24  9.15355523e-25  9.59818888e-25  9.02673678e-12  9.02673678e-12  9.02673678e-12  9.02673678e-12 
 3.63078055e+08  9.05862195e-12  9.05862195e-12  9.00225554e-12  9.00225554e-12  2.40870714e-11  2.40870714e-11  1.60515054e-11  1.60515054e-11  9.69766975e-24  2.67580872e-24  1.09426926e-24  1.10107910e-24  9.05862195e-12  9.05862195e-12  9.05862195e-12  9.05862195e-12  1.73761816e-13  1.73761816e-13  4.44451017e-14  4.44451017e-14  3.92937394e-12  3.92937394e-12  2.21215816e-13  2.21215816e-13  7.54630522e-25  4.16455441e-25  8.96889076e-26  5.74930505e-26  1.73761816e-13  1.73761816e-13  1.73761816e-13  1.73761816e-13  8.58634663e-12  8.58634663e-12  8.67488023e-12  8.67488023e-12  2.37415386e-11  2.37415386e-11  1.59892770e-11  1.59892770e-11  9.63981905e-24  2.64236408e-24  1.09050454e-24  1.09895904e-24  8.58634663e-12  8.58634663e-12  8.58634663e-12  8.58634663e-12 
 3.71535229e+08  8.63402488e-12  8.63402488e-12  8.57425368e-12  8.57425368e-12  2.34147897e-11  2.34147897e-11  1.56082898e-11  1.56082898e-11  7.86643409e-24  2.21561913e-24  8.66838983e-25  1.28207783e-24  8.63402488e-12  8.63402488e-12  8.63402488e-12  8.63402488e-12  1.63647078e-13  1.63647078e-13  4.17809777e-14  4.17809777e-14  3.78390372e-12  3.78390372e-12  2.12634052e-13  2.12634052e-13  6.06263716e-25  3.41593616e-25  7.03688073e-26  6.63228331e-26  1.63647078e-13  1.63647078e-13  1.63647078e-13  1.63647078e-13  8.16511539e-12  8.16511539e-12  8.24932057e-12  8.24932057e-12  2.30847714e-11  2.30847714e-11  1.55469594e-11  1.55469594e-11  7.81980804e-24  2.18843606e-24  8.63910864e-25  1.28005675e-24  8.16511539e-12  8.16511539e-12  8.16511539e-12  8.16511539e-12 
 3.80189396e+08  8.22776086e-12  8.22776086e-12  8.16482086e-12  8.16482086e-12  2.27550468e-11  2.27550468e-11  1.51731291e-11  1.51731291e-11  4.59669340e-24  1.32418520e-24  4.97935988e-25  6.50144105e-25  8.22776086e-12  8.22776086e-12  8.22776086e-12  8.22776086e-12  1.54077365e-13  1.54077365e-13  3.92653981e-14  3.92653981e-14  3.64280505e-12  3.64280505e-12  2.04328337e-13  2.04328337e-13  3.50866380e-25  2.02237939e-25  4.00351931e-26  3.33058847e-26  1.54077365e-13  1.54077365e-13  1.54077365e-13  1.54077365e-13  7.76234453e-12  7.76234453e-12  7.84241080e-12  7.84241080e-12  2.24399265e-11  2.24399265e-11  1.51126718e-11  1.51126718e-11  4.56957985e-24  1.30823796e-24  4.96284456e-25  6.49063411e-25  7.76234453e-12  7.76234453e-12  7.76234453e-12  7.76234453e-12 
 3.89045145e+08  7.83915002e-12  7.83915002e-12  7.77326973e-12  7.77326973e-12  2.21078292e-11  2.21078292e-11  1.47460278e-11  1.47460278e-11  4.06781931e-24  1.19585598e-24  4.30729939e-25  7.52569237e-25  7.83915002e-12  7.83915002e-12  7.83915002e-12  7.83915002e-12  1.45026211e-13  1.45026211e-13  3.68908379e-14  3.68908379e-14  3.50598974e-12  3.50598974e-12  1.96292296e-13  1.96292296e-13  3.07519040e-25  1.80921440e-25  3.43004304e-26  3.81895142e-26  1.45026211e-13  1.45026211e-13  1.45026211e-13  1.45026211e-13  7.37735314e-12  7.37735314e-12  7.45346304e-12  7.45346304e-12  2.18070109e-11  2.18070109e-11  1.46864188e-11  1.46864188e-11  4.04395696e-24  1.18171882e-24  4.29327112e-25  7.51467647e-25  7.37735314e-12  7.37735314e-12  7.37735314e-12  7.37735314e-12 
 3.98107171e+08  7.46753043e-12  7.46753043e-12  7.39893101e-12  7.39893101e-12  2.14731148e-11  2.14731148e-11  1.43269840e-11  1.43269840e-11  8.81829797e-24  2.64943326e-24  9.22918663e-25  9.69131772e-25  7.46753043e-12  7.46753043e-12  7.46753043e-12  7.46753043e-12  1.36468248e-13  1.36468248e-13  3.46501028e-14  3.46501028e-14  3.37336962e-12  3.37336962e-12  1.88519596e-13  1.88519596e-13  6.60240322e-25  3.97062869e-25  7.27919724e-26  4.86849472e-26  1.36468248e-13  1.36468248e-13  1.36468248e-13  1.36468248e-13  7.00947814e-12  7.00947814e-12  7.08180738e-12  7.08180738e-12  2.11860225e-11  2.11860225e-11  1.42681988e-11  1.42681988e-11  8.76670835e-24  2.61868580e-24  9.19966965e-25  9.67299264e-25  7.00947814e-12  7.00947814e-12  7.00947814e-12  7.00947814e-12 
 4.07380278e+08  7.11225814e-12  7.11225814e-12  7.04115352e-12  7.04115352e-12  2.08508735e-11  2.08508735e-11  1.39159901e-11  1.39159901e-11  4.85868724e-24  1.49180953e-24  4.96142987e-25  6.27942441e-25  7.11225814e-12  7.11225814e-12  7.11225814e-12  7.11225814e-12  1.28379170e-13  1.28379170e-13  3.25363186e-14  3.25363186e-14  3.24485664e-12  3.24485664e-12  1.81003949e-13  1.81003949e-13  3.60288385e-25  2.21469322e-25  3.87571580e-26  3.12482425e-26  1.28379170e-13  1.28379170e-13  1.28379170e-13  1.28379170e-13  6.65807424e-12  6.65807424e-12  6.72679192e-12  6.72679192e-12  2.05769505e-11  2.05769505e-11  1.38580046e-11  1.38580046e-11  4.83041870e-24  1.47481550e-24  4.94584690e-25  6.26890589e-25  6.65807424e-12  6.65807424e-12  6.65807424e-12  6.65807424e-12 
 4.16869383e+08  6.77270721e-12  6.77270721e-12  6.69930421e-12  6.69930421e-12  2.02410673e-11  2.02410673e-11  1.35130329e-11  1.35130329e-11  4.90267592e-24  1.53803739e-24  4.93736601e-25  5.80685086e-25  6.77270721e-12  6.77270721e-12  6.77270721e-12  6.77270721e-12  1.20735707e-13  1.20735707e-13  3.05429201e-14  3.05429201e-14  3.12036296e-12  3.12036296e-12  1.73739124e-13  1.73739124e-13  3.60056542e-25  2.26182339e-25  3.82001319e-26  2.86159567e-26  1.20735707e-13  1.20735707e-13  1.20735707e-13  1.20735707e-13  6.32251400e-12  6.32251400e-12  6.38778277e-12  6.38778277e-12  1.99797760e-11  1.99797760e-11  1.34558234e-11  1.34558234e-11  4.87422105e-24  1.52083748e-24  4.92213598e-25  5.79661456e-25  6.32251400e-12  6.32251400e-12  6.32251400e-12  6.32251400e-12 
 4.26579519e+08  6.44826961e-12  6.44826961e-12  6.37276805e-12  6.37276805e-12  1.96436507e-11  1.96436507e-11  1.31180939e-11  1.31180939e-11  3.38868753e-24  1.08577356e-24  3.33281771e-25  5.97941757e-25  6.44826961e-12  6.44826961e-12  6.44826961e-12  6.44826961e-12  1.13515588e-13  1.13515588e-13  2.86636409e-14  2.86636409e-14  2.99980110e-12  2.99980110e-12  1.66718948e-13  1.66718948e-13  2.46479202e-25  1.58168968e-25  2.55390681e-26  2.91933739e-26  1.13515588e-13  1.13515588e-13  1.13515588e-13  1.13515588e-13  6.00218774e-12  6.00218774e-12  6.06416398e-12  6.06416398e-12  1.93944720e-11  1.93944720e-11  1.30616371e-11  1.30616371e-11  3.36910692e-24  1.07385439e-24  3.32272035e-25  5.97104637e-25  6.00218774e-12  6.00218774e-12  6.00218774e-12  6.00218774e-12 
 4.36515832e+08  6.13835515e-12  6.13835515e-12  6.06094801e-12  6.06094801e-12  1.90585716e-11  1.90585716e-11  1.27311495e-11  1.27311495e-11  4.28251322e-24  1.40245676e-24  4.15871486e-25  5.53344430e-25  6.13835515e-12  6.13835515e-12  6.13835515e-12  6.13835515e-12  1.06697512e-13  1.06697512e-13  2.68925021e-14  2.68925021e-14  2.88308397e-12  2.88308397e-12  1.59937311e-13  1.59937311e-13  3.08497061e-25  2.02376292e-25  3.15628389e-26  2.67499184e-26  1.06697512e-13  1.06697512e-13  1.06697512e-13  1.06697512e-13  5.69650344e-12  5.69650344e-12  5.75533746e-12  5.75533746e-12  1.88210042e-11  1.88210042e-11  1.26754224e-11  1.26754224e-11  4.25780282e-24  1.38734269e-24  4.14633897e-25  5.52444451e-25  5.69650344e-12  5.69650344e-12  5.69650344e-12  5.69650344e-12 
 4.46683592e+08  5.84239138e-12  5.84239138e-12  5.76326489e-12  5.76326489e-12  1.84857708e-11  1.84857708e-11  1.23521713e-11  1.23521713e-11  4.07619803e-24  1.36404480e-24  3.88676404e-25  4.95134807e-25  5.84239138e-12  5.84239138e-12  5.84239138e-12  5.84239138e-12  1.00261112e-13  1.00261112e-13  2.52238022e-14  2.52238022e-14  2.77012499e-12  2.77012499e-12  1.53388172e-13  1.53388172e-13  2.90812823e-25  1.94977924e-25  2.92164876e-26  2.37042341e-26  1.00261112e-13  1.00261112e-13  1.00261112e-13  1.00261112e-13  5.40488663e-12  5.40488663e-12  5.46072285e-12  5.46072285e-12  1.82593312e-11  1.82593312e-11  1.22971515e-11  1.22971515e-11  4.05273369e-24  1.34961395e-24  3.87540191e-25  4.94301675e-25  5.40488663e-12  5.40488663e-12  5.40488663e-12  5.40488663e-12 
 4.57088190e+08  5.55982337e-12  5.55982337e-12  5.47915712e-12  5.47915712e-12  1.79251830e-11  1.79251830e-11  1.19811266e-11  1.19811266e-11  4.70767560e-24  1.60932795e-24  4.40348180e-25  6.95067870e-25  5.55982337e-12  5.55982337e-12  5.55982337e-12  5.55982337e-12  9.41869274e-14  9.41869274e-14  2.36521067e-14  2.36521067e-14  2.66083817e-12  2.66083817e-12  1.47065563e-13  1.47065563e-13  3.32636716e-25  2.27869581e-25  3.27837359e-26  3.29629398e-26  9.41869274e-14  9.41869274e-14  9.41869274e-14  9.41869274e-14  5.12678022e-12  5.12678022e-12  5.17975732e-12  5.17975732e-12  1.77094047e-11  1.77094047e-11  1.19267919e-11  1.19267919e-11  4.68063418e-24  1.59261378e-24  4.39083571e-25  6.94052131e-25  5.12678022e-12  5.12678022e-12  5.12678022e-12  5.12678022e-12 
 4.67735141e+08  5.29011354e-12  5.29011354e-12  5.20808063e-12  5.20808063e-12  1.73767371e-11  1.73767371e-11  1.16179779e-11  1.16179779e-11  2.47537871e-24  8.62982060e-25  2.26868590e-25  5.36352983e-25  5.29011354e-12  5.29011354e-12  5.29011354e-12  5.29011354e-12  8.84563688e-14  8.84563688e-14  2.21722377e-14  2.21722377e-14  2.55513817e-12  2.55513817e-12  1.40963588e-13  1.40963588e-13  1.73224547e-25  1.21039390e-25  1.67285585e-26  2.51968647e-26  8.84563688e-14  8.84563688e-14  8.84563688e-14  8.84563688e-14  4.86164427e-12  4.86164427e-12  4.91189539e-12  4.91189539e-12  1.71711700e-11  1.71711700e-11  1.15643066e-11  1.15643066e-11  2.46118324e-24  8.54182843e-25  2.26228473e-25  5.35688914e-25  4.86164427e-12  4.86164427e-12  4.86164427e-12  4.86164427e-12 
 4.78630092e+08  5.03274143e-12  5.03274143e-12  4.94950855e-12  4.94950855e-12  1.68403558e-11  1.68403558e-11  1.12626838e-11  1.12626838e-11  2.79876848e-24  9.98264197e-25  2.52008603e-25  5.02880985e-25  5.03274143e-12  5.03274143e-12  5.03274143e-12  5.03274143e-12  8.30516892e-14  8.30516892e-14  2.07792640e-14  2.07792640e-14  2.45294033e-12  2.45294033e-12  1.35076433e-13  1.35076433e-13  1.93971443e-25  1.38692311e-25  1.84043688e-26  2.33958606e-26  8.30516892e-14  8.30516892e-14  8.30516892e-14  8.30516892e-14  4.60895577e-12  4.60895577e-12  4.65660869e-12  4.65660869e-12  1.66445663e-11  1.66445663e-11  1.12096547e-11  1.12096547e-11  2.78273796e-24  9.88272020e-25  2.51309944e-25  5.02232924e-25  4.60895577e-12  4.60895577e-12  4.60895577e-12  4.60895577e-12 
 4.89778819e+08  4.78720344e-12  4.78720344e-12  4.70293098e-12  4.70293098e-12  1.63159567e-11  1.63159567e-11  1.09151988e-11  1.09151988e-11  3.46100268e-24  1.26123560e-24  3.07138897e-25  5.68954124e-25  4.78720344e-12  4.78720344e-12  4.78720344e-12  4.78720344e-12  7.79559521e-14  7.79559521e-14  1.94684914e-14  1.94684914e-14  2.35416080e-12  2.35416080e-12  1.29398361e-13  1.29398361e-13  2.37559149e-25  1.73573387e-25  2.22157669e-26  2.62141612e-26  7.79559521e-14  7.79559521e-14  7.79559521e-14  7.79559521e-14  4.36820841e-12  4.36820841e-12  4.41338570e-12  4.41338570e-12  1.61295267e-11  1.61295267e-11  1.08627910e-11  1.08627910e-11  3.44117118e-24  1.24884130e-24  3.06302157e-25  5.68201165e-25  4.36820841e-12  4.36820841e-12  4.36820841e-12  4.36820841e-12 
 5.01187234e+08  4.55301254e-12  4.55301254e-12  4.46785472e-12  4.46785472e-12  1.58034519e-11  1.58034519e-11  1.05754736e-11  1.05754736e-11  2.25154347e-24  8.39542126e-25  1.95823297e-25  3.85027087e-25  4.55301254e-12  4.55301254e-12  4.55301254e-12  4.55301254e-12  7.31530014e-14  7.31530014e-14  1.82354531e-14  1.82354531e-14  2.25871651e-12  2.25871651e-12  1.23923720e-13  1.23923720e-13  1.53056841e-25  1.14448033e-25  1.40285018e-26  1.75697020e-26  7.31530014e-14  7.31530014e-14  7.31530014e-14  7.31530014e-14  4.13891226e-12  4.13891226e-12  4.18173147e-12  4.18173147e-12  1.56259787e-11  1.56259787e-11  1.05236669e-11  1.05236669e-11  2.23865546e-24  8.31442939e-25  1.95299008e-25  3.84530284e-25  4.13891226e-12  4.13891226e-12  4.13891226e-12  4.13891226e-12 
 5.12861384e+08  4.32969800e-12  4.32969800e-12  4.24380297e-12  4.24380297e-12  1.53027487e-11  1.53027487e-11  1.02434551e-11  1.02434551e-11  2.78207240e-24  1.06033134e-24  2.39540619e-25  3.50779884e-25  4.32969800e-12  4.32969800e-12  4.32969800e-12  4.32969800e-12  6.86274317e-14  6.86274317e-14  1.70759001e-14  1.70759001e-14  2.16652527e-12  2.16652527e-12  1.18646941e-13  1.18646941e-13  1.87298665e-25  1.43180640e-25  1.69959744e-26  1.58485491e-26  6.86274317e-14  6.86274317e-14  6.86274317e-14  6.86274317e-14  3.92059351e-12  3.92059351e-12  3.96116731e-12  3.96116731e-12  1.51338442e-11  1.51338442e-11  1.01922296e-11  1.01922296e-11  2.76610841e-24  1.05028803e-24  2.38910267e-25  3.50231870e-25  3.92059351e-12  3.92059351e-12  3.92059351e-12  3.92059351e-12 
 5.24807460e+08  4.11680507e-12  4.11680507e-12  4.03031500e-12  4.03031500e-12  1.48137495e-11  1.48137495e-11  9.91908687e-12  9.91908687e-12  2.45058557e-24  9.54528554e-25  2.07086319e-25  3.43672525e-25  4.11680507e-12  4.11680507e-12  4.11680507e-12  4.11680507e-12  6.43645592e-14  6.43645592e-14  1.59857925e-14  1.59857925e-14  2.07750575e-12  2.07750575e-12  1.13562543e-13  1.13562543e-13  1.63393431e-25  1.27675429e-25  1.45525066e-26  1.53801009e-26  6.43645592e-14  6.43645592e-14  6.43645592e-14  6.43645592e-14  3.71279414e-12  3.71279414e-12  3.75123052e-12  3.75123052e-12  1.46530400e-11  1.46530400e-11  9.86842306e-12  9.86842306e-12  2.43651509e-24  9.45652208e-25  2.06550643e-25  3.43182661e-25  3.71279414e-12  3.71279414e-12  3.71279414e-12  3.71279414e-12 
 5.37031796e+08  3.91389463e-12  3.91389463e-12  3.82694582e-12  3.82694582e-12  1.43363517e-11  1.43363517e-11  9.60230881e-12  9.60230881e-12  2.45044424e-24  9.75456150e-25  2.03860908e-25  3.33470110e-25  3.91389463e-12  3.91389463e-12  3.91389463e-12  3.91389463e-12  6.03503936e-14  6.03503936e-14  1.49612906e-14  1.49612906e-14  1.99157758e-12  1.99157758e-12  1.08665129e-13  1.08665129e-13  1.61809720e-25  1.29240988e-25  1.41885946e-26  1.47796214e-26  6.03503936e-14  6.03503936e-14  6.03503936e-14  6.03503936e-14  3.51507161e-12  3.51507161e-12  3.55147400e-12  3.55147400e-12  1.41834777e-11  1.41834777e-11  9.55218777e-12  9.55218777e-12  2.43634688e-24  9.66550134e-25  2.03342484e-25  3.32988676e-25  3.51507161e-12  3.51507161e-12  3.51507161e-12  3.51507161e-12 
 5.49540874e+08  3.72054291e-12  3.72054291e-12  3.63326587e-12  3.63326587e-12  1.38704487e-11  1.38704487e-11  9.29305759e-12  9.29305759e-12  1.87351537e-24  7.61377879e-25  1.52332405e-25  3.49701780e-25  3.72054291e-12  3.72054291e-12  3.72054291e-12  3.72054291e-12  5.65716097e-14  5.65716097e-14  1.39987461e-14  1.39987461e-14  1.90866133e-12  1.90866133e-12  1.03949392e-13  1.03949392e-13  1.22522314e-25  9.99230320e-26  1.05006526e-26  1.53541488e-26  5.65716097e-14  5.65716097e-14  5.65716097e-14  5.65716097e-14  3.32699852e-12  3.32699852e-12  3.36146596e-12  3.36146596e-12  1.37250639e-11  1.37250639e-11  9.24346084e-12  9.24346084e-12  1.86272913e-24  7.54552948e-25  1.51951515e-25  3.49294623e-25  3.32699852e-12  3.32699852e-12  3.32699852e-12  3.32699852e-12 
 5.62341325e+08  3.53634108e-12  3.53634108e-12  3.44886065e-12  3.44886065e-12  1.34159290e-11  1.34159290e-11  8.99126662e-12  8.99126662e-12  3.35334306e-24  1.39395271e-24  2.70615503e-25  3.74860784e-25  3.53634108e-12  3.53634108e-12  3.53634108e-12  3.53634108e-12  5.30155212e-14  5.30155212e-14  1.30946940e-14  1.30946940e-14  1.82867854e-12  1.82867854e-12  9.94101136e-14  9.94101136e-14  2.17181672e-25  1.81210964e-25  1.84754391e-26  1.62920036e-26  5.30155212e-14  5.30155212e-14  5.30155212e-14  5.30155212e-14  3.14816224e-12  3.14816224e-12  3.18078956e-12  3.18078956e-12  1.32777005e-11  1.32777005e-11  8.94217617e-12  8.94217617e-12  3.33393929e-24  1.38168355e-24  2.69950114e-25  3.74231769e-25  3.14816224e-12  3.14816224e-12  3.14816224e-12  3.14816224e-12 
 5.75439937e+08  3.36089493e-12  3.36089493e-12  3.27333039e-12  3.27333039e-12  1.29726772e-11  1.29726772e-11  8.69686619e-12  8.69686619e-12  1.65487978e-24  7.03312053e-25  1.30509064e-25  2.84776079e-25  3.36089493e-12  3.36089493e-12  3.36089493e-12  3.36089493e-12  4.96700540e-14  4.96700540e-14  1.22458447e-14  1.22458447e-14  1.75155177e-12  1.75155177e-12  9.50421634e-14  9.50421634e-14  1.06147162e-25  9.05638164e-26  8.82470956e-27  1.22636028e-26  4.96700540e-14  4.96700540e-14  4.96700540e-14  4.96700540e-14  2.97816464e-12  2.97816464e-12  3.00904255e-12  3.00904255e-12  1.28412848e-11  1.28412848e-11  8.64826452e-12  8.64826452e-12  1.64529168e-24  6.97234442e-25  1.30193459e-25  2.84435783e-25  2.97816464e-12  2.97816464e-12  2.97816464e-12  2.97816464e-12 
 5.88843655e+08  3.19382454e-12  3.19382454e-12  3.10628965e-12  3.10628965e-12  1.25405736e-11  1.25405736e-11  8.40978354e-12  8.40978354e-12  1.62897029e-24  7.07656035e-25  1.26483529e-25  2.64996635e-25  3.19382454e-12  3.19382454e-12  3.19382454e-12  3.19382454e-12  4.65237209e-14  4.65237209e-14  1.14490758e-14  1.14490758e-14  1.67720458e-12  1.67720458e-12  9.08405010e-14  9.08405010e-14  1.03477251e-25  9.02604368e-26  8.47053651e-27  1.13016457e-26  4.65237209e-14  4.65237209e-14  4.65237209e-14  4.65237209e-14  2.81662165e-12  2.81662165e-12  2.84583694e-12  2.84583694e-12  1.24157094e-11  1.24157094e-11  8.36165360e-12  8.36165360e-12  1.61949421e-24  7.01651644e-25  1.26182656e-25  2.64671904e-25  2.81662165e-12  2.81662165e-12  2.81662165e-12  2.81662165e-12 
 6.02559586e+08  3.03476387e-12  3.03476387e-12  2.94736700e-12  2.94736700e-12  1.21194946e-11  1.21194946e-11  8.12994291e-12  8.12994291e-12  1.44614762e-24  6.42093970e-25  1.10420475e-25  2.55586836e-25  3.03476387e-12  3.03476387e-12  3.03476387e-12  3.03476387e-12  4.35655971e-14  4.35655971e-14  1.07014250e-14  1.07014250e-14  1.60556156e-12  1.60556156e-12  8.68001756e-14  8.68001756e-14  9.09773937e-26  8.11224517e-26  7.32391514e-27  1.07962495e-26  4.35655971e-14  4.35655971e-14  4.35655971e-14  4.35655971e-14  2.66316296e-12  2.66316296e-12  2.69079861e-12  2.69079861e-12  1.20008626e-11  1.20008626e-11  8.08226815e-12  8.08226815e-12  1.43769912e-24  6.36744473e-25  1.10162060e-25  2.55293094e-25  2.66316296e-12  2.66316296e-12  2.66316296e-12  2.66316296e-12 
 6.16595002e+08  2.88336042e-12  2.88336042e-12  2.79620465e-12  2.79620465e-12  1.17093124e-11  1.17093124e-11  7.85726567e-12  7.85726567e-12  1.32900448e-24  6.03151205e-25  9.99375914e-26  2.46272364e-25  2.88336042e-12  2.88336042e-12  2.88336042e-12  2.88336042e-12  4.07852961e-14  4.07852961e-14  1.00000828e-14  1.00000828e-14  1.53654837e-12  1.53654837e-12  8.29163261e-14  8.29163261e-14  8.28006842e-26  7.54804672e-26  6.56506266e-27  1.03031379e-26  4.07852961e-14  4.07852961e-14  4.07852961e-14  4.07852961e-14  2.51743166e-12  2.51743166e-12  2.54356699e-12  2.54356699e-12  1.15966283e-11  1.15966283e-11  7.81003001e-12  7.81003001e-12  1.32119962e-24  5.98216925e-25  9.97074526e-26  2.46000318e-25  2.51743166e-12  2.51743166e-12  2.51743166e-12  2.51743166e-12 
 6.30957344e+08  2.73927489e-12  2.73927489e-12  2.65245809e-12  2.65245809e-12  1.13098956e-11  1.13098956e-11  7.59167036e-12  7.59167036e-12  1.37862548e-24  6.39138613e-25  1.01999106e-25  2.55903955e-25  2.73927489e-12  2.73927489e-12  2.73927489e-12  2.73927489e-12  3.81729466e-14  3.81729466e-14  9.34238557e-15  9.34238557e-15  1.47009171e-12  1.47009171e-12  7.91841811e-14  7.91841811e-14  8.50626697e-26  7.92260545e-26  6.63624214e-27  1.06033092e-26  3.81729466e-14  3.81729466e-14  3.81729466e-14  3.81729466e-14  2.37908389e-12  2.37908389e-12  2.40379468e-12  2.40379468e-12  1.12028863e-11  1.12028863e-11  7.54485819e-12  7.54485819e-12  1.37048259e-24  6.34004215e-25  1.01767937e-25  2.55627505e-25  2.37908389e-12  2.37908389e-12  2.37908389e-12  2.37908389e-12 
 6.45654229e+08  2.60218079e-12  2.60218079e-12  2.51579570e-12  2.51579570e-12  1.09211091e-11  1.09211091e-11  7.33307276e-12  7.33307276e-12  1.65164001e-24  7.83123516e-25  1.21089623e-25  2.24391454e-25  2.60218079e-12  2.60218079e-12  2.60218079e-12  2.60218079e-12  3.57191704e-14  3.57191704e-14  8.72580857e-15  8.72580857e-15  1.40611936e-12  1.40611936e-12  7.55990587e-14  7.55990587e-14  1.00922344e-25  9.61537937e-26  7.80275916e-27  9.20549051e-27  3.57191704e-14  3.57191704e-14  3.57191704e-14  3.57191704e-14  2.24778845e-12  2.24778845e-12  2.27114710e-12  2.27114710e-12  1.08195123e-11  1.08195123e-11  7.28666896e-12  7.28666896e-12  1.64180602e-24  7.76945472e-25  1.20819476e-25  2.24085156e-25  2.24778845e-12  2.24778845e-12  2.24778845e-12  2.24778845e-12 
 6.60693448e+08  2.47176410e-12  2.47176410e-12  2.38589844e-12  2.38589844e-12  1.05428140e-11  1.05428140e-11  7.08138599e-12  7.08138599e-12  1.73383715e-24  8.40226963e-25  1.25313221e-25  2.31886708e-25  2.47176410e-12  2.47176410e-12  2.47176410e-12  2.47176410e-12  3.34150610e-14  3.34150610e-14  8.14795990e-15  8.14795990e-15  1.34456016e-12  1.34456016e-12  7.21563666e-14  7.21563666e-14  1.04920686e-25  1.02186810e-25  7.99747971e-27  9.42136664e-27  3.34150610e-14  3.34150610e-14  3.34150610e-14  3.34150610e-14  2.12322651e-12  2.12322651e-12  2.14530214e-12  2.14530214e-12  1.04463781e-11  1.04463781e-11  7.03537591e-12  7.03537591e-12  1.72343789e-24  8.33717575e-25  1.25037964e-25  2.31568807e-25  2.12322651e-12  2.12322651e-12  2.12322651e-12  2.12322651e-12 
 6.76082975e+08  2.34772291e-12  2.34772291e-12  2.26245946e-12  2.26245946e-12  1.01748680e-11  1.01748680e-11  6.83652055e-12  6.83652055e-12  1.04459242e-24  5.17378148e-25  7.38235920e-26  2.04267848e-25  2.34772291e-12  2.34772291e-12  2.34772291e-12  2.34772291e-12  3.12521622e-14  3.12521622e-14  7.60657410e-15  7.60657410e-15  1.28534407e-12  1.28534407e-12  6.88516014e-14  6.88516014e-14  6.26015926e-26  6.23257417e-26  4.66622814e-27  8.22226118e-27  3.12521622e-14  3.12521622e-14  3.12521622e-14  3.12521622e-14  2.00509124e-12  2.00509124e-12  2.02594981e-12  2.02594981e-12  1.00833513e-11  1.00833513e-11  6.79089003e-12  6.79089003e-12  1.03829293e-24  5.13442213e-25  7.36639009e-26  2.04059784e-25  2.00509124e-12  2.00509124e-12  2.00509124e-12  2.00509124e-12 
 6.91830971e+08  2.22976706e-12  2.22976706e-12  2.14518379e-12  2.14518379e-12  9.81712526e-12  9.81712526e-12  6.59838444e-12  6.59838444e-12  1.10497833e-24  5.59648141e-25  7.73331817e-26  1.85282385e-25  2.22976706e-12  2.22976706e-12  2.22976706e-12  2.22976706e-12  2.92224490e-14  2.92224490e-14  7.09950626e-15  7.09950626e-15  1.22840213e-12  1.22840213e-12  6.56803493e-14  6.56803493e-14  6.55792792e-26  6.67780859e-26  4.84117496e-27  7.38547365e-27  2.92224490e-14  2.92224490e-14  2.92224490e-14  2.92224490e-14  1.89308747e-12  1.89308747e-12  1.91279192e-12  1.91279192e-12  9.73029616e-12  9.73029616e-12  6.55311976e-12  6.55311976e-12  1.09824985e-24  5.55466770e-25  7.71684050e-26  1.85073615e-25  1.89308747e-12  1.89308747e-12  1.89308747e-12  1.89308747e-12 
 7.07945784e+08  2.11761782e-12  2.11761782e-12  2.03378794e-12  2.03378794e-12  9.46943680e-12  9.46943680e-12  6.36688321e-12  6.36688321e-12  1.30104883e-24  6.73593263e-25  9.04468759e-26  1.53886857e-25  2.11761782e-12  2.11761782e-12  2.11761782e-12  2.11761782e-12  2.73183077e-14  2.73183077e-14  6.62472631e-15  6.62472631e-15  1.17366648e-12  1.17366648e-12  6.26382849e-14  6.26382849e-14  7.64673317e-26  7.96113227e-26  5.60779512e-27  6.07193565e-27  2.73183077e-14  2.73183077e-14  2.73183077e-14  2.73183077e-14  1.78693133e-12  1.78693133e-12  1.80554170e-12  1.80554170e-12  9.38707310e-12  9.38707310e-12  6.32197114e-12  6.32197114e-12  1.29303551e-24  6.68650165e-25  9.02569979e-26  1.53636114e-25  1.78693133e-12  1.78693133e-12  1.78693133e-12  1.78693133e-12 
 7.24435960e+08  2.01100753e-12  2.01100753e-12  1.92799960e-12  1.92799960e-12  9.13165036e-12  9.13165036e-12  6.14192006e-12  6.14192006e-12  1.38398777e-24  7.32303844e-25  9.51949209e-26  1.37525170e-25  2.01100753e-12  2.01100753e-12  2.01100753e-12  2.01100753e-12  2.55325177e-14  2.55325177e-14  6.18031356e-15  6.18031356e-15  1.12107039e-12  1.12107039e-12  5.97211716e-14  5.97211716e-14  8.05536093e-26  8.57285725e-26  5.84555267e-27  5.37169435e-27  2.55325177e-14  2.55325177e-14  2.55325177e-14  2.55325177e-14  1.68634998e-12  1.68634998e-12  1.70392350e-12  1.70392350e-12  9.05353910e-12  9.05353910e-12  6.09734783e-12  6.09734783e-12  1.37536991e-24  7.27025609e-25  9.49979697e-26  1.37238969e-25  1.68634998e-12  1.68634998e-12  1.68634998e-12  1.68634998e-12 
 7.41310241e+08  1.90967924e-12  1.90967924e-12  1.82755729e-12  1.82755729e-12  8.80361063e-12  8.80361063e-12  5.92339595e-12  5.92339595e-12  8.08665514e-25  4.36689845e-25  5.40288077e-26  1.79401093e-25  1.90967924e-12  1.90967924e-12  1.90967924e-12  1.90967924e-12  2.38582335e-14  2.38582335e-14  5.76445144e-15  5.76445144e-15  1.07054825e-12  1.07054825e-12  5.69248612e-14  5.69248612e-14  4.66126922e-26  5.06365379e-26  3.28586700e-27  6.94804271e-27  2.38582335e-14  2.38582335e-14  2.38582335e-14  2.38582335e-14  1.59108124e-12  1.59108124e-12  1.60767244e-12  1.60767244e-12  8.72954776e-12  8.72954776e-12  5.87915123e-12  5.87915123e-12  8.03597731e-25  4.33598849e-25  5.39186148e-26  1.79237399e-25  1.59108124e-12  1.59108124e-12  1.59108124e-12  1.59108124e-12 
 7.58577575e+08  1.81338643e-12  1.81338643e-12  1.73221005e-12  1.73221005e-12  8.48515943e-12  8.48515943e-12  5.71120966e-12  5.71120966e-12  8.03502039e-25  4.44225129e-25  5.29442528e-26  1.59799873e-25  1.81338643e-12  1.81338643e-12  1.81338643e-12  1.81338643e-12  2.22889680e-14  2.22889680e-14  5.37542254e-15  5.37542254e-15  1.02203558e-12  1.02203558e-12  5.42452935e-14  5.42452935e-14  4.58662977e-26  5.10210247e-26  3.18900927e-27  6.12907177e-27  2.22889680e-14  2.22889680e-14  2.22889680e-14  2.22889680e-14  1.50087330e-12  1.50087330e-12  1.51653414e-12  1.51653414e-12  8.41494948e-12  8.41494948e-12  5.66728058e-12  5.66728058e-12  7.98414105e-25  4.41136805e-25  5.28377758e-26  1.59647036e-25  1.50087330e-12  1.50087330e-12  1.50087330e-12  1.50087330e-12 
 7.76247117e+08  1.72189264e-12  1.72189264e-12  1.64171709e-12  1.64171709e-12  8.17613579e-12  8.17613579e-12  5.50525793e-12  5.50525793e-12  9.32180466e-25  5.26884411e-25  6.08596212e-26  1.49954172e-25  1.72189264e-12  1.72189264e-12  1.72189264e-12  1.72189264e-12  2.08185753e-14  2.08185753e-14  5.01160370e-15  5.01160370e-15  9.75469027e-13  9.75469027e-13  5.16784963e-14  5.16784963e-14  5.26950982e-26  5.99397858e-26  3.63059770e-27  5.69515601e-27  2.08185753e-14  2.08185753e-14  2.08185753e-14  2.08185753e-14  1.41548436e-12  1.41548436e-12  1.43026432e-12  1.43026432e-12  8.10959161e-12  8.10959161e-12  5.46163308e-12  5.46163308e-12  9.26199907e-25  5.23286225e-25  6.07388932e-26  1.49786192e-25  1.41548436e-12  1.41548436e-12  1.41548436e-12  1.41548436e-12 
 7.94328235e+08  1.63497120e-12  1.63497120e-12  1.55584747e-12  1.55584747e-12  7.87637615e-12  7.87637615e-12  5.30543558e-12  5.30543558e-12  6.94694488e-25  4.01369769e-25  4.45864549e-26  1.37112344e-25  1.63497120e-12  1.63497120e-12  1.63497120e-12  1.63497120e-12  1.94412356e-14  1.94412356e-14  4.67146149e-15  4.67146149e-15  9.30786412e-13  9.30786412e-13  4.92205852e-14  4.92205852e-14  3.88894812e-26  4.52269684e-26  2.63428836e-27  5.15822361e-27  1.94412356e-14  1.94412356e-14  1.94412356e-14  1.94412356e-14  1.33468240e-12  1.33468240e-12  1.34862857e-12  1.34862857e-12  7.81331861e-12  7.81331861e-12  5.26210397e-12  5.26210397e-12  6.90186825e-25  3.98677379e-25  4.44991852e-26  1.36982888e-25  1.33468240e-12  1.33468240e-12  1.33468240e-12  1.33468240e-12 
 8.12830516e+08  1.55240484e-12  1.55240484e-12  1.47437984e-12  1.47437984e-12  7.58571453e-12  7.58571453e-12  5.11163560e-12  5.11163560e-12  6.49297766e-25  3.83402580e-25  4.10960602e-26  1.32280715e-25  1.55240484e-12  1.55240484e-12  1.55240484e-12  1.55240484e-12  1.81514399e-14  1.81514399e-14  4.35354775e-15  4.35354775e-15  8.87926694e-13  8.87926694e-13  4.68677630e-14  4.68677630e-14  3.59952321e-26  4.27917101e-26  2.40475927e-27  4.92872907e-27  1.81514399e-14  1.81514399e-14  1.81514399e-14  1.81514399e-14  1.25824483e-12  1.25824483e-12  1.27140201e-12  1.27140201e-12  7.52597225e-12  7.52597225e-12  5.06858667e-12  5.06858667e-12  6.45029374e-25  3.80876133e-25  4.10166657e-26  1.32160326e-25  1.25824483e-12  1.25824483e-12  1.25824483e-12  1.25824483e-12 
 8.31763771e+08  1.47398547e-12  1.47398547e-12  1.39710207e-12  1.39710207e-12  7.30398271e-12  7.30398271e-12  4.92374927e-12  4.92374927e-12  5.96424635e-25  3.59981966e-25  3.72613437e-26  1.25834921e-25  1.47398547e-12  1.47398547e-12  1.47398547e-12  1.47398547e-12  1.69439751e-14  1.69439751e-14  4.05649543e-15  4.05649543e-15  8.46830004e-13  8.46830004e-13  4.46163199e-14  4.46163199e-14  3.27428431e-26  3.97956930e-26  2.15943699e-27  4.64357644e-27  1.69439751e-14  1.69439751e-14  1.69439751e-14  1.69439751e-14  1.18595818e-12  1.18595818e-12  1.19836902e-12  1.19836902e-12  7.24739174e-12  7.24739174e-12  4.88097291e-12  4.88097291e-12  5.92448906e-25  3.57651614e-25  3.71902658e-26  1.25724163e-25  1.18595818e-12  1.18595818e-12  1.18595818e-12  1.18595818e-12 
 8.51138038e+08  1.39951381e-12  1.39951381e-12  1.32381100e-12  1.32381100e-12  7.03101038e-12  7.03101038e-12  4.74166636e-12  4.74166636e-12  6.08450055e-25  3.75067439e-25  3.76055190e-26  1.25149728e-25  1.39951381e-12  1.39951381e-12  1.39951381e-12  1.39951381e-12  1.58139105e-14  1.58139105e-14  3.77901445e-15  3.77901445e-15  8.07437646e-13  8.07437646e-13  4.24626330e-14  4.24626330e-14  3.30780279e-26  4.10690141e-26  2.15845886e-27  4.57384831e-27  1.58139105e-14  1.58139105e-14  1.58139105e-14  1.58139105e-14  1.11761789e-12  1.11761789e-12  1.12932290e-12  1.12932290e-12  6.97741403e-12  6.97741403e-12  4.69915285e-12  4.69915285e-12  6.04329958e-25  3.72681980e-25  3.75346629e-26  1.25039697e-25  1.11761789e-12  1.11761789e-12  1.11761789e-12  1.11761789e-12 
 8.70963590e+08  1.32879914e-12  1.32879914e-12  1.25431210e-12  1.25431210e-12  6.76662542e-12  6.76662542e-12  4.56527519e-12  4.56527519e-12  5.51520252e-25  3.47931352e-25  3.36387834e-26  1.10623467e-25  1.32879914e-12  1.32879914e-12  1.32879914e-12  1.32879914e-12  1.47565838e-14  1.47565838e-14  3.51988796e-15  3.51988796e-15  7.69692107e-13  7.69692107e-13  4.04031663e-14  4.04031663e-14  2.96915593e-26  3.77352449e-26  1.91223905e-27  4.00394990e-27  1.47565838e-14  1.47565838e-14  1.47565838e-14  1.47565838e-14  1.05302795e-12  1.05302795e-12  1.06406565e-12  1.06406565e-12  6.71587390e-12  6.71587390e-12  4.52301525e-12  4.52301525e-12  5.47731251e-25  3.45757246e-25  3.35761525e-26  1.10523540e-25  1.05302795e-12  1.05302795e-12  1.05302795e-12  1.05302795e-12 
 8.91250938e+08  1.26165898e-12  1.26165898e-12  1.18841924e-12  1.18841924e-12  6.51065405e-12  6.51065405e-12  4.39446282e-12  4.39446282e-12  5.25503395e-25  3.38787282e-25  3.15313216e-26  1.21478445e-25  1.26165898e-12  1.26165898e-12  1.26165898e-12  1.26165898e-12  1.37675890e-14  1.37675890e-14  3.27796856e-15  3.27796856e-15  7.33537065e-13  7.33537065e-13  3.84344700e-14  3.84344700e-14  2.80157381e-26  3.63938919e-26  1.77522475e-27  4.35492081e-27  1.37675890e-14  1.37675890e-14  1.37675890e-14  1.37675890e-14  9.92000664e-13  9.92000664e-13  1.00240764e-12  1.00240764e-12  6.46260427e-12  6.46260427e-12  4.35244756e-12  4.35244756e-12  5.21839061e-25  3.36707366e-25  3.14732860e-26  1.21379800e-25  9.92000664e-13  9.92000664e-13  9.92000664e-13  9.92000664e-13 
 9.12010839e+08  1.19791883e-12  1.19791883e-12  1.12595437e-12  1.12595437e-12  6.26292104e-12  6.26292104e-12  4.22911519e-12  4.22911519e-12  5.22881033e-25  3.44699214e-25  3.12312440e-26  9.81295877e-26  1.19791883e-12  1.19791883e-12  1.19791883e-12  1.19791883e-12  1.28427633e-14  1.28427633e-14  3.05217481e-15  3.05217481e-15  6.98917395e-13  6.98917395e-13  3.65531807e-14  3.65531807e-14  2.76039357e-26  3.66765139e-26  1.74144300e-27  3.48354003e-27  1.28427633e-14  1.28427633e-14  1.28427633e-14  1.28427633e-14  9.34356369e-13  9.34356369e-13  9.44167367e-13  9.44167367e-13  6.21743637e-12  6.21743637e-12  4.18733613e-12  4.18733613e-12  5.19165138e-25  3.42619570e-25  3.11743933e-26  9.80363108e-26  9.34356369e-13  9.34356369e-13  9.34356369e-13  9.34356369e-13 
 9.33254301e+08  1.13741188e-12  1.13741188e-12  1.06674726e-12  1.06674726e-12  6.02324998e-12  6.02324998e-12  4.06911728e-12  4.06911728e-12  5.61855335e-25  3.78564142e-25  3.33140498e-26  9.37016435e-26  1.13741188e-12  1.13741188e-12  1.13741188e-12  1.13741188e-12  1.19781760e-14  1.19781760e-14  2.84148783e-15  2.84148783e-15  6.65779178e-13  6.65779178e-13  3.47560208e-14  3.47560208e-14  2.93719631e-26  3.98963086e-26  1.83973710e-27  3.29394999e-27  1.19781760e-14  1.19781760e-14  1.19781760e-14  1.19781760e-14  8.79923183e-13  8.79923183e-13  8.89171192e-13  8.89171192e-13  5.98019999e-12  5.98019999e-12  4.02756632e-12  4.02756632e-12  5.57785845e-25  3.76319593e-25  3.32540474e-26  9.36015749e-26  8.79923183e-13  8.79923183e-13  8.79923183e-13  8.79923183e-13 
 9.54992586e+08  1.07997874e-12  1.07997874e-12  1.01063521e-12  1.01063521e-12  5.79146347e-12  5.79146347e-12  3.91435325e-12  3.91435325e-12  4.42649922e-25  3.05045599e-25  2.58362840e-26  8.88523245e-26  1.07997874e-12  1.07997874e-12  1.07997874e-12  1.07997874e-12  1.11701164e-14  1.11701164e-14  2.64494813e-15  2.64494813e-15  6.34069704e-13  6.34069704e-13  3.30397983e-14  3.30397983e-14  2.29148148e-26  3.18421837e-26  1.41307845e-27  3.09383342e-27  1.11701164e-14  1.11701164e-14  1.11701164e-14  1.11701164e-14  8.28536736e-13  8.28536736e-13  8.37253056e-13  8.37253056e-13  5.75072372e-12  5.75072372e-12  3.87302267e-12  3.87302267e-12  4.39390707e-25  3.03268261e-25  2.57902184e-26  8.87693584e-26  8.28536736e-13  8.28536736e-13  8.28536736e-13  8.28536736e-13 
 9.77237221e+08  1.02546718e-12  1.02546718e-12  9.57462832e-13  9.57462832e-13  5.56738339e-12  5.56738339e-12  3.76470662e-12  3.76470662e-12  4.81382553e-25  3.38892937e-25  2.79162386e-26  8.22598273e-26  1.02546718e-12  1.02546718e-12  1.02546718e-12  1.02546718e-12  1.04150836e-14  1.04150836e-14  2.46165244e-15  2.46165244e-15  6.03737484e-13  6.03737484e-13  3.14014063e-14  3.14014063e-14  2.46762051e-26  3.50383909e-26  1.51216976e-27  2.83639063e-27  1.04150836e-14  1.04150836e-14  1.04150836e-14  1.04150836e-14  7.80039924e-13  7.80039924e-13  7.88254244e-13  7.88254244e-13  5.52883515e-12  5.52883515e-12  3.72358910e-12  3.72358910e-12  4.77763411e-25  3.36952180e-25  2.78669407e-26  8.21735778e-26  7.80039924e-13  7.80039924e-13  7.80039924e-13  7.80039924e-13 
 1.00000000e+09  9.73731881e-13  9.73731881e-13  9.07081736e-13  9.07081736e-13  5.35083108e-12  5.35083108e-12  3.62006043e-12  3.62006043e-12  3.58689223e-25  2.57877166e-25  2.03634588e-26  8.30563228e-26  9.73731881e-13  9.73731881e-13  9.73731881e-13  9.73731881e-13  9.70977572e-15  9.70977572e-15  2.29075086e-15  2.29075086e-15  5.74732248e-13  5.74732248e-13  2.98378226e-14  2.98378226e-14  1.82075083e-26  2.64081378e-26  1.09245143e-27  2.83708957e-27  9.70977572e-15  9.70977572e-15  9.70977572e-15  9.70977572e-15  7.34282655e-13  7.34282655e-13  7.42023126e-13  7.42023126e-13  5.31436117e-12  5.31436117e-12  3.57914900e-12  3.57914900e-12  3.55946750e-25  2.56425904e-25  2.03278236e-26  8.29925678e-26  7.34282655e-13  7.34282655e-13  7.34282655e-13  7.34282655e-13 
