 time            d7              h7              c7              p7             
 0.00000000e+00 -3.60072095e-01 -1.43458245e-09  9.89594800e-01  1.25579776e-03 
 5.00000000e-11 -3.60072095e-01 -1.43458267e-09  9.89594800e-01  1.25579776e-03 
 1.00000000e-10 -3.60072095e-01 -1.43458279e-09  9.89594800e-01  1.25579776e-03 
 2.00000000e-10 -3.60072095e-01 -1.43458301e-09  9.89594800e-01  1.25579776e-03 
 4.00000000e-10 -3.60072095e-01 -1.43458312e-09  9.89594800e-01  1.25579776e-03 
 8.00000000e-10 -3.60072095e-01 -1.43458234e-09  9.89594800e-01  1.25579776e-03 
 1.60000000e-09 -3.60072095e-01 -1.43458123e-09  9.89594800e-01  1.25579776e-03 
 3.20000000e-09 -3.60072095e-01 -1.43458101e-09  9.89594800e-01  1.25579776e-03 
 6.40000000e-09 -3.60072095e-01 -1.43458090e-09  9.89594800e-01  1.25579776e-03 
 1.14000000e-08 -3.60072095e-01 -1.43458245e-09  9.89594800e-01  1.25579776e-03 
 1.64000000e-08 -3.60072095e-01 -1.43458467e-09  9.89594800e-01  1.25579776e-03 
 2.14000000e-08 -3.60072095e-01 -1.43458700e-09  9.89594800e-01  1.25579776e-03 
 2.64000000e-08 -3.60072095e-01 -1.43458911e-09  9.89594800e-01  1.25579776e-03 
 3.14000000e-08 -3.60072095e-01 -1.43459122e-09  9.89594800e-01  1.25579776e-03 
 3.64000000e-08 -3.60072095e-01 -1.43459333e-09  9.89594800e-01  1.25579776e-03 
 4.14000000e-08 -3.60072095e-01 -1.43459533e-09  9.89594800e-01  1.25579776e-03 
 4.64000000e-08 -3.60072095e-01 -1.43459766e-09  9.89594800e-01  1.25579776e-03 
 5.14000000e-08 -3.60072095e-01 -1.43460022e-09  9.89594800e-01  1.25579776e-03 
 5.64000000e-08 -3.60072095e-01 -1.43460266e-09  9.89594800e-01  1.25579776e-03 
 6.14000000e-08 -3.60072095e-01 -1.43460488e-09  9.89594800e-01  1.25579776e-03 
 6.64000000e-08 -3.60072095e-01 -1.43460699e-09  9.89594800e-01  1.25579776e-03 
 7.14000000e-08 -3.60072095e-01 -1.43460877e-09  9.89594800e-01  1.25579776e-03 
 7.64000000e-08 -3.60072095e-01 -1.43461032e-09  9.89594800e-01  1.25579776e-03 
 8.14000000e-08 -3.60072095e-01 -1.43461198e-09  9.89594800e-01  1.25579776e-03 
 8.64000000e-08 -3.60072095e-01 -1.43461398e-09  9.89594800e-01  1.25579776e-03 
 9.14000000e-08 -3.60072095e-01 -1.43461620e-09  9.89594800e-01  1.25579776e-03 
 9.64000000e-08 -3.60072095e-01 -1.43461842e-09  9.89594800e-01  1.25579776e-03 
 1.01400000e-07 -3.60072095e-01 -1.43462053e-09  9.89594800e-01  1.25579776e-03 
 1.06400000e-07 -3.60072095e-01 -1.43462242e-09  9.89594800e-01  1.25579776e-03 
 1.11400000e-07 -3.60072095e-01 -1.43462431e-09  9.89594800e-01  1.25579776e-03 
 1.16400000e-07 -3.60072095e-01 -1.43462631e-09  9.89594800e-01  1.25579776e-03 
 1.21400000e-07 -3.60072095e-01 -1.43462875e-09  9.89594800e-01  1.25579776e-03 
 1.26400000e-07 -3.60072095e-01 -1.43463130e-09  9.89594800e-01  1.25579776e-03 
 1.31400000e-07 -3.60072095e-01 -1.43463375e-09  9.89594800e-01  1.25579776e-03 
 1.36400000e-07 -3.60072095e-01 -1.43463597e-09  9.89594800e-01  1.25579776e-03 
 1.41400000e-07 -3.60072095e-01 -1.43463785e-09  9.89594800e-01  1.25579776e-03 
 1.46400000e-07 -3.60072095e-01 -1.43463963e-09  9.89594800e-01  1.25579776e-03 
 1.51400000e-07 -3.60072095e-01 -1.43464152e-09  9.89594800e-01  1.25579776e-03 
 1.56400000e-07 -3.60072095e-01 -1.43464352e-09  9.89594800e-01  1.25579776e-03 
 1.61400000e-07 -3.60072095e-01 -1.43464574e-09  9.89594800e-01  1.25579776e-03 
 1.66400000e-07 -3.60072095e-01 -1.43464818e-09  9.89594800e-01  1.25579776e-03 
 1.71400000e-07 -3.60072095e-01 -1.43465062e-09  9.89594800e-01  1.25579776e-03 
 1.76400000e-07 -3.60072095e-01 -1.43465306e-09  9.89594800e-01  1.25579776e-03 
 1.81400000e-07 -3.60072095e-01 -1.43465528e-09  9.89594800e-01  1.25579776e-03 
 1.86400000e-07 -3.60072095e-01 -1.43465739e-09  9.89594800e-01  1.25579776e-03 
 1.91400000e-07 -3.60072095e-01 -1.43465961e-09  9.89594800e-01  1.25579776e-03 
 1.96400000e-07 -3.60072095e-01 -1.43466217e-09  9.89594800e-01  1.25579776e-03 
 2.01400000e-07 -3.60072095e-01 -1.43466483e-09  9.89594800e-01  1.25579776e-03 
 2.06400000e-07 -3.60072095e-01 -1.43466716e-09  9.89594800e-01  1.25579776e-03 
 2.11400000e-07 -3.60072095e-01 -1.43466938e-09  9.89594800e-01  1.25579776e-03 
 2.16400000e-07 -3.60072095e-01 -1.43467183e-09  9.89594800e-01  1.25579776e-03 
 2.21400000e-07 -3.60072095e-01 -1.43467427e-09  9.89594800e-01  1.25579776e-03 
 2.26400000e-07 -3.60072095e-01 -1.43467649e-09  9.89594800e-01  1.25579776e-03 
 2.31400000e-07 -3.60072095e-01 -1.43467860e-09  9.89594800e-01  1.25579776e-03 
 2.36400000e-07 -3.60072095e-01 -1.43468071e-09  9.89594800e-01  1.25579776e-03 
 2.41400000e-07 -3.60072095e-01 -1.43468282e-09  9.89594800e-01  1.25579776e-03 
 2.46400000e-07 -3.60072095e-01 -1.43468482e-09  9.89594800e-01  1.25579776e-03 
 2.51400000e-07 -3.60072095e-01 -1.43468670e-09  9.89594800e-01  1.25579776e-03 
 2.56400000e-07 -3.60072095e-01 -1.43468881e-09  9.89594800e-01  1.25579776e-03 
 2.61400000e-07 -3.60072095e-01 -1.43469103e-09  9.89594800e-01  1.25579776e-03 
 2.66400000e-07 -3.60072095e-01 -1.43469314e-09  9.89594800e-01  1.25579776e-03 
 2.71400000e-07 -3.60072095e-01 -1.43469525e-09  9.89594800e-01  1.25579776e-03 
 2.76400000e-07 -3.60072095e-01 -1.43469714e-09  9.89594800e-01  1.25579776e-03 
 2.81400000e-07 -3.60072095e-01 -1.43469925e-09  9.89594800e-01  1.25579776e-03 
 2.86400000e-07 -3.60072095e-01 -1.43470180e-09  9.89594800e-01  1.25579776e-03 
 2.91400000e-07 -3.60072095e-01 -1.43470424e-09  9.89594800e-01  1.25579776e-03 
 2.96400000e-07 -3.60072095e-01 -1.43470624e-09  9.89594800e-01  1.25579776e-03 
 3.01400000e-07 -3.60072095e-01 -1.43470824e-09  9.89594800e-01  1.25579776e-03 
 3.06400000e-07 -3.60072095e-01 -1.43471046e-09  9.89594800e-01  1.25579776e-03 
 3.11400000e-07 -3.60072095e-01 -1.43471257e-09  9.89594800e-01  1.25579776e-03 
 3.16400000e-07 -3.60072095e-01 -1.43471468e-09  9.89594800e-01  1.25579776e-03 
 3.21400000e-07 -3.60072095e-01 -1.43471679e-09  9.89594800e-01  1.25579776e-03 
 3.26400000e-07 -3.60072095e-01 -1.43471879e-09  9.89594800e-01  1.25579776e-03 
 3.31400000e-07 -3.60072095e-01 -1.43472045e-09  9.89594800e-01  1.25579776e-03 
 3.36400000e-07 -3.60072095e-01 -1.43472212e-09  9.89594800e-01  1.25579776e-03 
 3.41400000e-07 -3.60072095e-01 -1.43472434e-09  9.89594800e-01  1.25579776e-03 
 3.46400000e-07 -3.60072095e-01 -1.43472656e-09  9.89594800e-01  1.25579776e-03 
 3.51400000e-07 -3.60072095e-01 -1.43472867e-09  9.89594800e-01  1.25579776e-03 
 3.56400000e-07 -3.60072095e-01 -1.43473078e-09  9.89594800e-01  1.25579776e-03 
 3.61400000e-07 -3.60072095e-01 -1.43473278e-09  9.89594800e-01  1.25579776e-03 
 3.66400000e-07 -3.60072095e-01 -1.43473478e-09  9.89594800e-01  1.25579776e-03 
 3.71400000e-07 -3.60072095e-01 -1.43473688e-09  9.89594800e-01  1.25579776e-03 
 3.76400000e-07 -3.60072095e-01 -1.43473922e-09  9.89594800e-01  1.25579776e-03 
 3.81400000e-07 -3.60072095e-01 -1.43474155e-09  9.89594800e-01  1.25579776e-03 
 3.86400000e-07 -3.60072095e-01 -1.43474377e-09  9.89594800e-01  1.25579776e-03 
 3.91400000e-07 -3.60072095e-01 -1.43474588e-09  9.89594800e-01  1.25579776e-03 
 3.96400000e-07 -3.60072095e-01 -1.43474810e-09  9.89594800e-01  1.25579776e-03 
 4.01400000e-07 -3.60072095e-01 -1.43475021e-09  9.89594800e-01  1.25579776e-03 
 4.06400000e-07 -3.60072095e-01 -1.43475232e-09  9.89594800e-01  1.25579776e-03 
 4.11400000e-07 -3.60072095e-01 -1.43475465e-09  9.89594800e-01  1.25579776e-03 
 4.16400000e-07 -3.60072095e-01 -1.43475687e-09  9.89594800e-01  1.25579776e-03 
 4.21400000e-07 -3.60072095e-01 -1.43475887e-09  9.89594800e-01  1.25579776e-03 
 4.26400000e-07 -3.60072095e-01 -1.43476087e-09  9.89594800e-01  1.25579776e-03 
 4.31400000e-07 -3.60072095e-01 -1.43476309e-09  9.89594800e-01  1.25579776e-03 
 4.36400000e-07 -3.60072095e-01 -1.43476531e-09  9.89594800e-01  1.25579776e-03 
 4.41400000e-07 -3.60072095e-01 -1.43476742e-09  9.89594800e-01  1.25579776e-03 
 4.46400000e-07 -3.60072095e-01 -1.43476941e-09  9.89594800e-01  1.25579776e-03 
 4.51400000e-07 -3.60072095e-01 -1.43477152e-09  9.89594800e-01  1.25579776e-03 
 4.56400000e-07 -3.60072095e-01 -1.43477374e-09  9.89594800e-01  1.25579776e-03 
 4.61400000e-07 -3.60072095e-01 -1.43477630e-09  9.89594800e-01  1.25579776e-03 
 4.66400000e-07 -3.60072095e-01 -1.43477907e-09  9.89594800e-01  1.25579776e-03 
 4.71400000e-07 -3.60072095e-01 -1.43478152e-09  9.89594800e-01  1.25579776e-03 
 4.76400000e-07 -3.60072095e-01 -1.43478396e-09  9.89594800e-01  1.25579776e-03 
 4.81400000e-07 -3.60072095e-01 -1.43478640e-09  9.89594800e-01  1.25579776e-03 
 4.86400000e-07 -3.60072095e-01 -1.43478862e-09  9.89594800e-01  1.25579776e-03 
 4.91400000e-07 -3.60072095e-01 -1.43479084e-09  9.89594800e-01  1.25579776e-03 
 4.96400000e-07 -3.60072095e-01 -1.43479317e-09  9.89594800e-01  1.25579776e-03 
 5.01400000e-07 -3.60072095e-01 -1.43479573e-09  9.89594800e-01  1.25579776e-03 
 5.06400000e-07 -3.60072095e-01 -1.43479839e-09  9.89594800e-01  1.25579776e-03 
 5.11400000e-07 -3.60072095e-01 -1.43480083e-09  9.89594800e-01  1.25579776e-03 
 5.16400000e-07 -3.60072095e-01 -1.43480317e-09  9.89594800e-01  1.25579776e-03 
 5.21400000e-07 -3.60072095e-01 -1.43480527e-09  9.89594800e-01  1.25579776e-03 
 5.26400000e-07 -3.60072095e-01 -1.43480694e-09  9.89594800e-01  1.25579776e-03 
 5.31400000e-07 -3.60072095e-01 -1.43480872e-09  9.89594800e-01  1.25579776e-03 
 5.36400000e-07 -3.60072095e-01 -1.43481071e-09  9.89594800e-01  1.25579776e-03 
 5.41400000e-07 -3.60072095e-01 -1.43481271e-09  9.89594800e-01  1.25579776e-03 
 5.46400000e-07 -3.60072095e-01 -1.43481493e-09  9.89594800e-01  1.25579776e-03 
 5.51400000e-07 -3.60072095e-01 -1.43481704e-09  9.89594800e-01  1.25579776e-03 
 5.56400000e-07 -3.60072095e-01 -1.43481882e-09  9.89594800e-01  1.25579776e-03 
 5.61400000e-07 -3.60072095e-01 -1.43482060e-09  9.89594800e-01  1.25579776e-03 
 5.66400000e-07 -3.60072095e-01 -1.43482271e-09  9.89594800e-01  1.25579776e-03 
 5.71400000e-07 -3.60072095e-01 -1.43482515e-09  9.89594800e-01  1.25579776e-03 
 5.76400000e-07 -3.60072095e-01 -1.43482759e-09  9.89594800e-01  1.25579776e-03 
 5.81400000e-07 -3.60072095e-01 -1.43482970e-09  9.89594800e-01  1.25579776e-03 
 5.86400000e-07 -3.60072095e-01 -1.43483170e-09  9.89594800e-01  1.25579776e-03 
 5.91400000e-07 -3.60072095e-01 -1.43483370e-09  9.89594800e-01  1.25579776e-03 
 5.96400000e-07 -3.60072095e-01 -1.43483547e-09  9.89594800e-01  1.25579776e-03 
 6.01400000e-07 -3.60072095e-01 -1.43483725e-09  9.89594800e-01  1.25579776e-03 
 6.06400000e-07 -3.60072095e-01 -1.43483936e-09  9.89594800e-01  1.25579776e-03 
 6.11400000e-07 -3.60072095e-01 -1.43484180e-09  9.89594800e-01  1.25579776e-03 
 6.16400000e-07 -3.60072095e-01 -1.43484424e-09  9.89594800e-01  1.25579776e-03 
 6.21400000e-07 -3.60072095e-01 -1.43484646e-09  9.89594800e-01  1.25579776e-03 
 6.26400000e-07 -3.60072095e-01 -1.43484868e-09  9.89594800e-01  1.25579776e-03 
 6.31400000e-07 -3.60072095e-01 -1.43485113e-09  9.89594800e-01  1.25579776e-03 
 6.36400000e-07 -3.60072095e-01 -1.43485335e-09  9.89594800e-01  1.25579776e-03 
 6.41400000e-07 -3.60072095e-01 -1.43485557e-09  9.89594800e-01  1.25579776e-03 
 6.46400000e-07 -3.60072095e-01 -1.43485768e-09  9.89594800e-01  1.25579776e-03 
 6.51400000e-07 -3.60072095e-01 -1.43485990e-09  9.89594800e-01  1.25579776e-03 
 6.56400000e-07 -3.60072095e-01 -1.43486212e-09  9.89594800e-01  1.25579776e-03 
 6.61400000e-07 -3.60072095e-01 -1.43486412e-09  9.89594800e-01  1.25579776e-03 
 6.66400000e-07 -3.60072095e-01 -1.43486634e-09  9.89594800e-01  1.25579776e-03 
 6.71400000e-07 -3.60072095e-01 -1.43486845e-09  9.89594800e-01  1.25579776e-03 
 6.76400000e-07 -3.60072095e-01 -1.43487033e-09  9.89594800e-01  1.25579776e-03 
 6.81400000e-07 -3.60072095e-01 -1.43487233e-09  9.89594800e-01  1.25579776e-03 
 6.86400000e-07 -3.60072095e-01 -1.43487444e-09  9.89594800e-01  1.25579776e-03 
 6.91400000e-07 -3.60072095e-01 -1.43487655e-09  9.89594800e-01  1.25579776e-03 
 6.96400000e-07 -3.60072095e-01 -1.43487888e-09  9.89594800e-01  1.25579776e-03 
 7.01400000e-07 -3.60072095e-01 -1.43488144e-09  9.89594800e-01  1.25579776e-03 
 7.06400000e-07 -3.60072095e-01 -1.43488410e-09  9.89594800e-01  1.25579776e-03 
 7.11400000e-07 -3.60072095e-01 -1.43488665e-09  9.89594800e-01  1.25579776e-03 
 7.16400000e-07 -3.60072095e-01 -1.43488899e-09  9.89594800e-01  1.25579776e-03 
 7.21400000e-07 -3.60072095e-01 -1.43489121e-09  9.89594800e-01  1.25579776e-03 
 7.26400000e-07 -3.60072095e-01 -1.43489354e-09  9.89594800e-01  1.25579776e-03 
 7.31400000e-07 -3.60072095e-01 -1.43489598e-09  9.89594800e-01  1.25579776e-03 
 7.36400000e-07 -3.60072095e-01 -1.43489831e-09  9.89594800e-01  1.25579776e-03 
 7.41400000e-07 -3.60072095e-01 -1.43490064e-09  9.89594800e-01  1.25579776e-03 
 7.46400000e-07 -3.60072095e-01 -1.43490309e-09  9.89594800e-01  1.25579776e-03 
 7.51400000e-07 -3.60072095e-01 -1.43490508e-09  9.89594800e-01  1.25579776e-03 
 7.56400000e-07 -3.60072095e-01 -1.43490675e-09  9.89594800e-01  1.25579776e-03 
 7.61400000e-07 -3.60072095e-01 -1.43490853e-09  9.89594800e-01  1.25579776e-03 
 7.66400000e-07 -3.60072095e-01 -1.43491041e-09  9.89594800e-01  1.25579776e-03 
 7.71400000e-07 -3.60072095e-01 -1.43491252e-09  9.89594800e-01  1.25579776e-03 
 7.76400000e-07 -3.60072095e-01 -1.43491485e-09  9.89594800e-01  1.25579776e-03 
 7.81400000e-07 -3.60072095e-01 -1.43491707e-09  9.89594800e-01  1.25579776e-03 
 7.86400000e-07 -3.60072095e-01 -1.43491907e-09  9.89594800e-01  1.25579776e-03 
 7.91400000e-07 -3.60072095e-01 -1.43492129e-09  9.89594800e-01  1.25579776e-03 
 7.96400000e-07 -3.60072095e-01 -1.43492362e-09  9.89594800e-01  1.25579776e-03 
 8.01400000e-07 -3.60072095e-01 -1.43492562e-09  9.89594800e-01  1.25579776e-03 
 8.06400000e-07 -3.60072095e-01 -1.43492740e-09  9.89594800e-01  1.25579776e-03 
 8.11400000e-07 -3.60072095e-01 -1.43492929e-09  9.89594800e-01  1.25579776e-03 
 8.16400000e-07 -3.60072095e-01 -1.43493128e-09  9.89594800e-01  1.25579776e-03 
 8.21400000e-07 -3.60072095e-01 -1.43493317e-09  9.89594800e-01  1.25579776e-03 
 8.26400000e-07 -3.60072095e-01 -1.43493495e-09  9.89594800e-01  1.25579776e-03 
 8.31400000e-07 -3.60072095e-01 -1.43493706e-09  9.89594800e-01  1.25579776e-03 
 8.36400000e-07 -3.60072095e-01 -1.43493950e-09  9.89594800e-01  1.25579776e-03 
 8.41400000e-07 -3.60072095e-01 -1.43494161e-09  9.89594800e-01  1.25579776e-03 
 8.46400000e-07 -3.60072095e-01 -1.43494361e-09  9.89594800e-01  1.25579776e-03 
 8.51400000e-07 -3.60072095e-01 -1.43494572e-09  9.89594800e-01  1.25579776e-03 
 8.56400000e-07 -3.60072095e-01 -1.43494783e-09  9.89594800e-01  1.25579776e-03 
 8.61400000e-07 -3.60072095e-01 -1.43494971e-09  9.89594800e-01  1.25579776e-03 
 8.66400000e-07 -3.60072095e-01 -1.43495127e-09  9.89594800e-01  1.25579776e-03 
 8.71400000e-07 -3.60072095e-01 -1.43495305e-09  9.89594800e-01  1.25579776e-03 
 8.76400000e-07 -3.60072095e-01 -1.43495515e-09  9.89594800e-01  1.25579776e-03 
 8.81400000e-07 -3.60072095e-01 -1.43495704e-09  9.89594800e-01  1.25579776e-03 
 8.86400000e-07 -3.60072095e-01 -1.43495893e-09  9.89594800e-01  1.25579776e-03 
 8.91400000e-07 -3.60072095e-01 -1.43496093e-09  9.89594800e-01  1.25579776e-03 
 8.96400000e-07 -3.60072095e-01 -1.43496282e-09  9.89594800e-01  1.25579776e-03 
 9.01400000e-07 -3.60072095e-01 -1.43496459e-09  9.89594800e-01  1.25579776e-03 
 9.06400000e-07 -3.60072095e-01 -1.43496648e-09  9.89594800e-01  1.25579776e-03 
 9.11400000e-07 -3.60072095e-01 -1.43496859e-09  9.89594800e-01  1.25579776e-03 
 9.16400000e-07 -3.60072095e-01 -1.43497081e-09  9.89594800e-01  1.25579776e-03 
 9.21400000e-07 -3.60072095e-01 -1.43497303e-09  9.89594800e-01  1.25579776e-03 
 9.26400000e-07 -3.60072095e-01 -1.43497514e-09  9.89594800e-01  1.25579776e-03 
 9.31400000e-07 -3.60072095e-01 -1.43497725e-09  9.89594800e-01  1.25579776e-03 
 9.36400000e-07 -3.60072095e-01 -1.43497947e-09  9.89594800e-01  1.25579776e-03 
 9.41400000e-07 -3.60072095e-01 -1.43498147e-09  9.89594800e-01  1.25579776e-03 
 9.46400000e-07 -3.60072095e-01 -1.43498313e-09  9.89594800e-01  1.25579776e-03 
 9.51400000e-07 -3.60072095e-01 -1.43498480e-09  9.89594800e-01  1.25579776e-03 
 9.56400000e-07 -3.60072095e-01 -1.43498669e-09  9.89594800e-01  1.25579776e-03 
 9.61400000e-07 -3.60072095e-01 -1.43498913e-09  9.89594800e-01  1.25579776e-03 
 9.66400000e-07 -3.60072095e-01 -1.43499168e-09  9.89594800e-01  1.25579776e-03 
 9.71400000e-07 -3.60072095e-01 -1.43499368e-09  9.89594800e-01  1.25579776e-03 
 9.76400000e-07 -3.60072095e-01 -1.43499557e-09  9.89594800e-01  1.25579776e-03 
 9.81400000e-07 -3.60072095e-01 -1.43499779e-09  9.89594800e-01  1.25579776e-03 
 9.86400000e-07 -3.60072095e-01 -1.43499990e-09  9.89594800e-01  1.25579776e-03 
 9.91400000e-07 -3.60072095e-01 -1.43500178e-09  9.89594800e-01  1.25579776e-03 
 9.96400000e-07 -3.60072095e-01 -1.43500378e-09  9.89594800e-01  1.25579776e-03 
 1.00140000e-06 -3.60072095e-01 -1.43500589e-09  9.89594800e-01  1.25579776e-03 
 1.00640000e-06 -3.60072095e-01 -1.43500822e-09  9.89594800e-01  1.25579776e-03 
 1.01140000e-06 -3.60072095e-01 -1.43501067e-09  9.89594800e-01  1.25579776e-03 
 1.01640000e-06 -3.60072095e-01 -1.43501266e-09  9.89594800e-01  1.25579776e-03 
 1.02140000e-06 -3.60072095e-01 -1.43501422e-09  9.89594800e-01  1.25579776e-03 
 1.02640000e-06 -3.60072095e-01 -1.43501588e-09  9.89594800e-01  1.25579776e-03 
 1.03140000e-06 -3.60072095e-01 -1.43501755e-09  9.89594800e-01  1.25579776e-03 
 1.03640000e-06 -3.60072095e-01 -1.43501921e-09  9.89594800e-01  1.25579776e-03 
 1.04140000e-06 -3.60072095e-01 -1.43502121e-09  9.89594800e-01  1.25579776e-03 
 1.04640000e-06 -3.60072095e-01 -1.43502354e-09  9.89594800e-01  1.25579776e-03 
 1.05140000e-06 -3.60072095e-01 -1.43502576e-09  9.89594800e-01  1.25579776e-03 
 1.05640000e-06 -3.60072095e-01 -1.43502776e-09  9.89594800e-01  1.25579776e-03 
 1.06140000e-06 -3.60072095e-01 -1.43502976e-09  9.89594800e-01  1.25579776e-03 
 1.06640000e-06 -3.60072095e-01 -1.43503176e-09  9.89594800e-01  1.25579776e-03 
 1.07140000e-06 -3.60072095e-01 -1.43503387e-09  9.89594800e-01  1.25579776e-03 
 1.07640000e-06 -3.60072095e-01 -1.43503598e-09  9.89594800e-01  1.25579776e-03 
 1.08140000e-06 -3.60072095e-01 -1.43503798e-09  9.89594800e-01  1.25579776e-03 
 1.08640000e-06 -3.60072095e-01 -1.43503986e-09  9.89594800e-01  1.25579776e-03 
 1.09140000e-06 -3.60072095e-01 -1.43504153e-09  9.89594800e-01  1.25579776e-03 
 1.09640000e-06 -3.60072095e-01 -1.43504320e-09  9.89594800e-01  1.25579776e-03 
 1.10140000e-06 -3.60072095e-01 -1.43504542e-09  9.89594800e-01  1.25579776e-03 
 1.10640000e-06 -3.60072095e-01 -1.43504775e-09  9.89594800e-01  1.25579776e-03 
 1.11140000e-06 -3.60072095e-01 -1.43504997e-09  9.89594800e-01  1.25579776e-03 
 1.11640000e-06 -3.60072095e-01 -1.43505208e-09  9.89594800e-01  1.25579776e-03 
 1.12140000e-06 -3.60072095e-01 -1.43505396e-09  9.89594800e-01  1.25579776e-03 
 1.12640000e-06 -3.60072095e-01 -1.43505563e-09  9.89594800e-01  1.25579776e-03 
 1.13140000e-06 -3.60072095e-01 -1.43505718e-09  9.89594800e-01  1.25579776e-03 
 1.13640000e-06 -3.60072095e-01 -1.43505896e-09  9.89594800e-01  1.25579776e-03 
 1.14140000e-06 -3.60072095e-01 -1.43506085e-09  9.89594800e-01  1.25579776e-03 
 1.14640000e-06 -3.60072095e-01 -1.43506296e-09  9.89594800e-01  1.25579776e-03 
 1.15140000e-06 -3.60072095e-01 -1.43506507e-09  9.89594800e-01  1.25579776e-03 
 1.15640000e-06 -3.60072095e-01 -1.43506695e-09  9.89594800e-01  1.25579776e-03 
 1.16140000e-06 -3.60072095e-01 -1.43506884e-09  9.89594800e-01  1.25579776e-03 
 1.16640000e-06 -3.60072095e-01 -1.43507062e-09  9.89594800e-01  1.25579776e-03 
 1.17140000e-06 -3.60072095e-01 -1.43507251e-09  9.89594800e-01  1.25579776e-03 
 1.17640000e-06 -3.60072095e-01 -1.43507450e-09  9.89594800e-01  1.25579776e-03 
 1.18140000e-06 -3.60072095e-01 -1.43507661e-09  9.89594800e-01  1.25579776e-03 
 1.18640000e-06 -3.60072095e-01 -1.43507894e-09  9.89594800e-01  1.25579776e-03 
 1.19140000e-06 -3.60072095e-01 -1.43508139e-09  9.89594800e-01  1.25579776e-03 
 1.19640000e-06 -3.60072095e-01 -1.43508405e-09  9.89594800e-01  1.25579776e-03 
 1.20140000e-06 -3.60072095e-01 -1.43508638e-09  9.89594800e-01  1.25579776e-03 
 1.20640000e-06 -3.60072095e-01 -1.43508805e-09  9.89594800e-01  1.25579776e-03 
 1.21140000e-06 -3.60072095e-01 -1.43508982e-09  9.89594800e-01  1.25579776e-03 
 1.21640000e-06 -3.60072095e-01 -1.43509205e-09  9.89594800e-01  1.25579776e-03 
 1.22140000e-06 -3.60072095e-01 -1.43509427e-09  9.89594800e-01  1.25579776e-03 
 1.22640000e-06 -3.60072095e-01 -1.43509626e-09  9.89594800e-01  1.25579776e-03 
 1.23140000e-06 -3.60072095e-01 -1.43509848e-09  9.89594800e-01  1.25579776e-03 
 1.23640000e-06 -3.60072095e-01 -1.43510082e-09  9.89594800e-01  1.25579776e-03 
 1.24140000e-06 -3.60072095e-01 -1.43510304e-09  9.89594800e-01  1.25579776e-03 
 1.24640000e-06 -3.60072095e-01 -1.43510559e-09  9.89594800e-01  1.25579776e-03 
 1.25140000e-06 -3.60072095e-01 -1.43510781e-09  9.89594800e-01  1.25579776e-03 
 1.25640000e-06 -3.60072095e-01 -1.43510959e-09  9.89594800e-01  1.25579776e-03 
 1.26140000e-06 -3.60072095e-01 -1.43511147e-09  9.89594800e-01  1.25579776e-03 
 1.26640000e-06 -3.60072095e-01 -1.43511325e-09  9.89594800e-01  1.25579776e-03 
 1.27140000e-06 -3.60072095e-01 -1.43511492e-09  9.89594800e-01  1.25579776e-03 
 1.27640000e-06 -3.60072095e-01 -1.43511680e-09  9.89594800e-01  1.25579776e-03 
 1.28140000e-06 -3.60072095e-01 -1.43511880e-09  9.89594800e-01  1.25579776e-03 
 1.28640000e-06 -3.60072095e-01 -1.43512069e-09  9.89594800e-01  1.25579776e-03 
 1.29140000e-06 -3.60072095e-01 -1.43512258e-09  9.89594800e-01  1.25579776e-03 
 1.29640000e-06 -3.60072095e-01 -1.43512435e-09  9.89594800e-01  1.25579776e-03 
 1.30140000e-06 -3.60072095e-01 -1.43512613e-09  9.89594800e-01  1.25579776e-03 
 1.30640000e-06 -3.60072095e-01 -1.43512802e-09  9.89594800e-01  1.25579776e-03 
 1.31140000e-06 -3.60072095e-01 -1.43512979e-09  9.89594800e-01  1.25579776e-03 
 1.31640000e-06 -3.60072095e-01 -1.43513168e-09  9.89594800e-01  1.25579776e-03 
 1.32140000e-06 -3.60072095e-01 -1.43513379e-09  9.89594800e-01  1.25579776e-03 
 1.32640000e-06 -3.60072095e-01 -1.43513579e-09  9.89594800e-01  1.25579776e-03 
 1.33140000e-06 -3.60072095e-01 -1.43513790e-09  9.89594800e-01  1.25579776e-03 
 1.33640000e-06 -3.60072095e-01 -1.43514023e-09  9.89594800e-01  1.25579776e-03 
 1.34140000e-06 -3.60072095e-01 -1.43514256e-09  9.89594800e-01  1.25579776e-03 
 1.34640000e-06 -3.60072095e-01 -1.43514456e-09  9.89594800e-01  1.25579776e-03 
 1.35140000e-06 -3.60072095e-01 -1.43514622e-09  9.89594800e-01  1.25579776e-03 
 1.35640000e-06 -3.60072095e-01 -1.43514778e-09  9.89594800e-01  1.25579776e-03 
 1.36140000e-06 -3.60072095e-01 -1.43514955e-09  9.89594800e-01  1.25579776e-03 
 1.36640000e-06 -3.60072095e-01 -1.43515166e-09  9.89594800e-01  1.25579776e-03 
 1.37140000e-06 -3.60072095e-01 -1.43515388e-09  9.89594800e-01  1.25579776e-03 
 1.37640000e-06 -3.60072095e-01 -1.43515622e-09  9.89594800e-01  1.25579776e-03 
 1.38140000e-06 -3.60072095e-01 -1.43515844e-09  9.89594800e-01  1.25579776e-03 
 1.38640000e-06 -3.60072095e-01 -1.43516055e-09  9.89594800e-01  1.25579776e-03 
 1.39140000e-06 -3.60072095e-01 -1.43516232e-09  9.89594800e-01  1.25579776e-03 
 1.39640000e-06 -3.60072095e-01 -1.43516399e-09  9.89594800e-01  1.25579776e-03 
 1.40140000e-06 -3.60072095e-01 -1.43516588e-09  9.89594800e-01  1.25579776e-03 
 1.40640000e-06 -3.60072095e-01 -1.43516787e-09  9.89594800e-01  1.25579776e-03 
 1.41140000e-06 -3.60072095e-01 -1.43516998e-09  9.89594800e-01  1.25579776e-03 
 1.41640000e-06 -3.60072095e-01 -1.43517209e-09  9.89594800e-01  1.25579776e-03 
 1.42140000e-06 -3.60072095e-01 -1.43517420e-09  9.89594800e-01  1.25579776e-03 
 1.42640000e-06 -3.60072095e-01 -1.43517620e-09  9.89594800e-01  1.25579776e-03 
 1.43140000e-06 -3.60072095e-01 -1.43517809e-09  9.89594800e-01  1.25579776e-03 
 1.43640000e-06 -3.60072095e-01 -1.43517986e-09  9.89594800e-01  1.25579776e-03 
 1.44140000e-06 -3.60072095e-01 -1.43518186e-09  9.89594800e-01  1.25579776e-03 
 1.44640000e-06 -3.60072095e-01 -1.43518408e-09  9.89594800e-01  1.25579776e-03 
 1.45140000e-06 -3.60072095e-01 -1.43518630e-09  9.89594800e-01  1.25579776e-03 
 1.45640000e-06 -3.60072095e-01 -1.43518886e-09  9.89594800e-01  1.25579776e-03 
 1.46140000e-06 -3.60072095e-01 -1.43519152e-09  9.89594800e-01  1.25579776e-03 
 1.46640000e-06 -3.60072095e-01 -1.43519396e-09  9.89594800e-01  1.25579776e-03 
 1.47140000e-06 -3.60072095e-01 -1.43519630e-09  9.89594800e-01  1.25579776e-03 
 1.47640000e-06 -3.60072095e-01 -1.43519852e-09  9.89594800e-01  1.25579776e-03 
 1.48140000e-06 -3.60072095e-01 -1.43520063e-09  9.89594800e-01  1.25579776e-03 
 1.48640000e-06 -3.60072095e-01 -1.43520240e-09  9.89594800e-01  1.25579776e-03 
 1.49140000e-06 -3.60072095e-01 -1.43520407e-09  9.89594800e-01  1.25579776e-03 
 1.49640000e-06 -3.60072095e-01 -1.43520595e-09  9.89594800e-01  1.25579776e-03 
 1.50140000e-06 -3.60072095e-01 -1.43520829e-09  9.89594800e-01  1.25579776e-03 
 1.50640000e-06 -3.60072095e-01 -1.43521095e-09  9.89594800e-01  1.25579776e-03 
 1.51140000e-06 -3.60072095e-01 -1.43521317e-09  9.89594800e-01  1.25579776e-03 
 1.51640000e-06 -3.60072095e-01 -1.43521528e-09  9.89594800e-01  1.25579776e-03 
 1.52140000e-06 -3.60072095e-01 -1.43521739e-09  9.89594800e-01  1.25579776e-03 
 1.52640000e-06 -3.60072095e-01 -1.43521928e-09  9.89594800e-01  1.25579776e-03 
 1.53140000e-06 -3.60072095e-01 -1.43522105e-09  9.89594800e-01  1.25579776e-03 
 1.53640000e-06 -3.60072095e-01 -1.43522272e-09  9.89594800e-01  1.25579776e-03 
 1.54140000e-06 -3.60072095e-01 -1.43522461e-09  9.89594800e-01  1.25579776e-03 
 1.54640000e-06 -3.60072095e-01 -1.43522660e-09  9.89594800e-01  1.25579776e-03 
 1.55140000e-06 -3.60072095e-01 -1.43522827e-09  9.89594800e-01  1.25579776e-03 
 1.55640000e-06 -3.60072095e-01 -1.43522993e-09  9.89594800e-01  1.25579776e-03 
 1.56140000e-06 -3.60072095e-01 -1.43523182e-09  9.89594800e-01  1.25579776e-03 
 1.56640000e-06 -3.60072095e-01 -1.43523371e-09  9.89594800e-01  1.25579776e-03 
 1.57140000e-06 -3.60072095e-01 -1.43523582e-09  9.89594800e-01  1.25579776e-03 
 1.57640000e-06 -3.60072095e-01 -1.43523804e-09  9.89594800e-01  1.25579776e-03 
 1.58140000e-06 -3.60072095e-01 -1.43524026e-09  9.89594800e-01  1.25579776e-03 
 1.58640000e-06 -3.60072095e-01 -1.43524281e-09  9.89594800e-01  1.25579776e-03 
 1.59140000e-06 -3.60072095e-01 -1.43524514e-09  9.89594800e-01  1.25579776e-03 
 1.59640000e-06 -3.60072095e-01 -1.43524681e-09  9.89594800e-01  1.25579776e-03 
 1.60140000e-06 -3.60072095e-01 -1.43524859e-09  9.89594800e-01  1.25579776e-03 
 1.60640000e-06 -3.60072095e-01 -1.43525081e-09  9.89594800e-01  1.25579776e-03 
 1.61140000e-06 -3.60072095e-01 -1.43525314e-09  9.89594800e-01  1.25579776e-03 
 1.61640000e-06 -3.60072095e-01 -1.43525525e-09  9.89594800e-01  1.25579776e-03 
 1.62140000e-06 -3.60072095e-01 -1.43525714e-09  9.89594800e-01  1.25579776e-03 
 1.62640000e-06 -3.60072095e-01 -1.43525924e-09  9.89594800e-01  1.25579776e-03 
 1.63140000e-06 -3.60072095e-01 -1.43526135e-09  9.89594800e-01  1.25579776e-03 
 1.63640000e-06 -3.60072095e-01 -1.43526324e-09  9.89594800e-01  1.25579776e-03 
 1.64140000e-06 -3.60072095e-01 -1.43526502e-09  9.89594800e-01  1.25579776e-03 
 1.64640000e-06 -3.60072095e-01 -1.43526702e-09  9.89594800e-01  1.25579776e-03 
 1.65140000e-06 -3.60072095e-01 -1.43526924e-09  9.89594800e-01  1.25579776e-03 
 1.65640000e-06 -3.60072095e-01 -1.43527124e-09  9.89594800e-01  1.25579776e-03 
 1.66140000e-06 -3.60072095e-01 -1.43527301e-09  9.89594800e-01  1.25579776e-03 
 1.66640000e-06 -3.60072095e-01 -1.43527479e-09  9.89594800e-01  1.25579776e-03 
 1.67140000e-06 -3.60072095e-01 -1.43527679e-09  9.89594800e-01  1.25579776e-03 
 1.67640000e-06 -3.60072095e-01 -1.43527878e-09  9.89594800e-01  1.25579776e-03 
 1.68140000e-06 -3.60072095e-01 -1.43528045e-09  9.89594800e-01  1.25579776e-03 
 1.68640000e-06 -3.60072095e-01 -1.43528245e-09  9.89594800e-01  1.25579776e-03 
 1.69140000e-06 -3.60072095e-01 -1.43528500e-09  9.89594800e-01  1.25579776e-03 
 1.69640000e-06 -3.60072095e-01 -1.43528756e-09  9.89594800e-01  1.25579776e-03 
 1.70140000e-06 -3.60072095e-01 -1.43529000e-09  9.89594800e-01  1.25579776e-03 
 1.70640000e-06 -3.60072095e-01 -1.43529211e-09  9.89594800e-01  1.25579776e-03 
 1.71140000e-06 -3.60072095e-01 -1.43529399e-09  9.89594800e-01  1.25579776e-03 
 1.71640000e-06 -3.60072095e-01 -1.43529610e-09  9.89594800e-01  1.25579776e-03 
 1.72140000e-06 -3.60072095e-01 -1.43529832e-09  9.89594800e-01  1.25579776e-03 
 1.72640000e-06 -3.60072095e-01 -1.43530055e-09  9.89594800e-01  1.25579776e-03 
 1.73140000e-06 -3.60072095e-01 -1.43530265e-09  9.89594800e-01  1.25579776e-03 
 1.73640000e-06 -3.60072095e-01 -1.43530476e-09  9.89594800e-01  1.25579776e-03 
 1.74140000e-06 -3.60072095e-01 -1.43530710e-09  9.89594800e-01  1.25579776e-03 
 1.74640000e-06 -3.60072095e-01 -1.43530932e-09  9.89594800e-01  1.25579776e-03 
 1.75140000e-06 -3.60072095e-01 -1.43531131e-09  9.89594800e-01  1.25579776e-03 
 1.75640000e-06 -3.60072095e-01 -1.43531331e-09  9.89594800e-01  1.25579776e-03 
 1.76140000e-06 -3.60072095e-01 -1.43531542e-09  9.89594800e-01  1.25579776e-03 
 1.76640000e-06 -3.60072095e-01 -1.43531753e-09  9.89594800e-01  1.25579776e-03 
 1.77140000e-06 -3.60072095e-01 -1.43531964e-09  9.89594800e-01  1.25579776e-03 
 1.77640000e-06 -3.60072095e-01 -1.43532175e-09  9.89594800e-01  1.25579776e-03 
 1.78140000e-06 -3.60072095e-01 -1.43532386e-09  9.89594800e-01  1.25579776e-03 
 1.78640000e-06 -3.60072095e-01 -1.43532597e-09  9.89594800e-01  1.25579776e-03 
 1.79140000e-06 -3.60072095e-01 -1.43532797e-09  9.89594800e-01  1.25579776e-03 
 1.79640000e-06 -3.60072095e-01 -1.43532997e-09  9.89594800e-01  1.25579776e-03 
 1.80140000e-06 -3.60072095e-01 -1.43533163e-09  9.89594800e-01  1.25579776e-03 
 1.80640000e-06 -3.60072095e-01 -1.43533307e-09  9.89594800e-01  1.25579776e-03 
 1.81140000e-06 -3.60072095e-01 -1.43533507e-09  9.89594800e-01  1.25579776e-03 
 1.81640000e-06 -3.60072095e-01 -1.43533729e-09  9.89594800e-01  1.25579776e-03 
 1.82140000e-06 -3.60072095e-01 -1.43533940e-09  9.89594800e-01  1.25579776e-03 
 1.82640000e-06 -3.60072095e-01 -1.43534151e-09  9.89594800e-01  1.25579776e-03 
 1.83140000e-06 -3.60072095e-01 -1.43534373e-09  9.89594800e-01  1.25579776e-03 
 1.83640000e-06 -3.60072095e-01 -1.43534595e-09  9.89594800e-01  1.25579776e-03 
 1.84140000e-06 -3.60072095e-01 -1.43534806e-09  9.89594800e-01  1.25579776e-03 
 1.84640000e-06 -3.60072095e-01 -1.43535006e-09  9.89594800e-01  1.25579776e-03 
 1.85140000e-06 -3.60072095e-01 -1.43535195e-09  9.89594800e-01  1.25579776e-03 
 1.85640000e-06 -3.60072095e-01 -1.43535372e-09  9.89594800e-01  1.25579776e-03 
 1.86140000e-06 -3.60072095e-01 -1.43535550e-09  9.89594800e-01  1.25579776e-03 
 1.86640000e-06 -3.60072095e-01 -1.43535750e-09  9.89594800e-01  1.25579776e-03 
 1.87140000e-06 -3.60072095e-01 -1.43535950e-09  9.89594800e-01  1.25579776e-03 
 1.87640000e-06 -3.60072095e-01 -1.43536150e-09  9.89594800e-01  1.25579776e-03 
 1.88140000e-06 -3.60072095e-01 -1.43536338e-09  9.89594800e-01  1.25579776e-03 
 1.88640000e-06 -3.60072095e-01 -1.43536505e-09  9.89594800e-01  1.25579776e-03 
 1.89140000e-06 -3.60072095e-01 -1.43536694e-09  9.89594800e-01  1.25579776e-03 
 1.89640000e-06 -3.60072095e-01 -1.43536916e-09  9.89594800e-01  1.25579776e-03 
 1.90140000e-06 -3.60072095e-01 -1.43537149e-09  9.89594800e-01  1.25579776e-03 
 1.90640000e-06 -3.60072095e-01 -1.43537360e-09  9.89594800e-01  1.25579776e-03 
 1.91140000e-06 -3.60072095e-01 -1.43537549e-09  9.89594800e-01  1.25579776e-03 
 1.91640000e-06 -3.60072095e-01 -1.43537737e-09  9.89594800e-01  1.25579776e-03 
 1.92140000e-06 -3.60072095e-01 -1.43537926e-09  9.89594800e-01  1.25579776e-03 
 1.92640000e-06 -3.60072095e-01 -1.43538115e-09  9.89594800e-01  1.25579776e-03 
 1.93140000e-06 -3.60072095e-01 -1.43538315e-09  9.89594800e-01  1.25579776e-03 
 1.93640000e-06 -3.60072095e-01 -1.43538526e-09  9.89594800e-01  1.25579776e-03 
 1.94140000e-06 -3.60072095e-01 -1.43538759e-09  9.89594800e-01  1.25579776e-03 
 1.94640000e-06 -3.60072095e-01 -1.43539003e-09  9.89594800e-01  1.25579776e-03 
 1.95140000e-06 -3.60072095e-01 -1.43539225e-09  9.89594800e-01  1.25579776e-03 
 1.95640000e-06 -3.60072095e-01 -1.43539436e-09  9.89594800e-01  1.25579776e-03 
 1.96140000e-06 -3.60072095e-01 -1.43539669e-09  9.89594800e-01  1.25579776e-03 
 1.96640000e-06 -3.60072095e-01 -1.43539902e-09  9.89594800e-01  1.25579776e-03 
 1.97140000e-06 -3.60072095e-01 -1.43540135e-09  9.89594800e-01  1.25579776e-03 
 1.97640000e-06 -3.60072095e-01 -1.43540346e-09  9.89594800e-01  1.25579776e-03 
 1.98140000e-06 -3.60072095e-01 -1.43540524e-09  9.89594800e-01  1.25579776e-03 
 1.98640000e-06 -3.60072095e-01 -1.43540724e-09  9.89594800e-01  1.25579776e-03 
 1.99140000e-06 -3.60072095e-01 -1.43540924e-09  9.89594800e-01  1.25579776e-03 
 1.99640000e-06 -3.60072095e-01 -1.43541135e-09  9.89594800e-01  1.25579776e-03 
 2.00140000e-06 -3.60072095e-01 -1.43541334e-09  9.89594800e-01  1.25579776e-03 
 2.00640000e-06 -3.60072095e-01 -1.43541534e-09  9.89594800e-01  1.25579776e-03 
 2.01140000e-06 -3.60072095e-01 -1.43541756e-09  9.89594800e-01  1.25579776e-03 
 2.01640000e-06 -3.60072095e-01 -1.43541967e-09  9.89594800e-01  1.25579776e-03 
 2.02140000e-06 -3.60072095e-01 -1.43542189e-09  9.89594800e-01  1.25579776e-03 
 2.02640000e-06 -3.60072095e-01 -1.43542422e-09  9.89594800e-01  1.25579776e-03 
 2.03140000e-06 -3.60072095e-01 -1.43542644e-09  9.89594800e-01  1.25579776e-03 
 2.03640000e-06 -3.60072095e-01 -1.43542866e-09  9.89594800e-01  1.25579776e-03 
 2.04140000e-06 -3.60072095e-01 -1.43543077e-09  9.89594800e-01  1.25579776e-03 
 2.04640000e-06 -3.60072095e-01 -1.43543277e-09  9.89594800e-01  1.25579776e-03 
 2.05140000e-06 -3.60072095e-01 -1.43543477e-09  9.89594800e-01  1.25579776e-03 
 2.05640000e-06 -3.60072095e-01 -1.43543666e-09  9.89594800e-01  1.25579776e-03 
 2.06140000e-06 -3.60072095e-01 -1.43543855e-09  9.89594800e-01  1.25579776e-03 
 2.06640000e-06 -3.60072095e-01 -1.43544043e-09  9.89594800e-01  1.25579776e-03 
 2.07140000e-06 -3.60072095e-01 -1.43544210e-09  9.89594800e-01  1.25579776e-03 
 2.07640000e-06 -3.60072095e-01 -1.43544354e-09  9.89594800e-01  1.25579776e-03 
 2.08140000e-06 -3.60072095e-01 -1.43544521e-09  9.89594800e-01  1.25579776e-03 
 2.08640000e-06 -3.60072095e-01 -1.43544732e-09  9.89594800e-01  1.25579776e-03 
 2.09140000e-06 -3.60072095e-01 -1.43544965e-09  9.89594800e-01  1.25579776e-03 
 2.09640000e-06 -3.60072095e-01 -1.43545198e-09  9.89594800e-01  1.25579776e-03 
 2.10140000e-06 -3.60072095e-01 -1.43545453e-09  9.89594800e-01  1.25579776e-03 
 2.10640000e-06 -3.60072095e-01 -1.43545709e-09  9.89594800e-01  1.25579776e-03 
 2.11140000e-06 -3.60072095e-01 -1.43545897e-09  9.89594800e-01  1.25579776e-03 
 2.11640000e-06 -3.60072095e-01 -1.43546042e-09  9.89594800e-01  1.25579776e-03 
 2.12140000e-06 -3.60072095e-01 -1.43546197e-09  9.89594800e-01  1.25579776e-03 
 2.12640000e-06 -3.60072095e-01 -1.43546397e-09  9.89594800e-01  1.25579776e-03 
 2.13140000e-06 -3.60072095e-01 -1.43546586e-09  9.89594800e-01  1.25579776e-03 
 2.13640000e-06 -3.60072095e-01 -1.43546763e-09  9.89594800e-01  1.25579776e-03 
 2.14140000e-06 -3.60072095e-01 -1.43546952e-09  9.89594800e-01  1.25579776e-03 
 2.14640000e-06 -3.60072095e-01 -1.43547130e-09  9.89594800e-01  1.25579776e-03 
 2.15140000e-06 -3.60072095e-01 -1.43547318e-09  9.89594800e-01  1.25579776e-03 
 2.15640000e-06 -3.60072095e-01 -1.43547507e-09  9.89594800e-01  1.25579776e-03 
 2.16140000e-06 -3.60072095e-01 -1.43547663e-09  9.89594800e-01  1.25579776e-03 
 2.16640000e-06 -3.60072095e-01 -1.43547818e-09  9.89594800e-01  1.25579776e-03 
 2.17140000e-06 -3.60072095e-01 -1.43547985e-09  9.89594800e-01  1.25579776e-03 
 2.17640000e-06 -3.60072095e-01 -1.43548151e-09  9.89594800e-01  1.25579776e-03 
 2.18140000e-06 -3.60072095e-01 -1.43548329e-09  9.89594800e-01  1.25579776e-03 
 2.18640000e-06 -3.60072095e-01 -1.43548518e-09  9.89594800e-01  1.25579776e-03 
 2.19140000e-06 -3.60072095e-01 -1.43548717e-09  9.89594800e-01  1.25579776e-03 
 2.19640000e-06 -3.60072095e-01 -1.43548895e-09  9.89594800e-01  1.25579776e-03 
 2.20140000e-06 -3.60072095e-01 -1.43549050e-09  9.89594800e-01  1.25579776e-03 
 2.20640000e-06 -3.60072095e-01 -1.43549228e-09  9.89594800e-01  1.25579776e-03 
 2.21140000e-06 -3.60072095e-01 -1.43549395e-09  9.89594800e-01  1.25579776e-03 
 2.21640000e-06 -3.60072095e-01 -1.43549572e-09  9.89594800e-01  1.25579776e-03 
 2.22140000e-06 -3.60072095e-01 -1.43549805e-09  9.89594800e-01  1.25579776e-03 
 2.22640000e-06 -3.60072095e-01 -1.43550061e-09  9.89594800e-01  1.25579776e-03 
 2.23140000e-06 -3.60072095e-01 -1.43550316e-09  9.89594800e-01  1.25579776e-03 
 2.23640000e-06 -3.60072095e-01 -1.43550538e-09  9.89594800e-01  1.25579776e-03 
 2.24140000e-06 -3.60072095e-01 -1.43550727e-09  9.89594800e-01  1.25579776e-03 
 2.24640000e-06 -3.60072095e-01 -1.43550916e-09  9.89594800e-01  1.25579776e-03 
 2.25140000e-06 -3.60072095e-01 -1.43551093e-09  9.89594800e-01  1.25579776e-03 
 2.25640000e-06 -3.60072095e-01 -1.43551260e-09  9.89594800e-01  1.25579776e-03 
 2.26140000e-06 -3.60072095e-01 -1.43551449e-09  9.89594800e-01  1.25579776e-03 
 2.26640000e-06 -3.60072095e-01 -1.43551648e-09  9.89594800e-01  1.25579776e-03 
 2.27140000e-06 -3.60072095e-01 -1.43551804e-09  9.89594800e-01  1.25579776e-03 
 2.27640000e-06 -3.60072095e-01 -1.43551959e-09  9.89594800e-01  1.25579776e-03 
 2.28140000e-06 -3.60072095e-01 -1.43552137e-09  9.89594800e-01  1.25579776e-03 
 2.28640000e-06 -3.60072095e-01 -1.43552292e-09  9.89594800e-01  1.25579776e-03 
 2.29140000e-06 -3.60072095e-01 -1.43552448e-09  9.89594800e-01  1.25579776e-03 
 2.29640000e-06 -3.60072095e-01 -1.43552648e-09  9.89594800e-01  1.25579776e-03 
 2.30140000e-06 -3.60072095e-01 -1.43552836e-09  9.89594800e-01  1.25579776e-03 
 2.30640000e-06 -3.60072095e-01 -1.43552981e-09  9.89594800e-01  1.25579776e-03 
 2.31140000e-06 -3.60072095e-01 -1.43553169e-09  9.89594800e-01  1.25579776e-03 
 2.31640000e-06 -3.60072095e-01 -1.43553391e-09  9.89594800e-01  1.25579776e-03 
 2.32140000e-06 -3.60072095e-01 -1.43553591e-09  9.89594800e-01  1.25579776e-03 
 2.32640000e-06 -3.60072095e-01 -1.43553758e-09  9.89594800e-01  1.25579776e-03 
 2.33140000e-06 -3.60072095e-01 -1.43553902e-09  9.89594800e-01  1.25579776e-03 
 2.33640000e-06 -3.60072095e-01 -1.43554035e-09  9.89594800e-01  1.25579776e-03 
 2.34140000e-06 -3.60072095e-01 -1.43554180e-09  9.89594800e-01  1.25579776e-03 
 2.34640000e-06 -3.60072095e-01 -1.43554357e-09  9.89594800e-01  1.25579776e-03 
 2.35140000e-06 -3.60072095e-01 -1.43554557e-09  9.89594800e-01  1.25579776e-03 
 2.35640000e-06 -3.60072095e-01 -1.43554735e-09  9.89594800e-01  1.25579776e-03 
 2.36140000e-06 -3.60072095e-01 -1.43554901e-09  9.89594800e-01  1.25579776e-03 
 2.36640000e-06 -3.60072095e-01 -1.43555068e-09  9.89594800e-01  1.25579776e-03 
 2.37140000e-06 -3.60072095e-01 -1.43555223e-09  9.89594800e-01  1.25579776e-03 
 2.37640000e-06 -3.60072095e-01 -1.43555412e-09  9.89594800e-01  1.25579776e-03 
 2.38140000e-06 -3.60072095e-01 -1.43555634e-09  9.89594800e-01  1.25579776e-03 
 2.38640000e-06 -3.60072095e-01 -1.43555856e-09  9.89594800e-01  1.25579776e-03 
 2.39140000e-06 -3.60072095e-01 -1.43556034e-09  9.89594800e-01  1.25579776e-03 
 2.39640000e-06 -3.60072095e-01 -1.43556156e-09  9.89594800e-01  1.25579776e-03 
 2.40140000e-06 -3.60072095e-01 -1.43556311e-09  9.89594800e-01  1.25579776e-03 
 2.40640000e-06 -3.60072095e-01 -1.43556489e-09  9.89594800e-01  1.25579776e-03 
 2.41140000e-06 -3.60072095e-01 -1.43556678e-09  9.89594800e-01  1.25579776e-03 
 2.41640000e-06 -3.60072095e-01 -1.43556889e-09  9.89594800e-01  1.25579776e-03 
 2.42140000e-06 -3.60072095e-01 -1.43557100e-09  9.89594800e-01  1.25579776e-03 
 2.42640000e-06 -3.60072095e-01 -1.43557277e-09  9.89594800e-01  1.25579776e-03 
 2.43140000e-06 -3.60072095e-01 -1.43557433e-09  9.89594800e-01  1.25579776e-03 
 2.43640000e-06 -3.60072095e-01 -1.43557610e-09  9.89594800e-01  1.25579776e-03 
 2.44140000e-06 -3.60072095e-01 -1.43557777e-09  9.89594800e-01  1.25579776e-03 
 2.44640000e-06 -3.60072095e-01 -1.43557954e-09  9.89594800e-01  1.25579776e-03 
 2.45140000e-06 -3.60072095e-01 -1.43558132e-09  9.89594800e-01  1.25579776e-03 
 2.45640000e-06 -3.60072095e-01 -1.43558276e-09  9.89594800e-01  1.25579776e-03 
 2.46140000e-06 -3.60072095e-01 -1.43558399e-09  9.89594800e-01  1.25579776e-03 
 2.46640000e-06 -3.60072095e-01 -1.43558554e-09  9.89594800e-01  1.25579776e-03 
 2.47140000e-06 -3.60072095e-01 -1.43558754e-09  9.89594800e-01  1.25579776e-03 
 2.47640000e-06 -3.60072095e-01 -1.43558943e-09  9.89594800e-01  1.25579776e-03 
 2.48140000e-06 -3.60072095e-01 -1.43559098e-09  9.89594800e-01  1.25579776e-03 
 2.48640000e-06 -3.60072095e-01 -1.43559242e-09  9.89594800e-01  1.25579776e-03 
 2.49140000e-06 -3.60072095e-01 -1.43559387e-09  9.89594800e-01  1.25579776e-03 
 2.49640000e-06 -3.60072095e-01 -1.43559542e-09  9.89594800e-01  1.25579776e-03 
 2.50140000e-06 -3.60072095e-01 -1.43559742e-09  9.89594800e-01  1.25579776e-03 
 2.50640000e-06 -3.60072095e-01 -1.43559953e-09  9.89594800e-01  1.25579776e-03 
 2.51140000e-06 -3.60072095e-01 -1.43560108e-09  9.89594800e-01  1.25579776e-03 
 2.51640000e-06 -3.60072095e-01 -1.43560253e-09  9.89594800e-01  1.25579776e-03 
 2.52140000e-06 -3.60072095e-01 -1.43560430e-09  9.89594800e-01  1.25579776e-03 
 2.52640000e-06 -3.60072095e-01 -1.43560608e-09  9.89594800e-01  1.25579776e-03 
 2.53140000e-06 -3.60072095e-01 -1.43560785e-09  9.89594800e-01  1.25579776e-03 
 2.53640000e-06 -3.60072095e-01 -1.43560974e-09  9.89594800e-01  1.25579776e-03 
 2.54140000e-06 -3.60072095e-01 -1.43561130e-09  9.89594800e-01  1.25579776e-03 
 2.54640000e-06 -3.60072095e-01 -1.43561285e-09  9.89594800e-01  1.25579776e-03 
 2.55140000e-06 -3.60072095e-01 -1.43561474e-09  9.89594800e-01  1.25579776e-03 
 2.55640000e-06 -3.60072095e-01 -1.43561674e-09  9.89594800e-01  1.25579776e-03 
 2.56140000e-06 -3.60072095e-01 -1.43561874e-09  9.89594800e-01  1.25579776e-03 
 2.56640000e-06 -3.60072095e-01 -1.43562073e-09  9.89594800e-01  1.25579776e-03 
 2.57140000e-06 -3.60072095e-01 -1.43562251e-09  9.89594800e-01  1.25579776e-03 
 2.57640000e-06 -3.60072095e-01 -1.43562384e-09  9.89594800e-01  1.25579776e-03 
 2.58140000e-06 -3.60072095e-01 -1.43562540e-09  9.89594800e-01  1.25579776e-03 
 2.58640000e-06 -3.60072095e-01 -1.43562728e-09  9.89594800e-01  1.25579776e-03 
 2.59140000e-06 -3.60072095e-01 -1.43562917e-09  9.89594800e-01  1.25579776e-03 
 2.59640000e-06 -3.60072095e-01 -1.43563106e-09  9.89594800e-01  1.25579776e-03 
 2.60140000e-06 -3.60072095e-01 -1.43563283e-09  9.89594800e-01  1.25579776e-03 
 2.60640000e-06 -3.60072095e-01 -1.43563450e-09  9.89594800e-01  1.25579776e-03 
 2.61140000e-06 -3.60072095e-01 -1.43563594e-09  9.89594800e-01  1.25579776e-03 
 2.61640000e-06 -3.60072095e-01 -1.43563739e-09  9.89594800e-01  1.25579776e-03 
 2.62140000e-06 -3.60072095e-01 -1.43563939e-09  9.89594800e-01  1.25579776e-03 
 2.62640000e-06 -3.60072095e-01 -1.43564161e-09  9.89594800e-01  1.25579776e-03 
 2.63140000e-06 -3.60072095e-01 -1.43564372e-09  9.89594800e-01  1.25579776e-03 
 2.63640000e-06 -3.60072095e-01 -1.43564549e-09  9.89594800e-01  1.25579776e-03 
 2.64140000e-06 -3.60072095e-01 -1.43564716e-09  9.89594800e-01  1.25579776e-03 
 2.64640000e-06 -3.60072095e-01 -1.43564916e-09  9.89594800e-01  1.25579776e-03 
 2.65140000e-06 -3.60072095e-01 -1.43565115e-09  9.89594800e-01  1.25579776e-03 
 2.65640000e-06 -3.60072095e-01 -1.43565282e-09  9.89594800e-01  1.25579776e-03 
 2.66140000e-06 -3.60072095e-01 -1.43565471e-09  9.89594800e-01  1.25579776e-03 
 2.66640000e-06 -3.60072095e-01 -1.43565682e-09  9.89594800e-01  1.25579776e-03 
 2.67140000e-06 -3.60072095e-01 -1.43565859e-09  9.89594800e-01  1.25579776e-03 
 2.67640000e-06 -3.60072095e-01 -1.43566004e-09  9.89594800e-01  1.25579776e-03 
 2.68140000e-06 -3.60072095e-01 -1.43566170e-09  9.89594800e-01  1.25579776e-03 
 2.68640000e-06 -3.60072095e-01 -1.43566370e-09  9.89594800e-01  1.25579776e-03 
 2.69140000e-06 -3.60072095e-01 -1.43566581e-09  9.89594800e-01  1.25579776e-03 
 2.69640000e-06 -3.60072095e-01 -1.43566825e-09  9.89594800e-01  1.25579776e-03 
 2.70140000e-06 -3.60072095e-01 -1.43567047e-09  9.89594800e-01  1.25579776e-03 
 2.70640000e-06 -3.60072095e-01 -1.43567203e-09  9.89594800e-01  1.25579776e-03 
 2.71140000e-06 -3.60072095e-01 -1.43567369e-09  9.89594800e-01  1.25579776e-03 
 2.71640000e-06 -3.60072095e-01 -1.43567558e-09  9.89594800e-01  1.25579776e-03 
 2.72140000e-06 -3.60072095e-01 -1.43567747e-09  9.89594800e-01  1.25579776e-03 
 2.72640000e-06 -3.60072095e-01 -1.43567958e-09  9.89594800e-01  1.25579776e-03 
 2.73140000e-06 -3.60072095e-01 -1.43568146e-09  9.89594800e-01  1.25579776e-03 
 2.73640000e-06 -3.60072095e-01 -1.43568279e-09  9.89594800e-01  1.25579776e-03 
 2.74140000e-06 -3.60072095e-01 -1.43568435e-09  9.89594800e-01  1.25579776e-03 
 2.74640000e-06 -3.60072095e-01 -1.43568624e-09  9.89594800e-01  1.25579776e-03 
 2.75140000e-06 -3.60072095e-01 -1.43568812e-09  9.89594800e-01  1.25579776e-03 
 2.75640000e-06 -3.60072095e-01 -1.43569012e-09  9.89594800e-01  1.25579776e-03 
 2.76140000e-06 -3.60072095e-01 -1.43569212e-09  9.89594800e-01  1.25579776e-03 
 2.76640000e-06 -3.60072095e-01 -1.43569390e-09  9.89594800e-01  1.25579776e-03 
 2.77140000e-06 -3.60072095e-01 -1.43569567e-09  9.89594800e-01  1.25579776e-03 
 2.77640000e-06 -3.60072095e-01 -1.43569800e-09  9.89594800e-01  1.25579776e-03 
 2.78140000e-06 -3.60072095e-01 -1.43570056e-09  9.89594800e-01  1.25579776e-03 
 2.78640000e-06 -3.60072095e-01 -1.43570289e-09  9.89594800e-01  1.25579776e-03 
 2.79140000e-06 -3.60072095e-01 -1.43570489e-09  9.89594800e-01  1.25579776e-03 
 2.79640000e-06 -3.60072095e-01 -1.43570655e-09  9.89594800e-01  1.25579776e-03 
 2.80140000e-06 -3.60072095e-01 -1.43570811e-09  9.89594800e-01  1.25579776e-03 
 2.80640000e-06 -3.60072095e-01 -1.43571000e-09  9.89594800e-01  1.25579776e-03 
 2.81140000e-06 -3.60072095e-01 -1.43571210e-09  9.89594800e-01  1.25579776e-03 
 2.81640000e-06 -3.60072095e-01 -1.43571444e-09  9.89594800e-01  1.25579776e-03 
 2.82140000e-06 -3.60072095e-01 -1.43571688e-09  9.89594800e-01  1.25579776e-03 
 2.82640000e-06 -3.60072095e-01 -1.43571921e-09  9.89594800e-01  1.25579776e-03 
 2.83140000e-06 -3.60072095e-01 -1.43572143e-09  9.89594800e-01  1.25579776e-03 
 2.83640000e-06 -3.60072095e-01 -1.43572343e-09  9.89594800e-01  1.25579776e-03 
 2.84140000e-06 -3.60072095e-01 -1.43572565e-09  9.89594800e-01  1.25579776e-03 
 2.84640000e-06 -3.60072095e-01 -1.43572776e-09  9.89594800e-01  1.25579776e-03 
 2.85140000e-06 -3.60072095e-01 -1.43572954e-09  9.89594800e-01  1.25579776e-03 
 2.85640000e-06 -3.60072095e-01 -1.43573153e-09  9.89594800e-01  1.25579776e-03 
 2.86140000e-06 -3.60072095e-01 -1.43573331e-09  9.89594800e-01  1.25579776e-03 
 2.86640000e-06 -3.60072095e-01 -1.43573475e-09  9.89594800e-01  1.25579776e-03 
 2.87140000e-06 -3.60072095e-01 -1.43573653e-09  9.89594800e-01  1.25579776e-03 
 2.87640000e-06 -3.60072095e-01 -1.43573842e-09  9.89594800e-01  1.25579776e-03 
 2.88140000e-06 -3.60072095e-01 -1.43574030e-09  9.89594800e-01  1.25579776e-03 
 2.88640000e-06 -3.60072095e-01 -1.43574230e-09  9.89594800e-01  1.25579776e-03 
 2.89140000e-06 -3.60072095e-01 -1.43574430e-09  9.89594800e-01  1.25579776e-03 
 2.89640000e-06 -3.60072095e-01 -1.43574630e-09  9.89594800e-01  1.25579776e-03 
 2.90140000e-06 -3.60072095e-01 -1.43574819e-09  9.89594800e-01  1.25579776e-03 
 2.90640000e-06 -3.60072095e-01 -1.43575007e-09  9.89594800e-01  1.25579776e-03 
 2.91140000e-06 -3.60072095e-01 -1.43575196e-09  9.89594800e-01  1.25579776e-03 
 2.91640000e-06 -3.60072095e-01 -1.43575374e-09  9.89594800e-01  1.25579776e-03 
 2.92140000e-06 -3.60072095e-01 -1.43575540e-09  9.89594800e-01  1.25579776e-03 
 2.92640000e-06 -3.60072095e-01 -1.43575707e-09  9.89594800e-01  1.25579776e-03 
 2.93140000e-06 -3.60072095e-01 -1.43575885e-09  9.89594800e-01  1.25579776e-03 
 2.93640000e-06 -3.60072095e-01 -1.43576073e-09  9.89594800e-01  1.25579776e-03 
 2.94140000e-06 -3.60072095e-01 -1.43576273e-09  9.89594800e-01  1.25579776e-03 
 2.94640000e-06 -3.60072095e-01 -1.43576473e-09  9.89594800e-01  1.25579776e-03 
 2.95140000e-06 -3.60072095e-01 -1.43576662e-09  9.89594800e-01  1.25579776e-03 
 2.95640000e-06 -3.60072095e-01 -1.43576862e-09  9.89594800e-01  1.25579776e-03 
 2.96140000e-06 -3.60072095e-01 -1.43577050e-09  9.89594800e-01  1.25579776e-03 
 2.96640000e-06 -3.60072095e-01 -1.43577239e-09  9.89594800e-01  1.25579776e-03 
 2.97140000e-06 -3.60072095e-01 -1.43577439e-09  9.89594800e-01  1.25579776e-03 
 2.97640000e-06 -3.60072095e-01 -1.43577639e-09  9.89594800e-01  1.25579776e-03 
 2.98140000e-06 -3.60072095e-01 -1.43577839e-09  9.89594800e-01  1.25579776e-03 
 2.98640000e-06 -3.60072095e-01 -1.43578027e-09  9.89594800e-01  1.25579776e-03 
 2.99140000e-06 -3.60072095e-01 -1.43578238e-09  9.89594800e-01  1.25579776e-03 
 2.99640000e-06 -3.60072095e-01 -1.43578449e-09  9.89594800e-01  1.25579776e-03 
 3.00140000e-06 -3.60072095e-01 -1.43578649e-09  9.89594800e-01  1.25579776e-03 
 3.00640000e-06 -3.60072095e-01 -1.43578871e-09  9.89594800e-01  1.25579776e-03 
 3.01140000e-06 -3.60072095e-01 -1.43579104e-09  9.89594800e-01  1.25579776e-03 
 3.01640000e-06 -3.60072095e-01 -1.43579315e-09  9.89594800e-01  1.25579776e-03 
 3.02140000e-06 -3.60072095e-01 -1.43579526e-09  9.89594800e-01  1.25579776e-03 
 3.02640000e-06 -3.60072095e-01 -1.43579726e-09  9.89594800e-01  1.25579776e-03 
 3.03140000e-06 -3.60072095e-01 -1.43579937e-09  9.89594800e-01  1.25579776e-03 
 3.03640000e-06 -3.60072095e-01 -1.43580148e-09  9.89594800e-01  1.25579776e-03 
 3.04140000e-06 -3.60072095e-01 -1.43580303e-09  9.89594800e-01  1.25579776e-03 
 3.04640000e-06 -3.60072095e-01 -1.43580459e-09  9.89594800e-01  1.25579776e-03 
 3.05140000e-06 -3.60072095e-01 -1.43580636e-09  9.89594800e-01  1.25579776e-03 
 3.05640000e-06 -3.60072095e-01 -1.43580814e-09  9.89594800e-01  1.25579776e-03 
 3.06140000e-06 -3.60072095e-01 -1.43581025e-09  9.89594800e-01  1.25579776e-03 
 3.06640000e-06 -3.60072095e-01 -1.43581258e-09  9.89594800e-01  1.25579776e-03 
 3.07140000e-06 -3.60072095e-01 -1.43581480e-09  9.89594800e-01  1.25579776e-03 
 3.07640000e-06 -3.60072095e-01 -1.43581702e-09  9.89594800e-01  1.25579776e-03 
 3.08140000e-06 -3.60072095e-01 -1.43581891e-09  9.89594800e-01  1.25579776e-03 
 3.08640000e-06 -3.60072095e-01 -1.43582091e-09  9.89594800e-01  1.25579776e-03 
 3.09140000e-06 -3.60072095e-01 -1.43582313e-09  9.89594800e-01  1.25579776e-03 
 3.09640000e-06 -3.60072095e-01 -1.43582524e-09  9.89594800e-01  1.25579776e-03 
 3.10140000e-06 -3.60072095e-01 -1.43582746e-09  9.89594800e-01  1.25579776e-03 
 3.10640000e-06 -3.60072095e-01 -1.43582990e-09  9.89594800e-01  1.25579776e-03 
 3.11140000e-06 -3.60072095e-01 -1.43583212e-09  9.89594800e-01  1.25579776e-03 
 3.11640000e-06 -3.60072095e-01 -1.43583379e-09  9.89594800e-01  1.25579776e-03 
 3.12140000e-06 -3.60072095e-01 -1.43583523e-09  9.89594800e-01  1.25579776e-03 
 3.12640000e-06 -3.60072095e-01 -1.43583689e-09  9.89594800e-01  1.25579776e-03 
 3.13140000e-06 -3.60072095e-01 -1.43583889e-09  9.89594800e-01  1.25579776e-03 
 3.13640000e-06 -3.60072095e-01 -1.43584111e-09  9.89594800e-01  1.25579776e-03 
 3.14140000e-06 -3.60072095e-01 -1.43584311e-09  9.89594800e-01  1.25579776e-03 
 3.14640000e-06 -3.60072095e-01 -1.43584489e-09  9.89594800e-01  1.25579776e-03 
 3.15140000e-06 -3.60072095e-01 -1.43584700e-09  9.89594800e-01  1.25579776e-03 
 3.15640000e-06 -3.60072095e-01 -1.43584911e-09  9.89594800e-01  1.25579776e-03 
 3.16140000e-06 -3.60072095e-01 -1.43585099e-09  9.89594800e-01  1.25579776e-03 
 3.16640000e-06 -3.60072095e-01 -1.43585288e-09  9.89594800e-01  1.25579776e-03 
 3.17140000e-06 -3.60072095e-01 -1.43585466e-09  9.89594800e-01  1.25579776e-03 
 3.17640000e-06 -3.60072095e-01 -1.43585643e-09  9.89594800e-01  1.25579776e-03 
 3.18140000e-06 -3.60072095e-01 -1.43585810e-09  9.89594800e-01  1.25579776e-03 
 3.18640000e-06 -3.60072095e-01 -1.43585976e-09  9.89594800e-01  1.25579776e-03 
 3.19140000e-06 -3.60072095e-01 -1.43586176e-09  9.89594800e-01  1.25579776e-03 
 3.19640000e-06 -3.60072095e-01 -1.43586387e-09  9.89594800e-01  1.25579776e-03 
 3.20140000e-06 -3.60072095e-01 -1.43586576e-09  9.89594800e-01  1.25579776e-03 
 3.20640000e-06 -3.60072095e-01 -1.43586754e-09  9.89594800e-01  1.25579776e-03 
 3.21140000e-06 -3.60072095e-01 -1.43586942e-09  9.89594800e-01  1.25579776e-03 
 3.21640000e-06 -3.60072095e-01 -1.43587131e-09  9.89594800e-01  1.25579776e-03 
 3.22140000e-06 -3.60072095e-01 -1.43587320e-09  9.89594800e-01  1.25579776e-03 
 3.22640000e-06 -3.60072095e-01 -1.43587509e-09  9.89594800e-01  1.25579776e-03 
 3.23140000e-06 -3.60072095e-01 -1.43587664e-09  9.89594800e-01  1.25579776e-03 
 3.23640000e-06 -3.60072095e-01 -1.43587797e-09  9.89594800e-01  1.25579776e-03 
 3.24140000e-06 -3.60072095e-01 -1.43587975e-09  9.89594800e-01  1.25579776e-03 
 3.24640000e-06 -3.60072095e-01 -1.43588186e-09  9.89594800e-01  1.25579776e-03 
 3.25140000e-06 -3.60072095e-01 -1.43588397e-09  9.89594800e-01  1.25579776e-03 
 3.25640000e-06 -3.60072095e-01 -1.43588597e-09  9.89594800e-01  1.25579776e-03 
 3.26140000e-06 -3.60072095e-01 -1.43588796e-09  9.89594800e-01  1.25579776e-03 
 3.26640000e-06 -3.60072095e-01 -1.43589041e-09  9.89594800e-01  1.25579776e-03 
 3.27140000e-06 -3.60072095e-01 -1.43589252e-09  9.89594800e-01  1.25579776e-03 
 3.27640000e-06 -3.60072095e-01 -1.43589407e-09  9.89594800e-01  1.25579776e-03 
 3.28140000e-06 -3.60072095e-01 -1.43589596e-09  9.89594800e-01  1.25579776e-03 
 3.28640000e-06 -3.60072095e-01 -1.43589796e-09  9.89594800e-01  1.25579776e-03 
 3.29140000e-06 -3.60072095e-01 -1.43589984e-09  9.89594800e-01  1.25579776e-03 
 3.29640000e-06 -3.60072095e-01 -1.43590206e-09  9.89594800e-01  1.25579776e-03 
 3.30140000e-06 -3.60072095e-01 -1.43590406e-09  9.89594800e-01  1.25579776e-03 
 3.30640000e-06 -3.60072095e-01 -1.43590562e-09  9.89594800e-01  1.25579776e-03 
 3.31140000e-06 -3.60072095e-01 -1.43590728e-09  9.89594800e-01  1.25579776e-03 
 3.31640000e-06 -3.60072095e-01 -1.43590906e-09  9.89594800e-01  1.25579776e-03 
 3.32140000e-06 -3.60072095e-01 -1.43591083e-09  9.89594800e-01  1.25579776e-03 
 3.32640000e-06 -3.60072095e-01 -1.43591261e-09  9.89594800e-01  1.25579776e-03 
 3.33140000e-06 -3.60072095e-01 -1.43591450e-09  9.89594800e-01  1.25579776e-03 
 3.33640000e-06 -3.60072095e-01 -1.43591616e-09  9.89594800e-01  1.25579776e-03 
 3.34140000e-06 -3.60072095e-01 -1.43591783e-09  9.89594800e-01  1.25579776e-03 
 3.34640000e-06 -3.60072095e-01 -1.43591972e-09  9.89594800e-01  1.25579776e-03 
 3.35140000e-06 -3.60072095e-01 -1.43592160e-09  9.89594800e-01  1.25579776e-03 
 3.35640000e-06 -3.60072095e-01 -1.43592349e-09  9.89594800e-01  1.25579776e-03 
 3.36140000e-06 -3.60072095e-01 -1.43592516e-09  9.89594800e-01  1.25579776e-03 
 3.36640000e-06 -3.60072095e-01 -1.43592671e-09  9.89594800e-01  1.25579776e-03 
 3.37140000e-06 -3.60072095e-01 -1.43592838e-09  9.89594800e-01  1.25579776e-03 
 3.37640000e-06 -3.60072095e-01 -1.43593015e-09  9.89594800e-01  1.25579776e-03 
 3.38140000e-06 -3.60072095e-01 -1.43593226e-09  9.89594800e-01  1.25579776e-03 
 3.38640000e-06 -3.60072095e-01 -1.43593459e-09  9.89594800e-01  1.25579776e-03 
 3.39140000e-06 -3.60072095e-01 -1.43593659e-09  9.89594800e-01  1.25579776e-03 
 3.39640000e-06 -3.60072095e-01 -1.43593837e-09  9.89594800e-01  1.25579776e-03 
 3.40140000e-06 -3.60072095e-01 -1.43594026e-09  9.89594800e-01  1.25579776e-03 
 3.40640000e-06 -3.60072095e-01 -1.43594203e-09  9.89594800e-01  1.25579776e-03 
 3.41140000e-06 -3.60072095e-01 -1.43594392e-09  9.89594800e-01  1.25579776e-03 
 3.41640000e-06 -3.60072095e-01 -1.43594603e-09  9.89594800e-01  1.25579776e-03 
 3.42140000e-06 -3.60072095e-01 -1.43594792e-09  9.89594800e-01  1.25579776e-03 
 3.42640000e-06 -3.60072095e-01 -1.43594969e-09  9.89594800e-01  1.25579776e-03 
 3.43140000e-06 -3.60072095e-01 -1.43595158e-09  9.89594800e-01  1.25579776e-03 
 3.43640000e-06 -3.60072095e-01 -1.43595347e-09  9.89594800e-01  1.25579776e-03 
 3.44140000e-06 -3.60072095e-01 -1.43595513e-09  9.89594800e-01  1.25579776e-03 
 3.44640000e-06 -3.60072095e-01 -1.43595680e-09  9.89594800e-01  1.25579776e-03 
 3.45140000e-06 -3.60072095e-01 -1.43595869e-09  9.89594800e-01  1.25579776e-03 
 3.45640000e-06 -3.60072095e-01 -1.43596068e-09  9.89594800e-01  1.25579776e-03 
 3.46140000e-06 -3.60072095e-01 -1.43596246e-09  9.89594800e-01  1.25579776e-03 
 3.46640000e-06 -3.60072095e-01 -1.43596424e-09  9.89594800e-01  1.25579776e-03 
 3.47140000e-06 -3.60072095e-01 -1.43596635e-09  9.89594800e-01  1.25579776e-03 
 3.47640000e-06 -3.60072095e-01 -1.43596857e-09  9.89594800e-01  1.25579776e-03 
 3.48140000e-06 -3.60072095e-01 -1.43597068e-09  9.89594800e-01  1.25579776e-03 
 3.48640000e-06 -3.60072095e-01 -1.43597245e-09  9.89594800e-01  1.25579776e-03 
 3.49140000e-06 -3.60072095e-01 -1.43597423e-09  9.89594800e-01  1.25579776e-03 
 3.49640000e-06 -3.60072095e-01 -1.43597578e-09  9.89594800e-01  1.25579776e-03 
 3.50140000e-06 -3.60072095e-01 -1.43597723e-09  9.89594800e-01  1.25579776e-03 
 3.50640000e-06 -3.60072095e-01 -1.43597900e-09  9.89594800e-01  1.25579776e-03 
 3.51140000e-06 -3.60072095e-01 -1.43598100e-09  9.89594800e-01  1.25579776e-03 
 3.51640000e-06 -3.60072095e-01 -1.43598311e-09  9.89594800e-01  1.25579776e-03 
 3.52140000e-06 -3.60072095e-01 -1.43598489e-09  9.89594800e-01  1.25579776e-03 
 3.52640000e-06 -3.60072095e-01 -1.43598655e-09  9.89594800e-01  1.25579776e-03 
 3.53140000e-06 -3.60072095e-01 -1.43598833e-09  9.89594800e-01  1.25579776e-03 
 3.53640000e-06 -3.60072095e-01 -1.43598999e-09  9.89594800e-01  1.25579776e-03 
 3.54140000e-06 -3.60072095e-01 -1.43599210e-09  9.89594800e-01  1.25579776e-03 
 3.54640000e-06 -3.60072095e-01 -1.43599455e-09  9.89594800e-01  1.25579776e-03 
 3.55140000e-06 -3.60072095e-01 -1.43599654e-09  9.89594800e-01  1.25579776e-03 
 3.55640000e-06 -3.60072095e-01 -1.43599821e-09  9.89594800e-01  1.25579776e-03 
 3.56140000e-06 -3.60072095e-01 -1.43599999e-09  9.89594800e-01  1.25579776e-03 
 3.56640000e-06 -3.60072095e-01 -1.43600187e-09  9.89594800e-01  1.25579776e-03 
 3.57140000e-06 -3.60072095e-01 -1.43600376e-09  9.89594800e-01  1.25579776e-03 
 3.57640000e-06 -3.60072095e-01 -1.43600565e-09  9.89594800e-01  1.25579776e-03 
 3.58140000e-06 -3.60072095e-01 -1.43600754e-09  9.89594800e-01  1.25579776e-03 
 3.58640000e-06 -3.60072095e-01 -1.43600931e-09  9.89594800e-01  1.25579776e-03 
 3.59140000e-06 -3.60072095e-01 -1.43601120e-09  9.89594800e-01  1.25579776e-03 
 3.59640000e-06 -3.60072095e-01 -1.43601309e-09  9.89594800e-01  1.25579776e-03 
 3.60140000e-06 -3.60072095e-01 -1.43601486e-09  9.89594800e-01  1.25579776e-03 
 3.60640000e-06 -3.60072095e-01 -1.43601686e-09  9.89594800e-01  1.25579776e-03 
 3.61140000e-06 -3.60072095e-01 -1.43601886e-09  9.89594800e-01  1.25579776e-03 
 3.61640000e-06 -3.60072095e-01 -1.43602086e-09  9.89594800e-01  1.25579776e-03 
 3.62140000e-06 -3.60072095e-01 -1.43602252e-09  9.89594800e-01  1.25579776e-03 
 3.62640000e-06 -3.60072095e-01 -1.43602419e-09  9.89594800e-01  1.25579776e-03 
 3.63140000e-06 -3.60072095e-01 -1.43602619e-09  9.89594800e-01  1.25579776e-03 
 3.63640000e-06 -3.60072095e-01 -1.43602819e-09  9.89594800e-01  1.25579776e-03 
 3.64140000e-06 -3.60072095e-01 -1.43603018e-09  9.89594800e-01  1.25579776e-03 
 3.64640000e-06 -3.60072095e-01 -1.43603229e-09  9.89594800e-01  1.25579776e-03 
 3.65140000e-06 -3.60072095e-01 -1.43603440e-09  9.89594800e-01  1.25579776e-03 
 3.65640000e-06 -3.60072095e-01 -1.43603662e-09  9.89594800e-01  1.25579776e-03 
 3.66140000e-06 -3.60072095e-01 -1.43603884e-09  9.89594800e-01  1.25579776e-03 
 3.66640000e-06 -3.60072095e-01 -1.43604095e-09  9.89594800e-01  1.25579776e-03 
 3.67140000e-06 -3.60072095e-01 -1.43604295e-09  9.89594800e-01  1.25579776e-03 
 3.67640000e-06 -3.60072095e-01 -1.43604484e-09  9.89594800e-01  1.25579776e-03 
 3.68140000e-06 -3.60072095e-01 -1.43604661e-09  9.89594800e-01  1.25579776e-03 
 3.68640000e-06 -3.60072095e-01 -1.43604817e-09  9.89594800e-01  1.25579776e-03 
 3.69140000e-06 -3.60072095e-01 -1.43605006e-09  9.89594800e-01  1.25579776e-03 
 3.69640000e-06 -3.60072095e-01 -1.43605183e-09  9.89594800e-01  1.25579776e-03 
 3.70140000e-06 -3.60072095e-01 -1.43605350e-09  9.89594800e-01  1.25579776e-03 
 3.70640000e-06 -3.60072095e-01 -1.43605550e-09  9.89594800e-01  1.25579776e-03 
 3.71140000e-06 -3.60072095e-01 -1.43605727e-09  9.89594800e-01  1.25579776e-03 
 3.71640000e-06 -3.60072095e-01 -1.43605861e-09  9.89594800e-01  1.25579776e-03 
 3.72140000e-06 -3.60072095e-01 -1.43606005e-09  9.89594800e-01  1.25579776e-03 
 3.72640000e-06 -3.60072095e-01 -1.43606171e-09  9.89594800e-01  1.25579776e-03 
 3.73140000e-06 -3.60072095e-01 -1.43606349e-09  9.89594800e-01  1.25579776e-03 
 3.73640000e-06 -3.60072095e-01 -1.43606549e-09  9.89594800e-01  1.25579776e-03 
 3.74140000e-06 -3.60072095e-01 -1.43606749e-09  9.89594800e-01  1.25579776e-03 
 3.74640000e-06 -3.60072095e-01 -1.43606926e-09  9.89594800e-01  1.25579776e-03 
 3.75140000e-06 -3.60072095e-01 -1.43607093e-09  9.89594800e-01  1.25579776e-03 
 3.75640000e-06 -3.60072095e-01 -1.43607259e-09  9.89594800e-01  1.25579776e-03 
 3.76140000e-06 -3.60072095e-01 -1.43607437e-09  9.89594800e-01  1.25579776e-03 
 3.76640000e-06 -3.60072095e-01 -1.43607626e-09  9.89594800e-01  1.25579776e-03 
 3.77140000e-06 -3.60072095e-01 -1.43607803e-09  9.89594800e-01  1.25579776e-03 
 3.77640000e-06 -3.60072095e-01 -1.43607992e-09  9.89594800e-01  1.25579776e-03 
 3.78140000e-06 -3.60072095e-01 -1.43608214e-09  9.89594800e-01  1.25579776e-03 
 3.78640000e-06 -3.60072095e-01 -1.43608425e-09  9.89594800e-01  1.25579776e-03 
 3.79140000e-06 -3.60072095e-01 -1.43608625e-09  9.89594800e-01  1.25579776e-03 
 3.79640000e-06 -3.60072095e-01 -1.43608847e-09  9.89594800e-01  1.25579776e-03 
 3.80140000e-06 -3.60072095e-01 -1.43609047e-09  9.89594800e-01  1.25579776e-03 
 3.80640000e-06 -3.60072095e-01 -1.43609213e-09  9.89594800e-01  1.25579776e-03 
 3.81140000e-06 -3.60072095e-01 -1.43609369e-09  9.89594800e-01  1.25579776e-03 
 3.81640000e-06 -3.60072095e-01 -1.43609524e-09  9.89594800e-01  1.25579776e-03 
 3.82140000e-06 -3.60072095e-01 -1.43609713e-09  9.89594800e-01  1.25579776e-03 
 3.82640000e-06 -3.60072095e-01 -1.43609913e-09  9.89594800e-01  1.25579776e-03 
 3.83140000e-06 -3.60072095e-01 -1.43610090e-09  9.89594800e-01  1.25579776e-03 
 3.83640000e-06 -3.60072095e-01 -1.43610257e-09  9.89594800e-01  1.25579776e-03 
 3.84140000e-06 -3.60072095e-01 -1.43610446e-09  9.89594800e-01  1.25579776e-03 
 3.84640000e-06 -3.60072095e-01 -1.43610646e-09  9.89594800e-01  1.25579776e-03 
 3.85140000e-06 -3.60072095e-01 -1.43610834e-09  9.89594800e-01  1.25579776e-03 
 3.85640000e-06 -3.60072095e-01 -1.43611034e-09  9.89594800e-01  1.25579776e-03 
 3.86140000e-06 -3.60072095e-01 -1.43611267e-09  9.89594800e-01  1.25579776e-03 
 3.86640000e-06 -3.60072095e-01 -1.43611512e-09  9.89594800e-01  1.25579776e-03 
 3.87140000e-06 -3.60072095e-01 -1.43611723e-09  9.89594800e-01  1.25579776e-03 
 3.87640000e-06 -3.60072095e-01 -1.43611911e-09  9.89594800e-01  1.25579776e-03 
 3.88140000e-06 -3.60072095e-01 -1.43612111e-09  9.89594800e-01  1.25579776e-03 
 3.88640000e-06 -3.60072095e-01 -1.43612300e-09  9.89594800e-01  1.25579776e-03 
 3.89140000e-06 -3.60072095e-01 -1.43612489e-09  9.89594800e-01  1.25579776e-03 
 3.89640000e-06 -3.60072095e-01 -1.43612677e-09  9.89594800e-01  1.25579776e-03 
 3.90140000e-06 -3.60072095e-01 -1.43612844e-09  9.89594800e-01  1.25579776e-03 
 3.90640000e-06 -3.60072095e-01 -1.43613021e-09  9.89594800e-01  1.25579776e-03 
 3.91140000e-06 -3.60072095e-01 -1.43613210e-09  9.89594800e-01  1.25579776e-03 
 3.91640000e-06 -3.60072095e-01 -1.43613421e-09  9.89594800e-01  1.25579776e-03 
 3.92140000e-06 -3.60072095e-01 -1.43613643e-09  9.89594800e-01  1.25579776e-03 
 3.92640000e-06 -3.60072095e-01 -1.43613854e-09  9.89594800e-01  1.25579776e-03 
 3.93140000e-06 -3.60072095e-01 -1.43614065e-09  9.89594800e-01  1.25579776e-03 
 3.93640000e-06 -3.60072095e-01 -1.43614265e-09  9.89594800e-01  1.25579776e-03 
 3.94140000e-06 -3.60072095e-01 -1.43614443e-09  9.89594800e-01  1.25579776e-03 
 3.94640000e-06 -3.60072095e-01 -1.43614609e-09  9.89594800e-01  1.25579776e-03 
 3.95140000e-06 -3.60072095e-01 -1.43614765e-09  9.89594800e-01  1.25579776e-03 
 3.95640000e-06 -3.60072095e-01 -1.43614942e-09  9.89594800e-01  1.25579776e-03 
 3.96140000e-06 -3.60072095e-01 -1.43615153e-09  9.89594800e-01  1.25579776e-03 
 3.96640000e-06 -3.60072095e-01 -1.43615364e-09  9.89594800e-01  1.25579776e-03 
 3.97140000e-06 -3.60072095e-01 -1.43615553e-09  9.89594800e-01  1.25579776e-03 
 3.97640000e-06 -3.60072095e-01 -1.43615730e-09  9.89594800e-01  1.25579776e-03 
 3.98140000e-06 -3.60072095e-01 -1.43615897e-09  9.89594800e-01  1.25579776e-03 
 3.98640000e-06 -3.60072095e-01 -1.43616063e-09  9.89594800e-01  1.25579776e-03 
 3.99140000e-06 -3.60072095e-01 -1.43616263e-09  9.89594800e-01  1.25579776e-03 
 3.99640000e-06 -3.60072095e-01 -1.43616474e-09  9.89594800e-01  1.25579776e-03 
 4.00140000e-06 -3.60072095e-01 -1.43616685e-09  9.89594800e-01  1.25579776e-03 
 4.00640000e-06 -3.60072095e-01 -1.43616863e-09  9.89594800e-01  1.25579776e-03 
 4.01140000e-06 -3.60072095e-01 -1.43617029e-09  9.89594800e-01  1.25579776e-03 
 4.01640000e-06 -3.60072095e-01 -1.43617218e-09  9.89594800e-01  1.25579776e-03 
 4.02140000e-06 -3.60072095e-01 -1.43617396e-09  9.89594800e-01  1.25579776e-03 
 4.02640000e-06 -3.60072095e-01 -1.43617562e-09  9.89594800e-01  1.25579776e-03 
 4.03140000e-06 -3.60072095e-01 -1.43617718e-09  9.89594800e-01  1.25579776e-03 
 4.03640000e-06 -3.60072095e-01 -1.43617884e-09  9.89594800e-01  1.25579776e-03 
 4.04140000e-06 -3.60072095e-01 -1.43618062e-09  9.89594800e-01  1.25579776e-03 
 4.04640000e-06 -3.60072095e-01 -1.43618262e-09  9.89594800e-01  1.25579776e-03 
 4.05140000e-06 -3.60072095e-01 -1.43618506e-09  9.89594800e-01  1.25579776e-03 
 4.05640000e-06 -3.60072095e-01 -1.43618772e-09  9.89594800e-01  1.25579776e-03 
 4.06140000e-06 -3.60072095e-01 -1.43619006e-09  9.89594800e-01  1.25579776e-03 
 4.06640000e-06 -3.60072095e-01 -1.43619217e-09  9.89594800e-01  1.25579776e-03 
 4.07140000e-06 -3.60072095e-01 -1.43619427e-09  9.89594800e-01  1.25579776e-03 
 4.07640000e-06 -3.60072095e-01 -1.43619616e-09  9.89594800e-01  1.25579776e-03 
 4.08140000e-06 -3.60072095e-01 -1.43619783e-09  9.89594800e-01  1.25579776e-03 
 4.08640000e-06 -3.60072095e-01 -1.43619949e-09  9.89594800e-01  1.25579776e-03 
 4.09140000e-06 -3.60072095e-01 -1.43620138e-09  9.89594800e-01  1.25579776e-03 
 4.09640000e-06 -3.60072095e-01 -1.43620349e-09  9.89594800e-01  1.25579776e-03 
 4.10140000e-06 -3.60072095e-01 -1.43620571e-09  9.89594800e-01  1.25579776e-03 
 4.10640000e-06 -3.60072095e-01 -1.43620771e-09  9.89594800e-01  1.25579776e-03 
 4.11140000e-06 -3.60072095e-01 -1.43620982e-09  9.89594800e-01  1.25579776e-03 
 4.11640000e-06 -3.60072095e-01 -1.43621193e-09  9.89594800e-01  1.25579776e-03 
 4.12140000e-06 -3.60072095e-01 -1.43621381e-09  9.89594800e-01  1.25579776e-03 
 4.12640000e-06 -3.60072095e-01 -1.43621559e-09  9.89594800e-01  1.25579776e-03 
 4.13140000e-06 -3.60072095e-01 -1.43621748e-09  9.89594800e-01  1.25579776e-03 
 4.13640000e-06 -3.60072095e-01 -1.43621970e-09  9.89594800e-01  1.25579776e-03 
 4.14140000e-06 -3.60072095e-01 -1.43622170e-09  9.89594800e-01  1.25579776e-03 
 4.14640000e-06 -3.60072095e-01 -1.43622325e-09  9.89594800e-01  1.25579776e-03 
 4.15140000e-06 -3.60072095e-01 -1.43622481e-09  9.89594800e-01  1.25579776e-03 
 4.15640000e-06 -3.60072095e-01 -1.43622669e-09  9.89594800e-01  1.25579776e-03 
 4.16140000e-06 -3.60072095e-01 -1.43622858e-09  9.89594800e-01  1.25579776e-03 
 4.16640000e-06 -3.60072095e-01 -1.43623047e-09  9.89594800e-01  1.25579776e-03 
 4.17140000e-06 -3.60072095e-01 -1.43623236e-09  9.89594800e-01  1.25579776e-03 
 4.17640000e-06 -3.60072095e-01 -1.43623380e-09  9.89594800e-01  1.25579776e-03 
 4.18140000e-06 -3.60072095e-01 -1.43623557e-09  9.89594800e-01  1.25579776e-03 
 4.18640000e-06 -3.60072095e-01 -1.43623780e-09  9.89594800e-01  1.25579776e-03 
 4.19140000e-06 -3.60072095e-01 -1.43623979e-09  9.89594800e-01  1.25579776e-03 
 4.19640000e-06 -3.60072095e-01 -1.43624168e-09  9.89594800e-01  1.25579776e-03 
 4.20140000e-06 -3.60072095e-01 -1.43624379e-09  9.89594800e-01  1.25579776e-03 
 4.20640000e-06 -3.60072095e-01 -1.43624590e-09  9.89594800e-01  1.25579776e-03 
 4.21140000e-06 -3.60072095e-01 -1.43624745e-09  9.89594800e-01  1.25579776e-03 
 4.21640000e-06 -3.60072095e-01 -1.43624901e-09  9.89594800e-01  1.25579776e-03 
 4.22140000e-06 -3.60072095e-01 -1.43625090e-09  9.89594800e-01  1.25579776e-03 
 4.22640000e-06 -3.60072095e-01 -1.43625267e-09  9.89594800e-01  1.25579776e-03 
 4.23140000e-06 -3.60072095e-01 -1.43625445e-09  9.89594800e-01  1.25579776e-03 
 4.23640000e-06 -3.60072095e-01 -1.43625634e-09  9.89594800e-01  1.25579776e-03 
 4.24140000e-06 -3.60072095e-01 -1.43625833e-09  9.89594800e-01  1.25579776e-03 
 4.24640000e-06 -3.60072095e-01 -1.43626033e-09  9.89594800e-01  1.25579776e-03 
 4.25140000e-06 -3.60072095e-01 -1.43626211e-09  9.89594800e-01  1.25579776e-03 
 4.25640000e-06 -3.60072095e-01 -1.43626389e-09  9.89594800e-01  1.25579776e-03 
 4.26140000e-06 -3.60072095e-01 -1.43626600e-09  9.89594800e-01  1.25579776e-03 
 4.26640000e-06 -3.60072095e-01 -1.43626810e-09  9.89594800e-01  1.25579776e-03 
 4.27140000e-06 -3.60072095e-01 -1.43626999e-09  9.89594800e-01  1.25579776e-03 
 4.27640000e-06 -3.60072095e-01 -1.43627199e-09  9.89594800e-01  1.25579776e-03 
 4.28140000e-06 -3.60072095e-01 -1.43627421e-09  9.89594800e-01  1.25579776e-03 
 4.28640000e-06 -3.60072095e-01 -1.43627632e-09  9.89594800e-01  1.25579776e-03 
 4.29140000e-06 -3.60072095e-01 -1.43627832e-09  9.89594800e-01  1.25579776e-03 
 4.29640000e-06 -3.60072095e-01 -1.43628021e-09  9.89594800e-01  1.25579776e-03 
 4.30140000e-06 -3.60072095e-01 -1.43628198e-09  9.89594800e-01  1.25579776e-03 
 4.30640000e-06 -3.60072095e-01 -1.43628376e-09  9.89594800e-01  1.25579776e-03 
 4.31140000e-06 -3.60072095e-01 -1.43628553e-09  9.89594800e-01  1.25579776e-03 
 4.31640000e-06 -3.60072095e-01 -1.43628753e-09  9.89594800e-01  1.25579776e-03 
 4.32140000e-06 -3.60072095e-01 -1.43628953e-09  9.89594800e-01  1.25579776e-03 
 4.32640000e-06 -3.60072095e-01 -1.43629142e-09  9.89594800e-01  1.25579776e-03 
 4.33140000e-06 -3.60072095e-01 -1.43629342e-09  9.89594800e-01  1.25579776e-03 
 4.33640000e-06 -3.60072095e-01 -1.43629564e-09  9.89594800e-01  1.25579776e-03 
 4.34140000e-06 -3.60072095e-01 -1.43629741e-09  9.89594800e-01  1.25579776e-03 
 4.34640000e-06 -3.60072095e-01 -1.43629875e-09  9.89594800e-01  1.25579776e-03 
 4.35140000e-06 -3.60072095e-01 -1.43630063e-09  9.89594800e-01  1.25579776e-03 
 4.35640000e-06 -3.60072095e-01 -1.43630263e-09  9.89594800e-01  1.25579776e-03 
 4.36140000e-06 -3.60072095e-01 -1.43630430e-09  9.89594800e-01  1.25579776e-03 
 4.36640000e-06 -3.60072095e-01 -1.43630607e-09  9.89594800e-01  1.25579776e-03 
 4.37140000e-06 -3.60072095e-01 -1.43630807e-09  9.89594800e-01  1.25579776e-03 
 4.37640000e-06 -3.60072095e-01 -1.43630996e-09  9.89594800e-01  1.25579776e-03 
 4.38140000e-06 -3.60072095e-01 -1.43631140e-09  9.89594800e-01  1.25579776e-03 
 4.38640000e-06 -3.60072095e-01 -1.43631296e-09  9.89594800e-01  1.25579776e-03 
 4.39140000e-06 -3.60072095e-01 -1.43631484e-09  9.89594800e-01  1.25579776e-03 
 4.39640000e-06 -3.60072095e-01 -1.43631662e-09  9.89594800e-01  1.25579776e-03 
 4.40140000e-06 -3.60072095e-01 -1.43631840e-09  9.89594800e-01  1.25579776e-03 
 4.40640000e-06 -3.60072095e-01 -1.43632051e-09  9.89594800e-01  1.25579776e-03 
 4.41140000e-06 -3.60072095e-01 -1.43632251e-09  9.89594800e-01  1.25579776e-03 
 4.41640000e-06 -3.60072095e-01 -1.43632406e-09  9.89594800e-01  1.25579776e-03 
 4.42140000e-06 -3.60072095e-01 -1.43632584e-09  9.89594800e-01  1.25579776e-03 
 4.42640000e-06 -3.60072095e-01 -1.43632761e-09  9.89594800e-01  1.25579776e-03 
 4.43140000e-06 -3.60072095e-01 -1.43632917e-09  9.89594800e-01  1.25579776e-03 
 4.43640000e-06 -3.60072095e-01 -1.43633072e-09  9.89594800e-01  1.25579776e-03 
 4.44140000e-06 -3.60072095e-01 -1.43633272e-09  9.89594800e-01  1.25579776e-03 
 4.44640000e-06 -3.60072095e-01 -1.43633483e-09  9.89594800e-01  1.25579776e-03 
 4.45140000e-06 -3.60072095e-01 -1.43633649e-09  9.89594800e-01  1.25579776e-03 
 4.45640000e-06 -3.60072095e-01 -1.43633838e-09  9.89594800e-01  1.25579776e-03 
 4.46140000e-06 -3.60072095e-01 -1.43634049e-09  9.89594800e-01  1.25579776e-03 
 4.46640000e-06 -3.60072095e-01 -1.43634260e-09  9.89594800e-01  1.25579776e-03 
 4.47140000e-06 -3.60072095e-01 -1.43634449e-09  9.89594800e-01  1.25579776e-03 
 4.47640000e-06 -3.60072095e-01 -1.43634615e-09  9.89594800e-01  1.25579776e-03 
 4.48140000e-06 -3.60072095e-01 -1.43634804e-09  9.89594800e-01  1.25579776e-03 
 4.48640000e-06 -3.60072095e-01 -1.43634993e-09  9.89594800e-01  1.25579776e-03 
 4.49140000e-06 -3.60072095e-01 -1.43635170e-09  9.89594800e-01  1.25579776e-03 
 4.49640000e-06 -3.60072095e-01 -1.43635348e-09  9.89594800e-01  1.25579776e-03 
 4.50140000e-06 -3.60072095e-01 -1.43635515e-09  9.89594800e-01  1.25579776e-03 
 4.50640000e-06 -3.60072095e-01 -1.43635703e-09  9.89594800e-01  1.25579776e-03 
 4.51140000e-06 -3.60072095e-01 -1.43635870e-09  9.89594800e-01  1.25579776e-03 
 4.51640000e-06 -3.60072095e-01 -1.43636025e-09  9.89594800e-01  1.25579776e-03 
 4.52140000e-06 -3.60072095e-01 -1.43636214e-09  9.89594800e-01  1.25579776e-03 
 4.52640000e-06 -3.60072095e-01 -1.43636425e-09  9.89594800e-01  1.25579776e-03 
 4.53140000e-06 -3.60072095e-01 -1.43636636e-09  9.89594800e-01  1.25579776e-03 
 4.53640000e-06 -3.60072095e-01 -1.43636836e-09  9.89594800e-01  1.25579776e-03 
 4.54140000e-06 -3.60072095e-01 -1.43637036e-09  9.89594800e-01  1.25579776e-03 
 4.54640000e-06 -3.60072095e-01 -1.43637213e-09  9.89594800e-01  1.25579776e-03 
 4.55140000e-06 -3.60072095e-01 -1.43637358e-09  9.89594800e-01  1.25579776e-03 
 4.55640000e-06 -3.60072095e-01 -1.43637491e-09  9.89594800e-01  1.25579776e-03 
 4.56140000e-06 -3.60072095e-01 -1.43637680e-09  9.89594800e-01  1.25579776e-03 
 4.56640000e-06 -3.60072095e-01 -1.43637890e-09  9.89594800e-01  1.25579776e-03 
 4.57140000e-06 -3.60072095e-01 -1.43638090e-09  9.89594800e-01  1.25579776e-03 
 4.57640000e-06 -3.60072095e-01 -1.43638290e-09  9.89594800e-01  1.25579776e-03 
 4.58140000e-06 -3.60072095e-01 -1.43638501e-09  9.89594800e-01  1.25579776e-03 
 4.58640000e-06 -3.60072095e-01 -1.43638712e-09  9.89594800e-01  1.25579776e-03 
 4.59140000e-06 -3.60072095e-01 -1.43638923e-09  9.89594800e-01  1.25579776e-03 
 4.59640000e-06 -3.60072095e-01 -1.43639156e-09  9.89594800e-01  1.25579776e-03 
 4.60140000e-06 -3.60072095e-01 -1.43639378e-09  9.89594800e-01  1.25579776e-03 
 4.60640000e-06 -3.60072095e-01 -1.43639545e-09  9.89594800e-01  1.25579776e-03 
 4.61140000e-06 -3.60072095e-01 -1.43639700e-09  9.89594800e-01  1.25579776e-03 
 4.61640000e-06 -3.60072095e-01 -1.43639878e-09  9.89594800e-01  1.25579776e-03 
 4.62140000e-06 -3.60072095e-01 -1.43640067e-09  9.89594800e-01  1.25579776e-03 
 4.62640000e-06 -3.60072095e-01 -1.43640255e-09  9.89594800e-01  1.25579776e-03 
 4.63140000e-06 -3.60072095e-01 -1.43640455e-09  9.89594800e-01  1.25579776e-03 
 4.63640000e-06 -3.60072095e-01 -1.43640655e-09  9.89594800e-01  1.25579776e-03 
 4.64140000e-06 -3.60072095e-01 -1.43640844e-09  9.89594800e-01  1.25579776e-03 
 4.64640000e-06 -3.60072095e-01 -1.43641044e-09  9.89594800e-01  1.25579776e-03 
 4.65140000e-06 -3.60072095e-01 -1.43641243e-09  9.89594800e-01  1.25579776e-03 
 4.65640000e-06 -3.60072095e-01 -1.43641421e-09  9.89594800e-01  1.25579776e-03 
 4.66140000e-06 -3.60072095e-01 -1.43641565e-09  9.89594800e-01  1.25579776e-03 
 4.66640000e-06 -3.60072095e-01 -1.43641710e-09  9.89594800e-01  1.25579776e-03 
 4.67140000e-06 -3.60072095e-01 -1.43641876e-09  9.89594800e-01  1.25579776e-03 
 4.67640000e-06 -3.60072095e-01 -1.43642065e-09  9.89594800e-01  1.25579776e-03 
 4.68140000e-06 -3.60072095e-01 -1.43642276e-09  9.89594800e-01  1.25579776e-03 
 4.68640000e-06 -3.60072095e-01 -1.43642509e-09  9.89594800e-01  1.25579776e-03 
 4.69140000e-06 -3.60072095e-01 -1.43642742e-09  9.89594800e-01  1.25579776e-03 
 4.69640000e-06 -3.60072095e-01 -1.43642964e-09  9.89594800e-01  1.25579776e-03 
 4.70140000e-06 -3.60072095e-01 -1.43643197e-09  9.89594800e-01  1.25579776e-03 
 4.70640000e-06 -3.60072095e-01 -1.43643430e-09  9.89594800e-01  1.25579776e-03 
 4.71140000e-06 -3.60072095e-01 -1.43643664e-09  9.89594800e-01  1.25579776e-03 
 4.71640000e-06 -3.60072095e-01 -1.43643886e-09  9.89594800e-01  1.25579776e-03 
 4.72140000e-06 -3.60072095e-01 -1.43644119e-09  9.89594800e-01  1.25579776e-03 
 4.72640000e-06 -3.60072095e-01 -1.43644374e-09  9.89594800e-01  1.25579776e-03 
 4.73140000e-06 -3.60072095e-01 -1.43644596e-09  9.89594800e-01  1.25579776e-03 
 4.73640000e-06 -3.60072095e-01 -1.43644796e-09  9.89594800e-01  1.25579776e-03 
 4.74140000e-06 -3.60072095e-01 -1.43644996e-09  9.89594800e-01  1.25579776e-03 
 4.74640000e-06 -3.60072095e-01 -1.43645196e-09  9.89594800e-01  1.25579776e-03 
 4.75140000e-06 -3.60072095e-01 -1.43645384e-09  9.89594800e-01  1.25579776e-03 
 4.75640000e-06 -3.60072095e-01 -1.43645584e-09  9.89594800e-01  1.25579776e-03 
 4.76140000e-06 -3.60072095e-01 -1.43645817e-09  9.89594800e-01  1.25579776e-03 
 4.76640000e-06 -3.60072095e-01 -1.43646051e-09  9.89594800e-01  1.25579776e-03 
 4.77140000e-06 -3.60072095e-01 -1.43646250e-09  9.89594800e-01  1.25579776e-03 
 4.77640000e-06 -3.60072095e-01 -1.43646417e-09  9.89594800e-01  1.25579776e-03 
 4.78140000e-06 -3.60072095e-01 -1.43646617e-09  9.89594800e-01  1.25579776e-03 
 4.78640000e-06 -3.60072095e-01 -1.43646817e-09  9.89594800e-01  1.25579776e-03 
 4.79140000e-06 -3.60072095e-01 -1.43646994e-09  9.89594800e-01  1.25579776e-03 
 4.79640000e-06 -3.60072095e-01 -1.43647205e-09  9.89594800e-01  1.25579776e-03 
 4.80140000e-06 -3.60072095e-01 -1.43647416e-09  9.89594800e-01  1.25579776e-03 
 4.80640000e-06 -3.60072095e-01 -1.43647594e-09  9.89594800e-01  1.25579776e-03 
 4.81140000e-06 -3.60072095e-01 -1.43647760e-09  9.89594800e-01  1.25579776e-03 
 4.81640000e-06 -3.60072095e-01 -1.43647949e-09  9.89594800e-01  1.25579776e-03 
 4.82140000e-06 -3.60072095e-01 -1.43648171e-09  9.89594800e-01  1.25579776e-03 
 4.82640000e-06 -3.60072095e-01 -1.43648382e-09  9.89594800e-01  1.25579776e-03 
 4.83140000e-06 -3.60072095e-01 -1.43648560e-09  9.89594800e-01  1.25579776e-03 
 4.83640000e-06 -3.60072095e-01 -1.43648726e-09  9.89594800e-01  1.25579776e-03 
 4.84140000e-06 -3.60072095e-01 -1.43648893e-09  9.89594800e-01  1.25579776e-03 
 4.84640000e-06 -3.60072095e-01 -1.43649115e-09  9.89594800e-01  1.25579776e-03 
 4.85140000e-06 -3.60072095e-01 -1.43649359e-09  9.89594800e-01  1.25579776e-03 
 4.85640000e-06 -3.60072095e-01 -1.43649581e-09  9.89594800e-01  1.25579776e-03 
 4.86140000e-06 -3.60072095e-01 -1.43649803e-09  9.89594800e-01  1.25579776e-03 
 4.86640000e-06 -3.60072095e-01 -1.43650003e-09  9.89594800e-01  1.25579776e-03 
 4.87140000e-06 -3.60072095e-01 -1.43650214e-09  9.89594800e-01  1.25579776e-03 
 4.87640000e-06 -3.60072095e-01 -1.43650436e-09  9.89594800e-01  1.25579776e-03 
 4.88140000e-06 -3.60072095e-01 -1.43650680e-09  9.89594800e-01  1.25579776e-03 
 4.88640000e-06 -3.60072095e-01 -1.43650958e-09  9.89594800e-01  1.25579776e-03 
 4.89140000e-06 -3.60072095e-01 -1.43651191e-09  9.89594800e-01  1.25579776e-03 
 4.89640000e-06 -3.60072095e-01 -1.43651402e-09  9.89594800e-01  1.25579776e-03 
 4.90140000e-06 -3.60072095e-01 -1.43651635e-09  9.89594800e-01  1.25579776e-03 
 4.90640000e-06 -3.60072095e-01 -1.43651879e-09  9.89594800e-01  1.25579776e-03 
 4.91140000e-06 -3.60072095e-01 -1.43652101e-09  9.89594800e-01  1.25579776e-03 
 4.91640000e-06 -3.60072095e-01 -1.43652312e-09  9.89594800e-01  1.25579776e-03 
 4.92140000e-06 -3.60072095e-01 -1.43652523e-09  9.89594800e-01  1.25579776e-03 
 4.92640000e-06 -3.60072095e-01 -1.43652756e-09  9.89594800e-01  1.25579776e-03 
 4.93140000e-06 -3.60072095e-01 -1.43652978e-09  9.89594800e-01  1.25579776e-03 
 4.93640000e-06 -3.60072095e-01 -1.43653178e-09  9.89594800e-01  1.25579776e-03 
 4.94140000e-06 -3.60072095e-01 -1.43653400e-09  9.89594800e-01  1.25579776e-03 
 4.94640000e-06 -3.60072095e-01 -1.43653645e-09  9.89594800e-01  1.25579776e-03 
 4.95140000e-06 -3.60072095e-01 -1.43653900e-09  9.89594800e-01  1.25579776e-03 
 4.95640000e-06 -3.60072095e-01 -1.43654144e-09  9.89594800e-01  1.25579776e-03 
 4.96140000e-06 -3.60072095e-01 -1.43654377e-09  9.89594800e-01  1.25579776e-03 
 4.96640000e-06 -3.60072095e-01 -1.43654599e-09  9.89594800e-01  1.25579776e-03 
 4.97140000e-06 -3.60072095e-01 -1.43654810e-09  9.89594800e-01  1.25579776e-03 
 4.97640000e-06 -3.60072095e-01 -1.43655032e-09  9.89594800e-01  1.25579776e-03 
 4.98140000e-06 -3.60072095e-01 -1.43655265e-09  9.89594800e-01  1.25579776e-03 
 4.98640000e-06 -3.60072095e-01 -1.43655499e-09  9.89594800e-01  1.25579776e-03 
 4.99140000e-06 -3.60072095e-01 -1.43655710e-09  9.89594800e-01  1.25579776e-03 
 4.99640000e-06 -3.60072095e-01 -1.43655909e-09  9.89594800e-01  1.25579776e-03 
 5.00140000e-06 -3.60072095e-01 -1.43656120e-09  9.89594800e-01  1.25579776e-03 
 5.00640000e-06 -3.60072095e-01 -1.43656320e-09  9.89594800e-01  1.25579776e-03 
 5.01140000e-06 -3.60072095e-01 -1.43656520e-09  9.89594800e-01  1.25579776e-03 
 5.01640000e-06 -3.60072095e-01 -1.43656720e-09  9.89594800e-01  1.25579776e-03 
 5.02140000e-06 -3.60072095e-01 -1.43656909e-09  9.89594800e-01  1.25579776e-03 
 5.02640000e-06 -3.60072095e-01 -1.43657108e-09  9.89594800e-01  1.25579776e-03 
 5.03140000e-06 -3.60072095e-01 -1.43657342e-09  9.89594800e-01  1.25579776e-03 
 5.03640000e-06 -3.60072095e-01 -1.43657575e-09  9.89594800e-01  1.25579776e-03 
 5.04140000e-06 -3.60072095e-01 -1.43657797e-09  9.89594800e-01  1.25579776e-03 
 5.04640000e-06 -3.60072095e-01 -1.43658030e-09  9.89594800e-01  1.25579776e-03 
 5.05140000e-06 -3.60072095e-01 -1.43658252e-09  9.89594800e-01  1.25579776e-03 
 5.05640000e-06 -3.60072095e-01 -1.43658463e-09  9.89594800e-01  1.25579776e-03 
 5.06140000e-06 -3.60072095e-01 -1.43658685e-09  9.89594800e-01  1.25579776e-03 
 5.06640000e-06 -3.60072095e-01 -1.43658918e-09  9.89594800e-01  1.25579776e-03 
 5.07140000e-06 -3.60072095e-01 -1.43659140e-09  9.89594800e-01  1.25579776e-03 
 5.07640000e-06 -3.60072095e-01 -1.43659362e-09  9.89594800e-01  1.25579776e-03 
 5.08140000e-06 -3.60072095e-01 -1.43659606e-09  9.89594800e-01  1.25579776e-03 
 5.08640000e-06 -3.60072095e-01 -1.43659840e-09  9.89594800e-01  1.25579776e-03 
 5.09140000e-06 -3.60072095e-01 -1.43660028e-09  9.89594800e-01  1.25579776e-03 
 5.09640000e-06 -3.60072095e-01 -1.43660217e-09  9.89594800e-01  1.25579776e-03 
 5.10140000e-06 -3.60072095e-01 -1.43660439e-09  9.89594800e-01  1.25579776e-03 
 5.10640000e-06 -3.60072095e-01 -1.43660672e-09  9.89594800e-01  1.25579776e-03 
 5.11140000e-06 -3.60072095e-01 -1.43660894e-09  9.89594800e-01  1.25579776e-03 
 5.11640000e-06 -3.60072095e-01 -1.43661116e-09  9.89594800e-01  1.25579776e-03 
 5.12140000e-06 -3.60072095e-01 -1.43661361e-09  9.89594800e-01  1.25579776e-03 
 5.12640000e-06 -3.60072095e-01 -1.43661605e-09  9.89594800e-01  1.25579776e-03 
 5.13140000e-06 -3.60072095e-01 -1.43661849e-09  9.89594800e-01  1.25579776e-03 
 5.13640000e-06 -3.60072095e-01 -1.43662093e-09  9.89594800e-01  1.25579776e-03 
 5.14140000e-06 -3.60072095e-01 -1.43662315e-09  9.89594800e-01  1.25579776e-03 
 5.14640000e-06 -3.60072095e-01 -1.43662560e-09  9.89594800e-01  1.25579776e-03 
 5.15140000e-06 -3.60072095e-01 -1.43662826e-09  9.89594800e-01  1.25579776e-03 
 5.15640000e-06 -3.60072095e-01 -1.43663059e-09  9.89594800e-01  1.25579776e-03 
 5.16140000e-06 -3.60072095e-01 -1.43663270e-09  9.89594800e-01  1.25579776e-03 
 5.16640000e-06 -3.60072095e-01 -1.43663492e-09  9.89594800e-01  1.25579776e-03 
 5.17140000e-06 -3.60072095e-01 -1.43663725e-09  9.89594800e-01  1.25579776e-03 
 5.17640000e-06 -3.60072095e-01 -1.43663947e-09  9.89594800e-01  1.25579776e-03 
 5.18140000e-06 -3.60072095e-01 -1.43664169e-09  9.89594800e-01  1.25579776e-03 
 5.18640000e-06 -3.60072095e-01 -1.43664425e-09  9.89594800e-01  1.25579776e-03 
 5.19140000e-06 -3.60072095e-01 -1.43664669e-09  9.89594800e-01  1.25579776e-03 
 5.19640000e-06 -3.60072095e-01 -1.43664869e-09  9.89594800e-01  1.25579776e-03 
 5.20140000e-06 -3.60072095e-01 -1.43665102e-09  9.89594800e-01  1.25579776e-03 
 5.20640000e-06 -3.60072095e-01 -1.43665346e-09  9.89594800e-01  1.25579776e-03 
 5.21140000e-06 -3.60072095e-01 -1.43665557e-09  9.89594800e-01  1.25579776e-03 
 5.21640000e-06 -3.60072095e-01 -1.43665779e-09  9.89594800e-01  1.25579776e-03 
 5.22140000e-06 -3.60072095e-01 -1.43666001e-09  9.89594800e-01  1.25579776e-03 
 5.22640000e-06 -3.60072095e-01 -1.43666212e-09  9.89594800e-01  1.25579776e-03 
 5.23140000e-06 -3.60072095e-01 -1.43666423e-09  9.89594800e-01  1.25579776e-03 
 5.23640000e-06 -3.60072095e-01 -1.43666645e-09  9.89594800e-01  1.25579776e-03 
 5.24140000e-06 -3.60072095e-01 -1.43666878e-09  9.89594800e-01  1.25579776e-03 
 5.24640000e-06 -3.60072095e-01 -1.43667112e-09  9.89594800e-01  1.25579776e-03 
 5.25140000e-06 -3.60072095e-01 -1.43667345e-09  9.89594800e-01  1.25579776e-03 
 5.25640000e-06 -3.60072095e-01 -1.43667589e-09  9.89594800e-01  1.25579776e-03 
 5.26140000e-06 -3.60072095e-01 -1.43667833e-09  9.89594800e-01  1.25579776e-03 
 5.26640000e-06 -3.60072095e-01 -1.43668055e-09  9.89594800e-01  1.25579776e-03 
 5.27140000e-06 -3.60072095e-01 -1.43668277e-09  9.89594800e-01  1.25579776e-03 
 5.27640000e-06 -3.60072095e-01 -1.43668488e-09  9.89594800e-01  1.25579776e-03 
 5.28140000e-06 -3.60072095e-01 -1.43668699e-09  9.89594800e-01  1.25579776e-03 
 5.28640000e-06 -3.60072095e-01 -1.43668921e-09  9.89594800e-01  1.25579776e-03 
 5.29140000e-06 -3.60072095e-01 -1.43669143e-09  9.89594800e-01  1.25579776e-03 
 5.29640000e-06 -3.60072095e-01 -1.43669365e-09  9.89594800e-01  1.25579776e-03 
 5.30140000e-06 -3.60072095e-01 -1.43669587e-09  9.89594800e-01  1.25579776e-03 
 5.30640000e-06 -3.60072095e-01 -1.43669820e-09  9.89594800e-01  1.25579776e-03 
 5.31140000e-06 -3.60072095e-01 -1.43670065e-09  9.89594800e-01  1.25579776e-03 
 5.31640000e-06 -3.60072095e-01 -1.43670320e-09  9.89594800e-01  1.25579776e-03 
 5.32140000e-06 -3.60072095e-01 -1.43670542e-09  9.89594800e-01  1.25579776e-03 
 5.32640000e-06 -3.60072095e-01 -1.43670742e-09  9.89594800e-01  1.25579776e-03 
 5.33140000e-06 -3.60072095e-01 -1.43670964e-09  9.89594800e-01  1.25579776e-03 
 5.33640000e-06 -3.60072095e-01 -1.43671197e-09  9.89594800e-01  1.25579776e-03 
 5.34140000e-06 -3.60072095e-01 -1.43671408e-09  9.89594800e-01  1.25579776e-03 
 5.34640000e-06 -3.60072095e-01 -1.43671630e-09  9.89594800e-01  1.25579776e-03 
 5.35140000e-06 -3.60072095e-01 -1.43671897e-09  9.89594800e-01  1.25579776e-03 
 5.35640000e-06 -3.60072095e-01 -1.43672163e-09  9.89594800e-01  1.25579776e-03 
 5.36140000e-06 -3.60072095e-01 -1.43672407e-09  9.89594800e-01  1.25579776e-03 
 5.36640000e-06 -3.60072095e-01 -1.43672607e-09  9.89594800e-01  1.25579776e-03 
 5.37140000e-06 -3.60072095e-01 -1.43672818e-09  9.89594800e-01  1.25579776e-03 
 5.37640000e-06 -3.60072095e-01 -1.43673051e-09  9.89594800e-01  1.25579776e-03 
 5.38140000e-06 -3.60072095e-01 -1.43673273e-09  9.89594800e-01  1.25579776e-03 
 5.38640000e-06 -3.60072095e-01 -1.43673506e-09  9.89594800e-01  1.25579776e-03 
 5.39140000e-06 -3.60072095e-01 -1.43673762e-09  9.89594800e-01  1.25579776e-03 
 5.39640000e-06 -3.60072095e-01 -1.43674039e-09  9.89594800e-01  1.25579776e-03 
 5.40140000e-06 -3.60072095e-01 -1.43674284e-09  9.89594800e-01  1.25579776e-03 
 5.40640000e-06 -3.60072095e-01 -1.43674506e-09  9.89594800e-01  1.25579776e-03 
 5.41140000e-06 -3.60072095e-01 -1.43674739e-09  9.89594800e-01  1.25579776e-03 
 5.41640000e-06 -3.60072095e-01 -1.43674961e-09  9.89594800e-01  1.25579776e-03 
 5.42140000e-06 -3.60072095e-01 -1.43675205e-09  9.89594800e-01  1.25579776e-03 
 5.42640000e-06 -3.60072095e-01 -1.43675427e-09  9.89594800e-01  1.25579776e-03 
 5.43140000e-06 -3.60072095e-01 -1.43675605e-09  9.89594800e-01  1.25579776e-03 
 5.43640000e-06 -3.60072095e-01 -1.43675816e-09  9.89594800e-01  1.25579776e-03 
 5.44140000e-06 -3.60072095e-01 -1.43676049e-09  9.89594800e-01  1.25579776e-03 
 5.44640000e-06 -3.60072095e-01 -1.43676238e-09  9.89594800e-01  1.25579776e-03 
 5.45140000e-06 -3.60072095e-01 -1.43676460e-09  9.89594800e-01  1.25579776e-03 
 5.45640000e-06 -3.60072095e-01 -1.43676715e-09  9.89594800e-01  1.25579776e-03 
 5.46140000e-06 -3.60072095e-01 -1.43676915e-09  9.89594800e-01  1.25579776e-03 
 5.46640000e-06 -3.60072095e-01 -1.43677104e-09  9.89594800e-01  1.25579776e-03 
 5.47140000e-06 -3.60072095e-01 -1.43677326e-09  9.89594800e-01  1.25579776e-03 
 5.47640000e-06 -3.60072095e-01 -1.43677570e-09  9.89594800e-01  1.25579776e-03 
 5.48140000e-06 -3.60072095e-01 -1.43677803e-09  9.89594800e-01  1.25579776e-03 
 5.48640000e-06 -3.60072095e-01 -1.43678047e-09  9.89594800e-01  1.25579776e-03 
 5.49140000e-06 -3.60072095e-01 -1.43678291e-09  9.89594800e-01  1.25579776e-03 
 5.49640000e-06 -3.60072095e-01 -1.43678547e-09  9.89594800e-01  1.25579776e-03 
 5.50140000e-06 -3.60072095e-01 -1.43678780e-09  9.89594800e-01  1.25579776e-03 
 5.50640000e-06 -3.60072095e-01 -1.43678980e-09  9.89594800e-01  1.25579776e-03 
 5.51140000e-06 -3.60072095e-01 -1.43679191e-09  9.89594800e-01  1.25579776e-03 
 5.51640000e-06 -3.60072095e-01 -1.43679391e-09  9.89594800e-01  1.25579776e-03 
 5.52140000e-06 -3.60072095e-01 -1.43679579e-09  9.89594800e-01  1.25579776e-03 
 5.52640000e-06 -3.60072095e-01 -1.43679779e-09  9.89594800e-01  1.25579776e-03 
 5.53140000e-06 -3.60072095e-01 -1.43680001e-09  9.89594800e-01  1.25579776e-03 
 5.53640000e-06 -3.60072095e-01 -1.43680245e-09  9.89594800e-01  1.25579776e-03 
 5.54140000e-06 -3.60072095e-01 -1.43680456e-09  9.89594800e-01  1.25579776e-03 
 5.54640000e-06 -3.60072095e-01 -1.43680634e-09  9.89594800e-01  1.25579776e-03 
 5.55140000e-06 -3.60072095e-01 -1.43680834e-09  9.89594800e-01  1.25579776e-03 
 5.55640000e-06 -3.60072095e-01 -1.43681045e-09  9.89594800e-01  1.25579776e-03 
 5.56140000e-06 -3.60072095e-01 -1.43681278e-09  9.89594800e-01  1.25579776e-03 
 5.56640000e-06 -3.60072095e-01 -1.43681511e-09  9.89594800e-01  1.25579776e-03 
 5.57140000e-06 -3.60072095e-01 -1.43681744e-09  9.89594800e-01  1.25579776e-03 
 5.57640000e-06 -3.60072095e-01 -1.43681977e-09  9.89594800e-01  1.25579776e-03 
 5.58140000e-06 -3.60072095e-01 -1.43682188e-09  9.89594800e-01  1.25579776e-03 
 5.58640000e-06 -3.60072095e-01 -1.43682399e-09  9.89594800e-01  1.25579776e-03 
 5.59140000e-06 -3.60072095e-01 -1.43682644e-09  9.89594800e-01  1.25579776e-03 
 5.59640000e-06 -3.60072095e-01 -1.43682921e-09  9.89594800e-01  1.25579776e-03 
 5.60140000e-06 -3.60072095e-01 -1.43683165e-09  9.89594800e-01  1.25579776e-03 
 5.60640000e-06 -3.60072095e-01 -1.43683399e-09  9.89594800e-01  1.25579776e-03 
 5.61140000e-06 -3.60072095e-01 -1.43683643e-09  9.89594800e-01  1.25579776e-03 
 5.61640000e-06 -3.60072095e-01 -1.43683887e-09  9.89594800e-01  1.25579776e-03 
 5.62140000e-06 -3.60072095e-01 -1.43684131e-09  9.89594800e-01  1.25579776e-03 
 5.62640000e-06 -3.60072095e-01 -1.43684342e-09  9.89594800e-01  1.25579776e-03 
 5.63140000e-06 -3.60072095e-01 -1.43684542e-09  9.89594800e-01  1.25579776e-03 
 5.63640000e-06 -3.60072095e-01 -1.43684775e-09  9.89594800e-01  1.25579776e-03 
 5.64140000e-06 -3.60072095e-01 -1.43685042e-09  9.89594800e-01  1.25579776e-03 
 5.64640000e-06 -3.60072095e-01 -1.43685330e-09  9.89594800e-01  1.25579776e-03 
 5.65140000e-06 -3.60072095e-01 -1.43685586e-09  9.89594800e-01  1.25579776e-03 
 5.65640000e-06 -3.60072095e-01 -1.43685785e-09  9.89594800e-01  1.25579776e-03 
 5.66140000e-06 -3.60072095e-01 -1.43686008e-09  9.89594800e-01  1.25579776e-03 
 5.66640000e-06 -3.60072095e-01 -1.43686218e-09  9.89594800e-01  1.25579776e-03 
 5.67140000e-06 -3.60072095e-01 -1.43686396e-09  9.89594800e-01  1.25579776e-03 
 5.67640000e-06 -3.60072095e-01 -1.43686640e-09  9.89594800e-01  1.25579776e-03 
 5.68140000e-06 -3.60072095e-01 -1.43686907e-09  9.89594800e-01  1.25579776e-03 
 5.68640000e-06 -3.60072095e-01 -1.43687118e-09  9.89594800e-01  1.25579776e-03 
 5.69140000e-06 -3.60072095e-01 -1.43687318e-09  9.89594800e-01  1.25579776e-03 
 5.69640000e-06 -3.60072095e-01 -1.43687529e-09  9.89594800e-01  1.25579776e-03 
 5.70140000e-06 -3.60072095e-01 -1.43687739e-09  9.89594800e-01  1.25579776e-03 
 5.70640000e-06 -3.60072095e-01 -1.43687950e-09  9.89594800e-01  1.25579776e-03 
 5.71140000e-06 -3.60072095e-01 -1.43688161e-09  9.89594800e-01  1.25579776e-03 
 5.71640000e-06 -3.60072095e-01 -1.43688361e-09  9.89594800e-01  1.25579776e-03 
 5.72140000e-06 -3.60072095e-01 -1.43688561e-09  9.89594800e-01  1.25579776e-03 
 5.72640000e-06 -3.60072095e-01 -1.43688783e-09  9.89594800e-01  1.25579776e-03 
 5.73140000e-06 -3.60072095e-01 -1.43689027e-09  9.89594800e-01  1.25579776e-03 
 5.73640000e-06 -3.60072095e-01 -1.43689260e-09  9.89594800e-01  1.25579776e-03 
 5.74140000e-06 -3.60072095e-01 -1.43689505e-09  9.89594800e-01  1.25579776e-03 
 5.74640000e-06 -3.60072095e-01 -1.43689760e-09  9.89594800e-01  1.25579776e-03 
 5.75140000e-06 -3.60072095e-01 -1.43689993e-09  9.89594800e-01  1.25579776e-03 
 5.75640000e-06 -3.60072095e-01 -1.43690193e-09  9.89594800e-01  1.25579776e-03 
 5.76140000e-06 -3.60072095e-01 -1.43690371e-09  9.89594800e-01  1.25579776e-03 
 5.76640000e-06 -3.60072095e-01 -1.43690582e-09  9.89594800e-01  1.25579776e-03 
 5.77140000e-06 -3.60072095e-01 -1.43690815e-09  9.89594800e-01  1.25579776e-03 
 5.77640000e-06 -3.60072095e-01 -1.43691048e-09  9.89594800e-01  1.25579776e-03 
 5.78140000e-06 -3.60072095e-01 -1.43691292e-09  9.89594800e-01  1.25579776e-03 
 5.78640000e-06 -3.60072095e-01 -1.43691536e-09  9.89594800e-01  1.25579776e-03 
 5.79140000e-06 -3.60072095e-01 -1.43691770e-09  9.89594800e-01  1.25579776e-03 
 5.79640000e-06 -3.60072095e-01 -1.43691992e-09  9.89594800e-01  1.25579776e-03 
 5.80140000e-06 -3.60072095e-01 -1.43692180e-09  9.89594800e-01  1.25579776e-03 
 5.80640000e-06 -3.60072095e-01 -1.43692369e-09  9.89594800e-01  1.25579776e-03 
 5.81140000e-06 -3.60072095e-01 -1.43692580e-09  9.89594800e-01  1.25579776e-03 
 5.81640000e-06 -3.60072095e-01 -1.43692802e-09  9.89594800e-01  1.25579776e-03 
 5.82140000e-06 -3.60072095e-01 -1.43693002e-09  9.89594800e-01  1.25579776e-03 
 5.82640000e-06 -3.60072095e-01 -1.43693202e-09  9.89594800e-01  1.25579776e-03 
 5.83140000e-06 -3.60072095e-01 -1.43693446e-09  9.89594800e-01  1.25579776e-03 
 5.83640000e-06 -3.60072095e-01 -1.43693690e-09  9.89594800e-01  1.25579776e-03 
 5.84140000e-06 -3.60072095e-01 -1.43693901e-09  9.89594800e-01  1.25579776e-03 
 5.84640000e-06 -3.60072095e-01 -1.43694112e-09  9.89594800e-01  1.25579776e-03 
 5.85140000e-06 -3.60072095e-01 -1.43694345e-09  9.89594800e-01  1.25579776e-03 
 5.85640000e-06 -3.60072095e-01 -1.43694545e-09  9.89594800e-01  1.25579776e-03 
 5.86140000e-06 -3.60072095e-01 -1.43694756e-09  9.89594800e-01  1.25579776e-03 
 5.86640000e-06 -3.60072095e-01 -1.43694989e-09  9.89594800e-01  1.25579776e-03 
 5.87140000e-06 -3.60072095e-01 -1.43695211e-09  9.89594800e-01  1.25579776e-03 
 5.87640000e-06 -3.60072095e-01 -1.43695411e-09  9.89594800e-01  1.25579776e-03 
 5.88140000e-06 -3.60072095e-01 -1.43695611e-09  9.89594800e-01  1.25579776e-03 
 5.88640000e-06 -3.60072095e-01 -1.43695833e-09  9.89594800e-01  1.25579776e-03 
 5.89140000e-06 -3.60072095e-01 -1.43696044e-09  9.89594800e-01  1.25579776e-03 
 5.89640000e-06 -3.60072095e-01 -1.43696255e-09  9.89594800e-01  1.25579776e-03 
 5.90140000e-06 -3.60072095e-01 -1.43696477e-09  9.89594800e-01  1.25579776e-03 
 5.90640000e-06 -3.60072095e-01 -1.43696699e-09  9.89594800e-01  1.25579776e-03 
 5.91140000e-06 -3.60072095e-01 -1.43696888e-09  9.89594800e-01  1.25579776e-03 
 5.91640000e-06 -3.60072095e-01 -1.43697054e-09  9.89594800e-01  1.25579776e-03 
 5.92140000e-06 -3.60072095e-01 -1.43697221e-09  9.89594800e-01  1.25579776e-03 
 5.92640000e-06 -3.60072095e-01 -1.43697387e-09  9.89594800e-01  1.25579776e-03 
 5.93140000e-06 -3.60072095e-01 -1.43697554e-09  9.89594800e-01  1.25579776e-03 
 5.93640000e-06 -3.60072095e-01 -1.43697743e-09  9.89594800e-01  1.25579776e-03 
 5.94140000e-06 -3.60072095e-01 -1.43697942e-09  9.89594800e-01  1.25579776e-03 
 5.94640000e-06 -3.60072095e-01 -1.43698153e-09  9.89594800e-01  1.25579776e-03 
 5.95140000e-06 -3.60072095e-01 -1.43698375e-09  9.89594800e-01  1.25579776e-03 
 5.95640000e-06 -3.60072095e-01 -1.43698564e-09  9.89594800e-01  1.25579776e-03 
 5.96140000e-06 -3.60072095e-01 -1.43698764e-09  9.89594800e-01  1.25579776e-03 
 5.96640000e-06 -3.60072095e-01 -1.43698986e-09  9.89594800e-01  1.25579776e-03 
 5.97140000e-06 -3.60072095e-01 -1.43699175e-09  9.89594800e-01  1.25579776e-03 
 5.97640000e-06 -3.60072095e-01 -1.43699341e-09  9.89594800e-01  1.25579776e-03 
 5.98140000e-06 -3.60072095e-01 -1.43699519e-09  9.89594800e-01  1.25579776e-03 
 5.98640000e-06 -3.60072095e-01 -1.43699697e-09  9.89594800e-01  1.25579776e-03 
 5.99140000e-06 -3.60072095e-01 -1.43699863e-09  9.89594800e-01  1.25579776e-03 
 5.99640000e-06 -3.60072095e-01 -1.43700052e-09  9.89594800e-01  1.25579776e-03 
 6.00140000e-06 -3.60072095e-01 -1.43700241e-09  9.89594800e-01  1.25579776e-03 
 6.00640000e-06 -3.60072095e-01 -1.43700407e-09  9.89594800e-01  1.25579776e-03 
 6.01140000e-06 -3.60072095e-01 -1.43700585e-09  9.89594800e-01  1.25579776e-03 
 6.01640000e-06 -3.60072095e-01 -1.43700807e-09  9.89594800e-01  1.25579776e-03 
 6.02140000e-06 -3.60072095e-01 -1.43701051e-09  9.89594800e-01  1.25579776e-03 
 6.02640000e-06 -3.60072095e-01 -1.43701273e-09  9.89594800e-01  1.25579776e-03 
 6.03140000e-06 -3.60072095e-01 -1.43701484e-09  9.89594800e-01  1.25579776e-03 
 6.03640000e-06 -3.60072095e-01 -1.43701695e-09  9.89594800e-01  1.25579776e-03 
 6.04140000e-06 -3.60072095e-01 -1.43701895e-09  9.89594800e-01  1.25579776e-03 
 6.04640000e-06 -3.60072095e-01 -1.43702072e-09  9.89594800e-01  1.25579776e-03 
 6.05140000e-06 -3.60072095e-01 -1.43702261e-09  9.89594800e-01  1.25579776e-03 
 6.05640000e-06 -3.60072095e-01 -1.43702450e-09  9.89594800e-01  1.25579776e-03 
 6.06140000e-06 -3.60072095e-01 -1.43702616e-09  9.89594800e-01  1.25579776e-03 
 6.06640000e-06 -3.60072095e-01 -1.43702783e-09  9.89594800e-01  1.25579776e-03 
 6.07140000e-06 -3.60072095e-01 -1.43702972e-09  9.89594800e-01  1.25579776e-03 
 6.07640000e-06 -3.60072095e-01 -1.43703172e-09  9.89594800e-01  1.25579776e-03 
 6.08140000e-06 -3.60072095e-01 -1.43703383e-09  9.89594800e-01  1.25579776e-03 
 6.08640000e-06 -3.60072095e-01 -1.43703582e-09  9.89594800e-01  1.25579776e-03 
 6.09140000e-06 -3.60072095e-01 -1.43703771e-09  9.89594800e-01  1.25579776e-03 
 6.09640000e-06 -3.60072095e-01 -1.43703971e-09  9.89594800e-01  1.25579776e-03 
 6.10140000e-06 -3.60072095e-01 -1.43704171e-09  9.89594800e-01  1.25579776e-03 
 6.10640000e-06 -3.60072095e-01 -1.43704393e-09  9.89594800e-01  1.25579776e-03 
 6.11140000e-06 -3.60072095e-01 -1.43704626e-09  9.89594800e-01  1.25579776e-03 
 6.11640000e-06 -3.60072095e-01 -1.43704859e-09  9.89594800e-01  1.25579776e-03 
 6.12140000e-06 -3.60072095e-01 -1.43705081e-09  9.89594800e-01  1.25579776e-03 
 6.12640000e-06 -3.60072095e-01 -1.43705292e-09  9.89594800e-01  1.25579776e-03 
 6.13140000e-06 -3.60072095e-01 -1.43705503e-09  9.89594800e-01  1.25579776e-03 
 6.13640000e-06 -3.60072095e-01 -1.43705714e-09  9.89594800e-01  1.25579776e-03 
 6.14140000e-06 -3.60072095e-01 -1.43705925e-09  9.89594800e-01  1.25579776e-03 
 6.14640000e-06 -3.60072095e-01 -1.43706147e-09  9.89594800e-01  1.25579776e-03 
 6.15140000e-06 -3.60072095e-01 -1.43706380e-09  9.89594800e-01  1.25579776e-03 
 6.15640000e-06 -3.60072095e-01 -1.43706569e-09  9.89594800e-01  1.25579776e-03 
 6.16140000e-06 -3.60072095e-01 -1.43706758e-09  9.89594800e-01  1.25579776e-03 
 6.16640000e-06 -3.60072095e-01 -1.43706946e-09  9.89594800e-01  1.25579776e-03 
 6.17140000e-06 -3.60072095e-01 -1.43707135e-09  9.89594800e-01  1.25579776e-03 
 6.17640000e-06 -3.60072095e-01 -1.43707335e-09  9.89594800e-01  1.25579776e-03 
 6.18140000e-06 -3.60072095e-01 -1.43707513e-09  9.89594800e-01  1.25579776e-03 
 6.18640000e-06 -3.60072095e-01 -1.43707701e-09  9.89594800e-01  1.25579776e-03 
 6.19140000e-06 -3.60072095e-01 -1.43707901e-09  9.89594800e-01  1.25579776e-03 
 6.19640000e-06 -3.60072095e-01 -1.43708112e-09  9.89594800e-01  1.25579776e-03 
 6.20140000e-06 -3.60072095e-01 -1.43708334e-09  9.89594800e-01  1.25579776e-03 
 6.20640000e-06 -3.60072095e-01 -1.43708556e-09  9.89594800e-01  1.25579776e-03 
 6.21140000e-06 -3.60072095e-01 -1.43708778e-09  9.89594800e-01  1.25579776e-03 
 6.21640000e-06 -3.60072095e-01 -1.43708989e-09  9.89594800e-01  1.25579776e-03 
 6.22140000e-06 -3.60072095e-01 -1.43709189e-09  9.89594800e-01  1.25579776e-03 
 6.22640000e-06 -3.60072095e-01 -1.43709389e-09  9.89594800e-01  1.25579776e-03 
 6.23140000e-06 -3.60072095e-01 -1.43709578e-09  9.89594800e-01  1.25579776e-03 
 6.23640000e-06 -3.60072095e-01 -1.43709766e-09  9.89594800e-01  1.25579776e-03 
 6.24140000e-06 -3.60072095e-01 -1.43709966e-09  9.89594800e-01  1.25579776e-03 
 6.24640000e-06 -3.60072095e-01 -1.43710166e-09  9.89594800e-01  1.25579776e-03 
 6.25140000e-06 -3.60072095e-01 -1.43710355e-09  9.89594800e-01  1.25579776e-03 
 6.25640000e-06 -3.60072095e-01 -1.43710543e-09  9.89594800e-01  1.25579776e-03 
 6.26140000e-06 -3.60072095e-01 -1.43710766e-09  9.89594800e-01  1.25579776e-03 
 6.26640000e-06 -3.60072095e-01 -1.43711032e-09  9.89594800e-01  1.25579776e-03 
 6.27140000e-06 -3.60072095e-01 -1.43711265e-09  9.89594800e-01  1.25579776e-03 
 6.27640000e-06 -3.60072095e-01 -1.43711454e-09  9.89594800e-01  1.25579776e-03 
 6.28140000e-06 -3.60072095e-01 -1.43711643e-09  9.89594800e-01  1.25579776e-03 
 6.28640000e-06 -3.60072095e-01 -1.43711820e-09  9.89594800e-01  1.25579776e-03 
 6.29140000e-06 -3.60072095e-01 -1.43711998e-09  9.89594800e-01  1.25579776e-03 
 6.29640000e-06 -3.60072095e-01 -1.43712209e-09  9.89594800e-01  1.25579776e-03 
 6.30140000e-06 -3.60072095e-01 -1.43712409e-09  9.89594800e-01  1.25579776e-03 
 6.30640000e-06 -3.60072095e-01 -1.43712597e-09  9.89594800e-01  1.25579776e-03 
 6.31140000e-06 -3.60072095e-01 -1.43712819e-09  9.89594800e-01  1.25579776e-03 
 6.31640000e-06 -3.60072095e-01 -1.43713041e-09  9.89594800e-01  1.25579776e-03 
 6.32140000e-06 -3.60072095e-01 -1.43713230e-09  9.89594800e-01  1.25579776e-03 
 6.32640000e-06 -3.60072095e-01 -1.43713408e-09  9.89594800e-01  1.25579776e-03 
 6.33140000e-06 -3.60072095e-01 -1.43713597e-09  9.89594800e-01  1.25579776e-03 
 6.33640000e-06 -3.60072095e-01 -1.43713785e-09  9.89594800e-01  1.25579776e-03 
 6.34140000e-06 -3.60072095e-01 -1.43713952e-09  9.89594800e-01  1.25579776e-03 
 6.34640000e-06 -3.60072095e-01 -1.43714118e-09  9.89594800e-01  1.25579776e-03 
 6.35140000e-06 -3.60072095e-01 -1.43714296e-09  9.89594800e-01  1.25579776e-03 
 6.35640000e-06 -3.60072095e-01 -1.43714474e-09  9.89594800e-01  1.25579776e-03 
 6.36140000e-06 -3.60072095e-01 -1.43714685e-09  9.89594800e-01  1.25579776e-03 
 6.36640000e-06 -3.60072095e-01 -1.43714918e-09  9.89594800e-01  1.25579776e-03 
 6.37140000e-06 -3.60072095e-01 -1.43715118e-09  9.89594800e-01  1.25579776e-03 
 6.37640000e-06 -3.60072095e-01 -1.43715284e-09  9.89594800e-01  1.25579776e-03 
 6.38140000e-06 -3.60072095e-01 -1.43715462e-09  9.89594800e-01  1.25579776e-03 
 6.38640000e-06 -3.60072095e-01 -1.43715650e-09  9.89594800e-01  1.25579776e-03 
 6.39140000e-06 -3.60072095e-01 -1.43715850e-09  9.89594800e-01  1.25579776e-03 
 6.39640000e-06 -3.60072095e-01 -1.43716072e-09  9.89594800e-01  1.25579776e-03 
 6.40140000e-06 -3.60072095e-01 -1.43716294e-09  9.89594800e-01  1.25579776e-03 
 6.40640000e-06 -3.60072095e-01 -1.43716516e-09  9.89594800e-01  1.25579776e-03 
 6.41140000e-06 -3.60072095e-01 -1.43716716e-09  9.89594800e-01  1.25579776e-03 
 6.41640000e-06 -3.60072095e-01 -1.43716894e-09  9.89594800e-01  1.25579776e-03 
 6.42140000e-06 -3.60072095e-01 -1.43717094e-09  9.89594800e-01  1.25579776e-03 
 6.42640000e-06 -3.60072095e-01 -1.43717283e-09  9.89594800e-01  1.25579776e-03 
 6.43140000e-06 -3.60072095e-01 -1.43717460e-09  9.89594800e-01  1.25579776e-03 
 6.43640000e-06 -3.60072095e-01 -1.43717660e-09  9.89594800e-01  1.25579776e-03 
 6.44140000e-06 -3.60072095e-01 -1.43717871e-09  9.89594800e-01  1.25579776e-03 
 6.44640000e-06 -3.60072095e-01 -1.43718082e-09  9.89594800e-01  1.25579776e-03 
 6.45140000e-06 -3.60072095e-01 -1.43718271e-09  9.89594800e-01  1.25579776e-03 
 6.45640000e-06 -3.60072095e-01 -1.43718470e-09  9.89594800e-01  1.25579776e-03 
 6.46140000e-06 -3.60072095e-01 -1.43718726e-09  9.89594800e-01  1.25579776e-03 
 6.46640000e-06 -3.60072095e-01 -1.43718959e-09  9.89594800e-01  1.25579776e-03 
 6.47140000e-06 -3.60072095e-01 -1.43719170e-09  9.89594800e-01  1.25579776e-03 
 6.47640000e-06 -3.60072095e-01 -1.43719381e-09  9.89594800e-01  1.25579776e-03 
 6.48140000e-06 -3.60072095e-01 -1.43719581e-09  9.89594800e-01  1.25579776e-03 
 6.48640000e-06 -3.60072095e-01 -1.43719736e-09  9.89594800e-01  1.25579776e-03 
 6.49140000e-06 -3.60072095e-01 -1.43719880e-09  9.89594800e-01  1.25579776e-03 
 6.49640000e-06 -3.60072095e-01 -1.43720036e-09  9.89594800e-01  1.25579776e-03 
 6.50140000e-06 -3.60072095e-01 -1.43720191e-09  9.89594800e-01  1.25579776e-03 
 6.50640000e-06 -3.60072095e-01 -1.43720347e-09  9.89594800e-01  1.25579776e-03 
 6.51140000e-06 -3.60072095e-01 -1.43720502e-09  9.89594800e-01  1.25579776e-03 
 6.51640000e-06 -3.60072095e-01 -1.43720658e-09  9.89594800e-01  1.25579776e-03 
 6.52140000e-06 -3.60072095e-01 -1.43720846e-09  9.89594800e-01  1.25579776e-03 
 6.52640000e-06 -3.60072095e-01 -1.43721057e-09  9.89594800e-01  1.25579776e-03 
 6.53140000e-06 -3.60072095e-01 -1.43721246e-09  9.89594800e-01  1.25579776e-03 
 6.53640000e-06 -3.60072095e-01 -1.43721446e-09  9.89594800e-01  1.25579776e-03 
 6.54140000e-06 -3.60072095e-01 -1.43721646e-09  9.89594800e-01  1.25579776e-03 
 6.54640000e-06 -3.60072095e-01 -1.43721834e-09  9.89594800e-01  1.25579776e-03 
 6.55140000e-06 -3.60072095e-01 -1.43722023e-09  9.89594800e-01  1.25579776e-03 
 6.55640000e-06 -3.60072095e-01 -1.43722179e-09  9.89594800e-01  1.25579776e-03 
 6.56140000e-06 -3.60072095e-01 -1.43722312e-09  9.89594800e-01  1.25579776e-03 
 6.56640000e-06 -3.60072095e-01 -1.43722467e-09  9.89594800e-01  1.25579776e-03 
 6.57140000e-06 -3.60072095e-01 -1.43722656e-09  9.89594800e-01  1.25579776e-03 
 6.57640000e-06 -3.60072095e-01 -1.43722867e-09  9.89594800e-01  1.25579776e-03 
 6.58140000e-06 -3.60072095e-01 -1.43723078e-09  9.89594800e-01  1.25579776e-03 
 6.58640000e-06 -3.60072095e-01 -1.43723256e-09  9.89594800e-01  1.25579776e-03 
 6.59140000e-06 -3.60072095e-01 -1.43723411e-09  9.89594800e-01  1.25579776e-03 
 6.59640000e-06 -3.60072095e-01 -1.43723577e-09  9.89594800e-01  1.25579776e-03 
 6.60140000e-06 -3.60072095e-01 -1.43723755e-09  9.89594800e-01  1.25579776e-03 
 6.60640000e-06 -3.60072095e-01 -1.43723966e-09  9.89594800e-01  1.25579776e-03 
 6.61140000e-06 -3.60072095e-01 -1.43724144e-09  9.89594800e-01  1.25579776e-03 
 6.61640000e-06 -3.60072095e-01 -1.43724310e-09  9.89594800e-01  1.25579776e-03 
 6.62140000e-06 -3.60072095e-01 -1.43724532e-09  9.89594800e-01  1.25579776e-03 
 6.62640000e-06 -3.60072095e-01 -1.43724777e-09  9.89594800e-01  1.25579776e-03 
 6.63140000e-06 -3.60072095e-01 -1.43725021e-09  9.89594800e-01  1.25579776e-03 
 6.63640000e-06 -3.60072095e-01 -1.43725243e-09  9.89594800e-01  1.25579776e-03 
 6.64140000e-06 -3.60072095e-01 -1.43725465e-09  9.89594800e-01  1.25579776e-03 
 6.64640000e-06 -3.60072095e-01 -1.43725676e-09  9.89594800e-01  1.25579776e-03 
 6.65140000e-06 -3.60072095e-01 -1.43725865e-09  9.89594800e-01  1.25579776e-03 
 6.65640000e-06 -3.60072095e-01 -1.43726042e-09  9.89594800e-01  1.25579776e-03 
 6.66140000e-06 -3.60072095e-01 -1.43726242e-09  9.89594800e-01  1.25579776e-03 
 6.66640000e-06 -3.60072095e-01 -1.43726464e-09  9.89594800e-01  1.25579776e-03 
 6.67140000e-06 -3.60072095e-01 -1.43726664e-09  9.89594800e-01  1.25579776e-03 
 6.67640000e-06 -3.60072095e-01 -1.43726875e-09  9.89594800e-01  1.25579776e-03 
 6.68140000e-06 -3.60072095e-01 -1.43727075e-09  9.89594800e-01  1.25579776e-03 
 6.68640000e-06 -3.60072095e-01 -1.43727252e-09  9.89594800e-01  1.25579776e-03 
 6.69140000e-06 -3.60072095e-01 -1.43727474e-09  9.89594800e-01  1.25579776e-03 
 6.69640000e-06 -3.60072095e-01 -1.43727696e-09  9.89594800e-01  1.25579776e-03 
 6.70140000e-06 -3.60072095e-01 -1.43727896e-09  9.89594800e-01  1.25579776e-03 
 6.70640000e-06 -3.60072095e-01 -1.43728085e-09  9.89594800e-01  1.25579776e-03 
 6.71140000e-06 -3.60072095e-01 -1.43728263e-09  9.89594800e-01  1.25579776e-03 
 6.71640000e-06 -3.60072095e-01 -1.43728474e-09  9.89594800e-01  1.25579776e-03 
 6.72140000e-06 -3.60072095e-01 -1.43728707e-09  9.89594800e-01  1.25579776e-03 
 6.72640000e-06 -3.60072095e-01 -1.43728918e-09  9.89594800e-01  1.25579776e-03 
 6.73140000e-06 -3.60072095e-01 -1.43729095e-09  9.89594800e-01  1.25579776e-03 
 6.73640000e-06 -3.60072095e-01 -1.43729262e-09  9.89594800e-01  1.25579776e-03 
 6.74140000e-06 -3.60072095e-01 -1.43729439e-09  9.89594800e-01  1.25579776e-03 
 6.74640000e-06 -3.60072095e-01 -1.43729662e-09  9.89594800e-01  1.25579776e-03 
 6.75140000e-06 -3.60072095e-01 -1.43729872e-09  9.89594800e-01  1.25579776e-03 
 6.75640000e-06 -3.60072095e-01 -1.43730050e-09  9.89594800e-01  1.25579776e-03 
 6.76140000e-06 -3.60072095e-01 -1.43730250e-09  9.89594800e-01  1.25579776e-03 
 6.76640000e-06 -3.60072095e-01 -1.43730439e-09  9.89594800e-01  1.25579776e-03 
 6.77140000e-06 -3.60072095e-01 -1.43730627e-09  9.89594800e-01  1.25579776e-03 
 6.77640000e-06 -3.60072095e-01 -1.43730849e-09  9.89594800e-01  1.25579776e-03 
 6.78140000e-06 -3.60072095e-01 -1.43731060e-09  9.89594800e-01  1.25579776e-03 
 6.78640000e-06 -3.60072095e-01 -1.43731260e-09  9.89594800e-01  1.25579776e-03 
 6.79140000e-06 -3.60072095e-01 -1.43731493e-09  9.89594800e-01  1.25579776e-03 
 6.79640000e-06 -3.60072095e-01 -1.43731704e-09  9.89594800e-01  1.25579776e-03 
 6.80140000e-06 -3.60072095e-01 -1.43731915e-09  9.89594800e-01  1.25579776e-03 
 6.80640000e-06 -3.60072095e-01 -1.43732171e-09  9.89594800e-01  1.25579776e-03 
 6.81140000e-06 -3.60072095e-01 -1.43732404e-09  9.89594800e-01  1.25579776e-03 
 6.81640000e-06 -3.60072095e-01 -1.43732615e-09  9.89594800e-01  1.25579776e-03 
 6.82140000e-06 -3.60072095e-01 -1.43732815e-09  9.89594800e-01  1.25579776e-03 
 6.82640000e-06 -3.60072095e-01 -1.43733003e-09  9.89594800e-01  1.25579776e-03 
 6.83140000e-06 -3.60072095e-01 -1.43733192e-09  9.89594800e-01  1.25579776e-03 
 6.83640000e-06 -3.60072095e-01 -1.43733381e-09  9.89594800e-01  1.25579776e-03 
 6.84140000e-06 -3.60072095e-01 -1.43733569e-09  9.89594800e-01  1.25579776e-03 
 6.84640000e-06 -3.60072095e-01 -1.43733758e-09  9.89594800e-01  1.25579776e-03 
 6.85140000e-06 -3.60072095e-01 -1.43733969e-09  9.89594800e-01  1.25579776e-03 
 6.85640000e-06 -3.60072095e-01 -1.43734180e-09  9.89594800e-01  1.25579776e-03 
 6.86140000e-06 -3.60072095e-01 -1.43734380e-09  9.89594800e-01  1.25579776e-03 
 6.86640000e-06 -3.60072095e-01 -1.43734580e-09  9.89594800e-01  1.25579776e-03 
 6.87140000e-06 -3.60072095e-01 -1.43734769e-09  9.89594800e-01  1.25579776e-03 
 6.87640000e-06 -3.60072095e-01 -1.43734968e-09  9.89594800e-01  1.25579776e-03 
 6.88140000e-06 -3.60072095e-01 -1.43735179e-09  9.89594800e-01  1.25579776e-03 
 6.88640000e-06 -3.60072095e-01 -1.43735368e-09  9.89594800e-01  1.25579776e-03 
 6.89140000e-06 -3.60072095e-01 -1.43735557e-09  9.89594800e-01  1.25579776e-03 
 6.89640000e-06 -3.60072095e-01 -1.43735746e-09  9.89594800e-01  1.25579776e-03 
 6.90140000e-06 -3.60072095e-01 -1.43735934e-09  9.89594800e-01  1.25579776e-03 
 6.90640000e-06 -3.60072095e-01 -1.43736156e-09  9.89594800e-01  1.25579776e-03 
 6.91140000e-06 -3.60072095e-01 -1.43736378e-09  9.89594800e-01  1.25579776e-03 
 6.91640000e-06 -3.60072095e-01 -1.43736578e-09  9.89594800e-01  1.25579776e-03 
 6.92140000e-06 -3.60072095e-01 -1.43736778e-09  9.89594800e-01  1.25579776e-03 
 6.92640000e-06 -3.60072095e-01 -1.43737000e-09  9.89594800e-01  1.25579776e-03 
 6.93140000e-06 -3.60072095e-01 -1.43737233e-09  9.89594800e-01  1.25579776e-03 
 6.93640000e-06 -3.60072095e-01 -1.43737466e-09  9.89594800e-01  1.25579776e-03 
 6.94140000e-06 -3.60072095e-01 -1.43737711e-09  9.89594800e-01  1.25579776e-03 
 6.94640000e-06 -3.60072095e-01 -1.43737910e-09  9.89594800e-01  1.25579776e-03 
 6.95140000e-06 -3.60072095e-01 -1.43738099e-09  9.89594800e-01  1.25579776e-03 
 6.95640000e-06 -3.60072095e-01 -1.43738310e-09  9.89594800e-01  1.25579776e-03 
 6.96140000e-06 -3.60072095e-01 -1.43738510e-09  9.89594800e-01  1.25579776e-03 
 6.96640000e-06 -3.60072095e-01 -1.43738732e-09  9.89594800e-01  1.25579776e-03 
 6.97140000e-06 -3.60072095e-01 -1.43738954e-09  9.89594800e-01  1.25579776e-03 
 6.97640000e-06 -3.60072095e-01 -1.43739165e-09  9.89594800e-01  1.25579776e-03 
 6.98140000e-06 -3.60072095e-01 -1.43739376e-09  9.89594800e-01  1.25579776e-03 
 6.98640000e-06 -3.60072095e-01 -1.43739587e-09  9.89594800e-01  1.25579776e-03 
 6.99140000e-06 -3.60072095e-01 -1.43739776e-09  9.89594800e-01  1.25579776e-03 
 6.99640000e-06 -3.60072095e-01 -1.43739964e-09  9.89594800e-01  1.25579776e-03 
 7.00140000e-06 -3.60072095e-01 -1.43740153e-09  9.89594800e-01  1.25579776e-03 
 7.00640000e-06 -3.60072095e-01 -1.43740331e-09  9.89594800e-01  1.25579776e-03 
 7.01140000e-06 -3.60072095e-01 -1.43740497e-09  9.89594800e-01  1.25579776e-03 
 7.01640000e-06 -3.60072095e-01 -1.43740675e-09  9.89594800e-01  1.25579776e-03 
 7.02140000e-06 -3.60072095e-01 -1.43740875e-09  9.89594800e-01  1.25579776e-03 
 7.02640000e-06 -3.60072095e-01 -1.43741052e-09  9.89594800e-01  1.25579776e-03 
 7.03140000e-06 -3.60072095e-01 -1.43741252e-09  9.89594800e-01  1.25579776e-03 
 7.03640000e-06 -3.60072095e-01 -1.43741463e-09  9.89594800e-01  1.25579776e-03 
 7.04140000e-06 -3.60072095e-01 -1.43741652e-09  9.89594800e-01  1.25579776e-03 
 7.04640000e-06 -3.60072095e-01 -1.43741830e-09  9.89594800e-01  1.25579776e-03 
 7.05140000e-06 -3.60072095e-01 -1.43742029e-09  9.89594800e-01  1.25579776e-03 
 7.05640000e-06 -3.60072095e-01 -1.43742263e-09  9.89594800e-01  1.25579776e-03 
 7.06140000e-06 -3.60072095e-01 -1.43742473e-09  9.89594800e-01  1.25579776e-03 
 7.06640000e-06 -3.60072095e-01 -1.43742673e-09  9.89594800e-01  1.25579776e-03 
 7.07140000e-06 -3.60072095e-01 -1.43742873e-09  9.89594800e-01  1.25579776e-03 
 7.07640000e-06 -3.60072095e-01 -1.43743051e-09  9.89594800e-01  1.25579776e-03 
 7.08140000e-06 -3.60072095e-01 -1.43743240e-09  9.89594800e-01  1.25579776e-03 
 7.08640000e-06 -3.60072095e-01 -1.43743439e-09  9.89594800e-01  1.25579776e-03 
 7.09140000e-06 -3.60072095e-01 -1.43743606e-09  9.89594800e-01  1.25579776e-03 
 7.09640000e-06 -3.60072095e-01 -1.43743784e-09  9.89594800e-01  1.25579776e-03 
 7.10140000e-06 -3.60072095e-01 -1.43744017e-09  9.89594800e-01  1.25579776e-03 
 7.10640000e-06 -3.60072095e-01 -1.43744217e-09  9.89594800e-01  1.25579776e-03 
 7.11140000e-06 -3.60072095e-01 -1.43744405e-09  9.89594800e-01  1.25579776e-03 
 7.11640000e-06 -3.60072095e-01 -1.43744661e-09  9.89594800e-01  1.25579776e-03 
 7.12140000e-06 -3.60072095e-01 -1.43744894e-09  9.89594800e-01  1.25579776e-03 
 7.12640000e-06 -3.60072095e-01 -1.43745071e-09  9.89594800e-01  1.25579776e-03 
 7.13140000e-06 -3.60072095e-01 -1.43745271e-09  9.89594800e-01  1.25579776e-03 
 7.13640000e-06 -3.60072095e-01 -1.43745482e-09  9.89594800e-01  1.25579776e-03 
 7.14140000e-06 -3.60072095e-01 -1.43745682e-09  9.89594800e-01  1.25579776e-03 
 7.14640000e-06 -3.60072095e-01 -1.43745915e-09  9.89594800e-01  1.25579776e-03 
 7.15140000e-06 -3.60072095e-01 -1.43746126e-09  9.89594800e-01  1.25579776e-03 
 7.15640000e-06 -3.60072095e-01 -1.43746315e-09  9.89594800e-01  1.25579776e-03 
 7.16140000e-06 -3.60072095e-01 -1.43746537e-09  9.89594800e-01  1.25579776e-03 
 7.16640000e-06 -3.60072095e-01 -1.43746759e-09  9.89594800e-01  1.25579776e-03 
 7.17140000e-06 -3.60072095e-01 -1.43746948e-09  9.89594800e-01  1.25579776e-03 
 7.17640000e-06 -3.60072095e-01 -1.43747114e-09  9.89594800e-01  1.25579776e-03 
 7.18140000e-06 -3.60072095e-01 -1.43747303e-09  9.89594800e-01  1.25579776e-03 
 7.18640000e-06 -3.60072095e-01 -1.43747503e-09  9.89594800e-01  1.25579776e-03 
 7.19140000e-06 -3.60072095e-01 -1.43747692e-09  9.89594800e-01  1.25579776e-03 
 7.19640000e-06 -3.60072095e-01 -1.43747891e-09  9.89594800e-01  1.25579776e-03 
 7.20140000e-06 -3.60072095e-01 -1.43748113e-09  9.89594800e-01  1.25579776e-03 
 7.20640000e-06 -3.60072095e-01 -1.43748324e-09  9.89594800e-01  1.25579776e-03 
 7.21140000e-06 -3.60072095e-01 -1.43748524e-09  9.89594800e-01  1.25579776e-03 
 7.21640000e-06 -3.60072095e-01 -1.43748735e-09  9.89594800e-01  1.25579776e-03 
 7.22140000e-06 -3.60072095e-01 -1.43748946e-09  9.89594800e-01  1.25579776e-03 
 7.22640000e-06 -3.60072095e-01 -1.43749157e-09  9.89594800e-01  1.25579776e-03 
 7.23140000e-06 -3.60072095e-01 -1.43749368e-09  9.89594800e-01  1.25579776e-03 
 7.23640000e-06 -3.60072095e-01 -1.43749557e-09  9.89594800e-01  1.25579776e-03 
 7.24140000e-06 -3.60072095e-01 -1.43749745e-09  9.89594800e-01  1.25579776e-03 
 7.24640000e-06 -3.60072095e-01 -1.43749945e-09  9.89594800e-01  1.25579776e-03 
 7.25140000e-06 -3.60072095e-01 -1.43750101e-09  9.89594800e-01  1.25579776e-03 
 7.25640000e-06 -3.60072095e-01 -1.43750245e-09  9.89594800e-01  1.25579776e-03 
 7.26140000e-06 -3.60072095e-01 -1.43750445e-09  9.89594800e-01  1.25579776e-03 
 7.26640000e-06 -3.60072095e-01 -1.43750678e-09  9.89594800e-01  1.25579776e-03 
 7.27140000e-06 -3.60072095e-01 -1.43750944e-09  9.89594800e-01  1.25579776e-03 
 7.27640000e-06 -3.60072095e-01 -1.43751200e-09  9.89594800e-01  1.25579776e-03 
 7.28140000e-06 -3.60072095e-01 -1.43751389e-09  9.89594800e-01  1.25579776e-03 
 7.28640000e-06 -3.60072095e-01 -1.43751566e-09  9.89594800e-01  1.25579776e-03 
 7.29140000e-06 -3.60072095e-01 -1.43751799e-09  9.89594800e-01  1.25579776e-03 
 7.29640000e-06 -3.60072095e-01 -1.43752032e-09  9.89594800e-01  1.25579776e-03 
 7.30140000e-06 -3.60072095e-01 -1.43752221e-09  9.89594800e-01  1.25579776e-03 
 7.30640000e-06 -3.60072095e-01 -1.43752443e-09  9.89594800e-01  1.25579776e-03 
 7.31140000e-06 -3.60072095e-01 -1.43752665e-09  9.89594800e-01  1.25579776e-03 
 7.31640000e-06 -3.60072095e-01 -1.43752865e-09  9.89594800e-01  1.25579776e-03 
 7.32140000e-06 -3.60072095e-01 -1.43753087e-09  9.89594800e-01  1.25579776e-03 
 7.32640000e-06 -3.60072095e-01 -1.43753320e-09  9.89594800e-01  1.25579776e-03 
 7.33140000e-06 -3.60072095e-01 -1.43753576e-09  9.89594800e-01  1.25579776e-03 
 7.33640000e-06 -3.60072095e-01 -1.43753809e-09  9.89594800e-01  1.25579776e-03 
 7.34140000e-06 -3.60072095e-01 -1.43754031e-09  9.89594800e-01  1.25579776e-03 
 7.34640000e-06 -3.60072095e-01 -1.43754286e-09  9.89594800e-01  1.25579776e-03 
 7.35140000e-06 -3.60072095e-01 -1.43754508e-09  9.89594800e-01  1.25579776e-03 
 7.35640000e-06 -3.60072095e-01 -1.43754697e-09  9.89594800e-01  1.25579776e-03 
 7.36140000e-06 -3.60072095e-01 -1.43754897e-09  9.89594800e-01  1.25579776e-03 
 7.36640000e-06 -3.60072095e-01 -1.43755097e-09  9.89594800e-01  1.25579776e-03 
 7.37140000e-06 -3.60072095e-01 -1.43755308e-09  9.89594800e-01  1.25579776e-03 
 7.37640000e-06 -3.60072095e-01 -1.43755552e-09  9.89594800e-01  1.25579776e-03 
 7.38140000e-06 -3.60072095e-01 -1.43755785e-09  9.89594800e-01  1.25579776e-03 
 7.38640000e-06 -3.60072095e-01 -1.43755974e-09  9.89594800e-01  1.25579776e-03 
 7.39140000e-06 -3.60072095e-01 -1.43756174e-09  9.89594800e-01  1.25579776e-03 
 7.39640000e-06 -3.60072095e-01 -1.43756373e-09  9.89594800e-01  1.25579776e-03 
 7.40140000e-06 -3.60072095e-01 -1.43756562e-09  9.89594800e-01  1.25579776e-03 
 7.40640000e-06 -3.60072095e-01 -1.43756773e-09  9.89594800e-01  1.25579776e-03 
 7.41140000e-06 -3.60072095e-01 -1.43756962e-09  9.89594800e-01  1.25579776e-03 
 7.41640000e-06 -3.60072095e-01 -1.43757151e-09  9.89594800e-01  1.25579776e-03 
 7.42140000e-06 -3.60072095e-01 -1.43757373e-09  9.89594800e-01  1.25579776e-03 
 7.42640000e-06 -3.60072095e-01 -1.43757595e-09  9.89594800e-01  1.25579776e-03 
 7.43140000e-06 -3.60072095e-01 -1.43757817e-09  9.89594800e-01  1.25579776e-03 
 7.43640000e-06 -3.60072095e-01 -1.43758061e-09  9.89594800e-01  1.25579776e-03 
 7.44140000e-06 -3.60072095e-01 -1.43758294e-09  9.89594800e-01  1.25579776e-03 
 7.44640000e-06 -3.60072095e-01 -1.43758527e-09  9.89594800e-01  1.25579776e-03 
 7.45140000e-06 -3.60072095e-01 -1.43758783e-09  9.89594800e-01  1.25579776e-03 
 7.45640000e-06 -3.60072095e-01 -1.43759005e-09  9.89594800e-01  1.25579776e-03 
 7.46140000e-06 -3.60072095e-01 -1.43759216e-09  9.89594800e-01  1.25579776e-03 
 7.46640000e-06 -3.60072095e-01 -1.43759449e-09  9.89594800e-01  1.25579776e-03 
 7.47140000e-06 -3.60072095e-01 -1.43759649e-09  9.89594800e-01  1.25579776e-03 
 7.47640000e-06 -3.60072095e-01 -1.43759837e-09  9.89594800e-01  1.25579776e-03 
 7.48140000e-06 -3.60072095e-01 -1.43760059e-09  9.89594800e-01  1.25579776e-03 
 7.48640000e-06 -3.60072095e-01 -1.43760304e-09  9.89594800e-01  1.25579776e-03 
 7.49140000e-06 -3.60072095e-01 -1.43760537e-09  9.89594800e-01  1.25579776e-03 
 7.49640000e-06 -3.60072095e-01 -1.43760748e-09  9.89594800e-01  1.25579776e-03 
 7.50140000e-06 -3.60072095e-01 -1.43760981e-09  9.89594800e-01  1.25579776e-03 
 7.50640000e-06 -3.60072095e-01 -1.43761203e-09  9.89594800e-01  1.25579776e-03 
 7.51140000e-06 -3.60072095e-01 -1.43761403e-09  9.89594800e-01  1.25579776e-03 
 7.51640000e-06 -3.60072095e-01 -1.43761625e-09  9.89594800e-01  1.25579776e-03 
 7.52140000e-06 -3.60072095e-01 -1.43761869e-09  9.89594800e-01  1.25579776e-03 
 7.52640000e-06 -3.60072095e-01 -1.43762113e-09  9.89594800e-01  1.25579776e-03 
 7.53140000e-06 -3.60072095e-01 -1.43762324e-09  9.89594800e-01  1.25579776e-03 
 7.53640000e-06 -3.60072095e-01 -1.43762513e-09  9.89594800e-01  1.25579776e-03 
 7.54140000e-06 -3.60072095e-01 -1.43762713e-09  9.89594800e-01  1.25579776e-03 
 7.54640000e-06 -3.60072095e-01 -1.43762935e-09  9.89594800e-01  1.25579776e-03 
 7.55140000e-06 -3.60072095e-01 -1.43763168e-09  9.89594800e-01  1.25579776e-03 
 7.55640000e-06 -3.60072095e-01 -1.43763379e-09  9.89594800e-01  1.25579776e-03 
 7.56140000e-06 -3.60072095e-01 -1.43763579e-09  9.89594800e-01  1.25579776e-03 
 7.56640000e-06 -3.60072095e-01 -1.43763801e-09  9.89594800e-01  1.25579776e-03 
 7.57140000e-06 -3.60072095e-01 -1.43764023e-09  9.89594800e-01  1.25579776e-03 
 7.57640000e-06 -3.60072095e-01 -1.43764245e-09  9.89594800e-01  1.25579776e-03 
 7.58140000e-06 -3.60072095e-01 -1.43764467e-09  9.89594800e-01  1.25579776e-03 
 7.58640000e-06 -3.60072095e-01 -1.43764667e-09  9.89594800e-01  1.25579776e-03 
 7.59140000e-06 -3.60072095e-01 -1.43764867e-09  9.89594800e-01  1.25579776e-03 
 7.59640000e-06 -3.60072095e-01 -1.43765100e-09  9.89594800e-01  1.25579776e-03 
 7.60140000e-06 -3.60072095e-01 -1.43765344e-09  9.89594800e-01  1.25579776e-03 
 7.60640000e-06 -3.60072095e-01 -1.43765555e-09  9.89594800e-01  1.25579776e-03 
 7.61140000e-06 -3.60072095e-01 -1.43765766e-09  9.89594800e-01  1.25579776e-03 
 7.61640000e-06 -3.60072095e-01 -1.43765966e-09  9.89594800e-01  1.25579776e-03 
 7.62140000e-06 -3.60072095e-01 -1.43766177e-09  9.89594800e-01  1.25579776e-03 
 7.62640000e-06 -3.60072095e-01 -1.43766443e-09  9.89594800e-01  1.25579776e-03 
 7.63140000e-06 -3.60072095e-01 -1.43766710e-09  9.89594800e-01  1.25579776e-03 
 7.63640000e-06 -3.60072095e-01 -1.43766965e-09  9.89594800e-01  1.25579776e-03 
 7.64140000e-06 -3.60072095e-01 -1.43767187e-09  9.89594800e-01  1.25579776e-03 
 7.64640000e-06 -3.60072095e-01 -1.43767376e-09  9.89594800e-01  1.25579776e-03 
 7.65140000e-06 -3.60072095e-01 -1.43767598e-09  9.89594800e-01  1.25579776e-03 
 7.65640000e-06 -3.60072095e-01 -1.43767853e-09  9.89594800e-01  1.25579776e-03 
 7.66140000e-06 -3.60072095e-01 -1.43768109e-09  9.89594800e-01  1.25579776e-03 
 7.66640000e-06 -3.60072095e-01 -1.43768342e-09  9.89594800e-01  1.25579776e-03 
 7.67140000e-06 -3.60072095e-01 -1.43768542e-09  9.89594800e-01  1.25579776e-03 
 7.67640000e-06 -3.60072095e-01 -1.43768741e-09  9.89594800e-01  1.25579776e-03 
 7.68140000e-06 -3.60072095e-01 -1.43768952e-09  9.89594800e-01  1.25579776e-03 
 7.68640000e-06 -3.60072095e-01 -1.43769208e-09  9.89594800e-01  1.25579776e-03 
 7.69140000e-06 -3.60072095e-01 -1.43769474e-09  9.89594800e-01  1.25579776e-03 
 7.69640000e-06 -3.60072095e-01 -1.43769707e-09  9.89594800e-01  1.25579776e-03 
 7.70140000e-06 -3.60072095e-01 -1.43769940e-09  9.89594800e-01  1.25579776e-03 
 7.70640000e-06 -3.60072095e-01 -1.43770174e-09  9.89594800e-01  1.25579776e-03 
 7.71140000e-06 -3.60072095e-01 -1.43770407e-09  9.89594800e-01  1.25579776e-03 
 7.71640000e-06 -3.60072095e-01 -1.43770662e-09  9.89594800e-01  1.25579776e-03 
 7.72140000e-06 -3.60072095e-01 -1.43770917e-09  9.89594800e-01  1.25579776e-03 
 7.72640000e-06 -3.60072095e-01 -1.43771117e-09  9.89594800e-01  1.25579776e-03 
 7.73140000e-06 -3.60072095e-01 -1.43771306e-09  9.89594800e-01  1.25579776e-03 
 7.73640000e-06 -3.60072095e-01 -1.43771517e-09  9.89594800e-01  1.25579776e-03 
 7.74140000e-06 -3.60072095e-01 -1.43771728e-09  9.89594800e-01  1.25579776e-03 
 7.74640000e-06 -3.60072095e-01 -1.43771950e-09  9.89594800e-01  1.25579776e-03 
 7.75140000e-06 -3.60072095e-01 -1.43772161e-09  9.89594800e-01  1.25579776e-03 
 7.75640000e-06 -3.60072095e-01 -1.43772327e-09  9.89594800e-01  1.25579776e-03 
 7.76140000e-06 -3.60072095e-01 -1.43772538e-09  9.89594800e-01  1.25579776e-03 
 7.76640000e-06 -3.60072095e-01 -1.43772794e-09  9.89594800e-01  1.25579776e-03 
 7.77140000e-06 -3.60072095e-01 -1.43773016e-09  9.89594800e-01  1.25579776e-03 
 7.77640000e-06 -3.60072095e-01 -1.43773238e-09  9.89594800e-01  1.25579776e-03 
 7.78140000e-06 -3.60072095e-01 -1.43773482e-09  9.89594800e-01  1.25579776e-03 
 7.78640000e-06 -3.60072095e-01 -1.43773715e-09  9.89594800e-01  1.25579776e-03 
 7.79140000e-06 -3.60072095e-01 -1.43773937e-09  9.89594800e-01  1.25579776e-03 
 7.79640000e-06 -3.60072095e-01 -1.43774181e-09  9.89594800e-01  1.25579776e-03 
 7.80140000e-06 -3.60072095e-01 -1.43774448e-09  9.89594800e-01  1.25579776e-03 
 7.80640000e-06 -3.60072095e-01 -1.43774692e-09  9.89594800e-01  1.25579776e-03 
 7.81140000e-06 -3.60072095e-01 -1.43774914e-09  9.89594800e-01  1.25579776e-03 
 7.81640000e-06 -3.60072095e-01 -1.43775158e-09  9.89594800e-01  1.25579776e-03 
 7.82140000e-06 -3.60072095e-01 -1.43775414e-09  9.89594800e-01  1.25579776e-03 
 7.82640000e-06 -3.60072095e-01 -1.43775647e-09  9.89594800e-01  1.25579776e-03 
 7.83140000e-06 -3.60072095e-01 -1.43775880e-09  9.89594800e-01  1.25579776e-03 
 7.83640000e-06 -3.60072095e-01 -1.43776135e-09  9.89594800e-01  1.25579776e-03 
 7.84140000e-06 -3.60072095e-01 -1.43776357e-09  9.89594800e-01  1.25579776e-03 
 7.84640000e-06 -3.60072095e-01 -1.43776580e-09  9.89594800e-01  1.25579776e-03 
 7.85140000e-06 -3.60072095e-01 -1.43776813e-09  9.89594800e-01  1.25579776e-03 
 7.85640000e-06 -3.60072095e-01 -1.43777013e-09  9.89594800e-01  1.25579776e-03 
 7.86140000e-06 -3.60072095e-01 -1.43777212e-09  9.89594800e-01  1.25579776e-03 
 7.86640000e-06 -3.60072095e-01 -1.43777446e-09  9.89594800e-01  1.25579776e-03 
 7.87140000e-06 -3.60072095e-01 -1.43777679e-09  9.89594800e-01  1.25579776e-03 
 7.87640000e-06 -3.60072095e-01 -1.43777867e-09  9.89594800e-01  1.25579776e-03 
 7.88140000e-06 -3.60072095e-01 -1.43778056e-09  9.89594800e-01  1.25579776e-03 
 7.88640000e-06 -3.60072095e-01 -1.43778245e-09  9.89594800e-01  1.25579776e-03 
 7.89140000e-06 -3.60072095e-01 -1.43778434e-09  9.89594800e-01  1.25579776e-03 
 7.89640000e-06 -3.60072095e-01 -1.43778633e-09  9.89594800e-01  1.25579776e-03 
 7.90140000e-06 -3.60072095e-01 -1.43778822e-09  9.89594800e-01  1.25579776e-03 
 7.90640000e-06 -3.60072095e-01 -1.43779033e-09  9.89594800e-01  1.25579776e-03 
 7.91140000e-06 -3.60072095e-01 -1.43779255e-09  9.89594800e-01  1.25579776e-03 
 7.91640000e-06 -3.60072095e-01 -1.43779455e-09  9.89594800e-01  1.25579776e-03 
 7.92140000e-06 -3.60072095e-01 -1.43779655e-09  9.89594800e-01  1.25579776e-03 
 7.92640000e-06 -3.60072095e-01 -1.43779844e-09  9.89594800e-01  1.25579776e-03 
 7.93140000e-06 -3.60072095e-01 -1.43780043e-09  9.89594800e-01  1.25579776e-03 
 7.93640000e-06 -3.60072095e-01 -1.43780254e-09  9.89594800e-01  1.25579776e-03 
 7.94140000e-06 -3.60072095e-01 -1.43780421e-09  9.89594800e-01  1.25579776e-03 
 7.94640000e-06 -3.60072095e-01 -1.43780610e-09  9.89594800e-01  1.25579776e-03 
 7.95140000e-06 -3.60072095e-01 -1.43780854e-09  9.89594800e-01  1.25579776e-03 
 7.95640000e-06 -3.60072095e-01 -1.43781087e-09  9.89594800e-01  1.25579776e-03 
 7.96140000e-06 -3.60072095e-01 -1.43781342e-09  9.89594800e-01  1.25579776e-03 
 7.96640000e-06 -3.60072095e-01 -1.43781609e-09  9.89594800e-01  1.25579776e-03 
 7.97140000e-06 -3.60072095e-01 -1.43781831e-09  9.89594800e-01  1.25579776e-03 
 7.97640000e-06 -3.60072095e-01 -1.43782042e-09  9.89594800e-01  1.25579776e-03 
 7.98140000e-06 -3.60072095e-01 -1.43782253e-09  9.89594800e-01  1.25579776e-03 
 7.98640000e-06 -3.60072095e-01 -1.43782453e-09  9.89594800e-01  1.25579776e-03 
 7.99140000e-06 -3.60072095e-01 -1.43782652e-09  9.89594800e-01  1.25579776e-03 
 7.99570000e-06 -3.60072095e-01 -1.43782786e-09  9.89594800e-01  1.25579776e-03 
 8.00000000e-06 -3.60072095e-01 -1.43782852e-09  9.89594800e-01  1.25579776e-03 
 8.00010000e-06 -3.60072095e-01 -1.43782830e-09  9.89594800e-01  1.31993556e-03 
 8.00030000e-06 -3.60072095e-01 -1.43782719e-09  9.89594800e-01  1.30827632e-03 
 8.00065000e-06 -3.60072095e-01 -1.43782375e-09  9.89594800e-01  1.30451071e-03 
 8.00100000e-06 -3.60072095e-01 -1.43337353e-09  9.89594800e-01  1.28611602e-03 
 8.00107000e-06 -3.60072095e-01 -1.43163637e-09  9.89594800e-01  1.25584834e-03 
 8.00121000e-06 -3.60072095e-01 -1.42816636e-09  9.89594800e-01  1.25574740e-03 
 8.00149000e-06 -3.60072095e-01 -1.42125167e-09  9.89594800e-01  1.25584801e-03 
 8.00205000e-06 -3.60072095e-01 -1.40752288e-09  9.89594800e-01  1.25574756e-03 
 8.00317000e-06 -3.60072095e-01 -1.38046174e-09  9.89594800e-01  1.25584793e-03 
 8.00541000e-06 -3.60072095e-01 -1.32788680e-09  9.89594800e-01  1.25574760e-03 
 8.00989000e-06 -3.60072095e-01 -1.22862798e-09  9.89594800e-01  1.25584791e-03 
 8.01489000e-06 -3.60072095e-01 -1.12656795e-09  9.89594800e-01  1.25574761e-03 
 8.01989000e-06 -3.60072095e-01 -1.03298525e-09  9.89594800e-01  1.25584790e-03 
 8.02489000e-06 -3.60072095e-01 -9.47175227e-10  9.89594800e-01  1.25574762e-03 
 8.02989000e-06 -3.60072095e-01 -8.68494276e-10  9.89594800e-01  1.25584789e-03 
 8.03489000e-06 -3.60072095e-01 -7.96351651e-10  9.89594800e-01  1.25574764e-03 
 8.03989000e-06 -3.60072095e-01 -7.30199345e-10  9.89594800e-01  1.25584787e-03 
 8.04489000e-06 -3.60072095e-01 -6.69541200e-10  9.89594800e-01  1.25574765e-03 
 8.04989000e-06 -3.60072095e-01 -6.13921469e-10  9.89594800e-01  1.25584786e-03 
 8.05489000e-06 -3.60072095e-01 -5.62918601e-10  9.89594800e-01  1.25574766e-03 
 8.05989000e-06 -3.60072095e-01 -5.16153231e-10  9.89594800e-01  1.25584785e-03 
 8.06489000e-06 -3.60072095e-01 -4.73272199e-10  9.89594800e-01  1.25574767e-03 
 8.06989000e-06 -3.60072095e-01 -4.33953540e-10  9.89594800e-01  1.25584784e-03 
 8.07489000e-06 -3.60072095e-01 -3.97904709e-10  9.89594800e-01  1.25574768e-03 
 8.07989000e-06 -3.60072095e-01 -3.64849595e-10  9.89594800e-01  1.25584782e-03 
 8.08489000e-06 -3.60072095e-01 -3.34537842e-10  9.89594800e-01  1.25574770e-03 
 8.08989000e-06 -3.60072095e-01 -3.06744630e-10  9.89594800e-01  1.25584781e-03 
 8.09489000e-06 -3.60072095e-01 -2.81261126e-10  9.89594800e-01  1.25574771e-03 
 8.09989000e-06 -3.60072095e-01 -2.57894373e-10  9.89594800e-01  1.25584780e-03 
 8.10489000e-06 -3.60072095e-01 -2.36468511e-10  9.89594800e-01  1.25574772e-03 
 8.10989000e-06 -3.60072095e-01 -2.16822782e-10  9.89594800e-01  1.25584779e-03 
 8.11489000e-06 -3.60072095e-01 -1.98811745e-10  9.89594800e-01  1.25574773e-03 
 8.11989000e-06 -3.60072095e-01 -1.82298510e-10  9.89594800e-01  1.25584777e-03 
 8.12489000e-06 -3.60072095e-01 -1.67154401e-10  9.89594800e-01  1.25574774e-03 
 8.12989000e-06 -3.60072095e-01 -1.53266733e-10  9.89594800e-01  1.25584776e-03 
 8.13489000e-06 -3.60072095e-01 -1.40535694e-10  9.89594800e-01  1.25574776e-03 
 8.13989000e-06 -3.60072095e-01 -1.28862032e-10  9.89594800e-01  1.25584775e-03 
 8.14489000e-06 -3.60072095e-01 -1.18157151e-10  9.89594800e-01  1.25574777e-03 
 8.14989000e-06 -3.60072095e-01 -1.08341447e-10  9.89594800e-01  1.25584774e-03 
 8.15489000e-06 -3.60072095e-01 -9.93415350e-11  9.89594800e-01  1.25574778e-03 
 8.15989000e-06 -3.60072095e-01 -9.10890252e-11  9.89594800e-01  1.25584773e-03 
 8.16489000e-06 -3.60072095e-01 -8.35205238e-11  9.89594800e-01  1.25574779e-03 
 8.16989000e-06 -3.60072095e-01 -7.65840724e-11  9.89594800e-01  1.25584771e-03 
 8.17489000e-06 -3.60072095e-01 -7.02218284e-11  9.89594800e-01  1.25574780e-03 
 8.17989000e-06 -3.60072095e-01 -6.43848308e-11  9.89594800e-01  1.25584770e-03 
 8.18489000e-06 -3.60072095e-01 -5.90372196e-11  9.89594800e-01  1.25574782e-03 
 8.18989000e-06 -3.60072095e-01 -5.41346967e-11  9.89594800e-01  1.25584769e-03 
 8.19489000e-06 -3.60072095e-01 -4.96367392e-11  9.89594800e-01  1.25574783e-03 
 8.19989000e-06 -3.60072095e-01 -4.55139260e-11  9.89594800e-01  1.25584768e-03 
 8.20489000e-06 -3.60072095e-01 -4.17332835e-11  9.89594800e-01  1.25574784e-03 
 8.20989000e-06 -3.60072095e-01 -3.82659460e-11  9.89594800e-01  1.25584767e-03 
 8.21489000e-06 -3.60072095e-01 -3.50871554e-11  9.89594800e-01  1.25574785e-03 
 8.21989000e-06 -3.60072095e-01 -3.21722649e-11  9.89594800e-01  1.25584765e-03 
 8.22489000e-06 -3.60072095e-01 -2.94999580e-11  9.89594800e-01  1.25574786e-03 
 8.22989000e-06 -3.60072095e-01 -2.70479195e-11  9.89594800e-01  1.25584764e-03 
 8.23489000e-06 -3.60072095e-01 -2.47989407e-11  9.89594800e-01  1.25574788e-03 
 8.23989000e-06 -3.60072095e-01 -2.27362573e-11  9.89594800e-01  1.25584763e-03 
 8.24489000e-06 -3.60072095e-01 -2.08463247e-11  9.89594800e-01  1.25574789e-03 
 8.24989000e-06 -3.60072095e-01 -1.91138216e-11  9.89594800e-01  1.25584762e-03 
 8.25489000e-06 -3.60072095e-01 -1.75237602e-11  9.89594800e-01  1.25574790e-03 
 8.25989000e-06 -3.60072095e-01 -1.60663705e-11  9.89594800e-01  1.25584760e-03 
 8.26489000e-06 -3.60072095e-01 -1.47291068e-11  9.89594800e-01  1.25574791e-03 
 8.26989000e-06 -3.60072095e-01 -1.35041978e-11  9.89594800e-01  1.25584759e-03 
 8.27489000e-06 -3.60072095e-01 -1.23798749e-11  9.89594800e-01  1.25574792e-03 
 8.27989000e-06 -3.60072095e-01 -1.13484777e-11  9.89594800e-01  1.25584758e-03 
 8.28489000e-06 -3.60072095e-01 -1.04067865e-11  9.89594800e-01  1.25574794e-03 
 8.28989000e-06 -3.60072095e-01 -9.54381019e-12  9.89594800e-01  1.25584757e-03 
 8.29489000e-06 -3.60072095e-01 -8.75088890e-12  9.89594800e-01  1.25574795e-03 
 8.29989000e-06 -3.60072095e-01 -8.02458100e-12  9.89594800e-01  1.25584756e-03 
 8.30489000e-06 -3.60072095e-01 -7.36011252e-12  9.89594800e-01  1.25574796e-03 
 8.30989000e-06 -3.60072095e-01 -6.74893474e-12  9.89594800e-01  1.25584754e-03 
 8.31489000e-06 -3.60072095e-01 -6.18716189e-12  9.89594800e-01  1.25574797e-03 
 8.31989000e-06 -3.60072095e-01 -5.67335068e-12  9.89594800e-01  1.25584753e-03 
 8.32489000e-06 -3.60072095e-01 -5.20228305e-12  9.89594800e-01  1.25574799e-03 
 8.32989000e-06 -3.60072095e-01 -4.76974016e-12  9.89594800e-01  1.25584752e-03 
 8.33489000e-06 -3.60072095e-01 -4.37350156e-12  9.89594800e-01  1.25574800e-03 
 8.33989000e-06 -3.60072095e-01 -4.01045863e-12  9.89594800e-01  1.25584751e-03 
 8.34489000e-06 -3.60072095e-01 -3.67728070e-12  9.89594800e-01  1.25574801e-03 
 8.34989000e-06 -3.60072095e-01 -3.37152528e-12  9.89594800e-01  1.25584750e-03 
 8.35489000e-06 -3.60072095e-01 -3.08897352e-12  9.89594800e-01  1.25574802e-03 
 8.35989000e-06 -3.60072095e-01 -2.82573964e-12  9.89594800e-01  1.25584748e-03 
 8.36489000e-06 -3.60072095e-01 -2.58448818e-12  9.89594800e-01  1.25574803e-03 
 8.36989000e-06 -3.60072095e-01 -2.36577424e-12  9.89594800e-01  1.25584747e-03 
 8.37489000e-06 -3.60072095e-01 -2.16726637e-12  9.89594800e-01  1.25574805e-03 
 8.37989000e-06 -3.60072095e-01 -1.98774330e-12  9.89594800e-01  1.25584746e-03 
 8.38489000e-06 -3.60072095e-01 -1.82265314e-12  9.89594800e-01  1.25574806e-03 
 8.38989000e-06 -3.60072095e-01 -1.67110770e-12  9.89594800e-01  1.25584745e-03 
 8.39489000e-06 -3.60072095e-01 -1.53177471e-12  9.89594800e-01  1.25574807e-03 
 8.39989000e-06 -3.60072095e-01 -1.40332190e-12  9.89594800e-01  1.25584744e-03 
 8.40489000e-06 -3.60072095e-01 -1.28774769e-12  9.89594800e-01  1.25574808e-03 
 8.40989000e-06 -3.60072095e-01 -1.18149934e-12  9.89594800e-01  1.25584742e-03 
 8.41489000e-06 -3.60072095e-01 -1.08280052e-12  9.89594800e-01  1.25574809e-03 
 8.41989000e-06 -3.60072095e-01 -9.93871652e-13  9.89594800e-01  1.25584741e-03 
 8.42489000e-06 -3.60072095e-01 -9.14490705e-13  9.89594800e-01  1.25574811e-03 
 8.42989000e-06 -3.60072095e-01 -8.41660075e-13  9.89594800e-01  1.25584740e-03 
 8.43489000e-06 -3.60072095e-01 -7.71382958e-13  9.89594800e-01  1.25574812e-03 
 8.43989000e-06 -3.60072095e-01 -7.09210468e-13  9.89594800e-01  1.25584739e-03 
 8.44489000e-06 -3.60072095e-01 -6.53477272e-13  9.89594800e-01  1.25574813e-03 
 8.44989000e-06 -3.60072095e-01 -6.00408612e-13  9.89594800e-01  1.25584738e-03 
 8.45489000e-06 -3.60072095e-01 -5.51558799e-13  9.89594800e-01  1.25574814e-03 
 8.45989000e-06 -3.60072095e-01 -5.04707387e-13  9.89594800e-01  1.25584736e-03 
 8.46489000e-06 -3.60072095e-01 -4.60298466e-13  9.89594800e-01  1.25574815e-03 
 8.46989000e-06 -3.60072095e-01 -4.23105995e-13  9.89594800e-01  1.25584735e-03 
 8.47489000e-06 -3.60072095e-01 -3.88911126e-13  9.89594800e-01  1.25574817e-03 
 8.47989000e-06 -3.60072095e-01 -3.55271368e-13  9.89594800e-01  1.25584734e-03 
 8.48489000e-06 -3.60072095e-01 -3.23741034e-13  9.89594800e-01  1.25574818e-03 
 8.48989000e-06 -3.60072095e-01 -2.95541369e-13  9.89594800e-01  1.25584733e-03 
 8.49489000e-06 -3.60072095e-01 -2.70561351e-13  9.89594800e-01  1.25574819e-03 
 8.49989000e-06 -3.60072095e-01 -2.45914400e-13  9.89594800e-01  1.25584732e-03 
 8.50489000e-06 -3.60072095e-01 -2.25042207e-13  9.89594800e-01  1.25574820e-03 
 8.50989000e-06 -3.60072095e-01 -2.08610906e-13  9.89594800e-01  1.25584730e-03 
 8.51489000e-06 -3.60072095e-01 -1.91846539e-13  9.89594800e-01  1.25574821e-03 
 8.51989000e-06 -3.60072095e-01 -1.73638881e-13  9.89594800e-01  1.25584729e-03 
 8.52489000e-06 -3.60072095e-01 -1.58428826e-13  9.89594800e-01  1.25574823e-03 
 8.52989000e-06 -3.60072095e-01 -1.44551038e-13  9.89594800e-01  1.25584728e-03 
 8.53489000e-06 -3.60072095e-01 -1.30784272e-13  9.89594800e-01  1.25574824e-03 
 8.53989000e-06 -3.60072095e-01 -1.17461596e-13  9.89594800e-01  1.25584727e-03 
 8.54489000e-06 -3.60072095e-01 -1.04694031e-13  9.89594800e-01  1.25574825e-03 
 8.54989000e-06 -3.60072095e-01 -9.31477118e-14  9.89594800e-01  1.25584726e-03 
 8.55489000e-06 -3.60072095e-01 -8.60422844e-14  9.89594800e-01  1.25574826e-03 
 8.55989000e-06 -3.60072095e-01 -8.03801470e-14  9.89594800e-01  1.25584724e-03 
 8.56489000e-06 -3.60072095e-01 -7.39408534e-14  9.89594800e-01  1.25574827e-03 
 8.56989000e-06 -3.60072095e-01 -6.78346268e-14  9.89594800e-01  1.25584723e-03 
 8.57489000e-06 -3.60072095e-01 -6.42819131e-14  9.89594800e-01  1.25574829e-03 
 8.57989000e-06 -3.60072095e-01 -6.09512441e-14  9.89594800e-01  1.25584722e-03 
 8.58489000e-06 -3.60072095e-01 -5.57331958e-14  9.89594800e-01  1.25574830e-03 
 8.58989000e-06 -3.60072095e-01 -4.90718577e-14  9.89594800e-01  1.25584721e-03 
 8.59489000e-06 -3.60072095e-01 -4.40758541e-14  9.89594800e-01  1.25574831e-03 
 8.59989000e-06 -3.60072095e-01 -4.29656311e-14  9.89594800e-01  1.25584720e-03 
 8.60489000e-06 -3.60072095e-01 -4.09672296e-14  9.89594800e-01  1.25574832e-03 
 8.60989000e-06 -3.60072095e-01 -3.73034936e-14  9.89594800e-01  1.25584718e-03 
 8.61489000e-06 -3.60072095e-01 -3.16413562e-14  9.89594800e-01  1.25574833e-03 
 8.61989000e-06 -3.60072095e-01 -2.81996648e-14  9.89594800e-01  1.25584717e-03 
 8.62489000e-06 -3.60072095e-01 -2.54241073e-14  9.89594800e-01  1.25574835e-03 
 8.62989000e-06 -3.60072095e-01 -2.16493490e-14  9.89594800e-01  1.25584716e-03 
 8.63489000e-06 -3.60072095e-01 -1.97619698e-14  9.89594800e-01  1.25574836e-03 
 8.63989000e-06 -3.60072095e-01 -1.93178806e-14  9.89594800e-01  1.25584715e-03 
 8.64489000e-06 -3.60072095e-01 -2.07611706e-14  9.89594800e-01  1.25574837e-03 
 8.64989000e-06 -3.60072095e-01 -2.06501483e-14  9.89594800e-01  1.25584714e-03 
 8.65489000e-06 -3.60072095e-01 -1.82076576e-14  9.89594800e-01  1.25574838e-03 
 8.65989000e-06 -3.60072095e-01 -1.69864123e-14  9.89594800e-01  1.25584712e-03 
 8.66489000e-06 -3.60072095e-01 -1.47659662e-14  9.89594800e-01  1.25574839e-03 
 8.66989000e-06 -3.60072095e-01 -1.23234756e-14  9.89594800e-01  1.25584711e-03 
 8.67489000e-06 -3.60072095e-01 -1.22124533e-14  9.89594800e-01  1.25574841e-03 
 8.67989000e-06 -3.60072095e-01 -1.25455202e-14  9.89594800e-01  1.25584710e-03 
 8.68489000e-06 -3.60072095e-01 -1.26565425e-14  9.89594800e-01  1.25574842e-03 
 8.68989000e-06 -3.60072095e-01 -1.11022302e-14  9.89594800e-01  1.25584709e-03 
 8.69489000e-06 -3.60072095e-01 -8.54871729e-15  9.89594800e-01  1.25574843e-03 
 8.69989000e-06 -3.60072095e-01 -7.43849426e-15  9.89594800e-01  1.25584708e-03 
 8.70489000e-06 -3.60072095e-01 -7.54951657e-15  9.89594800e-01  1.25574844e-03 
 8.70989000e-06 -3.60072095e-01 -8.77076189e-15  9.89594800e-01  1.25584706e-03 
 8.71489000e-06 -3.60072095e-01 -8.88178420e-15  9.89594800e-01  1.25574845e-03 
 8.71989000e-06 -3.60072095e-01 -6.43929354e-15  9.89594800e-01  1.25584705e-03 
 8.72489000e-06 -3.60072095e-01 -5.55111512e-15  9.89594800e-01  1.25574847e-03 
 8.72989000e-06 -3.60072095e-01 -3.77475828e-15  9.89594800e-01  1.25584704e-03 
 8.73489000e-06 -3.60072095e-01 -9.99200722e-16  9.89594800e-01  1.25574848e-03 
 8.73989000e-06 -3.60072095e-01  2.55351296e-15  9.89594800e-01  1.25584703e-03 
 8.74489000e-06 -3.60072095e-01  5.44009282e-15  9.89594800e-01  1.25574849e-03 
 8.74989000e-06 -3.60072095e-01  2.22044605e-15  9.89594800e-01  1.25584702e-03 
 8.75489000e-06 -3.60072095e-01 -7.77156117e-16  9.89594800e-01  1.25574850e-03 
 8.75989000e-06 -3.60072095e-01 -2.10942375e-15  9.89594800e-01  1.25584700e-03 
 8.76489000e-06 -3.60072095e-01 -1.55431223e-15  9.89594800e-01  1.25574851e-03 
 8.76989000e-06 -3.60072095e-01 -5.55111512e-16  9.89594800e-01  1.25584699e-03 
 8.77489000e-06 -3.60072095e-01 -1.66533454e-15  9.89594800e-01  1.25574852e-03 
 8.77989000e-06 -3.60072095e-01 -1.44328993e-15  9.89594800e-01  1.25584698e-03 
 8.78489000e-06 -3.60072095e-01  0.00000000e+00  9.89594800e-01  1.25574854e-03 
 8.78989000e-06 -3.60072095e-01  1.22124533e-15  9.89594800e-01  1.25584697e-03 
 8.79489000e-06 -3.60072095e-01  2.55351296e-15  9.89594800e-01  1.25574855e-03 
 8.79989000e-06 -3.60072095e-01  4.32986980e-15  9.89594800e-01  1.25584696e-03 
 8.80489000e-06 -3.60072095e-01  6.88338275e-15  9.89594800e-01  1.25574856e-03 
 8.80989000e-06 -3.60072095e-01  5.99520433e-15  9.89594800e-01  1.25584694e-03 
 8.81489000e-06 -3.60072095e-01  2.88657986e-15  9.89594800e-01  1.25574857e-03 
 8.81989000e-06 -3.60072095e-01  2.88657986e-15  9.89594800e-01  1.25584693e-03 
 8.82489000e-06 -3.60072095e-01  3.10862447e-15  9.89594800e-01  1.25574858e-03 
 8.82989000e-06 -3.60072095e-01  2.33146835e-15  9.89594800e-01  1.25584692e-03 
 8.83489000e-06 -3.60072095e-01  2.44249065e-15  9.89594800e-01  1.25574860e-03 
 8.83989000e-06 -3.60072095e-01  2.88657986e-15  9.89594800e-01  1.25584691e-03 
 8.84489000e-06 -3.60072095e-01  2.10942375e-15  9.89594800e-01  1.25574861e-03 
 8.84989000e-06 -3.60072095e-01  1.33226763e-15  9.89594800e-01  1.25584690e-03 
 8.85489000e-06 -3.60072095e-01  1.88737914e-15  9.89594800e-01  1.25574862e-03 
 8.85989000e-06 -3.60072095e-01  1.88737914e-15  9.89594800e-01  1.25584689e-03 
 8.86489000e-06 -3.60072095e-01  1.44328993e-15  9.89594800e-01  1.25574863e-03 
 8.86989000e-06 -3.60072095e-01  1.55431223e-15  9.89594800e-01  1.25584687e-03 
 8.87489000e-06 -3.60072095e-01  4.44089210e-16  9.89594800e-01  1.25574864e-03 
 8.87989000e-06 -3.60072095e-01  3.33066907e-16  9.89594800e-01  1.25584686e-03 
 8.88489000e-06 -3.60072095e-01  6.66133815e-16  9.89594800e-01  1.25574866e-03 
 8.88989000e-06 -3.60072095e-01 -1.11022302e-15  9.89594800e-01  1.25584685e-03 
 8.89489000e-06 -3.60072095e-01  0.00000000e+00  9.89594800e-01  1.25574867e-03 
 8.89989000e-06 -3.60072095e-01  2.77555756e-15  9.89594800e-01  1.25584684e-03 
 8.90489000e-06 -3.60072095e-01  5.21804822e-15  9.89594800e-01  1.25574868e-03 
 8.90989000e-06 -3.60072095e-01  6.21724894e-15  9.89594800e-01  1.25584683e-03 
 8.91489000e-06 -3.60072095e-01  6.32827124e-15  9.89594800e-01  1.25574869e-03 
 8.91989000e-06 -3.60072095e-01  6.55031585e-15  9.89594800e-01  1.25584681e-03 
 8.92489000e-06 -3.60072095e-01  3.77475828e-15  9.89594800e-01  1.25574870e-03 
 8.92989000e-06 -3.60072095e-01  1.55431223e-15  9.89594800e-01  1.25584680e-03 
 8.93489000e-06 -3.60072095e-01  1.55431223e-15  9.89594800e-01  1.25574871e-03 
 8.93989000e-06 -3.60072095e-01  3.33066907e-16  9.89594800e-01  1.25584679e-03 
 8.94489000e-06 -3.60072095e-01  6.66133815e-16  9.89594800e-01  1.25574873e-03 
 8.94989000e-06 -3.60072095e-01  2.66453526e-15  9.89594800e-01  1.25584678e-03 
 8.95489000e-06 -3.60072095e-01  3.44169138e-15  9.89594800e-01  1.25574874e-03 
 8.95989000e-06 -3.60072095e-01  4.32986980e-15  9.89594800e-01  1.25584677e-03 
 8.96489000e-06 -3.60072095e-01  4.99600361e-15  9.89594800e-01  1.25574875e-03 
 8.96989000e-06 -3.60072095e-01  3.88578059e-15  9.89594800e-01  1.25584675e-03 
 8.97489000e-06 -3.60072095e-01  2.10942375e-15  9.89594800e-01  1.25574876e-03 
 8.97989000e-06 -3.60072095e-01  1.55431223e-15  9.89594800e-01  1.25584674e-03 
 8.98489000e-06 -3.60072095e-01  1.99840144e-15  9.89594800e-01  1.25574877e-03 
 8.98989000e-06 -3.60072095e-01  1.44328993e-15  9.89594800e-01  1.25584673e-03 
 8.99489000e-06 -3.60072095e-01  1.44328993e-15  9.89594800e-01  1.25574879e-03 
 8.99794500e-06 -3.60072095e-01  2.33146835e-15  9.89594800e-01  1.25584672e-03 
 9.00100000e-06 -3.60072095e-01  1.22124533e-15  9.89594800e-01  1.25574881e-03 
 9.00110000e-06 -3.60072095e-01  1.33226763e-15  9.89594800e-01  1.22625345e-03 
 9.00130000e-06 -3.60072095e-01  1.33226763e-15  9.89594800e-01  1.19992588e-03 
 9.00158033e-06 -3.60072095e-01  1.11022302e-15  9.89594800e-01  1.21430703e-03 
 9.00179016e-06 -3.60072095e-01  9.99200722e-16  9.89594800e-01  1.18812731e-03 
 9.00200000e-06 -3.60072095e-01  7.77156117e-16  9.89594800e-01  1.19948382e-03 
 9.00204197e-06 -3.60072095e-01  6.66133815e-16  9.89594800e-01  1.25546978e-03 
 9.00212590e-06 -3.60072095e-01  6.66133815e-16  9.89594800e-01  1.25612165e-03 
 9.00229377e-06 -3.60072095e-01  8.88178420e-16  9.89594800e-01  1.25547601e-03 
 9.00262951e-06 -3.60072095e-01  9.99200722e-16  9.89594800e-01  1.25611848e-03 
 9.00330099e-06 -3.60072095e-01  6.66133815e-16  9.89594800e-01  1.25547755e-03 
 9.00464395e-06 -3.60072095e-01 -3.33066907e-16  9.89594800e-01  1.25611771e-03 
 9.00732987e-06 -3.60072095e-01 -3.33066907e-16  9.89594800e-01  1.25547793e-03 
 9.01232987e-06 -3.60072095e-01  3.33066907e-16  9.89594800e-01  1.25611751e-03 
 9.01732987e-06 -3.60072095e-01  9.99200722e-16  9.89594800e-01  1.25547807e-03 
 9.02232987e-06 -3.60072095e-01  1.88737914e-15  9.89594800e-01  1.25611738e-03 
 9.02732987e-06 -3.60072095e-01  2.66453526e-15  9.89594800e-01  1.25547820e-03 
 9.03232987e-06 -3.60072095e-01  3.44169138e-15  9.89594800e-01  1.25611724e-03 
 9.03732987e-06 -3.60072095e-01  4.32986980e-15  9.89594800e-01  1.25547834e-03 
 9.04232987e-06 -3.60072095e-01  4.88498131e-15  9.89594800e-01  1.25611710e-03 
 9.04732987e-06 -3.60072095e-01  5.32907052e-15  9.89594800e-01  1.25547848e-03 
 9.05232987e-06 -3.60072095e-01  5.66213743e-15  9.89594800e-01  1.25611696e-03 
 9.05732987e-06 -3.60072095e-01  6.10622664e-15  9.89594800e-01  1.25547862e-03 
 9.06232987e-06 -3.60072095e-01  6.43929354e-15  9.89594800e-01  1.25611683e-03 
 9.06732987e-06 -3.60072095e-01  6.10622664e-15  9.89594800e-01  1.25547875e-03 
 9.07232987e-06 -3.60072095e-01  6.32827124e-15  9.89594800e-01  1.25611669e-03 
 9.07732987e-06 -3.60072095e-01  7.10542736e-15  9.89594800e-01  1.25547889e-03 
 9.08232987e-06 -3.60072095e-01  8.21565038e-15  9.89594800e-01  1.25611655e-03 
 9.08732987e-06 -3.60072095e-01  8.99280650e-15  9.89594800e-01  1.25547903e-03 
 9.09232987e-06 -3.60072095e-01  8.77076189e-15  9.89594800e-01  1.25611642e-03 
 9.09732987e-06 -3.60072095e-01  8.54871729e-15  9.89594800e-01  1.25547916e-03 
 9.10232987e-06 -3.60072095e-01  8.77076189e-15  9.89594800e-01  1.25611628e-03 
 9.10732987e-06 -3.60072095e-01  9.65894031e-15  9.89594800e-01  1.25547930e-03 
 9.11232987e-06 -3.60072095e-01  9.88098492e-15  9.89594800e-01  1.25611614e-03 
 9.11732987e-06 -3.60072095e-01  9.99200722e-15  9.89594800e-01  1.25547944e-03 
 9.12232987e-06 -3.60072095e-01  1.01030295e-14  9.89594800e-01  1.25611601e-03 
 9.12732987e-06 -3.60072095e-01  9.76996262e-15  9.89594800e-01  1.25547957e-03 
 9.13232987e-06 -3.60072095e-01  9.21485110e-15  9.89594800e-01  1.25611587e-03 
 9.13732987e-06 -3.60072095e-01  9.32587341e-15  9.89594800e-01  1.25547971e-03 
 9.14232987e-06 -3.60072095e-01  1.02140518e-14  9.89594800e-01  1.25611573e-03 
 9.14732987e-06 -3.60072095e-01  1.09912079e-14  9.89594800e-01  1.25547985e-03 
 9.15232987e-06 -3.60072095e-01  1.23234756e-14  9.89594800e-01  1.25611560e-03 
 9.15732987e-06 -3.60072095e-01  1.33226763e-14  9.89594800e-01  1.25547998e-03 
 9.16232987e-06 -3.60072095e-01  1.37667655e-14  9.89594800e-01  1.25611546e-03 
 9.16732987e-06 -3.60072095e-01  1.39888101e-14  9.89594800e-01  1.25548012e-03 
 9.17232987e-06 -3.60072095e-01  1.44328993e-14  9.89594800e-01  1.25611533e-03 
 9.17732987e-06 -3.60072095e-01  1.55431223e-14  9.89594800e-01  1.25548025e-03 
 9.18232987e-06 -3.60072095e-01  1.63202785e-14  9.89594800e-01  1.25611519e-03 
 9.18732987e-06 -3.60072095e-01  1.68753900e-14  9.89594800e-01  1.25548039e-03 
 9.19232987e-06 -3.60072095e-01  1.70974346e-14  9.89594800e-01  1.25611505e-03 
 9.19732987e-06 -3.60072095e-01  1.79856130e-14  9.89594800e-01  1.25548053e-03 
 9.20232987e-06 -3.60072095e-01  1.90958360e-14  9.89594800e-01  1.25611492e-03 
 9.20732987e-06 -3.60072095e-01  1.98729921e-14  9.89594800e-01  1.25548066e-03 
 9.21232987e-06 -3.60072095e-01  2.12052598e-14  9.89594800e-01  1.25611478e-03 
 9.21732987e-06 -3.60072095e-01  2.25375274e-14  9.89594800e-01  1.25548080e-03 
 9.22232987e-06 -3.60072095e-01  2.32036612e-14  9.89594800e-01  1.25611464e-03 
 9.22732987e-06 -3.60072095e-01  2.36477504e-14  9.89594800e-01  1.25548093e-03 
 9.23232987e-06 -3.60072095e-01  2.38697950e-14  9.89594800e-01  1.25611451e-03 
 9.23732987e-06 -3.60072095e-01  2.44249065e-14  9.89594800e-01  1.25548107e-03 
 9.24232987e-06 -3.60072095e-01  2.50910404e-14  9.89594800e-01  1.25611437e-03 
 9.24732987e-06 -3.60072095e-01  2.57571742e-14  9.89594800e-01  1.25548121e-03 
 9.25232987e-06 -3.60072095e-01  2.64233080e-14  9.89594800e-01  1.25611424e-03 
 9.25732987e-06 -3.60072095e-01  2.74225087e-14  9.89594800e-01  1.25548134e-03 
 9.26232987e-06 -3.60072095e-01  2.85327317e-14  9.89594800e-01  1.25611410e-03 
 9.26732987e-06 -3.60072095e-01  2.93098879e-14  9.89594800e-01  1.25548148e-03 
 9.27232987e-06 -3.60072095e-01  3.06421555e-14  9.89594800e-01  1.25611397e-03 
 9.27732987e-06 -3.60072095e-01  3.20854454e-14  9.89594800e-01  1.25548161e-03 
 9.28232987e-06 -3.60072095e-01  3.31956684e-14  9.89594800e-01  1.25611383e-03 
 9.28732987e-06 -3.60072095e-01  3.45279361e-14  9.89594800e-01  1.25548175e-03 
 9.29232987e-06 -3.60072095e-01  3.64153152e-14  9.89594800e-01  1.25611369e-03 
 9.29732987e-06 -3.60072095e-01  3.75255382e-14  9.89594800e-01  1.25548188e-03 
 9.30232987e-06 -3.60072095e-01  3.81916720e-14  9.89594800e-01  1.25611356e-03 
 9.30732987e-06 -3.60072095e-01  3.86357613e-14  9.89594800e-01  1.25548202e-03 
 9.31232987e-06 -3.60072095e-01  3.89688282e-14  9.89594800e-01  1.25611342e-03 
 9.31732987e-06 -3.60072095e-01  3.89688282e-14  9.89594800e-01  1.25548216e-03 
 9.32232987e-06 -3.60072095e-01  3.94129174e-14  9.89594800e-01  1.25611329e-03 
 9.32732987e-06 -3.60072095e-01  3.97459843e-14  9.89594800e-01  1.25548229e-03 
 9.33232987e-06 -3.60072095e-01  4.04121181e-14  9.89594800e-01  1.25611315e-03 
 9.33732987e-06 -3.60072095e-01  4.11892742e-14  9.89594800e-01  1.25548243e-03 
 9.34232987e-06 -3.60072095e-01  4.24105195e-14  9.89594800e-01  1.25611302e-03 
 9.34732987e-06 -3.60072095e-01  4.36317649e-14  9.89594800e-01  1.25548256e-03 
 9.35232987e-06 -3.60072095e-01  4.48530102e-14  9.89594800e-01  1.25611288e-03 
 9.35732987e-06 -3.60072095e-01  4.66293670e-14  9.89594800e-01  1.25548270e-03 
 9.36232987e-06 -3.60072095e-01  4.78506124e-14  9.89594800e-01  1.25611275e-03 
 9.36732987e-06 -3.60072095e-01  4.90718577e-14  9.89594800e-01  1.25548283e-03 
 9.37232987e-06 -3.60072095e-01  4.97379915e-14  9.89594800e-01  1.25611261e-03 
 9.37732987e-06 -3.60072095e-01  5.06261699e-14  9.89594800e-01  1.25548297e-03 
 9.38232987e-06 -3.60072095e-01  5.24025268e-14  9.89594800e-01  1.25611248e-03 
 9.38732987e-06 -3.60072095e-01  5.37347944e-14  9.89594800e-01  1.25548310e-03 
 9.39232987e-06 -3.60072095e-01  5.47339951e-14  9.89594800e-01  1.25611234e-03 
 9.39732987e-06 -3.60072095e-01  5.57331958e-14  9.89594800e-01  1.25548324e-03 
 9.40232987e-06 -3.60072095e-01  5.70654635e-14  9.89594800e-01  1.25611221e-03 
 9.40732987e-06 -3.60072095e-01  5.85087534e-14  9.89594800e-01  1.25548337e-03 
 9.41232987e-06 -3.60072095e-01  5.99520433e-14  9.89594800e-01  1.25611207e-03 
 9.41732987e-06 -3.60072095e-01  6.12843110e-14  9.89594800e-01  1.25548351e-03 
 9.42232987e-06 -3.60072095e-01  6.23945340e-14  9.89594800e-01  1.25611194e-03 
 9.42732987e-06 -3.60072095e-01  6.35047570e-14  9.89594800e-01  1.25548364e-03 
 9.43232987e-06 -3.60072095e-01  6.47260023e-14  9.89594800e-01  1.25611180e-03 
 9.43732987e-06 -3.60072095e-01  6.57252031e-14  9.89594800e-01  1.25548378e-03 
 9.44232987e-06 -3.60072095e-01  6.63913369e-14  9.89594800e-01  1.25611167e-03 
 9.44732987e-06 -3.60072095e-01  6.66133815e-14  9.89594800e-01  1.25548391e-03 
 9.45232987e-06 -3.60072095e-01  6.68354261e-14  9.89594800e-01  1.25611153e-03 
 9.45732987e-06 -3.60072095e-01  6.75015599e-14  9.89594800e-01  1.25548405e-03 
 9.46232987e-06 -3.60072095e-01  6.76125822e-14  9.89594800e-01  1.25611140e-03 
 9.46732987e-06 -3.60072095e-01  6.73905376e-14  9.89594800e-01  1.25548418e-03 
 9.47232987e-06 -3.60072095e-01  6.77236045e-14  9.89594800e-01  1.25611126e-03 
 9.47732987e-06 -3.60072095e-01  6.83897383e-14  9.89594800e-01  1.25548431e-03 
 9.48232987e-06 -3.60072095e-01  6.87228052e-14  9.89594800e-01  1.25611113e-03 
 9.48732987e-06 -3.60072095e-01  6.92779167e-14  9.89594800e-01  1.25548445e-03 
 9.49232987e-06 -3.60072095e-01  6.98330282e-14  9.89594800e-01  1.25611099e-03 
 9.49732987e-06 -3.60072095e-01  7.06101844e-14  9.89594800e-01  1.25548458e-03 
 9.50232987e-06 -3.60072095e-01  7.10542736e-14  9.89594800e-01  1.25611086e-03 
 9.50732987e-06 -3.60072095e-01  7.11652959e-14  9.89594800e-01  1.25548472e-03 
 9.51232987e-06 -3.60072095e-01  7.09432513e-14  9.89594800e-01  1.25611073e-03 
 9.51732987e-06 -3.60072095e-01  7.07212067e-14  9.89594800e-01  1.25548485e-03 
 9.52232987e-06 -3.60072095e-01  7.08322290e-14  9.89594800e-01  1.25611059e-03 
 9.52732987e-06 -3.60072095e-01  7.11652959e-14  9.89594800e-01  1.25548499e-03 
 9.53232987e-06 -3.60072095e-01  7.13873405e-14  9.89594800e-01  1.25611046e-03 
 9.53732987e-06 -3.60072095e-01  7.12763182e-14  9.89594800e-01  1.25548512e-03 
 9.54232987e-06 -3.60072095e-01  7.12763182e-14  9.89594800e-01  1.25611032e-03 
 9.54732987e-06 -3.60072095e-01  7.12763182e-14  9.89594800e-01  1.25548525e-03 
 9.55232987e-06 -3.60072095e-01  7.11652959e-14  9.89594800e-01  1.25611019e-03 
 9.55732987e-06 -3.60072095e-01  7.13873405e-14  9.89594800e-01  1.25548539e-03 
 9.56232987e-06 -3.60072095e-01  7.22755189e-14  9.89594800e-01  1.25611006e-03 
 9.56732987e-06 -3.60072095e-01  7.26085858e-14  9.89594800e-01  1.25548552e-03 
 9.57232987e-06 -3.60072095e-01  7.26085858e-14  9.89594800e-01  1.25610992e-03 
 9.57732987e-06 -3.60072095e-01  7.27196081e-14  9.89594800e-01  1.25548566e-03 
 9.58232987e-06 -3.60072095e-01  7.27196081e-14  9.89594800e-01  1.25610979e-03 
 9.58732987e-06 -3.60072095e-01  7.30526750e-14  9.89594800e-01  1.25548579e-03 
 9.59232987e-06 -3.60072095e-01  7.37188088e-14  9.89594800e-01  1.25610965e-03 
 9.59732987e-06 -3.60072095e-01  7.43849426e-14  9.89594800e-01  1.25548592e-03 
 9.60232987e-06 -3.60072095e-01  7.49400542e-14  9.89594800e-01  1.25610952e-03 
 9.60732987e-06 -3.60072095e-01  7.50510765e-14  9.89594800e-01  1.25548606e-03 
 9.61232987e-06 -3.60072095e-01  7.57172103e-14  9.89594800e-01  1.25610939e-03 
 9.61732987e-06 -3.60072095e-01  7.68274333e-14  9.89594800e-01  1.25548619e-03 
 9.62232987e-06 -3.60072095e-01  7.70494779e-14  9.89594800e-01  1.25610925e-03 
 9.62732987e-06 -3.60072095e-01  7.70494779e-14  9.89594800e-01  1.25548633e-03 
 9.63232987e-06 -3.60072095e-01  7.69384556e-14  9.89594800e-01  1.25610912e-03 
 9.63732987e-06 -3.60072095e-01  7.73825448e-14  9.89594800e-01  1.25548646e-03 
 9.64232987e-06 -3.60072095e-01  7.76045894e-14  9.89594800e-01  1.25610898e-03 
 9.64732987e-06 -3.60072095e-01  7.77156117e-14  9.89594800e-01  1.25548659e-03 
 9.65232987e-06 -3.60072095e-01  7.80486786e-14  9.89594800e-01  1.25610885e-03 
 9.65732987e-06 -3.60072095e-01  7.83817455e-14  9.89594800e-01  1.25548673e-03 
 9.66232987e-06 -3.60072095e-01  7.89368571e-14  9.89594800e-01  1.25610872e-03 
 9.66732987e-06 -3.60072095e-01  7.96029909e-14  9.89594800e-01  1.25548686e-03 
 9.67232987e-06 -3.60072095e-01  8.07132139e-14  9.89594800e-01  1.25610858e-03 
 9.67732987e-06 -3.60072095e-01  8.24895707e-14  9.89594800e-01  1.25548699e-03 
 9.68232987e-06 -3.60072095e-01  8.43769499e-14  9.89594800e-01  1.25610845e-03 
 9.68732987e-06 -3.60072095e-01  8.59312621e-14  9.89594800e-01  1.25548713e-03 
 9.69232987e-06 -3.60072095e-01  8.72635297e-14  9.89594800e-01  1.25610832e-03 
 9.69732987e-06 -3.60072095e-01  8.87068197e-14  9.89594800e-01  1.25548726e-03 
 9.70232987e-06 -3.60072095e-01  8.97060204e-14  9.89594800e-01  1.25610818e-03 
 9.70732987e-06 -3.60072095e-01  9.03721542e-14  9.89594800e-01  1.25548739e-03 
 9.71232987e-06 -3.60072095e-01  9.14823772e-14  9.89594800e-01  1.25610805e-03 
 9.71732987e-06 -3.60072095e-01  9.30366895e-14  9.89594800e-01  1.25548753e-03 
 9.72232987e-06 -3.60072095e-01  9.43689571e-14  9.89594800e-01  1.25610792e-03 
 9.72732987e-06 -3.60072095e-01  9.52571355e-14  9.89594800e-01  1.25548766e-03 
 9.73232987e-06 -3.60072095e-01  9.62563362e-14  9.89594800e-01  1.25610779e-03 
 9.73732987e-06 -3.60072095e-01  9.80326931e-14  9.89594800e-01  1.25548779e-03 
 9.74232987e-06 -3.60072095e-01  9.95870053e-14  9.89594800e-01  1.25610765e-03 
 9.74732987e-06 -3.60072095e-01  1.00919273e-13  9.89594800e-01  1.25548793e-03 
 9.75232987e-06 -3.60072095e-01  1.02473585e-13  9.89594800e-01  1.25610752e-03 
 9.75732987e-06 -3.60072095e-01  1.04360964e-13  9.89594800e-01  1.25548806e-03 
 9.76232987e-06 -3.60072095e-01  1.05915277e-13  9.89594800e-01  1.25610739e-03 
 9.76732987e-06 -3.60072095e-01  1.07247544e-13  9.89594800e-01  1.25548819e-03 
 9.77232987e-06 -3.60072095e-01  1.08246745e-13  9.89594800e-01  1.25610725e-03 
 9.77732987e-06 -3.60072095e-01  1.09356968e-13  9.89594800e-01  1.25548832e-03 
 9.78232987e-06 -3.60072095e-01  1.10800258e-13  9.89594800e-01  1.25610712e-03 
 9.78732987e-06 -3.60072095e-01  1.11244347e-13  9.89594800e-01  1.25548846e-03 
 9.79232987e-06 -3.60072095e-01  1.11244347e-13  9.89594800e-01  1.25610699e-03 
 9.79732987e-06 -3.60072095e-01  1.11022302e-13  9.89594800e-01  1.25548859e-03 
 9.80232987e-06 -3.60072095e-01  1.11577414e-13  9.89594800e-01  1.25610686e-03 
 9.80732987e-06 -3.60072095e-01  1.12021503e-13  9.89594800e-01  1.25548872e-03 
 9.81232987e-06 -3.60072095e-01  1.12132525e-13  9.89594800e-01  1.25610672e-03 
 9.81732987e-06 -3.60072095e-01  1.12021503e-13  9.89594800e-01  1.25548885e-03 
 9.82232987e-06 -3.60072095e-01  1.12243548e-13  9.89594800e-01  1.25610659e-03 
 9.82732987e-06 -3.60072095e-01  1.12021503e-13  9.89594800e-01  1.25548899e-03 
 9.83232987e-06 -3.60072095e-01  1.11799459e-13  9.89594800e-01  1.25610646e-03 
 9.83732987e-06 -3.60072095e-01  1.12021503e-13  9.89594800e-01  1.25548912e-03 
 9.84232987e-06 -3.60072095e-01  1.13242749e-13  9.89594800e-01  1.25610633e-03 
 9.84732987e-06 -3.60072095e-01  1.14686038e-13  9.89594800e-01  1.25548925e-03 
 9.85232987e-06 -3.60072095e-01  1.16129328e-13  9.89594800e-01  1.25610619e-03 
 9.85732987e-06 -3.60072095e-01  1.17239551e-13  9.89594800e-01  1.25548938e-03 
 9.86232987e-06 -3.60072095e-01  1.17572618e-13  9.89594800e-01  1.25610606e-03 
 9.86732987e-06 -3.60072095e-01  1.18682841e-13  9.89594800e-01  1.25548952e-03 
 9.87232987e-06 -3.60072095e-01  1.20237154e-13  9.89594800e-01  1.25610593e-03 
 9.87732987e-06 -3.60072095e-01  1.21680443e-13  9.89594800e-01  1.25548965e-03 
 9.88232987e-06 -3.60072095e-01  1.22790667e-13  9.89594800e-01  1.25610580e-03 
 9.88732987e-06 -3.60072095e-01  1.24011912e-13  9.89594800e-01  1.25548978e-03 
 9.89232987e-06 -3.60072095e-01  1.25011113e-13  9.89594800e-01  1.25610566e-03 
 9.89732987e-06 -3.60072095e-01  1.25899291e-13  9.89594800e-01  1.25548991e-03 
 9.90232987e-06 -3.60072095e-01  1.27675648e-13  9.89594800e-01  1.25610553e-03 
 9.90732987e-06 -3.60072095e-01  1.29229960e-13  9.89594800e-01  1.25549005e-03 
 9.91232987e-06 -3.60072095e-01  1.29896094e-13  9.89594800e-01  1.25610540e-03 
 9.91732987e-06 -3.60072095e-01  1.30673250e-13  9.89594800e-01  1.25549018e-03 
 9.92232987e-06 -3.60072095e-01  1.31783473e-13  9.89594800e-01  1.25610527e-03 
 9.92732987e-06 -3.60072095e-01  1.32671651e-13  9.89594800e-01  1.25549031e-03 
 9.93232987e-06 -3.60072095e-01  1.33559830e-13  9.89594800e-01  1.25610514e-03 
 9.93732987e-06 -3.60072095e-01  1.34670053e-13  9.89594800e-01  1.25549044e-03 
 9.94232987e-06 -3.60072095e-01  1.36557432e-13  9.89594800e-01  1.25610500e-03 
 9.94732987e-06 -3.60072095e-01  1.37889700e-13  9.89594800e-01  1.25549057e-03 
 9.95232987e-06 -3.60072095e-01  1.38666856e-13  9.89594800e-01  1.25610487e-03 
 9.95732987e-06 -3.60072095e-01  1.39666056e-13  9.89594800e-01  1.25549071e-03 
 9.96232987e-06 -3.60072095e-01  1.39666056e-13  9.89594800e-01  1.25610474e-03 
 9.96732987e-06 -3.60072095e-01  1.39555034e-13  9.89594800e-01  1.25549084e-03 
 9.97232987e-06 -3.60072095e-01  1.39221967e-13  9.89594800e-01  1.25610461e-03 
 9.97732987e-06 -3.60072095e-01  1.39110945e-13  9.89594800e-01  1.25549097e-03 
 9.98232987e-06 -3.60072095e-01  1.39666056e-13  9.89594800e-01  1.25610448e-03 
 9.98732987e-06 -3.60072095e-01  1.40443213e-13  9.89594800e-01  1.25549110e-03 
 9.99232987e-06 -3.60072095e-01  1.41109346e-13  9.89594800e-01  1.25610434e-03 
 9.99616493e-06 -3.60072095e-01  1.41331391e-13  9.89594800e-01  1.25549125e-03 
 1.00000000e-05 -3.60072095e-01  1.41220369e-13  9.89594800e-01  1.25610417e-03 
 1.00001000e-05 -3.60077115e-01  2.69995137e-12  9.89600955e-01  1.31989551e-03 
 1.00003000e-05 -3.60113584e-01  1.81728965e-10  9.89620122e-01  1.30819750e-03 
 1.00006500e-05 -3.60379517e-01  1.66922030e-07  9.89662613e-01  1.30439653e-03 
 1.00010000e-05 -3.55535116e-01 -1.20639312e-03  9.90929066e-01  1.28315266e-03 
 1.00010700e-05 -3.52968591e-01 -1.67099628e-03  9.91542578e-01  1.25265316e-03 
 1.00012100e-05 -3.47156350e-01 -2.55862678e-03  9.92886714e-01  1.25169347e-03 
 1.00014900e-05 -3.34357736e-01 -4.11730875e-03  9.95537142e-01  1.25167139e-03 
 1.00020500e-05 -3.15156901e-01 -6.61113662e-03  9.98324685e-01  1.25307380e-03 
 1.00031700e-05 -3.03063599e-01 -1.01737266e-02  9.96680085e-01  1.25563559e-03 
 1.00054100e-05 -3.08334704e-01 -1.49480853e-02  9.89576927e-01  1.25689900e-03 
 1.00077050e-05 -3.05637709e-01 -1.86558686e-02  9.88502747e-01  1.25637930e-03 
 1.00100000e-05 -2.89293223e-01 -2.19840437e-02  9.91293278e-01  1.25528656e-03 
 1.00104590e-05 -2.84368313e-01 -2.26083671e-02  9.92023641e-01  1.25517413e-03 
 1.00113770e-05 -2.73059847e-01 -2.38317248e-02  9.93560785e-01  1.25479233e-03 
 1.00132130e-05 -2.44902827e-01 -2.61116279e-02  9.96506805e-01  1.25429749e-03 
 1.00168850e-05 -1.86592388e-01 -2.99180630e-02  1.00010833e+00  1.25402578e-03 
 1.00218850e-05 -1.20194408e-01 -3.34960759e-02  1.00158444e+00  1.25421911e-03 
 1.00268850e-05 -6.84393551e-02 -3.54686031e-02  1.00102743e+00  1.25484387e-03 
 1.00318850e-05 -2.65900759e-02 -3.61760404e-02  9.99085701e-01  1.25586205e-03 
 1.00368850e-05  8.25035559e-03 -3.58804428e-02  9.96504529e-01  1.25716422e-03 
 1.00418850e-05  3.80330540e-02 -3.47661752e-02  9.93648846e-01  1.25869257e-03 
 1.00468850e-05  6.41418003e-02 -3.29668906e-02  9.90744878e-01  1.26030879e-03 
 1.00518850e-05  8.73533494e-02 -3.05841353e-02  9.87931687e-01  1.26196481e-03 
 1.00568850e-05  1.08276706e-01 -2.76980754e-02  9.85308033e-01  1.26347677e-03 
 1.00618850e-05  1.27228913e-01 -2.43745884e-02  9.82948175e-01  1.26480602e-03 
 1.00668850e-05  1.44503781e-01 -2.06700396e-02  9.80907844e-01  1.26579797e-03 
 1.00718850e-05  1.60253536e-01 -1.66342004e-02  9.79226664e-01  1.26645465e-03 
 1.00768850e-05  1.74648726e-01 -1.23119789e-02  9.77930919e-01  1.26666632e-03 
 1.00818850e-05  1.87787076e-01 -7.74446784e-03  9.77032508e-01  1.26648137e-03 
 1.00868850e-05  1.99792264e-01 -2.96950865e-03  9.76532232e-01  1.26583367e-03 
 1.00918850e-05  2.10747753e-01  1.97800610e-03  9.76417996e-01  1.26481249e-03 
 1.00968850e-05  2.20757231e-01  7.06597616e-03  9.76670068e-01  1.26338573e-03 
 1.01018850e-05  2.29901173e-01  1.22650233e-02  9.77258147e-01  1.26167210e-03 
 1.01068850e-05  2.38272322e-01  1.75484813e-02  9.78147160e-01  1.25966207e-03 
 1.01118850e-05  2.45944530e-01  2.28923269e-02  9.79296328e-01  1.25748992e-03 
 1.01168850e-05  2.52999699e-01  2.82751366e-02  9.80661831e-01  1.25515640e-03 
 1.01218850e-05  2.59502475e-01  3.36780081e-02  9.82198081e-01  1.25279961e-03 
 1.01268850e-05  2.65520596e-01  3.90844565e-02  9.83858848e-01  1.25041982e-03 
 1.01318850e-05  2.71106909e-01  4.44802890e-02  9.85598575e-01  1.24814969e-03 
 1.01368850e-05  2.76313878e-01  4.98534651e-02  9.87373082e-01  1.24598131e-03 
 1.01418850e-05  2.81181569e-01  5.51939407e-02  9.89140406e-01  1.24403572e-03 
 1.01468850e-05  2.85748054e-01  6.04935073e-02  9.90861296e-01  1.24229212e-03 
 1.01518850e-05  2.90041601e-01  6.57456224e-02  9.92499705e-01  1.24085642e-03 
 1.01568850e-05  2.94088250e-01  7.09452386e-02  9.94023158e-01  1.23969256e-03 
 1.01618850e-05  2.97906810e-01  7.60886292e-02  9.95403058e-01  1.23888981e-03 
 1.01668850e-05  3.01514417e-01  8.11732136e-02  9.96614991e-01  1.23839605e-03 
 1.01718850e-05  3.04923325e-01  8.61973834e-02  9.97638923e-01  1.23828372e-03 
 1.01768850e-05  3.08144928e-01  9.11603326e-02  9.98459456e-01  1.23848494e-03 
 1.01818850e-05  3.11187611e-01  9.60618924e-02  9.99065896e-01  1.23905613e-03 
 1.01868850e-05  3.14059789e-01  1.00902381e-01  9.99452522e-01  1.23991457e-03 
 1.01918850e-05  3.16768097e-01  1.05682457e-01  9.99618287e-01  1.24110243e-03 
 1.01968850e-05  3.19319445e-01  1.10402994e-01  9.99567164e-01  1.24252454e-03 
 1.02018850e-05  3.21720182e-01  1.15064968e-01  9.99307626e-01  1.24421084e-03 
 1.02068850e-05  3.23976991e-01  1.19669365e-01  9.98852597e-01  1.24605672e-03 
 1.02118850e-05  3.26096291e-01  1.24217105e-01  9.98219038e-01  1.24808352e-03 
 1.02168850e-05  3.28084946e-01  1.28708978e-01  9.97427473e-01  1.25018094e-03 
 1.02218850e-05  3.29949676e-01  1.33145596e-01  9.96501456e-01  1.25236591e-03 
 1.02268850e-05  3.31697523e-01  1.37527370e-01  9.95466950e-01  1.25452686e-03 
 1.02318850e-05  3.33335407e-01  1.41854478e-01  9.94351605e-01  1.25668093e-03 
 1.02368850e-05  3.34870369e-01  1.46126867e-01  9.93184077e-01  1.25871986e-03 
 1.02418850e-05  3.36309283e-01  1.50344251e-01  9.91993205e-01  1.26066555e-03 
 1.02468850e-05  3.37658933e-01  1.54506121e-01  9.90807343e-01  1.26241729e-03 
 1.02518850e-05  3.38925860e-01  1.58611769e-01  9.89653551e-01  1.26400559e-03 
 1.02568850e-05  3.40116339e-01  1.62660310e-01  9.88557027e-01  1.26534066e-03 
 1.02618850e-05  3.41236332e-01  1.66650716e-01  9.87540413e-01  1.26646439e-03 
 1.02668850e-05  3.42291410e-01  1.70581857e-01  9.86623413e-01  1.26729993e-03 
 1.02718850e-05  3.43286796e-01  1.74452533e-01  9.85822288e-01  1.26790188e-03 
 1.02768850e-05  3.44227248e-01  1.78261522e-01  9.85149709e-01  1.26820686e-03 
 1.02818850e-05  3.45117183e-01  1.82007623e-01  9.84614493e-01  1.26828195e-03 
 1.02868850e-05  3.45960528e-01  1.85689691e-01  9.84221696e-01  1.26807623e-03 
 1.02918850e-05  3.46760910e-01  1.89306683e-01  9.83972583e-01  1.26766763e-03 
 1.02968850e-05  3.47521479e-01  1.92857689e-01  9.83864947e-01  1.26701548e-03 
 1.03018850e-05  3.48245145e-01  1.96341965e-01  9.83893265e-01  1.26620584e-03 
 1.03068850e-05  3.48934379e-01  1.99758958e-01  9.84049175e-01  1.26520519e-03 
 1.03118850e-05  3.49591482e-01  2.03108325e-01  9.84321766e-01  1.26410443e-03 
 1.03168850e-05  3.50218364e-01  2.06389948e-01  9.84698135e-01  1.26287378e-03 
 1.03218850e-05  3.50816834e-01  2.09603940e-01  9.85163730e-01  1.26160561e-03 
 1.03268850e-05  3.51388359e-01  2.12750645e-01  9.85702925e-01  1.26027058e-03 
 1.03318850e-05  3.51934368e-01  2.15830636e-01  9.86299351e-01  1.25895943e-03 
 1.03368850e-05  3.52455989e-01  2.18844702e-01  9.86936429e-01  1.25764047e-03 
 1.03418850e-05  3.52954365e-01  2.21793837e-01  9.87597648e-01  1.25640037e-03 
 1.03468850e-05  3.53430373e-01  2.24679218e-01  9.88267028e-01  1.25520290e-03 
 1.03518850e-05  3.53884942e-01  2.27502184e-01  9.88929317e-01  1.25412895e-03 
 1.03568850e-05  3.54318767e-01  2.30264217e-01  9.89570368e-01  1.25313638e-03 
 1.03618850e-05  3.54732620e-01  2.32966909e-01  9.90177258e-01  1.25229922e-03 
 1.03668850e-05  3.55127064e-01  2.35611944e-01  9.90738574e-01  1.25156873e-03 
 1.03718850e-05  3.55502758e-01  2.38201065e-01  9.91244456e-01  1.25101176e-03 
 1.03768850e-05  3.55860177e-01  2.40736054e-01  9.91686801e-01  1.25057287e-03 
 1.03818850e-05  3.56199906e-01  2.43218702e-01  9.92059238e-01  1.25031191e-03 
 1.03868850e-05  3.56522366e-01  2.45650791e-01  9.92357255e-01  1.25016718e-03 
 1.03918850e-05  3.56828105e-01  2.48034068e-01  9.92578104e-01  1.25019219e-03 
 1.03968850e-05  3.57117527e-01  2.50370229e-01  9.92720870e-01  1.25031981e-03 
 1.04018850e-05  3.57391173e-01  2.52660897e-01  9.92786312e-01  1.25059826e-03 
 1.04068850e-05  3.57649460e-01  2.54907612e-01  9.92776863e-01  1.25095618e-03 
 1.04118850e-05  3.57892951e-01  2.57111815e-01  9.92696421e-01  1.25143778e-03 
 1.04168850e-05  3.58122100e-01  2.59274841e-01  9.92550297e-01  1.25196889e-03 
 1.04218850e-05  3.58337503e-01  2.61397909e-01  9.92344952e-01  1.25259128e-03 
 1.04268850e-05  3.58539664e-01  2.63482119e-01  9.92087899e-01  1.25322947e-03 
 1.04318850e-05  3.58729218e-01  2.65528449e-01  9.91787415e-01  1.25392437e-03 
 1.04368850e-05  3.58906710e-01  2.67537756e-01  9.91452403e-01  1.25460080e-03 
 1.04418850e-05  3.59072808e-01  2.69510782e-01  9.91092092e-01  1.25530032e-03 
 1.04468850e-05  3.59228080e-01  2.71448151e-01  9.90715889e-01  1.25594951e-03 
 1.04518850e-05  3.59373203e-01  2.73350385e-01  9.90333083e-01  1.25659195e-03 
 1.04568850e-05  3.59508748e-01  2.75217907e-01  9.89952708e-01  1.25715717e-03 
 1.04618850e-05  3.59635371e-01  2.77051056e-01  9.89583270e-01  1.25769187e-03 
 1.04668850e-05  3.59753617e-01  2.78850093e-01  9.89232649e-01  1.25812941e-03 
 1.04718850e-05  3.59864097e-01  2.80615219e-01  9.88907867e-01  1.25852028e-03 
 1.04768850e-05  3.59967304e-01  2.82346586e-01  9.88615035e-01  1.25880213e-03 
 1.04818850e-05  3.60063785e-01  2.84044311e-01  9.88359185e-01  1.25902949e-03 
 1.04868850e-05  3.60153962e-01  2.85708490e-01  9.88144274e-01  1.25914438e-03 
 1.04918850e-05  3.60238305e-01  2.87339210e-01  9.87973077e-01  1.25920522e-03 
 1.04968850e-05  3.60317162e-01  2.88936564e-01  9.87847251e-01  1.25915800e-03 
 1.05018850e-05  3.60390919e-01  2.90500660e-01  9.87767290e-01  1.25906451e-03 
 1.05068850e-05  3.60459852e-01  2.92031634e-01  9.87732642e-01  1.25887406e-03 
 1.05118850e-05  3.60524271e-01  2.93529656e-01  9.87741720e-01  1.25865103e-03 
 1.05168850e-05  3.60584386e-01  2.94994941e-01  9.87792054e-01  1.25834709e-03 
 1.05218850e-05  3.60640447e-01  2.96427754e-01  9.87880342e-01  1.25802825e-03 
 1.05268850e-05  3.60692611e-01  2.97828412e-01  9.88002633e-01  1.25764758e-03 
 1.05318850e-05  3.60741079e-01  2.99197290e-01  9.88154394e-01  1.25727168e-03 
 1.05368850e-05  3.60785972e-01  3.00534819e-01  9.88330710e-01  1.25685401e-03 
 1.05418850e-05  3.60827457e-01  3.01841487e-01  9.88526353e-01  1.25646080e-03 
 1.05468850e-05  3.60865634e-01  3.03117837e-01  9.88735978e-01  1.25604498e-03 
 1.05518850e-05  3.60900648e-01  3.04364463e-01  9.88954193e-01  1.25567162e-03 
 1.05568850e-05  3.60932589e-01  3.05582005e-01  9.89175734e-01  1.25529236e-03 
 1.05618850e-05  3.60961591e-01  3.06771146e-01  9.89395520e-01  1.25497046e-03 
 1.05668850e-05  3.60987742e-01  3.07932601e-01  9.89608809e-01  1.25465576e-03 
 1.05718850e-05  3.61011174e-01  3.09067116e-01  9.89811225e-01  1.25440927e-03 
 1.05768850e-05  3.61031976e-01  3.10175455e-01  9.89998889e-01  1.25417873e-03 
 1.05818850e-05  3.61050279e-01  3.11258399e-01  9.90168425e-01  1.25402273e-03 
 1.05868850e-05  3.61066180e-01  3.12316731e-01  9.90317052e-01  1.25388680e-03 
 1.05918850e-05  3.61079813e-01  3.13351237e-01  9.90442568e-01  1.25382712e-03 
 1.05968850e-05  3.61091279e-01  3.14362691e-01  9.90543415e-01  1.25378712e-03 
 1.06018850e-05  3.61100715e-01  3.15351855e-01  9.90618632e-01  1.25382081e-03 
 1.06068850e-05  3.61108228e-01  3.16319468e-01  9.90667891e-01  1.25386978e-03 
 1.06118850e-05  3.61113957e-01  3.17266245e-01  9.90691429e-01  1.25398620e-03 
 1.06168850e-05  3.61118012e-01  3.18192867e-01  9.90690061e-01  1.25411028e-03 
 1.06218850e-05  3.61120530e-01  3.19099983e-01  9.90665088e-01  1.25429279e-03 
 1.06268850e-05  3.61121624e-01  3.19988200e-01  9.90618287e-01  1.25447304e-03 
 1.06318850e-05  3.61121427e-01  3.20858089e-01  9.90551812e-01  1.25470096e-03 
 1.06368850e-05  3.61120048e-01  3.21710174e-01  9.90468167e-01  1.25491549e-03 
 1.06418850e-05  3.61117614e-01  3.22544939e-01  9.90370089e-01  1.25516624e-03 
 1.06468850e-05  3.61114228e-01  3.23362824e-01  9.90260525e-01  1.25539233e-03 
 1.06518850e-05  3.61110005e-01  3.24164228e-01  9.90142509e-01  1.25564358e-03 
 1.06568850e-05  3.61105039e-01  3.24949509e-01  9.90019134e-01  1.25585973e-03 
 1.06618850e-05  3.61099429e-01  3.25718986e-01  9.89893434e-01  1.25609126e-03 
 1.06668850e-05  3.61093257e-01  3.26472945e-01  9.89768368e-01  1.25627893e-03 
 1.06718850e-05  3.61086605e-01  3.27211637e-01  9.89646707e-01  1.25647421e-03 
 1.06768850e-05  3.61079536e-01  3.27935286e-01  9.89531026e-01  1.25661915e-03 
 1.06818850e-05  3.61072115e-01  3.28644093e-01  9.89423613e-01  1.25676642e-03 
 1.06868850e-05  3.61064389e-01  3.29338236e-01  9.89326473e-01  1.25685949e-03 
 1.06918850e-05  3.61056401e-01  3.30017879e-01  9.89241256e-01  1.25695231e-03 
 1.06968850e-05  3.61048183e-01  3.30683175e-01  9.89169277e-01  1.25698980e-03 
 1.07018850e-05  3.61039760e-01  3.31334267e-01  9.89111464e-01  1.25702711e-03 
 1.07068850e-05  3.61031147e-01  3.31971298e-01  9.89068397e-01  1.25701050e-03 
 1.07118850e-05  3.61022356e-01  3.32594409e-01  9.89040271e-01  1.25699618e-03 
 1.07168850e-05  3.61013391e-01  3.33203745e-01  9.89026957e-01  1.25693150e-03 
 1.07218850e-05  3.61004251e-01  3.33799459e-01  9.89027975e-01  1.25687348e-03 
 1.07268850e-05  3.60994932e-01  3.34381711e-01  9.89042570e-01  1.25677033e-03 
 1.07318850e-05  3.60985427e-01  3.34950677e-01  9.89069700e-01  1.25667956e-03 
 1.07368850e-05  3.60975728e-01  3.35506540e-01  9.89108115e-01  1.25654988e-03 
 1.07418850e-05  3.60965825e-01  3.36049502e-01  9.89156359e-01  1.25643900e-03 
 1.07468850e-05  3.60955711e-01  3.36579777e-01  9.89212851e-01  1.25629580e-03 
 1.07518850e-05  3.60945376e-01  3.37097596e-01  9.89275889e-01  1.25617787e-03 
 1.07568850e-05  3.60934817e-01  3.37603202e-01  9.89343733e-01  1.25603400e-03 
 1.07618850e-05  3.60924029e-01  3.38096853e-01  9.89414607e-01  1.25592136e-03 
 1.07668850e-05  3.60913014e-01  3.38578820e-01  9.89486779e-01  1.25578838e-03 
 1.07718850e-05  3.60901773e-01  3.39049384e-01  9.89558561e-01  1.25569161e-03 
 1.07768850e-05  3.60890315e-01  3.39508836e-01  9.89628379e-01  1.25557895e-03 
 1.07818850e-05  3.60878647e-01  3.39957475e-01  9.89694766e-01  1.25550618e-03 
 1.07868850e-05  3.60866787e-01  3.40395603e-01  9.89756425e-01  1.25542053e-03 
 1.07918850e-05  3.60854747e-01  3.40823528e-01  9.89812215e-01  1.25537697e-03 
 1.07968850e-05  3.60842554e-01  3.41241556e-01  9.89861199e-01  1.25532201e-03 
 1.08018850e-05  3.60830222e-01  3.41649993e-01  9.89902624e-01  1.25530978e-03 
 1.08068850e-05  3.60817786e-01  3.42049143e-01  9.89935959e-01  1.25528615e-03 
 1.08118850e-05  3.60805264e-01  3.42439299e-01  9.89960865e-01  1.25530446e-03 
 1.08168850e-05  3.60792692e-01  3.42820753e-01  9.89977222e-01  1.25531002e-03 
 1.08218850e-05  3.60780093e-01  3.43193782e-01  9.89985091e-01  1.25535549e-03 
 1.08268850e-05  3.60767504e-01  3.43558655e-01  9.89984735e-01  1.25538576e-03 
 1.08318850e-05  3.60754947e-01  3.43915627e-01  9.89976569e-01  1.25545300e-03 
 1.08368850e-05  3.60742460e-01  3.44264941e-01  9.89961177e-01  1.25550182e-03 
 1.08418850e-05  3.60730061e-01  3.44606824e-01  9.89939259e-01  1.25558407e-03 
 1.08468850e-05  3.60717788e-01  3.44941491e-01  9.89911641e-01  1.25564426e-03 
 1.08518850e-05  3.60705654e-01  3.45269140e-01  9.89879217e-01  1.25573411e-03 
 1.08568850e-05  3.60693693e-01  3.45589954e-01  9.89842958e-01  1.25579822e-03 
 1.08618850e-05  3.60681913e-01  3.45904102e-01  9.89803858e-01  1.25588834e-03 
 1.08668850e-05  3.60670343e-01  3.46211738e-01  9.89762936e-01  1.25594930e-03 
 1.08718850e-05  3.60658987e-01  3.46513004e-01  9.89721188e-01  1.25603304e-03 
 1.08768850e-05  3.60647864e-01  3.46808027e-01  9.89679588e-01  1.25608475e-03 
 1.08818850e-05  3.60636974e-01  3.47096926e-01  9.89639047e-01  1.25615665e-03 
 1.08868850e-05  3.60626331e-01  3.47379805e-01  9.89600416e-01  1.25619441e-03 
 1.08918850e-05  3.60615925e-01  3.47656764e-01  9.89564447e-01  1.25625059e-03 
 1.08968850e-05  3.60605768e-01  3.47927890e-01  9.89531808e-01  1.25627135e-03 
 1.09018850e-05  3.60595843e-01  3.48193269e-01  9.89503043e-01  1.25630965e-03 
 1.09068850e-05  3.60586156e-01  3.48452978e-01  9.89478596e-01  1.25631216e-03 
 1.09118850e-05  3.60576686e-01  3.48707093e-01  9.89458776e-01  1.25633218e-03 
 1.09168850e-05  3.60567434e-01  3.48955686e-01  9.89443786e-01  1.25631687e-03 
 1.09218850e-05  3.60558378e-01  3.49198830e-01  9.89433699e-01  1.25631984e-03 
 1.09268850e-05  3.60549516e-01  3.49436596e-01  9.89428485e-01  1.25628863e-03 
 1.09318850e-05  3.60540821e-01  3.49669057e-01  9.89427995e-01  1.25627711e-03 
 1.09368850e-05  3.60532293e-01  3.49896289e-01  9.89431992e-01  1.25623311e-03 
 1.09418850e-05  3.60523904e-01  3.50118370e-01  9.89440142e-01  1.25621065e-03 
 1.09468850e-05  3.60515653e-01  3.50335380e-01  9.89452045e-01  1.25615777e-03 
 1.09518850e-05  3.60507515e-01  3.50547406e-01  9.89467226e-01  1.25612850e-03 
 1.09568850e-05  3.60499489e-01  3.50754536e-01  9.89485174e-01  1.25607099e-03 
 1.09618850e-05  3.60491553e-01  3.50956863e-01  9.89505331e-01  1.25603921e-03 
 1.09668850e-05  3.60483708e-01  3.51154484e-01  9.89527129e-01  1.25598132e-03 
 1.09718850e-05  3.60475935e-01  3.51347501e-01  9.89549983e-01  1.25595110e-03 
 1.09768850e-05  3.60468238e-01  3.51536018e-01  9.89573324e-01  1.25589665e-03 
 1.09818850e-05  3.60460600e-01  3.51720142e-01  9.89596592e-01  1.25587151e-03 
 1.09868850e-05  3.60453032e-01  3.51899985e-01  9.89619268e-01  1.25582364e-03 
 1.09918850e-05  3.60445517e-01  3.52075658e-01  9.89640863e-01  1.25580631e-03 
 1.09968850e-05  3.60438070e-01  3.52247276e-01  9.89660947e-01  1.25576727e-03 
 1.10018850e-05  3.60430678e-01  3.52414952e-01  9.89679136e-01  1.25575951e-03 
 1.10068850e-05  3.60423358e-01  3.52578800e-01  9.89695120e-01  1.25573057e-03 
 1.10118850e-05  3.60416099e-01  3.52738935e-01  9.89708640e-01  1.25573311e-03 
 1.10168850e-05  3.60408922e-01  3.52895468e-01  9.89719520e-01  1.25571452e-03 
 1.10218850e-05  3.60401818e-01  3.53048509e-01  9.89727638e-01  1.25572717e-03 
 1.10268850e-05  3.60394807e-01  3.53198165e-01  9.89732954e-01  1.25571826e-03 
 1.10318850e-05  3.60387883e-01  3.53344541e-01  9.89735479e-01  1.25573993e-03 
 1.10368850e-05  3.60381066e-01  3.53487736e-01  9.89735299e-01  1.25573926e-03 
 1.10418850e-05  3.60374350e-01  3.53627846e-01  9.89732542e-01  1.25576820e-03 
 1.10468850e-05  3.60367756e-01  3.53764961e-01  9.89727402e-01  1.25577377e-03 
 1.10518850e-05  3.60361276e-01  3.53899170e-01  9.89720101e-01  1.25580776e-03 
 1.10568850e-05  3.60354931e-01  3.54030551e-01  9.89710914e-01  1.25581722e-03 
 1.10618850e-05  3.60348713e-01  3.54159182e-01  9.89700127e-01  1.25585384e-03 
 1.10668850e-05  3.60342639e-01  3.54285133e-01  9.89688064e-01  1.25586473e-03 
 1.10718850e-05  3.60336700e-01  3.54408470e-01  9.89675046e-01  1.25590156e-03 
 1.10768850e-05  3.60330913e-01  3.54529254e-01  9.89661411e-01  1.25591156e-03 
 1.10818850e-05  3.60325266e-01  3.54647541e-01  9.89647484e-01  1.25594641e-03 
 1.10868850e-05  3.60319773e-01  3.54763383e-01  9.89633589e-01  1.25595349e-03 
 1.10918850e-05  3.60314420e-01  3.54876828e-01  9.89620023e-01  1.25598456e-03 
 1.10968850e-05  3.60309220e-01  3.54987920e-01  9.89607069e-01  1.25598716e-03 
 1.11018850e-05  3.60304156e-01  3.55096699e-01  9.89594975e-01  1.25601315e-03 
 1.11068850e-05  3.60299240e-01  3.55203205e-01  9.89583963e-01  1.25601025e-03 
 1.11118850e-05  3.60294453e-01  3.55307472e-01  9.89574213e-01  1.25603042e-03 
 1.11168850e-05  3.60289805e-01  3.55409534e-01  9.89565877e-01  1.25602159e-03 
 1.11218850e-05  3.60285277e-01  3.55509424e-01  9.89559055e-01  1.25603580e-03 
 1.11268850e-05  3.60280875e-01  3.55607174e-01  9.89553820e-01  1.25602116e-03 
 1.11318850e-05  3.60276581e-01  3.55702814e-01  9.89550196e-01  1.25602978e-03 
 1.11368850e-05  3.60272402e-01  3.55796375e-01  9.89548179e-01  1.25600994e-03 
 1.11418850e-05  3.60268317e-01  3.55887888e-01  9.89547721e-01  1.25601380e-03 
 1.11468850e-05  3.60264333e-01  3.55977384e-01  9.89548748e-01  1.25598976e-03 
 1.11518850e-05  3.60260429e-01  3.56064895e-01  9.89551151e-01  1.25599001e-03 
 1.11568850e-05  3.60256614e-01  3.56150455e-01  9.89554803e-01  1.25596305e-03 
 1.11618850e-05  3.60252867e-01  3.56234096e-01  9.89559547e-01  1.25596104e-03 
 1.11668850e-05  3.60249197e-01  3.56315855e-01  9.89565219e-01  1.25593256e-03 
 1.11718850e-05  3.60245584e-01  3.56395767e-01  9.89571633e-01  1.25592970e-03 
 1.11768850e-05  3.60242038e-01  3.56473869e-01  9.89578607e-01  1.25590108e-03 
 1.11818850e-05  3.60238540e-01  3.56550201e-01  9.89585945e-01  1.25589871e-03 
 1.11868850e-05  3.60235102e-01  3.56624801e-01  9.89593463e-01  1.25587122e-03 
 1.11918850e-05  3.60231707e-01  3.56697710e-01  9.89600974e-01  1.25587051e-03 
 1.11968850e-05  3.60228366e-01  3.56768969e-01  9.89608308e-01  1.25584519e-03 
 1.12018850e-05  3.60225065e-01  3.56838620e-01  9.89615300e-01  1.25584704e-03 
 1.12068850e-05  3.60221815e-01  3.56906705e-01  9.89621812e-01  1.25582464e-03 
 1.12118850e-05  3.60218603e-01  3.56973267e-01  9.89627712e-01  1.25582965e-03 
 1.12168850e-05  3.60215442e-01  3.57038346e-01  9.89632899e-01  1.25581060e-03 
 1.12218850e-05  3.60212320e-01  3.57101985e-01  9.89637283e-01  1.25581902e-03 
 1.12268850e-05  3.60209251e-01  3.57164225e-01  9.89640808e-01  1.25580341e-03 
 1.12318850e-05  3.60206223e-01  3.57225107e-01  9.89643429e-01  1.25581518e-03 
 1.12368850e-05  3.60203251e-01  3.57284670e-01  9.89645134e-01  1.25580281e-03 
 1.12418850e-05  3.60200323e-01  3.57342951e-01  9.89645922e-01  1.25581759e-03 
 1.12468850e-05  3.60197454e-01  3.57399989e-01  9.89645822e-01  1.25580799e-03 
 1.12518850e-05  3.60194633e-01  3.57455819e-01  9.89644873e-01  1.25582520e-03 
 1.12568850e-05  3.60191875e-01  3.57510474e-01  9.89643139e-01  1.25581771e-03 
 1.12618850e-05  3.60189168e-01  3.57563987e-01  9.89640690e-01  1.25583664e-03 
 1.12668850e-05  3.60186527e-01  3.57616388e-01  9.89637618e-01  1.25583050e-03 
 1.12718850e-05  3.60183940e-01  3.57667706e-01  9.89634014e-01  1.25585035e-03 
 1.12768850e-05  3.60181422e-01  3.57717968e-01  9.89629987e-01  1.25584474e-03 
 1.12818850e-05  3.60178959e-01  3.57767200e-01  9.89625638e-01  1.25586471e-03 
 1.12868850e-05  3.60176566e-01  3.57815423e-01  9.89621082e-01  1.25585887e-03 
 1.12918850e-05  3.60174229e-01  3.57862662e-01  9.89616423e-01  1.25587824e-03 
 1.12968850e-05  3.60171962e-01  3.57908935e-01  9.89611769e-01  1.25587150e-03 
 1.13018850e-05  3.60169750e-01  3.57954263e-01  9.89607217e-01  1.25588966e-03 
 1.13068850e-05  3.60167607e-01  3.57998662e-01  9.89602863e-01  1.25588150e-03 
 1.13118850e-05  3.60165517e-01  3.58042150e-01  9.89598785e-01  1.25589803e-03 
 1.13168850e-05  3.60163493e-01  3.58084741e-01  9.89595061e-01  1.25588811e-03 
 1.13218850e-05  3.60161518e-01  3.58126452e-01  9.89591748e-01  1.25590274e-03 
 1.13268850e-05  3.60159606e-01  3.58167295e-01  9.89588898e-01  1.25589091e-03 
 1.13318850e-05  3.60157739e-01  3.58207284e-01  9.89586544e-01  1.25590360e-03 
 1.13368850e-05  3.60155929e-01  3.58246433e-01  9.89584713e-01  1.25588988e-03 
 1.13418850e-05  3.60154161e-01  3.58284754e-01  9.89583410e-01  1.25590075e-03 
 1.13468850e-05  3.60152445e-01  3.58322260e-01  9.89582639e-01  1.25588534e-03 
 1.13518850e-05  3.60150765e-01  3.58358964e-01  9.89582381e-01  1.25589464e-03 
 1.13568850e-05  3.60149131e-01  3.58394878e-01  9.89582617e-01  1.25587787e-03 
 1.13618850e-05  3.60147529e-01  3.58430016e-01  9.89583307e-01  1.25588599e-03 
 1.13668850e-05  3.60145969e-01  3.58464390e-01  9.89584414e-01  1.25586827e-03 
 1.13718850e-05  3.60144435e-01  3.58498015e-01  9.89585883e-01  1.25587564e-03 
 1.13768850e-05  3.60142939e-01  3.58530903e-01  9.89587665e-01  1.25585742e-03 
 1.13818850e-05  3.60141465e-01  3.58563070e-01  9.89589695e-01  1.25586451e-03 
 1.13868850e-05  3.60140024e-01  3.58594529e-01  9.89591917e-01  1.25584625e-03 
 1.13918850e-05  3.60138603e-01  3.58625295e-01  9.89594262e-01  1.25585350e-03 
 1.13968850e-05  3.60137212e-01  3.58655383e-01  9.89596675e-01  1.25583563e-03 
 1.14018850e-05  3.60135838e-01  3.58684809e-01  9.89599089e-01  1.25584341e-03 
 1.14068850e-05  3.60134492e-01  3.58713588e-01  9.89601452e-01  1.25582626e-03 
 1.14118850e-05  3.60133161e-01  3.58741736e-01  9.89603707e-01  1.25583489e-03 
 1.14168850e-05  3.60131858e-01  3.58769268e-01  9.89605809e-01  1.25581872e-03 
 1.14218850e-05  3.60130568e-01  3.58796201e-01  9.89607713e-01  1.25582838e-03 
 1.14268850e-05  3.60129306e-01  3.58822549e-01  9.89609388e-01  1.25581333e-03 
 1.14318850e-05  3.60128057e-01  3.58848330e-01  9.89610801e-01  1.25582412e-03 
 1.14368850e-05  3.60126836e-01  3.58873556e-01  9.89611936e-01  1.25581022e-03 
 1.14418850e-05  3.60125629e-01  3.58898245e-01  9.89612774e-01  1.25582213e-03 
 1.14468850e-05  3.60124449e-01  3.58922411e-01  9.89613313e-01  1.25580931e-03 
 1.14518850e-05  3.60123285e-01  3.58946067e-01  9.89613551e-01  1.25582222e-03 
 1.14568850e-05  3.60122149e-01  3.58969228e-01  9.89613498e-01  1.25581034e-03 
 1.14618850e-05  3.60121029e-01  3.58991907e-01  9.89613165e-01  1.25582407e-03 
 1.14668850e-05  3.60119939e-01  3.59014117e-01  9.89612574e-01  1.25581291e-03 
 1.14718850e-05  3.60118866e-01  3.59035870e-01  9.89611747e-01  1.25582722e-03 
 1.14768850e-05  3.60117823e-01  3.59057178e-01  9.89610714e-01  1.25581653e-03 
 1.14818850e-05  3.60116798e-01  3.59078051e-01  9.89609504e-01  1.25583115e-03 
 1.14868850e-05  3.60115804e-01  3.59098500e-01  9.89608154e-01  1.25582067e-03 
 1.14918850e-05  3.60114828e-01  3.59118535e-01  9.89606696e-01  1.25583535e-03 
 1.14968850e-05  3.60113883e-01  3.59138165e-01  9.89605169e-01  1.25582482e-03 
 1.15018850e-05  3.60112956e-01  3.59157399e-01  9.89603605e-01  1.25583931e-03 
 1.15068850e-05  3.60112060e-01  3.59176244e-01  9.89602042e-01  1.25582851e-03 
 1.15118850e-05  3.60111181e-01  3.59194709e-01  9.89600510e-01  1.25584262e-03 
 1.15168850e-05  3.60110333e-01  3.59212800e-01  9.89599042e-01  1.25583137e-03 
 1.15218850e-05  3.60109501e-01  3.59230525e-01  9.89597663e-01  1.25584495e-03 
 1.15268850e-05  3.60108699e-01  3.59247890e-01  9.89596400e-01  1.25583315e-03 
 1.15318850e-05  3.60107912e-01  3.59264900e-01  9.89595270e-01  1.25584611e-03 
 1.15368850e-05  3.60107152e-01  3.59281562e-01  9.89594293e-01  1.25583369e-03 
 1.15418850e-05  3.60106407e-01  3.59297882e-01  9.89593477e-01  1.25584602e-03 
 1.15468850e-05  3.60105688e-01  3.59313865e-01  9.89592835e-01  1.25583300e-03 
 1.15518850e-05  3.60104980e-01  3.59329516e-01  9.89592366e-01  1.25584473e-03 
 1.15568850e-05  3.60104297e-01  3.59344840e-01  9.89592073e-01  1.25583116e-03 
 1.15618850e-05  3.60103625e-01  3.59359844e-01  9.89591949e-01  1.25584238e-03 
 1.15668850e-05  3.60102974e-01  3.59374531e-01  9.89591989e-01  1.25582838e-03 
 1.15718850e-05  3.60102333e-01  3.59388908e-01  9.89592179e-01  1.25583919e-03 
 1.15768850e-05  3.60101712e-01  3.59402980e-01  9.89592508e-01  1.25582489e-03 
 1.15818850e-05  3.60101097e-01  3.59416753e-01  9.89592957e-01  1.25583546e-03 
 1.15868850e-05  3.60100502e-01  3.59430231e-01  9.89593512e-01  1.25582100e-03 
 1.15918850e-05  3.60099912e-01  3.59443421e-01  9.89594150e-01  1.25583147e-03 
 1.15968850e-05  3.60099340e-01  3.59456328e-01  9.89594853e-01  1.25581701e-03 
 1.16018850e-05  3.60098772e-01  3.59468958e-01  9.89595598e-01  1.25582753e-03 
 1.16068850e-05  3.60098220e-01  3.59481316e-01  9.89596368e-01  1.25581320e-03 
 1.16118850e-05  3.60097671e-01  3.59493410e-01  9.89597140e-01  1.25582389e-03 
 1.16168850e-05  3.60097138e-01  3.59505244e-01  9.89597898e-01  1.25580981e-03 
 1.16218850e-05  3.60096608e-01  3.59516825e-01  9.89598620e-01  1.25582078e-03 
 1.16268850e-05  3.60096093e-01  3.59528159e-01  9.89599296e-01  1.25580703e-03 
 1.16318850e-05  3.60095580e-01  3.59539252e-01  9.89599907e-01  1.25581833e-03 
 1.16368850e-05  3.60095082e-01  3.59550110e-01  9.89600444e-01  1.25580496e-03 
 1.16418850e-05  3.60094587e-01  3.59560738e-01  9.89600896e-01  1.25581664e-03 
 1.16468850e-05  3.60094106e-01  3.59571143e-01  9.89601258e-01  1.25580365e-03 
 1.16518850e-05  3.60093627e-01  3.59581330e-01  9.89601522e-01  1.25581570e-03 
 1.16568850e-05  3.60093163e-01  3.59591305e-01  9.89601690e-01  1.25580308e-03 
 1.16618850e-05  3.60092702e-01  3.59601074e-01  9.89601757e-01  1.25581546e-03 
 1.16668850e-05  3.60092255e-01  3.59610641e-01  9.89601731e-01  1.25580317e-03 
 1.16718850e-05  3.60091812e-01  3.59620012e-01  9.89601611e-01  1.25581581e-03 
 1.16768850e-05  3.60091384e-01  3.59629192e-01  9.89601408e-01  1.25580377e-03 
 1.16818850e-05  3.60090958e-01  3.59638186e-01  9.89601125e-01  1.25581660e-03 
 1.16868850e-05  3.60090548e-01  3.59646997e-01  9.89600776e-01  1.25580473e-03 
 1.16918850e-05  3.60090142e-01  3.59655631e-01  9.89600367e-01  1.25581767e-03 
 1.16968850e-05  3.60089751e-01  3.59664091e-01  9.89599912e-01  1.25580588e-03 
 1.17018850e-05  3.60089363e-01  3.59672381e-01  9.89599421e-01  1.25581884e-03 
 1.17068850e-05  3.60088991e-01  3.59680505e-01  9.89598907e-01  1.25580705e-03 
 1.17118850e-05  3.60088622e-01  3.59688467e-01  9.89598379e-01  1.25581995e-03 
 1.17168850e-05  3.60088268e-01  3.59696269e-01  9.89597853e-01  1.25580808e-03 
 1.17218850e-05  3.60087917e-01  3.59703915e-01  9.89597334e-01  1.25582086e-03 
 1.17268850e-05  3.60087582e-01  3.59711408e-01  9.89596838e-01  1.25580885e-03 
 1.17318850e-05  3.60087249e-01  3.59718750e-01  9.89596369e-01  1.25582145e-03 
 1.17368850e-05  3.60086931e-01  3.59725945e-01  9.89595940e-01  1.25580928e-03 
 1.17418850e-05  3.60086615e-01  3.59732995e-01  9.89595552e-01  1.25582168e-03 
 1.17468850e-05  3.60086314e-01  3.59739902e-01  9.89595216e-01  1.25580931e-03 
 1.17518850e-05  3.60086014e-01  3.59746669e-01  9.89594932e-01  1.25582149e-03 
 1.17568850e-05  3.60085728e-01  3.59753297e-01  9.89594706e-01  1.25580894e-03 
 1.17618850e-05  3.60085443e-01  3.59759791e-01  9.89594536e-01  1.25582092e-03 
 1.17668850e-05  3.60085170e-01  3.59766150e-01  9.89594425e-01  1.25580819e-03 
 1.17718850e-05  3.60084899e-01  3.59772379e-01  9.89594369e-01  1.25582001e-03 
 1.17768850e-05  3.60084639e-01  3.59778479e-01  9.89594368e-01  1.25580714e-03 
 1.17818850e-05  3.60084379e-01  3.59784452e-01  9.89594416e-01  1.25581883e-03 
 1.17868850e-05  3.60084131e-01  3.59790301e-01  9.89594512e-01  1.25580587e-03 
 1.17918850e-05  3.60083883e-01  3.59796027e-01  9.89594646e-01  1.25581746e-03 
 1.17968850e-05  3.60083645e-01  3.59801634e-01  9.89594817e-01  1.25580446e-03 
 1.18018850e-05  3.60083406e-01  3.59807122e-01  9.89595014e-01  1.25581602e-03 
 1.18068850e-05  3.60083178e-01  3.59812496e-01  9.89595235e-01  1.25580302e-03 
 1.18118850e-05  3.60082948e-01  3.59817756e-01  9.89595470e-01  1.25581460e-03 
 1.18168850e-05  3.60082728e-01  3.59822906e-01  9.89595714e-01  1.25580165e-03 
 1.18218850e-05  3.60082506e-01  3.59827948e-01  9.89595958e-01  1.25581327e-03 
 1.18268850e-05  3.60082293e-01  3.59832883e-01  9.89596200e-01  1.25580041e-03 
 1.18318850e-05  3.60082079e-01  3.59837715e-01  9.89596430e-01  1.25581212e-03 
 1.18368850e-05  3.60081874e-01  3.59842446e-01  9.89596645e-01  1.25579938e-03 
 1.18418850e-05  3.60081667e-01  3.59847078e-01  9.89596839e-01  1.25581120e-03 
 1.18468850e-05  3.60081469e-01  3.59851614e-01  9.89597010e-01  1.25579859e-03 
 1.18518850e-05  3.60081269e-01  3.59856055e-01  9.89597153e-01  1.25581052e-03 
 1.18568850e-05  3.60081078e-01  3.59860405e-01  9.89597267e-01  1.25579805e-03 
 1.18618850e-05  3.60080885e-01  3.59864664e-01  9.89597348e-01  1.25581010e-03 
 1.18668850e-05  3.60080701e-01  3.59868837e-01  9.89597399e-01  1.25579775e-03 
 1.18718850e-05  3.60080515e-01  3.59872924e-01  9.89597416e-01  1.25580991e-03 
 1.18768850e-05  3.60080338e-01  3.59876927e-01  9.89597404e-01  1.25579768e-03 
 1.18818850e-05  3.60080159e-01  3.59880850e-01  9.89597359e-01  1.25580992e-03 
 1.18868850e-05  3.60079989e-01  3.59884693e-01  9.89597289e-01  1.25579778e-03 
 1.18918850e-05  3.60079817e-01  3.59888459e-01  9.89597191e-01  1.25581009e-03 
 1.18968850e-05  3.60079655e-01  3.59892149e-01  9.89597072e-01  1.25579801e-03 
 1.19018850e-05  3.60079490e-01  3.59895765e-01  9.89596932e-01  1.25581035e-03 
 1.19068850e-05  3.60079335e-01  3.59899309e-01  9.89596778e-01  1.25579831e-03 
 1.19118850e-05  3.60079178e-01  3.59902782e-01  9.89596611e-01  1.25581065e-03 
 1.19168850e-05  3.60079030e-01  3.59906186e-01  9.89596438e-01  1.25579861e-03 
 1.19218850e-05  3.60078880e-01  3.59909522e-01  9.89596258e-01  1.25581093e-03 
 1.19268850e-05  3.60078739e-01  3.59912792e-01  9.89596080e-01  1.25579888e-03 
 1.19318850e-05  3.60078596e-01  3.59915997e-01  9.89595904e-01  1.25581115e-03 
 1.19368850e-05  3.60078462e-01  3.59919138e-01  9.89595735e-01  1.25579906e-03 
 1.19418850e-05  3.60078326e-01  3.59922216e-01  9.89595575e-01  1.25581128e-03 
 1.19468850e-05  3.60078199e-01  3.59925233e-01  9.89595428e-01  1.25579914e-03 
 1.19518850e-05  3.60078070e-01  3.59928189e-01  9.89595294e-01  1.25581128e-03 
 1.19568850e-05  3.60077949e-01  3.59931086e-01  9.89595178e-01  1.25579909e-03 
 1.19618850e-05  3.60077826e-01  3.59933925e-01  9.89595078e-01  1.25581116e-03 
 1.19668850e-05  3.60077711e-01  3.59936706e-01  9.89594998e-01  1.25579891e-03 
 1.19718850e-05  3.60077593e-01  3.59939431e-01  9.89594936e-01  1.25581091e-03 
 1.19768850e-05  3.60077484e-01  3.59942100e-01  9.89594894e-01  1.25579861e-03 
 1.19818850e-05  3.60077372e-01  3.59944715e-01  9.89594869e-01  1.25581055e-03 
 1.19868850e-05  3.60077267e-01  3.59947277e-01  9.89594864e-01  1.25579821e-03 
 1.19918850e-05  3.60077160e-01  3.59949786e-01  9.89594874e-01  1.25581010e-03 
 1.19968850e-05  3.60077060e-01  3.59952244e-01  9.89594901e-01  1.25579774e-03 
 1.20018850e-05  3.60076957e-01  3.59954651e-01  9.89594939e-01  1.25580960e-03 
 1.20068850e-05  3.60076861e-01  3.59957008e-01  9.89594991e-01  1.25579723e-03 
 1.20118850e-05  3.60076762e-01  3.59959316e-01  9.89595051e-01  1.25580907e-03 
 1.20168850e-05  3.60076670e-01  3.59961577e-01  9.89595120e-01  1.25579671e-03 
 1.20218850e-05  3.60076575e-01  3.59963791e-01  9.89595192e-01  1.25580855e-03 
 1.20268850e-05  3.60076486e-01  3.59965959e-01  9.89595269e-01  1.25579621e-03 
 1.20318850e-05  3.60076394e-01  3.59968082e-01  9.89595346e-01  1.25580806e-03 
 1.20368850e-05  3.60076309e-01  3.59970161e-01  9.89595422e-01  1.25579575e-03 
 1.20418850e-05  3.60076220e-01  3.59972197e-01  9.89595494e-01  1.25580763e-03 
 1.20468850e-05  3.60076138e-01  3.59974191e-01  9.89595562e-01  1.25579537e-03 
 1.20518850e-05  3.60076052e-01  3.59976144e-01  9.89595623e-01  1.25580727e-03 
 1.20568850e-05  3.60075973e-01  3.59978057e-01  9.89595677e-01  1.25579506e-03 
 1.20618850e-05  3.60075890e-01  3.59979930e-01  9.89595721e-01  1.25580700e-03 
 1.20668850e-05  3.60075814e-01  3.59981765e-01  9.89595757e-01  1.25579484e-03 
 1.20718850e-05  3.60075734e-01  3.59983563e-01  9.89595780e-01  1.25580682e-03 
 1.20768850e-05  3.60075660e-01  3.59985324e-01  9.89595796e-01  1.25579470e-03 
 1.20818850e-05  3.60075583e-01  3.59987050e-01  9.89595798e-01  1.25580671e-03 
 1.20868850e-05  3.60075513e-01  3.59988740e-01  9.89595793e-01  1.25579464e-03 
 1.20918850e-05  3.60075438e-01  3.59990397e-01  9.89595776e-01  1.25580667e-03 
 1.20968850e-05  3.60075371e-01  3.59992020e-01  9.89595751e-01  1.25579464e-03 
 1.21018850e-05  3.60075299e-01  3.59993611e-01  9.89595716e-01  1.25580668e-03 
 1.21068850e-05  3.60075234e-01  3.59995169e-01  9.89595676e-01  1.25579468e-03 
 1.21118850e-05  3.60075166e-01  3.59996697e-01  9.89595627e-01  1.25580673e-03 
 1.21168850e-05  3.60075104e-01  3.59998195e-01  9.89595575e-01  1.25579474e-03 
 1.21218850e-05  3.60075038e-01  3.59999662e-01  9.89595517e-01  1.25580679e-03 
 1.21268850e-05  3.60074979e-01  3.60001101e-01  9.89595459e-01  1.25579481e-03 
 1.21318850e-05  3.60074916e-01  3.60002510e-01  9.89595397e-01  1.25580685e-03 
 1.21368850e-05  3.60074860e-01  3.60003892e-01  9.89595337e-01  1.25579487e-03 
 1.21418850e-05  3.60074800e-01  3.60005247e-01  9.89595276e-01  1.25580689e-03 
 1.21468850e-05  3.60074747e-01  3.60006574e-01  9.89595218e-01  1.25579490e-03 
 1.21518850e-05  3.60074689e-01  3.60007875e-01  9.89595163e-01  1.25580690e-03 
 1.21568850e-05  3.60074639e-01  3.60009151e-01  9.89595113e-01  1.25579490e-03 
 1.21618850e-05  3.60074584e-01  3.60010400e-01  9.89595066e-01  1.25580687e-03 
 1.21668850e-05  3.60074535e-01  3.60011625e-01  9.89595026e-01  1.25579486e-03 
 1.21718850e-05  3.60074483e-01  3.60012825e-01  9.89594990e-01  1.25580680e-03 
 1.21768850e-05  3.60074437e-01  3.60014001e-01  9.89594962e-01  1.25579478e-03 
 1.21818850e-05  3.60074387e-01  3.60015154e-01  9.89594938e-01  1.25580670e-03 
 1.21868850e-05  3.60074343e-01  3.60016283e-01  9.89594923e-01  1.25579466e-03 
 1.21918850e-05  3.60074295e-01  3.60017389e-01  9.89594912e-01  1.25580655e-03 
 1.21968850e-05  3.60074254e-01  3.60018473e-01  9.89594909e-01  1.25579451e-03 
 1.22018850e-05  3.60074207e-01  3.60019535e-01  9.89594909e-01  1.25580638e-03 
 1.22068850e-05  3.60074168e-01  3.60020576e-01  9.89594916e-01  1.25579433e-03 
 1.22118850e-05  3.60074123e-01  3.60021595e-01  9.89594926e-01  1.25580619e-03 
 1.22168850e-05  3.60074085e-01  3.60022593e-01  9.89594942e-01  1.25579415e-03 
 1.22218850e-05  3.60074042e-01  3.60023571e-01  9.89594959e-01  1.25580599e-03 
 1.22268850e-05  3.60074006e-01  3.60024528e-01  9.89594981e-01  1.25579396e-03 
 1.22318850e-05  3.60073965e-01  3.60025466e-01  9.89595002e-01  1.25580579e-03 
 1.22368850e-05  3.60073930e-01  3.60026385e-01  9.89595027e-01  1.25579377e-03 
 1.22418850e-05  3.60073890e-01  3.60027285e-01  9.89595050e-01  1.25580561e-03 
 1.22468850e-05  3.60073856e-01  3.60028167e-01  9.89595074e-01  1.25579360e-03 
 1.22518850e-05  3.60073818e-01  3.60029031e-01  9.89595095e-01  1.25580544e-03 
 1.22568850e-05  3.60073785e-01  3.60029876e-01  9.89595117e-01  1.25579346e-03 
 1.22618850e-05  3.60073748e-01  3.60030705e-01  9.89595135e-01  1.25580531e-03 
 1.22668850e-05  3.60073717e-01  3.60031517e-01  9.89595153e-01  1.25579334e-03 
 1.22718850e-05  3.60073681e-01  3.60032312e-01  9.89595165e-01  1.25580520e-03 
 1.22768850e-05  3.60073651e-01  3.60033091e-01  9.89595177e-01  1.25579325e-03 
 1.22818850e-05  3.60073616e-01  3.60033854e-01  9.89595183e-01  1.25580511e-03 
 1.22868850e-05  3.60073588e-01  3.60034602e-01  9.89595188e-01  1.25579319e-03 
 1.22918850e-05  3.60073554e-01  3.60035335e-01  9.89595187e-01  1.25580506e-03 
 1.22968850e-05  3.60073527e-01  3.60036053e-01  9.89595185e-01  1.25579316e-03 
 1.23018850e-05  3.60073494e-01  3.60036757e-01  9.89595177e-01  1.25580503e-03 
 1.23068850e-05  3.60073468e-01  3.60037446e-01  9.89595169e-01  1.25579314e-03 
 1.23118850e-05  3.60073437e-01  3.60038122e-01  9.89595156e-01  1.25580501e-03 
 1.23168850e-05  3.60073411e-01  3.60038784e-01  9.89595142e-01  1.25579314e-03 
 1.23218850e-05  3.60073382e-01  3.60039434e-01  9.89595125e-01  1.25580501e-03 
 1.23268850e-05  3.60073357e-01  3.60040070e-01  9.89595108e-01  1.25579315e-03 
 1.23318850e-05  3.60073329e-01  3.60040693e-01  9.89595087e-01  1.25580501e-03 
 1.23368850e-05  3.60073306e-01  3.60041305e-01  9.89595067e-01  1.25579316e-03 
 1.23418850e-05  3.60073278e-01  3.60041904e-01  9.89595046e-01  1.25580502e-03 
 1.23468850e-05  3.60073256e-01  3.60042491e-01  9.89595025e-01  1.25579317e-03 
 1.23518850e-05  3.60073230e-01  3.60043066e-01  9.89595004e-01  1.25580502e-03 
 1.23568850e-05  3.60073209e-01  3.60043630e-01  9.89594985e-01  1.25579317e-03 
 1.23618850e-05  3.60073184e-01  3.60044183e-01  9.89594965e-01  1.25580500e-03 
 1.23668850e-05  3.60073164e-01  3.60044725e-01  9.89594948e-01  1.25579316e-03 
 1.23718850e-05  3.60073140e-01  3.60045256e-01  9.89594931e-01  1.25580498e-03 
 1.23768850e-05  3.60073121e-01  3.60045777e-01  9.89594917e-01  1.25579314e-03 
 1.23818850e-05  3.60073098e-01  3.60046287e-01  9.89594904e-01  1.25580495e-03 
 1.23868850e-05  3.60073080e-01  3.60046787e-01  9.89594894e-01  1.25579311e-03 
 1.23918850e-05  3.60073057e-01  3.60047277e-01  9.89594885e-01  1.25580490e-03 
 1.23968850e-05  3.60073041e-01  3.60047757e-01  9.89594880e-01  1.25579306e-03 
 1.24018850e-05  3.60073019e-01  3.60048227e-01  9.89594875e-01  1.25580484e-03 
 1.24068850e-05  3.60073003e-01  3.60048688e-01  9.89594873e-01  1.25579300e-03 
 1.24118850e-05  3.60072982e-01  3.60049140e-01  9.89594872e-01  1.25580477e-03 
 1.24168850e-05  3.60072967e-01  3.60049582e-01  9.89594874e-01  1.25579294e-03 
 1.24218850e-05  3.60072947e-01  3.60050016e-01  9.89594876e-01  1.25580469e-03 
 1.24268850e-05  3.60072932e-01  3.60050440e-01  9.89594881e-01  1.25579287e-03 
 1.24318850e-05  3.60072913e-01  3.60050856e-01  9.89594885e-01  1.25580462e-03 
 1.24368850e-05  3.60072899e-01  3.60051264e-01  9.89594892e-01  1.25579280e-03 
 1.24418850e-05  3.60072880e-01  3.60051663e-01  9.89594898e-01  1.25580454e-03 
 1.24468850e-05  3.60072867e-01  3.60052054e-01  9.89594906e-01  1.25579273e-03 
 1.24518850e-05  3.60072849e-01  3.60052438e-01  9.89594912e-01  1.25580447e-03 
 1.24568850e-05  3.60072836e-01  3.60052813e-01  9.89594920e-01  1.25579267e-03 
 1.24618850e-05  3.60072819e-01  3.60053181e-01  9.89594926e-01  1.25580440e-03 
 1.24668850e-05  3.60072806e-01  3.60053541e-01  9.89594933e-01  1.25579262e-03 
 1.24718850e-05  3.60072789e-01  3.60053894e-01  9.89594938e-01  1.25580435e-03 
 1.24768850e-05  3.60072778e-01  3.60054240e-01  9.89594944e-01  1.25579257e-03 
 1.24818850e-05  3.60072761e-01  3.60054579e-01  9.89594947e-01  1.25580430e-03 
 1.24864425e-05  3.60072751e-01  3.60054882e-01  9.89594951e-01  1.25579254e-03 
 1.24910000e-05  3.60072737e-01  3.60055179e-01  9.89594951e-01  1.25580427e-03 
 1.24911000e-05  3.60136706e-01  3.60076238e-01  9.89597528e-01  1.22981123e-03 
 1.24913000e-05  3.60276696e-01  3.60094379e-01  9.89585437e-01  1.20129358e-03 
 1.24915426e-05  3.60390977e-01  3.60095396e-01  9.89548069e-01  1.21404748e-03 
 1.24917713e-05  3.60408382e-01  3.60095605e-01  9.89511112e-01  1.19010712e-03 
 1.24920000e-05  3.60393006e-01  3.60095677e-01  9.89475148e-01  1.19842407e-03 
 1.24920428e-05  3.60388223e-01  3.60095679e-01  9.89470138e-01  1.25554570e-03 
 1.24921284e-05  3.60378216e-01  3.60095679e-01  9.89462688e-01  1.25618268e-03 
 1.24922997e-05  3.60356717e-01  3.60095678e-01  9.89458852e-01  1.25551044e-03 
 1.24926422e-05  3.60314281e-01  3.60095677e-01  9.89470428e-01  1.25613721e-03 
 1.24933273e-05  3.60245827e-01  3.60095674e-01  9.89505312e-01  1.25548358e-03 
 1.24946974e-05  3.60167133e-01  3.60095668e-01  9.89548823e-01  1.25612309e-03 
 1.24974375e-05  3.60109614e-01  3.60095655e-01  9.89576748e-01  1.25547652e-03 
 1.25024375e-05  3.60077285e-01  3.60095633e-01  9.89587797e-01  1.25611897e-03 
 1.25074375e-05  3.60060803e-01  3.60095611e-01  9.89593378e-01  1.25547430e-03 
 1.25124375e-05  3.60054843e-01  3.60095589e-01  9.89596647e-01  1.25611542e-03 
 1.25174375e-05  3.60053707e-01  3.60095567e-01  9.89598981e-01  1.25546995e-03 
 1.25224375e-05  3.60054889e-01  3.60095544e-01  9.89601192e-01  1.25611045e-03 
 1.25274375e-05  3.60057039e-01  3.60095522e-01  9.89602924e-01  1.25546578e-03 
 1.25324375e-05  3.60059350e-01  3.60095500e-01  9.89604563e-01  1.25610679e-03 
 1.25374375e-05  3.60061564e-01  3.60095478e-01  9.89605757e-01  1.25546345e-03 
 1.25424375e-05  3.60063470e-01  3.60095455e-01  9.89606755e-01  1.25610524e-03 
 1.25474375e-05  3.60065096e-01  3.60095433e-01  9.89607320e-01  1.25546328e-03 
 1.25524375e-05  3.60066404e-01  3.60095411e-01  9.89607634e-01  1.25610579e-03 
 1.25574375e-05  3.60067476e-01  3.60095389e-01  9.89607549e-01  1.25546507e-03 
 1.25624375e-05  3.60068316e-01  3.60095366e-01  9.89607207e-01  1.25610815e-03 
 1.25674375e-05  3.60068996e-01  3.60095344e-01  9.89606523e-01  1.25546846e-03 
 1.25724375e-05  3.60069523e-01  3.60095322e-01  9.89605615e-01  1.25611186e-03 
 1.25774375e-05  3.60069951e-01  3.60095300e-01  9.89604441e-01  1.25547291e-03 
 1.25824375e-05  3.60070282e-01  3.60095277e-01  9.89603102e-01  1.25611635e-03 
 1.25874375e-05  3.60070553e-01  3.60095255e-01  9.89601590e-01  1.25547787e-03 
 1.25924375e-05  3.60070765e-01  3.60095233e-01  9.89599988e-01  1.25612107e-03 
 1.25974375e-05  3.60070940e-01  3.60095211e-01  9.89598309e-01  1.25548276e-03 
 1.26024375e-05  3.60071077e-01  3.60095189e-01  9.89596625e-01  1.25612546e-03 
 1.26074375e-05  3.60071191e-01  3.60095166e-01  9.89594956e-01  1.25548709e-03 
 1.26124375e-05  3.60071281e-01  3.60095144e-01  9.89593361e-01  1.25612907e-03 
 1.26174375e-05  3.60071357e-01  3.60095122e-01  9.89591863e-01  1.25549044e-03 
 1.26224375e-05  3.60071415e-01  3.60095100e-01  9.89590507e-01  1.25613154e-03 
 1.26274375e-05  3.60071464e-01  3.60095077e-01  9.89589313e-01  1.25549255e-03 
 1.26324375e-05  3.60071502e-01  3.60095055e-01  9.89588311e-01  1.25613269e-03 
 1.26374375e-05  3.60071533e-01  3.60095033e-01  9.89587513e-01  1.25549328e-03 
 1.26424375e-05  3.60071556e-01  3.60095011e-01  9.89586934e-01  1.25613246e-03 
 1.26474375e-05  3.60071575e-01  3.60094988e-01  9.89586578e-01  1.25549266e-03 
 1.26524375e-05  3.60071589e-01  3.60094966e-01  9.89586445e-01  1.25613096e-03 
 1.26574375e-05  3.60071601e-01  3.60094944e-01  9.89586530e-01  1.25549086e-03 
 1.26624375e-05  3.60071608e-01  3.60094922e-01  9.89586821e-01  1.25612838e-03 
 1.26674375e-05  3.60071616e-01  3.60094899e-01  9.89587303e-01  1.25548814e-03 
 1.26724375e-05  3.60071621e-01  3.60094877e-01  9.89587955e-01  1.25612504e-03 
 1.26774375e-05  3.60071627e-01  3.60094855e-01  9.89588754e-01  1.25548482e-03 
 1.26824375e-05  3.60071632e-01  3.60094833e-01  9.89589674e-01  1.25612130e-03 
 1.26874375e-05  3.60071638e-01  3.60094811e-01  9.89590687e-01  1.25548129e-03 
 1.26924375e-05  3.60071645e-01  3.60094788e-01  9.89591762e-01  1.25611752e-03 
 1.26974375e-05  3.60071653e-01  3.60094766e-01  9.89592871e-01  1.25547791e-03 
 1.27024375e-05  3.60071663e-01  3.60094744e-01  9.89593984e-01  1.25611406e-03 
 1.27074375e-05  3.60071674e-01  3.60094722e-01  9.89595073e-01  1.25547499e-03 
 1.27124375e-05  3.60071687e-01  3.60094699e-01  9.89596110e-01  1.25611121e-03 
 1.27174375e-05  3.60071702e-01  3.60094677e-01  9.89597073e-01  1.25547280e-03 
 1.27224375e-05  3.60071719e-01  3.60094655e-01  9.89597939e-01  1.25610916e-03 
 1.27274375e-05  3.60071737e-01  3.60094633e-01  9.89598692e-01  1.25547148e-03 
 1.27324375e-05  3.60071756e-01  3.60094610e-01  9.89599316e-01  1.25610805e-03 
 1.27374375e-05  3.60071777e-01  3.60094588e-01  9.89599801e-01  1.25547111e-03 
 1.27424375e-05  3.60071799e-01  3.60094566e-01  9.89600139e-01  1.25610787e-03 
 1.27474375e-05  3.60071821e-01  3.60094544e-01  9.89600331e-01  1.25547165e-03 
 1.27524375e-05  3.60071843e-01  3.60094521e-01  9.89600374e-01  1.25610855e-03 
 1.27574375e-05  3.60071866e-01  3.60094499e-01  9.89600276e-01  1.25547298e-03 
 1.27624375e-05  3.60071888e-01  3.60094477e-01  9.89600044e-01  1.25610994e-03 
 1.27674375e-05  3.60071910e-01  3.60094455e-01  9.89599689e-01  1.25547492e-03 
 1.27724375e-05  3.60071931e-01  3.60094433e-01  9.89599226e-01  1.25611182e-03 
 1.27774375e-05  3.60071950e-01  3.60094410e-01  9.89598670e-01  1.25547723e-03 
 1.27824375e-05  3.60071968e-01  3.60094388e-01  9.89598039e-01  1.25611395e-03 
 1.27874375e-05  3.60071985e-01  3.60094366e-01  9.89597353e-01  1.25547967e-03 
 1.27924375e-05  3.60072000e-01  3.60094344e-01  9.89596630e-01  1.25611609e-03 
 1.27974375e-05  3.60072013e-01  3.60094321e-01  9.89595892e-01  1.25548199e-03 
 1.28024375e-05  3.60072024e-01  3.60094299e-01  9.89595155e-01  1.25611800e-03 
 1.28074375e-05  3.60072033e-01  3.60094277e-01  9.89594441e-01  1.25548399e-03 
 1.28124375e-05  3.60072040e-01  3.60094255e-01  9.89593764e-01  1.25611951e-03 
 1.28174375e-05  3.60072046e-01  3.60094232e-01  9.89593142e-01  1.25548551e-03 
 1.28224375e-05  3.60072049e-01  3.60094210e-01  9.89592587e-01  1.25612047e-03 
 1.28274375e-05  3.60072051e-01  3.60094188e-01  9.89592111e-01  1.25548644e-03 
 1.28324375e-05  3.60072050e-01  3.60094166e-01  9.89591722e-01  1.25612082e-03 
 1.28374375e-05  3.60072049e-01  3.60094143e-01  9.89591427e-01  1.25548675e-03 
 1.28424375e-05  3.60072047e-01  3.60094121e-01  9.89591229e-01  1.25612056e-03 
 1.28474375e-05  3.60072044e-01  3.60094099e-01  9.89591130e-01  1.25548648e-03 
 1.28524375e-05  3.60072039e-01  3.60094077e-01  9.89591127e-01  1.25611975e-03 
 1.28574375e-05  3.60072035e-01  3.60094055e-01  9.89591217e-01  1.25548571e-03 
 1.28624375e-05  3.60072030e-01  3.60094032e-01  9.89591394e-01  1.25611850e-03 
 1.28674375e-05  3.60072025e-01  3.60094010e-01  9.89591650e-01  1.25548456e-03 
 1.28724375e-05  3.60072021e-01  3.60093988e-01  9.89591975e-01  1.25611695e-03 
 1.28774375e-05  3.60072017e-01  3.60093966e-01  9.89592358e-01  1.25548319e-03 
 1.28824375e-05  3.60072013e-01  3.60093943e-01  9.89592787e-01  1.25611526e-03 
 1.28874375e-05  3.60072010e-01  3.60093921e-01  9.89593250e-01  1.25548176e-03 
 1.28924375e-05  3.60072008e-01  3.60093899e-01  9.89593732e-01  1.25611360e-03 
 1.28974375e-05  3.60072007e-01  3.60093877e-01  9.89594222e-01  1.25548044e-03 
 1.29024375e-05  3.60072006e-01  3.60093854e-01  9.89594707e-01  1.25611211e-03 
 1.29074375e-05  3.60072007e-01  3.60093832e-01  9.89595174e-01  1.25547935e-03 
 1.29124375e-05  3.60072009e-01  3.60093810e-01  9.89595613e-01  1.25611090e-03 
 1.29174375e-05  3.60072012e-01  3.60093788e-01  9.89596013e-01  1.25547860e-03 
 1.29224375e-05  3.60072015e-01  3.60093765e-01  9.89596366e-01  1.25611007e-03 
 1.29274375e-05  3.60072020e-01  3.60093743e-01  9.89596666e-01  1.25547824e-03 
 1.29324375e-05  3.60072025e-01  3.60093721e-01  9.89596906e-01  1.25610965e-03 
 1.29374375e-05  3.60072031e-01  3.60093699e-01  9.89597083e-01  1.25547829e-03 
 1.29424375e-05  3.60072037e-01  3.60093677e-01  9.89597195e-01  1.25610963e-03 
 1.29474375e-05  3.60072044e-01  3.60093654e-01  9.89597243e-01  1.25547873e-03 
 1.29524375e-05  3.60072051e-01  3.60093632e-01  9.89597227e-01  1.25610997e-03 
 1.29574375e-05  3.60072058e-01  3.60093610e-01  9.89597150e-01  1.25547950e-03 
 1.29624375e-05  3.60072065e-01  3.60093588e-01  9.89597017e-01  1.25611060e-03 
 1.29674375e-05  3.60072071e-01  3.60093565e-01  9.89596834e-01  1.25548050e-03 
 1.29724375e-05  3.60072078e-01  3.60093543e-01  9.89596607e-01  1.25611141e-03 
 1.29774375e-05  3.60072084e-01  3.60093521e-01  9.89596343e-01  1.25548163e-03 
 1.29824375e-05  3.60072089e-01  3.60093499e-01  9.89596051e-01  1.25611230e-03 
 1.29874375e-05  3.60072094e-01  3.60093476e-01  9.89595741e-01  1.25548278e-03 
 1.29924375e-05  3.60072098e-01  3.60093454e-01  9.89595418e-01  1.25611315e-03 
 1.29974375e-05  3.60072101e-01  3.60093432e-01  9.89595094e-01  1.25548386e-03 
 1.30024375e-05  3.60072103e-01  3.60093410e-01  9.89594775e-01  1.25611388e-03 
 1.30074375e-05  3.60072105e-01  3.60093387e-01  9.89594470e-01  1.25548477e-03 
 1.30124375e-05  3.60072106e-01  3.60093365e-01  9.89594185e-01  1.25611442e-03 
 1.30174375e-05  3.60072106e-01  3.60093343e-01  9.89593929e-01  1.25548545e-03 
 1.30224375e-05  3.60072106e-01  3.60093321e-01  9.89593704e-01  1.25611470e-03 
 1.30274375e-05  3.60072105e-01  3.60093299e-01  9.89593516e-01  1.25548587e-03 
 1.30324375e-05  3.60072103e-01  3.60093276e-01  9.89593369e-01  1.25611471e-03 
 1.30374375e-05  3.60072101e-01  3.60093254e-01  9.89593263e-01  1.25548601e-03 
 1.30424375e-05  3.60072098e-01  3.60093232e-01  9.89593201e-01  1.25611445e-03 
 1.30474375e-05  3.60072096e-01  3.60093210e-01  9.89593182e-01  1.25548591e-03 
 1.30524375e-05  3.60072092e-01  3.60093187e-01  9.89593204e-01  1.25611397e-03 
 1.30574375e-05  3.60072089e-01  3.60093165e-01  9.89593266e-01  1.25548559e-03 
 1.30624375e-05  3.60072086e-01  3.60093143e-01  9.89593363e-01  1.25611331e-03 
 1.30674375e-05  3.60072083e-01  3.60093121e-01  9.89593494e-01  1.25548513e-03 
 1.30724375e-05  3.60072080e-01  3.60093098e-01  9.89593651e-01  1.25611253e-03 
 1.30774375e-05  3.60072078e-01  3.60093076e-01  9.89593832e-01  1.25548460e-03 
 1.30824375e-05  3.60072075e-01  3.60093054e-01  9.89594029e-01  1.25611171e-03 
 1.30874375e-05  3.60072074e-01  3.60093032e-01  9.89594238e-01  1.25548406e-03 
 1.30924375e-05  3.60072072e-01  3.60093009e-01  9.89594452e-01  1.25611093e-03 
 1.30974375e-05  3.60072071e-01  3.60092987e-01  9.89594667e-01  1.25548358e-03 
 1.31024375e-05  3.60072070e-01  3.60092965e-01  9.89594876e-01  1.25611023e-03 
 1.31074375e-05  3.60072070e-01  3.60092943e-01  9.89595075e-01  1.25548321e-03 
 1.31124375e-05  3.60072071e-01  3.60092921e-01  9.89595258e-01  1.25610968e-03 
 1.31174375e-05  3.60072072e-01  3.60092898e-01  9.89595423e-01  1.25548301e-03 
 1.31224375e-05  3.60072073e-01  3.60092876e-01  9.89595565e-01  1.25610929e-03 
 1.31274375e-05  3.60072074e-01  3.60092854e-01  9.89595682e-01  1.25548298e-03 
 1.31324375e-05  3.60072076e-01  3.60092832e-01  9.89595772e-01  1.25610908e-03 
 1.31374375e-05  3.60072078e-01  3.60092809e-01  9.89595834e-01  1.25548313e-03 
 1.31424375e-05  3.60072081e-01  3.60092787e-01  9.89595867e-01  1.25610905e-03 
 1.31474375e-05  3.60072083e-01  3.60092765e-01  9.89595872e-01  1.25548344e-03 
 1.31524375e-05  3.60072086e-01  3.60092743e-01  9.89595849e-01  1.25610917e-03 
 1.31574375e-05  3.60072089e-01  3.60092720e-01  9.89595802e-01  1.25548389e-03 
 1.31624375e-05  3.60072091e-01  3.60092698e-01  9.89595730e-01  1.25610939e-03 
 1.31674375e-05  3.60072094e-01  3.60092676e-01  9.89595639e-01  1.25548442e-03 
 1.31724375e-05  3.60072096e-01  3.60092654e-01  9.89595529e-01  1.25610969e-03 
 1.31774375e-05  3.60072098e-01  3.60092631e-01  9.89595406e-01  1.25548501e-03 
 1.31824375e-05  3.60072100e-01  3.60092609e-01  9.89595273e-01  1.25611001e-03 
 1.31874375e-05  3.60072102e-01  3.60092587e-01  9.89595133e-01  1.25548558e-03 
 1.31924375e-05  3.60072103e-01  3.60092565e-01  9.89594991e-01  1.25611030e-03 
 1.31974375e-05  3.60072104e-01  3.60092543e-01  9.89594849e-01  1.25548611e-03 
 1.32024375e-05  3.60072105e-01  3.60092520e-01  9.89594712e-01  1.25611053e-03 
 1.32074375e-05  3.60072105e-01  3.60092498e-01  9.89594583e-01  1.25548656e-03 
 1.32124375e-05  3.60072105e-01  3.60092476e-01  9.89594465e-01  1.25611066e-03 
 1.32174375e-05  3.60072105e-01  3.60092454e-01  9.89594360e-01  1.25548690e-03 
 1.32224375e-05  3.60072104e-01  3.60092431e-01  9.89594270e-01  1.25611067e-03 
 1.32274375e-05  3.60072103e-01  3.60092409e-01  9.89594198e-01  1.25548713e-03 
 1.32324375e-05  3.60072102e-01  3.60092387e-01  9.89594143e-01  1.25611057e-03 
 1.32374375e-05  3.60072101e-01  3.60092365e-01  9.89594108e-01  1.25548723e-03 
 1.32424375e-05  3.60072099e-01  3.60092342e-01  9.89594091e-01  1.25611035e-03 
 1.32474375e-05  3.60072098e-01  3.60092320e-01  9.89594093e-01  1.25548723e-03 
 1.32524375e-05  3.60072096e-01  3.60092298e-01  9.89594113e-01  1.25611004e-03 
 1.32574375e-05  3.60072095e-01  3.60092276e-01  9.89594149e-01  1.25548715e-03 
 1.32624375e-05  3.60072093e-01  3.60092253e-01  9.89594200e-01  1.25610966e-03 
 1.32674375e-05  3.60072092e-01  3.60092231e-01  9.89594265e-01  1.25548701e-03 
 1.32724375e-05  3.60072091e-01  3.60092209e-01  9.89594340e-01  1.25610924e-03 
 1.32774375e-05  3.60072089e-01  3.60092187e-01  9.89594423e-01  1.25548685e-03 
 1.32824375e-05  3.60072088e-01  3.60092165e-01  9.89594513e-01  1.25610881e-03 
 1.32874375e-05  3.60072088e-01  3.60092142e-01  9.89594607e-01  1.25548669e-03 
 1.32924375e-05  3.60072087e-01  3.60092120e-01  9.89594701e-01  1.25610840e-03 
 1.32974375e-05  3.60072086e-01  3.60092098e-01  9.89594794e-01  1.25548656e-03 
 1.33024375e-05  3.60072086e-01  3.60092076e-01  9.89594884e-01  1.25610803e-03 
 1.33074375e-05  3.60072086e-01  3.60092053e-01  9.89594968e-01  1.25548650e-03 
 1.33124375e-05  3.60072086e-01  3.60092031e-01  9.89595044e-01  1.25610773e-03 
 1.33174375e-05  3.60072087e-01  3.60092009e-01  9.89595110e-01  1.25548650e-03 
 1.33224375e-05  3.60072087e-01  3.60091987e-01  9.89595167e-01  1.25610751e-03 
 1.33274375e-05  3.60072088e-01  3.60091964e-01  9.89595211e-01  1.25548659e-03 
 1.33324375e-05  3.60072089e-01  3.60091942e-01  9.89595244e-01  1.25610737e-03 
 1.33374375e-05  3.60072090e-01  3.60091920e-01  9.89595264e-01  1.25548675e-03 
 1.33424375e-05  3.60072091e-01  3.60091898e-01  9.89595271e-01  1.25610730e-03 
 1.33474375e-05  3.60072092e-01  3.60091875e-01  9.89595267e-01  1.25548698e-03 
 1.33524375e-05  3.60072093e-01  3.60091853e-01  9.89595250e-01  1.25610729e-03 
 1.33574375e-05  3.60072094e-01  3.60091831e-01  9.89595224e-01  1.25548726e-03 
 1.33624375e-05  3.60072095e-01  3.60091809e-01  9.89595187e-01  1.25610733e-03 
 1.33674375e-05  3.60072096e-01  3.60091787e-01  9.89595142e-01  1.25548758e-03 
 1.33724375e-05  3.60072097e-01  3.60091764e-01  9.89595091e-01  1.25610739e-03 
 1.33774375e-05  3.60072098e-01  3.60091742e-01  9.89595034e-01  1.25548791e-03 
 1.33824375e-05  3.60072099e-01  3.60091720e-01  9.89594973e-01  1.25610746e-03 
 1.33874375e-05  3.60072099e-01  3.60091698e-01  9.89594911e-01  1.25548823e-03 
 1.33924375e-05  3.60072100e-01  3.60091675e-01  9.89594849e-01  1.25610750e-03 
 1.33974375e-05  3.60072100e-01  3.60091653e-01  9.89594787e-01  1.25548853e-03 
 1.34024375e-05  3.60072100e-01  3.60091631e-01  9.89594729e-01  1.25610752e-03 
 1.34074375e-05  3.60072100e-01  3.60091609e-01  9.89594675e-01  1.25548879e-03 
 1.34124375e-05  3.60072100e-01  3.60091586e-01  9.89594626e-01  1.25610749e-03 
 1.34174375e-05  3.60072100e-01  3.60091564e-01  9.89594584e-01  1.25548900e-03 
 1.34224375e-05  3.60072100e-01  3.60091542e-01  9.89594549e-01  1.25610741e-03 
 1.34274375e-05  3.60072099e-01  3.60091520e-01  9.89594521e-01  1.25548915e-03 
 1.34324375e-05  3.60072099e-01  3.60091497e-01  9.89594502e-01  1.25610727e-03 
 1.34374375e-05  3.60072098e-01  3.60091475e-01  9.89594491e-01  1.25548926e-03 
 1.34424375e-05  3.60072097e-01  3.60091453e-01  9.89594488e-01  1.25610709e-03 
 1.34474375e-05  3.60072097e-01  3.60091431e-01  9.89594494e-01  1.25548932e-03 
 1.34524375e-05  3.60072096e-01  3.60091409e-01  9.89594507e-01  1.25610687e-03 
 1.34574375e-05  3.60072095e-01  3.60091386e-01  9.89594526e-01  1.25548935e-03 
 1.34624375e-05  3.60072095e-01  3.60091364e-01  9.89594552e-01  1.25610663e-03 
 1.34674375e-05  3.60072094e-01  3.60091342e-01  9.89594583e-01  1.25548936e-03 
 1.34724375e-05  3.60072093e-01  3.60091320e-01  9.89594619e-01  1.25610636e-03 
 1.34774375e-05  3.60072093e-01  3.60091297e-01  9.89594657e-01  1.25548936e-03 
 1.34824375e-05  3.60072092e-01  3.60091275e-01  9.89594697e-01  1.25610610e-03 
 1.34874375e-05  3.60072092e-01  3.60091253e-01  9.89594739e-01  1.25548937e-03 
 1.34924375e-05  3.60072092e-01  3.60091231e-01  9.89594780e-01  1.25610585e-03 
 1.34974375e-05  3.60072092e-01  3.60091208e-01  9.89594820e-01  1.25548939e-03 
 1.35024375e-05  3.60072092e-01  3.60091186e-01  9.89594858e-01  1.25610563e-03 
 1.35074375e-05  3.60072092e-01  3.60091164e-01  9.89594893e-01  1.25548945e-03 
 1.35124375e-05  3.60072092e-01  3.60091142e-01  9.89594924e-01  1.25610543e-03 
 1.35174375e-05  3.60072092e-01  3.60091119e-01  9.89594951e-01  1.25548953e-03 
 1.35224375e-05  3.60072092e-01  3.60091097e-01  9.89594973e-01  1.25610527e-03 
 1.35274375e-05  3.60072093e-01  3.60091075e-01  9.89594990e-01  1.25548965e-03 
 1.35324375e-05  3.60072093e-01  3.60091053e-01  9.89595001e-01  1.25610515e-03 
 1.35374375e-05  3.60072093e-01  3.60091031e-01  9.89595007e-01  1.25548980e-03 
 1.35424375e-05  3.60072094e-01  3.60091008e-01  9.89595007e-01  1.25610505e-03 
 1.35474375e-05  3.60072094e-01  3.60090986e-01  9.89595002e-01  1.25548999e-03 
 1.35524375e-05  3.60072095e-01  3.60090964e-01  9.89594992e-01  1.25610498e-03 
 1.35574375e-05  3.60072095e-01  3.60090942e-01  9.89594978e-01  1.25549019e-03 
 1.35624375e-05  3.60072096e-01  3.60090919e-01  9.89594959e-01  1.25610493e-03 
 1.35674375e-05  3.60072096e-01  3.60090897e-01  9.89594938e-01  1.25549040e-03 
 1.35724375e-05  3.60072096e-01  3.60090875e-01  9.89594914e-01  1.25610488e-03 
 1.35774375e-05  3.60072097e-01  3.60090853e-01  9.89594888e-01  1.25549062e-03 
 1.35824375e-05  3.60072097e-01  3.60090830e-01  9.89594861e-01  1.25610484e-03 
 1.35874375e-05  3.60072097e-01  3.60090808e-01  9.89594833e-01  1.25549084e-03 
 1.35924375e-05  3.60072097e-01  3.60090786e-01  9.89594806e-01  1.25610478e-03 
 1.35974375e-05  3.60072098e-01  3.60090764e-01  9.89594780e-01  1.25549104e-03 
 1.36024375e-05  3.60072098e-01  3.60090741e-01  9.89594755e-01  1.25610471e-03 
 1.36074375e-05  3.60072098e-01  3.60090719e-01  9.89594733e-01  1.25549122e-03 
 1.36124375e-05  3.60072097e-01  3.60090697e-01  9.89594713e-01  1.25610462e-03 
 1.36174375e-05  3.60072097e-01  3.60090675e-01  9.89594696e-01  1.25549137e-03 
 1.36224375e-05  3.60072097e-01  3.60090653e-01  9.89594683e-01  1.25610450e-03 
 1.36274375e-05  3.60072097e-01  3.60090630e-01  9.89594673e-01  1.25549151e-03 
 1.36324375e-05  3.60072097e-01  3.60090608e-01  9.89594666e-01  1.25610436e-03 
 1.36374375e-05  3.60072096e-01  3.60090586e-01  9.89594664e-01  1.25549162e-03 
 1.36424375e-05  3.60072096e-01  3.60090564e-01  9.89594664e-01  1.25610420e-03 
 1.36474375e-05  3.60072096e-01  3.60090541e-01  9.89594669e-01  1.25549172e-03 
 1.36524375e-05  3.60072095e-01  3.60090519e-01  9.89594676e-01  1.25610403e-03 
 1.36574375e-05  3.60072095e-01  3.60090497e-01  9.89594686e-01  1.25549180e-03 
 1.36624375e-05  3.60072095e-01  3.60090475e-01  9.89594699e-01  1.25610385e-03 
 1.36674375e-05  3.60072095e-01  3.60090452e-01  9.89594714e-01  1.25549188e-03 
 1.36724375e-05  3.60072094e-01  3.60090430e-01  9.89594730e-01  1.25610366e-03 
 1.36774375e-05  3.60072094e-01  3.60090408e-01  9.89594747e-01  1.25549195e-03 
 1.36824375e-05  3.60072094e-01  3.60090386e-01  9.89594765e-01  1.25610347e-03 
 1.36874375e-05  3.60072094e-01  3.60090363e-01  9.89594784e-01  1.25549203e-03 
 1.36924375e-05  3.60072094e-01  3.60090341e-01  9.89594802e-01  1.25610329e-03 
 1.36974375e-05  3.60072094e-01  3.60090319e-01  9.89594819e-01  1.25549212e-03 
 1.37024375e-05  3.60072094e-01  3.60090297e-01  9.89594835e-01  1.25610312e-03 
 1.37074375e-05  3.60072094e-01  3.60090275e-01  9.89594849e-01  1.25549222e-03 
 1.37124375e-05  3.60072094e-01  3.60090252e-01  9.89594862e-01  1.25610297e-03 
 1.37174375e-05  3.60072094e-01  3.60090230e-01  9.89594872e-01  1.25549233e-03 
 1.37224375e-05  3.60072094e-01  3.60090208e-01  9.89594881e-01  1.25610283e-03 
 1.37274375e-05  3.60072094e-01  3.60090186e-01  9.89594887e-01  1.25549246e-03 
 1.37324375e-05  3.60072094e-01  3.60090163e-01  9.89594890e-01  1.25610271e-03 
 1.37374375e-05  3.60072095e-01  3.60090141e-01  9.89594891e-01  1.25549260e-03 
 1.37424375e-05  3.60072095e-01  3.60090119e-01  9.89594890e-01  1.25610259e-03 
 1.37474375e-05  3.60072095e-01  3.60090097e-01  9.89594887e-01  1.25549276e-03 
 1.37524375e-05  3.60072095e-01  3.60090074e-01  9.89594881e-01  1.25610249e-03 
 1.37574375e-05  3.60072095e-01  3.60090052e-01  9.89594874e-01  1.25549292e-03 
 1.37624375e-05  3.60072096e-01  3.60090030e-01  9.89594865e-01  1.25610240e-03 
 1.37674375e-05  3.60072096e-01  3.60090008e-01  9.89594855e-01  1.25549309e-03 
 1.37724375e-05  3.60072096e-01  3.60089985e-01  9.89594844e-01  1.25610231e-03 
 1.37774375e-05  3.60072096e-01  3.60089963e-01  9.89594832e-01  1.25549326e-03 
 1.37824375e-05  3.60072096e-01  3.60089941e-01  9.89594820e-01  1.25610221e-03 
 1.37874375e-05  3.60072096e-01  3.60089919e-01  9.89594808e-01  1.25549342e-03 
 1.37924375e-05  3.60072096e-01  3.60089897e-01  9.89594796e-01  1.25610211e-03 
 1.37974375e-05  3.60072096e-01  3.60089874e-01  9.89594785e-01  1.25549358e-03 
 1.38024375e-05  3.60072096e-01  3.60089852e-01  9.89594775e-01  1.25610201e-03 
 1.38074375e-05  3.60072096e-01  3.60089830e-01  9.89594766e-01  1.25549373e-03 
 1.38124375e-05  3.60072096e-01  3.60089808e-01  9.89594758e-01  1.25610189e-03 
 1.38174375e-05  3.60072096e-01  3.60089785e-01  9.89594751e-01  1.25549387e-03 
 1.38224375e-05  3.60072096e-01  3.60089763e-01  9.89594746e-01  1.25610177e-03 
 1.38274375e-05  3.60072096e-01  3.60089741e-01  9.89594743e-01  1.25549400e-03 
 1.38324375e-05  3.60072096e-01  3.60089719e-01  9.89594741e-01  1.25610163e-03 
 1.38374375e-05  3.60072096e-01  3.60089696e-01  9.89594740e-01  1.25549412e-03 
 1.38424375e-05  3.60072096e-01  3.60089674e-01  9.89594742e-01  1.25610149e-03 
 1.38474375e-05  3.60072095e-01  3.60089652e-01  9.89594744e-01  1.25549423e-03 
 1.38524375e-05  3.60072095e-01  3.60089630e-01  9.89594748e-01  1.25610134e-03 
 1.38574375e-05  3.60072095e-01  3.60089607e-01  9.89594753e-01  1.25549434e-03 
 1.38624375e-05  3.60072095e-01  3.60089585e-01  9.89594759e-01  1.25610118e-03 
 1.38674375e-05  3.60072095e-01  3.60089563e-01  9.89594766e-01  1.25549444e-03 
 1.38724375e-05  3.60072095e-01  3.60089541e-01  9.89594774e-01  1.25610103e-03 
 1.38774375e-05  3.60072095e-01  3.60089519e-01  9.89594782e-01  1.25549455e-03 
 1.38824375e-05  3.60072095e-01  3.60089496e-01  9.89594790e-01  1.25610087e-03 
 1.38874375e-05  3.60072095e-01  3.60089474e-01  9.89594798e-01  1.25549466e-03 
 1.38924375e-05  3.60072095e-01  3.60089452e-01  9.89594805e-01  1.25610072e-03 
 1.38974375e-05  3.60072095e-01  3.60089430e-01  9.89594812e-01  1.25549477e-03 
 1.39024375e-05  3.60072095e-01  3.60089407e-01  9.89594819e-01  1.25610058e-03 
 1.39074375e-05  3.60072095e-01  3.60089385e-01  9.89594825e-01  1.25549489e-03 
 1.39124375e-05  3.60072095e-01  3.60089363e-01  9.89594830e-01  1.25610044e-03 
 1.39174375e-05  3.60072095e-01  3.60089341e-01  9.89594834e-01  1.25549501e-03 
 1.39224375e-05  3.60072095e-01  3.60089318e-01  9.89594837e-01  1.25610031e-03 
 1.39274375e-05  3.60072095e-01  3.60089296e-01  9.89594839e-01  1.25549514e-03 
 1.39324375e-05  3.60072095e-01  3.60089274e-01  9.89594840e-01  1.25610018e-03 
 1.39374375e-05  3.60072095e-01  3.60089252e-01  9.89594840e-01  1.25549528e-03 
 1.39424375e-05  3.60072095e-01  3.60089229e-01  9.89594839e-01  1.25610006e-03 
 1.39474375e-05  3.60072095e-01  3.60089207e-01  9.89594837e-01  1.25549542e-03 
 1.39524375e-05  3.60072095e-01  3.60089185e-01  9.89594834e-01  1.25609995e-03 
 1.39574375e-05  3.60072095e-01  3.60089163e-01  9.89594831e-01  1.25549557e-03 
 1.39624375e-05  3.60072095e-01  3.60089141e-01  9.89594826e-01  1.25609984e-03 
 1.39674375e-05  3.60072096e-01  3.60089118e-01  9.89594822e-01  1.25549571e-03 
 1.39724375e-05  3.60072096e-01  3.60089096e-01  9.89594817e-01  1.25609972e-03 
 1.39774375e-05  3.60072096e-01  3.60089074e-01  9.89594811e-01  1.25549586e-03 
 1.39824375e-05  3.60072096e-01  3.60089052e-01  9.89594806e-01  1.25609961e-03 
 1.39874375e-05  3.60072096e-01  3.60089029e-01  9.89594801e-01  1.25549600e-03 
 1.39924375e-05  3.60072096e-01  3.60089007e-01  9.89594796e-01  1.25609949e-03 
 1.39974375e-05  3.60072096e-01  3.60088985e-01  9.89594791e-01  1.25549614e-03 
 1.40024375e-05  3.60072096e-01  3.60088963e-01  9.89594787e-01  1.25609937e-03 
 1.40074375e-05  3.60072096e-01  3.60088940e-01  9.89594783e-01  1.25549628e-03 
 1.40124375e-05  3.60072096e-01  3.60088918e-01  9.89594780e-01  1.25609925e-03 
 1.40174375e-05  3.60072096e-01  3.60088896e-01  9.89594777e-01  1.25549641e-03 
 1.40224375e-05  3.60072096e-01  3.60088874e-01  9.89594776e-01  1.25609912e-03 
 1.40274375e-05  3.60072095e-01  3.60088851e-01  9.89594774e-01  1.25549654e-03 
 1.40324375e-05  3.60072095e-01  3.60088829e-01  9.89594774e-01  1.25609899e-03 
 1.40374375e-05  3.60072095e-01  3.60088807e-01  9.89594774e-01  1.25549666e-03 
 1.40424375e-05  3.60072095e-01  3.60088785e-01  9.89594775e-01  1.25609885e-03 
 1.40474375e-05  3.60072095e-01  3.60088763e-01  9.89594777e-01  1.25549678e-03 
 1.40524375e-05  3.60072095e-01  3.60088740e-01  9.89594779e-01  1.25609871e-03 
 1.40574375e-05  3.60072095e-01  3.60088718e-01  9.89594781e-01  1.25549690e-03 
 1.40624375e-05  3.60072095e-01  3.60088696e-01  9.89594784e-01  1.25609857e-03 
 1.40674375e-05  3.60072095e-01  3.60088674e-01  9.89594787e-01  1.25549702e-03 
 1.40724375e-05  3.60072095e-01  3.60088651e-01  9.89594791e-01  1.25609843e-03 
 1.40774375e-05  3.60072095e-01  3.60088629e-01  9.89594794e-01  1.25549714e-03 
 1.40824375e-05  3.60072095e-01  3.60088607e-01  9.89594798e-01  1.25609830e-03 
 1.40874375e-05  3.60072095e-01  3.60088585e-01  9.89594801e-01  1.25549725e-03 
 1.40924375e-05  3.60072095e-01  3.60088562e-01  9.89594804e-01  1.25609816e-03 
 1.40974375e-05  3.60072095e-01  3.60088540e-01  9.89594807e-01  1.25549738e-03 
 1.41024375e-05  3.60072095e-01  3.60088518e-01  9.89594810e-01  1.25609802e-03 
 1.41074375e-05  3.60072095e-01  3.60088496e-01  9.89594813e-01  1.25549750e-03 
 1.41124375e-05  3.60072095e-01  3.60088473e-01  9.89594815e-01  1.25609789e-03 
 1.41174375e-05  3.60072095e-01  3.60088451e-01  9.89594816e-01  1.25549763e-03 
 1.41224375e-05  3.60072095e-01  3.60088429e-01  9.89594817e-01  1.25609776e-03 
 1.41274375e-05  3.60072095e-01  3.60088407e-01  9.89594818e-01  1.25549776e-03 
 1.41324375e-05  3.60072095e-01  3.60088385e-01  9.89594818e-01  1.25609764e-03 
 1.41374375e-05  3.60072095e-01  3.60088362e-01  9.89594818e-01  1.25549789e-03 
 1.41424375e-05  3.60072095e-01  3.60088340e-01  9.89594817e-01  1.25609752e-03 
 1.41474375e-05  3.60072095e-01  3.60088318e-01  9.89594816e-01  1.25549802e-03 
 1.41524375e-05  3.60072095e-01  3.60088296e-01  9.89594814e-01  1.25609739e-03 
 1.41574375e-05  3.60072095e-01  3.60088273e-01  9.89594813e-01  1.25549816e-03 
 1.41624375e-05  3.60072095e-01  3.60088251e-01  9.89594811e-01  1.25609727e-03 
 1.41674375e-05  3.60072095e-01  3.60088229e-01  9.89594809e-01  1.25549829e-03 
 1.41724375e-05  3.60072095e-01  3.60088207e-01  9.89594806e-01  1.25609715e-03 
 1.41774375e-05  3.60072095e-01  3.60088184e-01  9.89594804e-01  1.25549843e-03 
 1.41824375e-05  3.60072095e-01  3.60088162e-01  9.89594802e-01  1.25609703e-03 
 1.41874375e-05  3.60072095e-01  3.60088140e-01  9.89594799e-01  1.25549856e-03 
 1.41924375e-05  3.60072095e-01  3.60088118e-01  9.89594797e-01  1.25609691e-03 
 1.41974375e-05  3.60072095e-01  3.60088095e-01  9.89594795e-01  1.25549870e-03 
 1.42024375e-05  3.60072095e-01  3.60088073e-01  9.89594794e-01  1.25609678e-03 
 1.42074375e-05  3.60072095e-01  3.60088051e-01  9.89594792e-01  1.25549883e-03 
 1.42124375e-05  3.60072095e-01  3.60088029e-01  9.89594791e-01  1.25609666e-03 
 1.42174375e-05  3.60072095e-01  3.60088007e-01  9.89594790e-01  1.25549896e-03 
 1.42224375e-05  3.60072095e-01  3.60087984e-01  9.89594789e-01  1.25609653e-03 
 1.42274375e-05  3.60072095e-01  3.60087962e-01  9.89594789e-01  1.25549908e-03 
 1.42324375e-05  3.60072095e-01  3.60087940e-01  9.89594789e-01  1.25609640e-03 
 1.42374375e-05  3.60072095e-01  3.60087918e-01  9.89594789e-01  1.25549921e-03 
 1.42424375e-05  3.60072095e-01  3.60087895e-01  9.89594790e-01  1.25609627e-03 
 1.42474375e-05  3.60072095e-01  3.60087873e-01  9.89594790e-01  1.25549933e-03 
 1.42524375e-05  3.60072095e-01  3.60087851e-01  9.89594791e-01  1.25609613e-03 
 1.42574375e-05  3.60072095e-01  3.60087829e-01  9.89594793e-01  1.25549945e-03 
 1.42624375e-05  3.60072095e-01  3.60087806e-01  9.89594794e-01  1.25609600e-03 
 1.42674375e-05  3.60072095e-01  3.60087784e-01  9.89594796e-01  1.25549958e-03 
 1.42724375e-05  3.60072095e-01  3.60087762e-01  9.89594797e-01  1.25609587e-03 
 1.42774375e-05  3.60072095e-01  3.60087740e-01  9.89594799e-01  1.25549970e-03 
 1.42824375e-05  3.60072095e-01  3.60087717e-01  9.89594800e-01  1.25609574e-03 
 1.42874375e-05  3.60072095e-01  3.60087695e-01  9.89594802e-01  1.25549982e-03 
 1.42924375e-05  3.60072095e-01  3.60087673e-01  9.89594803e-01  1.25609561e-03 
 1.42974375e-05  3.60072095e-01  3.60087651e-01  9.89594804e-01  1.25549995e-03 
 1.43024375e-05  3.60072095e-01  3.60087629e-01  9.89594805e-01  1.25609548e-03 
 1.43074375e-05  3.60072095e-01  3.60087606e-01  9.89594806e-01  1.25550007e-03 
 1.43124375e-05  3.60072095e-01  3.60087584e-01  9.89594807e-01  1.25609535e-03 
 1.43174375e-05  3.60072095e-01  3.60087562e-01  9.89594808e-01  1.25550020e-03 
 1.43224375e-05  3.60072095e-01  3.60087540e-01  9.89594808e-01  1.25609522e-03 
 1.43274375e-05  3.60072095e-01  3.60087517e-01  9.89594808e-01  1.25550033e-03 
 1.43324375e-05  3.60072095e-01  3.60087495e-01  9.89594808e-01  1.25609510e-03 
 1.43374375e-05  3.60072095e-01  3.60087473e-01  9.89594808e-01  1.25550046e-03 
 1.43424375e-05  3.60072095e-01  3.60087451e-01  9.89594807e-01  1.25609497e-03 
 1.43474375e-05  3.60072095e-01  3.60087428e-01  9.89594807e-01  1.25550059e-03 
 1.43524375e-05  3.60072095e-01  3.60087406e-01  9.89594806e-01  1.25609485e-03 
 1.43574375e-05  3.60072095e-01  3.60087384e-01  9.89594805e-01  1.25550072e-03 
 1.43624375e-05  3.60072095e-01  3.60087362e-01  9.89594804e-01  1.25609472e-03 
 1.43674375e-05  3.60072095e-01  3.60087339e-01  9.89594803e-01  1.25550085e-03 
 1.43724375e-05  3.60072095e-01  3.60087317e-01  9.89594802e-01  1.25609460e-03 
 1.43774375e-05  3.60072095e-01  3.60087295e-01  9.89594801e-01  1.25550098e-03 
 1.43824375e-05  3.60072095e-01  3.60087273e-01  9.89594800e-01  1.25609447e-03 
 1.43874375e-05  3.60072095e-01  3.60087251e-01  9.89594799e-01  1.25550111e-03 
 1.43924375e-05  3.60072095e-01  3.60087228e-01  9.89594799e-01  1.25609435e-03 
 1.43974375e-05  3.60072095e-01  3.60087206e-01  9.89594798e-01  1.25550124e-03 
 1.44024375e-05  3.60072095e-01  3.60087184e-01  9.89594797e-01  1.25609422e-03 
 1.44074375e-05  3.60072095e-01  3.60087162e-01  9.89594796e-01  1.25550137e-03 
 1.44124375e-05  3.60072095e-01  3.60087139e-01  9.89594796e-01  1.25609410e-03 
 1.44174375e-05  3.60072095e-01  3.60087117e-01  9.89594796e-01  1.25550149e-03 
 1.44224375e-05  3.60072095e-01  3.60087095e-01  9.89594795e-01  1.25609397e-03 
 1.44274375e-05  3.60072095e-01  3.60087073e-01  9.89594795e-01  1.25550162e-03 
 1.44324375e-05  3.60072095e-01  3.60087050e-01  9.89594795e-01  1.25609384e-03 
 1.44374375e-05  3.60072095e-01  3.60087028e-01  9.89594796e-01  1.25550174e-03 
 1.44424375e-05  3.60072095e-01  3.60087006e-01  9.89594796e-01  1.25609371e-03 
 1.44474375e-05  3.60072095e-01  3.60086984e-01  9.89594796e-01  1.25550187e-03 
 1.44524375e-05  3.60072095e-01  3.60086961e-01  9.89594797e-01  1.25609359e-03 
 1.44574375e-05  3.60072095e-01  3.60086939e-01  9.89594797e-01  1.25550199e-03 
 1.44624375e-05  3.60072095e-01  3.60086917e-01  9.89594798e-01  1.25609346e-03 
 1.44674375e-05  3.60072095e-01  3.60086895e-01  9.89594799e-01  1.25550212e-03 
 1.44724375e-05  3.60072095e-01  3.60086873e-01  9.89594799e-01  1.25609333e-03 
 1.44774375e-05  3.60072095e-01  3.60086850e-01  9.89594800e-01  1.25550224e-03 
 1.44824375e-05  3.60072095e-01  3.60086828e-01  9.89594801e-01  1.25609320e-03 
 1.44874375e-05  3.60072095e-01  3.60086806e-01  9.89594801e-01  1.25550237e-03 
 1.44924375e-05  3.60072095e-01  3.60086784e-01  9.89594802e-01  1.25609307e-03 
 1.44974375e-05  3.60072095e-01  3.60086761e-01  9.89594802e-01  1.25550249e-03 
 1.45024375e-05  3.60072095e-01  3.60086739e-01  9.89594803e-01  1.25609294e-03 
 1.45074375e-05  3.60072095e-01  3.60086717e-01  9.89594803e-01  1.25550262e-03 
 1.45124375e-05  3.60072095e-01  3.60086695e-01  9.89594803e-01  1.25609282e-03 
 1.45174375e-05  3.60072095e-01  3.60086672e-01  9.89594804e-01  1.25550275e-03 
 1.45224375e-05  3.60072095e-01  3.60086650e-01  9.89594804e-01  1.25609269e-03 
 1.45274375e-05  3.60072095e-01  3.60086628e-01  9.89594804e-01  1.25550287e-03 
 1.45324375e-05  3.60072095e-01  3.60086606e-01  9.89594804e-01  1.25609257e-03 
 1.45374375e-05  3.60072095e-01  3.60086583e-01  9.89594804e-01  1.25550300e-03 
 1.45424375e-05  3.60072095e-01  3.60086561e-01  9.89594803e-01  1.25609244e-03 
 1.45474375e-05  3.60072095e-01  3.60086539e-01  9.89594803e-01  1.25550313e-03 
 1.45524375e-05  3.60072095e-01  3.60086517e-01  9.89594803e-01  1.25609232e-03 
 1.45574375e-05  3.60072095e-01  3.60086495e-01  9.89594802e-01  1.25550325e-03 
 1.45624375e-05  3.60072095e-01  3.60086472e-01  9.89594802e-01  1.25609219e-03 
 1.45674375e-05  3.60072095e-01  3.60086450e-01  9.89594801e-01  1.25550338e-03 
 1.45724375e-05  3.60072095e-01  3.60086428e-01  9.89594801e-01  1.25609207e-03 
 1.45774375e-05  3.60072095e-01  3.60086406e-01  9.89594801e-01  1.25550351e-03 
 1.45824375e-05  3.60072095e-01  3.60086383e-01  9.89594800e-01  1.25609194e-03 
 1.45874375e-05  3.60072095e-01  3.60086361e-01  9.89594800e-01  1.25550364e-03 
 1.45924375e-05  3.60072095e-01  3.60086339e-01  9.89594799e-01  1.25609182e-03 
 1.45974375e-05  3.60072095e-01  3.60086317e-01  9.89594799e-01  1.25550376e-03 
 1.46024375e-05  3.60072095e-01  3.60086294e-01  9.89594799e-01  1.25609169e-03 
 1.46074375e-05  3.60072095e-01  3.60086272e-01  9.89594799e-01  1.25550389e-03 
 1.46124375e-05  3.60072095e-01  3.60086250e-01  9.89594798e-01  1.25609157e-03 
 1.46174375e-05  3.60072095e-01  3.60086228e-01  9.89594798e-01  1.25550401e-03 
 1.46224375e-05  3.60072095e-01  3.60086206e-01  9.89594798e-01  1.25609144e-03 
 1.46274375e-05  3.60072095e-01  3.60086183e-01  9.89594798e-01  1.25550414e-03 
 1.46324375e-05  3.60072095e-01  3.60086161e-01  9.89594798e-01  1.25609131e-03 
 1.46374375e-05  3.60072095e-01  3.60086139e-01  9.89594798e-01  1.25550427e-03 
 1.46424375e-05  3.60072095e-01  3.60086117e-01  9.89594799e-01  1.25609119e-03 
 1.46474375e-05  3.60072095e-01  3.60086094e-01  9.89594799e-01  1.25550439e-03 
 1.46524375e-05  3.60072095e-01  3.60086072e-01  9.89594799e-01  1.25609106e-03 
 1.46574375e-05  3.60072095e-01  3.60086050e-01  9.89594799e-01  1.25550451e-03 
 1.46624375e-05  3.60072095e-01  3.60086028e-01  9.89594800e-01  1.25609093e-03 
 1.46674375e-05  3.60072095e-01  3.60086005e-01  9.89594800e-01  1.25550464e-03 
 1.46724375e-05  3.60072095e-01  3.60085983e-01  9.89594800e-01  1.25609081e-03 
 1.46774375e-05  3.60072095e-01  3.60085961e-01  9.89594800e-01  1.25550476e-03 
 1.46824375e-05  3.60072095e-01  3.60085939e-01  9.89594801e-01  1.25609068e-03 
 1.46874375e-05  3.60072095e-01  3.60085916e-01  9.89594801e-01  1.25550489e-03 
 1.46924375e-05  3.60072095e-01  3.60085894e-01  9.89594801e-01  1.25609056e-03 
 1.46974375e-05  3.60072095e-01  3.60085872e-01  9.89594801e-01  1.25550501e-03 
 1.47024375e-05  3.60072095e-01  3.60085850e-01  9.89594802e-01  1.25609043e-03 
 1.47074375e-05  3.60072095e-01  3.60085827e-01  9.89594802e-01  1.25550514e-03 
 1.47124375e-05  3.60072095e-01  3.60085805e-01  9.89594802e-01  1.25609030e-03 
 1.47174375e-05  3.60072095e-01  3.60085783e-01  9.89594802e-01  1.25550526e-03 
 1.47224375e-05  3.60072095e-01  3.60085761e-01  9.89594802e-01  1.25609018e-03 
 1.47274375e-05  3.60072095e-01  3.60085739e-01  9.89594802e-01  1.25550539e-03 
 1.47324375e-05  3.60072095e-01  3.60085716e-01  9.89594802e-01  1.25609005e-03 
 1.47374375e-05  3.60072095e-01  3.60085694e-01  9.89594802e-01  1.25550552e-03 
 1.47424375e-05  3.60072095e-01  3.60085672e-01  9.89594802e-01  1.25608993e-03 
 1.47474375e-05  3.60072095e-01  3.60085650e-01  9.89594802e-01  1.25550564e-03 
 1.47524375e-05  3.60072095e-01  3.60085627e-01  9.89594801e-01  1.25608981e-03 
 1.47574375e-05  3.60072095e-01  3.60085605e-01  9.89594801e-01  1.25550577e-03 
 1.47624375e-05  3.60072095e-01  3.60085583e-01  9.89594801e-01  1.25608968e-03 
 1.47674375e-05  3.60072095e-01  3.60085561e-01  9.89594801e-01  1.25550589e-03 
 1.47724375e-05  3.60072095e-01  3.60085538e-01  9.89594801e-01  1.25608956e-03 
 1.47774375e-05  3.60072095e-01  3.60085516e-01  9.89594800e-01  1.25550602e-03 
 1.47824375e-05  3.60072095e-01  3.60085494e-01  9.89594800e-01  1.25608943e-03 
 1.47874375e-05  3.60072095e-01  3.60085472e-01  9.89594800e-01  1.25550614e-03 
 1.47924375e-05  3.60072095e-01  3.60085450e-01  9.89594800e-01  1.25608931e-03 
 1.47974375e-05  3.60072095e-01  3.60085427e-01  9.89594800e-01  1.25550627e-03 
 1.48024375e-05  3.60072095e-01  3.60085405e-01  9.89594800e-01  1.25608918e-03 
 1.48074375e-05  3.60072095e-01  3.60085383e-01  9.89594800e-01  1.25550639e-03 
 1.48124375e-05  3.60072095e-01  3.60085361e-01  9.89594799e-01  1.25608906e-03 
 1.48174375e-05  3.60072095e-01  3.60085338e-01  9.89594799e-01  1.25550652e-03 
 1.48224375e-05  3.60072095e-01  3.60085316e-01  9.89594799e-01  1.25608893e-03 
 1.48274375e-05  3.60072095e-01  3.60085294e-01  9.89594799e-01  1.25550664e-03 
 1.48324375e-05  3.60072095e-01  3.60085272e-01  9.89594800e-01  1.25608881e-03 
 1.48374375e-05  3.60072095e-01  3.60085249e-01  9.89594800e-01  1.25550677e-03 
 1.48424375e-05  3.60072095e-01  3.60085227e-01  9.89594800e-01  1.25608868e-03 
 1.48474375e-05  3.60072095e-01  3.60085205e-01  9.89594800e-01  1.25550689e-03 
 1.48524375e-05  3.60072095e-01  3.60085183e-01  9.89594800e-01  1.25608856e-03 
 1.48574375e-05  3.60072095e-01  3.60085160e-01  9.89594800e-01  1.25550701e-03 
 1.48624375e-05  3.60072095e-01  3.60085138e-01  9.89594800e-01  1.25608843e-03 
 1.48674375e-05  3.60072095e-01  3.60085116e-01  9.89594800e-01  1.25550714e-03 
 1.48724375e-05  3.60072095e-01  3.60085094e-01  9.89594800e-01  1.25608831e-03 
 1.48774375e-05  3.60072095e-01  3.60085072e-01  9.89594800e-01  1.25550726e-03 
 1.48824375e-05  3.60072095e-01  3.60085049e-01  9.89594801e-01  1.25608818e-03 
 1.48874375e-05  3.60072095e-01  3.60085027e-01  9.89594801e-01  1.25550739e-03 
 1.48924375e-05  3.60072095e-01  3.60085005e-01  9.89594801e-01  1.25608806e-03 
 1.48974375e-05  3.60072095e-01  3.60084983e-01  9.89594801e-01  1.25550751e-03 
 1.49024375e-05  3.60072095e-01  3.60084960e-01  9.89594801e-01  1.25608794e-03 
 1.49074375e-05  3.60072095e-01  3.60084938e-01  9.89594801e-01  1.25550764e-03 
 1.49124375e-05  3.60072095e-01  3.60084916e-01  9.89594801e-01  1.25608781e-03 
 1.49174375e-05  3.60072095e-01  3.60084894e-01  9.89594801e-01  1.25550776e-03 
 1.49224375e-05  3.60072095e-01  3.60084871e-01  9.89594801e-01  1.25608769e-03 
 1.49274375e-05  3.60072095e-01  3.60084849e-01  9.89594801e-01  1.25550788e-03 
 1.49324375e-05  3.60072095e-01  3.60084827e-01  9.89594801e-01  1.25608756e-03 
 1.49374375e-05  3.60072095e-01  3.60084805e-01  9.89594801e-01  1.25550801e-03 
 1.49424375e-05  3.60072095e-01  3.60084782e-01  9.89594801e-01  1.25608744e-03 
 1.49474375e-05  3.60072095e-01  3.60084760e-01  9.89594801e-01  1.25550813e-03 
 1.49524375e-05  3.60072095e-01  3.60084738e-01  9.89594801e-01  1.25608732e-03 
 1.49574375e-05  3.60072095e-01  3.60084716e-01  9.89594801e-01  1.25550826e-03 
 1.49624375e-05  3.60072095e-01  3.60084694e-01  9.89594801e-01  1.25608719e-03 
 1.49674375e-05  3.60072095e-01  3.60084671e-01  9.89594801e-01  1.25550838e-03 
 1.49724375e-05  3.60072095e-01  3.60084649e-01  9.89594800e-01  1.25608707e-03 
 1.49774375e-05  3.60072095e-01  3.60084627e-01  9.89594800e-01  1.25550851e-03 
 1.49824375e-05  3.60072095e-01  3.60084605e-01  9.89594800e-01  1.25608694e-03 
 1.49874375e-05  3.60072095e-01  3.60084582e-01  9.89594800e-01  1.25550863e-03 
 1.49924375e-05  3.60072095e-01  3.60084560e-01  9.89594800e-01  1.25608682e-03 
 1.49974375e-05  3.60072095e-01  3.60084538e-01  9.89594800e-01  1.25550875e-03 
 1.50024375e-05  3.60072095e-01  3.60084516e-01  9.89594800e-01  1.25608670e-03 
 1.50074375e-05  3.60072095e-01  3.60084493e-01  9.89594800e-01  1.25550888e-03 
 1.50124375e-05  3.60072095e-01  3.60084471e-01  9.89594800e-01  1.25608657e-03 
 1.50174375e-05  3.60072095e-01  3.60084449e-01  9.89594800e-01  1.25550900e-03 
 1.50224375e-05  3.60072095e-01  3.60084427e-01  9.89594800e-01  1.25608645e-03 
 1.50274375e-05  3.60072095e-01  3.60084404e-01  9.89594800e-01  1.25550912e-03 
 1.50324375e-05  3.60072095e-01  3.60084382e-01  9.89594800e-01  1.25608633e-03 
 1.50374375e-05  3.60072095e-01  3.60084360e-01  9.89594800e-01  1.25550925e-03 
 1.50424375e-05  3.60072095e-01  3.60084338e-01  9.89594800e-01  1.25608620e-03 
 1.50474375e-05  3.60072095e-01  3.60084316e-01  9.89594800e-01  1.25550937e-03 
 1.50524375e-05  3.60072095e-01  3.60084293e-01  9.89594800e-01  1.25608608e-03 
 1.50574375e-05  3.60072095e-01  3.60084271e-01  9.89594800e-01  1.25550949e-03 
 1.50624375e-05  3.60072095e-01  3.60084249e-01  9.89594800e-01  1.25608595e-03 
 1.50674375e-05  3.60072095e-01  3.60084227e-01  9.89594800e-01  1.25550962e-03 
 1.50724375e-05  3.60072095e-01  3.60084204e-01  9.89594800e-01  1.25608583e-03 
 1.50774375e-05  3.60072095e-01  3.60084182e-01  9.89594800e-01  1.25550974e-03 
 1.50824375e-05  3.60072095e-01  3.60084160e-01  9.89594801e-01  1.25608571e-03 
 1.50874375e-05  3.60072095e-01  3.60084138e-01  9.89594801e-01  1.25550986e-03 
 1.50924375e-05  3.60072095e-01  3.60084115e-01  9.89594801e-01  1.25608558e-03 
 1.50974375e-05  3.60072095e-01  3.60084093e-01  9.89594801e-01  1.25550999e-03 
 1.51024375e-05  3.60072095e-01  3.60084071e-01  9.89594801e-01  1.25608546e-03 
 1.51074375e-05  3.60072095e-01  3.60084049e-01  9.89594801e-01  1.25551011e-03 
 1.51124375e-05  3.60072095e-01  3.60084026e-01  9.89594801e-01  1.25608534e-03 
 1.51174375e-05  3.60072095e-01  3.60084004e-01  9.89594801e-01  1.25551023e-03 
 1.51224375e-05  3.60072095e-01  3.60083982e-01  9.89594801e-01  1.25608521e-03 
 1.51274375e-05  3.60072095e-01  3.60083960e-01  9.89594801e-01  1.25551036e-03 
 1.51324375e-05  3.60072095e-01  3.60083938e-01  9.89594801e-01  1.25608509e-03 
 1.51374375e-05  3.60072095e-01  3.60083915e-01  9.89594801e-01  1.25551048e-03 
 1.51424375e-05  3.60072095e-01  3.60083893e-01  9.89594801e-01  1.25608497e-03 
 1.51474375e-05  3.60072095e-01  3.60083871e-01  9.89594801e-01  1.25551060e-03 
 1.51524375e-05  3.60072095e-01  3.60083849e-01  9.89594801e-01  1.25608485e-03 
 1.51574375e-05  3.60072095e-01  3.60083826e-01  9.89594801e-01  1.25551073e-03 
 1.51624375e-05  3.60072095e-01  3.60083804e-01  9.89594801e-01  1.25608472e-03 
 1.51674375e-05  3.60072095e-01  3.60083782e-01  9.89594800e-01  1.25551085e-03 
 1.51724375e-05  3.60072095e-01  3.60083760e-01  9.89594800e-01  1.25608460e-03 
 1.51774375e-05  3.60072095e-01  3.60083737e-01  9.89594800e-01  1.25551097e-03 
 1.51824375e-05  3.60072095e-01  3.60083715e-01  9.89594800e-01  1.25608448e-03 
 1.51874375e-05  3.60072095e-01  3.60083693e-01  9.89594800e-01  1.25551110e-03 
 1.51924375e-05  3.60072095e-01  3.60083671e-01  9.89594800e-01  1.25608435e-03 
 1.51974375e-05  3.60072095e-01  3.60083648e-01  9.89594800e-01  1.25551122e-03 
 1.52024375e-05  3.60072095e-01  3.60083626e-01  9.89594800e-01  1.25608423e-03 
 1.52074375e-05  3.60072095e-01  3.60083604e-01  9.89594800e-01  1.25551134e-03 
 1.52124375e-05  3.60072095e-01  3.60083582e-01  9.89594800e-01  1.25608411e-03 
 1.52174375e-05  3.60072095e-01  3.60083560e-01  9.89594800e-01  1.25551146e-03 
 1.52224375e-05  3.60072095e-01  3.60083537e-01  9.89594800e-01  1.25608399e-03 
 1.52274375e-05  3.60072095e-01  3.60083515e-01  9.89594800e-01  1.25551159e-03 
 1.52324375e-05  3.60072095e-01  3.60083493e-01  9.89594800e-01  1.25608386e-03 
 1.52374375e-05  3.60072095e-01  3.60083471e-01  9.89594800e-01  1.25551171e-03 
 1.52424375e-05  3.60072095e-01  3.60083448e-01  9.89594800e-01  1.25608374e-03 
 1.52474375e-05  3.60072095e-01  3.60083426e-01  9.89594800e-01  1.25551183e-03 
 1.52524375e-05  3.60072095e-01  3.60083404e-01  9.89594800e-01  1.25608362e-03 
 1.52574375e-05  3.60072095e-01  3.60083382e-01  9.89594800e-01  1.25551195e-03 
 1.52624375e-05  3.60072095e-01  3.60083359e-01  9.89594800e-01  1.25608350e-03 
 1.52674375e-05  3.60072095e-01  3.60083337e-01  9.89594800e-01  1.25551208e-03 
 1.52724375e-05  3.60072095e-01  3.60083315e-01  9.89594800e-01  1.25608337e-03 
 1.52774375e-05  3.60072095e-01  3.60083293e-01  9.89594800e-01  1.25551220e-03 
 1.52824375e-05  3.60072095e-01  3.60083271e-01  9.89594800e-01  1.25608325e-03 
 1.52874375e-05  3.60072095e-01  3.60083248e-01  9.89594800e-01  1.25551232e-03 
 1.52924375e-05  3.60072095e-01  3.60083226e-01  9.89594801e-01  1.25608313e-03 
 1.52974375e-05  3.60072095e-01  3.60083204e-01  9.89594801e-01  1.25551244e-03 
 1.53024375e-05  3.60072095e-01  3.60083182e-01  9.89594801e-01  1.25608301e-03 
 1.53074375e-05  3.60072095e-01  3.60083159e-01  9.89594801e-01  1.25551256e-03 
 1.53124375e-05  3.60072095e-01  3.60083137e-01  9.89594801e-01  1.25608288e-03 
 1.53174375e-05  3.60072095e-01  3.60083115e-01  9.89594801e-01  1.25551269e-03 
 1.53224375e-05  3.60072095e-01  3.60083093e-01  9.89594801e-01  1.25608276e-03 
 1.53274375e-05  3.60072095e-01  3.60083070e-01  9.89594801e-01  1.25551281e-03 
 1.53324375e-05  3.60072095e-01  3.60083048e-01  9.89594801e-01  1.25608264e-03 
 1.53374375e-05  3.60072095e-01  3.60083026e-01  9.89594801e-01  1.25551293e-03 
 1.53424375e-05  3.60072095e-01  3.60083004e-01  9.89594801e-01  1.25608252e-03 
 1.53474375e-05  3.60072095e-01  3.60082981e-01  9.89594801e-01  1.25551305e-03 
 1.53524375e-05  3.60072095e-01  3.60082959e-01  9.89594801e-01  1.25608240e-03 
 1.53574375e-05  3.60072095e-01  3.60082937e-01  9.89594800e-01  1.25551317e-03 
 1.53624375e-05  3.60072095e-01  3.60082915e-01  9.89594800e-01  1.25608228e-03 
 1.53674375e-05  3.60072095e-01  3.60082892e-01  9.89594800e-01  1.25551330e-03 
 1.53724375e-05  3.60072095e-01  3.60082870e-01  9.89594800e-01  1.25608215e-03 
 1.53774375e-05  3.60072095e-01  3.60082848e-01  9.89594800e-01  1.25551342e-03 
 1.53824375e-05  3.60072095e-01  3.60082826e-01  9.89594800e-01  1.25608203e-03 
 1.53874375e-05  3.60072095e-01  3.60082804e-01  9.89594800e-01  1.25551354e-03 
 1.53924375e-05  3.60072095e-01  3.60082781e-01  9.89594800e-01  1.25608191e-03 
 1.53974375e-05  3.60072095e-01  3.60082759e-01  9.89594800e-01  1.25551366e-03 
 1.54024375e-05  3.60072095e-01  3.60082737e-01  9.89594800e-01  1.25608179e-03 
 1.54074375e-05  3.60072095e-01  3.60082715e-01  9.89594800e-01  1.25551378e-03 
 1.54124375e-05  3.60072095e-01  3.60082692e-01  9.89594800e-01  1.25608167e-03 
 1.54174375e-05  3.60072095e-01  3.60082670e-01  9.89594800e-01  1.25551391e-03 
 1.54224375e-05  3.60072095e-01  3.60082648e-01  9.89594800e-01  1.25608154e-03 
 1.54274375e-05  3.60072095e-01  3.60082626e-01  9.89594800e-01  1.25551403e-03 
 1.54324375e-05  3.60072095e-01  3.60082603e-01  9.89594800e-01  1.25608142e-03 
 1.54374375e-05  3.60072095e-01  3.60082581e-01  9.89594800e-01  1.25551415e-03 
 1.54424375e-05  3.60072095e-01  3.60082559e-01  9.89594800e-01  1.25608130e-03 
 1.54474375e-05  3.60072095e-01  3.60082537e-01  9.89594800e-01  1.25551427e-03 
 1.54524375e-05  3.60072095e-01  3.60082515e-01  9.89594800e-01  1.25608118e-03 
 1.54574375e-05  3.60072095e-01  3.60082492e-01  9.89594800e-01  1.25551439e-03 
 1.54624375e-05  3.60072095e-01  3.60082470e-01  9.89594800e-01  1.25608106e-03 
 1.54674375e-05  3.60072095e-01  3.60082448e-01  9.89594800e-01  1.25551451e-03 
 1.54724375e-05  3.60072095e-01  3.60082426e-01  9.89594800e-01  1.25608094e-03 
 1.54774375e-05  3.60072095e-01  3.60082403e-01  9.89594800e-01  1.25551463e-03 
 1.54824375e-05  3.60072095e-01  3.60082381e-01  9.89594800e-01  1.25608082e-03 
 1.54874375e-05  3.60072095e-01  3.60082359e-01  9.89594800e-01  1.25551476e-03 
 1.54924375e-05  3.60072095e-01  3.60082337e-01  9.89594800e-01  1.25608070e-03 
 1.54974375e-05  3.60072095e-01  3.60082314e-01  9.89594800e-01  1.25551488e-03 
 1.55024375e-05  3.60072095e-01  3.60082292e-01  9.89594800e-01  1.25608057e-03 
 1.55074375e-05  3.60072095e-01  3.60082270e-01  9.89594800e-01  1.25551500e-03 
 1.55124375e-05  3.60072095e-01  3.60082248e-01  9.89594800e-01  1.25608045e-03 
 1.55174375e-05  3.60072095e-01  3.60082225e-01  9.89594800e-01  1.25551512e-03 
 1.55224375e-05  3.60072095e-01  3.60082203e-01  9.89594800e-01  1.25608033e-03 
 1.55274375e-05  3.60072095e-01  3.60082181e-01  9.89594800e-01  1.25551524e-03 
 1.55324375e-05  3.60072095e-01  3.60082159e-01  9.89594800e-01  1.25608021e-03 
 1.55374375e-05  3.60072095e-01  3.60082137e-01  9.89594800e-01  1.25551536e-03 
 1.55424375e-05  3.60072095e-01  3.60082114e-01  9.89594800e-01  1.25608009e-03 
 1.55474375e-05  3.60072095e-01  3.60082092e-01  9.89594800e-01  1.25551548e-03 
 1.55524375e-05  3.60072095e-01  3.60082070e-01  9.89594800e-01  1.25607997e-03 
 1.55574375e-05  3.60072095e-01  3.60082048e-01  9.89594800e-01  1.25551560e-03 
 1.55624375e-05  3.60072095e-01  3.60082025e-01  9.89594800e-01  1.25607985e-03 
 1.55674375e-05  3.60072095e-01  3.60082003e-01  9.89594800e-01  1.25551572e-03 
 1.55724375e-05  3.60072095e-01  3.60081981e-01  9.89594800e-01  1.25607973e-03 
 1.55774375e-05  3.60072095e-01  3.60081959e-01  9.89594800e-01  1.25551584e-03 
 1.55824375e-05  3.60072095e-01  3.60081936e-01  9.89594800e-01  1.25607961e-03 
 1.55874375e-05  3.60072095e-01  3.60081914e-01  9.89594800e-01  1.25551597e-03 
 1.55924375e-05  3.60072095e-01  3.60081892e-01  9.89594800e-01  1.25607949e-03 
 1.55974375e-05  3.60072095e-01  3.60081870e-01  9.89594800e-01  1.25551609e-03 
 1.56024375e-05  3.60072095e-01  3.60081847e-01  9.89594800e-01  1.25607936e-03 
 1.56074375e-05  3.60072095e-01  3.60081825e-01  9.89594800e-01  1.25551621e-03 
 1.56124375e-05  3.60072095e-01  3.60081803e-01  9.89594800e-01  1.25607924e-03 
 1.56174375e-05  3.60072095e-01  3.60081781e-01  9.89594800e-01  1.25551633e-03 
 1.56224375e-05  3.60072095e-01  3.60081759e-01  9.89594800e-01  1.25607912e-03 
 1.56274375e-05  3.60072095e-01  3.60081736e-01  9.89594800e-01  1.25551645e-03 
 1.56324375e-05  3.60072095e-01  3.60081714e-01  9.89594800e-01  1.25607900e-03 
 1.56374375e-05  3.60072095e-01  3.60081692e-01  9.89594800e-01  1.25551657e-03 
 1.56424375e-05  3.60072095e-01  3.60081670e-01  9.89594800e-01  1.25607888e-03 
 1.56474375e-05  3.60072095e-01  3.60081647e-01  9.89594800e-01  1.25551669e-03 
 1.56524375e-05  3.60072095e-01  3.60081625e-01  9.89594800e-01  1.25607876e-03 
 1.56574375e-05  3.60072095e-01  3.60081603e-01  9.89594800e-01  1.25551681e-03 
 1.56624375e-05  3.60072095e-01  3.60081581e-01  9.89594800e-01  1.25607864e-03 
 1.56674375e-05  3.60072095e-01  3.60081558e-01  9.89594800e-01  1.25551693e-03 
 1.56724375e-05  3.60072095e-01  3.60081536e-01  9.89594800e-01  1.25607852e-03 
 1.56774375e-05  3.60072095e-01  3.60081514e-01  9.89594800e-01  1.25551705e-03 
 1.56824375e-05  3.60072095e-01  3.60081492e-01  9.89594800e-01  1.25607840e-03 
 1.56874375e-05  3.60072095e-01  3.60081469e-01  9.89594800e-01  1.25551717e-03 
 1.56924375e-05  3.60072095e-01  3.60081447e-01  9.89594800e-01  1.25607828e-03 
 1.56974375e-05  3.60072095e-01  3.60081425e-01  9.89594800e-01  1.25551729e-03 
 1.57024375e-05  3.60072095e-01  3.60081403e-01  9.89594800e-01  1.25607816e-03 
 1.57074375e-05  3.60072095e-01  3.60081381e-01  9.89594800e-01  1.25551741e-03 
 1.57124375e-05  3.60072095e-01  3.60081358e-01  9.89594800e-01  1.25607804e-03 
 1.57174375e-05  3.60072095e-01  3.60081336e-01  9.89594800e-01  1.25551753e-03 
 1.57224375e-05  3.60072095e-01  3.60081314e-01  9.89594800e-01  1.25607792e-03 
 1.57274375e-05  3.60072095e-01  3.60081292e-01  9.89594800e-01  1.25551765e-03 
 1.57324375e-05  3.60072095e-01  3.60081269e-01  9.89594800e-01  1.25607780e-03 
 1.57374375e-05  3.60072095e-01  3.60081247e-01  9.89594800e-01  1.25551777e-03 
 1.57424375e-05  3.60072095e-01  3.60081225e-01  9.89594800e-01  1.25607768e-03 
 1.57474375e-05  3.60072095e-01  3.60081203e-01  9.89594800e-01  1.25551789e-03 
 1.57524375e-05  3.60072095e-01  3.60081180e-01  9.89594800e-01  1.25607756e-03 
 1.57574375e-05  3.60072095e-01  3.60081158e-01  9.89594800e-01  1.25551801e-03 
 1.57624375e-05  3.60072095e-01  3.60081136e-01  9.89594800e-01  1.25607744e-03 
 1.57674375e-05  3.60072095e-01  3.60081114e-01  9.89594800e-01  1.25551813e-03 
 1.57724375e-05  3.60072095e-01  3.60081091e-01  9.89594800e-01  1.25607732e-03 
 1.57774375e-05  3.60072095e-01  3.60081069e-01  9.89594800e-01  1.25551825e-03 
 1.57824375e-05  3.60072095e-01  3.60081047e-01  9.89594800e-01  1.25607720e-03 
 1.57874375e-05  3.60072095e-01  3.60081025e-01  9.89594800e-01  1.25551837e-03 
 1.57924375e-05  3.60072095e-01  3.60081003e-01  9.89594800e-01  1.25607708e-03 
 1.57974375e-05  3.60072095e-01  3.60080980e-01  9.89594800e-01  1.25551849e-03 
 1.58024375e-05  3.60072095e-01  3.60080958e-01  9.89594800e-01  1.25607696e-03 
 1.58074375e-05  3.60072095e-01  3.60080936e-01  9.89594800e-01  1.25551861e-03 
 1.58124375e-05  3.60072095e-01  3.60080914e-01  9.89594800e-01  1.25607684e-03 
 1.58174375e-05  3.60072095e-01  3.60080891e-01  9.89594800e-01  1.25551873e-03 
 1.58224375e-05  3.60072095e-01  3.60080869e-01  9.89594800e-01  1.25607672e-03 
 1.58274375e-05  3.60072095e-01  3.60080847e-01  9.89594800e-01  1.25551885e-03 
 1.58324375e-05  3.60072095e-01  3.60080825e-01  9.89594800e-01  1.25607660e-03 
 1.58374375e-05  3.60072095e-01  3.60080802e-01  9.89594800e-01  1.25551897e-03 
 1.58424375e-05  3.60072095e-01  3.60080780e-01  9.89594800e-01  1.25607648e-03 
 1.58474375e-05  3.60072095e-01  3.60080758e-01  9.89594800e-01  1.25551909e-03 
 1.58524375e-05  3.60072095e-01  3.60080736e-01  9.89594800e-01  1.25607636e-03 
 1.58574375e-05  3.60072095e-01  3.60080713e-01  9.89594800e-01  1.25551921e-03 
 1.58624375e-05  3.60072095e-01  3.60080691e-01  9.89594800e-01  1.25607625e-03 
 1.58674375e-05  3.60072095e-01  3.60080669e-01  9.89594800e-01  1.25551933e-03 
 1.58724375e-05  3.60072095e-01  3.60080647e-01  9.89594800e-01  1.25607613e-03 
 1.58774375e-05  3.60072095e-01  3.60080625e-01  9.89594800e-01  1.25551944e-03 
 1.58824375e-05  3.60072095e-01  3.60080602e-01  9.89594800e-01  1.25607601e-03 
 1.58874375e-05  3.60072095e-01  3.60080580e-01  9.89594800e-01  1.25551956e-03 
 1.58924375e-05  3.60072095e-01  3.60080558e-01  9.89594800e-01  1.25607589e-03 
 1.58974375e-05  3.60072095e-01  3.60080536e-01  9.89594800e-01  1.25551968e-03 
 1.59024375e-05  3.60072095e-01  3.60080513e-01  9.89594800e-01  1.25607577e-03 
 1.59074375e-05  3.60072095e-01  3.60080491e-01  9.89594800e-01  1.25551980e-03 
 1.59124375e-05  3.60072095e-01  3.60080469e-01  9.89594800e-01  1.25607565e-03 
 1.59174375e-05  3.60072095e-01  3.60080447e-01  9.89594800e-01  1.25551992e-03 
 1.59224375e-05  3.60072095e-01  3.60080424e-01  9.89594800e-01  1.25607553e-03 
 1.59274375e-05  3.60072095e-01  3.60080402e-01  9.89594800e-01  1.25552004e-03 
 1.59324375e-05  3.60072095e-01  3.60080380e-01  9.89594800e-01  1.25607541e-03 
 1.59374375e-05  3.60072095e-01  3.60080358e-01  9.89594800e-01  1.25552016e-03 
 1.59424375e-05  3.60072095e-01  3.60080336e-01  9.89594800e-01  1.25607529e-03 
 1.59474375e-05  3.60072095e-01  3.60080313e-01  9.89594800e-01  1.25552028e-03 
 1.59524375e-05  3.60072095e-01  3.60080291e-01  9.89594800e-01  1.25607517e-03 
 1.59574375e-05  3.60072095e-01  3.60080269e-01  9.89594800e-01  1.25552040e-03 
 1.59624375e-05  3.60072095e-01  3.60080247e-01  9.89594800e-01  1.25607505e-03 
 1.59674375e-05  3.60072095e-01  3.60080224e-01  9.89594800e-01  1.25552052e-03 
 1.59724375e-05  3.60072095e-01  3.60080202e-01  9.89594800e-01  1.25607494e-03 
 1.59774375e-05  3.60072095e-01  3.60080180e-01  9.89594800e-01  1.25552063e-03 
 1.59824375e-05  3.60072095e-01  3.60080158e-01  9.89594800e-01  1.25607482e-03 
 1.59874375e-05  3.60072095e-01  3.60080135e-01  9.89594800e-01  1.25552075e-03 
 1.59924375e-05  3.60072095e-01  3.60080113e-01  9.89594800e-01  1.25607470e-03 
 1.59974375e-05  3.60072095e-01  3.60080091e-01  9.89594800e-01  1.25552087e-03 
 1.60024375e-05  3.60072095e-01  3.60080069e-01  9.89594800e-01  1.25607458e-03 
 1.60074375e-05  3.60072095e-01  3.60080046e-01  9.89594800e-01  1.25552099e-03 
 1.60124375e-05  3.60072095e-01  3.60080024e-01  9.89594800e-01  1.25607446e-03 
 1.60174375e-05  3.60072095e-01  3.60080002e-01  9.89594800e-01  1.25552111e-03 
 1.60224375e-05  3.60072095e-01  3.60079980e-01  9.89594800e-01  1.25607434e-03 
 1.60274375e-05  3.60072095e-01  3.60079958e-01  9.89594800e-01  1.25552123e-03 
 1.60324375e-05  3.60072095e-01  3.60079935e-01  9.89594800e-01  1.25607422e-03 
 1.60374375e-05  3.60072095e-01  3.60079913e-01  9.89594800e-01  1.25552135e-03 
 1.60424375e-05  3.60072095e-01  3.60079891e-01  9.89594800e-01  1.25607411e-03 
 1.60474375e-05  3.60072095e-01  3.60079869e-01  9.89594800e-01  1.25552146e-03 
 1.60524375e-05  3.60072095e-01  3.60079846e-01  9.89594800e-01  1.25607399e-03 
 1.60574375e-05  3.60072095e-01  3.60079824e-01  9.89594800e-01  1.25552158e-03 
 1.60624375e-05  3.60072095e-01  3.60079802e-01  9.89594800e-01  1.25607387e-03 
 1.60674375e-05  3.60072095e-01  3.60079780e-01  9.89594800e-01  1.25552170e-03 
 1.60724375e-05  3.60072095e-01  3.60079757e-01  9.89594800e-01  1.25607375e-03 
 1.60774375e-05  3.60072095e-01  3.60079735e-01  9.89594800e-01  1.25552182e-03 
 1.60824375e-05  3.60072095e-01  3.60079713e-01  9.89594800e-01  1.25607363e-03 
 1.60874375e-05  3.60072095e-01  3.60079691e-01  9.89594800e-01  1.25552194e-03 
 1.60924375e-05  3.60072095e-01  3.60079668e-01  9.89594800e-01  1.25607351e-03 
 1.60974375e-05  3.60072095e-01  3.60079646e-01  9.89594800e-01  1.25552206e-03 
 1.61024375e-05  3.60072095e-01  3.60079624e-01  9.89594800e-01  1.25607340e-03 
 1.61074375e-05  3.60072095e-01  3.60079602e-01  9.89594800e-01  1.25552217e-03 
 1.61124375e-05  3.60072095e-01  3.60079580e-01  9.89594800e-01  1.25607328e-03 
 1.61174375e-05  3.60072095e-01  3.60079557e-01  9.89594800e-01  1.25552229e-03 
 1.61224375e-05  3.60072095e-01  3.60079535e-01  9.89594800e-01  1.25607316e-03 
 1.61274375e-05  3.60072095e-01  3.60079513e-01  9.89594800e-01  1.25552241e-03 
 1.61324375e-05  3.60072095e-01  3.60079491e-01  9.89594800e-01  1.25607304e-03 
 1.61374375e-05  3.60072095e-01  3.60079468e-01  9.89594800e-01  1.25552253e-03 
 1.61424375e-05  3.60072095e-01  3.60079446e-01  9.89594800e-01  1.25607292e-03 
 1.61474375e-05  3.60072095e-01  3.60079424e-01  9.89594800e-01  1.25552265e-03 
 1.61524375e-05  3.60072095e-01  3.60079402e-01  9.89594800e-01  1.25607281e-03 
 1.61574375e-05  3.60072095e-01  3.60079379e-01  9.89594800e-01  1.25552276e-03 
 1.61624375e-05  3.60072095e-01  3.60079357e-01  9.89594800e-01  1.25607269e-03 
 1.61674375e-05  3.60072095e-01  3.60079335e-01  9.89594800e-01  1.25552288e-03 
 1.61724375e-05  3.60072095e-01  3.60079313e-01  9.89594800e-01  1.25607257e-03 
 1.61774375e-05  3.60072095e-01  3.60079290e-01  9.89594800e-01  1.25552300e-03 
 1.61824375e-05  3.60072095e-01  3.60079268e-01  9.89594800e-01  1.25607245e-03 
 1.61874375e-05  3.60072095e-01  3.60079246e-01  9.89594800e-01  1.25552312e-03 
 1.61924375e-05  3.60072095e-01  3.60079224e-01  9.89594800e-01  1.25607233e-03 
 1.61974375e-05  3.60072095e-01  3.60079202e-01  9.89594800e-01  1.25552323e-03 
 1.62024375e-05  3.60072095e-01  3.60079179e-01  9.89594800e-01  1.25607222e-03 
 1.62074375e-05  3.60072095e-01  3.60079157e-01  9.89594800e-01  1.25552335e-03 
 1.62124375e-05  3.60072095e-01  3.60079135e-01  9.89594800e-01  1.25607210e-03 
 1.62174375e-05  3.60072095e-01  3.60079113e-01  9.89594800e-01  1.25552347e-03 
 1.62224375e-05  3.60072095e-01  3.60079090e-01  9.89594800e-01  1.25607198e-03 
 1.62274375e-05  3.60072095e-01  3.60079068e-01  9.89594800e-01  1.25552359e-03 
 1.62324375e-05  3.60072095e-01  3.60079046e-01  9.89594800e-01  1.25607186e-03 
 1.62374375e-05  3.60072095e-01  3.60079024e-01  9.89594800e-01  1.25552371e-03 
 1.62424375e-05  3.60072095e-01  3.60079001e-01  9.89594800e-01  1.25607175e-03 
 1.62474375e-05  3.60072095e-01  3.60078979e-01  9.89594800e-01  1.25552382e-03 
 1.62524375e-05  3.60072095e-01  3.60078957e-01  9.89594800e-01  1.25607163e-03 
 1.62574375e-05  3.60072095e-01  3.60078935e-01  9.89594800e-01  1.25552394e-03 
 1.62624375e-05  3.60072095e-01  3.60078913e-01  9.89594800e-01  1.25607151e-03 
 1.62674375e-05  3.60072095e-01  3.60078890e-01  9.89594800e-01  1.25552406e-03 
 1.62724375e-05  3.60072095e-01  3.60078868e-01  9.89594800e-01  1.25607140e-03 
 1.62774375e-05  3.60072095e-01  3.60078846e-01  9.89594800e-01  1.25552417e-03 
 1.62824375e-05  3.60072095e-01  3.60078824e-01  9.89594800e-01  1.25607128e-03 
 1.62874375e-05  3.60072095e-01  3.60078801e-01  9.89594800e-01  1.25552429e-03 
 1.62924375e-05  3.60072095e-01  3.60078779e-01  9.89594800e-01  1.25607116e-03 
 1.62974375e-05  3.60072095e-01  3.60078757e-01  9.89594800e-01  1.25552441e-03 
 1.63024375e-05  3.60072095e-01  3.60078735e-01  9.89594800e-01  1.25607104e-03 
 1.63074375e-05  3.60072095e-01  3.60078712e-01  9.89594800e-01  1.25552453e-03 
 1.63124375e-05  3.60072095e-01  3.60078690e-01  9.89594800e-01  1.25607093e-03 
 1.63174375e-05  3.60072095e-01  3.60078668e-01  9.89594800e-01  1.25552464e-03 
 1.63224375e-05  3.60072095e-01  3.60078646e-01  9.89594800e-01  1.25607081e-03 
 1.63274375e-05  3.60072095e-01  3.60078623e-01  9.89594800e-01  1.25552476e-03 
 1.63324375e-05  3.60072095e-01  3.60078601e-01  9.89594800e-01  1.25607069e-03 
 1.63374375e-05  3.60072095e-01  3.60078579e-01  9.89594800e-01  1.25552488e-03 
 1.63424375e-05  3.60072095e-01  3.60078557e-01  9.89594800e-01  1.25607058e-03 
 1.63474375e-05  3.60072095e-01  3.60078535e-01  9.89594800e-01  1.25552499e-03 
 1.63524375e-05  3.60072095e-01  3.60078512e-01  9.89594800e-01  1.25607046e-03 
 1.63574375e-05  3.60072095e-01  3.60078490e-01  9.89594800e-01  1.25552511e-03 
 1.63624375e-05  3.60072095e-01  3.60078468e-01  9.89594800e-01  1.25607034e-03 
 1.63674375e-05  3.60072095e-01  3.60078446e-01  9.89594800e-01  1.25552523e-03 
 1.63724375e-05  3.60072095e-01  3.60078423e-01  9.89594800e-01  1.25607022e-03 
 1.63774375e-05  3.60072095e-01  3.60078401e-01  9.89594800e-01  1.25552534e-03 
 1.63824375e-05  3.60072095e-01  3.60078379e-01  9.89594800e-01  1.25607011e-03 
 1.63874375e-05  3.60072095e-01  3.60078357e-01  9.89594800e-01  1.25552546e-03 
 1.63924375e-05  3.60072095e-01  3.60078334e-01  9.89594800e-01  1.25606999e-03 
 1.63974375e-05  3.60072095e-01  3.60078312e-01  9.89594800e-01  1.25552558e-03 
 1.64024375e-05  3.60072095e-01  3.60078290e-01  9.89594800e-01  1.25606987e-03 
 1.64074375e-05  3.60072095e-01  3.60078268e-01  9.89594800e-01  1.25552569e-03 
 1.64124375e-05  3.60072095e-01  3.60078245e-01  9.89594800e-01  1.25606976e-03 
 1.64174375e-05  3.60072095e-01  3.60078223e-01  9.89594800e-01  1.25552581e-03 
 1.64224375e-05  3.60072095e-01  3.60078201e-01  9.89594800e-01  1.25606964e-03 
 1.64274375e-05  3.60072095e-01  3.60078179e-01  9.89594800e-01  1.25552593e-03 
 1.64324375e-05  3.60072095e-01  3.60078157e-01  9.89594800e-01  1.25606952e-03 
 1.64374375e-05  3.60072095e-01  3.60078134e-01  9.89594800e-01  1.25552604e-03 
 1.64424375e-05  3.60072095e-01  3.60078112e-01  9.89594800e-01  1.25606941e-03 
 1.64474375e-05  3.60072095e-01  3.60078090e-01  9.89594800e-01  1.25552616e-03 
 1.64524375e-05  3.60072095e-01  3.60078068e-01  9.89594800e-01  1.25606929e-03 
 1.64574375e-05  3.60072095e-01  3.60078045e-01  9.89594800e-01  1.25552628e-03 
 1.64624375e-05  3.60072095e-01  3.60078023e-01  9.89594800e-01  1.25606918e-03 
 1.64674375e-05  3.60072095e-01  3.60078001e-01  9.89594800e-01  1.25552639e-03 
 1.64724375e-05  3.60072095e-01  3.60077979e-01  9.89594800e-01  1.25606906e-03 
 1.64774375e-05  3.60072095e-01  3.60077956e-01  9.89594800e-01  1.25552651e-03 
 1.64824375e-05  3.60072095e-01  3.60077934e-01  9.89594800e-01  1.25606894e-03 
 1.64874375e-05  3.60072095e-01  3.60077912e-01  9.89594800e-01  1.25552663e-03 
 1.64924375e-05  3.60072095e-01  3.60077890e-01  9.89594800e-01  1.25606883e-03 
 1.64974375e-05  3.60072095e-01  3.60077867e-01  9.89594800e-01  1.25552674e-03 
 1.65024375e-05  3.60072095e-01  3.60077845e-01  9.89594800e-01  1.25606871e-03 
 1.65074375e-05  3.60072095e-01  3.60077823e-01  9.89594800e-01  1.25552686e-03 
 1.65124375e-05  3.60072095e-01  3.60077801e-01  9.89594800e-01  1.25606859e-03 
 1.65174375e-05  3.60072095e-01  3.60077779e-01  9.89594800e-01  1.25552697e-03 
 1.65224375e-05  3.60072095e-01  3.60077756e-01  9.89594800e-01  1.25606848e-03 
 1.65274375e-05  3.60072095e-01  3.60077734e-01  9.89594800e-01  1.25552709e-03 
 1.65324375e-05  3.60072095e-01  3.60077712e-01  9.89594800e-01  1.25606836e-03 
 1.65374375e-05  3.60072095e-01  3.60077690e-01  9.89594800e-01  1.25552721e-03 
 1.65424375e-05  3.60072095e-01  3.60077667e-01  9.89594800e-01  1.25606825e-03 
 1.65474375e-05  3.60072095e-01  3.60077645e-01  9.89594800e-01  1.25552732e-03 
 1.65524375e-05  3.60072095e-01  3.60077623e-01  9.89594800e-01  1.25606813e-03 
 1.65574375e-05  3.60072095e-01  3.60077601e-01  9.89594800e-01  1.25552744e-03 
 1.65624375e-05  3.60072095e-01  3.60077578e-01  9.89594800e-01  1.25606801e-03 
 1.65674375e-05  3.60072095e-01  3.60077556e-01  9.89594800e-01  1.25552755e-03 
 1.65724375e-05  3.60072095e-01  3.60077534e-01  9.89594800e-01  1.25606790e-03 
 1.65774375e-05  3.60072095e-01  3.60077512e-01  9.89594800e-01  1.25552767e-03 
 1.65824375e-05  3.60072095e-01  3.60077490e-01  9.89594800e-01  1.25606778e-03 
 1.65874375e-05  3.60072095e-01  3.60077467e-01  9.89594800e-01  1.25552779e-03 
 1.65924375e-05  3.60072095e-01  3.60077445e-01  9.89594800e-01  1.25606767e-03 
 1.65974375e-05  3.60072095e-01  3.60077423e-01  9.89594800e-01  1.25552790e-03 
 1.66024375e-05  3.60072095e-01  3.60077401e-01  9.89594800e-01  1.25606755e-03 
 1.66074375e-05  3.60072095e-01  3.60077378e-01  9.89594800e-01  1.25552802e-03 
 1.66124375e-05  3.60072095e-01  3.60077356e-01  9.89594800e-01  1.25606744e-03 
 1.66174375e-05  3.60072095e-01  3.60077334e-01  9.89594800e-01  1.25552813e-03 
 1.66224375e-05  3.60072095e-01  3.60077312e-01  9.89594800e-01  1.25606732e-03 
 1.66274375e-05  3.60072095e-01  3.60077289e-01  9.89594800e-01  1.25552825e-03 
 1.66324375e-05  3.60072095e-01  3.60077267e-01  9.89594800e-01  1.25606721e-03 
 1.66374375e-05  3.60072095e-01  3.60077245e-01  9.89594800e-01  1.25552836e-03 
 1.66424375e-05  3.60072095e-01  3.60077223e-01  9.89594800e-01  1.25606709e-03 
 1.66474375e-05  3.60072095e-01  3.60077200e-01  9.89594800e-01  1.25552848e-03 
 1.66524375e-05  3.60072095e-01  3.60077178e-01  9.89594800e-01  1.25606697e-03 
 1.66574375e-05  3.60072095e-01  3.60077156e-01  9.89594800e-01  1.25552859e-03 
 1.66624375e-05  3.60072095e-01  3.60077134e-01  9.89594800e-01  1.25606686e-03 
 1.66674375e-05  3.60072095e-01  3.60077111e-01  9.89594800e-01  1.25552871e-03 
 1.66724375e-05  3.60072095e-01  3.60077089e-01  9.89594800e-01  1.25606674e-03 
 1.66774375e-05  3.60072095e-01  3.60077067e-01  9.89594800e-01  1.25552883e-03 
 1.66824375e-05  3.60072095e-01  3.60077045e-01  9.89594800e-01  1.25606663e-03 
 1.66874375e-05  3.60072095e-01  3.60077023e-01  9.89594800e-01  1.25552894e-03 
 1.66924375e-05  3.60072095e-01  3.60077000e-01  9.89594800e-01  1.25606651e-03 
 1.66974375e-05  3.60072095e-01  3.60076978e-01  9.89594800e-01  1.25552906e-03 
 1.67024375e-05  3.60072095e-01  3.60076956e-01  9.89594800e-01  1.25606640e-03 
 1.67074375e-05  3.60072095e-01  3.60076934e-01  9.89594800e-01  1.25552917e-03 
 1.67124375e-05  3.60072095e-01  3.60076911e-01  9.89594800e-01  1.25606628e-03 
 1.67174375e-05  3.60072095e-01  3.60076889e-01  9.89594800e-01  1.25552929e-03 
 1.67224375e-05  3.60072095e-01  3.60076867e-01  9.89594800e-01  1.25606617e-03 
 1.67274375e-05  3.60072095e-01  3.60076845e-01  9.89594800e-01  1.25552940e-03 
 1.67324375e-05  3.60072095e-01  3.60076822e-01  9.89594800e-01  1.25606605e-03 
 1.67374375e-05  3.60072095e-01  3.60076800e-01  9.89594800e-01  1.25552952e-03 
 1.67424375e-05  3.60072095e-01  3.60076778e-01  9.89594800e-01  1.25606594e-03 
 1.67474375e-05  3.60072095e-01  3.60076756e-01  9.89594800e-01  1.25552963e-03 
 1.67524375e-05  3.60072095e-01  3.60076734e-01  9.89594800e-01  1.25606582e-03 
 1.67574375e-05  3.60072095e-01  3.60076711e-01  9.89594800e-01  1.25552975e-03 
 1.67624375e-05  3.60072095e-01  3.60076689e-01  9.89594800e-01  1.25606571e-03 
 1.67674375e-05  3.60072095e-01  3.60076667e-01  9.89594800e-01  1.25552986e-03 
 1.67724375e-05  3.60072095e-01  3.60076645e-01  9.89594800e-01  1.25606559e-03 
 1.67774375e-05  3.60072095e-01  3.60076622e-01  9.89594800e-01  1.25552998e-03 
 1.67824375e-05  3.60072095e-01  3.60076600e-01  9.89594800e-01  1.25606548e-03 
 1.67874375e-05  3.60072095e-01  3.60076578e-01  9.89594800e-01  1.25553009e-03 
 1.67924375e-05  3.60072095e-01  3.60076556e-01  9.89594800e-01  1.25606536e-03 
 1.67974375e-05  3.60072095e-01  3.60076533e-01  9.89594800e-01  1.25553021e-03 
 1.68024375e-05  3.60072095e-01  3.60076511e-01  9.89594800e-01  1.25606525e-03 
 1.68074375e-05  3.60072095e-01  3.60076489e-01  9.89594800e-01  1.25553032e-03 
 1.68124375e-05  3.60072095e-01  3.60076467e-01  9.89594800e-01  1.25606513e-03 
 1.68174375e-05  3.60072095e-01  3.60076444e-01  9.89594800e-01  1.25553043e-03 
 1.68224375e-05  3.60072095e-01  3.60076422e-01  9.89594800e-01  1.25606502e-03 
 1.68274375e-05  3.60072095e-01  3.60076400e-01  9.89594800e-01  1.25553055e-03 
 1.68324375e-05  3.60072095e-01  3.60076378e-01  9.89594800e-01  1.25606490e-03 
 1.68374375e-05  3.60072095e-01  3.60076356e-01  9.89594800e-01  1.25553066e-03 
 1.68424375e-05  3.60072095e-01  3.60076333e-01  9.89594800e-01  1.25606479e-03 
 1.68474375e-05  3.60072095e-01  3.60076311e-01  9.89594800e-01  1.25553078e-03 
 1.68524375e-05  3.60072095e-01  3.60076289e-01  9.89594800e-01  1.25606468e-03 
 1.68574375e-05  3.60072095e-01  3.60076267e-01  9.89594800e-01  1.25553089e-03 
 1.68624375e-05  3.60072095e-01  3.60076244e-01  9.89594800e-01  1.25606456e-03 
 1.68674375e-05  3.60072095e-01  3.60076222e-01  9.89594800e-01  1.25553101e-03 
 1.68724375e-05  3.60072095e-01  3.60076200e-01  9.89594800e-01  1.25606445e-03 
 1.68774375e-05  3.60072095e-01  3.60076178e-01  9.89594800e-01  1.25553112e-03 
 1.68824375e-05  3.60072095e-01  3.60076155e-01  9.89594800e-01  1.25606433e-03 
 1.68874375e-05  3.60072095e-01  3.60076133e-01  9.89594800e-01  1.25553124e-03 
 1.68924375e-05  3.60072095e-01  3.60076111e-01  9.89594800e-01  1.25606422e-03 
 1.68974375e-05  3.60072095e-01  3.60076089e-01  9.89594800e-01  1.25553135e-03 
 1.69024375e-05  3.60072095e-01  3.60076067e-01  9.89594800e-01  1.25606410e-03 
 1.69074375e-05  3.60072095e-01  3.60076044e-01  9.89594800e-01  1.25553146e-03 
 1.69124375e-05  3.60072095e-01  3.60076022e-01  9.89594800e-01  1.25606399e-03 
 1.69174375e-05  3.60072095e-01  3.60076000e-01  9.89594800e-01  1.25553158e-03 
 1.69224375e-05  3.60072095e-01  3.60075978e-01  9.89594800e-01  1.25606388e-03 
 1.69274375e-05  3.60072095e-01  3.60075955e-01  9.89594800e-01  1.25553169e-03 
 1.69324375e-05  3.60072095e-01  3.60075933e-01  9.89594800e-01  1.25606376e-03 
 1.69374375e-05  3.60072095e-01  3.60075911e-01  9.89594800e-01  1.25553181e-03 
 1.69424375e-05  3.60072095e-01  3.60075889e-01  9.89594800e-01  1.25606365e-03 
 1.69474375e-05  3.60072095e-01  3.60075866e-01  9.89594800e-01  1.25553192e-03 
 1.69524375e-05  3.60072095e-01  3.60075844e-01  9.89594800e-01  1.25606353e-03 
 1.69574375e-05  3.60072095e-01  3.60075822e-01  9.89594800e-01  1.25553203e-03 
 1.69624375e-05  3.60072095e-01  3.60075800e-01  9.89594800e-01  1.25606342e-03 
 1.69674375e-05  3.60072095e-01  3.60075777e-01  9.89594800e-01  1.25553215e-03 
 1.69724375e-05  3.60072095e-01  3.60075755e-01  9.89594800e-01  1.25606331e-03 
 1.69774375e-05  3.60072095e-01  3.60075733e-01  9.89594800e-01  1.25553226e-03 
 1.69824375e-05  3.60072095e-01  3.60075711e-01  9.89594800e-01  1.25606319e-03 
 1.69874375e-05  3.60072095e-01  3.60075689e-01  9.89594800e-01  1.25553238e-03 
 1.69924375e-05  3.60072095e-01  3.60075666e-01  9.89594800e-01  1.25606308e-03 
 1.69974375e-05  3.60072095e-01  3.60075644e-01  9.89594800e-01  1.25553249e-03 
 1.70024375e-05  3.60072095e-01  3.60075622e-01  9.89594800e-01  1.25606296e-03 
 1.70074375e-05  3.60072095e-01  3.60075600e-01  9.89594800e-01  1.25553260e-03 
 1.70124375e-05  3.60072095e-01  3.60075577e-01  9.89594800e-01  1.25606285e-03 
 1.70174375e-05  3.60072095e-01  3.60075555e-01  9.89594800e-01  1.25553272e-03 
 1.70224375e-05  3.60072095e-01  3.60075533e-01  9.89594800e-01  1.25606274e-03 
 1.70274375e-05  3.60072095e-01  3.60075511e-01  9.89594800e-01  1.25553283e-03 
 1.70324375e-05  3.60072095e-01  3.60075488e-01  9.89594800e-01  1.25606262e-03 
 1.70374375e-05  3.60072095e-01  3.60075466e-01  9.89594800e-01  1.25553294e-03 
 1.70424375e-05  3.60072095e-01  3.60075444e-01  9.89594800e-01  1.25606251e-03 
 1.70474375e-05  3.60072095e-01  3.60075422e-01  9.89594800e-01  1.25553306e-03 
 1.70524375e-05  3.60072095e-01  3.60075399e-01  9.89594800e-01  1.25606240e-03 
 1.70574375e-05  3.60072095e-01  3.60075377e-01  9.89594800e-01  1.25553317e-03 
 1.70624375e-05  3.60072095e-01  3.60075355e-01  9.89594800e-01  1.25606228e-03 
 1.70674375e-05  3.60072095e-01  3.60075333e-01  9.89594800e-01  1.25553328e-03 
 1.70724375e-05  3.60072095e-01  3.60075311e-01  9.89594800e-01  1.25606217e-03 
 1.70774375e-05  3.60072095e-01  3.60075288e-01  9.89594800e-01  1.25553340e-03 
 1.70824375e-05  3.60072095e-01  3.60075266e-01  9.89594800e-01  1.25606206e-03 
 1.70874375e-05  3.60072095e-01  3.60075244e-01  9.89594800e-01  1.25553351e-03 
 1.70924375e-05  3.60072095e-01  3.60075222e-01  9.89594800e-01  1.25606194e-03 
 1.70974375e-05  3.60072095e-01  3.60075199e-01  9.89594800e-01  1.25553362e-03 
 1.71024375e-05  3.60072095e-01  3.60075177e-01  9.89594800e-01  1.25606183e-03 
 1.71074375e-05  3.60072095e-01  3.60075155e-01  9.89594800e-01  1.25553374e-03 
 1.71124375e-05  3.60072095e-01  3.60075133e-01  9.89594800e-01  1.25606172e-03 
 1.71174375e-05  3.60072095e-01  3.60075110e-01  9.89594800e-01  1.25553385e-03 
 1.71224375e-05  3.60072095e-01  3.60075088e-01  9.89594800e-01  1.25606160e-03 
 1.71274375e-05  3.60072095e-01  3.60075066e-01  9.89594800e-01  1.25553396e-03 
 1.71324375e-05  3.60072095e-01  3.60075044e-01  9.89594800e-01  1.25606149e-03 
 1.71374375e-05  3.60072095e-01  3.60075021e-01  9.89594800e-01  1.25553408e-03 
 1.71424375e-05  3.60072095e-01  3.60074999e-01  9.89594800e-01  1.25606138e-03 
 1.71474375e-05  3.60072095e-01  3.60074977e-01  9.89594800e-01  1.25553419e-03 
 1.71524375e-05  3.60072095e-01  3.60074955e-01  9.89594800e-01  1.25606126e-03 
 1.71574375e-05  3.60072095e-01  3.60074933e-01  9.89594800e-01  1.25553430e-03 
 1.71624375e-05  3.60072095e-01  3.60074910e-01  9.89594800e-01  1.25606115e-03 
 1.71674375e-05  3.60072095e-01  3.60074888e-01  9.89594800e-01  1.25553442e-03 
 1.71724375e-05  3.60072095e-01  3.60074866e-01  9.89594800e-01  1.25606104e-03 
 1.71774375e-05  3.60072095e-01  3.60074844e-01  9.89594800e-01  1.25553453e-03 
 1.71824375e-05  3.60072095e-01  3.60074821e-01  9.89594800e-01  1.25606093e-03 
 1.71874375e-05  3.60072095e-01  3.60074799e-01  9.89594800e-01  1.25553464e-03 
 1.71924375e-05  3.60072095e-01  3.60074777e-01  9.89594800e-01  1.25606081e-03 
 1.71974375e-05  3.60072095e-01  3.60074755e-01  9.89594800e-01  1.25553475e-03 
 1.72024375e-05  3.60072095e-01  3.60074732e-01  9.89594800e-01  1.25606070e-03 
 1.72074375e-05  3.60072095e-01  3.60074710e-01  9.89594800e-01  1.25553487e-03 
 1.72124375e-05  3.60072095e-01  3.60074688e-01  9.89594800e-01  1.25606059e-03 
 1.72174375e-05  3.60072095e-01  3.60074666e-01  9.89594800e-01  1.25553498e-03 
 1.72224375e-05  3.60072095e-01  3.60074644e-01  9.89594800e-01  1.25606047e-03 
 1.72274375e-05  3.60072095e-01  3.60074621e-01  9.89594800e-01  1.25553509e-03 
 1.72324375e-05  3.60072095e-01  3.60074599e-01  9.89594800e-01  1.25606036e-03 
 1.72374375e-05  3.60072095e-01  3.60074577e-01  9.89594800e-01  1.25553521e-03 
 1.72424375e-05  3.60072095e-01  3.60074555e-01  9.89594800e-01  1.25606025e-03 
 1.72474375e-05  3.60072095e-01  3.60074532e-01  9.89594800e-01  1.25553532e-03 
 1.72524375e-05  3.60072095e-01  3.60074510e-01  9.89594800e-01  1.25606014e-03 
 1.72574375e-05  3.60072095e-01  3.60074488e-01  9.89594800e-01  1.25553543e-03 
 1.72624375e-05  3.60072095e-01  3.60074466e-01  9.89594800e-01  1.25606002e-03 
 1.72674375e-05  3.60072095e-01  3.60074443e-01  9.89594800e-01  1.25553554e-03 
 1.72724375e-05  3.60072095e-01  3.60074421e-01  9.89594800e-01  1.25605991e-03 
 1.72774375e-05  3.60072095e-01  3.60074399e-01  9.89594800e-01  1.25553565e-03 
 1.72824375e-05  3.60072095e-01  3.60074377e-01  9.89594800e-01  1.25605980e-03 
 1.72874375e-05  3.60072095e-01  3.60074354e-01  9.89594800e-01  1.25553577e-03 
 1.72924375e-05  3.60072095e-01  3.60074332e-01  9.89594800e-01  1.25605969e-03 
 1.72974375e-05  3.60072095e-01  3.60074310e-01  9.89594800e-01  1.25553588e-03 
 1.73024375e-05  3.60072095e-01  3.60074288e-01  9.89594800e-01  1.25605958e-03 
 1.73074375e-05  3.60072095e-01  3.60074266e-01  9.89594800e-01  1.25553599e-03 
 1.73124375e-05  3.60072095e-01  3.60074243e-01  9.89594800e-01  1.25605946e-03 
 1.73174375e-05  3.60072095e-01  3.60074221e-01  9.89594800e-01  1.25553610e-03 
 1.73224375e-05  3.60072095e-01  3.60074199e-01  9.89594800e-01  1.25605935e-03 
 1.73274375e-05  3.60072095e-01  3.60074177e-01  9.89594800e-01  1.25553622e-03 
 1.73324375e-05  3.60072095e-01  3.60074154e-01  9.89594800e-01  1.25605924e-03 
 1.73374375e-05  3.60072095e-01  3.60074132e-01  9.89594800e-01  1.25553633e-03 
 1.73424375e-05  3.60072095e-01  3.60074110e-01  9.89594800e-01  1.25605913e-03 
 1.73474375e-05  3.60072095e-01  3.60074088e-01  9.89594800e-01  1.25553644e-03 
 1.73524375e-05  3.60072095e-01  3.60074065e-01  9.89594800e-01  1.25605901e-03 
 1.73574375e-05  3.60072095e-01  3.60074043e-01  9.89594800e-01  1.25553655e-03 
 1.73624375e-05  3.60072095e-01  3.60074021e-01  9.89594800e-01  1.25605890e-03 
 1.73674375e-05  3.60072095e-01  3.60073999e-01  9.89594800e-01  1.25553666e-03 
 1.73724375e-05  3.60072095e-01  3.60073976e-01  9.89594800e-01  1.25605879e-03 
 1.73774375e-05  3.60072095e-01  3.60073954e-01  9.89594800e-01  1.25553678e-03 
 1.73824375e-05  3.60072095e-01  3.60073932e-01  9.89594800e-01  1.25605868e-03 
 1.73874375e-05  3.60072095e-01  3.60073910e-01  9.89594800e-01  1.25553689e-03 
 1.73924375e-05  3.60072095e-01  3.60073888e-01  9.89594800e-01  1.25605857e-03 
 1.73974375e-05  3.60072095e-01  3.60073865e-01  9.89594800e-01  1.25553700e-03 
 1.74024375e-05  3.60072095e-01  3.60073843e-01  9.89594800e-01  1.25605845e-03 
 1.74074375e-05  3.60072095e-01  3.60073821e-01  9.89594800e-01  1.25553711e-03 
 1.74124375e-05  3.60072095e-01  3.60073799e-01  9.89594800e-01  1.25605834e-03 
 1.74174375e-05  3.60072095e-01  3.60073776e-01  9.89594800e-01  1.25553722e-03 
 1.74224375e-05  3.60072095e-01  3.60073754e-01  9.89594800e-01  1.25605823e-03 
 1.74274375e-05  3.60072095e-01  3.60073732e-01  9.89594800e-01  1.25553734e-03 
 1.74324375e-05  3.60072095e-01  3.60073710e-01  9.89594800e-01  1.25605812e-03 
 1.74374375e-05  3.60072095e-01  3.60073687e-01  9.89594800e-01  1.25553745e-03 
 1.74424375e-05  3.60072095e-01  3.60073665e-01  9.89594800e-01  1.25605801e-03 
 1.74474375e-05  3.60072095e-01  3.60073643e-01  9.89594800e-01  1.25553756e-03 
 1.74524375e-05  3.60072095e-01  3.60073621e-01  9.89594800e-01  1.25605790e-03 
 1.74574375e-05  3.60072095e-01  3.60073598e-01  9.89594800e-01  1.25553767e-03 
 1.74624375e-05  3.60072095e-01  3.60073576e-01  9.89594800e-01  1.25605778e-03 
 1.74674375e-05  3.60072095e-01  3.60073554e-01  9.89594800e-01  1.25553778e-03 
 1.74724375e-05  3.60072095e-01  3.60073532e-01  9.89594800e-01  1.25605767e-03 
 1.74774375e-05  3.60072095e-01  3.60073510e-01  9.89594800e-01  1.25553789e-03 
 1.74824375e-05  3.60072095e-01  3.60073487e-01  9.89594800e-01  1.25605756e-03 
 1.74874375e-05  3.60072095e-01  3.60073465e-01  9.89594800e-01  1.25553800e-03 
 1.74924375e-05  3.60072095e-01  3.60073443e-01  9.89594800e-01  1.25605745e-03 
 1.74974375e-05  3.60072095e-01  3.60073421e-01  9.89594800e-01  1.25553812e-03 
 1.75024375e-05  3.60072095e-01  3.60073398e-01  9.89594800e-01  1.25605734e-03 
 1.75074375e-05  3.60072095e-01  3.60073376e-01  9.89594800e-01  1.25553823e-03 
 1.75124375e-05  3.60072095e-01  3.60073354e-01  9.89594800e-01  1.25605723e-03 
 1.75174375e-05  3.60072095e-01  3.60073332e-01  9.89594800e-01  1.25553834e-03 
 1.75224375e-05  3.60072095e-01  3.60073309e-01  9.89594800e-01  1.25605712e-03 
 1.75274375e-05  3.60072095e-01  3.60073287e-01  9.89594800e-01  1.25553845e-03 
 1.75324375e-05  3.60072095e-01  3.60073265e-01  9.89594800e-01  1.25605701e-03 
 1.75374375e-05  3.60072095e-01  3.60073243e-01  9.89594800e-01  1.25553856e-03 
 1.75424375e-05  3.60072095e-01  3.60073221e-01  9.89594800e-01  1.25605689e-03 
 1.75474375e-05  3.60072095e-01  3.60073198e-01  9.89594800e-01  1.25553867e-03 
 1.75524375e-05  3.60072095e-01  3.60073176e-01  9.89594800e-01  1.25605678e-03 
 1.75574375e-05  3.60072095e-01  3.60073154e-01  9.89594800e-01  1.25553878e-03 
 1.75624375e-05  3.60072095e-01  3.60073132e-01  9.89594800e-01  1.25605667e-03 
 1.75674375e-05  3.60072095e-01  3.60073109e-01  9.89594800e-01  1.25553889e-03 
 1.75724375e-05  3.60072095e-01  3.60073087e-01  9.89594800e-01  1.25605656e-03 
 1.75774375e-05  3.60072095e-01  3.60073065e-01  9.89594800e-01  1.25553901e-03 
 1.75824375e-05  3.60072095e-01  3.60073043e-01  9.89594800e-01  1.25605645e-03 
 1.75874375e-05  3.60072095e-01  3.60073020e-01  9.89594800e-01  1.25553912e-03 
 1.75924375e-05  3.60072095e-01  3.60072998e-01  9.89594800e-01  1.25605634e-03 
 1.75974375e-05  3.60072095e-01  3.60072976e-01  9.89594800e-01  1.25553923e-03 
 1.76024375e-05  3.60072095e-01  3.60072954e-01  9.89594800e-01  1.25605623e-03 
 1.76074375e-05  3.60072095e-01  3.60072931e-01  9.89594800e-01  1.25553934e-03 
 1.76124375e-05  3.60072095e-01  3.60072909e-01  9.89594800e-01  1.25605612e-03 
 1.76174375e-05  3.60072095e-01  3.60072887e-01  9.89594800e-01  1.25553945e-03 
 1.76224375e-05  3.60072095e-01  3.60072865e-01  9.89594800e-01  1.25605601e-03 
 1.76274375e-05  3.60072095e-01  3.60072843e-01  9.89594800e-01  1.25553956e-03 
 1.76324375e-05  3.60072095e-01  3.60072820e-01  9.89594800e-01  1.25605590e-03 
 1.76374375e-05  3.60072095e-01  3.60072798e-01  9.89594800e-01  1.25553967e-03 
 1.76424375e-05  3.60072095e-01  3.60072776e-01  9.89594800e-01  1.25605579e-03 
 1.76474375e-05  3.60072095e-01  3.60072754e-01  9.89594800e-01  1.25553978e-03 
 1.76524375e-05  3.60072095e-01  3.60072731e-01  9.89594800e-01  1.25605567e-03 
 1.76574375e-05  3.60072095e-01  3.60072709e-01  9.89594800e-01  1.25553989e-03 
 1.76624375e-05  3.60072095e-01  3.60072687e-01  9.89594800e-01  1.25605556e-03 
 1.76674375e-05  3.60072095e-01  3.60072665e-01  9.89594800e-01  1.25554000e-03 
 1.76724375e-05  3.60072095e-01  3.60072642e-01  9.89594800e-01  1.25605545e-03 
 1.76774375e-05  3.60072095e-01  3.60072620e-01  9.89594800e-01  1.25554011e-03 
 1.76824375e-05  3.60072095e-01  3.60072598e-01  9.89594800e-01  1.25605534e-03 
 1.76874375e-05  3.60072095e-01  3.60072576e-01  9.89594800e-01  1.25554022e-03 
 1.76924375e-05  3.60072095e-01  3.60072553e-01  9.89594800e-01  1.25605523e-03 
 1.76974375e-05  3.60072095e-01  3.60072531e-01  9.89594800e-01  1.25554033e-03 
 1.77024375e-05  3.60072095e-01  3.60072509e-01  9.89594800e-01  1.25605512e-03 
 1.77074375e-05  3.60072095e-01  3.60072487e-01  9.89594800e-01  1.25554044e-03 
 1.77124375e-05  3.60072095e-01  3.60072465e-01  9.89594800e-01  1.25605501e-03 
 1.77174375e-05  3.60072095e-01  3.60072442e-01  9.89594800e-01  1.25554055e-03 
 1.77224375e-05  3.60072095e-01  3.60072420e-01  9.89594800e-01  1.25605490e-03 
 1.77274375e-05  3.60072095e-01  3.60072398e-01  9.89594800e-01  1.25554066e-03 
 1.77324375e-05  3.60072095e-01  3.60072376e-01  9.89594800e-01  1.25605479e-03 
 1.77374375e-05  3.60072095e-01  3.60072353e-01  9.89594800e-01  1.25554077e-03 
 1.77424375e-05  3.60072095e-01  3.60072331e-01  9.89594800e-01  1.25605468e-03 
 1.77474375e-05  3.60072095e-01  3.60072309e-01  9.89594800e-01  1.25554089e-03 
 1.77524375e-05  3.60072095e-01  3.60072287e-01  9.89594800e-01  1.25605457e-03 
 1.77574375e-05  3.60072095e-01  3.60072264e-01  9.89594800e-01  1.25554100e-03 
 1.77624375e-05  3.60072095e-01  3.60072242e-01  9.89594800e-01  1.25605446e-03 
 1.77674375e-05  3.60072095e-01  3.60072220e-01  9.89594800e-01  1.25554111e-03 
 1.77724375e-05  3.60072095e-01  3.60072198e-01  9.89594800e-01  1.25605435e-03 
 1.77774375e-05  3.60072095e-01  3.60072175e-01  9.89594800e-01  1.25554122e-03 
 1.77824375e-05  3.60072095e-01  3.60072153e-01  9.89594800e-01  1.25605424e-03 
 1.77874375e-05  3.60072095e-01  3.60072131e-01  9.89594800e-01  1.25554133e-03 
 1.77924375e-05  3.60072095e-01  3.60072109e-01  9.89594800e-01  1.25605413e-03 
 1.77974375e-05  3.60072095e-01  3.60072087e-01  9.89594800e-01  1.25554144e-03 
 1.78024375e-05  3.60072095e-01  3.60072064e-01  9.89594800e-01  1.25605402e-03 
 1.78074375e-05  3.60072095e-01  3.60072042e-01  9.89594800e-01  1.25554155e-03 
 1.78124375e-05  3.60072095e-01  3.60072020e-01  9.89594800e-01  1.25605391e-03 
 1.78174375e-05  3.60072095e-01  3.60071998e-01  9.89594800e-01  1.25554166e-03 
 1.78224375e-05  3.60072095e-01  3.60071975e-01  9.89594800e-01  1.25605380e-03 
 1.78274375e-05  3.60072095e-01  3.60071953e-01  9.89594800e-01  1.25554177e-03 
 1.78324375e-05  3.60072095e-01  3.60071931e-01  9.89594800e-01  1.25605369e-03 
 1.78374375e-05  3.60072095e-01  3.60071909e-01  9.89594800e-01  1.25554187e-03 
 1.78424375e-05  3.60072095e-01  3.60071886e-01  9.89594800e-01  1.25605358e-03 
 1.78474375e-05  3.60072095e-01  3.60071864e-01  9.89594800e-01  1.25554198e-03 
 1.78524375e-05  3.60072095e-01  3.60071842e-01  9.89594800e-01  1.25605347e-03 
 1.78574375e-05  3.60072095e-01  3.60071820e-01  9.89594800e-01  1.25554209e-03 
 1.78624375e-05  3.60072095e-01  3.60071798e-01  9.89594800e-01  1.25605336e-03 
 1.78674375e-05  3.60072095e-01  3.60071775e-01  9.89594800e-01  1.25554220e-03 
 1.78724375e-05  3.60072095e-01  3.60071753e-01  9.89594800e-01  1.25605325e-03 
 1.78774375e-05  3.60072095e-01  3.60071731e-01  9.89594800e-01  1.25554231e-03 
 1.78824375e-05  3.60072095e-01  3.60071709e-01  9.89594800e-01  1.25605314e-03 
 1.78874375e-05  3.60072095e-01  3.60071686e-01  9.89594800e-01  1.25554242e-03 
 1.78924375e-05  3.60072095e-01  3.60071664e-01  9.89594800e-01  1.25605303e-03 
 1.78974375e-05  3.60072095e-01  3.60071642e-01  9.89594800e-01  1.25554253e-03 
 1.79024375e-05  3.60072095e-01  3.60071620e-01  9.89594800e-01  1.25605292e-03 
 1.79074375e-05  3.60072095e-01  3.60071597e-01  9.89594800e-01  1.25554264e-03 
 1.79124375e-05  3.60072095e-01  3.60071575e-01  9.89594800e-01  1.25605281e-03 
 1.79174375e-05  3.60072095e-01  3.60071553e-01  9.89594800e-01  1.25554275e-03 
 1.79224375e-05  3.60072095e-01  3.60071531e-01  9.89594800e-01  1.25605270e-03 
 1.79274375e-05  3.60072095e-01  3.60071508e-01  9.89594800e-01  1.25554286e-03 
 1.79324375e-05  3.60072095e-01  3.60071486e-01  9.89594800e-01  1.25605260e-03 
 1.79374375e-05  3.60072095e-01  3.60071464e-01  9.89594800e-01  1.25554297e-03 
 1.79424375e-05  3.60072095e-01  3.60071442e-01  9.89594800e-01  1.25605249e-03 
 1.79474375e-05  3.60072095e-01  3.60071420e-01  9.89594800e-01  1.25554308e-03 
 1.79524375e-05  3.60072095e-01  3.60071397e-01  9.89594800e-01  1.25605238e-03 
 1.79574375e-05  3.60072095e-01  3.60071375e-01  9.89594800e-01  1.25554319e-03 
 1.79624375e-05  3.60072095e-01  3.60071353e-01  9.89594800e-01  1.25605227e-03 
 1.79674375e-05  3.60072095e-01  3.60071331e-01  9.89594800e-01  1.25554330e-03 
 1.79724375e-05  3.60072095e-01  3.60071308e-01  9.89594800e-01  1.25605216e-03 
 1.79774375e-05  3.60072095e-01  3.60071286e-01  9.89594800e-01  1.25554341e-03 
 1.79824375e-05  3.60072095e-01  3.60071264e-01  9.89594800e-01  1.25605205e-03 
 1.79874375e-05  3.60072095e-01  3.60071242e-01  9.89594800e-01  1.25554352e-03 
 1.79924375e-05  3.60072095e-01  3.60071219e-01  9.89594800e-01  1.25605194e-03 
 1.79962188e-05  3.60072095e-01  3.60071203e-01  9.89594800e-01  1.25554364e-03 
 1.80000000e-05  3.60072095e-01  3.60071186e-01  9.89594800e-01  1.25605180e-03 
 1.80000956e-05  3.60072095e-01  3.60071159e-01  9.89594800e-01  1.32002657e-03 
 1.80002869e-05  3.60072095e-01  3.60071068e-01  9.89594800e-01  1.30878778e-03 
 1.80006434e-05  3.60072095e-01  3.60070543e-01  9.89594800e-01  1.30444788e-03 
 1.80010000e-05  3.60072095e-01  3.58652779e-01  9.89594800e-01  1.28596361e-03 
 1.80010713e-05  3.60072095e-01  3.58097122e-01  9.89594800e-01  1.25581579e-03 
 1.80012139e-05  3.60072095e-01  3.56988756e-01  9.89594800e-01  1.25573441e-03 
 1.80014992e-05  3.60072095e-01  3.54789359e-01  9.89594800e-01  1.25581635e-03 
 1.80020697e-05  3.60072095e-01  3.50458593e-01  9.89594800e-01  1.25573592e-03 
 1.80032107e-05  3.60072095e-01  3.42059140e-01  9.89594800e-01  1.25581904e-03 
 1.80054927e-05  3.60072095e-01  3.26234042e-01  9.89594800e-01  1.25574096e-03 
 1.80100568e-05  3.60072095e-01  2.97963949e-01  9.89594800e-01  1.25582750e-03 
 1.80150568e-05  3.60072095e-01  2.71327784e-01  9.89594800e-01  1.25575050e-03 
 1.80200568e-05  3.60072095e-01  2.48293919e-01  9.89594800e-01  1.25583489e-03 
 1.80250568e-05  3.60072095e-01  2.28129332e-01  9.89594800e-01  1.25575588e-03 
 1.80300568e-05  3.60072095e-01  2.10283220e-01  9.89594800e-01  1.25583877e-03 
 1.80350568e-05  3.60072095e-01  1.94337405e-01  9.89594800e-01  1.25575872e-03 
 1.80400568e-05  3.60072095e-01  1.79969343e-01  9.89594800e-01  1.25584078e-03 
 1.80450568e-05  3.60072095e-01  1.66928422e-01  9.89594800e-01  1.25576014e-03 
 1.80500568e-05  3.60072095e-01  1.55018290e-01  9.89594800e-01  1.25584177e-03 
 1.80550568e-05  3.60072095e-01  1.44082904e-01  9.89594800e-01  1.25576084e-03 
 1.80600568e-05  3.60072095e-01  1.33997718e-01  9.89594800e-01  1.25584223e-03 
 1.80650568e-05  3.60072095e-01  1.24662163e-01  9.89594800e-01  1.25576114e-03 
 1.80700568e-05  3.60072095e-01  1.15994619e-01  9.89594800e-01  1.25584239e-03 
 1.80750568e-05  3.60072095e-01  1.07928110e-01  9.89594800e-01  1.25576119e-03 
 1.80800568e-05  3.60072095e-01  1.00407298e-01  9.89594800e-01  1.25584235e-03 
 1.80850568e-05  3.60072095e-01  9.33858353e-02  9.89594800e-01  1.25576108e-03 
 1.80900568e-05  3.60072095e-01  8.68245487e-02  9.89594800e-01  1.25584215e-03 
 1.80950568e-05  3.60072095e-01  8.06898621e-02  9.89594800e-01  1.25576084e-03 
 1.81000568e-05  3.60072095e-01  7.49525917e-02  9.89594800e-01  1.25584185e-03 
 1.81050568e-05  3.60072095e-01  6.95870042e-02  9.89594800e-01  1.25576051e-03 
 1.81100568e-05  3.60072095e-01  6.45700800e-02  9.89594800e-01  1.25584148e-03 
 1.81150568e-05  3.60072095e-01  5.98809457e-02  9.89594800e-01  1.25576014e-03 
 1.81200568e-05  3.60072095e-01  5.55004351e-02  9.89594800e-01  1.25584108e-03 
 1.81250568e-05  3.60072095e-01  5.14107590e-02  9.89594800e-01  1.25575974e-03 
 1.81300568e-05  3.60072095e-01  4.75952544e-02  9.89594800e-01  1.25584067e-03 
 1.81350568e-05  3.60072095e-01  4.40382014e-02  9.89594800e-01  1.25575936e-03 
 1.81400568e-05  3.60072095e-01  4.07246883e-02  9.89594800e-01  1.25584028e-03 
 1.81450568e-05  3.60072095e-01  3.76405168e-02  9.89594800e-01  1.25575900e-03 
 1.81500568e-05  3.60072095e-01  3.47721350e-02  9.89594800e-01  1.25583993e-03 
 1.81550568e-05  3.60072095e-01  3.21065915e-02  9.89594800e-01  1.25575869e-03 
 1.81600568e-05  3.60072095e-01  2.96315055e-02  9.89594800e-01  1.25583962e-03 
 1.81650568e-05  3.60072095e-01  2.73350459e-02  9.89594800e-01  1.25575842e-03 
 1.81700568e-05  3.60072095e-01  2.52059183e-02  9.89594800e-01  1.25583936e-03 
 1.81750568e-05  3.60072095e-01  2.32333544e-02  9.89594800e-01  1.25575819e-03 
 1.81800568e-05  3.60072095e-01  2.14071048e-02  9.89594800e-01  1.25583914e-03 
 1.81850568e-05  3.60072095e-01  1.97174309e-02  9.89594800e-01  1.25575800e-03 
 1.81900568e-05  3.60072095e-01  1.81550975e-02  9.89594800e-01  1.25583896e-03 
 1.81950568e-05  3.60072095e-01  1.67113632e-02  9.89594800e-01  1.25575786e-03 
 1.82000568e-05  3.60072095e-01  1.53779707e-02  9.89594800e-01  1.25583881e-03 
 1.82050568e-05  3.60072095e-01  1.41471340e-02  9.89594800e-01  1.25575774e-03 
 1.82100568e-05  3.60072095e-01  1.30115260e-02  9.89594800e-01  1.25583869e-03 
 1.82150568e-05  3.60072095e-01  1.19642629e-02  9.89594800e-01  1.25575765e-03 
 1.82200568e-05  3.60072095e-01  1.09988892e-02  9.89594800e-01  1.25583859e-03 
 1.82250568e-05  3.60072095e-01  1.01093603e-02  9.89594800e-01  1.25575757e-03 
 1.82300568e-05  3.60072095e-01  9.29002524e-03  9.89594800e-01  1.25583852e-03 
 1.82350568e-05  3.60072095e-01  8.53560838e-03  9.89594800e-01  1.25575752e-03 
 1.82400568e-05  3.60072095e-01  7.84119173e-03  9.89594800e-01  1.25583845e-03 
 1.82450568e-05  3.60072095e-01  7.20219566e-03  9.89594800e-01  1.25575748e-03 
 1.82500568e-05  3.60072095e-01  6.61436150e-03  9.89594800e-01  1.25583840e-03 
 1.82550568e-05  3.60072095e-01  6.07373255e-03  9.89594800e-01  1.25575745e-03 
 1.82600568e-05  3.60072095e-01  5.57663726e-03  9.89594800e-01  1.25583836e-03 
 1.82650568e-05  3.60072095e-01  5.11967104e-03  9.89594800e-01  1.25575743e-03 
 1.82700568e-05  3.60072095e-01  4.69968048e-03  9.89594800e-01  1.25583832e-03 
 1.82750568e-05  3.60072095e-01  4.31374633e-03  9.89594800e-01  1.25575741e-03 
 1.82800568e-05  3.60072095e-01  3.95916900e-03  9.89594800e-01  1.25583829e-03 
 1.82850568e-05  3.60072095e-01  3.63345291e-03  9.89594800e-01  1.25575740e-03 
 1.82900568e-05  3.60072095e-01  3.33429339e-03  9.89594800e-01  1.25583827e-03 
 1.82950568e-05  3.60072095e-01  3.05956249e-03  9.89594800e-01  1.25575739e-03 
 1.83000568e-05  3.60072095e-01  2.80729738e-03  9.89594800e-01  1.25583825e-03 
 1.83050568e-05  3.60072095e-01  2.57568750e-03  9.89594800e-01  1.25575739e-03 
 1.83100568e-05  3.60072095e-01  2.36306454e-03  9.89594800e-01  1.25583823e-03 
 1.83150568e-05  3.60072095e-01  2.16789085e-03  9.89594800e-01  1.25575738e-03 
 1.83200568e-05  3.60072095e-01  1.98875084e-03  9.89594800e-01  1.25583821e-03 
 1.83250568e-05  3.60072095e-01  1.82434072e-03  9.89594800e-01  1.25575738e-03 
 1.83300568e-05  3.60072095e-01  1.67346104e-03  9.89594800e-01  1.25583820e-03 
 1.83350568e-05  3.60072095e-01  1.53500776e-03  9.89594800e-01  1.25575738e-03 
 1.83400568e-05  3.60072095e-01  1.40796587e-03  9.89594800e-01  1.25583818e-03 
 1.83450568e-05  3.60072095e-01  1.29140148e-03  9.89594800e-01  1.25575739e-03 
 1.83500568e-05  3.60072095e-01  1.18445654e-03  9.89594800e-01  1.25583817e-03 
 1.83550568e-05  3.60072095e-01  1.08634186e-03  9.89594800e-01  1.25575739e-03 
 1.83600568e-05  3.60072095e-01  9.96332709e-04  9.89594800e-01  1.25583816e-03 
 1.83650568e-05  3.60072095e-01  9.13762700e-04  9.89594800e-01  1.25575739e-03 
 1.83700568e-05  3.60072095e-01  8.38020172e-04  9.89594800e-01  1.25583815e-03 
 1.83750568e-05  3.60072095e-01  7.68542792e-04  9.89594800e-01  1.25575740e-03 
 1.83800568e-05  3.60072095e-01  7.04814658e-04  9.89594800e-01  1.25583814e-03 
 1.83850568e-05  3.60072095e-01  6.46361515e-04  9.89594800e-01  1.25575740e-03 
 1.83900568e-05  3.60072095e-01  5.92748457e-04  9.89594800e-01  1.25583813e-03 
 1.83950568e-05  3.60072095e-01  5.43575698e-04  9.89594800e-01  1.25575741e-03 
 1.84000568e-05  3.60072095e-01  4.98476780e-04  9.89594800e-01  1.25583812e-03 
 1.84050568e-05  3.60072095e-01  4.57114819e-04  9.89594800e-01  1.25575742e-03 
 1.84100568e-05  3.60072095e-01  4.19181159e-04  9.89594800e-01  1.25583811e-03 
 1.84150568e-05  3.60072095e-01  3.84392009e-04  9.89594800e-01  1.25575742e-03 
 1.84200568e-05  3.60072095e-01  3.52487482e-04  9.89594800e-01  1.25583810e-03 
 1.84250568e-05  3.60072095e-01  3.23228577e-04  9.89594800e-01  1.25575743e-03 
 1.84300568e-05  3.60072095e-01  2.96396536e-04  9.89594800e-01  1.25583809e-03 
 1.84350568e-05  3.60072095e-01  2.71790120e-04  9.89594800e-01  1.25575744e-03 
 1.84400568e-05  3.60072095e-01  2.49225238e-04  9.89594800e-01  1.25583808e-03 
 1.84450568e-05  3.60072095e-01  2.28532473e-04  9.89594800e-01  1.25575744e-03 
 1.84500568e-05  3.60072095e-01  2.09556944e-04  9.89594800e-01  1.25583807e-03 
 1.84550568e-05  3.60072095e-01  1.92156043e-04  9.89594800e-01  1.25575745e-03 
 1.84600568e-05  3.60072095e-01  1.76199489e-04  9.89594800e-01  1.25583806e-03 
 1.84650568e-05  3.60072095e-01  1.61567251e-04  9.89594800e-01  1.25575746e-03 
 1.84700568e-05  3.60072095e-01  1.48149765e-04  9.89594800e-01  1.25583806e-03 
 1.84750568e-05  3.60072095e-01  1.35846006e-04  9.89594800e-01  1.25575747e-03 
 1.84800568e-05  3.60072095e-01  1.24563849e-04  9.89594800e-01  1.25583805e-03 
 1.84850568e-05  3.60072095e-01  1.14218269e-04  9.89594800e-01  1.25575747e-03 
 1.84900568e-05  3.60072095e-01  1.04731818e-04  9.89594800e-01  1.25583804e-03 
 1.84950568e-05  3.60072095e-01  9.60329354e-05  9.89594800e-01  1.25575748e-03 
 1.85000568e-05  3.60072095e-01  8.80565251e-05  9.89594800e-01  1.25583803e-03 
 1.85050568e-05  3.60072095e-01  8.07423549e-05  9.89594800e-01  1.25575749e-03 
 1.85100568e-05  3.60072095e-01  7.40357216e-05  9.89594800e-01  1.25583802e-03 
 1.85150568e-05  3.60072095e-01  6.78859248e-05  9.89594800e-01  1.25575750e-03 
 1.85200568e-05  3.60072095e-01  6.22470041e-05  9.89594800e-01  1.25583801e-03 
 1.85250568e-05  3.60072095e-01  5.70762776e-05  9.89594800e-01  1.25575750e-03 
 1.85300568e-05  3.60072095e-01  5.23351394e-05  9.89594800e-01  1.25583801e-03 
 1.85350568e-05  3.60072095e-01  4.79876524e-05  9.89594800e-01  1.25575751e-03 
 1.85400568e-05  3.60072095e-01  4.40013966e-05  9.89594800e-01  1.25583800e-03 
 1.85450568e-05  3.60072095e-01  4.03461082e-05  9.89594800e-01  1.25575752e-03 
 1.85500568e-05  3.60072095e-01  3.69945697e-05  9.89594800e-01  1.25583799e-03 
 1.85550568e-05  3.60072095e-01  3.39212888e-05  9.89594800e-01  1.25575753e-03 
 1.85600568e-05  3.60072095e-01  3.11034236e-05  9.89594800e-01  1.25583798e-03 
 1.85650568e-05  3.60072095e-01  2.85194942e-05  9.89594800e-01  1.25575753e-03 
 1.85700568e-05  3.60072095e-01  2.61503385e-05  9.89594800e-01  1.25583797e-03 
 1.85750568e-05  3.60072095e-01  2.39778512e-05  9.89594800e-01  1.25575754e-03 
 1.85800568e-05  3.60072095e-01  2.19859645e-05  9.89594800e-01  1.25583797e-03 
 1.85850568e-05  3.60072095e-01  2.01594106e-05  9.89594800e-01  1.25575755e-03 
 1.85900568e-05  3.60072095e-01  1.84847239e-05  9.89594800e-01  1.25583796e-03 
 1.85950568e-05  3.60072095e-01  1.69490227e-05  9.89594800e-01  1.25575756e-03 
 1.86000568e-05  3.60072095e-01  1.55410293e-05  9.89594800e-01  1.25583795e-03 
 1.86050568e-05  3.60072095e-01  1.42498686e-05  9.89594800e-01  1.25575756e-03 
 1.86100568e-05  3.60072095e-01  1.30661026e-05  9.89594800e-01  1.25583794e-03 
 1.86150568e-05  3.60072095e-01  1.19805434e-05  9.89594800e-01  1.25575757e-03 
 1.86200568e-05  3.60072095e-01  1.09853000e-05  9.89594800e-01  1.25583794e-03 
 1.86250568e-05  3.60072095e-01  1.00726029e-05  9.89594800e-01  1.25575758e-03 
 1.86300568e-05  3.60072095e-01  9.23586186e-06  9.89594800e-01  1.25583793e-03 
 1.86350568e-05  3.60072095e-01  8.46850026e-06  9.89594800e-01  1.25575759e-03 
 1.86400568e-05  3.60072095e-01  7.76502138e-06  9.89594800e-01  1.25583792e-03 
 1.86450568e-05  3.60072095e-01  7.11985161e-06  9.89594800e-01  1.25575760e-03 
 1.86500568e-05  3.60072095e-01  6.52841368e-06  9.89594800e-01  1.25583791e-03 
 1.86550568e-05  3.60072095e-01  5.98597725e-06  9.89594800e-01  1.25575760e-03 
 1.86600568e-05  3.60072095e-01  5.48873817e-06  9.89594800e-01  1.25583790e-03 
 1.86650568e-05  3.60072095e-01  5.03267509e-06  9.89594800e-01  1.25575761e-03 
 1.86700568e-05  3.60072095e-01  4.61463387e-06  9.89594800e-01  1.25583790e-03 
 1.86750568e-05  3.60072095e-01  4.23118930e-06  9.89594800e-01  1.25575762e-03 
 1.86800568e-05  3.60072095e-01  3.87973372e-06  9.89594800e-01  1.25583789e-03 
 1.86850568e-05  3.60072095e-01  3.55734316e-06  9.89594800e-01  1.25575763e-03 
 1.86900568e-05  3.60072095e-01  3.26186941e-06  9.89594800e-01  1.25583788e-03 
 1.86950568e-05  3.60072095e-01  2.99080993e-06  9.89594800e-01  1.25575763e-03 
 1.87000568e-05  3.60072095e-01  2.74240280e-06  9.89594800e-01  1.25583787e-03 
 1.87050568e-05  3.60072095e-01  2.51449982e-06  9.89594800e-01  1.25575764e-03 
 1.87100568e-05  3.60072095e-01  2.30566384e-06  9.89594800e-01  1.25583786e-03 
 1.87150568e-05  3.60072095e-01  2.11404456e-06  9.89594800e-01  1.25575765e-03 
 1.87200568e-05  3.60072095e-01  1.93847787e-06  9.89594800e-01  1.25583786e-03 
 1.87250568e-05  3.60072095e-01  1.77736399e-06  9.89594800e-01  1.25575766e-03 
 1.87300568e-05  3.60072095e-01  1.62976833e-06  9.89594800e-01  1.25583785e-03 
 1.87350568e-05  3.60072095e-01  1.49430173e-06  9.89594800e-01  1.25575767e-03 
 1.87400568e-05  3.60072095e-01  1.37022259e-06  9.89594800e-01  1.25583784e-03 
 1.87450568e-05  3.60072095e-01  1.25631882e-06  9.89594800e-01  1.25575767e-03 
 1.87500568e-05  3.60072095e-01  1.15201107e-06  9.89594800e-01  1.25583783e-03 
 1.87550568e-05  3.60072095e-01  1.05623616e-06  9.89594800e-01  1.25575768e-03 
 1.87600568e-05  3.60072095e-01  9.68551112e-07  9.89594800e-01  1.25583783e-03 
 1.87650568e-05  3.60072095e-01  8.88017941e-07  9.89594800e-01  1.25575769e-03 
 1.87700568e-05  3.60072095e-01  8.14308320e-07  9.89594800e-01  1.25583782e-03 
 1.87750568e-05  3.60072095e-01  7.46589549e-07  9.89594800e-01  1.25575770e-03 
 1.87800568e-05  3.60072095e-01  6.84629689e-07  9.89594800e-01  1.25583781e-03 
 1.87850568e-05  3.60072095e-01  6.27684559e-07  9.89594800e-01  1.25575770e-03 
 1.87900568e-05  3.60072095e-01  5.75603242e-07  9.89594800e-01  1.25583780e-03 
 1.87950568e-05  3.60072095e-01  5.27715985e-07  9.89594800e-01  1.25575771e-03 
 1.88000568e-05  3.60072095e-01  4.83939984e-07  9.89594800e-01  1.25583779e-03 
 1.88050568e-05  3.60072095e-01  4.43668082e-07  9.89594800e-01  1.25575772e-03 
 1.88100568e-05  3.60072095e-01  4.06874720e-07  9.89594800e-01  1.25583779e-03 
 1.88150568e-05  3.60072095e-01  3.73011594e-07  9.89594800e-01  1.25575773e-03 
 1.88200568e-05  3.60072095e-01  3.42094534e-07  9.89594800e-01  1.25583778e-03 
 1.88250568e-05  3.60072095e-01  3.13612598e-07  9.89594800e-01  1.25575774e-03 
 1.88300568e-05  3.60072095e-01  2.87629625e-07  9.89594800e-01  1.25583777e-03 
 1.88350568e-05  3.60072095e-01  2.63651905e-07  9.89594800e-01  1.25575774e-03 
 1.88400568e-05  3.60072095e-01  2.41798905e-07  9.89594800e-01  1.25583776e-03 
 1.88450568e-05  3.60072095e-01  2.21630636e-07  9.89594800e-01  1.25575775e-03 
 1.88500568e-05  3.60072095e-01  2.03270559e-07  9.89594800e-01  1.25583776e-03 
 1.88550568e-05  3.60072095e-01  1.86304762e-07  9.89594800e-01  1.25575776e-03 
 1.88600568e-05  3.60072095e-01  1.70881064e-07  9.89594800e-01  1.25583775e-03 
 1.88650568e-05  3.60072095e-01  1.56606246e-07  9.89594800e-01  1.25575777e-03 
 1.88700568e-05  3.60072095e-01  1.43649926e-07  9.89594800e-01  1.25583774e-03 
 1.88750568e-05  3.60072095e-01  1.31638713e-07  9.89594800e-01  1.25575777e-03 
 1.88800568e-05  3.60072095e-01  1.20757900e-07  9.89594800e-01  1.25583773e-03 
 1.88850568e-05  3.60072095e-01  1.10649807e-07  9.89594800e-01  1.25575778e-03 
 1.88900568e-05  3.60072095e-01  1.01513763e-07  9.89594800e-01  1.25583772e-03 
 1.88950568e-05  3.60072095e-01  9.30058321e-08  9.89594800e-01  1.25575779e-03 
 1.89000568e-05  3.60072095e-01  8.53364974e-08  9.89594800e-01  1.25583772e-03 
 1.89050568e-05  3.60072095e-01  7.81724985e-08  9.89594800e-01  1.25575780e-03 
 1.89100568e-05  3.60072095e-01  7.17362225e-08  9.89594800e-01  1.25583771e-03 
 1.89150568e-05  3.60072095e-01  6.57015806e-08  9.89594800e-01  1.25575780e-03 
 1.89200568e-05  3.60072095e-01  6.03019834e-08  9.89594800e-01  1.25583770e-03 
 1.89250568e-05  3.60072095e-01  5.52168415e-08  9.89594800e-01  1.25575781e-03 
 1.89300568e-05  3.60072095e-01  5.06888150e-08  9.89594800e-01  1.25583769e-03 
 1.89350568e-05  3.60072095e-01  4.64018940e-08  9.89594800e-01  1.25575782e-03 
 1.89400568e-05  3.60072095e-01  4.26066277e-08  9.89594800e-01  1.25583769e-03 
 1.89450568e-05  3.60072095e-01  3.89907603e-08  9.89594800e-01  1.25575783e-03 
 1.89500568e-05  3.60072095e-01  3.58115519e-08  9.89594800e-01  1.25583768e-03 
 1.89550568e-05  3.60072095e-01  3.27598719e-08  9.89594800e-01  1.25575783e-03 
 1.89600568e-05  3.60072095e-01  3.00986135e-08  9.89594800e-01  1.25583767e-03 
 1.89650568e-05  3.60072095e-01  2.75222842e-08  9.89594800e-01  1.25575784e-03 
 1.89700568e-05  3.60072095e-01  2.52974102e-08  9.89594800e-01  1.25583767e-03 
 1.89750568e-05  3.60072095e-01  2.31196147e-08  9.89594800e-01  1.25575785e-03 
 1.89800568e-05  3.60072095e-01  2.12605960e-08  9.89594800e-01  1.25583766e-03 
 1.89850568e-05  3.60072095e-01  1.94178826e-08  9.89594800e-01  1.25575785e-03 
 1.89900568e-05  3.60072095e-01  1.78664684e-08  9.89594800e-01  1.25583765e-03 
 1.89950568e-05  3.60072095e-01  1.63054987e-08  9.89594800e-01  1.25575786e-03 
 1.89980284e-05  3.60072095e-01  1.55512445e-08  9.89594800e-01  1.25583764e-03 
 1.90010000e-05  3.60072095e-01  1.46921100e-08  9.89594800e-01  1.25575787e-03 
 1.90011000e-05  3.60072095e-01  1.47262866e-08  9.89594800e-01  1.22625347e-03 
 1.90013000e-05  3.60072095e-01  1.47263675e-08  9.89594800e-01  1.19992586e-03 
 1.90015803e-05  3.60072095e-01  1.47263099e-08  9.89594800e-01  1.21430706e-03 
 1.90017902e-05  3.60072095e-01  1.47263880e-08  9.89594800e-01  1.18812729e-03 
 1.90020000e-05  3.60072095e-01  1.47263202e-08  9.89594800e-01  1.19948384e-03 
 1.90020420e-05  3.60072095e-01  1.47263554e-08  9.89594800e-01  1.25546978e-03 
 1.90021259e-05  3.60072095e-01  1.47263554e-08  9.89594800e-01  1.25612165e-03 
 1.90022938e-05  3.60072095e-01  1.47263541e-08  9.89594800e-01  1.25547601e-03 
 1.90026295e-05  3.60072095e-01  1.47263541e-08  9.89594800e-01  1.25611848e-03 
 1.90033010e-05  3.60072095e-01  1.47263536e-08  9.89594800e-01  1.25547755e-03 
 1.90046439e-05  3.60072095e-01  1.47263537e-08  9.89594800e-01  1.25611771e-03 
 1.90073299e-05  3.60072095e-01  1.47263527e-08  9.89594800e-01  1.25547793e-03 
 1.90123299e-05  3.60072095e-01  1.47263531e-08  9.89594800e-01  1.25611751e-03 
 1.90173299e-05  3.60072095e-01  1.47263538e-08  9.89594800e-01  1.25547807e-03 
 1.90223299e-05  3.60072095e-01  1.47263536e-08  9.89594800e-01  1.25611738e-03 
 1.90273299e-05  3.60072095e-01  1.47263524e-08  9.89594800e-01  1.25547820e-03 
 1.90323299e-05  3.60072095e-01  1.47263504e-08  9.89594800e-01  1.25611724e-03 
 1.90373299e-05  3.60072095e-01  1.47263480e-08  9.89594800e-01  1.25547834e-03 
 1.90423299e-05  3.60072095e-01  1.47263493e-08  9.89594800e-01  1.25611710e-03 
 1.90473299e-05  3.60072095e-01  1.47263474e-08  9.89594800e-01  1.25547848e-03 
 1.90523299e-05  3.60072095e-01  1.47263427e-08  9.89594800e-01  1.25611696e-03 
 1.90573299e-05  3.60072095e-01  1.47263419e-08  9.89594800e-01  1.25547862e-03 
 1.90623299e-05  3.60072095e-01  1.47263433e-08  9.89594800e-01  1.25611683e-03 
 1.90673299e-05  3.60072095e-01  1.47263417e-08  9.89594800e-01  1.25547875e-03 
 1.90723299e-05  3.60072095e-01  1.47263414e-08  9.89594800e-01  1.25611669e-03 
 1.90773299e-05  3.60072095e-01  1.47263399e-08  9.89594800e-01  1.25547889e-03 
 1.90823299e-05  3.60072095e-01  1.47263389e-08  9.89594800e-01  1.25611655e-03 
 1.90873299e-05  3.60072095e-01  1.47263380e-08  9.89594800e-01  1.25547903e-03 
 1.90923299e-05  3.60072095e-01  1.47263384e-08  9.89594800e-01  1.25611642e-03 
 1.90973299e-05  3.60072095e-01  1.47263366e-08  9.89594800e-01  1.25547916e-03 
 1.91023299e-05  3.60072095e-01  1.47263353e-08  9.89594800e-01  1.25611628e-03 
 1.91073299e-05  3.60072095e-01  1.47263338e-08  9.89594800e-01  1.25547930e-03 
 1.91123299e-05  3.60072095e-01  1.47263347e-08  9.89594800e-01  1.25611614e-03 
 1.91173299e-05  3.60072095e-01  1.47263366e-08  9.89594800e-01  1.25547944e-03 
 1.91223299e-05  3.60072095e-01  1.47263369e-08  9.89594800e-01  1.25611601e-03 
 1.91273299e-05  3.60072095e-01  1.47263358e-08  9.89594800e-01  1.25547957e-03 
 1.91323299e-05  3.60072095e-01  1.47263357e-08  9.89594800e-01  1.25611587e-03 
 1.91373299e-05  3.60072095e-01  1.47263362e-08  9.89594800e-01  1.25547971e-03 
 1.91423299e-05  3.60072095e-01  1.47263365e-08  9.89594800e-01  1.25611573e-03 
 1.91473299e-05  3.60072095e-01  1.47263365e-08  9.89594800e-01  1.25547985e-03 
 1.91523299e-05  3.60072095e-01  1.47263374e-08  9.89594800e-01  1.25611560e-03 
 1.91573299e-05  3.60072095e-01  1.47263347e-08  9.89594800e-01  1.25547998e-03 
 1.91623299e-05  3.60072095e-01  1.47263332e-08  9.89594800e-01  1.25611546e-03 
 1.91673299e-05  3.60072095e-01  1.47263329e-08  9.89594800e-01  1.25548012e-03 
 1.91723299e-05  3.60072095e-01  1.47263332e-08  9.89594800e-01  1.25611532e-03 
 1.91773299e-05  3.60072095e-01  1.47263329e-08  9.89594800e-01  1.25548025e-03 
 1.91823299e-05  3.60072095e-01  1.47263328e-08  9.89594800e-01  1.25611519e-03 
 1.91873299e-05  3.60072095e-01  1.47263302e-08  9.89594800e-01  1.25548039e-03 
 1.91923299e-05  3.60072095e-01  1.47263294e-08  9.89594800e-01  1.25611505e-03 
 1.91973299e-05  3.60072095e-01  1.47263292e-08  9.89594800e-01  1.25548053e-03 
 1.92023299e-05  3.60072095e-01  1.47263260e-08  9.89594800e-01  1.25611492e-03 
 1.92073299e-05  3.60072095e-01  1.47263207e-08  9.89594800e-01  1.25548066e-03 
 1.92123299e-05  3.60072095e-01  1.47263162e-08  9.89594800e-01  1.25611478e-03 
 1.92173299e-05  3.60072095e-01  1.47263113e-08  9.89594800e-01  1.25548080e-03 
 1.92223299e-05  3.60072095e-01  1.47263112e-08  9.89594800e-01  1.25611464e-03 
 1.92273299e-05  3.60072095e-01  1.47263106e-08  9.89594800e-01  1.25548093e-03 
 1.92323299e-05  3.60072095e-01  1.47263101e-08  9.89594800e-01  1.25611451e-03 
 1.92373299e-05  3.60072095e-01  1.47263106e-08  9.89594800e-01  1.25548107e-03 
 1.92423299e-05  3.60072095e-01  1.47263109e-08  9.89594800e-01  1.25611437e-03 
 1.92473299e-05  3.60072095e-01  1.47263091e-08  9.89594800e-01  1.25548121e-03 
 1.92523299e-05  3.60072095e-01  1.47263082e-08  9.89594800e-01  1.25611424e-03 
 1.92573299e-05  3.60072095e-01  1.47263056e-08  9.89594800e-01  1.25548134e-03 
 1.92623299e-05  3.60072095e-01  1.47263032e-08  9.89594800e-01  1.25611410e-03 
 1.92673299e-05  3.60072095e-01  1.47263041e-08  9.89594800e-01  1.25548148e-03 
 1.92723299e-05  3.60072095e-01  1.47263038e-08  9.89594800e-01  1.25611397e-03 
 1.92773299e-05  3.60072095e-01  1.47263027e-08  9.89594800e-01  1.25548161e-03 
 1.92823299e-05  3.60072095e-01  1.47263050e-08  9.89594800e-01  1.25611383e-03 
 1.92873299e-05  3.60072095e-01  1.47263054e-08  9.89594800e-01  1.25548175e-03 
 1.92923299e-05  3.60072095e-01  1.47263056e-08  9.89594800e-01  1.25611369e-03 
 1.92973299e-05  3.60072095e-01  1.47263063e-08  9.89594800e-01  1.25548188e-03 
 1.93023299e-05  3.60072095e-01  1.47263072e-08  9.89594800e-01  1.25611356e-03 
 1.93073299e-05  3.60072095e-01  1.47263072e-08  9.89594800e-01  1.25548202e-03 
 1.93123299e-05  3.60072095e-01  1.47263085e-08  9.89594800e-01  1.25611342e-03 
 1.93173299e-05  3.60072095e-01  1.47263087e-08  9.89594800e-01  1.25548216e-03 
 1.93223299e-05  3.60072095e-01  1.47263070e-08  9.89594800e-01  1.25611329e-03 
 1.93273299e-05  3.60072095e-01  1.47263038e-08  9.89594800e-01  1.25548229e-03 
 1.93323299e-05  3.60072095e-01  1.47263015e-08  9.89594800e-01  1.25611315e-03 
 1.93373299e-05  3.60072095e-01  1.47263014e-08  9.89594800e-01  1.25548243e-03 
 1.93423299e-05  3.60072095e-01  1.47263002e-08  9.89594800e-01  1.25611302e-03 
 1.93473299e-05  3.60072095e-01  1.47262976e-08  9.89594800e-01  1.25548256e-03 
 1.93523299e-05  3.60072095e-01  1.47262995e-08  9.89594800e-01  1.25611288e-03 
 1.93573299e-05  3.60072095e-01  1.47262980e-08  9.89594800e-01  1.25548270e-03 
 1.93623299e-05  3.60072095e-01  1.47262980e-08  9.89594800e-01  1.25611275e-03 
 1.93673299e-05  3.60072095e-01  1.47262976e-08  9.89594800e-01  1.25548283e-03 
 1.93723299e-05  3.60072095e-01  1.47262967e-08  9.89594800e-01  1.25611261e-03 
 1.93773299e-05  3.60072095e-01  1.47262964e-08  9.89594800e-01  1.25548297e-03 
 1.93823299e-05  3.60072095e-01  1.47262980e-08  9.89594800e-01  1.25611248e-03 
 1.93873299e-05  3.60072095e-01  1.47262986e-08  9.89594800e-01  1.25548310e-03 
 1.93923299e-05  3.60072095e-01  1.47262997e-08  9.89594800e-01  1.25611234e-03 
 1.93973299e-05  3.60072095e-01  1.47262991e-08  9.89594800e-01  1.25548324e-03 
 1.94023299e-05  3.60072095e-01  1.47262977e-08  9.89594800e-01  1.25611221e-03 
 1.94073299e-05  3.60072095e-01  1.47262970e-08  9.89594800e-01  1.25548337e-03 
 1.94123299e-05  3.60072095e-01  1.47262951e-08  9.89594800e-01  1.25611207e-03 
 1.94173299e-05  3.60072095e-01  1.47262935e-08  9.89594800e-01  1.25548351e-03 
 1.94223299e-05  3.60072095e-01  1.47262962e-08  9.89594800e-01  1.25611194e-03 
 1.94273299e-05  3.60072095e-01  1.47262987e-08  9.89594800e-01  1.25548364e-03 
 1.94323299e-05  3.60072095e-01  1.47263001e-08  9.89594800e-01  1.25611180e-03 
 1.94373299e-05  3.60072095e-01  1.47263014e-08  9.89594800e-01  1.25548378e-03 
 1.94423299e-05  3.60072095e-01  1.47263037e-08  9.89594800e-01  1.25611167e-03 
 1.94473299e-05  3.60072095e-01  1.47263046e-08  9.89594800e-01  1.25548391e-03 
 1.94523299e-05  3.60072095e-01  1.47263051e-08  9.89594800e-01  1.25611153e-03 
 1.94573299e-05  3.60072095e-01  1.47263031e-08  9.89594800e-01  1.25548405e-03 
 1.94623299e-05  3.60072095e-01  1.47262997e-08  9.89594800e-01  1.25611140e-03 
 1.94673299e-05  3.60072095e-01  1.47262954e-08  9.89594800e-01  1.25548418e-03 
 1.94723299e-05  3.60072095e-01  1.47262949e-08  9.89594800e-01  1.25611126e-03 
 1.94773299e-05  3.60072095e-01  1.47262957e-08  9.89594800e-01  1.25548431e-03 
 1.94823299e-05  3.60072095e-01  1.47262954e-08  9.89594800e-01  1.25611113e-03 
 1.94873299e-05  3.60072095e-01  1.47262967e-08  9.89594800e-01  1.25548445e-03 
 1.94923299e-05  3.60072095e-01  1.47262988e-08  9.89594800e-01  1.25611099e-03 
 1.94973299e-05  3.60072095e-01  1.47262958e-08  9.89594800e-01  1.25548458e-03 
 1.95023299e-05  3.60072095e-01  1.47262944e-08  9.89594800e-01  1.25611086e-03 
 1.95073299e-05  3.60072095e-01  1.47262926e-08  9.89594800e-01  1.25548472e-03 
 1.95123299e-05  3.60072095e-01  1.47262931e-08  9.89594800e-01  1.25611073e-03 
 1.95173299e-05  3.60072095e-01  1.47262942e-08  9.89594800e-01  1.25548485e-03 
 1.95223299e-05  3.60072095e-01  1.47262940e-08  9.89594800e-01  1.25611059e-03 
 1.95273299e-05  3.60072095e-01  1.47262934e-08  9.89594800e-01  1.25548499e-03 
 1.95323299e-05  3.60072095e-01  1.47262942e-08  9.89594800e-01  1.25611046e-03 
 1.95373299e-05  3.60072095e-01  1.47262934e-08  9.89594800e-01  1.25548512e-03 
 1.95423299e-05  3.60072095e-01  1.47262933e-08  9.89594800e-01  1.25611032e-03 
 1.95473299e-05  3.60072095e-01  1.47262937e-08  9.89594800e-01  1.25548525e-03 
 1.95523299e-05  3.60072095e-01  1.47262932e-08  9.89594800e-01  1.25611019e-03 
 1.95573299e-05  3.60072095e-01  1.47262925e-08  9.89594800e-01  1.25548539e-03 
 1.95623299e-05  3.60072095e-01  1.47262962e-08  9.89594800e-01  1.25611006e-03 
 1.95673299e-05  3.60072095e-01  1.47263005e-08  9.89594800e-01  1.25548552e-03 
 1.95723299e-05  3.60072095e-01  1.47263033e-08  9.89594800e-01  1.25610992e-03 
 1.95773299e-05  3.60072095e-01  1.47263058e-08  9.89594800e-01  1.25548566e-03 
 1.95823299e-05  3.60072095e-01  1.47263107e-08  9.89594800e-01  1.25610979e-03 
 1.95873299e-05  3.60072095e-01  1.47263119e-08  9.89594800e-01  1.25548579e-03 
 1.95923299e-05  3.60072095e-01  1.47263112e-08  9.89594800e-01  1.25610965e-03 
 1.95973299e-05  3.60072095e-01  1.47263111e-08  9.89594800e-01  1.25548592e-03 
 1.96023299e-05  3.60072095e-01  1.47263099e-08  9.89594800e-01  1.25610952e-03 
 1.96073299e-05  3.60072095e-01  1.47263082e-08  9.89594800e-01  1.25548606e-03 
 1.96123299e-05  3.60072095e-01  1.47263086e-08  9.89594800e-01  1.25610939e-03 
 1.96173299e-05  3.60072095e-01  1.47263087e-08  9.89594800e-01  1.25548619e-03 
 1.96223299e-05  3.60072095e-01  1.47263106e-08  9.89594800e-01  1.25610925e-03 
 1.96273299e-05  3.60072095e-01  1.47263125e-08  9.89594800e-01  1.25548633e-03 
 1.96323299e-05  3.60072095e-01  1.47263148e-08  9.89594800e-01  1.25610912e-03 
 1.96373299e-05  3.60072095e-01  1.47263165e-08  9.89594800e-01  1.25548646e-03 
 1.96423299e-05  3.60072095e-01  1.47263184e-08  9.89594800e-01  1.25610898e-03 
 1.96473299e-05  3.60072095e-01  1.47263202e-08  9.89594800e-01  1.25548659e-03 
 1.96523299e-05  3.60072095e-01  1.47263221e-08  9.89594800e-01  1.25610885e-03 
 1.96573299e-05  3.60072095e-01  1.47263187e-08  9.89594800e-01  1.25548673e-03 
 1.96623299e-05  3.60072095e-01  1.47263159e-08  9.89594800e-01  1.25610872e-03 
 1.96673299e-05  3.60072095e-01  1.47263133e-08  9.89594800e-01  1.25548686e-03 
 1.96723299e-05  3.60072095e-01  1.47263097e-08  9.89594800e-01  1.25610858e-03 
 1.96773299e-05  3.60072095e-01  1.47263058e-08  9.89594800e-01  1.25548699e-03 
 1.96823299e-05  3.60072095e-01  1.47263042e-08  9.89594800e-01  1.25610845e-03 
 1.96873299e-05  3.60072095e-01  1.47263017e-08  9.89594800e-01  1.25548713e-03 
 1.96923299e-05  3.60072095e-01  1.47263015e-08  9.89594800e-01  1.25610832e-03 
 1.96973299e-05  3.60072095e-01  1.47263012e-08  9.89594800e-01  1.25548726e-03 
 1.97023299e-05  3.60072095e-01  1.47263016e-08  9.89594800e-01  1.25610818e-03 
 1.97073299e-05  3.60072095e-01  1.47263050e-08  9.89594800e-01  1.25548739e-03 
 1.97123299e-05  3.60072095e-01  1.47263085e-08  9.89594800e-01  1.25610805e-03 
 1.97173299e-05  3.60072095e-01  1.47263076e-08  9.89594800e-01  1.25548753e-03 
 1.97223299e-05  3.60072095e-01  1.47263058e-08  9.89594800e-01  1.25610792e-03 
 1.97273299e-05  3.60072095e-01  1.47263047e-08  9.89594800e-01  1.25548766e-03 
 1.97323299e-05  3.60072095e-01  1.47263048e-08  9.89594800e-01  1.25610779e-03 
 1.97373299e-05  3.60072095e-01  1.47263056e-08  9.89594800e-01  1.25548779e-03 
 1.97423299e-05  3.60072095e-01  1.47263053e-08  9.89594800e-01  1.25610765e-03 
 1.97473299e-05  3.60072095e-01  1.47263043e-08  9.89594800e-01  1.25548793e-03 
 1.97523299e-05  3.60072095e-01  1.47263042e-08  9.89594800e-01  1.25610752e-03 
 1.97573299e-05  3.60072095e-01  1.47263043e-08  9.89594800e-01  1.25548806e-03 
 1.97623299e-05  3.60072095e-01  1.47263052e-08  9.89594800e-01  1.25610739e-03 
 1.97673299e-05  3.60072095e-01  1.47263060e-08  9.89594800e-01  1.25548819e-03 
 1.97723299e-05  3.60072095e-01  1.47263054e-08  9.89594800e-01  1.25610725e-03 
 1.97773299e-05  3.60072095e-01  1.47263008e-08  9.89594800e-01  1.25548832e-03 
 1.97823299e-05  3.60072095e-01  1.47262998e-08  9.89594800e-01  1.25610712e-03 
 1.97873299e-05  3.60072095e-01  1.47262978e-08  9.89594800e-01  1.25548846e-03 
 1.97923299e-05  3.60072095e-01  1.47262946e-08  9.89594800e-01  1.25610699e-03 
 1.97973299e-05  3.60072095e-01  1.47262893e-08  9.89594800e-01  1.25548859e-03 
 1.98023299e-05  3.60072095e-01  1.47262874e-08  9.89594800e-01  1.25610686e-03 
 1.98073299e-05  3.60072095e-01  1.47262886e-08  9.89594800e-01  1.25548872e-03 
 1.98123299e-05  3.60072095e-01  1.47262909e-08  9.89594800e-01  1.25610672e-03 
 1.98173299e-05  3.60072095e-01  1.47262927e-08  9.89594800e-01  1.25548885e-03 
 1.98223299e-05  3.60072095e-01  1.47262949e-08  9.89594800e-01  1.25610659e-03 
 1.98273299e-05  3.60072095e-01  1.47262949e-08  9.89594800e-01  1.25548899e-03 
 1.98323299e-05  3.60072095e-01  1.47262944e-08  9.89594800e-01  1.25610646e-03 
 1.98373299e-05  3.60072095e-01  1.47262942e-08  9.89594800e-01  1.25548912e-03 
 1.98423299e-05  3.60072095e-01  1.47262932e-08  9.89594800e-01  1.25610633e-03 
 1.98473299e-05  3.60072095e-01  1.47262892e-08  9.89594800e-01  1.25548925e-03 
 1.98523299e-05  3.60072095e-01  1.47262873e-08  9.89594800e-01  1.25610619e-03 
 1.98573299e-05  3.60072095e-01  1.47262882e-08  9.89594800e-01  1.25548938e-03 
 1.98623299e-05  3.60072095e-01  1.47262901e-08  9.89594800e-01  1.25610606e-03 
 1.98673299e-05  3.60072095e-01  1.47262916e-08  9.89594800e-01  1.25548952e-03 
 1.98723299e-05  3.60072095e-01  1.47262924e-08  9.89594800e-01  1.25610593e-03 
 1.98773299e-05  3.60072095e-01  1.47262891e-08  9.89594800e-01  1.25548965e-03 
 1.98823299e-05  3.60072095e-01  1.47262863e-08  9.89594800e-01  1.25610580e-03 
 1.98873299e-05  3.60072095e-01  1.47262844e-08  9.89594800e-01  1.25548978e-03 
 1.98923299e-05  3.60072095e-01  1.47262812e-08  9.89594800e-01  1.25610566e-03 
 1.98973299e-05  3.60072095e-01  1.47262780e-08  9.89594800e-01  1.25548991e-03 
 1.99023299e-05  3.60072095e-01  1.47262786e-08  9.89594800e-01  1.25610553e-03 
 1.99073299e-05  3.60072095e-01  1.47262785e-08  9.89594800e-01  1.25549005e-03 
 1.99123299e-05  3.60072095e-01  1.47262783e-08  9.89594800e-01  1.25610540e-03 
 1.99173299e-05  3.60072095e-01  1.47262753e-08  9.89594800e-01  1.25549018e-03 
 1.99223299e-05  3.60072095e-01  1.47262714e-08  9.89594800e-01  1.25610527e-03 
 1.99273299e-05  3.60072095e-01  1.47262683e-08  9.89594800e-01  1.25549031e-03 
 1.99323299e-05  3.60072095e-01  1.47262683e-08  9.89594800e-01  1.25610514e-03 
 1.99373299e-05  3.60072095e-01  1.47262680e-08  9.89594800e-01  1.25549044e-03 
 1.99423299e-05  3.60072095e-01  1.47262670e-08  9.89594800e-01  1.25610500e-03 
 1.99473299e-05  3.60072095e-01  1.47262667e-08  9.89594800e-01  1.25549057e-03 
 1.99523299e-05  3.60072095e-01  1.47262683e-08  9.89594800e-01  1.25610487e-03 
 1.99573299e-05  3.60072095e-01  1.47262679e-08  9.89594800e-01  1.25549071e-03 
 1.99623299e-05  3.60072095e-01  1.47262679e-08  9.89594800e-01  1.25610474e-03 
 1.99673299e-05  3.60072095e-01  1.47262692e-08  9.89594800e-01  1.25549084e-03 
 1.99723299e-05  3.60072095e-01  1.47262713e-08  9.89594800e-01  1.25610461e-03 
 1.99773299e-05  3.60072095e-01  1.47262701e-08  9.89594800e-01  1.25549097e-03 
 1.99823299e-05  3.60072095e-01  1.47262699e-08  9.89594800e-01  1.25610448e-03 
 1.99873299e-05  3.60072095e-01  1.47262695e-08  9.89594800e-01  1.25549110e-03 
 1.99923299e-05  3.60072095e-01  1.47262705e-08  9.89594800e-01  1.25610434e-03 
 1.99961649e-05  3.60072095e-01  1.47262715e-08  9.89594800e-01  1.25549125e-03 
 2.00000000e-05  3.60072095e-01  1.47262715e-08  9.89594800e-01  1.25610417e-03 
 2.00001000e-05  3.60071900e-01  1.47237108e-08  9.89601300e-01  1.31990790e-03 
 2.00003000e-05  3.60071267e-01  1.45446755e-08  9.89622483e-01  1.30821374e-03 
 2.00006500e-05  3.60068750e-01 -1.52184561e-07  9.89676913e-01  1.30439915e-03 
 2.00010000e-05  3.54650001e-01  1.20623796e-03  9.90965945e-01  1.28315209e-03 
 2.00010700e-05  3.51929984e-01  1.67075849e-03  9.91585133e-01  1.25264962e-03 
 2.00012100e-05  3.45794493e-01  2.55819227e-03  9.92941198e-01  1.25168491e-03 
 2.00014900e-05  3.32269948e-01  4.11625515e-03  9.95619274e-01  1.25165184e-03 
 2.00020500e-05  3.11467664e-01  6.60763686e-03  9.98476487e-01  1.25302706e-03 
 2.00031700e-05  2.96591216e-01  1.01592301e-02  9.96966893e-01  1.25556360e-03 
 2.00054100e-05  3.02043374e-01  1.48920873e-02  9.89541791e-01  1.25703405e-03 
 2.00077050e-05  3.09503432e-01  1.85645682e-02  9.86910257e-01  1.25691211e-03 
 2.00100000e-05  3.13237642e-01  2.19439595e-02  9.87064117e-01  1.25655201e-03 
 2.00104590e-05  3.14323878e-01  2.26008062e-02  9.87072557e-01  1.25658277e-03 
 2.00113770e-05  3.17177434e-01  2.39091826e-02  9.87011876e-01  1.25659968e-03 
 2.00132130e-05  3.24068076e-01  2.65088324e-02  9.86852983e-01  1.25654031e-03 
 2.00166065e-05  3.25249095e-01  3.12829444e-02  9.88130493e-01  1.25601655e-03 
 2.00200000e-05  3.03801752e-01  3.59082047e-02  9.91701500e-01  1.25518911e-03 
 2.00205000e-05  2.98090307e-01  3.65600079e-02  9.92435191e-01  1.25499689e-03 
 2.00215000e-05  2.84969784e-01  3.78397414e-02  9.93973475e-01  1.25469354e-03 
 2.00235000e-05  2.52666392e-01  4.02256410e-02  9.96881171e-01  1.25429983e-03 
 2.00275000e-05  1.87625563e-01  4.41401442e-02  1.00027357e+00  1.25411910e-03 
 2.00325000e-05  1.21214160e-01  4.73867383e-02  1.00150655e+00  1.25422358e-03 
 2.00375000e-05  6.95060635e-02  4.90410825e-02  1.00087500e+00  1.25476485e-03 
 2.00425000e-05  2.76647025e-02  4.94420516e-02  9.98877422e-01  1.25568495e-03 
 2.00475000e-05 -7.15643684e-03  4.88493551e-02  9.96295057e-01  1.25691339e-03 
 2.00525000e-05 -3.69575223e-02  4.74459127e-02  9.93432017e-01  1.25836410e-03 
 2.00575000e-05 -6.30880900e-02  4.53643224e-02  9.90550568e-01  1.25992944e-03 
 2.00625000e-05 -8.63446617e-02  4.27054524e-02  9.87752587e-01  1.26152517e-03 
 2.00675000e-05 -1.07315179e-01  3.95487137e-02  9.85162541e-01  1.26299394e-03 
 2.00725000e-05 -1.26326671e-01  3.59593807e-02  9.82831076e-01  1.26427472e-03 
 2.00775000e-05 -1.43660719e-01  3.19933455e-02  9.80830429e-01  1.26523102e-03 
 2.00825000e-05 -1.59475341e-01  2.77000104e-02  9.79184423e-01  1.26585104e-03 
 2.00875000e-05 -1.73933528e-01  2.31240095e-02  9.77930209e-01  1.26603694e-03 
 2.00925000e-05 -1.87136866e-01  1.83062417e-02  9.77068916e-01  1.26582867e-03 
 2.00975000e-05 -1.99204342e-01  1.32844080e-02  9.76608132e-01  1.26516807e-03 
 2.01025000e-05 -2.10220357e-01  8.09334405e-03  9.76529500e-01  1.26413815e-03 
 2.01075000e-05 -2.20289267e-01  2.76512964e-03  9.76816202e-01  1.26271301e-03 
 2.01125000e-05 -2.29489951e-01 -2.67085582e-03  9.77434665e-01  1.26100632e-03 
 2.01175000e-05 -2.37915278e-01 -8.18788328e-03  9.78352637e-01  1.25901223e-03 
 2.01225000e-05 -2.45640681e-01 -1.37618598e-02  9.79525509e-01  1.25686234e-03 
 2.01275000e-05 -2.52745974e-01 -1.93712681e-02  9.80912710e-01  1.25455836e-03 
 2.01325000e-05 -2.59298226e-01 -2.49970909e-02  9.82465588e-01  1.25223739e-03 
 2.01375000e-05 -2.65363441e-01 -3.06227197e-02  9.84140498e-01  1.24989896e-03 
 2.01425000e-05 -2.70996196e-01 -3.62338292e-02  9.85889800e-01  1.24767583e-03 
 2.01475000e-05 -2.76247756e-01 -4.18182428e-02  9.87671193e-01  1.24555825e-03 
 2.01525000e-05 -2.81159206e-01 -4.73657818e-02  9.89441340e-01  1.24366817e-03 
 2.01575000e-05 -2.85767707e-01 -5.28681084e-02  9.91162331e-01  1.24198224e-03 
 2.01625000e-05 -2.90101990e-01 -5.83185618e-02  9.92797194e-01  1.24060786e-03 
 2.01675000e-05 -2.94187311e-01 -6.37119916e-02  9.94314398e-01  1.23950596e-03 
 2.01725000e-05 -2.98042568e-01 -6.90445882e-02  9.95684717e-01  1.23876772e-03 
 2.01775000e-05 -3.01684115e-01 -7.43137101e-02  9.96884385e-01  1.23833780e-03 
 2.01825000e-05 -3.05124353e-01 -7.95177170e-02  9.97893054e-01  1.23829048e-03 
 2.01875000e-05 -3.08373942e-01 -8.46557968e-02  9.98695768e-01  1.23855488e-03 
 2.01925000e-05 -3.11441258e-01 -8.97278018e-02  9.99281794e-01  1.23918909e-03 
 2.01975000e-05 -3.14334331e-01 -9.47340920e-02  9.99645756e-01  1.24010758e-03 
 2.02025000e-05 -3.17059785e-01 -9.96753905e-02  9.99786822e-01  1.24135404e-03 
 2.02075000e-05 -3.19624707e-01 -1.04552654e-01  9.99709410e-01  1.24283021e-03 
 2.02125000e-05 -3.22035363e-01 -1.09366953e-01  9.99422289e-01  1.24456810e-03 
 2.02175000e-05 -3.24298775e-01 -1.14119378e-01  9.98939081e-01  1.24645960e-03 
 2.02225000e-05 -3.26421614e-01 -1.18810958e-01  9.98277024e-01  1.24852841e-03 
 2.02275000e-05 -3.28411061e-01 -1.23442597e-01  9.97457431e-01  1.25066069e-03 
 2.02325000e-05 -3.30274208e-01 -1.28015021e-01  9.96504209e-01  1.25287595e-03 
 2.02375000e-05 -3.32018446e-01 -1.32528751e-01  9.95444042e-01  1.25505918e-03 
 2.02425000e-05 -3.33651034e-01 -1.36984074e-01  9.94304965e-01  1.25723036e-03 
 2.02475000e-05 -3.35179426e-01 -1.41381042e-01  9.93116179e-01  1.25927796e-03 
 2.02525000e-05 -3.36610738e-01 -1.45719468e-01  9.91906797e-01  1.26122703e-03 
 2.02575000e-05 -3.37952024e-01 -1.49998939e-01  9.90705654e-01  1.26297381e-03 
 2.02625000e-05 -3.39210112e-01 -1.54218837e-01  9.89539899e-01  1.26455222e-03 
 2.02675000e-05 -3.40391470e-01 -1.58378364e-01  9.88434942e-01  1.26586974e-03 
 2.02725000e-05 -3.41502232e-01 -1.62476575e-01  9.87413399e-01  1.26697185e-03 
 2.02775000e-05 -3.42548127e-01 -1.66512418e-01  9.86494960e-01  1.26777927e-03 
 2.02825000e-05 -3.43534472e-01 -1.70484771e-01  9.85695693e-01  1.26835033e-03 
 2.02875000e-05 -3.44466137e-01 -1.74392489e-01  9.85028075e-01  1.26861941e-03 
 2.02925000e-05 -3.45347581e-01 -1.78234443e-01  9.84500587e-01  1.26865739e-03 
 2.02975000e-05 -3.46182803e-01 -1.82009566e-01  9.84117959e-01  1.26841126e-03 
 2.03025000e-05 -3.46975436e-01 -1.85716889e-01  9.83881028e-01  1.26796270e-03 
 2.03075000e-05 -3.47728671e-01 -1.89355579e-01  9.83787187e-01  1.26726898e-03 
 2.03125000e-05 -3.48445402e-01 -1.92924969e-01  9.83830444e-01  1.26641978e-03 
 2.03175000e-05 -3.49128123e-01 -1.96424585e-01  9.84002026e-01  1.26537949e-03 
 2.03225000e-05 -3.49779101e-01 -1.99854164e-01  9.84290567e-01  1.26424245e-03 
 2.03275000e-05 -3.50400258e-01 -2.03213669e-01  9.84682786e-01  1.26297668e-03 
 2.03325000e-05 -3.50993362e-01 -2.06503295e-01  9.85163736e-01  1.26167772e-03 
 2.03375000e-05 -3.51559884e-01 -2.09723471e-01  9.85717481e-01  1.26031393e-03 
 2.03425000e-05 -3.52101205e-01 -2.12874850e-01  9.86327340e-01  1.25897898e-03 
 2.03475000e-05 -3.52618457e-01 -2.15958307e-01  9.86976513e-01  1.25763871e-03 
 2.03525000e-05 -3.53112731e-01 -2.18974914e-01  9.87648273e-01  1.25638248e-03 
 2.03575000e-05 -3.53584906e-01 -2.21925932e-01  9.88326513e-01  1.25517150e-03 
 2.03625000e-05 -3.54035860e-01 -2.24812777e-01  9.88995860e-01  1.25408907e-03 
 2.03675000e-05 -3.54466289e-01 -2.27637007e-01  9.89642130e-01  1.25309045e-03 
 2.03725000e-05 -3.54876914e-01 -2.30400289e-01  9.90252369e-01  1.25225186e-03 
 2.03775000e-05 -3.55268301e-01 -2.33104375e-01  9.90815208e-01  1.25152193e-03 
 2.03825000e-05 -3.55641061e-01 -2.35751076e-01  9.91320832e-01  1.25096952e-03 
 2.03875000e-05 -3.55995670e-01 -2.38342237e-01  9.91761252e-01  1.25053653e-03 
 2.03925000e-05 -3.56332670e-01 -2.40879707e-01  9.92130201e-01  1.25028471e-03 
 2.03975000e-05 -3.56652488e-01 -2.43365324e-01  9.92423336e-01  1.25014972e-03 
 2.04025000e-05 -3.56955629e-01 -2.45800884e-01  9.92638064e-01  1.25018687e-03 
 2.04075000e-05 -3.57242507e-01 -2.48188129e-01  9.92773677e-01  1.25032645e-03 
 2.04125000e-05 -3.57513627e-01 -2.50528725e-01  9.92831117e-01  1.25061839e-03 
 2.04175000e-05 -3.57769420e-01 -2.52824249e-01  9.92813048e-01  1.25098886e-03 
 2.04225000e-05 -3.58010417e-01 -2.55076177e-01  9.92723569e-01  1.25148376e-03 
 2.04275000e-05 -3.58237090e-01 -2.57285872e-01  9.92568221e-01  1.25202654e-03 
 2.04325000e-05 -3.58450011e-01 -2.59454582e-01  9.92353662e-01  1.25266063e-03 
 2.04375000e-05 -3.58649702e-01 -2.61583428e-01  9.92087626e-01  1.25330836e-03 
 2.04425000e-05 -3.58836781e-01 -2.63673410e-01  9.91778563e-01  1.25401229e-03 
 2.04475000e-05 -3.59011815e-01 -2.65725403e-01  9.91435566e-01  1.25469519e-03 
 2.04525000e-05 -3.59175455e-01 -2.67740162e-01  9.91068001e-01  1.25540032e-03 
 2.04575000e-05 -3.59328295e-01 -2.69718329e-01  9.90685423e-01  1.25605236e-03 
 2.04625000e-05 -3.59470996e-01 -2.71660435e-01  9.90297208e-01  1.25669663e-03 
 2.04675000e-05 -3.59604154e-01 -2.73566916e-01  9.89912483e-01  1.25726093e-03 
 2.04725000e-05 -3.59728412e-01 -2.75438120e-01  9.89539789e-01  1.25779372e-03 
 2.04775000e-05 -3.59844339e-01 -2.77274320e-01  9.89187041e-01  1.25822680e-03 
 2.04825000e-05 -3.59952531e-01 -2.79075726e-01  9.88861241e-01  1.25861240e-03 
 2.04875000e-05 -3.60053505e-01 -2.80842501e-01  9.88568482e-01  1.25888678e-03 
 2.04925000e-05 -3.60147792e-01 -2.82574773e-01  9.88313726e-01  1.25910622e-03 
 2.04975000e-05 -3.60235836e-01 -2.84272649e-01  9.88100867e-01  1.25921142e-03 
 2.05025000e-05 -3.60318089e-01 -2.85936231e-01  9.87932568e-01  1.25926253e-03 
 2.05075000e-05 -3.60394919e-01 -2.87565622e-01  9.87810389e-01  1.25920433e-03 
 2.05125000e-05 -3.60466696e-01 -2.89160948e-01  9.87734689e-01  1.25910029e-03 
 2.05175000e-05 -3.60533711e-01 -2.90722360e-01  9.87704799e-01  1.25889856e-03 
 2.05225000e-05 -3.60596259e-01 -2.92250045e-01  9.87718984e-01  1.25866508e-03 
 2.05275000e-05 -3.60654566e-01 -2.93744237e-01  9.87774653e-01  1.25835046e-03 
 2.05325000e-05 -3.60708864e-01 -2.95205220e-01  9.87868358e-01  1.25802216e-03 
 2.05375000e-05 -3.60759324e-01 -2.96633332e-01  9.87996034e-01  1.25763218e-03 
 2.05425000e-05 -3.60806130e-01 -2.98028967e-01  9.88153019e-01  1.25724848e-03 
 2.05475000e-05 -3.60849419e-01 -2.99392580e-01  9.88334300e-01  1.25682346e-03 
 2.05525000e-05 -3.60889339e-01 -3.00724680e-01  9.88534544e-01  1.25642458e-03 
 2.05575000e-05 -3.60926004e-01 -3.02025832e-01  9.88748334e-01  1.25600373e-03 
 2.05625000e-05 -3.60959544e-01 -3.03296653e-01  9.88970200e-01  1.25562707e-03 
 2.05675000e-05 -3.60990060e-01 -3.04537804e-01  9.89194838e-01  1.25524523e-03 
 2.05725000e-05 -3.61017673e-01 -3.05749990e-01  9.89417117e-01  1.25492241e-03 
 2.05775000e-05 -3.61042480e-01 -3.06933947e-01  9.89632283e-01  1.25460748e-03 
 2.05825000e-05 -3.61064600e-01 -3.08090442e-01  9.89835945e-01  1.25436230e-03 
 2.05875000e-05 -3.61084132e-01 -3.09220259e-01  9.90024239e-01  1.25413362e-03 
 2.05925000e-05 -3.61101195e-01 -3.10324196e-01  9.90193798e-01  1.25398079e-03 
 2.05975000e-05 -3.61115895e-01 -3.11403056e-01  9.90341885e-01  1.25384840e-03 
 2.06025000e-05 -3.61128353e-01 -3.12457639e-01  9.90466328e-01  1.25379329e-03 
 2.06075000e-05 -3.61138681e-01 -3.13488737e-01  9.90565633e-01  1.25375802e-03 
 2.06125000e-05 -3.61147003e-01 -3.14497125e-01  9.90638884e-01  1.25379714e-03 
 2.06175000e-05 -3.61153437e-01 -3.15483556e-01  9.90685831e-01  1.25385147e-03 
 2.06225000e-05 -3.61158108e-01 -3.16448755e-01  9.90706771e-01  1.25397365e-03 
 2.06275000e-05 -3.61161137e-01 -3.17393415e-01  9.90702599e-01  1.25410317e-03 
 2.06325000e-05 -3.61162650e-01 -3.18318195e-01  9.90674680e-01  1.25429125e-03 
 2.06375000e-05 -3.61162769e-01 -3.19223710e-01  9.90624875e-01  1.25447654e-03 
 2.06425000e-05 -3.61161615e-01 -3.20110538e-01  9.90555397e-01  1.25470937e-03 
 2.06475000e-05 -3.61159310e-01 -3.20979211e-01  9.90468827e-01  1.25492813e-03 
 2.06525000e-05 -3.61155966e-01 -3.21830218e-01  9.90367956e-01  1.25518280e-03 
 2.06575000e-05 -3.61151699e-01 -3.22664005e-01  9.90255796e-01  1.25541202e-03 
 2.06625000e-05 -3.61146612e-01 -3.23480975e-01  9.90135420e-01  1.25566595e-03 
 2.06675000e-05 -3.61140809e-01 -3.24281490e-01  9.90009972e-01  1.25588396e-03 
 2.06725000e-05 -3.61134378e-01 -3.25065874e-01  9.89882512e-01  1.25611683e-03 
 2.06775000e-05 -3.61127411e-01 -3.25834414e-01  9.89756029e-01  1.25630506e-03 
 2.06825000e-05 -3.61119979e-01 -3.26587367e-01  9.89633301e-01  1.25650036e-03 
 2.06875000e-05 -3.61112155e-01 -3.27324959e-01  9.89516920e-01  1.25664464e-03 
 2.06925000e-05 -3.61103993e-01 -3.28047395e-01  9.89409162e-01  1.25679075e-03 
 2.06975000e-05 -3.61095549e-01 -3.28754856e-01  9.89312031e-01  1.25688211e-03 
 2.07025000e-05 -3.61086856e-01 -3.29447510e-01  9.89227150e-01  1.25697283e-03 
 2.07075000e-05 -3.61077954e-01 -3.30125514e-01  9.89155818e-01  1.25700782e-03 
 2.07125000e-05 -3.61068858e-01 -3.30789015e-01  9.89098926e-01  1.25704236e-03 
 2.07175000e-05 -3.61059594e-01 -3.31438161e-01  9.89057025e-01  1.25702278e-03 
 2.07225000e-05 -3.61050161e-01 -3.32073097e-01  9.89030267e-01  1.25700532e-03 
 2.07275000e-05 -3.61040572e-01 -3.32693975e-01  9.89018486e-01  1.25693751e-03 
 2.07325000e-05 -3.61030817e-01 -3.33300952e-01  9.89021155e-01  1.25687633e-03 
 2.07375000e-05 -3.61020900e-01 -3.33894196e-01  9.89037480e-01  1.25677018e-03 
 2.07425000e-05 -3.61010804e-01 -3.34473886e-01  9.89066371e-01  1.25667649e-03 
 2.07475000e-05 -3.61000531e-01 -3.35040216e-01  9.89106544e-01  1.25654420e-03 
 2.07525000e-05 -3.60990059e-01 -3.35593391e-01  9.89156498e-01  1.25643087e-03 
 2.07575000e-05 -3.60979392e-01 -3.36133635e-01  9.89214622e-01  1.25628566e-03 
 2.07625000e-05 -3.60968509e-01 -3.36661184e-01  9.89279175e-01  1.25616593e-03 
 2.07675000e-05 -3.60957419e-01 -3.37176290e-01  9.89348397e-01  1.25602077e-03 
 2.07725000e-05 -3.60946103e-01 -3.37679217e-01  9.89420481e-01  1.25590705e-03 
 2.07775000e-05 -3.60934576e-01 -3.38170244e-01  9.89493686e-01  1.25577356e-03 
 2.07825000e-05 -3.60922827e-01 -3.38649660e-01  9.89566302e-01  1.25567646e-03 
 2.07875000e-05 -3.60910877e-01 -3.39117761e-01  9.89636753e-01  1.25556404e-03 
 2.07925000e-05 -3.60898721e-01 -3.39574854e-01  9.89703563e-01  1.25549163e-03 
 2.07975000e-05 -3.60886389e-01 -3.40021248e-01  9.89765444e-01  1.25540691e-03 
 2.08025000e-05 -3.60873882e-01 -3.40457257e-01  9.89821252e-01  1.25536430e-03 
 2.08075000e-05 -3.60861236e-01 -3.40883193e-01  9.89870068e-01  1.25531081e-03 
 2.08125000e-05 -3.60848458e-01 -3.41299369e-01  9.89911146e-01  1.25529997e-03 
 2.08175000e-05 -3.60835590e-01 -3.41706091e-01  9.89943978e-01  1.25527820e-03 
 2.08225000e-05 -3.60822642e-01 -3.42103661e-01  9.89968239e-01  1.25529817e-03 
 2.08275000e-05 -3.60809661e-01 -3.42492372e-01  9.89983835e-01  1.25530578e-03 
 2.08325000e-05 -3.60796658e-01 -3.42872508e-01  9.89990846e-01  1.25535301e-03 
 2.08375000e-05 -3.60783680e-01 -3.43244340e-01  9.89989563e-01  1.25538537e-03 
 2.08425000e-05 -3.60770741e-01 -3.43608129e-01  9.89980420e-01  1.25545427e-03 
 2.08475000e-05 -3.60757886e-01 -3.43964118e-01  9.89964032e-01  1.25550504e-03 
 2.08525000e-05 -3.60745127e-01 -3.44312541e-01  9.89941116e-01  1.25558873e-03 
 2.08575000e-05 -3.60732507e-01 -3.44653611e-01  9.89912525e-01  1.25565061e-03 
 2.08625000e-05 -3.60720033e-01 -3.44987531e-01  9.89879169e-01  1.25574155e-03 
 2.08675000e-05 -3.60707745e-01 -3.45314485e-01  9.89842043e-01  1.25580699e-03 
 2.08725000e-05 -3.60695645e-01 -3.45634645e-01  9.89802151e-01  1.25589777e-03 
 2.08775000e-05 -3.60683769e-01 -3.45948166e-01  9.89760533e-01  1.25595965e-03 
 2.08825000e-05 -3.60672110e-01 -3.46255192e-01  9.89718188e-01  1.25604359e-03 
 2.08875000e-05 -3.60660698e-01 -3.46555852e-01  9.89676105e-01  1.25609578e-03 
 2.08925000e-05 -3.60649523e-01 -3.46850265e-01  9.89635194e-01  1.25616744e-03 
 2.08975000e-05 -3.60638606e-01 -3.47138538e-01  9.89596314e-01  1.25620528e-03 
 2.09025000e-05 -3.60627931e-01 -3.47420771e-01  9.89560212e-01  1.25626081e-03 
 2.09075000e-05 -3.60617515e-01 -3.47697055e-01  9.89527556e-01  1.25628132e-03 
 2.09125000e-05 -3.60607334e-01 -3.47967475e-01  9.89498881e-01  1.25631864e-03 
 2.09175000e-05 -3.60597401e-01 -3.48232111e-01  9.89474628e-01  1.25632063e-03 
 2.09225000e-05 -3.60587687e-01 -3.48491040e-01  9.89455090e-01  1.25633945e-03 
 2.09275000e-05 -3.60578201e-01 -3.48744336e-01  9.89440467e-01  1.25632346e-03 
 2.09325000e-05 -3.60568911e-01 -3.48992074e-01  9.89430811e-01  1.25632509e-03 
 2.09375000e-05 -3.60559823e-01 -3.49234327e-01  9.89426086e-01  1.25629315e-03 
 2.09425000e-05 -3.60550904e-01 -3.49471170e-01  9.89426123e-01  1.25628025e-03 
 2.09475000e-05 -3.60542158e-01 -3.49702682e-01  9.89430676e-01  1.25623557e-03 
 2.09525000e-05 -3.60533552e-01 -3.49928942e-01  9.89439393e-01  1.25621180e-03 
 2.09575000e-05 -3.60525092e-01 -3.50150034e-01  9.89451865e-01  1.25615836e-03 
 2.09625000e-05 -3.60516744e-01 -3.50366045e-01  9.89467599e-01  1.25612793e-03 
 2.09675000e-05 -3.60508515e-01 -3.50577068e-01  9.89486078e-01  1.25607006e-03 
 2.09725000e-05 -3.60500375e-01 -3.50783198e-01  9.89506727e-01  1.25603732e-03 
 2.09775000e-05 -3.60492334e-01 -3.50984534e-01  9.89528975e-01  1.25597930e-03 
 2.09825000e-05 -3.60484363e-01 -3.51181181e-01  9.89552223e-01  1.25594835e-03 
 2.09875000e-05 -3.60476476e-01 -3.51373245e-01  9.89575901e-01  1.25589403e-03 
 2.09925000e-05 -3.60468647e-01 -3.51560838e-01  9.89599441e-01  1.25586840e-03 
 2.09975000e-05 -3.60460895e-01 -3.51744071e-01  9.89622325e-01  1.25582092e-03 
 2.10025000e-05 -3.60453195e-01 -3.51923059e-01  9.89644058e-01  1.25580331e-03 
 2.10075000e-05 -3.60445571e-01 -3.52097919e-01  9.89664214e-01  1.25576490e-03 
 2.10125000e-05 -3.60438001e-01 -3.52268766e-01  9.89682408e-01  1.25575704e-03 
 2.10175000e-05 -3.60430511e-01 -3.52435719e-01  9.89698335e-01  1.25572891e-03 
 2.10225000e-05 -3.60423083e-01 -3.52598891e-01  9.89711739e-01  1.25573151e-03 
 2.10275000e-05 -3.60415743e-01 -3.52758398e-01  9.89722452e-01  1.25571387e-03 
 2.10325000e-05 -3.60408476e-01 -3.52914350e-01  9.89730356e-01  1.25572664e-03 
 2.10375000e-05 -3.60401310e-01 -3.53066858e-01  9.89735419e-01  1.25571877e-03 
 2.10425000e-05 -3.60394232e-01 -3.53216025e-01  9.89737658e-01  1.25574059e-03 
 2.10475000e-05 -3.60387268e-01 -3.53361955e-01  9.89737169e-01  1.25574097e-03 
 2.10525000e-05 -3.60380406e-01 -3.53504743e-01  9.89734086e-01  1.25577003e-03 
 2.10575000e-05 -3.60373673e-01 -3.53644482e-01  9.89728614e-01  1.25577661e-03 
 2.10625000e-05 -3.60367055e-01 -3.53781260e-01  9.89720979e-01  1.25581065e-03 
 2.10675000e-05 -3.60360580e-01 -3.53915158e-01  9.89711466e-01  1.25582104e-03 
 2.10725000e-05 -3.60354231e-01 -3.54046254e-01  9.89700367e-01  1.25585758e-03 
 2.10775000e-05 -3.60348034e-01 -3.54174619e-01  9.89688012e-01  1.25586930e-03 
 2.10825000e-05 -3.60341973e-01 -3.54300320e-01  9.89674727e-01  1.25590591e-03 
 2.10875000e-05 -3.60336070e-01 -3.54423419e-01  9.89660857e-01  1.25591660e-03 
 2.10925000e-05 -3.60330307e-01 -3.54543973e-01  9.89646726e-01  1.25595108e-03 
 2.10975000e-05 -3.60324706e-01 -3.54662033e-01  9.89632665e-01  1.25595872e-03 
 2.11025000e-05 -3.60319243e-01 -3.54777649e-01  9.89618969e-01  1.25598926e-03 
 2.11075000e-05 -3.60313941e-01 -3.54890865e-01  9.89605926e-01  1.25599230e-03 
 2.11125000e-05 -3.60308774e-01 -3.55001722e-01  9.89593780e-01  1.25601761e-03 
 2.11175000e-05 -3.60303761e-01 -3.55110260e-01  9.89582756e-01  1.25601505e-03 
 2.11225000e-05 -3.60298876e-01 -3.55216515e-01  9.89573028e-01  1.25603443e-03 
 2.11275000e-05 -3.60294136e-01 -3.55320522e-01  9.89564748e-01  1.25602586e-03 
 2.11325000e-05 -3.60289514e-01 -3.55422313e-01  9.89558012e-01  1.25603920e-03 
 2.11375000e-05 -3.60285025e-01 -3.55521920e-01  9.89552892e-01  1.25602477e-03 
 2.11425000e-05 -3.60280641e-01 -3.55619377e-01  9.89549403e-01  1.25603246e-03 
 2.11475000e-05 -3.60276377e-01 -3.55714713e-01  9.89547542e-01  1.25601282e-03 
 2.11525000e-05 -3.60272206e-01 -3.55807961e-01  9.89547251e-01  1.25601574e-03 
 2.11575000e-05 -3.60268140e-01 -3.55899152e-01  9.89548457e-01  1.25599192e-03 
 2.11625000e-05 -3.60264153e-01 -3.55988321e-01  9.89551042e-01  1.25599125e-03 
 2.11675000e-05 -3.60260259e-01 -3.56075499e-01  9.89554877e-01  1.25596456e-03 
 2.11725000e-05 -3.60256432e-01 -3.56160723e-01  9.89559799e-01  1.25596166e-03 
 2.11775000e-05 -3.60252685e-01 -3.56244028e-01  9.89565643e-01  1.25593352e-03 
 2.11825000e-05 -3.60248994e-01 -3.56325452e-01  9.89572217e-01  1.25592983e-03 
 2.11875000e-05 -3.60245374e-01 -3.56405032e-01  9.89579337e-01  1.25590163e-03 
 2.11925000e-05 -3.60241801e-01 -3.56482809e-01  9.89586802e-01  1.25589851e-03 
 2.11975000e-05 -3.60238292e-01 -3.56558822e-01  9.89594431e-01  1.25587153e-03 
 2.12025000e-05 -3.60234823e-01 -3.56633112e-01  9.89602029e-01  1.25587014e-03 
 2.12075000e-05 -3.60231413e-01 -3.56705723e-01  9.89609430e-01  1.25584543e-03 
 2.12125000e-05 -3.60228040e-01 -3.56776697e-01  9.89616467e-01  1.25584666e-03 
 2.12175000e-05 -3.60224724e-01 -3.56846076e-01  9.89623002e-01  1.25582495e-03 
 2.12225000e-05 -3.60221443e-01 -3.56913903e-01  9.89628902e-01  1.25582940e-03 
 2.12275000e-05 -3.60218219e-01 -3.56980222e-01  9.89634069e-01  1.25581111e-03 
 2.12325000e-05 -3.60215031e-01 -3.57045074e-01  9.89638414e-01  1.25581900e-03 
 2.12375000e-05 -3.60211901e-01 -3.57108503e-01  9.89641883e-01  1.25580421e-03 
 2.12425000e-05 -3.60208810e-01 -3.57170548e-01  9.89644432e-01  1.25581548e-03 
 2.12475000e-05 -3.60205780e-01 -3.57231251e-01  9.89646053e-01  1.25580396e-03 
 2.12525000e-05 -3.60202792e-01 -3.57290649e-01  9.89646745e-01  1.25581824e-03 
 2.12575000e-05 -3.60199868e-01 -3.57348780e-01  9.89646542e-01  1.25580950e-03 
 2.12625000e-05 -3.60196990e-01 -3.57405681e-01  9.89645484e-01  1.25582621e-03 
 2.12675000e-05 -3.60194180e-01 -3.57461386e-01  9.89643639e-01  1.25581957e-03 
 2.12725000e-05 -3.60191419e-01 -3.57515927e-01  9.89641078e-01  1.25583796e-03 
 2.12775000e-05 -3.60188729e-01 -3.57569336e-01  9.89637898e-01  1.25583266e-03 
 2.12825000e-05 -3.60186091e-01 -3.57621641e-01  9.89634188e-01  1.25585192e-03 
 2.12875000e-05 -3.60183527e-01 -3.57672869e-01  9.89630063e-01  1.25584712e-03 
 2.12925000e-05 -3.60181016e-01 -3.57723047e-01  9.89625623e-01  1.25586645e-03 
 2.12975000e-05 -3.60178579e-01 -3.57772199e-01  9.89620988e-01  1.25586139e-03 
 2.13025000e-05 -3.60176197e-01 -3.57820345e-01  9.89616258e-01  1.25588006e-03 
 2.13075000e-05 -3.60173889e-01 -3.57867508e-01  9.89611548e-01  1.25587406e-03 
 2.13125000e-05 -3.60171634e-01 -3.57913706e-01  9.89606950e-01  1.25589147e-03 
 2.13175000e-05 -3.60169453e-01 -3.57958958e-01  9.89602564e-01  1.25588401e-03 
 2.13225000e-05 -3.60167322e-01 -3.58003279e-01  9.89598466e-01  1.25589973e-03 
 2.13275000e-05 -3.60165261e-01 -3.58046687e-01  9.89594736e-01  1.25589048e-03 
 2.13325000e-05 -3.60163248e-01 -3.58089196e-01  9.89591427e-01  1.25590428e-03 
 2.13375000e-05 -3.60161300e-01 -3.58130821e-01  9.89588594e-01  1.25589309e-03 
 2.13425000e-05 -3.60159396e-01 -3.58171575e-01  9.89586265e-01  1.25590491e-03 
 2.13475000e-05 -3.60157554e-01 -3.58211471e-01  9.89584470e-01  1.25589183e-03 
 2.13525000e-05 -3.60155750e-01 -3.58250524e-01  9.89583210e-01  1.25590180e-03 
 2.13575000e-05 -3.60154002e-01 -3.58288745e-01  9.89582488e-01  1.25588703e-03 
 2.13625000e-05 -3.60152287e-01 -3.58326149e-01  9.89582284e-01  1.25589543e-03 
 2.13675000e-05 -3.60150624e-01 -3.58362747e-01  9.89582576e-01  1.25587931e-03 
 2.13725000e-05 -3.60148988e-01 -3.58398554e-01  9.89583325e-01  1.25588652e-03 
 2.13775000e-05 -3.60147399e-01 -3.58433582e-01  9.89584491e-01  1.25586947e-03 
 2.13825000e-05 -3.60145833e-01 -3.58467847e-01  9.89586017e-01  1.25587594e-03 
 2.13875000e-05 -3.60144308e-01 -3.58501361e-01  9.89587855e-01  1.25585843e-03 
 2.13925000e-05 -3.60142803e-01 -3.58534139e-01  9.89589936e-01  1.25586463e-03 
 2.13975000e-05 -3.60141335e-01 -3.58566197e-01  9.89592205e-01  1.25584712e-03 
 2.14025000e-05 -3.60139884e-01 -3.58597548e-01  9.89594591e-01  1.25585349e-03 
 2.14075000e-05 -3.60138466e-01 -3.58628210e-01  9.89597040e-01  1.25583639e-03 
 2.14125000e-05 -3.60137063e-01 -3.58658196e-01  9.89599482e-01  1.25584333e-03 
 2.14175000e-05 -3.60135692e-01 -3.58687524e-01  9.89601867e-01  1.25582699e-03 
 2.14225000e-05 -3.60134332e-01 -3.58716209e-01  9.89604135e-01  1.25583478e-03 
 2.14275000e-05 -3.60133004e-01 -3.58744267e-01  9.89606245e-01  1.25581945e-03 
 2.14325000e-05 -3.60131687e-01 -3.58771714e-01  9.89608149e-01  1.25582830e-03 
 2.14375000e-05 -3.60130401e-01 -3.58798567e-01  9.89609817e-01  1.25581412e-03 
 2.14425000e-05 -3.60129126e-01 -3.58824840e-01  9.89611216e-01  1.25582410e-03 
 2.14475000e-05 -3.60127882e-01 -3.58850551e-01  9.89612332e-01  1.25581110e-03 
 2.14525000e-05 -3.60126650e-01 -3.58875713e-01  9.89613146e-01  1.25582219e-03 
 2.14575000e-05 -3.60125449e-01 -3.58900342e-01  9.89613657e-01  1.25581029e-03 
 2.14625000e-05 -3.60124261e-01 -3.58924453e-01  9.89613862e-01  1.25582239e-03 
 2.14675000e-05 -3.60123105e-01 -3.58948059e-01  9.89613775e-01  1.25581143e-03 
 2.14725000e-05 -3.60121962e-01 -3.58971175e-01  9.89613405e-01  1.25582433e-03 
 2.14775000e-05 -3.60120853e-01 -3.58993812e-01  9.89612778e-01  1.25581411e-03 
 2.14825000e-05 -3.60119758e-01 -3.59015984e-01  9.89611912e-01  1.25582757e-03 
 2.14875000e-05 -3.60118697e-01 -3.59037702e-01  9.89610844e-01  1.25581782e-03 
 2.14925000e-05 -3.60117651e-01 -3.59058978e-01  9.89609598e-01  1.25583158e-03 
 2.14975000e-05 -3.60116640e-01 -3.59079821e-01  9.89608215e-01  1.25582202e-03 
 2.15025000e-05 -3.60115644e-01 -3.59100242e-01  9.89606726e-01  1.25583582e-03 
 2.15075000e-05 -3.60114683e-01 -3.59120251e-01  9.89605172e-01  1.25582621e-03 
 2.15125000e-05 -3.60113737e-01 -3.59139855e-01  9.89603583e-01  1.25583979e-03 
 2.15175000e-05 -3.60112826e-01 -3.59159063e-01  9.89602001e-01  1.25582990e-03 
 2.15225000e-05 -3.60111930e-01 -3.59177884e-01  9.89600453e-01  1.25584308e-03 
 2.15275000e-05 -3.60111067e-01 -3.59196323e-01  9.89598974e-01  1.25583274e-03 
 2.15325000e-05 -3.60110219e-01 -3.59214389e-01  9.89597587e-01  1.25584537e-03 
 2.15375000e-05 -3.60109403e-01 -3.59232087e-01  9.89596321e-01  1.25583447e-03 
 2.15425000e-05 -3.60108600e-01 -3.59249424e-01  9.89595191e-01  1.25584646e-03 
 2.15475000e-05 -3.60107828e-01 -3.59266406e-01  9.89594220e-01  1.25583495e-03 
 2.15525000e-05 -3.60107067e-01 -3.59283039e-01  9.89593411e-01  1.25584629e-03 
 2.15575000e-05 -3.60106335e-01 -3.59299328e-01  9.89592780e-01  1.25583417e-03 
 2.15625000e-05 -3.60105613e-01 -3.59315278e-01  9.89592324e-01  1.25584490e-03 
 2.15675000e-05 -3.60104919e-01 -3.59330896e-01  9.89592047e-01  1.25583225e-03 
 2.15725000e-05 -3.60104232e-01 -3.59346187e-01  9.89591939e-01  1.25584246e-03 
 2.15775000e-05 -3.60103570e-01 -3.59361155e-01  9.89591998e-01  1.25582937e-03 
 2.15825000e-05 -3.60102915e-01 -3.59375807e-01  9.89592206e-01  1.25583918e-03 
 2.15875000e-05 -3.60102283e-01 -3.59390148e-01  9.89592555e-01  1.25582580e-03 
 2.15925000e-05 -3.60101655e-01 -3.59404183e-01  9.89593022e-01  1.25583536e-03 
 2.15975000e-05 -3.60101050e-01 -3.59417919e-01  9.89593595e-01  1.25582184e-03 
 2.16025000e-05 -3.60100446e-01 -3.59431361e-01  9.89594248e-01  1.25583131e-03 
 2.16075000e-05 -3.60099864e-01 -3.59444514e-01  9.89594967e-01  1.25581780e-03 
 2.16125000e-05 -3.60099283e-01 -3.59457385e-01  9.89595725e-01  1.25582731e-03 
 2.16175000e-05 -3.60098722e-01 -3.59469980e-01  9.89596507e-01  1.25581395e-03 
 2.16225000e-05 -3.60098161e-01 -3.59482305e-01  9.89597287e-01  1.25582364e-03 
 2.16275000e-05 -3.60097619e-01 -3.59494366e-01  9.89598053e-01  1.25581055e-03 
 2.16325000e-05 -3.60097077e-01 -3.59506168e-01  9.89598779e-01  1.25582051e-03 
 2.16375000e-05 -3.60096553e-01 -3.59517719e-01  9.89599457e-01  1.25580776e-03 
 2.16425000e-05 -3.60096029e-01 -3.59529025e-01  9.89600067e-01  1.25581806e-03 
 2.16475000e-05 -3.60095523e-01 -3.59540090e-01  9.89600603e-01  1.25580571e-03 
 2.16525000e-05 -3.60095016e-01 -3.59550923e-01  9.89601049e-01  1.25581638e-03 
 2.16575000e-05 -3.60094527e-01 -3.59561527e-01  9.89601405e-01  1.25580443e-03 
 2.16625000e-05 -3.60094037e-01 -3.59571911e-01  9.89601661e-01  1.25581546e-03 
 2.16675000e-05 -3.60093566e-01 -3.59582078e-01  9.89601819e-01  1.25580389e-03 
 2.16725000e-05 -3.60093094e-01 -3.59592034e-01  9.89601876e-01  1.25581524e-03 
 2.16775000e-05 -3.60092641e-01 -3.59601786e-01  9.89601838e-01  1.25580400e-03 
 2.16825000e-05 -3.60092187e-01 -3.59611337e-01  9.89601706e-01  1.25581562e-03 
 2.16875000e-05 -3.60091752e-01 -3.59620694e-01  9.89601490e-01  1.25580464e-03 
 2.16925000e-05 -3.60091318e-01 -3.59629861e-01  9.89601195e-01  1.25581644e-03 
 2.16975000e-05 -3.60090902e-01 -3.59638842e-01  9.89600833e-01  1.25580563e-03 
 2.17025000e-05 -3.60090486e-01 -3.59647642e-01  9.89600412e-01  1.25581753e-03 
 2.17075000e-05 -3.60090089e-01 -3.59656265e-01  9.89599947e-01  1.25580680e-03 
 2.17125000e-05 -3.60089692e-01 -3.59664716e-01  9.89599444e-01  1.25581870e-03 
 2.17175000e-05 -3.60089315e-01 -3.59672996e-01  9.89598921e-01  1.25580798e-03 
 2.17225000e-05 -3.60088937e-01 -3.59681112e-01  9.89598385e-01  1.25581981e-03 
 2.17275000e-05 -3.60088579e-01 -3.59689064e-01  9.89597852e-01  1.25580901e-03 
 2.17325000e-05 -3.60088220e-01 -3.59696858e-01  9.89597328e-01  1.25582071e-03 
 2.17375000e-05 -3.60087880e-01 -3.59704495e-01  9.89596828e-01  1.25580977e-03 
 2.17425000e-05 -3.60087539e-01 -3.59711979e-01  9.89596356e-01  1.25582128e-03 
 2.17475000e-05 -3.60087217e-01 -3.59719312e-01  9.89595925e-01  1.25581018e-03 
 2.17525000e-05 -3.60086894e-01 -3.59726497e-01  9.89595537e-01  1.25582148e-03 
 2.17575000e-05 -3.60086588e-01 -3.59733537e-01  9.89595203e-01  1.25581019e-03 
 2.17625000e-05 -3.60086281e-01 -3.59740434e-01  9.89594921e-01  1.25582126e-03 
 2.17675000e-05 -3.60085991e-01 -3.59747190e-01  9.89594698e-01  1.25580979e-03 
 2.17725000e-05 -3.60085699e-01 -3.59753807e-01  9.89594532e-01  1.25582066e-03 
 2.17775000e-05 -3.60085423e-01 -3.59760289e-01  9.89594426e-01  1.25580902e-03 
 2.17825000e-05 -3.60085145e-01 -3.59766637e-01  9.89594375e-01  1.25581971e-03 
 2.17875000e-05 -3.60084882e-01 -3.59772854e-01  9.89594380e-01  1.25580794e-03 
 2.17925000e-05 -3.60084615e-01 -3.59778942e-01  9.89594434e-01  1.25581849e-03 
 2.17975000e-05 -3.60084364e-01 -3.59784902e-01  9.89594536e-01  1.25580663e-03 
 2.18025000e-05 -3.60084109e-01 -3.59790738e-01  9.89594675e-01  1.25581709e-03 
 2.18075000e-05 -3.60083868e-01 -3.59796452e-01  9.89594853e-01  1.25580520e-03 
 2.18125000e-05 -3.60083623e-01 -3.59802046e-01  9.89595055e-01  1.25581562e-03 
 2.18175000e-05 -3.60083392e-01 -3.59807522e-01  9.89595281e-01  1.25580375e-03 
 2.18225000e-05 -3.60083156e-01 -3.59812884e-01  9.89595519e-01  1.25581417e-03 
 2.18275000e-05 -3.60082933e-01 -3.59818132e-01  9.89595768e-01  1.25580236e-03 
 2.18325000e-05 -3.60082705e-01 -3.59823270e-01  9.89596014e-01  1.25581283e-03 
 2.18375000e-05 -3.60082490e-01 -3.59828300e-01  9.89596259e-01  1.25580112e-03 
 2.18425000e-05 -3.60082270e-01 -3.59833225e-01  9.89596489e-01  1.25581167e-03 
 2.18475000e-05 -3.60082062e-01 -3.59838047e-01  9.89596706e-01  1.25580008e-03 
 2.18525000e-05 -3.60081850e-01 -3.59842768e-01  9.89596899e-01  1.25581074e-03 
 2.18575000e-05 -3.60081649e-01 -3.59847390e-01  9.89597070e-01  1.25579929e-03 
 2.18625000e-05 -3.60081444e-01 -3.59851917e-01  9.89597210e-01  1.25581007e-03 
 2.18675000e-05 -3.60081251e-01 -3.59856350e-01  9.89597323e-01  1.25579876e-03 
 2.18725000e-05 -3.60081052e-01 -3.59860692e-01  9.89597401e-01  1.25580965e-03 
 2.18775000e-05 -3.60080866e-01 -3.59864944e-01  9.89597449e-01  1.25579848e-03 
 2.18825000e-05 -3.60080675e-01 -3.59869110e-01  9.89597462e-01  1.25580946e-03 
 2.18875000e-05 -3.60080496e-01 -3.59873191e-01  9.89597446e-01  1.25579842e-03 
 2.18925000e-05 -3.60080312e-01 -3.59877189e-01  9.89597397e-01  1.25580948e-03 
 2.18975000e-05 -3.60080141e-01 -3.59881106e-01  9.89597322e-01  1.25579853e-03 
 2.19025000e-05 -3.60079964e-01 -3.59884944e-01  9.89597219e-01  1.25580965e-03 
 2.19075000e-05 -3.60079800e-01 -3.59888705e-01  9.89597097e-01  1.25579877e-03 
 2.19125000e-05 -3.60079631e-01 -3.59892391e-01  9.89596953e-01  1.25580991e-03 
 2.19175000e-05 -3.60079474e-01 -3.59896004e-01  9.89596796e-01  1.25579907e-03 
 2.19225000e-05 -3.60079313e-01 -3.59899544e-01  9.89596624e-01  1.25581021e-03 
 2.19275000e-05 -3.60079164e-01 -3.59903014e-01  9.89596448e-01  1.25579938e-03 
 2.19325000e-05 -3.60079009e-01 -3.59906414e-01  9.89596265e-01  1.25581049e-03 
 2.19375000e-05 -3.60078867e-01 -3.59909747e-01  9.89596085e-01  1.25579965e-03 
 2.19425000e-05 -3.60078720e-01 -3.59913014e-01  9.89595906e-01  1.25581071e-03 
 2.19475000e-05 -3.60078586e-01 -3.59916215e-01  9.89595737e-01  1.25579983e-03 
 2.19525000e-05 -3.60078445e-01 -3.59919353e-01  9.89595575e-01  1.25581082e-03 
 2.19575000e-05 -3.60078318e-01 -3.59922427e-01  9.89595428e-01  1.25579990e-03 
 2.19625000e-05 -3.60078184e-01 -3.59925441e-01  9.89595294e-01  1.25581082e-03 
 2.19675000e-05 -3.60078063e-01 -3.59928393e-01  9.89595178e-01  1.25579985e-03 
 2.19725000e-05 -3.60077935e-01 -3.59931286e-01  9.89595079e-01  1.25581068e-03 
 2.19775000e-05 -3.60077820e-01 -3.59934121e-01  9.89595000e-01  1.25579966e-03 
 2.19825000e-05 -3.60077699e-01 -3.59936898e-01  9.89594939e-01  1.25581041e-03 
 2.19875000e-05 -3.60077589e-01 -3.59939619e-01  9.89594899e-01  1.25579935e-03 
 2.19925000e-05 -3.60077473e-01 -3.59942284e-01  9.89594875e-01  1.25581004e-03 
 2.19975000e-05 -3.60077368e-01 -3.59944895e-01  9.89594872e-01  1.25579894e-03 
 2.20025000e-05 -3.60077257e-01 -3.59947452e-01  9.89594883e-01  1.25580958e-03 
 2.20075000e-05 -3.60077156e-01 -3.59949957e-01  9.89594912e-01  1.25579846e-03 
 2.20125000e-05 -3.60077050e-01 -3.59952410e-01  9.89594952e-01  1.25580906e-03 
 2.20175000e-05 -3.60076954e-01 -3.59954812e-01  9.89595007e-01  1.25579794e-03 
 2.20225000e-05 -3.60076851e-01 -3.59957165e-01  9.89595068e-01  1.25580852e-03 
 2.20275000e-05 -3.60076759e-01 -3.59959469e-01  9.89595139e-01  1.25579742e-03 
 2.20325000e-05 -3.60076660e-01 -3.59961725e-01  9.89595212e-01  1.25580798e-03 
 2.20375000e-05 -3.60076572e-01 -3.59963935e-01  9.89595290e-01  1.25579691e-03 
 2.20425000e-05 -3.60076476e-01 -3.59966099e-01  9.89595367e-01  1.25580749e-03 
 2.20475000e-05 -3.60076391e-01 -3.59968218e-01  9.89595445e-01  1.25579646e-03 
 2.20525000e-05 -3.60076299e-01 -3.59970293e-01  9.89595516e-01  1.25580705e-03 
 2.20575000e-05 -3.60076217e-01 -3.59972325e-01  9.89595586e-01  1.25579607e-03 
 2.20625000e-05 -3.60076127e-01 -3.59974316e-01  9.89595645e-01  1.25580669e-03 
 2.20675000e-05 -3.60076048e-01 -3.59976265e-01  9.89595700e-01  1.25579577e-03 
 2.20725000e-05 -3.60075962e-01 -3.59978175e-01  9.89595742e-01  1.25580642e-03 
 2.20775000e-05 -3.60075886e-01 -3.59980045e-01  9.89595778e-01  1.25579555e-03 
 2.20825000e-05 -3.60075803e-01 -3.59981877e-01  9.89595800e-01  1.25580623e-03 
 2.20875000e-05 -3.60075729e-01 -3.59983672e-01  9.89595815e-01  1.25579542e-03 
 2.20925000e-05 -3.60075649e-01 -3.59985431e-01  9.89595816e-01  1.25580612e-03 
 2.20975000e-05 -3.60075579e-01 -3.59987154e-01  9.89595810e-01  1.25579536e-03 
 2.21025000e-05 -3.60075502e-01 -3.59988843e-01  9.89595790e-01  1.25580608e-03 
 2.21075000e-05 -3.60075434e-01 -3.59990497e-01  9.89595765e-01  1.25579536e-03 
 2.21125000e-05 -3.60075360e-01 -3.59992118e-01  9.89595728e-01  1.25580609e-03 
 2.21175000e-05 -3.60075295e-01 -3.59993707e-01  9.89595686e-01  1.25579540e-03 
 2.21225000e-05 -3.60075224e-01 -3.59995265e-01  9.89595636e-01  1.25580614e-03 
 2.21275000e-05 -3.60075162e-01 -3.59996791e-01  9.89595583e-01  1.25579547e-03 
 2.21325000e-05 -3.60075094e-01 -3.59998287e-01  9.89595524e-01  1.25580620e-03 
 2.21375000e-05 -3.60075035e-01 -3.59999753e-01  9.89595464e-01  1.25579555e-03 
 2.21425000e-05 -3.60074970e-01 -3.60001190e-01  9.89595401e-01  1.25580625e-03 
 2.21475000e-05 -3.60074914e-01 -3.60002598e-01  9.89595341e-01  1.25579561e-03 
 2.21525000e-05 -3.60074851e-01 -3.60003979e-01  9.89595278e-01  1.25580629e-03 
 2.21575000e-05 -3.60074798e-01 -3.60005332e-01  9.89595221e-01  1.25579564e-03 
 2.21625000e-05 -3.60074739e-01 -3.60006658e-01  9.89595165e-01  1.25580629e-03 
 2.21675000e-05 -3.60074688e-01 -3.60007958e-01  9.89595115e-01  1.25579564e-03 
 2.21725000e-05 -3.60074631e-01 -3.60009232e-01  9.89595067e-01  1.25580626e-03 
 2.21775000e-05 -3.60074583e-01 -3.60010480e-01  9.89595028e-01  1.25579560e-03 
 2.21825000e-05 -3.60074528e-01 -3.60011703e-01  9.89594992e-01  1.25580618e-03 
 2.21875000e-05 -3.60074483e-01 -3.60012902e-01  9.89594964e-01  1.25579552e-03 
 2.21925000e-05 -3.60074431e-01 -3.60014077e-01  9.89594941e-01  1.25580607e-03 
 2.21975000e-05 -3.60074387e-01 -3.60015228e-01  9.89594926e-01  1.25579539e-03 
 2.22025000e-05 -3.60074337e-01 -3.60016355e-01  9.89594915e-01  1.25580592e-03 
 2.22075000e-05 -3.60074296e-01 -3.60017460e-01  9.89594913e-01  1.25579524e-03 
 2.22125000e-05 -3.60074248e-01 -3.60018542e-01  9.89594913e-01  1.25580574e-03 
 2.22175000e-05 -3.60074208e-01 -3.60019603e-01  9.89594922e-01  1.25579506e-03 
 2.22225000e-05 -3.60074162e-01 -3.60020641e-01  9.89594932e-01  1.25580554e-03 
 2.22275000e-05 -3.60074124e-01 -3.60021659e-01  9.89594949e-01  1.25579487e-03 
 2.22325000e-05 -3.60074079e-01 -3.60022655e-01  9.89594966e-01  1.25580533e-03 
 2.22375000e-05 -3.60074043e-01 -3.60023631e-01  9.89594988e-01  1.25579468e-03 
 2.22425000e-05 -3.60074000e-01 -3.60024587e-01  9.89595010e-01  1.25580513e-03 
 2.22475000e-05 -3.60073966e-01 -3.60025524e-01  9.89595035e-01  1.25579450e-03 
 2.22525000e-05 -3.60073924e-01 -3.60026441e-01  9.89595058e-01  1.25580494e-03 
 2.22575000e-05 -3.60073891e-01 -3.60027340e-01  9.89595083e-01  1.25579433e-03 
 2.22625000e-05 -3.60073850e-01 -3.60028220e-01  9.89595104e-01  1.25580478e-03 
 2.22675000e-05 -3.60073819e-01 -3.60029082e-01  9.89595126e-01  1.25579419e-03 
 2.22725000e-05 -3.60073779e-01 -3.60029927e-01  9.89595144e-01  1.25580463e-03 
 2.22775000e-05 -3.60073749e-01 -3.60030754e-01  9.89595162e-01  1.25579407e-03 
 2.22825000e-05 -3.60073711e-01 -3.60031564e-01  9.89595174e-01  1.25580452e-03 
 2.22875000e-05 -3.60073682e-01 -3.60032359e-01  9.89595185e-01  1.25579399e-03 
 2.22925000e-05 -3.60073645e-01 -3.60033137e-01  9.89595190e-01  1.25580444e-03 
 2.22975000e-05 -3.60073617e-01 -3.60033899e-01  9.89595195e-01  1.25579393e-03 
 2.23025000e-05 -3.60073582e-01 -3.60034646e-01  9.89595194e-01  1.25580438e-03 
 2.23075000e-05 -3.60073555e-01 -3.60035378e-01  9.89595191e-01  1.25579390e-03 
 2.23125000e-05 -3.60073521e-01 -3.60036095e-01  9.89595183e-01  1.25580434e-03 
 2.23175000e-05 -3.60073495e-01 -3.60036798e-01  9.89595175e-01  1.25579389e-03 
 2.23225000e-05 -3.60073462e-01 -3.60037486e-01  9.89595161e-01  1.25580433e-03 
 2.23275000e-05 -3.60073437e-01 -3.60038161e-01  9.89595147e-01  1.25579389e-03 
 2.23325000e-05 -3.60073406e-01 -3.60038823e-01  9.89595129e-01  1.25580432e-03 
 2.23375000e-05 -3.60073382e-01 -3.60039472e-01  9.89595111e-01  1.25579390e-03 
 2.23425000e-05 -3.60073352e-01 -3.60040107e-01  9.89595090e-01  1.25580432e-03 
 2.23475000e-05 -3.60073330e-01 -3.60040730e-01  9.89595070e-01  1.25579391e-03 
 2.23525000e-05 -3.60073300e-01 -3.60041341e-01  9.89595048e-01  1.25580432e-03 
 2.23575000e-05 -3.60073279e-01 -3.60041939e-01  9.89595028e-01  1.25579392e-03 
 2.23625000e-05 -3.60073251e-01 -3.60042526e-01  9.89595006e-01  1.25580432e-03 
 2.23675000e-05 -3.60073231e-01 -3.60043101e-01  9.89594987e-01  1.25579393e-03 
 2.23725000e-05 -3.60073204e-01 -3.60043664e-01  9.89594966e-01  1.25580431e-03 
 2.23775000e-05 -3.60073185e-01 -3.60044217e-01  9.89594950e-01  1.25579392e-03 
 2.23825000e-05 -3.60073159e-01 -3.60044758e-01  9.89594932e-01  1.25580428e-03 
 2.23875000e-05 -3.60073141e-01 -3.60045289e-01  9.89594919e-01  1.25579390e-03 
 2.23925000e-05 -3.60073116e-01 -3.60045808e-01  9.89594905e-01  1.25580424e-03 
 2.23975000e-05 -3.60073100e-01 -3.60046318e-01  9.89594896e-01  1.25579386e-03 
 2.24025000e-05 -3.60073075e-01 -3.60046817e-01  9.89594887e-01  1.25580419e-03 
 2.24075000e-05 -3.60073059e-01 -3.60047307e-01  9.89594882e-01  1.25579382e-03 
 2.24125000e-05 -3.60073036e-01 -3.60047786e-01  9.89594876e-01  1.25580412e-03 
 2.24175000e-05 -3.60073021e-01 -3.60048256e-01  9.89594875e-01  1.25579376e-03 
 2.24225000e-05 -3.60072999e-01 -3.60048716e-01  9.89594874e-01  1.25580405e-03 
 2.24275000e-05 -3.60072984e-01 -3.60049167e-01  9.89594877e-01  1.25579370e-03 
 2.24325000e-05 -3.60072963e-01 -3.60049609e-01  9.89594878e-01  1.25580397e-03 
 2.24375000e-05 -3.60072949e-01 -3.60050042e-01  9.89594884e-01  1.25579363e-03 
 2.24425000e-05 -3.60072928e-01 -3.60050466e-01  9.89594888e-01  1.25580389e-03 
 2.24475000e-05 -3.60072915e-01 -3.60050881e-01  9.89594895e-01  1.25579356e-03 
 2.24525000e-05 -3.60072895e-01 -3.60051288e-01  9.89594901e-01  1.25580381e-03 
 2.24575000e-05 -3.60072883e-01 -3.60051687e-01  9.89594909e-01  1.25579349e-03 
 2.24625000e-05 -3.60072863e-01 -3.60052077e-01  9.89594915e-01  1.25580374e-03 
 2.24675000e-05 -3.60072851e-01 -3.60052460e-01  9.89594924e-01  1.25579343e-03 
 2.24725000e-05 -3.60072832e-01 -3.60052835e-01  9.89594929e-01  1.25580367e-03 
 2.24775000e-05 -3.60072821e-01 -3.60053202e-01  9.89594937e-01  1.25579338e-03 
 2.24825000e-05 -3.60072802e-01 -3.60053562e-01  9.89594941e-01  1.25580361e-03 
 2.24867500e-05 -3.60072794e-01 -3.60053862e-01  9.89594947e-01  1.25579334e-03 
 2.24910000e-05 -3.60072778e-01 -3.60054157e-01  9.89594949e-01  1.25580356e-03 
 2.24911000e-05 -3.60136749e-01 -3.60075216e-01  9.89597526e-01  1.22981125e-03 
 2.24913000e-05 -3.60276743e-01 -3.60093357e-01  9.89585437e-01  1.20129357e-03 
 2.24915426e-05 -3.60391032e-01 -3.60094373e-01  9.89548073e-01  1.21404758e-03 
 2.24917713e-05 -3.60408444e-01 -3.60094582e-01  9.89511120e-01  1.19010713e-03 
 2.24920000e-05 -3.60393077e-01 -3.60094654e-01  9.89475161e-01  1.19842415e-03 
 2.24920428e-05 -3.60388295e-01 -3.60094657e-01  9.89470151e-01  1.25554574e-03 
 2.24921284e-05 -3.60378290e-01 -3.60094657e-01  9.89462703e-01  1.25618271e-03 
 2.24922997e-05 -3.60356797e-01 -3.60094656e-01  9.89458869e-01  1.25551048e-03 
 2.24926422e-05 -3.60314371e-01 -3.60094654e-01  9.89470450e-01  1.25613724e-03 
 2.24933273e-05 -3.60245933e-01 -3.60094651e-01  9.89505343e-01  1.25548361e-03 
 2.24946973e-05 -3.60167260e-01 -3.60094645e-01  9.89548864e-01  1.25612312e-03 
 2.24974375e-05 -3.60109761e-01 -3.60094633e-01  9.89576802e-01  1.25547655e-03 
 2.25024375e-05 -3.60077442e-01 -3.60094611e-01  9.89587861e-01  1.25611899e-03 
 2.25074375e-05 -3.60060954e-01 -3.60094589e-01  9.89593448e-01  1.25547432e-03 
 2.25124375e-05 -3.60054982e-01 -3.60094566e-01  9.89596718e-01  1.25611544e-03 
 2.25174375e-05 -3.60053831e-01 -3.60094544e-01  9.89599053e-01  1.25546997e-03 
 2.25224375e-05 -3.60054999e-01 -3.60094522e-01  9.89601261e-01  1.25611047e-03 
 2.25274375e-05 -3.60057137e-01 -3.60094500e-01  9.89602990e-01  1.25546581e-03 
 2.25324375e-05 -3.60059437e-01 -3.60094477e-01  9.89604624e-01  1.25610682e-03 
 2.25374375e-05 -3.60061641e-01 -3.60094455e-01  9.89605812e-01  1.25546349e-03 
 2.25424375e-05 -3.60063540e-01 -3.60094433e-01  9.89606802e-01  1.25610529e-03 
 2.25474375e-05 -3.60065158e-01 -3.60094411e-01  9.89607359e-01  1.25546334e-03 
 2.25524375e-05 -3.60066462e-01 -3.60094388e-01  9.89607664e-01  1.25610586e-03 
 2.25574375e-05 -3.60067529e-01 -3.60094366e-01  9.89607570e-01  1.25546515e-03 
 2.25624375e-05 -3.60068365e-01 -3.60094344e-01  9.89607219e-01  1.25610824e-03 
 2.25674375e-05 -3.60069041e-01 -3.60094322e-01  9.89606526e-01  1.25546855e-03 
 2.25724375e-05 -3.60069565e-01 -3.60094300e-01  9.89605608e-01  1.25611196e-03 
 2.25774375e-05 -3.60069990e-01 -3.60094277e-01  9.89604427e-01  1.25547302e-03 
 2.25824375e-05 -3.60070319e-01 -3.60094255e-01  9.89603080e-01  1.25611647e-03 
 2.25874375e-05 -3.60070588e-01 -3.60094233e-01  9.89601561e-01  1.25547798e-03 
 2.25924375e-05 -3.60070798e-01 -3.60094211e-01  9.89599954e-01  1.25612119e-03 
 2.25974375e-05 -3.60070971e-01 -3.60094188e-01  9.89598271e-01  1.25548288e-03 
 2.26024375e-05 -3.60071106e-01 -3.60094166e-01  9.89596583e-01  1.25612557e-03 
 2.26074375e-05 -3.60071219e-01 -3.60094144e-01  9.89594911e-01  1.25548720e-03 
 2.26124375e-05 -3.60071307e-01 -3.60094122e-01  9.89593316e-01  1.25612917e-03 
 2.26174375e-05 -3.60071381e-01 -3.60094099e-01  9.89591818e-01  1.25549053e-03 
 2.26224375e-05 -3.60071439e-01 -3.60094077e-01  9.89590464e-01  1.25613163e-03 
 2.26274375e-05 -3.60071487e-01 -3.60094055e-01  9.89589272e-01  1.25549262e-03 
 2.26324375e-05 -3.60071523e-01 -3.60094033e-01  9.89588274e-01  1.25613276e-03 
 2.26374375e-05 -3.60071553e-01 -3.60094010e-01  9.89587480e-01  1.25549333e-03 
 2.26424375e-05 -3.60071575e-01 -3.60093988e-01  9.89586906e-01  1.25613251e-03 
 2.26474375e-05 -3.60071593e-01 -3.60093966e-01  9.89586555e-01  1.25549270e-03 
 2.26524375e-05 -3.60071606e-01 -3.60093944e-01  9.89586429e-01  1.25613098e-03 
 2.26574375e-05 -3.60071617e-01 -3.60093922e-01  9.89586519e-01  1.25549087e-03 
 2.26624375e-05 -3.60071624e-01 -3.60093899e-01  9.89586817e-01  1.25612838e-03 
 2.26674375e-05 -3.60071630e-01 -3.60093877e-01  9.89587304e-01  1.25548813e-03 
 2.26724375e-05 -3.60071635e-01 -3.60093855e-01  9.89587962e-01  1.25612502e-03 
 2.26774375e-05 -3.60071640e-01 -3.60093833e-01  9.89588767e-01  1.25548480e-03 
 2.26824375e-05 -3.60071644e-01 -3.60093810e-01  9.89589691e-01  1.25612127e-03 
 2.26874375e-05 -3.60071650e-01 -3.60093788e-01  9.89590708e-01  1.25548126e-03 
 2.26924375e-05 -3.60071656e-01 -3.60093766e-01  9.89591786e-01  1.25611749e-03 
 2.26974375e-05 -3.60071664e-01 -3.60093744e-01  9.89592898e-01  1.25547787e-03 
 2.27024375e-05 -3.60071673e-01 -3.60093721e-01  9.89594013e-01  1.25611403e-03 
 2.27074375e-05 -3.60071684e-01 -3.60093699e-01  9.89595103e-01  1.25547496e-03 
 2.27124375e-05 -3.60071696e-01 -3.60093677e-01  9.89596141e-01  1.25611118e-03 
 2.27174375e-05 -3.60071711e-01 -3.60093655e-01  9.89597103e-01  1.25547277e-03 
 2.27224375e-05 -3.60071727e-01 -3.60093632e-01  9.89597968e-01  1.25610914e-03 
 2.27274375e-05 -3.60071745e-01 -3.60093610e-01  9.89598719e-01  1.25547146e-03 
 2.27324375e-05 -3.60071764e-01 -3.60093588e-01  9.89599340e-01  1.25610803e-03 
 2.27374375e-05 -3.60071785e-01 -3.60093566e-01  9.89599822e-01  1.25547110e-03 
 2.27424375e-05 -3.60071806e-01 -3.60093544e-01  9.89600158e-01  1.25610786e-03 
 2.27474375e-05 -3.60071828e-01 -3.60093521e-01  9.89600345e-01  1.25547165e-03 
 2.27524375e-05 -3.60071850e-01 -3.60093499e-01  9.89600385e-01  1.25610856e-03 
 2.27574375e-05 -3.60071873e-01 -3.60093477e-01  9.89600283e-01  1.25547299e-03 
 2.27624375e-05 -3.60071894e-01 -3.60093455e-01  9.89600046e-01  1.25610996e-03 
 2.27674375e-05 -3.60071916e-01 -3.60093432e-01  9.89599688e-01  1.25547494e-03 
 2.27724375e-05 -3.60071936e-01 -3.60093410e-01  9.89599220e-01  1.25611185e-03 
 2.27774375e-05 -3.60071956e-01 -3.60093388e-01  9.89598662e-01  1.25547726e-03 
 2.27824375e-05 -3.60071974e-01 -3.60093366e-01  9.89598027e-01  1.25611399e-03 
 2.27874375e-05 -3.60071990e-01 -3.60093343e-01  9.89597339e-01  1.25547970e-03 
 2.27924375e-05 -3.60072005e-01 -3.60093321e-01  9.89596614e-01  1.25611613e-03 
 2.27974375e-05 -3.60072018e-01 -3.60093299e-01  9.89595874e-01  1.25548202e-03 
 2.28024375e-05 -3.60072028e-01 -3.60093277e-01  9.89595136e-01  1.25611804e-03 
 2.28074375e-05 -3.60072037e-01 -3.60093254e-01  9.89594421e-01  1.25548402e-03 
 2.28124375e-05 -3.60072044e-01 -3.60093232e-01  9.89593744e-01  1.25611954e-03 
 2.28174375e-05 -3.60072049e-01 -3.60093210e-01  9.89593123e-01  1.25548553e-03 
 2.28224375e-05 -3.60072052e-01 -3.60093188e-01  9.89592568e-01  1.25612049e-03 
 2.28274375e-05 -3.60072054e-01 -3.60093166e-01  9.89592094e-01  1.25548646e-03 
 2.28324375e-05 -3.60072053e-01 -3.60093143e-01  9.89591706e-01  1.25612084e-03 
 2.28374375e-05 -3.60072052e-01 -3.60093121e-01  9.89591413e-01  1.25548677e-03 
 2.28424375e-05 -3.60072049e-01 -3.60093099e-01  9.89591218e-01  1.25612057e-03 
 2.28474375e-05 -3.60072046e-01 -3.60093077e-01  9.89591121e-01  1.25548648e-03 
 2.28524375e-05 -3.60072042e-01 -3.60093054e-01  9.89591121e-01  1.25611975e-03 
 2.28574375e-05 -3.60072037e-01 -3.60093032e-01  9.89591214e-01  1.25548570e-03 
 2.28624375e-05 -3.60072032e-01 -3.60093010e-01  9.89591393e-01  1.25611849e-03 
 2.28674375e-05 -3.60072027e-01 -3.60092988e-01  9.89591652e-01  1.25548455e-03 
 2.28724375e-05 -3.60072022e-01 -3.60092965e-01  9.89591979e-01  1.25611694e-03 
 2.28774375e-05 -3.60072018e-01 -3.60092943e-01  9.89592365e-01  1.25548317e-03 
 2.28824375e-05 -3.60072014e-01 -3.60092921e-01  9.89592795e-01  1.25611524e-03 
 2.28874375e-05 -3.60072011e-01 -3.60092899e-01  9.89593260e-01  1.25548174e-03 
 2.28924375e-05 -3.60072009e-01 -3.60092876e-01  9.89593743e-01  1.25611358e-03 
 2.28974375e-05 -3.60072008e-01 -3.60092854e-01  9.89594235e-01  1.25548042e-03 
 2.29024375e-05 -3.60072008e-01 -3.60092832e-01  9.89594720e-01  1.25611209e-03 
 2.29074375e-05 -3.60072008e-01 -3.60092810e-01  9.89595188e-01  1.25547933e-03 
 2.29124375e-05 -3.60072010e-01 -3.60092788e-01  9.89595626e-01  1.25611089e-03 
 2.29174375e-05 -3.60072013e-01 -3.60092765e-01  9.89596026e-01  1.25547858e-03 
 2.29224375e-05 -3.60072016e-01 -3.60092743e-01  9.89596378e-01  1.25611006e-03 
 2.29274375e-05 -3.60072021e-01 -3.60092721e-01  9.89596677e-01  1.25547823e-03 
 2.29324375e-05 -3.60072026e-01 -3.60092699e-01  9.89596916e-01  1.25610964e-03 
 2.29374375e-05 -3.60072032e-01 -3.60092676e-01  9.89597092e-01  1.25547829e-03 
 2.29424375e-05 -3.60072038e-01 -3.60092654e-01  9.89597202e-01  1.25610963e-03 
 2.29474375e-05 -3.60072045e-01 -3.60092632e-01  9.89597248e-01  1.25547873e-03 
 2.29524375e-05 -3.60072052e-01 -3.60092610e-01  9.89597230e-01  1.25610998e-03 
 2.29574375e-05 -3.60072059e-01 -3.60092587e-01  9.89597152e-01  1.25547950e-03 
 2.29624375e-05 -3.60072065e-01 -3.60092565e-01  9.89597017e-01  1.25611061e-03 
 2.29674375e-05 -3.60072072e-01 -3.60092543e-01  9.89596832e-01  1.25548051e-03 
 2.29724375e-05 -3.60072078e-01 -3.60092521e-01  9.89596603e-01  1.25611142e-03 
 2.29774375e-05 -3.60072084e-01 -3.60092498e-01  9.89596339e-01  1.25548164e-03 
 2.29824375e-05 -3.60072090e-01 -3.60092476e-01  9.89596046e-01  1.25611231e-03 
 2.29874375e-05 -3.60072095e-01 -3.60092454e-01  9.89595734e-01  1.25548280e-03 
 2.29924375e-05 -3.60072098e-01 -3.60092432e-01  9.89595410e-01  1.25611317e-03 
 2.29974375e-05 -3.60072102e-01 -3.60092410e-01  9.89595085e-01  1.25548387e-03 
 2.30024375e-05 -3.60072104e-01 -3.60092387e-01  9.89594766e-01  1.25611390e-03 
 2.30074375e-05 -3.60072106e-01 -3.60092365e-01  9.89594461e-01  1.25548478e-03 
 2.30124375e-05 -3.60072107e-01 -3.60092343e-01  9.89594177e-01  1.25611443e-03 
 2.30174375e-05 -3.60072107e-01 -3.60092321e-01  9.89593920e-01  1.25548546e-03 
 2.30224375e-05 -3.60072106e-01 -3.60092298e-01  9.89593696e-01  1.25611471e-03 
 2.30274375e-05 -3.60072105e-01 -3.60092276e-01  9.89593509e-01  1.25548587e-03 
 2.30324375e-05 -3.60072103e-01 -3.60092254e-01  9.89593362e-01  1.25611471e-03 
 2.30374375e-05 -3.60072101e-01 -3.60092232e-01  9.89593258e-01  1.25548601e-03 
 2.30424375e-05 -3.60072099e-01 -3.60092209e-01  9.89593197e-01  1.25611446e-03 
 2.30474375e-05 -3.60072096e-01 -3.60092187e-01  9.89593179e-01  1.25548591e-03 
 2.30524375e-05 -3.60072093e-01 -3.60092165e-01  9.89593202e-01  1.25611397e-03 
 2.30574375e-05 -3.60072090e-01 -3.60092143e-01  9.89593265e-01  1.25548559e-03 
 2.30624375e-05 -3.60072086e-01 -3.60092120e-01  9.89593364e-01  1.25611330e-03 
 2.30674375e-05 -3.60072083e-01 -3.60092098e-01  9.89593495e-01  1.25548513e-03 
 2.30724375e-05 -3.60072080e-01 -3.60092076e-01  9.89593654e-01  1.25611252e-03 
 2.30774375e-05 -3.60072078e-01 -3.60092054e-01  9.89593835e-01  1.25548459e-03 
 2.30824375e-05 -3.60072075e-01 -3.60092032e-01  9.89594033e-01  1.25611171e-03 
 2.30874375e-05 -3.60072074e-01 -3.60092009e-01  9.89594243e-01  1.25548405e-03 
 2.30924375e-05 -3.60072072e-01 -3.60091987e-01  9.89594458e-01  1.25611092e-03 
 2.30974375e-05 -3.60072071e-01 -3.60091965e-01  9.89594673e-01  1.25548357e-03 
 2.31024375e-05 -3.60072070e-01 -3.60091943e-01  9.89594882e-01  1.25611022e-03 
 2.31074375e-05 -3.60072070e-01 -3.60091920e-01  9.89595081e-01  1.25548321e-03 
 2.31124375e-05 -3.60072071e-01 -3.60091898e-01  9.89595264e-01  1.25610967e-03 
 2.31174375e-05 -3.60072072e-01 -3.60091876e-01  9.89595429e-01  1.25548300e-03 
 2.31224375e-05 -3.60072073e-01 -3.60091854e-01  9.89595570e-01  1.25610928e-03 
 2.31274375e-05 -3.60072075e-01 -3.60091831e-01  9.89595687e-01  1.25548298e-03 
 2.31324375e-05 -3.60072076e-01 -3.60091809e-01  9.89595776e-01  1.25610908e-03 
 2.31374375e-05 -3.60072079e-01 -3.60091787e-01  9.89595837e-01  1.25548313e-03 
 2.31424375e-05 -3.60072081e-01 -3.60091765e-01  9.89595870e-01  1.25610905e-03 
 2.31474375e-05 -3.60072084e-01 -3.60091742e-01  9.89595874e-01  1.25548344e-03 
 2.31524375e-05 -3.60072086e-01 -3.60091720e-01  9.89595851e-01  1.25610917e-03 
 2.31574375e-05 -3.60072089e-01 -3.60091698e-01  9.89595802e-01  1.25548389e-03 
 2.31624375e-05 -3.60072091e-01 -3.60091676e-01  9.89595730e-01  1.25610940e-03 
 2.31674375e-05 -3.60072094e-01 -3.60091653e-01  9.89595638e-01  1.25548443e-03 
 2.31724375e-05 -3.60072096e-01 -3.60091631e-01  9.89595528e-01  1.25610970e-03 
 2.31774375e-05 -3.60072098e-01 -3.60091609e-01  9.89595404e-01  1.25548501e-03 
 2.31824375e-05 -3.60072100e-01 -3.60091587e-01  9.89595270e-01  1.25611001e-03 
 2.31874375e-05 -3.60072102e-01 -3.60091565e-01  9.89595130e-01  1.25548559e-03 
 2.31924375e-05 -3.60072103e-01 -3.60091542e-01  9.89594987e-01  1.25611031e-03 
 2.31974375e-05 -3.60072104e-01 -3.60091520e-01  9.89594845e-01  1.25548612e-03 
 2.32024375e-05 -3.60072105e-01 -3.60091498e-01  9.89594708e-01  1.25611053e-03 
 2.32074375e-05 -3.60072105e-01 -3.60091476e-01  9.89594579e-01  1.25548657e-03 
 2.32124375e-05 -3.60072105e-01 -3.60091453e-01  9.89594461e-01  1.25611066e-03 
 2.32174375e-05 -3.60072105e-01 -3.60091431e-01  9.89594356e-01  1.25548691e-03 
 2.32224375e-05 -3.60072104e-01 -3.60091409e-01  9.89594267e-01  1.25611068e-03 
 2.32274375e-05 -3.60072103e-01 -3.60091387e-01  9.89594195e-01  1.25548713e-03 
 2.32324375e-05 -3.60072102e-01 -3.60091364e-01  9.89594141e-01  1.25611057e-03 
 2.32374375e-05 -3.60072101e-01 -3.60091342e-01  9.89594106e-01  1.25548723e-03 
 2.32424375e-05 -3.60072100e-01 -3.60091320e-01  9.89594089e-01  1.25611035e-03 
 2.32474375e-05 -3.60072098e-01 -3.60091298e-01  9.89594092e-01  1.25548723e-03 
 2.32524375e-05 -3.60072096e-01 -3.60091276e-01  9.89594112e-01  1.25611004e-03 
 2.32574375e-05 -3.60072095e-01 -3.60091253e-01  9.89594149e-01  1.25548715e-03 
 2.32624375e-05 -3.60072093e-01 -3.60091231e-01  9.89594201e-01  1.25610966e-03 
 2.32674375e-05 -3.60072092e-01 -3.60091209e-01  9.89594265e-01  1.25548701e-03 
 2.32724375e-05 -3.60072091e-01 -3.60091187e-01  9.89594341e-01  1.25610923e-03 
 2.32774375e-05 -3.60072089e-01 -3.60091164e-01  9.89594425e-01  1.25548684e-03 
 2.32824375e-05 -3.60072088e-01 -3.60091142e-01  9.89594515e-01  1.25610880e-03 
 2.32874375e-05 -3.60072088e-01 -3.60091120e-01  9.89594609e-01  1.25548668e-03 
 2.32924375e-05 -3.60072087e-01 -3.60091098e-01  9.89594703e-01  1.25610839e-03 
 2.32974375e-05 -3.60072087e-01 -3.60091075e-01  9.89594797e-01  1.25548656e-03 
 2.33024375e-05 -3.60072086e-01 -3.60091053e-01  9.89594886e-01  1.25610803e-03 
 2.33074375e-05 -3.60072086e-01 -3.60091031e-01  9.89594970e-01  1.25548649e-03 
 2.33124375e-05 -3.60072086e-01 -3.60091009e-01  9.89595046e-01  1.25610773e-03 
 2.33174375e-05 -3.60072087e-01 -3.60090986e-01  9.89595113e-01  1.25548650e-03 
 2.33224375e-05 -3.60072087e-01 -3.60090964e-01  9.89595169e-01  1.25610751e-03 
 2.33274375e-05 -3.60072088e-01 -3.60090942e-01  9.89595213e-01  1.25548658e-03 
 2.33324375e-05 -3.60072089e-01 -3.60090920e-01  9.89595245e-01  1.25610737e-03 
 2.33374375e-05 -3.60072090e-01 -3.60090897e-01  9.89595265e-01  1.25548675e-03 
 2.33424375e-05 -3.60072091e-01 -3.60090875e-01  9.89595272e-01  1.25610730e-03 
 2.33474375e-05 -3.60072092e-01 -3.60090853e-01  9.89595267e-01  1.25548698e-03 
 2.33524375e-05 -3.60072093e-01 -3.60090831e-01  9.89595251e-01  1.25610730e-03 
 2.33574375e-05 -3.60072094e-01 -3.60090809e-01  9.89595224e-01  1.25548726e-03 
 2.33624375e-05 -3.60072095e-01 -3.60090786e-01  9.89595187e-01  1.25610733e-03 
 2.33674375e-05 -3.60072096e-01 -3.60090764e-01  9.89595142e-01  1.25548758e-03 
 2.33724375e-05 -3.60072097e-01 -3.60090742e-01  9.89595090e-01  1.25610740e-03 
 2.33774375e-05 -3.60072098e-01 -3.60090720e-01  9.89595033e-01  1.25548791e-03 
 2.33824375e-05 -3.60072099e-01 -3.60090697e-01  9.89594972e-01  1.25610746e-03 
 2.33874375e-05 -3.60072099e-01 -3.60090675e-01  9.89594910e-01  1.25548823e-03 
 2.33924375e-05 -3.60072100e-01 -3.60090653e-01  9.89594847e-01  1.25610751e-03 
 2.33974375e-05 -3.60072100e-01 -3.60090631e-01  9.89594786e-01  1.25548853e-03 
 2.34024375e-05 -3.60072100e-01 -3.60090608e-01  9.89594727e-01  1.25610752e-03 
 2.34074375e-05 -3.60072100e-01 -3.60090586e-01  9.89594673e-01  1.25548879e-03 
 2.34124375e-05 -3.60072100e-01 -3.60090564e-01  9.89594624e-01  1.25610749e-03 
 2.34174375e-05 -3.60072100e-01 -3.60090542e-01  9.89594582e-01  1.25548900e-03 
 2.34224375e-05 -3.60072100e-01 -3.60090520e-01  9.89594547e-01  1.25610741e-03 
 2.34274375e-05 -3.60072099e-01 -3.60090497e-01  9.89594520e-01  1.25548916e-03 
 2.34324375e-05 -3.60072099e-01 -3.60090475e-01  9.89594501e-01  1.25610728e-03 
 2.34374375e-05 -3.60072098e-01 -3.60090453e-01  9.89594490e-01  1.25548926e-03 
 2.34424375e-05 -3.60072097e-01 -3.60090431e-01  9.89594488e-01  1.25610709e-03 
 2.34474375e-05 -3.60072097e-01 -3.60090408e-01  9.89594493e-01  1.25548932e-03 
 2.34524375e-05 -3.60072096e-01 -3.60090386e-01  9.89594506e-01  1.25610687e-03 
 2.34574375e-05 -3.60072095e-01 -3.60090364e-01  9.89594526e-01  1.25548935e-03 
 2.34624375e-05 -3.60072095e-01 -3.60090342e-01  9.89594552e-01  1.25610662e-03 
 2.34674375e-05 -3.60072094e-01 -3.60090319e-01  9.89594584e-01  1.25548936e-03 
 2.34724375e-05 -3.60072093e-01 -3.60090297e-01  9.89594619e-01  1.25610636e-03 
 2.34774375e-05 -3.60072093e-01 -3.60090275e-01  9.89594658e-01  1.25548936e-03 
 2.34824375e-05 -3.60072092e-01 -3.60090253e-01  9.89594698e-01  1.25610610e-03 
 2.34874375e-05 -3.60072092e-01 -3.60090230e-01  9.89594740e-01  1.25548937e-03 
 2.34924375e-05 -3.60072092e-01 -3.60090208e-01  9.89594781e-01  1.25610585e-03 
 2.34974375e-05 -3.60072092e-01 -3.60090186e-01  9.89594821e-01  1.25548939e-03 
 2.35024375e-05 -3.60072092e-01 -3.60090164e-01  9.89594859e-01  1.25610563e-03 
 2.35074375e-05 -3.60072092e-01 -3.60090142e-01  9.89594894e-01  1.25548944e-03 
 2.35124375e-05 -3.60072092e-01 -3.60090119e-01  9.89594925e-01  1.25610543e-03 
 2.35174375e-05 -3.60072092e-01 -3.60090097e-01  9.89594952e-01  1.25548953e-03 
 2.35224375e-05 -3.60072092e-01 -3.60090075e-01  9.89594974e-01  1.25610527e-03 
 2.35274375e-05 -3.60072093e-01 -3.60090053e-01  9.89594990e-01  1.25548965e-03 
 2.35324375e-05 -3.60072093e-01 -3.60090030e-01  9.89595001e-01  1.25610515e-03 
 2.35374375e-05 -3.60072093e-01 -3.60090008e-01  9.89595007e-01  1.25548980e-03 
 2.35424375e-05 -3.60072094e-01 -3.60089986e-01  9.89595007e-01  1.25610505e-03 
 2.35474375e-05 -3.60072094e-01 -3.60089964e-01  9.89595002e-01  1.25548999e-03 
 2.35524375e-05 -3.60072095e-01 -3.60089941e-01  9.89594992e-01  1.25610498e-03 
 2.35574375e-05 -3.60072095e-01 -3.60089919e-01  9.89594978e-01  1.25549019e-03 
 2.35624375e-05 -3.60072096e-01 -3.60089897e-01  9.89594959e-01  1.25610493e-03 
 2.35674375e-05 -3.60072096e-01 -3.60089875e-01  9.89594938e-01  1.25549040e-03 
 2.35724375e-05 -3.60072096e-01 -3.60089852e-01  9.89594913e-01  1.25610488e-03 
 2.35774375e-05 -3.60072097e-01 -3.60089830e-01  9.89594887e-01  1.25549062e-03 
 2.35824375e-05 -3.60072097e-01 -3.60089808e-01  9.89594860e-01  1.25610484e-03 
 2.35874375e-05 -3.60072097e-01 -3.60089786e-01  9.89594833e-01  1.25549084e-03 
 2.35924375e-05 -3.60072097e-01 -3.60089764e-01  9.89594806e-01  1.25610478e-03 
 2.35974375e-05 -3.60072098e-01 -3.60089741e-01  9.89594779e-01  1.25549104e-03 
 2.36024375e-05 -3.60072098e-01 -3.60089719e-01  9.89594755e-01  1.25610471e-03 
 2.36074375e-05 -3.60072098e-01 -3.60089697e-01  9.89594732e-01  1.25549122e-03 
 2.36124375e-05 -3.60072097e-01 -3.60089675e-01  9.89594712e-01  1.25610462e-03 
 2.36174375e-05 -3.60072097e-01 -3.60089652e-01  9.89594696e-01  1.25549138e-03 
 2.36224375e-05 -3.60072097e-01 -3.60089630e-01  9.89594682e-01  1.25610450e-03 
 2.36274375e-05 -3.60072097e-01 -3.60089608e-01  9.89594672e-01  1.25549151e-03 
 2.36324375e-05 -3.60072097e-01 -3.60089586e-01  9.89594666e-01  1.25610436e-03 
 2.36374375e-05 -3.60072096e-01 -3.60089563e-01  9.89594663e-01  1.25549162e-03 
 2.36424375e-05 -3.60072096e-01 -3.60089541e-01  9.89594664e-01  1.25610420e-03 
 2.36474375e-05 -3.60072096e-01 -3.60089519e-01  9.89594669e-01  1.25549172e-03 
 2.36524375e-05 -3.60072095e-01 -3.60089497e-01  9.89594676e-01  1.25610403e-03 
 2.36574375e-05 -3.60072095e-01 -3.60089474e-01  9.89594686e-01  1.25549180e-03 
 2.36624375e-05 -3.60072095e-01 -3.60089452e-01  9.89594699e-01  1.25610385e-03 
 2.36674375e-05 -3.60072095e-01 -3.60089430e-01  9.89594714e-01  1.25549188e-03 
 2.36724375e-05 -3.60072094e-01 -3.60089408e-01  9.89594730e-01  1.25610366e-03 
 2.36774375e-05 -3.60072094e-01 -3.60089386e-01  9.89594748e-01  1.25549195e-03 
 2.36824375e-05 -3.60072094e-01 -3.60089363e-01  9.89594766e-01  1.25610347e-03 
 2.36874375e-05 -3.60072094e-01 -3.60089341e-01  9.89594784e-01  1.25549203e-03 
 2.36924375e-05 -3.60072094e-01 -3.60089319e-01  9.89594802e-01  1.25610329e-03 
 2.36974375e-05 -3.60072094e-01 -3.60089297e-01  9.89594819e-01  1.25549211e-03 
 2.37024375e-05 -3.60072094e-01 -3.60089274e-01  9.89594835e-01  1.25610312e-03 
 2.37074375e-05 -3.60072094e-01 -3.60089252e-01  9.89594850e-01  1.25549221e-03 
 2.37124375e-05 -3.60072094e-01 -3.60089230e-01  9.89594862e-01  1.25610297e-03 
 2.37174375e-05 -3.60072094e-01 -3.60089208e-01  9.89594873e-01  1.25549233e-03 
 2.37224375e-05 -3.60072094e-01 -3.60089185e-01  9.89594881e-01  1.25610283e-03 
 2.37274375e-05 -3.60072094e-01 -3.60089163e-01  9.89594887e-01  1.25549246e-03 
 2.37324375e-05 -3.60072094e-01 -3.60089141e-01  9.89594890e-01  1.25610271e-03 
 2.37374375e-05 -3.60072095e-01 -3.60089119e-01  9.89594891e-01  1.25549260e-03 
 2.37424375e-05 -3.60072095e-01 -3.60089096e-01  9.89594890e-01  1.25610259e-03 
 2.37474375e-05 -3.60072095e-01 -3.60089074e-01  9.89594887e-01  1.25549276e-03 
 2.37524375e-05 -3.60072095e-01 -3.60089052e-01  9.89594881e-01  1.25610249e-03 
 2.37574375e-05 -3.60072095e-01 -3.60089030e-01  9.89594874e-01  1.25549292e-03 
 2.37624375e-05 -3.60072096e-01 -3.60089008e-01  9.89594865e-01  1.25610240e-03 
 2.37674375e-05 -3.60072096e-01 -3.60088985e-01  9.89594855e-01  1.25549309e-03 
 2.37724375e-05 -3.60072096e-01 -3.60088963e-01  9.89594844e-01  1.25610231e-03 
 2.37774375e-05 -3.60072096e-01 -3.60088941e-01  9.89594832e-01  1.25549326e-03 
 2.37824375e-05 -3.60072096e-01 -3.60088919e-01  9.89594820e-01  1.25610221e-03 
 2.37874375e-05 -3.60072096e-01 -3.60088896e-01  9.89594808e-01  1.25549342e-03 
 2.37924375e-05 -3.60072096e-01 -3.60088874e-01  9.89594796e-01  1.25610211e-03 
 2.37974375e-05 -3.60072096e-01 -3.60088852e-01  9.89594785e-01  1.25549358e-03 
 2.38024375e-05 -3.60072096e-01 -3.60088830e-01  9.89594775e-01  1.25610201e-03 
 2.38074375e-05 -3.60072096e-01 -3.60088807e-01  9.89594765e-01  1.25549373e-03 
 2.38124375e-05 -3.60072096e-01 -3.60088785e-01  9.89594757e-01  1.25610189e-03 
 2.38174375e-05 -3.60072096e-01 -3.60088763e-01  9.89594751e-01  1.25549387e-03 
 2.38224375e-05 -3.60072096e-01 -3.60088741e-01  9.89594746e-01  1.25610177e-03 
 2.38274375e-05 -3.60072096e-01 -3.60088718e-01  9.89594742e-01  1.25549400e-03 
 2.38324375e-05 -3.60072096e-01 -3.60088696e-01  9.89594740e-01  1.25610163e-03 
 2.38374375e-05 -3.60072096e-01 -3.60088674e-01  9.89594740e-01  1.25549412e-03 
 2.38424375e-05 -3.60072096e-01 -3.60088652e-01  9.89594741e-01  1.25610149e-03 
 2.38474375e-05 -3.60072095e-01 -3.60088630e-01  9.89594744e-01  1.25549423e-03 
 2.38524375e-05 -3.60072095e-01 -3.60088607e-01  9.89594748e-01  1.25610134e-03 
 2.38574375e-05 -3.60072095e-01 -3.60088585e-01  9.89594753e-01  1.25549434e-03 
 2.38624375e-05 -3.60072095e-01 -3.60088563e-01  9.89594760e-01  1.25610118e-03 
 2.38674375e-05 -3.60072095e-01 -3.60088541e-01  9.89594766e-01  1.25549444e-03 
 2.38724375e-05 -3.60072095e-01 -3.60088518e-01  9.89594774e-01  1.25610103e-03 
 2.38774375e-05 -3.60072095e-01 -3.60088496e-01  9.89594782e-01  1.25549455e-03 
 2.38824375e-05 -3.60072095e-01 -3.60088474e-01  9.89594790e-01  1.25610087e-03 
 2.38874375e-05 -3.60072095e-01 -3.60088452e-01  9.89594798e-01  1.25549466e-03 
 2.38924375e-05 -3.60072095e-01 -3.60088429e-01  9.89594805e-01  1.25610072e-03 
 2.38974375e-05 -3.60072095e-01 -3.60088407e-01  9.89594813e-01  1.25549477e-03 
 2.39024375e-05 -3.60072095e-01 -3.60088385e-01  9.89594819e-01  1.25610058e-03 
 2.39074375e-05 -3.60072095e-01 -3.60088363e-01  9.89594825e-01  1.25549489e-03 
 2.39124375e-05 -3.60072095e-01 -3.60088340e-01  9.89594830e-01  1.25610044e-03 
 2.39174375e-05 -3.60072095e-01 -3.60088318e-01  9.89594834e-01  1.25549501e-03 
 2.39224375e-05 -3.60072095e-01 -3.60088296e-01  9.89594837e-01  1.25610031e-03 
 2.39274375e-05 -3.60072095e-01 -3.60088274e-01  9.89594839e-01  1.25549514e-03 
 2.39324375e-05 -3.60072095e-01 -3.60088252e-01  9.89594840e-01  1.25610018e-03 
 2.39374375e-05 -3.60072095e-01 -3.60088229e-01  9.89594840e-01  1.25549528e-03 
 2.39424375e-05 -3.60072095e-01 -3.60088207e-01  9.89594839e-01  1.25610006e-03 
 2.39474375e-05 -3.60072095e-01 -3.60088185e-01  9.89594837e-01  1.25549542e-03 
 2.39524375e-05 -3.60072095e-01 -3.60088163e-01  9.89594834e-01  1.25609995e-03 
 2.39574375e-05 -3.60072095e-01 -3.60088140e-01  9.89594831e-01  1.25549557e-03 
 2.39624375e-05 -3.60072095e-01 -3.60088118e-01  9.89594826e-01  1.25609984e-03 
 2.39674375e-05 -3.60072096e-01 -3.60088096e-01  9.89594822e-01  1.25549571e-03 
 2.39724375e-05 -3.60072096e-01 -3.60088074e-01  9.89594817e-01  1.25609972e-03 
 2.39774375e-05 -3.60072096e-01 -3.60088051e-01  9.89594811e-01  1.25549586e-03 
 2.39824375e-05 -3.60072096e-01 -3.60088029e-01  9.89594806e-01  1.25609961e-03 
 2.39874375e-05 -3.60072096e-01 -3.60088007e-01  9.89594801e-01  1.25549600e-03 
 2.39924375e-05 -3.60072096e-01 -3.60087985e-01  9.89594796e-01  1.25609949e-03 
 2.39974375e-05 -3.60072096e-01 -3.60087962e-01  9.89594791e-01  1.25549614e-03 
 2.40024375e-05 -3.60072096e-01 -3.60087940e-01  9.89594787e-01  1.25609937e-03 
 2.40074375e-05 -3.60072096e-01 -3.60087918e-01  9.89594783e-01  1.25549628e-03 
 2.40124375e-05 -3.60072096e-01 -3.60087896e-01  9.89594780e-01  1.25609925e-03 
 2.40174375e-05 -3.60072096e-01 -3.60087874e-01  9.89594777e-01  1.25549641e-03 
 2.40224375e-05 -3.60072096e-01 -3.60087851e-01  9.89594776e-01  1.25609912e-03 
 2.40274375e-05 -3.60072096e-01 -3.60087829e-01  9.89594774e-01  1.25549654e-03 
 2.40324375e-05 -3.60072095e-01 -3.60087807e-01  9.89594774e-01  1.25609899e-03 
 2.40374375e-05 -3.60072095e-01 -3.60087785e-01  9.89594774e-01  1.25549666e-03 
 2.40424375e-05 -3.60072095e-01 -3.60087762e-01  9.89594775e-01  1.25609885e-03 
 2.40474375e-05 -3.60072095e-01 -3.60087740e-01  9.89594777e-01  1.25549678e-03 
 2.40524375e-05 -3.60072095e-01 -3.60087718e-01  9.89594779e-01  1.25609871e-03 
 2.40574375e-05 -3.60072095e-01 -3.60087696e-01  9.89594781e-01  1.25549690e-03 
 2.40624375e-05 -3.60072095e-01 -3.60087673e-01  9.89594784e-01  1.25609857e-03 
 2.40674375e-05 -3.60072095e-01 -3.60087651e-01  9.89594787e-01  1.25549702e-03 
 2.40724375e-05 -3.60072095e-01 -3.60087629e-01  9.89594791e-01  1.25609843e-03 
 2.40774375e-05 -3.60072095e-01 -3.60087607e-01  9.89594794e-01  1.25549713e-03 
 2.40824375e-05 -3.60072095e-01 -3.60087584e-01  9.89594798e-01  1.25609830e-03 
 2.40874375e-05 -3.60072095e-01 -3.60087562e-01  9.89594801e-01  1.25549725e-03 
 2.40924375e-05 -3.60072095e-01 -3.60087540e-01  9.89594804e-01  1.25609816e-03 
 2.40974375e-05 -3.60072095e-01 -3.60087518e-01  9.89594808e-01  1.25549738e-03 
 2.41024375e-05 -3.60072095e-01 -3.60087496e-01  9.89594810e-01  1.25609802e-03 
 2.41074375e-05 -3.60072095e-01 -3.60087473e-01  9.89594813e-01  1.25549750e-03 
 2.41124375e-05 -3.60072095e-01 -3.60087451e-01  9.89594815e-01  1.25609789e-03 
 2.41174375e-05 -3.60072095e-01 -3.60087429e-01  9.89594816e-01  1.25549763e-03 
 2.41224375e-05 -3.60072095e-01 -3.60087407e-01  9.89594817e-01  1.25609776e-03 
 2.41274375e-05 -3.60072095e-01 -3.60087384e-01  9.89594818e-01  1.25549776e-03 
 2.41324375e-05 -3.60072095e-01 -3.60087362e-01  9.89594818e-01  1.25609764e-03 
 2.41374375e-05 -3.60072095e-01 -3.60087340e-01  9.89594818e-01  1.25549789e-03 
 2.41424375e-05 -3.60072095e-01 -3.60087318e-01  9.89594817e-01  1.25609752e-03 
 2.41474375e-05 -3.60072095e-01 -3.60087295e-01  9.89594816e-01  1.25549802e-03 
 2.41524375e-05 -3.60072095e-01 -3.60087273e-01  9.89594814e-01  1.25609739e-03 
 2.41574375e-05 -3.60072095e-01 -3.60087251e-01  9.89594813e-01  1.25549816e-03 
 2.41624375e-05 -3.60072095e-01 -3.60087229e-01  9.89594811e-01  1.25609727e-03 
 2.41674375e-05 -3.60072095e-01 -3.60087206e-01  9.89594809e-01  1.25549829e-03 
 2.41724375e-05 -3.60072095e-01 -3.60087184e-01  9.89594806e-01  1.25609715e-03 
 2.41774375e-05 -3.60072095e-01 -3.60087162e-01  9.89594804e-01  1.25549843e-03 
 2.41824375e-05 -3.60072095e-01 -3.60087140e-01  9.89594802e-01  1.25609703e-03 
 2.41874375e-05 -3.60072095e-01 -3.60087118e-01  9.89594799e-01  1.25549856e-03 
 2.41924375e-05 -3.60072095e-01 -3.60087095e-01  9.89594797e-01  1.25609691e-03 
 2.41974375e-05 -3.60072095e-01 -3.60087073e-01  9.89594795e-01  1.25549870e-03 
 2.42024375e-05 -3.60072095e-01 -3.60087051e-01  9.89594793e-01  1.25609678e-03 
 2.42074375e-05 -3.60072095e-01 -3.60087029e-01  9.89594792e-01  1.25549883e-03 
 2.42124375e-05 -3.60072095e-01 -3.60087006e-01  9.89594791e-01  1.25609666e-03 
 2.42174375e-05 -3.60072095e-01 -3.60086984e-01  9.89594790e-01  1.25549896e-03 
 2.42224375e-05 -3.60072095e-01 -3.60086962e-01  9.89594789e-01  1.25609653e-03 
 2.42274375e-05 -3.60072095e-01 -3.60086940e-01  9.89594789e-01  1.25549908e-03 
 2.42324375e-05 -3.60072095e-01 -3.60086917e-01  9.89594789e-01  1.25609640e-03 
 2.42374375e-05 -3.60072095e-01 -3.60086895e-01  9.89594789e-01  1.25549921e-03 
 2.42424375e-05 -3.60072095e-01 -3.60086873e-01  9.89594790e-01  1.25609627e-03 
 2.42474375e-05 -3.60072095e-01 -3.60086851e-01  9.89594790e-01  1.25549933e-03 
 2.42524375e-05 -3.60072095e-01 -3.60086828e-01  9.89594792e-01  1.25609613e-03 
 2.42574375e-05 -3.60072095e-01 -3.60086806e-01  9.89594793e-01  1.25549945e-03 
 2.42624375e-05 -3.60072095e-01 -3.60086784e-01  9.89594794e-01  1.25609600e-03 
 2.42674375e-05 -3.60072095e-01 -3.60086762e-01  9.89594796e-01  1.25549958e-03 
 2.42724375e-05 -3.60072095e-01 -3.60086740e-01  9.89594797e-01  1.25609587e-03 
 2.42774375e-05 -3.60072095e-01 -3.60086717e-01  9.89594799e-01  1.25549970e-03 
 2.42824375e-05 -3.60072095e-01 -3.60086695e-01  9.89594800e-01  1.25609574e-03 
 2.42874375e-05 -3.60072095e-01 -3.60086673e-01  9.89594802e-01  1.25549982e-03 
 2.42924375e-05 -3.60072095e-01 -3.60086651e-01  9.89594803e-01  1.25609561e-03 
 2.42974375e-05 -3.60072095e-01 -3.60086628e-01  9.89594804e-01  1.25549995e-03 
 2.43024375e-05 -3.60072095e-01 -3.60086606e-01  9.89594805e-01  1.25609548e-03 
 2.43074375e-05 -3.60072095e-01 -3.60086584e-01  9.89594806e-01  1.25550007e-03 
 2.43124375e-05 -3.60072095e-01 -3.60086562e-01  9.89594807e-01  1.25609535e-03 
 2.43174375e-05 -3.60072095e-01 -3.60086539e-01  9.89594808e-01  1.25550020e-03 
 2.43224375e-05 -3.60072095e-01 -3.60086517e-01  9.89594808e-01  1.25609522e-03 
 2.43274375e-05 -3.60072095e-01 -3.60086495e-01  9.89594808e-01  1.25550033e-03 
 2.43324375e-05 -3.60072095e-01 -3.60086473e-01  9.89594808e-01  1.25609510e-03 
 2.43374375e-05 -3.60072095e-01 -3.60086450e-01  9.89594808e-01  1.25550046e-03 
 2.43424375e-05 -3.60072095e-01 -3.60086428e-01  9.89594807e-01  1.25609497e-03 
 2.43474375e-05 -3.60072095e-01 -3.60086406e-01  9.89594807e-01  1.25550059e-03 
 2.43524375e-05 -3.60072095e-01 -3.60086384e-01  9.89594806e-01  1.25609485e-03 
 2.43574375e-05 -3.60072095e-01 -3.60086362e-01  9.89594805e-01  1.25550072e-03 
 2.43624375e-05 -3.60072095e-01 -3.60086339e-01  9.89594804e-01  1.25609472e-03 
 2.43674375e-05 -3.60072095e-01 -3.60086317e-01  9.89594803e-01  1.25550085e-03 
 2.43724375e-05 -3.60072095e-01 -3.60086295e-01  9.89594802e-01  1.25609460e-03 
 2.43774375e-05 -3.60072095e-01 -3.60086273e-01  9.89594801e-01  1.25550098e-03 
 2.43824375e-05 -3.60072095e-01 -3.60086250e-01  9.89594800e-01  1.25609447e-03 
 2.43874375e-05 -3.60072095e-01 -3.60086228e-01  9.89594799e-01  1.25550111e-03 
 2.43924375e-05 -3.60072095e-01 -3.60086206e-01  9.89594798e-01  1.25609435e-03 
 2.43974375e-05 -3.60072095e-01 -3.60086184e-01  9.89594798e-01  1.25550124e-03 
 2.44024375e-05 -3.60072095e-01 -3.60086161e-01  9.89594797e-01  1.25609422e-03 
 2.44074375e-05 -3.60072095e-01 -3.60086139e-01  9.89594796e-01  1.25550137e-03 
 2.44124375e-05 -3.60072095e-01 -3.60086117e-01  9.89594796e-01  1.25609410e-03 
 2.44174375e-05 -3.60072095e-01 -3.60086095e-01  9.89594796e-01  1.25550149e-03 
 2.44224375e-05 -3.60072095e-01 -3.60086072e-01  9.89594795e-01  1.25609397e-03 
 2.44274375e-05 -3.60072095e-01 -3.60086050e-01  9.89594795e-01  1.25550162e-03 
 2.44324375e-05 -3.60072095e-01 -3.60086028e-01  9.89594795e-01  1.25609384e-03 
 2.44374375e-05 -3.60072095e-01 -3.60086006e-01  9.89594796e-01  1.25550174e-03 
 2.44424375e-05 -3.60072095e-01 -3.60085984e-01  9.89594796e-01  1.25609371e-03 
 2.44474375e-05 -3.60072095e-01 -3.60085961e-01  9.89594796e-01  1.25550187e-03 
 2.44524375e-05 -3.60072095e-01 -3.60085939e-01  9.89594797e-01  1.25609359e-03 
 2.44574375e-05 -3.60072095e-01 -3.60085917e-01  9.89594797e-01  1.25550199e-03 
 2.44624375e-05 -3.60072095e-01 -3.60085895e-01  9.89594798e-01  1.25609346e-03 
 2.44674375e-05 -3.60072095e-01 -3.60085872e-01  9.89594799e-01  1.25550212e-03 
 2.44724375e-05 -3.60072095e-01 -3.60085850e-01  9.89594799e-01  1.25609333e-03 
 2.44774375e-05 -3.60072095e-01 -3.60085828e-01  9.89594800e-01  1.25550224e-03 
 2.44824375e-05 -3.60072095e-01 -3.60085806e-01  9.89594801e-01  1.25609320e-03 
 2.44874375e-05 -3.60072095e-01 -3.60085783e-01  9.89594801e-01  1.25550237e-03 
 2.44924375e-05 -3.60072095e-01 -3.60085761e-01  9.89594802e-01  1.25609307e-03 
 2.44974375e-05 -3.60072095e-01 -3.60085739e-01  9.89594802e-01  1.25550249e-03 
 2.45024375e-05 -3.60072095e-01 -3.60085717e-01  9.89594803e-01  1.25609294e-03 
 2.45074375e-05 -3.60072095e-01 -3.60085694e-01  9.89594803e-01  1.25550262e-03 
 2.45124375e-05 -3.60072095e-01 -3.60085672e-01  9.89594803e-01  1.25609282e-03 
 2.45174375e-05 -3.60072095e-01 -3.60085650e-01  9.89594804e-01  1.25550275e-03 
 2.45224375e-05 -3.60072095e-01 -3.60085628e-01  9.89594804e-01  1.25609269e-03 
 2.45274375e-05 -3.60072095e-01 -3.60085606e-01  9.89594804e-01  1.25550287e-03 
 2.45324375e-05 -3.60072095e-01 -3.60085583e-01  9.89594804e-01  1.25609257e-03 
 2.45374375e-05 -3.60072095e-01 -3.60085561e-01  9.89594804e-01  1.25550300e-03 
 2.45424375e-05 -3.60072095e-01 -3.60085539e-01  9.89594803e-01  1.25609244e-03 
 2.45474375e-05 -3.60072095e-01 -3.60085517e-01  9.89594803e-01  1.25550313e-03 
 2.45524375e-05 -3.60072095e-01 -3.60085494e-01  9.89594803e-01  1.25609232e-03 
 2.45574375e-05 -3.60072095e-01 -3.60085472e-01  9.89594802e-01  1.25550325e-03 
 2.45624375e-05 -3.60072095e-01 -3.60085450e-01  9.89594802e-01  1.25609219e-03 
 2.45674375e-05 -3.60072095e-01 -3.60085428e-01  9.89594801e-01  1.25550338e-03 
 2.45724375e-05 -3.60072095e-01 -3.60085405e-01  9.89594801e-01  1.25609207e-03 
 2.45774375e-05 -3.60072095e-01 -3.60085383e-01  9.89594801e-01  1.25550351e-03 
 2.45824375e-05 -3.60072095e-01 -3.60085361e-01  9.89594800e-01  1.25609194e-03 
 2.45874375e-05 -3.60072095e-01 -3.60085339e-01  9.89594800e-01  1.25550364e-03 
 2.45924375e-05 -3.60072095e-01 -3.60085317e-01  9.89594799e-01  1.25609182e-03 
 2.45974375e-05 -3.60072095e-01 -3.60085294e-01  9.89594799e-01  1.25550376e-03 
 2.46024375e-05 -3.60072095e-01 -3.60085272e-01  9.89594799e-01  1.25609169e-03 
 2.46074375e-05 -3.60072095e-01 -3.60085250e-01  9.89594799e-01  1.25550389e-03 
 2.46124375e-05 -3.60072095e-01 -3.60085228e-01  9.89594798e-01  1.25609157e-03 
 2.46174375e-05 -3.60072095e-01 -3.60085205e-01  9.89594798e-01  1.25550401e-03 
 2.46224375e-05 -3.60072095e-01 -3.60085183e-01  9.89594798e-01  1.25609144e-03 
 2.46274375e-05 -3.60072095e-01 -3.60085161e-01  9.89594798e-01  1.25550414e-03 
 2.46324375e-05 -3.60072095e-01 -3.60085139e-01  9.89594798e-01  1.25609131e-03 
 2.46374375e-05 -3.60072095e-01 -3.60085116e-01  9.89594798e-01  1.25550426e-03 
 2.46424375e-05 -3.60072095e-01 -3.60085094e-01  9.89594799e-01  1.25609119e-03 
 2.46474375e-05 -3.60072095e-01 -3.60085072e-01  9.89594799e-01  1.25550439e-03 
 2.46524375e-05 -3.60072095e-01 -3.60085050e-01  9.89594799e-01  1.25609106e-03 
 2.46574375e-05 -3.60072095e-01 -3.60085027e-01  9.89594799e-01  1.25550451e-03 
 2.46624375e-05 -3.60072095e-01 -3.60085005e-01  9.89594800e-01  1.25609093e-03 
 2.46674375e-05 -3.60072095e-01 -3.60084983e-01  9.89594800e-01  1.25550464e-03 
 2.46724375e-05 -3.60072095e-01 -3.60084961e-01  9.89594800e-01  1.25609081e-03 
 2.46774375e-05 -3.60072095e-01 -3.60084938e-01  9.89594800e-01  1.25550476e-03 
 2.46824375e-05 -3.60072095e-01 -3.60084916e-01  9.89594801e-01  1.25609068e-03 
 2.46874375e-05 -3.60072095e-01 -3.60084894e-01  9.89594801e-01  1.25550489e-03 
 2.46924375e-05 -3.60072095e-01 -3.60084872e-01  9.89594801e-01  1.25609056e-03 
 2.46974375e-05 -3.60072095e-01 -3.60084850e-01  9.89594801e-01  1.25550501e-03 
 2.47024375e-05 -3.60072095e-01 -3.60084827e-01  9.89594802e-01  1.25609043e-03 
 2.47074375e-05 -3.60072095e-01 -3.60084805e-01  9.89594802e-01  1.25550514e-03 
 2.47124375e-05 -3.60072095e-01 -3.60084783e-01  9.89594802e-01  1.25609031e-03 
 2.47174375e-05 -3.60072095e-01 -3.60084761e-01  9.89594802e-01  1.25550526e-03 
 2.47224375e-05 -3.60072095e-01 -3.60084738e-01  9.89594802e-01  1.25609018e-03 
 2.47274375e-05 -3.60072095e-01 -3.60084716e-01  9.89594802e-01  1.25550539e-03 
 2.47324375e-05 -3.60072095e-01 -3.60084694e-01  9.89594802e-01  1.25609006e-03 
 2.47374375e-05 -3.60072095e-01 -3.60084672e-01  9.89594802e-01  1.25550552e-03 
 2.47424375e-05 -3.60072095e-01 -3.60084649e-01  9.89594802e-01  1.25608993e-03 
 2.47474375e-05 -3.60072095e-01 -3.60084627e-01  9.89594802e-01  1.25550564e-03 
 2.47524375e-05 -3.60072095e-01 -3.60084605e-01  9.89594801e-01  1.25608981e-03 
 2.47574375e-05 -3.60072095e-01 -3.60084583e-01  9.89594801e-01  1.25550577e-03 
 2.47624375e-05 -3.60072095e-01 -3.60084561e-01  9.89594801e-01  1.25608968e-03 
 2.47674375e-05 -3.60072095e-01 -3.60084538e-01  9.89594801e-01  1.25550589e-03 
 2.47724375e-05 -3.60072095e-01 -3.60084516e-01  9.89594801e-01  1.25608956e-03 
 2.47774375e-05 -3.60072095e-01 -3.60084494e-01  9.89594800e-01  1.25550602e-03 
 2.47824375e-05 -3.60072095e-01 -3.60084472e-01  9.89594800e-01  1.25608943e-03 
 2.47874375e-05 -3.60072095e-01 -3.60084449e-01  9.89594800e-01  1.25550614e-03 
 2.47924375e-05 -3.60072095e-01 -3.60084427e-01  9.89594800e-01  1.25608931e-03 
 2.47974375e-05 -3.60072095e-01 -3.60084405e-01  9.89594800e-01  1.25550627e-03 
 2.48024375e-05 -3.60072095e-01 -3.60084383e-01  9.89594800e-01  1.25608918e-03 
 2.48074375e-05 -3.60072095e-01 -3.60084360e-01  9.89594800e-01  1.25550639e-03 
 2.48124375e-05 -3.60072095e-01 -3.60084338e-01  9.89594799e-01  1.25608906e-03 
 2.48174375e-05 -3.60072095e-01 -3.60084316e-01  9.89594799e-01  1.25550652e-03 
 2.48224375e-05 -3.60072095e-01 -3.60084294e-01  9.89594799e-01  1.25608893e-03 
 2.48274375e-05 -3.60072095e-01 -3.60084271e-01  9.89594799e-01  1.25550664e-03 
 2.48324375e-05 -3.60072095e-01 -3.60084249e-01  9.89594800e-01  1.25608881e-03 
 2.48374375e-05 -3.60072095e-01 -3.60084227e-01  9.89594800e-01  1.25550677e-03 
 2.48424375e-05 -3.60072095e-01 -3.60084205e-01  9.89594800e-01  1.25608868e-03 
 2.48474375e-05 -3.60072095e-01 -3.60084183e-01  9.89594800e-01  1.25550689e-03 
 2.48524375e-05 -3.60072095e-01 -3.60084160e-01  9.89594800e-01  1.25608856e-03 
 2.48574375e-05 -3.60072095e-01 -3.60084138e-01  9.89594800e-01  1.25550701e-03 
 2.48624375e-05 -3.60072095e-01 -3.60084116e-01  9.89594800e-01  1.25608843e-03 
 2.48674375e-05 -3.60072095e-01 -3.60084094e-01  9.89594800e-01  1.25550714e-03 
 2.48724375e-05 -3.60072095e-01 -3.60084071e-01  9.89594800e-01  1.25608831e-03 
 2.48774375e-05 -3.60072095e-01 -3.60084049e-01  9.89594800e-01  1.25550726e-03 
 2.48824375e-05 -3.60072095e-01 -3.60084027e-01  9.89594801e-01  1.25608818e-03 
 2.48874375e-05 -3.60072095e-01 -3.60084005e-01  9.89594801e-01  1.25550739e-03 
 2.48924375e-05 -3.60072095e-01 -3.60083982e-01  9.89594801e-01  1.25608806e-03 
 2.48974375e-05 -3.60072095e-01 -3.60083960e-01  9.89594801e-01  1.25550751e-03 
 2.49024375e-05 -3.60072095e-01 -3.60083938e-01  9.89594801e-01  1.25608794e-03 
 2.49074375e-05 -3.60072095e-01 -3.60083916e-01  9.89594801e-01  1.25550764e-03 
 2.49124375e-05 -3.60072095e-01 -3.60083893e-01  9.89594801e-01  1.25608781e-03 
 2.49174375e-05 -3.60072095e-01 -3.60083871e-01  9.89594801e-01  1.25550776e-03 
 2.49224375e-05 -3.60072095e-01 -3.60083849e-01  9.89594801e-01  1.25608769e-03 
 2.49274375e-05 -3.60072095e-01 -3.60083827e-01  9.89594801e-01  1.25550788e-03 
 2.49324375e-05 -3.60072095e-01 -3.60083805e-01  9.89594801e-01  1.25608756e-03 
 2.49374375e-05 -3.60072095e-01 -3.60083782e-01  9.89594801e-01  1.25550801e-03 
 2.49424375e-05 -3.60072095e-01 -3.60083760e-01  9.89594801e-01  1.25608744e-03 
 2.49474375e-05 -3.60072095e-01 -3.60083738e-01  9.89594801e-01  1.25550813e-03 
 2.49524375e-05 -3.60072095e-01 -3.60083716e-01  9.89594801e-01  1.25608732e-03 
 2.49574375e-05 -3.60072095e-01 -3.60083693e-01  9.89594801e-01  1.25550826e-03 
 2.49624375e-05 -3.60072095e-01 -3.60083671e-01  9.89594801e-01  1.25608719e-03 
 2.49674375e-05 -3.60072095e-01 -3.60083649e-01  9.89594801e-01  1.25550838e-03 
 2.49724375e-05 -3.60072095e-01 -3.60083627e-01  9.89594800e-01  1.25608707e-03 
 2.49774375e-05 -3.60072095e-01 -3.60083604e-01  9.89594800e-01  1.25550851e-03 
 2.49824375e-05 -3.60072095e-01 -3.60083582e-01  9.89594800e-01  1.25608694e-03 
 2.49874375e-05 -3.60072095e-01 -3.60083560e-01  9.89594800e-01  1.25550863e-03 
 2.49924375e-05 -3.60072095e-01 -3.60083538e-01  9.89594800e-01  1.25608682e-03 
 2.49974375e-05 -3.60072095e-01 -3.60083515e-01  9.89594800e-01  1.25550875e-03 
 2.50024375e-05 -3.60072095e-01 -3.60083493e-01  9.89594800e-01  1.25608670e-03 
 2.50074375e-05 -3.60072095e-01 -3.60083471e-01  9.89594800e-01  1.25550888e-03 
 2.50124375e-05 -3.60072095e-01 -3.60083449e-01  9.89594800e-01  1.25608657e-03 
 2.50174375e-05 -3.60072095e-01 -3.60083427e-01  9.89594800e-01  1.25550900e-03 
 2.50224375e-05 -3.60072095e-01 -3.60083404e-01  9.89594800e-01  1.25608645e-03 
 2.50274375e-05 -3.60072095e-01 -3.60083382e-01  9.89594800e-01  1.25550912e-03 
 2.50324375e-05 -3.60072095e-01 -3.60083360e-01  9.89594800e-01  1.25608633e-03 
 2.50374375e-05 -3.60072095e-01 -3.60083338e-01  9.89594800e-01  1.25550925e-03 
 2.50424375e-05 -3.60072095e-01 -3.60083315e-01  9.89594800e-01  1.25608620e-03 
 2.50474375e-05 -3.60072095e-01 -3.60083293e-01  9.89594800e-01  1.25550937e-03 
 2.50524375e-05 -3.60072095e-01 -3.60083271e-01  9.89594800e-01  1.25608608e-03 
 2.50574375e-05 -3.60072095e-01 -3.60083249e-01  9.89594800e-01  1.25550949e-03 
 2.50624375e-05 -3.60072095e-01 -3.60083226e-01  9.89594800e-01  1.25608596e-03 
 2.50674375e-05 -3.60072095e-01 -3.60083204e-01  9.89594800e-01  1.25550962e-03 
 2.50724375e-05 -3.60072095e-01 -3.60083182e-01  9.89594800e-01  1.25608583e-03 
 2.50774375e-05 -3.60072095e-01 -3.60083160e-01  9.89594800e-01  1.25550974e-03 
 2.50824375e-05 -3.60072095e-01 -3.60083137e-01  9.89594801e-01  1.25608571e-03 
 2.50874375e-05 -3.60072095e-01 -3.60083115e-01  9.89594801e-01  1.25550986e-03 
 2.50924375e-05 -3.60072095e-01 -3.60083093e-01  9.89594801e-01  1.25608558e-03 
 2.50974375e-05 -3.60072095e-01 -3.60083071e-01  9.89594801e-01  1.25550999e-03 
 2.51024375e-05 -3.60072095e-01 -3.60083049e-01  9.89594801e-01  1.25608546e-03 
 2.51074375e-05 -3.60072095e-01 -3.60083026e-01  9.89594801e-01  1.25551011e-03 
 2.51124375e-05 -3.60072095e-01 -3.60083004e-01  9.89594801e-01  1.25608534e-03 
 2.51174375e-05 -3.60072095e-01 -3.60082982e-01  9.89594801e-01  1.25551023e-03 
 2.51224375e-05 -3.60072095e-01 -3.60082960e-01  9.89594801e-01  1.25608522e-03 
 2.51274375e-05 -3.60072095e-01 -3.60082937e-01  9.89594801e-01  1.25551036e-03 
 2.51324375e-05 -3.60072095e-01 -3.60082915e-01  9.89594801e-01  1.25608509e-03 
 2.51374375e-05 -3.60072095e-01 -3.60082893e-01  9.89594801e-01  1.25551048e-03 
 2.51424375e-05 -3.60072095e-01 -3.60082871e-01  9.89594801e-01  1.25608497e-03 
 2.51474375e-05 -3.60072095e-01 -3.60082848e-01  9.89594801e-01  1.25551060e-03 
 2.51524375e-05 -3.60072095e-01 -3.60082826e-01  9.89594801e-01  1.25608485e-03 
 2.51574375e-05 -3.60072095e-01 -3.60082804e-01  9.89594801e-01  1.25551073e-03 
 2.51624375e-05 -3.60072095e-01 -3.60082782e-01  9.89594801e-01  1.25608472e-03 
 2.51674375e-05 -3.60072095e-01 -3.60082759e-01  9.89594800e-01  1.25551085e-03 
 2.51724375e-05 -3.60072095e-01 -3.60082737e-01  9.89594800e-01  1.25608460e-03 
 2.51774375e-05 -3.60072095e-01 -3.60082715e-01  9.89594800e-01  1.25551097e-03 
 2.51824375e-05 -3.60072095e-01 -3.60082693e-01  9.89594800e-01  1.25608448e-03 
 2.51874375e-05 -3.60072095e-01 -3.60082671e-01  9.89594800e-01  1.25551109e-03 
 2.51924375e-05 -3.60072095e-01 -3.60082648e-01  9.89594800e-01  1.25608436e-03 
 2.51974375e-05 -3.60072095e-01 -3.60082626e-01  9.89594800e-01  1.25551122e-03 
 2.52024375e-05 -3.60072095e-01 -3.60082604e-01  9.89594800e-01  1.25608423e-03 
 2.52074375e-05 -3.60072095e-01 -3.60082582e-01  9.89594800e-01  1.25551134e-03 
 2.52124375e-05 -3.60072095e-01 -3.60082559e-01  9.89594800e-01  1.25608411e-03 
 2.52174375e-05 -3.60072095e-01 -3.60082537e-01  9.89594800e-01  1.25551146e-03 
 2.52224375e-05 -3.60072095e-01 -3.60082515e-01  9.89594800e-01  1.25608399e-03 
 2.52274375e-05 -3.60072095e-01 -3.60082493e-01  9.89594800e-01  1.25551159e-03 
 2.52324375e-05 -3.60072095e-01 -3.60082470e-01  9.89594800e-01  1.25608386e-03 
 2.52374375e-05 -3.60072095e-01 -3.60082448e-01  9.89594800e-01  1.25551171e-03 
 2.52424375e-05 -3.60072095e-01 -3.60082426e-01  9.89594800e-01  1.25608374e-03 
 2.52474375e-05 -3.60072095e-01 -3.60082404e-01  9.89594800e-01  1.25551183e-03 
 2.52524375e-05 -3.60072095e-01 -3.60082382e-01  9.89594800e-01  1.25608362e-03 
 2.52574375e-05 -3.60072095e-01 -3.60082359e-01  9.89594800e-01  1.25551195e-03 
 2.52624375e-05 -3.60072095e-01 -3.60082337e-01  9.89594800e-01  1.25608350e-03 
 2.52674375e-05 -3.60072095e-01 -3.60082315e-01  9.89594800e-01  1.25551208e-03 
 2.52724375e-05 -3.60072095e-01 -3.60082293e-01  9.89594800e-01  1.25608337e-03 
 2.52774375e-05 -3.60072095e-01 -3.60082270e-01  9.89594800e-01  1.25551220e-03 
 2.52824375e-05 -3.60072095e-01 -3.60082248e-01  9.89594800e-01  1.25608325e-03 
 2.52874375e-05 -3.60072095e-01 -3.60082226e-01  9.89594800e-01  1.25551232e-03 
 2.52924375e-05 -3.60072095e-01 -3.60082204e-01  9.89594801e-01  1.25608313e-03 
 2.52974375e-05 -3.60072095e-01 -3.60082181e-01  9.89594801e-01  1.25551244e-03 
 2.53024375e-05 -3.60072095e-01 -3.60082159e-01  9.89594801e-01  1.25608301e-03 
 2.53074375e-05 -3.60072095e-01 -3.60082137e-01  9.89594801e-01  1.25551256e-03 
 2.53124375e-05 -3.60072095e-01 -3.60082115e-01  9.89594801e-01  1.25608289e-03 
 2.53174375e-05 -3.60072095e-01 -3.60082092e-01  9.89594801e-01  1.25551269e-03 
 2.53224375e-05 -3.60072095e-01 -3.60082070e-01  9.89594801e-01  1.25608276e-03 
 2.53274375e-05 -3.60072095e-01 -3.60082048e-01  9.89594801e-01  1.25551281e-03 
 2.53324375e-05 -3.60072095e-01 -3.60082026e-01  9.89594801e-01  1.25608264e-03 
 2.53374375e-05 -3.60072095e-01 -3.60082004e-01  9.89594801e-01  1.25551293e-03 
 2.53424375e-05 -3.60072095e-01 -3.60081981e-01  9.89594801e-01  1.25608252e-03 
 2.53474375e-05 -3.60072095e-01 -3.60081959e-01  9.89594801e-01  1.25551305e-03 
 2.53524375e-05 -3.60072095e-01 -3.60081937e-01  9.89594801e-01  1.25608240e-03 
 2.53574375e-05 -3.60072095e-01 -3.60081915e-01  9.89594800e-01  1.25551317e-03 
 2.53624375e-05 -3.60072095e-01 -3.60081892e-01  9.89594800e-01  1.25608228e-03 
 2.53674375e-05 -3.60072095e-01 -3.60081870e-01  9.89594800e-01  1.25551330e-03 
 2.53724375e-05 -3.60072095e-01 -3.60081848e-01  9.89594800e-01  1.25608215e-03 
 2.53774375e-05 -3.60072095e-01 -3.60081826e-01  9.89594800e-01  1.25551342e-03 
 2.53824375e-05 -3.60072095e-01 -3.60081803e-01  9.89594800e-01  1.25608203e-03 
 2.53874375e-05 -3.60072095e-01 -3.60081781e-01  9.89594800e-01  1.25551354e-03 
 2.53924375e-05 -3.60072095e-01 -3.60081759e-01  9.89594800e-01  1.25608191e-03 
 2.53974375e-05 -3.60072095e-01 -3.60081737e-01  9.89594800e-01  1.25551366e-03 
 2.54024375e-05 -3.60072095e-01 -3.60081714e-01  9.89594800e-01  1.25608179e-03 
 2.54074375e-05 -3.60072095e-01 -3.60081692e-01  9.89594800e-01  1.25551378e-03 
 2.54124375e-05 -3.60072095e-01 -3.60081670e-01  9.89594800e-01  1.25608167e-03 
 2.54174375e-05 -3.60072095e-01 -3.60081648e-01  9.89594800e-01  1.25551391e-03 
 2.54224375e-05 -3.60072095e-01 -3.60081626e-01  9.89594800e-01  1.25608155e-03 
 2.54274375e-05 -3.60072095e-01 -3.60081603e-01  9.89594800e-01  1.25551403e-03 
 2.54324375e-05 -3.60072095e-01 -3.60081581e-01  9.89594800e-01  1.25608142e-03 
 2.54374375e-05 -3.60072095e-01 -3.60081559e-01  9.89594800e-01  1.25551415e-03 
 2.54424375e-05 -3.60072095e-01 -3.60081537e-01  9.89594800e-01  1.25608130e-03 
 2.54474375e-05 -3.60072095e-01 -3.60081514e-01  9.89594800e-01  1.25551427e-03 
 2.54524375e-05 -3.60072095e-01 -3.60081492e-01  9.89594800e-01  1.25608118e-03 
 2.54574375e-05 -3.60072095e-01 -3.60081470e-01  9.89594800e-01  1.25551439e-03 
 2.54624375e-05 -3.60072095e-01 -3.60081448e-01  9.89594800e-01  1.25608106e-03 
 2.54674375e-05 -3.60072095e-01 -3.60081425e-01  9.89594800e-01  1.25551451e-03 
 2.54724375e-05 -3.60072095e-01 -3.60081403e-01  9.89594800e-01  1.25608094e-03 
 2.54774375e-05 -3.60072095e-01 -3.60081381e-01  9.89594800e-01  1.25551463e-03 
 2.54824375e-05 -3.60072095e-01 -3.60081359e-01  9.89594800e-01  1.25608082e-03 
 2.54874375e-05 -3.60072095e-01 -3.60081336e-01  9.89594800e-01  1.25551475e-03 
 2.54924375e-05 -3.60072095e-01 -3.60081314e-01  9.89594800e-01  1.25608070e-03 
 2.54974375e-05 -3.60072095e-01 -3.60081292e-01  9.89594800e-01  1.25551488e-03 
 2.55024375e-05 -3.60072095e-01 -3.60081270e-01  9.89594800e-01  1.25608057e-03 
 2.55074375e-05 -3.60072095e-01 -3.60081248e-01  9.89594800e-01  1.25551500e-03 
 2.55124375e-05 -3.60072095e-01 -3.60081225e-01  9.89594800e-01  1.25608045e-03 
 2.55174375e-05 -3.60072095e-01 -3.60081203e-01  9.89594800e-01  1.25551512e-03 
 2.55224375e-05 -3.60072095e-01 -3.60081181e-01  9.89594800e-01  1.25608033e-03 
 2.55274375e-05 -3.60072095e-01 -3.60081159e-01  9.89594800e-01  1.25551524e-03 
 2.55324375e-05 -3.60072095e-01 -3.60081136e-01  9.89594800e-01  1.25608021e-03 
 2.55374375e-05 -3.60072095e-01 -3.60081114e-01  9.89594800e-01  1.25551536e-03 
 2.55424375e-05 -3.60072095e-01 -3.60081092e-01  9.89594800e-01  1.25608009e-03 
 2.55474375e-05 -3.60072095e-01 -3.60081070e-01  9.89594800e-01  1.25551548e-03 
 2.55524375e-05 -3.60072095e-01 -3.60081047e-01  9.89594800e-01  1.25607997e-03 
 2.55574375e-05 -3.60072095e-01 -3.60081025e-01  9.89594800e-01  1.25551560e-03 
 2.55624375e-05 -3.60072095e-01 -3.60081003e-01  9.89594800e-01  1.25607985e-03 
 2.55674375e-05 -3.60072095e-01 -3.60080981e-01  9.89594800e-01  1.25551572e-03 
 2.55724375e-05 -3.60072095e-01 -3.60080958e-01  9.89594800e-01  1.25607973e-03 
 2.55774375e-05 -3.60072095e-01 -3.60080936e-01  9.89594800e-01  1.25551584e-03 
 2.55824375e-05 -3.60072095e-01 -3.60080914e-01  9.89594800e-01  1.25607961e-03 
 2.55874375e-05 -3.60072095e-01 -3.60080892e-01  9.89594800e-01  1.25551596e-03 
 2.55924375e-05 -3.60072095e-01 -3.60080870e-01  9.89594800e-01  1.25607949e-03 
 2.55974375e-05 -3.60072095e-01 -3.60080847e-01  9.89594800e-01  1.25551609e-03 
 2.56024375e-05 -3.60072095e-01 -3.60080825e-01  9.89594800e-01  1.25607937e-03 
 2.56074375e-05 -3.60072095e-01 -3.60080803e-01  9.89594800e-01  1.25551621e-03 
 2.56124375e-05 -3.60072095e-01 -3.60080781e-01  9.89594800e-01  1.25607924e-03 
 2.56174375e-05 -3.60072095e-01 -3.60080758e-01  9.89594800e-01  1.25551633e-03 
 2.56224375e-05 -3.60072095e-01 -3.60080736e-01  9.89594800e-01  1.25607912e-03 
 2.56274375e-05 -3.60072095e-01 -3.60080714e-01  9.89594800e-01  1.25551645e-03 
 2.56324375e-05 -3.60072095e-01 -3.60080692e-01  9.89594800e-01  1.25607900e-03 
 2.56374375e-05 -3.60072095e-01 -3.60080669e-01  9.89594800e-01  1.25551657e-03 
 2.56424375e-05 -3.60072095e-01 -3.60080647e-01  9.89594800e-01  1.25607888e-03 
 2.56474375e-05 -3.60072095e-01 -3.60080625e-01  9.89594800e-01  1.25551669e-03 
 2.56524375e-05 -3.60072095e-01 -3.60080603e-01  9.89594800e-01  1.25607876e-03 
 2.56574375e-05 -3.60072095e-01 -3.60080580e-01  9.89594800e-01  1.25551681e-03 
 2.56624375e-05 -3.60072095e-01 -3.60080558e-01  9.89594800e-01  1.25607864e-03 
 2.56674375e-05 -3.60072095e-01 -3.60080536e-01  9.89594800e-01  1.25551693e-03 
 2.56724375e-05 -3.60072095e-01 -3.60080514e-01  9.89594800e-01  1.25607852e-03 
 2.56774375e-05 -3.60072095e-01 -3.60080492e-01  9.89594800e-01  1.25551705e-03 
 2.56824375e-05 -3.60072095e-01 -3.60080469e-01  9.89594800e-01  1.25607840e-03 
 2.56874375e-05 -3.60072095e-01 -3.60080447e-01  9.89594800e-01  1.25551717e-03 
 2.56924375e-05 -3.60072095e-01 -3.60080425e-01  9.89594800e-01  1.25607828e-03 
 2.56974375e-05 -3.60072095e-01 -3.60080403e-01  9.89594800e-01  1.25551729e-03 
 2.57024375e-05 -3.60072095e-01 -3.60080380e-01  9.89594800e-01  1.25607816e-03 
 2.57074375e-05 -3.60072095e-01 -3.60080358e-01  9.89594800e-01  1.25551741e-03 
 2.57124375e-05 -3.60072095e-01 -3.60080336e-01  9.89594800e-01  1.25607804e-03 
 2.57174375e-05 -3.60072095e-01 -3.60080314e-01  9.89594800e-01  1.25551753e-03 
 2.57224375e-05 -3.60072095e-01 -3.60080291e-01  9.89594800e-01  1.25607792e-03 
 2.57274375e-05 -3.60072095e-01 -3.60080269e-01  9.89594800e-01  1.25551765e-03 
 2.57324375e-05 -3.60072095e-01 -3.60080247e-01  9.89594800e-01  1.25607780e-03 
 2.57374375e-05 -3.60072095e-01 -3.60080225e-01  9.89594800e-01  1.25551777e-03 
 2.57424375e-05 -3.60072095e-01 -3.60080203e-01  9.89594800e-01  1.25607768e-03 
 2.57474375e-05 -3.60072095e-01 -3.60080180e-01  9.89594800e-01  1.25551789e-03 
 2.57524375e-05 -3.60072095e-01 -3.60080158e-01  9.89594800e-01  1.25607756e-03 
 2.57574375e-05 -3.60072095e-01 -3.60080136e-01  9.89594800e-01  1.25551801e-03 
 2.57624375e-05 -3.60072095e-01 -3.60080114e-01  9.89594800e-01  1.25607744e-03 
 2.57674375e-05 -3.60072095e-01 -3.60080091e-01  9.89594800e-01  1.25551813e-03 
 2.57724375e-05 -3.60072095e-01 -3.60080069e-01  9.89594800e-01  1.25607732e-03 
 2.57774375e-05 -3.60072095e-01 -3.60080047e-01  9.89594800e-01  1.25551825e-03 
 2.57824375e-05 -3.60072095e-01 -3.60080025e-01  9.89594800e-01  1.25607720e-03 
 2.57874375e-05 -3.60072095e-01 -3.60080002e-01  9.89594800e-01  1.25551837e-03 
 2.57924375e-05 -3.60072095e-01 -3.60079980e-01  9.89594800e-01  1.25607708e-03 
 2.57974375e-05 -3.60072095e-01 -3.60079958e-01  9.89594800e-01  1.25551849e-03 
 2.58024375e-05 -3.60072095e-01 -3.60079936e-01  9.89594800e-01  1.25607696e-03 
 2.58074375e-05 -3.60072095e-01 -3.60079913e-01  9.89594800e-01  1.25551861e-03 
 2.58124375e-05 -3.60072095e-01 -3.60079891e-01  9.89594800e-01  1.25607684e-03 
 2.58174375e-05 -3.60072095e-01 -3.60079869e-01  9.89594800e-01  1.25551873e-03 
 2.58224375e-05 -3.60072095e-01 -3.60079847e-01  9.89594800e-01  1.25607672e-03 
 2.58274375e-05 -3.60072095e-01 -3.60079825e-01  9.89594800e-01  1.25551885e-03 
 2.58324375e-05 -3.60072095e-01 -3.60079802e-01  9.89594800e-01  1.25607660e-03 
 2.58374375e-05 -3.60072095e-01 -3.60079780e-01  9.89594800e-01  1.25551897e-03 
 2.58424375e-05 -3.60072095e-01 -3.60079758e-01  9.89594800e-01  1.25607648e-03 
 2.58474375e-05 -3.60072095e-01 -3.60079736e-01  9.89594800e-01  1.25551909e-03 
 2.58524375e-05 -3.60072095e-01 -3.60079713e-01  9.89594800e-01  1.25607636e-03 
 2.58574375e-05 -3.60072095e-01 -3.60079691e-01  9.89594800e-01  1.25551921e-03 
 2.58624375e-05 -3.60072095e-01 -3.60079669e-01  9.89594800e-01  1.25607625e-03 
 2.58674375e-05 -3.60072095e-01 -3.60079647e-01  9.89594800e-01  1.25551933e-03 
 2.58724375e-05 -3.60072095e-01 -3.60079624e-01  9.89594800e-01  1.25607613e-03 
 2.58774375e-05 -3.60072095e-01 -3.60079602e-01  9.89594800e-01  1.25551944e-03 
 2.58824375e-05 -3.60072095e-01 -3.60079580e-01  9.89594800e-01  1.25607601e-03 
 2.58874375e-05 -3.60072095e-01 -3.60079558e-01  9.89594800e-01  1.25551956e-03 
 2.58924375e-05 -3.60072095e-01 -3.60079535e-01  9.89594800e-01  1.25607589e-03 
 2.58974375e-05 -3.60072095e-01 -3.60079513e-01  9.89594800e-01  1.25551968e-03 
 2.59024375e-05 -3.60072095e-01 -3.60079491e-01  9.89594800e-01  1.25607577e-03 
 2.59074375e-05 -3.60072095e-01 -3.60079469e-01  9.89594800e-01  1.25551980e-03 
 2.59124375e-05 -3.60072095e-01 -3.60079447e-01  9.89594800e-01  1.25607565e-03 
 2.59174375e-05 -3.60072095e-01 -3.60079424e-01  9.89594800e-01  1.25551992e-03 
 2.59224375e-05 -3.60072095e-01 -3.60079402e-01  9.89594800e-01  1.25607553e-03 
 2.59274375e-05 -3.60072095e-01 -3.60079380e-01  9.89594800e-01  1.25552004e-03 
 2.59324375e-05 -3.60072095e-01 -3.60079358e-01  9.89594800e-01  1.25607541e-03 
 2.59374375e-05 -3.60072095e-01 -3.60079335e-01  9.89594800e-01  1.25552016e-03 
 2.59424375e-05 -3.60072095e-01 -3.60079313e-01  9.89594800e-01  1.25607529e-03 
 2.59474375e-05 -3.60072095e-01 -3.60079291e-01  9.89594800e-01  1.25552028e-03 
 2.59524375e-05 -3.60072095e-01 -3.60079269e-01  9.89594800e-01  1.25607517e-03 
 2.59574375e-05 -3.60072095e-01 -3.60079246e-01  9.89594800e-01  1.25552040e-03 
 2.59624375e-05 -3.60072095e-01 -3.60079224e-01  9.89594800e-01  1.25607505e-03 
 2.59674375e-05 -3.60072095e-01 -3.60079202e-01  9.89594800e-01  1.25552052e-03 
 2.59724375e-05 -3.60072095e-01 -3.60079180e-01  9.89594800e-01  1.25607494e-03 
 2.59774375e-05 -3.60072095e-01 -3.60079157e-01  9.89594800e-01  1.25552063e-03 
 2.59824375e-05 -3.60072095e-01 -3.60079135e-01  9.89594800e-01  1.25607482e-03 
 2.59874375e-05 -3.60072095e-01 -3.60079113e-01  9.89594800e-01  1.25552075e-03 
 2.59924375e-05 -3.60072095e-01 -3.60079091e-01  9.89594800e-01  1.25607470e-03 
 2.59974375e-05 -3.60072095e-01 -3.60079069e-01  9.89594800e-01  1.25552087e-03 
 2.60024375e-05 -3.60072095e-01 -3.60079046e-01  9.89594800e-01  1.25607458e-03 
 2.60074375e-05 -3.60072095e-01 -3.60079024e-01  9.89594800e-01  1.25552099e-03 
 2.60124375e-05 -3.60072095e-01 -3.60079002e-01  9.89594800e-01  1.25607446e-03 
 2.60174375e-05 -3.60072095e-01 -3.60078980e-01  9.89594800e-01  1.25552111e-03 
 2.60224375e-05 -3.60072095e-01 -3.60078957e-01  9.89594800e-01  1.25607434e-03 
 2.60274375e-05 -3.60072095e-01 -3.60078935e-01  9.89594800e-01  1.25552123e-03 
 2.60324375e-05 -3.60072095e-01 -3.60078913e-01  9.89594800e-01  1.25607422e-03 
 2.60374375e-05 -3.60072095e-01 -3.60078891e-01  9.89594800e-01  1.25552135e-03 
 2.60424375e-05 -3.60072095e-01 -3.60078868e-01  9.89594800e-01  1.25607411e-03 
 2.60474375e-05 -3.60072095e-01 -3.60078846e-01  9.89594800e-01  1.25552146e-03 
 2.60524375e-05 -3.60072095e-01 -3.60078824e-01  9.89594800e-01  1.25607399e-03 
 2.60574375e-05 -3.60072095e-01 -3.60078802e-01  9.89594800e-01  1.25552158e-03 
 2.60624375e-05 -3.60072095e-01 -3.60078780e-01  9.89594800e-01  1.25607387e-03 
 2.60674375e-05 -3.60072095e-01 -3.60078757e-01  9.89594800e-01  1.25552170e-03 
 2.60724375e-05 -3.60072095e-01 -3.60078735e-01  9.89594800e-01  1.25607375e-03 
 2.60774375e-05 -3.60072095e-01 -3.60078713e-01  9.89594800e-01  1.25552182e-03 
 2.60824375e-05 -3.60072095e-01 -3.60078691e-01  9.89594800e-01  1.25607363e-03 
 2.60874375e-05 -3.60072095e-01 -3.60078668e-01  9.89594800e-01  1.25552194e-03 
 2.60924375e-05 -3.60072095e-01 -3.60078646e-01  9.89594800e-01  1.25607351e-03 
 2.60974375e-05 -3.60072095e-01 -3.60078624e-01  9.89594800e-01  1.25552206e-03 
 2.61024375e-05 -3.60072095e-01 -3.60078602e-01  9.89594800e-01  1.25607340e-03 
 2.61074375e-05 -3.60072095e-01 -3.60078579e-01  9.89594800e-01  1.25552217e-03 
 2.61124375e-05 -3.60072095e-01 -3.60078557e-01  9.89594800e-01  1.25607328e-03 
 2.61174375e-05 -3.60072095e-01 -3.60078535e-01  9.89594800e-01  1.25552229e-03 
 2.61224375e-05 -3.60072095e-01 -3.60078513e-01  9.89594800e-01  1.25607316e-03 
 2.61274375e-05 -3.60072095e-01 -3.60078490e-01  9.89594800e-01  1.25552241e-03 
 2.61324375e-05 -3.60072095e-01 -3.60078468e-01  9.89594800e-01  1.25607304e-03 
 2.61374375e-05 -3.60072095e-01 -3.60078446e-01  9.89594800e-01  1.25552253e-03 
 2.61424375e-05 -3.60072095e-01 -3.60078424e-01  9.89594800e-01  1.25607292e-03 
 2.61474375e-05 -3.60072095e-01 -3.60078401e-01  9.89594800e-01  1.25552265e-03 
 2.61524375e-05 -3.60072095e-01 -3.60078379e-01  9.89594800e-01  1.25607281e-03 
 2.61574375e-05 -3.60072095e-01 -3.60078357e-01  9.89594800e-01  1.25552276e-03 
 2.61624375e-05 -3.60072095e-01 -3.60078335e-01  9.89594800e-01  1.25607269e-03 
 2.61674375e-05 -3.60072095e-01 -3.60078313e-01  9.89594800e-01  1.25552288e-03 
 2.61724375e-05 -3.60072095e-01 -3.60078290e-01  9.89594800e-01  1.25607257e-03 
 2.61774375e-05 -3.60072095e-01 -3.60078268e-01  9.89594800e-01  1.25552300e-03 
 2.61824375e-05 -3.60072095e-01 -3.60078246e-01  9.89594800e-01  1.25607245e-03 
 2.61874375e-05 -3.60072095e-01 -3.60078224e-01  9.89594800e-01  1.25552312e-03 
 2.61924375e-05 -3.60072095e-01 -3.60078201e-01  9.89594800e-01  1.25607234e-03 
 2.61974375e-05 -3.60072095e-01 -3.60078179e-01  9.89594800e-01  1.25552323e-03 
 2.62024375e-05 -3.60072095e-01 -3.60078157e-01  9.89594800e-01  1.25607222e-03 
 2.62074375e-05 -3.60072095e-01 -3.60078135e-01  9.89594800e-01  1.25552335e-03 
 2.62124375e-05 -3.60072095e-01 -3.60078112e-01  9.89594800e-01  1.25607210e-03 
 2.62174375e-05 -3.60072095e-01 -3.60078090e-01  9.89594800e-01  1.25552347e-03 
 2.62224375e-05 -3.60072095e-01 -3.60078068e-01  9.89594800e-01  1.25607198e-03 
 2.62274375e-05 -3.60072095e-01 -3.60078046e-01  9.89594800e-01  1.25552359e-03 
 2.62324375e-05 -3.60072095e-01 -3.60078024e-01  9.89594800e-01  1.25607186e-03 
 2.62374375e-05 -3.60072095e-01 -3.60078001e-01  9.89594800e-01  1.25552370e-03 
 2.62424375e-05 -3.60072095e-01 -3.60077979e-01  9.89594800e-01  1.25607175e-03 
 2.62474375e-05 -3.60072095e-01 -3.60077957e-01  9.89594800e-01  1.25552382e-03 
 2.62524375e-05 -3.60072095e-01 -3.60077935e-01  9.89594800e-01  1.25607163e-03 
 2.62574375e-05 -3.60072095e-01 -3.60077912e-01  9.89594800e-01  1.25552394e-03 
 2.62624375e-05 -3.60072095e-01 -3.60077890e-01  9.89594800e-01  1.25607151e-03 
 2.62674375e-05 -3.60072095e-01 -3.60077868e-01  9.89594800e-01  1.25552406e-03 
 2.62724375e-05 -3.60072095e-01 -3.60077846e-01  9.89594800e-01  1.25607140e-03 
 2.62774375e-05 -3.60072095e-01 -3.60077823e-01  9.89594800e-01  1.25552417e-03 
 2.62824375e-05 -3.60072095e-01 -3.60077801e-01  9.89594800e-01  1.25607128e-03 
 2.62874375e-05 -3.60072095e-01 -3.60077779e-01  9.89594800e-01  1.25552429e-03 
 2.62924375e-05 -3.60072095e-01 -3.60077757e-01  9.89594800e-01  1.25607116e-03 
 2.62974375e-05 -3.60072095e-01 -3.60077734e-01  9.89594800e-01  1.25552441e-03 
 2.63024375e-05 -3.60072095e-01 -3.60077712e-01  9.89594800e-01  1.25607104e-03 
 2.63074375e-05 -3.60072095e-01 -3.60077690e-01  9.89594800e-01  1.25552453e-03 
 2.63124375e-05 -3.60072095e-01 -3.60077668e-01  9.89594800e-01  1.25607093e-03 
 2.63174375e-05 -3.60072095e-01 -3.60077646e-01  9.89594800e-01  1.25552464e-03 
 2.63224375e-05 -3.60072095e-01 -3.60077623e-01  9.89594800e-01  1.25607081e-03 
 2.63274375e-05 -3.60072095e-01 -3.60077601e-01  9.89594800e-01  1.25552476e-03 
 2.63324375e-05 -3.60072095e-01 -3.60077579e-01  9.89594800e-01  1.25607069e-03 
 2.63374375e-05 -3.60072095e-01 -3.60077557e-01  9.89594800e-01  1.25552488e-03 
 2.63424375e-05 -3.60072095e-01 -3.60077534e-01  9.89594800e-01  1.25607058e-03 
 2.63474375e-05 -3.60072095e-01 -3.60077512e-01  9.89594800e-01  1.25552499e-03 
 2.63524375e-05 -3.60072095e-01 -3.60077490e-01  9.89594800e-01  1.25607046e-03 
 2.63574375e-05 -3.60072095e-01 -3.60077468e-01  9.89594800e-01  1.25552511e-03 
 2.63624375e-05 -3.60072095e-01 -3.60077445e-01  9.89594800e-01  1.25607034e-03 
 2.63674375e-05 -3.60072095e-01 -3.60077423e-01  9.89594800e-01  1.25552523e-03 
 2.63724375e-05 -3.60072095e-01 -3.60077401e-01  9.89594800e-01  1.25607023e-03 
 2.63774375e-05 -3.60072095e-01 -3.60077379e-01  9.89594800e-01  1.25552534e-03 
 2.63824375e-05 -3.60072095e-01 -3.60077356e-01  9.89594800e-01  1.25607011e-03 
 2.63874375e-05 -3.60072095e-01 -3.60077334e-01  9.89594800e-01  1.25552546e-03 
 2.63924375e-05 -3.60072095e-01 -3.60077312e-01  9.89594800e-01  1.25606999e-03 
 2.63974375e-05 -3.60072095e-01 -3.60077290e-01  9.89594800e-01  1.25552558e-03 
 2.64024375e-05 -3.60072095e-01 -3.60077268e-01  9.89594800e-01  1.25606988e-03 
 2.64074375e-05 -3.60072095e-01 -3.60077245e-01  9.89594800e-01  1.25552569e-03 
 2.64124375e-05 -3.60072095e-01 -3.60077223e-01  9.89594800e-01  1.25606976e-03 
 2.64174375e-05 -3.60072095e-01 -3.60077201e-01  9.89594800e-01  1.25552581e-03 
 2.64224375e-05 -3.60072095e-01 -3.60077179e-01  9.89594800e-01  1.25606964e-03 
 2.64274375e-05 -3.60072095e-01 -3.60077156e-01  9.89594800e-01  1.25552593e-03 
 2.64324375e-05 -3.60072095e-01 -3.60077134e-01  9.89594800e-01  1.25606953e-03 
 2.64374375e-05 -3.60072095e-01 -3.60077112e-01  9.89594800e-01  1.25552604e-03 
 2.64424375e-05 -3.60072095e-01 -3.60077090e-01  9.89594800e-01  1.25606941e-03 
 2.64474375e-05 -3.60072095e-01 -3.60077067e-01  9.89594800e-01  1.25552616e-03 
 2.64524375e-05 -3.60072095e-01 -3.60077045e-01  9.89594800e-01  1.25606929e-03 
 2.64574375e-05 -3.60072095e-01 -3.60077023e-01  9.89594800e-01  1.25552628e-03 
 2.64624375e-05 -3.60072095e-01 -3.60077001e-01  9.89594800e-01  1.25606918e-03 
 2.64674375e-05 -3.60072095e-01 -3.60076978e-01  9.89594800e-01  1.25552639e-03 
 2.64724375e-05 -3.60072095e-01 -3.60076956e-01  9.89594800e-01  1.25606906e-03 
 2.64774375e-05 -3.60072095e-01 -3.60076934e-01  9.89594800e-01  1.25552651e-03 
 2.64824375e-05 -3.60072095e-01 -3.60076912e-01  9.89594800e-01  1.25606894e-03 
 2.64874375e-05 -3.60072095e-01 -3.60076890e-01  9.89594800e-01  1.25552663e-03 
 2.64924375e-05 -3.60072095e-01 -3.60076867e-01  9.89594800e-01  1.25606883e-03 
 2.64974375e-05 -3.60072095e-01 -3.60076845e-01  9.89594800e-01  1.25552674e-03 
 2.65024375e-05 -3.60072095e-01 -3.60076823e-01  9.89594800e-01  1.25606871e-03 
 2.65074375e-05 -3.60072095e-01 -3.60076801e-01  9.89594800e-01  1.25552686e-03 
 2.65124375e-05 -3.60072095e-01 -3.60076778e-01  9.89594800e-01  1.25606860e-03 
 2.65174375e-05 -3.60072095e-01 -3.60076756e-01  9.89594800e-01  1.25552697e-03 
 2.65224375e-05 -3.60072095e-01 -3.60076734e-01  9.89594800e-01  1.25606848e-03 
 2.65274375e-05 -3.60072095e-01 -3.60076712e-01  9.89594800e-01  1.25552709e-03 
 2.65324375e-05 -3.60072095e-01 -3.60076689e-01  9.89594800e-01  1.25606836e-03 
 2.65374375e-05 -3.60072095e-01 -3.60076667e-01  9.89594800e-01  1.25552721e-03 
 2.65424375e-05 -3.60072095e-01 -3.60076645e-01  9.89594800e-01  1.25606825e-03 
 2.65474375e-05 -3.60072095e-01 -3.60076623e-01  9.89594800e-01  1.25552732e-03 
 2.65524375e-05 -3.60072095e-01 -3.60076601e-01  9.89594800e-01  1.25606813e-03 
 2.65574375e-05 -3.60072095e-01 -3.60076578e-01  9.89594800e-01  1.25552744e-03 
 2.65624375e-05 -3.60072095e-01 -3.60076556e-01  9.89594800e-01  1.25606802e-03 
 2.65674375e-05 -3.60072095e-01 -3.60076534e-01  9.89594800e-01  1.25552755e-03 
 2.65724375e-05 -3.60072095e-01 -3.60076512e-01  9.89594800e-01  1.25606790e-03 
 2.65774375e-05 -3.60072095e-01 -3.60076489e-01  9.89594800e-01  1.25552767e-03 
 2.65824375e-05 -3.60072095e-01 -3.60076467e-01  9.89594800e-01  1.25606778e-03 
 2.65874375e-05 -3.60072095e-01 -3.60076445e-01  9.89594800e-01  1.25552779e-03 
 2.65924375e-05 -3.60072095e-01 -3.60076423e-01  9.89594800e-01  1.25606767e-03 
 2.65974375e-05 -3.60072095e-01 -3.60076400e-01  9.89594800e-01  1.25552790e-03 
 2.66024375e-05 -3.60072095e-01 -3.60076378e-01  9.89594800e-01  1.25606755e-03 
 2.66074375e-05 -3.60072095e-01 -3.60076356e-01  9.89594800e-01  1.25552802e-03 
 2.66124375e-05 -3.60072095e-01 -3.60076334e-01  9.89594800e-01  1.25606744e-03 
 2.66174375e-05 -3.60072095e-01 -3.60076311e-01  9.89594800e-01  1.25552813e-03 
 2.66224375e-05 -3.60072095e-01 -3.60076289e-01  9.89594800e-01  1.25606732e-03 
 2.66274375e-05 -3.60072095e-01 -3.60076267e-01  9.89594800e-01  1.25552825e-03 
 2.66324375e-05 -3.60072095e-01 -3.60076245e-01  9.89594800e-01  1.25606721e-03 
 2.66374375e-05 -3.60072095e-01 -3.60076223e-01  9.89594800e-01  1.25552836e-03 
 2.66424375e-05 -3.60072095e-01 -3.60076200e-01  9.89594800e-01  1.25606709e-03 
 2.66474375e-05 -3.60072095e-01 -3.60076178e-01  9.89594800e-01  1.25552848e-03 
 2.66524375e-05 -3.60072095e-01 -3.60076156e-01  9.89594800e-01  1.25606697e-03 
 2.66574375e-05 -3.60072095e-01 -3.60076134e-01  9.89594800e-01  1.25552859e-03 
 2.66624375e-05 -3.60072095e-01 -3.60076111e-01  9.89594800e-01  1.25606686e-03 
 2.66674375e-05 -3.60072095e-01 -3.60076089e-01  9.89594800e-01  1.25552871e-03 
 2.66724375e-05 -3.60072095e-01 -3.60076067e-01  9.89594800e-01  1.25606674e-03 
 2.66774375e-05 -3.60072095e-01 -3.60076045e-01  9.89594800e-01  1.25552882e-03 
 2.66824375e-05 -3.60072095e-01 -3.60076022e-01  9.89594800e-01  1.25606663e-03 
 2.66874375e-05 -3.60072095e-01 -3.60076000e-01  9.89594800e-01  1.25552894e-03 
 2.66924375e-05 -3.60072095e-01 -3.60075978e-01  9.89594800e-01  1.25606651e-03 
 2.66974375e-05 -3.60072095e-01 -3.60075956e-01  9.89594800e-01  1.25552906e-03 
 2.67024375e-05 -3.60072095e-01 -3.60075933e-01  9.89594800e-01  1.25606640e-03 
 2.67074375e-05 -3.60072095e-01 -3.60075911e-01  9.89594800e-01  1.25552917e-03 
 2.67124375e-05 -3.60072095e-01 -3.60075889e-01  9.89594800e-01  1.25606628e-03 
 2.67174375e-05 -3.60072095e-01 -3.60075867e-01  9.89594800e-01  1.25552929e-03 
 2.67224375e-05 -3.60072095e-01 -3.60075845e-01  9.89594800e-01  1.25606617e-03 
 2.67274375e-05 -3.60072095e-01 -3.60075822e-01  9.89594800e-01  1.25552940e-03 
 2.67324375e-05 -3.60072095e-01 -3.60075800e-01  9.89594800e-01  1.25606605e-03 
 2.67374375e-05 -3.60072095e-01 -3.60075778e-01  9.89594800e-01  1.25552952e-03 
 2.67424375e-05 -3.60072095e-01 -3.60075756e-01  9.89594800e-01  1.25606594e-03 
 2.67474375e-05 -3.60072095e-01 -3.60075733e-01  9.89594800e-01  1.25552963e-03 
 2.67524375e-05 -3.60072095e-01 -3.60075711e-01  9.89594800e-01  1.25606582e-03 
 2.67574375e-05 -3.60072095e-01 -3.60075689e-01  9.89594800e-01  1.25552975e-03 
 2.67624375e-05 -3.60072095e-01 -3.60075667e-01  9.89594800e-01  1.25606571e-03 
 2.67674375e-05 -3.60072095e-01 -3.60075644e-01  9.89594800e-01  1.25552986e-03 
 2.67724375e-05 -3.60072095e-01 -3.60075622e-01  9.89594800e-01  1.25606559e-03 
 2.67774375e-05 -3.60072095e-01 -3.60075600e-01  9.89594800e-01  1.25552998e-03 
 2.67824375e-05 -3.60072095e-01 -3.60075578e-01  9.89594800e-01  1.25606548e-03 
 2.67874375e-05 -3.60072095e-01 -3.60075555e-01  9.89594800e-01  1.25553009e-03 
 2.67924375e-05 -3.60072095e-01 -3.60075533e-01  9.89594800e-01  1.25606536e-03 
 2.67974375e-05 -3.60072095e-01 -3.60075511e-01  9.89594800e-01  1.25553020e-03 
 2.68024375e-05 -3.60072095e-01 -3.60075489e-01  9.89594800e-01  1.25606525e-03 
 2.68074375e-05 -3.60072095e-01 -3.60075467e-01  9.89594800e-01  1.25553032e-03 
 2.68124375e-05 -3.60072095e-01 -3.60075444e-01  9.89594800e-01  1.25606513e-03 
 2.68174375e-05 -3.60072095e-01 -3.60075422e-01  9.89594800e-01  1.25553043e-03 
 2.68224375e-05 -3.60072095e-01 -3.60075400e-01  9.89594800e-01  1.25606502e-03 
 2.68274375e-05 -3.60072095e-01 -3.60075378e-01  9.89594800e-01  1.25553055e-03 
 2.68324375e-05 -3.60072095e-01 -3.60075355e-01  9.89594800e-01  1.25606491e-03 
 2.68374375e-05 -3.60072095e-01 -3.60075333e-01  9.89594800e-01  1.25553066e-03 
 2.68424375e-05 -3.60072095e-01 -3.60075311e-01  9.89594800e-01  1.25606479e-03 
 2.68474375e-05 -3.60072095e-01 -3.60075289e-01  9.89594800e-01  1.25553078e-03 
 2.68524375e-05 -3.60072095e-01 -3.60075266e-01  9.89594800e-01  1.25606468e-03 
 2.68574375e-05 -3.60072095e-01 -3.60075244e-01  9.89594800e-01  1.25553089e-03 
 2.68624375e-05 -3.60072095e-01 -3.60075222e-01  9.89594800e-01  1.25606456e-03 
 2.68674375e-05 -3.60072095e-01 -3.60075200e-01  9.89594800e-01  1.25553101e-03 
 2.68724375e-05 -3.60072095e-01 -3.60075178e-01  9.89594800e-01  1.25606445e-03 
 2.68774375e-05 -3.60072095e-01 -3.60075155e-01  9.89594800e-01  1.25553112e-03 
 2.68824375e-05 -3.60072095e-01 -3.60075133e-01  9.89594800e-01  1.25606433e-03 
 2.68874375e-05 -3.60072095e-01 -3.60075111e-01  9.89594800e-01  1.25553123e-03 
 2.68924375e-05 -3.60072095e-01 -3.60075089e-01  9.89594800e-01  1.25606422e-03 
 2.68974375e-05 -3.60072095e-01 -3.60075066e-01  9.89594800e-01  1.25553135e-03 
 2.69024375e-05 -3.60072095e-01 -3.60075044e-01  9.89594800e-01  1.25606410e-03 
 2.69074375e-05 -3.60072095e-01 -3.60075022e-01  9.89594800e-01  1.25553146e-03 
 2.69124375e-05 -3.60072095e-01 -3.60075000e-01  9.89594800e-01  1.25606399e-03 
 2.69174375e-05 -3.60072095e-01 -3.60074977e-01  9.89594800e-01  1.25553158e-03 
 2.69224375e-05 -3.60072095e-01 -3.60074955e-01  9.89594800e-01  1.25606388e-03 
 2.69274375e-05 -3.60072095e-01 -3.60074933e-01  9.89594800e-01  1.25553169e-03 
 2.69324375e-05 -3.60072095e-01 -3.60074911e-01  9.89594800e-01  1.25606376e-03 
 2.69374375e-05 -3.60072095e-01 -3.60074888e-01  9.89594800e-01  1.25553181e-03 
 2.69424375e-05 -3.60072095e-01 -3.60074866e-01  9.89594800e-01  1.25606365e-03 
 2.69474375e-05 -3.60072095e-01 -3.60074844e-01  9.89594800e-01  1.25553192e-03 
 2.69524375e-05 -3.60072095e-01 -3.60074822e-01  9.89594800e-01  1.25606353e-03 
 2.69574375e-05 -3.60072095e-01 -3.60074800e-01  9.89594800e-01  1.25553203e-03 
 2.69624375e-05 -3.60072095e-01 -3.60074777e-01  9.89594800e-01  1.25606342e-03 
 2.69674375e-05 -3.60072095e-01 -3.60074755e-01  9.89594800e-01  1.25553215e-03 
 2.69724375e-05 -3.60072095e-01 -3.60074733e-01  9.89594800e-01  1.25606331e-03 
 2.69774375e-05 -3.60072095e-01 -3.60074711e-01  9.89594800e-01  1.25553226e-03 
 2.69824375e-05 -3.60072095e-01 -3.60074688e-01  9.89594800e-01  1.25606319e-03 
 2.69874375e-05 -3.60072095e-01 -3.60074666e-01  9.89594800e-01  1.25553238e-03 
 2.69924375e-05 -3.60072095e-01 -3.60074644e-01  9.89594800e-01  1.25606308e-03 
 2.69974375e-05 -3.60072095e-01 -3.60074622e-01  9.89594800e-01  1.25553249e-03 
 2.70024375e-05 -3.60072095e-01 -3.60074599e-01  9.89594800e-01  1.25606297e-03 
 2.70074375e-05 -3.60072095e-01 -3.60074577e-01  9.89594800e-01  1.25553260e-03 
 2.70124375e-05 -3.60072095e-01 -3.60074555e-01  9.89594800e-01  1.25606285e-03 
 2.70174375e-05 -3.60072095e-01 -3.60074533e-01  9.89594800e-01  1.25553272e-03 
 2.70224375e-05 -3.60072095e-01 -3.60074510e-01  9.89594800e-01  1.25606274e-03 
 2.70274375e-05 -3.60072095e-01 -3.60074488e-01  9.89594800e-01  1.25553283e-03 
 2.70324375e-05 -3.60072095e-01 -3.60074466e-01  9.89594800e-01  1.25606262e-03 
 2.70374375e-05 -3.60072095e-01 -3.60074444e-01  9.89594800e-01  1.25553294e-03 
 2.70424375e-05 -3.60072095e-01 -3.60074422e-01  9.89594800e-01  1.25606251e-03 
 2.70474375e-05 -3.60072095e-01 -3.60074399e-01  9.89594800e-01  1.25553306e-03 
 2.70524375e-05 -3.60072095e-01 -3.60074377e-01  9.89594800e-01  1.25606240e-03 
 2.70574375e-05 -3.60072095e-01 -3.60074355e-01  9.89594800e-01  1.25553317e-03 
 2.70624375e-05 -3.60072095e-01 -3.60074333e-01  9.89594800e-01  1.25606228e-03 
 2.70674375e-05 -3.60072095e-01 -3.60074310e-01  9.89594800e-01  1.25553328e-03 
 2.70724375e-05 -3.60072095e-01 -3.60074288e-01  9.89594800e-01  1.25606217e-03 
 2.70774375e-05 -3.60072095e-01 -3.60074266e-01  9.89594800e-01  1.25553340e-03 
 2.70824375e-05 -3.60072095e-01 -3.60074244e-01  9.89594800e-01  1.25606206e-03 
 2.70874375e-05 -3.60072095e-01 -3.60074221e-01  9.89594800e-01  1.25553351e-03 
 2.70924375e-05 -3.60072095e-01 -3.60074199e-01  9.89594800e-01  1.25606194e-03 
 2.70974375e-05 -3.60072095e-01 -3.60074177e-01  9.89594800e-01  1.25553362e-03 
 2.71024375e-05 -3.60072095e-01 -3.60074155e-01  9.89594800e-01  1.25606183e-03 
 2.71074375e-05 -3.60072095e-01 -3.60074133e-01  9.89594800e-01  1.25553374e-03 
 2.71124375e-05 -3.60072095e-01 -3.60074110e-01  9.89594800e-01  1.25606172e-03 
 2.71174375e-05 -3.60072095e-01 -3.60074088e-01  9.89594800e-01  1.25553385e-03 
 2.71224375e-05 -3.60072095e-01 -3.60074066e-01  9.89594800e-01  1.25606160e-03 
 2.71274375e-05 -3.60072095e-01 -3.60074044e-01  9.89594800e-01  1.25553396e-03 
 2.71324375e-05 -3.60072095e-01 -3.60074021e-01  9.89594800e-01  1.25606149e-03 
 2.71374375e-05 -3.60072095e-01 -3.60073999e-01  9.89594800e-01  1.25553408e-03 
 2.71424375e-05 -3.60072095e-01 -3.60073977e-01  9.89594800e-01  1.25606138e-03 
 2.71474375e-05 -3.60072095e-01 -3.60073955e-01  9.89594800e-01  1.25553419e-03 
 2.71524375e-05 -3.60072095e-01 -3.60073932e-01  9.89594800e-01  1.25606127e-03 
 2.71574375e-05 -3.60072095e-01 -3.60073910e-01  9.89594800e-01  1.25553430e-03 
 2.71624375e-05 -3.60072095e-01 -3.60073888e-01  9.89594800e-01  1.25606115e-03 
 2.71674375e-05 -3.60072095e-01 -3.60073866e-01  9.89594800e-01  1.25553442e-03 
 2.71724375e-05 -3.60072095e-01 -3.60073843e-01  9.89594800e-01  1.25606104e-03 
 2.71774375e-05 -3.60072095e-01 -3.60073821e-01  9.89594800e-01  1.25553453e-03 
 2.71824375e-05 -3.60072095e-01 -3.60073799e-01  9.89594800e-01  1.25606093e-03 
 2.71874375e-05 -3.60072095e-01 -3.60073777e-01  9.89594800e-01  1.25553464e-03 
 2.71924375e-05 -3.60072095e-01 -3.60073755e-01  9.89594800e-01  1.25606081e-03 
 2.71974375e-05 -3.60072095e-01 -3.60073732e-01  9.89594800e-01  1.25553475e-03 
 2.72024375e-05 -3.60072095e-01 -3.60073710e-01  9.89594800e-01  1.25606070e-03 
 2.72074375e-05 -3.60072095e-01 -3.60073688e-01  9.89594800e-01  1.25553487e-03 
 2.72124375e-05 -3.60072095e-01 -3.60073666e-01  9.89594800e-01  1.25606059e-03 
 2.72174375e-05 -3.60072095e-01 -3.60073643e-01  9.89594800e-01  1.25553498e-03 
 2.72224375e-05 -3.60072095e-01 -3.60073621e-01  9.89594800e-01  1.25606048e-03 
 2.72274375e-05 -3.60072095e-01 -3.60073599e-01  9.89594800e-01  1.25553509e-03 
 2.72324375e-05 -3.60072095e-01 -3.60073577e-01  9.89594800e-01  1.25606036e-03 
 2.72374375e-05 -3.60072095e-01 -3.60073554e-01  9.89594800e-01  1.25553520e-03 
 2.72424375e-05 -3.60072095e-01 -3.60073532e-01  9.89594800e-01  1.25606025e-03 
 2.72474375e-05 -3.60072095e-01 -3.60073510e-01  9.89594800e-01  1.25553532e-03 
 2.72524375e-05 -3.60072095e-01 -3.60073488e-01  9.89594800e-01  1.25606014e-03 
 2.72574375e-05 -3.60072095e-01 -3.60073465e-01  9.89594800e-01  1.25553543e-03 
 2.72624375e-05 -3.60072095e-01 -3.60073443e-01  9.89594800e-01  1.25606003e-03 
 2.72674375e-05 -3.60072095e-01 -3.60073421e-01  9.89594800e-01  1.25553554e-03 
 2.72724375e-05 -3.60072095e-01 -3.60073399e-01  9.89594800e-01  1.25605991e-03 
 2.72774375e-05 -3.60072095e-01 -3.60073377e-01  9.89594800e-01  1.25553565e-03 
 2.72824375e-05 -3.60072095e-01 -3.60073354e-01  9.89594800e-01  1.25605980e-03 
 2.72874375e-05 -3.60072095e-01 -3.60073332e-01  9.89594800e-01  1.25553577e-03 
 2.72924375e-05 -3.60072095e-01 -3.60073310e-01  9.89594800e-01  1.25605969e-03 
 2.72974375e-05 -3.60072095e-01 -3.60073288e-01  9.89594800e-01  1.25553588e-03 
 2.73024375e-05 -3.60072095e-01 -3.60073265e-01  9.89594800e-01  1.25605958e-03 
 2.73074375e-05 -3.60072095e-01 -3.60073243e-01  9.89594800e-01  1.25553599e-03 
 2.73124375e-05 -3.60072095e-01 -3.60073221e-01  9.89594800e-01  1.25605946e-03 
 2.73174375e-05 -3.60072095e-01 -3.60073199e-01  9.89594800e-01  1.25553610e-03 
 2.73224375e-05 -3.60072095e-01 -3.60073176e-01  9.89594800e-01  1.25605935e-03 
 2.73274375e-05 -3.60072095e-01 -3.60073154e-01  9.89594800e-01  1.25553622e-03 
 2.73324375e-05 -3.60072095e-01 -3.60073132e-01  9.89594800e-01  1.25605924e-03 
 2.73374375e-05 -3.60072095e-01 -3.60073110e-01  9.89594800e-01  1.25553633e-03 
 2.73424375e-05 -3.60072095e-01 -3.60073088e-01  9.89594800e-01  1.25605913e-03 
 2.73474375e-05 -3.60072095e-01 -3.60073065e-01  9.89594800e-01  1.25553644e-03 
 2.73524375e-05 -3.60072095e-01 -3.60073043e-01  9.89594800e-01  1.25605901e-03 
 2.73574375e-05 -3.60072095e-01 -3.60073021e-01  9.89594800e-01  1.25553655e-03 
 2.73624375e-05 -3.60072095e-01 -3.60072999e-01  9.89594800e-01  1.25605890e-03 
 2.73674375e-05 -3.60072095e-01 -3.60072976e-01  9.89594800e-01  1.25553666e-03 
 2.73724375e-05 -3.60072095e-01 -3.60072954e-01  9.89594800e-01  1.25605879e-03 
 2.73774375e-05 -3.60072095e-01 -3.60072932e-01  9.89594800e-01  1.25553678e-03 
 2.73824375e-05 -3.60072095e-01 -3.60072910e-01  9.89594800e-01  1.25605868e-03 
 2.73874375e-05 -3.60072095e-01 -3.60072887e-01  9.89594800e-01  1.25553689e-03 
 2.73924375e-05 -3.60072095e-01 -3.60072865e-01  9.89594800e-01  1.25605857e-03 
 2.73974375e-05 -3.60072095e-01 -3.60072843e-01  9.89594800e-01  1.25553700e-03 
 2.74024375e-05 -3.60072095e-01 -3.60072821e-01  9.89594800e-01  1.25605846e-03 
 2.74074375e-05 -3.60072095e-01 -3.60072798e-01  9.89594800e-01  1.25553711e-03 
 2.74124375e-05 -3.60072095e-01 -3.60072776e-01  9.89594800e-01  1.25605834e-03 
 2.74174375e-05 -3.60072095e-01 -3.60072754e-01  9.89594800e-01  1.25553722e-03 
 2.74224375e-05 -3.60072095e-01 -3.60072732e-01  9.89594800e-01  1.25605823e-03 
 2.74274375e-05 -3.60072095e-01 -3.60072710e-01  9.89594800e-01  1.25553734e-03 
 2.74324375e-05 -3.60072095e-01 -3.60072687e-01  9.89594800e-01  1.25605812e-03 
 2.74374375e-05 -3.60072095e-01 -3.60072665e-01  9.89594800e-01  1.25553745e-03 
 2.74424375e-05 -3.60072095e-01 -3.60072643e-01  9.89594800e-01  1.25605801e-03 
 2.74474375e-05 -3.60072095e-01 -3.60072621e-01  9.89594800e-01  1.25553756e-03 
 2.74524375e-05 -3.60072095e-01 -3.60072598e-01  9.89594800e-01  1.25605790e-03 
 2.74574375e-05 -3.60072095e-01 -3.60072576e-01  9.89594800e-01  1.25553767e-03 
 2.74624375e-05 -3.60072095e-01 -3.60072554e-01  9.89594800e-01  1.25605779e-03 
 2.74674375e-05 -3.60072095e-01 -3.60072532e-01  9.89594800e-01  1.25553778e-03 
 2.74724375e-05 -3.60072095e-01 -3.60072509e-01  9.89594800e-01  1.25605767e-03 
 2.74774375e-05 -3.60072095e-01 -3.60072487e-01  9.89594800e-01  1.25553789e-03 
 2.74824375e-05 -3.60072095e-01 -3.60072465e-01  9.89594800e-01  1.25605756e-03 
 2.74874375e-05 -3.60072095e-01 -3.60072443e-01  9.89594800e-01  1.25553800e-03 
 2.74924375e-05 -3.60072095e-01 -3.60072420e-01  9.89594800e-01  1.25605745e-03 
 2.74974375e-05 -3.60072095e-01 -3.60072398e-01  9.89594800e-01  1.25553812e-03 
 2.75024375e-05 -3.60072095e-01 -3.60072376e-01  9.89594800e-01  1.25605734e-03 
 2.75074375e-05 -3.60072095e-01 -3.60072354e-01  9.89594800e-01  1.25553823e-03 
 2.75124375e-05 -3.60072095e-01 -3.60072332e-01  9.89594800e-01  1.25605723e-03 
 2.75174375e-05 -3.60072095e-01 -3.60072309e-01  9.89594800e-01  1.25553834e-03 
 2.75224375e-05 -3.60072095e-01 -3.60072287e-01  9.89594800e-01  1.25605712e-03 
 2.75274375e-05 -3.60072095e-01 -3.60072265e-01  9.89594800e-01  1.25553845e-03 
 2.75324375e-05 -3.60072095e-01 -3.60072243e-01  9.89594800e-01  1.25605701e-03 
 2.75374375e-05 -3.60072095e-01 -3.60072220e-01  9.89594800e-01  1.25553856e-03 
 2.75424375e-05 -3.60072095e-01 -3.60072198e-01  9.89594800e-01  1.25605689e-03 
 2.75474375e-05 -3.60072095e-01 -3.60072176e-01  9.89594800e-01  1.25553867e-03 
 2.75524375e-05 -3.60072095e-01 -3.60072154e-01  9.89594800e-01  1.25605678e-03 
 2.75574375e-05 -3.60072095e-01 -3.60072131e-01  9.89594800e-01  1.25553878e-03 
 2.75624375e-05 -3.60072095e-01 -3.60072109e-01  9.89594800e-01  1.25605667e-03 
 2.75674375e-05 -3.60072095e-01 -3.60072087e-01  9.89594800e-01  1.25553889e-03 
 2.75724375e-05 -3.60072095e-01 -3.60072065e-01  9.89594800e-01  1.25605656e-03 
 2.75774375e-05 -3.60072095e-01 -3.60072042e-01  9.89594800e-01  1.25553900e-03 
 2.75824375e-05 -3.60072095e-01 -3.60072020e-01  9.89594800e-01  1.25605645e-03 
 2.75874375e-05 -3.60072095e-01 -3.60071998e-01  9.89594800e-01  1.25553912e-03 
 2.75924375e-05 -3.60072095e-01 -3.60071976e-01  9.89594800e-01  1.25605634e-03 
 2.75974375e-05 -3.60072095e-01 -3.60071954e-01  9.89594800e-01  1.25553923e-03 
 2.76024375e-05 -3.60072095e-01 -3.60071931e-01  9.89594800e-01  1.25605623e-03 
 2.76074375e-05 -3.60072095e-01 -3.60071909e-01  9.89594800e-01  1.25553934e-03 
 2.76124375e-05 -3.60072095e-01 -3.60071887e-01  9.89594800e-01  1.25605612e-03 
 2.76174375e-05 -3.60072095e-01 -3.60071865e-01  9.89594800e-01  1.25553945e-03 
 2.76224375e-05 -3.60072095e-01 -3.60071842e-01  9.89594800e-01  1.25605601e-03 
 2.76274375e-05 -3.60072095e-01 -3.60071820e-01  9.89594800e-01  1.25553956e-03 
 2.76324375e-05 -3.60072095e-01 -3.60071798e-01  9.89594800e-01  1.25605590e-03 
 2.76374375e-05 -3.60072095e-01 -3.60071776e-01  9.89594800e-01  1.25553967e-03 
 2.76424375e-05 -3.60072095e-01 -3.60071753e-01  9.89594800e-01  1.25605579e-03 
 2.76474375e-05 -3.60072095e-01 -3.60071731e-01  9.89594800e-01  1.25553978e-03 
 2.76524375e-05 -3.60072095e-01 -3.60071709e-01  9.89594800e-01  1.25605568e-03 
 2.76574375e-05 -3.60072095e-01 -3.60071687e-01  9.89594800e-01  1.25553989e-03 
 2.76624375e-05 -3.60072095e-01 -3.60071665e-01  9.89594800e-01  1.25605556e-03 
 2.76674375e-05 -3.60072095e-01 -3.60071642e-01  9.89594800e-01  1.25554000e-03 
 2.76724375e-05 -3.60072095e-01 -3.60071620e-01  9.89594800e-01  1.25605545e-03 
 2.76774375e-05 -3.60072095e-01 -3.60071598e-01  9.89594800e-01  1.25554011e-03 
 2.76824375e-05 -3.60072095e-01 -3.60071576e-01  9.89594800e-01  1.25605534e-03 
 2.76874375e-05 -3.60072095e-01 -3.60071553e-01  9.89594800e-01  1.25554022e-03 
 2.76924375e-05 -3.60072095e-01 -3.60071531e-01  9.89594800e-01  1.25605523e-03 
 2.76974375e-05 -3.60072095e-01 -3.60071509e-01  9.89594800e-01  1.25554033e-03 
 2.77024375e-05 -3.60072095e-01 -3.60071487e-01  9.89594800e-01  1.25605512e-03 
 2.77074375e-05 -3.60072095e-01 -3.60071464e-01  9.89594800e-01  1.25554044e-03 
 2.77124375e-05 -3.60072095e-01 -3.60071442e-01  9.89594800e-01  1.25605501e-03 
 2.77174375e-05 -3.60072095e-01 -3.60071420e-01  9.89594800e-01  1.25554055e-03 
 2.77224375e-05 -3.60072095e-01 -3.60071398e-01  9.89594800e-01  1.25605490e-03 
 2.77274375e-05 -3.60072095e-01 -3.60071375e-01  9.89594800e-01  1.25554066e-03 
 2.77324375e-05 -3.60072095e-01 -3.60071353e-01  9.89594800e-01  1.25605479e-03 
 2.77374375e-05 -3.60072095e-01 -3.60071331e-01  9.89594800e-01  1.25554077e-03 
 2.77424375e-05 -3.60072095e-01 -3.60071309e-01  9.89594800e-01  1.25605468e-03 
 2.77474375e-05 -3.60072095e-01 -3.60071287e-01  9.89594800e-01  1.25554088e-03 
 2.77524375e-05 -3.60072095e-01 -3.60071264e-01  9.89594800e-01  1.25605457e-03 
 2.77574375e-05 -3.60072095e-01 -3.60071242e-01  9.89594800e-01  1.25554099e-03 
 2.77624375e-05 -3.60072095e-01 -3.60071220e-01  9.89594800e-01  1.25605446e-03 
 2.77674375e-05 -3.60072095e-01 -3.60071198e-01  9.89594800e-01  1.25554111e-03 
 2.77724375e-05 -3.60072095e-01 -3.60071175e-01  9.89594800e-01  1.25605435e-03 
 2.77774375e-05 -3.60072095e-01 -3.60071153e-01  9.89594800e-01  1.25554122e-03 
 2.77824375e-05 -3.60072095e-01 -3.60071131e-01  9.89594800e-01  1.25605424e-03 
 2.77874375e-05 -3.60072095e-01 -3.60071109e-01  9.89594800e-01  1.25554133e-03 
 2.77924375e-05 -3.60072095e-01 -3.60071086e-01  9.89594800e-01  1.25605413e-03 
 2.77974375e-05 -3.60072095e-01 -3.60071064e-01  9.89594800e-01  1.25554144e-03 
 2.78024375e-05 -3.60072095e-01 -3.60071042e-01  9.89594800e-01  1.25605402e-03 
 2.78074375e-05 -3.60072095e-01 -3.60071020e-01  9.89594800e-01  1.25554154e-03 
 2.78124375e-05 -3.60072095e-01 -3.60070998e-01  9.89594800e-01  1.25605391e-03 
 2.78174375e-05 -3.60072095e-01 -3.60070975e-01  9.89594800e-01  1.25554165e-03 
 2.78224375e-05 -3.60072095e-01 -3.60070953e-01  9.89594800e-01  1.25605380e-03 
 2.78274375e-05 -3.60072095e-01 -3.60070931e-01  9.89594800e-01  1.25554176e-03 
 2.78324375e-05 -3.60072095e-01 -3.60070909e-01  9.89594800e-01  1.25605369e-03 
 2.78374375e-05 -3.60072095e-01 -3.60070886e-01  9.89594800e-01  1.25554187e-03 
 2.78424375e-05 -3.60072095e-01 -3.60070864e-01  9.89594800e-01  1.25605358e-03 
 2.78474375e-05 -3.60072095e-01 -3.60070842e-01  9.89594800e-01  1.25554198e-03 
 2.78524375e-05 -3.60072095e-01 -3.60070820e-01  9.89594800e-01  1.25605347e-03 
 2.78574375e-05 -3.60072095e-01 -3.60070797e-01  9.89594800e-01  1.25554209e-03 
 2.78624375e-05 -3.60072095e-01 -3.60070775e-01  9.89594800e-01  1.25605336e-03 
 2.78674375e-05 -3.60072095e-01 -3.60070753e-01  9.89594800e-01  1.25554220e-03 
 2.78724375e-05 -3.60072095e-01 -3.60070731e-01  9.89594800e-01  1.25605325e-03 
 2.78774375e-05 -3.60072095e-01 -3.60070708e-01  9.89594800e-01  1.25554231e-03 
 2.78824375e-05 -3.60072095e-01 -3.60070686e-01  9.89594800e-01  1.25605314e-03 
 2.78874375e-05 -3.60072095e-01 -3.60070664e-01  9.89594800e-01  1.25554242e-03 
 2.78924375e-05 -3.60072095e-01 -3.60070642e-01  9.89594800e-01  1.25605303e-03 
 2.78974375e-05 -3.60072095e-01 -3.60070620e-01  9.89594800e-01  1.25554253e-03 
 2.79024375e-05 -3.60072095e-01 -3.60070597e-01  9.89594800e-01  1.25605292e-03 
 2.79074375e-05 -3.60072095e-01 -3.60070575e-01  9.89594800e-01  1.25554264e-03 
 2.79124375e-05 -3.60072095e-01 -3.60070553e-01  9.89594800e-01  1.25605281e-03 
 2.79174375e-05 -3.60072095e-01 -3.60070531e-01  9.89594800e-01  1.25554275e-03 
 2.79224375e-05 -3.60072095e-01 -3.60070508e-01  9.89594800e-01  1.25605271e-03 
 2.79274375e-05 -3.60072095e-01 -3.60070486e-01  9.89594800e-01  1.25554286e-03 
 2.79324375e-05 -3.60072095e-01 -3.60070464e-01  9.89594800e-01  1.25605260e-03 
 2.79374375e-05 -3.60072095e-01 -3.60070442e-01  9.89594800e-01  1.25554297e-03 
 2.79424375e-05 -3.60072095e-01 -3.60070419e-01  9.89594800e-01  1.25605249e-03 
 2.79474375e-05 -3.60072095e-01 -3.60070397e-01  9.89594800e-01  1.25554308e-03 
 2.79524375e-05 -3.60072095e-01 -3.60070375e-01  9.89594800e-01  1.25605238e-03 
 2.79574375e-05 -3.60072095e-01 -3.60070353e-01  9.89594800e-01  1.25554319e-03 
 2.79624375e-05 -3.60072095e-01 -3.60070330e-01  9.89594800e-01  1.25605227e-03 
 2.79674375e-05 -3.60072095e-01 -3.60070308e-01  9.89594800e-01  1.25554330e-03 
 2.79724375e-05 -3.60072095e-01 -3.60070286e-01  9.89594800e-01  1.25605216e-03 
 2.79774375e-05 -3.60072095e-01 -3.60070264e-01  9.89594800e-01  1.25554341e-03 
 2.79824375e-05 -3.60072095e-01 -3.60070242e-01  9.89594800e-01  1.25605205e-03 
 2.79874375e-05 -3.60072095e-01 -3.60070219e-01  9.89594800e-01  1.25554352e-03 
 2.79924375e-05 -3.60072095e-01 -3.60070197e-01  9.89594800e-01  1.25605194e-03 
 2.79962188e-05 -3.60072095e-01 -3.60070180e-01  9.89594800e-01  1.25554364e-03 
 2.80000000e-05 -3.60072095e-01 -3.60070163e-01  9.89594800e-01  1.25605180e-03 
 2.80001000e-05 -3.60072095e-01 -3.60070135e-01  9.89594800e-01  1.31993478e-03 
 2.80003000e-05 -3.60072095e-01 -3.60070037e-01  9.89594800e-01  1.30827495e-03 
 2.80006500e-05 -3.60072095e-01 -3.60069485e-01  9.89594800e-01  1.30448214e-03 
 2.80010000e-05 -3.60072095e-01 -3.58677242e-01  9.89594800e-01  1.28565343e-03 
 2.80010700e-05 -3.60072095e-01 -3.58131727e-01  9.89594800e-01  1.25581507e-03 
 2.80012100e-05 -3.60072095e-01 -3.57043541e-01  9.89594800e-01  1.25573509e-03 
 2.80014900e-05 -3.60072095e-01 -3.54883880e-01  9.89594800e-01  1.25581564e-03 
 2.80020500e-05 -3.60072095e-01 -3.50630155e-01  9.89594800e-01  1.25573657e-03 
 2.80031700e-05 -3.60072095e-01 -3.42375592e-01  9.89594800e-01  1.25581829e-03 
 2.80054100e-05 -3.60072095e-01 -3.26807346e-01  9.89594800e-01  1.25574153e-03 
 2.80098900e-05 -3.60072095e-01 -2.98944544e-01  9.89594800e-01  1.25582664e-03 
 2.80148900e-05 -3.60072095e-01 -2.72170025e-01  9.89594800e-01  1.25575106e-03 
 2.80198900e-05 -3.60072095e-01 -2.49026756e-01  9.89594800e-01  1.25583411e-03 
 2.80248900e-05 -3.60072095e-01 -2.28774400e-01  9.89594800e-01  1.25575650e-03 
 2.80298900e-05 -3.60072095e-01 -2.10856869e-01  9.89594800e-01  1.25583804e-03 
 2.80348900e-05 -3.60072095e-01 -1.94852144e-01  9.89594800e-01  1.25575937e-03 
 2.80398900e-05 -3.60072095e-01 -1.80434840e-01  9.89594800e-01  1.25584006e-03 
 2.80448900e-05 -3.60072095e-01 -1.67352231e-01  9.89594800e-01  1.25576081e-03 
 2.80498900e-05 -3.60072095e-01 -1.55406375e-01  9.89594800e-01  1.25584107e-03 
 2.80548900e-05 -3.60072095e-01 -1.44440015e-01  9.89594800e-01  1.25576152e-03 
 2.80598900e-05 -3.60072095e-01 -1.34327668e-01  9.89594800e-01  1.25584154e-03 
 2.80648900e-05 -3.60072095e-01 -1.24968041e-01  9.89594800e-01  1.25576182e-03 
 2.80698900e-05 -3.60072095e-01 -1.16278986e-01  9.89594800e-01  1.25584171e-03 
 2.80748900e-05 -3.60072095e-01 -1.08193035e-01  9.89594800e-01  1.25576188e-03 
 2.80798900e-05 -3.60072095e-01 -1.00654461e-01  9.89594800e-01  1.25584166e-03 
 2.80848900e-05 -3.60072095e-01 -9.36166866e-02  9.89594800e-01  1.25576177e-03 
 2.80898900e-05 -3.60072095e-01 -8.70403242e-02  9.89594800e-01  1.25584147e-03 
 2.80948900e-05 -3.60072095e-01 -8.08916281e-02  9.89594800e-01  1.25576153e-03 
 2.80998900e-05 -3.60072095e-01 -7.51412815e-02  9.89594800e-01  1.25584117e-03 
 2.81048900e-05 -3.60072095e-01 -6.97634465e-02  9.89594800e-01  1.25576121e-03 
 2.81098900e-05 -3.60072095e-01 -6.47350212e-02  9.89594800e-01  1.25584080e-03 
 2.81148900e-05 -3.60072095e-01 -6.00350665e-02  9.89594800e-01  1.25576083e-03 
 2.81198900e-05 -3.60072095e-01 -5.56443642e-02  9.89594800e-01  1.25584040e-03 
 2.81248900e-05 -3.60072095e-01 -5.15450824e-02  9.89594800e-01  1.25576043e-03 
 2.81298900e-05 -3.60072095e-01 -4.77205229e-02  9.89594800e-01  1.25583999e-03 
 2.81348900e-05 -3.60072095e-01 -4.41549362e-02  9.89594800e-01  1.25576005e-03 
 2.81398900e-05 -3.60072095e-01 -4.08333846e-02  9.89594800e-01  1.25583960e-03 
 2.81448900e-05 -3.60072095e-01 -3.77416468e-02  9.89594800e-01  1.25575969e-03 
 2.81498900e-05 -3.60072095e-01 -3.48661495e-02  9.89594800e-01  1.25583925e-03 
 2.81548900e-05 -3.60072095e-01 -3.21939214e-02  9.89594800e-01  1.25575938e-03 
 2.81598900e-05 -3.60072095e-01 -2.97125627e-02  9.89594800e-01  1.25583894e-03 
 2.81648900e-05 -3.60072095e-01 -2.74102238e-02  9.89594800e-01  1.25575910e-03 
 2.81698900e-05 -3.60072095e-01 -2.52755920e-02  9.89594800e-01  1.25583868e-03 
 2.81748900e-05 -3.60072095e-01 -2.32978814e-02  9.89594800e-01  1.25575888e-03 
 2.81798900e-05 -3.60072095e-01 -2.14668250e-02  9.89594800e-01  1.25583846e-03 
 2.81848900e-05 -3.60072095e-01 -1.97726668e-02  9.89594800e-01  1.25575869e-03 
 2.81898900e-05 -3.60072095e-01 -1.82061549e-02  9.89594800e-01  1.25583828e-03 
 2.81948900e-05 -3.60072095e-01 -1.67585310e-02  9.89594800e-01  1.25575854e-03 
 2.81998900e-05 -3.60072095e-01 -1.54215216e-02  9.89594800e-01  1.25583813e-03 
 2.82048900e-05 -3.60072095e-01 -1.41873249e-02  9.89594800e-01  1.25575842e-03 
 2.82098900e-05 -3.60072095e-01 -1.30485984e-02  9.89594800e-01  1.25583801e-03 
 2.82148900e-05 -3.60072095e-01 -1.19984436e-02  9.89594800e-01  1.25575833e-03 
 2.82198900e-05 -3.60072095e-01 -1.10303906e-02  9.89594800e-01  1.25583791e-03 
 2.82248900e-05 -3.60072095e-01 -1.01383811e-02  9.89594800e-01  1.25575826e-03 
 2.82298900e-05 -3.60072095e-01 -9.31675108e-03  9.89594800e-01  1.25583784e-03 
 2.82348900e-05 -3.60072095e-01 -8.56021250e-03  9.89594800e-01  1.25575820e-03 
 2.82398900e-05 -3.60072095e-01 -7.86383549e-03  9.89594800e-01  1.25583777e-03 
 2.82448900e-05 -3.60072095e-01 -7.22302921e-03  9.89594800e-01  1.25575816e-03 
 2.82498900e-05 -3.60072095e-01 -6.63352442e-03  9.89594800e-01  1.25583772e-03 
 2.82548900e-05 -3.60072095e-01 -6.09135441e-03  9.89594800e-01  1.25575813e-03 
 2.82598900e-05 -3.60072095e-01 -5.59283828e-03  9.89594800e-01  1.25583768e-03 
 2.82648900e-05 -3.60072095e-01 -5.13456260e-03  9.89594800e-01  1.25575810e-03 
 2.82698900e-05 -3.60072095e-01 -4.71336575e-03  9.89594800e-01  1.25583765e-03 
 2.82748900e-05 -3.60072095e-01 -4.32632073e-03  9.89594800e-01  1.25575809e-03 
 2.82798900e-05 -3.60072095e-01 -3.97072079e-03  9.89594800e-01  1.25583762e-03 
 2.82848900e-05 -3.60072095e-01 -3.64406359e-03  9.89594800e-01  1.25575808e-03 
 2.82898900e-05 -3.60072095e-01 -3.34403827e-03  9.89594800e-01  1.25583759e-03 
 2.82948900e-05 -3.60072095e-01 -3.06851104e-03  9.89594800e-01  1.25575807e-03 
 2.82998900e-05 -3.60072095e-01 -2.81551368e-03  9.89594800e-01  1.25583757e-03 
 2.83048900e-05 -3.60072095e-01 -2.58323064e-03  9.89594800e-01  1.25575806e-03 
 2.83098900e-05 -3.60072095e-01 -2.36998895e-03  9.89594800e-01  1.25583755e-03 
 2.83148900e-05 -3.60072095e-01 -2.17424670e-03  9.89594800e-01  1.25575806e-03 
 2.83198900e-05 -3.60072095e-01 -1.99458431e-03  9.89594800e-01  1.25583754e-03 
 2.83248900e-05 -3.60072095e-01 -1.82969430e-03  9.89594800e-01  1.25575806e-03 
 2.83298900e-05 -3.60072095e-01 -1.67837387e-03  9.89594800e-01  1.25583752e-03 
 2.83348900e-05 -3.60072095e-01 -1.53951581e-03  9.89594800e-01  1.25575806e-03 
 2.83398900e-05 -3.60072095e-01 -1.41210224e-03  9.89594800e-01  1.25583751e-03 
 2.83448900e-05 -3.60072095e-01 -1.29519660e-03  9.89594800e-01  1.25575806e-03 
 2.83498900e-05 -3.60072095e-01 -1.18793838e-03  9.89594800e-01  1.25583750e-03 
 2.83548900e-05 -3.60072095e-01 -1.08953613e-03  9.89594800e-01  1.25575806e-03 
 2.83598900e-05 -3.60072095e-01 -9.99263038e-04  9.89594800e-01  1.25583748e-03 
 2.83648900e-05 -3.60072095e-01 -9.16450780e-04  9.89594800e-01  1.25575807e-03 
 2.83698900e-05 -3.60072095e-01 -8.40485943e-04  9.89594800e-01  1.25583747e-03 
 2.83748900e-05 -3.60072095e-01 -7.70804559e-04  9.89594800e-01  1.25575807e-03 
 2.83798900e-05 -3.60072095e-01 -7.06889238e-04  9.89594800e-01  1.25583746e-03 
 2.83848900e-05 -3.60072095e-01 -6.48264341e-04  9.89594800e-01  1.25575808e-03 
 2.83898900e-05 -3.60072095e-01 -5.94493708e-04  9.89594800e-01  1.25583745e-03 
 2.83948900e-05 -3.60072095e-01 -5.45176379e-04  9.89594800e-01  1.25575808e-03 
 2.83998900e-05 -3.60072095e-01 -4.99944839e-04  9.89594800e-01  1.25583744e-03 
 2.84048900e-05 -3.60072095e-01 -4.58461213e-04  9.89594800e-01  1.25575809e-03 
 2.84098900e-05 -3.60072095e-01 -4.20415951e-04  9.89594800e-01  1.25583743e-03 
 2.84148900e-05 -3.60072095e-01 -3.85524427e-04  9.89594800e-01  1.25575809e-03 
 2.84198900e-05 -3.60072095e-01 -3.53526001e-04  9.89594800e-01  1.25583743e-03 
 2.84248900e-05 -3.60072095e-01 -3.24180966e-04  9.89594800e-01  1.25575810e-03 
 2.84298900e-05 -3.60072095e-01 -2.97269931e-04  9.89594800e-01  1.25583742e-03 
 2.84348900e-05 -3.60072095e-01 -2.72591058e-04  9.89594800e-01  1.25575811e-03 
 2.84398900e-05 -3.60072095e-01 -2.49959727e-04  9.89594800e-01  1.25583741e-03 
 2.84448900e-05 -3.60072095e-01 -2.29206014e-04  9.89594800e-01  1.25575811e-03 
 2.84498900e-05 -3.60072095e-01 -2.10174594e-04  9.89594800e-01  1.25583740e-03 
 2.84548900e-05 -3.60072095e-01 -1.92722429e-04  9.89594800e-01  1.25575812e-03 
 2.84598900e-05 -3.60072095e-01 -1.76718868e-04  9.89594800e-01  1.25583739e-03 
 2.84648900e-05 -3.60072095e-01 -1.62043515e-04  9.89594800e-01  1.25575813e-03 
 2.84698900e-05 -3.60072095e-01 -1.48586496e-04  9.89594800e-01  1.25583739e-03 
 2.84748900e-05 -3.60072095e-01 -1.36246477e-04  9.89594800e-01  1.25575813e-03 
 2.84798900e-05 -3.60072095e-01 -1.24931075e-04  9.89594800e-01  1.25583738e-03 
 2.84848900e-05 -3.60072095e-01 -1.14555002e-04  9.89594800e-01  1.25575814e-03 
 2.84898900e-05 -3.60072095e-01 -1.05040594e-04  9.89594800e-01  1.25583737e-03 
 2.84948900e-05 -3.60072095e-01 -9.63160692e-05  9.89594800e-01  1.25575815e-03 
 2.84998900e-05 -3.60072095e-01 -8.83161499e-05  9.89594800e-01  1.25583736e-03 
 2.85048900e-05 -3.60072095e-01 -8.09804171e-05  9.89594800e-01  1.25575816e-03 
 2.85098900e-05 -3.60072095e-01 -7.42540161e-05  9.89594800e-01  1.25583735e-03 
 2.85148900e-05 -3.60072095e-01 -6.80860877e-05  9.89594800e-01  1.25575816e-03 
 2.85198900e-05 -3.60072095e-01 -6.24305457e-05  9.89594800e-01  1.25583735e-03 
 2.85248900e-05 -3.60072095e-01 -5.72445729e-05  9.89594800e-01  1.25575817e-03 
 2.85298900e-05 -3.60072095e-01 -5.24894592e-05  9.89594800e-01  1.25583734e-03 
 2.85348900e-05 -3.60072095e-01 -4.81291522e-05  9.89594800e-01  1.25575818e-03 
 2.85398900e-05 -3.60072095e-01 -4.41311459e-05  9.89594800e-01  1.25583733e-03 
 2.85448900e-05 -3.60072095e-01 -4.04650779e-05  9.89594800e-01  1.25575819e-03 
 2.85498900e-05 -3.60072095e-01 -3.71036599e-05  9.89594800e-01  1.25583732e-03 
 2.85548900e-05 -3.60072095e-01 -3.40213150e-05  9.89594800e-01  1.25575819e-03 
 2.85598900e-05 -3.60072095e-01 -3.11951435e-05  9.89594800e-01  1.25583732e-03 
 2.85648900e-05 -3.60072095e-01 -2.86035928e-05  9.89594800e-01  1.25575820e-03 
 2.85698900e-05 -3.60072095e-01 -2.62274537e-05  9.89594800e-01  1.25583731e-03 
 2.85748900e-05 -3.60072095e-01 -2.40485581e-05  9.89594800e-01  1.25575821e-03 
 2.85798900e-05 -3.60072095e-01 -2.20508002e-05  9.89594800e-01  1.25583730e-03 
 2.85848900e-05 -3.60072095e-01 -2.02188580e-05  9.89594800e-01  1.25575821e-03 
 2.85898900e-05 -3.60072095e-01 -1.85392353e-05  9.89594800e-01  1.25583729e-03 
 2.85948900e-05 -3.60072095e-01 -1.69990033e-05  9.89594800e-01  1.25575822e-03 
 2.85998900e-05 -3.60072095e-01 -1.55868603e-05  9.89594800e-01  1.25583729e-03 
 2.86048900e-05 -3.60072095e-01 -1.42918898e-05  9.89594800e-01  1.25575823e-03 
 2.86098900e-05 -3.60072095e-01 -1.31046354e-05  9.89594800e-01  1.25583728e-03 
 2.86148900e-05 -3.60072095e-01 -1.20158727e-05  9.89594800e-01  1.25575824e-03 
 2.86198900e-05 -3.60072095e-01 -1.10176968e-05  9.89594800e-01  1.25583727e-03 
 2.86248900e-05 -3.60072095e-01 -1.01023059e-05  9.89594800e-01  1.25575824e-03 
 2.86298900e-05 -3.60072095e-01 -9.26309967e-06  9.89594800e-01  1.25583726e-03 
 2.86348900e-05 -3.60072095e-01 -8.49347283e-06  9.89594800e-01  1.25575825e-03 
 2.86398900e-05 -3.60072095e-01 -7.78792177e-06  9.89594800e-01  1.25583726e-03 
 2.86448900e-05 -3.60072095e-01 -7.14084707e-06  9.89594800e-01  1.25575826e-03 
 2.86498900e-05 -3.60072095e-01 -6.54766735e-06  9.89594800e-01  1.25583725e-03 
 2.86548900e-05 -3.60072095e-01 -6.00362895e-06  9.89594800e-01  1.25575827e-03 
 2.86598900e-05 -3.60072095e-01 -5.50492585e-06  9.89594800e-01  1.25583724e-03 
 2.86648900e-05 -3.60072095e-01 -5.04751551e-06  9.89594800e-01  1.25575827e-03 
 2.86698900e-05 -3.60072095e-01 -4.62824382e-06  9.89594800e-01  1.25583723e-03 
 2.86748900e-05 -3.60072095e-01 -4.24366614e-06  9.89594800e-01  1.25575828e-03 
 2.86798900e-05 -3.60072095e-01 -3.89117645e-06  9.89594800e-01  1.25583723e-03 
 2.86848900e-05 -3.60072095e-01 -3.56783281e-06  9.89594800e-01  1.25575829e-03 
 2.86898900e-05 -3.60072095e-01 -3.27149004e-06  9.89594800e-01  1.25583722e-03 
 2.86948900e-05 -3.60072095e-01 -2.99962886e-06  9.89594800e-01  1.25575830e-03 
 2.86998900e-05 -3.60072095e-01 -2.75049150e-06  9.89594800e-01  1.25583721e-03 
 2.87048900e-05 -3.60072095e-01 -2.52191409e-06  9.89594800e-01  1.25575830e-03 
 2.87098900e-05 -3.60072095e-01 -2.31246457e-06  9.89594800e-01  1.25583720e-03 
 2.87148900e-05 -3.60072095e-01 -2.12027787e-06  9.89594800e-01  1.25575831e-03 
 2.87198900e-05 -3.60072095e-01 -1.94419576e-06  9.89594800e-01  1.25583720e-03 
 2.87248900e-05 -3.60072095e-01 -1.78260441e-06  9.89594800e-01  1.25575832e-03 
 2.87298900e-05 -3.60072095e-01 -1.63457582e-06  9.89594800e-01  1.25583719e-03 
 2.87348900e-05 -3.60072095e-01 -1.49870739e-06  9.89594800e-01  1.25575833e-03 
 2.87398900e-05 -3.60072095e-01 -1.37426466e-06  9.89594800e-01  1.25583718e-03 
 2.87448900e-05 -3.60072095e-01 -1.26002266e-06  9.89594800e-01  1.25575833e-03 
 2.87498900e-05 -3.60072095e-01 -1.15540963e-06  9.89594800e-01  1.25583717e-03 
 2.87548900e-05 -3.60072095e-01 -1.05934994e-06  9.89594800e-01  1.25575834e-03 
 2.87598900e-05 -3.60072095e-01 -9.71408628e-07  9.89594800e-01  1.25583717e-03 
 2.87648900e-05 -3.60072095e-01 -8.90635624e-07  9.89594800e-01  1.25575835e-03 
 2.87698900e-05 -3.60072095e-01 -8.16710959e-07  9.89594800e-01  1.25583716e-03 
 2.87748900e-05 -3.60072095e-01 -7.48790154e-07  9.89594800e-01  1.25575835e-03 
 2.87798900e-05 -3.60072095e-01 -6.86649900e-07  9.89594800e-01  1.25583715e-03 
 2.87848900e-05 -3.60072095e-01 -6.29534505e-07  9.89594800e-01  1.25575836e-03 
 2.87898900e-05 -3.60072095e-01 -5.77301922e-07  9.89594800e-01  1.25583715e-03 
 2.87948900e-05 -3.60072095e-01 -5.29271116e-07  9.89594800e-01  1.25575837e-03 
 2.87998900e-05 -3.60072095e-01 -4.85368341e-07  9.89594800e-01  1.25583714e-03 
 2.88048900e-05 -3.60072095e-01 -4.44975346e-07  9.89594800e-01  1.25575838e-03 
 2.88098900e-05 -3.60072095e-01 -4.08075806e-07  9.89594800e-01  1.25583713e-03 
 2.88148900e-05 -3.60072095e-01 -3.74110547e-07  9.89594800e-01  1.25575838e-03 
 2.88198900e-05 -3.60072095e-01 -3.43104690e-07  9.89594800e-01  1.25583712e-03 
 2.88248900e-05 -3.60072095e-01 -3.14536484e-07  9.89594800e-01  1.25575839e-03 
 2.88298900e-05 -3.60072095e-01 -2.88479260e-07  9.89594800e-01  1.25583712e-03 
 2.88348900e-05 -3.60072095e-01 -2.64428360e-07  9.89594800e-01  1.25575840e-03 
 2.88398900e-05 -3.60072095e-01 -2.42513104e-07  9.89594800e-01  1.25583711e-03 
 2.88448900e-05 -3.60072095e-01 -2.22282906e-07  9.89594800e-01  1.25575840e-03 
 2.88498900e-05 -3.60072095e-01 -2.03870893e-07  9.89594800e-01  1.25583710e-03 
 2.88548900e-05 -3.60072095e-01 -1.86852632e-07  9.89594800e-01  1.25575841e-03 
 2.88598900e-05 -3.60072095e-01 -1.71385675e-07  9.89594800e-01  1.25583709e-03 
 2.88648900e-05 -3.60072095e-01 -1.57066342e-07  9.89594800e-01  1.25575842e-03 
 2.88698900e-05 -3.60072095e-01 -1.44074047e-07  9.89594800e-01  1.25583709e-03 
 2.88748900e-05 -3.60072095e-01 -1.32025010e-07  9.89594800e-01  1.25575843e-03 
 2.88798900e-05 -3.60072095e-01 -1.21114358e-07  9.89594800e-01  1.25583708e-03 
 2.88848900e-05 -3.60072095e-01 -1.10974178e-07  9.89594800e-01  1.25575843e-03 
 2.88898900e-05 -3.60072095e-01 -1.01813440e-07  9.89594800e-01  1.25583707e-03 
 2.88948900e-05 -3.60072095e-01 -9.32781448e-08  9.89594800e-01  1.25575844e-03 
 2.88998900e-05 -3.60072095e-01 -8.55884442e-08  9.89594800e-01  1.25583706e-03 
 2.89048900e-05 -3.60072095e-01 -7.84006805e-08  9.89594800e-01  1.25575845e-03 
 2.89098900e-05 -3.60072095e-01 -7.19477093e-08  9.89594800e-01  1.25583706e-03 
 2.89148900e-05 -3.60072095e-01 -6.58926627e-08  9.89594800e-01  1.25575846e-03 
 2.89198900e-05 -3.60072095e-01 -6.04794508e-08  9.89594800e-01  1.25583705e-03 
 2.89248900e-05 -3.60072095e-01 -5.53767278e-08  9.89594800e-01  1.25575846e-03 
 2.89298900e-05 -3.60072095e-01 -5.08376790e-08  9.89594800e-01  1.25583704e-03 
 2.89348900e-05 -3.60072095e-01 -4.65355311e-08  9.89594800e-01  1.25575847e-03 
 2.89398900e-05 -3.60072095e-01 -4.27314223e-08  9.89594800e-01  1.25583704e-03 
 2.89448900e-05 -3.60072095e-01 -3.91023266e-08  9.89594800e-01  1.25575848e-03 
 2.89498900e-05 -3.60072095e-01 -3.59161116e-08  9.89594800e-01  1.25583703e-03 
 2.89548900e-05 -3.60072095e-01 -3.28540399e-08  9.89594800e-01  1.25575848e-03 
 2.89598900e-05 -3.60072095e-01 -3.01883744e-08  9.89594800e-01  1.25583702e-03 
 2.89648900e-05 -3.60072095e-01 -2.76017406e-08  9.89594800e-01  1.25575849e-03 
 2.89698900e-05 -3.60072095e-01 -2.53725373e-08  9.89594800e-01  1.25583702e-03 
 2.89748900e-05 -3.60072095e-01 -2.31856480e-08  9.89594800e-01  1.25575850e-03 
 2.89798900e-05 -3.60072095e-01 -2.13234163e-08  9.89594800e-01  1.25583701e-03 
 2.89848900e-05 -3.60072095e-01 -1.94726392e-08  9.89594800e-01  1.25575850e-03 
 2.89898900e-05 -3.60072095e-01 -1.79189495e-08  9.89594800e-01  1.25583700e-03 
 2.89948900e-05 -3.60072095e-01 -1.63507703e-08  9.89594800e-01  1.25575851e-03 
 2.89979450e-05 -3.60072095e-01 -1.55740367e-08  9.89594800e-01  1.25583700e-03 
 2.90010000e-05 -3.60072095e-01 -1.46895269e-08  9.89594800e-01  1.25575852e-03 
 2.90011000e-05 -3.60072095e-01 -1.47249609e-08  9.89594800e-01  1.22625348e-03 
 2.90013000e-05 -3.60072095e-01 -1.47250440e-08  9.89594800e-01  1.19992586e-03 
 2.90015803e-05 -3.60072095e-01 -1.47249835e-08  9.89594800e-01  1.21430706e-03 
 2.90017902e-05 -3.60072095e-01 -1.47250644e-08  9.89594800e-01  1.18812729e-03 
 2.90020000e-05 -3.60072095e-01 -1.47249940e-08  9.89594800e-01  1.19948384e-03 
 2.90020420e-05 -3.60072095e-01 -1.47250309e-08  9.89594800e-01  1.25546978e-03 
 2.90021259e-05 -3.60072095e-01 -1.47250317e-08  9.89594800e-01  1.25612165e-03 
 2.90022938e-05 -3.60072095e-01 -1.47250317e-08  9.89594800e-01  1.25547601e-03 
 2.90026295e-05 -3.60072095e-01 -1.47250322e-08  9.89594800e-01  1.25611848e-03 
 2.90033010e-05 -3.60072095e-01 -1.47250315e-08  9.89594800e-01  1.25547755e-03 
 2.90046439e-05 -3.60072095e-01 -1.47250313e-08  9.89594800e-01  1.25611771e-03 
 2.90073299e-05 -3.60072095e-01 -1.47250305e-08  9.89594800e-01  1.25547793e-03 
 2.90123299e-05 -3.60072095e-01 -1.47250308e-08  9.89594800e-01  1.25611751e-03 
 2.90173299e-05 -3.60072095e-01 -1.47250300e-08  9.89594800e-01  1.25547807e-03 
 2.90223299e-05 -3.60072095e-01 -1.47250293e-08  9.89594800e-01  1.25611738e-03 
 2.90273299e-05 -3.60072095e-01 -1.47250278e-08  9.89594800e-01  1.25547820e-03 
 2.90323299e-05 -3.60072095e-01 -1.47250249e-08  9.89594800e-01  1.25611724e-03 
 2.90373299e-05 -3.60072095e-01 -1.47250216e-08  9.89594800e-01  1.25547834e-03 
 2.90423299e-05 -3.60072095e-01 -1.47250216e-08  9.89594800e-01  1.25611710e-03 
 2.90473299e-05 -3.60072095e-01 -1.47250186e-08  9.89594800e-01  1.25547848e-03 
 2.90523299e-05 -3.60072095e-01 -1.47250132e-08  9.89594800e-01  1.25611696e-03 
 2.90573299e-05 -3.60072095e-01 -1.47250118e-08  9.89594800e-01  1.25547862e-03 
 2.90623299e-05 -3.60072095e-01 -1.47250124e-08  9.89594800e-01  1.25611683e-03 
 2.90673299e-05 -3.60072095e-01 -1.47250101e-08  9.89594800e-01  1.25547875e-03 
 2.90723299e-05 -3.60072095e-01 -1.47250084e-08  9.89594800e-01  1.25611669e-03 
 2.90773299e-05 -3.60072095e-01 -1.47250058e-08  9.89594800e-01  1.25547889e-03 
 2.90823299e-05 -3.60072095e-01 -1.47250041e-08  9.89594800e-01  1.25611655e-03 
 2.90873299e-05 -3.60072095e-01 -1.47250030e-08  9.89594800e-01  1.25547903e-03 
 2.90923299e-05 -3.60072095e-01 -1.47250034e-08  9.89594800e-01  1.25611642e-03 
 2.90973299e-05 -3.60072095e-01 -1.47250009e-08  9.89594800e-01  1.25547916e-03 
 2.91023299e-05 -3.60072095e-01 -1.47249984e-08  9.89594800e-01  1.25611628e-03 
 2.91073299e-05 -3.60072095e-01 -1.47249953e-08  9.89594800e-01  1.25547930e-03 
 2.91123299e-05 -3.60072095e-01 -1.47249943e-08  9.89594800e-01  1.25611614e-03 
 2.91173299e-05 -3.60072095e-01 -1.47249944e-08  9.89594800e-01  1.25547944e-03 
 2.91223299e-05 -3.60072095e-01 -1.47249932e-08  9.89594800e-01  1.25611601e-03 
 2.91273299e-05 -3.60072095e-01 -1.47249910e-08  9.89594800e-01  1.25547957e-03 
 2.91323299e-05 -3.60072095e-01 -1.47249896e-08  9.89594800e-01  1.25611587e-03 
 2.91373299e-05 -3.60072095e-01 -1.47249890e-08  9.89594800e-01  1.25547971e-03 
 2.91423299e-05 -3.60072095e-01 -1.47249891e-08  9.89594800e-01  1.25611573e-03 
 2.91473299e-05 -3.60072095e-01 -1.47249888e-08  9.89594800e-01  1.25547985e-03 
 2.91523299e-05 -3.60072095e-01 -1.47249891e-08  9.89594800e-01  1.25611560e-03 
 2.91573299e-05 -3.60072095e-01 -1.47249877e-08  9.89594800e-01  1.25547998e-03 
 2.91623299e-05 -3.60072095e-01 -1.47249871e-08  9.89594800e-01  1.25611546e-03 
 2.91673299e-05 -3.60072095e-01 -1.47249866e-08  9.89594800e-01  1.25548012e-03 
 2.91723299e-05 -3.60072095e-01 -1.47249862e-08  9.89594800e-01  1.25611532e-03 
 2.91773299e-05 -3.60072095e-01 -1.47249847e-08  9.89594800e-01  1.25548025e-03 
 2.91823299e-05 -3.60072095e-01 -1.47249835e-08  9.89594800e-01  1.25611519e-03 
 2.91873299e-05 -3.60072095e-01 -1.47249798e-08  9.89594800e-01  1.25548039e-03 
 2.91923299e-05 -3.60072095e-01 -1.47249778e-08  9.89594800e-01  1.25611505e-03 
 2.91973299e-05 -3.60072095e-01 -1.47249775e-08  9.89594800e-01  1.25548053e-03 
 2.92023299e-05 -3.60072095e-01 -1.47249750e-08  9.89594800e-01  1.25611492e-03 
 2.92073299e-05 -3.60072095e-01 -1.47249697e-08  9.89594800e-01  1.25548066e-03 
 2.92123299e-05 -3.60072095e-01 -1.47249641e-08  9.89594800e-01  1.25611478e-03 
 2.92173299e-05 -3.60072095e-01 -1.47249575e-08  9.89594800e-01  1.25548080e-03 
 2.92223299e-05 -3.60072095e-01 -1.47249563e-08  9.89594800e-01  1.25611464e-03 
 2.92273299e-05 -3.60072095e-01 -1.47249548e-08  9.89594800e-01  1.25548093e-03 
 2.92323299e-05 -3.60072095e-01 -1.47249539e-08  9.89594800e-01  1.25611451e-03 
 2.92373299e-05 -3.60072095e-01 -1.47249540e-08  9.89594800e-01  1.25548107e-03 
 2.92423299e-05 -3.60072095e-01 -1.47249528e-08  9.89594800e-01  1.25611437e-03 
 2.92473299e-05 -3.60072095e-01 -1.47249500e-08  9.89594800e-01  1.25548121e-03 
 2.92523299e-05 -3.60072095e-01 -1.47249495e-08  9.89594800e-01  1.25611424e-03 
 2.92573299e-05 -3.60072095e-01 -1.47249469e-08  9.89594800e-01  1.25548134e-03 
 2.92623299e-05 -3.60072095e-01 -1.47249440e-08  9.89594800e-01  1.25611410e-03 
 2.92673299e-05 -3.60072095e-01 -1.47249444e-08  9.89594800e-01  1.25548148e-03 
 2.92723299e-05 -3.60072095e-01 -1.47249432e-08  9.89594800e-01  1.25611397e-03 
 2.92773299e-05 -3.60072095e-01 -1.47249410e-08  9.89594800e-01  1.25548161e-03 
 2.92823299e-05 -3.60072095e-01 -1.47249426e-08  9.89594800e-01  1.25611383e-03 
 2.92873299e-05 -3.60072095e-01 -1.47249417e-08  9.89594800e-01  1.25548175e-03 
 2.92923299e-05 -3.60072095e-01 -1.47249407e-08  9.89594800e-01  1.25611369e-03 
 2.92973299e-05 -3.60072095e-01 -1.47249404e-08  9.89594800e-01  1.25548188e-03 
 2.93023299e-05 -3.60072095e-01 -1.47249389e-08  9.89594800e-01  1.25611356e-03 
 2.93073299e-05 -3.60072095e-01 -1.47249373e-08  9.89594800e-01  1.25548202e-03 
 2.93123299e-05 -3.60072095e-01 -1.47249390e-08  9.89594800e-01  1.25611342e-03 
 2.93173299e-05 -3.60072095e-01 -1.47249400e-08  9.89594800e-01  1.25548216e-03 
 2.93223299e-05 -3.60072095e-01 -1.47249386e-08  9.89594800e-01  1.25611329e-03 
 2.93273299e-05 -3.60072095e-01 -1.47249346e-08  9.89594800e-01  1.25548229e-03 
 2.93323299e-05 -3.60072095e-01 -1.47249313e-08  9.89594800e-01  1.25611315e-03 
 2.93373299e-05 -3.60072095e-01 -1.47249305e-08  9.89594800e-01  1.25548243e-03 
 2.93423299e-05 -3.60072095e-01 -1.47249286e-08  9.89594800e-01  1.25611302e-03 
 2.93473299e-05 -3.60072095e-01 -1.47249257e-08  9.89594800e-01  1.25548256e-03 
 2.93523299e-05 -3.60072095e-01 -1.47249268e-08  9.89594800e-01  1.25611288e-03 
 2.93573299e-05 -3.60072095e-01 -1.47249243e-08  9.89594800e-01  1.25548270e-03 
 2.93623299e-05 -3.60072095e-01 -1.47249231e-08  9.89594800e-01  1.25611275e-03 
 2.93673299e-05 -3.60072095e-01 -1.47249214e-08  9.89594800e-01  1.25548283e-03 
 2.93723299e-05 -3.60072095e-01 -1.47249194e-08  9.89594800e-01  1.25611261e-03 
 2.93773299e-05 -3.60072095e-01 -1.47249178e-08  9.89594800e-01  1.25548297e-03 
 2.93823299e-05 -3.60072095e-01 -1.47249182e-08  9.89594800e-01  1.25611248e-03 
 2.93873299e-05 -3.60072095e-01 -1.47249182e-08  9.89594800e-01  1.25548310e-03 
 2.93923299e-05 -3.60072095e-01 -1.47249183e-08  9.89594800e-01  1.25611234e-03 
 2.93973299e-05 -3.60072095e-01 -1.47249163e-08  9.89594800e-01  1.25548324e-03 
 2.94023299e-05 -3.60072095e-01 -1.47249144e-08  9.89594800e-01  1.25611221e-03 
 2.94073299e-05 -3.60072095e-01 -1.47249130e-08  9.89594800e-01  1.25548337e-03 
 2.94123299e-05 -3.60072095e-01 -1.47249106e-08  9.89594800e-01  1.25611207e-03 
 2.94173299e-05 -3.60072095e-01 -1.47249082e-08  9.89594800e-01  1.25548351e-03 
 2.94223299e-05 -3.60072095e-01 -1.47249088e-08  9.89594800e-01  1.25611194e-03 
 2.94273299e-05 -3.60072095e-01 -1.47249097e-08  9.89594800e-01  1.25548364e-03 
 2.94323299e-05 -3.60072095e-01 -1.47249107e-08  9.89594800e-01  1.25611180e-03 
 2.94373299e-05 -3.60072095e-01 -1.47249121e-08  9.89594800e-01  1.25548378e-03 
 2.94423299e-05 -3.60072095e-01 -1.47249140e-08  9.89594800e-01  1.25611167e-03 
 2.94473299e-05 -3.60072095e-01 -1.47249137e-08  9.89594800e-01  1.25548391e-03 
 2.94523299e-05 -3.60072095e-01 -1.47249133e-08  9.89594800e-01  1.25611153e-03 
 2.94573299e-05 -3.60072095e-01 -1.47249116e-08  9.89594800e-01  1.25548405e-03 
 2.94623299e-05 -3.60072095e-01 -1.47249082e-08  9.89594800e-01  1.25611140e-03 
 2.94673299e-05 -3.60072095e-01 -1.47249034e-08  9.89594800e-01  1.25548418e-03 
 2.94723299e-05 -3.60072095e-01 -1.47249024e-08  9.89594800e-01  1.25611126e-03 
 2.94773299e-05 -3.60072095e-01 -1.47249024e-08  9.89594800e-01  1.25548431e-03 
 2.94823299e-05 -3.60072095e-01 -1.47249014e-08  9.89594800e-01  1.25611113e-03 
 2.94873299e-05 -3.60072095e-01 -1.47249015e-08  9.89594800e-01  1.25548445e-03 
 2.94923299e-05 -3.60072095e-01 -1.47249009e-08  9.89594800e-01  1.25611099e-03 
 2.94973299e-05 -3.60072095e-01 -1.47248961e-08  9.89594800e-01  1.25548458e-03 
 2.95023299e-05 -3.60072095e-01 -1.47248942e-08  9.89594800e-01  1.25611086e-03 
 2.95073299e-05 -3.60072095e-01 -1.47248906e-08  9.89594800e-01  1.25548472e-03 
 2.95123299e-05 -3.60072095e-01 -1.47248890e-08  9.89594800e-01  1.25611073e-03 
 2.95173299e-05 -3.60072095e-01 -1.47248886e-08  9.89594800e-01  1.25548485e-03 
 2.95223299e-05 -3.60072095e-01 -1.47248883e-08  9.89594800e-01  1.25611059e-03 
 2.95273299e-05 -3.60072095e-01 -1.47248875e-08  9.89594800e-01  1.25548499e-03 
 2.95323299e-05 -3.60072095e-01 -1.47248870e-08  9.89594800e-01  1.25611046e-03 
 2.95373299e-05 -3.60072095e-01 -1.47248850e-08  9.89594800e-01  1.25548512e-03 
 2.95423299e-05 -3.60072095e-01 -1.47248840e-08  9.89594800e-01  1.25611032e-03 
 2.95473299e-05 -3.60072095e-01 -1.47248835e-08  9.89594800e-01  1.25548525e-03 
 2.95523299e-05 -3.60072095e-01 -1.47248821e-08  9.89594800e-01  1.25611019e-03 
 2.95573299e-05 -3.60072095e-01 -1.47248805e-08  9.89594800e-01  1.25548539e-03 
 2.95623299e-05 -3.60072095e-01 -1.47248836e-08  9.89594800e-01  1.25611006e-03 
 2.95673299e-05 -3.60072095e-01 -1.47248878e-08  9.89594800e-01  1.25548552e-03 
 2.95723299e-05 -3.60072095e-01 -1.47248922e-08  9.89594800e-01  1.25610992e-03 
 2.95773299e-05 -3.60072095e-01 -1.47248937e-08  9.89594800e-01  1.25548566e-03 
 2.95823299e-05 -3.60072095e-01 -1.47248952e-08  9.89594800e-01  1.25610979e-03 
 2.95873299e-05 -3.60072095e-01 -1.47248953e-08  9.89594800e-01  1.25548579e-03 
 2.95923299e-05 -3.60072095e-01 -1.47248931e-08  9.89594800e-01  1.25610965e-03 
 2.95973299e-05 -3.60072095e-01 -1.47248902e-08  9.89594800e-01  1.25548592e-03 
 2.96023299e-05 -3.60072095e-01 -1.47248871e-08  9.89594800e-01  1.25610952e-03 
 2.96073299e-05 -3.60072095e-01 -1.47248844e-08  9.89594800e-01  1.25548606e-03 
 2.96123299e-05 -3.60072095e-01 -1.47248838e-08  9.89594800e-01  1.25610939e-03 
 2.96173299e-05 -3.60072095e-01 -1.47248842e-08  9.89594800e-01  1.25548619e-03 
 2.96223299e-05 -3.60072095e-01 -1.47248866e-08  9.89594800e-01  1.25610925e-03 
 2.96273299e-05 -3.60072095e-01 -1.47248876e-08  9.89594800e-01  1.25548633e-03 
 2.96323299e-05 -3.60072095e-01 -1.47248891e-08  9.89594800e-01  1.25610912e-03 
 2.96373299e-05 -3.60072095e-01 -1.47248900e-08  9.89594800e-01  1.25548646e-03 
 2.96423299e-05 -3.60072095e-01 -1.47248915e-08  9.89594800e-01  1.25610898e-03 
 2.96473299e-05 -3.60072095e-01 -1.47248931e-08  9.89594800e-01  1.25548659e-03 
 2.96523299e-05 -3.60072095e-01 -1.47248945e-08  9.89594800e-01  1.25610885e-03 
 2.96573299e-05 -3.60072095e-01 -1.47248918e-08  9.89594800e-01  1.25548673e-03 
 2.96623299e-05 -3.60072095e-01 -1.47248895e-08  9.89594800e-01  1.25610872e-03 
 2.96673299e-05 -3.60072095e-01 -1.47248860e-08  9.89594800e-01  1.25548686e-03 
 2.96723299e-05 -3.60072095e-01 -1.47248825e-08  9.89594800e-01  1.25610858e-03 
 2.96773299e-05 -3.60072095e-01 -1.47248791e-08  9.89594800e-01  1.25548699e-03 
 2.96823299e-05 -3.60072095e-01 -1.47248768e-08  9.89594800e-01  1.25610845e-03 
 2.96873299e-05 -3.60072095e-01 -1.47248728e-08  9.89594800e-01  1.25548713e-03 
 2.96923299e-05 -3.60072095e-01 -1.47248710e-08  9.89594800e-01  1.25610832e-03 
 2.96973299e-05 -3.60072095e-01 -1.47248693e-08  9.89594800e-01  1.25548726e-03 
 2.97023299e-05 -3.60072095e-01 -1.47248684e-08  9.89594800e-01  1.25610818e-03 
 2.97073299e-05 -3.60072095e-01 -1.47248698e-08  9.89594800e-01  1.25548739e-03 
 2.97123299e-05 -3.60072095e-01 -1.47248722e-08  9.89594800e-01  1.25610805e-03 
 2.97173299e-05 -3.60072095e-01 -1.47248721e-08  9.89594800e-01  1.25548753e-03 
 2.97223299e-05 -3.60072095e-01 -1.47248703e-08  9.89594800e-01  1.25610792e-03 
 2.97273299e-05 -3.60072095e-01 -1.47248678e-08  9.89594800e-01  1.25548766e-03 
 2.97323299e-05 -3.60072095e-01 -1.47248661e-08  9.89594800e-01  1.25610779e-03 
 2.97373299e-05 -3.60072095e-01 -1.47248657e-08  9.89594800e-01  1.25548779e-03 
 2.97423299e-05 -3.60072095e-01 -1.47248648e-08  9.89594800e-01  1.25610765e-03 
 2.97473299e-05 -3.60072095e-01 -1.47248630e-08  9.89594800e-01  1.25548793e-03 
 2.97523299e-05 -3.60072095e-01 -1.47248630e-08  9.89594800e-01  1.25610752e-03 
 2.97573299e-05 -3.60072095e-01 -1.47248633e-08  9.89594800e-01  1.25548806e-03 
 2.97623299e-05 -3.60072095e-01 -1.47248629e-08  9.89594800e-01  1.25610739e-03 
 2.97673299e-05 -3.60072095e-01 -1.47248624e-08  9.89594800e-01  1.25548819e-03 
 2.97723299e-05 -3.60072095e-01 -1.47248617e-08  9.89594800e-01  1.25610725e-03 
 2.97773299e-05 -3.60072095e-01 -1.47248569e-08  9.89594800e-01  1.25548832e-03 
 2.97823299e-05 -3.60072095e-01 -1.47248553e-08  9.89594800e-01  1.25610712e-03 
 2.97873299e-05 -3.60072095e-01 -1.47248524e-08  9.89594800e-01  1.25548846e-03 
 2.97923299e-05 -3.60072095e-01 -1.47248480e-08  9.89594800e-01  1.25610699e-03 
 2.97973299e-05 -3.60072095e-01 -1.47248412e-08  9.89594800e-01  1.25548859e-03 
 2.98023299e-05 -3.60072095e-01 -1.47248366e-08  9.89594800e-01  1.25610686e-03 
 2.98073299e-05 -3.60072095e-01 -1.47248351e-08  9.89594800e-01  1.25548872e-03 
 2.98123299e-05 -3.60072095e-01 -1.47248359e-08  9.89594800e-01  1.25610672e-03 
 2.98173299e-05 -3.60072095e-01 -1.47248366e-08  9.89594800e-01  1.25548885e-03 
 2.98223299e-05 -3.60072095e-01 -1.47248380e-08  9.89594800e-01  1.25610659e-03 
 2.98273299e-05 -3.60072095e-01 -1.47248371e-08  9.89594800e-01  1.25548899e-03 
 2.98323299e-05 -3.60072095e-01 -1.47248357e-08  9.89594800e-01  1.25610646e-03 
 2.98373299e-05 -3.60072095e-01 -1.47248340e-08  9.89594800e-01  1.25548912e-03 
 2.98423299e-05 -3.60072095e-01 -1.47248322e-08  9.89594800e-01  1.25610633e-03 
 2.98473299e-05 -3.60072095e-01 -1.47248287e-08  9.89594800e-01  1.25548925e-03 
 2.98523299e-05 -3.60072095e-01 -1.47248267e-08  9.89594800e-01  1.25610619e-03 
 2.98573299e-05 -3.60072095e-01 -1.47248270e-08  9.89594800e-01  1.25548938e-03 
 2.98623299e-05 -3.60072095e-01 -1.47248281e-08  9.89594800e-01  1.25610606e-03 
 2.98673299e-05 -3.60072095e-01 -1.47248284e-08  9.89594800e-01  1.25548952e-03 
 2.98723299e-05 -3.60072095e-01 -1.47248281e-08  9.89594800e-01  1.25610593e-03 
 2.98773299e-05 -3.60072095e-01 -1.47248242e-08  9.89594800e-01  1.25548965e-03 
 2.98823299e-05 -3.60072095e-01 -1.47248198e-08  9.89594800e-01  1.25610580e-03 
 2.98873299e-05 -3.60072095e-01 -1.47248160e-08  9.89594800e-01  1.25548978e-03 
 2.98923299e-05 -3.60072095e-01 -1.47248121e-08  9.89594800e-01  1.25610566e-03 
 2.98973299e-05 -3.60072095e-01 -1.47248077e-08  9.89594800e-01  1.25548991e-03 
 2.99023299e-05 -3.60072095e-01 -1.47248069e-08  9.89594800e-01  1.25610553e-03 
 2.99073299e-05 -3.60072095e-01 -1.47248050e-08  9.89594800e-01  1.25549005e-03 
 2.99123299e-05 -3.60072095e-01 -1.47248037e-08  9.89594800e-01  1.25610540e-03 
 2.99173299e-05 -3.60072095e-01 -1.47248003e-08  9.89594800e-01  1.25549018e-03 
 2.99223299e-05 -3.60072095e-01 -1.47247953e-08  9.89594800e-01  1.25610527e-03 
 2.99273299e-05 -3.60072095e-01 -1.47247924e-08  9.89594800e-01  1.25549031e-03 
 2.99323299e-05 -3.60072095e-01 -1.47247933e-08  9.89594800e-01  1.25610514e-03 
 2.99373299e-05 -3.60072095e-01 -1.47247928e-08  9.89594800e-01  1.25549044e-03 
 2.99423299e-05 -3.60072095e-01 -1.47247909e-08  9.89594800e-01  1.25610500e-03 
 2.99473299e-05 -3.60072095e-01 -1.47247894e-08  9.89594800e-01  1.25549057e-03 
 2.99523299e-05 -3.60072095e-01 -1.47247903e-08  9.89594800e-01  1.25610487e-03 
 2.99573299e-05 -3.60072095e-01 -1.47247892e-08  9.89594800e-01  1.25549071e-03 
 2.99623299e-05 -3.60072095e-01 -1.47247883e-08  9.89594800e-01  1.25610474e-03 
 2.99673299e-05 -3.60072095e-01 -1.47247887e-08  9.89594800e-01  1.25549084e-03 
 2.99723299e-05 -3.60072095e-01 -1.47247891e-08  9.89594800e-01  1.25610461e-03 
 2.99773299e-05 -3.60072095e-01 -1.47247864e-08  9.89594800e-01  1.25549097e-03 
 2.99823299e-05 -3.60072095e-01 -1.47247854e-08  9.89594800e-01  1.25610448e-03 
 2.99873299e-05 -3.60072095e-01 -1.47247832e-08  9.89594800e-01  1.25549110e-03 
 2.99923299e-05 -3.60072095e-01 -1.47247819e-08  9.89594800e-01  1.25610434e-03 
 2.99961649e-05 -3.60072095e-01 -1.47247818e-08  9.89594800e-01  1.25549125e-03 
 3.00000000e-05 -3.60072095e-01 -1.47247823e-08  9.89594800e-01  1.25610417e-03 
 3.00001000e-05 -3.60077115e-01 -1.47222219e-08  9.89600955e-01  1.31989551e-03 
 3.00003000e-05 -3.60113584e-01 -1.45431888e-08  9.89620122e-01  1.30819750e-03 
 3.00006500e-05 -3.60379517e-01  1.52197127e-07  9.89662613e-01  1.30439653e-03 
 3.00010000e-05 -3.55535116e-01 -1.20640780e-03  9.90929066e-01  1.28315266e-03 
 3.00010700e-05 -3.52968592e-01 -1.67101094e-03  9.91542578e-01  1.25265316e-03 
 3.00012100e-05 -3.47156350e-01 -2.55864140e-03  9.92886714e-01  1.25169347e-03 
 3.00014900e-05 -3.34357737e-01 -4.11732330e-03  9.95537142e-01  1.25167139e-03 
 3.00020500e-05 -3.15156903e-01 -6.61115105e-03  9.98324686e-01  1.25307380e-03 
 3.00031700e-05 -3.03063603e-01 -1.01737408e-02  9.96680086e-01  1.25563559e-03 
 3.00054100e-05 -3.08334708e-01 -1.49480992e-02  9.89576929e-01  1.25689900e-03 
 3.00077050e-05 -3.05637713e-01 -1.86558823e-02  9.88502748e-01  1.25637930e-03 
 3.00100000e-05 -2.89293226e-01 -2.19840573e-02  9.91293279e-01  1.25528656e-03 
 3.00104590e-05 -2.84368316e-01 -2.26083806e-02  9.92023642e-01  1.25517413e-03 
 3.00113770e-05 -2.73059850e-01 -2.38317382e-02  9.93560787e-01  1.25479233e-03 
 3.00132130e-05 -2.44902829e-01 -2.61116412e-02  9.96506806e-01  1.25429749e-03 
 3.00168850e-05 -1.86592390e-01 -2.99180761e-02  1.00010834e+00  1.25402578e-03 
 3.00218850e-05 -1.20194409e-01 -3.34960886e-02  1.00158444e+00  1.25421911e-03 
 3.00268850e-05 -6.84393559e-02 -3.54686156e-02  1.00102743e+00  1.25484387e-03 
 3.00318850e-05 -2.65900765e-02 -3.61760527e-02  9.99085701e-01  1.25586205e-03 
 3.00368850e-05  8.25035507e-03 -3.58804547e-02  9.96504529e-01  1.25716423e-03 
 3.00418850e-05  3.80330536e-02 -3.47661869e-02  9.93648846e-01  1.25869257e-03 
 3.00468850e-05  6.41417999e-02 -3.29669020e-02  9.90744878e-01  1.26030879e-03 
 3.00518850e-05  8.73533491e-02 -3.05841465e-02  9.87931687e-01  1.26196481e-03 
 3.00568850e-05  1.08276706e-01 -2.76980864e-02  9.85308032e-01  1.26347677e-03 
 3.00618850e-05  1.27228913e-01 -2.43745992e-02  9.82948175e-01  1.26480602e-03 
 3.00668850e-05  1.44503781e-01 -2.06700501e-02  9.80907844e-01  1.26579797e-03 
 3.00718850e-05  1.60253536e-01 -1.66342107e-02  9.79226663e-01  1.26645465e-03 
 3.00768850e-05  1.74648726e-01 -1.23119890e-02  9.77930919e-01  1.26666632e-03 
 3.00818850e-05  1.87787076e-01 -7.74447771e-03  9.77032507e-01  1.26648137e-03 
 3.00868850e-05  1.99792264e-01 -2.96951830e-03  9.76532231e-01  1.26583367e-03 
 3.00918850e-05  2.10747753e-01  1.97799665e-03  9.76417995e-01  1.26481249e-03 
 3.00968850e-05  2.20757231e-01  7.06596693e-03  9.76670068e-01  1.26338573e-03 
 3.01018850e-05  2.29901173e-01  1.22650143e-02  9.77258146e-01  1.26167210e-03 
 3.01068850e-05  2.38272322e-01  1.75484725e-02  9.78147159e-01  1.25966207e-03 
 3.01118850e-05  2.45944530e-01  2.28923183e-02  9.79296327e-01  1.25748992e-03 
 3.01168850e-05  2.52999699e-01  2.82751282e-02  9.80661831e-01  1.25515640e-03 
 3.01218850e-05  2.59502475e-01  3.36779999e-02  9.82198081e-01  1.25279961e-03 
 3.01268850e-05  2.65520595e-01  3.90844485e-02  9.83858848e-01  1.25041982e-03 
 3.01318850e-05  2.71106909e-01  4.44802812e-02  9.85598575e-01  1.24814969e-03 
 3.01368850e-05  2.76313878e-01  4.98534575e-02  9.87373082e-01  1.24598131e-03 
 3.01418850e-05  2.81181569e-01  5.51939333e-02  9.89140406e-01  1.24403572e-03 
 3.01468850e-05  2.85748054e-01  6.04935000e-02  9.90861296e-01  1.24229212e-03 
 3.01518850e-05  2.90041601e-01  6.57456152e-02  9.92499705e-01  1.24085642e-03 
 3.01568850e-05  2.94088250e-01  7.09452317e-02  9.94023158e-01  1.23969256e-03 
 3.01618850e-05  2.97906810e-01  7.60886224e-02  9.95403058e-01  1.23888981e-03 
 3.01668850e-05  3.01514417e-01  8.11732070e-02  9.96614991e-01  1.23839605e-03 
 3.01718850e-05  3.04923324e-01  8.61973769e-02  9.97638924e-01  1.23828372e-03 
 3.01768850e-05  3.08144928e-01  9.11603263e-02  9.98459456e-01  1.23848494e-03 
 3.01818850e-05  3.11187611e-01  9.60618863e-02  9.99065897e-01  1.23905613e-03 
 3.01868850e-05  3.14059789e-01  1.00902375e-01  9.99452522e-01  1.23991457e-03 
 3.01918850e-05  3.16768098e-01  1.05682451e-01  9.99618288e-01  1.24110243e-03 
 3.01968850e-05  3.19319445e-01  1.10402988e-01  9.99567164e-01  1.24252454e-03 
 3.02018850e-05  3.21720183e-01  1.15064962e-01  9.99307626e-01  1.24421084e-03 
 3.02068850e-05  3.23976991e-01  1.19669360e-01  9.98852597e-01  1.24605672e-03 
 3.02118850e-05  3.26096291e-01  1.24217100e-01  9.98219038e-01  1.24808352e-03 
 3.02168850e-05  3.28084946e-01  1.28708972e-01  9.97427473e-01  1.25018094e-03 
 3.02218850e-05  3.29949677e-01  1.33145591e-01  9.96501456e-01  1.25236591e-03 
 3.02268850e-05  3.31697523e-01  1.37527365e-01  9.95466950e-01  1.25452686e-03 
 3.02318850e-05  3.33335407e-01  1.41854473e-01  9.94351605e-01  1.25668093e-03 
 3.02368850e-05  3.34870369e-01  1.46126863e-01  9.93184077e-01  1.25871986e-03 
 3.02418850e-05  3.36309283e-01  1.50344246e-01  9.91993205e-01  1.26066555e-03 
 3.02468850e-05  3.37658933e-01  1.54506117e-01  9.90807343e-01  1.26241729e-03 
 3.02518850e-05  3.38925860e-01  1.58611765e-01  9.89653551e-01  1.26400559e-03 
 3.02568850e-05  3.40116339e-01  1.62660305e-01  9.88557027e-01  1.26534066e-03 
 3.02618850e-05  3.41236332e-01  1.66650712e-01  9.87540413e-01  1.26646439e-03 
 3.02668850e-05  3.42291410e-01  1.70581853e-01  9.86623413e-01  1.26729993e-03 
 3.02718850e-05  3.43286796e-01  1.74452529e-01  9.85822288e-01  1.26790188e-03 
 3.02768850e-05  3.44227248e-01  1.78261519e-01  9.85149709e-01  1.26820686e-03 
 3.02818850e-05  3.45117183e-01  1.82007619e-01  9.84614493e-01  1.26828195e-03 
 3.02868850e-05  3.45960528e-01  1.85689687e-01  9.84221695e-01  1.26807623e-03 
 3.02918850e-05  3.46760910e-01  1.89306679e-01  9.83972583e-01  1.26766763e-03 
 3.02968850e-05  3.47521479e-01  1.92857685e-01  9.83864947e-01  1.26701549e-03 
 3.03018850e-05  3.48245145e-01  1.96341962e-01  9.83893265e-01  1.26620584e-03 
 3.03068850e-05  3.48934379e-01  1.99758955e-01  9.84049175e-01  1.26520519e-03 
 3.03118850e-05  3.49591482e-01  2.03108322e-01  9.84321766e-01  1.26410443e-03 
 3.03168850e-05  3.50218364e-01  2.06389945e-01  9.84698134e-01  1.26287378e-03 
 3.03218850e-05  3.50816835e-01  2.09603937e-01  9.85163730e-01  1.26160561e-03 
 3.03268850e-05  3.51388359e-01  2.12750642e-01  9.85702925e-01  1.26027058e-03 
 3.03318850e-05  3.51934368e-01  2.15830633e-01  9.86299351e-01  1.25895943e-03 
 3.03368850e-05  3.52455989e-01  2.18844700e-01  9.86936428e-01  1.25764047e-03 
 3.03418850e-05  3.52954365e-01  2.21793835e-01  9.87597648e-01  1.25640037e-03 
 3.03468850e-05  3.53430373e-01  2.24679215e-01  9.88267028e-01  1.25520290e-03 
 3.03518850e-05  3.53884942e-01  2.27502182e-01  9.88929317e-01  1.25412895e-03 
 3.03568850e-05  3.54318767e-01  2.30264214e-01  9.89570368e-01  1.25313638e-03 
 3.03618850e-05  3.54732620e-01  2.32966907e-01  9.90177258e-01  1.25229921e-03 
 3.03668850e-05  3.55127064e-01  2.35611942e-01  9.90738574e-01  1.25156873e-03 
 3.03718850e-05  3.55502758e-01  2.38201063e-01  9.91244456e-01  1.25101176e-03 
 3.03768850e-05  3.55860177e-01  2.40736051e-01  9.91686801e-01  1.25057287e-03 
 3.03818850e-05  3.56199906e-01  2.43218700e-01  9.92059238e-01  1.25031191e-03 
 3.03868850e-05  3.56522366e-01  2.45650789e-01  9.92357255e-01  1.25016718e-03 
 3.03918850e-05  3.56828105e-01  2.48034066e-01  9.92578104e-01  1.25019219e-03 
 3.03968850e-05  3.57117527e-01  2.50370227e-01  9.92720871e-01  1.25031981e-03 
 3.04018850e-05  3.57391173e-01  2.52660895e-01  9.92786312e-01  1.25059826e-03 
 3.04068850e-05  3.57649461e-01  2.54907610e-01  9.92776863e-01  1.25095617e-03 
 3.04118850e-05  3.57892951e-01  2.57111813e-01  9.92696422e-01  1.25143778e-03 
 3.04168850e-05  3.58122100e-01  2.59274839e-01  9.92550297e-01  1.25196889e-03 
 3.04218850e-05  3.58337503e-01  2.61397907e-01  9.92344952e-01  1.25259128e-03 
 3.04268850e-05  3.58539664e-01  2.63482117e-01  9.92087900e-01  1.25322947e-03 
 3.04318850e-05  3.58729218e-01  2.65528447e-01  9.91787415e-01  1.25392437e-03 
 3.04368850e-05  3.58906710e-01  2.67537755e-01  9.91452403e-01  1.25460080e-03 
 3.04418850e-05  3.59072808e-01  2.69510780e-01  9.91092092e-01  1.25530032e-03 
 3.04468850e-05  3.59228080e-01  2.71448149e-01  9.90715889e-01  1.25594951e-03 
 3.04518850e-05  3.59373204e-01  2.73350383e-01  9.90333083e-01  1.25659195e-03 
 3.04568850e-05  3.59508748e-01  2.75217906e-01  9.89952708e-01  1.25715717e-03 
 3.04618850e-05  3.59635371e-01  2.77051054e-01  9.89583270e-01  1.25769187e-03 
 3.04668850e-05  3.59753617e-01  2.78850091e-01  9.89232649e-01  1.25812941e-03 
 3.04718850e-05  3.59864097e-01  2.80615217e-01  9.88907867e-01  1.25852028e-03 
 3.04768850e-05  3.59967304e-01  2.82346584e-01  9.88615035e-01  1.25880213e-03 
 3.04818850e-05  3.60063785e-01  2.84044310e-01  9.88359185e-01  1.25902949e-03 
 3.04868850e-05  3.60153962e-01  2.85708489e-01  9.88144274e-01  1.25914438e-03 
 3.04918850e-05  3.60238305e-01  2.87339209e-01  9.87973077e-01  1.25920522e-03 
 3.04968850e-05  3.60317162e-01  2.88936563e-01  9.87847251e-01  1.25915800e-03 
 3.05018850e-05  3.60390919e-01  2.90500659e-01  9.87767290e-01  1.25906451e-03 
 3.05068850e-05  3.60459852e-01  2.92031633e-01  9.87732642e-01  1.25887406e-03 
 3.05118850e-05  3.60524271e-01  2.93529655e-01  9.87741720e-01  1.25865103e-03 
 3.05168850e-05  3.60584387e-01  2.94994940e-01  9.87792054e-01  1.25834709e-03 
 3.05218850e-05  3.60640447e-01  2.96427753e-01  9.87880342e-01  1.25802825e-03 
 3.05268850e-05  3.60692611e-01  2.97828411e-01  9.88002633e-01  1.25764758e-03 
 3.05318850e-05  3.60741079e-01  2.99197289e-01  9.88154394e-01  1.25727168e-03 
 3.05368850e-05  3.60785972e-01  3.00534818e-01  9.88330710e-01  1.25685401e-03 
 3.05418850e-05  3.60827457e-01  3.01841486e-01  9.88526352e-01  1.25646080e-03 
 3.05468850e-05  3.60865634e-01  3.03117836e-01  9.88735978e-01  1.25604498e-03 
 3.05518850e-05  3.60900648e-01  3.04364462e-01  9.88954193e-01  1.25567162e-03 
 3.05568850e-05  3.60932589e-01  3.05582004e-01  9.89175734e-01  1.25529236e-03 
 3.05618850e-05  3.60961591e-01  3.06771145e-01  9.89395520e-01  1.25497046e-03 
 3.05668850e-05  3.60987743e-01  3.07932600e-01  9.89608809e-01  1.25465576e-03 
 3.05718850e-05  3.61011174e-01  3.09067115e-01  9.89811225e-01  1.25440927e-03 
 3.05768850e-05  3.61031976e-01  3.10175454e-01  9.89998890e-01  1.25417873e-03 
 3.05818850e-05  3.61050279e-01  3.11258398e-01  9.90168425e-01  1.25402273e-03 
 3.05868850e-05  3.61066180e-01  3.12316730e-01  9.90317052e-01  1.25388680e-03 
 3.05918850e-05  3.61079813e-01  3.13351236e-01  9.90442568e-01  1.25382712e-03 
 3.05968850e-05  3.61091279e-01  3.14362690e-01  9.90543415e-01  1.25378712e-03 
 3.06018850e-05  3.61100715e-01  3.15351854e-01  9.90618632e-01  1.25382081e-03 
 3.06068850e-05  3.61108228e-01  3.16319468e-01  9.90667891e-01  1.25386978e-03 
 3.06118850e-05  3.61113957e-01  3.17266244e-01  9.90691429e-01  1.25398620e-03 
 3.06168850e-05  3.61118012e-01  3.18192867e-01  9.90690061e-01  1.25411028e-03 
 3.06218850e-05  3.61120530e-01  3.19099982e-01  9.90665088e-01  1.25429279e-03 
 3.06268850e-05  3.61121624e-01  3.19988200e-01  9.90618287e-01  1.25447304e-03 
 3.06318850e-05  3.61121427e-01  3.20858088e-01  9.90551812e-01  1.25470096e-03 
 3.06368850e-05  3.61120048e-01  3.21710173e-01  9.90468167e-01  1.25491549e-03 
 3.06418850e-05  3.61117614e-01  3.22544938e-01  9.90370089e-01  1.25516624e-03 
 3.06468850e-05  3.61114228e-01  3.23362823e-01  9.90260525e-01  1.25539233e-03 
 3.06518850e-05  3.61110005e-01  3.24164228e-01  9.90142509e-01  1.25564358e-03 
 3.06568850e-05  3.61105039e-01  3.24949508e-01  9.90019134e-01  1.25585973e-03 
 3.06618850e-05  3.61099429e-01  3.25718986e-01  9.89893434e-01  1.25609126e-03 
 3.06668850e-05  3.61093257e-01  3.26472944e-01  9.89768368e-01  1.25627893e-03 
 3.06718850e-05  3.61086605e-01  3.27211636e-01  9.89646707e-01  1.25647421e-03 
 3.06768850e-05  3.61079536e-01  3.27935286e-01  9.89531026e-01  1.25661915e-03 
 3.06818850e-05  3.61072115e-01  3.28644092e-01  9.89423613e-01  1.25676642e-03 
 3.06868850e-05  3.61064389e-01  3.29338235e-01  9.89326473e-01  1.25685949e-03 
 3.06918850e-05  3.61056401e-01  3.30017879e-01  9.89241256e-01  1.25695231e-03 
 3.06968850e-05  3.61048183e-01  3.30683174e-01  9.89169277e-01  1.25698980e-03 
 3.07018850e-05  3.61039760e-01  3.31334267e-01  9.89111464e-01  1.25702711e-03 
 3.07068850e-05  3.61031147e-01  3.31971298e-01  9.89068397e-01  1.25701050e-03 
 3.07118850e-05  3.61022356e-01  3.32594409e-01  9.89040271e-01  1.25699618e-03 
 3.07168850e-05  3.61013391e-01  3.33203745e-01  9.89026957e-01  1.25693150e-03 
 3.07218850e-05  3.61004251e-01  3.33799458e-01  9.89027975e-01  1.25687348e-03 
 3.07268850e-05  3.60994932e-01  3.34381711e-01  9.89042570e-01  1.25677033e-03 
 3.07318850e-05  3.60985427e-01  3.34950676e-01  9.89069700e-01  1.25667956e-03 
 3.07368850e-05  3.60975728e-01  3.35506540e-01  9.89108115e-01  1.25654988e-03 
 3.07418850e-05  3.60965825e-01  3.36049502e-01  9.89156359e-01  1.25643900e-03 
 3.07468850e-05  3.60955711e-01  3.36579777e-01  9.89212851e-01  1.25629580e-03 
 3.07518850e-05  3.60945376e-01  3.37097596e-01  9.89275889e-01  1.25617787e-03 
 3.07568850e-05  3.60934817e-01  3.37603202e-01  9.89343733e-01  1.25603400e-03 
 3.07618850e-05  3.60924029e-01  3.38096853e-01  9.89414607e-01  1.25592136e-03 
 3.07668850e-05  3.60913014e-01  3.38578820e-01  9.89486779e-01  1.25578838e-03 
 3.07718850e-05  3.60901773e-01  3.39049384e-01  9.89558561e-01  1.25569161e-03 
 3.07768850e-05  3.60890315e-01  3.39508836e-01  9.89628379e-01  1.25557895e-03 
 3.07818850e-05  3.60878647e-01  3.39957475e-01  9.89694766e-01  1.25550618e-03 
 3.07868850e-05  3.60866787e-01  3.40395603e-01  9.89756425e-01  1.25542053e-03 
 3.07918850e-05  3.60854747e-01  3.40823527e-01  9.89812215e-01  1.25537697e-03 
 3.07968850e-05  3.60842554e-01  3.41241556e-01  9.89861199e-01  1.25532201e-03 
 3.08018850e-05  3.60830222e-01  3.41649993e-01  9.89902624e-01  1.25530978e-03 
 3.08068850e-05  3.60817786e-01  3.42049142e-01  9.89935959e-01  1.25528615e-03 
 3.08118850e-05  3.60805264e-01  3.42439299e-01  9.89960865e-01  1.25530446e-03 
 3.08168850e-05  3.60792692e-01  3.42820753e-01  9.89977222e-01  1.25531002e-03 
 3.08218850e-05  3.60780093e-01  3.43193782e-01  9.89985091e-01  1.25535549e-03 
 3.08268850e-05  3.60767504e-01  3.43558654e-01  9.89984735e-01  1.25538576e-03 
 3.08318850e-05  3.60754947e-01  3.43915627e-01  9.89976569e-01  1.25545300e-03 
 3.08368850e-05  3.60742460e-01  3.44264940e-01  9.89961177e-01  1.25550182e-03 
 3.08418850e-05  3.60730061e-01  3.44606824e-01  9.89939259e-01  1.25558407e-03 
 3.08468850e-05  3.60717788e-01  3.44941491e-01  9.89911641e-01  1.25564426e-03 
 3.08518850e-05  3.60705654e-01  3.45269140e-01  9.89879217e-01  1.25573411e-03 
 3.08568850e-05  3.60693693e-01  3.45589954e-01  9.89842958e-01  1.25579822e-03 
 3.08618850e-05  3.60681913e-01  3.45904102e-01  9.89803858e-01  1.25588834e-03 
 3.08668850e-05  3.60670343e-01  3.46211738e-01  9.89762936e-01  1.25594930e-03 
 3.08718850e-05  3.60658987e-01  3.46513004e-01  9.89721188e-01  1.25603304e-03 
 3.08768850e-05  3.60647864e-01  3.46808027e-01  9.89679588e-01  1.25608475e-03 
 3.08818850e-05  3.60636974e-01  3.47096926e-01  9.89639047e-01  1.25615665e-03 
 3.08868850e-05  3.60626331e-01  3.47379805e-01  9.89600416e-01  1.25619441e-03 
 3.08918850e-05  3.60615925e-01  3.47656763e-01  9.89564447e-01  1.25625059e-03 
 3.08968850e-05  3.60605768e-01  3.47927890e-01  9.89531808e-01  1.25627135e-03 
 3.09018850e-05  3.60595843e-01  3.48193269e-01  9.89503043e-01  1.25630965e-03 
 3.09068850e-05  3.60586156e-01  3.48452978e-01  9.89478596e-01  1.25631216e-03 
 3.09118850e-05  3.60576686e-01  3.48707093e-01  9.89458776e-01  1.25633218e-03 
 3.09168850e-05  3.60567434e-01  3.48955686e-01  9.89443786e-01  1.25631687e-03 
 3.09218850e-05  3.60558378e-01  3.49198830e-01  9.89433699e-01  1.25631984e-03 
 3.09268850e-05  3.60549516e-01  3.49436596e-01  9.89428485e-01  1.25628863e-03 
 3.09318850e-05  3.60540821e-01  3.49669057e-01  9.89427995e-01  1.25627711e-03 
 3.09368850e-05  3.60532293e-01  3.49896289e-01  9.89431992e-01  1.25623311e-03 
 3.09418850e-05  3.60523904e-01  3.50118370e-01  9.89440142e-01  1.25621065e-03 
 3.09468850e-05  3.60515653e-01  3.50335380e-01  9.89452045e-01  1.25615777e-03 
 3.09518850e-05  3.60507515e-01  3.50547406e-01  9.89467226e-01  1.25612850e-03 
 3.09568850e-05  3.60499489e-01  3.50754535e-01  9.89485174e-01  1.25607099e-03 
 3.09618850e-05  3.60491553e-01  3.50956862e-01  9.89505331e-01  1.25603921e-03 
 3.09668850e-05  3.60483708e-01  3.51154484e-01  9.89527129e-01  1.25598132e-03 
 3.09718850e-05  3.60475935e-01  3.51347501e-01  9.89549983e-01  1.25595110e-03 
 3.09768850e-05  3.60468238e-01  3.51536018e-01  9.89573324e-01  1.25589665e-03 
 3.09818850e-05  3.60460600e-01  3.51720142e-01  9.89596592e-01  1.25587151e-03 
 3.09868850e-05  3.60453032e-01  3.51899985e-01  9.89619268e-01  1.25582364e-03 
 3.09918850e-05  3.60445517e-01  3.52075658e-01  9.89640863e-01  1.25580631e-03 
 3.09968850e-05  3.60438070e-01  3.52247276e-01  9.89660947e-01  1.25576727e-03 
 3.10018850e-05  3.60430678e-01  3.52414951e-01  9.89679136e-01  1.25575951e-03 
 3.10068850e-05  3.60423358e-01  3.52578800e-01  9.89695120e-01  1.25573057e-03 
 3.10118850e-05  3.60416099e-01  3.52738935e-01  9.89708640e-01  1.25573311e-03 
 3.10168850e-05  3.60408922e-01  3.52895467e-01  9.89719520e-01  1.25571452e-03 
 3.10218850e-05  3.60401818e-01  3.53048509e-01  9.89727638e-01  1.25572717e-03 
 3.10268850e-05  3.60394807e-01  3.53198165e-01  9.89732954e-01  1.25571826e-03 
 3.10318850e-05  3.60387883e-01  3.53344541e-01  9.89735479e-01  1.25573993e-03 
 3.10368850e-05  3.60381066e-01  3.53487736e-01  9.89735299e-01  1.25573926e-03 
 3.10418850e-05  3.60374350e-01  3.53627846e-01  9.89732542e-01  1.25576820e-03 
 3.10468850e-05  3.60367756e-01  3.53764961e-01  9.89727402e-01  1.25577377e-03 
 3.10518850e-05  3.60361276e-01  3.53899169e-01  9.89720101e-01  1.25580776e-03 
 3.10568850e-05  3.60354931e-01  3.54030551e-01  9.89710914e-01  1.25581722e-03 
 3.10618850e-05  3.60348713e-01  3.54159182e-01  9.89700127e-01  1.25585384e-03 
 3.10668850e-05  3.60342639e-01  3.54285133e-01  9.89688064e-01  1.25586473e-03 
 3.10718850e-05  3.60336700e-01  3.54408470e-01  9.89675046e-01  1.25590156e-03 
 3.10768850e-05  3.60330913e-01  3.54529254e-01  9.89661411e-01  1.25591156e-03 
 3.10818850e-05  3.60325266e-01  3.54647541e-01  9.89647484e-01  1.25594641e-03 
 3.10868850e-05  3.60319773e-01  3.54763383e-01  9.89633589e-01  1.25595349e-03 
 3.10918850e-05  3.60314420e-01  3.54876828e-01  9.89620023e-01  1.25598456e-03 
 3.10968850e-05  3.60309220e-01  3.54987920e-01  9.89607069e-01  1.25598716e-03 
 3.11018850e-05  3.60304156e-01  3.55096699e-01  9.89594975e-01  1.25601315e-03 
 3.11068850e-05  3.60299240e-01  3.55203205e-01  9.89583963e-01  1.25601025e-03 
 3.11118850e-05  3.60294453e-01  3.55307471e-01  9.89574213e-01  1.25603042e-03 
 3.11168850e-05  3.60289805e-01  3.55409534e-01  9.89565877e-01  1.25602159e-03 
 3.11218850e-05  3.60285277e-01  3.55509424e-01  9.89559055e-01  1.25603580e-03 
 3.11268850e-05  3.60280875e-01  3.55607174e-01  9.89553820e-01  1.25602116e-03 
 3.11318850e-05  3.60276581e-01  3.55702814e-01  9.89550196e-01  1.25602978e-03 
 3.11368850e-05  3.60272402e-01  3.55796375e-01  9.89548179e-01  1.25600994e-03 
 3.11418850e-05  3.60268317e-01  3.55887888e-01  9.89547721e-01  1.25601380e-03 
 3.11468850e-05  3.60264333e-01  3.55977384e-01  9.89548748e-01  1.25598976e-03 
 3.11518850e-05  3.60260429e-01  3.56064895e-01  9.89551151e-01  1.25599001e-03 
 3.11568850e-05  3.60256614e-01  3.56150455e-01  9.89554803e-01  1.25596305e-03 
 3.11618850e-05  3.60252867e-01  3.56234096e-01  9.89559547e-01  1.25596104e-03 
 3.11668850e-05  3.60249197e-01  3.56315855e-01  9.89565219e-01  1.25593256e-03 
 3.11718850e-05  3.60245584e-01  3.56395767e-01  9.89571633e-01  1.25592970e-03 
 3.11768850e-05  3.60242038e-01  3.56473869e-01  9.89578607e-01  1.25590108e-03 
 3.11818850e-05  3.60238540e-01  3.56550201e-01  9.89585945e-01  1.25589871e-03 
 3.11868850e-05  3.60235102e-01  3.56624801e-01  9.89593463e-01  1.25587122e-03 
 3.11918850e-05  3.60231707e-01  3.56697710e-01  9.89600974e-01  1.25587051e-03 
 3.11968850e-05  3.60228366e-01  3.56768969e-01  9.89608308e-01  1.25584519e-03 
 3.12018850e-05  3.60225065e-01  3.56838620e-01  9.89615300e-01  1.25584704e-03 
 3.12068850e-05  3.60221815e-01  3.56906705e-01  9.89621812e-01  1.25582464e-03 
 3.12118850e-05  3.60218603e-01  3.56973267e-01  9.89627712e-01  1.25582965e-03 
 3.12168850e-05  3.60215442e-01  3.57038346e-01  9.89632899e-01  1.25581060e-03 
 3.12218850e-05  3.60212320e-01  3.57101985e-01  9.89637283e-01  1.25581902e-03 
 3.12268850e-05  3.60209251e-01  3.57164225e-01  9.89640808e-01  1.25580341e-03 
 3.12318850e-05  3.60206223e-01  3.57225107e-01  9.89643429e-01  1.25581518e-03 
 3.12368850e-05  3.60203251e-01  3.57284670e-01  9.89645134e-01  1.25580281e-03 
 3.12418850e-05  3.60200323e-01  3.57342951e-01  9.89645922e-01  1.25581759e-03 
 3.12468850e-05  3.60197454e-01  3.57399989e-01  9.89645822e-01  1.25580799e-03 
 3.12518850e-05  3.60194633e-01  3.57455819e-01  9.89644873e-01  1.25582520e-03 
 3.12568850e-05  3.60191875e-01  3.57510474e-01  9.89643139e-01  1.25581771e-03 
 3.12618850e-05  3.60189168e-01  3.57563987e-01  9.89640690e-01  1.25583664e-03 
 3.12668850e-05  3.60186527e-01  3.57616388e-01  9.89637618e-01  1.25583050e-03 
 3.12718850e-05  3.60183940e-01  3.57667706e-01  9.89634014e-01  1.25585035e-03 
 3.12768850e-05  3.60181422e-01  3.57717968e-01  9.89629987e-01  1.25584474e-03 
 3.12818850e-05  3.60178959e-01  3.57767200e-01  9.89625638e-01  1.25586471e-03 
 3.12868850e-05  3.60176566e-01  3.57815423e-01  9.89621082e-01  1.25585887e-03 
 3.12918850e-05  3.60174229e-01  3.57862662e-01  9.89616423e-01  1.25587824e-03 
 3.12968850e-05  3.60171962e-01  3.57908935e-01  9.89611769e-01  1.25587150e-03 
 3.13018850e-05  3.60169750e-01  3.57954263e-01  9.89607217e-01  1.25588966e-03 
 3.13068850e-05  3.60167607e-01  3.57998662e-01  9.89602863e-01  1.25588150e-03 
 3.13118850e-05  3.60165517e-01  3.58042150e-01  9.89598785e-01  1.25589803e-03 
 3.13168850e-05  3.60163493e-01  3.58084741e-01  9.89595061e-01  1.25588811e-03 
 3.13218850e-05  3.60161518e-01  3.58126452e-01  9.89591748e-01  1.25590274e-03 
 3.13268850e-05  3.60159606e-01  3.58167295e-01  9.89588898e-01  1.25589091e-03 
 3.13318850e-05  3.60157739e-01  3.58207284e-01  9.89586544e-01  1.25590360e-03 
 3.13368850e-05  3.60155929e-01  3.58246433e-01  9.89584713e-01  1.25588988e-03 
 3.13418850e-05  3.60154161e-01  3.58284754e-01  9.89583410e-01  1.25590075e-03 
 3.13468850e-05  3.60152445e-01  3.58322260e-01  9.89582639e-01  1.25588534e-03 
 3.13518850e-05  3.60150765e-01  3.58358964e-01  9.89582381e-01  1.25589464e-03 
 3.13568850e-05  3.60149131e-01  3.58394878e-01  9.89582617e-01  1.25587787e-03 
 3.13618850e-05  3.60147529e-01  3.58430016e-01  9.89583307e-01  1.25588599e-03 
 3.13668850e-05  3.60145969e-01  3.58464390e-01  9.89584414e-01  1.25586827e-03 
 3.13718850e-05  3.60144435e-01  3.58498015e-01  9.89585883e-01  1.25587564e-03 
 3.13768850e-05  3.60142939e-01  3.58530903e-01  9.89587665e-01  1.25585742e-03 
 3.13818850e-05  3.60141465e-01  3.58563070e-01  9.89589695e-01  1.25586451e-03 
 3.13868850e-05  3.60140024e-01  3.58594529e-01  9.89591917e-01  1.25584625e-03 
 3.13918850e-05  3.60138603e-01  3.58625295e-01  9.89594262e-01  1.25585350e-03 
 3.13968850e-05  3.60137212e-01  3.58655383e-01  9.89596675e-01  1.25583563e-03 
 3.14018850e-05  3.60135838e-01  3.58684809e-01  9.89599089e-01  1.25584341e-03 
 3.14068850e-05  3.60134492e-01  3.58713588e-01  9.89601452e-01  1.25582626e-03 
 3.14118850e-05  3.60133161e-01  3.58741736e-01  9.89603707e-01  1.25583489e-03 
 3.14168850e-05  3.60131858e-01  3.58769268e-01  9.89605809e-01  1.25581872e-03 
 3.14218850e-05  3.60130568e-01  3.58796201e-01  9.89607713e-01  1.25582838e-03 
 3.14268850e-05  3.60129306e-01  3.58822549e-01  9.89609388e-01  1.25581333e-03 
 3.14318850e-05  3.60128057e-01  3.58848329e-01  9.89610801e-01  1.25582412e-03 
 3.14368850e-05  3.60126836e-01  3.58873556e-01  9.89611936e-01  1.25581022e-03 
 3.14418850e-05  3.60125629e-01  3.58898245e-01  9.89612774e-01  1.25582213e-03 
 3.14468850e-05  3.60124449e-01  3.58922411e-01  9.89613313e-01  1.25580931e-03 
 3.14518850e-05  3.60123285e-01  3.58946067e-01  9.89613551e-01  1.25582222e-03 
 3.14568850e-05  3.60122149e-01  3.58969228e-01  9.89613498e-01  1.25581034e-03 
 3.14618850e-05  3.60121029e-01  3.58991907e-01  9.89613165e-01  1.25582407e-03 
 3.14668850e-05  3.60119939e-01  3.59014117e-01  9.89612574e-01  1.25581291e-03 
 3.14718850e-05  3.60118866e-01  3.59035870e-01  9.89611747e-01  1.25582722e-03 
 3.14768850e-05  3.60117823e-01  3.59057178e-01  9.89610714e-01  1.25581653e-03 
 3.14818850e-05  3.60116798e-01  3.59078051e-01  9.89609504e-01  1.25583115e-03 
 3.14868850e-05  3.60115804e-01  3.59098500e-01  9.89608154e-01  1.25582067e-03 
 3.14918850e-05  3.60114828e-01  3.59118535e-01  9.89606696e-01  1.25583535e-03 
 3.14968850e-05  3.60113883e-01  3.59138165e-01  9.89605169e-01  1.25582482e-03 
 3.15018850e-05  3.60112956e-01  3.59157399e-01  9.89603605e-01  1.25583931e-03 
 3.15068850e-05  3.60112060e-01  3.59176244e-01  9.89602042e-01  1.25582851e-03 
 3.15118850e-05  3.60111181e-01  3.59194709e-01  9.89600510e-01  1.25584262e-03 
 3.15168850e-05  3.60110333e-01  3.59212800e-01  9.89599042e-01  1.25583137e-03 
 3.15218850e-05  3.60109501e-01  3.59230525e-01  9.89597663e-01  1.25584495e-03 
 3.15268850e-05  3.60108699e-01  3.59247890e-01  9.89596400e-01  1.25583315e-03 
 3.15318850e-05  3.60107912e-01  3.59264900e-01  9.89595270e-01  1.25584611e-03 
 3.15368850e-05  3.60107152e-01  3.59281562e-01  9.89594293e-01  1.25583369e-03 
 3.15418850e-05  3.60106407e-01  3.59297882e-01  9.89593477e-01  1.25584602e-03 
 3.15468850e-05  3.60105688e-01  3.59313865e-01  9.89592835e-01  1.25583300e-03 
 3.15518850e-05  3.60104980e-01  3.59329516e-01  9.89592366e-01  1.25584473e-03 
 3.15568850e-05  3.60104297e-01  3.59344840e-01  9.89592073e-01  1.25583116e-03 
 3.15618850e-05  3.60103625e-01  3.59359843e-01  9.89591949e-01  1.25584238e-03 
 3.15668850e-05  3.60102974e-01  3.59374531e-01  9.89591989e-01  1.25582838e-03 
 3.15718850e-05  3.60102333e-01  3.59388908e-01  9.89592179e-01  1.25583919e-03 
 3.15768850e-05  3.60101712e-01  3.59402980e-01  9.89592508e-01  1.25582489e-03 
 3.15818850e-05  3.60101097e-01  3.59416753e-01  9.89592957e-01  1.25583546e-03 
 3.15868850e-05  3.60100502e-01  3.59430231e-01  9.89593512e-01  1.25582100e-03 
 3.15918850e-05  3.60099912e-01  3.59443421e-01  9.89594150e-01  1.25583147e-03 
 3.15968850e-05  3.60099340e-01  3.59456328e-01  9.89594853e-01  1.25581701e-03 
 3.16018850e-05  3.60098771e-01  3.59468958e-01  9.89595598e-01  1.25582753e-03 
 3.16068850e-05  3.60098220e-01  3.59481316e-01  9.89596368e-01  1.25581320e-03 
 3.16118850e-05  3.60097671e-01  3.59493410e-01  9.89597140e-01  1.25582389e-03 
 3.16168850e-05  3.60097138e-01  3.59505244e-01  9.89597898e-01  1.25580981e-03 
 3.16218850e-05  3.60096608e-01  3.59516825e-01  9.89598620e-01  1.25582078e-03 
 3.16268850e-05  3.60096093e-01  3.59528159e-01  9.89599296e-01  1.25580703e-03 
 3.16318850e-05  3.60095580e-01  3.59539252e-01  9.89599907e-01  1.25581833e-03 
 3.16368850e-05  3.60095082e-01  3.59550110e-01  9.89600444e-01  1.25580496e-03 
 3.16418850e-05  3.60094587e-01  3.59560738e-01  9.89600896e-01  1.25581664e-03 
 3.16468850e-05  3.60094106e-01  3.59571143e-01  9.89601258e-01  1.25580365e-03 
 3.16518850e-05  3.60093627e-01  3.59581330e-01  9.89601522e-01  1.25581570e-03 
 3.16568850e-05  3.60093163e-01  3.59591305e-01  9.89601690e-01  1.25580308e-03 
 3.16618850e-05  3.60092702e-01  3.59601074e-01  9.89601757e-01  1.25581546e-03 
 3.16668850e-05  3.60092255e-01  3.59610641e-01  9.89601731e-01  1.25580317e-03 
 3.16718850e-05  3.60091812e-01  3.59620012e-01  9.89601611e-01  1.25581581e-03 
 3.16768850e-05  3.60091383e-01  3.59629192e-01  9.89601408e-01  1.25580377e-03 
 3.16818850e-05  3.60090958e-01  3.59638186e-01  9.89601125e-01  1.25581660e-03 
 3.16868850e-05  3.60090548e-01  3.59646997e-01  9.89600776e-01  1.25580473e-03 
 3.16918850e-05  3.60090142e-01  3.59655631e-01  9.89600367e-01  1.25581767e-03 
 3.16968850e-05  3.60089751e-01  3.59664091e-01  9.89599912e-01  1.25580588e-03 
 3.17018850e-05  3.60089363e-01  3.59672381e-01  9.89599421e-01  1.25581884e-03 
 3.17068850e-05  3.60088991e-01  3.59680505e-01  9.89598907e-01  1.25580705e-03 
 3.17118850e-05  3.60088622e-01  3.59688467e-01  9.89598379e-01  1.25581995e-03 
 3.17168850e-05  3.60088268e-01  3.59696269e-01  9.89597853e-01  1.25580808e-03 
 3.17218850e-05  3.60087917e-01  3.59703915e-01  9.89597334e-01  1.25582086e-03 
 3.17268850e-05  3.60087582e-01  3.59711408e-01  9.89596838e-01  1.25580885e-03 
 3.17318850e-05  3.60087249e-01  3.59718750e-01  9.89596369e-01  1.25582145e-03 
 3.17368850e-05  3.60086931e-01  3.59725945e-01  9.89595940e-01  1.25580928e-03 
 3.17418850e-05  3.60086615e-01  3.59732995e-01  9.89595552e-01  1.25582168e-03 
 3.17468850e-05  3.60086314e-01  3.59739902e-01  9.89595216e-01  1.25580931e-03 
 3.17518850e-05  3.60086014e-01  3.59746669e-01  9.89594932e-01  1.25582149e-03 
 3.17568850e-05  3.60085728e-01  3.59753297e-01  9.89594706e-01  1.25580894e-03 
 3.17618850e-05  3.60085443e-01  3.59759791e-01  9.89594536e-01  1.25582092e-03 
 3.17668850e-05  3.60085170e-01  3.59766150e-01  9.89594425e-01  1.25580819e-03 
 3.17718850e-05  3.60084899e-01  3.59772379e-01  9.89594369e-01  1.25582001e-03 
 3.17768850e-05  3.60084639e-01  3.59778479e-01  9.89594368e-01  1.25580714e-03 
 3.17818850e-05  3.60084379e-01  3.59784452e-01  9.89594416e-01  1.25581883e-03 
 3.17868850e-05  3.60084131e-01  3.59790301e-01  9.89594512e-01  1.25580587e-03 
 3.17918850e-05  3.60083883e-01  3.59796027e-01  9.89594646e-01  1.25581746e-03 
 3.17968850e-05  3.60083645e-01  3.59801634e-01  9.89594817e-01  1.25580446e-03 
 3.18018850e-05  3.60083406e-01  3.59807122e-01  9.89595014e-01  1.25581602e-03 
 3.18068850e-05  3.60083178e-01  3.59812496e-01  9.89595235e-01  1.25580302e-03 
 3.18118850e-05  3.60082948e-01  3.59817756e-01  9.89595470e-01  1.25581460e-03 
 3.18168850e-05  3.60082728e-01  3.59822906e-01  9.89595714e-01  1.25580165e-03 
 3.18218850e-05  3.60082506e-01  3.59827948e-01  9.89595958e-01  1.25581327e-03 
 3.18268850e-05  3.60082293e-01  3.59832883e-01  9.89596200e-01  1.25580041e-03 
 3.18318850e-05  3.60082079e-01  3.59837715e-01  9.89596430e-01  1.25581212e-03 
 3.18368850e-05  3.60081874e-01  3.59842446e-01  9.89596645e-01  1.25579938e-03 
 3.18418850e-05  3.60081667e-01  3.59847078e-01  9.89596839e-01  1.25581120e-03 
 3.18468850e-05  3.60081469e-01  3.59851614e-01  9.89597010e-01  1.25579859e-03 
 3.18518850e-05  3.60081269e-01  3.59856055e-01  9.89597153e-01  1.25581052e-03 
 3.18568850e-05  3.60081078e-01  3.59860405e-01  9.89597267e-01  1.25579805e-03 
 3.18618850e-05  3.60080885e-01  3.59864664e-01  9.89597348e-01  1.25581010e-03 
 3.18668850e-05  3.60080701e-01  3.59868837e-01  9.89597399e-01  1.25579775e-03 
 3.18718850e-05  3.60080515e-01  3.59872924e-01  9.89597416e-01  1.25580991e-03 
 3.18768850e-05  3.60080338e-01  3.59876927e-01  9.89597404e-01  1.25579768e-03 
 3.18818850e-05  3.60080159e-01  3.59880850e-01  9.89597359e-01  1.25580992e-03 
 3.18868850e-05  3.60079989e-01  3.59884693e-01  9.89597289e-01  1.25579778e-03 
 3.18918850e-05  3.60079817e-01  3.59888459e-01  9.89597191e-01  1.25581009e-03 
 3.18968850e-05  3.60079655e-01  3.59892149e-01  9.89597072e-01  1.25579801e-03 
 3.19018850e-05  3.60079490e-01  3.59895765e-01  9.89596932e-01  1.25581035e-03 
 3.19068850e-05  3.60079335e-01  3.59899309e-01  9.89596778e-01  1.25579831e-03 
 3.19118850e-05  3.60079178e-01  3.59902782e-01  9.89596611e-01  1.25581065e-03 
 3.19168850e-05  3.60079030e-01  3.59906186e-01  9.89596438e-01  1.25579861e-03 
 3.19218850e-05  3.60078880e-01  3.59909522e-01  9.89596258e-01  1.25581093e-03 
 3.19268850e-05  3.60078739e-01  3.59912792e-01  9.89596080e-01  1.25579888e-03 
 3.19318850e-05  3.60078596e-01  3.59915997e-01  9.89595904e-01  1.25581115e-03 
 3.19368850e-05  3.60078462e-01  3.59919138e-01  9.89595735e-01  1.25579906e-03 
 3.19418850e-05  3.60078326e-01  3.59922216e-01  9.89595575e-01  1.25581128e-03 
 3.19468850e-05  3.60078199e-01  3.59925233e-01  9.89595428e-01  1.25579914e-03 
 3.19518850e-05  3.60078070e-01  3.59928189e-01  9.89595294e-01  1.25581128e-03 
 3.19568850e-05  3.60077949e-01  3.59931086e-01  9.89595178e-01  1.25579909e-03 
 3.19618850e-05  3.60077826e-01  3.59933925e-01  9.89595078e-01  1.25581116e-03 
 3.19668850e-05  3.60077711e-01  3.59936706e-01  9.89594998e-01  1.25579891e-03 
 3.19718850e-05  3.60077593e-01  3.59939431e-01  9.89594936e-01  1.25581091e-03 
 3.19768850e-05  3.60077484e-01  3.59942100e-01  9.89594894e-01  1.25579861e-03 
 3.19818850e-05  3.60077372e-01  3.59944715e-01  9.89594869e-01  1.25581055e-03 
 3.19868850e-05  3.60077267e-01  3.59947277e-01  9.89594864e-01  1.25579821e-03 
 3.19918850e-05  3.60077160e-01  3.59949786e-01  9.89594874e-01  1.25581010e-03 
 3.19968850e-05  3.60077060e-01  3.59952244e-01  9.89594901e-01  1.25579774e-03 
 3.20018850e-05  3.60076957e-01  3.59954651e-01  9.89594939e-01  1.25580960e-03 
 3.20068850e-05  3.60076861e-01  3.59957008e-01  9.89594991e-01  1.25579723e-03 
 3.20118850e-05  3.60076762e-01  3.59959316e-01  9.89595051e-01  1.25580907e-03 
 3.20168850e-05  3.60076670e-01  3.59961577e-01  9.89595120e-01  1.25579671e-03 
 3.20218850e-05  3.60076575e-01  3.59963791e-01  9.89595192e-01  1.25580855e-03 
 3.20268850e-05  3.60076486e-01  3.59965959e-01  9.89595269e-01  1.25579621e-03 
 3.20318850e-05  3.60076394e-01  3.59968082e-01  9.89595346e-01  1.25580806e-03 
 3.20368850e-05  3.60076309e-01  3.59970161e-01  9.89595422e-01  1.25579575e-03 
 3.20418850e-05  3.60076220e-01  3.59972197e-01  9.89595494e-01  1.25580763e-03 
 3.20468850e-05  3.60076138e-01  3.59974191e-01  9.89595562e-01  1.25579537e-03 
 3.20518850e-05  3.60076052e-01  3.59976144e-01  9.89595623e-01  1.25580727e-03 
 3.20568850e-05  3.60075973e-01  3.59978057e-01  9.89595677e-01  1.25579506e-03 
 3.20618850e-05  3.60075890e-01  3.59979930e-01  9.89595721e-01  1.25580700e-03 
 3.20668850e-05  3.60075814e-01  3.59981765e-01  9.89595757e-01  1.25579484e-03 
 3.20718850e-05  3.60075734e-01  3.59983563e-01  9.89595780e-01  1.25580682e-03 
 3.20768850e-05  3.60075660e-01  3.59985324e-01  9.89595796e-01  1.25579470e-03 
 3.20818850e-05  3.60075583e-01  3.59987050e-01  9.89595798e-01  1.25580671e-03 
 3.20868850e-05  3.60075513e-01  3.59988740e-01  9.89595793e-01  1.25579464e-03 
 3.20918850e-05  3.60075438e-01  3.59990397e-01  9.89595776e-01  1.25580667e-03 
 3.20968850e-05  3.60075371e-01  3.59992020e-01  9.89595751e-01  1.25579464e-03 
 3.21018850e-05  3.60075299e-01  3.59993610e-01  9.89595716e-01  1.25580668e-03 
 3.21068850e-05  3.60075234e-01  3.59995169e-01  9.89595676e-01  1.25579468e-03 
 3.21118850e-05  3.60075166e-01  3.59996697e-01  9.89595627e-01  1.25580673e-03 
 3.21168850e-05  3.60075104e-01  3.59998195e-01  9.89595575e-01  1.25579474e-03 
 3.21218850e-05  3.60075038e-01  3.59999662e-01  9.89595517e-01  1.25580679e-03 
 3.21268850e-05  3.60074979e-01  3.60001101e-01  9.89595459e-01  1.25579481e-03 
 3.21318850e-05  3.60074916e-01  3.60002510e-01  9.89595397e-01  1.25580685e-03 
 3.21368850e-05  3.60074860e-01  3.60003892e-01  9.89595337e-01  1.25579487e-03 
 3.21418850e-05  3.60074800e-01  3.60005247e-01  9.89595276e-01  1.25580689e-03 
 3.21468850e-05  3.60074747e-01  3.60006574e-01  9.89595219e-01  1.25579490e-03 
 3.21518850e-05  3.60074689e-01  3.60007875e-01  9.89595163e-01  1.25580690e-03 
 3.21568850e-05  3.60074639e-01  3.60009151e-01  9.89595113e-01  1.25579490e-03 
 3.21618850e-05  3.60074584e-01  3.60010400e-01  9.89595066e-01  1.25580687e-03 
 3.21668850e-05  3.60074535e-01  3.60011625e-01  9.89595026e-01  1.25579486e-03 
 3.21718850e-05  3.60074483e-01  3.60012825e-01  9.89594990e-01  1.25580680e-03 
 3.21768850e-05  3.60074437e-01  3.60014001e-01  9.89594962e-01  1.25579478e-03 
 3.21818850e-05  3.60074387e-01  3.60015154e-01  9.89594938e-01  1.25580670e-03 
 3.21868850e-05  3.60074343e-01  3.60016283e-01  9.89594923e-01  1.25579466e-03 
 3.21918850e-05  3.60074295e-01  3.60017389e-01  9.89594912e-01  1.25580655e-03 
 3.21968850e-05  3.60074254e-01  3.60018473e-01  9.89594909e-01  1.25579451e-03 
 3.22018850e-05  3.60074207e-01  3.60019535e-01  9.89594909e-01  1.25580638e-03 
 3.22068850e-05  3.60074168e-01  3.60020576e-01  9.89594916e-01  1.25579433e-03 
 3.22118850e-05  3.60074123e-01  3.60021595e-01  9.89594926e-01  1.25580619e-03 
 3.22168850e-05  3.60074085e-01  3.60022593e-01  9.89594942e-01  1.25579415e-03 
 3.22218850e-05  3.60074042e-01  3.60023571e-01  9.89594959e-01  1.25580599e-03 
 3.22268850e-05  3.60074006e-01  3.60024528e-01  9.89594981e-01  1.25579396e-03 
 3.22318850e-05  3.60073965e-01  3.60025466e-01  9.89595002e-01  1.25580579e-03 
 3.22368850e-05  3.60073930e-01  3.60026385e-01  9.89595027e-01  1.25579377e-03 
 3.22418850e-05  3.60073890e-01  3.60027285e-01  9.89595050e-01  1.25580561e-03 
 3.22468850e-05  3.60073856e-01  3.60028167e-01  9.89595074e-01  1.25579360e-03 
 3.22518850e-05  3.60073818e-01  3.60029031e-01  9.89595095e-01  1.25580544e-03 
 3.22568850e-05  3.60073785e-01  3.60029876e-01  9.89595117e-01  1.25579346e-03 
 3.22618850e-05  3.60073748e-01  3.60030705e-01  9.89595135e-01  1.25580531e-03 
 3.22668850e-05  3.60073717e-01  3.60031517e-01  9.89595153e-01  1.25579334e-03 
 3.22718850e-05  3.60073681e-01  3.60032312e-01  9.89595165e-01  1.25580520e-03 
 3.22768850e-05  3.60073651e-01  3.60033091e-01  9.89595177e-01  1.25579325e-03 
 3.22818850e-05  3.60073616e-01  3.60033854e-01  9.89595183e-01  1.25580511e-03 
 3.22868850e-05  3.60073588e-01  3.60034602e-01  9.89595188e-01  1.25579319e-03 
 3.22918850e-05  3.60073554e-01  3.60035335e-01  9.89595187e-01  1.25580506e-03 
 3.22968850e-05  3.60073527e-01  3.60036053e-01  9.89595185e-01  1.25579316e-03 
 3.23018850e-05  3.60073494e-01  3.60036757e-01  9.89595177e-01  1.25580503e-03 
 3.23068850e-05  3.60073468e-01  3.60037446e-01  9.89595169e-01  1.25579314e-03 
 3.23118850e-05  3.60073437e-01  3.60038122e-01  9.89595156e-01  1.25580501e-03 
 3.23168850e-05  3.60073411e-01  3.60038784e-01  9.89595142e-01  1.25579314e-03 
 3.23218850e-05  3.60073382e-01  3.60039434e-01  9.89595125e-01  1.25580501e-03 
 3.23268850e-05  3.60073357e-01  3.60040070e-01  9.89595108e-01  1.25579315e-03 
 3.23318850e-05  3.60073329e-01  3.60040693e-01  9.89595087e-01  1.25580501e-03 
 3.23368850e-05  3.60073306e-01  3.60041305e-01  9.89595067e-01  1.25579316e-03 
 3.23418850e-05  3.60073278e-01  3.60041904e-01  9.89595046e-01  1.25580502e-03 
 3.23468850e-05  3.60073256e-01  3.60042491e-01  9.89595025e-01  1.25579317e-03 
 3.23518850e-05  3.60073230e-01  3.60043066e-01  9.89595004e-01  1.25580502e-03 
 3.23568850e-05  3.60073209e-01  3.60043630e-01  9.89594985e-01  1.25579317e-03 
 3.23618850e-05  3.60073184e-01  3.60044183e-01  9.89594965e-01  1.25580500e-03 
 3.23668850e-05  3.60073164e-01  3.60044725e-01  9.89594948e-01  1.25579316e-03 
 3.23718850e-05  3.60073140e-01  3.60045256e-01  9.89594931e-01  1.25580498e-03 
 3.23768850e-05  3.60073121e-01  3.60045777e-01  9.89594917e-01  1.25579314e-03 
 3.23818850e-05  3.60073098e-01  3.60046287e-01  9.89594904e-01  1.25580495e-03 
 3.23868850e-05  3.60073080e-01  3.60046787e-01  9.89594894e-01  1.25579311e-03 
 3.23918850e-05  3.60073057e-01  3.60047277e-01  9.89594885e-01  1.25580490e-03 
 3.23968850e-05  3.60073041e-01  3.60047757e-01  9.89594880e-01  1.25579306e-03 
 3.24018850e-05  3.60073019e-01  3.60048227e-01  9.89594875e-01  1.25580484e-03 
 3.24068850e-05  3.60073003e-01  3.60048688e-01  9.89594873e-01  1.25579300e-03 
 3.24118850e-05  3.60072982e-01  3.60049140e-01  9.89594872e-01  1.25580477e-03 
 3.24168850e-05  3.60072967e-01  3.60049582e-01  9.89594874e-01  1.25579294e-03 
 3.24218850e-05  3.60072947e-01  3.60050016e-01  9.89594876e-01  1.25580469e-03 
 3.24268850e-05  3.60072932e-01  3.60050440e-01  9.89594881e-01  1.25579287e-03 
 3.24318850e-05  3.60072913e-01  3.60050856e-01  9.89594885e-01  1.25580462e-03 
 3.24368850e-05  3.60072899e-01  3.60051264e-01  9.89594892e-01  1.25579280e-03 
 3.24418850e-05  3.60072880e-01  3.60051663e-01  9.89594898e-01  1.25580454e-03 
 3.24468850e-05  3.60072867e-01  3.60052054e-01  9.89594906e-01  1.25579273e-03 
 3.24518850e-05  3.60072849e-01  3.60052438e-01  9.89594912e-01  1.25580447e-03 
 3.24568850e-05  3.60072836e-01  3.60052813e-01  9.89594920e-01  1.25579267e-03 
 3.24618850e-05  3.60072819e-01  3.60053181e-01  9.89594926e-01  1.25580440e-03 
 3.24668850e-05  3.60072806e-01  3.60053541e-01  9.89594933e-01  1.25579262e-03 
 3.24718850e-05  3.60072789e-01  3.60053894e-01  9.89594938e-01  1.25580435e-03 
 3.24768850e-05  3.60072778e-01  3.60054240e-01  9.89594944e-01  1.25579257e-03 
 3.24818850e-05  3.60072761e-01  3.60054579e-01  9.89594947e-01  1.25580430e-03 
 3.24864425e-05  3.60072751e-01  3.60054882e-01  9.89594950e-01  1.25579254e-03 
 3.24910000e-05  3.60072737e-01  3.60055179e-01  9.89594951e-01  1.25580427e-03 
 3.24911000e-05  3.60136706e-01  3.60076238e-01  9.89597528e-01  1.22981123e-03 
 3.24913000e-05  3.60276696e-01  3.60094379e-01  9.89585437e-01  1.20129358e-03 
 3.24915426e-05  3.60390977e-01  3.60095396e-01  9.89548069e-01  1.21404748e-03 
 3.24917713e-05  3.60408382e-01  3.60095605e-01  9.89511112e-01  1.19010712e-03 
 3.24920000e-05  3.60393006e-01  3.60095677e-01  9.89475148e-01  1.19842407e-03 
 3.24920428e-05  3.60388223e-01  3.60095679e-01  9.89470138e-01  1.25554570e-03 
 3.24921284e-05  3.60378216e-01  3.60095679e-01  9.89462688e-01  1.25618268e-03 
 3.24922997e-05  3.60356717e-01  3.60095678e-01  9.89458852e-01  1.25551044e-03 
 3.24926422e-05  3.60314281e-01  3.60095677e-01  9.89470428e-01  1.25613721e-03 
 3.24933273e-05  3.60245827e-01  3.60095674e-01  9.89505312e-01  1.25548358e-03 
 3.24946974e-05  3.60167133e-01  3.60095668e-01  9.89548823e-01  1.25612309e-03 
 3.24974375e-05  3.60109614e-01  3.60095655e-01  9.89576748e-01  1.25547652e-03 
 3.25024375e-05  3.60077285e-01  3.60095633e-01  9.89587797e-01  1.25611897e-03 
 3.25074375e-05  3.60060803e-01  3.60095611e-01  9.89593378e-01  1.25547430e-03 
 3.25124375e-05  3.60054843e-01  3.60095589e-01  9.89596647e-01  1.25611542e-03 
 3.25174375e-05  3.60053707e-01  3.60095567e-01  9.89598981e-01  1.25546995e-03 
 3.25224375e-05  3.60054889e-01  3.60095544e-01  9.89601192e-01  1.25611045e-03 
 3.25274375e-05  3.60057039e-01  3.60095522e-01  9.89602924e-01  1.25546578e-03 
 3.25324375e-05  3.60059350e-01  3.60095500e-01  9.89604563e-01  1.25610679e-03 
 3.25374375e-05  3.60061564e-01  3.60095478e-01  9.89605757e-01  1.25546345e-03 
 3.25424375e-05  3.60063470e-01  3.60095455e-01  9.89606755e-01  1.25610524e-03 
 3.25474375e-05  3.60065096e-01  3.60095433e-01  9.89607320e-01  1.25546328e-03 
 3.25524375e-05  3.60066404e-01  3.60095411e-01  9.89607634e-01  1.25610579e-03 
 3.25574375e-05  3.60067476e-01  3.60095389e-01  9.89607549e-01  1.25546507e-03 
 3.25624375e-05  3.60068316e-01  3.60095366e-01  9.89607207e-01  1.25610815e-03 
 3.25674375e-05  3.60068996e-01  3.60095344e-01  9.89606523e-01  1.25546846e-03 
 3.25724375e-05  3.60069523e-01  3.60095322e-01  9.89605615e-01  1.25611186e-03 
 3.25774375e-05  3.60069951e-01  3.60095300e-01  9.89604441e-01  1.25547291e-03 
 3.25824375e-05  3.60070282e-01  3.60095277e-01  9.89603102e-01  1.25611635e-03 
 3.25874375e-05  3.60070553e-01  3.60095255e-01  9.89601590e-01  1.25547787e-03 
 3.25924375e-05  3.60070765e-01  3.60095233e-01  9.89599988e-01  1.25612107e-03 
 3.25974375e-05  3.60070940e-01  3.60095211e-01  9.89598309e-01  1.25548276e-03 
 3.26024375e-05  3.60071077e-01  3.60095189e-01  9.89596625e-01  1.25612546e-03 
 3.26074375e-05  3.60071191e-01  3.60095166e-01  9.89594956e-01  1.25548709e-03 
 3.26124375e-05  3.60071281e-01  3.60095144e-01  9.89593361e-01  1.25612907e-03 
 3.26174375e-05  3.60071357e-01  3.60095122e-01  9.89591863e-01  1.25549044e-03 
 3.26224375e-05  3.60071415e-01  3.60095100e-01  9.89590507e-01  1.25613154e-03 
 3.26274375e-05  3.60071464e-01  3.60095077e-01  9.89589313e-01  1.25549255e-03 
 3.26324375e-05  3.60071502e-01  3.60095055e-01  9.89588311e-01  1.25613269e-03 
 3.26374375e-05  3.60071533e-01  3.60095033e-01  9.89587513e-01  1.25549328e-03 
 3.26424375e-05  3.60071556e-01  3.60095011e-01  9.89586934e-01  1.25613246e-03 
 3.26474375e-05  3.60071575e-01  3.60094988e-01  9.89586578e-01  1.25549266e-03 
 3.26524375e-05  3.60071589e-01  3.60094966e-01  9.89586445e-01  1.25613096e-03 
 3.26574375e-05  3.60071601e-01  3.60094944e-01  9.89586530e-01  1.25549086e-03 
 3.26624375e-05  3.60071608e-01  3.60094922e-01  9.89586821e-01  1.25612838e-03 
 3.26674375e-05  3.60071616e-01  3.60094899e-01  9.89587303e-01  1.25548814e-03 
 3.26724375e-05  3.60071621e-01  3.60094877e-01  9.89587955e-01  1.25612504e-03 
 3.26774375e-05  3.60071627e-01  3.60094855e-01  9.89588754e-01  1.25548482e-03 
 3.26824375e-05  3.60071632e-01  3.60094833e-01  9.89589674e-01  1.25612130e-03 
 3.26874375e-05  3.60071638e-01  3.60094811e-01  9.89590687e-01  1.25548129e-03 
 3.26924375e-05  3.60071645e-01  3.60094788e-01  9.89591762e-01  1.25611752e-03 
 3.26974375e-05  3.60071653e-01  3.60094766e-01  9.89592871e-01  1.25547791e-03 
 3.27024375e-05  3.60071663e-01  3.60094744e-01  9.89593984e-01  1.25611406e-03 
 3.27074375e-05  3.60071674e-01  3.60094722e-01  9.89595073e-01  1.25547499e-03 
 3.27124375e-05  3.60071687e-01  3.60094699e-01  9.89596110e-01  1.25611121e-03 
 3.27174375e-05  3.60071702e-01  3.60094677e-01  9.89597073e-01  1.25547280e-03 
 3.27224375e-05  3.60071719e-01  3.60094655e-01  9.89597939e-01  1.25610916e-03 
 3.27274375e-05  3.60071737e-01  3.60094633e-01  9.89598692e-01  1.25547148e-03 
 3.27324375e-05  3.60071756e-01  3.60094610e-01  9.89599316e-01  1.25610805e-03 
 3.27374375e-05  3.60071777e-01  3.60094588e-01  9.89599801e-01  1.25547111e-03 
 3.27424375e-05  3.60071799e-01  3.60094566e-01  9.89600140e-01  1.25610787e-03 
 3.27474375e-05  3.60071821e-01  3.60094544e-01  9.89600331e-01  1.25547165e-03 
 3.27524375e-05  3.60071843e-01  3.60094521e-01  9.89600374e-01  1.25610855e-03 
 3.27574375e-05  3.60071866e-01  3.60094499e-01  9.89600276e-01  1.25547298e-03 
 3.27624375e-05  3.60071888e-01  3.60094477e-01  9.89600044e-01  1.25610994e-03 
 3.27674375e-05  3.60071910e-01  3.60094455e-01  9.89599689e-01  1.25547492e-03 
 3.27724375e-05  3.60071931e-01  3.60094433e-01  9.89599226e-01  1.25611182e-03 
 3.27774375e-05  3.60071950e-01  3.60094410e-01  9.89598670e-01  1.25547723e-03 
 3.27824375e-05  3.60071968e-01  3.60094388e-01  9.89598039e-01  1.25611395e-03 
 3.27874375e-05  3.60071985e-01  3.60094366e-01  9.89597353e-01  1.25547967e-03 
 3.27924375e-05  3.60072000e-01  3.60094344e-01  9.89596630e-01  1.25611609e-03 
 3.27974375e-05  3.60072013e-01  3.60094321e-01  9.89595892e-01  1.25548199e-03 
 3.28024375e-05  3.60072024e-01  3.60094299e-01  9.89595155e-01  1.25611800e-03 
 3.28074375e-05  3.60072033e-01  3.60094277e-01  9.89594441e-01  1.25548399e-03 
 3.28124375e-05  3.60072040e-01  3.60094255e-01  9.89593764e-01  1.25611951e-03 
 3.28174375e-05  3.60072046e-01  3.60094232e-01  9.89593142e-01  1.25548551e-03 
 3.28224375e-05  3.60072049e-01  3.60094210e-01  9.89592587e-01  1.25612047e-03 
 3.28274375e-05  3.60072051e-01  3.60094188e-01  9.89592111e-01  1.25548644e-03 
 3.28324375e-05  3.60072050e-01  3.60094166e-01  9.89591722e-01  1.25612082e-03 
 3.28374375e-05  3.60072049e-01  3.60094143e-01  9.89591427e-01  1.25548675e-03 
 3.28424375e-05  3.60072047e-01  3.60094121e-01  9.89591229e-01  1.25612056e-03 
 3.28474375e-05  3.60072044e-01  3.60094099e-01  9.89591130e-01  1.25548648e-03 
 3.28524375e-05  3.60072039e-01  3.60094077e-01  9.89591127e-01  1.25611975e-03 
 3.28574375e-05  3.60072035e-01  3.60094055e-01  9.89591217e-01  1.25548571e-03 
 3.28624375e-05  3.60072030e-01  3.60094032e-01  9.89591394e-01  1.25611850e-03 
 3.28674375e-05  3.60072025e-01  3.60094010e-01  9.89591650e-01  1.25548456e-03 
 3.28724375e-05  3.60072021e-01  3.60093988e-01  9.89591975e-01  1.25611695e-03 
 3.28774375e-05  3.60072017e-01  3.60093966e-01  9.89592358e-01  1.25548319e-03 
 3.28824375e-05  3.60072013e-01  3.60093943e-01  9.89592787e-01  1.25611526e-03 
 3.28874375e-05  3.60072010e-01  3.60093921e-01  9.89593250e-01  1.25548176e-03 
 3.28924375e-05  3.60072008e-01  3.60093899e-01  9.89593732e-01  1.25611360e-03 
 3.28974375e-05  3.60072007e-01  3.60093877e-01  9.89594222e-01  1.25548044e-03 
 3.29024375e-05  3.60072006e-01  3.60093854e-01  9.89594707e-01  1.25611211e-03 
 3.29074375e-05  3.60072007e-01  3.60093832e-01  9.89595174e-01  1.25547935e-03 
 3.29124375e-05  3.60072009e-01  3.60093810e-01  9.89595613e-01  1.25611090e-03 
 3.29174375e-05  3.60072012e-01  3.60093788e-01  9.89596013e-01  1.25547860e-03 
 3.29224375e-05  3.60072015e-01  3.60093765e-01  9.89596366e-01  1.25611007e-03 
 3.29274375e-05  3.60072020e-01  3.60093743e-01  9.89596666e-01  1.25547824e-03 
 3.29324375e-05  3.60072025e-01  3.60093721e-01  9.89596906e-01  1.25610965e-03 
 3.29374375e-05  3.60072031e-01  3.60093699e-01  9.89597083e-01  1.25547829e-03 
 3.29424375e-05  3.60072037e-01  3.60093677e-01  9.89597195e-01  1.25610963e-03 
 3.29474375e-05  3.60072044e-01  3.60093654e-01  9.89597243e-01  1.25547873e-03 
 3.29524375e-05  3.60072051e-01  3.60093632e-01  9.89597227e-01  1.25610997e-03 
 3.29574375e-05  3.60072058e-01  3.60093610e-01  9.89597150e-01  1.25547950e-03 
 3.29624375e-05  3.60072065e-01  3.60093588e-01  9.89597017e-01  1.25611060e-03 
 3.29674375e-05  3.60072071e-01  3.60093565e-01  9.89596834e-01  1.25548050e-03 
 3.29724375e-05  3.60072078e-01  3.60093543e-01  9.89596606e-01  1.25611141e-03 
 3.29774375e-05  3.60072084e-01  3.60093521e-01  9.89596343e-01  1.25548163e-03 
 3.29824375e-05  3.60072089e-01  3.60093499e-01  9.89596051e-01  1.25611230e-03 
 3.29874375e-05  3.60072094e-01  3.60093476e-01  9.89595740e-01  1.25548278e-03 
 3.29924375e-05  3.60072098e-01  3.60093454e-01  9.89595418e-01  1.25611315e-03 
 3.29974375e-05  3.60072101e-01  3.60093432e-01  9.89595094e-01  1.25548386e-03 
 3.30024375e-05  3.60072103e-01  3.60093410e-01  9.89594775e-01  1.25611388e-03 
 3.30074375e-05  3.60072105e-01  3.60093387e-01  9.89594470e-01  1.25548477e-03 
 3.30124375e-05  3.60072106e-01  3.60093365e-01  9.89594185e-01  1.25611442e-03 
 3.30174375e-05  3.60072106e-01  3.60093343e-01  9.89593929e-01  1.25548545e-03 
 3.30224375e-05  3.60072106e-01  3.60093321e-01  9.89593704e-01  1.25611470e-03 
 3.30274375e-05  3.60072105e-01  3.60093299e-01  9.89593516e-01  1.25548587e-03 
 3.30324375e-05  3.60072103e-01  3.60093276e-01  9.89593369e-01  1.25611471e-03 
 3.30374375e-05  3.60072101e-01  3.60093254e-01  9.89593263e-01  1.25548601e-03 
 3.30424375e-05  3.60072098e-01  3.60093232e-01  9.89593201e-01  1.25611445e-03 
 3.30474375e-05  3.60072096e-01  3.60093210e-01  9.89593182e-01  1.25548591e-03 
 3.30524375e-05  3.60072092e-01  3.60093187e-01  9.89593204e-01  1.25611397e-03 
 3.30574375e-05  3.60072089e-01  3.60093165e-01  9.89593266e-01  1.25548559e-03 
 3.30624375e-05  3.60072086e-01  3.60093143e-01  9.89593363e-01  1.25611331e-03 
 3.30674375e-05  3.60072083e-01  3.60093121e-01  9.89593494e-01  1.25548513e-03 
 3.30724375e-05  3.60072080e-01  3.60093098e-01  9.89593651e-01  1.25611253e-03 
 3.30774375e-05  3.60072078e-01  3.60093076e-01  9.89593832e-01  1.25548460e-03 
 3.30824375e-05  3.60072075e-01  3.60093054e-01  9.89594029e-01  1.25611171e-03 
 3.30874375e-05  3.60072074e-01  3.60093032e-01  9.89594238e-01  1.25548406e-03 
 3.30924375e-05  3.60072072e-01  3.60093009e-01  9.89594452e-01  1.25611093e-03 
 3.30974375e-05  3.60072071e-01  3.60092987e-01  9.89594667e-01  1.25548358e-03 
 3.31024375e-05  3.60072070e-01  3.60092965e-01  9.89594876e-01  1.25611023e-03 
 3.31074375e-05  3.60072070e-01  3.60092943e-01  9.89595075e-01  1.25548321e-03 
 3.31124375e-05  3.60072071e-01  3.60092921e-01  9.89595258e-01  1.25610968e-03 
 3.31174375e-05  3.60072072e-01  3.60092898e-01  9.89595423e-01  1.25548301e-03 
 3.31224375e-05  3.60072073e-01  3.60092876e-01  9.89595565e-01  1.25610929e-03 
 3.31274375e-05  3.60072074e-01  3.60092854e-01  9.89595682e-01  1.25548298e-03 
 3.31324375e-05  3.60072076e-01  3.60092832e-01  9.89595772e-01  1.25610908e-03 
 3.31374375e-05  3.60072078e-01  3.60092809e-01  9.89595834e-01  1.25548313e-03 
 3.31424375e-05  3.60072081e-01  3.60092787e-01  9.89595867e-01  1.25610905e-03 
 3.31474375e-05  3.60072083e-01  3.60092765e-01  9.89595872e-01  1.25548344e-03 
 3.31524375e-05  3.60072086e-01  3.60092743e-01  9.89595849e-01  1.25610917e-03 
 3.31574375e-05  3.60072089e-01  3.60092720e-01  9.89595802e-01  1.25548389e-03 
 3.31624375e-05  3.60072091e-01  3.60092698e-01  9.89595730e-01  1.25610939e-03 
 3.31674375e-05  3.60072094e-01  3.60092676e-01  9.89595639e-01  1.25548442e-03 
 3.31724375e-05  3.60072096e-01  3.60092654e-01  9.89595529e-01  1.25610969e-03 
 3.31774375e-05  3.60072098e-01  3.60092631e-01  9.89595406e-01  1.25548501e-03 
 3.31824375e-05  3.60072100e-01  3.60092609e-01  9.89595273e-01  1.25611001e-03 
 3.31874375e-05  3.60072102e-01  3.60092587e-01  9.89595133e-01  1.25548558e-03 
 3.31924375e-05  3.60072103e-01  3.60092565e-01  9.89594991e-01  1.25611030e-03 
 3.31974375e-05  3.60072104e-01  3.60092543e-01  9.89594849e-01  1.25548611e-03 
 3.32024375e-05  3.60072105e-01  3.60092520e-01  9.89594712e-01  1.25611053e-03 
 3.32074375e-05  3.60072105e-01  3.60092498e-01  9.89594583e-01  1.25548656e-03 
 3.32124375e-05  3.60072105e-01  3.60092476e-01  9.89594465e-01  1.25611066e-03 
 3.32174375e-05  3.60072105e-01  3.60092454e-01  9.89594360e-01  1.25548690e-03 
 3.32224375e-05  3.60072104e-01  3.60092431e-01  9.89594270e-01  1.25611067e-03 
 3.32274375e-05  3.60072103e-01  3.60092409e-01  9.89594198e-01  1.25548713e-03 
 3.32324375e-05  3.60072102e-01  3.60092387e-01  9.89594143e-01  1.25611057e-03 
 3.32374375e-05  3.60072101e-01  3.60092365e-01  9.89594108e-01  1.25548723e-03 
 3.32424375e-05  3.60072099e-01  3.60092342e-01  9.89594091e-01  1.25611035e-03 
 3.32474375e-05  3.60072098e-01  3.60092320e-01  9.89594093e-01  1.25548723e-03 
 3.32524375e-05  3.60072096e-01  3.60092298e-01  9.89594113e-01  1.25611004e-03 
 3.32574375e-05  3.60072095e-01  3.60092276e-01  9.89594149e-01  1.25548715e-03 
 3.32624375e-05  3.60072093e-01  3.60092253e-01  9.89594200e-01  1.25610966e-03 
 3.32674375e-05  3.60072092e-01  3.60092231e-01  9.89594265e-01  1.25548701e-03 
 3.32724375e-05  3.60072091e-01  3.60092209e-01  9.89594340e-01  1.25610924e-03 
 3.32774375e-05  3.60072089e-01  3.60092187e-01  9.89594423e-01  1.25548685e-03 
 3.32824375e-05  3.60072088e-01  3.60092165e-01  9.89594513e-01  1.25610881e-03 
 3.32874375e-05  3.60072088e-01  3.60092142e-01  9.89594607e-01  1.25548669e-03 
 3.32924375e-05  3.60072087e-01  3.60092120e-01  9.89594701e-01  1.25610840e-03 
 3.32974375e-05  3.60072086e-01  3.60092098e-01  9.89594794e-01  1.25548656e-03 
 3.33024375e-05  3.60072086e-01  3.60092076e-01  9.89594884e-01  1.25610803e-03 
 3.33074375e-05  3.60072086e-01  3.60092053e-01  9.89594968e-01  1.25548650e-03 
 3.33124375e-05  3.60072086e-01  3.60092031e-01  9.89595044e-01  1.25610773e-03 
 3.33174375e-05  3.60072087e-01  3.60092009e-01  9.89595110e-01  1.25548650e-03 
 3.33224375e-05  3.60072087e-01  3.60091987e-01  9.89595167e-01  1.25610751e-03 
 3.33274375e-05  3.60072088e-01  3.60091964e-01  9.89595211e-01  1.25548659e-03 
 3.33324375e-05  3.60072089e-01  3.60091942e-01  9.89595244e-01  1.25610737e-03 
 3.33374375e-05  3.60072090e-01  3.60091920e-01  9.89595264e-01  1.25548675e-03 
 3.33424375e-05  3.60072091e-01  3.60091898e-01  9.89595271e-01  1.25610730e-03 
 3.33474375e-05  3.60072092e-01  3.60091875e-01  9.89595267e-01  1.25548698e-03 
 3.33524375e-05  3.60072093e-01  3.60091853e-01  9.89595250e-01  1.25610729e-03 
 3.33574375e-05  3.60072094e-01  3.60091831e-01  9.89595224e-01  1.25548726e-03 
 3.33624375e-05  3.60072095e-01  3.60091809e-01  9.89595187e-01  1.25610733e-03 
 3.33674375e-05  3.60072096e-01  3.60091787e-01  9.89595142e-01  1.25548758e-03 
 3.33724375e-05  3.60072097e-01  3.60091764e-01  9.89595091e-01  1.25610739e-03 
 3.33774375e-05  3.60072098e-01  3.60091742e-01  9.89595034e-01  1.25548791e-03 
 3.33824375e-05  3.60072099e-01  3.60091720e-01  9.89594973e-01  1.25610746e-03 
 3.33874375e-05  3.60072099e-01  3.60091698e-01  9.89594911e-01  1.25548823e-03 
 3.33924375e-05  3.60072100e-01  3.60091675e-01  9.89594849e-01  1.25610750e-03 
 3.33974375e-05  3.60072100e-01  3.60091653e-01  9.89594787e-01  1.25548853e-03 
 3.34024375e-05  3.60072100e-01  3.60091631e-01  9.89594729e-01  1.25610752e-03 
 3.34074375e-05  3.60072100e-01  3.60091609e-01  9.89594675e-01  1.25548879e-03 
 3.34124375e-05  3.60072100e-01  3.60091586e-01  9.89594626e-01  1.25610749e-03 
 3.34174375e-05  3.60072100e-01  3.60091564e-01  9.89594584e-01  1.25548900e-03 
 3.34224375e-05  3.60072099e-01  3.60091542e-01  9.89594549e-01  1.25610741e-03 
 3.34274375e-05  3.60072099e-01  3.60091520e-01  9.89594521e-01  1.25548915e-03 
 3.34324375e-05  3.60072099e-01  3.60091497e-01  9.89594502e-01  1.25610727e-03 
 3.34374375e-05  3.60072098e-01  3.60091475e-01  9.89594491e-01  1.25548926e-03 
 3.34424375e-05  3.60072097e-01  3.60091453e-01  9.89594488e-01  1.25610709e-03 
 3.34474375e-05  3.60072097e-01  3.60091431e-01  9.89594494e-01  1.25548932e-03 
 3.34524375e-05  3.60072096e-01  3.60091409e-01  9.89594507e-01  1.25610687e-03 
 3.34574375e-05  3.60072095e-01  3.60091386e-01  9.89594526e-01  1.25548935e-03 
 3.34624375e-05  3.60072095e-01  3.60091364e-01  9.89594552e-01  1.25610663e-03 
 3.34674375e-05  3.60072094e-01  3.60091342e-01  9.89594583e-01  1.25548936e-03 
 3.34724375e-05  3.60072093e-01  3.60091320e-01  9.89594619e-01  1.25610636e-03 
 3.34774375e-05  3.60072093e-01  3.60091297e-01  9.89594657e-01  1.25548936e-03 
 3.34824375e-05  3.60072092e-01  3.60091275e-01  9.89594697e-01  1.25610610e-03 
 3.34874375e-05  3.60072092e-01  3.60091253e-01  9.89594739e-01  1.25548937e-03 
 3.34924375e-05  3.60072092e-01  3.60091231e-01  9.89594780e-01  1.25610585e-03 
 3.34974375e-05  3.60072092e-01  3.60091208e-01  9.89594820e-01  1.25548939e-03 
 3.35024375e-05  3.60072092e-01  3.60091186e-01  9.89594858e-01  1.25610563e-03 
 3.35074375e-05  3.60072092e-01  3.60091164e-01  9.89594893e-01  1.25548945e-03 
 3.35124375e-05  3.60072092e-01  3.60091142e-01  9.89594924e-01  1.25610543e-03 
 3.35174375e-05  3.60072092e-01  3.60091119e-01  9.89594951e-01  1.25548953e-03 
 3.35224375e-05  3.60072092e-01  3.60091097e-01  9.89594973e-01  1.25610527e-03 
 3.35274375e-05  3.60072093e-01  3.60091075e-01  9.89594990e-01  1.25548965e-03 
 3.35324375e-05  3.60072093e-01  3.60091053e-01  9.89595001e-01  1.25610515e-03 
 3.35374375e-05  3.60072093e-01  3.60091031e-01  9.89595007e-01  1.25548980e-03 
 3.35424375e-05  3.60072094e-01  3.60091008e-01  9.89595007e-01  1.25610505e-03 
 3.35474375e-05  3.60072094e-01  3.60090986e-01  9.89595002e-01  1.25548999e-03 
 3.35524375e-05  3.60072095e-01  3.60090964e-01  9.89594992e-01  1.25610498e-03 
 3.35574375e-05  3.60072095e-01  3.60090942e-01  9.89594978e-01  1.25549019e-03 
 3.35624375e-05  3.60072096e-01  3.60090919e-01  9.89594959e-01  1.25610493e-03 
 3.35674375e-05  3.60072096e-01  3.60090897e-01  9.89594938e-01  1.25549040e-03 
 3.35724375e-05  3.60072096e-01  3.60090875e-01  9.89594914e-01  1.25610488e-03 
 3.35774375e-05  3.60072097e-01  3.60090853e-01  9.89594888e-01  1.25549062e-03 
 3.35824375e-05  3.60072097e-01  3.60090830e-01  9.89594861e-01  1.25610484e-03 
 3.35874375e-05  3.60072097e-01  3.60090808e-01  9.89594834e-01  1.25549084e-03 
 3.35924375e-05  3.60072097e-01  3.60090786e-01  9.89594806e-01  1.25610478e-03 
 3.35974375e-05  3.60072098e-01  3.60090764e-01  9.89594780e-01  1.25549104e-03 
 3.36024375e-05  3.60072098e-01  3.60090741e-01  9.89594755e-01  1.25610471e-03 
 3.36074375e-05  3.60072098e-01  3.60090719e-01  9.89594733e-01  1.25549122e-03 
 3.36124375e-05  3.60072097e-01  3.60090697e-01  9.89594713e-01  1.25610462e-03 
 3.36174375e-05  3.60072097e-01  3.60090675e-01  9.89594696e-01  1.25549137e-03 
 3.36224375e-05  3.60072097e-01  3.60090653e-01  9.89594683e-01  1.25610450e-03 
 3.36274375e-05  3.60072097e-01  3.60090630e-01  9.89594673e-01  1.25549151e-03 
 3.36324375e-05  3.60072097e-01  3.60090608e-01  9.89594666e-01  1.25610436e-03 
 3.36374375e-05  3.60072096e-01  3.60090586e-01  9.89594664e-01  1.25549162e-03 
 3.36424375e-05  3.60072096e-01  3.60090564e-01  9.89594664e-01  1.25610420e-03 
 3.36474375e-05  3.60072096e-01  3.60090541e-01  9.89594669e-01  1.25549172e-03 
 3.36524375e-05  3.60072095e-01  3.60090519e-01  9.89594676e-01  1.25610403e-03 
 3.36574375e-05  3.60072095e-01  3.60090497e-01  9.89594686e-01  1.25549180e-03 
 3.36624375e-05  3.60072095e-01  3.60090475e-01  9.89594699e-01  1.25610385e-03 
 3.36674375e-05  3.60072095e-01  3.60090452e-01  9.89594714e-01  1.25549188e-03 
 3.36724375e-05  3.60072094e-01  3.60090430e-01  9.89594730e-01  1.25610366e-03 
 3.36774375e-05  3.60072094e-01  3.60090408e-01  9.89594747e-01  1.25549195e-03 
 3.36824375e-05  3.60072094e-01  3.60090386e-01  9.89594765e-01  1.25610347e-03 
 3.36874375e-05  3.60072094e-01  3.60090363e-01  9.89594784e-01  1.25549203e-03 
 3.36924375e-05  3.60072094e-01  3.60090341e-01  9.89594802e-01  1.25610329e-03 
 3.36974375e-05  3.60072094e-01  3.60090319e-01  9.89594819e-01  1.25549212e-03 
 3.37024375e-05  3.60072094e-01  3.60090297e-01  9.89594835e-01  1.25610312e-03 
 3.37074375e-05  3.60072094e-01  3.60090275e-01  9.89594849e-01  1.25549222e-03 
 3.37124375e-05  3.60072094e-01  3.60090252e-01  9.89594862e-01  1.25610297e-03 
 3.37174375e-05  3.60072094e-01  3.60090230e-01  9.89594872e-01  1.25549233e-03 
 3.37224375e-05  3.60072094e-01  3.60090208e-01  9.89594881e-01  1.25610283e-03 
 3.37274375e-05  3.60072094e-01  3.60090186e-01  9.89594887e-01  1.25549246e-03 
 3.37324375e-05  3.60072094e-01  3.60090163e-01  9.89594890e-01  1.25610271e-03 
 3.37374375e-05  3.60072095e-01  3.60090141e-01  9.89594891e-01  1.25549260e-03 
 3.37424375e-05  3.60072095e-01  3.60090119e-01  9.89594890e-01  1.25610259e-03 
 3.37474375e-05  3.60072095e-01  3.60090097e-01  9.89594887e-01  1.25549276e-03 
 3.37524375e-05  3.60072095e-01  3.60090074e-01  9.89594881e-01  1.25610249e-03 
 3.37574375e-05  3.60072095e-01  3.60090052e-01  9.89594874e-01  1.25549292e-03 
 3.37624375e-05  3.60072096e-01  3.60090030e-01  9.89594865e-01  1.25610240e-03 
 3.37674375e-05  3.60072096e-01  3.60090008e-01  9.89594855e-01  1.25549309e-03 
 3.37724375e-05  3.60072096e-01  3.60089985e-01  9.89594844e-01  1.25610231e-03 
 3.37774375e-05  3.60072096e-01  3.60089963e-01  9.89594832e-01  1.25549326e-03 
 3.37824375e-05  3.60072096e-01  3.60089941e-01  9.89594820e-01  1.25610221e-03 
 3.37874375e-05  3.60072096e-01  3.60089919e-01  9.89594808e-01  1.25549342e-03 
 3.37924375e-05  3.60072096e-01  3.60089897e-01  9.89594796e-01  1.25610211e-03 
 3.37974375e-05  3.60072096e-01  3.60089874e-01  9.89594785e-01  1.25549358e-03 
 3.38024375e-05  3.60072096e-01  3.60089852e-01  9.89594775e-01  1.25610201e-03 
 3.38074375e-05  3.60072096e-01  3.60089830e-01  9.89594766e-01  1.25549373e-03 
 3.38124375e-05  3.60072096e-01  3.60089808e-01  9.89594758e-01  1.25610189e-03 
 3.38174375e-05  3.60072096e-01  3.60089785e-01  9.89594751e-01  1.25549387e-03 
 3.38224375e-05  3.60072096e-01  3.60089763e-01  9.89594746e-01  1.25610177e-03 
 3.38274375e-05  3.60072096e-01  3.60089741e-01  9.89594743e-01  1.25549400e-03 
 3.38324375e-05  3.60072096e-01  3.60089719e-01  9.89594741e-01  1.25610163e-03 
 3.38374375e-05  3.60072096e-01  3.60089696e-01  9.89594740e-01  1.25549412e-03 
 3.38424375e-05  3.60072096e-01  3.60089674e-01  9.89594742e-01  1.25610149e-03 
 3.38474375e-05  3.60072095e-01  3.60089652e-01  9.89594744e-01  1.25549423e-03 
 3.38524375e-05  3.60072095e-01  3.60089630e-01  9.89594748e-01  1.25610134e-03 
 3.38574375e-05  3.60072095e-01  3.60089607e-01  9.89594753e-01  1.25549434e-03 
 3.38624375e-05  3.60072095e-01  3.60089585e-01  9.89594759e-01  1.25610118e-03 
 3.38674375e-05  3.60072095e-01  3.60089563e-01  9.89594766e-01  1.25549444e-03 
 3.38724375e-05  3.60072095e-01  3.60089541e-01  9.89594774e-01  1.25610103e-03 
 3.38774375e-05  3.60072095e-01  3.60089519e-01  9.89594782e-01  1.25549455e-03 
 3.38824375e-05  3.60072095e-01  3.60089496e-01  9.89594790e-01  1.25610087e-03 
 3.38874375e-05  3.60072095e-01  3.60089474e-01  9.89594798e-01  1.25549466e-03 
 3.38924375e-05  3.60072095e-01  3.60089452e-01  9.89594805e-01  1.25610072e-03 
 3.38974375e-05  3.60072095e-01  3.60089430e-01  9.89594812e-01  1.25549477e-03 
 3.39024375e-05  3.60072095e-01  3.60089407e-01  9.89594819e-01  1.25610058e-03 
 3.39074375e-05  3.60072095e-01  3.60089385e-01  9.89594825e-01  1.25549489e-03 
 3.39124375e-05  3.60072095e-01  3.60089363e-01  9.89594830e-01  1.25610044e-03 
 3.39174375e-05  3.60072095e-01  3.60089341e-01  9.89594834e-01  1.25549501e-03 
 3.39224375e-05  3.60072095e-01  3.60089318e-01  9.89594837e-01  1.25610031e-03 
 3.39274375e-05  3.60072095e-01  3.60089296e-01  9.89594839e-01  1.25549514e-03 
 3.39324375e-05  3.60072095e-01  3.60089274e-01  9.89594840e-01  1.25610018e-03 
 3.39374375e-05  3.60072095e-01  3.60089252e-01  9.89594840e-01  1.25549528e-03 
 3.39424375e-05  3.60072095e-01  3.60089229e-01  9.89594839e-01  1.25610006e-03 
 3.39474375e-05  3.60072095e-01  3.60089207e-01  9.89594837e-01  1.25549542e-03 
 3.39524375e-05  3.60072095e-01  3.60089185e-01  9.89594834e-01  1.25609995e-03 
 3.39574375e-05  3.60072095e-01  3.60089163e-01  9.89594831e-01  1.25549557e-03 
 3.39624375e-05  3.60072095e-01  3.60089141e-01  9.89594826e-01  1.25609984e-03 
 3.39674375e-05  3.60072096e-01  3.60089118e-01  9.89594822e-01  1.25549571e-03 
 3.39724375e-05  3.60072096e-01  3.60089096e-01  9.89594817e-01  1.25609972e-03 
 3.39774375e-05  3.60072096e-01  3.60089074e-01  9.89594811e-01  1.25549586e-03 
 3.39824375e-05  3.60072096e-01  3.60089052e-01  9.89594806e-01  1.25609961e-03 
 3.39874375e-05  3.60072096e-01  3.60089029e-01  9.89594801e-01  1.25549600e-03 
 3.39924375e-05  3.60072096e-01  3.60089007e-01  9.89594796e-01  1.25609949e-03 
 3.39974375e-05  3.60072096e-01  3.60088985e-01  9.89594791e-01  1.25549614e-03 
 3.40024375e-05  3.60072096e-01  3.60088963e-01  9.89594787e-01  1.25609937e-03 
 3.40074375e-05  3.60072096e-01  3.60088940e-01  9.89594783e-01  1.25549628e-03 
 3.40124375e-05  3.60072096e-01  3.60088918e-01  9.89594780e-01  1.25609925e-03 
 3.40174375e-05  3.60072096e-01  3.60088896e-01  9.89594777e-01  1.25549641e-03 
 3.40224375e-05  3.60072096e-01  3.60088874e-01  9.89594776e-01  1.25609912e-03 
 3.40274375e-05  3.60072095e-01  3.60088851e-01  9.89594774e-01  1.25549654e-03 
 3.40324375e-05  3.60072095e-01  3.60088829e-01  9.89594774e-01  1.25609899e-03 
 3.40374375e-05  3.60072095e-01  3.60088807e-01  9.89594774e-01  1.25549666e-03 
 3.40424375e-05  3.60072095e-01  3.60088785e-01  9.89594775e-01  1.25609885e-03 
 3.40474375e-05  3.60072095e-01  3.60088763e-01  9.89594777e-01  1.25549678e-03 
 3.40524375e-05  3.60072095e-01  3.60088740e-01  9.89594779e-01  1.25609871e-03 
 3.40574375e-05  3.60072095e-01  3.60088718e-01  9.89594781e-01  1.25549690e-03 
 3.40624375e-05  3.60072095e-01  3.60088696e-01  9.89594784e-01  1.25609857e-03 
 3.40674375e-05  3.60072095e-01  3.60088674e-01  9.89594787e-01  1.25549702e-03 
 3.40724375e-05  3.60072095e-01  3.60088651e-01  9.89594791e-01  1.25609843e-03 
 3.40774375e-05  3.60072095e-01  3.60088629e-01  9.89594794e-01  1.25549714e-03 
 3.40824375e-05  3.60072095e-01  3.60088607e-01  9.89594798e-01  1.25609830e-03 
 3.40874375e-05  3.60072095e-01  3.60088585e-01  9.89594801e-01  1.25549725e-03 
 3.40924375e-05  3.60072095e-01  3.60088562e-01  9.89594804e-01  1.25609816e-03 
 3.40974375e-05  3.60072095e-01  3.60088540e-01  9.89594807e-01  1.25549738e-03 
 3.41024375e-05  3.60072095e-01  3.60088518e-01  9.89594810e-01  1.25609802e-03 
 3.41074375e-05  3.60072095e-01  3.60088496e-01  9.89594813e-01  1.25549750e-03 
 3.41124375e-05  3.60072095e-01  3.60088473e-01  9.89594815e-01  1.25609789e-03 
 3.41174375e-05  3.60072095e-01  3.60088451e-01  9.89594816e-01  1.25549763e-03 
 3.41224375e-05  3.60072095e-01  3.60088429e-01  9.89594817e-01  1.25609776e-03 
 3.41274375e-05  3.60072095e-01  3.60088407e-01  9.89594818e-01  1.25549776e-03 
 3.41324375e-05  3.60072095e-01  3.60088385e-01  9.89594818e-01  1.25609764e-03 
 3.41374375e-05  3.60072095e-01  3.60088362e-01  9.89594818e-01  1.25549789e-03 
 3.41424375e-05  3.60072095e-01  3.60088340e-01  9.89594817e-01  1.25609752e-03 
 3.41474375e-05  3.60072095e-01  3.60088318e-01  9.89594816e-01  1.25549802e-03 
 3.41524375e-05  3.60072095e-01  3.60088296e-01  9.89594814e-01  1.25609739e-03 
 3.41574375e-05  3.60072095e-01  3.60088273e-01  9.89594813e-01  1.25549816e-03 
 3.41624375e-05  3.60072095e-01  3.60088251e-01  9.89594811e-01  1.25609727e-03 
 3.41674375e-05  3.60072095e-01  3.60088229e-01  9.89594809e-01  1.25549829e-03 
 3.41724375e-05  3.60072095e-01  3.60088207e-01  9.89594806e-01  1.25609715e-03 
 3.41774375e-05  3.60072095e-01  3.60088184e-01  9.89594804e-01  1.25549843e-03 
 3.41824375e-05  3.60072095e-01  3.60088162e-01  9.89594802e-01  1.25609703e-03 
 3.41874375e-05  3.60072095e-01  3.60088140e-01  9.89594799e-01  1.25549856e-03 
 3.41924375e-05  3.60072095e-01  3.60088118e-01  9.89594797e-01  1.25609691e-03 
 3.41974375e-05  3.60072095e-01  3.60088095e-01  9.89594795e-01  1.25549870e-03 
 3.42024375e-05  3.60072095e-01  3.60088073e-01  9.89594794e-01  1.25609678e-03 
 3.42074375e-05  3.60072095e-01  3.60088051e-01  9.89594792e-01  1.25549883e-03 
 3.42124375e-05  3.60072095e-01  3.60088029e-01  9.89594791e-01  1.25609666e-03 
 3.42174375e-05  3.60072095e-01  3.60088007e-01  9.89594790e-01  1.25549896e-03 
 3.42224375e-05  3.60072095e-01  3.60087984e-01  9.89594789e-01  1.25609653e-03 
 3.42274375e-05  3.60072095e-01  3.60087962e-01  9.89594789e-01  1.25549908e-03 
 3.42324375e-05  3.60072095e-01  3.60087940e-01  9.89594789e-01  1.25609640e-03 
 3.42374375e-05  3.60072095e-01  3.60087918e-01  9.89594789e-01  1.25549921e-03 
 3.42424375e-05  3.60072095e-01  3.60087895e-01  9.89594790e-01  1.25609627e-03 
 3.42474375e-05  3.60072095e-01  3.60087873e-01  9.89594790e-01  1.25549933e-03 
 3.42524375e-05  3.60072095e-01  3.60087851e-01  9.89594792e-01  1.25609613e-03 
 3.42574375e-05  3.60072095e-01  3.60087829e-01  9.89594793e-01  1.25549945e-03 
 3.42624375e-05  3.60072095e-01  3.60087806e-01  9.89594794e-01  1.25609600e-03 
 3.42674375e-05  3.60072095e-01  3.60087784e-01  9.89594795e-01  1.25549958e-03 
 3.42724375e-05  3.60072095e-01  3.60087762e-01  9.89594797e-01  1.25609587e-03 
 3.42774375e-05  3.60072095e-01  3.60087740e-01  9.89594799e-01  1.25549970e-03 
 3.42824375e-05  3.60072095e-01  3.60087717e-01  9.89594800e-01  1.25609574e-03 
 3.42874375e-05  3.60072095e-01  3.60087695e-01  9.89594802e-01  1.25549982e-03 
 3.42924375e-05  3.60072095e-01  3.60087673e-01  9.89594803e-01  1.25609561e-03 
 3.42974375e-05  3.60072095e-01  3.60087651e-01  9.89594804e-01  1.25549995e-03 
 3.43024375e-05  3.60072095e-01  3.60087629e-01  9.89594805e-01  1.25609548e-03 
 3.43074375e-05  3.60072095e-01  3.60087606e-01  9.89594806e-01  1.25550007e-03 
 3.43124375e-05  3.60072095e-01  3.60087584e-01  9.89594807e-01  1.25609535e-03 
 3.43174375e-05  3.60072095e-01  3.60087562e-01  9.89594808e-01  1.25550020e-03 
 3.43224375e-05  3.60072095e-01  3.60087540e-01  9.89594808e-01  1.25609522e-03 
 3.43274375e-05  3.60072095e-01  3.60087517e-01  9.89594808e-01  1.25550033e-03 
 3.43324375e-05  3.60072095e-01  3.60087495e-01  9.89594808e-01  1.25609510e-03 
 3.43374375e-05  3.60072095e-01  3.60087473e-01  9.89594808e-01  1.25550046e-03 
 3.43424375e-05  3.60072095e-01  3.60087451e-01  9.89594807e-01  1.25609497e-03 
 3.43474375e-05  3.60072095e-01  3.60087428e-01  9.89594807e-01  1.25550059e-03 
 3.43524375e-05  3.60072095e-01  3.60087406e-01  9.89594806e-01  1.25609485e-03 
 3.43574375e-05  3.60072095e-01  3.60087384e-01  9.89594805e-01  1.25550072e-03 
 3.43624375e-05  3.60072095e-01  3.60087362e-01  9.89594804e-01  1.25609472e-03 
 3.43674375e-05  3.60072095e-01  3.60087339e-01  9.89594803e-01  1.25550085e-03 
 3.43724375e-05  3.60072095e-01  3.60087317e-01  9.89594802e-01  1.25609460e-03 
 3.43774375e-05  3.60072095e-01  3.60087295e-01  9.89594801e-01  1.25550098e-03 
 3.43824375e-05  3.60072095e-01  3.60087273e-01  9.89594800e-01  1.25609447e-03 
 3.43874375e-05  3.60072095e-01  3.60087251e-01  9.89594799e-01  1.25550111e-03 
 3.43924375e-05  3.60072095e-01  3.60087228e-01  9.89594799e-01  1.25609435e-03 
 3.43974375e-05  3.60072095e-01  3.60087206e-01  9.89594798e-01  1.25550124e-03 
 3.44024375e-05  3.60072095e-01  3.60087184e-01  9.89594797e-01  1.25609422e-03 
 3.44074375e-05  3.60072095e-01  3.60087162e-01  9.89594796e-01  1.25550137e-03 
 3.44124375e-05  3.60072095e-01  3.60087139e-01  9.89594796e-01  1.25609410e-03 
 3.44174375e-05  3.60072095e-01  3.60087117e-01  9.89594796e-01  1.25550149e-03 
 3.44224375e-05  3.60072095e-01  3.60087095e-01  9.89594795e-01  1.25609397e-03 
 3.44274375e-05  3.60072095e-01  3.60087073e-01  9.89594795e-01  1.25550162e-03 
 3.44324375e-05  3.60072095e-01  3.60087050e-01  9.89594795e-01  1.25609384e-03 
 3.44374375e-05  3.60072095e-01  3.60087028e-01  9.89594796e-01  1.25550174e-03 
 3.44424375e-05  3.60072095e-01  3.60087006e-01  9.89594796e-01  1.25609371e-03 
 3.44474375e-05  3.60072095e-01  3.60086984e-01  9.89594796e-01  1.25550187e-03 
 3.44524375e-05  3.60072095e-01  3.60086961e-01  9.89594797e-01  1.25609359e-03 
 3.44574375e-05  3.60072095e-01  3.60086939e-01  9.89594797e-01  1.25550199e-03 
 3.44624375e-05  3.60072095e-01  3.60086917e-01  9.89594798e-01  1.25609346e-03 
 3.44674375e-05  3.60072095e-01  3.60086895e-01  9.89594799e-01  1.25550212e-03 
 3.44724375e-05  3.60072095e-01  3.60086873e-01  9.89594799e-01  1.25609333e-03 
 3.44774375e-05  3.60072095e-01  3.60086850e-01  9.89594800e-01  1.25550224e-03 
 3.44824375e-05  3.60072095e-01  3.60086828e-01  9.89594801e-01  1.25609320e-03 
 3.44874375e-05  3.60072095e-01  3.60086806e-01  9.89594801e-01  1.25550237e-03 
 3.44924375e-05  3.60072095e-01  3.60086784e-01  9.89594802e-01  1.25609307e-03 
 3.44974375e-05  3.60072095e-01  3.60086761e-01  9.89594802e-01  1.25550249e-03 
 3.45024375e-05  3.60072095e-01  3.60086739e-01  9.89594803e-01  1.25609294e-03 
 3.45074375e-05  3.60072095e-01  3.60086717e-01  9.89594803e-01  1.25550262e-03 
 3.45124375e-05  3.60072095e-01  3.60086695e-01  9.89594803e-01  1.25609282e-03 
 3.45174375e-05  3.60072095e-01  3.60086672e-01  9.89594804e-01  1.25550275e-03 
 3.45224375e-05  3.60072095e-01  3.60086650e-01  9.89594804e-01  1.25609269e-03 
 3.45274375e-05  3.60072095e-01  3.60086628e-01  9.89594804e-01  1.25550287e-03 
 3.45324375e-05  3.60072095e-01  3.60086606e-01  9.89594804e-01  1.25609257e-03 
 3.45374375e-05  3.60072095e-01  3.60086583e-01  9.89594804e-01  1.25550300e-03 
 3.45424375e-05  3.60072095e-01  3.60086561e-01  9.89594803e-01  1.25609244e-03 
 3.45474375e-05  3.60072095e-01  3.60086539e-01  9.89594803e-01  1.25550313e-03 
 3.45524375e-05  3.60072095e-01  3.60086517e-01  9.89594803e-01  1.25609232e-03 
 3.45574375e-05  3.60072095e-01  3.60086495e-01  9.89594802e-01  1.25550325e-03 
 3.45624375e-05  3.60072095e-01  3.60086472e-01  9.89594802e-01  1.25609219e-03 
 3.45674375e-05  3.60072095e-01  3.60086450e-01  9.89594801e-01  1.25550338e-03 
 3.45724375e-05  3.60072095e-01  3.60086428e-01  9.89594801e-01  1.25609207e-03 
 3.45774375e-05  3.60072095e-01  3.60086406e-01  9.89594801e-01  1.25550351e-03 
 3.45824375e-05  3.60072095e-01  3.60086383e-01  9.89594800e-01  1.25609194e-03 
 3.45874375e-05  3.60072095e-01  3.60086361e-01  9.89594800e-01  1.25550364e-03 
 3.45924375e-05  3.60072095e-01  3.60086339e-01  9.89594799e-01  1.25609182e-03 
 3.45974375e-05  3.60072095e-01  3.60086317e-01  9.89594799e-01  1.25550376e-03 
 3.46024375e-05  3.60072095e-01  3.60086294e-01  9.89594799e-01  1.25609169e-03 
 3.46074375e-05  3.60072095e-01  3.60086272e-01  9.89594799e-01  1.25550389e-03 
 3.46124375e-05  3.60072095e-01  3.60086250e-01  9.89594798e-01  1.25609157e-03 
 3.46174375e-05  3.60072095e-01  3.60086228e-01  9.89594798e-01  1.25550401e-03 
 3.46224375e-05  3.60072095e-01  3.60086206e-01  9.89594798e-01  1.25609144e-03 
 3.46274375e-05  3.60072095e-01  3.60086183e-01  9.89594798e-01  1.25550414e-03 
 3.46324375e-05  3.60072095e-01  3.60086161e-01  9.89594798e-01  1.25609131e-03 
 3.46374375e-05  3.60072095e-01  3.60086139e-01  9.89594798e-01  1.25550427e-03 
 3.46424375e-05  3.60072095e-01  3.60086117e-01  9.89594799e-01  1.25609119e-03 
 3.46474375e-05  3.60072095e-01  3.60086094e-01  9.89594799e-01  1.25550439e-03 
 3.46524375e-05  3.60072095e-01  3.60086072e-01  9.89594799e-01  1.25609106e-03 
 3.46574375e-05  3.60072095e-01  3.60086050e-01  9.89594799e-01  1.25550451e-03 
 3.46624375e-05  3.60072095e-01  3.60086028e-01  9.89594800e-01  1.25609093e-03 
 3.46674375e-05  3.60072095e-01  3.60086005e-01  9.89594800e-01  1.25550464e-03 
 3.46724375e-05  3.60072095e-01  3.60085983e-01  9.89594800e-01  1.25609081e-03 
 3.46774375e-05  3.60072095e-01  3.60085961e-01  9.89594800e-01  1.25550476e-03 
 3.46824375e-05  3.60072095e-01  3.60085939e-01  9.89594801e-01  1.25609068e-03 
 3.46874375e-05  3.60072095e-01  3.60085916e-01  9.89594801e-01  1.25550489e-03 
 3.46924375e-05  3.60072095e-01  3.60085894e-01  9.89594801e-01  1.25609056e-03 
 3.46974375e-05  3.60072095e-01  3.60085872e-01  9.89594801e-01  1.25550501e-03 
 3.47024375e-05  3.60072095e-01  3.60085850e-01  9.89594802e-01  1.25609043e-03 
 3.47074375e-05  3.60072095e-01  3.60085827e-01  9.89594802e-01  1.25550514e-03 
 3.47124375e-05  3.60072095e-01  3.60085805e-01  9.89594802e-01  1.25609030e-03 
 3.47174375e-05  3.60072095e-01  3.60085783e-01  9.89594802e-01  1.25550526e-03 
 3.47224375e-05  3.60072095e-01  3.60085761e-01  9.89594802e-01  1.25609018e-03 
 3.47274375e-05  3.60072095e-01  3.60085739e-01  9.89594802e-01  1.25550539e-03 
 3.47324375e-05  3.60072095e-01  3.60085716e-01  9.89594802e-01  1.25609005e-03 
 3.47374375e-05  3.60072095e-01  3.60085694e-01  9.89594802e-01  1.25550552e-03 
 3.47424375e-05  3.60072095e-01  3.60085672e-01  9.89594802e-01  1.25608993e-03 
 3.47474375e-05  3.60072095e-01  3.60085650e-01  9.89594802e-01  1.25550564e-03 
 3.47524375e-05  3.60072095e-01  3.60085627e-01  9.89594801e-01  1.25608981e-03 
 3.47574375e-05  3.60072095e-01  3.60085605e-01  9.89594801e-01  1.25550577e-03 
 3.47624375e-05  3.60072095e-01  3.60085583e-01  9.89594801e-01  1.25608968e-03 
 3.47674375e-05  3.60072095e-01  3.60085561e-01  9.89594801e-01  1.25550589e-03 
 3.47724375e-05  3.60072095e-01  3.60085538e-01  9.89594801e-01  1.25608956e-03 
 3.47774375e-05  3.60072095e-01  3.60085516e-01  9.89594800e-01  1.25550602e-03 
 3.47824375e-05  3.60072095e-01  3.60085494e-01  9.89594800e-01  1.25608943e-03 
 3.47874375e-05  3.60072095e-01  3.60085472e-01  9.89594800e-01  1.25550614e-03 
 3.47924375e-05  3.60072095e-01  3.60085450e-01  9.89594800e-01  1.25608931e-03 
 3.47974375e-05  3.60072095e-01  3.60085427e-01  9.89594800e-01  1.25550627e-03 
 3.48024375e-05  3.60072095e-01  3.60085405e-01  9.89594800e-01  1.25608918e-03 
 3.48074375e-05  3.60072095e-01  3.60085383e-01  9.89594800e-01  1.25550639e-03 
 3.48124375e-05  3.60072095e-01  3.60085361e-01  9.89594800e-01  1.25608906e-03 
 3.48174375e-05  3.60072095e-01  3.60085338e-01  9.89594799e-01  1.25550652e-03 
 3.48224375e-05  3.60072095e-01  3.60085316e-01  9.89594799e-01  1.25608893e-03 
 3.48274375e-05  3.60072095e-01  3.60085294e-01  9.89594799e-01  1.25550664e-03 
 3.48324375e-05  3.60072095e-01  3.60085272e-01  9.89594800e-01  1.25608881e-03 
 3.48374375e-05  3.60072095e-01  3.60085249e-01  9.89594800e-01  1.25550677e-03 
 3.48424375e-05  3.60072095e-01  3.60085227e-01  9.89594800e-01  1.25608868e-03 
 3.48474375e-05  3.60072095e-01  3.60085205e-01  9.89594800e-01  1.25550689e-03 
 3.48524375e-05  3.60072095e-01  3.60085183e-01  9.89594800e-01  1.25608856e-03 
 3.48574375e-05  3.60072095e-01  3.60085160e-01  9.89594800e-01  1.25550701e-03 
 3.48624375e-05  3.60072095e-01  3.60085138e-01  9.89594800e-01  1.25608843e-03 
 3.48674375e-05  3.60072095e-01  3.60085116e-01  9.89594800e-01  1.25550714e-03 
 3.48724375e-05  3.60072095e-01  3.60085094e-01  9.89594800e-01  1.25608831e-03 
 3.48774375e-05  3.60072095e-01  3.60085072e-01  9.89594800e-01  1.25550726e-03 
 3.48824375e-05  3.60072095e-01  3.60085049e-01  9.89594801e-01  1.25608818e-03 
 3.48874375e-05  3.60072095e-01  3.60085027e-01  9.89594801e-01  1.25550739e-03 
 3.48924375e-05  3.60072095e-01  3.60085005e-01  9.89594801e-01  1.25608806e-03 
 3.48974375e-05  3.60072095e-01  3.60084983e-01  9.89594801e-01  1.25550751e-03 
 3.49024375e-05  3.60072095e-01  3.60084960e-01  9.89594801e-01  1.25608794e-03 
 3.49074375e-05  3.60072095e-01  3.60084938e-01  9.89594801e-01  1.25550764e-03 
 3.49124375e-05  3.60072095e-01  3.60084916e-01  9.89594801e-01  1.25608781e-03 
 3.49174375e-05  3.60072095e-01  3.60084894e-01  9.89594801e-01  1.25550776e-03 
 3.49224375e-05  3.60072095e-01  3.60084871e-01  9.89594801e-01  1.25608769e-03 
 3.49274375e-05  3.60072095e-01  3.60084849e-01  9.89594801e-01  1.25550788e-03 
 3.49324375e-05  3.60072095e-01  3.60084827e-01  9.89594801e-01  1.25608756e-03 
 3.49374375e-05  3.60072095e-01  3.60084805e-01  9.89594801e-01  1.25550801e-03 
 3.49424375e-05  3.60072095e-01  3.60084782e-01  9.89594801e-01  1.25608744e-03 
 3.49474375e-05  3.60072095e-01  3.60084760e-01  9.89594801e-01  1.25550813e-03 
 3.49524375e-05  3.60072095e-01  3.60084738e-01  9.89594801e-01  1.25608732e-03 
 3.49574375e-05  3.60072095e-01  3.60084716e-01  9.89594801e-01  1.25550826e-03 
 3.49624375e-05  3.60072095e-01  3.60084694e-01  9.89594801e-01  1.25608719e-03 
 3.49674375e-05  3.60072095e-01  3.60084671e-01  9.89594801e-01  1.25550838e-03 
 3.49724375e-05  3.60072095e-01  3.60084649e-01  9.89594800e-01  1.25608707e-03 
 3.49774375e-05  3.60072095e-01  3.60084627e-01  9.89594800e-01  1.25550851e-03 
 3.49824375e-05  3.60072095e-01  3.60084605e-01  9.89594800e-01  1.25608694e-03 
 3.49874375e-05  3.60072095e-01  3.60084582e-01  9.89594800e-01  1.25550863e-03 
 3.49924375e-05  3.60072095e-01  3.60084560e-01  9.89594800e-01  1.25608682e-03 
 3.49974375e-05  3.60072095e-01  3.60084538e-01  9.89594800e-01  1.25550875e-03 
 3.50024375e-05  3.60072095e-01  3.60084516e-01  9.89594800e-01  1.25608670e-03 
 3.50074375e-05  3.60072095e-01  3.60084493e-01  9.89594800e-01  1.25550888e-03 
 3.50124375e-05  3.60072095e-01  3.60084471e-01  9.89594800e-01  1.25608657e-03 
 3.50174375e-05  3.60072095e-01  3.60084449e-01  9.89594800e-01  1.25550900e-03 
 3.50224375e-05  3.60072095e-01  3.60084427e-01  9.89594800e-01  1.25608645e-03 
 3.50274375e-05  3.60072095e-01  3.60084404e-01  9.89594800e-01  1.25550912e-03 
 3.50324375e-05  3.60072095e-01  3.60084382e-01  9.89594800e-01  1.25608633e-03 
 3.50374375e-05  3.60072095e-01  3.60084360e-01  9.89594800e-01  1.25550925e-03 
 3.50424375e-05  3.60072095e-01  3.60084338e-01  9.89594800e-01  1.25608620e-03 
 3.50474375e-05  3.60072095e-01  3.60084316e-01  9.89594800e-01  1.25550937e-03 
 3.50524375e-05  3.60072095e-01  3.60084293e-01  9.89594800e-01  1.25608608e-03 
 3.50574375e-05  3.60072095e-01  3.60084271e-01  9.89594800e-01  1.25550949e-03 
 3.50624375e-05  3.60072095e-01  3.60084249e-01  9.89594800e-01  1.25608595e-03 
 3.50674375e-05  3.60072095e-01  3.60084227e-01  9.89594800e-01  1.25550962e-03 
 3.50724375e-05  3.60072095e-01  3.60084204e-01  9.89594800e-01  1.25608583e-03 
 3.50774375e-05  3.60072095e-01  3.60084182e-01  9.89594800e-01  1.25550974e-03 
 3.50824375e-05  3.60072095e-01  3.60084160e-01  9.89594801e-01  1.25608571e-03 
 3.50874375e-05  3.60072095e-01  3.60084138e-01  9.89594801e-01  1.25550986e-03 
 3.50924375e-05  3.60072095e-01  3.60084115e-01  9.89594801e-01  1.25608558e-03 
 3.50974375e-05  3.60072095e-01  3.60084093e-01  9.89594801e-01  1.25550999e-03 
 3.51024375e-05  3.60072095e-01  3.60084071e-01  9.89594801e-01  1.25608546e-03 
 3.51074375e-05  3.60072095e-01  3.60084049e-01  9.89594801e-01  1.25551011e-03 
 3.51124375e-05  3.60072095e-01  3.60084026e-01  9.89594801e-01  1.25608534e-03 
 3.51174375e-05  3.60072095e-01  3.60084004e-01  9.89594801e-01  1.25551023e-03 
 3.51224375e-05  3.60072095e-01  3.60083982e-01  9.89594801e-01  1.25608521e-03 
 3.51274375e-05  3.60072095e-01  3.60083960e-01  9.89594801e-01  1.25551036e-03 
 3.51324375e-05  3.60072095e-01  3.60083938e-01  9.89594801e-01  1.25608509e-03 
 3.51374375e-05  3.60072095e-01  3.60083915e-01  9.89594801e-01  1.25551048e-03 
 3.51424375e-05  3.60072095e-01  3.60083893e-01  9.89594801e-01  1.25608497e-03 
 3.51474375e-05  3.60072095e-01  3.60083871e-01  9.89594801e-01  1.25551060e-03 
 3.51524375e-05  3.60072095e-01  3.60083849e-01  9.89594801e-01  1.25608485e-03 
 3.51574375e-05  3.60072095e-01  3.60083826e-01  9.89594801e-01  1.25551073e-03 
 3.51624375e-05  3.60072095e-01  3.60083804e-01  9.89594801e-01  1.25608472e-03 
 3.51674375e-05  3.60072095e-01  3.60083782e-01  9.89594800e-01  1.25551085e-03 
 3.51724375e-05  3.60072095e-01  3.60083760e-01  9.89594800e-01  1.25608460e-03 
 3.51774375e-05  3.60072095e-01  3.60083737e-01  9.89594800e-01  1.25551097e-03 
 3.51824375e-05  3.60072095e-01  3.60083715e-01  9.89594800e-01  1.25608448e-03 
 3.51874375e-05  3.60072095e-01  3.60083693e-01  9.89594800e-01  1.25551110e-03 
 3.51924375e-05  3.60072095e-01  3.60083671e-01  9.89594800e-01  1.25608435e-03 
 3.51974375e-05  3.60072095e-01  3.60083648e-01  9.89594800e-01  1.25551122e-03 
 3.52024375e-05  3.60072095e-01  3.60083626e-01  9.89594800e-01  1.25608423e-03 
 3.52074375e-05  3.60072095e-01  3.60083604e-01  9.89594800e-01  1.25551134e-03 
 3.52124375e-05  3.60072095e-01  3.60083582e-01  9.89594800e-01  1.25608411e-03 
 3.52174375e-05  3.60072095e-01  3.60083560e-01  9.89594800e-01  1.25551146e-03 
 3.52224375e-05  3.60072095e-01  3.60083537e-01  9.89594800e-01  1.25608399e-03 
 3.52274375e-05  3.60072095e-01  3.60083515e-01  9.89594800e-01  1.25551159e-03 
 3.52324375e-05  3.60072095e-01  3.60083493e-01  9.89594800e-01  1.25608386e-03 
 3.52374375e-05  3.60072095e-01  3.60083471e-01  9.89594800e-01  1.25551171e-03 
 3.52424375e-05  3.60072095e-01  3.60083448e-01  9.89594800e-01  1.25608374e-03 
 3.52474375e-05  3.60072095e-01  3.60083426e-01  9.89594800e-01  1.25551183e-03 
 3.52524375e-05  3.60072095e-01  3.60083404e-01  9.89594800e-01  1.25608362e-03 
 3.52574375e-05  3.60072095e-01  3.60083382e-01  9.89594800e-01  1.25551195e-03 
 3.52624375e-05  3.60072095e-01  3.60083359e-01  9.89594800e-01  1.25608350e-03 
 3.52674375e-05  3.60072095e-01  3.60083337e-01  9.89594800e-01  1.25551208e-03 
 3.52724375e-05  3.60072095e-01  3.60083315e-01  9.89594800e-01  1.25608337e-03 
 3.52774375e-05  3.60072095e-01  3.60083293e-01  9.89594800e-01  1.25551220e-03 
 3.52824375e-05  3.60072095e-01  3.60083271e-01  9.89594800e-01  1.25608325e-03 
 3.52874375e-05  3.60072095e-01  3.60083248e-01  9.89594800e-01  1.25551232e-03 
 3.52924375e-05  3.60072095e-01  3.60083226e-01  9.89594801e-01  1.25608313e-03 
 3.52974375e-05  3.60072095e-01  3.60083204e-01  9.89594801e-01  1.25551244e-03 
 3.53024375e-05  3.60072095e-01  3.60083182e-01  9.89594801e-01  1.25608301e-03 
 3.53074375e-05  3.60072095e-01  3.60083159e-01  9.89594801e-01  1.25551256e-03 
 3.53124375e-05  3.60072095e-01  3.60083137e-01  9.89594801e-01  1.25608288e-03 
 3.53174375e-05  3.60072095e-01  3.60083115e-01  9.89594801e-01  1.25551269e-03 
 3.53224375e-05  3.60072095e-01  3.60083093e-01  9.89594801e-01  1.25608276e-03 
 3.53274375e-05  3.60072095e-01  3.60083070e-01  9.89594801e-01  1.25551281e-03 
 3.53324375e-05  3.60072095e-01  3.60083048e-01  9.89594801e-01  1.25608264e-03 
 3.53374375e-05  3.60072095e-01  3.60083026e-01  9.89594801e-01  1.25551293e-03 
 3.53424375e-05  3.60072095e-01  3.60083004e-01  9.89594801e-01  1.25608252e-03 
 3.53474375e-05  3.60072095e-01  3.60082981e-01  9.89594801e-01  1.25551305e-03 
 3.53524375e-05  3.60072095e-01  3.60082959e-01  9.89594801e-01  1.25608240e-03 
 3.53574375e-05  3.60072095e-01  3.60082937e-01  9.89594800e-01  1.25551317e-03 
 3.53624375e-05  3.60072095e-01  3.60082915e-01  9.89594800e-01  1.25608228e-03 
 3.53674375e-05  3.60072095e-01  3.60082892e-01  9.89594800e-01  1.25551330e-03 
 3.53724375e-05  3.60072095e-01  3.60082870e-01  9.89594800e-01  1.25608215e-03 
 3.53774375e-05  3.60072095e-01  3.60082848e-01  9.89594800e-01  1.25551342e-03 
 3.53824375e-05  3.60072095e-01  3.60082826e-01  9.89594800e-01  1.25608203e-03 
 3.53874375e-05  3.60072095e-01  3.60082804e-01  9.89594800e-01  1.25551354e-03 
 3.53924375e-05  3.60072095e-01  3.60082781e-01  9.89594800e-01  1.25608191e-03 
 3.53974375e-05  3.60072095e-01  3.60082759e-01  9.89594800e-01  1.25551366e-03 
 3.54024375e-05  3.60072095e-01  3.60082737e-01  9.89594800e-01  1.25608179e-03 
 3.54074375e-05  3.60072095e-01  3.60082715e-01  9.89594800e-01  1.25551378e-03 
 3.54124375e-05  3.60072095e-01  3.60082692e-01  9.89594800e-01  1.25608167e-03 
 3.54174375e-05  3.60072095e-01  3.60082670e-01  9.89594800e-01  1.25551391e-03 
 3.54224375e-05  3.60072095e-01  3.60082648e-01  9.89594800e-01  1.25608154e-03 
 3.54274375e-05  3.60072095e-01  3.60082626e-01  9.89594800e-01  1.25551403e-03 
 3.54324375e-05  3.60072095e-01  3.60082603e-01  9.89594800e-01  1.25608142e-03 
 3.54374375e-05  3.60072095e-01  3.60082581e-01  9.89594800e-01  1.25551415e-03 
 3.54424375e-05  3.60072095e-01  3.60082559e-01  9.89594800e-01  1.25608130e-03 
 3.54474375e-05  3.60072095e-01  3.60082537e-01  9.89594800e-01  1.25551427e-03 
 3.54524375e-05  3.60072095e-01  3.60082515e-01  9.89594800e-01  1.25608118e-03 
 3.54574375e-05  3.60072095e-01  3.60082492e-01  9.89594800e-01  1.25551439e-03 
 3.54624375e-05  3.60072095e-01  3.60082470e-01  9.89594800e-01  1.25608106e-03 
 3.54674375e-05  3.60072095e-01  3.60082448e-01  9.89594800e-01  1.25551451e-03 
 3.54724375e-05  3.60072095e-01  3.60082426e-01  9.89594800e-01  1.25608094e-03 
 3.54774375e-05  3.60072095e-01  3.60082403e-01  9.89594800e-01  1.25551463e-03 
 3.54824375e-05  3.60072095e-01  3.60082381e-01  9.89594800e-01  1.25608082e-03 
 3.54874375e-05  3.60072095e-01  3.60082359e-01  9.89594800e-01  1.25551476e-03 
 3.54924375e-05  3.60072095e-01  3.60082337e-01  9.89594800e-01  1.25608069e-03 
 3.54974375e-05  3.60072095e-01  3.60082314e-01  9.89594800e-01  1.25551488e-03 
 3.55024375e-05  3.60072095e-01  3.60082292e-01  9.89594800e-01  1.25608057e-03 
 3.55074375e-05  3.60072095e-01  3.60082270e-01  9.89594800e-01  1.25551500e-03 
 3.55124375e-05  3.60072095e-01  3.60082248e-01  9.89594800e-01  1.25608045e-03 
 3.55174375e-05  3.60072095e-01  3.60082225e-01  9.89594800e-01  1.25551512e-03 
 3.55224375e-05  3.60072095e-01  3.60082203e-01  9.89594800e-01  1.25608033e-03 
 3.55274375e-05  3.60072095e-01  3.60082181e-01  9.89594800e-01  1.25551524e-03 
 3.55324375e-05  3.60072095e-01  3.60082159e-01  9.89594800e-01  1.25608021e-03 
 3.55374375e-05  3.60072095e-01  3.60082137e-01  9.89594800e-01  1.25551536e-03 
 3.55424375e-05  3.60072095e-01  3.60082114e-01  9.89594800e-01  1.25608009e-03 
 3.55474375e-05  3.60072095e-01  3.60082092e-01  9.89594800e-01  1.25551548e-03 
 3.55524375e-05  3.60072095e-01  3.60082070e-01  9.89594800e-01  1.25607997e-03 
 3.55574375e-05  3.60072095e-01  3.60082048e-01  9.89594800e-01  1.25551560e-03 
 3.55624375e-05  3.60072095e-01  3.60082025e-01  9.89594800e-01  1.25607985e-03 
 3.55674375e-05  3.60072095e-01  3.60082003e-01  9.89594800e-01  1.25551572e-03 
 3.55724375e-05  3.60072095e-01  3.60081981e-01  9.89594800e-01  1.25607973e-03 
 3.55774375e-05  3.60072095e-01  3.60081959e-01  9.89594800e-01  1.25551584e-03 
 3.55824375e-05  3.60072095e-01  3.60081936e-01  9.89594800e-01  1.25607961e-03 
 3.55874375e-05  3.60072095e-01  3.60081914e-01  9.89594800e-01  1.25551597e-03 
 3.55924375e-05  3.60072095e-01  3.60081892e-01  9.89594800e-01  1.25607949e-03 
 3.55974375e-05  3.60072095e-01  3.60081870e-01  9.89594800e-01  1.25551609e-03 
 3.56024375e-05  3.60072095e-01  3.60081847e-01  9.89594800e-01  1.25607936e-03 
 3.56074375e-05  3.60072095e-01  3.60081825e-01  9.89594800e-01  1.25551621e-03 
 3.56124375e-05  3.60072095e-01  3.60081803e-01  9.89594800e-01  1.25607924e-03 
 3.56174375e-05  3.60072095e-01  3.60081781e-01  9.89594800e-01  1.25551633e-03 
 3.56224375e-05  3.60072095e-01  3.60081759e-01  9.89594800e-01  1.25607912e-03 
 3.56274375e-05  3.60072095e-01  3.60081736e-01  9.89594800e-01  1.25551645e-03 
 3.56324375e-05  3.60072095e-01  3.60081714e-01  9.89594800e-01  1.25607900e-03 
 3.56374375e-05  3.60072095e-01  3.60081692e-01  9.89594800e-01  1.25551657e-03 
 3.56424375e-05  3.60072095e-01  3.60081670e-01  9.89594800e-01  1.25607888e-03 
 3.56474375e-05  3.60072095e-01  3.60081647e-01  9.89594800e-01  1.25551669e-03 
 3.56524375e-05  3.60072095e-01  3.60081625e-01  9.89594800e-01  1.25607876e-03 
 3.56574375e-05  3.60072095e-01  3.60081603e-01  9.89594800e-01  1.25551681e-03 
 3.56624375e-05  3.60072095e-01  3.60081581e-01  9.89594800e-01  1.25607864e-03 
 3.56674375e-05  3.60072095e-01  3.60081558e-01  9.89594800e-01  1.25551693e-03 
 3.56724375e-05  3.60072095e-01  3.60081536e-01  9.89594800e-01  1.25607852e-03 
 3.56774375e-05  3.60072095e-01  3.60081514e-01  9.89594800e-01  1.25551705e-03 
 3.56824375e-05  3.60072095e-01  3.60081492e-01  9.89594800e-01  1.25607840e-03 
 3.56874375e-05  3.60072095e-01  3.60081469e-01  9.89594800e-01  1.25551717e-03 
 3.56924375e-05  3.60072095e-01  3.60081447e-01  9.89594800e-01  1.25607828e-03 
 3.56974375e-05  3.60072095e-01  3.60081425e-01  9.89594800e-01  1.25551729e-03 
 3.57024375e-05  3.60072095e-01  3.60081403e-01  9.89594800e-01  1.25607816e-03 
 3.57074375e-05  3.60072095e-01  3.60081381e-01  9.89594800e-01  1.25551741e-03 
 3.57124375e-05  3.60072095e-01  3.60081358e-01  9.89594800e-01  1.25607804e-03 
 3.57174375e-05  3.60072095e-01  3.60081336e-01  9.89594800e-01  1.25551753e-03 
 3.57224375e-05  3.60072095e-01  3.60081314e-01  9.89594800e-01  1.25607792e-03 
 3.57274375e-05  3.60072095e-01  3.60081292e-01  9.89594800e-01  1.25551765e-03 
 3.57324375e-05  3.60072095e-01  3.60081269e-01  9.89594800e-01  1.25607780e-03 
 3.57374375e-05  3.60072095e-01  3.60081247e-01  9.89594800e-01  1.25551777e-03 
 3.57424375e-05  3.60072095e-01  3.60081225e-01  9.89594800e-01  1.25607768e-03 
 3.57474375e-05  3.60072095e-01  3.60081203e-01  9.89594800e-01  1.25551789e-03 
 3.57524375e-05  3.60072095e-01  3.60081180e-01  9.89594800e-01  1.25607756e-03 
 3.57574375e-05  3.60072095e-01  3.60081158e-01  9.89594800e-01  1.25551801e-03 
 3.57624375e-05  3.60072095e-01  3.60081136e-01  9.89594800e-01  1.25607744e-03 
 3.57674375e-05  3.60072095e-01  3.60081114e-01  9.89594800e-01  1.25551813e-03 
 3.57724375e-05  3.60072095e-01  3.60081091e-01  9.89594800e-01  1.25607732e-03 
 3.57774375e-05  3.60072095e-01  3.60081069e-01  9.89594800e-01  1.25551825e-03 
 3.57824375e-05  3.60072095e-01  3.60081047e-01  9.89594800e-01  1.25607720e-03 
 3.57874375e-05  3.60072095e-01  3.60081025e-01  9.89594800e-01  1.25551837e-03 
 3.57924375e-05  3.60072095e-01  3.60081003e-01  9.89594800e-01  1.25607708e-03 
 3.57974375e-05  3.60072095e-01  3.60080980e-01  9.89594800e-01  1.25551849e-03 
 3.58024375e-05  3.60072095e-01  3.60080958e-01  9.89594800e-01  1.25607696e-03 
 3.58074375e-05  3.60072095e-01  3.60080936e-01  9.89594800e-01  1.25551861e-03 
 3.58124375e-05  3.60072095e-01  3.60080914e-01  9.89594800e-01  1.25607684e-03 
 3.58174375e-05  3.60072095e-01  3.60080891e-01  9.89594800e-01  1.25551873e-03 
 3.58224375e-05  3.60072095e-01  3.60080869e-01  9.89594800e-01  1.25607672e-03 
 3.58274375e-05  3.60072095e-01  3.60080847e-01  9.89594800e-01  1.25551885e-03 
 3.58324375e-05  3.60072095e-01  3.60080825e-01  9.89594800e-01  1.25607660e-03 
 3.58374375e-05  3.60072095e-01  3.60080802e-01  9.89594800e-01  1.25551897e-03 
 3.58424375e-05  3.60072095e-01  3.60080780e-01  9.89594800e-01  1.25607648e-03 
 3.58474375e-05  3.60072095e-01  3.60080758e-01  9.89594800e-01  1.25551909e-03 
 3.58524375e-05  3.60072095e-01  3.60080736e-01  9.89594800e-01  1.25607636e-03 
 3.58574375e-05  3.60072095e-01  3.60080713e-01  9.89594800e-01  1.25551921e-03 
 3.58624375e-05  3.60072095e-01  3.60080691e-01  9.89594800e-01  1.25607625e-03 
 3.58674375e-05  3.60072095e-01  3.60080669e-01  9.89594800e-01  1.25551933e-03 
 3.58724375e-05  3.60072095e-01  3.60080647e-01  9.89594800e-01  1.25607613e-03 
 3.58774375e-05  3.60072095e-01  3.60080625e-01  9.89594800e-01  1.25551944e-03 
 3.58824375e-05  3.60072095e-01  3.60080602e-01  9.89594800e-01  1.25607601e-03 
 3.58874375e-05  3.60072095e-01  3.60080580e-01  9.89594800e-01  1.25551956e-03 
 3.58924375e-05  3.60072095e-01  3.60080558e-01  9.89594800e-01  1.25607589e-03 
 3.58974375e-05  3.60072095e-01  3.60080536e-01  9.89594800e-01  1.25551968e-03 
 3.59024375e-05  3.60072095e-01  3.60080513e-01  9.89594800e-01  1.25607577e-03 
 3.59074375e-05  3.60072095e-01  3.60080491e-01  9.89594800e-01  1.25551980e-03 
 3.59124375e-05  3.60072095e-01  3.60080469e-01  9.89594800e-01  1.25607565e-03 
 3.59174375e-05  3.60072095e-01  3.60080447e-01  9.89594800e-01  1.25551992e-03 
 3.59224375e-05  3.60072095e-01  3.60080424e-01  9.89594800e-01  1.25607553e-03 
 3.59274375e-05  3.60072095e-01  3.60080402e-01  9.89594800e-01  1.25552004e-03 
 3.59324375e-05  3.60072095e-01  3.60080380e-01  9.89594800e-01  1.25607541e-03 
 3.59374375e-05  3.60072095e-01  3.60080358e-01  9.89594800e-01  1.25552016e-03 
 3.59424375e-05  3.60072095e-01  3.60080336e-01  9.89594800e-01  1.25607529e-03 
 3.59474375e-05  3.60072095e-01  3.60080313e-01  9.89594800e-01  1.25552028e-03 
 3.59524375e-05  3.60072095e-01  3.60080291e-01  9.89594800e-01  1.25607517e-03 
 3.59574375e-05  3.60072095e-01  3.60080269e-01  9.89594800e-01  1.25552040e-03 
 3.59624375e-05  3.60072095e-01  3.60080247e-01  9.89594800e-01  1.25607505e-03 
 3.59674375e-05  3.60072095e-01  3.60080224e-01  9.89594800e-01  1.25552052e-03 
 3.59724375e-05  3.60072095e-01  3.60080202e-01  9.89594800e-01  1.25607494e-03 
 3.59774375e-05  3.60072095e-01  3.60080180e-01  9.89594800e-01  1.25552063e-03 
 3.59824375e-05  3.60072095e-01  3.60080158e-01  9.89594800e-01  1.25607482e-03 
 3.59874375e-05  3.60072095e-01  3.60080135e-01  9.89594800e-01  1.25552075e-03 
 3.59924375e-05  3.60072095e-01  3.60080113e-01  9.89594800e-01  1.25607470e-03 
 3.59974375e-05  3.60072095e-01  3.60080091e-01  9.89594800e-01  1.25552087e-03 
 3.60024375e-05  3.60072095e-01  3.60080069e-01  9.89594800e-01  1.25607458e-03 
 3.60074375e-05  3.60072095e-01  3.60080046e-01  9.89594800e-01  1.25552099e-03 
 3.60124375e-05  3.60072095e-01  3.60080024e-01  9.89594800e-01  1.25607446e-03 
 3.60174375e-05  3.60072095e-01  3.60080002e-01  9.89594800e-01  1.25552111e-03 
 3.60224375e-05  3.60072095e-01  3.60079980e-01  9.89594800e-01  1.25607434e-03 
 3.60274375e-05  3.60072095e-01  3.60079958e-01  9.89594800e-01  1.25552123e-03 
 3.60324375e-05  3.60072095e-01  3.60079935e-01  9.89594800e-01  1.25607422e-03 
 3.60374375e-05  3.60072095e-01  3.60079913e-01  9.89594800e-01  1.25552135e-03 
 3.60424375e-05  3.60072095e-01  3.60079891e-01  9.89594800e-01  1.25607411e-03 
 3.60474375e-05  3.60072095e-01  3.60079869e-01  9.89594800e-01  1.25552146e-03 
 3.60524375e-05  3.60072095e-01  3.60079846e-01  9.89594800e-01  1.25607399e-03 
 3.60574375e-05  3.60072095e-01  3.60079824e-01  9.89594800e-01  1.25552158e-03 
 3.60624375e-05  3.60072095e-01  3.60079802e-01  9.89594800e-01  1.25607387e-03 
 3.60674375e-05  3.60072095e-01  3.60079780e-01  9.89594800e-01  1.25552170e-03 
 3.60724375e-05  3.60072095e-01  3.60079757e-01  9.89594800e-01  1.25607375e-03 
 3.60774375e-05  3.60072095e-01  3.60079735e-01  9.89594800e-01  1.25552182e-03 
 3.60824375e-05  3.60072095e-01  3.60079713e-01  9.89594800e-01  1.25607363e-03 
 3.60874375e-05  3.60072095e-01  3.60079691e-01  9.89594800e-01  1.25552194e-03 
 3.60924375e-05  3.60072095e-01  3.60079668e-01  9.89594800e-01  1.25607351e-03 
 3.60974375e-05  3.60072095e-01  3.60079646e-01  9.89594800e-01  1.25552206e-03 
 3.61024375e-05  3.60072095e-01  3.60079624e-01  9.89594800e-01  1.25607340e-03 
 3.61074375e-05  3.60072095e-01  3.60079602e-01  9.89594800e-01  1.25552217e-03 
 3.61124375e-05  3.60072095e-01  3.60079580e-01  9.89594800e-01  1.25607328e-03 
 3.61174375e-05  3.60072095e-01  3.60079557e-01  9.89594800e-01  1.25552229e-03 
 3.61224375e-05  3.60072095e-01  3.60079535e-01  9.89594800e-01  1.25607316e-03 
 3.61274375e-05  3.60072095e-01  3.60079513e-01  9.89594800e-01  1.25552241e-03 
 3.61324375e-05  3.60072095e-01  3.60079491e-01  9.89594800e-01  1.25607304e-03 
 3.61374375e-05  3.60072095e-01  3.60079468e-01  9.89594800e-01  1.25552253e-03 
 3.61424375e-05  3.60072095e-01  3.60079446e-01  9.89594800e-01  1.25607292e-03 
 3.61474375e-05  3.60072095e-01  3.60079424e-01  9.89594800e-01  1.25552265e-03 
 3.61524375e-05  3.60072095e-01  3.60079402e-01  9.89594800e-01  1.25607281e-03 
 3.61574375e-05  3.60072095e-01  3.60079379e-01  9.89594800e-01  1.25552276e-03 
 3.61624375e-05  3.60072095e-01  3.60079357e-01  9.89594800e-01  1.25607269e-03 
 3.61674375e-05  3.60072095e-01  3.60079335e-01  9.89594800e-01  1.25552288e-03 
 3.61724375e-05  3.60072095e-01  3.60079313e-01  9.89594800e-01  1.25607257e-03 
 3.61774375e-05  3.60072095e-01  3.60079290e-01  9.89594800e-01  1.25552300e-03 
 3.61824375e-05  3.60072095e-01  3.60079268e-01  9.89594800e-01  1.25607245e-03 
 3.61874375e-05  3.60072095e-01  3.60079246e-01  9.89594800e-01  1.25552312e-03 
 3.61924375e-05  3.60072095e-01  3.60079224e-01  9.89594800e-01  1.25607233e-03 
 3.61974375e-05  3.60072095e-01  3.60079202e-01  9.89594800e-01  1.25552323e-03 
 3.62024375e-05  3.60072095e-01  3.60079179e-01  9.89594800e-01  1.25607222e-03 
 3.62074375e-05  3.60072095e-01  3.60079157e-01  9.89594800e-01  1.25552335e-03 
 3.62124375e-05  3.60072095e-01  3.60079135e-01  9.89594800e-01  1.25607210e-03 
 3.62174375e-05  3.60072095e-01  3.60079113e-01  9.89594800e-01  1.25552347e-03 
 3.62224375e-05  3.60072095e-01  3.60079090e-01  9.89594800e-01  1.25607198e-03 
 3.62274375e-05  3.60072095e-01  3.60079068e-01  9.89594800e-01  1.25552359e-03 
 3.62324375e-05  3.60072095e-01  3.60079046e-01  9.89594800e-01  1.25607186e-03 
 3.62374375e-05  3.60072095e-01  3.60079024e-01  9.89594800e-01  1.25552371e-03 
 3.62424375e-05  3.60072095e-01  3.60079001e-01  9.89594800e-01  1.25607175e-03 
 3.62474375e-05  3.60072095e-01  3.60078979e-01  9.89594800e-01  1.25552382e-03 
 3.62524375e-05  3.60072095e-01  3.60078957e-01  9.89594800e-01  1.25607163e-03 
 3.62574375e-05  3.60072095e-01  3.60078935e-01  9.89594800e-01  1.25552394e-03 
 3.62624375e-05  3.60072095e-01  3.60078913e-01  9.89594800e-01  1.25607151e-03 
 3.62674375e-05  3.60072095e-01  3.60078890e-01  9.89594800e-01  1.25552406e-03 
 3.62724375e-05  3.60072095e-01  3.60078868e-01  9.89594800e-01  1.25607140e-03 
 3.62774375e-05  3.60072095e-01  3.60078846e-01  9.89594800e-01  1.25552417e-03 
 3.62824375e-05  3.60072095e-01  3.60078824e-01  9.89594800e-01  1.25607128e-03 
 3.62874375e-05  3.60072095e-01  3.60078801e-01  9.89594800e-01  1.25552429e-03 
 3.62924375e-05  3.60072095e-01  3.60078779e-01  9.89594800e-01  1.25607116e-03 
 3.62974375e-05  3.60072095e-01  3.60078757e-01  9.89594800e-01  1.25552441e-03 
 3.63024375e-05  3.60072095e-01  3.60078735e-01  9.89594800e-01  1.25607104e-03 
 3.63074375e-05  3.60072095e-01  3.60078712e-01  9.89594800e-01  1.25552453e-03 
 3.63124375e-05  3.60072095e-01  3.60078690e-01  9.89594800e-01  1.25607093e-03 
 3.63174375e-05  3.60072095e-01  3.60078668e-01  9.89594800e-01  1.25552464e-03 
 3.63224375e-05  3.60072095e-01  3.60078646e-01  9.89594800e-01  1.25607081e-03 
 3.63274375e-05  3.60072095e-01  3.60078623e-01  9.89594800e-01  1.25552476e-03 
 3.63324375e-05  3.60072095e-01  3.60078601e-01  9.89594800e-01  1.25607069e-03 
 3.63374375e-05  3.60072095e-01  3.60078579e-01  9.89594800e-01  1.25552488e-03 
 3.63424375e-05  3.60072095e-01  3.60078557e-01  9.89594800e-01  1.25607058e-03 
 3.63474375e-05  3.60072095e-01  3.60078535e-01  9.89594800e-01  1.25552499e-03 
 3.63524375e-05  3.60072095e-01  3.60078512e-01  9.89594800e-01  1.25607046e-03 
 3.63574375e-05  3.60072095e-01  3.60078490e-01  9.89594800e-01  1.25552511e-03 
 3.63624375e-05  3.60072095e-01  3.60078468e-01  9.89594800e-01  1.25607034e-03 
 3.63674375e-05  3.60072095e-01  3.60078446e-01  9.89594800e-01  1.25552523e-03 
 3.63724375e-05  3.60072095e-01  3.60078423e-01  9.89594800e-01  1.25607022e-03 
 3.63774375e-05  3.60072095e-01  3.60078401e-01  9.89594800e-01  1.25552534e-03 
 3.63824375e-05  3.60072095e-01  3.60078379e-01  9.89594800e-01  1.25607011e-03 
 3.63874375e-05  3.60072095e-01  3.60078357e-01  9.89594800e-01  1.25552546e-03 
 3.63924375e-05  3.60072095e-01  3.60078334e-01  9.89594800e-01  1.25606999e-03 
 3.63974375e-05  3.60072095e-01  3.60078312e-01  9.89594800e-01  1.25552558e-03 
 3.64024375e-05  3.60072095e-01  3.60078290e-01  9.89594800e-01  1.25606987e-03 
 3.64074375e-05  3.60072095e-01  3.60078268e-01  9.89594800e-01  1.25552569e-03 
 3.64124375e-05  3.60072095e-01  3.60078245e-01  9.89594800e-01  1.25606976e-03 
 3.64174375e-05  3.60072095e-01  3.60078223e-01  9.89594800e-01  1.25552581e-03 
 3.64224375e-05  3.60072095e-01  3.60078201e-01  9.89594800e-01  1.25606964e-03 
 3.64274375e-05  3.60072095e-01  3.60078179e-01  9.89594800e-01  1.25552593e-03 
 3.64324375e-05  3.60072095e-01  3.60078157e-01  9.89594800e-01  1.25606952e-03 
 3.64374375e-05  3.60072095e-01  3.60078134e-01  9.89594800e-01  1.25552604e-03 
 3.64424375e-05  3.60072095e-01  3.60078112e-01  9.89594800e-01  1.25606941e-03 
 3.64474375e-05  3.60072095e-01  3.60078090e-01  9.89594800e-01  1.25552616e-03 
 3.64524375e-05  3.60072095e-01  3.60078068e-01  9.89594800e-01  1.25606929e-03 
 3.64574375e-05  3.60072095e-01  3.60078045e-01  9.89594800e-01  1.25552628e-03 
 3.64624375e-05  3.60072095e-01  3.60078023e-01  9.89594800e-01  1.25606918e-03 
 3.64674375e-05  3.60072095e-01  3.60078001e-01  9.89594800e-01  1.25552639e-03 
 3.64724375e-05  3.60072095e-01  3.60077979e-01  9.89594800e-01  1.25606906e-03 
 3.64774375e-05  3.60072095e-01  3.60077956e-01  9.89594800e-01  1.25552651e-03 
 3.64824375e-05  3.60072095e-01  3.60077934e-01  9.89594800e-01  1.25606894e-03 
 3.64874375e-05  3.60072095e-01  3.60077912e-01  9.89594800e-01  1.25552663e-03 
 3.64924375e-05  3.60072095e-01  3.60077890e-01  9.89594800e-01  1.25606883e-03 
 3.64974375e-05  3.60072095e-01  3.60077867e-01  9.89594800e-01  1.25552674e-03 
 3.65024375e-05  3.60072095e-01  3.60077845e-01  9.89594800e-01  1.25606871e-03 
 3.65074375e-05  3.60072095e-01  3.60077823e-01  9.89594800e-01  1.25552686e-03 
 3.65124375e-05  3.60072095e-01  3.60077801e-01  9.89594800e-01  1.25606859e-03 
 3.65174375e-05  3.60072095e-01  3.60077779e-01  9.89594800e-01  1.25552697e-03 
 3.65224375e-05  3.60072095e-01  3.60077756e-01  9.89594800e-01  1.25606848e-03 
 3.65274375e-05  3.60072095e-01  3.60077734e-01  9.89594800e-01  1.25552709e-03 
 3.65324375e-05  3.60072095e-01  3.60077712e-01  9.89594800e-01  1.25606836e-03 
 3.65374375e-05  3.60072095e-01  3.60077690e-01  9.89594800e-01  1.25552721e-03 
 3.65424375e-05  3.60072095e-01  3.60077667e-01  9.89594800e-01  1.25606825e-03 
 3.65474375e-05  3.60072095e-01  3.60077645e-01  9.89594800e-01  1.25552732e-03 
 3.65524375e-05  3.60072095e-01  3.60077623e-01  9.89594800e-01  1.25606813e-03 
 3.65574375e-05  3.60072095e-01  3.60077601e-01  9.89594800e-01  1.25552744e-03 
 3.65624375e-05  3.60072095e-01  3.60077578e-01  9.89594800e-01  1.25606801e-03 
 3.65674375e-05  3.60072095e-01  3.60077556e-01  9.89594800e-01  1.25552755e-03 
 3.65724375e-05  3.60072095e-01  3.60077534e-01  9.89594800e-01  1.25606790e-03 
 3.65774375e-05  3.60072095e-01  3.60077512e-01  9.89594800e-01  1.25552767e-03 
 3.65824375e-05  3.60072095e-01  3.60077490e-01  9.89594800e-01  1.25606778e-03 
 3.65874375e-05  3.60072095e-01  3.60077467e-01  9.89594800e-01  1.25552779e-03 
 3.65924375e-05  3.60072095e-01  3.60077445e-01  9.89594800e-01  1.25606767e-03 
 3.65974375e-05  3.60072095e-01  3.60077423e-01  9.89594800e-01  1.25552790e-03 
 3.66024375e-05  3.60072095e-01  3.60077401e-01  9.89594800e-01  1.25606755e-03 
 3.66074375e-05  3.60072095e-01  3.60077378e-01  9.89594800e-01  1.25552802e-03 
 3.66124375e-05  3.60072095e-01  3.60077356e-01  9.89594800e-01  1.25606744e-03 
 3.66174375e-05  3.60072095e-01  3.60077334e-01  9.89594800e-01  1.25552813e-03 
 3.66224375e-05  3.60072095e-01  3.60077312e-01  9.89594800e-01  1.25606732e-03 
 3.66274375e-05  3.60072095e-01  3.60077289e-01  9.89594800e-01  1.25552825e-03 
 3.66324375e-05  3.60072095e-01  3.60077267e-01  9.89594800e-01  1.25606721e-03 
 3.66374375e-05  3.60072095e-01  3.60077245e-01  9.89594800e-01  1.25552836e-03 
 3.66424375e-05  3.60072095e-01  3.60077223e-01  9.89594800e-01  1.25606709e-03 
 3.66474375e-05  3.60072095e-01  3.60077200e-01  9.89594800e-01  1.25552848e-03 
 3.66524375e-05  3.60072095e-01  3.60077178e-01  9.89594800e-01  1.25606697e-03 
 3.66574375e-05  3.60072095e-01  3.60077156e-01  9.89594800e-01  1.25552859e-03 
 3.66624375e-05  3.60072095e-01  3.60077134e-01  9.89594800e-01  1.25606686e-03 
 3.66674375e-05  3.60072095e-01  3.60077112e-01  9.89594800e-01  1.25552871e-03 
 3.66724375e-05  3.60072095e-01  3.60077089e-01  9.89594800e-01  1.25606674e-03 
 3.66774375e-05  3.60072095e-01  3.60077067e-01  9.89594800e-01  1.25552883e-03 
 3.66824375e-05  3.60072095e-01  3.60077045e-01  9.89594800e-01  1.25606663e-03 
 3.66874375e-05  3.60072095e-01  3.60077023e-01  9.89594800e-01  1.25552894e-03 
 3.66924375e-05  3.60072095e-01  3.60077000e-01  9.89594800e-01  1.25606651e-03 
 3.66974375e-05  3.60072095e-01  3.60076978e-01  9.89594800e-01  1.25552906e-03 
 3.67024375e-05  3.60072095e-01  3.60076956e-01  9.89594800e-01  1.25606640e-03 
 3.67074375e-05  3.60072095e-01  3.60076934e-01  9.89594800e-01  1.25552917e-03 
 3.67124375e-05  3.60072095e-01  3.60076911e-01  9.89594800e-01  1.25606628e-03 
 3.67174375e-05  3.60072095e-01  3.60076889e-01  9.89594800e-01  1.25552929e-03 
 3.67224375e-05  3.60072095e-01  3.60076867e-01  9.89594800e-01  1.25606617e-03 
 3.67274375e-05  3.60072095e-01  3.60076845e-01  9.89594800e-01  1.25552940e-03 
 3.67324375e-05  3.60072095e-01  3.60076822e-01  9.89594800e-01  1.25606605e-03 
 3.67374375e-05  3.60072095e-01  3.60076800e-01  9.89594800e-01  1.25552952e-03 
 3.67424375e-05  3.60072095e-01  3.60076778e-01  9.89594800e-01  1.25606594e-03 
 3.67474375e-05  3.60072095e-01  3.60076756e-01  9.89594800e-01  1.25552963e-03 
 3.67524375e-05  3.60072095e-01  3.60076734e-01  9.89594800e-01  1.25606582e-03 
 3.67574375e-05  3.60072095e-01  3.60076711e-01  9.89594800e-01  1.25552975e-03 
 3.67624375e-05  3.60072095e-01  3.60076689e-01  9.89594800e-01  1.25606571e-03 
 3.67674375e-05  3.60072095e-01  3.60076667e-01  9.89594800e-01  1.25552986e-03 
 3.67724375e-05  3.60072095e-01  3.60076645e-01  9.89594800e-01  1.25606559e-03 
 3.67774375e-05  3.60072095e-01  3.60076622e-01  9.89594800e-01  1.25552998e-03 
 3.67824375e-05  3.60072095e-01  3.60076600e-01  9.89594800e-01  1.25606548e-03 
 3.67874375e-05  3.60072095e-01  3.60076578e-01  9.89594800e-01  1.25553009e-03 
 3.67924375e-05  3.60072095e-01  3.60076556e-01  9.89594800e-01  1.25606536e-03 
 3.67974375e-05  3.60072095e-01  3.60076533e-01  9.89594800e-01  1.25553021e-03 
 3.68024375e-05  3.60072095e-01  3.60076511e-01  9.89594800e-01  1.25606525e-03 
 3.68074375e-05  3.60072095e-01  3.60076489e-01  9.89594800e-01  1.25553032e-03 
 3.68124375e-05  3.60072095e-01  3.60076467e-01  9.89594800e-01  1.25606513e-03 
 3.68174375e-05  3.60072095e-01  3.60076444e-01  9.89594800e-01  1.25553043e-03 
 3.68224375e-05  3.60072095e-01  3.60076422e-01  9.89594800e-01  1.25606502e-03 
 3.68274375e-05  3.60072095e-01  3.60076400e-01  9.89594800e-01  1.25553055e-03 
 3.68324375e-05  3.60072095e-01  3.60076378e-01  9.89594800e-01  1.25606490e-03 
 3.68374375e-05  3.60072095e-01  3.60076356e-01  9.89594800e-01  1.25553066e-03 
 3.68424375e-05  3.60072095e-01  3.60076333e-01  9.89594800e-01  1.25606479e-03 
 3.68474375e-05  3.60072095e-01  3.60076311e-01  9.89594800e-01  1.25553078e-03 
 3.68524375e-05  3.60072095e-01  3.60076289e-01  9.89594800e-01  1.25606468e-03 
 3.68574375e-05  3.60072095e-01  3.60076267e-01  9.89594800e-01  1.25553089e-03 
 3.68624375e-05  3.60072095e-01  3.60076244e-01  9.89594800e-01  1.25606456e-03 
 3.68674375e-05  3.60072095e-01  3.60076222e-01  9.89594800e-01  1.25553101e-03 
 3.68724375e-05  3.60072095e-01  3.60076200e-01  9.89594800e-01  1.25606445e-03 
 3.68774375e-05  3.60072095e-01  3.60076178e-01  9.89594800e-01  1.25553112e-03 
 3.68824375e-05  3.60072095e-01  3.60076155e-01  9.89594800e-01  1.25606433e-03 
 3.68874375e-05  3.60072095e-01  3.60076133e-01  9.89594800e-01  1.25553124e-03 
 3.68924375e-05  3.60072095e-01  3.60076111e-01  9.89594800e-01  1.25606422e-03 
 3.68974375e-05  3.60072095e-01  3.60076089e-01  9.89594800e-01  1.25553135e-03 
 3.69024375e-05  3.60072095e-01  3.60076067e-01  9.89594800e-01  1.25606410e-03 
 3.69074375e-05  3.60072095e-01  3.60076044e-01  9.89594800e-01  1.25553146e-03 
 3.69124375e-05  3.60072095e-01  3.60076022e-01  9.89594800e-01  1.25606399e-03 
 3.69174375e-05  3.60072095e-01  3.60076000e-01  9.89594800e-01  1.25553158e-03 
 3.69224375e-05  3.60072095e-01  3.60075978e-01  9.89594800e-01  1.25606388e-03 
 3.69274375e-05  3.60072095e-01  3.60075955e-01  9.89594800e-01  1.25553169e-03 
 3.69324375e-05  3.60072095e-01  3.60075933e-01  9.89594800e-01  1.25606376e-03 
 3.69374375e-05  3.60072095e-01  3.60075911e-01  9.89594800e-01  1.25553181e-03 
 3.69424375e-05  3.60072095e-01  3.60075889e-01  9.89594800e-01  1.25606365e-03 
 3.69474375e-05  3.60072095e-01  3.60075866e-01  9.89594800e-01  1.25553192e-03 
 3.69524375e-05  3.60072095e-01  3.60075844e-01  9.89594800e-01  1.25606353e-03 
 3.69574375e-05  3.60072095e-01  3.60075822e-01  9.89594800e-01  1.25553203e-03 
 3.69624375e-05  3.60072095e-01  3.60075800e-01  9.89594800e-01  1.25606342e-03 
 3.69674375e-05  3.60072095e-01  3.60075777e-01  9.89594800e-01  1.25553215e-03 
 3.69724375e-05  3.60072095e-01  3.60075755e-01  9.89594800e-01  1.25606331e-03 
 3.69774375e-05  3.60072095e-01  3.60075733e-01  9.89594800e-01  1.25553226e-03 
 3.69824375e-05  3.60072095e-01  3.60075711e-01  9.89594800e-01  1.25606319e-03 
 3.69874375e-05  3.60072095e-01  3.60075689e-01  9.89594800e-01  1.25553238e-03 
 3.69924375e-05  3.60072095e-01  3.60075666e-01  9.89594800e-01  1.25606308e-03 
 3.69974375e-05  3.60072095e-01  3.60075644e-01  9.89594800e-01  1.25553249e-03 
 3.70024375e-05  3.60072095e-01  3.60075622e-01  9.89594800e-01  1.25606296e-03 
 3.70074375e-05  3.60072095e-01  3.60075600e-01  9.89594800e-01  1.25553260e-03 
 3.70124375e-05  3.60072095e-01  3.60075577e-01  9.89594800e-01  1.25606285e-03 
 3.70174375e-05  3.60072095e-01  3.60075555e-01  9.89594800e-01  1.25553272e-03 
 3.70224375e-05  3.60072095e-01  3.60075533e-01  9.89594800e-01  1.25606274e-03 
 3.70274375e-05  3.60072095e-01  3.60075511e-01  9.89594800e-01  1.25553283e-03 
 3.70324375e-05  3.60072095e-01  3.60075488e-01  9.89594800e-01  1.25606262e-03 
 3.70374375e-05  3.60072095e-01  3.60075466e-01  9.89594800e-01  1.25553294e-03 
 3.70424375e-05  3.60072095e-01  3.60075444e-01  9.89594800e-01  1.25606251e-03 
 3.70474375e-05  3.60072095e-01  3.60075422e-01  9.89594800e-01  1.25553306e-03 
 3.70524375e-05  3.60072095e-01  3.60075399e-01  9.89594800e-01  1.25606240e-03 
 3.70574375e-05  3.60072095e-01  3.60075377e-01  9.89594800e-01  1.25553317e-03 
 3.70624375e-05  3.60072095e-01  3.60075355e-01  9.89594800e-01  1.25606228e-03 
 3.70674375e-05  3.60072095e-01  3.60075333e-01  9.89594800e-01  1.25553328e-03 
 3.70724375e-05  3.60072095e-01  3.60075311e-01  9.89594800e-01  1.25606217e-03 
 3.70774375e-05  3.60072095e-01  3.60075288e-01  9.89594800e-01  1.25553340e-03 
 3.70824375e-05  3.60072095e-01  3.60075266e-01  9.89594800e-01  1.25606206e-03 
 3.70874375e-05  3.60072095e-01  3.60075244e-01  9.89594800e-01  1.25553351e-03 
 3.70924375e-05  3.60072095e-01  3.60075222e-01  9.89594800e-01  1.25606194e-03 
 3.70974375e-05  3.60072095e-01  3.60075199e-01  9.89594800e-01  1.25553362e-03 
 3.71024375e-05  3.60072095e-01  3.60075177e-01  9.89594800e-01  1.25606183e-03 
 3.71074375e-05  3.60072095e-01  3.60075155e-01  9.89594800e-01  1.25553374e-03 
 3.71124375e-05  3.60072095e-01  3.60075133e-01  9.89594800e-01  1.25606172e-03 
 3.71174375e-05  3.60072095e-01  3.60075110e-01  9.89594800e-01  1.25553385e-03 
 3.71224375e-05  3.60072095e-01  3.60075088e-01  9.89594800e-01  1.25606160e-03 
 3.71274375e-05  3.60072095e-01  3.60075066e-01  9.89594800e-01  1.25553396e-03 
 3.71324375e-05  3.60072095e-01  3.60075044e-01  9.89594800e-01  1.25606149e-03 
 3.71374375e-05  3.60072095e-01  3.60075021e-01  9.89594800e-01  1.25553408e-03 
 3.71424375e-05  3.60072095e-01  3.60074999e-01  9.89594800e-01  1.25606138e-03 
 3.71474375e-05  3.60072095e-01  3.60074977e-01  9.89594800e-01  1.25553419e-03 
 3.71524375e-05  3.60072095e-01  3.60074955e-01  9.89594800e-01  1.25606126e-03 
 3.71574375e-05  3.60072095e-01  3.60074933e-01  9.89594800e-01  1.25553430e-03 
 3.71624375e-05  3.60072095e-01  3.60074910e-01  9.89594800e-01  1.25606115e-03 
 3.71674375e-05  3.60072095e-01  3.60074888e-01  9.89594800e-01  1.25553442e-03 
 3.71724375e-05  3.60072095e-01  3.60074866e-01  9.89594800e-01  1.25606104e-03 
 3.71774375e-05  3.60072095e-01  3.60074844e-01  9.89594800e-01  1.25553453e-03 
 3.71824375e-05  3.60072095e-01  3.60074821e-01  9.89594800e-01  1.25606093e-03 
 3.71874375e-05  3.60072095e-01  3.60074799e-01  9.89594800e-01  1.25553464e-03 
 3.71924375e-05  3.60072095e-01  3.60074777e-01  9.89594800e-01  1.25606081e-03 
 3.71974375e-05  3.60072095e-01  3.60074755e-01  9.89594800e-01  1.25553475e-03 
 3.72024375e-05  3.60072095e-01  3.60074732e-01  9.89594800e-01  1.25606070e-03 
 3.72074375e-05  3.60072095e-01  3.60074710e-01  9.89594800e-01  1.25553487e-03 
 3.72124375e-05  3.60072095e-01  3.60074688e-01  9.89594800e-01  1.25606059e-03 
 3.72174375e-05  3.60072095e-01  3.60074666e-01  9.89594800e-01  1.25553498e-03 
 3.72224375e-05  3.60072095e-01  3.60074644e-01  9.89594800e-01  1.25606047e-03 
 3.72274375e-05  3.60072095e-01  3.60074621e-01  9.89594800e-01  1.25553509e-03 
 3.72324375e-05  3.60072095e-01  3.60074599e-01  9.89594800e-01  1.25606036e-03 
 3.72374375e-05  3.60072095e-01  3.60074577e-01  9.89594800e-01  1.25553520e-03 
 3.72424375e-05  3.60072095e-01  3.60074555e-01  9.89594800e-01  1.25606025e-03 
 3.72474375e-05  3.60072095e-01  3.60074532e-01  9.89594800e-01  1.25553532e-03 
 3.72524375e-05  3.60072095e-01  3.60074510e-01  9.89594800e-01  1.25606014e-03 
 3.72574375e-05  3.60072095e-01  3.60074488e-01  9.89594800e-01  1.25553543e-03 
 3.72624375e-05  3.60072095e-01  3.60074466e-01  9.89594800e-01  1.25606002e-03 
 3.72674375e-05  3.60072095e-01  3.60074443e-01  9.89594800e-01  1.25553554e-03 
 3.72724375e-05  3.60072095e-01  3.60074421e-01  9.89594800e-01  1.25605991e-03 
 3.72774375e-05  3.60072095e-01  3.60074399e-01  9.89594800e-01  1.25553565e-03 
 3.72824375e-05  3.60072095e-01  3.60074377e-01  9.89594800e-01  1.25605980e-03 
 3.72874375e-05  3.60072095e-01  3.60074354e-01  9.89594800e-01  1.25553577e-03 
 3.72924375e-05  3.60072095e-01  3.60074332e-01  9.89594800e-01  1.25605969e-03 
 3.72974375e-05  3.60072095e-01  3.60074310e-01  9.89594800e-01  1.25553588e-03 
 3.73024375e-05  3.60072095e-01  3.60074288e-01  9.89594800e-01  1.25605958e-03 
 3.73074375e-05  3.60072095e-01  3.60074266e-01  9.89594800e-01  1.25553599e-03 
 3.73124375e-05  3.60072095e-01  3.60074243e-01  9.89594800e-01  1.25605946e-03 
 3.73174375e-05  3.60072095e-01  3.60074221e-01  9.89594800e-01  1.25553610e-03 
 3.73224375e-05  3.60072095e-01  3.60074199e-01  9.89594800e-01  1.25605935e-03 
 3.73274375e-05  3.60072095e-01  3.60074177e-01  9.89594800e-01  1.25553622e-03 
 3.73324375e-05  3.60072095e-01  3.60074154e-01  9.89594800e-01  1.25605924e-03 
 3.73374375e-05  3.60072095e-01  3.60074132e-01  9.89594800e-01  1.25553633e-03 
 3.73424375e-05  3.60072095e-01  3.60074110e-01  9.89594800e-01  1.25605913e-03 
 3.73474375e-05  3.60072095e-01  3.60074088e-01  9.89594800e-01  1.25553644e-03 
 3.73524375e-05  3.60072095e-01  3.60074065e-01  9.89594800e-01  1.25605901e-03 
 3.73574375e-05  3.60072095e-01  3.60074043e-01  9.89594800e-01  1.25553655e-03 
 3.73624375e-05  3.60072095e-01  3.60074021e-01  9.89594800e-01  1.25605890e-03 
 3.73674375e-05  3.60072095e-01  3.60073999e-01  9.89594800e-01  1.25553666e-03 
 3.73724375e-05  3.60072095e-01  3.60073976e-01  9.89594800e-01  1.25605879e-03 
 3.73774375e-05  3.60072095e-01  3.60073954e-01  9.89594800e-01  1.25553678e-03 
 3.73824375e-05  3.60072095e-01  3.60073932e-01  9.89594800e-01  1.25605868e-03 
 3.73874375e-05  3.60072095e-01  3.60073910e-01  9.89594800e-01  1.25553689e-03 
 3.73924375e-05  3.60072095e-01  3.60073888e-01  9.89594800e-01  1.25605857e-03 
 3.73974375e-05  3.60072095e-01  3.60073865e-01  9.89594800e-01  1.25553700e-03 
 3.74024375e-05  3.60072095e-01  3.60073843e-01  9.89594800e-01  1.25605845e-03 
 3.74074375e-05  3.60072095e-01  3.60073821e-01  9.89594800e-01  1.25553711e-03 
 3.74124375e-05  3.60072095e-01  3.60073799e-01  9.89594800e-01  1.25605834e-03 
 3.74174375e-05  3.60072095e-01  3.60073776e-01  9.89594800e-01  1.25553722e-03 
 3.74224375e-05  3.60072095e-01  3.60073754e-01  9.89594800e-01  1.25605823e-03 
 3.74274375e-05  3.60072095e-01  3.60073732e-01  9.89594800e-01  1.25553734e-03 
 3.74324375e-05  3.60072095e-01  3.60073710e-01  9.89594800e-01  1.25605812e-03 
 3.74374375e-05  3.60072095e-01  3.60073687e-01  9.89594800e-01  1.25553745e-03 
 3.74424375e-05  3.60072095e-01  3.60073665e-01  9.89594800e-01  1.25605801e-03 
 3.74474375e-05  3.60072095e-01  3.60073643e-01  9.89594800e-01  1.25553756e-03 
 3.74524375e-05  3.60072095e-01  3.60073621e-01  9.89594800e-01  1.25605790e-03 
 3.74574375e-05  3.60072095e-01  3.60073598e-01  9.89594800e-01  1.25553767e-03 
 3.74624375e-05  3.60072095e-01  3.60073576e-01  9.89594800e-01  1.25605778e-03 
 3.74674375e-05  3.60072095e-01  3.60073554e-01  9.89594800e-01  1.25553778e-03 
 3.74724375e-05  3.60072095e-01  3.60073532e-01  9.89594800e-01  1.25605767e-03 
 3.74774375e-05  3.60072095e-01  3.60073510e-01  9.89594800e-01  1.25553789e-03 
 3.74824375e-05  3.60072095e-01  3.60073487e-01  9.89594800e-01  1.25605756e-03 
 3.74874375e-05  3.60072095e-01  3.60073465e-01  9.89594800e-01  1.25553800e-03 
 3.74924375e-05  3.60072095e-01  3.60073443e-01  9.89594800e-01  1.25605745e-03 
 3.74974375e-05  3.60072095e-01  3.60073421e-01  9.89594800e-01  1.25553812e-03 
 3.75024375e-05  3.60072095e-01  3.60073398e-01  9.89594800e-01  1.25605734e-03 
 3.75074375e-05  3.60072095e-01  3.60073376e-01  9.89594800e-01  1.25553823e-03 
 3.75124375e-05  3.60072095e-01  3.60073354e-01  9.89594800e-01  1.25605723e-03 
 3.75174375e-05  3.60072095e-01  3.60073332e-01  9.89594800e-01  1.25553834e-03 
 3.75224375e-05  3.60072095e-01  3.60073309e-01  9.89594800e-01  1.25605712e-03 
 3.75274375e-05  3.60072095e-01  3.60073287e-01  9.89594800e-01  1.25553845e-03 
 3.75324375e-05  3.60072095e-01  3.60073265e-01  9.89594800e-01  1.25605701e-03 
 3.75374375e-05  3.60072095e-01  3.60073243e-01  9.89594800e-01  1.25553856e-03 
 3.75424375e-05  3.60072095e-01  3.60073221e-01  9.89594800e-01  1.25605689e-03 
 3.75474375e-05  3.60072095e-01  3.60073198e-01  9.89594800e-01  1.25553867e-03 
 3.75524375e-05  3.60072095e-01  3.60073176e-01  9.89594800e-01  1.25605678e-03 
 3.75574375e-05  3.60072095e-01  3.60073154e-01  9.89594800e-01  1.25553878e-03 
 3.75624375e-05  3.60072095e-01  3.60073132e-01  9.89594800e-01  1.25605667e-03 
 3.75674375e-05  3.60072095e-01  3.60073109e-01  9.89594800e-01  1.25553889e-03 
 3.75724375e-05  3.60072095e-01  3.60073087e-01  9.89594800e-01  1.25605656e-03 
 3.75774375e-05  3.60072095e-01  3.60073065e-01  9.89594800e-01  1.25553901e-03 
 3.75824375e-05  3.60072095e-01  3.60073043e-01  9.89594800e-01  1.25605645e-03 
 3.75874375e-05  3.60072095e-01  3.60073020e-01  9.89594800e-01  1.25553912e-03 
 3.75924375e-05  3.60072095e-01  3.60072998e-01  9.89594800e-01  1.25605634e-03 
 3.75974375e-05  3.60072095e-01  3.60072976e-01  9.89594800e-01  1.25553923e-03 
 3.76024375e-05  3.60072095e-01  3.60072954e-01  9.89594800e-01  1.25605623e-03 
 3.76074375e-05  3.60072095e-01  3.60072931e-01  9.89594800e-01  1.25553934e-03 
 3.76124375e-05  3.60072095e-01  3.60072909e-01  9.89594800e-01  1.25605612e-03 
 3.76174375e-05  3.60072095e-01  3.60072887e-01  9.89594800e-01  1.25553945e-03 
 3.76224375e-05  3.60072095e-01  3.60072865e-01  9.89594800e-01  1.25605601e-03 
 3.76274375e-05  3.60072095e-01  3.60072843e-01  9.89594800e-01  1.25553956e-03 
 3.76324375e-05  3.60072095e-01  3.60072820e-01  9.89594800e-01  1.25605590e-03 
 3.76374375e-05  3.60072095e-01  3.60072798e-01  9.89594800e-01  1.25553967e-03 
 3.76424375e-05  3.60072095e-01  3.60072776e-01  9.89594800e-01  1.25605579e-03 
 3.76474375e-05  3.60072095e-01  3.60072754e-01  9.89594800e-01  1.25553978e-03 
 3.76524375e-05  3.60072095e-01  3.60072731e-01  9.89594800e-01  1.25605567e-03 
 3.76574375e-05  3.60072095e-01  3.60072709e-01  9.89594800e-01  1.25553989e-03 
 3.76624375e-05  3.60072095e-01  3.60072687e-01  9.89594800e-01  1.25605556e-03 
 3.76674375e-05  3.60072095e-01  3.60072665e-01  9.89594800e-01  1.25554000e-03 
 3.76724375e-05  3.60072095e-01  3.60072642e-01  9.89594800e-01  1.25605545e-03 
 3.76774375e-05  3.60072095e-01  3.60072620e-01  9.89594800e-01  1.25554011e-03 
 3.76824375e-05  3.60072095e-01  3.60072598e-01  9.89594800e-01  1.25605534e-03 
 3.76874375e-05  3.60072095e-01  3.60072576e-01  9.89594800e-01  1.25554022e-03 
 3.76924375e-05  3.60072095e-01  3.60072553e-01  9.89594800e-01  1.25605523e-03 
 3.76974375e-05  3.60072095e-01  3.60072531e-01  9.89594800e-01  1.25554033e-03 
 3.77024375e-05  3.60072095e-01  3.60072509e-01  9.89594800e-01  1.25605512e-03 
 3.77074375e-05  3.60072095e-01  3.60072487e-01  9.89594800e-01  1.25554044e-03 
 3.77124375e-05  3.60072095e-01  3.60072465e-01  9.89594800e-01  1.25605501e-03 
 3.77174375e-05  3.60072095e-01  3.60072442e-01  9.89594800e-01  1.25554055e-03 
 3.77224375e-05  3.60072095e-01  3.60072420e-01  9.89594800e-01  1.25605490e-03 
 3.77274375e-05  3.60072095e-01  3.60072398e-01  9.89594800e-01  1.25554066e-03 
 3.77324375e-05  3.60072095e-01  3.60072376e-01  9.89594800e-01  1.25605479e-03 
 3.77374375e-05  3.60072095e-01  3.60072353e-01  9.89594800e-01  1.25554077e-03 
 3.77424375e-05  3.60072095e-01  3.60072331e-01  9.89594800e-01  1.25605468e-03 
 3.77474375e-05  3.60072095e-01  3.60072309e-01  9.89594800e-01  1.25554089e-03 
 3.77524375e-05  3.60072095e-01  3.60072287e-01  9.89594800e-01  1.25605457e-03 
 3.77574375e-05  3.60072095e-01  3.60072264e-01  9.89594800e-01  1.25554100e-03 
 3.77624375e-05  3.60072095e-01  3.60072242e-01  9.89594800e-01  1.25605446e-03 
 3.77674375e-05  3.60072095e-01  3.60072220e-01  9.89594800e-01  1.25554111e-03 
 3.77724375e-05  3.60072095e-01  3.60072198e-01  9.89594800e-01  1.25605435e-03 
 3.77774375e-05  3.60072095e-01  3.60072175e-01  9.89594800e-01  1.25554122e-03 
 3.77824375e-05  3.60072095e-01  3.60072153e-01  9.89594800e-01  1.25605424e-03 
 3.77874375e-05  3.60072095e-01  3.60072131e-01  9.89594800e-01  1.25554133e-03 
 3.77924375e-05  3.60072095e-01  3.60072109e-01  9.89594800e-01  1.25605413e-03 
 3.77974375e-05  3.60072095e-01  3.60072087e-01  9.89594800e-01  1.25554144e-03 
 3.78024375e-05  3.60072095e-01  3.60072064e-01  9.89594800e-01  1.25605402e-03 
 3.78074375e-05  3.60072095e-01  3.60072042e-01  9.89594800e-01  1.25554155e-03 
 3.78124375e-05  3.60072095e-01  3.60072020e-01  9.89594800e-01  1.25605391e-03 
 3.78174375e-05  3.60072095e-01  3.60071998e-01  9.89594800e-01  1.25554166e-03 
 3.78224375e-05  3.60072095e-01  3.60071975e-01  9.89594800e-01  1.25605380e-03 
 3.78274375e-05  3.60072095e-01  3.60071953e-01  9.89594800e-01  1.25554177e-03 
 3.78324375e-05  3.60072095e-01  3.60071931e-01  9.89594800e-01  1.25605369e-03 
 3.78374375e-05  3.60072095e-01  3.60071909e-01  9.89594800e-01  1.25554187e-03 
 3.78424375e-05  3.60072095e-01  3.60071886e-01  9.89594800e-01  1.25605358e-03 
 3.78474375e-05  3.60072095e-01  3.60071864e-01  9.89594800e-01  1.25554198e-03 
 3.78524375e-05  3.60072095e-01  3.60071842e-01  9.89594800e-01  1.25605347e-03 
 3.78574375e-05  3.60072095e-01  3.60071820e-01  9.89594800e-01  1.25554209e-03 
 3.78624375e-05  3.60072095e-01  3.60071798e-01  9.89594800e-01  1.25605336e-03 
 3.78674375e-05  3.60072095e-01  3.60071775e-01  9.89594800e-01  1.25554220e-03 
 3.78724375e-05  3.60072095e-01  3.60071753e-01  9.89594800e-01  1.25605325e-03 
 3.78774375e-05  3.60072095e-01  3.60071731e-01  9.89594800e-01  1.25554231e-03 
 3.78824375e-05  3.60072095e-01  3.60071709e-01  9.89594800e-01  1.25605314e-03 
 3.78874375e-05  3.60072095e-01  3.60071686e-01  9.89594800e-01  1.25554242e-03 
 3.78924375e-05  3.60072095e-01  3.60071664e-01  9.89594800e-01  1.25605303e-03 
 3.78974375e-05  3.60072095e-01  3.60071642e-01  9.89594800e-01  1.25554253e-03 
 3.79024375e-05  3.60072095e-01  3.60071620e-01  9.89594800e-01  1.25605292e-03 
 3.79074375e-05  3.60072095e-01  3.60071597e-01  9.89594800e-01  1.25554264e-03 
 3.79124375e-05  3.60072095e-01  3.60071575e-01  9.89594800e-01  1.25605281e-03 
 3.79174375e-05  3.60072095e-01  3.60071553e-01  9.89594800e-01  1.25554275e-03 
 3.79224375e-05  3.60072095e-01  3.60071531e-01  9.89594800e-01  1.25605270e-03 
 3.79274375e-05  3.60072095e-01  3.60071508e-01  9.89594800e-01  1.25554286e-03 
 3.79324375e-05  3.60072095e-01  3.60071486e-01  9.89594800e-01  1.25605260e-03 
 3.79374375e-05  3.60072095e-01  3.60071464e-01  9.89594800e-01  1.25554297e-03 
 3.79424375e-05  3.60072095e-01  3.60071442e-01  9.89594800e-01  1.25605249e-03 
 3.79474375e-05  3.60072095e-01  3.60071420e-01  9.89594800e-01  1.25554308e-03 
 3.79524375e-05  3.60072095e-01  3.60071397e-01  9.89594800e-01  1.25605238e-03 
 3.79574375e-05  3.60072095e-01  3.60071375e-01  9.89594800e-01  1.25554319e-03 
 3.79624375e-05  3.60072095e-01  3.60071353e-01  9.89594800e-01  1.25605227e-03 
 3.79674375e-05  3.60072095e-01  3.60071331e-01  9.89594800e-01  1.25554330e-03 
 3.79724375e-05  3.60072095e-01  3.60071308e-01  9.89594800e-01  1.25605216e-03 
 3.79774375e-05  3.60072095e-01  3.60071286e-01  9.89594800e-01  1.25554341e-03 
 3.79824375e-05  3.60072095e-01  3.60071264e-01  9.89594800e-01  1.25605205e-03 
 3.79874375e-05  3.60072095e-01  3.60071242e-01  9.89594800e-01  1.25554352e-03 
 3.79924375e-05  3.60072095e-01  3.60071219e-01  9.89594800e-01  1.25605194e-03 
 3.79962188e-05  3.60072095e-01  3.60071203e-01  9.89594800e-01  1.25554364e-03 
 3.80000000e-05  3.60072095e-01  3.60071186e-01  9.89594800e-01  1.25605180e-03 
 3.80001000e-05  3.60072095e-01  3.60071157e-01  9.89594800e-01  1.31993478e-03 
 3.80003000e-05  3.60072095e-01  3.60071059e-01  9.89594800e-01  1.30827495e-03 
 3.80006500e-05  3.60072095e-01  3.60070508e-01  9.89594800e-01  1.30448214e-03 
 3.80010000e-05  3.60072095e-01  3.58678262e-01  9.89594800e-01  1.28565340e-03 
 3.80010700e-05  3.60072095e-01  3.58132746e-01  9.89594800e-01  1.25581507e-03 
 3.80012100e-05  3.60072095e-01  3.57044559e-01  9.89594800e-01  1.25573509e-03 
 3.80014900e-05  3.60072095e-01  3.54884893e-01  9.89594800e-01  1.25581564e-03 
 3.80020500e-05  3.60072095e-01  3.50631162e-01  9.89594800e-01  1.25573657e-03 
 3.80031700e-05  3.60072095e-01  3.42376585e-01  9.89594800e-01  1.25581829e-03 
 3.80054100e-05  3.60072095e-01  3.26808313e-01  9.89594800e-01  1.25574153e-03 
 3.80098900e-05  3.60072095e-01  2.98945462e-01  9.89594800e-01  1.25582664e-03 
 3.80148900e-05  3.60072095e-01  2.72170894e-01  9.89594800e-01  1.25575106e-03 
 3.80198900e-05  3.60072095e-01  2.49027581e-01  9.89594800e-01  1.25583411e-03 
 3.80248900e-05  3.60072095e-01  2.28775186e-01  9.89594800e-01  1.25575650e-03 
 3.80298900e-05  3.60072095e-01  2.10857620e-01  9.89594800e-01  1.25583804e-03 
 3.80348900e-05  3.60072095e-01  1.94852862e-01  9.89594800e-01  1.25575937e-03 
 3.80398900e-05  3.60072095e-01  1.80435528e-01  9.89594800e-01  1.25584006e-03 
 3.80448900e-05  3.60072095e-01  1.67352891e-01  9.89594800e-01  1.25576081e-03 
 3.80498900e-05  3.60072095e-01  1.55407009e-01  9.89594800e-01  1.25584107e-03 
 3.80548900e-05  3.60072095e-01  1.44440625e-01  9.89594800e-01  1.25576152e-03 
 3.80598900e-05  3.60072095e-01  1.34328254e-01  9.89594800e-01  1.25584154e-03 
 3.80648900e-05  3.60072095e-01  1.24968603e-01  9.89594800e-01  1.25576182e-03 
 3.80698900e-05  3.60072095e-01  1.16279526e-01  9.89594800e-01  1.25584171e-03 
 3.80748900e-05  3.60072095e-01  1.08193553e-01  9.89594800e-01  1.25576188e-03 
 3.80798900e-05  3.60072095e-01  1.00654957e-01  9.89594800e-01  1.25584166e-03 
 3.80848900e-05  3.60072095e-01  9.36171613e-02  9.89594800e-01  1.25576177e-03 
 3.80898900e-05  3.60072095e-01  8.70407776e-02  9.89594800e-01  1.25584147e-03 
 3.80948900e-05  3.60072095e-01  8.08920604e-02  9.89594800e-01  1.25576153e-03 
 3.80998900e-05  3.60072095e-01  7.51416930e-02  9.89594800e-01  1.25584117e-03 
 3.81048900e-05  3.60072095e-01  6.97638375e-02  9.89594800e-01  1.25576121e-03 
 3.81098900e-05  3.60072095e-01  6.47353921e-02  9.89594800e-01  1.25584080e-03 
 3.81148900e-05  3.60072095e-01  6.00354176e-02  9.89594800e-01  1.25576083e-03 
 3.81198900e-05  3.60072095e-01  5.56446960e-02  9.89594800e-01  1.25584040e-03 
 3.81248900e-05  3.60072095e-01  5.15453954e-02  9.89594800e-01  1.25576043e-03 
 3.81298900e-05  3.60072095e-01  4.77208177e-02  9.89594800e-01  1.25583999e-03 
 3.81348900e-05  3.60072095e-01  4.41552133e-02  9.89594800e-01  1.25576005e-03 
 3.81398900e-05  3.60072095e-01  4.08336448e-02  9.89594800e-01  1.25583960e-03 
 3.81448900e-05  3.60072095e-01  3.77418906e-02  9.89594800e-01  1.25575969e-03 
 3.81498900e-05  3.60072095e-01  3.48663776e-02  9.89594800e-01  1.25583925e-03 
 3.81548900e-05  3.60072095e-01  3.21941346e-02  9.89594800e-01  1.25575938e-03 
 3.81598900e-05  3.60072095e-01  2.97127617e-02  9.89594800e-01  1.25583894e-03 
 3.81648900e-05  3.60072095e-01  2.74104092e-02  9.89594800e-01  1.25575910e-03 
 3.81698900e-05  3.60072095e-01  2.52757647e-02  9.89594800e-01  1.25583868e-03 
 3.81748900e-05  3.60072095e-01  2.32980420e-02  9.89594800e-01  1.25575888e-03 
 3.81798900e-05  3.60072095e-01  2.14669741e-02  9.89594800e-01  1.25583846e-03 
 3.81848900e-05  3.60072095e-01  1.97728053e-02  9.89594800e-01  1.25575869e-03 
 3.81898900e-05  3.60072095e-01  1.82062832e-02  9.89594800e-01  1.25583828e-03 
 3.81948900e-05  3.60072095e-01  1.67586499e-02  9.89594800e-01  1.25575854e-03 
 3.81998900e-05  3.60072095e-01  1.54216317e-02  9.89594800e-01  1.25583813e-03 
 3.82048900e-05  3.60072095e-01  1.41874267e-02  9.89594800e-01  1.25575842e-03 
 3.82098900e-05  3.60072095e-01  1.30486925e-02  9.89594800e-01  1.25583801e-03 
 3.82148900e-05  3.60072095e-01  1.19985305e-02  9.89594800e-01  1.25575833e-03 
 3.82198900e-05  3.60072095e-01  1.10304709e-02  9.89594800e-01  1.25583791e-03 
 3.82248900e-05  3.60072095e-01  1.01384551e-02  9.89594800e-01  1.25575826e-03 
 3.82298900e-05  3.60072095e-01  9.31681941e-03  9.89594800e-01  1.25583784e-03 
 3.82348900e-05  3.60072095e-01  8.56027549e-03  9.89594800e-01  1.25575820e-03 
 3.82398900e-05  3.60072095e-01  7.86389353e-03  9.89594800e-01  1.25583777e-03 
 3.82448900e-05  3.60072095e-01  7.22308267e-03  9.89594800e-01  1.25575816e-03 
 3.82498900e-05  3.60072095e-01  6.63357364e-03  9.89594800e-01  1.25583772e-03 
 3.82548900e-05  3.60072095e-01  6.09139972e-03  9.89594800e-01  1.25575813e-03 
 3.82598900e-05  3.60072095e-01  5.59287997e-03  9.89594800e-01  1.25583768e-03 
 3.82648900e-05  3.60072095e-01  5.13460096e-03  9.89594800e-01  1.25575810e-03 
 3.82698900e-05  3.60072095e-01  4.71340102e-03  9.89594800e-01  1.25583765e-03 
 3.82748900e-05  3.60072095e-01  4.32635316e-03  9.89594800e-01  1.25575809e-03 
 3.82798900e-05  3.60072095e-01  3.97075060e-03  9.89594800e-01  1.25583762e-03 
 3.82848900e-05  3.60072095e-01  3.64409099e-03  9.89594800e-01  1.25575808e-03 
 3.82898900e-05  3.60072095e-01  3.34406345e-03  9.89594800e-01  1.25583759e-03 
 3.82948900e-05  3.60072095e-01  3.06853417e-03  9.89594800e-01  1.25575807e-03 
 3.82998900e-05  3.60072095e-01  2.81553492e-03  9.89594800e-01  1.25583757e-03 
 3.83048900e-05  3.60072095e-01  2.58325015e-03  9.89594800e-01  1.25575806e-03 
 3.83098900e-05  3.60072095e-01  2.37000687e-03  9.89594800e-01  1.25583755e-03 
 3.83148900e-05  3.60072095e-01  2.17426315e-03  9.89594800e-01  1.25575806e-03 
 3.83198900e-05  3.60072095e-01  1.99459941e-03  9.89594800e-01  1.25583754e-03 
 3.83248900e-05  3.60072095e-01  1.82970817e-03  9.89594800e-01  1.25575806e-03 
 3.83298900e-05  3.60072095e-01  1.67838660e-03  9.89594800e-01  1.25583752e-03 
 3.83348900e-05  3.60072095e-01  1.53952750e-03  9.89594800e-01  1.25575806e-03 
 3.83398900e-05  3.60072095e-01  1.41211296e-03  9.89594800e-01  1.25583751e-03 
 3.83448900e-05  3.60072095e-01  1.29520644e-03  9.89594800e-01  1.25575806e-03 
 3.83498900e-05  3.60072095e-01  1.18794741e-03  9.89594800e-01  1.25583750e-03 
 3.83548900e-05  3.60072095e-01  1.08954441e-03  9.89594800e-01  1.25575806e-03 
 3.83598900e-05  3.60072095e-01  9.99270639e-04  9.89594800e-01  1.25583748e-03 
 3.83648900e-05  3.60072095e-01  9.16457754e-04  9.89594800e-01  1.25575807e-03 
 3.83698900e-05  3.60072095e-01  8.40492341e-04  9.89594800e-01  1.25583747e-03 
 3.83748900e-05  3.60072095e-01  7.70810428e-04  9.89594800e-01  1.25575807e-03 
 3.83798900e-05  3.60072095e-01  7.06894622e-04  9.89594800e-01  1.25583746e-03 
 3.83848900e-05  3.60072095e-01  6.48269280e-04  9.89594800e-01  1.25575808e-03 
 3.83898900e-05  3.60072095e-01  5.94498238e-04  9.89594800e-01  1.25583745e-03 
 3.83948900e-05  3.60072095e-01  5.45180534e-04  9.89594800e-01  1.25575808e-03 
 3.83998900e-05  3.60072095e-01  4.99948650e-04  9.89594800e-01  1.25583744e-03 
 3.84048900e-05  3.60072095e-01  4.58464708e-04  9.89594800e-01  1.25575809e-03 
 3.84098900e-05  3.60072095e-01  4.20419157e-04  9.89594800e-01  1.25583743e-03 
 3.84148900e-05  3.60072095e-01  3.85527367e-04  9.89594800e-01  1.25575810e-03 
 3.84198900e-05  3.60072095e-01  3.53528698e-04  9.89594800e-01  1.25583743e-03 
 3.84248900e-05  3.60072095e-01  3.24183439e-04  9.89594800e-01  1.25575810e-03 
 3.84298900e-05  3.60072095e-01  2.97272199e-04  9.89594800e-01  1.25583742e-03 
 3.84348900e-05  3.60072095e-01  2.72593138e-04  9.89594800e-01  1.25575811e-03 
 3.84398900e-05  3.60072095e-01  2.49961634e-04  9.89594800e-01  1.25583741e-03 
 3.84448900e-05  3.60072095e-01  2.29207763e-04  9.89594800e-01  1.25575811e-03 
 3.84498900e-05  3.60072095e-01  2.10176198e-04  9.89594800e-01  1.25583740e-03 
 3.84548900e-05  3.60072095e-01  1.92723900e-04  9.89594800e-01  1.25575812e-03 
 3.84598900e-05  3.60072095e-01  1.76720217e-04  9.89594800e-01  1.25583739e-03 
 3.84648900e-05  3.60072095e-01  1.62044752e-04  9.89594800e-01  1.25575813e-03 
 3.84698900e-05  3.60072095e-01  1.48587630e-04  9.89594800e-01  1.25583738e-03 
 3.84748900e-05  3.60072095e-01  1.36247517e-04  9.89594800e-01  1.25575814e-03 
 3.84798900e-05  3.60072095e-01  1.24932029e-04  9.89594800e-01  1.25583738e-03 
 3.84848900e-05  3.60072095e-01  1.14555877e-04  9.89594800e-01  1.25575814e-03 
 3.84898900e-05  3.60072095e-01  1.05041396e-04  9.89594800e-01  1.25583737e-03 
 3.84948900e-05  3.60072095e-01  9.63168047e-05  9.89594800e-01  1.25575815e-03 
 3.84998900e-05  3.60072095e-01  8.83168244e-05  9.89594800e-01  1.25583736e-03 
 3.85048900e-05  3.60072095e-01  8.09810356e-05  9.89594800e-01  1.25575816e-03 
 3.85098900e-05  3.60072095e-01  7.42545832e-05  9.89594800e-01  1.25583735e-03 
 3.85148900e-05  3.60072095e-01  6.80866077e-05  9.89594800e-01  1.25575816e-03 
 3.85198900e-05  3.60072095e-01  6.24310225e-05  9.89594800e-01  1.25583735e-03 
 3.85248900e-05  3.60072095e-01  5.72450101e-05  9.89594800e-01  1.25575817e-03 
 3.85298900e-05  3.60072095e-01  5.24898600e-05  9.89594800e-01  1.25583734e-03 
 3.85348900e-05  3.60072095e-01  4.81295198e-05  9.89594800e-01  1.25575818e-03 
 3.85398900e-05  3.60072095e-01  4.41314830e-05  9.89594800e-01  1.25583733e-03 
 3.85448900e-05  3.60072095e-01  4.04653870e-05  9.89594800e-01  1.25575819e-03 
 3.85498900e-05  3.60072095e-01  3.71039433e-05  9.89594800e-01  1.25583732e-03 
 3.85548900e-05  3.60072095e-01  3.40215749e-05  9.89594800e-01  1.25575819e-03 
 3.85598900e-05  3.60072095e-01  3.11953818e-05  9.89594800e-01  1.25583732e-03 
 3.85648900e-05  3.60072095e-01  2.86038113e-05  9.89594800e-01  1.25575820e-03 
 3.85698900e-05  3.60072095e-01  2.62276540e-05  9.89594800e-01  1.25583731e-03 
 3.85748900e-05  3.60072095e-01  2.40487418e-05  9.89594800e-01  1.25575821e-03 
 3.85798900e-05  3.60072095e-01  2.20509686e-05  9.89594800e-01  1.25583730e-03 
 3.85848900e-05  3.60072095e-01  2.02190124e-05  9.89594800e-01  1.25575821e-03 
 3.85898900e-05  3.60072095e-01  1.85393769e-05  9.89594800e-01  1.25583729e-03 
 3.85948900e-05  3.60072095e-01  1.69991331e-05  9.89594800e-01  1.25575822e-03 
 3.85998900e-05  3.60072095e-01  1.55869793e-05  9.89594800e-01  1.25583729e-03 
 3.86048900e-05  3.60072095e-01  1.42919990e-05  9.89594800e-01  1.25575823e-03 
 3.86098900e-05  3.60072095e-01  1.31047355e-05  9.89594800e-01  1.25583728e-03 
 3.86148900e-05  3.60072095e-01  1.20159645e-05  9.89594800e-01  1.25575824e-03 
 3.86198900e-05  3.60072095e-01  1.10177809e-05  9.89594800e-01  1.25583727e-03 
 3.86248900e-05  3.60072095e-01  1.01023830e-05  9.89594800e-01  1.25575824e-03 
 3.86298900e-05  3.60072095e-01  9.26317042e-06  9.89594800e-01  1.25583726e-03 
 3.86348900e-05  3.60072095e-01  8.49353770e-06  9.89594800e-01  1.25575825e-03 
 3.86398900e-05  3.60072095e-01  7.78798125e-06  9.89594800e-01  1.25583726e-03 
 3.86448900e-05  3.60072095e-01  7.14090161e-06  9.89594800e-01  1.25575826e-03 
 3.86498900e-05  3.60072095e-01  6.54771736e-06  9.89594800e-01  1.25583725e-03 
 3.86548900e-05  3.60072095e-01  6.00367481e-06  9.89594800e-01  1.25575827e-03 
 3.86598900e-05  3.60072095e-01  5.50496791e-06  9.89594800e-01  1.25583724e-03 
 3.86648900e-05  3.60072095e-01  5.04755407e-06  9.89594800e-01  1.25575827e-03 
 3.86698900e-05  3.60072095e-01  4.62827918e-06  9.89594800e-01  1.25583723e-03 
 3.86748900e-05  3.60072095e-01  4.24369855e-06  9.89594800e-01  1.25575828e-03 
 3.86798900e-05  3.60072095e-01  3.89120617e-06  9.89594800e-01  1.25583723e-03 
 3.86848900e-05  3.60072095e-01  3.56786007e-06  9.89594800e-01  1.25575829e-03 
 3.86898900e-05  3.60072095e-01  3.27151503e-06  9.89594800e-01  1.25583722e-03 
 3.86948900e-05  3.60072095e-01  2.99965177e-06  9.89594800e-01  1.25575830e-03 
 3.86998900e-05  3.60072095e-01  2.75051252e-06  9.89594800e-01  1.25583721e-03 
 3.87048900e-05  3.60072095e-01  2.52193336e-06  9.89594800e-01  1.25575830e-03 
 3.87098900e-05  3.60072095e-01  2.31248224e-06  9.89594800e-01  1.25583720e-03 
 3.87148900e-05  3.60072095e-01  2.12029406e-06  9.89594800e-01  1.25575831e-03 
 3.87198900e-05  3.60072095e-01  1.94421061e-06  9.89594800e-01  1.25583720e-03 
 3.87248900e-05  3.60072095e-01  1.78261802e-06  9.89594800e-01  1.25575832e-03 
 3.87298900e-05  3.60072095e-01  1.63458830e-06  9.89594800e-01  1.25583719e-03 
 3.87348900e-05  3.60072095e-01  1.49871883e-06  9.89594800e-01  1.25575833e-03 
 3.87398900e-05  3.60072095e-01  1.37427515e-06  9.89594800e-01  1.25583718e-03 
 3.87448900e-05  3.60072095e-01  1.26003228e-06  9.89594800e-01  1.25575833e-03 
 3.87498900e-05  3.60072095e-01  1.15541845e-06  9.89594800e-01  1.25583717e-03 
 3.87548900e-05  3.60072095e-01  1.05935803e-06  9.89594800e-01  1.25575834e-03 
 3.87598900e-05  3.60072095e-01  9.71416049e-07  9.89594800e-01  1.25583717e-03 
 3.87648900e-05  3.60072095e-01  8.90642430e-07  9.89594800e-01  1.25575835e-03 
 3.87698900e-05  3.60072095e-01  8.16717202e-07  9.89594800e-01  1.25583716e-03 
 3.87748900e-05  3.60072095e-01  7.48795879e-07  9.89594800e-01  1.25575835e-03 
 3.87798900e-05  3.60072095e-01  6.86655148e-07  9.89594800e-01  1.25583715e-03 
 3.87848900e-05  3.60072095e-01  6.29539315e-07  9.89594800e-01  1.25575836e-03 
 3.87898900e-05  3.60072095e-01  5.77306333e-07  9.89594800e-01  1.25583715e-03 
 3.87948900e-05  3.60072095e-01  5.29275161e-07  9.89594800e-01  1.25575837e-03 
 3.87998900e-05  3.60072095e-01  4.85372053e-07  9.89594800e-01  1.25583714e-03 
 3.88048900e-05  3.60072095e-01  4.44978752e-07  9.89594800e-01  1.25575838e-03 
 3.88098900e-05  3.60072095e-01  4.08078931e-07  9.89594800e-01  1.25583713e-03 
 3.88148900e-05  3.60072095e-01  3.74113412e-07  9.89594800e-01  1.25575838e-03 
 3.88198900e-05  3.60072095e-01  3.43107314e-07  9.89594800e-01  1.25583712e-03 
 3.88248900e-05  3.60072095e-01  3.14538887e-07  9.89594800e-01  1.25575839e-03 
 3.88298900e-05  3.60072095e-01  2.88481462e-07  9.89594800e-01  1.25583712e-03 
 3.88348900e-05  3.60072095e-01  2.64430378e-07  9.89594800e-01  1.25575840e-03 
 3.88398900e-05  3.60072095e-01  2.42514954e-07  9.89594800e-01  1.25583711e-03 
 3.88448900e-05  3.60072095e-01  2.22284605e-07  9.89594800e-01  1.25575840e-03 
 3.88498900e-05  3.60072095e-01  2.03872453e-07  9.89594800e-01  1.25583710e-03 
 3.88548900e-05  3.60072095e-01  1.86854066e-07  9.89594800e-01  1.25575841e-03 
 3.88598900e-05  3.60072095e-01  1.71386991e-07  9.89594800e-01  1.25583709e-03 
 3.88648900e-05  3.60072095e-01  1.57067548e-07  9.89594800e-01  1.25575842e-03 
 3.88698900e-05  3.60072095e-01  1.44075155e-07  9.89594800e-01  1.25583709e-03 
 3.88748900e-05  3.60072095e-01  1.32026026e-07  9.89594800e-01  1.25575843e-03 
 3.88798900e-05  3.60072095e-01  1.21115290e-07  9.89594800e-01  1.25583708e-03 
 3.88848900e-05  3.60072095e-01  1.10975033e-07  9.89594800e-01  1.25575843e-03 
 3.88898900e-05  3.60072095e-01  1.01814224e-07  9.89594800e-01  1.25583707e-03 
 3.88948900e-05  3.60072095e-01  9.32788630e-08  9.89594800e-01  1.25575844e-03 
 3.88998900e-05  3.60072095e-01  8.55891007e-08  9.89594800e-01  1.25583706e-03 
 3.89048900e-05  3.60072095e-01  7.84012821e-08  9.89594800e-01  1.25575845e-03 
 3.89098900e-05  3.60072095e-01  7.19482618e-08  9.89594800e-01  1.25583706e-03 
 3.89148900e-05  3.60072095e-01  6.58931694e-08  9.89594800e-01  1.25575846e-03 
 3.89198900e-05  3.60072095e-01  6.04799192e-08  9.89594800e-01  1.25583705e-03 
 3.89248900e-05  3.60072095e-01  5.53771586e-08  9.89594800e-01  1.25575846e-03 
 3.89298900e-05  3.60072095e-01  5.08380761e-08  9.89594800e-01  1.25583704e-03 
 3.89348900e-05  3.60072095e-01  4.65358977e-08  9.89594800e-01  1.25575847e-03 
 3.89398900e-05  3.60072095e-01  4.27317611e-08  9.89594800e-01  1.25583704e-03 
 3.89448900e-05  3.60072095e-01  3.91026391e-08  9.89594800e-01  1.25575848e-03 
 3.89498900e-05  3.60072095e-01  3.59164011e-08  9.89594800e-01  1.25583703e-03 
 3.89548900e-05  3.60072095e-01  3.28543078e-08  9.89594800e-01  1.25575848e-03 
 3.89598900e-05  3.60072095e-01  3.01886219e-08  9.89594800e-01  1.25583702e-03 
 3.89648900e-05  3.60072095e-01  2.76019690e-08  9.89594800e-01  1.25575849e-03 
 3.89698900e-05  3.60072095e-01  2.53727496e-08  9.89594800e-01  1.25583702e-03 
 3.89748900e-05  3.60072095e-01  2.31858456e-08  9.89594800e-01  1.25575850e-03 
 3.89798900e-05  3.60072095e-01  2.13236024e-08  9.89594800e-01  1.25583701e-03 
 3.89848900e-05  3.60072095e-01  1.94728121e-08  9.89594800e-01  1.25575850e-03 
 3.89898900e-05  3.60072095e-01  1.79191080e-08  9.89594800e-01  1.25583700e-03 
 3.89948900e-05  3.60072095e-01  1.63509141e-08  9.89594800e-01  1.25575851e-03 
 3.89979450e-05  3.60072095e-01  1.55741747e-08  9.89594800e-01  1.25583700e-03 
 3.90010000e-05  3.60072095e-01  1.46896584e-08  9.89594800e-01  1.25575852e-03 
 3.90011000e-05  3.60072095e-01  1.47250923e-08  9.89594800e-01  1.22625348e-03 
 3.90013000e-05  3.60072095e-01  1.47251749e-08  9.89594800e-01  1.19992586e-03 
 3.90015803e-05  3.60072095e-01  1.47251139e-08  9.89594800e-01  1.21430706e-03 
 3.90017902e-05  3.60072095e-01  1.47251946e-08  9.89594800e-01  1.18812729e-03 
 3.90020000e-05  3.60072095e-01  1.47251238e-08  9.89594800e-01  1.19948384e-03 
 3.90020420e-05  3.60072095e-01  1.47251601e-08  9.89594800e-01  1.25546978e-03 
 3.90021259e-05  3.60072095e-01  1.47251601e-08  9.89594800e-01  1.25612165e-03 
 3.90022938e-05  3.60072095e-01  1.47251592e-08  9.89594800e-01  1.25547601e-03 
 3.90026295e-05  3.60072095e-01  1.47251594e-08  9.89594800e-01  1.25611848e-03 
 3.90033010e-05  3.60072095e-01  1.47251593e-08  9.89594800e-01  1.25547755e-03 
 3.90046439e-05  3.60072095e-01  1.47251594e-08  9.89594800e-01  1.25611771e-03 
 3.90073299e-05  3.60072095e-01  1.47251578e-08  9.89594800e-01  1.25547793e-03 
 3.90123299e-05  3.60072095e-01  1.47251565e-08  9.89594800e-01  1.25611751e-03 
 3.90173299e-05  3.60072095e-01  1.47251573e-08  9.89594800e-01  1.25547807e-03 
 3.90223299e-05  3.60072095e-01  1.47251575e-08  9.89594800e-01  1.25611738e-03 
 3.90273299e-05  3.60072095e-01  1.47251565e-08  9.89594800e-01  1.25547820e-03 
 3.90323299e-05  3.60072095e-01  1.47251544e-08  9.89594800e-01  1.25611724e-03 
 3.90373299e-05  3.60072095e-01  1.47251520e-08  9.89594800e-01  1.25547834e-03 
 3.90423299e-05  3.60072095e-01  1.47251531e-08  9.89594800e-01  1.25611710e-03 
 3.90473299e-05  3.60072095e-01  1.47251510e-08  9.89594800e-01  1.25547848e-03 
 3.90523299e-05  3.60072095e-01  1.47251461e-08  9.89594800e-01  1.25611696e-03 
 3.90573299e-05  3.60072095e-01  1.47251450e-08  9.89594800e-01  1.25547862e-03 
 3.90623299e-05  3.60072095e-01  1.47251462e-08  9.89594800e-01  1.25611683e-03 
 3.90673299e-05  3.60072095e-01  1.47251444e-08  9.89594800e-01  1.25547875e-03 
 3.90723299e-05  3.60072095e-01  1.47251434e-08  9.89594800e-01  1.25611669e-03 
 3.90773299e-05  3.60072095e-01  1.47251420e-08  9.89594800e-01  1.25547889e-03 
 3.90823299e-05  3.60072095e-01  1.47251416e-08  9.89594800e-01  1.25611655e-03 
 3.90873299e-05  3.60072095e-01  1.47251409e-08  9.89594800e-01  1.25547903e-03 
 3.90923299e-05  3.60072095e-01  1.47251411e-08  9.89594800e-01  1.25611642e-03 
 3.90973299e-05  3.60072095e-01  1.47251383e-08  9.89594800e-01  1.25547916e-03 
 3.91023299e-05  3.60072095e-01  1.47251363e-08  9.89594800e-01  1.25611628e-03 
 3.91073299e-05  3.60072095e-01  1.47251344e-08  9.89594800e-01  1.25547930e-03 
 3.91123299e-05  3.60072095e-01  1.47251346e-08  9.89594800e-01  1.25611614e-03 
 3.91173299e-05  3.60072095e-01  1.47251361e-08  9.89594800e-01  1.25547944e-03 
 3.91223299e-05  3.60072095e-01  1.47251362e-08  9.89594800e-01  1.25611601e-03 
 3.91273299e-05  3.60072095e-01  1.47251347e-08  9.89594800e-01  1.25547957e-03 
 3.91323299e-05  3.60072095e-01  1.47251341e-08  9.89594800e-01  1.25611587e-03 
 3.91373299e-05  3.60072095e-01  1.47251347e-08  9.89594800e-01  1.25547971e-03 
 3.91423299e-05  3.60072095e-01  1.47251359e-08  9.89594800e-01  1.25611573e-03 
 3.91473299e-05  3.60072095e-01  1.47251362e-08  9.89594800e-01  1.25547985e-03 
 3.91523299e-05  3.60072095e-01  1.47251377e-08  9.89594800e-01  1.25611560e-03 
 3.91573299e-05  3.60072095e-01  1.47251362e-08  9.89594800e-01  1.25547998e-03 
 3.91623299e-05  3.60072095e-01  1.47251351e-08  9.89594800e-01  1.25611546e-03 
 3.91673299e-05  3.60072095e-01  1.47251354e-08  9.89594800e-01  1.25548012e-03 
 3.91723299e-05  3.60072095e-01  1.47251366e-08  9.89594800e-01  1.25611532e-03 
 3.91773299e-05  3.60072095e-01  1.47251366e-08  9.89594800e-01  1.25548025e-03 
 3.91823299e-05  3.60072095e-01  1.47251363e-08  9.89594800e-01  1.25611519e-03 
 3.91873299e-05  3.60072095e-01  1.47251337e-08  9.89594800e-01  1.25548039e-03 
 3.91923299e-05  3.60072095e-01  1.47251329e-08  9.89594800e-01  1.25611505e-03 
 3.91973299e-05  3.60072095e-01  1.47251328e-08  9.89594800e-01  1.25548053e-03 
 3.92023299e-05  3.60072095e-01  1.47251301e-08  9.89594800e-01  1.25611492e-03 
 3.92073299e-05  3.60072095e-01  1.47251252e-08  9.89594800e-01  1.25548066e-03 
 3.92123299e-05  3.60072095e-01  1.47251210e-08  9.89594800e-01  1.25611478e-03 
 3.92173299e-05  3.60072095e-01  1.47251157e-08  9.89594800e-01  1.25548080e-03 
 3.92223299e-05  3.60072095e-01  1.47251153e-08  9.89594800e-01  1.25611464e-03 
 3.92273299e-05  3.60072095e-01  1.47251148e-08  9.89594800e-01  1.25548093e-03 
 3.92323299e-05  3.60072095e-01  1.47251142e-08  9.89594800e-01  1.25611451e-03 
 3.92373299e-05  3.60072095e-01  1.47251149e-08  9.89594800e-01  1.25548107e-03 
 3.92423299e-05  3.60072095e-01  1.47251152e-08  9.89594800e-01  1.25611437e-03 
 3.92473299e-05  3.60072095e-01  1.47251136e-08  9.89594800e-01  1.25548121e-03 
 3.92523299e-05  3.60072095e-01  1.47251138e-08  9.89594800e-01  1.25611424e-03 
 3.92573299e-05  3.60072095e-01  1.47251124e-08  9.89594800e-01  1.25548134e-03 
 3.92623299e-05  3.60072095e-01  1.47251098e-08  9.89594800e-01  1.25611410e-03 
 3.92673299e-05  3.60072095e-01  1.47251098e-08  9.89594800e-01  1.25548148e-03 
 3.92723299e-05  3.60072095e-01  1.47251085e-08  9.89594800e-01  1.25611397e-03 
 3.92773299e-05  3.60072095e-01  1.47251066e-08  9.89594800e-01  1.25548161e-03 
 3.92823299e-05  3.60072095e-01  1.47251082e-08  9.89594800e-01  1.25611383e-03 
 3.92873299e-05  3.60072095e-01  1.47251081e-08  9.89594800e-01  1.25548175e-03 
 3.92923299e-05  3.60072095e-01  1.47251082e-08  9.89594800e-01  1.25611369e-03 
 3.92973299e-05  3.60072095e-01  1.47251088e-08  9.89594800e-01  1.25548188e-03 
 3.93023299e-05  3.60072095e-01  1.47251082e-08  9.89594800e-01  1.25611356e-03 
 3.93073299e-05  3.60072095e-01  1.47251069e-08  9.89594800e-01  1.25548202e-03 
 3.93123299e-05  3.60072095e-01  1.47251086e-08  9.89594800e-01  1.25611342e-03 
 3.93173299e-05  3.60072095e-01  1.47251096e-08  9.89594800e-01  1.25548216e-03 
 3.93223299e-05  3.60072095e-01  1.47251085e-08  9.89594800e-01  1.25611329e-03 
 3.93273299e-05  3.60072095e-01  1.47251056e-08  9.89594800e-01  1.25548229e-03 
 3.93323299e-05  3.60072095e-01  1.47251032e-08  9.89594800e-01  1.25611315e-03 
 3.93373299e-05  3.60072095e-01  1.47251032e-08  9.89594800e-01  1.25548243e-03 
 3.93423299e-05  3.60072095e-01  1.47251021e-08  9.89594800e-01  1.25611302e-03 
 3.93473299e-05  3.60072095e-01  1.47250995e-08  9.89594800e-01  1.25548256e-03 
 3.93523299e-05  3.60072095e-01  1.47251012e-08  9.89594800e-01  1.25611288e-03 
 3.93573299e-05  3.60072095e-01  1.47250996e-08  9.89594800e-01  1.25548270e-03 
 3.93623299e-05  3.60072095e-01  1.47250988e-08  9.89594800e-01  1.25611275e-03 
 3.93673299e-05  3.60072095e-01  1.47250977e-08  9.89594800e-01  1.25548283e-03 
 3.93723299e-05  3.60072095e-01  1.47250960e-08  9.89594800e-01  1.25611261e-03 
 3.93773299e-05  3.60072095e-01  1.47250947e-08  9.89594800e-01  1.25548297e-03 
 3.93823299e-05  3.60072095e-01  1.47250960e-08  9.89594800e-01  1.25611248e-03 
 3.93873299e-05  3.60072095e-01  1.47250969e-08  9.89594800e-01  1.25548310e-03 
 3.93923299e-05  3.60072095e-01  1.47250979e-08  9.89594800e-01  1.25611234e-03 
 3.93973299e-05  3.60072095e-01  1.47250967e-08  9.89594800e-01  1.25548324e-03 
 3.94023299e-05  3.60072095e-01  1.47250955e-08  9.89594800e-01  1.25611221e-03 
 3.94073299e-05  3.60072095e-01  1.47250956e-08  9.89594800e-01  1.25548337e-03 
 3.94123299e-05  3.60072095e-01  1.47250948e-08  9.89594800e-01  1.25611207e-03 
 3.94173299e-05  3.60072095e-01  1.47250938e-08  9.89594800e-01  1.25548351e-03 
 3.94223299e-05  3.60072095e-01  1.47250965e-08  9.89594800e-01  1.25611194e-03 
 3.94273299e-05  3.60072095e-01  1.47250991e-08  9.89594800e-01  1.25548364e-03 
 3.94323299e-05  3.60072095e-01  1.47251009e-08  9.89594800e-01  1.25611180e-03 
 3.94373299e-05  3.60072095e-01  1.47251027e-08  9.89594800e-01  1.25548378e-03 
 3.94423299e-05  3.60072095e-01  1.47251055e-08  9.89594800e-01  1.25611167e-03 
 3.94473299e-05  3.60072095e-01  1.47251069e-08  9.89594800e-01  1.25548391e-03 
 3.94523299e-05  3.60072095e-01  1.47251077e-08  9.89594800e-01  1.25611153e-03 
 3.94573299e-05  3.60072095e-01  1.47251056e-08  9.89594800e-01  1.25548405e-03 
 3.94623299e-05  3.60072095e-01  1.47251020e-08  9.89594800e-01  1.25611140e-03 
 3.94673299e-05  3.60072095e-01  1.47250978e-08  9.89594800e-01  1.25548418e-03 
 3.94723299e-05  3.60072095e-01  1.47250974e-08  9.89594800e-01  1.25611126e-03 
 3.94773299e-05  3.60072095e-01  1.47250987e-08  9.89594800e-01  1.25548431e-03 
 3.94823299e-05  3.60072095e-01  1.47250991e-08  9.89594800e-01  1.25611113e-03 
 3.94873299e-05  3.60072095e-01  1.47251004e-08  9.89594800e-01  1.25548445e-03 
 3.94923299e-05  3.60072095e-01  1.47251009e-08  9.89594800e-01  1.25611099e-03 
 3.94973299e-05  3.60072095e-01  1.47250969e-08  9.89594800e-01  1.25548458e-03 
 3.95023299e-05  3.60072095e-01  1.47250953e-08  9.89594800e-01  1.25611086e-03 
 3.95073299e-05  3.60072095e-01  1.47250926e-08  9.89594800e-01  1.25548472e-03 
 3.95123299e-05  3.60072095e-01  1.47250924e-08  9.89594800e-01  1.25611073e-03 
 3.95173299e-05  3.60072095e-01  1.47250933e-08  9.89594800e-01  1.25548485e-03 
 3.95223299e-05  3.60072095e-01  1.47250939e-08  9.89594800e-01  1.25611059e-03 
 3.95273299e-05  3.60072095e-01  1.47250937e-08  9.89594800e-01  1.25548499e-03 
 3.95323299e-05  3.60072095e-01  1.47250938e-08  9.89594800e-01  1.25611046e-03 
 3.95373299e-05  3.60072095e-01  1.47250929e-08  9.89594800e-01  1.25548512e-03 
 3.95423299e-05  3.60072095e-01  1.47250928e-08  9.89594800e-01  1.25611032e-03 
 3.95473299e-05  3.60072095e-01  1.47250930e-08  9.89594800e-01  1.25548525e-03 
 3.95523299e-05  3.60072095e-01  1.47250927e-08  9.89594800e-01  1.25611019e-03 
 3.95573299e-05  3.60072095e-01  1.47250919e-08  9.89594800e-01  1.25548539e-03 
 3.95623299e-05  3.60072095e-01  1.47250951e-08  9.89594800e-01  1.25611006e-03 
 3.95673299e-05  3.60072095e-01  1.47250995e-08  9.89594800e-01  1.25548552e-03 
 3.95723299e-05  3.60072095e-01  1.47251036e-08  9.89594800e-01  1.25610992e-03 
 3.95773299e-05  3.60072095e-01  1.47251058e-08  9.89594800e-01  1.25548566e-03 
 3.95823299e-05  3.60072095e-01  1.47251082e-08  9.89594800e-01  1.25610979e-03 
 3.95873299e-05  3.60072095e-01  1.47251082e-08  9.89594800e-01  1.25548579e-03 
 3.95923299e-05  3.60072095e-01  1.47251071e-08  9.89594800e-01  1.25610965e-03 
 3.95973299e-05  3.60072095e-01  1.47251054e-08  9.89594800e-01  1.25548592e-03 
 3.96023299e-05  3.60072095e-01  1.47251025e-08  9.89594800e-01  1.25610952e-03 
 3.96073299e-05  3.60072095e-01  1.47251003e-08  9.89594800e-01  1.25548606e-03 
 3.96123299e-05  3.60072095e-01  1.47250998e-08  9.89594800e-01  1.25610939e-03 
 3.96173299e-05  3.60072095e-01  1.47251007e-08  9.89594800e-01  1.25548619e-03 
 3.96223299e-05  3.60072095e-01  1.47251044e-08  9.89594800e-01  1.25610925e-03 
 3.96273299e-05  3.60072095e-01  1.47251064e-08  9.89594800e-01  1.25548633e-03 
 3.96323299e-05  3.60072095e-01  1.47251086e-08  9.89594800e-01  1.25610912e-03 
 3.96373299e-05  3.60072095e-01  1.47251104e-08  9.89594800e-01  1.25548646e-03 
 3.96423299e-05  3.60072095e-01  1.47251122e-08  9.89594800e-01  1.25610898e-03 
 3.96473299e-05  3.60072095e-01  1.47251138e-08  9.89594800e-01  1.25548659e-03 
 3.96523299e-05  3.60072095e-01  1.47251160e-08  9.89594800e-01  1.25610885e-03 
 3.96573299e-05  3.60072095e-01  1.47251139e-08  9.89594800e-01  1.25548673e-03 
 3.96623299e-05  3.60072095e-01  1.47251122e-08  9.89594800e-01  1.25610872e-03 
 3.96673299e-05  3.60072095e-01  1.47251098e-08  9.89594800e-01  1.25548686e-03 
 3.96723299e-05  3.60072095e-01  1.47251066e-08  9.89594800e-01  1.25610858e-03 
 3.96773299e-05  3.60072095e-01  1.47251030e-08  9.89594800e-01  1.25548699e-03 
 3.96823299e-05  3.60072095e-01  1.47251011e-08  9.89594800e-01  1.25610845e-03 
 3.96873299e-05  3.60072095e-01  1.47250988e-08  9.89594800e-01  1.25548713e-03 
 3.96923299e-05  3.60072095e-01  1.47250988e-08  9.89594800e-01  1.25610832e-03 
 3.96973299e-05  3.60072095e-01  1.47250989e-08  9.89594800e-01  1.25548726e-03 
 3.97023299e-05  3.60072095e-01  1.47250999e-08  9.89594800e-01  1.25610818e-03 
 3.97073299e-05  3.60072095e-01  1.47251025e-08  9.89594800e-01  1.25548739e-03 
 3.97123299e-05  3.60072095e-01  1.47251055e-08  9.89594800e-01  1.25610805e-03 
 3.97173299e-05  3.60072095e-01  1.47251055e-08  9.89594800e-01  1.25548753e-03 
 3.97223299e-05  3.60072095e-01  1.47251041e-08  9.89594800e-01  1.25610792e-03 
 3.97273299e-05  3.60072095e-01  1.47251021e-08  9.89594800e-01  1.25548766e-03 
 3.97323299e-05  3.60072095e-01  1.47251015e-08  9.89594800e-01  1.25610779e-03 
 3.97373299e-05  3.60072095e-01  1.47251022e-08  9.89594800e-01  1.25548779e-03 
 3.97423299e-05  3.60072095e-01  1.47251017e-08  9.89594800e-01  1.25610765e-03 
 3.97473299e-05  3.60072095e-01  1.47250999e-08  9.89594800e-01  1.25548793e-03 
 3.97523299e-05  3.60072095e-01  1.47250995e-08  9.89594800e-01  1.25610752e-03 
 3.97573299e-05  3.60072095e-01  1.47250998e-08  9.89594800e-01  1.25548806e-03 
 3.97623299e-05  3.60072095e-01  1.47251010e-08  9.89594800e-01  1.25610739e-03 
 3.97673299e-05  3.60072095e-01  1.47251019e-08  9.89594800e-01  1.25548819e-03 
 3.97723299e-05  3.60072095e-01  1.47251016e-08  9.89594800e-01  1.25610725e-03 
 3.97773299e-05  3.60072095e-01  1.47250973e-08  9.89594800e-01  1.25548832e-03 
 3.97823299e-05  3.60072095e-01  1.47250965e-08  9.89594800e-01  1.25610712e-03 
 3.97873299e-05  3.60072095e-01  1.47250941e-08  9.89594800e-01  1.25548846e-03 
 3.97923299e-05  3.60072095e-01  1.47250903e-08  9.89594800e-01  1.25610699e-03 
 3.97973299e-05  3.60072095e-01  1.47250848e-08  9.89594800e-01  1.25548859e-03 
 3.98023299e-05  3.60072095e-01  1.47250817e-08  9.89594800e-01  1.25610686e-03 
 3.98073299e-05  3.60072095e-01  1.47250816e-08  9.89594800e-01  1.25548872e-03 
 3.98123299e-05  3.60072095e-01  1.47250839e-08  9.89594800e-01  1.25610672e-03 
 3.98173299e-05  3.60072095e-01  1.47250860e-08  9.89594800e-01  1.25548885e-03 
 3.98223299e-05  3.60072095e-01  1.47250887e-08  9.89594800e-01  1.25610659e-03 
 3.98273299e-05  3.60072095e-01  1.47250893e-08  9.89594800e-01  1.25548899e-03 
 3.98323299e-05  3.60072095e-01  1.47250896e-08  9.89594800e-01  1.25610646e-03 
 3.98373299e-05  3.60072095e-01  1.47250899e-08  9.89594800e-01  1.25548912e-03 
 3.98423299e-05  3.60072095e-01  1.47250893e-08  9.89594800e-01  1.25610632e-03 
 3.98473299e-05  3.60072095e-01  1.47250858e-08  9.89594800e-01  1.25548925e-03 
 3.98523299e-05  3.60072095e-01  1.47250844e-08  9.89594800e-01  1.25610619e-03 
 3.98573299e-05  3.60072095e-01  1.47250855e-08  9.89594800e-01  1.25548938e-03 
 3.98623299e-05  3.60072095e-01  1.47250873e-08  9.89594800e-01  1.25610606e-03 
 3.98673299e-05  3.60072095e-01  1.47250890e-08  9.89594800e-01  1.25548952e-03 
 3.98723299e-05  3.60072095e-01  1.47250905e-08  9.89594800e-01  1.25610593e-03 
 3.98773299e-05  3.60072095e-01  1.47250875e-08  9.89594800e-01  1.25548965e-03 
 3.98823299e-05  3.60072095e-01  1.47250837e-08  9.89594800e-01  1.25610580e-03 
 3.98873299e-05  3.60072095e-01  1.47250812e-08  9.89594800e-01  1.25548978e-03 
 3.98923299e-05  3.60072095e-01  1.47250784e-08  9.89594800e-01  1.25610566e-03 
 3.98973299e-05  3.60072095e-01  1.47250746e-08  9.89594800e-01  1.25548991e-03 
 3.99023299e-05  3.60072095e-01  1.47250745e-08  9.89594800e-01  1.25610553e-03 
 3.99073299e-05  3.60072095e-01  1.47250739e-08  9.89594800e-01  1.25549005e-03 
 3.99123299e-05  3.60072095e-01  1.47250739e-08  9.89594800e-01  1.25610540e-03 
 3.99173299e-05  3.60072095e-01  1.47250711e-08  9.89594800e-01  1.25549018e-03 
 3.99223299e-05  3.60072095e-01  1.47250673e-08  9.89594800e-01  1.25610527e-03 
 3.99273299e-05  3.60072095e-01  1.47250663e-08  9.89594800e-01  1.25549031e-03 
 3.99323299e-05  3.60072095e-01  1.47250682e-08  9.89594800e-01  1.25610514e-03 
 3.99373299e-05  3.60072095e-01  1.47250679e-08  9.89594800e-01  1.25549044e-03 
 3.99423299e-05  3.60072095e-01  1.47250669e-08  9.89594800e-01  1.25610500e-03 
 3.99473299e-05  3.60072095e-01  1.47250662e-08  9.89594800e-01  1.25549057e-03 
 3.99523299e-05  3.60072095e-01  1.47250677e-08  9.89594800e-01  1.25610487e-03 
 3.99573299e-05  3.60072095e-01  1.47250674e-08  9.89594800e-01  1.25549071e-03 
 3.99623299e-05  3.60072095e-01  1.47250669e-08  9.89594800e-01  1.25610474e-03 
 3.99673299e-05  3.60072095e-01  1.47250679e-08  9.89594800e-01  1.25549084e-03 
 3.99723299e-05  3.60072095e-01  1.47250701e-08  9.89594800e-01  1.25610461e-03 
 3.99773299e-05  3.60072095e-01  1.47250688e-08  9.89594800e-01  1.25549097e-03 
 3.99823299e-05  3.60072095e-01  1.47250687e-08  9.89594800e-01  1.25610448e-03 
 3.99873299e-05  3.60072095e-01  1.47250685e-08  9.89594800e-01  1.25549110e-03 
 3.99923299e-05  3.60072095e-01  1.47250687e-08  9.89594800e-01  1.25610434e-03 
 3.99961649e-05  3.60072095e-01  1.47250702e-08  9.89594800e-01  1.25549125e-03 
 4.00000000e-05  3.60072095e-01  1.47250696e-08  9.89594800e-01  1.25610417e-03 
