 frequency       onoise.m.xpga.xamp.xerrp.xp1.msky130_fd_pr__nfet_01v8 onoise.m.xpga.xamp.xerrp.xp2.msky130_fd_pr__nfet_01v8 onoise.m.xpga.xamp.xerrp.xp3.msky130_fd_pr__nfet_01v8 onoise.m.xpga.xamp.xerrp.xn1.msky130_fd_pr__nfet_01v8 onoise.m.xpga.xamp.xerrp.xn2.msky130_fd_pr__nfet_01v8 onoise.m.xpga.xamp.xerrp.xn3.msky130_fd_pr__nfet_01v8 onoise.m.xpga.xamp.xerrn.xp1.msky130_fd_pr__nfet_01v8 onoise.m.xpga.xamp.xerrn.xp2.msky130_fd_pr__nfet_01v8 onoise.m.xpga.xamp.xerrn.xp3.msky130_fd_pr__nfet_01v8 onoise.m.xpga.xamp.xerrn.xn1.msky130_fd_pr__nfet_01v8 onoise.m.xpga.xamp.xerrn.xn2.msky130_fd_pr__nfet_01v8 onoise.m.xpga.xamp.xerrn.xn3.msky130_fd_pr__nfet_01v8 onoise.m.xpga.xamp.xlp.msky130_fd_pr__pfet_01v8 onoise.m.xpga.xamp.xlp2.msky130_fd_pr__pfet_01v8 onoise.m.xpga.xamp.xln.msky130_fd_pr__pfet_01v8 onoise.m.xpga.xamp.xln2.msky130_fd_pr__pfet_01v8 onoise.m.xpga.xamp.xop.msky130_fd_pr__nfet_01v8 onoise.m.xpga.xamp.xon.msky130_fd_pr__nfet_01v8 onoise.m.xpga.xamp.xerrp.xp1.msky130_fd_pr__nfet_01v8.1overf onoise.m.xpga.xamp.xerrp.xp2.msky130_fd_pr__nfet_01v8.1overf onoise.m.xpga.xamp.xerrp.xp3.msky130_fd_pr__nfet_01v8.1overf onoise.m.xpga.xamp.xerrp.xn1.msky130_fd_pr__nfet_01v8.1overf onoise.m.xpga.xamp.xerrp.xn2.msky130_fd_pr__nfet_01v8.1overf onoise.m.xpga.xamp.xerrp.xn3.msky130_fd_pr__nfet_01v8.1overf onoise.m.xpga.xamp.xerrn.xp1.msky130_fd_pr__nfet_01v8.1overf onoise.m.xpga.xamp.xerrn.xp2.msky130_fd_pr__nfet_01v8.1overf onoise.m.xpga.xamp.xerrn.xp3.msky130_fd_pr__nfet_01v8.1overf onoise.m.xpga.xamp.xerrn.xn1.msky130_fd_pr__nfet_01v8.1overf onoise.m.xpga.xamp.xerrn.xn2.msky130_fd_pr__nfet_01v8.1overf onoise.m.xpga.xamp.xerrn.xn3.msky130_fd_pr__nfet_01v8.1overf onoise.m.xpga.xamp.xlp.msky130_fd_pr__pfet_01v8.1overf onoise.m.xpga.xamp.xlp2.msky130_fd_pr__pfet_01v8.1overf onoise.m.xpga.xamp.xln.msky130_fd_pr__pfet_01v8.1overf onoise.m.xpga.xamp.xln2.msky130_fd_pr__pfet_01v8.1overf onoise.m.xpga.xamp.xop.msky130_fd_pr__nfet_01v8.1overf onoise.m.xpga.xamp.xon.msky130_fd_pr__nfet_01v8.1overf onoise.m.xpga.xamp.xerrp.xp1.msky130_fd_pr__nfet_01v8.id onoise.m.xpga.xamp.xerrp.xp2.msky130_fd_pr__nfet_01v8.id onoise.m.xpga.xamp.xerrp.xp3.msky130_fd_pr__nfet_01v8.id onoise.m.xpga.xamp.xerrp.xn1.msky130_fd_pr__nfet_01v8.id onoise.m.xpga.xamp.xerrp.xn2.msky130_fd_pr__nfet_01v8.id onoise.m.xpga.xamp.xerrp.xn3.msky130_fd_pr__nfet_01v8.id onoise.m.xpga.xamp.xerrn.xp1.msky130_fd_pr__nfet_01v8.id onoise.m.xpga.xamp.xerrn.xp2.msky130_fd_pr__nfet_01v8.id onoise.m.xpga.xamp.xerrn.xp3.msky130_fd_pr__nfet_01v8.id onoise.m.xpga.xamp.xerrn.xn1.msky130_fd_pr__nfet_01v8.id onoise.m.xpga.xamp.xerrn.xn2.msky130_fd_pr__nfet_01v8.id onoise.m.xpga.xamp.xerrn.xn3.msky130_fd_pr__nfet_01v8.id onoise.m.xpga.xamp.xlp.msky130_fd_pr__pfet_01v8.id onoise.m.xpga.xamp.xlp2.msky130_fd_pr__pfet_01v8.id onoise.m.xpga.xamp.xln.msky130_fd_pr__pfet_01v8.id onoise.m.xpga.xamp.xln2.msky130_fd_pr__pfet_01v8.id onoise.m.xpga.xamp.xop.msky130_fd_pr__nfet_01v8.id onoise.m.xpga.xamp.xon.msky130_fd_pr__nfet_01v8.id
 1.00000000e+00  2.17213241e-06  2.17213241e-06  2.17213241e-06  2.16451579e-06  2.16451579e-06  2.16451579e-06  2.17213241e-06  2.17213241e-06  2.17213241e-06  2.16451579e-06  2.16451579e-06  2.16451579e-06  2.46095905e-06  2.46095905e-06  2.46095905e-06  2.46095905e-06  5.47708519e-07  5.47708519e-07  2.17200775e-06  2.17200775e-06  2.17200775e-06  2.16439967e-06  2.16439967e-06  2.16439967e-06  2.17200775e-06  2.17200775e-06  2.17200775e-06  2.16439967e-06  2.16439967e-06  2.16439967e-06  2.46086334e-06  2.46086334e-06  2.46086334e-06  2.46086334e-06  5.47707781e-07  5.47707781e-07  2.32616098e-08  2.32616098e-08  2.32616098e-08  2.24101640e-08  2.24101640e-08  2.24101640e-08  2.32616098e-08  2.32616098e-08  2.32616098e-08  2.24101640e-08  2.24101640e-08  2.24101640e-08  2.16715008e-08  2.16715008e-08  2.16715008e-08  2.16715008e-08  8.98351917e-10  8.98351917e-10 
 1.02329299e+00  2.15122969e-06  2.15122969e-06  2.15122969e-06  2.14368621e-06  2.14368621e-06  2.14368621e-06  2.15122969e-06  2.15122969e-06  2.15122969e-06  2.14368621e-06  2.14368621e-06  2.14368621e-06  2.43279089e-06  2.43279089e-06  2.43279089e-06  2.43279089e-06  5.42437252e-07  5.42437252e-07  2.15110381e-06  2.15110381e-06  2.15110381e-06  2.14356896e-06  2.14356896e-06  2.14356896e-06  2.15110381e-06  2.15110381e-06  2.15110381e-06  2.14356896e-06  2.14356896e-06  2.14356896e-06  2.43269407e-06  2.43269407e-06  2.43269407e-06  2.43269407e-06  5.42436507e-07  5.42436507e-07  2.32616098e-08  2.32616098e-08  2.32616098e-08  2.24101640e-08  2.24101640e-08  2.24101640e-08  2.32616098e-08  2.32616098e-08  2.32616098e-08  2.24101640e-08  2.24101640e-08  2.24101640e-08  2.16715008e-08  2.16715008e-08  2.16715008e-08  2.16715008e-08  8.98351917e-10  8.98351917e-10 
 1.04712855e+00  2.13052816e-06  2.13052816e-06  2.13052816e-06  2.12305711e-06  2.12305711e-06  2.12305711e-06  2.13052816e-06  2.13052816e-06  2.13052816e-06  2.12305711e-06  2.12305711e-06  2.12305711e-06  2.40494519e-06  2.40494519e-06  2.40494519e-06  2.40494519e-06  5.37216717e-07  5.37216717e-07  2.13040106e-06  2.13040106e-06  2.13040106e-06  2.12293872e-06  2.12293872e-06  2.12293872e-06  2.13040106e-06  2.13040106e-06  2.13040106e-06  2.12293872e-06  2.12293872e-06  2.12293872e-06  2.40484725e-06  2.40484725e-06  2.40484725e-06  2.40484725e-06  5.37215965e-07  5.37215965e-07  2.32616098e-08  2.32616098e-08  2.32616098e-08  2.24101640e-08  2.24101640e-08  2.24101640e-08  2.32616098e-08  2.32616098e-08  2.32616098e-08  2.24101640e-08  2.24101640e-08  2.24101640e-08  2.16715008e-08  2.16715008e-08  2.16715008e-08  2.16715008e-08  8.98351917e-10  8.98351917e-10 
 1.07151931e+00  2.11002590e-06  2.11002590e-06  2.11002590e-06  2.10262658e-06  2.10262658e-06  2.10262658e-06  2.11002590e-06  2.11002590e-06  2.11002590e-06  2.10262658e-06  2.10262658e-06  2.10262658e-06  2.37741827e-06  2.37741827e-06  2.37741827e-06  2.37741827e-06  5.32046427e-07  5.32046427e-07  2.10989756e-06  2.10989756e-06  2.10989756e-06  2.10250704e-06  2.10250704e-06  2.10250704e-06  2.10989756e-06  2.10989756e-06  2.10989756e-06  2.10250704e-06  2.10250704e-06  2.10250704e-06  2.37731919e-06  2.37731919e-06  2.37731919e-06  2.37731919e-06  5.32045667e-07  5.32045667e-07  2.32616098e-08  2.32616098e-08  2.32616098e-08  2.24101640e-08  2.24101640e-08  2.24101640e-08  2.32616098e-08  2.32616098e-08  2.32616098e-08  2.24101640e-08  2.24101640e-08  2.24101640e-08  2.16715008e-08  2.16715008e-08  2.16715008e-08  2.16715008e-08  8.98351917e-10  8.98351917e-10 
 1.09647820e+00  2.08972097e-06  2.08972097e-06  2.08972097e-06  2.08239270e-06  2.08239270e-06  2.08239270e-06  2.08972097e-06  2.08972097e-06  2.08972097e-06  2.08239270e-06  2.08239270e-06  2.08239270e-06  2.35020647e-06  2.35020647e-06  2.35020647e-06  2.35020647e-06  5.26925896e-07  5.26925896e-07  2.08959139e-06  2.08959139e-06  2.08959139e-06  2.08227200e-06  2.08227200e-06  2.08227200e-06  2.08959139e-06  2.08959139e-06  2.08959139e-06  2.08227200e-06  2.08227200e-06  2.08227200e-06  2.35010625e-06  2.35010625e-06  2.35010625e-06  2.35010625e-06  5.26925129e-07  5.26925129e-07  2.32616098e-08  2.32616098e-08  2.32616098e-08  2.24101640e-08  2.24101640e-08  2.24101640e-08  2.32616098e-08  2.32616098e-08  2.32616098e-08  2.24101640e-08  2.24101640e-08  2.24101640e-08  2.16715008e-08  2.16715008e-08  2.16715008e-08  2.16715008e-08  8.98351917e-10  8.98351917e-10 
 1.12201845e+00  2.06961149e-06  2.06961149e-06  2.06961149e-06  2.06235358e-06  2.06235358e-06  2.06235358e-06  2.06961149e-06  2.06961149e-06  2.06961149e-06  2.06235358e-06  2.06235358e-06  2.06235358e-06  2.32330618e-06  2.32330618e-06  2.32330618e-06  2.32330618e-06  5.21854647e-07  5.21854647e-07  2.06948065e-06  2.06948065e-06  2.06948065e-06  2.06223170e-06  2.06223170e-06  2.06223170e-06  2.06948065e-06  2.06948065e-06  2.06948065e-06  2.06223170e-06  2.06223170e-06  2.06223170e-06  2.32320480e-06  2.32320480e-06  2.32320480e-06  2.32320480e-06  5.21853873e-07  5.21853873e-07  2.32616098e-08  2.32616098e-08  2.32616098e-08  2.24101640e-08  2.24101640e-08  2.24101640e-08  2.32616098e-08  2.32616098e-08  2.32616098e-08  2.24101640e-08  2.24101640e-08  2.24101640e-08  2.16715008e-08  2.16715008e-08  2.16715008e-08  2.16715008e-08  8.98351917e-10  8.98351917e-10 
 1.14815362e+00  2.04969557e-06  2.04969557e-06  2.04969557e-06  2.04250734e-06  2.04250734e-06  2.04250734e-06  2.04969557e-06  2.04969557e-06  2.04969557e-06  2.04250734e-06  2.04250734e-06  2.04250734e-06  2.29671385e-06  2.29671385e-06  2.29671385e-06  2.29671385e-06  5.16832205e-07  5.16832205e-07  2.04956346e-06  2.04956346e-06  2.04956346e-06  2.04238428e-06  2.04238428e-06  2.04238428e-06  2.04956346e-06  2.04956346e-06  2.04956346e-06  2.04238428e-06  2.04238428e-06  2.04238428e-06  2.29661130e-06  2.29661130e-06  2.29661130e-06  2.29661130e-06  5.16831423e-07  5.16831423e-07  2.32616098e-08  2.32616098e-08  2.32616098e-08  2.24101640e-08  2.24101640e-08  2.24101640e-08  2.32616098e-08  2.32616098e-08  2.32616098e-08  2.24101640e-08  2.24101640e-08  2.24101640e-08  2.16715008e-08  2.16715008e-08  2.16715008e-08  2.16715008e-08  8.98351917e-10  8.98351917e-10 
 1.17489755e+00  2.02997136e-06  2.02997136e-06  2.02997136e-06  2.02285213e-06  2.02285213e-06  2.02285213e-06  2.02997136e-06  2.02997136e-06  2.02997136e-06  2.02285213e-06  2.02285213e-06  2.02285213e-06  2.27042595e-06  2.27042595e-06  2.27042595e-06  2.27042595e-06  5.11858100e-07  5.11858100e-07  2.02983796e-06  2.02983796e-06  2.02983796e-06  2.02272787e-06  2.02272787e-06  2.02272787e-06  2.02983796e-06  2.02983796e-06  2.02983796e-06  2.02272787e-06  2.02272787e-06  2.02272787e-06  2.27032220e-06  2.27032220e-06  2.27032220e-06  2.27032220e-06  5.11857311e-07  5.11857311e-07  2.32616098e-08  2.32616098e-08  2.32616098e-08  2.24101640e-08  2.24101640e-08  2.24101640e-08  2.32616098e-08  2.32616098e-08  2.32616098e-08  2.24101640e-08  2.24101640e-08  2.24101640e-08  2.16715008e-08  2.16715008e-08  2.16715008e-08  2.16715008e-08  8.98351917e-10  8.98351917e-10 
 1.20226443e+00  2.01043699e-06  2.01043699e-06  2.01043699e-06  2.00338610e-06  2.00338610e-06  2.00338610e-06  2.01043699e-06  2.01043699e-06  2.01043699e-06  2.00338610e-06  2.00338610e-06  2.00338610e-06  2.24443899e-06  2.24443899e-06  2.24443899e-06  2.24443899e-06  5.06931868e-07  5.06931868e-07  2.01030230e-06  2.01030230e-06  2.01030230e-06  2.00326064e-06  2.00326064e-06  2.00326064e-06  2.01030230e-06  2.01030230e-06  2.01030230e-06  2.00326064e-06  2.00326064e-06  2.00326064e-06  2.24433404e-06  2.24433404e-06  2.24433404e-06  2.24433404e-06  5.06931071e-07  5.06931071e-07  2.32616098e-08  2.32616098e-08  2.32616098e-08  2.24101640e-08  2.24101640e-08  2.24101640e-08  2.32616098e-08  2.32616098e-08  2.32616098e-08  2.24101640e-08  2.24101640e-08  2.24101640e-08  2.16715008e-08  2.16715008e-08  2.16715008e-08  2.16715008e-08  8.98351917e-10  8.98351917e-10 
 1.23026877e+00  1.99109066e-06  1.99109066e-06  1.99109066e-06  1.98410745e-06  1.98410745e-06  1.98410745e-06  1.99109066e-06  1.99109066e-06  1.99109066e-06  1.98410745e-06  1.98410745e-06  1.98410745e-06  2.21874952e-06  2.21874952e-06  2.21874952e-06  2.21874952e-06  5.02053047e-07  5.02053047e-07  1.99095466e-06  1.99095466e-06  1.99095466e-06  1.98398077e-06  1.98398077e-06  1.98398077e-06  1.99095466e-06  1.99095466e-06  1.99095466e-06  1.98398077e-06  1.98398077e-06  1.98398077e-06  2.21864336e-06  2.21864336e-06  2.21864336e-06  2.21864336e-06  5.02052242e-07  5.02052242e-07  2.32616098e-08  2.32616098e-08  2.32616098e-08  2.24101640e-08  2.24101640e-08  2.24101640e-08  2.32616098e-08  2.32616098e-08  2.32616098e-08  2.24101640e-08  2.24101640e-08  2.24101640e-08  2.16715008e-08  2.16715008e-08  2.16715008e-08  2.16715008e-08  8.98351917e-10  8.98351917e-10 
 1.25892541e+00  1.97193055e-06  1.97193055e-06  1.97193055e-06  1.96501437e-06  1.96501437e-06  1.96501437e-06  1.97193055e-06  1.97193055e-06  1.97193055e-06  1.96501437e-06  1.96501437e-06  1.96501437e-06  2.19335415e-06  2.19335415e-06  2.19335415e-06  2.19335415e-06  4.97221181e-07  4.97221181e-07  1.97179322e-06  1.97179322e-06  1.97179322e-06  1.96488646e-06  1.96488646e-06  1.96488646e-06  1.97179322e-06  1.97179322e-06  1.97179322e-06  1.96488646e-06  1.96488646e-06  1.96488646e-06  2.19324676e-06  2.19324676e-06  2.19324676e-06  2.19324676e-06  4.97220368e-07  4.97220368e-07  2.32616098e-08  2.32616098e-08  2.32616098e-08  2.24101640e-08  2.24101640e-08  2.24101640e-08  2.32616098e-08  2.32616098e-08  2.32616098e-08  2.24101640e-08  2.24101640e-08  2.24101640e-08  2.16715008e-08  2.16715008e-08  2.16715008e-08  2.16715008e-08  8.98351917e-10  8.98351917e-10 
 1.28824955e+00  1.95295486e-06  1.95295486e-06  1.95295486e-06  1.94610506e-06  1.94610506e-06  1.94610506e-06  1.95295486e-06  1.95295486e-06  1.95295486e-06  1.94610506e-06  1.94610506e-06  1.94610506e-06  2.16824951e-06  2.16824951e-06  2.16824951e-06  2.16824951e-06  4.92435818e-07  4.92435818e-07  1.95281620e-06  1.95281620e-06  1.95281620e-06  1.94597591e-06  1.94597591e-06  1.94597591e-06  1.95281620e-06  1.95281620e-06  1.95281620e-06  1.94597591e-06  1.94597591e-06  1.94597591e-06  2.16814087e-06  2.16814087e-06  2.16814087e-06  2.16814087e-06  4.92434997e-07  4.92434997e-07  2.32616098e-08  2.32616098e-08  2.32616098e-08  2.24101640e-08  2.24101640e-08  2.24101640e-08  2.32616098e-08  2.32616098e-08  2.32616098e-08  2.24101640e-08  2.24101640e-08  2.24101640e-08  2.16715008e-08  2.16715008e-08  2.16715008e-08  2.16715008e-08  8.98351917e-10  8.98351917e-10 
 1.31825674e+00  1.93416183e-06  1.93416183e-06  1.93416183e-06  1.92737777e-06  1.92737777e-06  1.92737777e-06  1.93416183e-06  1.93416183e-06  1.93416183e-06  1.92737777e-06  1.92737777e-06  1.92737777e-06  2.14343226e-06  2.14343226e-06  2.14343226e-06  2.14343226e-06  4.87696511e-07  4.87696511e-07  1.93402182e-06  1.93402182e-06  1.93402182e-06  1.92724736e-06  1.92724736e-06  1.92724736e-06  1.93402182e-06  1.93402182e-06  1.93402182e-06  1.92724736e-06  1.92724736e-06  1.92724736e-06  2.14332237e-06  2.14332237e-06  2.14332237e-06  2.14332237e-06  4.87695682e-07  4.87695682e-07  2.32616098e-08  2.32616098e-08  2.32616098e-08  2.24101640e-08  2.24101640e-08  2.24101640e-08  2.32616098e-08  2.32616098e-08  2.32616098e-08  2.24101640e-08  2.24101640e-08  2.24101640e-08  2.16715008e-08  2.16715008e-08  2.16715008e-08  2.16715008e-08  8.98351917e-10  8.98351917e-10 
 1.34896288e+00  1.91554969e-06  1.91554969e-06  1.91554969e-06  1.90883073e-06  1.90883073e-06  1.90883073e-06  1.91554969e-06  1.91554969e-06  1.91554969e-06  1.90883073e-06  1.90883073e-06  1.90883073e-06  2.11889912e-06  2.11889912e-06  2.11889912e-06  2.11889912e-06  4.83002816e-07  4.83002816e-07  1.91540832e-06  1.91540832e-06  1.91540832e-06  1.90869906e-06  1.90869906e-06  1.90869906e-06  1.91540832e-06  1.91540832e-06  1.91540832e-06  1.90869906e-06  1.90869906e-06  1.90869906e-06  2.11878796e-06  2.11878796e-06  2.11878796e-06  2.11878796e-06  4.83001980e-07  4.83001980e-07  2.32616098e-08  2.32616098e-08  2.32616098e-08  2.24101640e-08  2.24101640e-08  2.24101640e-08  2.32616098e-08  2.32616098e-08  2.32616098e-08  2.24101640e-08  2.24101640e-08  2.24101640e-08  2.16715008e-08  2.16715008e-08  2.16715008e-08  2.16715008e-08  8.98351917e-10  8.98351917e-10 
 1.38038426e+00  1.89711670e-06  1.89711670e-06  1.89711670e-06  1.89046222e-06  1.89046222e-06  1.89046222e-06  1.89711670e-06  1.89711670e-06  1.89711670e-06  1.89046222e-06  1.89046222e-06  1.89046222e-06  2.09464685e-06  2.09464685e-06  2.09464685e-06  2.09464685e-06  4.78354295e-07  4.78354295e-07  1.89697396e-06  1.89697396e-06  1.89697396e-06  1.89032927e-06  1.89032927e-06  1.89032927e-06  1.89697396e-06  1.89697396e-06  1.89697396e-06  1.89032927e-06  1.89032927e-06  1.89032927e-06  2.09453440e-06  2.09453440e-06  2.09453440e-06  2.09453440e-06  4.78353450e-07  4.78353450e-07  2.32616098e-08  2.32616098e-08  2.32616098e-08  2.24101640e-08  2.24101640e-08  2.24101640e-08  2.32616098e-08  2.32616098e-08  2.32616098e-08  2.24101640e-08  2.24101640e-08  2.24101640e-08  2.16715008e-08  2.16715008e-08  2.16715008e-08  2.16715008e-08  8.98351917e-10  8.98351917e-10 
 1.41253754e+00  1.87886115e-06  1.87886115e-06  1.87886115e-06  1.87227052e-06  1.87227052e-06  1.87227052e-06  1.87886115e-06  1.87886115e-06  1.87886115e-06  1.87227052e-06  1.87227052e-06  1.87227052e-06  2.07067221e-06  2.07067221e-06  2.07067221e-06  2.07067221e-06  4.73750512e-07  4.73750512e-07  1.87871702e-06  1.87871702e-06  1.87871702e-06  1.87213628e-06  1.87213628e-06  1.87213628e-06  1.87871702e-06  1.87871702e-06  1.87871702e-06  1.87213628e-06  1.87213628e-06  1.87213628e-06  2.07055846e-06  2.07055846e-06  2.07055846e-06  2.07055846e-06  4.73749659e-07  4.73749659e-07  2.32616098e-08  2.32616098e-08  2.32616098e-08  2.24101640e-08  2.24101640e-08  2.24101640e-08  2.32616098e-08  2.32616098e-08  2.32616098e-08  2.24101640e-08  2.24101640e-08  2.24101640e-08  2.16715008e-08  2.16715008e-08  2.16715008e-08  2.16715008e-08  8.98351917e-10  8.98351917e-10 
 1.44543977e+00  1.86078131e-06  1.86078131e-06  1.86078131e-06  1.85425393e-06  1.85425393e-06  1.85425393e-06  1.86078131e-06  1.86078131e-06  1.86078131e-06  1.85425393e-06  1.85425393e-06  1.85425393e-06  2.04697204e-06  2.04697204e-06  2.04697204e-06  2.04697204e-06  4.69191038e-07  4.69191038e-07  1.86063579e-06  1.86063579e-06  1.86063579e-06  1.85411838e-06  1.85411838e-06  1.85411838e-06  1.86063579e-06  1.86063579e-06  1.86063579e-06  1.85411838e-06  1.85411838e-06  1.85411838e-06  2.04685697e-06  2.04685697e-06  2.04685697e-06  2.04685697e-06  4.69190177e-07  4.69190177e-07  2.32616098e-08  2.32616098e-08  2.32616098e-08  2.24101640e-08  2.24101640e-08  2.24101640e-08  2.32616098e-08  2.32616098e-08  2.32616098e-08  2.24101640e-08  2.24101640e-08  2.24101640e-08  2.16715008e-08  2.16715008e-08  2.16715008e-08  2.16715008e-08  8.98351917e-10  8.98351917e-10 
 1.47910839e+00  1.84287551e-06  1.84287551e-06  1.84287551e-06  1.83641076e-06  1.83641076e-06  1.83641076e-06  1.84287551e-06  1.84287551e-06  1.84287551e-06  1.83641076e-06  1.83641076e-06  1.83641076e-06  2.02354320e-06  2.02354320e-06  2.02354320e-06  2.02354320e-06  4.64675445e-07  4.64675445e-07  1.84272857e-06  1.84272857e-06  1.84272857e-06  1.83627389e-06  1.83627389e-06  1.83627389e-06  1.84272857e-06  1.84272857e-06  1.84272857e-06  1.83627389e-06  1.83627389e-06  1.83627389e-06  2.02342679e-06  2.02342679e-06  2.02342679e-06  2.02342679e-06  4.64674575e-07  4.64674575e-07  2.32616098e-08  2.32616098e-08  2.32616098e-08  2.24101640e-08  2.24101640e-08  2.24101640e-08  2.32616098e-08  2.32616098e-08  2.32616098e-08  2.24101640e-08  2.24101640e-08  2.24101640e-08  2.16715008e-08  2.16715008e-08  2.16715008e-08  2.16715008e-08  8.98351917e-10  8.98351917e-10 
 1.51356125e+00  1.82514207e-06  1.82514207e-06  1.82514207e-06  1.81873934e-06  1.81873934e-06  1.81873934e-06  1.82514207e-06  1.82514207e-06  1.82514207e-06  1.81873934e-06  1.81873934e-06  1.81873934e-06  2.00038257e-06  2.00038257e-06  2.00038257e-06  2.00038257e-06  4.60203312e-07  4.60203311e-07  1.82499370e-06  1.82499370e-06  1.82499370e-06  1.81860114e-06  1.81860114e-06  1.81860114e-06  1.82499370e-06  1.82499370e-06  1.82499370e-06  1.81860114e-06  1.81860114e-06  1.81860114e-06  2.00026482e-06  2.00026482e-06  2.00026482e-06  2.00026482e-06  4.60202433e-07  4.60202433e-07  2.32616098e-08  2.32616098e-08  2.32616098e-08  2.24101640e-08  2.24101640e-08  2.24101640e-08  2.32616098e-08  2.32616098e-08  2.32616098e-08  2.24101640e-08  2.24101640e-08  2.24101640e-08  2.16715008e-08  2.16715008e-08  2.16715008e-08  2.16715008e-08  8.98351917e-10  8.98351917e-10 
 1.54881662e+00  1.80757932e-06  1.80757932e-06  1.80757932e-06  1.80123802e-06  1.80123802e-06  1.80123802e-06  1.80757932e-06  1.80757932e-06  1.80757932e-06  1.80123802e-06  1.80123802e-06  1.80123802e-06  1.97748709e-06  1.97748709e-06  1.97748709e-06  1.97748709e-06  4.55774219e-07  4.55774219e-07  1.80742952e-06  1.80742952e-06  1.80742952e-06  1.80109848e-06  1.80109848e-06  1.80109848e-06  1.80742952e-06  1.80742952e-06  1.80742952e-06  1.80109848e-06  1.80109848e-06  1.80109848e-06  1.97736798e-06  1.97736798e-06  1.97736798e-06  1.97736798e-06  4.55773332e-07  4.55773332e-07  2.32616098e-08  2.32616098e-08  2.32616098e-08  2.24101640e-08  2.24101640e-08  2.24101640e-08  2.32616098e-08  2.32616098e-08  2.32616098e-08  2.24101640e-08  2.24101640e-08  2.24101640e-08  2.16715008e-08  2.16715008e-08  2.16715008e-08  2.16715008e-08  8.98351917e-10  8.98351917e-10 
 1.58489319e+00  1.79018564e-06  1.79018564e-06  1.79018564e-06  1.78390516e-06  1.78390516e-06  1.78390516e-06  1.79018564e-06  1.79018564e-06  1.79018564e-06  1.78390516e-06  1.78390516e-06  1.78390516e-06  1.95485373e-06  1.95485373e-06  1.95485373e-06  1.95485373e-06  4.51387753e-07  4.51387753e-07  1.79003437e-06  1.79003437e-06  1.79003437e-06  1.78376426e-06  1.78376426e-06  1.78376426e-06  1.79003437e-06  1.79003437e-06  1.79003437e-06  1.78376426e-06  1.78376426e-06  1.78376426e-06  1.95473323e-06  1.95473323e-06  1.95473323e-06  1.95473323e-06  4.51386858e-07  4.51386858e-07  2.32616098e-08  2.32616098e-08  2.32616098e-08  2.24101640e-08  2.24101640e-08  2.24101640e-08  2.32616098e-08  2.32616098e-08  2.32616098e-08  2.24101640e-08  2.24101640e-08  2.24101640e-08  2.16715008e-08  2.16715008e-08  2.16715008e-08  2.16715008e-08  8.98351917e-10  8.98351917e-10 
 1.62181010e+00  1.77295938e-06  1.77295938e-06  1.77295938e-06  1.76673915e-06  1.76673915e-06  1.76673915e-06  1.77295938e-06  1.77295938e-06  1.77295938e-06  1.76673915e-06  1.76673915e-06  1.76673915e-06  1.93247947e-06  1.93247947e-06  1.93247947e-06  1.93247947e-06  4.47043504e-07  4.47043504e-07  1.77280664e-06  1.77280664e-06  1.77280664e-06  1.76659688e-06  1.76659688e-06  1.76659688e-06  1.77280664e-06  1.77280664e-06  1.77280664e-06  1.76659688e-06  1.76659688e-06  1.76659688e-06  1.93235759e-06  1.93235759e-06  1.93235759e-06  1.93235759e-06  4.47042600e-07  4.47042600e-07  2.32616098e-08  2.32616098e-08  2.32616098e-08  2.24101640e-08  2.24101640e-08  2.24101640e-08  2.32616098e-08  2.32616098e-08  2.32616098e-08  2.24101640e-08  2.24101640e-08  2.24101640e-08  2.16715008e-08  2.16715008e-08  2.16715008e-08  2.16715008e-08  8.98351917e-10  8.98351917e-10 
 1.65958691e+00  1.75589894e-06  1.75589894e-06  1.75589894e-06  1.74973837e-06  1.74973837e-06  1.74973837e-06  1.75589894e-06  1.75589894e-06  1.75589894e-06  1.74973837e-06  1.74973837e-06  1.74973837e-06  1.91036137e-06  1.91036137e-06  1.91036137e-06  1.91036137e-06  4.42741066e-07  4.42741066e-07  1.75574472e-06  1.75574472e-06  1.75574472e-06  1.74959472e-06  1.74959472e-06  1.74959472e-06  1.75574472e-06  1.75574472e-06  1.75574472e-06  1.74959472e-06  1.74959472e-06  1.74959472e-06  1.91023807e-06  1.91023807e-06  1.91023807e-06  1.91023807e-06  4.42740153e-07  4.42740153e-07  2.32616098e-08  2.32616098e-08  2.32616098e-08  2.24101640e-08  2.24101640e-08  2.24101640e-08  2.32616098e-08  2.32616098e-08  2.32616098e-08  2.24101640e-08  2.24101640e-08  2.24101640e-08  2.16715008e-08  2.16715008e-08  2.16715008e-08  2.16715008e-08  8.98351917e-10  8.98351917e-10 
 1.69824365e+00  1.73900272e-06  1.73900272e-06  1.73900272e-06  1.73290123e-06  1.73290123e-06  1.73290123e-06  1.73900272e-06  1.73900272e-06  1.73900272e-06  1.73290123e-06  1.73290123e-06  1.73290123e-06  1.88849648e-06  1.88849648e-06  1.88849648e-06  1.88849648e-06  4.38480035e-07  4.38480035e-07  1.73884700e-06  1.73884700e-06  1.73884700e-06  1.73275619e-06  1.73275619e-06  1.73275619e-06  1.73884700e-06  1.73884700e-06  1.73884700e-06  1.73275619e-06  1.73275619e-06  1.73275619e-06  1.88837176e-06  1.88837176e-06  1.88837176e-06  1.88837176e-06  4.38479113e-07  4.38479113e-07  2.32616098e-08  2.32616098e-08  2.32616098e-08  2.24101640e-08  2.24101640e-08  2.24101640e-08  2.32616098e-08  2.32616098e-08  2.32616098e-08  2.24101640e-08  2.24101640e-08  2.24101640e-08  2.16715008e-08  2.16715008e-08  2.16715008e-08  2.16715008e-08  8.98351917e-10  8.98351917e-10 
 1.73780083e+00  1.72226914e-06  1.72226914e-06  1.72226914e-06  1.71622617e-06  1.71622617e-06  1.71622617e-06  1.72226914e-06  1.72226914e-06  1.72226914e-06  1.71622617e-06  1.71622617e-06  1.71622617e-06  1.86688192e-06  1.86688192e-06  1.86688192e-06  1.86688192e-06  4.34260013e-07  4.34260013e-07  1.72211191e-06  1.72211191e-06  1.72211191e-06  1.71607972e-06  1.71607972e-06  1.71607972e-06  1.72211191e-06  1.72211191e-06  1.72211191e-06  1.71607972e-06  1.71607972e-06  1.71607972e-06  1.86675575e-06  1.86675575e-06  1.86675575e-06  1.86675575e-06  4.34259083e-07  4.34259083e-07  2.32616098e-08  2.32616098e-08  2.32616098e-08  2.24101640e-08  2.24101640e-08  2.24101640e-08  2.32616098e-08  2.32616098e-08  2.32616098e-08  2.24101640e-08  2.24101640e-08  2.24101640e-08  2.16715008e-08  2.16715008e-08  2.16715008e-08  2.16715008e-08  8.98351917e-10  8.98351917e-10 
 1.77827941e+00  1.70569664e-06  1.70569664e-06  1.70569664e-06  1.69971163e-06  1.69971163e-06  1.69971163e-06  1.70569664e-06  1.70569664e-06  1.70569664e-06  1.69971163e-06  1.69971163e-06  1.69971163e-06  1.84551480e-06  1.84551480e-06  1.84551480e-06  1.84551480e-06  4.30080607e-07  4.30080607e-07  1.70553788e-06  1.70553788e-06  1.70553788e-06  1.69956375e-06  1.69956375e-06  1.69956375e-06  1.70553788e-06  1.70553788e-06  1.70553788e-06  1.69956375e-06  1.69956375e-06  1.69956375e-06  1.84538717e-06  1.84538717e-06  1.84538717e-06  1.84538717e-06  4.30079667e-07  4.30079667e-07  2.32616098e-08  2.32616098e-08  2.32616098e-08  2.24101640e-08  2.24101640e-08  2.24101640e-08  2.32616098e-08  2.32616098e-08  2.32616098e-08  2.24101640e-08  2.24101640e-08  2.24101640e-08  2.16715008e-08  2.16715008e-08  2.16715008e-08  2.16715008e-08  8.98351917e-10  8.98351917e-10 
 1.81970086e+00  1.68928367e-06  1.68928367e-06  1.68928367e-06  1.68335604e-06  1.68335604e-06  1.68335604e-06  1.68928367e-06  1.68928367e-06  1.68928367e-06  1.68335604e-06  1.68335604e-06  1.68335604e-06  1.82439231e-06  1.82439231e-06  1.82439231e-06  1.82439231e-06  4.25941424e-07  4.25941424e-07  1.68912337e-06  1.68912337e-06  1.68912337e-06  1.68320673e-06  1.68320673e-06  1.68320673e-06  1.68912337e-06  1.68912337e-06  1.68912337e-06  1.68320673e-06  1.68320673e-06  1.68320673e-06  1.82426320e-06  1.82426320e-06  1.82426320e-06  1.82426320e-06  4.25940475e-07  4.25940475e-07  2.32616098e-08  2.32616098e-08  2.32616098e-08  2.24101640e-08  2.24101640e-08  2.24101640e-08  2.32616098e-08  2.32616098e-08  2.32616098e-08  2.24101640e-08  2.24101640e-08  2.24101640e-08  2.16715008e-08  2.16715008e-08  2.16715008e-08  2.16715008e-08  8.98351917e-10  8.98351917e-10 
 1.86208714e+00  1.67302869e-06  1.67302869e-06  1.67302869e-06  1.66715790e-06  1.66715790e-06  1.66715790e-06  1.67302869e-06  1.67302869e-06  1.67302869e-06  1.66715790e-06  1.66715790e-06  1.66715790e-06  1.80351163e-06  1.80351163e-06  1.80351163e-06  1.80351163e-06  4.21842077e-07  4.21842077e-07  1.67286683e-06  1.67286683e-06  1.67286683e-06  1.66700714e-06  1.66700714e-06  1.66700714e-06  1.67286683e-06  1.67286683e-06  1.67286683e-06  1.66700714e-06  1.66700714e-06  1.66700714e-06  1.80338103e-06  1.80338103e-06  1.80338103e-06  1.80338103e-06  4.21841119e-07  4.21841119e-07  2.32616098e-08  2.32616098e-08  2.32616098e-08  2.24101640e-08  2.24101640e-08  2.24101640e-08  2.32616098e-08  2.32616098e-08  2.32616098e-08  2.24101640e-08  2.24101640e-08  2.24101640e-08  2.16715008e-08  2.16715008e-08  2.16715008e-08  2.16715008e-08  8.98351917e-10  8.98351917e-10 
 1.90546072e+00  1.65693018e-06  1.65693018e-06  1.65693018e-06  1.65111568e-06  1.65111568e-06  1.65111568e-06  1.65693018e-06  1.65693018e-06  1.65693018e-06  1.65111568e-06  1.65111568e-06  1.65111568e-06  1.78287001e-06  1.78287001e-06  1.78287001e-06  1.78287001e-06  4.17782184e-07  4.17782184e-07  1.65676675e-06  1.65676675e-06  1.65676675e-06  1.65096345e-06  1.65096345e-06  1.65096345e-06  1.65676675e-06  1.65676675e-06  1.65676675e-06  1.65096345e-06  1.65096345e-06  1.65096345e-06  1.78273790e-06  1.78273790e-06  1.78273790e-06  1.78273790e-06  4.17781217e-07  4.17781217e-07  2.32616098e-08  2.32616098e-08  2.32616098e-08  2.24101640e-08  2.24101640e-08  2.24101640e-08  2.32616098e-08  2.32616098e-08  2.32616098e-08  2.24101640e-08  2.24101640e-08  2.24101640e-08  2.16715008e-08  2.16715008e-08  2.16715008e-08  2.16715008e-08  8.98351917e-10  8.98351917e-10 
 1.94984460e+00  1.64098664e-06  1.64098664e-06  1.64098664e-06  1.63522788e-06  1.63522788e-06  1.63522788e-06  1.64098664e-06  1.64098664e-06  1.64098664e-06  1.63522788e-06  1.63522788e-06  1.63522788e-06  1.76246471e-06  1.76246471e-06  1.76246471e-06  1.76246471e-06  4.13761365e-07  4.13761365e-07  1.64082162e-06  1.64082162e-06  1.64082162e-06  1.63507417e-06  1.63507417e-06  1.63507417e-06  1.64082162e-06  1.64082162e-06  1.64082162e-06  1.63507417e-06  1.63507417e-06  1.63507417e-06  1.76233106e-06  1.76233106e-06  1.76233106e-06  1.76233106e-06  4.13760388e-07  4.13760388e-07  2.32616098e-08  2.32616098e-08  2.32616098e-08  2.24101640e-08  2.24101640e-08  2.24101640e-08  2.32616098e-08  2.32616098e-08  2.32616098e-08  2.24101640e-08  2.24101640e-08  2.24101640e-08  2.16715008e-08  2.16715008e-08  2.16715008e-08  2.16715008e-08  8.98351917e-10  8.98351917e-10 
 1.99526231e+00  1.62519657e-06  1.62519657e-06  1.62519657e-06  1.61949302e-06  1.61949302e-06  1.61949302e-06  1.62519657e-06  1.62519657e-06  1.62519657e-06  1.61949302e-06  1.61949302e-06  1.61949302e-06  1.74229302e-06  1.74229302e-06  1.74229302e-06  1.74229302e-06  4.09779243e-07  4.09779243e-07  1.62502995e-06  1.62502995e-06  1.62502995e-06  1.61933782e-06  1.61933782e-06  1.61933782e-06  1.62502995e-06  1.62502995e-06  1.62502995e-06  1.61933782e-06  1.61933782e-06  1.61933782e-06  1.74215783e-06  1.74215783e-06  1.74215783e-06  1.74215783e-06  4.09778257e-07  4.09778257e-07  2.32616098e-08  2.32616098e-08  2.32616098e-08  2.24101640e-08  2.24101640e-08  2.24101640e-08  2.32616098e-08  2.32616098e-08  2.32616098e-08  2.24101640e-08  2.24101640e-08  2.24101640e-08  2.16715008e-08  2.16715008e-08  2.16715008e-08  2.16715008e-08  8.98351917e-10  8.98351917e-10 
 2.04173794e+00  1.60955851e-06  1.60955851e-06  1.60955851e-06  1.60390963e-06  1.60390963e-06  1.60390963e-06  1.60955851e-06  1.60955851e-06  1.60955851e-06  1.60390963e-06  1.60390963e-06  1.60390963e-06  1.72235227e-06  1.72235227e-06  1.72235227e-06  1.72235227e-06  4.05835446e-07  4.05835446e-07  1.60939027e-06  1.60939027e-06  1.60939027e-06  1.60375292e-06  1.60375292e-06  1.60375292e-06  1.60939027e-06  1.60939027e-06  1.60939027e-06  1.60375292e-06  1.60375292e-06  1.60375292e-06  1.72221551e-06  1.72221551e-06  1.72221551e-06  1.72221551e-06  4.05834451e-07  4.05834451e-07  2.32616098e-08  2.32616098e-08  2.32616098e-08  2.24101640e-08  2.24101640e-08  2.24101640e-08  2.32616098e-08  2.32616098e-08  2.32616098e-08  2.24101640e-08  2.24101640e-08  2.24101640e-08  2.16715008e-08  2.16715008e-08  2.16715008e-08  2.16715008e-08  8.98351917e-10  8.98351917e-10 
 2.08929613e+00  1.59407098e-06  1.59407098e-06  1.59407098e-06  1.58847624e-06  1.58847624e-06  1.58847624e-06  1.59407098e-06  1.59407098e-06  1.59407098e-06  1.58847624e-06  1.58847624e-06  1.58847624e-06  1.70263982e-06  1.70263982e-06  1.70263982e-06  1.70263982e-06  4.01929606e-07  4.01929606e-07  1.59390110e-06  1.59390110e-06  1.59390110e-06  1.58831800e-06  1.58831800e-06  1.58831800e-06  1.59390110e-06  1.59390110e-06  1.59390110e-06  1.58831800e-06  1.58831800e-06  1.58831800e-06  1.70250147e-06  1.70250147e-06  1.70250147e-06  1.70250147e-06  4.01928600e-07  4.01928600e-07  2.32616098e-08  2.32616098e-08  2.32616098e-08  2.24101640e-08  2.24101640e-08  2.24101640e-08  2.32616098e-08  2.32616098e-08  2.32616098e-08  2.24101640e-08  2.24101640e-08  2.24101640e-08  2.16715008e-08  2.16715008e-08  2.16715008e-08  2.16715008e-08  8.98351917e-10  8.98351917e-10 
 2.13796209e+00  1.57873253e-06  1.57873253e-06  1.57873253e-06  1.57319141e-06  1.57319141e-06  1.57319141e-06  1.57873253e-06  1.57873253e-06  1.57873253e-06  1.57319141e-06  1.57319141e-06  1.57319141e-06  1.68315305e-06  1.68315305e-06  1.68315305e-06  1.68315305e-06  3.98061356e-07  3.98061356e-07  1.57856100e-06  1.57856100e-06  1.57856100e-06  1.57303164e-06  1.57303164e-06  1.57303164e-06  1.57856100e-06  1.57856100e-06  1.57856100e-06  1.57303164e-06  1.57303164e-06  1.57303164e-06  1.68301310e-06  1.68301310e-06  1.68301310e-06  1.68301310e-06  3.98060341e-07  3.98060341e-07  2.32616098e-08  2.32616098e-08  2.32616098e-08  2.24101640e-08  2.24101640e-08  2.24101640e-08  2.32616098e-08  2.32616098e-08  2.32616098e-08  2.24101640e-08  2.24101640e-08  2.24101640e-08  2.16715008e-08  2.16715008e-08  2.16715008e-08  2.16715008e-08  8.98351917e-10  8.98351917e-10 
 2.18776162e+00  1.56354174e-06  1.56354174e-06  1.56354174e-06  1.55805372e-06  1.55805372e-06  1.55805372e-06  1.56354174e-06  1.56354174e-06  1.56354174e-06  1.55805372e-06  1.55805372e-06  1.55805372e-06  1.66388937e-06  1.66388937e-06  1.66388937e-06  1.66388937e-06  3.94230336e-07  3.94230336e-07  1.56336855e-06  1.56336855e-06  1.56336855e-06  1.55789240e-06  1.55789240e-06  1.55789240e-06  1.56336855e-06  1.56336855e-06  1.56336855e-06  1.55789240e-06  1.55789240e-06  1.55789240e-06  1.66374781e-06  1.66374781e-06  1.66374781e-06  1.66374781e-06  3.94229311e-07  3.94229311e-07  2.32616098e-08  2.32616098e-08  2.32616098e-08  2.24101640e-08  2.24101640e-08  2.24101640e-08  2.32616098e-08  2.32616098e-08  2.32616098e-08  2.24101640e-08  2.24101640e-08  2.24101640e-08  2.16715008e-08  2.16715008e-08  2.16715008e-08  2.16715008e-08  8.98351917e-10  8.98351917e-10 
 2.23872114e+00  1.54849718e-06  1.54849718e-06  1.54849718e-06  1.54306175e-06  1.54306175e-06  1.54306175e-06  1.54849718e-06  1.54849718e-06  1.54849718e-06  1.54306175e-06  1.54306175e-06  1.54306175e-06  1.64484625e-06  1.64484625e-06  1.64484625e-06  1.64484625e-06  3.90436186e-07  3.90436186e-07  1.54832230e-06  1.54832230e-06  1.54832230e-06  1.54289886e-06  1.54289886e-06  1.54289886e-06  1.54832230e-06  1.54832230e-06  1.54832230e-06  1.54289886e-06  1.54289886e-06  1.54289886e-06  1.64470305e-06  1.64470305e-06  1.64470305e-06  1.64470305e-06  3.90435151e-07  3.90435151e-07  2.32616098e-08  2.32616098e-08  2.32616098e-08  2.24101640e-08  2.24101640e-08  2.24101640e-08  2.32616098e-08  2.32616098e-08  2.32616098e-08  2.24101640e-08  2.24101640e-08  2.24101640e-08  2.16715008e-08  2.16715008e-08  2.16715008e-08  2.16715008e-08  8.98351917e-10  8.98351917e-10 
 2.29086765e+00  1.53359745e-06  1.53359745e-06  1.53359745e-06  1.52821410e-06  1.52821410e-06  1.52821410e-06  1.53359745e-06  1.53359745e-06  1.53359745e-06  1.52821410e-06  1.52821410e-06  1.52821410e-06  1.62602115e-06  1.62602115e-06  1.62602115e-06  1.62602115e-06  3.86678553e-07  3.86678553e-07  1.53342087e-06  1.53342087e-06  1.53342087e-06  1.52804963e-06  1.52804963e-06  1.52804963e-06  1.53342087e-06  1.53342087e-06  1.53342087e-06  1.52804963e-06  1.52804963e-06  1.52804963e-06  1.62587629e-06  1.62587629e-06  1.62587629e-06  1.62587629e-06  3.86677508e-07  3.86677508e-07  2.32616098e-08  2.32616098e-08  2.32616098e-08  2.24101640e-08  2.24101640e-08  2.24101640e-08  2.32616098e-08  2.32616098e-08  2.32616098e-08  2.24101640e-08  2.24101640e-08  2.24101640e-08  2.16715008e-08  2.16715008e-08  2.16715008e-08  2.16715008e-08  8.98351917e-10  8.98351917e-10 
 2.34422882e+00  1.51884114e-06  1.51884114e-06  1.51884114e-06  1.51350937e-06  1.51350937e-06  1.51350937e-06  1.51884114e-06  1.51884114e-06  1.51884114e-06  1.51350937e-06  1.51350937e-06  1.51350937e-06  1.60741157e-06  1.60741157e-06  1.60741157e-06  1.60741157e-06  3.82957084e-07  3.82957084e-07  1.51866285e-06  1.51866285e-06  1.51866285e-06  1.51334330e-06  1.51334330e-06  1.51334330e-06  1.51866285e-06  1.51866285e-06  1.51866285e-06  1.51334330e-06  1.51334330e-06  1.51334330e-06  1.60726503e-06  1.60726503e-06  1.60726503e-06  1.60726503e-06  3.82956029e-07  3.82956029e-07  2.32616098e-08  2.32616098e-08  2.32616098e-08  2.24101640e-08  2.24101640e-08  2.24101640e-08  2.32616098e-08  2.32616098e-08  2.32616098e-08  2.24101640e-08  2.24101640e-08  2.24101640e-08  2.16715008e-08  2.16715008e-08  2.16715008e-08  2.16715008e-08  8.98351917e-10  8.98351917e-10 
 2.39883292e+00  1.50422689e-06  1.50422689e-06  1.50422689e-06  1.49894620e-06  1.49894620e-06  1.49894620e-06  1.50422689e-06  1.50422689e-06  1.50422689e-06  1.49894620e-06  1.49894620e-06  1.49894620e-06  1.58901506e-06  1.58901506e-06  1.58901506e-06  1.58901506e-06  3.79271431e-07  3.79271431e-07  1.50404687e-06  1.50404687e-06  1.50404687e-06  1.49877852e-06  1.49877852e-06  1.49877852e-06  1.50404687e-06  1.50404687e-06  1.50404687e-06  1.49877852e-06  1.49877852e-06  1.49877852e-06  1.58886682e-06  1.58886682e-06  1.58886682e-06  1.58886682e-06  3.79270366e-07  3.79270366e-07  2.32616098e-08  2.32616098e-08  2.32616098e-08  2.24101640e-08  2.24101640e-08  2.24101640e-08  2.32616098e-08  2.32616098e-08  2.32616098e-08  2.24101640e-08  2.24101640e-08  2.24101640e-08  2.16715008e-08  2.16715008e-08  2.16715008e-08  2.16715008e-08  8.98351917e-10  8.98351917e-10 
 2.45470892e+00  1.48975333e-06  1.48975333e-06  1.48975333e-06  1.48452322e-06  1.48452322e-06  1.48452322e-06  1.48975333e-06  1.48975333e-06  1.48975333e-06  1.48452322e-06  1.48452322e-06  1.48452322e-06  1.57082917e-06  1.57082917e-06  1.57082917e-06  1.57082917e-06  3.75621251e-07  3.75621251e-07  1.48957155e-06  1.48957155e-06  1.48957155e-06  1.48435390e-06  1.48435390e-06  1.48435390e-06  1.48957155e-06  1.48957155e-06  1.48957155e-06  1.48435390e-06  1.48435390e-06  1.48435390e-06  1.57067921e-06  1.57067921e-06  1.57067921e-06  1.57067921e-06  3.75620175e-07  3.75620175e-07  2.32616098e-08  2.32616098e-08  2.32616098e-08  2.24101640e-08  2.24101640e-08  2.24101640e-08  2.32616098e-08  2.32616098e-08  2.32616098e-08  2.24101640e-08  2.24101640e-08  2.24101640e-08  2.16715008e-08  2.16715008e-08  2.16715008e-08  2.16715008e-08  8.98351917e-10  8.98351917e-10 
 2.51188643e+00  1.47541909e-06  1.47541909e-06  1.47541909e-06  1.47023908e-06  1.47023908e-06  1.47023908e-06  1.47541909e-06  1.47541909e-06  1.47541909e-06  1.47023908e-06  1.47023908e-06  1.47023908e-06  1.55285149e-06  1.55285149e-06  1.55285149e-06  1.55285149e-06  3.72006201e-07  3.72006201e-07  1.47523555e-06  1.47523555e-06  1.47523555e-06  1.47006812e-06  1.47006812e-06  1.47006812e-06  1.47523555e-06  1.47523555e-06  1.47523555e-06  1.47006812e-06  1.47006812e-06  1.47006812e-06  1.55269980e-06  1.55269980e-06  1.55269980e-06  1.55269980e-06  3.72005114e-07  3.72005114e-07  2.32616098e-08  2.32616098e-08  2.32616098e-08  2.24101640e-08  2.24101640e-08  2.24101640e-08  2.32616098e-08  2.32616098e-08  2.32616098e-08  2.24101640e-08  2.24101640e-08  2.24101640e-08  2.16715008e-08  2.16715008e-08  2.16715008e-08  2.16715008e-08  8.98351917e-10  8.98351917e-10 
 2.57039578e+00  1.46122285e-06  1.46122285e-06  1.46122285e-06  1.45609244e-06  1.45609244e-06  1.45609244e-06  1.46122285e-06  1.46122285e-06  1.46122285e-06  1.45609244e-06  1.45609244e-06  1.45609244e-06  1.53507964e-06  1.53507964e-06  1.53507964e-06  1.53507964e-06  3.68425943e-07  3.68425943e-07  1.46103752e-06  1.46103752e-06  1.46103752e-06  1.45591982e-06  1.45591982e-06  1.45591982e-06  1.46103752e-06  1.46103752e-06  1.46103752e-06  1.45591982e-06  1.45591982e-06  1.45591982e-06  1.53492619e-06  1.53492619e-06  1.53492619e-06  1.53492619e-06  3.68424846e-07  3.68424846e-07  2.32616098e-08  2.32616098e-08  2.32616098e-08  2.24101640e-08  2.24101640e-08  2.24101640e-08  2.32616098e-08  2.32616098e-08  2.32616098e-08  2.24101640e-08  2.24101640e-08  2.24101640e-08  2.16715008e-08  2.16715008e-08  2.16715008e-08  2.16715008e-08  8.98351917e-10  8.98351917e-10 
 2.63026799e+00  1.44716326e-06  1.44716326e-06  1.44716326e-06  1.44208199e-06  1.44208199e-06  1.44208199e-06  1.44716326e-06  1.44716326e-06  1.44716326e-06  1.44208199e-06  1.44208199e-06  1.44208199e-06  1.51751126e-06  1.51751126e-06  1.51751126e-06  1.51751126e-06  3.64880143e-07  3.64880143e-07  1.44697614e-06  1.44697614e-06  1.44697614e-06  1.44190769e-06  1.44190769e-06  1.44190769e-06  1.44697614e-06  1.44697614e-06  1.44697614e-06  1.44190769e-06  1.44190769e-06  1.44190769e-06  1.51735604e-06  1.51735604e-06  1.51735604e-06  1.51735604e-06  3.64879035e-07  3.64879035e-07  2.32616098e-08  2.32616098e-08  2.32616098e-08  2.24101640e-08  2.24101640e-08  2.24101640e-08  2.32616098e-08  2.32616098e-08  2.32616098e-08  2.24101640e-08  2.24101640e-08  2.24101640e-08  2.16715008e-08  2.16715008e-08  2.16715008e-08  2.16715008e-08  8.98351917e-10  8.98351917e-10 
 2.69153480e+00  1.43323903e-06  1.43323903e-06  1.43323903e-06  1.42820641e-06  1.42820641e-06  1.42820641e-06  1.43323903e-06  1.43323903e-06  1.43323903e-06  1.42820641e-06  1.42820641e-06  1.42820641e-06  1.50014402e-06  1.50014402e-06  1.50014402e-06  1.50014402e-06  3.61368468e-07  3.61368468e-07  1.43305009e-06  1.43305009e-06  1.43305009e-06  1.42803042e-06  1.42803042e-06  1.42803042e-06  1.43305009e-06  1.43305009e-06  1.43305009e-06  1.42803042e-06  1.42803042e-06  1.42803042e-06  1.49998701e-06  1.49998701e-06  1.49998701e-06  1.49998701e-06  3.61367350e-07  3.61367350e-07  2.32616098e-08  2.32616098e-08  2.32616098e-08  2.24101640e-08  2.24101640e-08  2.24101640e-08  2.32616098e-08  2.32616098e-08  2.32616098e-08  2.24101640e-08  2.24101640e-08  2.24101640e-08  2.16715008e-08  2.16715008e-08  2.16715008e-08  2.16715008e-08  8.98351917e-10  8.98351917e-10 
 2.75422870e+00  1.41944884e-06  1.41944884e-06  1.41944884e-06  1.41446441e-06  1.41446441e-06  1.41446441e-06  1.41944884e-06  1.41944884e-06  1.41944884e-06  1.41446441e-06  1.41446441e-06  1.41446441e-06  1.48297563e-06  1.48297563e-06  1.48297563e-06  1.48297563e-06  3.57890591e-07  3.57890591e-07  1.41925806e-06  1.41925806e-06  1.41925806e-06  1.41428671e-06  1.41428671e-06  1.41428671e-06  1.41925806e-06  1.41925806e-06  1.41925806e-06  1.41428671e-06  1.41428671e-06  1.41428671e-06  1.48281680e-06  1.48281680e-06  1.48281680e-06  1.48281680e-06  3.57889462e-07  3.57889462e-07  2.32616098e-08  2.32616098e-08  2.32616098e-08  2.24101640e-08  2.24101640e-08  2.24101640e-08  2.32616098e-08  2.32616098e-08  2.32616098e-08  2.24101640e-08  2.24101640e-08  2.24101640e-08  2.16715008e-08  2.16715008e-08  2.16715008e-08  2.16715008e-08  8.98351917e-10  8.98351917e-10 
 2.81838293e+00  1.40579141e-06  1.40579141e-06  1.40579141e-06  1.40085469e-06  1.40085469e-06  1.40085469e-06  1.40579141e-06  1.40579141e-06  1.40579141e-06  1.40085469e-06  1.40085469e-06  1.40085469e-06  1.46600381e-06  1.46600381e-06  1.46600381e-06  1.46600381e-06  3.54446186e-07  3.54446186e-07  1.40559878e-06  1.40559878e-06  1.40559878e-06  1.40067526e-06  1.40067526e-06  1.40067526e-06  1.40559878e-06  1.40559878e-06  1.40559878e-06  1.40067526e-06  1.40067526e-06  1.40067526e-06  1.46584313e-06  1.46584313e-06  1.46584313e-06  1.46584313e-06  3.54445046e-07  3.54445046e-07  2.32616098e-08  2.32616098e-08  2.32616098e-08  2.24101640e-08  2.24101640e-08  2.24101640e-08  2.32616098e-08  2.32616098e-08  2.32616098e-08  2.24101640e-08  2.24101640e-08  2.24101640e-08  2.16715008e-08  2.16715008e-08  2.16715008e-08  2.16715008e-08  8.98351917e-10  8.98351917e-10 
 2.88403150e+00  1.39226545e-06  1.39226545e-06  1.39226545e-06  1.38737599e-06  1.38737599e-06  1.38737599e-06  1.39226545e-06  1.39226545e-06  1.39226545e-06  1.38737599e-06  1.38737599e-06  1.38737599e-06  1.44922630e-06  1.44922630e-06  1.44922630e-06  1.44922630e-06  3.51034931e-07  3.51034931e-07  1.39207095e-06  1.39207095e-06  1.39207095e-06  1.38719482e-06  1.38719482e-06  1.38719482e-06  1.39207095e-06  1.39207095e-06  1.39207095e-06  1.38719482e-06  1.38719482e-06  1.38719482e-06  1.44906376e-06  1.44906376e-06  1.44906376e-06  1.44906376e-06  3.51033780e-07  3.51033780e-07  2.32616098e-08  2.32616098e-08  2.32616098e-08  2.24101640e-08  2.24101640e-08  2.24101640e-08  2.32616098e-08  2.32616098e-08  2.32616098e-08  2.24101640e-08  2.24101640e-08  2.24101640e-08  2.16715008e-08  2.16715008e-08  2.16715008e-08  2.16715008e-08  8.98351917e-10  8.98351917e-10 
 2.95120923e+00  1.37886971e-06  1.37886971e-06  1.37886971e-06  1.37402705e-06  1.37402705e-06  1.37402705e-06  1.37886971e-06  1.37886971e-06  1.37886971e-06  1.37402705e-06  1.37402705e-06  1.37402705e-06  1.43264089e-06  1.43264089e-06  1.43264089e-06  1.43264089e-06  3.47656507e-07  3.47656507e-07  1.37867332e-06  1.37867332e-06  1.37867332e-06  1.37384412e-06  1.37384412e-06  1.37384412e-06  1.37867332e-06  1.37867332e-06  1.37867332e-06  1.37384412e-06  1.37384412e-06  1.37384412e-06  1.43247647e-06  1.43247647e-06  1.43247647e-06  1.43247647e-06  3.47655345e-07  3.47655345e-07  2.32616098e-08  2.32616098e-08  2.32616098e-08  2.24101640e-08  2.24101640e-08  2.24101640e-08  2.32616098e-08  2.32616098e-08  2.32616098e-08  2.24101640e-08  2.24101640e-08  2.24101640e-08  2.16715008e-08  2.16715008e-08  2.16715008e-08  2.16715008e-08  8.98351917e-10  8.98351917e-10 
 3.01995172e+00  1.36560293e-06  1.36560293e-06  1.36560293e-06  1.36080662e-06  1.36080662e-06  1.36080662e-06  1.36560293e-06  1.36560293e-06  1.36560293e-06  1.36080662e-06  1.36080662e-06  1.36080662e-06  1.41624537e-06  1.41624537e-06  1.41624537e-06  1.41624537e-06  3.44310598e-07  3.44310598e-07  1.36540463e-06  1.36540463e-06  1.36540463e-06  1.36062191e-06  1.36062191e-06  1.36062191e-06  1.36540463e-06  1.36540463e-06  1.36540463e-06  1.36062191e-06  1.36062191e-06  1.36062191e-06  1.41607905e-06  1.41607905e-06  1.41607905e-06  1.41607905e-06  3.44309425e-07  3.44309425e-07  2.32616098e-08  2.32616098e-08  2.32616098e-08  2.24101640e-08  2.24101640e-08  2.24101640e-08  2.32616098e-08  2.32616098e-08  2.32616098e-08  2.24101640e-08  2.24101640e-08  2.24101640e-08  2.16715008e-08  2.16715008e-08  2.16715008e-08  2.16715008e-08  8.98351917e-10  8.98351917e-10 
 3.09029543e+00  1.35246387e-06  1.35246387e-06  1.35246387e-06  1.34771345e-06  1.34771345e-06  1.34771345e-06  1.35246387e-06  1.35246387e-06  1.35246387e-06  1.34771345e-06  1.34771345e-06  1.34771345e-06  1.40003757e-06  1.40003757e-06  1.40003757e-06  1.40003757e-06  3.40996892e-07  3.40996892e-07  1.35226364e-06  1.35226364e-06  1.35226364e-06  1.34752695e-06  1.34752695e-06  1.34752695e-06  1.35226364e-06  1.35226364e-06  1.35226364e-06  1.34752695e-06  1.34752695e-06  1.34752695e-06  1.39986932e-06  1.39986932e-06  1.39986932e-06  1.39986932e-06  3.40995706e-07  3.40995706e-07  2.32616098e-08  2.32616098e-08  2.32616098e-08  2.24101640e-08  2.24101640e-08  2.24101640e-08  2.32616098e-08  2.32616098e-08  2.32616098e-08  2.24101640e-08  2.24101640e-08  2.24101640e-08  2.16715008e-08  2.16715008e-08  2.16715008e-08  2.16715008e-08  8.98351917e-10  8.98351917e-10 
 3.16227766e+00  1.33945129e-06  1.33945129e-06  1.33945129e-06  1.33474634e-06  1.33474634e-06  1.33474634e-06  1.33945129e-06  1.33945129e-06  1.33945129e-06  1.33474634e-06  1.33474634e-06  1.33474634e-06  1.38401535e-06  1.38401535e-06  1.38401535e-06  1.38401535e-06  3.37715077e-07  3.37715077e-07  1.33924912e-06  1.33924912e-06  1.33924912e-06  1.33455802e-06  1.33455802e-06  1.33455802e-06  1.33924912e-06  1.33924912e-06  1.33924912e-06  1.33455802e-06  1.33455802e-06  1.33455802e-06  1.38384515e-06  1.38384515e-06  1.38384515e-06  1.38384515e-06  3.37713880e-07  3.37713880e-07  2.32616098e-08  2.32616098e-08  2.32616098e-08  2.24101640e-08  2.24101640e-08  2.24101640e-08  2.32616098e-08  2.32616098e-08  2.32616098e-08  2.24101640e-08  2.24101640e-08  2.24101640e-08  2.16715008e-08  2.16715008e-08  2.16715008e-08  2.16715008e-08  8.98351917e-10  8.98351917e-10 
 3.23593657e+00  1.32656400e-06  1.32656400e-06  1.32656400e-06  1.32190405e-06  1.32190405e-06  1.32190405e-06  1.32656400e-06  1.32656400e-06  1.32656400e-06  1.32190405e-06  1.32190405e-06  1.32190405e-06  1.36817657e-06  1.36817657e-06  1.36817657e-06  1.36817657e-06  3.34464847e-07  3.34464847e-07  1.32635986e-06  1.32635986e-06  1.32635986e-06  1.32171390e-06  1.32171390e-06  1.32171390e-06  1.32635986e-06  1.32635986e-06  1.32635986e-06  1.32171390e-06  1.32171390e-06  1.32171390e-06  1.36800441e-06  1.36800441e-06  1.36800441e-06  1.36800441e-06  3.34463639e-07  3.34463639e-07  2.32616098e-08  2.32616098e-08  2.32616098e-08  2.24101640e-08  2.24101640e-08  2.24101640e-08  2.32616098e-08  2.32616098e-08  2.32616098e-08  2.24101640e-08  2.24101640e-08  2.24101640e-08  2.16715008e-08  2.16715008e-08  2.16715008e-08  2.16715008e-08  8.98351917e-10  8.98351917e-10 
 3.31131121e+00  1.31380077e-06  1.31380077e-06  1.31380077e-06  1.30918540e-06  1.30918540e-06  1.30918540e-06  1.31380077e-06  1.31380077e-06  1.31380077e-06  1.30918540e-06  1.30918540e-06  1.30918540e-06  1.35251915e-06  1.35251915e-06  1.35251915e-06  1.35251915e-06  3.31245899e-07  3.31245899e-07  1.31359465e-06  1.31359465e-06  1.31359465e-06  1.30899341e-06  1.30899341e-06  1.30899341e-06  1.31359465e-06  1.31359465e-06  1.31359465e-06  1.30899341e-06  1.30899341e-06  1.30899341e-06  1.35234499e-06  1.35234499e-06  1.35234499e-06  1.35234499e-06  3.31244679e-07  3.31244679e-07  2.32616098e-08  2.32616098e-08  2.32616098e-08  2.24101640e-08  2.24101640e-08  2.24101640e-08  2.32616098e-08  2.32616098e-08  2.32616098e-08  2.24101640e-08  2.24101640e-08  2.24101640e-08  2.16715008e-08  2.16715008e-08  2.16715008e-08  2.16715008e-08  8.98351917e-10  8.98351917e-10 
 3.38844156e+00  1.30116041e-06  1.30116041e-06  1.30116041e-06  1.29658919e-06  1.29658919e-06  1.29658919e-06  1.30116041e-06  1.30116041e-06  1.30116041e-06  1.29658919e-06  1.29658919e-06  1.29658919e-06  1.33704100e-06  1.33704100e-06  1.33704100e-06  1.33704100e-06  3.28057931e-07  3.28057931e-07  1.30095229e-06  1.30095229e-06  1.30095229e-06  1.29639533e-06  1.29639533e-06  1.29639533e-06  1.30095229e-06  1.30095229e-06  1.30095229e-06  1.29639533e-06  1.29639533e-06  1.29639533e-06  1.33686483e-06  1.33686483e-06  1.33686483e-06  1.33686483e-06  3.28056699e-07  3.28056699e-07  2.32616098e-08  2.32616098e-08  2.32616098e-08  2.24101640e-08  2.24101640e-08  2.24101640e-08  2.32616098e-08  2.32616098e-08  2.32616098e-08  2.24101640e-08  2.24101640e-08  2.24101640e-08  2.16715008e-08  2.16715008e-08  2.16715008e-08  2.16715008e-08  8.98351917e-10  8.98351917e-10 
 3.46736850e+00  1.28864175e-06  1.28864175e-06  1.28864175e-06  1.28411425e-06  1.28411425e-06  1.28411425e-06  1.28864175e-06  1.28864175e-06  1.28864175e-06  1.28411425e-06  1.28411425e-06  1.28411425e-06  1.32174008e-06  1.32174008e-06  1.32174008e-06  1.32174008e-06  3.24900645e-07  3.24900645e-07  1.28843161e-06  1.28843161e-06  1.28843161e-06  1.28391851e-06  1.28391851e-06  1.28391851e-06  1.28843161e-06  1.28843161e-06  1.28843161e-06  1.28391851e-06  1.28391851e-06  1.28391851e-06  1.32156186e-06  1.32156186e-06  1.32156186e-06  1.32156186e-06  3.24899401e-07  3.24899401e-07  2.32616098e-08  2.32616098e-08  2.32616098e-08  2.24101640e-08  2.24101640e-08  2.24101640e-08  2.32616098e-08  2.32616098e-08  2.32616098e-08  2.24101640e-08  2.24101640e-08  2.24101640e-08  2.16715008e-08  2.16715008e-08  2.16715008e-08  2.16715008e-08  8.98351917e-10  8.98351917e-10 
 3.54813389e+00  1.27624361e-06  1.27624361e-06  1.27624361e-06  1.27175941e-06  1.27175941e-06  1.27175941e-06  1.27624361e-06  1.27624361e-06  1.27624361e-06  1.27175941e-06  1.27175941e-06  1.27175941e-06  1.30661435e-06  1.30661435e-06  1.30661435e-06  1.30661435e-06  3.21773746e-07  3.21773745e-07  1.27603143e-06  1.27603143e-06  1.27603143e-06  1.27156176e-06  1.27156176e-06  1.27156176e-06  1.27603143e-06  1.27603143e-06  1.27603143e-06  1.27156176e-06  1.27156176e-06  1.27156176e-06  1.30643407e-06  1.30643407e-06  1.30643407e-06  1.30643407e-06  3.21772490e-07  3.21772490e-07  2.32616098e-08  2.32616098e-08  2.32616098e-08  2.24101640e-08  2.24101640e-08  2.24101640e-08  2.32616098e-08  2.32616098e-08  2.32616098e-08  2.24101640e-08  2.24101640e-08  2.24101640e-08  2.16715008e-08  2.16715008e-08  2.16715008e-08  2.16715008e-08  8.98351917e-10  8.98351917e-10 
 3.63078055e+00  1.26396484e-06  1.26396484e-06  1.26396484e-06  1.25952350e-06  1.25952350e-06  1.25952350e-06  1.26396484e-06  1.26396484e-06  1.26396484e-06  1.25952350e-06  1.25952350e-06  1.25952350e-06  1.29166181e-06  1.29166181e-06  1.29166181e-06  1.29166181e-06  3.18676940e-07  3.18676940e-07  1.26375059e-06  1.26375059e-06  1.26375059e-06  1.25932394e-06  1.25932394e-06  1.25932394e-06  1.26375059e-06  1.26375059e-06  1.26375059e-06  1.25932394e-06  1.25932394e-06  1.25932394e-06  1.29147944e-06  1.29147944e-06  1.29147944e-06  1.29147944e-06  3.18675672e-07  3.18675672e-07  2.32616098e-08  2.32616098e-08  2.32616098e-08  2.24101640e-08  2.24101640e-08  2.24101640e-08  2.32616098e-08  2.32616098e-08  2.32616098e-08  2.24101640e-08  2.24101640e-08  2.24101640e-08  2.16715008e-08  2.16715008e-08  2.16715008e-08  2.16715008e-08  8.98351917e-10  8.98351917e-10 
 3.71535229e+00  1.25180427e-06  1.25180427e-06  1.25180427e-06  1.24740540e-06  1.24740540e-06  1.24740540e-06  1.25180427e-06  1.25180427e-06  1.25180427e-06  1.24740540e-06  1.24740540e-06  1.24740540e-06  1.27688047e-06  1.27688047e-06  1.27688047e-06  1.27688047e-06  3.15609940e-07  3.15609940e-07  1.25158794e-06  1.25158794e-06  1.25158794e-06  1.24720390e-06  1.24720390e-06  1.24720390e-06  1.25158794e-06  1.25158794e-06  1.25158794e-06  1.24720390e-06  1.24720390e-06  1.24720390e-06  1.27669600e-06  1.27669600e-06  1.27669600e-06  1.27669600e-06  3.15608660e-07  3.15608660e-07  2.32616098e-08  2.32616098e-08  2.32616098e-08  2.24101640e-08  2.24101640e-08  2.24101640e-08  2.32616098e-08  2.32616098e-08  2.32616098e-08  2.24101640e-08  2.24101640e-08  2.24101640e-08  2.16715008e-08  2.16715008e-08  2.16715008e-08  2.16715008e-08  8.98351917e-10  8.98351917e-10 
 3.80189396e+00  1.23976079e-06  1.23976079e-06  1.23976079e-06  1.23540396e-06  1.23540396e-06  1.23540396e-06  1.23976079e-06  1.23976079e-06  1.23976079e-06  1.23540396e-06  1.23540396e-06  1.23540396e-06  1.26226839e-06  1.26226839e-06  1.26226839e-06  1.26226839e-06  3.12572457e-07  3.12572457e-07  1.23954235e-06  1.23954235e-06  1.23954235e-06  1.23520050e-06  1.23520050e-06  1.23520050e-06  1.23954235e-06  1.23954235e-06  1.23954235e-06  1.23520050e-06  1.23520050e-06  1.23520050e-06  1.26208178e-06  1.26208178e-06  1.26208178e-06  1.26208178e-06  3.12571165e-07  3.12571165e-07  2.32616098e-08  2.32616098e-08  2.32616098e-08  2.24101640e-08  2.24101640e-08  2.24101640e-08  2.32616098e-08  2.32616098e-08  2.32616098e-08  2.24101640e-08  2.24101640e-08  2.24101640e-08  2.16715008e-08  2.16715008e-08  2.16715008e-08  2.16715008e-08  8.98351917e-10  8.98351917e-10 
 3.89045145e+00  1.22783325e-06  1.22783325e-06  1.22783325e-06  1.22351807e-06  1.22351807e-06  1.22351807e-06  1.22783325e-06  1.22783325e-06  1.22783325e-06  1.22351807e-06  1.22351807e-06  1.22351807e-06  1.24782362e-06  1.24782362e-06  1.24782362e-06  1.24782362e-06  3.09564208e-07  3.09564208e-07  1.22761269e-06  1.22761269e-06  1.22761269e-06  1.22331263e-06  1.22331263e-06  1.22331263e-06  1.22761269e-06  1.22761269e-06  1.22761269e-06  1.22331263e-06  1.22331263e-06  1.22331263e-06  1.24763485e-06  1.24763485e-06  1.24763485e-06  1.24763485e-06  3.09562903e-07  3.09562903e-07  2.32616098e-08  2.32616098e-08  2.32616098e-08  2.24101640e-08  2.24101640e-08  2.24101640e-08  2.32616098e-08  2.32616098e-08  2.32616098e-08  2.24101640e-08  2.24101640e-08  2.24101640e-08  2.16715008e-08  2.16715008e-08  2.16715008e-08  2.16715008e-08  8.98351917e-10  8.98351917e-10 
 3.98107171e+00  1.21602055e-06  1.21602055e-06  1.21602055e-06  1.21174660e-06  1.21174660e-06  1.21174660e-06  1.21602055e-06  1.21602055e-06  1.21602055e-06  1.21174660e-06  1.21174660e-06  1.21174660e-06  1.23354425e-06  1.23354425e-06  1.23354425e-06  1.23354425e-06  3.06584912e-07  3.06584912e-07  1.21579785e-06  1.21579785e-06  1.21579785e-06  1.21153917e-06  1.21153917e-06  1.21153917e-06  1.21579785e-06  1.21579785e-06  1.21579785e-06  1.21153917e-06  1.21153917e-06  1.21153917e-06  1.23335329e-06  1.23335329e-06  1.23335329e-06  1.23335329e-06  3.06583594e-07  3.06583594e-07  2.32616098e-08  2.32616098e-08  2.32616098e-08  2.24101640e-08  2.24101640e-08  2.24101640e-08  2.32616098e-08  2.32616098e-08  2.32616098e-08  2.24101640e-08  2.24101640e-08  2.24101640e-08  2.16715008e-08  2.16715008e-08  2.16715008e-08  2.16715008e-08  8.98351917e-10  8.98351917e-10 
 4.07380278e+00  1.20432157e-06  1.20432157e-06  1.20432157e-06  1.20008847e-06  1.20008847e-06  1.20008847e-06  1.20432157e-06  1.20432157e-06  1.20432157e-06  1.20008847e-06  1.20008847e-06  1.20008847e-06  1.21942838e-06  1.21942838e-06  1.21942838e-06  1.21942838e-06  3.03634289e-07  3.03634289e-07  1.20409671e-06  1.20409671e-06  1.20409671e-06  1.19987902e-06  1.19987902e-06  1.19987902e-06  1.20409671e-06  1.20409671e-06  1.20409671e-06  1.19987902e-06  1.19987902e-06  1.19987902e-06  1.21923521e-06  1.21923521e-06  1.21923521e-06  1.21923521e-06  3.03632958e-07  3.03632958e-07  2.32616098e-08  2.32616098e-08  2.32616098e-08  2.24101640e-08  2.24101640e-08  2.24101640e-08  2.32616098e-08  2.32616098e-08  2.32616098e-08  2.24101640e-08  2.24101640e-08  2.24101640e-08  2.16715008e-08  2.16715008e-08  2.16715008e-08  2.16715008e-08  8.98351917e-10  8.98351917e-10 
 4.16869383e+00  1.19273524e-06  1.19273524e-06  1.19273524e-06  1.18854257e-06  1.18854257e-06  1.18854257e-06  1.19273524e-06  1.19273524e-06  1.19273524e-06  1.18854257e-06  1.18854257e-06  1.18854257e-06  1.20547415e-06  1.20547415e-06  1.20547415e-06  1.20547415e-06  3.00712064e-07  3.00712064e-07  1.19250819e-06  1.19250819e-06  1.19250819e-06  1.18833109e-06  1.18833109e-06  1.18833109e-06  1.19250819e-06  1.19250819e-06  1.19250819e-06  1.18833109e-06  1.18833109e-06  1.18833109e-06  1.20527874e-06  1.20527874e-06  1.20527874e-06  1.20527874e-06  3.00710720e-07  3.00710720e-07  2.32616098e-08  2.32616098e-08  2.32616098e-08  2.24101640e-08  2.24101640e-08  2.24101640e-08  2.32616098e-08  2.32616098e-08  2.32616098e-08  2.24101640e-08  2.24101640e-08  2.24101640e-08  2.16715008e-08  2.16715008e-08  2.16715008e-08  2.16715008e-08  8.98351917e-10  8.98351917e-10 
 4.26579519e+00  1.18126045e-06  1.18126045e-06  1.18126045e-06  1.17710784e-06  1.17710784e-06  1.17710784e-06  1.18126045e-06  1.18126045e-06  1.18126045e-06  1.17710784e-06  1.17710784e-06  1.17710784e-06  1.19167970e-06  1.19167970e-06  1.19167970e-06  1.19167970e-06  2.97817963e-07  2.97817963e-07  1.18103120e-06  1.18103120e-06  1.18103120e-06  1.17689430e-06  1.17689430e-06  1.17689430e-06  1.18103120e-06  1.18103120e-06  1.18103120e-06  1.17689430e-06  1.17689430e-06  1.17689430e-06  1.19148203e-06  1.19148203e-06  1.19148203e-06  1.19148203e-06  2.97816607e-07  2.97816607e-07  2.32616098e-08  2.32616098e-08  2.32616098e-08  2.24101640e-08  2.24101640e-08  2.24101640e-08  2.32616098e-08  2.32616098e-08  2.32616098e-08  2.24101640e-08  2.24101640e-08  2.24101640e-08  2.16715008e-08  2.16715008e-08  2.16715008e-08  2.16715008e-08  8.98351917e-10  8.98351917e-10 
 4.36515832e+00  1.16989614e-06  1.16989614e-06  1.16989614e-06  1.16578319e-06  1.16578319e-06  1.16578319e-06  1.16989614e-06  1.16989614e-06  1.16989614e-06  1.16578319e-06  1.16578319e-06  1.16578319e-06  1.17804320e-06  1.17804320e-06  1.17804320e-06  1.17804320e-06  2.94951717e-07  2.94951717e-07  1.16966466e-06  1.16966466e-06  1.16966466e-06  1.16556758e-06  1.16556758e-06  1.16556758e-06  1.16966466e-06  1.16966466e-06  1.16966466e-06  1.16556758e-06  1.16556758e-06  1.16556758e-06  1.17784325e-06  1.17784325e-06  1.17784325e-06  1.17784325e-06  2.94950347e-07  2.94950347e-07  2.32616098e-08  2.32616098e-08  2.32616098e-08  2.24101640e-08  2.24101640e-08  2.24101640e-08  2.32616098e-08  2.32616098e-08  2.32616098e-08  2.24101640e-08  2.24101640e-08  2.24101640e-08  2.16715008e-08  2.16715008e-08  2.16715008e-08  2.16715008e-08  8.98351917e-10  8.98351917e-10 
 4.46683592e+00  1.15864125e-06  1.15864125e-06  1.15864125e-06  1.15456758e-06  1.15456758e-06  1.15456758e-06  1.15864125e-06  1.15864125e-06  1.15864125e-06  1.15456758e-06  1.15456758e-06  1.15456758e-06  1.16456286e-06  1.16456286e-06  1.16456286e-06  1.16456286e-06  2.92113056e-07  2.92113056e-07  1.15840753e-06  1.15840753e-06  1.15840753e-06  1.15434987e-06  1.15434987e-06  1.15434987e-06  1.15840753e-06  1.15840753e-06  1.15840753e-06  1.15434987e-06  1.15434987e-06  1.15434987e-06  1.16436059e-06  1.16436059e-06  1.16436059e-06  1.16436059e-06  2.92111672e-07  2.92111672e-07  2.32616098e-08  2.32616098e-08  2.32616098e-08  2.24101640e-08  2.24101640e-08  2.24101640e-08  2.32616098e-08  2.32616098e-08  2.32616098e-08  2.24101640e-08  2.24101640e-08  2.24101640e-08  2.16715008e-08  2.16715008e-08  2.16715008e-08  2.16715008e-08  8.98351917e-10  8.98351917e-10 
 4.57088190e+00  1.14749473e-06  1.14749473e-06  1.14749473e-06  1.14345995e-06  1.14345995e-06  1.14345995e-06  1.14749473e-06  1.14749473e-06  1.14749473e-06  1.14345995e-06  1.14345995e-06  1.14345995e-06  1.15123688e-06  1.15123688e-06  1.15123688e-06  1.15123688e-06  2.89301715e-07  2.89301715e-07  1.14725873e-06  1.14725873e-06  1.14725873e-06  1.14324013e-06  1.14324013e-06  1.14324013e-06  1.14725873e-06  1.14725873e-06  1.14725873e-06  1.14324013e-06  1.14324013e-06  1.14324013e-06  1.15103226e-06  1.15103226e-06  1.15103226e-06  1.15103226e-06  2.89300318e-07  2.89300318e-07  2.32616098e-08  2.32616098e-08  2.32616098e-08  2.24101640e-08  2.24101640e-08  2.24101640e-08  2.32616098e-08  2.32616098e-08  2.32616098e-08  2.24101640e-08  2.24101640e-08  2.24101640e-08  2.16715008e-08  2.16715008e-08  2.16715008e-08  2.16715008e-08  8.98351917e-10  8.98351917e-10 
 4.67735141e+00  1.13645552e-06  1.13645552e-06  1.13645552e-06  1.13245926e-06  1.13245926e-06  1.13245926e-06  1.13645552e-06  1.13645552e-06  1.13645552e-06  1.13245926e-06  1.13245926e-06  1.13245926e-06  1.13806349e-06  1.13806349e-06  1.13806349e-06  1.13806349e-06  2.86517431e-07  2.86517431e-07  1.13621723e-06  1.13621723e-06  1.13621723e-06  1.13223730e-06  1.13223730e-06  1.13223730e-06  1.13621723e-06  1.13621723e-06  1.13621723e-06  1.13223730e-06  1.13223730e-06  1.13223730e-06  1.13785650e-06  1.13785650e-06  1.13785650e-06  1.13785650e-06  2.86516021e-07  2.86516021e-07  2.32616098e-08  2.32616098e-08  2.32616098e-08  2.24101640e-08  2.24101640e-08  2.24101640e-08  2.32616098e-08  2.32616098e-08  2.32616098e-08  2.24101640e-08  2.24101640e-08  2.24101640e-08  2.16715008e-08  2.16715008e-08  2.16715008e-08  2.16715008e-08  8.98351917e-10  8.98351917e-10 
 4.78630092e+00  1.12552260e-06  1.12552260e-06  1.12552260e-06  1.12156449e-06  1.12156449e-06  1.12156449e-06  1.12552260e-06  1.12552260e-06  1.12552260e-06  1.12156449e-06  1.12156449e-06  1.12156449e-06  1.12504095e-06  1.12504095e-06  1.12504095e-06  1.12504095e-06  2.83759944e-07  2.83759944e-07  1.12528200e-06  1.12528200e-06  1.12528200e-06  1.12134037e-06  1.12134037e-06  1.12134037e-06  1.12528200e-06  1.12528200e-06  1.12528200e-06  1.12134037e-06  1.12134037e-06  1.12134037e-06  1.12483157e-06  1.12483157e-06  1.12483157e-06  1.12483157e-06  2.83758520e-07  2.83758520e-07  2.32616098e-08  2.32616098e-08  2.32616098e-08  2.24101640e-08  2.24101640e-08  2.24101640e-08  2.32616098e-08  2.32616098e-08  2.32616098e-08  2.24101640e-08  2.24101640e-08  2.24101640e-08  2.16715008e-08  2.16715008e-08  2.16715008e-08  2.16715008e-08  8.98351917e-10  8.98351917e-10 
 4.89778819e+00  1.11469495e-06  1.11469495e-06  1.11469495e-06  1.11077461e-06  1.11077461e-06  1.11077461e-06  1.11469495e-06  1.11469495e-06  1.11469495e-06  1.11077461e-06  1.11077461e-06  1.11077461e-06  1.11216753e-06  1.11216753e-06  1.11216753e-06  1.11216753e-06  2.81028997e-07  2.81028997e-07  1.11445201e-06  1.11445201e-06  1.11445201e-06  1.11054832e-06  1.11054832e-06  1.11054832e-06  1.11445201e-06  1.11445201e-06  1.11445201e-06  1.11054832e-06  1.11054832e-06  1.11054832e-06  1.11195573e-06  1.11195573e-06  1.11195573e-06  1.11195573e-06  2.81027559e-07  2.81027559e-07  2.32616098e-08  2.32616098e-08  2.32616098e-08  2.24101640e-08  2.24101640e-08  2.24101640e-08  2.32616098e-08  2.32616098e-08  2.32616098e-08  2.24101640e-08  2.24101640e-08  2.24101640e-08  2.16715008e-08  2.16715008e-08  2.16715008e-08  2.16715008e-08  8.98351917e-10  8.98351917e-10 
 5.01187234e+00  1.10397155e-06  1.10397155e-06  1.10397155e-06  1.10008862e-06  1.10008862e-06  1.10008862e-06  1.10397155e-06  1.10397155e-06  1.10397155e-06  1.10008862e-06  1.10008862e-06  1.10008862e-06  1.09944153e-06  1.09944153e-06  1.09944153e-06  1.09944153e-06  2.78324333e-07  2.78324333e-07  1.10372625e-06  1.10372625e-06  1.10372625e-06  1.09986013e-06  1.09986013e-06  1.09986013e-06  1.10372625e-06  1.10372625e-06  1.10372625e-06  1.09986013e-06  1.09986013e-06  1.09986013e-06  1.09922728e-06  1.09922728e-06  1.09922728e-06  1.09922728e-06  2.78322881e-07  2.78322881e-07  2.32616098e-08  2.32616098e-08  2.32616098e-08  2.24101640e-08  2.24101640e-08  2.24101640e-08  2.32616098e-08  2.32616098e-08  2.32616098e-08  2.24101640e-08  2.24101640e-08  2.24101640e-08  2.16715008e-08  2.16715008e-08  2.16715008e-08  2.16715008e-08  8.98351917e-10  8.98351917e-10 
 5.12861384e+00  1.09335140e-06  1.09335140e-06  1.09335140e-06  1.08950552e-06  1.08950552e-06  1.08950552e-06  1.09335140e-06  1.09335140e-06  1.09335140e-06  1.08950552e-06  1.08950552e-06  1.08950552e-06  1.08686126e-06  1.08686126e-06  1.08686126e-06  1.08686126e-06  2.75645699e-07  2.75645699e-07  1.09310371e-06  1.09310371e-06  1.09310371e-06  1.08927481e-06  1.08927481e-06  1.08927481e-06  1.09310371e-06  1.09310371e-06  1.09310371e-06  1.08927481e-06  1.08927481e-06  1.08927481e-06  1.08664453e-06  1.08664453e-06  1.08664453e-06  1.08664453e-06  2.75644233e-07  2.75644233e-07  2.32616098e-08  2.32616098e-08  2.32616098e-08  2.24101640e-08  2.24101640e-08  2.24101640e-08  2.32616098e-08  2.32616098e-08  2.32616098e-08  2.24101640e-08  2.24101640e-08  2.24101640e-08  2.16715008e-08  2.16715008e-08  2.16715008e-08  2.16715008e-08  8.98351917e-10  8.98351917e-10 
 5.24807460e+00  1.08283351e-06  1.08283351e-06  1.08283351e-06  1.07902431e-06  1.07902431e-06  1.07902431e-06  1.08283351e-06  1.08283351e-06  1.08283351e-06  1.07902431e-06  1.07902431e-06  1.07902431e-06  1.07442505e-06  1.07442505e-06  1.07442505e-06  1.07442505e-06  2.72992846e-07  2.72992846e-07  1.08258342e-06  1.08258342e-06  1.08258342e-06  1.07879136e-06  1.07879136e-06  1.07879136e-06  1.08258342e-06  1.08258342e-06  1.08258342e-06  1.07879136e-06  1.07879136e-06  1.07879136e-06  1.07420581e-06  1.07420581e-06  1.07420581e-06  1.07420581e-06  2.72991365e-07  2.72991365e-07  2.32616098e-08  2.32616098e-08  2.32616098e-08  2.24101640e-08  2.24101640e-08  2.24101640e-08  2.32616098e-08  2.32616098e-08  2.32616098e-08  2.24101640e-08  2.24101640e-08  2.24101640e-08  2.16715008e-08  2.16715008e-08  2.16715008e-08  2.16715008e-08  8.98351917e-10  8.98351917e-10 
 5.37031796e+00  1.07241689e-06  1.07241689e-06  1.07241689e-06  1.06864402e-06  1.06864402e-06  1.06864402e-06  1.07241689e-06  1.07241689e-06  1.07241689e-06  1.06864402e-06  1.06864402e-06  1.06864402e-06  1.06213126e-06  1.06213126e-06  1.06213126e-06  1.06213126e-06  2.70365524e-07  2.70365524e-07  1.07216437e-06  1.07216437e-06  1.07216437e-06  1.06840881e-06  1.06840881e-06  1.06840881e-06  1.07216437e-06  1.07216437e-06  1.07216437e-06  1.06840881e-06  1.06840881e-06  1.06840881e-06  1.06190948e-06  1.06190948e-06  1.06190948e-06  1.06190948e-06  2.70364030e-07  2.70364030e-07  2.32616098e-08  2.32616098e-08  2.32616098e-08  2.24101640e-08  2.24101640e-08  2.24101640e-08  2.32616098e-08  2.32616098e-08  2.32616098e-08  2.24101640e-08  2.24101640e-08  2.24101640e-08  2.16715008e-08  2.16715008e-08  2.16715008e-08  2.16715008e-08  8.98351917e-10  8.98351917e-10 
 5.49540874e+00  1.06210058e-06  1.06210058e-06  1.06210058e-06  1.05836368e-06  1.05836368e-06  1.05836368e-06  1.06210058e-06  1.06210058e-06  1.06210058e-06  1.05836368e-06  1.05836368e-06  1.05836368e-06  1.04997825e-06  1.04997825e-06  1.04997825e-06  1.04997825e-06  2.67763489e-07  2.67763489e-07  1.06184560e-06  1.06184560e-06  1.06184560e-06  1.05812618e-06  1.05812618e-06  1.05812618e-06  1.06184560e-06  1.06184560e-06  1.06184560e-06  1.05812618e-06  1.05812618e-06  1.05812618e-06  1.04975390e-06  1.04975390e-06  1.04975390e-06  1.04975390e-06  2.67761980e-07  2.67761980e-07  2.32616098e-08  2.32616098e-08  2.32616098e-08  2.24101640e-08  2.24101640e-08  2.24101640e-08  2.32616098e-08  2.32616098e-08  2.32616098e-08  2.24101640e-08  2.24101640e-08  2.24101640e-08  2.16715008e-08  2.16715008e-08  2.16715008e-08  2.16715008e-08  8.98351917e-10  8.98351917e-10 
 5.62341325e+00  1.05188359e-06  1.05188359e-06  1.05188359e-06  1.04818232e-06  1.04818232e-06  1.04818232e-06  1.05188359e-06  1.05188359e-06  1.05188359e-06  1.04818232e-06  1.04818232e-06  1.04818232e-06  1.03796441e-06  1.03796441e-06  1.03796441e-06  1.03796441e-06  2.65186497e-07  2.65186497e-07  1.05162613e-06  1.05162613e-06  1.05162613e-06  1.04794251e-06  1.04794251e-06  1.04794251e-06  1.05162613e-06  1.05162613e-06  1.05162613e-06  1.04794251e-06  1.04794251e-06  1.04794251e-06  1.03773747e-06  1.03773747e-06  1.03773747e-06  1.03773747e-06  2.65184973e-07  2.65184973e-07  2.32616098e-08  2.32616098e-08  2.32616098e-08  2.24101640e-08  2.24101640e-08  2.24101640e-08  2.32616098e-08  2.32616098e-08  2.32616098e-08  2.24101640e-08  2.24101640e-08  2.24101640e-08  2.16715008e-08  2.16715008e-08  2.16715008e-08  2.16715008e-08  8.98351917e-10  8.98351917e-10 
 5.75439937e+00  1.04176498e-06  1.04176498e-06  1.04176498e-06  1.03809900e-06  1.03809900e-06  1.03809900e-06  1.04176498e-06  1.04176498e-06  1.04176498e-06  1.03809900e-06  1.03809900e-06  1.03809900e-06  1.02608816e-06  1.02608816e-06  1.02608816e-06  1.02608816e-06  2.62634307e-07  2.62634307e-07  1.04150503e-06  1.04150503e-06  1.04150503e-06  1.03785686e-06  1.03785686e-06  1.03785686e-06  1.04150503e-06  1.04150503e-06  1.04150503e-06  1.03785686e-06  1.03785686e-06  1.03785686e-06  1.02585858e-06  1.02585858e-06  1.02585858e-06  1.02585858e-06  2.62632768e-07  2.62632768e-07  2.32616098e-08  2.32616098e-08  2.32616098e-08  2.24101640e-08  2.24101640e-08  2.24101640e-08  2.32616098e-08  2.32616098e-08  2.32616098e-08  2.24101640e-08  2.24101640e-08  2.24101640e-08  2.16715008e-08  2.16715008e-08  2.16715008e-08  2.16715008e-08  8.98351917e-10  8.98351917e-10 
 5.88843655e+00  1.03174381e-06  1.03174381e-06  1.03174381e-06  1.02811276e-06  1.02811276e-06  1.02811276e-06  1.03174381e-06  1.03174381e-06  1.03174381e-06  1.02811276e-06  1.02811276e-06  1.02811276e-06  1.01434791e-06  1.01434791e-06  1.01434791e-06  1.01434791e-06  2.60106679e-07  2.60106679e-07  1.03148133e-06  1.03148133e-06  1.03148133e-06  1.02786827e-06  1.02786827e-06  1.02786827e-06  1.03148133e-06  1.03148133e-06  1.03148133e-06  1.02786827e-06  1.02786827e-06  1.02786827e-06  1.01411568e-06  1.01411568e-06  1.01411568e-06  1.01411568e-06  2.60105126e-07  2.60105126e-07  2.32616098e-08  2.32616098e-08  2.32616098e-08  2.24101640e-08  2.24101640e-08  2.24101640e-08  2.32616098e-08  2.32616098e-08  2.32616098e-08  2.24101640e-08  2.24101640e-08  2.24101640e-08  2.16715008e-08  2.16715008e-08  2.16715008e-08  2.16715008e-08  8.98351917e-10  8.98351917e-10 
 6.02559586e+00  1.02181913e-06  1.02181913e-06  1.02181913e-06  1.01822268e-06  1.01822268e-06  1.01822268e-06  1.02181913e-06  1.02181913e-06  1.02181913e-06  1.01822268e-06  1.01822268e-06  1.01822268e-06  1.00274211e-06  1.00274211e-06  1.00274211e-06  1.00274211e-06  2.57603379e-07  2.57603379e-07  1.02155410e-06  1.02155410e-06  1.02155410e-06  1.01797581e-06  1.01797581e-06  1.01797581e-06  1.02155410e-06  1.02155410e-06  1.02155410e-06  1.01797581e-06  1.01797581e-06  1.01797581e-06  1.00250719e-06  1.00250719e-06  1.00250719e-06  1.00250719e-06  2.57601810e-07  2.57601810e-07  2.32616098e-08  2.32616098e-08  2.32616098e-08  2.24101640e-08  2.24101640e-08  2.24101640e-08  2.32616098e-08  2.32616098e-08  2.32616098e-08  2.24101640e-08  2.24101640e-08  2.24101640e-08  2.16715008e-08  2.16715008e-08  2.16715008e-08  2.16715008e-08  8.98351917e-10  8.98351917e-10 
 6.16595002e+00  1.01199002e-06  1.01199002e-06  1.01199002e-06  1.00842783e-06  1.00842783e-06  1.00842783e-06  1.01199002e-06  1.01199002e-06  1.01199002e-06  1.00842783e-06  1.00842783e-06  1.00842783e-06  9.91269227e-07  9.91269227e-07  9.91269227e-07  9.91269227e-07  2.55124171e-07  2.55124171e-07  1.01172241e-06  1.01172241e-06  1.01172241e-06  1.00817856e-06  1.00817856e-06  1.00817856e-06  1.01172241e-06  1.01172241e-06  1.01172241e-06  1.00817856e-06  1.00817856e-06  1.00817856e-06  9.91031586e-07  9.91031586e-07  9.91031586e-07  9.91031586e-07  2.55122587e-07  2.55122587e-07  2.32616098e-08  2.32616098e-08  2.32616098e-08  2.24101640e-08  2.24101640e-08  2.24101640e-08  2.32616098e-08  2.32616098e-08  2.32616098e-08  2.24101640e-08  2.24101640e-08  2.24101640e-08  2.16715008e-08  2.16715008e-08  2.16715008e-08  2.16715008e-08  8.98351917e-10  8.98351917e-10 
 6.30957344e+00  1.00225555e-06  1.00225555e-06  1.00225555e-06  9.98727295e-07  9.98727295e-07  9.98727295e-07  1.00225555e-06  1.00225555e-06  1.00225555e-06  9.98727295e-07  9.98727295e-07  9.98727295e-07  9.79927733e-07  9.79927733e-07  9.79927733e-07  9.79927733e-07  2.52668824e-07  2.52668824e-07  1.00198535e-06  1.00198535e-06  1.00198535e-06  9.98475606e-07  9.98475606e-07  9.98475606e-07  1.00198535e-06  1.00198535e-06  1.00198535e-06  9.98475606e-07  9.98475606e-07  9.98475606e-07  9.79687342e-07  9.79687342e-07  9.79687342e-07  9.79687342e-07  2.52667225e-07  2.52667225e-07  2.32616098e-08  2.32616098e-08  2.32616098e-08  2.24101640e-08  2.24101640e-08  2.24101640e-08  2.32616098e-08  2.32616098e-08  2.32616098e-08  2.24101640e-08  2.24101640e-08  2.24101640e-08  2.16715008e-08  2.16715008e-08  2.16715008e-08  2.16715008e-08  8.98351917e-10  8.98351917e-10 
 6.45654229e+00  9.92614827e-07  9.92614827e-07  9.92614827e-07  9.89120167e-07  9.89120167e-07  9.89120167e-07  9.92614827e-07  9.92614827e-07  9.92614827e-07  9.89120167e-07  9.89120167e-07  9.89120167e-07  9.68716128e-07  9.68716128e-07  9.68716128e-07  9.68716128e-07  2.50237109e-07  2.50237109e-07  9.92341993e-07  9.92341993e-07  9.92341993e-07  9.88866032e-07  9.88866032e-07  9.88866032e-07  9.92341993e-07  9.92341993e-07  9.92341993e-07  9.88866032e-07  9.88866032e-07  9.88866032e-07  9.68472953e-07  9.68472953e-07  9.68472953e-07  9.68472953e-07  2.50235494e-07  2.50235494e-07  2.32616098e-08  2.32616098e-08  2.32616098e-08  2.24101640e-08  2.24101640e-08  2.24101640e-08  2.32616098e-08  2.32616098e-08  2.32616098e-08  2.24101640e-08  2.24101640e-08  2.24101640e-08  2.16715008e-08  2.16715008e-08  2.16715008e-08  2.16715008e-08  8.98351917e-10  8.98351917e-10 
 6.60693448e+00  9.83066935e-07  9.83066935e-07  9.83066935e-07  9.79605547e-07  9.79605547e-07  9.79605547e-07  9.83066935e-07  9.83066935e-07  9.83066935e-07  9.79605547e-07  9.79605547e-07  9.79605547e-07  9.57632925e-07  9.57632925e-07  9.57632925e-07  9.57632925e-07  2.47828797e-07  2.47828797e-07  9.82791451e-07  9.82791451e-07  9.82791451e-07  9.79348943e-07  9.79348943e-07  9.79348943e-07  9.82791451e-07  9.82791451e-07  9.82791451e-07  9.79348943e-07  9.79348943e-07  9.79348943e-07  9.57386935e-07  9.57386935e-07  9.57386935e-07  9.57386935e-07  2.47827166e-07  2.47827166e-07  2.32616098e-08  2.32616098e-08  2.32616098e-08  2.24101640e-08  2.24101640e-08  2.24101640e-08  2.32616098e-08  2.32616098e-08  2.32616098e-08  2.24101640e-08  2.24101640e-08  2.24101640e-08  2.16715008e-08  2.16715008e-08  2.16715008e-08  2.16715008e-08  8.98351917e-10  8.98351917e-10 
 6.76082975e+00  9.73610986e-07  9.73610986e-07  9.73610986e-07  9.70182545e-07  9.70182545e-07  9.70182545e-07  9.73610986e-07  9.73610986e-07  9.73610986e-07  9.70182545e-07  9.70182545e-07  9.70182545e-07  9.46676655e-07  9.46676655e-07  9.46676655e-07  9.46676655e-07  2.45443663e-07  2.45443663e-07  9.73332825e-07  9.73332825e-07  9.73332825e-07  9.69923449e-07  9.69923449e-07  9.69923449e-07  9.73332825e-07  9.73332825e-07  9.73332825e-07  9.69923449e-07  9.69923449e-07  9.69923449e-07  9.46427817e-07  9.46427817e-07  9.46427817e-07  9.46427817e-07  2.45442017e-07  2.45442017e-07  2.32616098e-08  2.32616098e-08  2.32616098e-08  2.24101640e-08  2.24101640e-08  2.24101640e-08  2.32616098e-08  2.32616098e-08  2.32616098e-08  2.24101640e-08  2.24101640e-08  2.24101640e-08  2.16715008e-08  2.16715008e-08  2.16715008e-08  2.16715008e-08  8.98351917e-10  8.98351917e-10 
 6.91830971e+00  9.64246094e-07  9.64246094e-07  9.64246094e-07  9.60850282e-07  9.60850282e-07  9.60850282e-07  9.64246094e-07  9.64246094e-07  9.64246094e-07  9.60850282e-07  9.60850282e-07  9.60850282e-07  9.35845866e-07  9.35845866e-07  9.35845866e-07  9.35845866e-07  2.43081485e-07  2.43081485e-07  9.63965232e-07  9.63965232e-07  9.63965232e-07  9.60588668e-07  9.60588668e-07  9.60588668e-07  9.63965232e-07  9.63965232e-07  9.63965232e-07  9.60588668e-07  9.60588668e-07  9.60588668e-07  9.35594148e-07  9.35594148e-07  9.35594148e-07  9.35594148e-07  2.43079823e-07  2.43079823e-07  2.32616098e-08  2.32616098e-08  2.32616098e-08  2.24101640e-08  2.24101640e-08  2.24101640e-08  2.32616098e-08  2.32616098e-08  2.32616098e-08  2.24101640e-08  2.24101640e-08  2.24101640e-08  2.16715008e-08  2.16715008e-08  2.16715008e-08  2.16715008e-08  8.98351918e-10  8.98351917e-10 
 7.07945784e+00  9.54971385e-07  9.54971385e-07  9.54971385e-07  9.51607883e-07  9.51607883e-07  9.51607883e-07  9.54971385e-07  9.54971385e-07  9.54971385e-07  9.51607883e-07  9.51607883e-07  9.51607883e-07  9.25139122e-07  9.25139122e-07  9.25139122e-07  9.25139122e-07  2.40742041e-07  2.40742041e-07  9.54687794e-07  9.54687794e-07  9.54687794e-07  9.51343727e-07  9.51343727e-07  9.51343727e-07  9.54687794e-07  9.54687794e-07  9.54687794e-07  9.51343727e-07  9.51343727e-07  9.51343727e-07  9.24884490e-07  9.24884490e-07  9.24884490e-07  9.24884490e-07  2.40740363e-07  2.40740363e-07  2.32616098e-08  2.32616098e-08  2.32616098e-08  2.24101640e-08  2.24101640e-08  2.24101640e-08  2.32616098e-08  2.32616098e-08  2.32616098e-08  2.24101640e-08  2.24101640e-08  2.24101640e-08  2.16715008e-08  2.16715008e-08  2.16715008e-08  2.16715008e-08  8.98351918e-10  8.98351917e-10 
 7.24435960e+00  9.45785991e-07  9.45785991e-07  9.45785991e-07  9.42454484e-07  9.42454484e-07  9.42454484e-07  9.45785991e-07  9.45785991e-07  9.45785991e-07  9.42454484e-07  9.42454484e-07  9.42454484e-07  9.14555005e-07  9.14555005e-07  9.14555005e-07  9.14555005e-07  2.38425114e-07  2.38425114e-07  9.45499645e-07  9.45499645e-07  9.45499645e-07  9.42187762e-07  9.42187762e-07  9.42187762e-07  9.45499645e-07  9.45499645e-07  9.45499645e-07  9.42187762e-07  9.42187762e-07  9.42187762e-07  9.14297425e-07  9.14297425e-07  9.14297425e-07  9.14297425e-07  2.38423419e-07  2.38423419e-07  2.32616098e-08  2.32616098e-08  2.32616098e-08  2.24101640e-08  2.24101640e-08  2.24101640e-08  2.32616098e-08  2.32616098e-08  2.32616098e-08  2.24101640e-08  2.24101640e-08  2.24101640e-08  2.16715008e-08  2.16715008e-08  2.16715008e-08  2.16715008e-08  8.98351918e-10  8.98351917e-10 
 7.41310241e+00  9.36689053e-07  9.36689053e-07  9.36689053e-07  9.33389229e-07  9.33389229e-07  9.33389229e-07  9.36689053e-07  9.36689053e-07  9.36689053e-07  9.33389229e-07  9.33389229e-07  9.33389229e-07  9.04092111e-07  9.04092111e-07  9.04092111e-07  9.04092111e-07  2.36130485e-07  2.36130485e-07  9.36399925e-07  9.36399925e-07  9.36399925e-07  9.33119916e-07  9.33119916e-07  9.33119916e-07  9.36399925e-07  9.36399925e-07  9.36399925e-07  9.33119916e-07  9.33119916e-07  9.33119916e-07  9.03831549e-07  9.03831549e-07  9.03831549e-07  9.03831549e-07  2.36128773e-07  2.36128773e-07  2.32616098e-08  2.32616098e-08  2.32616098e-08  2.24101640e-08  2.24101640e-08  2.24101640e-08  2.32616098e-08  2.32616098e-08  2.32616098e-08  2.24101640e-08  2.24101640e-08  2.24101640e-08  2.16715008e-08  2.16715008e-08  2.16715008e-08  2.16715008e-08  8.98351918e-10  8.98351917e-10 
 7.58577575e+00  9.27679719e-07  9.27679719e-07  9.27679719e-07  9.24411271e-07  9.24411271e-07  9.24411271e-07  9.27679719e-07  9.27679719e-07  9.27679719e-07  9.24411271e-07  9.24411271e-07  9.24411271e-07  8.93749053e-07  8.93749053e-07  8.93749053e-07  8.93749053e-07  2.33857940e-07  2.33857940e-07  9.27387782e-07  9.27387782e-07  9.27387782e-07  9.24139341e-07  9.24139341e-07  9.24139341e-07  9.27387782e-07  9.27387782e-07  9.27387782e-07  9.24139341e-07  9.24139341e-07  9.24139341e-07  8.93485475e-07  8.93485475e-07  8.93485475e-07  8.93485475e-07  2.33856212e-07  2.33856212e-07  2.32616098e-08  2.32616098e-08  2.32616098e-08  2.24101640e-08  2.24101640e-08  2.24101640e-08  2.32616098e-08  2.32616098e-08  2.32616098e-08  2.24101640e-08  2.24101640e-08  2.24101640e-08  2.16715008e-08  2.16715008e-08  2.16715008e-08  2.16715008e-08  8.98351918e-10  8.98351917e-10 
 7.76247117e+00  9.18757148e-07  9.18757148e-07  9.18757148e-07  9.15519769e-07  9.15519769e-07  9.15519769e-07  9.18757148e-07  9.18757148e-07  9.18757148e-07  9.15519769e-07  9.15519769e-07  9.15519769e-07  8.83524460e-07  8.83524460e-07  8.83524460e-07  8.83524460e-07  2.31607267e-07  2.31607267e-07  9.18462375e-07  9.18462375e-07  9.18462375e-07  9.15245198e-07  9.15245198e-07  9.15245198e-07  9.18462375e-07  9.18462375e-07  9.18462375e-07  9.15245198e-07  9.15245198e-07  9.15245198e-07  8.83257831e-07  8.83257831e-07  8.83257831e-07  8.83257831e-07  2.31605523e-07  2.31605523e-07  2.32616098e-08  2.32616098e-08  2.32616098e-08  2.24101640e-08  2.24101640e-08  2.24101640e-08  2.32616098e-08  2.32616098e-08  2.32616098e-08  2.24101640e-08  2.24101640e-08  2.24101640e-08  2.16715008e-08  2.16715008e-08  2.16715008e-08  2.16715008e-08  8.98351918e-10  8.98351917e-10 
 7.94328235e+00  9.09920505e-07  9.09920505e-07  9.09920505e-07  9.06713892e-07  9.06713892e-07  9.06713892e-07  9.09920505e-07  9.09920505e-07  9.09920505e-07  9.06713892e-07  9.06713892e-07  9.06713892e-07  8.73416978e-07  8.73416978e-07  8.73416978e-07  8.73416978e-07  2.29378256e-07  2.29378256e-07  9.09622868e-07  9.09622868e-07  9.09622868e-07  9.06436654e-07  9.06436654e-07  9.06436654e-07  9.09622868e-07  9.09622868e-07  9.09622868e-07  9.06436654e-07  9.06436654e-07  9.06436654e-07  8.73147262e-07  8.73147262e-07  8.73147262e-07  8.73147262e-07  2.29376494e-07  2.29376494e-07  2.32616098e-08  2.32616098e-08  2.32616098e-08  2.24101640e-08  2.24101640e-08  2.24101640e-08  2.32616098e-08  2.32616098e-08  2.32616098e-08  2.24101640e-08  2.24101640e-08  2.24101640e-08  2.16715008e-08  2.16715008e-08  2.16715008e-08  2.16715008e-08  8.98351918e-10  8.98351917e-10 
 8.12830516e+00  9.01168963e-07  9.01168963e-07  9.01168963e-07  8.97992817e-07  8.97992817e-07  8.97992817e-07  9.01168963e-07  9.01168963e-07  9.01168963e-07  8.97992817e-07  8.97992817e-07  8.97992817e-07  8.63425266e-07  8.63425266e-07  8.63425266e-07  8.63425266e-07  2.27170698e-07  2.27170698e-07  9.00868435e-07  9.00868435e-07  9.00868435e-07  8.97712885e-07  8.97712885e-07  8.97712885e-07  9.00868435e-07  9.00868435e-07  9.00868435e-07  8.97712885e-07  8.97712885e-07  8.97712885e-07  8.63152428e-07  8.63152428e-07  8.63152428e-07  8.63152428e-07  2.27168919e-07  2.27168919e-07  2.32616098e-08  2.32616098e-08  2.32616098e-08  2.24101640e-08  2.24101640e-08  2.24101640e-08  2.32616098e-08  2.32616098e-08  2.32616098e-08  2.24101640e-08  2.24101640e-08  2.24101640e-08  2.16715008e-08  2.16715008e-08  2.16715008e-08  2.16715008e-08  8.98351918e-10  8.98351917e-10 
 8.31763771e+00  8.92501704e-07  8.92501704e-07  8.92501704e-07  8.89355728e-07  8.89355728e-07  8.89355728e-07  8.92501704e-07  8.92501704e-07  8.92501704e-07  8.89355728e-07  8.89355728e-07  8.89355728e-07  8.53548000e-07  8.53548000e-07  8.53548000e-07  8.53548000e-07  2.24984386e-07  2.24984386e-07  8.92198256e-07  8.92198256e-07  8.92198256e-07  8.89073077e-07  8.89073077e-07  8.89073077e-07  8.92198256e-07  8.92198256e-07  8.92198256e-07  8.89073077e-07  8.89073077e-07  8.89073077e-07  8.53272004e-07  8.53272004e-07  8.53272004e-07  8.53272004e-07  2.24982589e-07  2.24982589e-07  2.32616098e-08  2.32616098e-08  2.32616098e-08  2.24101640e-08  2.24101640e-08  2.24101640e-08  2.32616098e-08  2.32616098e-08  2.32616098e-08  2.24101640e-08  2.24101640e-08  2.24101640e-08  2.16715008e-08  2.16715008e-08  2.16715008e-08  2.16715008e-08  8.98351918e-10  8.98351917e-10 
 8.51138038e+00  8.83917917e-07  8.83917917e-07  8.83917917e-07  8.80801816e-07  8.80801816e-07  8.80801816e-07  8.83917917e-07  8.83917917e-07  8.83917917e-07  8.80801816e-07  8.80801816e-07  8.80801816e-07  8.43783871e-07  8.43783871e-07  8.43783871e-07  8.43783871e-07  2.22819115e-07  2.22819115e-07  8.83611521e-07  8.83611521e-07  8.83611521e-07  8.80516419e-07  8.80516419e-07  8.80516419e-07  8.83611521e-07  8.83611521e-07  8.83611521e-07  8.80516419e-07  8.80516419e-07  8.80516419e-07  8.43504680e-07  8.43504680e-07  8.43504680e-07  8.43504680e-07  2.22817302e-07  2.22817302e-07  2.32616098e-08  2.32616098e-08  2.32616098e-08  2.24101640e-08  2.24101640e-08  2.24101640e-08  2.32616098e-08  2.32616098e-08  2.32616098e-08  2.24101640e-08  2.24101640e-08  2.24101640e-08  2.16715008e-08  2.16715008e-08  2.16715008e-08  2.16715008e-08  8.98351918e-10  8.98351918e-10 
 8.70963590e+00  8.75416799e-07  8.75416799e-07  8.75416799e-07  8.72330283e-07  8.72330283e-07  8.72330283e-07  8.75416799e-07  8.75416799e-07  8.75416799e-07  8.72330283e-07  8.72330283e-07  8.72330283e-07  8.34131585e-07  8.34131585e-07  8.34131585e-07  8.34131585e-07  2.20674685e-07  2.20674685e-07  8.75107428e-07  8.75107428e-07  8.75107428e-07  8.72042114e-07  8.72042114e-07  8.72042114e-07  8.75107428e-07  8.75107428e-07  8.75107428e-07  8.72042114e-07  8.72042114e-07  8.72042114e-07  8.33849162e-07  8.33849162e-07  8.33849162e-07  8.33849162e-07  2.20672854e-07  2.20672853e-07  2.32616098e-08  2.32616098e-08  2.32616098e-08  2.24101640e-08  2.24101640e-08  2.24101640e-08  2.32616098e-08  2.32616098e-08  2.32616098e-08  2.24101640e-08  2.24101640e-08  2.24101640e-08  2.16715008e-08  2.16715008e-08  2.16715008e-08  2.16715008e-08  8.98351918e-10  8.98351918e-10 
 8.91250938e+00  8.66997556e-07  8.66997556e-07  8.66997556e-07  8.63940336e-07  8.63940336e-07  8.63940336e-07  8.66997556e-07  8.66997556e-07  8.66997556e-07  8.63940336e-07  8.63940336e-07  8.63940336e-07  8.24589861e-07  8.24589861e-07  8.24589861e-07  8.24589861e-07  2.18550893e-07  2.18550893e-07  8.66685179e-07  8.66685179e-07  8.66685179e-07  8.63649367e-07  8.63649367e-07  8.63649367e-07  8.66685179e-07  8.66685179e-07  8.66685179e-07  8.63649367e-07  8.63649367e-07  8.63649367e-07  8.24304170e-07  8.24304170e-07  8.24304170e-07  8.24304170e-07  2.18549044e-07  2.18549044e-07  2.32616098e-08  2.32616098e-08  2.32616098e-08  2.24101640e-08  2.24101640e-08  2.24101640e-08  2.32616098e-08  2.32616098e-08  2.32616098e-08  2.24101640e-08  2.24101640e-08  2.24101640e-08  2.16715008e-08  2.16715008e-08  2.16715008e-08  2.16715008e-08  8.98351918e-10  8.98351918e-10 
 9.12010839e+00  8.58659400e-07  8.58659400e-07  8.58659400e-07  8.55631189e-07  8.55631189e-07  8.55631189e-07  8.58659400e-07  8.58659400e-07  8.58659400e-07  8.55631189e-07  8.55631189e-07  8.55631189e-07  8.15157437e-07  8.15157437e-07  8.15157437e-07  8.15157437e-07  2.16447541e-07  2.16447541e-07  8.58343989e-07  8.58343989e-07  8.58343989e-07  8.55337394e-07  8.55337394e-07  8.55337394e-07  8.58343989e-07  8.58343989e-07  8.58343989e-07  8.55337394e-07  8.55337394e-07  8.55337394e-07  8.14868438e-07  8.14868438e-07  8.14868438e-07  8.14868438e-07  2.16445674e-07  2.16445674e-07  2.32616098e-08  2.32616098e-08  2.32616098e-08  2.24101640e-08  2.24101640e-08  2.24101640e-08  2.32616098e-08  2.32616098e-08  2.32616098e-08  2.24101640e-08  2.24101640e-08  2.24101640e-08  2.16715008e-08  2.16715008e-08  2.16715008e-08  2.16715008e-08  8.98351918e-10  8.98351918e-10 
 9.33254301e+00  8.50401551e-07  8.50401551e-07  8.50401551e-07  8.47402066e-07  8.47402066e-07  8.47402066e-07  8.50401551e-07  8.50401551e-07  8.50401551e-07  8.47402067e-07  8.47402067e-07  8.47402067e-07  8.05833060e-07  8.05833060e-07  8.05833060e-07  8.05833060e-07  2.14364433e-07  2.14364433e-07  8.50083076e-07  8.50083076e-07  8.50083076e-07  8.47105417e-07  8.47105417e-07  8.47105417e-07  8.50083076e-07  8.50083076e-07  8.50083076e-07  8.47105417e-07  8.47105417e-07  8.47105417e-07  8.05540716e-07  8.05540716e-07  8.05540716e-07  8.05540716e-07  2.14362548e-07  2.14362548e-07  2.32616098e-08  2.32616098e-08  2.32616098e-08  2.24101640e-08  2.24101640e-08  2.24101640e-08  2.32616098e-08  2.32616098e-08  2.32616098e-08  2.24101640e-08  2.24101640e-08  2.24101640e-08  2.16715008e-08  2.16715008e-08  2.16715008e-08  2.16715008e-08  8.98351918e-10  8.98351918e-10 
 9.54992586e+00  8.42223237e-07  8.42223237e-07  8.42223237e-07  8.39252198e-07  8.39252198e-07  8.39252198e-07  8.42223237e-07  8.42223237e-07  8.42223237e-07  8.39252198e-07  8.39252198e-07  8.39252198e-07  7.96615495e-07  7.96615495e-07  7.96615495e-07  7.96615495e-07  2.12301374e-07  2.12301374e-07  8.41901668e-07  8.41901668e-07  8.41901668e-07  8.38952667e-07  8.38952667e-07  8.38952667e-07  8.41901668e-07  8.41901668e-07  8.41901668e-07  8.38952667e-07  8.38952667e-07  8.38952667e-07  7.96319768e-07  7.96319768e-07  7.96319768e-07  7.96319768e-07  2.12299470e-07  2.12299470e-07  2.32616098e-08  2.32616098e-08  2.32616098e-08  2.24101640e-08  2.24101640e-08  2.24101640e-08  2.32616098e-08  2.32616098e-08  2.32616098e-08  2.24101640e-08  2.24101640e-08  2.24101640e-08  2.16715008e-08  2.16715008e-08  2.16715008e-08  2.16715008e-08  8.98351918e-10  8.98351918e-10 
 9.77237221e+00  8.34123693e-07  8.34123693e-07  8.34123693e-07  8.31180822e-07  8.31180822e-07  8.31180822e-07  8.34123693e-07  8.34123693e-07  8.34123693e-07  8.31180822e-07  8.31180822e-07  8.31180822e-07  7.87503522e-07  7.87503522e-07  7.87503522e-07  7.87503522e-07  2.10258170e-07  2.10258170e-07  8.33799000e-07  8.33799000e-07  8.33799000e-07  8.30878381e-07  8.30878381e-07  8.30878381e-07  8.33799000e-07  8.33799000e-07  8.33799000e-07  8.30878381e-07  8.30878381e-07  8.30878381e-07  7.87204371e-07  7.87204371e-07  7.87204371e-07  7.87204371e-07  2.10256248e-07  2.10256248e-07  2.32616098e-08  2.32616098e-08  2.32616098e-08  2.24101640e-08  2.24101640e-08  2.24101640e-08  2.32616098e-08  2.32616098e-08  2.32616098e-08  2.24101640e-08  2.24101640e-08  2.24101640e-08  2.16715008e-08  2.16715008e-08  2.16715008e-08  2.16715008e-08  8.98351918e-10  8.98351918e-10 
 1.00000000e+01  8.26102161e-07  8.26102161e-07  8.26102161e-07  8.23187183e-07  8.23187183e-07  8.23187183e-07  8.26102161e-07  8.26102161e-07  8.26102161e-07  8.23187183e-07  8.23187183e-07  8.23187183e-07  7.78495930e-07  7.78495930e-07  7.78495930e-07  7.78495930e-07  2.08234631e-07  2.08234631e-07  8.25774314e-07  8.25774314e-07  8.25774314e-07  8.22881804e-07  8.22881804e-07  8.22881804e-07  8.25774314e-07  8.25774314e-07  8.25774314e-07  8.22881804e-07  8.22881804e-07  8.22881804e-07  7.78193317e-07  7.78193317e-07  7.78193317e-07  7.78193317e-07  2.08232691e-07  2.08232691e-07  2.32616098e-08  2.32616098e-08  2.32616098e-08  2.24101640e-08  2.24101640e-08  2.24101640e-08  2.32616098e-08  2.32616098e-08  2.32616098e-08  2.24101640e-08  2.24101640e-08  2.24101640e-08  2.16715008e-08  2.16715008e-08  2.16715008e-08  2.16715008e-08  8.98351918e-10  8.98351918e-10 
 1.02329299e+01  8.18157892e-07  8.18157892e-07  8.18157892e-07  8.15270533e-07  8.15270533e-07  8.15270533e-07  8.18157892e-07  8.18157892e-07  8.18157892e-07  8.15270533e-07  8.15270533e-07  8.15270533e-07  7.69591528e-07  7.69591528e-07  7.69591528e-07  7.69591528e-07  2.06230568e-07  2.06230568e-07  8.17826860e-07  8.17826860e-07  8.17826860e-07  8.14962187e-07  8.14962187e-07  8.14962187e-07  8.17826860e-07  8.17826860e-07  8.17826860e-07  8.14962188e-07  8.14962188e-07  8.14962188e-07  7.69285411e-07  7.69285411e-07  7.69285411e-07  7.69285411e-07  2.06228608e-07  2.06228608e-07  2.32616098e-08  2.32616098e-08  2.32616098e-08  2.24101640e-08  2.24101640e-08  2.24101640e-08  2.32616098e-08  2.32616098e-08  2.32616098e-08  2.24101640e-08  2.24101640e-08  2.24101640e-08  2.16715008e-08  2.16715008e-08  2.16715008e-08  2.16715008e-08  8.98351918e-10  8.98351918e-10 
 1.04712855e+01  8.10290141e-07  8.10290141e-07  8.10290141e-07  8.07430133e-07  8.07430133e-07  8.07430133e-07  8.10290141e-07  8.10290141e-07  8.10290141e-07  8.07430133e-07  8.07430133e-07  8.07430133e-07  7.60789134e-07  7.60789134e-07  7.60789134e-07  7.60789134e-07  2.04245792e-07  2.04245792e-07  8.09955894e-07  8.09955894e-07  8.09955894e-07  8.07118792e-07  8.07118792e-07  8.07118792e-07  8.09955894e-07  8.09955894e-07  8.09955894e-07  8.07118792e-07  8.07118792e-07  8.07118792e-07  7.60479474e-07  7.60479474e-07  7.60479474e-07  7.60479474e-07  2.04243814e-07  2.04243814e-07  2.32616098e-08  2.32616098e-08  2.32616098e-08  2.24101640e-08  2.24101640e-08  2.24101640e-08  2.32616098e-08  2.32616098e-08  2.32616098e-08  2.24101640e-08  2.24101640e-08  2.24101640e-08  2.16715008e-08  2.16715008e-08  2.16715008e-08  2.16715008e-08  8.98351918e-10  8.98351918e-10 
 1.07151931e+01  8.02498174e-07  8.02498174e-07  8.02498174e-07  7.99665248e-07  7.99665248e-07  7.99665248e-07  8.02498174e-07  8.02498174e-07  8.02498174e-07  7.99665248e-07  7.99665248e-07  7.99665248e-07  7.52087581e-07  7.52087581e-07  7.52087581e-07  7.52087581e-07  2.02280119e-07  2.02280119e-07  8.02160680e-07  8.02160680e-07  8.02160680e-07  7.99350883e-07  7.99350883e-07  7.99350883e-07  8.02160680e-07  8.02160680e-07  8.02160680e-07  7.99350883e-07  7.99350883e-07  7.99350883e-07  7.51774338e-07  7.51774338e-07  7.51774338e-07  7.51774338e-07  2.02278121e-07  2.02278121e-07  2.32616098e-08  2.32616098e-08  2.32616098e-08  2.24101640e-08  2.24101640e-08  2.24101640e-08  2.32616098e-08  2.32616098e-08  2.32616098e-08  2.24101640e-08  2.24101640e-08  2.24101640e-08  2.16715008e-08  2.16715008e-08  2.16715008e-08  2.16715008e-08  8.98351918e-10  8.98351918e-10 
 1.09647820e+01  7.94781261e-07  7.94781261e-07  7.94781261e-07  7.91975153e-07  7.91975153e-07  7.91975153e-07  7.94781261e-07  7.94781261e-07  7.94781261e-07  7.91975153e-07  7.91975153e-07  7.91975153e-07  7.43485717e-07  7.43485717e-07  7.43485717e-07  7.43485717e-07  2.00333364e-07  2.00333364e-07  7.94440489e-07  7.94440489e-07  7.94440489e-07  7.91657734e-07  7.91657734e-07  7.91657734e-07  7.94440489e-07  7.94440489e-07  7.94440489e-07  7.91657734e-07  7.91657734e-07  7.91657734e-07  7.43168848e-07  7.43168848e-07  7.43168848e-07  7.43168848e-07  2.00331347e-07  2.00331347e-07  2.32616098e-08  2.32616098e-08  2.32616098e-08  2.24101640e-08  2.24101640e-08  2.24101640e-08  2.32616098e-08  2.32616098e-08  2.32616098e-08  2.24101640e-08  2.24101640e-08  2.24101640e-08  2.16715008e-08  2.16715008e-08  2.16715008e-08  2.16715008e-08  8.98351918e-10  8.98351918e-10 
 1.12201845e+01  7.87138681e-07  7.87138681e-07  7.87138681e-07  7.84359128e-07  7.84359128e-07  7.84359128e-07  7.87138681e-07  7.87138681e-07  7.87138681e-07  7.84359128e-07  7.84359128e-07  7.84359128e-07  7.34982401e-07  7.34982401e-07  7.34982401e-07  7.34982401e-07  1.98405346e-07  1.98405346e-07  7.86794599e-07  7.86794599e-07  7.86794599e-07  7.84038626e-07  7.84038626e-07  7.84038626e-07  7.86794599e-07  7.86794599e-07  7.86794599e-07  7.84038626e-07  7.84038626e-07  7.84038626e-07  7.34661864e-07  7.34661864e-07  7.34661864e-07  7.34661864e-07  1.98403309e-07  1.98403309e-07  2.32616098e-08  2.32616098e-08  2.32616098e-08  2.24101640e-08  2.24101640e-08  2.24101640e-08  2.32616098e-08  2.32616098e-08  2.32616098e-08  2.24101640e-08  2.24101640e-08  2.24101640e-08  2.16715008e-08  2.16715008e-08  2.16715008e-08  2.16715008e-08  8.98351918e-10  8.98351918e-10 
 1.14815362e+01  7.79569720e-07  7.79569720e-07  7.79569720e-07  7.76816462e-07  7.76816462e-07  7.76816462e-07  7.79569720e-07  7.79569720e-07  7.79569720e-07  7.76816462e-07  7.76816462e-07  7.76816462e-07  7.26576507e-07  7.26576507e-07  7.26576507e-07  7.26576507e-07  1.96495883e-07  1.96495883e-07  7.79222295e-07  7.79222295e-07  7.79222295e-07  7.76492846e-07  7.76492846e-07  7.76492846e-07  7.79222295e-07  7.79222295e-07  7.79222295e-07  7.76492846e-07  7.76492846e-07  7.76492846e-07  7.26252260e-07  7.26252260e-07  7.26252260e-07  7.26252260e-07  1.96493827e-07  1.96493827e-07  2.32616098e-08  2.32616098e-08  2.32616098e-08  2.24101640e-08  2.24101640e-08  2.24101640e-08  2.32616098e-08  2.32616098e-08  2.32616098e-08  2.24101640e-08  2.24101640e-08  2.24101640e-08  2.16715008e-08  2.16715008e-08  2.16715008e-08  2.16715008e-08  8.98351918e-10  8.98351918e-10 
 1.17489755e+01  7.72073668e-07  7.72073668e-07  7.72073668e-07  7.69346448e-07  7.69346448e-07  7.69346448e-07  7.72073668e-07  7.72073668e-07  7.72073668e-07  7.69346448e-07  7.69346448e-07  7.69346448e-07  7.18266919e-07  7.18266919e-07  7.18266919e-07  7.18266919e-07  1.94604799e-07  1.94604799e-07  7.71722869e-07  7.71722869e-07  7.71722869e-07  7.69019689e-07  7.69019689e-07  7.69019689e-07  7.71722869e-07  7.71722869e-07  7.71722869e-07  7.69019689e-07  7.69019689e-07  7.69019689e-07  7.17938919e-07  7.17938919e-07  7.17938919e-07  7.17938919e-07  1.94602722e-07  1.94602722e-07  2.32616098e-08  2.32616098e-08  2.32616098e-08  2.24101640e-08  2.24101640e-08  2.24101640e-08  2.32616098e-08  2.32616098e-08  2.32616098e-08  2.24101640e-08  2.24101640e-08  2.24101640e-08  2.16715008e-08  2.16715008e-08  2.16715008e-08  2.16715008e-08  8.98351918e-10  8.98351918e-10 
 1.20226443e+01  7.64649825e-07  7.64649825e-07  7.64649825e-07  7.61948388e-07  7.61948388e-07  7.61948388e-07  7.64649825e-07  7.64649825e-07  7.64649825e-07  7.61948388e-07  7.61948388e-07  7.61948388e-07  7.10052536e-07  7.10052536e-07  7.10052536e-07  7.10052536e-07  1.92731915e-07  1.92731915e-07  7.64295619e-07  7.64295619e-07  7.64295619e-07  7.61618455e-07  7.61618455e-07  7.61618455e-07  7.64295619e-07  7.64295619e-07  7.64295619e-07  7.61618455e-07  7.61618455e-07  7.61618455e-07  7.09720740e-07  7.09720740e-07  7.09720740e-07  7.09720740e-07  1.92729818e-07  1.92729818e-07  2.32616098e-08  2.32616098e-08  2.32616098e-08  2.24101640e-08  2.24101640e-08  2.24101640e-08  2.32616098e-08  2.32616098e-08  2.32616098e-08  2.24101640e-08  2.24101640e-08  2.24101640e-08  2.16715008e-08  2.16715008e-08  2.16715008e-08  2.16715008e-08  8.98351918e-10  8.98351918e-10 
 1.23026877e+01  7.57297497e-07  7.57297497e-07  7.57297497e-07  7.54621590e-07  7.54621590e-07  7.54621590e-07  7.57297497e-07  7.57297497e-07  7.57297497e-07  7.54621590e-07  7.54621590e-07  7.54621590e-07  7.01932270e-07  7.01932270e-07  7.01932270e-07  7.01932270e-07  1.90877056e-07  1.90877056e-07  7.56939850e-07  7.56939850e-07  7.56939850e-07  7.54288452e-07  7.54288452e-07  7.54288452e-07  7.56939850e-07  7.56939850e-07  7.56939850e-07  7.54288452e-07  7.54288452e-07  7.54288452e-07  7.01596634e-07  7.01596634e-07  7.01596634e-07  7.01596634e-07  1.90874939e-07  1.90874939e-07  2.32616098e-08  2.32616098e-08  2.32616098e-08  2.24101640e-08  2.24101640e-08  2.24101640e-08  2.32616098e-08  2.32616098e-08  2.32616098e-08  2.24101640e-08  2.24101640e-08  2.24101640e-08  2.16715008e-08  2.16715008e-08  2.16715008e-08  2.16715008e-08  8.98351918e-10  8.98351918e-10 
 1.25892541e+01  7.50015997e-07  7.50015997e-07  7.50015997e-07  7.47365369e-07  7.47365369e-07  7.47365369e-07  7.50015997e-07  7.50015997e-07  7.50015997e-07  7.47365369e-07  7.47365369e-07  7.47365369e-07  6.93905045e-07  6.93905045e-07  6.93905045e-07  6.93905045e-07  1.89040049e-07  1.89040049e-07  7.49654876e-07  7.49654876e-07  7.49654876e-07  7.47028995e-07  7.47028995e-07  7.47028995e-07  7.49654876e-07  7.49654876e-07  7.49654876e-07  7.47028995e-07  7.47028995e-07  7.47028995e-07  6.93565523e-07  6.93565523e-07  6.93565523e-07  6.93565523e-07  1.89037912e-07  1.89037912e-07  2.32616098e-08  2.32616098e-08  2.32616098e-08  2.24101640e-08  2.24101640e-08  2.24101640e-08  2.32616098e-08  2.32616098e-08  2.32616098e-08  2.24101640e-08  2.24101640e-08  2.24101640e-08  2.16715008e-08  2.16715008e-08  2.16715008e-08  2.16715008e-08  8.98351918e-10  8.98351918e-10 
 1.28824955e+01  7.42804642e-07  7.42804642e-07  7.42804642e-07  7.40179046e-07  7.40179046e-07  7.40179046e-07  7.42804642e-07  7.42804642e-07  7.42804642e-07  7.40179046e-07  7.40179046e-07  7.40179046e-07  6.85969795e-07  6.85969795e-07  6.85969795e-07  6.85969795e-07  1.87220723e-07  1.87220723e-07  7.42440014e-07  7.42440014e-07  7.42440014e-07  7.39839405e-07  7.39839405e-07  7.39839405e-07  7.42440014e-07  7.42440014e-07  7.42440014e-07  7.39839405e-07  7.39839405e-07  7.39839405e-07  6.85626345e-07  6.85626345e-07  6.85626345e-07  6.85626345e-07  1.87218565e-07  1.87218565e-07  2.32616098e-08  2.32616098e-08  2.32616098e-08  2.24101640e-08  2.24101640e-08  2.24101640e-08  2.32616098e-08  2.32616098e-08  2.32616098e-08  2.24101640e-08  2.24101640e-08  2.24101640e-08  2.16715008e-08  2.16715008e-08  2.16715008e-08  2.16715008e-08  8.98351918e-10  8.98351918e-10 
 1.31825674e+01  7.35662759e-07  7.35662759e-07  7.35662759e-07  7.33061949e-07  7.33061949e-07  7.33061949e-07  7.35662759e-07  7.35662759e-07  7.35662759e-07  7.33061949e-07  7.33061949e-07  7.33061949e-07  6.78125470e-07  6.78125470e-07  6.78125470e-07  6.78125470e-07  1.85418907e-07  1.85418907e-07  7.35294589e-07  7.35294589e-07  7.35294589e-07  7.32719009e-07  7.32719009e-07  7.32719009e-07  7.35294589e-07  7.35294589e-07  7.35294589e-07  7.32719009e-07  7.32719009e-07  7.32719009e-07  6.77778045e-07  6.77778045e-07  6.77778045e-07  6.77778045e-07  1.85416727e-07  1.85416727e-07  2.32616098e-08  2.32616098e-08  2.32616098e-08  2.24101640e-08  2.24101640e-08  2.24101640e-08  2.32616098e-08  2.32616098e-08  2.32616098e-08  2.24101640e-08  2.24101640e-08  2.24101640e-08  2.16715008e-08  2.16715008e-08  2.16715008e-08  2.16715008e-08  8.98351918e-10  8.98351918e-10 
 1.34896288e+01  7.28589680e-07  7.28589680e-07  7.28589680e-07  7.26013413e-07  7.26013413e-07  7.26013413e-07  7.28589680e-07  7.28589680e-07  7.28589680e-07  7.26013413e-07  7.26013413e-07  7.26013413e-07  6.70371030e-07  6.70371030e-07  6.70371030e-07  6.70371030e-07  1.83634432e-07  1.83634432e-07  7.28217934e-07  7.28217934e-07  7.28217934e-07  7.25667142e-07  7.25667142e-07  7.25667142e-07  7.28217934e-07  7.28217934e-07  7.28217934e-07  7.25667142e-07  7.25667142e-07  7.25667142e-07  6.70019584e-07  6.70019584e-07  6.70019584e-07  6.70019584e-07  1.83632231e-07  1.83632231e-07  2.32616098e-08  2.32616098e-08  2.32616098e-08  2.24101640e-08  2.24101640e-08  2.24101640e-08  2.32616098e-08  2.32616098e-08  2.32616098e-08  2.24101640e-08  2.24101640e-08  2.24101640e-08  2.16715008e-08  2.16715008e-08  2.16715008e-08  2.16715008e-08  8.98351918e-10  8.98351918e-10 
 1.38038426e+01  7.21584743e-07  7.21584743e-07  7.21584743e-07  7.19032778e-07  7.19032778e-07  7.19032778e-07  7.21584743e-07  7.21584743e-07  7.21584743e-07  7.19032778e-07  7.19032778e-07  7.19032778e-07  6.62705447e-07  6.62705447e-07  6.62705447e-07  6.62705447e-07  1.81867132e-07  1.81867132e-07  7.21209386e-07  7.21209386e-07  7.21209386e-07  7.18683144e-07  7.18683144e-07  7.18683144e-07  7.21209386e-07  7.21209386e-07  7.21209386e-07  7.18683144e-07  7.18683144e-07  7.18683144e-07  6.62349933e-07  6.62349933e-07  6.62349933e-07  6.62349933e-07  1.81864910e-07  1.81864910e-07  2.32616098e-08  2.32616098e-08  2.32616098e-08  2.24101640e-08  2.24101640e-08  2.24101640e-08  2.32616098e-08  2.32616098e-08  2.32616098e-08  2.24101640e-08  2.24101640e-08  2.24101640e-08  2.16715008e-08  2.16715008e-08  2.16715008e-08  2.16715008e-08  8.98351918e-10  8.98351918e-10 
 1.41253754e+01  7.14647292e-07  7.14647292e-07  7.14647292e-07  7.12119391e-07  7.12119391e-07  7.12119391e-07  7.14647292e-07  7.14647292e-07  7.14647292e-07  7.12119391e-07  7.12119391e-07  7.12119391e-07  6.55127704e-07  6.55127704e-07  6.55127704e-07  6.55127704e-07  1.80116841e-07  1.80116841e-07  7.14268290e-07  7.14268290e-07  7.14268290e-07  7.11766361e-07  7.11766361e-07  7.11766361e-07  7.14268290e-07  7.14268290e-07  7.14268290e-07  7.11766361e-07  7.11766361e-07  7.11766361e-07  6.54768076e-07  6.54768076e-07  6.54768076e-07  6.54768076e-07  1.80114597e-07  1.80114597e-07  2.32616098e-08  2.32616098e-08  2.32616098e-08  2.24101640e-08  2.24101640e-08  2.24101640e-08  2.32616098e-08  2.32616098e-08  2.32616098e-08  2.24101640e-08  2.24101640e-08  2.24101640e-08  2.16715008e-08  2.16715008e-08  2.16715008e-08  2.16715008e-08  8.98351918e-10  8.98351918e-10 
 1.44543977e+01  7.07776680e-07  7.07776680e-07  7.07776680e-07  7.05272606e-07  7.05272606e-07  7.05272606e-07  7.07776680e-07  7.07776680e-07  7.07776680e-07  7.05272606e-07  7.05272606e-07  7.05272606e-07  6.47636798e-07  6.47636798e-07  6.47636798e-07  6.47636798e-07  1.78383396e-07  1.78383396e-07  7.07393997e-07  7.07393997e-07  7.07393997e-07  7.04916147e-07  7.04916147e-07  7.04916147e-07  7.07393997e-07  7.07393997e-07  7.07393997e-07  7.04916147e-07  7.04916147e-07  7.04916147e-07  6.47273008e-07  6.47273008e-07  6.47273008e-07  6.47273008e-07  1.78381130e-07  1.78381130e-07  2.32616098e-08  2.32616098e-08  2.32616098e-08  2.24101640e-08  2.24101640e-08  2.24101640e-08  2.32616098e-08  2.32616098e-08  2.32616098e-08  2.24101640e-08  2.24101640e-08  2.24101640e-08  2.16715008e-08  2.16715008e-08  2.16715008e-08  2.16715008e-08  8.98351918e-10  8.98351918e-10 
 1.47910839e+01  7.00972264e-07  7.00972264e-07  7.00972264e-07  6.98491783e-07  6.98491783e-07  6.98491783e-07  7.00972264e-07  7.00972264e-07  7.00972264e-07  6.98491783e-07  6.98491783e-07  6.98491783e-07  6.40231735e-07  6.40231735e-07  6.40231735e-07  6.40231735e-07  1.76666634e-07  1.76666634e-07  7.00585864e-07  7.00585864e-07  7.00585864e-07  6.98131861e-07  6.98131861e-07  6.98131861e-07  7.00585864e-07  7.00585864e-07  7.00585864e-07  6.98131861e-07  6.98131861e-07  6.98131861e-07  6.39863735e-07  6.39863735e-07  6.39863735e-07  6.39863735e-07  1.76664347e-07  1.76664346e-07  2.32616098e-08  2.32616098e-08  2.32616098e-08  2.24101640e-08  2.24101640e-08  2.24101640e-08  2.32616098e-08  2.32616098e-08  2.32616098e-08  2.24101640e-08  2.24101640e-08  2.24101640e-08  2.16715008e-08  2.16715008e-08  2.16715008e-08  2.16715008e-08  8.98351918e-10  8.98351918e-10 
 1.51356125e+01  6.94233407e-07  6.94233407e-07  6.94233407e-07  6.91776287e-07  6.91776287e-07  6.91776287e-07  6.94233407e-07  6.94233407e-07  6.94233407e-07  6.91776287e-07  6.91776287e-07  6.91776287e-07  6.32911534e-07  6.32911534e-07  6.32911534e-07  6.32911534e-07  1.74966395e-07  1.74966395e-07  6.93843254e-07  6.93843254e-07  6.93843254e-07  6.91412869e-07  6.91412869e-07  6.91412869e-07  6.93843254e-07  6.93843254e-07  6.93843254e-07  6.91412869e-07  6.91412869e-07  6.91412869e-07  6.32539275e-07  6.32539275e-07  6.32539275e-07  6.32539275e-07  1.74964086e-07  1.74964086e-07  2.32616098e-08  2.32616098e-08  2.32616098e-08  2.24101640e-08  2.24101640e-08  2.24101640e-08  2.32616098e-08  2.32616098e-08  2.32616098e-08  2.24101640e-08  2.24101640e-08  2.24101640e-08  2.16715008e-08  2.16715008e-08  2.16715008e-08  2.16715008e-08  8.98351918e-10  8.98351918e-10 
 1.54881662e+01  6.87559479e-07  6.87559479e-07  6.87559479e-07  6.85125490e-07  6.85125490e-07  6.85125490e-07  6.87559479e-07  6.87559479e-07  6.87559479e-07  6.85125490e-07  6.85125490e-07  6.85125490e-07  6.25675225e-07  6.25675225e-07  6.25675225e-07  6.25675225e-07  1.73282520e-07  1.73282520e-07  6.87165536e-07  6.87165536e-07  6.87165536e-07  6.84758542e-07  6.84758542e-07  6.84758542e-07  6.87165536e-07  6.87165536e-07  6.87165536e-07  6.84758542e-07  6.84758542e-07  6.84758542e-07  6.25298658e-07  6.25298658e-07  6.25298658e-07  6.25298658e-07  1.73280188e-07  1.73280188e-07  2.32616098e-08  2.32616098e-08  2.32616098e-08  2.24101640e-08  2.24101640e-08  2.24101640e-08  2.32616098e-08  2.32616098e-08  2.32616098e-08  2.24101640e-08  2.24101640e-08  2.24101640e-08  2.16715008e-08  2.16715008e-08  2.16715008e-08  2.16715008e-08  8.98351918e-10  8.98351918e-10 
 1.58489319e+01  6.80949855e-07  6.80949855e-07  6.80949855e-07  6.78538769e-07  6.78538769e-07  6.78538769e-07  6.80949855e-07  6.80949855e-07  6.80949855e-07  6.78538769e-07  6.78538769e-07  6.78538769e-07  6.18521848e-07  6.18521848e-07  6.18521848e-07  6.18521848e-07  1.71614852e-07  1.71614852e-07  6.80552087e-07  6.80552087e-07  6.80552087e-07  6.78168258e-07  6.78168258e-07  6.78168258e-07  6.80552087e-07  6.80552087e-07  6.80552087e-07  6.78168258e-07  6.78168258e-07  6.78168258e-07  6.18140923e-07  6.18140923e-07  6.18140923e-07  6.18140923e-07  1.71612497e-07  1.71612497e-07  2.32616098e-08  2.32616098e-08  2.32616098e-08  2.24101640e-08  2.24101640e-08  2.24101640e-08  2.32616098e-08  2.32616098e-08  2.32616098e-08  2.24101640e-08  2.24101640e-08  2.24101640e-08  2.16715008e-08  2.16715008e-08  2.16715008e-08  2.16715008e-08  8.98351918e-10  8.98351918e-10 
 1.62181010e+01  6.74403918e-07  6.74403918e-07  6.74403918e-07  6.72015511e-07  6.72015511e-07  6.72015511e-07  6.74403918e-07  6.74403918e-07  6.74403918e-07  6.72015511e-07  6.72015511e-07  6.72015511e-07  6.11450456e-07  6.11450456e-07  6.11450456e-07  6.11450456e-07  1.69963234e-07  1.69963234e-07  6.74002287e-07  6.74002287e-07  6.74002287e-07  6.71641401e-07  6.71641401e-07  6.71641401e-07  6.74002287e-07  6.74002287e-07  6.74002287e-07  6.71641401e-07  6.71641401e-07  6.71641401e-07  6.11065123e-07  6.11065123e-07  6.11065123e-07  6.11065123e-07  1.69960857e-07  1.69960857e-07  2.32616098e-08  2.32616098e-08  2.32616098e-08  2.24101640e-08  2.24101640e-08  2.24101640e-08  2.32616098e-08  2.32616098e-08  2.32616098e-08  2.24101640e-08  2.24101640e-08  2.24101640e-08  2.16715008e-08  2.16715008e-08  2.16715008e-08  2.16715008e-08  8.98351919e-10  8.98351918e-10 
 1.65958691e+01  6.67921056e-07  6.67921056e-07  6.67921056e-07  6.65555103e-07  6.65555103e-07  6.65555103e-07  6.67921056e-07  6.67921056e-07  6.67921056e-07  6.65555103e-07  6.65555103e-07  6.65555103e-07  6.04460110e-07  6.04460110e-07  6.04460110e-07  6.04460110e-07  1.68327512e-07  1.68327512e-07  6.67515523e-07  6.67515523e-07  6.67515523e-07  6.65177359e-07  6.65177359e-07  6.65177359e-07  6.67515523e-07  6.67515523e-07  6.67515523e-07  6.65177359e-07  6.65177359e-07  6.65177359e-07  6.04070318e-07  6.04070318e-07  6.04070318e-07  6.04070318e-07  1.68325112e-07  1.68325112e-07  2.32616098e-08  2.32616098e-08  2.32616098e-08  2.24101640e-08  2.24101640e-08  2.24101640e-08  2.32616098e-08  2.32616098e-08  2.32616098e-08  2.24101640e-08  2.24101640e-08  2.24101640e-08  2.16715008e-08  2.16715008e-08  2.16715008e-08  2.16715008e-08  8.98351919e-10  8.98351919e-10 
 1.69824365e+01  6.61500661e-07  6.61500661e-07  6.61500661e-07  6.59156941e-07  6.59156941e-07  6.59156941e-07  6.61500661e-07  6.61500661e-07  6.61500661e-07  6.59156941e-07  6.59156941e-07  6.59156941e-07  5.97549885e-07  5.97549885e-07  5.97549885e-07  5.97549885e-07  1.66707534e-07  1.66707534e-07  6.61091190e-07  6.61091190e-07  6.61091190e-07  6.58775530e-07  6.58775530e-07  6.58775530e-07  6.61091190e-07  6.61091190e-07  6.61091190e-07  6.58775530e-07  6.58775530e-07  6.58775530e-07  5.97155582e-07  5.97155582e-07  5.97155582e-07  5.97155582e-07  1.66705110e-07  1.66705110e-07  2.32616098e-08  2.32616098e-08  2.32616098e-08  2.24101640e-08  2.24101640e-08  2.24101640e-08  2.32616098e-08  2.32616098e-08  2.32616098e-08  2.24101640e-08  2.24101640e-08  2.24101640e-08  2.16715008e-08  2.16715008e-08  2.16715008e-08  2.16715008e-08  8.98351919e-10  8.98351919e-10 
 1.73780083e+01  6.55142134e-07  6.55142134e-07  6.55142134e-07  6.52820429e-07  6.52820429e-07  6.52820429e-07  6.55142134e-07  6.55142134e-07  6.55142134e-07  6.52820429e-07  6.52820429e-07  6.52820429e-07  5.90718864e-07  5.90718864e-07  5.90718864e-07  5.90718864e-07  1.65103146e-07  1.65103146e-07  6.54728687e-07  6.54728687e-07  6.54728687e-07  6.52435312e-07  6.52435312e-07  6.52435312e-07  6.54728687e-07  6.54728687e-07  6.54728687e-07  6.52435312e-07  6.52435312e-07  6.52435312e-07  5.90319999e-07  5.90319999e-07  5.90319999e-07  5.90319999e-07  1.65100699e-07  1.65100699e-07  2.32616098e-08  2.32616098e-08  2.32616098e-08  2.24101640e-08  2.24101640e-08  2.24101640e-08  2.32616098e-08  2.32616098e-08  2.32616098e-08  2.24101640e-08  2.24101640e-08  2.24101640e-08  2.16715008e-08  2.16715008e-08  2.16715008e-08  2.16715008e-08  8.98351919e-10  8.98351919e-10 
 1.77827941e+01  6.48844880e-07  6.48844880e-07  6.48844880e-07  6.46544971e-07  6.46544971e-07  6.46544971e-07  6.48844880e-07  6.48844880e-07  6.48844880e-07  6.46544971e-07  6.46544971e-07  6.46544971e-07  5.83966143e-07  5.83966143e-07  5.83966143e-07  5.83966143e-07  1.63514201e-07  1.63514201e-07  6.48427418e-07  6.48427418e-07  6.48427418e-07  6.46156115e-07  6.46156115e-07  6.46156115e-07  6.48427418e-07  6.48427418e-07  6.48427418e-07  6.46156115e-07  6.46156115e-07  6.46156115e-07  5.83562662e-07  5.83562662e-07  5.83562662e-07  5.83562662e-07  1.63511729e-07  1.63511729e-07  2.32616098e-08  2.32616098e-08  2.32616098e-08  2.24101640e-08  2.24101640e-08  2.24101640e-08  2.32616098e-08  2.32616098e-08  2.32616098e-08  2.24101640e-08  2.24101640e-08  2.24101640e-08  2.16715008e-08  2.16715008e-08  2.16715008e-08  2.16715008e-08  8.98351919e-10  8.98351919e-10 
 1.81970086e+01  6.42608310e-07  6.42608310e-07  6.42608310e-07  6.40329983e-07  6.40329983e-07  6.40329983e-07  6.42608310e-07  6.42608310e-07  6.42608310e-07  6.40329983e-07  6.40329983e-07  6.40329983e-07  5.77290825e-07  5.77290825e-07  5.77290825e-07  5.77290825e-07  1.61940548e-07  1.61940548e-07  6.42186793e-07  6.42186793e-07  6.42186793e-07  6.39937350e-07  6.39937350e-07  6.39937350e-07  6.42186793e-07  6.42186793e-07  6.42186793e-07  6.39937350e-07  6.39937350e-07  6.39937350e-07  5.76882675e-07  5.76882675e-07  5.76882675e-07  5.76882675e-07  1.61938052e-07  1.61938052e-07  2.32616098e-08  2.32616098e-08  2.32616098e-08  2.24101640e-08  2.24101640e-08  2.24101640e-08  2.32616098e-08  2.32616098e-08  2.32616098e-08  2.24101640e-08  2.24101640e-08  2.24101640e-08  2.16715008e-08  2.16715008e-08  2.16715008e-08  2.16715008e-08  8.98351919e-10  8.98351919e-10 
 1.86208714e+01  6.36431840e-07  6.36431840e-07  6.36431840e-07  6.34174882e-07  6.34174882e-07  6.34174882e-07  6.36431840e-07  6.36431840e-07  6.36431840e-07  6.34174882e-07  6.34174882e-07  6.34174882e-07  5.70692026e-07  5.70692026e-07  5.70692026e-07  5.70692026e-07  1.60382040e-07  1.60382040e-07  6.36006230e-07  6.36006230e-07  6.36006230e-07  6.33778436e-07  6.33778436e-07  6.33778436e-07  6.36006230e-07  6.36006230e-07  6.36006230e-07  6.33778436e-07  6.33778436e-07  6.33778436e-07  5.70279154e-07  5.70279154e-07  5.70279154e-07  5.70279154e-07  1.60379521e-07  1.60379521e-07  2.32616098e-08  2.32616098e-08  2.32616098e-08  2.24101640e-08  2.24101640e-08  2.24101640e-08  2.32616098e-08  2.32616098e-08  2.32616098e-08  2.24101640e-08  2.24101640e-08  2.24101640e-08  2.16715008e-08  2.16715008e-08  2.16715008e-08  2.16715008e-08  8.98351919e-10  8.98351919e-10 
 1.90546072e+01  6.30314894e-07  6.30314894e-07  6.30314894e-07  6.28079094e-07  6.28079094e-07  6.28079094e-07  6.30314894e-07  6.30314894e-07  6.30314894e-07  6.28079094e-07  6.28079094e-07  6.28079094e-07  5.64168872e-07  5.64168872e-07  5.64168872e-07  5.64168872e-07  1.58838533e-07  1.58838533e-07  6.29885150e-07  6.29885150e-07  6.29885150e-07  6.27678797e-07  6.27678797e-07  6.27678797e-07  6.29885150e-07  6.29885150e-07  6.29885150e-07  6.27678797e-07  6.27678797e-07  6.27678797e-07  5.63751222e-07  5.63751222e-07  5.63751222e-07  5.63751222e-07  1.58835989e-07  1.58835989e-07  2.32616098e-08  2.32616098e-08  2.32616098e-08  2.24101640e-08  2.24101640e-08  2.24101640e-08  2.32616098e-08  2.32616098e-08  2.32616098e-08  2.24101640e-08  2.24101640e-08  2.24101640e-08  2.16715008e-08  2.16715008e-08  2.16715008e-08  2.16715008e-08  8.98351919e-10  8.98351919e-10 
 1.94984460e+01  6.24256898e-07  6.24256898e-07  6.24256898e-07  6.22042046e-07  6.22042046e-07  6.22042046e-07  6.24256898e-07  6.24256898e-07  6.24256898e-07  6.22042046e-07  6.22042046e-07  6.22042046e-07  5.57720498e-07  5.57720498e-07  5.57720498e-07  5.57720498e-07  1.57309881e-07  1.57309881e-07  6.23822981e-07  6.23822981e-07  6.23822981e-07  6.21637863e-07  6.21637863e-07  6.21637863e-07  6.23822981e-07  6.23822981e-07  6.23822981e-07  6.21637863e-07  6.21637863e-07  6.21637863e-07  5.57298015e-07  5.57298015e-07  5.57298015e-07  5.57298015e-07  1.57307313e-07  1.57307313e-07  2.32616098e-08  2.32616098e-08  2.32616098e-08  2.24101640e-08  2.24101640e-08  2.24101640e-08  2.32616098e-08  2.32616098e-08  2.32616098e-08  2.24101640e-08  2.24101640e-08  2.24101640e-08  2.16715008e-08  2.16715008e-08  2.16715008e-08  2.16715008e-08  8.98351919e-10  8.98351919e-10 
 1.99526231e+01  6.18257286e-07  6.18257286e-07  6.18257286e-07  6.16063177e-07  6.16063177e-07  6.16063177e-07  6.18257286e-07  6.18257286e-07  6.18257286e-07  6.16063177e-07  6.16063177e-07  6.16063177e-07  5.51346048e-07  5.51346048e-07  5.51346048e-07  5.51346048e-07  1.55795942e-07  1.55795942e-07  6.17819156e-07  6.17819156e-07  6.17819156e-07  6.15655068e-07  6.15655068e-07  6.15655068e-07  6.17819156e-07  6.17819156e-07  6.17819156e-07  6.15655068e-07  6.15655068e-07  6.15655068e-07  5.50918678e-07  5.50918678e-07  5.50918678e-07  5.50918678e-07  1.55793348e-07  1.55793348e-07  2.32616098e-08  2.32616098e-08  2.32616098e-08  2.24101640e-08  2.24101640e-08  2.24101640e-08  2.32616098e-08  2.32616098e-08  2.32616098e-08  2.24101640e-08  2.24101640e-08  2.24101640e-08  2.16715008e-08  2.16715008e-08  2.16715008e-08  2.16715008e-08  8.98351919e-10  8.98351919e-10 
 2.04173794e+01  6.12315498e-07  6.12315498e-07  6.12315498e-07  6.10141925e-07  6.10141925e-07  6.10141925e-07  6.12315498e-07  6.12315498e-07  6.12315498e-07  6.10141925e-07  6.10141925e-07  6.10141925e-07  5.45044679e-07  5.45044679e-07  5.45044679e-07  5.45044679e-07  1.54296574e-07  1.54296574e-07  6.11873113e-07  6.11873113e-07  6.11873113e-07  6.09729853e-07  6.09729853e-07  6.09729853e-07  6.11873113e-07  6.11873113e-07  6.11873113e-07  6.09729853e-07  6.09729853e-07  6.09729853e-07  5.44612364e-07  5.44612364e-07  5.44612364e-07  5.44612364e-07  1.54293955e-07  1.54293955e-07  2.32616098e-08  2.32616098e-08  2.32616098e-08  2.24101640e-08  2.24101640e-08  2.24101640e-08  2.32616098e-08  2.32616098e-08  2.32616098e-08  2.24101640e-08  2.24101640e-08  2.24101640e-08  2.16715008e-08  2.16715008e-08  2.16715008e-08  2.16715008e-08  8.98351919e-10  8.98351919e-10 
 2.08929613e+01  6.06430977e-07  6.06430977e-07  6.06430977e-07  6.04277737e-07  6.04277737e-07  6.04277737e-07  6.06430977e-07  6.06430977e-07  6.06430977e-07  6.04277737e-07  6.04277737e-07  6.04277737e-07  5.38815555e-07  5.38815555e-07  5.38815555e-07  5.38815555e-07  1.52811637e-07  1.52811637e-07  6.05984296e-07  6.05984296e-07  6.05984296e-07  6.03861663e-07  6.03861663e-07  6.03861663e-07  6.05984296e-07  6.05984296e-07  6.05984296e-07  6.03861663e-07  6.03861663e-07  6.03861663e-07  5.38378238e-07  5.38378238e-07  5.38378238e-07  5.38378238e-07  1.52808992e-07  1.52808992e-07  2.32616098e-08  2.32616098e-08  2.32616098e-08  2.24101640e-08  2.24101640e-08  2.24101640e-08  2.32616098e-08  2.32616098e-08  2.32616098e-08  2.24101640e-08  2.24101640e-08  2.24101640e-08  2.16715008e-08  2.16715008e-08  2.16715008e-08  2.16715008e-08  8.98351919e-10  8.98351919e-10 
 2.13796209e+01  6.00603173e-07  6.00603173e-07  6.00603173e-07  5.98470065e-07  5.98470065e-07  5.98470065e-07  6.00603173e-07  6.00603173e-07  6.00603173e-07  5.98470065e-07  5.98470065e-07  5.98470065e-07  5.32657850e-07  5.32657850e-07  5.32657850e-07  5.32657850e-07  1.51340991e-07  1.51340991e-07  6.00152155e-07  6.00152155e-07  6.00152155e-07  5.98049950e-07  5.98049950e-07  5.98049950e-07  6.00152155e-07  6.00152155e-07  6.00152155e-07  5.98049950e-07  5.98049950e-07  5.98049950e-07  5.32215473e-07  5.32215473e-07  5.32215473e-07  5.32215473e-07  1.51338321e-07  1.51338321e-07  2.32616098e-08  2.32616098e-08  2.32616098e-08  2.24101640e-08  2.24101640e-08  2.24101640e-08  2.32616098e-08  2.32616098e-08  2.32616098e-08  2.24101640e-08  2.24101640e-08  2.24101640e-08  2.16715008e-08  2.16715008e-08  2.16715008e-08  2.16715008e-08  8.98351920e-10  8.98351919e-10 
 2.18776162e+01  5.94831541e-07  5.94831541e-07  5.94831541e-07  5.92718365e-07  5.92718365e-07  5.92718365e-07  5.94831541e-07  5.94831541e-07  5.94831541e-07  5.92718365e-07  5.92718365e-07  5.92718365e-07  5.26570748e-07  5.26570748e-07  5.26570748e-07  5.26570748e-07  1.49884500e-07  1.49884500e-07  5.94376144e-07  5.94376144e-07  5.94376144e-07  5.92294171e-07  5.92294171e-07  5.92294171e-07  5.94376144e-07  5.94376144e-07  5.94376144e-07  5.92294171e-07  5.92294171e-07  5.92294171e-07  5.26123253e-07  5.26123253e-07  5.26123253e-07  5.26123253e-07  1.49881804e-07  1.49881804e-07  2.32616098e-08  2.32616098e-08  2.32616098e-08  2.24101640e-08  2.24101640e-08  2.24101640e-08  2.32616098e-08  2.32616098e-08  2.32616098e-08  2.24101640e-08  2.24101640e-08  2.24101640e-08  2.16715008e-08  2.16715008e-08  2.16715008e-08  2.16715008e-08  8.98351920e-10  8.98351920e-10 
 2.23872114e+01  5.89115542e-07  5.89115542e-07  5.89115542e-07  5.87022100e-07  5.87022100e-07  5.87022100e-07  5.89115542e-07  5.89115542e-07  5.89115542e-07  5.87022100e-07  5.87022100e-07  5.87022100e-07  5.20553442e-07  5.20553442e-07  5.20553442e-07  5.20553442e-07  1.48442027e-07  1.48442027e-07  5.88655722e-07  5.88655722e-07  5.88655722e-07  5.86593787e-07  5.86593787e-07  5.86593787e-07  5.88655722e-07  5.88655722e-07  5.88655722e-07  5.86593787e-07  5.86593787e-07  5.86593787e-07  5.20100770e-07  5.20100770e-07  5.20100770e-07  5.20100770e-07  1.48439305e-07  1.48439305e-07  2.32616098e-08  2.32616098e-08  2.32616098e-08  2.24101640e-08  2.24101640e-08  2.24101640e-08  2.32616098e-08  2.32616098e-08  2.32616098e-08  2.24101640e-08  2.24101640e-08  2.24101640e-08  2.16715008e-08  2.16715008e-08  2.16715008e-08  2.16715008e-08  8.98351920e-10  8.98351920e-10 
 2.29086765e+01  5.83454640e-07  5.83454640e-07  5.83454640e-07  5.81380737e-07  5.81380737e-07  5.81380737e-07  5.83454640e-07  5.83454640e-07  5.83454640e-07  5.81380737e-07  5.81380737e-07  5.81380737e-07  5.14605135e-07  5.14605135e-07  5.14605135e-07  5.14605135e-07  1.47013437e-07  1.47013437e-07  5.82990355e-07  5.82990355e-07  5.82990355e-07  5.80948265e-07  5.80948265e-07  5.80948265e-07  5.82990355e-07  5.82990355e-07  5.82990355e-07  5.80948265e-07  5.80948265e-07  5.80948265e-07  5.14147225e-07  5.14147225e-07  5.14147225e-07  5.14147225e-07  1.47010689e-07  1.47010689e-07  2.32616098e-08  2.32616098e-08  2.32616098e-08  2.24101640e-08  2.24101640e-08  2.24101640e-08  2.32616098e-08  2.32616098e-08  2.32616098e-08  2.24101640e-08  2.24101640e-08  2.24101640e-08  2.16715008e-08  2.16715008e-08  2.16715008e-08  2.16715008e-08  8.98351920e-10  8.98351920e-10 
 2.34422882e+01  5.77848306e-07  5.77848306e-07  5.77848306e-07  5.75793748e-07  5.75793748e-07  5.75793748e-07  5.77848306e-07  5.77848306e-07  5.77848306e-07  5.75793748e-07  5.75793748e-07  5.75793748e-07  5.08725038e-07  5.08725038e-07  5.08725038e-07  5.08725038e-07  1.45598597e-07  1.45598597e-07  5.77379513e-07  5.77379513e-07  5.77379513e-07  5.75357076e-07  5.75357076e-07  5.75357076e-07  5.77379513e-07  5.77379513e-07  5.77379513e-07  5.75357076e-07  5.75357076e-07  5.75357076e-07  5.08261831e-07  5.08261831e-07  5.08261831e-07  5.08261831e-07  1.45595822e-07  1.45595822e-07  2.32616098e-08  2.32616098e-08  2.32616098e-08  2.24101640e-08  2.24101640e-08  2.24101640e-08  2.32616098e-08  2.32616098e-08  2.32616098e-08  2.24101640e-08  2.24101640e-08  2.24101640e-08  2.16715008e-08  2.16715008e-08  2.16715008e-08  2.16715008e-08  8.98351920e-10  8.98351920e-10 
 2.39883292e+01  5.72296016e-07  5.72296016e-07  5.72296016e-07  5.70260610e-07  5.70260610e-07  5.70260610e-07  5.72296016e-07  5.72296016e-07  5.72296016e-07  5.70260610e-07  5.70260610e-07  5.70260610e-07  5.02912371e-07  5.02912371e-07  5.02912371e-07  5.02912371e-07  1.44197374e-07  1.44197374e-07  5.71822671e-07  5.71822671e-07  5.71822671e-07  5.69819699e-07  5.69819699e-07  5.69819699e-07  5.71822671e-07  5.71822671e-07  5.71822671e-07  5.69819699e-07  5.69819699e-07  5.69819699e-07  5.02443806e-07  5.02443806e-07  5.02443806e-07  5.02443806e-07  1.44194572e-07  1.44194572e-07  2.32616098e-08  2.32616098e-08  2.32616098e-08  2.24101640e-08  2.24101640e-08  2.24101640e-08  2.32616098e-08  2.32616098e-08  2.32616098e-08  2.24101640e-08  2.24101640e-08  2.24101640e-08  2.16715008e-08  2.16715008e-08  2.16715008e-08  2.16715008e-08  8.98351920e-10  8.98351920e-10 
 2.45470892e+01  5.66797250e-07  5.66797250e-07  5.66797250e-07  5.64780807e-07  5.64780807e-07  5.64780807e-07  5.66797250e-07  5.66797250e-07  5.66797250e-07  5.64780807e-07  5.64780807e-07  5.64780807e-07  4.97166365e-07  4.97166365e-07  4.97166365e-07  4.97166365e-07  1.42809638e-07  1.42809638e-07  5.66319309e-07  5.66319309e-07  5.66319309e-07  5.64335614e-07  5.64335614e-07  5.64335614e-07  5.66319309e-07  5.66319309e-07  5.66319309e-07  5.64335614e-07  5.64335614e-07  5.64335614e-07  4.96692379e-07  4.96692379e-07  4.96692379e-07  4.96692379e-07  1.42806808e-07  1.42806808e-07  2.32616098e-08  2.32616098e-08  2.32616098e-08  2.24101640e-08  2.24101640e-08  2.24101640e-08  2.32616098e-08  2.32616098e-08  2.32616098e-08  2.24101640e-08  2.24101640e-08  2.24101640e-08  2.16715008e-08  2.16715008e-08  2.16715008e-08  2.16715008e-08  8.98351920e-10  8.98351920e-10 
 2.51188643e+01  5.61351495e-07  5.61351495e-07  5.61351495e-07  5.59353826e-07  5.59353826e-07  5.59353826e-07  5.61351495e-07  5.61351495e-07  5.61351495e-07  5.59353826e-07  5.59353826e-07  5.59353826e-07  4.91486258e-07  4.91486258e-07  4.91486258e-07  4.91486258e-07  1.41435258e-07  1.41435258e-07  5.60868914e-07  5.60868914e-07  5.60868914e-07  5.58904310e-07  5.58904310e-07  5.58904310e-07  5.60868914e-07  5.60868914e-07  5.60868914e-07  5.58904310e-07  5.58904310e-07  5.58904310e-07  4.91006788e-07  4.91006788e-07  4.91006788e-07  4.91006788e-07  1.41432400e-07  1.41432400e-07  2.32616098e-08  2.32616098e-08  2.32616098e-08  2.24101640e-08  2.24101640e-08  2.24101640e-08  2.32616098e-08  2.32616098e-08  2.32616098e-08  2.24101640e-08  2.24101640e-08  2.24101640e-08  2.16715008e-08  2.16715008e-08  2.16715008e-08  2.16715008e-08  8.98351920e-10  8.98351920e-10 
 2.57039578e+01  5.55958241e-07  5.55958241e-07  5.55958241e-07  5.53979159e-07  5.53979159e-07  5.53979159e-07  5.55958241e-07  5.55958241e-07  5.55958241e-07  5.53979159e-07  5.53979159e-07  5.53979159e-07  4.85871296e-07  4.85871296e-07  4.85871296e-07  4.85871296e-07  1.40074105e-07  1.40074105e-07  5.55470974e-07  5.55470974e-07  5.55470974e-07  5.53525278e-07  5.53525278e-07  5.53525278e-07  5.55470974e-07  5.55470974e-07  5.55470974e-07  5.53525278e-07  5.53525278e-07  5.53525278e-07  4.85386280e-07  4.85386280e-07  4.85386280e-07  4.85386280e-07  1.40071220e-07  1.40071220e-07  2.32616098e-08  2.32616098e-08  2.32616098e-08  2.24101640e-08  2.24101640e-08  2.24101640e-08  2.32616098e-08  2.32616098e-08  2.32616098e-08  2.24101640e-08  2.24101640e-08  2.24101640e-08  2.16715008e-08  2.16715008e-08  2.16715008e-08  2.16715008e-08  8.98351921e-10  8.98351920e-10 
 2.63026799e+01  5.50616983e-07  5.50616983e-07  5.50616983e-07  5.48656303e-07  5.48656303e-07  5.48656303e-07  5.50616983e-07  5.50616983e-07  5.50616983e-07  5.48656303e-07  5.48656303e-07  5.48656303e-07  4.80320736e-07  4.80320736e-07  4.80320736e-07  4.80320736e-07  1.38726054e-07  1.38726054e-07  5.50124985e-07  5.50124985e-07  5.50124985e-07  5.48198015e-07  5.48198015e-07  5.48198015e-07  5.50124985e-07  5.50124985e-07  5.50124985e-07  5.48198015e-07  5.48198015e-07  5.48198015e-07  4.79830109e-07  4.79830109e-07  4.79830109e-07  4.79830109e-07  1.38723141e-07  1.38723141e-07  2.32616098e-08  2.32616098e-08  2.32616098e-08  2.24101640e-08  2.24101640e-08  2.24101640e-08  2.32616098e-08  2.32616098e-08  2.32616098e-08  2.24101640e-08  2.24101640e-08  2.24101640e-08  2.16715008e-08  2.16715008e-08  2.16715008e-08  2.16715008e-08  8.98351921e-10  8.98351921e-10 
 2.69153480e+01  5.45327222e-07  5.45327222e-07  5.45327222e-07  5.43384760e-07  5.43384760e-07  5.43384760e-07  5.45327222e-07  5.45327222e-07  5.45327222e-07  5.43384760e-07  5.43384760e-07  5.43384760e-07  4.74833841e-07  4.74833841e-07  4.74833841e-07  4.74833841e-07  1.37390976e-07  1.37390976e-07  5.44830447e-07  5.44830447e-07  5.44830447e-07  5.42922023e-07  5.42922023e-07  5.42922023e-07  5.44830447e-07  5.44830447e-07  5.44830447e-07  5.42922023e-07  5.42922023e-07  5.42922023e-07  4.74337539e-07  4.74337539e-07  4.74337539e-07  4.74337539e-07  1.37388035e-07  1.37388035e-07  2.32616098e-08  2.32616098e-08  2.32616098e-08  2.24101640e-08  2.24101640e-08  2.24101640e-08  2.32616098e-08  2.32616098e-08  2.32616098e-08  2.24101640e-08  2.24101640e-08  2.24101640e-08  2.16715008e-08  2.16715008e-08  2.16715008e-08  2.16715008e-08  8.98351921e-10  8.98351921e-10 
 2.75422870e+01  5.40088463e-07  5.40088463e-07  5.40088463e-07  5.38164039e-07  5.38164039e-07  5.38164039e-07  5.40088463e-07  5.40088463e-07  5.40088463e-07  5.38164039e-07  5.38164039e-07  5.38164039e-07  4.69409885e-07  4.69409885e-07  4.69409885e-07  4.69409885e-07  1.36068749e-07  1.36068749e-07  5.39586866e-07  5.39586866e-07  5.39586866e-07  5.37696808e-07  5.37696808e-07  5.37696808e-07  5.39586866e-07  5.39586866e-07  5.39586866e-07  5.37696808e-07  5.37696808e-07  5.37696808e-07  4.68907842e-07  4.68907842e-07  4.68907842e-07  4.68907842e-07  1.36065779e-07  1.36065779e-07  2.32616098e-08  2.32616098e-08  2.32616098e-08  2.24101640e-08  2.24101640e-08  2.24101640e-08  2.32616098e-08  2.32616098e-08  2.32616098e-08  2.24101640e-08  2.24101640e-08  2.24101640e-08  2.16715008e-08  2.16715008e-08  2.16715008e-08  2.16715008e-08  8.98351921e-10  8.98351921e-10 
 2.81838293e+01  5.34900217e-07  5.34900217e-07  5.34900217e-07  5.32993649e-07  5.32993649e-07  5.32993649e-07  5.34900217e-07  5.34900217e-07  5.34900217e-07  5.32993649e-07  5.32993649e-07  5.32993649e-07  4.64048148e-07  4.64048148e-07  4.64048148e-07  4.64048148e-07  1.34759247e-07  1.34759247e-07  5.34393749e-07  5.34393749e-07  5.34393749e-07  5.32521882e-07  5.32521882e-07  5.32521882e-07  5.34393749e-07  5.34393749e-07  5.34393749e-07  5.32521882e-07  5.32521882e-07  5.32521882e-07  4.63540299e-07  4.63540299e-07  4.63540299e-07  4.63540299e-07  1.34756249e-07  1.34756249e-07  2.32616098e-08  2.32616098e-08  2.32616098e-08  2.24101640e-08  2.24101640e-08  2.24101640e-08  2.32616098e-08  2.32616098e-08  2.32616098e-08  2.24101640e-08  2.24101640e-08  2.24101640e-08  2.16715008e-08  2.16715008e-08  2.16715008e-08  2.16715008e-08  8.98351921e-10  8.98351921e-10 
 2.88403150e+01  5.29761997e-07  5.29761997e-07  5.29761997e-07  5.27873109e-07  5.27873109e-07  5.27873109e-07  5.29761997e-07  5.29761997e-07  5.29761997e-07  5.27873109e-07  5.27873109e-07  5.27873109e-07  4.58747921e-07  4.58747921e-07  4.58747921e-07  4.58747921e-07  1.33462349e-07  1.33462349e-07  5.29250613e-07  5.29250613e-07  5.29250613e-07  5.27396761e-07  5.27396761e-07  5.27396761e-07  5.29250613e-07  5.29250613e-07  5.29250613e-07  5.27396761e-07  5.27396761e-07  5.27396761e-07  4.58234197e-07  4.58234197e-07  4.58234197e-07  4.58234197e-07  1.33459322e-07  1.33459322e-07  2.32616098e-08  2.32616098e-08  2.32616098e-08  2.24101640e-08  2.24101640e-08  2.24101640e-08  2.32616098e-08  2.32616098e-08  2.32616098e-08  2.24101640e-08  2.24101640e-08  2.24101640e-08  2.16715008e-08  2.16715008e-08  2.16715008e-08  2.16715008e-08  8.98351921e-10  8.98351921e-10 
 2.95120923e+01  5.24673324e-07  5.24673324e-07  5.24673324e-07  5.22801938e-07  5.22801938e-07  5.22801938e-07  5.24673325e-07  5.24673325e-07  5.24673325e-07  5.22801938e-07  5.22801938e-07  5.22801938e-07  4.53508499e-07  4.53508499e-07  4.53508499e-07  4.53508499e-07  1.32177934e-07  1.32177934e-07  5.24156975e-07  5.24156975e-07  5.24156975e-07  5.22320966e-07  5.22320966e-07  5.22320966e-07  5.24156975e-07  5.24156975e-07  5.24156975e-07  5.22320966e-07  5.22320966e-07  5.22320966e-07  4.52988833e-07  4.52988833e-07  4.52988833e-07  4.52988833e-07  1.32174876e-07  1.32174876e-07  2.32616098e-08  2.32616098e-08  2.32616098e-08  2.24101640e-08  2.24101640e-08  2.24101640e-08  2.32616098e-08  2.32616098e-08  2.32616098e-08  2.24101640e-08  2.24101640e-08  2.24101640e-08  2.16715008e-08  2.16715008e-08  2.16715008e-08  2.16715008e-08  8.98351922e-10  8.98351922e-10 
 3.01995172e+01  5.19633722e-07  5.19633722e-07  5.19633722e-07  5.17779662e-07  5.17779662e-07  5.17779662e-07  5.19633722e-07  5.19633722e-07  5.19633722e-07  5.17779662e-07  5.17779662e-07  5.17779662e-07  4.48329189e-07  4.48329189e-07  4.48329189e-07  4.48329189e-07  1.30905880e-07  1.30905880e-07  5.19112360e-07  5.19112360e-07  5.19112360e-07  5.17294021e-07  5.17294021e-07  5.17294021e-07  5.19112360e-07  5.19112360e-07  5.19112360e-07  5.17294021e-07  5.17294021e-07  5.17294021e-07  4.47803513e-07  4.47803513e-07  4.47803513e-07  4.47803513e-07  1.30902793e-07  1.30902793e-07  2.32616098e-08  2.32616098e-08  2.32616098e-08  2.24101640e-08  2.24101640e-08  2.24101640e-08  2.32616098e-08  2.32616098e-08  2.32616098e-08  2.24101640e-08  2.24101640e-08  2.24101640e-08  2.16715008e-08  2.16715008e-08  2.16715008e-08  2.16715008e-08  8.98351922e-10  8.98351922e-10 
 3.09029543e+01  5.14642719e-07  5.14642719e-07  5.14642719e-07  5.12805813e-07  5.12805813e-07  5.12805813e-07  5.14642719e-07  5.14642719e-07  5.14642719e-07  5.12805813e-07  5.12805813e-07  5.12805813e-07  4.43209304e-07  4.43209304e-07  4.43209304e-07  4.43209304e-07  1.29646069e-07  1.29646069e-07  5.14116296e-07  5.14116296e-07  5.14116296e-07  5.12315456e-07  5.12315456e-07  5.12315456e-07  5.14116296e-07  5.14116296e-07  5.14116296e-07  5.12315456e-07  5.12315456e-07  5.12315456e-07  4.42677548e-07  4.42677548e-07  4.42677548e-07  4.42677548e-07  1.29642952e-07  1.29642952e-07  2.32616098e-08  2.32616098e-08  2.32616098e-08  2.24101640e-08  2.24101640e-08  2.24101640e-08  2.32616098e-08  2.32616098e-08  2.32616098e-08  2.24101640e-08  2.24101640e-08  2.24101640e-08  2.16715008e-08  2.16715008e-08  2.16715008e-08  2.16715008e-08  8.98351922e-10  8.98351922e-10 
 3.16227766e+01  5.09699848e-07  5.09699848e-07  5.09699848e-07  5.07879924e-07  5.07879924e-07  5.07879924e-07  5.09699848e-07  5.09699848e-07  5.09699848e-07  5.07879924e-07  5.07879924e-07  5.07879924e-07  4.38148166e-07  4.38148166e-07  4.38148166e-07  4.38148166e-07  1.28398384e-07  1.28398384e-07  5.09168314e-07  5.09168314e-07  5.09168314e-07  5.07384807e-07  5.07384807e-07  5.07384807e-07  5.09168314e-07  5.09168314e-07  5.09168314e-07  5.07384807e-07  5.07384807e-07  5.07384807e-07  4.37610260e-07  4.37610260e-07  4.37610260e-07  4.37610260e-07  1.28395237e-07  1.28395237e-07  2.32616098e-08  2.32616098e-08  2.32616098e-08  2.24101640e-08  2.24101640e-08  2.24101640e-08  2.32616098e-08  2.32616098e-08  2.32616098e-08  2.24101640e-08  2.24101640e-08  2.24101640e-08  2.16715007e-08  2.16715007e-08  2.16715007e-08  2.16715007e-08  8.98351922e-10  8.98351922e-10 
 3.23593657e+01  5.04804647e-07  5.04804647e-07  5.04804647e-07  5.03001535e-07  5.03001535e-07  5.03001535e-07  5.04804647e-07  5.04804647e-07  5.04804647e-07  5.03001535e-07  5.03001535e-07  5.03001535e-07  4.33145104e-07  4.33145104e-07  4.33145104e-07  4.33145104e-07  1.27162708e-07  1.27162708e-07  5.04267954e-07  5.04267954e-07  5.04267954e-07  5.02501611e-07  5.02501611e-07  5.02501611e-07  5.04267954e-07  5.04267954e-07  5.04267954e-07  5.02501611e-07  5.02501611e-07  5.02501611e-07  4.32600977e-07  4.32600977e-07  4.32600977e-07  4.32600977e-07  1.27159530e-07  1.27159530e-07  2.32616098e-08  2.32616098e-08  2.32616098e-08  2.24101640e-08  2.24101640e-08  2.24101640e-08  2.32616098e-08  2.32616098e-08  2.32616098e-08  2.24101640e-08  2.24101640e-08  2.24101640e-08  2.16715007e-08  2.16715007e-08  2.16715007e-08  2.16715007e-08  8.98351923e-10  8.98351923e-10 
 3.31131121e+01  4.99956659e-07  4.99956659e-07  4.99956659e-07  4.98170189e-07  4.98170189e-07  4.98170189e-07  4.99956659e-07  4.99956659e-07  4.99956659e-07  4.98170189e-07  4.98170189e-07  4.98170189e-07  4.28199454e-07  4.28199454e-07  4.28199454e-07  4.28199454e-07  1.25938924e-07  1.25938924e-07  4.99414755e-07  4.99414755e-07  4.99414755e-07  4.97665412e-07  4.97665412e-07  4.97665412e-07  4.99414755e-07  4.99414755e-07  4.99414755e-07  4.97665412e-07  4.97665412e-07  4.97665412e-07  4.27649035e-07  4.27649035e-07  4.27649035e-07  4.27649035e-07  1.25935715e-07  1.25935715e-07  2.32616098e-08  2.32616098e-08  2.32616098e-08  2.24101640e-08  2.24101640e-08  2.24101640e-08  2.32616098e-08  2.32616098e-08  2.32616098e-08  2.24101640e-08  2.24101640e-08  2.24101640e-08  2.16715007e-08  2.16715007e-08  2.16715007e-08  2.16715007e-08  8.98351923e-10  8.98351923e-10 
 3.38844156e+01  4.95155429e-07  4.95155429e-07  4.95155429e-07  4.93385436e-07  4.93385436e-07  4.93385436e-07  4.95155429e-07  4.95155429e-07  4.95155429e-07  4.93385436e-07  4.93385436e-07  4.93385436e-07  4.23310561e-07  4.23310561e-07  4.23310561e-07  4.23310561e-07  1.24726919e-07  1.24726919e-07  4.94608265e-07  4.94608265e-07  4.94608265e-07  4.92875758e-07  4.92875758e-07  4.92875758e-07  4.94608265e-07  4.94608265e-07  4.94608265e-07  4.92875758e-07  4.92875758e-07  4.92875758e-07  4.22753777e-07  4.22753777e-07  4.22753777e-07  4.22753777e-07  1.24723679e-07  1.24723679e-07  2.32616098e-08  2.32616098e-08  2.32616098e-08  2.24101640e-08  2.24101640e-08  2.24101640e-08  2.32616098e-08  2.32616098e-08  2.32616098e-08  2.24101640e-08  2.24101640e-08  2.24101640e-08  2.16715007e-08  2.16715007e-08  2.16715007e-08  2.16715007e-08  8.98351923e-10  8.98351923e-10 
 3.46736850e+01  4.90400509e-07  4.90400509e-07  4.90400509e-07  4.88646826e-07  4.88646826e-07  4.88646826e-07  4.90400509e-07  4.90400509e-07  4.90400509e-07  4.88646826e-07  4.88646826e-07  4.88646826e-07  4.18477777e-07  4.18477777e-07  4.18477777e-07  4.18477777e-07  1.23526579e-07  1.23526579e-07  4.89848034e-07  4.89848034e-07  4.89848034e-07  4.88132201e-07  4.88132201e-07  4.88132201e-07  4.89848034e-07  4.89848034e-07  4.89848034e-07  4.88132201e-07  4.88132201e-07  4.88132201e-07  4.17914554e-07  4.17914554e-07  4.17914554e-07  4.17914554e-07  1.23523308e-07  1.23523308e-07  2.32616098e-08  2.32616098e-08  2.32616098e-08  2.24101640e-08  2.24101640e-08  2.24101640e-08  2.32616098e-08  2.32616098e-08  2.32616098e-08  2.24101640e-08  2.24101640e-08  2.24101640e-08  2.16715007e-08  2.16715007e-08  2.16715007e-08  2.16715007e-08  8.98351923e-10  8.98351923e-10 
 3.54813389e+01  4.85691454e-07  4.85691454e-07  4.85691454e-07  4.83953918e-07  4.83953918e-07  4.83953918e-07  4.85691454e-07  4.85691454e-07  4.85691454e-07  4.83953918e-07  4.83953918e-07  4.83953918e-07  4.13700462e-07  4.13700462e-07  4.13700462e-07  4.13700462e-07  1.22337793e-07  1.22337793e-07  4.85133617e-07  4.85133617e-07  4.85133617e-07  4.83434297e-07  4.83434297e-07  4.83434297e-07  4.85133617e-07  4.85133617e-07  4.85133617e-07  4.83434297e-07  4.83434297e-07  4.83434297e-07  4.13130726e-07  4.13130726e-07  4.13130726e-07  4.13130726e-07  1.22334489e-07  1.22334489e-07  2.32616098e-08  2.32616098e-08  2.32616098e-08  2.24101640e-08  2.24101640e-08  2.24101640e-08  2.32616098e-08  2.32616098e-08  2.32616098e-08  2.24101640e-08  2.24101640e-08  2.24101640e-08  2.16715007e-08  2.16715007e-08  2.16715007e-08  2.16715007e-08  8.98351924e-10  8.98351924e-10 
 3.63078055e+01  4.81027824e-07  4.81027824e-07  4.81027824e-07  4.79306272e-07  4.79306272e-07  4.79306272e-07  4.81027824e-07  4.81027824e-07  4.81027824e-07  4.79306272e-07  4.79306272e-07  4.79306272e-07  4.08977982e-07  4.08977982e-07  4.08977982e-07  4.08977982e-07  1.21160448e-07  1.21160448e-07  4.80464572e-07  4.80464572e-07  4.80464572e-07  4.78781607e-07  4.78781607e-07  4.78781607e-07  4.80464572e-07  4.80464572e-07  4.80464572e-07  4.78781607e-07  4.78781607e-07  4.78781607e-07  4.08401658e-07  4.08401658e-07  4.08401658e-07  4.08401658e-07  1.21157112e-07  1.21157112e-07  2.32616098e-08  2.32616098e-08  2.32616098e-08  2.24101640e-08  2.24101640e-08  2.24101640e-08  2.32616098e-08  2.32616098e-08  2.32616098e-08  2.24101640e-08  2.24101640e-08  2.24101640e-08  2.16715007e-08  2.16715007e-08  2.16715007e-08  2.16715007e-08  8.98351924e-10  8.98351924e-10 
 3.71535229e+01  4.76409182e-07  4.76409182e-07  4.76409182e-07  4.74703453e-07  4.74703453e-07  4.74703453e-07  4.76409182e-07  4.76409182e-07  4.76409182e-07  4.74703453e-07  4.74703453e-07  4.74703453e-07  4.04309710e-07  4.04309710e-07  4.04309710e-07  4.04309710e-07  1.19994434e-07  1.19994434e-07  4.75840463e-07  4.75840463e-07  4.75840463e-07  4.74173696e-07  4.74173696e-07  4.74173696e-07  4.75840463e-07  4.75840463e-07  4.75840463e-07  4.74173696e-07  4.74173696e-07  4.74173696e-07  4.03726722e-07  4.03726722e-07  4.03726722e-07  4.03726722e-07  1.19991067e-07  1.19991067e-07  2.32616098e-08  2.32616098e-08  2.32616098e-08  2.24101640e-08  2.24101640e-08  2.24101640e-08  2.32616098e-08  2.32616098e-08  2.32616098e-08  2.24101640e-08  2.24101640e-08  2.24101640e-08  2.16715007e-08  2.16715007e-08  2.16715007e-08  2.16715007e-08  8.98351924e-10  8.98351924e-10 
 3.80189396e+01  4.71835097e-07  4.71835097e-07  4.71835097e-07  4.70145032e-07  4.70145032e-07  4.70145032e-07  4.71835097e-07  4.71835097e-07  4.71835097e-07  4.70145032e-07  4.70145032e-07  4.70145032e-07  3.99695030e-07  3.99695030e-07  3.99695030e-07  3.99695030e-07  1.18839644e-07  1.18839644e-07  4.71260858e-07  4.71260858e-07  4.71260858e-07  4.69610132e-07  4.69610132e-07  4.69610132e-07  4.71260858e-07  4.71260858e-07  4.71260858e-07  4.69610132e-07  4.69610132e-07  4.69610132e-07  3.99105301e-07  3.99105301e-07  3.99105301e-07  3.99105301e-07  1.18836243e-07  1.18836243e-07  2.32616098e-08  2.32616098e-08  2.32616098e-08  2.24101640e-08  2.24101640e-08  2.24101640e-08  2.32616098e-08  2.32616098e-08  2.32616098e-08  2.24101640e-08  2.24101640e-08  2.24101640e-08  2.16715007e-08  2.16715007e-08  2.16715007e-08  2.16715007e-08  8.98351925e-10  8.98351925e-10 
 3.89045145e+01  4.67305140e-07  4.67305140e-07  4.67305140e-07  4.65630581e-07  4.65630581e-07  4.65630581e-07  4.67305140e-07  4.67305140e-07  4.67305140e-07  4.65630581e-07  4.65630581e-07  4.65630581e-07  3.95133327e-07  3.95133327e-07  3.95133327e-07  3.95133327e-07  1.17695968e-07  1.17695968e-07  4.66725328e-07  4.66725328e-07  4.66725328e-07  4.65090489e-07  4.65090489e-07  4.65090489e-07  4.66725328e-07  4.66725328e-07  4.66725328e-07  4.65090489e-07  4.65090489e-07  4.65090489e-07  3.94536780e-07  3.94536780e-07  3.94536780e-07  3.94536780e-07  1.17692534e-07  1.17692534e-07  2.32616098e-08  2.32616098e-08  2.32616098e-08  2.24101640e-08  2.24101640e-08  2.24101640e-08  2.32616098e-08  2.32616098e-08  2.32616098e-08  2.24101640e-08  2.24101640e-08  2.24101640e-08  2.16715007e-08  2.16715007e-08  2.16715007e-08  2.16715007e-08  8.98351925e-10  8.98351925e-10 
 3.98107171e+01  4.62818889e-07  4.62818889e-07  4.62818889e-07  4.61159678e-07  4.61159678e-07  4.61159678e-07  4.62818889e-07  4.62818889e-07  4.62818889e-07  4.61159678e-07  4.61159678e-07  4.61159678e-07  3.90623999e-07  3.90623999e-07  3.90623999e-07  3.90623999e-07  1.16563299e-07  1.16563299e-07  4.62233449e-07  4.62233449e-07  4.62233449e-07  4.60614344e-07  4.60614344e-07  4.60614344e-07  4.62233449e-07  4.62233449e-07  4.62233449e-07  4.60614344e-07  4.60614344e-07  4.60614344e-07  3.90020555e-07  3.90020555e-07  3.90020555e-07  3.90020555e-07  1.16559832e-07  1.16559832e-07  2.32616098e-08  2.32616098e-08  2.32616098e-08  2.24101640e-08  2.24101640e-08  2.24101640e-08  2.32616098e-08  2.32616098e-08  2.32616098e-08  2.24101640e-08  2.24101640e-08  2.24101640e-08  2.16715007e-08  2.16715007e-08  2.16715007e-08  2.16715007e-08  8.98351925e-10  8.98351925e-10 
 4.07380278e+01  4.58375923e-07  4.58375923e-07  4.58375923e-07  4.56731906e-07  4.56731906e-07  4.56731906e-07  4.58375923e-07  4.58375923e-07  4.58375923e-07  4.56731906e-07  4.56731906e-07  4.56731906e-07  3.86166447e-07  3.86166447e-07  3.86166447e-07  3.86166447e-07  1.15441533e-07  1.15441533e-07  4.57784801e-07  4.57784801e-07  4.57784801e-07  4.56181279e-07  4.56181279e-07  4.56181279e-07  4.57784801e-07  4.57784801e-07  4.57784801e-07  4.56181279e-07  4.56181279e-07  4.56181279e-07  3.85556027e-07  3.85556027e-07  3.85556027e-07  3.85556027e-07  1.15438032e-07  1.15438032e-07  2.32616098e-08  2.32616098e-08  2.32616098e-08  2.24101640e-08  2.24101640e-08  2.24101640e-08  2.32616098e-08  2.32616098e-08  2.32616098e-08  2.24101640e-08  2.24101640e-08  2.24101640e-08  2.16715007e-08  2.16715007e-08  2.16715007e-08  2.16715007e-08  8.98351926e-10  8.98351926e-10 
 4.16869383e+01  4.53975826e-07  4.53975826e-07  4.53975826e-07  4.52346850e-07  4.52346850e-07  4.52346850e-07  4.53975826e-07  4.53975826e-07  4.53975826e-07  4.52346850e-07  4.52346850e-07  4.52346850e-07  3.81760081e-07  3.81760081e-07  3.81760081e-07  3.81760081e-07  1.14330563e-07  1.14330563e-07  4.53378968e-07  4.53378968e-07  4.53378968e-07  4.51790878e-07  4.51790878e-07  4.51790878e-07  4.53378968e-07  4.53378968e-07  4.53378968e-07  4.51790878e-07  4.51790878e-07  4.51790878e-07  3.81142603e-07  3.81142603e-07  3.81142603e-07  3.81142603e-07  1.14327028e-07  1.14327028e-07  2.32616098e-08  2.32616098e-08  2.32616098e-08  2.24101640e-08  2.24101640e-08  2.24101640e-08  2.32616098e-08  2.32616098e-08  2.32616098e-08  2.24101640e-08  2.24101640e-08  2.24101640e-08  2.16715007e-08  2.16715007e-08  2.16715007e-08  2.16715007e-08  8.98351926e-10  8.98351926e-10 
 4.26579519e+01  4.49618188e-07  4.49618188e-07  4.49618188e-07  4.48004100e-07  4.48004100e-07  4.48004100e-07  4.49618188e-07  4.49618188e-07  4.49618188e-07  4.48004100e-07  4.48004100e-07  4.48004100e-07  3.77404316e-07  3.77404316e-07  3.77404316e-07  3.77404316e-07  1.13230286e-07  1.13230286e-07  4.49015537e-07  4.49015537e-07  4.49015537e-07  4.47442732e-07  4.47442732e-07  4.47442732e-07  4.49015537e-07  4.49015537e-07  4.49015537e-07  4.47442732e-07  4.47442732e-07  4.47442732e-07  3.76779700e-07  3.76779700e-07  3.76779700e-07  3.76779700e-07  1.13226717e-07  1.13226717e-07  2.32616098e-08  2.32616098e-08  2.32616098e-08  2.24101640e-08  2.24101640e-08  2.24101640e-08  2.32616098e-08  2.32616098e-08  2.32616098e-08  2.24101640e-08  2.24101640e-08  2.24101640e-08  2.16715007e-08  2.16715007e-08  2.16715007e-08  2.16715007e-08  8.98351926e-10  8.98351926e-10 
 4.36515832e+01  4.45302601e-07  4.45302601e-07  4.45302601e-07  4.43703250e-07  4.43703250e-07  4.43703250e-07  4.45302601e-07  4.45302601e-07  4.45302601e-07  4.43703250e-07  4.43703250e-07  4.43703250e-07  3.73098575e-07  3.73098575e-07  3.73098575e-07  3.73098575e-07  1.12140599e-07  1.12140599e-07  4.44694102e-07  4.44694102e-07  4.44694102e-07  4.43136433e-07  4.43136433e-07  4.43136433e-07  4.44694102e-07  4.44694102e-07  4.44694102e-07  4.43136433e-07  4.43136433e-07  4.43136433e-07  3.72466738e-07  3.72466738e-07  3.72466738e-07  3.72466738e-07  1.12136995e-07  1.12136995e-07  2.32616098e-08  2.32616098e-08  2.32616098e-08  2.24101640e-08  2.24101640e-08  2.24101640e-08  2.32616098e-08  2.32616098e-08  2.32616098e-08  2.24101640e-08  2.24101640e-08  2.24101640e-08  2.16715007e-08  2.16715007e-08  2.16715007e-08  2.16715007e-08  8.98351927e-10  8.98351927e-10 
 4.46683592e+01  4.41028661e-07  4.41028661e-07  4.41028661e-07  4.39443897e-07  4.39443897e-07  4.39443897e-07  4.41028661e-07  4.41028661e-07  4.41028661e-07  4.39443897e-07  4.39443897e-07  4.39443897e-07  3.68842287e-07  3.68842287e-07  3.68842287e-07  3.68842287e-07  1.11061400e-07  1.11061400e-07  4.40414257e-07  4.40414257e-07  4.40414257e-07  4.38871580e-07  4.38871580e-07  4.38871580e-07  4.40414257e-07  4.40414257e-07  4.40414257e-07  4.38871580e-07  4.38871580e-07  4.38871580e-07  3.68203147e-07  3.68203147e-07  3.68203147e-07  3.68203147e-07  1.11057762e-07  1.11057762e-07  2.32616098e-08  2.32616098e-08  2.32616098e-08  2.24101640e-08  2.24101640e-08  2.24101640e-08  2.32616098e-08  2.32616098e-08  2.32616098e-08  2.24101640e-08  2.24101640e-08  2.24101640e-08  2.16715007e-08  2.16715007e-08  2.16715007e-08  2.16715007e-08  8.98351927e-10  8.98351927e-10 
 4.57088190e+01  4.36795969e-07  4.36795969e-07  4.36795969e-07  4.35225644e-07  4.35225644e-07  4.35225644e-07  4.36795969e-07  4.36795969e-07  4.36795969e-07  4.35225644e-07  4.35225644e-07  4.35225644e-07  3.64634888e-07  3.64634888e-07  3.64634888e-07  3.64634888e-07  1.09992588e-07  1.09992588e-07  4.36175602e-07  4.36175602e-07  4.36175602e-07  4.34647772e-07  4.34647772e-07  4.34647772e-07  4.36175602e-07  4.36175602e-07  4.36175602e-07  4.34647772e-07  4.34647772e-07  4.34647772e-07  3.63988360e-07  3.63988360e-07  3.63988360e-07  3.63988360e-07  1.09988914e-07  1.09988914e-07  2.32616098e-08  2.32616098e-08  2.32616098e-08  2.24101640e-08  2.24101640e-08  2.24101640e-08  2.32616098e-08  2.32616098e-08  2.32616098e-08  2.24101640e-08  2.24101640e-08  2.24101640e-08  2.16715007e-08  2.16715007e-08  2.16715007e-08  2.16715007e-08  8.98351928e-10  8.98351928e-10 
 4.67735141e+01  4.32604128e-07  4.32604128e-07  4.32604128e-07  4.31048095e-07  4.31048095e-07  4.31048095e-07  4.32604128e-07  4.32604128e-07  4.32604128e-07  4.31048095e-07  4.31048095e-07  4.31048095e-07  3.60475821e-07  3.60475821e-07  3.60475821e-07  3.60475821e-07  1.08934064e-07  1.08934064e-07  4.31977741e-07  4.31977741e-07  4.31977741e-07  4.30464615e-07  4.30464615e-07  4.30464615e-07  4.31977741e-07  4.31977741e-07  4.31977741e-07  4.30464615e-07  4.30464615e-07  4.30464615e-07  3.59821820e-07  3.59821820e-07  3.59821820e-07  3.59821820e-07  1.08930354e-07  1.08930354e-07  2.32616098e-08  2.32616098e-08  2.32616098e-08  2.24101640e-08  2.24101640e-08  2.24101640e-08  2.32616098e-08  2.32616098e-08  2.32616098e-08  2.24101640e-08  2.24101640e-08  2.24101640e-08  2.16715007e-08  2.16715007e-08  2.16715007e-08  2.16715007e-08  8.98351928e-10  8.98351928e-10 
 4.78630092e+01  4.28452746e-07  4.28452746e-07  4.28452746e-07  4.26910860e-07  4.26910860e-07  4.26910860e-07  4.28452746e-07  4.28452746e-07  4.28452746e-07  4.26910860e-07  4.26910860e-07  4.26910860e-07  3.56364534e-07  3.56364534e-07  3.56364534e-07  3.56364534e-07  1.07885728e-07  1.07885728e-07  4.27820281e-07  4.27820281e-07  4.27820281e-07  4.26321718e-07  4.26321718e-07  4.26321718e-07  4.27820281e-07  4.27820281e-07  4.27820281e-07  4.26321718e-07  4.26321718e-07  4.26321718e-07  3.55702973e-07  3.55702973e-07  3.55702973e-07  3.55702973e-07  1.07881982e-07  1.07881982e-07  2.32616098e-08  2.32616098e-08  2.32616098e-08  2.24101640e-08  2.24101640e-08  2.24101640e-08  2.32616098e-08  2.32616098e-08  2.32616098e-08  2.24101640e-08  2.24101640e-08  2.24101640e-08  2.16715007e-08  2.16715007e-08  2.16715007e-08  2.16715007e-08  8.98351929e-10  8.98351929e-10 
 4.89778819e+01  4.24341436e-07  4.24341436e-07  4.24341436e-07  4.22813553e-07  4.22813553e-07  4.22813553e-07  4.24341436e-07  4.24341436e-07  4.24341436e-07  4.22813553e-07  4.22813553e-07  4.22813553e-07  3.52300481e-07  3.52300481e-07  3.52300481e-07  3.52300481e-07  1.06847481e-07  1.06847481e-07  4.23702834e-07  4.23702834e-07  4.23702834e-07  4.22218694e-07  4.22218694e-07  4.22218694e-07  4.23702834e-07  4.23702834e-07  4.23702834e-07  4.22218694e-07  4.22218694e-07  4.22218694e-07  3.51631275e-07  3.51631275e-07  3.51631275e-07  3.51631275e-07  1.06843699e-07  1.06843699e-07  2.32616098e-08  2.32616098e-08  2.32616098e-08  2.24101640e-08  2.24101640e-08  2.24101640e-08  2.32616098e-08  2.32616098e-08  2.32616098e-08  2.24101640e-08  2.24101640e-08  2.24101640e-08  2.16715007e-08  2.16715007e-08  2.16715007e-08  2.16715007e-08  8.98351929e-10  8.98351929e-10 
 5.01187234e+01  4.20269812e-07  4.20269812e-07  4.20269812e-07  4.18755789e-07  4.18755789e-07  4.18755789e-07  4.20269812e-07  4.20269812e-07  4.20269812e-07  4.18755789e-07  4.18755789e-07  4.18755789e-07  3.48283125e-07  3.48283125e-07  3.48283125e-07  3.48283125e-07  1.05819228e-07  1.05819228e-07  4.19625014e-07  4.19625014e-07  4.19625014e-07  4.18155158e-07  4.18155158e-07  4.18155158e-07  4.19625014e-07  4.19625014e-07  4.19625014e-07  4.18155158e-07  4.18155158e-07  4.18155158e-07  3.47606185e-07  3.47606185e-07  3.47606185e-07  3.47606185e-07  1.05815409e-07  1.05815409e-07  2.32616098e-08  2.32616098e-08  2.32616098e-08  2.24101640e-08  2.24101640e-08  2.24101640e-08  2.32616098e-08  2.32616098e-08  2.32616098e-08  2.24101640e-08  2.24101640e-08  2.24101640e-08  2.16715007e-08  2.16715007e-08  2.16715007e-08  2.16715007e-08  8.98351930e-10  8.98351930e-10 
 5.12861384e+01  4.16237495e-07  4.16237495e-07  4.16237495e-07  4.14737189e-07  4.14737189e-07  4.14737189e-07  4.16237495e-07  4.16237495e-07  4.16237495e-07  4.14737189e-07  4.14737189e-07  4.14737189e-07  3.44311933e-07  3.44311933e-07  3.44311933e-07  3.44311933e-07  1.04800872e-07  1.04800872e-07  4.15586440e-07  4.15586440e-07  4.15586440e-07  4.14130730e-07  4.14130730e-07  4.14130730e-07  4.15586440e-07  4.15586440e-07  4.15586440e-07  4.14130730e-07  4.14130730e-07  4.14130730e-07  3.43627170e-07  3.43627170e-07  3.43627170e-07  3.43627170e-07  1.04797016e-07  1.04797016e-07  2.32616098e-08  2.32616098e-08  2.32616098e-08  2.24101640e-08  2.24101640e-08  2.24101640e-08  2.32616098e-08  2.32616098e-08  2.32616098e-08  2.24101640e-08  2.24101640e-08  2.24101640e-08  2.16715007e-08  2.16715007e-08  2.16715007e-08  2.16715007e-08  8.98351931e-10  8.98351931e-10 
 5.24807460e+01  4.12244105e-07  4.12244105e-07  4.12244105e-07  4.10757378e-07  4.10757378e-07  4.10757378e-07  4.12244106e-07  4.12244106e-07  4.12244106e-07  4.10757378e-07  4.10757378e-07  4.10757378e-07  3.40386379e-07  3.40386379e-07  3.40386379e-07  3.40386379e-07  1.03792317e-07  1.03792317e-07  4.11586734e-07  4.11586734e-07  4.11586734e-07  4.10145034e-07  4.10145034e-07  4.10145034e-07  4.11586734e-07  4.11586734e-07  4.11586734e-07  4.10145034e-07  4.10145034e-07  4.10145034e-07  3.39693702e-07  3.39693702e-07  3.39693702e-07  3.39693702e-07  1.03788424e-07  1.03788424e-07  2.32616098e-08  2.32616098e-08  2.32616098e-08  2.24101640e-08  2.24101640e-08  2.24101640e-08  2.32616098e-08  2.32616098e-08  2.32616098e-08  2.24101640e-08  2.24101640e-08  2.24101640e-08  2.16715007e-08  2.16715007e-08  2.16715007e-08  2.16715007e-08  8.98351931e-10  8.98351931e-10 
 5.37031796e+01  4.08289272e-07  4.08289272e-07  4.08289272e-07  4.06815984e-07  4.06815984e-07  4.06815984e-07  4.08289272e-07  4.08289272e-07  4.08289272e-07  4.06815984e-07  4.06815984e-07  4.06815984e-07  3.36505941e-07  3.36505941e-07  3.36505941e-07  3.36505941e-07  1.02793470e-07  1.02793470e-07  4.07625523e-07  4.07625523e-07  4.07625523e-07  4.06197698e-07  4.06197698e-07  4.06197698e-07  4.07625523e-07  4.07625523e-07  4.07625523e-07  4.06197698e-07  4.06197698e-07  4.06197698e-07  3.35805261e-07  3.35805261e-07  3.35805261e-07  3.35805261e-07  1.02789539e-07  1.02789539e-07  2.32616098e-08  2.32616098e-08  2.32616098e-08  2.24101640e-08  2.24101640e-08  2.24101640e-08  2.32616098e-08  2.32616098e-08  2.32616098e-08  2.24101640e-08  2.24101640e-08  2.24101640e-08  2.16715007e-08  2.16715007e-08  2.16715007e-08  2.16715007e-08  8.98351932e-10  8.98351932e-10 
 5.49540874e+01  4.04372623e-07  4.04372623e-07  4.04372623e-07  4.02912637e-07  4.02912637e-07  4.02912637e-07  4.04372623e-07  4.04372623e-07  4.04372623e-07  4.02912637e-07  4.02912637e-07  4.02912637e-07  3.32670107e-07  3.32670107e-07  3.32670107e-07  3.32670107e-07  1.01804237e-07  1.01804237e-07  4.03702435e-07  4.03702435e-07  4.03702435e-07  4.02288351e-07  4.02288351e-07  4.02288351e-07  4.03702435e-07  4.03702435e-07  4.03702435e-07  4.02288351e-07  4.02288351e-07  4.02288351e-07  3.31961329e-07  3.31961329e-07  3.31961329e-07  3.31961329e-07  1.01800267e-07  1.01800267e-07  2.32616098e-08  2.32616098e-08  2.32616098e-08  2.24101640e-08  2.24101640e-08  2.24101640e-08  2.32616098e-08  2.32616098e-08  2.32616098e-08  2.24101640e-08  2.24101640e-08  2.24101640e-08  2.16715007e-08  2.16715007e-08  2.16715007e-08  2.16715007e-08  8.98351933e-10  8.98351933e-10 
 5.62341325e+01  4.00493794e-07  4.00493794e-07  4.00493794e-07  3.99046972e-07  3.99046972e-07  3.99046972e-07  4.00493794e-07  4.00493794e-07  4.00493794e-07  3.99046972e-07  3.99046972e-07  3.99046972e-07  3.28878366e-07  3.28878366e-07  3.28878366e-07  3.28878366e-07  1.00824525e-07  1.00824525e-07  3.99817103e-07  3.99817103e-07  3.99817103e-07  3.98416630e-07  3.98416630e-07  3.98416630e-07  3.99817103e-07  3.99817103e-07  3.99817103e-07  3.98416630e-07  3.98416630e-07  3.98416630e-07  3.28161399e-07  3.28161399e-07  3.28161399e-07  3.28161399e-07  1.00820517e-07  1.00820517e-07  2.32616097e-08  2.32616097e-08  2.32616097e-08  2.24101640e-08  2.24101640e-08  2.24101640e-08  2.32616097e-08  2.32616097e-08  2.32616097e-08  2.24101640e-08  2.24101640e-08  2.24101640e-08  2.16715007e-08  2.16715007e-08  2.16715007e-08  2.16715007e-08  8.98351933e-10  8.98351933e-10 
 5.75439937e+01  3.96652421e-07  3.96652421e-07  3.96652421e-07  3.95218628e-07  3.95218628e-07  3.95218628e-07  3.96652421e-07  3.96652421e-07  3.96652421e-07  3.95218628e-07  3.95218628e-07  3.95218628e-07  3.25130217e-07  3.25130217e-07  3.25130217e-07  3.25130217e-07  9.98542424e-08  9.98542424e-08  3.95969166e-07  3.95969166e-07  3.95969166e-07  3.94582170e-07  3.94582170e-07  3.94582170e-07  3.95969166e-07  3.95969166e-07  3.95969166e-07  3.94582170e-07  3.94582170e-07  3.94582170e-07  3.24404967e-07  3.24404967e-07  3.24404967e-07  3.24404967e-07  9.98501954e-08  9.98501954e-08  2.32616097e-08  2.32616097e-08  2.32616097e-08  2.24101639e-08  2.24101639e-08  2.24101639e-08  2.32616097e-08  2.32616097e-08  2.32616097e-08  2.24101639e-08  2.24101639e-08  2.24101639e-08  2.16715007e-08  2.16715007e-08  2.16715007e-08  2.16715007e-08  8.98351934e-10  8.98351934e-10 
 5.88843655e+01  3.92848144e-07  3.92848144e-07  3.92848144e-07  3.91427248e-07  3.91427248e-07  3.91427248e-07  3.92848144e-07  3.92848144e-07  3.92848144e-07  3.91427248e-07  3.91427248e-07  3.91427248e-07  3.21425163e-07  3.21425163e-07  3.21425163e-07  3.21425163e-07  9.88932990e-08  9.88932990e-08  3.92158261e-07  3.92158261e-07  3.92158261e-07  3.90784615e-07  3.90784615e-07  3.90784615e-07  3.92158261e-07  3.92158261e-07  3.92158261e-07  3.90784615e-07  3.90784615e-07  3.90784615e-07  3.20691534e-07  3.20691534e-07  3.20691534e-07  3.20691534e-07  9.88892127e-08  9.88892127e-08  2.32616097e-08  2.32616097e-08  2.32616097e-08  2.24101639e-08  2.24101639e-08  2.24101639e-08  2.32616097e-08  2.32616097e-08  2.32616097e-08  2.24101639e-08  2.24101639e-08  2.24101639e-08  2.16715007e-08  2.16715007e-08  2.16715007e-08  2.16715007e-08  8.98351935e-10  8.98351935e-10 
 6.02559586e+01  3.89080609e-07  3.89080609e-07  3.89080609e-07  3.87672475e-07  3.87672475e-07  3.87672475e-07  3.89080609e-07  3.89080609e-07  3.89080609e-07  3.87672475e-07  3.87672475e-07  3.87672475e-07  3.17762713e-07  3.17762713e-07  3.17762713e-07  3.17762713e-07  9.79416048e-08  9.79416048e-08  3.88384034e-07  3.88384034e-07  3.88384034e-07  3.87023608e-07  3.87023608e-07  3.87023608e-07  3.88384034e-07  3.88384034e-07  3.88384034e-07  3.87023608e-07  3.87023608e-07  3.87023608e-07  3.17020608e-07  3.17020608e-07  3.17020608e-07  3.17020608e-07  9.79374788e-08  9.79374787e-08  2.32616097e-08  2.32616097e-08  2.32616097e-08  2.24101639e-08  2.24101639e-08  2.24101639e-08  2.32616097e-08  2.32616097e-08  2.32616097e-08  2.24101639e-08  2.24101639e-08  2.24101639e-08  2.16715007e-08  2.16715007e-08  2.16715007e-08  2.16715007e-08  8.98351936e-10  8.98351936e-10 
 6.16595002e+01  3.85349463e-07  3.85349463e-07  3.85349463e-07  3.83953960e-07  3.83953960e-07  3.83953960e-07  3.85349463e-07  3.85349463e-07  3.85349463e-07  3.83953960e-07  3.83953960e-07  3.83953960e-07  3.14142381e-07  3.14142381e-07  3.14142381e-07  3.14142381e-07  9.69990707e-08  9.69990707e-08  3.84646131e-07  3.84646131e-07  3.84646131e-07  3.83298798e-07  3.83298798e-07  3.83298798e-07  3.84646131e-07  3.84646131e-07  3.84646131e-07  3.83298798e-07  3.83298798e-07  3.83298798e-07  3.13391703e-07  3.13391703e-07  3.13391703e-07  3.13391703e-07  9.69949046e-08  9.69949045e-08  2.32616097e-08  2.32616097e-08  2.32616097e-08  2.24101639e-08  2.24101639e-08  2.24101639e-08  2.32616097e-08  2.32616097e-08  2.32616097e-08  2.24101639e-08  2.24101639e-08  2.24101639e-08  2.16715007e-08  2.16715007e-08  2.16715007e-08  2.16715007e-08  8.98351936e-10  8.98351936e-10 
 6.30957344e+01  3.81654356e-07  3.81654356e-07  3.81654356e-07  3.80271354e-07  3.80271354e-07  3.80271354e-07  3.81654356e-07  3.81654356e-07  3.81654356e-07  3.80271354e-07  3.80271354e-07  3.80271354e-07  3.10563687e-07  3.10563687e-07  3.10563687e-07  3.10563687e-07  9.60656086e-08  9.60656086e-08  3.80944202e-07  3.80944202e-07  3.80944202e-07  3.79609836e-07  3.79609836e-07  3.79609836e-07  3.80944202e-07  3.80944202e-07  3.80944202e-07  3.79609836e-07  3.79609836e-07  3.79609836e-07  3.09804338e-07  3.09804338e-07  3.09804338e-07  3.09804338e-07  9.60614019e-08  9.60614019e-08  2.32616097e-08  2.32616097e-08  2.32616097e-08  2.24101639e-08  2.24101639e-08  2.24101639e-08  2.32616097e-08  2.32616097e-08  2.32616097e-08  2.24101639e-08  2.24101639e-08  2.24101639e-08  2.16715007e-08  2.16715007e-08  2.16715007e-08  2.16715007e-08  8.98351938e-10  8.98351938e-10 
 6.45654229e+01  3.77994944e-07  3.77994944e-07  3.77994944e-07  3.76624313e-07  3.76624313e-07  3.76624313e-07  3.77994944e-07  3.77994944e-07  3.77994944e-07  3.76624313e-07  3.76624313e-07  3.76624313e-07  3.07026157e-07  3.07026157e-07  3.07026157e-07  3.07026157e-07  9.51411311e-08  9.51411311e-08  3.77277902e-07  3.77277902e-07  3.77277902e-07  3.75956378e-07  3.75956378e-07  3.75956378e-07  3.77277902e-07  3.77277902e-07  3.77277902e-07  3.75956378e-07  3.75956378e-07  3.75956378e-07  3.06258037e-07  3.06258037e-07  3.06258037e-07  3.06258037e-07  9.51368836e-08  9.51368836e-08  2.32616097e-08  2.32616097e-08  2.32616097e-08  2.24101639e-08  2.24101639e-08  2.24101639e-08  2.32616097e-08  2.32616097e-08  2.32616097e-08  2.24101639e-08  2.24101639e-08  2.24101639e-08  2.16715007e-08  2.16715007e-08  2.16715007e-08  2.16715007e-08  8.98351939e-10  8.98351938e-10 
 6.60693448e+01  3.74370884e-07  3.74370884e-07  3.74370884e-07  3.73012496e-07  3.73012496e-07  3.73012496e-07  3.74370884e-07  3.74370884e-07  3.74370884e-07  3.73012496e-07  3.73012496e-07  3.73012496e-07  3.03529321e-07  3.03529321e-07  3.03529321e-07  3.03529321e-07  9.42255518e-08  9.42255518e-08  3.73646887e-07  3.73646887e-07  3.73646887e-07  3.72338082e-07  3.72338082e-07  3.72338082e-07  3.73646887e-07  3.73646887e-07  3.73646887e-07  3.72338082e-07  3.72338082e-07  3.72338082e-07  3.02752330e-07  3.02752330e-07  3.02752330e-07  3.02752330e-07  9.42212630e-08  9.42212630e-08  2.32616097e-08  2.32616097e-08  2.32616097e-08  2.24101639e-08  2.24101639e-08  2.24101639e-08  2.32616097e-08  2.32616097e-08  2.32616097e-08  2.24101639e-08  2.24101639e-08  2.24101639e-08  2.16715007e-08  2.16715007e-08  2.16715007e-08  2.16715007e-08  8.98351940e-10  8.98351939e-10 
 6.76082975e+01  3.70781836e-07  3.70781836e-07  3.70781836e-07  3.69435565e-07  3.69435565e-07  3.69435565e-07  3.70781836e-07  3.70781836e-07  3.70781836e-07  3.69435565e-07  3.69435565e-07  3.69435565e-07  3.00072718e-07  3.00072718e-07  3.00072718e-07  3.00072718e-07  9.33187850e-08  9.33187850e-08  3.70050817e-07  3.70050817e-07  3.70050817e-07  3.68754609e-07  3.68754609e-07  3.68754609e-07  3.70050817e-07  3.70050817e-07  3.70050817e-07  3.68754609e-07  3.68754609e-07  3.68754609e-07  2.99286753e-07  2.99286753e-07  2.99286753e-07  2.99286753e-07  9.33144546e-08  9.33144546e-08  2.32616097e-08  2.32616097e-08  2.32616097e-08  2.24101639e-08  2.24101639e-08  2.24101639e-08  2.32616097e-08  2.32616097e-08  2.32616097e-08  2.24101639e-08  2.24101639e-08  2.24101639e-08  2.16715007e-08  2.16715007e-08  2.16715007e-08  2.16715007e-08  8.98351941e-10  8.98351940e-10 
 6.91830971e+01  3.67227466e-07  3.67227466e-07  3.67227466e-07  3.65893185e-07  3.65893185e-07  3.65893185e-07  3.67227466e-07  3.67227466e-07  3.67227466e-07  3.65893185e-07  3.65893185e-07  3.65893185e-07  2.96655887e-07  2.96655887e-07  2.96655887e-07  2.96655887e-07  9.24207460e-08  9.24207460e-08  3.66489358e-07  3.66489358e-07  3.66489358e-07  3.65205624e-07  3.65205624e-07  3.65205624e-07  3.66489358e-07  3.66489358e-07  3.66489358e-07  3.65205624e-07  3.65205624e-07  3.65205624e-07  2.95860846e-07  2.95860846e-07  2.95860846e-07  2.95860846e-07  9.24163735e-08  9.24163735e-08  2.32616097e-08  2.32616097e-08  2.32616097e-08  2.24101639e-08  2.24101639e-08  2.24101639e-08  2.32616097e-08  2.32616097e-08  2.32616097e-08  2.24101639e-08  2.24101639e-08  2.24101639e-08  2.16715007e-08  2.16715007e-08  2.16715007e-08  2.16715007e-08  8.98351942e-10  8.98351941e-10 
 7.07945784e+01  3.63707441e-07  3.63707441e-07  3.63707441e-07  3.62385025e-07  3.62385025e-07  3.62385025e-07  3.63707441e-07  3.63707441e-07  3.63707441e-07  3.62385025e-07  3.62385025e-07  3.62385025e-07  2.93278377e-07  2.93278377e-07  2.93278377e-07  2.93278377e-07  9.15313508e-08  9.15313508e-08  3.62962174e-07  3.62962174e-07  3.62962174e-07  3.61690795e-07  3.61690795e-07  3.61690795e-07  3.62962174e-07  3.62962174e-07  3.62962174e-07  3.61690795e-07  3.61690795e-07  3.61690795e-07  2.92474155e-07  2.92474155e-07  2.92474155e-07  2.92474155e-07  9.15269358e-08  9.15269358e-08  2.32616097e-08  2.32616097e-08  2.32616097e-08  2.24101639e-08  2.24101639e-08  2.24101639e-08  2.32616097e-08  2.32616097e-08  2.32616097e-08  2.24101639e-08  2.24101639e-08  2.24101639e-08  2.16715007e-08  2.16715007e-08  2.16715007e-08  2.16715007e-08  8.98351943e-10  8.98351943e-10 
 7.24435960e+01  3.60221431e-07  3.60221431e-07  3.60221431e-07  3.58910757e-07  3.58910757e-07  3.58910757e-07  3.60221431e-07  3.60221431e-07  3.60221431e-07  3.58910757e-07  3.58910757e-07  3.58910757e-07  2.89939740e-07  2.89939740e-07  2.89939740e-07  2.89939740e-07  9.06505162e-08  9.06505162e-08  3.59468937e-07  3.59468937e-07  3.59468937e-07  3.58209794e-07  3.58209794e-07  3.58209794e-07  3.59468937e-07  3.59468937e-07  3.59468937e-07  3.58209794e-07  3.58209794e-07  3.58209794e-07  2.89126231e-07  2.89126231e-07  2.89126231e-07  2.89126231e-07  9.06460583e-08  9.06460583e-08  2.32616097e-08  2.32616097e-08  2.32616097e-08  2.24101639e-08  2.24101639e-08  2.24101639e-08  2.32616097e-08  2.32616097e-08  2.32616097e-08  2.24101639e-08  2.24101639e-08  2.24101639e-08  2.16715006e-08  2.16715006e-08  2.16715006e-08  2.16715006e-08  8.98351944e-10  8.98351944e-10 
 7.41310241e+01  3.56769111e-07  3.56769111e-07  3.56769111e-07  3.55470057e-07  3.55470057e-07  3.55470057e-07  3.56769111e-07  3.56769111e-07  3.56769111e-07  3.55470057e-07  3.55470057e-07  3.55470057e-07  2.86639532e-07  2.86639532e-07  2.86639532e-07  2.86639532e-07  8.97781598e-08  8.97781598e-08  3.56009320e-07  3.56009320e-07  3.56009320e-07  3.54762295e-07  3.54762295e-07  3.54762295e-07  3.56009320e-07  3.56009320e-07  3.56009320e-07  3.54762295e-07  3.54762295e-07  3.54762295e-07  2.85816630e-07  2.85816630e-07  2.85816630e-07  2.85816630e-07  8.97736585e-08  8.97736585e-08  2.32616097e-08  2.32616097e-08  2.32616097e-08  2.24101639e-08  2.24101639e-08  2.24101639e-08  2.32616097e-08  2.32616097e-08  2.32616097e-08  2.24101639e-08  2.24101639e-08  2.24101639e-08  2.16715006e-08  2.16715006e-08  2.16715006e-08  2.16715006e-08  8.98351945e-10  8.98351945e-10 
 7.58577575e+01  3.53350157e-07  3.53350157e-07  3.53350157e-07  3.52062601e-07  3.52062601e-07  3.52062601e-07  3.53350157e-07  3.53350157e-07  3.53350157e-07  3.52062601e-07  3.52062601e-07  3.52062601e-07  2.83377317e-07  2.83377317e-07  2.83377317e-07  2.83377317e-07  8.89142000e-08  8.89141999e-08  3.52582999e-07  3.52582999e-07  3.52582999e-07  3.51347976e-07  3.51347976e-07  3.51347976e-07  3.52582999e-07  3.52582999e-07  3.52582999e-07  3.51347976e-07  3.51347976e-07  3.51347976e-07  2.82544914e-07  2.82544914e-07  2.82544914e-07  2.82544914e-07  8.89096550e-08  8.89096550e-08  2.32616097e-08  2.32616097e-08  2.32616097e-08  2.24101639e-08  2.24101639e-08  2.24101639e-08  2.32616097e-08  2.32616097e-08  2.32616097e-08  2.24101639e-08  2.24101639e-08  2.24101639e-08  2.16715006e-08  2.16715006e-08  2.16715006e-08  2.16715006e-08  8.98351947e-10  8.98351947e-10 
 7.76247117e+01  3.49964251e-07  3.49964251e-07  3.49964251e-07  3.48688073e-07  3.48688073e-07  3.48688073e-07  3.49964251e-07  3.49964251e-07  3.49964251e-07  3.48688073e-07  3.48688073e-07  3.48688073e-07  2.80152662e-07  2.80152662e-07  2.80152662e-07  2.80152662e-07  8.80585559e-08  8.80585559e-08  3.49189654e-07  3.49189654e-07  3.49189654e-07  3.47966517e-07  3.47966517e-07  3.47966517e-07  3.49189654e-07  3.49189654e-07  3.49189654e-07  3.47966517e-07  3.47966517e-07  3.47966517e-07  2.79310649e-07  2.79310649e-07  2.79310649e-07  2.79310649e-07  8.80539668e-08  8.80539668e-08  2.32616097e-08  2.32616097e-08  2.32616097e-08  2.24101639e-08  2.24101639e-08  2.24101639e-08  2.32616097e-08  2.32616097e-08  2.32616097e-08  2.24101639e-08  2.24101639e-08  2.24101639e-08  2.16715006e-08  2.16715006e-08  2.16715006e-08  2.16715006e-08  8.98351948e-10  8.98351948e-10 
 7.94328235e+01  3.46611074e-07  3.46611074e-07  3.46611074e-07  3.45346155e-07  3.45346155e-07  3.45346155e-07  3.46611074e-07  3.46611074e-07  3.46611074e-07  3.45346155e-07  3.45346155e-07  3.45346155e-07  2.76965140e-07  2.76965140e-07  2.76965140e-07  2.76965140e-07  8.72111477e-08  8.72111477e-08  3.45828967e-07  3.45828967e-07  3.45828967e-07  3.44617602e-07  3.44617602e-07  3.44617602e-07  3.45828967e-07  3.45828967e-07  3.45828967e-07  3.44617602e-07  3.44617602e-07  3.44617602e-07  2.76113406e-07  2.76113406e-07  2.76113406e-07  2.76113406e-07  8.72065140e-08  8.72065140e-08  2.32616097e-08  2.32616097e-08  2.32616097e-08  2.24101639e-08  2.24101639e-08  2.24101639e-08  2.32616097e-08  2.32616097e-08  2.32616097e-08  2.24101639e-08  2.24101639e-08  2.24101639e-08  2.16715006e-08  2.16715006e-08  2.16715006e-08  2.16715006e-08  8.98351949e-10  8.98351949e-10 
 8.12830516e+01  3.43290314e-07  3.43290314e-07  3.43290314e-07  3.42036535e-07  3.42036535e-07  3.42036535e-07  3.43290314e-07  3.43290314e-07  3.43290314e-07  3.42036535e-07  3.42036535e-07  3.42036535e-07  2.73814327e-07  2.73814327e-07  2.73814327e-07  2.73814327e-07  8.63718960e-08  8.63718960e-08  3.42500624e-07  3.42500624e-07  3.42500624e-07  3.41300918e-07  3.41300918e-07  3.41300918e-07  3.42500624e-07  3.42500624e-07  3.42500624e-07  3.41300918e-07  3.41300918e-07  3.41300918e-07  2.72952762e-07  2.72952762e-07  2.72952762e-07  2.72952762e-07  8.63672173e-08  8.63672173e-08  2.32616097e-08  2.32616097e-08  2.32616097e-08  2.24101639e-08  2.24101639e-08  2.24101639e-08  2.32616097e-08  2.32616097e-08  2.32616097e-08  2.24101639e-08  2.24101639e-08  2.24101639e-08  2.16715006e-08  2.16715006e-08  2.16715006e-08  2.16715006e-08  8.98351951e-10  8.98351951e-10 
 8.31763771e+01  3.40001661e-07  3.40001661e-07  3.40001661e-07  3.38758904e-07  3.38758904e-07  3.38758904e-07  3.40001661e-07  3.40001661e-07  3.40001661e-07  3.38758904e-07  3.38758904e-07  3.38758904e-07  2.70699807e-07  2.70699807e-07  2.70699807e-07  2.70699807e-07  8.55407224e-08  8.55407224e-08  3.39204314e-07  3.39204314e-07  3.39204314e-07  3.38016154e-07  3.38016154e-07  3.38016154e-07  3.39204314e-07  3.39204314e-07  3.39204314e-07  3.38016154e-07  3.38016154e-07  3.38016154e-07  2.69828298e-07  2.69828298e-07  2.69828298e-07  2.69828298e-07  8.55359982e-08  8.55359981e-08  2.32616097e-08  2.32616097e-08  2.32616097e-08  2.24101639e-08  2.24101639e-08  2.24101639e-08  2.32616097e-08  2.32616097e-08  2.32616097e-08  2.24101639e-08  2.24101639e-08  2.24101639e-08  2.16715006e-08  2.16715006e-08  2.16715006e-08  2.16715006e-08  8.98351952e-10  8.98351952e-10 
 8.51138038e+01  3.36744805e-07  3.36744805e-07  3.36744805e-07  3.35512956e-07  3.35512956e-07  3.35512956e-07  3.36744805e-07  3.36744805e-07  3.36744805e-07  3.35512956e-07  3.35512956e-07  3.35512956e-07  2.67621167e-07  2.67621167e-07  2.67621167e-07  2.67621167e-07  8.47175490e-08  8.47175490e-08  3.35939728e-07  3.35939728e-07  3.35939728e-07  3.34763003e-07  3.34763003e-07  3.34763003e-07  3.35939728e-07  3.35939728e-07  3.35939728e-07  3.34763003e-07  3.34763003e-07  3.34763003e-07  2.66739599e-07  2.66739599e-07  2.66739599e-07  2.66739599e-07  8.47127789e-08  8.47127789e-08  2.32616096e-08  2.32616096e-08  2.32616096e-08  2.24101639e-08  2.24101639e-08  2.24101639e-08  2.32616096e-08  2.32616096e-08  2.32616096e-08  2.24101639e-08  2.24101639e-08  2.24101639e-08  2.16715006e-08  2.16715006e-08  2.16715006e-08  2.16715006e-08  8.98351954e-10  8.98351954e-10 
 8.70963590e+01  3.33519443e-07  3.33519443e-07  3.33519443e-07  3.32298386e-07  3.32298386e-07  3.32298386e-07  3.33519443e-07  3.33519443e-07  3.33519443e-07  3.32298386e-07  3.32298386e-07  3.32298386e-07  2.64577998e-07  2.64577998e-07  2.64577998e-07  2.64577998e-07  8.39022990e-08  8.39022990e-08  3.32706562e-07  3.32706562e-07  3.32706562e-07  3.31541162e-07  3.31541162e-07  3.31541162e-07  3.32706562e-07  3.32706562e-07  3.32706562e-07  3.31541162e-07  3.31541162e-07  3.31541162e-07  2.63686256e-07  2.63686256e-07  2.63686256e-07  2.63686256e-07  8.38974825e-08  8.38974825e-08  2.32616096e-08  2.32616096e-08  2.32616096e-08  2.24101638e-08  2.24101638e-08  2.24101638e-08  2.32616096e-08  2.32616096e-08  2.32616096e-08  2.24101638e-08  2.24101638e-08  2.24101638e-08  2.16715006e-08  2.16715006e-08  2.16715006e-08  2.16715006e-08  8.98351956e-10  8.98351956e-10 
 8.91250938e+01  3.30325273e-07  3.30325273e-07  3.30325273e-07  3.29114894e-07  3.29114894e-07  3.29114894e-07  3.30325273e-07  3.30325273e-07  3.30325273e-07  3.29114894e-07  3.29114894e-07  3.29114894e-07  2.61569896e-07  2.61569896e-07  2.61569896e-07  2.61569896e-07  8.30948961e-08  8.30948961e-08  3.29504512e-07  3.29504512e-07  3.29504512e-07  3.28350329e-07  3.28350329e-07  3.28350329e-07  3.29504512e-07  3.29504512e-07  3.29504512e-07  3.28350329e-07  3.28350329e-07  3.28350329e-07  2.60667864e-07  2.60667864e-07  2.60667864e-07  2.60667864e-07  8.30900328e-08  8.30900328e-08  2.32616096e-08  2.32616096e-08  2.32616096e-08  2.24101638e-08  2.24101638e-08  2.24101638e-08  2.32616096e-08  2.32616096e-08  2.32616096e-08  2.24101638e-08  2.24101638e-08  2.24101638e-08  2.16715006e-08  2.16715006e-08  2.16715006e-08  2.16715006e-08  8.98351958e-10  8.98351958e-10 
 9.12010839e+01  3.27161997e-07  3.27161997e-07  3.27161997e-07  3.25962182e-07  3.25962182e-07  3.25962182e-07  3.27161997e-07  3.27161997e-07  3.27161997e-07  3.25962182e-07  3.25962182e-07  3.25962182e-07  2.58596464e-07  2.58596464e-07  2.58596464e-07  2.58596464e-07  8.22952647e-08  8.22952647e-08  3.26333280e-07  3.26333280e-07  3.26333280e-07  3.25190204e-07  3.25190204e-07  3.25190204e-07  3.26333280e-07  3.26333280e-07  3.26333280e-07  3.25190204e-07  3.25190204e-07  3.25190204e-07  2.57684023e-07  2.57684023e-07  2.57684023e-07  2.57684023e-07  8.22903541e-08  8.22903541e-08  2.32616096e-08  2.32616096e-08  2.32616096e-08  2.24101638e-08  2.24101638e-08  2.24101638e-08  2.32616096e-08  2.32616096e-08  2.32616096e-08  2.24101638e-08  2.24101638e-08  2.24101638e-08  2.16715006e-08  2.16715006e-08  2.16715006e-08  2.16715006e-08  8.98351960e-10  8.98351960e-10 
 9.33254301e+01  3.24029318e-07  3.24029318e-07  3.24029318e-07  3.22839955e-07  3.22839955e-07  3.22839955e-07  3.24029318e-07  3.24029318e-07  3.24029318e-07  3.22839955e-07  3.22839955e-07  3.22839955e-07  2.55657307e-07  2.55657307e-07  2.55657307e-07  2.55657307e-07  8.15033300e-08  8.15033300e-08  3.23192568e-07  3.23192568e-07  3.23192568e-07  3.22060494e-07  3.22060494e-07  3.22060494e-07  3.23192568e-07  3.23192568e-07  3.23192568e-07  3.22060494e-07  3.22060494e-07  3.22060494e-07  2.54734339e-07  2.54734339e-07  2.54734339e-07  2.54734339e-07  8.14983718e-08  8.14983718e-08  2.32616096e-08  2.32616096e-08  2.32616096e-08  2.24101638e-08  2.24101638e-08  2.24101638e-08  2.32616096e-08  2.32616096e-08  2.32616096e-08  2.24101638e-08  2.24101638e-08  2.24101638e-08  2.16715006e-08  2.16715006e-08  2.16715006e-08  2.16715006e-08  8.98351962e-10  8.98351962e-10 
 9.54992586e+01  3.20926943e-07  3.20926943e-07  3.20926943e-07  3.19747922e-07  3.19747922e-07  3.19747922e-07  3.20926943e-07  3.20926943e-07  3.20926943e-07  3.19747922e-07  3.19747922e-07  3.19747922e-07  2.52752036e-07  2.52752036e-07  2.52752036e-07  2.52752036e-07  8.07190181e-08  8.07190181e-08  3.20082084e-07  3.20082084e-07  3.20082084e-07  3.18960905e-07  3.18960905e-07  3.18960905e-07  3.20082084e-07  3.20082084e-07  3.20082084e-07  3.18960905e-07  3.18960905e-07  3.18960905e-07  2.51818419e-07  2.51818419e-07  2.51818419e-07  2.51818419e-07  8.07140116e-08  8.07140116e-08  2.32616096e-08  2.32616096e-08  2.32616096e-08  2.24101638e-08  2.24101638e-08  2.24101638e-08  2.32616096e-08  2.32616096e-08  2.32616096e-08  2.24101638e-08  2.24101638e-08  2.24101638e-08  2.16715006e-08  2.16715006e-08  2.16715006e-08  2.16715006e-08  8.98351964e-10  8.98351964e-10 
 9.77237221e+01  3.17854583e-07  3.17854583e-07  3.17854583e-07  3.16685793e-07  3.16685793e-07  3.16685793e-07  3.17854583e-07  3.17854583e-07  3.17854583e-07  3.16685793e-07  3.16685793e-07  3.16685793e-07  2.49880264e-07  2.49880264e-07  2.49880264e-07  2.49880264e-07  7.99422555e-08  7.99422555e-08  3.17001535e-07  3.17001535e-07  3.17001535e-07  3.15891147e-07  3.15891147e-07  3.15891147e-07  3.17001535e-07  3.17001535e-07  3.17001535e-07  3.15891147e-07  3.15891147e-07  3.15891147e-07  2.48935877e-07  2.48935877e-07  2.48935877e-07  2.48935877e-07  7.99372004e-08  7.99372004e-08  2.32616096e-08  2.32616096e-08  2.32616096e-08  2.24101638e-08  2.24101638e-08  2.24101638e-08  2.32616096e-08  2.32616096e-08  2.32616096e-08  2.24101638e-08  2.24101638e-08  2.24101638e-08  2.16715005e-08  2.16715005e-08  2.16715005e-08  2.16715005e-08  8.98351966e-10  8.98351966e-10 
 1.00000000e+02  3.14811950e-07  3.14811950e-07  3.14811950e-07  3.13653282e-07  3.13653282e-07  3.13653282e-07  3.14811950e-07  3.14811950e-07  3.14811950e-07  3.13653282e-07  3.13653282e-07  3.13653282e-07  2.47041612e-07  2.47041612e-07  2.47041612e-07  2.47041612e-07  7.91729696e-08  7.91729696e-08  3.13950635e-07  3.13950635e-07  3.13950635e-07  3.12850933e-07  3.12850933e-07  3.12850933e-07  3.13950635e-07  3.13950635e-07  3.13950635e-07  3.12850933e-07  3.12850933e-07  3.12850933e-07  2.46086331e-07  2.46086331e-07  2.46086331e-07  2.46086331e-07  7.91678654e-08  7.91678654e-08  2.32616096e-08  2.32616096e-08  2.32616096e-08  2.24101638e-08  2.24101638e-08  2.24101638e-08  2.32616096e-08  2.32616096e-08  2.32616096e-08  2.24101638e-08  2.24101638e-08  2.24101638e-08  2.16715005e-08  2.16715005e-08  2.16715005e-08  2.16715005e-08  8.98351968e-10  8.98351968e-10 
 1.02329299e+02  3.11798758e-07  3.11798758e-07  3.11798758e-07  3.10650104e-07  3.10650104e-07  3.10650104e-07  3.11798758e-07  3.11798758e-07  3.11798758e-07  3.10650104e-07  3.10650104e-07  3.10650104e-07  2.44235703e-07  2.44235703e-07  2.44235703e-07  2.44235703e-07  7.84110885e-08  7.84110885e-08  3.10929097e-07  3.10929097e-07  3.10929097e-07  3.09839979e-07  3.09839979e-07  3.09839979e-07  3.10929097e-07  3.10929097e-07  3.10929097e-07  3.09839979e-07  3.09839979e-07  3.09839979e-07  2.43269404e-07  2.43269404e-07  2.43269404e-07  2.43269404e-07  7.84059347e-08  7.84059347e-08  2.32616096e-08  2.32616096e-08  2.32616096e-08  2.24101638e-08  2.24101638e-08  2.24101638e-08  2.32616096e-08  2.32616096e-08  2.32616096e-08  2.24101638e-08  2.24101638e-08  2.24101638e-08  2.16715005e-08  2.16715005e-08  2.16715005e-08  2.16715005e-08  8.98351971e-10  8.98351971e-10 
 1.04712855e+02  3.08814728e-07  3.08814728e-07  3.08814728e-07  3.07675980e-07  3.07675980e-07  3.07675980e-07  3.08814728e-07  3.08814728e-07  3.08814728e-07  3.07675980e-07  3.07675980e-07  3.07675980e-07  2.41462165e-07  2.41462165e-07  2.41462165e-07  2.41462165e-07  7.76565409e-08  7.76565409e-08  3.07936639e-07  3.07936639e-07  3.07936639e-07  3.06858003e-07  3.06858003e-07  3.06858003e-07  3.07936639e-07  3.07936639e-07  3.07936639e-07  3.06858003e-07  3.06858003e-07  3.06858003e-07  2.40484722e-07  2.40484722e-07  2.40484722e-07  2.40484722e-07  7.76513370e-08  7.76513370e-08  2.32616095e-08  2.32616095e-08  2.32616095e-08  2.24101638e-08  2.24101638e-08  2.24101638e-08  2.32616095e-08  2.32616095e-08  2.32616095e-08  2.24101638e-08  2.24101638e-08  2.24101638e-08  2.16715005e-08  2.16715005e-08  2.16715005e-08  2.16715005e-08  8.98351973e-10  8.98351973e-10 
 1.07151931e+02  3.05859578e-07  3.05859578e-07  3.05859578e-07  3.04730631e-07  3.04730631e-07  3.04730631e-07  3.05859578e-07  3.05859578e-07  3.05859578e-07  3.04730631e-07  3.04730631e-07  3.04730631e-07  2.38720631e-07  2.38720631e-07  2.38720631e-07  2.38720631e-07  7.69092562e-08  7.69092562e-08  3.04972981e-07  3.04972981e-07  3.04972981e-07  3.03904726e-07  3.03904726e-07  3.03904726e-07  3.04972981e-07  3.04972981e-07  3.04972981e-07  3.03904726e-07  3.03904726e-07  3.03904726e-07  2.37731916e-07  2.37731916e-07  2.37731916e-07  2.37731916e-07  7.69040017e-08  7.69040017e-08  2.32616095e-08  2.32616095e-08  2.32616095e-08  2.24101637e-08  2.24101637e-08  2.24101637e-08  2.32616095e-08  2.32616095e-08  2.32616095e-08  2.24101637e-08  2.24101637e-08  2.24101637e-08  2.16715005e-08  2.16715005e-08  2.16715005e-08  2.16715005e-08  8.98351976e-10  8.98351976e-10 
 1.09647820e+02  3.02933034e-07  3.02933034e-07  3.02933034e-07  3.01813781e-07  3.01813781e-07  3.01813781e-07  3.02933034e-07  3.02933034e-07  3.02933034e-07  3.01813781e-07  3.01813781e-07  3.01813781e-07  2.36010736e-07  2.36010736e-07  2.36010736e-07  2.36010736e-07  7.61691645e-08  7.61691645e-08  3.02037846e-07  3.02037846e-07  3.02037846e-07  3.00979872e-07  3.00979872e-07  3.00979872e-07  3.02037846e-07  3.02037846e-07  3.02037846e-07  3.00979872e-07  3.00979872e-07  3.00979872e-07  2.35010621e-07  2.35010621e-07  2.35010621e-07  2.35010621e-07  7.61638590e-08  7.61638590e-08  2.32616095e-08  2.32616095e-08  2.32616095e-08  2.24101637e-08  2.24101637e-08  2.24101637e-08  2.32616095e-08  2.32616095e-08  2.32616095e-08  2.24101637e-08  2.24101637e-08  2.24101637e-08  2.16715005e-08  2.16715005e-08  2.16715005e-08  2.16715005e-08  8.98351979e-10  8.98351978e-10 
 1.12201845e+02  3.00034821e-07  3.00034821e-07  3.00034821e-07  2.98925158e-07  2.98925158e-07  2.98925158e-07  3.00034821e-07  3.00034821e-07  3.00034821e-07  2.98925158e-07  2.98925158e-07  2.98925158e-07  2.33332123e-07  2.33332123e-07  2.33332123e-07  2.33332123e-07  7.54361967e-08  7.54361967e-08  2.99130960e-07  2.99130960e-07  2.99130960e-07  2.98083168e-07  2.98083168e-07  2.98083168e-07  2.99130960e-07  2.99130960e-07  2.99130960e-07  2.98083168e-07  2.98083168e-07  2.98083168e-07  2.32320477e-07  2.32320477e-07  2.32320477e-07  2.32320477e-07  7.54308396e-08  7.54308396e-08  2.32616095e-08  2.32616095e-08  2.32616095e-08  2.24101637e-08  2.24101637e-08  2.24101637e-08  2.32616095e-08  2.32616095e-08  2.32616095e-08  2.24101637e-08  2.24101637e-08  2.24101637e-08  2.16715005e-08  2.16715005e-08  2.16715005e-08  2.16715005e-08  8.98351981e-10  8.98351981e-10 
 1.14815362e+02  2.97164667e-07  2.97164667e-07  2.97164667e-07  2.96064491e-07  2.96064491e-07  2.96064491e-07  2.97164667e-07  2.97164667e-07  2.97164667e-07  2.96064491e-07  2.96064491e-07  2.96064491e-07  2.30684435e-07  2.30684435e-07  2.30684435e-07  2.30684435e-07  7.47102841e-08  7.47102841e-08  2.96252050e-07  2.96252050e-07  2.96252050e-07  2.95214342e-07  2.95214342e-07  2.95214342e-07  2.96252050e-07  2.96252050e-07  2.96252050e-07  2.95214342e-07  2.95214342e-07  2.95214342e-07  2.29661126e-07  2.29661126e-07  2.29661126e-07  2.29661126e-07  7.47048750e-08  7.47048750e-08  2.32616095e-08  2.32616095e-08  2.32616095e-08  2.24101637e-08  2.24101637e-08  2.24101637e-08  2.32616095e-08  2.32616095e-08  2.32616095e-08  2.24101637e-08  2.24101637e-08  2.24101637e-08  2.16715005e-08  2.16715005e-08  2.16715005e-08  2.16715005e-08  8.98351985e-10  8.98351984e-10 
 1.17489755e+02  2.94322306e-07  2.94322306e-07  2.94322306e-07  2.93231513e-07  2.93231513e-07  2.93231513e-07  2.94322306e-07  2.94322306e-07  2.94322306e-07  2.93231513e-07  2.93231513e-07  2.93231513e-07  2.28067321e-07  2.28067321e-07  2.28067321e-07  2.28067321e-07  7.39913589e-08  7.39913589e-08  2.93400847e-07  2.93400847e-07  2.93400847e-07  2.92373127e-07  2.92373127e-07  2.92373127e-07  2.93400847e-07  2.93400847e-07  2.93400847e-07  2.92373127e-07  2.92373127e-07  2.92373127e-07  2.27032217e-07  2.27032217e-07  2.27032217e-07  2.27032217e-07  7.39858972e-08  7.39858972e-08  2.32616095e-08  2.32616095e-08  2.32616095e-08  2.24101637e-08  2.24101637e-08  2.24101637e-08  2.32616095e-08  2.32616095e-08  2.32616095e-08  2.24101637e-08  2.24101637e-08  2.24101637e-08  2.16715004e-08  2.16715004e-08  2.16715004e-08  2.16715004e-08  8.98351988e-10  8.98351987e-10 
 1.20226443e+02  2.91507470e-07  2.91507470e-07  2.91507470e-07  2.90425959e-07  2.90425959e-07  2.90425959e-07  2.91507470e-07  2.91507470e-07  2.91507470e-07  2.90425959e-07  2.90425959e-07  2.90425959e-07  2.25480435e-07  2.25480435e-07  2.25480435e-07  2.25480435e-07  7.32793538e-08  7.32793538e-08  2.90577085e-07  2.90577085e-07  2.90577085e-07  2.89559256e-07  2.89559256e-07  2.89559256e-07  2.90577085e-07  2.90577085e-07  2.90577085e-07  2.89559256e-07  2.89559256e-07  2.89559256e-07  2.24433401e-07  2.24433401e-07  2.24433401e-07  2.24433401e-07  7.32738391e-08  7.32738391e-08  2.32616095e-08  2.32616095e-08  2.32616095e-08  2.24101637e-08  2.24101637e-08  2.24101637e-08  2.32616095e-08  2.32616095e-08  2.32616095e-08  2.24101637e-08  2.24101637e-08  2.24101637e-08  2.16715004e-08  2.16715004e-08  2.16715004e-08  2.16715004e-08  8.98351991e-10  8.98351991e-10 
 1.23026877e+02  2.88719897e-07  2.88719897e-07  2.88719897e-07  2.87647567e-07  2.87647567e-07  2.87647567e-07  2.88719897e-07  2.88719897e-07  2.88719897e-07  2.87647567e-07  2.87647567e-07  2.87647567e-07  2.22923434e-07  2.22923434e-07  2.22923434e-07  2.22923434e-07  7.25742023e-08  7.25742023e-08  2.87780500e-07  2.87780500e-07  2.87780500e-07  2.86772467e-07  2.86772467e-07  2.86772467e-07  2.87780500e-07  2.87780500e-07  2.87780500e-07  2.86772467e-07  2.86772467e-07  2.86772467e-07  2.21864332e-07  2.21864332e-07  2.21864332e-07  2.21864332e-07  7.25686340e-08  7.25686340e-08  2.32616094e-08  2.32616094e-08  2.32616094e-08  2.24101637e-08  2.24101637e-08  2.24101637e-08  2.32616094e-08  2.32616094e-08  2.32616094e-08  2.24101637e-08  2.24101637e-08  2.24101637e-08  2.16715004e-08  2.16715004e-08  2.16715004e-08  2.16715004e-08  8.98351994e-10  8.98351994e-10 
 1.25892541e+02  2.85959325e-07  2.85959325e-07  2.85959325e-07  2.84896076e-07  2.84896076e-07  2.84896076e-07  2.85959325e-07  2.85959325e-07  2.85959325e-07  2.84896076e-07  2.84896076e-07  2.84896076e-07  2.20395979e-07  2.20395979e-07  2.20395979e-07  2.20395979e-07  7.18758384e-08  7.18758384e-08  2.85010830e-07  2.85010830e-07  2.85010830e-07  2.84012498e-07  2.84012498e-07  2.84012498e-07  2.85010830e-07  2.85010830e-07  2.85010830e-07  2.84012498e-07  2.84012498e-07  2.84012498e-07  2.19324672e-07  2.19324672e-07  2.19324672e-07  2.19324672e-07  7.18702159e-08  7.18702159e-08  2.32616094e-08  2.32616094e-08  2.32616094e-08  2.24101636e-08  2.24101636e-08  2.24101636e-08  2.32616094e-08  2.32616094e-08  2.32616094e-08  2.24101636e-08  2.24101636e-08  2.24101636e-08  2.16715004e-08  2.16715004e-08  2.16715004e-08  2.16715004e-08  8.98351998e-10  8.98351998e-10 
 1.28824955e+02  2.83225497e-07  2.83225497e-07  2.83225497e-07  2.82171229e-07  2.82171229e-07  2.82171229e-07  2.83225497e-07  2.83225497e-07  2.83225497e-07  2.82171229e-07  2.82171229e-07  2.82171229e-07  2.17897733e-07  2.17897733e-07  2.17897733e-07  2.17897733e-07  7.11841968e-08  7.11841968e-08  2.82267815e-07  2.82267815e-07  2.82267815e-07  2.81279092e-07  2.81279092e-07  2.81279092e-07  2.82267815e-07  2.82267815e-07  2.82267815e-07  2.81279092e-07  2.81279092e-07  2.81279092e-07  2.16814083e-07  2.16814083e-07  2.16814083e-07  2.16814083e-07  7.11785197e-08  7.11785197e-08  2.32616094e-08  2.32616094e-08  2.32616094e-08  2.24101636e-08  2.24101636e-08  2.24101636e-08  2.32616094e-08  2.32616094e-08  2.32616094e-08  2.24101636e-08  2.24101636e-08  2.24101636e-08  2.16715004e-08  2.16715004e-08  2.16715004e-08  2.16715004e-08  8.98352002e-10  8.98352002e-10 
 1.31825674e+02  2.80518157e-07  2.80518157e-07  2.80518157e-07  2.79472772e-07  2.79472772e-07  2.79472772e-07  2.80518157e-07  2.80518157e-07  2.80518157e-07  2.79472772e-07  2.79472772e-07  2.79472772e-07  2.15428368e-07  2.15428368e-07  2.15428368e-07  2.15428368e-07  7.04992127e-08  7.04992127e-08  2.79551201e-07  2.79551201e-07  2.79551201e-07  2.78571993e-07  2.78571993e-07  2.78571993e-07  2.79551201e-07  2.79551201e-07  2.79551201e-07  2.78571993e-07  2.78571993e-07  2.78571993e-07  2.14332233e-07  2.14332233e-07  2.14332233e-07  2.14332233e-07  7.04934805e-08  7.04934805e-08  2.32616094e-08  2.32616094e-08  2.32616094e-08  2.24101636e-08  2.24101636e-08  2.24101636e-08  2.32616094e-08  2.32616094e-08  2.32616094e-08  2.24101636e-08  2.24101636e-08  2.24101636e-08  2.16715004e-08  2.16715004e-08  2.16715004e-08  2.16715004e-08  8.98352006e-10  8.98352006e-10 
 1.34896288e+02  2.77837051e-07  2.77837051e-07  2.77837051e-07  2.76800451e-07  2.76800451e-07  2.76800451e-07  2.77837051e-07  2.77837051e-07  2.77837051e-07  2.76800451e-07  2.76800451e-07  2.76800451e-07  2.12987554e-07  2.12987554e-07  2.12987554e-07  2.12987554e-07  6.98208222e-08  6.98208222e-08  2.76860731e-07  2.76860731e-07  2.76860731e-07  2.75890947e-07  2.75890947e-07  2.75890947e-07  2.76860731e-07  2.76860731e-07  2.76860731e-07  2.75890947e-07  2.75890947e-07  2.75890947e-07  2.11878792e-07  2.11878792e-07  2.11878792e-07  2.11878792e-07  6.98150343e-08  6.98150343e-08  2.32616094e-08  2.32616094e-08  2.32616094e-08  2.24101636e-08  2.24101636e-08  2.24101636e-08  2.32616094e-08  2.32616094e-08  2.32616094e-08  2.24101636e-08  2.24101636e-08  2.24101636e-08  2.16715003e-08  2.16715003e-08  2.16715003e-08  2.16715003e-08  8.98352010e-10  8.98352010e-10 
 1.38038426e+02  2.75181929e-07  2.75181929e-07  2.75181929e-07  2.74154018e-07  2.74154018e-07  2.74154018e-07  2.75181929e-07  2.75181929e-07  2.75181929e-07  2.74154018e-07  2.74154018e-07  2.74154018e-07  2.10574968e-07  2.10574968e-07  2.10574968e-07  2.10574968e-07  6.91489618e-08  6.91489618e-08  2.74196155e-07  2.74196155e-07  2.74196155e-07  2.73235705e-07  2.73235705e-07  2.73235705e-07  2.74196155e-07  2.74196155e-07  2.74196155e-07  2.73235705e-07  2.73235705e-07  2.73235705e-07  2.09453435e-07  2.09453435e-07  2.09453435e-07  2.09453435e-07  6.91431176e-08  6.91431176e-08  2.32616093e-08  2.32616093e-08  2.32616093e-08  2.24101636e-08  2.24101636e-08  2.24101636e-08  2.32616093e-08  2.32616093e-08  2.32616093e-08  2.24101636e-08  2.24101636e-08  2.24101636e-08  2.16715003e-08  2.16715003e-08  2.16715003e-08  2.16715003e-08  8.98352014e-10  8.98352014e-10 
 1.41253754e+02  2.72552543e-07  2.72552543e-07  2.72552543e-07  2.71533224e-07  2.71533224e-07  2.71533224e-07  2.72552543e-07  2.72552543e-07  2.72552543e-07  2.71533224e-07  2.71533224e-07  2.71533224e-07  2.08190290e-07  2.08190290e-07  2.08190290e-07  2.08190290e-07  6.84835686e-08  6.84835686e-08  2.71557224e-07  2.71557224e-07  2.71557224e-07  2.70606017e-07  2.70606017e-07  2.70606017e-07  2.71557224e-07  2.71557224e-07  2.71557224e-07  2.70606017e-07  2.70606017e-07  2.70606017e-07  2.07055841e-07  2.07055841e-07  2.07055841e-07  2.07055841e-07  6.84776677e-08  6.84776677e-08  2.32616093e-08  2.32616093e-08  2.32616093e-08  2.24101635e-08  2.24101635e-08  2.24101635e-08  2.32616093e-08  2.32616093e-08  2.32616093e-08  2.24101635e-08  2.24101635e-08  2.24101635e-08  2.16715003e-08  2.16715003e-08  2.16715003e-08  2.16715003e-08  8.98352019e-10  8.98352019e-10 
 1.44543977e+02  2.69948646e-07  2.69948646e-07  2.69948646e-07  2.68937824e-07  2.68937824e-07  2.68937824e-07  2.69948646e-07  2.69948646e-07  2.69948646e-07  2.68937824e-07  2.68937824e-07  2.68937824e-07  2.05833205e-07  2.05833205e-07  2.05833205e-07  2.05833205e-07  6.78245805e-08  6.78245805e-08  2.68943691e-07  2.68943691e-07  2.68943691e-07  2.68001638e-07  2.68001638e-07  2.68001638e-07  2.68943691e-07  2.68943691e-07  2.68943691e-07  2.68001638e-07  2.68001638e-07  2.68001638e-07  2.04685693e-07  2.04685693e-07  2.04685693e-07  2.04685693e-07  6.78186222e-08  6.78186222e-08  2.32616093e-08  2.32616093e-08  2.32616093e-08  2.24101635e-08  2.24101635e-08  2.24101635e-08  2.32616093e-08  2.32616093e-08  2.32616093e-08  2.24101635e-08  2.24101635e-08  2.24101635e-08  2.16715003e-08  2.16715003e-08  2.16715003e-08  2.16715003e-08  8.98352024e-10  8.98352024e-10 
 1.47910839e+02  2.67369994e-07  2.67369994e-07  2.67369994e-07  2.66367576e-07  2.66367576e-07  2.66367576e-07  2.67369994e-07  2.67369994e-07  2.67369994e-07  2.66367576e-07  2.66367576e-07  2.66367576e-07  2.03503399e-07  2.03503399e-07  2.03503399e-07  2.03503399e-07  6.71719357e-08  6.71719357e-08  2.66355310e-07  2.66355310e-07  2.66355310e-07  2.65422325e-07  2.65422325e-07  2.65422325e-07  2.66355310e-07  2.66355310e-07  2.66355310e-07  2.65422325e-07  2.65422325e-07  2.65422325e-07  2.02342675e-07  2.02342675e-07  2.02342675e-07  2.02342675e-07  6.71659195e-08  6.71659195e-08  2.32616093e-08  2.32616093e-08  2.32616093e-08  2.24101635e-08  2.24101635e-08  2.24101635e-08  2.32616093e-08  2.32616093e-08  2.32616093e-08  2.24101635e-08  2.24101635e-08  2.24101635e-08  2.16715003e-08  2.16715003e-08  2.16715003e-08  2.16715003e-08  8.98352029e-10  8.98352029e-10 
 1.51356125e+02  2.64816348e-07  2.64816348e-07  2.64816348e-07  2.63822239e-07  2.63822239e-07  2.63822239e-07  2.64816348e-07  2.64816348e-07  2.64816348e-07  2.63822239e-07  2.63822239e-07  2.63822239e-07  2.01200564e-07  2.01200564e-07  2.01200564e-07  2.01200564e-07  6.65255733e-08  6.65255733e-08  2.63791841e-07  2.63791841e-07  2.63791841e-07  2.62867835e-07  2.62867835e-07  2.62867835e-07  2.63791841e-07  2.63791841e-07  2.63791841e-07  2.62867835e-07  2.62867835e-07  2.62867835e-07  2.00026477e-07  2.00026477e-07  2.00026477e-07  2.00026477e-07  6.65194986e-08  6.65194986e-08  2.32616092e-08  2.32616092e-08  2.32616092e-08  2.24101635e-08  2.24101635e-08  2.24101635e-08  2.32616092e-08  2.32616092e-08  2.32616092e-08  2.24101635e-08  2.24101635e-08  2.24101635e-08  2.16715002e-08  2.16715002e-08  2.16715002e-08  2.16715002e-08  8.98352034e-10  8.98352034e-10 
 1.54881662e+02  2.62287467e-07  2.62287467e-07  2.62287467e-07  2.61301574e-07  2.61301574e-07  2.61301574e-07  2.62287467e-07  2.62287467e-07  2.62287467e-07  2.61301574e-07  2.61301574e-07  2.61301574e-07  1.98924394e-07  1.98924394e-07  1.98924394e-07  1.98924394e-07  6.58854328e-08  6.58854328e-08  2.61253044e-07  2.61253044e-07  2.61253044e-07  2.60337930e-07  2.60337930e-07  2.60337930e-07  2.61253044e-07  2.61253044e-07  2.61253044e-07  2.60337930e-07  2.60337930e-07  2.60337930e-07  1.97736793e-07  1.97736793e-07  1.97736793e-07  1.97736793e-07  6.58792991e-08  6.58792991e-08  2.32616092e-08  2.32616092e-08  2.32616092e-08  2.24101634e-08  2.24101634e-08  2.24101634e-08  2.32616092e-08  2.32616092e-08  2.32616092e-08  2.24101634e-08  2.24101634e-08  2.24101634e-08  2.16715002e-08  2.16715002e-08  2.16715002e-08  2.16715002e-08  8.98352040e-10  8.98352039e-10 
 1.58489319e+02  2.59783116e-07  2.59783116e-07  2.59783116e-07  2.58805348e-07  2.58805348e-07  2.58805348e-07  2.59783116e-07  2.59783116e-07  2.59783116e-07  2.58805348e-07  2.58805348e-07  2.58805348e-07  1.96674588e-07  1.96674588e-07  1.96674588e-07  1.96674588e-07  6.52514543e-08  6.52514543e-08  2.58738680e-07  2.58738680e-07  2.58738680e-07  2.57832374e-07  2.57832374e-07  2.57832374e-07  2.58738680e-07  2.58738680e-07  2.58738680e-07  2.57832374e-07  2.57832374e-07  2.57832374e-07  1.95473318e-07  1.95473318e-07  1.95473318e-07  1.95473318e-07  6.52452610e-08  6.52452610e-08  2.32616092e-08  2.32616092e-08  2.32616092e-08  2.24101634e-08  2.24101634e-08  2.24101634e-08  2.32616092e-08  2.32616092e-08  2.32616092e-08  2.24101634e-08  2.24101634e-08  2.24101634e-08  2.16715002e-08  2.16715002e-08  2.16715002e-08  2.16715002e-08  8.98352045e-10  8.98352045e-10 
 1.62181010e+02  2.57303059e-07  2.57303059e-07  2.57303059e-07  2.56333324e-07  2.56333324e-07  2.56333324e-07  2.57303059e-07  2.57303059e-07  2.57303059e-07  2.56333324e-07  2.56333324e-07  2.56333324e-07  1.94450847e-07  1.94450847e-07  1.94450847e-07  1.94450847e-07  6.46235785e-08  6.46235785e-08  2.56248515e-07  2.56248515e-07  2.56248515e-07  2.55350931e-07  2.55350931e-07  2.55350931e-07  2.56248515e-07  2.56248515e-07  2.56248515e-07  2.55350931e-07  2.55350931e-07  2.55350931e-07  1.93235753e-07  1.93235753e-07  1.93235753e-07  1.93235753e-07  6.46173250e-08  6.46173250e-08  2.32616092e-08  2.32616092e-08  2.32616092e-08  2.24101634e-08  2.24101634e-08  2.24101634e-08  2.32616092e-08  2.32616092e-08  2.32616092e-08  2.24101634e-08  2.24101634e-08  2.24101634e-08  2.16715001e-08  2.16715001e-08  2.16715001e-08  2.16715001e-08  8.98352051e-10  8.98352051e-10 
 1.65958691e+02  2.54847065e-07  2.54847065e-07  2.54847065e-07  2.53885274e-07  2.53885274e-07  2.53885274e-07  2.54847065e-07  2.54847065e-07  2.54847065e-07  2.53885274e-07  2.53885274e-07  2.53885274e-07  1.92252876e-07  1.92252876e-07  1.92252876e-07  1.92252876e-07  6.40017468e-08  6.40017468e-08  2.53782316e-07  2.53782316e-07  2.53782316e-07  2.52893371e-07  2.52893371e-07  2.52893371e-07  2.53782316e-07  2.53782316e-07  2.53782316e-07  2.52893371e-07  2.52893371e-07  2.52893371e-07  1.91023801e-07  1.91023801e-07  1.91023801e-07  1.91023801e-07  6.39954325e-08  6.39954325e-08  2.32616091e-08  2.32616091e-08  2.32616091e-08  2.24101634e-08  2.24101634e-08  2.24101634e-08  2.32616091e-08  2.32616091e-08  2.32616091e-08  2.24101634e-08  2.24101634e-08  2.24101634e-08  2.16715001e-08  2.16715001e-08  2.16715001e-08  2.16715001e-08  8.98352058e-10  8.98352058e-10 
 1.69824365e+02  2.52414905e-07  2.52414905e-07  2.52414905e-07  2.51460966e-07  2.51460966e-07  2.51460966e-07  2.52414905e-07  2.52414905e-07  2.52414905e-07  2.51460966e-07  2.51460966e-07  2.51460966e-07  1.90080384e-07  1.90080384e-07  1.90080384e-07  1.90080384e-07  6.33859009e-08  6.33859009e-08  2.51339853e-07  2.51339853e-07  2.51339853e-07  2.50459463e-07  2.50459463e-07  2.50459463e-07  2.51339853e-07  2.51339853e-07  2.51339853e-07  2.50459463e-07  2.50459463e-07  2.50459463e-07  1.88837170e-07  1.88837170e-07  1.88837170e-07  1.88837170e-07  6.33795253e-08  6.33795253e-08  2.32616091e-08  2.32616091e-08  2.32616091e-08  2.24101633e-08  2.24101633e-08  2.24101633e-08  2.32616091e-08  2.32616091e-08  2.32616091e-08  2.24101633e-08  2.24101633e-08  2.24101633e-08  2.16715001e-08  2.16715001e-08  2.16715001e-08  2.16715001e-08  8.98352064e-10  8.98352064e-10 
 1.73780083e+02  2.50006350e-07  2.50006350e-07  2.50006350e-07  2.49060176e-07  2.49060176e-07  2.49060176e-07  2.50006350e-07  2.50006350e-07  2.50006350e-07  2.49060176e-07  2.49060176e-07  2.49060176e-07  1.87933082e-07  1.87933082e-07  1.87933082e-07  1.87933082e-07  6.27759832e-08  6.27759832e-08  2.48920896e-07  2.48920896e-07  2.48920896e-07  2.48048979e-07  2.48048979e-07  2.48048979e-07  2.48920896e-07  2.48920896e-07  2.48920896e-07  2.48048979e-07  2.48048979e-07  2.48048979e-07  1.86675568e-07  1.86675568e-07  1.86675568e-07  1.86675568e-07  6.27695457e-08  6.27695457e-08  2.32616091e-08  2.32616091e-08  2.32616091e-08  2.24101633e-08  2.24101633e-08  2.24101633e-08  2.32616091e-08  2.32616091e-08  2.32616091e-08  2.24101633e-08  2.24101633e-08  2.24101633e-08  2.16715001e-08  2.16715001e-08  2.16715001e-08  2.16715001e-08  8.98352071e-10  8.98352071e-10 
 1.77827941e+02  2.47621176e-07  2.47621176e-07  2.47621176e-07  2.46682677e-07  2.46682677e-07  2.46682677e-07  2.47621176e-07  2.47621176e-07  2.47621176e-07  2.46682677e-07  2.46682677e-07  2.46682677e-07  1.85810686e-07  1.85810686e-07  1.85810686e-07  1.85810686e-07  6.21719368e-08  6.21719368e-08  2.46525220e-07  2.46525220e-07  2.46525220e-07  2.45661695e-07  2.45661695e-07  2.45661695e-07  2.46525220e-07  2.46525220e-07  2.46525220e-07  2.45661695e-07  2.45661695e-07  2.45661695e-07  1.84538711e-07  1.84538711e-07  1.84538711e-07  1.84538711e-07  6.21654367e-08  6.21654367e-08  2.32616090e-08  2.32616090e-08  2.32616090e-08  2.24101633e-08  2.24101633e-08  2.24101633e-08  2.32616090e-08  2.32616090e-08  2.32616090e-08  2.24101633e-08  2.24101633e-08  2.24101633e-08  2.16715000e-08  2.16715000e-08  2.16715000e-08  2.16715000e-08  8.98352078e-10  8.98352078e-10 
 1.81970086e+02  2.45259159e-07  2.45259159e-07  2.45259159e-07  2.44328249e-07  2.44328249e-07  2.44328249e-07  2.45259159e-07  2.45259159e-07  2.45259159e-07  2.44328249e-07  2.44328249e-07  2.44328249e-07  1.83712915e-07  1.83712915e-07  1.83712915e-07  1.83712915e-07  6.15737051e-08  6.15737051e-08  2.44152600e-07  2.44152600e-07  2.44152600e-07  2.43297386e-07  2.43297386e-07  2.43297386e-07  2.44152600e-07  2.44152600e-07  2.44152600e-07  2.43297386e-07  2.43297386e-07  2.43297386e-07  1.82426313e-07  1.82426313e-07  1.82426313e-07  1.82426313e-07  6.15671418e-08  6.15671418e-08  2.32616090e-08  2.32616090e-08  2.32616090e-08  2.24101632e-08  2.24101632e-08  2.24101632e-08  2.32616090e-08  2.32616090e-08  2.32616090e-08  2.24101632e-08  2.24101632e-08  2.24101632e-08  2.16715000e-08  2.16715000e-08  2.16715000e-08  2.16715000e-08  8.98352086e-10  8.98352086e-10 
 1.86208714e+02  2.42920078e-07  2.42920078e-07  2.42920078e-07  2.41996669e-07  2.41996669e-07  2.41996669e-07  2.42920078e-07  2.42920078e-07  2.42920078e-07  2.41996669e-07  2.41996669e-07  2.41996669e-07  1.81639490e-07  1.81639490e-07  1.81639490e-07  1.81639490e-07  6.09812321e-08  6.09812321e-08  2.41802816e-07  2.41802816e-07  2.41802816e-07  2.40955832e-07  2.40955832e-07  2.40955832e-07  2.41802816e-07  2.41802816e-07  2.41802816e-07  2.40955832e-07  2.40955832e-07  2.40955832e-07  1.80338096e-07  1.80338096e-07  1.80338096e-07  1.80338096e-07  6.09746051e-08  6.09746051e-08  2.32616089e-08  2.32616089e-08  2.32616089e-08  2.24101632e-08  2.24101632e-08  2.24101632e-08  2.32616089e-08  2.32616089e-08  2.32616089e-08  2.24101632e-08  2.24101632e-08  2.24101632e-08  2.16714999e-08  2.16714999e-08  2.16714999e-08  2.16714999e-08  8.98352094e-10  8.98352094e-10 
 1.90546072e+02  2.40603715e-07  2.40603715e-07  2.40603715e-07  2.39687721e-07  2.39687721e-07  2.39687721e-07  2.40603715e-07  2.40603715e-07  2.40603715e-07  2.39687721e-07  2.39687721e-07  2.39687721e-07  1.79590136e-07  1.79590136e-07  1.79590136e-07  1.79590136e-07  6.03944625e-08  6.03944625e-08  2.39475646e-07  2.39475646e-07  2.39475646e-07  2.38636814e-07  2.38636814e-07  2.38636814e-07  2.39475646e-07  2.39475646e-07  2.39475646e-07  2.38636814e-07  2.38636814e-07  2.38636814e-07  1.78273783e-07  1.78273783e-07  1.78273783e-07  1.78273783e-07  6.03877711e-08  6.03877711e-08  2.32616089e-08  2.32616089e-08  2.32616089e-08  2.24101631e-08  2.24101631e-08  2.24101631e-08  2.32616089e-08  2.32616089e-08  2.32616089e-08  2.24101631e-08  2.24101631e-08  2.24101631e-08  2.16714999e-08  2.16714999e-08  2.16714999e-08  2.16714999e-08  8.98352102e-10  8.98352102e-10 
 1.94984460e+02  2.38309852e-07  2.38309852e-07  2.38309852e-07  2.37401189e-07  2.37401189e-07  2.37401189e-07  2.38309852e-07  2.38309852e-07  2.38309852e-07  2.37401189e-07  2.37401189e-07  2.37401189e-07  1.77564582e-07  1.77564582e-07  1.77564582e-07  1.77564582e-07  5.98133414e-08  5.98133414e-08  2.37170873e-07  2.37170873e-07  2.37170873e-07  2.36340114e-07  2.36340114e-07  2.36340114e-07  2.37170873e-07  2.37170873e-07  2.37170873e-07  2.36340114e-07  2.36340114e-07  2.36340114e-07  1.76233099e-07  1.76233099e-07  1.76233099e-07  1.76233099e-07  5.98065850e-08  5.98065850e-08  2.32616089e-08  2.32616089e-08  2.32616089e-08  2.24101631e-08  2.24101631e-08  2.24101631e-08  2.32616089e-08  2.32616089e-08  2.32616089e-08  2.24101631e-08  2.24101631e-08  2.24101631e-08  2.16714999e-08  2.16714999e-08  2.16714999e-08  2.16714999e-08  8.98352111e-10  8.98352111e-10 
 1.99526231e+02  2.36038276e-07  2.36038276e-07  2.36038276e-07  2.35136858e-07  2.35136858e-07  2.35136858e-07  2.36038276e-07  2.36038276e-07  2.36038276e-07  2.35136858e-07  2.35136858e-07  2.35136858e-07  1.75562558e-07  1.75562558e-07  1.75562558e-07  1.75562558e-07  5.92378144e-08  5.92378144e-08  2.34888282e-07  2.34888282e-07  2.34888282e-07  2.34065518e-07  2.34065518e-07  2.34065518e-07  2.34888282e-07  2.34888282e-07  2.34888282e-07  2.34065518e-07  2.34065518e-07  2.34065518e-07  1.74215775e-07  1.74215775e-07  1.74215775e-07  1.74215775e-07  5.92309923e-08  5.92309923e-08  2.32616088e-08  2.32616088e-08  2.32616088e-08  2.24101630e-08  2.24101630e-08  2.24101630e-08  2.32616088e-08  2.32616088e-08  2.32616088e-08  2.24101630e-08  2.24101630e-08  2.24101630e-08  2.16714998e-08  2.16714998e-08  2.16714998e-08  2.16714998e-08  8.98352120e-10  8.98352120e-10 
 2.04173794e+02  2.33788773e-07  2.33788773e-07  2.33788773e-07  2.32894516e-07  2.32894516e-07  2.32894516e-07  2.33788773e-07  2.33788773e-07  2.33788773e-07  2.32894516e-07  2.32894516e-07  2.32894516e-07  1.73583800e-07  1.73583800e-07  1.73583800e-07  1.73583800e-07  5.86678278e-08  5.86678278e-08  2.32627659e-07  2.32627659e-07  2.32627659e-07  2.31812814e-07  2.31812814e-07  2.31812814e-07  2.32627659e-07  2.32627659e-07  2.32627659e-07  2.31812814e-07  2.31812814e-07  2.31812814e-07  1.72221543e-07  1.72221543e-07  1.72221543e-07  1.72221543e-07  5.86609394e-08  5.86609394e-08  2.32616088e-08  2.32616088e-08  2.32616088e-08  2.24101630e-08  2.24101630e-08  2.24101630e-08  2.32616088e-08  2.32616088e-08  2.32616088e-08  2.24101630e-08  2.24101630e-08  2.24101630e-08  2.16714998e-08  2.16714998e-08  2.16714998e-08  2.16714998e-08  8.98352130e-10  8.98352130e-10 
 2.08929613e+02  2.31561133e-07  2.31561133e-07  2.31561133e-07  2.30673955e-07  2.30673955e-07  2.30673955e-07  2.31561133e-07  2.31561133e-07  2.31561133e-07  2.30673955e-07  2.30673955e-07  2.30673955e-07  1.71628044e-07  1.71628044e-07  1.71628044e-07  1.71628044e-07  5.81033281e-08  5.81033281e-08  2.30388793e-07  2.30388793e-07  2.30388793e-07  2.29581790e-07  2.29581790e-07  2.29581790e-07  2.30388793e-07  2.30388793e-07  2.30388793e-07  2.29581790e-07  2.29581790e-07  2.29581790e-07  1.70250139e-07  1.70250139e-07  1.70250139e-07  1.70250139e-07  5.80963728e-08  5.80963728e-08  2.32616087e-08  2.32616087e-08  2.32616087e-08  2.24101630e-08  2.24101630e-08  2.24101630e-08  2.32616087e-08  2.32616087e-08  2.32616087e-08  2.24101630e-08  2.24101630e-08  2.24101630e-08  2.16714997e-08  2.16714997e-08  2.16714997e-08  2.16714997e-08  8.98352140e-10  8.98352140e-10 
 2.13796209e+02  2.29355149e-07  2.29355149e-07  2.29355149e-07  2.28474965e-07  2.28474965e-07  2.28474965e-07  2.29355149e-07  2.29355149e-07  2.29355149e-07  2.28474965e-07  2.28474965e-07  2.28474965e-07  1.69695031e-07  1.69695031e-07  1.69695031e-07  1.69695031e-07  5.75442626e-08  5.75442626e-08  2.28171474e-07  2.28171474e-07  2.28171474e-07  2.27372238e-07  2.27372238e-07  2.27372238e-07  2.28171474e-07  2.28171474e-07  2.28171474e-07  2.27372238e-07  2.27372238e-07  2.27372238e-07  1.68301302e-07  1.68301302e-07  1.68301302e-07  1.68301302e-07  5.75372397e-08  5.75372397e-08  2.32616087e-08  2.32616087e-08  2.32616087e-08  2.24101629e-08  2.24101629e-08  2.24101629e-08  2.32616087e-08  2.32616087e-08  2.32616087e-08  2.24101629e-08  2.24101629e-08  2.24101629e-08  2.16714997e-08  2.16714997e-08  2.16714997e-08  2.16714997e-08  8.98352150e-10  8.98352150e-10 
 2.18776162e+02  2.27170612e-07  2.27170612e-07  2.27170612e-07  2.26297342e-07  2.26297342e-07  2.26297342e-07  2.27170612e-07  2.27170612e-07  2.27170612e-07  2.26297342e-07  2.26297342e-07  2.26297342e-07  1.67784506e-07  1.67784506e-07  1.67784506e-07  1.67784506e-07  5.69905791e-08  5.69905791e-08  2.25975495e-07  2.25975495e-07  2.25975495e-07  2.25183952e-07  2.25183952e-07  2.25183952e-07  2.25975495e-07  2.25975495e-07  2.25975495e-07  2.25183952e-07  2.25183952e-07  2.25183952e-07  1.66374772e-07  1.66374772e-07  1.66374772e-07  1.66374772e-07  5.69834879e-08  5.69834879e-08  2.32616086e-08  2.32616086e-08  2.32616086e-08  2.24101629e-08  2.24101629e-08  2.24101629e-08  2.32616086e-08  2.32616086e-08  2.32616086e-08  2.24101629e-08  2.24101629e-08  2.24101629e-08  2.16714996e-08  2.16714996e-08  2.16714996e-08  2.16714996e-08  8.98352161e-10  8.98352161e-10 
 2.23872114e+02  2.25007320e-07  2.25007320e-07  2.25007320e-07  2.24140882e-07  2.24140882e-07  2.24140882e-07  2.25007320e-07  2.25007320e-07  2.25007320e-07  2.24140882e-07  2.24140882e-07  2.24140882e-07  1.65896213e-07  1.65896213e-07  1.65896213e-07  1.65896213e-07  5.64422256e-08  5.64422256e-08  2.23800651e-07  2.23800651e-07  2.23800651e-07  2.23016726e-07  2.23016726e-07  2.23016726e-07  2.23800651e-07  2.23800651e-07  2.23800651e-07  2.23016726e-07  2.23016726e-07  2.23016726e-07  1.64470296e-07  1.64470296e-07  1.64470296e-07  1.64470296e-07  5.64350656e-08  5.64350656e-08  2.32616085e-08  2.32616085e-08  2.32616085e-08  2.24101628e-08  2.24101628e-08  2.24101628e-08  2.32616085e-08  2.32616085e-08  2.32616085e-08  2.24101628e-08  2.24101628e-08  2.24101628e-08  2.16714996e-08  2.16714996e-08  2.16714996e-08  2.16714996e-08  8.98352173e-10  8.98352173e-10 
 2.29086765e+02  2.22865070e-07  2.22865070e-07  2.22865070e-07  2.22005382e-07  2.22005382e-07  2.22005382e-07  2.22865070e-07  2.22865070e-07  2.22865070e-07  2.22005382e-07  2.22005382e-07  2.22005382e-07  1.64029904e-07  1.64029904e-07  1.64029904e-07  1.64029904e-07  5.58991511e-08  5.58991511e-08  2.21646738e-07  2.21646738e-07  2.21646738e-07  2.20870357e-07  2.20870357e-07  2.20870357e-07  2.21646738e-07  2.21646738e-07  2.21646738e-07  2.20870357e-07  2.20870357e-07  2.20870357e-07  1.62587619e-07  1.62587619e-07  1.62587619e-07  1.62587619e-07  5.58919215e-08  5.58919215e-08  2.32616085e-08  2.32616085e-08  2.32616085e-08  2.24101627e-08  2.24101627e-08  2.24101627e-08  2.32616085e-08  2.32616085e-08  2.32616085e-08  2.24101627e-08  2.24101627e-08  2.24101627e-08  2.16714995e-08  2.16714995e-08  2.16714995e-08  2.16714995e-08  8.98352185e-10  8.98352185e-10 
 2.34422882e+02  2.20743660e-07  2.20743660e-07  2.20743660e-07  2.19890644e-07  2.19890644e-07  2.19890644e-07  2.20743660e-07  2.20743660e-07  2.20743660e-07  2.19890644e-07  2.19890644e-07  2.19890644e-07  1.62185330e-07  1.62185330e-07  1.62185330e-07  1.62185330e-07  5.53613045e-08  5.53613045e-08  2.19513555e-07  2.19513555e-07  2.19513555e-07  2.18744646e-07  2.18744646e-07  2.18744646e-07  2.19513555e-07  2.19513555e-07  2.19513555e-07  2.18744646e-07  2.18744646e-07  2.18744646e-07  1.60726494e-07  1.60726494e-07  1.60726494e-07  1.60726494e-07  5.53540047e-08  5.53540047e-08  2.32616084e-08  2.32616084e-08  2.32616084e-08  2.24101627e-08  2.24101627e-08  2.24101627e-08  2.32616084e-08  2.32616084e-08  2.32616084e-08  2.24101627e-08  2.24101627e-08  2.24101627e-08  2.16714995e-08  2.16714995e-08  2.16714995e-08  2.16714995e-08  8.98352197e-10  8.98352197e-10 
 2.39883292e+02  2.18642894e-07  2.18642894e-07  2.18642894e-07  2.17796469e-07  2.17796469e-07  2.17796469e-07  2.18642894e-07  2.18642894e-07  2.18642894e-07  2.17796469e-07  2.17796469e-07  2.17796469e-07  1.60362246e-07  1.60362246e-07  1.60362246e-07  1.60362246e-07  5.48286358e-08  5.48286358e-08  2.17400902e-07  2.17400902e-07  2.17400902e-07  2.16639394e-07  2.16639394e-07  2.16639394e-07  2.17400902e-07  2.17400902e-07  2.17400902e-07  2.16639394e-07  2.16639394e-07  2.16639394e-07  1.58886672e-07  1.58886672e-07  1.58886672e-07  1.58886672e-07  5.48212650e-08  5.48212650e-08  2.32616084e-08  2.32616084e-08  2.32616084e-08  2.24101626e-08  2.24101626e-08  2.24101626e-08  2.32616084e-08  2.32616084e-08  2.32616084e-08  2.24101626e-08  2.24101626e-08  2.24101626e-08  2.16714994e-08  2.16714994e-08  2.16714994e-08  2.16714994e-08  8.98352211e-10  8.98352211e-10 
 2.45470892e+02  2.16562573e-07  2.16562573e-07  2.16562573e-07  2.15722661e-07  2.15722661e-07  2.15722661e-07  2.16562573e-07  2.16562573e-07  2.16562573e-07  2.15722661e-07  2.15722661e-07  2.15722661e-07  1.58560412e-07  1.58560412e-07  1.58560412e-07  1.58560412e-07  5.43010949e-08  5.43010949e-08  2.15308582e-07  2.15308582e-07  2.15308582e-07  2.14554402e-07  2.14554402e-07  2.14554402e-07  2.15308582e-07  2.15308582e-07  2.15308582e-07  2.14554402e-07  2.14554402e-07  2.14554402e-07  1.57067911e-07  1.57067911e-07  1.57067911e-07  1.57067911e-07  5.42936525e-08  5.42936525e-08  2.32616083e-08  2.32616083e-08  2.32616083e-08  2.24101625e-08  2.24101625e-08  2.24101625e-08  2.32616083e-08  2.32616083e-08  2.32616083e-08  2.24101625e-08  2.24101625e-08  2.24101625e-08  2.16714993e-08  2.16714993e-08  2.16714993e-08  2.16714993e-08  8.98352224e-10  8.98352224e-10 
 2.51188643e+02  2.14502505e-07  2.14502505e-07  2.14502505e-07  2.13669027e-07  2.13669027e-07  2.13669027e-07  2.14502505e-07  2.14502505e-07  2.14502505e-07  2.13669027e-07  2.13669027e-07  2.13669027e-07  1.56779587e-07  1.56779587e-07  1.56779587e-07  1.56779587e-07  5.37786327e-08  5.37786327e-08  2.13236399e-07  2.13236399e-07  2.13236399e-07  2.12489478e-07  2.12489478e-07  2.12489478e-07  2.13236399e-07  2.13236399e-07  2.13236399e-07  2.12489478e-07  2.12489478e-07  2.12489478e-07  1.55269969e-07  1.55269969e-07  1.55269969e-07  1.55269969e-07  5.37711180e-08  5.37711180e-08  2.32616082e-08  2.32616082e-08  2.32616082e-08  2.24101625e-08  2.24101625e-08  2.24101625e-08  2.32616082e-08  2.32616082e-08  2.32616082e-08  2.24101625e-08  2.24101625e-08  2.24101625e-08  2.16714993e-08  2.16714993e-08  2.16714993e-08  2.16714993e-08  8.98352239e-10  8.98352239e-10 
 2.57039578e+02  2.12462495e-07  2.12462495e-07  2.12462495e-07  2.11635374e-07  2.11635374e-07  2.11635374e-07  2.12462495e-07  2.12462495e-07  2.12462495e-07  2.11635374e-07  2.11635374e-07  2.11635374e-07  1.55019535e-07  1.55019535e-07  1.55019535e-07  1.55019535e-07  5.32612002e-08  5.32612002e-08  2.11184159e-07  2.11184159e-07  2.11184159e-07  2.10444426e-07  2.10444426e-07  2.10444426e-07  2.11184159e-07  2.11184159e-07  2.11184159e-07  2.10444426e-07  2.10444426e-07  2.10444426e-07  1.53492608e-07  1.53492608e-07  1.53492608e-07  1.53492608e-07  5.32536125e-08  5.32536125e-08  2.32616081e-08  2.32616081e-08  2.32616081e-08  2.24101624e-08  2.24101624e-08  2.24101624e-08  2.32616081e-08  2.32616081e-08  2.32616081e-08  2.24101624e-08  2.24101624e-08  2.24101624e-08  2.16714992e-08  2.16714992e-08  2.16714992e-08  2.16714992e-08  8.98352254e-10  8.98352254e-10 
 2.63026799e+02  2.10442353e-07  2.10442353e-07  2.10442353e-07  2.09621512e-07  2.09621512e-07  2.09621512e-07  2.10442353e-07  2.10442353e-07  2.10442353e-07  2.09621512e-07  2.09621512e-07  2.09621512e-07  1.53280023e-07  1.53280023e-07  1.53280023e-07  1.53280023e-07  5.27487490e-08  5.27487490e-08  2.09151670e-07  2.09151670e-07  2.09151670e-07  2.08419057e-07  2.08419057e-07  2.08419057e-07  2.09151670e-07  2.09151670e-07  2.09151670e-07  2.08419057e-07  2.08419057e-07  2.08419057e-07  1.51735592e-07  1.51735592e-07  1.51735592e-07  1.51735592e-07  5.27410876e-08  5.27410876e-08  2.32616081e-08  2.32616081e-08  2.32616081e-08  2.24101623e-08  2.24101623e-08  2.24101623e-08  2.32616081e-08  2.32616081e-08  2.32616081e-08  2.24101623e-08  2.24101623e-08  2.24101623e-08  2.16714991e-08  2.16714991e-08  2.16714991e-08  2.16714991e-08  8.98352270e-10  8.98352270e-10 
 2.69153480e+02  2.08441889e-07  2.08441889e-07  2.08441889e-07  2.07627252e-07  2.07627252e-07  2.07627252e-07  2.08441889e-07  2.08441889e-07  2.08441889e-07  2.07627252e-07  2.07627252e-07  2.07627252e-07  1.51560820e-07  1.51560820e-07  1.51560820e-07  1.51560820e-07  5.22412313e-08  5.22412313e-08  2.07138743e-07  2.07138743e-07  2.07138743e-07  2.06413180e-07  2.06413180e-07  2.06413180e-07  2.07138743e-07  2.07138743e-07  2.07138743e-07  2.06413180e-07  2.06413180e-07  2.06413180e-07  1.49998689e-07  1.49998689e-07  1.49998689e-07  1.49998689e-07  5.22334954e-08  5.22334954e-08  2.32616080e-08  2.32616080e-08  2.32616080e-08  2.24101622e-08  2.24101622e-08  2.24101622e-08  2.32616080e-08  2.32616080e-08  2.32616080e-08  2.24101622e-08  2.24101622e-08  2.24101622e-08  2.16714990e-08  2.16714990e-08  2.16714990e-08  2.16714990e-08  8.98352287e-10  8.98352286e-10 
 2.75422870e+02  2.06460918e-07  2.06460918e-07  2.06460918e-07  2.05652408e-07  2.05652408e-07  2.05652408e-07  2.06460918e-07  2.06460918e-07  2.06460918e-07  2.05652408e-07  2.05652408e-07  2.05652408e-07  1.49861697e-07  1.49861697e-07  1.49861697e-07  1.49861697e-07  5.17385995e-08  5.17385995e-08  2.05145188e-07  2.05145188e-07  2.05145188e-07  2.04426608e-07  2.04426608e-07  2.04426608e-07  2.05145188e-07  2.05145188e-07  2.05145188e-07  2.04426608e-07  2.04426608e-07  2.04426608e-07  1.48281667e-07  1.48281667e-07  1.48281667e-07  1.48281667e-07  5.17307884e-08  5.17307884e-08  2.32616079e-08  2.32616079e-08  2.32616079e-08  2.24101622e-08  2.24101622e-08  2.24101622e-08  2.32616079e-08  2.32616079e-08  2.32616079e-08  2.24101622e-08  2.24101622e-08  2.24101622e-08  2.16714990e-08  2.16714990e-08  2.16714990e-08  2.16714990e-08  8.98352304e-10  8.98352304e-10 
 2.81838293e+02  2.04499253e-07  2.04499253e-07  2.04499253e-07  2.03696796e-07  2.03696796e-07  2.03696796e-07  2.04499253e-07  2.04499253e-07  2.04499253e-07  2.03696796e-07  2.03696796e-07  2.03696796e-07  1.48182430e-07  1.48182430e-07  1.48182430e-07  1.48182430e-07  5.12408067e-08  5.12408067e-08  2.03170819e-07  2.03170819e-07  2.03170819e-07  2.02459156e-07  2.02459156e-07  2.02459156e-07  2.03170819e-07  2.03170819e-07  2.03170819e-07  2.02459156e-07  2.02459156e-07  2.02459156e-07  1.46584300e-07  1.46584300e-07  1.46584300e-07  1.46584300e-07  5.12329197e-08  5.12329197e-08  2.32616078e-08  2.32616078e-08  2.32616078e-08  2.24101621e-08  2.24101621e-08  2.24101621e-08  2.32616078e-08  2.32616078e-08  2.32616078e-08  2.24101621e-08  2.24101621e-08  2.24101621e-08  2.16714989e-08  2.16714989e-08  2.16714989e-08  2.16714989e-08  8.98352322e-10  8.98352322e-10 
 2.88403150e+02  2.02556711e-07  2.02556711e-07  2.02556711e-07  2.01760231e-07  2.01760231e-07  2.01760231e-07  2.02556711e-07  2.02556711e-07  2.02556711e-07  2.01760231e-07  2.01760231e-07  2.01760231e-07  1.46522795e-07  1.46522795e-07  1.46522795e-07  1.46522795e-07  5.07478062e-08  5.07478062e-08  2.01215453e-07  2.01215453e-07  2.01215453e-07  2.00510638e-07  2.00510638e-07  2.00510638e-07  2.01215453e-07  2.01215453e-07  2.01215453e-07  2.00510638e-07  2.00510638e-07  2.00510638e-07  1.44906363e-07  1.44906363e-07  1.44906363e-07  1.44906363e-07  5.07398426e-08  5.07398426e-08  2.32616077e-08  2.32616077e-08  2.32616077e-08  2.24101620e-08  2.24101620e-08  2.24101620e-08  2.32616077e-08  2.32616077e-08  2.32616077e-08  2.24101620e-08  2.24101620e-08  2.24101620e-08  2.16714988e-08  2.16714988e-08  2.16714988e-08  2.16714988e-08  8.98352341e-10  8.98352341e-10 
 2.95120923e+02  2.00633109e-07  2.00633109e-07  2.00633109e-07  1.99842534e-07  1.99842534e-07  1.99842534e-07  2.00633109e-07  2.00633109e-07  2.00633109e-07  1.99842534e-07  1.99842534e-07  1.99842534e-07  1.44882573e-07  1.44882573e-07  1.44882573e-07  1.44882573e-07  5.02595520e-08  5.02595520e-08  1.99278905e-07  1.99278905e-07  1.99278905e-07  1.98580874e-07  1.98580874e-07  1.98580874e-07  1.99278905e-07  1.99278905e-07  1.99278905e-07  1.98580874e-07  1.98580874e-07  1.98580874e-07  1.43247633e-07  1.43247633e-07  1.43247633e-07  1.43247633e-07  5.02515110e-08  5.02515110e-08  2.32616076e-08  2.32616076e-08  2.32616076e-08  2.24101619e-08  2.24101619e-08  2.24101619e-08  2.32616076e-08  2.32616076e-08  2.32616076e-08  2.24101619e-08  2.24101619e-08  2.24101619e-08  2.16714987e-08  2.16714987e-08  2.16714987e-08  2.16714987e-08  8.98352361e-10  8.98352361e-10 
 3.01995172e+02  1.98728269e-07  1.98728269e-07  1.98728269e-07  1.97943524e-07  1.97943524e-07  1.97943524e-07  1.98728269e-07  1.98728269e-07  1.98728269e-07  1.97943524e-07  1.97943524e-07  1.97943524e-07  1.43261544e-07  1.43261544e-07  1.43261544e-07  1.43261544e-07  4.97759984e-08  4.97759984e-08  1.97360995e-07  1.97360995e-07  1.97360995e-07  1.96669682e-07  1.96669682e-07  1.96669682e-07  1.97360995e-07  1.97360995e-07  1.97360995e-07  1.96669682e-07  1.96669682e-07  1.96669682e-07  1.41607890e-07  1.41607890e-07  1.41607890e-07  1.41607890e-07  4.97678793e-08  4.97678793e-08  2.32616075e-08  2.32616075e-08  2.32616075e-08  2.24101618e-08  2.24101618e-08  2.24101618e-08  2.32616075e-08  2.32616075e-08  2.32616075e-08  2.24101618e-08  2.24101618e-08  2.24101618e-08  2.16714986e-08  2.16714986e-08  2.16714986e-08  2.16714986e-08  8.98352382e-10  8.98352382e-10 
 3.09029543e+02  1.96842012e-07  1.96842012e-07  1.96842012e-07  1.96063024e-07  1.96063024e-07  1.96063024e-07  1.96842012e-07  1.96842012e-07  1.96842012e-07  1.96063024e-07  1.96063024e-07  1.96063024e-07  1.41659495e-07  1.41659495e-07  1.41659495e-07  1.41659495e-07  4.92971003e-08  4.92971003e-08  1.95461544e-07  1.95461544e-07  1.95461544e-07  1.94776884e-07  1.94776884e-07  1.94776884e-07  1.95461544e-07  1.95461544e-07  1.95461544e-07  1.94776884e-07  1.94776884e-07  1.94776884e-07  1.39986918e-07  1.39986918e-07  1.39986918e-07  1.39986918e-07  4.92889023e-08  4.92889023e-08  2.32616074e-08  2.32616074e-08  2.32616074e-08  2.24101617e-08  2.24101617e-08  2.24101617e-08  2.32616074e-08  2.32616074e-08  2.32616074e-08  2.24101617e-08  2.24101617e-08  2.24101617e-08  2.16714985e-08  2.16714985e-08  2.16714985e-08  2.16714985e-08  8.98352404e-10  8.98352404e-10 
 3.16227766e+02  1.94974161e-07  1.94974161e-07  1.94974161e-07  1.94200858e-07  1.94200858e-07  1.94200858e-07  1.94974161e-07  1.94974161e-07  1.94974161e-07  1.94200858e-07  1.94200858e-07  1.94200858e-07  1.40076212e-07  1.40076212e-07  1.40076212e-07  1.40076212e-07  4.88228127e-08  4.88228127e-08  1.93580373e-07  1.93580373e-07  1.93580373e-07  1.92902302e-07  1.92902302e-07  1.92902302e-07  1.93580373e-07  1.93580373e-07  1.93580373e-07  1.92902302e-07  1.92902302e-07  1.92902302e-07  1.38384500e-07  1.38384500e-07  1.38384500e-07  1.38384500e-07  4.88145351e-08  4.88145351e-08  2.32616073e-08  2.32616073e-08  2.32616073e-08  2.24101616e-08  2.24101616e-08  2.24101616e-08  2.32616073e-08  2.32616073e-08  2.32616073e-08  2.24101616e-08  2.24101616e-08  2.24101616e-08  2.16714984e-08  2.16714984e-08  2.16714984e-08  2.16714984e-08  8.98352427e-10  8.98352427e-10 
 3.23593657e+02  1.93124541e-07  1.93124541e-07  1.93124541e-07  1.92356851e-07  1.92356851e-07  1.92356851e-07  1.93124541e-07  1.93124541e-07  1.93124541e-07  1.92356851e-07  1.92356851e-07  1.92356851e-07  1.38511486e-07  1.38511486e-07  1.38511486e-07  1.38511486e-07  4.83530914e-08  4.83530914e-08  1.91717307e-07  1.91717307e-07  1.91717307e-07  1.91045762e-07  1.91045762e-07  1.91045762e-07  1.91717307e-07  1.91717307e-07  1.91717307e-07  1.91045762e-07  1.91045762e-07  1.91045762e-07  1.36800425e-07  1.36800425e-07  1.36800425e-07  1.36800425e-07  4.83447333e-08  4.83447333e-08  2.32616072e-08  2.32616072e-08  2.32616072e-08  2.24101615e-08  2.24101615e-08  2.24101615e-08  2.32616072e-08  2.32616072e-08  2.32616072e-08  2.24101615e-08  2.24101615e-08  2.24101615e-08  2.16714983e-08  2.16714983e-08  2.16714983e-08  2.16714983e-08  8.98352451e-10  8.98352451e-10 
 3.31131121e+02  1.91292980e-07  1.91292980e-07  1.91292980e-07  1.90530832e-07  1.90530832e-07  1.90530832e-07  1.91292980e-07  1.91292980e-07  1.91292980e-07  1.90530832e-07  1.90530832e-07  1.90530832e-07  1.36965108e-07  1.36965108e-07  1.36965108e-07  1.36965108e-07  4.78878924e-08  4.78878924e-08  1.89872172e-07  1.89872172e-07  1.89872172e-07  1.89207090e-07  1.89207090e-07  1.89207090e-07  1.89872172e-07  1.89872172e-07  1.89872172e-07  1.89207090e-07  1.89207090e-07  1.89207090e-07  1.35234483e-07  1.35234483e-07  1.35234483e-07  1.35234483e-07  4.78794531e-08  4.78794531e-08  2.32616070e-08  2.32616070e-08  2.32616070e-08  2.24101613e-08  2.24101613e-08  2.24101613e-08  2.32616070e-08  2.32616070e-08  2.32616070e-08  2.24101613e-08  2.24101613e-08  2.24101613e-08  2.16714982e-08  2.16714982e-08  2.16714982e-08  2.16714982e-08  8.98352476e-10  8.98352476e-10 
 3.38844156e+02  1.89479306e-07  1.89479306e-07  1.89479306e-07  1.88722628e-07  1.88722628e-07  1.88722628e-07  1.89479306e-07  1.89479306e-07  1.89479306e-07  1.88722628e-07  1.88722628e-07  1.88722628e-07  1.35436873e-07  1.35436873e-07  1.35436873e-07  1.35436873e-07  4.74271722e-08  4.74271722e-08  1.88044794e-07  1.88044794e-07  1.88044794e-07  1.87386114e-07  1.87386114e-07  1.87386114e-07  1.88044794e-07  1.88044794e-07  1.88044794e-07  1.87386114e-07  1.87386114e-07  1.87386114e-07  1.33686466e-07  1.33686466e-07  1.33686466e-07  1.33686466e-07  4.74186509e-08  4.74186509e-08  2.32616069e-08  2.32616069e-08  2.32616069e-08  2.24101612e-08  2.24101612e-08  2.24101612e-08  2.32616069e-08  2.32616069e-08  2.32616069e-08  2.24101612e-08  2.24101612e-08  2.24101612e-08  2.16714980e-08  2.16714980e-08  2.16714980e-08  2.16714980e-08  8.98352503e-10  8.98352503e-10 
 3.46736850e+02  1.87683348e-07  1.87683348e-07  1.87683348e-07  1.86932072e-07  1.86932072e-07  1.86932072e-07  1.87683348e-07  1.87683348e-07  1.87683348e-07  1.86932072e-07  1.86932072e-07  1.86932072e-07  1.33926578e-07  1.33926578e-07  1.33926578e-07  1.33926578e-07  4.69708877e-08  4.69708877e-08  1.86235004e-07  1.86235004e-07  1.86235004e-07  1.85582663e-07  1.85582663e-07  1.85582663e-07  1.86235004e-07  1.86235004e-07  1.86235004e-07  1.85582663e-07  1.85582663e-07  1.85582663e-07  1.32156169e-07  1.32156169e-07  1.32156169e-07  1.32156169e-07  4.69622836e-08  4.69622836e-08  2.32616068e-08  2.32616068e-08  2.32616068e-08  2.24101611e-08  2.24101611e-08  2.24101611e-08  2.32616068e-08  2.32616068e-08  2.32616068e-08  2.24101611e-08  2.24101611e-08  2.24101611e-08  2.16714979e-08  2.16714979e-08  2.16714979e-08  2.16714979e-08  8.98352530e-10  8.98352530e-10 
 3.54813389e+02  1.85904940e-07  1.85904940e-07  1.85904940e-07  1.85158995e-07  1.85158995e-07  1.85158995e-07  1.85904940e-07  1.85904940e-07  1.85904940e-07  1.85158995e-07  1.85158995e-07  1.85158995e-07  1.32434023e-07  1.32434023e-07  1.32434023e-07  1.32434023e-07  4.65189962e-08  4.65189962e-08  1.84442632e-07  1.84442632e-07  1.84442632e-07  1.83796569e-07  1.83796569e-07  1.83796569e-07  1.84442632e-07  1.84442632e-07  1.84442632e-07  1.83796569e-07  1.83796569e-07  1.83796569e-07  1.30643389e-07  1.30643389e-07  1.30643389e-07  1.30643389e-07  4.65103086e-08  4.65103086e-08  2.32616066e-08  2.32616066e-08  2.32616066e-08  2.24101609e-08  2.24101609e-08  2.24101609e-08  2.32616066e-08  2.32616066e-08  2.32616066e-08  2.24101609e-08  2.24101609e-08  2.24101609e-08  2.16714978e-08  2.16714978e-08  2.16714978e-08  2.16714978e-08  8.98352559e-10  8.98352559e-10 
 3.63078055e+02  1.84143915e-07  1.84143915e-07  1.84143915e-07  1.83403232e-07  1.83403232e-07  1.83403232e-07  1.84143915e-07  1.84143915e-07  1.84143915e-07  1.83403232e-07  1.83403232e-07  1.83403232e-07  1.30959009e-07  1.30959009e-07  1.30959009e-07  1.30959009e-07  4.60714556e-08  4.60714556e-08  1.82667509e-07  1.82667509e-07  1.82667509e-07  1.82027664e-07  1.82027664e-07  1.82027664e-07  1.82667509e-07  1.82667509e-07  1.82667509e-07  1.82027664e-07  1.82027664e-07  1.82027664e-07  1.29147925e-07  1.29147925e-07  1.29147925e-07  1.29147925e-07  4.60626835e-08  4.60626835e-08  2.32616065e-08  2.32616065e-08  2.32616065e-08  2.24101608e-08  2.24101608e-08  2.24101608e-08  2.32616065e-08  2.32616065e-08  2.32616065e-08  2.24101608e-08  2.24101608e-08  2.24101608e-08  2.16714976e-08  2.16714976e-08  2.16714976e-08  2.16714976e-08  8.98352589e-10  8.98352589e-10 
 3.71535229e+02  1.82400108e-07  1.82400108e-07  1.82400108e-07  1.81664617e-07  1.81664617e-07  1.81664617e-07  1.82400108e-07  1.82400108e-07  1.82400108e-07  1.81664617e-07  1.81664617e-07  1.81664617e-07  1.29501340e-07  1.29501340e-07  1.29501340e-07  1.29501340e-07  4.56282239e-08  4.56282239e-08  1.80909471e-07  1.80909471e-07  1.80909471e-07  1.80275784e-07  1.80275784e-07  1.80275784e-07  1.80909471e-07  1.80909471e-07  1.80909471e-07  1.80275784e-07  1.80275784e-07  1.80275784e-07  1.27669580e-07  1.27669580e-07  1.27669580e-07  1.27669580e-07  4.56193666e-08  4.56193666e-08  2.32616063e-08  2.32616063e-08  2.32616063e-08  2.24101606e-08  2.24101606e-08  2.24101606e-08  2.32616063e-08  2.32616063e-08  2.32616063e-08  2.24101606e-08  2.24101606e-08  2.24101606e-08  2.16714975e-08  2.16714975e-08  2.16714975e-08  2.16714975e-08  8.98352621e-10  8.98352621e-10 
 3.80189396e+02  1.80673355e-07  1.80673355e-07  1.80673355e-07  1.79942989e-07  1.79942989e-07  1.79942989e-07  1.80673355e-07  1.80673355e-07  1.80673355e-07  1.79942989e-07  1.79942989e-07  1.79942989e-07  1.28060823e-07  1.28060823e-07  1.28060823e-07  1.28060823e-07  4.51892596e-08  4.51892596e-08  1.79168353e-07  1.79168353e-07  1.79168353e-07  1.78540764e-07  1.78540764e-07  1.78540764e-07  1.79168353e-07  1.79168353e-07  1.79168353e-07  1.78540764e-07  1.78540764e-07  1.78540764e-07  1.26208158e-07  1.26208158e-07  1.26208158e-07  1.26208158e-07  4.51803163e-08  4.51803163e-08  2.32616061e-08  2.32616061e-08  2.32616061e-08  2.24101605e-08  2.24101605e-08  2.24101605e-08  2.32616061e-08  2.32616061e-08  2.32616061e-08  2.24101605e-08  2.24101605e-08  2.24101605e-08  2.16714973e-08  2.16714973e-08  2.16714973e-08  2.16714973e-08  8.98352654e-10  8.98352654e-10 
 3.89045145e+02  1.78963495e-07  1.78963495e-07  1.78963495e-07  1.78238187e-07  1.78238187e-07  1.78238187e-07  1.78963495e-07  1.78963495e-07  1.78963495e-07  1.78238187e-07  1.78238187e-07  1.78238187e-07  1.26637267e-07  1.26637267e-07  1.26637267e-07  1.26637267e-07  4.47545218e-08  4.47545218e-08  1.77443991e-07  1.77443991e-07  1.77443991e-07  1.76822443e-07  1.76822443e-07  1.76822443e-07  1.77443991e-07  1.77443991e-07  1.77443991e-07  1.76822443e-07  1.76822443e-07  1.76822443e-07  1.24763464e-07  1.24763464e-07  1.24763464e-07  1.24763464e-07  4.47454916e-08  4.47454916e-08  2.32616060e-08  2.32616060e-08  2.32616060e-08  2.24101603e-08  2.24101603e-08  2.24101603e-08  2.32616060e-08  2.32616060e-08  2.32616060e-08  2.24101603e-08  2.24101603e-08  2.24101603e-08  2.16714972e-08  2.16714972e-08  2.16714972e-08  2.16714972e-08  8.98352689e-10  8.98352689e-10 
 3.98107171e+02  1.77270368e-07  1.77270368e-07  1.77270368e-07  1.76550050e-07  1.76550050e-07  1.76550050e-07  1.77270368e-07  1.77270368e-07  1.77270368e-07  1.76550050e-07  1.76550050e-07  1.76550050e-07  1.25230481e-07  1.25230481e-07  1.25230481e-07  1.25230481e-07  4.43239698e-08  4.43239698e-08  1.75736226e-07  1.75736226e-07  1.75736226e-07  1.75120659e-07  1.75120659e-07  1.75120659e-07  1.75736226e-07  1.75736226e-07  1.75736226e-07  1.75120659e-07  1.75120659e-07  1.75120659e-07  1.23335308e-07  1.23335308e-07  1.23335308e-07  1.23335308e-07  4.43148518e-08  4.43148518e-08  2.32616058e-08  2.32616058e-08  2.32616058e-08  2.24101601e-08  2.24101601e-08  2.24101601e-08  2.32616058e-08  2.32616058e-08  2.32616058e-08  2.24101601e-08  2.24101601e-08  2.24101601e-08  2.16714970e-08  2.16714970e-08  2.16714970e-08  2.16714970e-08  8.98352725e-10  8.98352725e-10 
 4.07380278e+02  1.75593816e-07  1.75593816e-07  1.75593816e-07  1.74878421e-07  1.74878421e-07  1.74878421e-07  1.75593816e-07  1.75593816e-07  1.75593816e-07  1.74878421e-07  1.74878421e-07  1.74878421e-07  1.23840280e-07  1.23840280e-07  1.23840280e-07  1.23840280e-07  4.38975632e-08  4.38975632e-08  1.74044896e-07  1.74044896e-07  1.74044896e-07  1.73435254e-07  1.73435254e-07  1.73435254e-07  1.74044896e-07  1.74044896e-07  1.74044896e-07  1.73435254e-07  1.73435254e-07  1.73435254e-07  1.21923499e-07  1.21923499e-07  1.21923499e-07  1.21923499e-07  4.38883567e-08  4.38883567e-08  2.32616056e-08  2.32616056e-08  2.32616056e-08  2.24101599e-08  2.24101599e-08  2.24101599e-08  2.32616056e-08  2.32616056e-08  2.32616056e-08  2.24101599e-08  2.24101599e-08  2.24101599e-08  2.16714968e-08  2.16714968e-08  2.16714968e-08  2.16714968e-08  8.98352763e-10  8.98352763e-10 
 4.16869383e+02  1.73933681e-07  1.73933681e-07  1.73933681e-07  1.73223143e-07  1.73223143e-07  1.73223143e-07  1.73933681e-07  1.73933681e-07  1.73933681e-07  1.73223143e-07  1.73223143e-07  1.73223143e-07  1.22466478e-07  1.22466478e-07  1.22466478e-07  1.22466478e-07  4.34752623e-08  4.34752623e-08  1.72369843e-07  1.72369843e-07  1.72369843e-07  1.71766069e-07  1.71766069e-07  1.71766069e-07  1.72369843e-07  1.72369843e-07  1.72369843e-07  1.71766069e-07  1.71766069e-07  1.71766069e-07  1.20527851e-07  1.20527851e-07  1.20527851e-07  1.20527851e-07  4.34659663e-08  4.34659663e-08  2.32616054e-08  2.32616054e-08  2.32616054e-08  2.24101598e-08  2.24101598e-08  2.24101598e-08  2.32616054e-08  2.32616054e-08  2.32616054e-08  2.24101598e-08  2.24101598e-08  2.24101598e-08  2.16714966e-08  2.16714966e-08  2.16714966e-08  2.16714966e-08  8.98352803e-10  8.98352803e-10 
 4.26579519e+02  1.72289808e-07  1.72289808e-07  1.72289808e-07  1.71584061e-07  1.71584061e-07  1.71584061e-07  1.72289808e-07  1.72289808e-07  1.72289808e-07  1.71584061e-07  1.71584061e-07  1.71584061e-07  1.21108893e-07  1.21108893e-07  1.21108893e-07  1.21108893e-07  4.30570275e-08  4.30570275e-08  1.70710912e-07  1.70710912e-07  1.70710912e-07  1.70112949e-07  1.70112949e-07  1.70112949e-07  1.70710912e-07  1.70710912e-07  1.70710912e-07  1.70112949e-07  1.70112949e-07  1.70112949e-07  1.19148179e-07  1.19148179e-07  1.19148179e-07  1.19148179e-07  4.30476412e-08  4.30476412e-08  2.32616052e-08  2.32616052e-08  2.32616052e-08  2.24101596e-08  2.24101596e-08  2.24101596e-08  2.32616052e-08  2.32616052e-08  2.32616052e-08  2.24101596e-08  2.24101596e-08  2.24101596e-08  2.16714964e-08  2.16714964e-08  2.16714964e-08  2.16714964e-08  8.98352845e-10  8.98352845e-10 
 4.36515832e+02  1.70662044e-07  1.70662044e-07  1.70662044e-07  1.69961022e-07  1.69961022e-07  1.69961022e-07  1.70662044e-07  1.70662044e-07  1.70662044e-07  1.69961022e-07  1.69961022e-07  1.69961022e-07  1.19767344e-07  1.19767344e-07  1.19767344e-07  1.19767344e-07  4.26428198e-08  4.26428198e-08  1.69067947e-07  1.69067947e-07  1.69067947e-07  1.68475738e-07  1.68475738e-07  1.68475738e-07  1.69067947e-07  1.69067947e-07  1.69067947e-07  1.68475738e-07  1.68475738e-07  1.68475738e-07  1.17784300e-07  1.17784300e-07  1.17784300e-07  1.17784300e-07  4.26333422e-08  4.26333422e-08  2.32616050e-08  2.32616050e-08  2.32616050e-08  2.24101593e-08  2.24101593e-08  2.24101593e-08  2.32616050e-08  2.32616050e-08  2.32616050e-08  2.24101593e-08  2.24101593e-08  2.24101593e-08  2.16714962e-08  2.16714962e-08  2.16714962e-08  2.16714962e-08  8.98352889e-10  8.98352889e-10 
 4.46683592e+02  1.69050235e-07  1.69050235e-07  1.69050235e-07  1.68353875e-07  1.68353875e-07  1.68353875e-07  1.69050235e-07  1.69050235e-07  1.69050235e-07  1.68353875e-07  1.68353875e-07  1.68353875e-07  1.18441653e-07  1.18441653e-07  1.18441653e-07  1.18441653e-07  4.22326003e-08  4.22326003e-08  1.67440794e-07  1.67440794e-07  1.67440794e-07  1.66854285e-07  1.66854285e-07  1.66854285e-07  1.67440794e-07  1.67440794e-07  1.67440794e-07  1.66854285e-07  1.66854285e-07  1.66854285e-07  1.16436033e-07  1.16436033e-07  1.16436033e-07  1.16436033e-07  4.22230306e-08  4.22230306e-08  2.32616047e-08  2.32616047e-08  2.32616047e-08  2.24101591e-08  2.24101591e-08  2.24101591e-08  2.32616047e-08  2.32616047e-08  2.32616047e-08  2.24101591e-08  2.24101591e-08  2.24101591e-08  2.16714960e-08  2.16714960e-08  2.16714960e-08  2.16714960e-08  8.98352934e-10  8.98352934e-10 
 4.57088190e+02  1.67454231e-07  1.67454231e-07  1.67454231e-07  1.66762467e-07  1.66762467e-07  1.66762467e-07  1.67454231e-07  1.67454231e-07  1.67454231e-07  1.66762467e-07  1.66762467e-07  1.66762467e-07  1.17131644e-07  1.17131644e-07  1.17131644e-07  1.17131644e-07  4.18263307e-08  4.18263307e-08  1.65829301e-07  1.65829301e-07  1.65829301e-07  1.65248437e-07  1.65248437e-07  1.65248437e-07  1.65829301e-07  1.65829301e-07  1.65829301e-07  1.65248437e-07  1.65248437e-07  1.65248437e-07  1.15103200e-07  1.15103200e-07  1.15103200e-07  1.15103200e-07  4.18166681e-08  4.18166681e-08  2.32616045e-08  2.32616045e-08  2.32616045e-08  2.24101589e-08  2.24101589e-08  2.24101589e-08  2.32616045e-08  2.32616045e-08  2.32616045e-08  2.24101589e-08  2.24101589e-08  2.24101589e-08  2.16714958e-08  2.16714958e-08  2.16714958e-08  2.16714958e-08  8.98352982e-10  8.98352982e-10 
 4.67735141e+02  1.65873883e-07  1.65873883e-07  1.65873883e-07  1.65186652e-07  1.65186652e-07  1.65186652e-07  1.65873883e-07  1.65873883e-07  1.65873883e-07  1.65186652e-07  1.65186652e-07  1.65186652e-07  1.15837141e-07  1.15837141e-07  1.15837141e-07  1.15837141e-07  4.14239730e-08  4.14239730e-08  1.64233318e-07  1.64233318e-07  1.64233318e-07  1.63658043e-07  1.63658043e-07  1.63658043e-07  1.64233318e-07  1.64233318e-07  1.64233318e-07  1.63658043e-07  1.63658043e-07  1.63658043e-07  1.13785623e-07  1.13785623e-07  1.13785623e-07  1.13785623e-07  4.14142165e-08  4.14142165e-08  2.32616042e-08  2.32616042e-08  2.32616042e-08  2.24101586e-08  2.24101586e-08  2.24101586e-08  2.32616042e-08  2.32616042e-08  2.32616042e-08  2.24101586e-08  2.24101586e-08  2.24101586e-08  2.16714956e-08  2.16714956e-08  2.16714956e-08  2.16714956e-08  8.98353033e-10  8.98353033e-10 
 4.78630092e+02  1.64309042e-07  1.64309042e-07  1.64309042e-07  1.63626280e-07  1.63626280e-07  1.63626280e-07  1.64309042e-07  1.64309042e-07  1.64309042e-07  1.63626280e-07  1.63626280e-07  1.63626280e-07  1.14557974e-07  1.14557974e-07  1.14557974e-07  1.14557974e-07  4.10254896e-08  4.10254896e-08  1.62652694e-07  1.62652694e-07  1.62652694e-07  1.62082956e-07  1.62082956e-07  1.62082956e-07  1.62652694e-07  1.62652694e-07  1.62652694e-07  1.62082956e-07  1.62082956e-07  1.62082956e-07  1.12483129e-07  1.12483129e-07  1.12483129e-07  1.12483129e-07  4.10156384e-08  4.10156384e-08  2.32616040e-08  2.32616040e-08  2.32616040e-08  2.24101584e-08  2.24101584e-08  2.24101584e-08  2.32616040e-08  2.32616040e-08  2.32616040e-08  2.24101584e-08  2.24101584e-08  2.24101584e-08  2.16714953e-08  2.16714953e-08  2.16714953e-08  2.16714953e-08  8.98353085e-10  8.98353085e-10 
 4.89778819e+02  1.62759562e-07  1.62759562e-07  1.62759562e-07  1.62081206e-07  1.62081206e-07  1.62081206e-07  1.62759562e-07  1.62759562e-07  1.62759562e-07  1.62081206e-07  1.62081206e-07  1.62081206e-07  1.13293972e-07  1.13293972e-07  1.13293972e-07  1.13293972e-07  4.06308433e-08  4.06308433e-08  1.61087283e-07  1.61087283e-07  1.61087283e-07  1.60523028e-07  1.60523028e-07  1.60523028e-07  1.61087283e-07  1.61087283e-07  1.61087283e-07  1.60523028e-07  1.60523028e-07  1.60523028e-07  1.11195544e-07  1.11195544e-07  1.11195544e-07  1.11195544e-07  4.06208963e-08  4.06208963e-08  2.32616037e-08  2.32616037e-08  2.32616037e-08  2.24101581e-08  2.24101581e-08  2.24101581e-08  2.32616037e-08  2.32616037e-08  2.32616037e-08  2.24101581e-08  2.24101581e-08  2.24101581e-08  2.16714951e-08  2.16714951e-08  2.16714951e-08  2.16714951e-08  8.98353140e-10  8.98353140e-10 
 5.01187234e+02  1.61225298e-07  1.61225298e-07  1.61225298e-07  1.60551286e-07  1.60551286e-07  1.60551286e-07  1.61225298e-07  1.61225298e-07  1.61225298e-07  1.60551286e-07  1.60551286e-07  1.60551286e-07  1.12044967e-07  1.12044967e-07  1.12044967e-07  1.12044967e-07  4.02399970e-08  4.02399970e-08  1.59536937e-07  1.59536937e-07  1.59536937e-07  1.58978113e-07  1.58978113e-07  1.58978113e-07  1.59536937e-07  1.59536937e-07  1.59536937e-07  1.58978113e-07  1.58978113e-07  1.58978113e-07  1.09922697e-07  1.09922697e-07  1.09922697e-07  1.09922697e-07  4.02299534e-08  4.02299534e-08  2.32616034e-08  2.32616034e-08  2.32616034e-08  2.24101578e-08  2.24101578e-08  2.24101578e-08  2.32616034e-08  2.32616034e-08  2.32616034e-08  2.24101578e-08  2.24101578e-08  2.24101578e-08  2.16714948e-08  2.16714948e-08  2.16714948e-08  2.16714948e-08  8.98353198e-10  8.98353198e-10 
 5.12861384e+02  1.59706106e-07  1.59706106e-07  1.59706106e-07  1.59036375e-07  1.59036375e-07  1.59036375e-07  1.59706106e-07  1.59706106e-07  1.59706106e-07  1.59036375e-07  1.59036375e-07  1.59036375e-07  1.10810792e-07  1.10810792e-07  1.10810792e-07  1.10810792e-07  3.98529143e-08  3.98529143e-08  1.58001513e-07  1.58001513e-07  1.58001513e-07  1.57448067e-07  1.57448067e-07  1.57448067e-07  1.58001513e-07  1.58001513e-07  1.58001513e-07  1.57448067e-07  1.57448067e-07  1.57448067e-07  1.08664421e-07  1.08664421e-07  1.08664421e-07  1.08664421e-07  3.98427732e-08  3.98427732e-08  2.32616031e-08  2.32616031e-08  2.32616031e-08  2.24101576e-08  2.24101576e-08  2.24101576e-08  2.32616031e-08  2.32616031e-08  2.32616031e-08  2.24101576e-08  2.24101576e-08  2.24101576e-08  2.16714945e-08  2.16714945e-08  2.16714945e-08  2.16714945e-08  8.98353258e-10  8.98353258e-10 
 5.24807460e+02  1.58201844e-07  1.58201844e-07  1.58201844e-07  1.57536332e-07  1.57536332e-07  1.57536332e-07  1.58201844e-07  1.58201844e-07  1.58201844e-07  1.57536332e-07  1.57536332e-07  1.57536332e-07  1.09591284e-07  1.09591284e-07  1.09591284e-07  1.09591284e-07  3.94695590e-08  3.94695590e-08  1.56480865e-07  1.56480865e-07  1.56480865e-07  1.55932746e-07  1.55932746e-07  1.55932746e-07  1.56480865e-07  1.56480865e-07  1.56480865e-07  1.55932746e-07  1.55932746e-07  1.55932746e-07  1.07420548e-07  1.07420548e-07  1.07420548e-07  1.07420548e-07  3.94593193e-08  3.94593193e-08  2.32616028e-08  2.32616028e-08  2.32616028e-08  2.24101573e-08  2.24101573e-08  2.24101573e-08  2.32616028e-08  2.32616028e-08  2.32616028e-08  2.24101573e-08  2.24101573e-08  2.24101573e-08  2.16714942e-08  2.16714942e-08  2.16714942e-08  2.16714942e-08  8.98353321e-10  8.98353321e-10 
 5.37031796e+02  1.56712371e-07  1.56712371e-07  1.56712371e-07  1.56051018e-07  1.56051018e-07  1.56051018e-07  1.56712371e-07  1.56712371e-07  1.56712371e-07  1.56051018e-07  1.56051018e-07  1.56051018e-07  1.08386279e-07  1.08386279e-07  1.08386279e-07  1.08386279e-07  3.90898952e-08  3.90898952e-08  1.54974853e-07  1.54974853e-07  1.54974853e-07  1.54432009e-07  1.54432009e-07  1.54432009e-07  1.54974853e-07  1.54974853e-07  1.54974853e-07  1.54432009e-07  1.54432009e-07  1.54432009e-07  1.06190914e-07  1.06190914e-07  1.06190914e-07  1.06190914e-07  3.90795561e-08  3.90795561e-08  2.32616025e-08  2.32616025e-08  2.32616025e-08  2.24101569e-08  2.24101569e-08  2.24101569e-08  2.32616025e-08  2.32616025e-08  2.32616025e-08  2.24101569e-08  2.24101569e-08  2.24101569e-08  2.16714939e-08  2.16714939e-08  2.16714939e-08  2.16714939e-08  8.98353388e-10  8.98353387e-10 
 5.49540874e+02  1.55237548e-07  1.55237548e-07  1.55237548e-07  1.54580291e-07  1.54580291e-07  1.54580291e-07  1.55237548e-07  1.55237548e-07  1.55237548e-07  1.54580291e-07  1.54580291e-07  1.54580291e-07  1.07195617e-07  1.07195617e-07  1.07195617e-07  1.07195617e-07  3.87138875e-08  3.87138874e-08  1.53483335e-07  1.53483335e-07  1.53483335e-07  1.52945715e-07  1.52945715e-07  1.52945715e-07  1.53483335e-07  1.53483335e-07  1.53483335e-07  1.52945715e-07  1.52945715e-07  1.52945715e-07  1.04975355e-07  1.04975355e-07  1.04975355e-07  1.04975355e-07  3.87034478e-08  3.87034478e-08  2.32616021e-08  2.32616021e-08  2.32616021e-08  2.24101566e-08  2.24101566e-08  2.24101566e-08  2.32616021e-08  2.32616021e-08  2.32616021e-08  2.24101566e-08  2.24101566e-08  2.24101566e-08  2.16714936e-08  2.16714936e-08  2.16714936e-08  2.16714936e-08  8.98353457e-10  8.98353457e-10 
 5.62341325e+02  1.53777236e-07  1.53777236e-07  1.53777236e-07  1.53124016e-07  1.53124016e-07  1.53124016e-07  1.53777236e-07  1.53777236e-07  1.53777236e-07  1.53124016e-07  1.53124016e-07  1.53124016e-07  1.06019141e-07  1.06019141e-07  1.06019141e-07  1.06019141e-07  3.83415005e-08  3.83415005e-08  1.52006171e-07  1.52006171e-07  1.52006171e-07  1.51473726e-07  1.51473726e-07  1.51473726e-07  1.52006171e-07  1.52006171e-07  1.52006171e-07  1.51473726e-07  1.51473726e-07  1.51473726e-07  1.03773711e-07  1.03773711e-07  1.03773711e-07  1.03773711e-07  3.83309595e-08  3.83309595e-08  2.32616018e-08  2.32616018e-08  2.32616018e-08  2.24101562e-08  2.24101562e-08  2.24101562e-08  2.32616018e-08  2.32616018e-08  2.32616018e-08  2.24101562e-08  2.24101562e-08  2.24101562e-08  2.16714933e-08  2.16714933e-08  2.16714933e-08  2.16714933e-08  8.98353529e-10  8.98353529e-10 
 5.75439937e+02  1.52331299e-07  1.52331299e-07  1.52331299e-07  1.51682055e-07  1.51682055e-07  1.51682055e-07  1.52331299e-07  1.52331299e-07  1.52331299e-07  1.51682055e-07  1.51682055e-07  1.51682055e-07  1.04856692e-07  1.04856692e-07  1.04856692e-07  1.04856692e-07  3.79726996e-08  3.79726996e-08  1.50543224e-07  1.50543224e-07  1.50543224e-07  1.50015903e-07  1.50015903e-07  1.50015903e-07  1.50543224e-07  1.50543224e-07  1.50543224e-07  1.50015903e-07  1.50015903e-07  1.50015903e-07  1.02585821e-07  1.02585821e-07  1.02585821e-07  1.02585821e-07  3.79620561e-08  3.79620561e-08  2.32616014e-08  2.32616014e-08  2.32616014e-08  2.24101559e-08  2.24101559e-08  2.24101559e-08  2.32616014e-08  2.32616014e-08  2.32616014e-08  2.24101559e-08  2.24101559e-08  2.24101559e-08  2.16714929e-08  2.16714929e-08  2.16714929e-08  2.16714929e-08  8.98353605e-10  8.98353605e-10 
 5.88843655e+02  1.50899600e-07  1.50899600e-07  1.50899600e-07  1.50254274e-07  1.50254274e-07  1.50254274e-07  1.50899600e-07  1.50899600e-07  1.50899600e-07  1.50254274e-07  1.50254274e-07  1.50254274e-07  1.03708116e-07  1.03708116e-07  1.03708116e-07  1.03708116e-07  3.76074502e-08  3.76074502e-08  1.49094356e-07  1.49094356e-07  1.49094356e-07  1.48572111e-07  1.48572111e-07  1.48572111e-07  1.49094356e-07  1.49094356e-07  1.49094356e-07  1.48572111e-07  1.48572111e-07  1.48572111e-07  1.01411529e-07  1.01411529e-07  1.01411529e-07  1.01411529e-07  3.75967033e-08  3.75967033e-08  2.32616010e-08  2.32616010e-08  2.32616010e-08  2.24101555e-08  2.24101555e-08  2.24101555e-08  2.32616010e-08  2.32616010e-08  2.32616010e-08  2.24101555e-08  2.24101555e-08  2.24101555e-08  2.16714925e-08  2.16714925e-08  2.16714925e-08  2.16714925e-08  8.98353685e-10  8.98353685e-10 
 6.02559586e+02  1.49482007e-07  1.49482007e-07  1.49482007e-07  1.48840538e-07  1.48840538e-07  1.48840538e-07  1.49482007e-07  1.49482007e-07  1.49482007e-07  1.48840538e-07  1.48840538e-07  1.48840538e-07  1.02573261e-07  1.02573261e-07  1.02573261e-07  1.02573261e-07  3.72457182e-08  3.72457182e-08  1.47659433e-07  1.47659433e-07  1.47659433e-07  1.47142214e-07  1.47142214e-07  1.47142214e-07  1.47659433e-07  1.47659433e-07  1.47659433e-07  1.47142214e-07  1.47142214e-07  1.47142214e-07  1.00250679e-07  1.00250679e-07  1.00250679e-07  1.00250679e-07  3.72348669e-08  3.72348669e-08  2.32616006e-08  2.32616006e-08  2.32616006e-08  2.24101551e-08  2.24101551e-08  2.24101551e-08  2.32616006e-08  2.32616006e-08  2.32616006e-08  2.24101551e-08  2.24101551e-08  2.24101551e-08  2.16714921e-08  2.16714921e-08  2.16714921e-08  2.16714921e-08  8.98353768e-10  8.98353768e-10 
 6.16595002e+02  1.48078386e-07  1.48078386e-07  1.48078386e-07  1.47440715e-07  1.47440715e-07  1.47440715e-07  1.48078386e-07  1.48078386e-07  1.48078386e-07  1.47440715e-07  1.47440715e-07  1.47440715e-07  1.01451974e-07  1.01451974e-07  1.01451974e-07  1.01451974e-07  3.68874697e-08  3.68874697e-08  1.46238320e-07  1.46238320e-07  1.46238320e-07  1.45726078e-07  1.45726078e-07  1.45726078e-07  1.46238320e-07  1.46238320e-07  1.46238320e-07  1.45726078e-07  1.45726078e-07  1.45726078e-07  9.91031173e-08  9.91031173e-08  9.91031173e-08  9.91031173e-08  3.68765130e-08  3.68765130e-08  2.32616001e-08  2.32616001e-08  2.32616001e-08  2.24101547e-08  2.24101547e-08  2.24101547e-08  2.32616001e-08  2.32616001e-08  2.32616001e-08  2.24101547e-08  2.24101547e-08  2.24101547e-08  2.16714917e-08  2.16714917e-08  2.16714917e-08  2.16714917e-08  8.98353856e-10  8.98353855e-10 
 6.30957344e+02  1.46688606e-07  1.46688606e-07  1.46688606e-07  1.46054675e-07  1.46054675e-07  1.46054675e-07  1.46688606e-07  1.46688606e-07  1.46688606e-07  1.46054675e-07  1.46054675e-07  1.46054675e-07  1.00344106e-07  1.00344106e-07  1.00344106e-07  1.00344106e-07  3.65326712e-08  3.65326712e-08  1.44830884e-07  1.44830884e-07  1.44830884e-07  1.44323572e-07  1.44323572e-07  1.44323572e-07  1.44830884e-07  1.44830884e-07  1.44830884e-07  1.44323572e-07  1.44323572e-07  1.44323572e-07  9.79686914e-08  9.79686914e-08  9.79686914e-08  9.79686914e-08  3.65216081e-08  3.65216081e-08  2.32615997e-08  2.32615997e-08  2.32615997e-08  2.24101542e-08  2.24101542e-08  2.24101542e-08  2.32615997e-08  2.32615997e-08  2.32615997e-08  2.24101542e-08  2.24101542e-08  2.24101542e-08  2.16714913e-08  2.16714913e-08  2.16714913e-08  2.16714913e-08  8.98353947e-10  8.98353947e-10 
 6.45654229e+02  1.45312536e-07  1.45312536e-07  1.45312536e-07  1.44682286e-07  1.44682286e-07  1.44682286e-07  1.45312536e-07  1.45312536e-07  1.45312536e-07  1.44682286e-07  1.44682286e-07  1.44682286e-07  9.92495095e-08  9.92495095e-08  9.92495095e-08  9.92495095e-08  3.61812897e-08  3.61812897e-08  1.43436993e-07  1.43436993e-07  1.43436993e-07  1.42934564e-07  1.42934564e-07  1.42934564e-07  1.43436993e-07  1.43436993e-07  1.43436993e-07  1.42934564e-07  1.42934564e-07  1.42934564e-07  9.68472510e-08  9.68472510e-08  9.68472510e-08  9.68472510e-08  3.61701190e-08  3.61701190e-08  2.32615992e-08  2.32615992e-08  2.32615992e-08  2.24101538e-08  2.24101538e-08  2.24101538e-08  2.32615992e-08  2.32615992e-08  2.32615992e-08  2.24101538e-08  2.24101538e-08  2.24101538e-08  2.16714909e-08  2.16714909e-08  2.16714909e-08  2.16714909e-08  8.98354042e-10  8.98354042e-10 
 6.60693448e+02  1.43950047e-07  1.43950047e-07  1.43950047e-07  1.43323422e-07  1.43323422e-07  1.43323422e-07  1.43950047e-07  1.43950047e-07  1.43950047e-07  1.43323422e-07  1.43323422e-07  1.43323422e-07  9.81680382e-08  9.81680382e-08  9.81680382e-08  9.81680382e-08  3.58332921e-08  3.58332921e-08  1.42056517e-07  1.42056517e-07  1.42056517e-07  1.41558923e-07  1.41558923e-07  1.41558923e-07  1.42056517e-07  1.42056517e-07  1.42056517e-07  1.41558923e-07  1.41558923e-07  1.41558923e-07  9.57386477e-08  9.57386477e-08  9.57386477e-08  9.57386477e-08  3.58220129e-08  3.58220129e-08  2.32615987e-08  2.32615987e-08  2.32615987e-08  2.24101533e-08  2.24101533e-08  2.24101533e-08  2.32615987e-08  2.32615987e-08  2.32615987e-08  2.24101533e-08  2.24101533e-08  2.24101533e-08  2.16714904e-08  2.16714904e-08  2.16714904e-08  2.16714904e-08  8.98354143e-10  8.98354143e-10 
 6.76082975e+02  1.42601013e-07  1.42601013e-07  1.42601013e-07  1.41977954e-07  1.41977954e-07  1.41977954e-07  1.42601013e-07  1.42601013e-07  1.42601013e-07  1.41977954e-07  1.41977954e-07  1.41977954e-07  9.70995479e-08  9.70995479e-08  9.70995479e-08  9.70995479e-08  3.54886460e-08  3.54886460e-08  1.40689327e-07  1.40689327e-07  1.40689327e-07  1.40196522e-07  1.40196522e-07  1.40196522e-07  1.40689327e-07  1.40689327e-07  1.40689327e-07  1.40196522e-07  1.40196522e-07  1.40196522e-07  9.46427343e-08  9.46427343e-08  9.46427343e-08  9.46427343e-08  3.54772573e-08  3.54772573e-08  2.32615982e-08  2.32615982e-08  2.32615982e-08  2.24101528e-08  2.24101528e-08  2.24101528e-08  2.32615982e-08  2.32615982e-08  2.32615982e-08  2.24101528e-08  2.24101528e-08  2.24101528e-08  2.16714899e-08  2.16714899e-08  2.16714899e-08  2.16714899e-08  8.98354248e-10  8.98354247e-10 
 6.91830971e+02  1.41265306e-07  1.41265306e-07  1.41265306e-07  1.40645756e-07  1.40645756e-07  1.40645756e-07  1.41265306e-07  1.41265306e-07  1.41265306e-07  1.40645756e-07  1.40645756e-07  1.40645756e-07  9.60438959e-08  9.60438959e-08  9.60438959e-08  9.60438959e-08  3.51473191e-08  3.51473191e-08  1.39335295e-07  1.39335295e-07  1.39335295e-07  1.38847233e-07  1.38847233e-07  1.38847233e-07  1.39335295e-07  1.39335295e-07  1.39335295e-07  1.38847233e-07  1.38847233e-07  1.38847233e-07  9.35593657e-08  9.35593657e-08  9.35593657e-08  9.35593657e-08  3.51358197e-08  3.51358197e-08  2.32615976e-08  2.32615976e-08  2.32615976e-08  2.24101523e-08  2.24101523e-08  2.24101523e-08  2.32615976e-08  2.32615976e-08  2.32615976e-08  2.24101523e-08  2.24101523e-08  2.24101523e-08  2.16714894e-08  2.16714894e-08  2.16714894e-08  2.16714894e-08  8.98354357e-10  8.98354357e-10 
 7.07945784e+02  1.39942801e-07  1.39942801e-07  1.39942801e-07  1.39326704e-07  1.39326704e-07  1.39326704e-07  1.39942801e-07  1.39942801e-07  1.39942801e-07  1.39326704e-07  1.39326704e-07  1.39326704e-07  9.50009411e-08  9.50009411e-08  9.50009411e-08  9.50009411e-08  3.48092795e-08  3.48092795e-08  1.37994295e-07  1.37994295e-07  1.37994295e-07  1.37510930e-07  1.37510930e-07  1.37510930e-07  1.37994295e-07  1.37994295e-07  1.37994295e-07  1.37510930e-07  1.37510930e-07  1.37510930e-07  9.24883982e-08  9.24883982e-08  9.24883982e-08  9.24883982e-08  3.47976685e-08  3.47976685e-08  2.32615970e-08  2.32615970e-08  2.32615970e-08  2.24101517e-08  2.24101517e-08  2.24101517e-08  2.32615970e-08  2.32615970e-08  2.32615970e-08  2.24101517e-08  2.24101517e-08  2.24101517e-08  2.16714889e-08  2.16714889e-08  2.16714889e-08  2.16714889e-08  8.98354472e-10  8.98354472e-10 
 7.24435960e+02  1.38633374e-07  1.38633374e-07  1.38633374e-07  1.38020673e-07  1.38020673e-07  1.38020673e-07  1.38633374e-07  1.38633374e-07  1.38633374e-07  1.38020673e-07  1.38020673e-07  1.38020673e-07  9.39705442e-08  9.39705442e-08  9.39705442e-08  9.39705442e-08  3.44744956e-08  3.44744956e-08  1.36666200e-07  1.36666200e-07  1.36666200e-07  1.36187488e-07  1.36187488e-07  1.36187488e-07  1.36666200e-07  1.36666200e-07  1.36666200e-07  1.36187488e-07  1.36187488e-07  1.36187488e-07  9.14296898e-08  9.14296898e-08  9.14296898e-08  9.14296898e-08  3.44627718e-08  3.44627718e-08  2.32615964e-08  2.32615964e-08  2.32615964e-08  2.24101511e-08  2.24101511e-08  2.24101511e-08  2.32615964e-08  2.32615964e-08  2.32615964e-08  2.24101511e-08  2.24101511e-08  2.24101511e-08  2.16714883e-08  2.16714883e-08  2.16714883e-08  2.16714883e-08  8.98354593e-10  8.98354593e-10 
 7.41310241e+02  1.37336903e-07  1.37336903e-07  1.37336903e-07  1.36727542e-07  1.36727542e-07  1.36727542e-07  1.37336903e-07  1.37336903e-07  1.37336903e-07  1.36727542e-07  1.36727542e-07  1.36727542e-07  9.29525674e-08  9.29525674e-08  9.29525674e-08  9.29525674e-08  3.41429362e-08  3.41429362e-08  1.35350888e-07  1.35350888e-07  1.35350888e-07  1.34876782e-07  1.34876782e-07  1.34876782e-07  1.35350888e-07  1.35350888e-07  1.35350888e-07  1.34876782e-07  1.34876782e-07  1.34876782e-07  9.03831004e-08  9.03831004e-08  9.03831004e-08  9.03831004e-08  3.41310984e-08  3.41310984e-08  2.32615958e-08  2.32615958e-08  2.32615958e-08  2.24101505e-08  2.24101505e-08  2.24101505e-08  2.32615958e-08  2.32615958e-08  2.32615958e-08  2.24101505e-08  2.24101505e-08  2.24101505e-08  2.16714877e-08  2.16714877e-08  2.16714877e-08  2.16714877e-08  8.98354719e-10  8.98354719e-10 
 7.58577575e+02  1.36053265e-07  1.36053265e-07  1.36053265e-07  1.35447190e-07  1.35447190e-07  1.35447190e-07  1.36053265e-07  1.36053265e-07  1.36053265e-07  1.35447190e-07  1.35447190e-07  1.35447190e-07  9.19468748e-08  9.19468748e-08  9.19468748e-08  9.19468748e-08  3.38145701e-08  3.38145701e-08  1.34048234e-07  1.34048234e-07  1.34048234e-07  1.33578691e-07  1.33578691e-07  1.33578691e-07  1.34048234e-07  1.34048234e-07  1.34048234e-07  1.33578691e-07  1.33578691e-07  1.33578691e-07  8.93484911e-08  8.93484911e-08  8.93484911e-08  8.93484911e-08  3.38026173e-08  3.38026173e-08  2.32615951e-08  2.32615951e-08  2.32615951e-08  2.24101499e-08  2.24101499e-08  2.24101499e-08  2.32615951e-08  2.32615951e-08  2.32615951e-08  2.24101499e-08  2.24101499e-08  2.24101499e-08  2.16714871e-08  2.16714871e-08  2.16714871e-08  2.16714871e-08  8.98354851e-10  8.98354851e-10 
 7.76247117e+02  1.34782341e-07  1.34782341e-07  1.34782341e-07  1.34179495e-07  1.34179495e-07  1.34179495e-07  1.34782341e-07  1.34782341e-07  1.34782341e-07  1.34179495e-07  1.34179495e-07  1.34179495e-07  9.09533317e-08  9.09533317e-08  9.09533317e-08  9.09533317e-08  3.34893667e-08  3.34893667e-08  1.32758117e-07  1.32758117e-07  1.32758117e-07  1.32293093e-07  1.32293093e-07  1.32293093e-07  1.32758117e-07  1.32758117e-07  1.32758117e-07  1.32293093e-07  1.32293093e-07  1.32293093e-07  8.83257247e-08  8.83257247e-08  8.83257247e-08  8.83257247e-08  3.34772978e-08  3.34772978e-08  2.32615945e-08  2.32615945e-08  2.32615945e-08  2.24101492e-08  2.24101492e-08  2.24101492e-08  2.32615945e-08  2.32615945e-08  2.32615945e-08  2.24101492e-08  2.24101492e-08  2.24101492e-08  2.16714864e-08  2.16714864e-08  2.16714864e-08  2.16714864e-08  8.98354989e-10  8.98354989e-10 
 7.94328235e+02  1.33524012e-07  1.33524012e-07  1.33524012e-07  1.32924340e-07  1.32924340e-07  1.32924340e-07  1.33524012e-07  1.33524012e-07  1.33524012e-07  1.32924340e-07  1.32924340e-07  1.32924340e-07  8.99718052e-08  8.99718052e-08  8.99718052e-08  8.99718052e-08  3.31672955e-08  3.31672955e-08  1.31480416e-07  1.31480416e-07  1.31480416e-07  1.31019868e-07  1.31019868e-07  1.31019868e-07  1.31480416e-07  1.31480416e-07  1.31480416e-07  1.31019868e-07  1.31019868e-07  1.31019868e-07  8.73146658e-08  8.73146658e-08  8.73146658e-08  8.73146658e-08  3.31551094e-08  3.31551094e-08  2.32615937e-08  2.32615937e-08  2.32615937e-08  2.24101485e-08  2.24101485e-08  2.24101485e-08  2.32615937e-08  2.32615937e-08  2.32615937e-08  2.24101485e-08  2.24101485e-08  2.24101485e-08  2.16714858e-08  2.16714858e-08  2.16714858e-08  2.16714858e-08  8.98355134e-10  8.98355134e-10 
 8.12830516e+02  1.32278159e-07  1.32278159e-07  1.32278159e-07  1.31681607e-07  1.31681607e-07  1.31681607e-07  1.32278159e-07  1.32278159e-07  1.32278159e-07  1.31681607e-07  1.31681607e-07  1.31681607e-07  8.90021639e-08  8.90021639e-08  8.90021639e-08  8.90021639e-08  3.28483266e-08  3.28483266e-08  1.30215012e-07  1.30215012e-07  1.30215012e-07  1.29758897e-07  1.29758897e-07  1.29758897e-07  1.30215012e-07  1.30215012e-07  1.30215012e-07  1.29758897e-07  1.29758897e-07  1.29758897e-07  8.63151802e-08  8.63151802e-08  8.63151802e-08  8.63151802e-08  3.28360221e-08  3.28360221e-08  2.32615930e-08  2.32615930e-08  2.32615930e-08  2.24101478e-08  2.24101478e-08  2.24101478e-08  2.32615930e-08  2.32615930e-08  2.32615930e-08  2.24101478e-08  2.24101478e-08  2.24101478e-08  2.16714851e-08  2.16714851e-08  2.16714851e-08  2.16714851e-08  8.98355286e-10  8.98355286e-10 
 8.31763771e+02  1.31044665e-07  1.31044665e-07  1.31044665e-07  1.30451178e-07  1.30451178e-07  1.30451178e-07  1.31044665e-07  1.31044665e-07  1.31044665e-07  1.30451178e-07  1.30451178e-07  1.30451178e-07  8.80442780e-08  8.80442780e-08  8.80442780e-08  8.80442780e-08  3.25324299e-08  3.25324299e-08  1.28961786e-07  1.28961786e-07  1.28961786e-07  1.28510061e-07  1.28510061e-07  1.28510061e-07  1.28961786e-07  1.28961786e-07  1.28961786e-07  1.28510061e-07  1.28510061e-07  1.28510061e-07  8.53271356e-08  8.53271356e-08  8.53271356e-08  8.53271356e-08  3.25200059e-08  3.25200059e-08  2.32615922e-08  2.32615922e-08  2.32615922e-08  2.24101470e-08  2.24101470e-08  2.24101470e-08  2.32615922e-08  2.32615922e-08  2.32615922e-08  2.24101470e-08  2.24101470e-08  2.24101470e-08  2.16714843e-08  2.16714843e-08  2.16714843e-08  2.16714843e-08  8.98355444e-10  8.98355444e-10 
 8.51138038e+02  1.29823415e-07  1.29823415e-07  1.29823415e-07  1.29232940e-07  1.29232940e-07  1.29232940e-07  1.29823415e-07  1.29823415e-07  1.29823415e-07  1.29232940e-07  1.29232940e-07  1.29232940e-07  8.70980190e-08  8.70980190e-08  8.70980190e-08  8.70980190e-08  3.22195761e-08  3.22195761e-08  1.27720622e-07  1.27720622e-07  1.27720622e-07  1.27273244e-07  1.27273244e-07  1.27273244e-07  1.27720622e-07  1.27720622e-07  1.27720622e-07  1.27273244e-07  1.27273244e-07  1.27273244e-07  8.43504010e-08  8.43504010e-08  8.43504010e-08  8.43504010e-08  3.22070314e-08  3.22070314e-08  2.32615913e-08  2.32615913e-08  2.32615913e-08  2.24101462e-08  2.24101462e-08  2.24101462e-08  2.32615913e-08  2.32615913e-08  2.32615913e-08  2.24101462e-08  2.24101462e-08  2.24101462e-08  2.16714835e-08  2.16714835e-08  2.16714835e-08  2.16714835e-08  8.98355611e-10  8.98355610e-10 
 8.70963590e+02  1.28614294e-07  1.28614294e-07  1.28614294e-07  1.28026777e-07  1.28026777e-07  1.28026777e-07  1.28614294e-07  1.28614294e-07  1.28614294e-07  1.28026777e-07  1.28026777e-07  1.28026777e-07  8.61632602e-08  8.61632602e-08  8.61632602e-08  8.61632602e-08  3.19097357e-08  3.19097357e-08  1.26491403e-07  1.26491403e-07  1.26491403e-07  1.26048330e-07  1.26048330e-07  1.26048330e-07  1.26491403e-07  1.26491403e-07  1.26491403e-07  1.26048330e-07  1.26048330e-07  1.26048330e-07  8.33848468e-08  8.33848468e-08  8.33848468e-08  8.33848468e-08  3.18970692e-08  3.18970692e-08  2.32615905e-08  2.32615905e-08  2.32615905e-08  2.24101454e-08  2.24101454e-08  2.24101454e-08  2.32615905e-08  2.32615905e-08  2.32615905e-08  2.24101454e-08  2.24101454e-08  2.24101454e-08  2.16714827e-08  2.16714827e-08  2.16714827e-08  2.16714827e-08  8.98355785e-10  8.98355784e-10 
 8.91250938e+02  1.27417190e-07  1.27417190e-07  1.27417190e-07  1.26832577e-07  1.26832577e-07  1.26832577e-07  1.27417190e-07  1.27417190e-07  1.27417190e-07  1.26832577e-07  1.26832577e-07  1.26832577e-07  8.52398762e-08  8.52398762e-08  8.52398762e-08  8.52398762e-08  3.16028800e-08  3.16028800e-08  1.25274014e-07  1.25274014e-07  1.25274014e-07  1.24835205e-07  1.24835205e-07  1.24835205e-07  1.25274014e-07  1.25274014e-07  1.25274014e-07  1.24835205e-07  1.24835205e-07  1.24835205e-07  8.24303451e-08  8.24303451e-08  8.24303451e-08  8.24303451e-08  3.15900904e-08  3.15900904e-08  2.32615896e-08  2.32615896e-08  2.32615896e-08  2.24101445e-08  2.24101445e-08  2.24101445e-08  2.32615896e-08  2.32615896e-08  2.32615896e-08  2.24101445e-08  2.24101445e-08  2.24101445e-08  2.16714819e-08  2.16714819e-08  2.16714819e-08  2.16714819e-08  8.98355967e-10  8.98355967e-10 
 9.12010839e+02  1.26231988e-07  1.26231988e-07  1.26231988e-07  1.25650227e-07  1.25650227e-07  1.25650227e-07  1.26231988e-07  1.26231988e-07  1.26231988e-07  1.25650227e-07  1.25650227e-07  1.25650227e-07  8.43277431e-08  8.43277431e-08  8.43277431e-08  8.43277431e-08  3.12989801e-08  3.12989801e-08  1.24068341e-07  1.24068341e-07  1.24068341e-07  1.23633756e-07  1.23633756e-07  1.23633756e-07  1.24068341e-07  1.24068341e-07  1.24068341e-07  1.23633756e-07  1.23633756e-07  1.23633756e-07  8.14867694e-08  8.14867694e-08  8.14867694e-08  8.14867694e-08  3.12860663e-08  3.12860662e-08  2.32615886e-08  2.32615886e-08  2.32615886e-08  2.24101436e-08  2.24101436e-08  2.24101436e-08  2.32615886e-08  2.32615886e-08  2.32615886e-08  2.24101436e-08  2.24101436e-08  2.24101436e-08  2.16714810e-08  2.16714810e-08  2.16714810e-08  2.16714810e-08  8.98356158e-10  8.98356157e-10 
 9.33254301e+02  1.25058579e-07  1.25058579e-07  1.25058579e-07  1.24479617e-07  1.24479617e-07  1.24479617e-07  1.25058579e-07  1.25058579e-07  1.25058579e-07  1.24479617e-07  1.24479617e-07  1.24479617e-07  8.34267383e-08  8.34267383e-08  8.34267383e-08  8.34267383e-08  3.09980077e-08  3.09980077e-08  1.22874271e-07  1.22874271e-07  1.22874271e-07  1.22443869e-07  1.22443869e-07  1.22443869e-07  1.22874271e-07  1.22874271e-07  1.22874271e-07  1.22443869e-07  1.22443869e-07  1.22443869e-07  8.05539946e-08  8.05539946e-08  8.05539946e-08  8.05539946e-08  3.09849684e-08  3.09849684e-08  2.32615876e-08  2.32615876e-08  2.32615876e-08  2.24101426e-08  2.24101426e-08  2.24101426e-08  2.32615876e-08  2.32615876e-08  2.32615876e-08  2.24101426e-08  2.24101426e-08  2.24101426e-08  2.16714801e-08  2.16714801e-08  2.16714801e-08  2.16714801e-08  8.98356357e-10  8.98356357e-10 
 9.54992586e+02  1.23896852e-07  1.23896852e-07  1.23896852e-07  1.23320636e-07  1.23320636e-07  1.23320636e-07  1.23896852e-07  1.23896852e-07  1.23896852e-07  1.23320636e-07  1.23320636e-07  1.23320636e-07  8.25367410e-08  8.25367410e-08  8.25367410e-08  8.25367410e-08  3.06999345e-08  3.06999345e-08  1.21691694e-07  1.21691694e-07  1.21691694e-07  1.21265434e-07  1.21265434e-07  1.21265434e-07  1.21691694e-07  1.21691694e-07  1.21691694e-07  1.21265434e-07  1.21265434e-07  1.21265434e-07  7.96318971e-08  7.96318971e-08  7.96318971e-08  7.96318971e-08  3.06867686e-08  3.06867686e-08  2.32615866e-08  2.32615866e-08  2.32615866e-08  2.24101416e-08  2.24101416e-08  2.24101416e-08  2.32615866e-08  2.32615866e-08  2.32615866e-08  2.24101416e-08  2.24101416e-08  2.24101416e-08  2.16714791e-08  2.16714791e-08  2.16714791e-08  2.16714791e-08  8.98356567e-10  8.98356567e-10 
 9.77237221e+02  1.22746698e-07  1.22746698e-07  1.22746698e-07  1.22173177e-07  1.22173177e-07  1.22173177e-07  1.22746698e-07  1.22746698e-07  1.22746698e-07  1.22173177e-07  1.22173177e-07  1.22173177e-07  8.16576314e-08  8.16576314e-08  8.16576314e-08  8.16576314e-08  3.04047329e-08  3.04047329e-08  1.20520497e-07  1.20520497e-07  1.20520497e-07  1.20098340e-07  1.20098340e-07  1.20098340e-07  1.20520497e-07  1.20520497e-07  1.20520497e-07  1.20098340e-07  1.20098340e-07  1.20098340e-07  7.87203546e-08  7.87203546e-08  7.87203546e-08  7.87203546e-08  3.03914390e-08  3.03914390e-08  2.32615855e-08  2.32615855e-08  2.32615855e-08  2.24101405e-08  2.24101405e-08  2.24101405e-08  2.32615855e-08  2.32615855e-08  2.32615855e-08  2.24101405e-08  2.24101405e-08  2.24101405e-08  2.16714781e-08  2.16714781e-08  2.16714781e-08  2.16714781e-08  8.98356786e-10  8.98356786e-10 
 1.00000000e+03  1.21608009e-07  1.21608009e-07  1.21608009e-07  1.21037130e-07  1.21037130e-07  1.21037130e-07  1.21608009e-07  1.21608009e-07  1.21608009e-07  1.21037130e-07  1.21037130e-07  1.21037130e-07  8.07892913e-08  8.07892913e-08  8.07892913e-08  8.07892913e-08  3.01123750e-08  3.01123750e-08  1.19360573e-07  1.19360573e-07  1.19360573e-07  1.18942478e-07  1.18942478e-07  1.18942478e-07  1.19360573e-07  1.19360573e-07  1.19360573e-07  1.18942478e-07  1.18942478e-07  1.18942478e-07  7.78192463e-08  7.78192463e-08  7.78192463e-08  7.78192463e-08  3.00989521e-08  3.00989521e-08  2.32615843e-08  2.32615843e-08  2.32615843e-08  2.24101394e-08  2.24101394e-08  2.24101394e-08  2.32615843e-08  2.32615843e-08  2.32615843e-08  2.24101394e-08  2.24101394e-08  2.24101394e-08  2.16714770e-08  2.16714770e-08  2.16714770e-08  2.16714770e-08  8.98357015e-10  8.98357015e-10 
 1.02329299e+03  1.20480678e-07  1.20480678e-07  1.20480678e-07  1.19912391e-07  1.19912391e-07  1.19912391e-07  1.20480678e-07  1.20480678e-07  1.20480678e-07  1.19912391e-07  1.19912391e-07  1.19912391e-07  7.99316038e-08  7.99316038e-08  7.99316038e-08  7.99316038e-08  2.98228337e-08  2.98228337e-08  1.18211811e-07  1.18211811e-07  1.18211811e-07  1.17797740e-07  1.17797740e-07  1.17797740e-07  1.18211811e-07  1.18211811e-07  1.18211811e-07  1.17797740e-07  1.17797740e-07  1.17797740e-07  7.69284527e-08  7.69284527e-08  7.69284527e-08  7.69284527e-08  2.98092803e-08  2.98092803e-08  2.32615831e-08  2.32615831e-08  2.32615831e-08  2.24101383e-08  2.24101383e-08  2.24101383e-08  2.32615831e-08  2.32615831e-08  2.32615831e-08  2.24101383e-08  2.24101383e-08  2.24101383e-08  2.16714759e-08  2.16714759e-08  2.16714759e-08  2.16714759e-08  8.98357256e-10  8.98357256e-10 
 1.04712855e+03  1.19364599e-07  1.19364599e-07  1.19364599e-07  1.18798852e-07  1.18798852e-07  1.18798852e-07  1.19364599e-07  1.19364599e-07  1.19364599e-07  1.18798852e-07  1.18798852e-07  1.18798852e-07  7.90844535e-08  7.90844535e-08  7.90844535e-08  7.90844535e-08  2.95360818e-08  2.95360818e-08  1.17074105e-07  1.17074105e-07  1.17074105e-07  1.16664020e-07  1.16664020e-07  1.16664020e-07  1.17074105e-07  1.17074105e-07  1.17074105e-07  1.16664020e-07  1.16664020e-07  1.16664020e-07  7.60478559e-08  7.60478559e-08  7.60478559e-08  7.60478559e-08  2.95223968e-08  2.95223968e-08  2.32615819e-08  2.32615819e-08  2.32615819e-08  2.24101371e-08  2.24101371e-08  2.24101371e-08  2.32615819e-08  2.32615819e-08  2.32615819e-08  2.24101371e-08  2.24101371e-08  2.24101371e-08  2.16714747e-08  2.16714747e-08  2.16714747e-08  2.16714747e-08  8.98357507e-10  8.98357507e-10 
 1.07151931e+03  1.18259668e-07  1.18259668e-07  1.18259668e-07  1.17696410e-07  1.17696410e-07  1.17696410e-07  1.18259668e-07  1.18259668e-07  1.18259668e-07  1.17696410e-07  1.17696410e-07  1.17696410e-07  7.82477261e-08  7.82477261e-08  7.82477261e-08  7.82477261e-08  2.92520925e-08  2.92520925e-08  1.15947349e-07  1.15947349e-07  1.15947349e-07  1.15541210e-07  1.15541210e-07  1.15541210e-07  1.15947349e-07  1.15947349e-07  1.15947349e-07  1.15541210e-07  1.15541210e-07  1.15541210e-07  7.51773390e-08  7.51773390e-08  7.51773390e-08  7.51773390e-08  2.92382746e-08  2.92382746e-08  2.32615805e-08  2.32615805e-08  2.32615805e-08  2.24101358e-08  2.24101358e-08  2.24101358e-08  2.32615805e-08  2.32615805e-08  2.32615805e-08  2.24101358e-08  2.24101358e-08  2.24101358e-08  2.16714735e-08  2.16714735e-08  2.16714735e-08  2.16714735e-08  8.98357771e-10  8.98357770e-10 
 1.09647820e+03  1.17165780e-07  1.17165780e-07  1.17165780e-07  1.16604961e-07  1.16604961e-07  1.16604961e-07  1.17165780e-07  1.17165780e-07  1.17165780e-07  1.16604961e-07  1.16604961e-07  1.16604961e-07  7.74213089e-08  7.74213089e-08  7.74213089e-08  7.74213089e-08  2.89708393e-08  2.89708393e-08  1.14831436e-07  1.14831436e-07  1.14831436e-07  1.14429206e-07  1.14429206e-07  1.14429206e-07  1.14831436e-07  1.14831436e-07  1.14831436e-07  1.14429206e-07  1.14429206e-07  1.14429206e-07  7.43167867e-08  7.43167867e-08  7.43167867e-08  7.43167867e-08  2.89568872e-08  2.89568872e-08  2.32615792e-08  2.32615792e-08  2.32615792e-08  2.24101344e-08  2.24101344e-08  2.24101344e-08  2.32615792e-08  2.32615792e-08  2.32615792e-08  2.24101344e-08  2.24101344e-08  2.24101344e-08  2.16714722e-08  2.16714722e-08  2.16714722e-08  2.16714722e-08  8.98358046e-10  8.98358046e-10 
 1.12201845e+03  1.16082833e-07  1.16082833e-07  1.16082833e-07  1.15524402e-07  1.15524402e-07  1.15524402e-07  1.16082833e-07  1.16082833e-07  1.16082833e-07  1.15524402e-07  1.15524402e-07  1.15524402e-07  7.66050903e-08  7.66050903e-08  7.66050903e-08  7.66050903e-08  2.86922959e-08  2.86922959e-08  1.13726263e-07  1.13726263e-07  1.13726263e-07  1.13327905e-07  1.13327905e-07  1.13327905e-07  1.13726263e-07  1.13726263e-07  1.13726263e-07  1.13327905e-07  1.13327905e-07  1.13327905e-07  7.34660850e-08  7.34660850e-08  7.34660850e-08  7.34660850e-08  2.86782082e-08  2.86782082e-08  2.32615777e-08  2.32615777e-08  2.32615777e-08  2.24101331e-08  2.24101331e-08  2.24101331e-08  2.32615777e-08  2.32615777e-08  2.32615777e-08  2.24101331e-08  2.24101331e-08  2.24101331e-08  2.16714708e-08  2.16714708e-08  2.16714708e-08  2.16714708e-08  8.98358335e-10  8.98358335e-10 
 1.14815362e+03  1.15010725e-07  1.15010725e-07  1.15010725e-07  1.14454633e-07  1.14454633e-07  1.14454633e-07  1.15010725e-07  1.15010725e-07  1.15010725e-07  1.14454633e-07  1.14454633e-07  1.14454633e-07  7.57989601e-08  7.57989601e-08  7.57989601e-08  7.57989601e-08  2.84164362e-08  2.84164362e-08  1.12631727e-07  1.12631727e-07  1.12631727e-07  1.12237202e-07  1.12237202e-07  1.12237202e-07  1.12631727e-07  1.12631727e-07  1.12631727e-07  1.12237202e-07  1.12237202e-07  1.12237202e-07  7.26251209e-08  7.26251209e-08  7.26251209e-08  7.26251209e-08  2.84022117e-08  2.84022117e-08  2.32615762e-08  2.32615762e-08  2.32615762e-08  2.24101316e-08  2.24101316e-08  2.24101316e-08  2.32615762e-08  2.32615762e-08  2.32615762e-08  2.24101316e-08  2.24101316e-08  2.24101316e-08  2.16714694e-08  2.16714694e-08  2.16714694e-08  2.16714694e-08  8.98358638e-10  8.98358638e-10 
 1.17489755e+03  1.13949356e-07  1.13949356e-07  1.13949356e-07  1.13395552e-07  1.13395552e-07  1.13395552e-07  1.13949356e-07  1.13949356e-07  1.13949356e-07  1.13395552e-07  1.13395552e-07  1.13395552e-07  7.50028092e-08  7.50028092e-08  7.50028092e-08  7.50028092e-08  2.81432344e-08  2.81432344e-08  1.11547724e-07  1.11547724e-07  1.11547724e-07  1.11156996e-07  1.11156996e-07  1.11156996e-07  1.11547724e-07  1.11547724e-07  1.11547724e-07  1.11156996e-07  1.11156996e-07  1.11156996e-07  7.17937831e-08  7.17937831e-08  7.17937831e-08  7.17937831e-08  2.81288717e-08  2.81288717e-08  2.32615746e-08  2.32615746e-08  2.32615746e-08  2.24101301e-08  2.24101301e-08  2.24101301e-08  2.32615746e-08  2.32615746e-08  2.32615746e-08  2.24101301e-08  2.24101301e-08  2.24101301e-08  2.16714679e-08  2.16714679e-08  2.16714679e-08  2.16714679e-08  8.98358955e-10  8.98358954e-10 
 1.20226443e+03  1.12898625e-07  1.12898625e-07  1.12898625e-07  1.12347060e-07  1.12347060e-07  1.12347060e-07  1.12898625e-07  1.12898625e-07  1.12898625e-07  1.12347060e-07  1.12347060e-07  1.12347060e-07  7.42165301e-08  7.42165301e-08  7.42165301e-08  7.42165301e-08  2.78726651e-08  2.78726651e-08  1.10474153e-07  1.10474153e-07  1.10474153e-07  1.10087186e-07  1.10087186e-07  1.10087186e-07  1.10474153e-07  1.10474153e-07  1.10474153e-07  1.10087186e-07  1.10087186e-07  1.10087186e-07  7.09719614e-08  7.09719614e-08  7.09719614e-08  7.09719614e-08  2.78581629e-08  2.78581629e-08  2.32615729e-08  2.32615729e-08  2.32615729e-08  2.24101285e-08  2.24101285e-08  2.24101285e-08  2.32615729e-08  2.32615729e-08  2.32615729e-08  2.24101285e-08  2.24101285e-08  2.24101285e-08  2.16714664e-08  2.16714664e-08  2.16714664e-08  2.16714664e-08  8.98359286e-10  8.98359286e-10 
 1.23026877e+03  1.11858433e-07  1.11858433e-07  1.11858433e-07  1.11309058e-07  1.11309058e-07  1.11309058e-07  1.11858433e-07  1.11858433e-07  1.11858433e-07  1.11309058e-07  1.11309058e-07  1.11309058e-07  7.34400162e-08  7.34400162e-08  7.34400162e-08  7.34400162e-08  2.76047028e-08  2.76047028e-08  1.09410915e-07  1.09410915e-07  1.09410915e-07  1.09027672e-07  1.09027672e-07  1.09027672e-07  1.09410915e-07  1.09410915e-07  1.09410915e-07  1.09027672e-07  1.09027672e-07  1.09027672e-07  7.01595469e-08  7.01595469e-08  7.01595469e-08  7.01595469e-08  2.75900597e-08  2.75900597e-08  2.32615712e-08  2.32615712e-08  2.32615712e-08  2.24101268e-08  2.24101268e-08  2.24101268e-08  2.32615712e-08  2.32615712e-08  2.32615712e-08  2.24101268e-08  2.24101268e-08  2.24101268e-08  2.16714648e-08  2.16714648e-08  2.16714648e-08  2.16714648e-08  8.98359633e-10  8.98359633e-10 
 1.25892541e+03  1.10828684e-07  1.10828684e-07  1.10828684e-07  1.10281450e-07  1.10281450e-07  1.10281450e-07  1.10828684e-07  1.10828684e-07  1.10828684e-07  1.10281450e-07  1.10281450e-07  1.10281450e-07  7.26731622e-08  7.26731622e-08  7.26731622e-08  7.26731622e-08  2.73393226e-08  2.73393226e-08  1.08357909e-07  1.08357909e-07  1.08357909e-07  1.07978354e-07  1.07978354e-07  1.07978354e-07  1.08357909e-07  1.08357909e-07  1.08357909e-07  1.07978354e-07  1.07978354e-07  1.07978354e-07  6.93564317e-08  6.93564317e-08  6.93564317e-08  6.93564317e-08  2.73245373e-08  2.73245373e-08  2.32615694e-08  2.32615694e-08  2.32615694e-08  2.24101250e-08  2.24101250e-08  2.24101250e-08  2.32615694e-08  2.32615694e-08  2.32615694e-08  2.24101250e-08  2.24101250e-08  2.24101250e-08  2.16714631e-08  2.16714631e-08  2.16714631e-08  2.16714631e-08  8.98359997e-10  8.98359997e-10 
 1.28824955e+03  1.09809279e-07  1.09809279e-07  1.09809279e-07  1.09264138e-07  1.09264138e-07  1.09264138e-07  1.09809279e-07  1.09809279e-07  1.09809279e-07  1.09264138e-07  1.09264138e-07  1.09264138e-07  7.19158643e-08  7.19158643e-08  7.19158643e-08  7.19158643e-08  2.70764996e-08  2.70764996e-08  1.07315037e-07  1.07315037e-07  1.07315037e-07  1.06939135e-07  1.06939135e-07  1.06939135e-07  1.07315037e-07  1.07315037e-07  1.07315037e-07  1.06939135e-07  1.06939135e-07  1.06939135e-07  6.85625096e-08  6.85625096e-08  6.85625096e-08  6.85625096e-08  2.70615707e-08  2.70615707e-08  2.32615675e-08  2.32615675e-08  2.32615675e-08  2.24101232e-08  2.24101232e-08  2.24101232e-08  2.32615675e-08  2.32615675e-08  2.32615675e-08  2.24101232e-08  2.24101232e-08  2.24101232e-08  2.16714613e-08  2.16714613e-08  2.16714613e-08  2.16714613e-08  8.98360378e-10  8.98360378e-10 
 1.31825674e+03  1.08800124e-07  1.08800124e-07  1.08800124e-07  1.08257026e-07  1.08257026e-07  1.08257026e-07  1.08800124e-07  1.08800124e-07  1.08800124e-07  1.08257026e-07  1.08257026e-07  1.08257026e-07  7.11680194e-08  7.11680194e-08  7.11680194e-08  7.11680194e-08  2.68162093e-08  2.68162093e-08  1.06282202e-07  1.06282202e-07  1.06282202e-07  1.05909918e-07  1.05909918e-07  1.05909918e-07  1.06282202e-07  1.06282202e-07  1.06282202e-07  1.05909918e-07  1.05909918e-07  1.05909918e-07  6.77776752e-08  6.77776752e-08  6.77776752e-08  6.77776752e-08  2.68011355e-08  2.68011354e-08  2.32615655e-08  2.32615655e-08  2.32615655e-08  2.24101213e-08  2.24101213e-08  2.24101213e-08  2.32615655e-08  2.32615655e-08  2.32615655e-08  2.24101213e-08  2.24101213e-08  2.24101213e-08  2.16714594e-08  2.16714594e-08  2.16714594e-08  2.16714594e-08  8.98360777e-10  8.98360777e-10 
 1.34896288e+03  1.07801123e-07  1.07801123e-07  1.07801123e-07  1.07260021e-07  1.07260021e-07  1.07260021e-07  1.07801123e-07  1.07801123e-07  1.07801123e-07  1.07260021e-07  1.07260021e-07  1.07260021e-07  7.04295261e-08  7.04295261e-08  7.04295261e-08  7.04295261e-08  2.65584274e-08  2.65584274e-08  1.05259306e-07  1.05259306e-07  1.05259306e-07  1.04890605e-07  1.04890605e-07  1.04890605e-07  1.05259306e-07  1.05259306e-07  1.05259306e-07  1.04890605e-07  1.04890605e-07  1.04890605e-07  6.70018246e-08  6.70018246e-08  6.70018246e-08  6.70018246e-08  2.65432071e-08  2.65432071e-08  2.32615634e-08  2.32615634e-08  2.32615634e-08  2.24101193e-08  2.24101193e-08  2.24101193e-08  2.32615634e-08  2.32615634e-08  2.32615634e-08  2.24101193e-08  2.24101193e-08  2.24101193e-08  2.16714575e-08  2.16714575e-08  2.16714575e-08  2.16714575e-08  8.98361194e-10  8.98361194e-10 
 1.38038426e+03  1.06812181e-07  1.06812181e-07  1.06812181e-07  1.06273027e-07  1.06273027e-07  1.06273027e-07  1.06812181e-07  1.06812181e-07  1.06812181e-07  1.06273027e-07  1.06273027e-07  1.06273027e-07  6.97002837e-08  6.97002837e-08  6.97002837e-08  6.97002837e-08  2.63031297e-08  2.63031297e-08  1.04246255e-07  1.04246255e-07  1.04246255e-07  1.03881103e-07  1.03881103e-07  1.03881103e-07  1.04246255e-07  1.04246255e-07  1.04246255e-07  1.03881103e-07  1.03881103e-07  1.03881103e-07  6.62348548e-08  6.62348548e-08  6.62348548e-08  6.62348548e-08  2.62877616e-08  2.62877616e-08  2.32615612e-08  2.32615612e-08  2.32615612e-08  2.24101171e-08  2.24101171e-08  2.24101171e-08  2.32615612e-08  2.32615612e-08  2.32615612e-08  2.24101171e-08  2.24101171e-08  2.24101171e-08  2.16714555e-08  2.16714555e-08  2.16714555e-08  2.16714555e-08  8.98361631e-10  8.98361631e-10 
 1.41253754e+03  1.05833207e-07  1.05833207e-07  1.05833207e-07  1.05295953e-07  1.05295953e-07  1.05295953e-07  1.05833207e-07  1.05833207e-07  1.05833207e-07  1.05295953e-07  1.05295953e-07  1.05295953e-07  6.89801930e-08  6.89801930e-08  6.89801930e-08  6.89801930e-08  2.60502924e-08  2.60502924e-08  1.03242953e-07  1.03242953e-07  1.03242953e-07  1.02881315e-07  1.02881315e-07  1.02881315e-07  1.03242953e-07  1.03242953e-07  1.03242953e-07  1.02881315e-07  1.02881315e-07  1.02881315e-07  6.54766642e-08  6.54766642e-08  6.54766642e-08  6.54766642e-08  2.60347750e-08  2.60347750e-08  2.32615589e-08  2.32615589e-08  2.32615589e-08  2.24101149e-08  2.24101149e-08  2.24101149e-08  2.32615589e-08  2.32615589e-08  2.32615589e-08  2.24101149e-08  2.24101149e-08  2.24101149e-08  2.16714533e-08  2.16714533e-08  2.16714533e-08  2.16714533e-08  8.98362089e-10  8.98362089e-10 
 1.44543977e+03  1.04864107e-07  1.04864107e-07  1.04864107e-07  1.04328707e-07  1.04328707e-07  1.04328707e-07  1.04864108e-07  1.04864108e-07  1.04864108e-07  1.04328707e-07  1.04328707e-07  1.04328707e-07  6.82691557e-08  6.82691557e-08  6.82691557e-08  6.82691557e-08  2.57998918e-08  2.57998918e-08  1.02249307e-07  1.02249307e-07  1.02249307e-07  1.01891150e-07  1.01891150e-07  1.01891150e-07  1.02249307e-07  1.02249307e-07  1.02249307e-07  1.01891150e-07  1.01891150e-07  1.01891150e-07  6.47271524e-08  6.47271524e-08  6.47271524e-08  6.47271524e-08  2.57842237e-08  2.57842237e-08  2.32615565e-08  2.32615565e-08  2.32615565e-08  2.24101126e-08  2.24101126e-08  2.24101126e-08  2.32615565e-08  2.32615565e-08  2.32615565e-08  2.24101126e-08  2.24101126e-08  2.24101126e-08  2.16714511e-08  2.16714511e-08  2.16714511e-08  2.16714511e-08  8.98362569e-10  8.98362569e-10 
 1.47910839e+03  1.03904791e-07  1.03904791e-07  1.03904791e-07  1.03371197e-07  1.03371197e-07  1.03371197e-07  1.03904791e-07  1.03904791e-07  1.03904791e-07  1.03371197e-07  1.03371197e-07  1.03371197e-07  6.75670748e-08  6.75670748e-08  6.75670748e-08  6.75670748e-08  2.55519045e-08  2.55519045e-08  1.01265224e-07  1.01265224e-07  1.01265224e-07  1.00910513e-07  1.00910513e-07  1.00910513e-07  1.01265224e-07  1.01265224e-07  1.01265224e-07  1.00910513e-07  1.00910513e-07  1.00910513e-07  6.39862199e-08  6.39862199e-08  6.39862199e-08  6.39862199e-08  2.55360843e-08  2.55360843e-08  2.32615540e-08  2.32615540e-08  2.32615540e-08  2.24101102e-08  2.24101102e-08  2.24101102e-08  2.32615540e-08  2.32615540e-08  2.32615540e-08  2.24101102e-08  2.24101102e-08  2.24101102e-08  2.16714487e-08  2.16714487e-08  2.16714487e-08  2.16714487e-08  8.98363071e-10  8.98363071e-10 
 1.51356125e+03  1.02955168e-07  1.02955168e-07  1.02955168e-07  1.02423333e-07  1.02423333e-07  1.02423333e-07  1.02955168e-07  1.02955168e-07  1.02955168e-07  1.02423333e-07  1.02423333e-07  1.02423333e-07  6.68738543e-08  6.68738543e-08  6.68738543e-08  6.68738543e-08  2.53063074e-08  2.53063074e-08  1.00290611e-07  1.00290611e-07  1.00290611e-07  9.99393146e-08  9.99393146e-08  9.99393146e-08  1.00290611e-07  1.00290611e-07  1.00290611e-07  9.99393146e-08  9.99393146e-08  9.99393146e-08  6.32537685e-08  6.32537685e-08  6.32537685e-08  6.32537685e-08  2.52903335e-08  2.52903335e-08  2.32615514e-08  2.32615514e-08  2.32615514e-08  2.24101077e-08  2.24101077e-08  2.24101077e-08  2.32615514e-08  2.32615514e-08  2.32615514e-08  2.24101077e-08  2.24101077e-08  2.24101077e-08  2.16714463e-08  2.16714463e-08  2.16714463e-08  2.16714463e-08  8.98363596e-10  8.98363596e-10 
 1.54881662e+03  1.02015149e-07  1.02015149e-07  1.02015149e-07  1.01485026e-07  1.01485026e-07  1.01485026e-07  1.02015149e-07  1.02015149e-07  1.02015149e-07  1.01485026e-07  1.01485026e-07  1.01485026e-07  6.61893993e-08  6.61893993e-08  6.61893993e-08  6.61893993e-08  2.50630776e-08  2.50630776e-08  9.93253782e-08  9.93253782e-08  9.93253782e-08  9.89774624e-08  9.89774624e-08  9.89774624e-08  9.93253782e-08  9.93253782e-08  9.93253782e-08  9.89774624e-08  9.89774624e-08  9.89774624e-08  6.25297012e-08  6.25297012e-08  6.25297012e-08  6.25297012e-08  2.50469485e-08  2.50469485e-08  2.32615486e-08  2.32615486e-08  2.32615486e-08  2.24101050e-08  2.24101050e-08  2.24101050e-08  2.32615486e-08  2.32615486e-08  2.32615486e-08  2.24101050e-08  2.24101050e-08  2.24101050e-08  2.16714437e-08  2.16714437e-08  2.16714437e-08  2.16714437e-08  8.98364147e-10  8.98364147e-10 
 1.58489319e+03  1.01084644e-07  1.01084644e-07  1.01084644e-07  1.00556187e-07  1.00556187e-07  1.00556187e-07  1.01084644e-07  1.01084644e-07  1.01084644e-07  1.00556187e-07  1.00556187e-07  1.00556187e-07  6.55136160e-08  6.55136160e-08  6.55136160e-08  6.55136160e-08  2.48221922e-08  2.48221922e-08  9.83694342e-08  9.83694342e-08  9.83694342e-08  9.80248669e-08  9.80248669e-08  9.80248669e-08  9.83694342e-08  9.83694342e-08  9.83694342e-08  9.80248669e-08  9.80248669e-08  9.80248669e-08  6.18139220e-08  6.18139220e-08  6.18139220e-08  6.18139220e-08  2.48059064e-08  2.48059064e-08  2.32615457e-08  2.32615457e-08  2.32615457e-08  2.24101022e-08  2.24101022e-08  2.24101022e-08  2.32615457e-08  2.32615457e-08  2.32615457e-08  2.24101022e-08  2.24101022e-08  2.24101022e-08  2.16714410e-08  2.16714410e-08  2.16714410e-08  2.16714410e-08  8.98364723e-10  8.98364723e-10 
 1.62181010e+03  1.00163567e-07  1.00163567e-07  1.00163567e-07  9.96367295e-08  9.96367295e-08  9.96367295e-08  1.00163567e-07  1.00163567e-07  1.00163567e-07  9.96367295e-08  9.96367295e-08  9.96367295e-08  6.48464116e-08  6.48464116e-08  6.48464116e-08  6.48464116e-08  2.45836287e-08  2.45836287e-08  9.74226900e-08  9.74226900e-08  9.74226900e-08  9.70814389e-08  9.70814389e-08  9.70814389e-08  9.74226900e-08  9.74226900e-08  9.74226900e-08  9.70814389e-08  9.70814389e-08  9.70814389e-08  6.11063359e-08  6.11063359e-08  6.11063359e-08  6.11063359e-08  2.45671848e-08  2.45671848e-08  2.32615427e-08  2.32615427e-08  2.32615427e-08  2.24100993e-08  2.24100993e-08  2.24100993e-08  2.32615427e-08  2.32615427e-08  2.32615427e-08  2.24100993e-08  2.24100993e-08  2.24100993e-08  2.16714382e-08  2.16714382e-08  2.16714382e-08  2.16714382e-08  8.98365327e-10  8.98365326e-10 
 1.65958691e+03  9.92518294e-08  9.92518294e-08  9.92518294e-08  9.87265664e-08  9.87265664e-08  9.87265664e-08  9.92518294e-08  9.92518294e-08  9.92518294e-08  9.87265664e-08  9.87265664e-08  9.87265664e-08  6.41876944e-08  6.41876944e-08  6.41876944e-08  6.41876944e-08  2.43473649e-08  2.43473649e-08  9.64850571e-08  9.64850571e-08  9.64850571e-08  9.61470903e-08  9.61470903e-08  9.61470903e-08  9.64850571e-08  9.64850571e-08  9.64850571e-08  9.61470903e-08  9.61470903e-08  9.61470903e-08  6.04068493e-08  6.04068493e-08  6.04068493e-08  6.04068493e-08  2.43307613e-08  2.43307613e-08  2.32615396e-08  2.32615396e-08  2.32615396e-08  2.24100963e-08  2.24100963e-08  2.24100963e-08  2.32615396e-08  2.32615396e-08  2.32615396e-08  2.24100963e-08  2.24100963e-08  2.24100963e-08  2.16714353e-08  2.16714353e-08  2.16714353e-08  2.16714353e-08  8.98365959e-10  8.98365958e-10 
 1.69824365e+03  9.83493463e-08  9.83493463e-08  9.83493463e-08  9.78256119e-08  9.78256119e-08  9.78256119e-08  9.83493463e-08  9.83493463e-08  9.83493463e-08  9.78256119e-08  9.78256119e-08  9.78256119e-08  6.35373738e-08  6.35373738e-08  6.35373738e-08  6.35373738e-08  2.41133787e-08  2.41133787e-08  9.55564476e-08  9.55564476e-08  9.55564476e-08  9.52217336e-08  9.52217336e-08  9.52217336e-08  9.55564476e-08  9.55564476e-08  9.55564476e-08  9.52217336e-08  9.52217336e-08  9.52217336e-08  5.97153693e-08  5.97153693e-08  5.97153693e-08  5.97153693e-08  2.40966139e-08  2.40966139e-08  2.32615362e-08  2.32615362e-08  2.32615362e-08  2.24100931e-08  2.24100931e-08  2.24100931e-08  2.32615362e-08  2.32615362e-08  2.32615362e-08  2.24100931e-08  2.24100931e-08  2.24100931e-08  2.16714322e-08  2.16714322e-08  2.16714322e-08  2.16714322e-08  8.98366620e-10  8.98366620e-10 
 1.73780083e+03  9.74560323e-08  9.74560323e-08  9.74560323e-08  9.69337810e-08  9.69337810e-08  9.69337810e-08  9.74560323e-08  9.74560323e-08  9.74560323e-08  9.69337810e-08  9.69337810e-08  9.69337810e-08  6.28953601e-08  6.28953601e-08  6.28953601e-08  6.28953601e-08  2.38816482e-08  2.38816482e-08  9.46367749e-08  9.46367749e-08  9.46367749e-08  9.43052822e-08  9.43052822e-08  9.43052822e-08  9.46367749e-08  9.46367749e-08  9.46367749e-08  9.43052822e-08  9.43052822e-08  9.43052822e-08  5.90318043e-08  5.90318043e-08  5.90318043e-08  5.90318043e-08  2.38647206e-08  2.38647206e-08  2.32615328e-08  2.32615328e-08  2.32615328e-08  2.24100897e-08  2.24100897e-08  2.24100897e-08  2.32615328e-08  2.32615328e-08  2.32615328e-08  2.24100897e-08  2.24100897e-08  2.24100897e-08  2.16714290e-08  2.16714290e-08  2.16714290e-08  2.16714290e-08  8.98367313e-10  8.98367313e-10 
 1.77827941e+03  9.65718029e-08  9.65718029e-08  9.65718029e-08  9.60509896e-08  9.60509896e-08  9.60509896e-08  9.65718029e-08  9.65718029e-08  9.65718029e-08  9.60509896e-08  9.60509896e-08  9.60509896e-08  6.22615646e-08  6.22615646e-08  6.22615646e-08  6.22615646e-08  2.36521518e-08  2.36521518e-08  9.37259527e-08  9.37259527e-08  9.37259527e-08  9.33976505e-08  9.33976505e-08  9.33976505e-08  9.37259527e-08  9.37259527e-08  9.37259527e-08  9.33976505e-08  9.33976505e-08  9.33976505e-08  5.83560637e-08  5.83560637e-08  5.83560637e-08  5.83560637e-08  2.36350597e-08  2.36350597e-08  2.32615291e-08  2.32615291e-08  2.32615291e-08  2.24100862e-08  2.24100862e-08  2.24100862e-08  2.32615291e-08  2.32615291e-08  2.32615291e-08  2.24100862e-08  2.24100862e-08  2.24100862e-08  2.16714256e-08  2.16714256e-08  2.16714256e-08  2.16714256e-08  8.98368039e-10  8.98368039e-10 
 1.81970086e+03  9.56965747e-08  9.56965747e-08  9.56965747e-08  9.51771544e-08  9.51771544e-08  9.51771544e-08  9.56965747e-08  9.56965747e-08  9.56965747e-08  9.51771544e-08  9.51771544e-08  9.51771544e-08  6.16358997e-08  6.16358997e-08  6.16358997e-08  6.16358997e-08  2.34248679e-08  2.34248679e-08  9.28238960e-08  9.28238960e-08  9.28238960e-08  9.24987534e-08  9.24987534e-08  9.24987534e-08  9.28238960e-08  9.28238960e-08  9.28238960e-08  9.24987534e-08  9.24987534e-08  9.24987534e-08  5.76880579e-08  5.76880579e-08  5.76880579e-08  5.76880579e-08  2.34076099e-08  2.34076099e-08  2.32615253e-08  2.32615253e-08  2.32615253e-08  2.24100826e-08  2.24100826e-08  2.24100826e-08  2.32615253e-08  2.32615253e-08  2.32615253e-08  2.24100826e-08  2.24100826e-08  2.24100826e-08  2.16714220e-08  2.16714220e-08  2.16714220e-08  2.16714220e-08  8.98368798e-10  8.98368798e-10 
 1.86208714e+03  9.48302648e-08  9.48302648e-08  9.48302648e-08  9.43121929e-08  9.43121929e-08  9.43121929e-08  9.48302648e-08  9.48302648e-08  9.48302648e-08  9.43121929e-08  9.43121929e-08  9.43121929e-08  6.10182786e-08  6.10182786e-08  6.10182786e-08  6.10182786e-08  2.31997755e-08  2.31997755e-08  9.19305204e-08  9.19305204e-08  9.19305204e-08  9.16085071e-08  9.16085071e-08  9.16085071e-08  9.19305204e-08  9.19305204e-08  9.19305204e-08  9.16085071e-08  9.16085071e-08  9.16085071e-08  5.70276984e-08  5.70276984e-08  5.70276984e-08  5.70276984e-08  2.31823499e-08  2.31823499e-08  2.32615214e-08  2.32615214e-08  2.32615214e-08  2.24100787e-08  2.24100787e-08  2.24100787e-08  2.32615214e-08  2.32615214e-08  2.32615214e-08  2.24100787e-08  2.24100787e-08  2.24100787e-08  2.16714183e-08  2.16714183e-08  2.16714183e-08  2.16714183e-08  8.98369594e-10  8.98369594e-10 
 1.90546072e+03  9.39727914e-08  9.39727914e-08  9.39727914e-08  9.34560234e-08  9.34560234e-08  9.34560234e-08  9.39727914e-08  9.39727914e-08  9.39727914e-08  9.34560234e-08  9.34560234e-08  9.34560234e-08  6.04086157e-08  6.04086157e-08  6.04086157e-08  6.04086157e-08  2.29768534e-08  2.29768534e-08  9.10457422e-08  9.10457422e-08  9.10457422e-08  9.07268281e-08  9.07268281e-08  9.07268281e-08  9.10457422e-08  9.10457422e-08  9.10457422e-08  9.07268281e-08  9.07268281e-08  9.07268281e-08  5.63748976e-08  5.63748976e-08  5.63748976e-08  5.63748976e-08  2.29592586e-08  2.29592586e-08  2.32615172e-08  2.32615172e-08  2.32615172e-08  2.24100747e-08  2.24100747e-08  2.24100747e-08  2.32615172e-08  2.32615172e-08  2.32615172e-08  2.24100747e-08  2.24100747e-08  2.24100747e-08  2.16714144e-08  2.16714144e-08  2.16714144e-08  2.16714144e-08  8.98370427e-10  8.98370427e-10 
 1.94984460e+03  9.31240734e-08  9.31240734e-08  9.31240734e-08  9.26085651e-08  9.26085651e-08  9.26085651e-08  9.31240734e-08  9.31240734e-08  9.31240734e-08  9.26085651e-08  9.26085651e-08  9.26085651e-08  5.98068262e-08  5.98068262e-08  5.98068262e-08  5.98068262e-08  2.27560808e-08  2.27560808e-08  9.01694787e-08  9.01694787e-08  9.01694787e-08  8.98536340e-08  8.98536340e-08  8.98536340e-08  9.01694787e-08  9.01694787e-08  9.01694787e-08  8.98536340e-08  8.98536340e-08  8.98536340e-08  5.57295691e-08  5.57295691e-08  5.57295691e-08  5.57295691e-08  2.27383151e-08  2.27383151e-08  2.32615128e-08  2.32615128e-08  2.32615128e-08  2.24100705e-08  2.24100705e-08  2.24100705e-08  2.32615128e-08  2.32615128e-08  2.32615128e-08  2.24100705e-08  2.24100705e-08  2.24100705e-08  2.16714104e-08  2.16714104e-08  2.16714104e-08  2.16714104e-08  8.98371299e-10  8.98371299e-10 
 1.99526231e+03  9.22840304e-08  9.22840304e-08  9.22840304e-08  9.17697379e-08  9.17697379e-08  9.17697379e-08  9.22840304e-08  9.22840304e-08  9.22840304e-08  9.17697379e-08  9.17697379e-08  9.17697379e-08  5.92128262e-08  5.92128262e-08  5.92128262e-08  5.92128262e-08  2.25374371e-08  2.25374371e-08  8.93016480e-08  8.93016480e-08  8.93016480e-08  8.89888431e-08  8.89888431e-08  8.89888431e-08  8.93016480e-08  8.93016480e-08  8.93016480e-08  8.89888431e-08  8.89888431e-08  8.89888431e-08  5.50916271e-08  5.50916271e-08  5.50916271e-08  5.50916271e-08  2.25194989e-08  2.25194989e-08  2.32615083e-08  2.32615083e-08  2.32615083e-08  2.24100661e-08  2.24100661e-08  2.24100661e-08  2.32615083e-08  2.32615083e-08  2.32615083e-08  2.24100661e-08  2.24100661e-08  2.24100661e-08  2.16714061e-08  2.16714061e-08  2.16714061e-08  2.16714061e-08  8.98372213e-10  8.98372213e-10 
 2.04173794e+03  9.14525831e-08  9.14525831e-08  9.14525831e-08  9.09394624e-08  9.09394624e-08  9.09394624e-08  9.14525831e-08  9.14525831e-08  9.14525831e-08  9.09394624e-08  9.09394624e-08  9.09394624e-08  5.86265328e-08  5.86265328e-08  5.86265328e-08  5.86265328e-08  2.23209019e-08  2.23209019e-08  8.84421689e-08  8.84421689e-08  8.84421689e-08  8.81323745e-08  8.81323745e-08  8.81323745e-08  8.84421689e-08  8.84421689e-08  8.84421689e-08  8.81323745e-08  8.81323745e-08  8.81323745e-08  5.44609873e-08  5.44609873e-08  5.44609873e-08  5.44609873e-08  2.23027895e-08  2.23027895e-08  2.32615035e-08  2.32615035e-08  2.32615035e-08  2.24100615e-08  2.24100615e-08  2.24100615e-08  2.32615035e-08  2.32615035e-08  2.32615035e-08  2.24100615e-08  2.24100615e-08  2.24100615e-08  2.16714016e-08  2.16714016e-08  2.16714016e-08  2.16714016e-08  8.98373169e-10  8.98373169e-10 
 2.08929613e+03  9.06296525e-08  9.06296525e-08  9.06296525e-08  9.01176602e-08  9.01176602e-08  9.01176602e-08  9.06296525e-08  9.06296525e-08  9.06296525e-08  9.01176602e-08  9.01176602e-08  9.01176602e-08  5.80478640e-08  5.80478640e-08  5.80478640e-08  5.80478640e-08  2.21064549e-08  2.21064549e-08  8.75909609e-08  8.75909609e-08  8.75909609e-08  8.72841481e-08  8.72841481e-08  8.72841481e-08  8.75909609e-08  8.75909609e-08  8.75909609e-08  8.72841481e-08  8.72841481e-08  8.72841481e-08  5.38375659e-08  5.38375659e-08  5.38375659e-08  5.38375659e-08  2.20881666e-08  2.20881666e-08  2.32614985e-08  2.32614985e-08  2.32614985e-08  2.24100566e-08  2.24100566e-08  2.24100566e-08  2.32614985e-08  2.32614985e-08  2.32614985e-08  2.24100566e-08  2.24100566e-08  2.24100566e-08  2.16713970e-08  2.16713970e-08  2.16713970e-08  2.16713970e-08  8.98374171e-10  8.98374171e-10 
 2.13796209e+03  8.98151608e-08  8.98151608e-08  8.98151608e-08  8.93042535e-08  8.93042535e-08  8.93042535e-08  8.98151608e-08  8.98151608e-08  8.98151608e-08  8.93042535e-08  8.93042535e-08  8.93042535e-08  5.74767386e-08  5.74767386e-08  5.74767386e-08  5.74767386e-08  2.18940761e-08  2.18940761e-08  8.67479445e-08  8.67479445e-08  8.67479445e-08  8.64440846e-08  8.64440846e-08  8.64440846e-08  8.67479445e-08  8.67479445e-08  8.67479445e-08  8.64440846e-08  8.64440846e-08  8.64440846e-08  5.32212804e-08  5.32212804e-08  5.32212804e-08  5.32212804e-08  2.18756102e-08  2.18756102e-08  2.32614932e-08  2.32614932e-08  2.32614932e-08  2.24100516e-08  2.24100516e-08  2.24100516e-08  2.32614932e-08  2.32614932e-08  2.32614932e-08  2.24100516e-08  2.24100516e-08  2.24100516e-08  2.16713921e-08  2.16713921e-08  2.16713921e-08  2.16713921e-08  8.98375220e-10  8.98375220e-10 
 2.18776162e+03  8.90090307e-08  8.90090307e-08  8.90090307e-08  8.84991654e-08  8.84991654e-08  8.84991654e-08  8.90090307e-08  8.90090307e-08  8.90090307e-08  8.84991654e-08  8.84991654e-08  8.84991654e-08  5.69130765e-08  5.69130765e-08  5.69130765e-08  5.69130765e-08  2.16837457e-08  2.16837457e-08  8.59130407e-08  8.59130407e-08  8.59130407e-08  8.56121053e-08  8.56121053e-08  8.56121053e-08  8.59130407e-08  8.59130407e-08  8.59130407e-08  8.56121053e-08  8.56121053e-08  8.56121053e-08  5.26120490e-08  5.26120490e-08  5.26120490e-08  5.26120490e-08  2.16651004e-08  2.16651004e-08  2.32614877e-08  2.32614877e-08  2.32614877e-08  2.24100463e-08  2.24100463e-08  2.24100463e-08  2.32614877e-08  2.32614877e-08  2.32614877e-08  2.24100463e-08  2.24100463e-08  2.24100463e-08  2.16713869e-08  2.16713869e-08  2.16713869e-08  2.16713869e-08  8.98376318e-10  8.98376318e-10 
 2.23872114e+03  8.82111857e-08  8.82111857e-08  8.82111857e-08  8.77023195e-08  8.77023195e-08  8.77023195e-08  8.82111857e-08  8.82111857e-08  8.82111857e-08  8.77023195e-08  8.77023195e-08  8.77023195e-08  5.63567982e-08  5.63567982e-08  5.63567982e-08  5.63567982e-08  2.14754440e-08  2.14754440e-08  8.50861715e-08  8.50861715e-08  8.50861715e-08  8.47881324e-08  8.47881324e-08  8.47881324e-08  8.50861715e-08  8.50861715e-08  8.50861715e-08  8.47881324e-08  8.47881324e-08  8.47881324e-08  5.20097909e-08  5.20097909e-08  5.20097909e-08  5.20097909e-08  2.14566177e-08  2.14566177e-08  2.32614820e-08  2.32614820e-08  2.32614820e-08  2.24100407e-08  2.24100407e-08  2.24100407e-08  2.32614820e-08  2.32614820e-08  2.32614820e-08  2.24100407e-08  2.24100407e-08  2.24100407e-08  2.16713816e-08  2.16713816e-08  2.16713816e-08  2.16713816e-08  8.98377468e-10  8.98377468e-10 
 2.29086765e+03  8.74215503e-08  8.74215503e-08  8.74215503e-08  8.69136405e-08  8.69136405e-08  8.69136405e-08  8.74215503e-08  8.74215503e-08  8.74215503e-08  8.69136405e-08  8.69136405e-08  8.69136405e-08  5.58078252e-08  5.58078252e-08  5.58078252e-08  5.58078252e-08  2.12691515e-08  2.12691515e-08  8.42672595e-08  8.42672595e-08  8.42672595e-08  8.39720888e-08  8.39720888e-08  8.39720888e-08  8.42672595e-08  8.42672595e-08  8.42672595e-08  8.39720888e-08  8.39720888e-08  8.39720888e-08  5.14144265e-08  5.14144265e-08  5.14144265e-08  5.14144265e-08  2.12501424e-08  2.12501424e-08  2.32614759e-08  2.32614759e-08  2.32614759e-08  2.24100349e-08  2.24100349e-08  2.24100349e-08  2.32614759e-08  2.32614759e-08  2.32614759e-08  2.24100349e-08  2.24100349e-08  2.24100349e-08  2.16713760e-08  2.16713760e-08  2.16713760e-08  2.16713760e-08  8.98378672e-10  8.98378672e-10 
 2.34422882e+03  8.66400493e-08  8.66400493e-08  8.66400493e-08  8.61330535e-08  8.61330535e-08  8.61330535e-08  8.66400493e-08  8.66400493e-08  8.66400493e-08  8.61330535e-08  8.61330535e-08  8.61330535e-08  5.52660798e-08  5.52660798e-08  5.52660798e-08  5.52660798e-08  2.10648491e-08  2.10648491e-08  8.34562281e-08  8.34562281e-08  8.34562281e-08  8.31638983e-08  8.31638983e-08  8.31638983e-08  8.34562281e-08  8.34562281e-08  8.34562281e-08  8.31638983e-08  8.31638983e-08  8.31638983e-08  5.08258766e-08  5.08258766e-08  5.08258766e-08  5.08258766e-08  2.10456554e-08  2.10456554e-08  2.32614696e-08  2.32614696e-08  2.32614696e-08  2.24100288e-08  2.24100288e-08  2.24100288e-08  2.32614696e-08  2.32614696e-08  2.32614696e-08  2.24100288e-08  2.24100288e-08  2.24100288e-08  2.16713701e-08  2.16713701e-08  2.16713701e-08  2.16713701e-08  8.98379933e-10  8.98379933e-10 
 2.39883292e+03  8.58666086e-08  8.58666086e-08  8.58666086e-08  8.53604845e-08  8.53604845e-08  8.53604845e-08  8.58666086e-08  8.58666086e-08  8.58666086e-08  8.53604845e-08  8.53604845e-08  8.53604845e-08  5.47314852e-08  5.47314852e-08  5.47314852e-08  5.47314852e-08  2.08625175e-08  2.08625175e-08  8.26530014e-08  8.26530014e-08  8.26530014e-08  8.23634851e-08  8.23634851e-08  8.23634851e-08  8.26530014e-08  8.26530014e-08  8.26530014e-08  8.23634851e-08  8.23634851e-08  8.23634851e-08  5.02440633e-08  5.02440633e-08  5.02440633e-08  5.02440633e-08  2.08431375e-08  2.08431374e-08  2.32614630e-08  2.32614630e-08  2.32614630e-08  2.24100224e-08  2.24100224e-08  2.24100224e-08  2.32614630e-08  2.32614630e-08  2.32614630e-08  2.24100224e-08  2.24100224e-08  2.24100224e-08  2.16713639e-08  2.16713639e-08  2.16713639e-08  2.16713639e-08  8.98381253e-10  8.98381253e-10 
 2.45470892e+03  8.51011547e-08  8.51011547e-08  8.51011547e-08  8.45958604e-08  8.45958604e-08  8.45958604e-08  8.51011547e-08  8.51011547e-08  8.51011547e-08  8.45958604e-08  8.45958604e-08  8.45958604e-08  5.42039654e-08  5.42039654e-08  5.42039654e-08  5.42039654e-08  2.06621380e-08  2.06621380e-08  8.18575043e-08  8.18575043e-08  8.18575043e-08  8.15707745e-08  8.15707745e-08  8.15707745e-08  8.18575043e-08  8.18575043e-08  8.18575043e-08  8.15707745e-08  8.15707745e-08  8.15707745e-08  4.96689095e-08  4.96689095e-08  4.96689095e-08  4.96689095e-08  2.06425698e-08  2.06425698e-08  2.32614561e-08  2.32614561e-08  2.32614561e-08  2.24100158e-08  2.24100158e-08  2.24100158e-08  2.32614561e-08  2.32614561e-08  2.32614561e-08  2.24100158e-08  2.24100158e-08  2.24100158e-08  2.16713575e-08  2.16713575e-08  2.16713575e-08  2.16713575e-08  8.98382636e-10  8.98382636e-10 
 2.51188643e+03  8.43436147e-08  8.43436147e-08  8.43436147e-08  8.38391083e-08  8.38391083e-08  8.38391083e-08  8.43436147e-08  8.43436147e-08  8.43436147e-08  8.38391083e-08  8.38391083e-08  8.38391083e-08  5.36834451e-08  5.36834451e-08  5.36834451e-08  5.36834451e-08  2.04636918e-08  2.04636918e-08  8.10696624e-08  8.10696624e-08  8.10696624e-08  8.07856922e-08  8.07856922e-08  8.07856922e-08  8.10696624e-08  8.10696624e-08  8.10696624e-08  8.07856922e-08  8.07856922e-08  8.07856922e-08  4.91003389e-08  4.91003389e-08  4.91003389e-08  4.91003389e-08  2.04439335e-08  2.04439335e-08  2.32614488e-08  2.32614488e-08  2.32614488e-08  2.24100088e-08  2.24100088e-08  2.24100088e-08  2.32614488e-08  2.32614488e-08  2.32614488e-08  2.24100088e-08  2.24100088e-08  2.24100088e-08  2.16713507e-08  2.16713507e-08  2.16713507e-08  2.16713507e-08  8.98384083e-10  8.98384083e-10 
 2.57039578e+03  8.35939165e-08  8.35939165e-08  8.35939165e-08  8.30901566e-08  8.30901566e-08  8.30901566e-08  8.35939165e-08  8.35939165e-08  8.35939165e-08  8.30901566e-08  8.30901566e-08  8.30901566e-08  5.31698500e-08  5.31698500e-08  5.31698500e-08  5.31698500e-08  2.02671604e-08  2.02671604e-08  8.02894019e-08  8.02894019e-08  8.02894019e-08  8.00081648e-08  8.00081648e-08  8.00081648e-08  8.02894019e-08  8.02894019e-08  8.02894019e-08  8.00081648e-08  8.00081648e-08  8.00081648e-08  4.85382761e-08  4.85382761e-08  4.85382761e-08  4.85382761e-08  2.02472103e-08  2.02472103e-08  2.32614413e-08  2.32614413e-08  2.32614413e-08  2.24100015e-08  2.24100015e-08  2.24100015e-08  2.32614413e-08  2.32614413e-08  2.32614413e-08  2.24100015e-08  2.24100015e-08  2.24100015e-08  2.16713437e-08  2.16713437e-08  2.16713437e-08  2.16713437e-08  8.98385599e-10  8.98385599e-10 
 2.63026799e+03  8.28519888e-08  8.28519888e-08  8.28519888e-08  8.23489340e-08  8.23489340e-08  8.23489340e-08  8.28519888e-08  8.28519888e-08  8.28519888e-08  8.23489340e-08  8.23489340e-08  8.23489340e-08  5.26631062e-08  5.26631062e-08  5.26631062e-08  5.26631062e-08  2.00725254e-08  2.00725254e-08  7.95166499e-08  7.95166499e-08  7.95166499e-08  7.92381195e-08  7.92381195e-08  7.92381195e-08  7.95166499e-08  7.95166499e-08  7.95166499e-08  7.92381195e-08  7.92381195e-08  7.92381195e-08  4.79826467e-08  4.79826467e-08  4.79826467e-08  4.79826467e-08  2.00523816e-08  2.00523816e-08  2.32614333e-08  2.32614333e-08  2.32614333e-08  2.24099938e-08  2.24099938e-08  2.24099938e-08  2.32614333e-08  2.32614333e-08  2.32614333e-08  2.24099938e-08  2.24099938e-08  2.24099938e-08  2.16713362e-08  2.16713362e-08  2.16713362e-08  2.16713362e-08  8.98387187e-10  8.98387186e-10 
 2.69153480e+03  8.21177610e-08  8.21177610e-08  8.21177610e-08  8.16153701e-08  8.16153701e-08  8.16153701e-08  8.21177610e-08  8.21177610e-08  8.21177610e-08  8.16153701e-08  8.16153701e-08  8.16153701e-08  5.21631410e-08  5.21631410e-08  5.21631410e-08  5.21631410e-08  1.98797687e-08  1.98797687e-08  7.87513340e-08  7.87513340e-08  7.87513340e-08  7.84754843e-08  7.84754843e-08  7.84754843e-08  7.87513340e-08  7.87513340e-08  7.87513340e-08  7.84754843e-08  7.84754843e-08  7.84754843e-08  4.74333769e-08  4.74333769e-08  4.74333769e-08  4.74333769e-08  1.98594293e-08  1.98594293e-08  2.32614250e-08  2.32614250e-08  2.32614250e-08  2.24099858e-08  2.24099858e-08  2.24099858e-08  2.32614250e-08  2.32614250e-08  2.32614250e-08  2.24099858e-08  2.24099858e-08  2.24099858e-08  2.16713285e-08  2.16713285e-08  2.16713285e-08  2.16713285e-08  8.98388849e-10  8.98388848e-10 
 2.75422870e+03  8.13911629e-08  8.13911629e-08  8.13911629e-08  8.08893950e-08  8.08893950e-08  8.08893950e-08  8.13911629e-08  8.13911629e-08  8.13911629e-08  8.08893950e-08  8.08893950e-08  8.08893950e-08  5.16698822e-08  5.16698822e-08  5.16698822e-08  5.16698822e-08  1.96888723e-08  1.96888723e-08  7.79933827e-08  7.79933827e-08  7.79933827e-08  7.77201879e-08  7.77201879e-08  7.77201879e-08  7.79933827e-08  7.79933827e-08  7.79933827e-08  7.77201879e-08  7.77201879e-08  7.77201879e-08  4.68903939e-08  4.68903939e-08  4.68903939e-08  4.68903939e-08  1.96683354e-08  1.96683354e-08  2.32614163e-08  2.32614163e-08  2.32614163e-08  2.24099774e-08  2.24099774e-08  2.24099774e-08  2.32614163e-08  2.32614163e-08  2.32614163e-08  2.24099774e-08  2.24099774e-08  2.24099774e-08  2.16713204e-08  2.16713204e-08  2.16713204e-08  2.16713204e-08  8.98390589e-10  8.98390589e-10 
 2.81838293e+03  8.06721252e-08  8.06721252e-08  8.06721252e-08  8.01709397e-08  8.01709397e-08  8.01709397e-08  8.06721252e-08  8.06721252e-08  8.06721252e-08  8.01709397e-08  8.01709397e-08  8.01709397e-08  5.11832584e-08  5.11832584e-08  5.11832584e-08  5.11832584e-08  1.94998183e-08  1.94998183e-08  7.72427249e-08  7.72427249e-08  7.72427249e-08  7.69721596e-08  7.69721596e-08  7.69721596e-08  7.72427249e-08  7.72427249e-08  7.72427249e-08  7.69721596e-08  7.69721596e-08  7.69721596e-08  4.63536259e-08  4.63536259e-08  4.63536259e-08  4.63536259e-08  1.94790820e-08  1.94790820e-08  2.32614072e-08  2.32614072e-08  2.32614072e-08  2.24099686e-08  2.24099686e-08  2.24099686e-08  2.32614072e-08  2.32614072e-08  2.32614072e-08  2.24099686e-08  2.24099686e-08  2.24099686e-08  2.16713119e-08  2.16713119e-08  2.16713119e-08  2.16713119e-08  8.98392411e-10  8.98392411e-10 
 2.88403150e+03  7.99605794e-08  7.99605794e-08  7.99605794e-08  7.94599357e-08  7.94599357e-08  7.94599357e-08  7.99605794e-08  7.99605794e-08  7.99605794e-08  7.94599357e-08  7.94599357e-08  7.94599357e-08  5.07031990e-08  5.07031990e-08  5.07031990e-08  5.07031990e-08  1.93125892e-08  1.93125892e-08  7.64992906e-08  7.64992906e-08  7.64992906e-08  7.62313293e-08  7.62313293e-08  7.62313293e-08  7.64992906e-08  7.64992906e-08  7.64992906e-08  7.62313293e-08  7.62313293e-08  7.62313293e-08  4.58230015e-08  4.58230015e-08  4.58230015e-08  4.58230015e-08  1.92916516e-08  1.92916516e-08  2.32613976e-08  2.32613976e-08  2.32613976e-08  2.24099594e-08  2.24099594e-08  2.24099594e-08  2.32613976e-08  2.32613976e-08  2.32613976e-08  2.24099594e-08  2.24099594e-08  2.24099594e-08  2.16713030e-08  2.16713030e-08  2.16713030e-08  2.16713030e-08  8.98394320e-10  8.98394320e-10 
 2.95120923e+03  7.92564573e-08  7.92564573e-08  7.92564573e-08  7.87563152e-08  7.87563152e-08  7.87563152e-08  7.92564573e-08  7.92564573e-08  7.92564573e-08  7.87563152e-08  7.87563152e-08  7.87563152e-08  5.02296340e-08  5.02296340e-08  5.02296340e-08  5.02296340e-08  1.91271674e-08  1.91271674e-08  7.57630101e-08  7.57630101e-08  7.57630101e-08  7.54976278e-08  7.54976278e-08  7.54976278e-08  7.57630101e-08  7.57630101e-08  7.57630101e-08  7.54976278e-08  7.54976278e-08  7.54976278e-08  4.52984504e-08  4.52984504e-08  4.52984504e-08  4.52984504e-08  1.91060265e-08  1.91060265e-08  2.32613876e-08  2.32613876e-08  2.32613876e-08  2.24099497e-08  2.24099497e-08  2.24099497e-08  2.32613876e-08  2.32613876e-08  2.32613876e-08  2.24099497e-08  2.24099497e-08  2.24099497e-08  2.16712936e-08  2.16712936e-08  2.16712936e-08  2.16712936e-08  8.98396318e-10  8.98396318e-10 
 3.01995172e+03  7.85596917e-08  7.85596917e-08  7.85596917e-08  7.80600111e-08  7.80600111e-08  7.80600111e-08  7.85596917e-08  7.85596917e-08  7.85596917e-08  7.80600111e-08  7.80600111e-08  7.80600111e-08  4.97624942e-08  4.97624942e-08  4.97624942e-08  4.97624942e-08  1.89435357e-08  1.89435357e-08  7.50338146e-08  7.50338146e-08  7.50338146e-08  7.47709865e-08  7.47709865e-08  7.47709865e-08  7.50338146e-08  7.50338146e-08  7.50338146e-08  7.47709865e-08  7.47709865e-08  7.47709865e-08  4.47799032e-08  4.47799032e-08  4.47799032e-08  4.47799032e-08  1.89221895e-08  1.89221895e-08  2.32613771e-08  2.32613771e-08  2.32613771e-08  2.24099396e-08  2.24099396e-08  2.24099396e-08  2.32613771e-08  2.32613771e-08  2.32613771e-08  2.24099396e-08  2.24099396e-08  2.24099396e-08  2.16712839e-08  2.16712839e-08  2.16712839e-08  2.16712839e-08  8.98398411e-10  8.98398411e-10 
 3.09029543e+03  7.78702159e-08  7.78702159e-08  7.78702159e-08  7.73709570e-08  7.73709570e-08  7.73709570e-08  7.78702159e-08  7.78702159e-08  7.78702159e-08  7.73709570e-08  7.73709570e-08  7.73709570e-08  4.93017110e-08  4.93017110e-08  4.93017110e-08  4.93017110e-08  1.87616768e-08  1.87616768e-08  7.43116357e-08  7.43116357e-08  7.43116357e-08  7.40513372e-08  7.40513372e-08  7.40513372e-08  7.43116357e-08  7.43116357e-08  7.43116357e-08  7.40513372e-08  7.40513372e-08  7.40513372e-08  4.42672910e-08  4.42672910e-08  4.42672910e-08  4.42672910e-08  1.87401234e-08  1.87401234e-08  2.32613662e-08  2.32613662e-08  2.32613662e-08  2.24099291e-08  2.24099291e-08  2.24099291e-08  2.32613662e-08  2.32613662e-08  2.32613662e-08  2.24099291e-08  2.24099291e-08  2.24099291e-08  2.16712737e-08  2.16712737e-08  2.16712737e-08  2.16712737e-08  8.98400602e-10  8.98400601e-10 
 3.16227766e+03  7.71879638e-08  7.71879638e-08  7.71879638e-08  7.66890871e-08  7.66890871e-08  7.66890871e-08  7.71879638e-08  7.71879638e-08  7.71879638e-08  7.66890871e-08  7.66890871e-08  7.66890871e-08  4.88472165e-08  4.88472165e-08  4.88472165e-08  4.88472165e-08  1.85815740e-08  1.85815740e-08  7.35964060e-08  7.35964060e-08  7.35964060e-08  7.33386128e-08  7.33386128e-08  7.33386128e-08  7.35964060e-08  7.35964060e-08  7.35964060e-08  7.33386128e-08  7.33386128e-08  7.33386128e-08  4.37605459e-08  4.37605459e-08  4.37605459e-08  4.37605459e-08  1.85598112e-08  1.85598112e-08  2.32613547e-08  2.32613547e-08  2.32613547e-08  2.24099180e-08  2.24099180e-08  2.24099180e-08  2.32613547e-08  2.32613547e-08  2.32613547e-08  2.24099180e-08  2.24099180e-08  2.24099180e-08  2.16712630e-08  2.16712630e-08  2.16712630e-08  2.16712630e-08  8.98402896e-10  8.98402896e-10 
 3.23593657e+03  7.65128701e-08  7.65128701e-08  7.65128701e-08  7.60143360e-08  7.60143360e-08  7.60143360e-08  7.65128701e-08  7.65128701e-08  7.65128701e-08  7.60143360e-08  7.60143360e-08  7.60143360e-08  4.83989437e-08  4.83989437e-08  4.83989437e-08  4.83989437e-08  1.84032102e-08  1.84032102e-08  7.28880585e-08  7.28880585e-08  7.28880585e-08  7.26327464e-08  7.26327464e-08  7.26327464e-08  7.28880585e-08  7.28880585e-08  7.28880585e-08  7.26327464e-08  7.26327464e-08  7.26327464e-08  4.32596007e-08  4.32596007e-08  4.32596007e-08  4.32596007e-08  1.83812362e-08  1.83812362e-08  2.32613427e-08  2.32613427e-08  2.32613427e-08  2.24099064e-08  2.24099064e-08  2.24099064e-08  2.32613427e-08  2.32613427e-08  2.32613427e-08  2.24099064e-08  2.24099064e-08  2.24099064e-08  2.16712518e-08  2.16712518e-08  2.16712518e-08  2.16712518e-08  8.98405298e-10  8.98405298e-10 
 3.31131121e+03  7.58448700e-08  7.58448700e-08  7.58448700e-08  7.53466394e-08  7.53466394e-08  7.53466394e-08  7.58448700e-08  7.58448700e-08  7.58448700e-08  7.53466394e-08  7.53466394e-08  7.53466394e-08  4.79568259e-08  4.79568259e-08  4.79568259e-08  4.79568259e-08  1.82265690e-08  1.82265690e-08  7.21865269e-08  7.21865269e-08  7.21865269e-08  7.19336721e-08  7.19336721e-08  7.19336721e-08  7.21865269e-08  7.21865269e-08  7.21865269e-08  7.19336721e-08  7.19336721e-08  7.19336721e-08  4.27643890e-08  4.27643890e-08  4.27643890e-08  4.27643890e-08  1.82043817e-08  1.82043817e-08  2.32613301e-08  2.32613301e-08  2.32613301e-08  2.24098943e-08  2.24098943e-08  2.24098943e-08  2.32613301e-08  2.32613301e-08  2.32613301e-08  2.24098943e-08  2.24098943e-08  2.24098943e-08  2.16712400e-08  2.16712400e-08  2.16712400e-08  2.16712400e-08  8.98407814e-10  8.98407814e-10 
 3.38844156e+03  7.51838992e-08  7.51838992e-08  7.51838992e-08  7.46859332e-08  7.46859332e-08  7.46859332e-08  7.51838992e-08  7.51838992e-08  7.51838992e-08  7.46859332e-08  7.46859332e-08  7.46859332e-08  4.75207974e-08  4.75207974e-08  4.75207974e-08  4.75207974e-08  1.80516339e-08  1.80516339e-08  7.14917455e-08  7.14917455e-08  7.14917455e-08  7.12413244e-08  7.12413244e-08  7.12413244e-08  7.14917455e-08  7.14917455e-08  7.14917455e-08  7.12413244e-08  7.12413244e-08  7.12413244e-08  4.22748451e-08  4.22748451e-08  4.22748451e-08  4.22748451e-08  1.80292311e-08  1.80292311e-08  2.32613169e-08  2.32613169e-08  2.32613169e-08  2.24098815e-08  2.24098815e-08  2.24098815e-08  2.32613169e-08  2.32613169e-08  2.32613169e-08  2.24098815e-08  2.24098815e-08  2.24098815e-08  2.16712277e-08  2.16712277e-08  2.16712277e-08  2.16712277e-08  8.98410448e-10  8.98410448e-10 
 3.46736850e+03  7.45298944e-08  7.45298944e-08  7.45298944e-08  7.40321541e-08  7.40321541e-08  7.40321541e-08  7.45298944e-08  7.45298944e-08  7.45298944e-08  7.40321541e-08  7.40321541e-08  7.40321541e-08  4.70907928e-08  4.70907928e-08  4.70907928e-08  4.70907928e-08  1.78783885e-08  1.78783884e-08  7.08036494e-08  7.08036494e-08  7.08036494e-08  7.05556385e-08  7.05556385e-08  7.05556385e-08  7.08036494e-08  7.08036494e-08  7.08036494e-08  7.05556385e-08  7.05556385e-08  7.05556385e-08  4.17909041e-08  4.17909041e-08  4.17909041e-08  4.17909041e-08  1.78557682e-08  1.78557682e-08  2.32613031e-08  2.32613031e-08  2.32613031e-08  2.24098682e-08  2.24098682e-08  2.24098682e-08  2.32613031e-08  2.32613031e-08  2.32613031e-08  2.24098682e-08  2.24098682e-08  2.24098682e-08  2.16712149e-08  2.16712149e-08  2.16712149e-08  2.16712149e-08  8.98413207e-10  8.98413206e-10 
 3.54813389e+03  7.38827925e-08  7.38827925e-08  7.38827925e-08  7.33852395e-08  7.33852395e-08  7.33852395e-08  7.38827925e-08  7.38827925e-08  7.38827925e-08  7.33852395e-08  7.33852395e-08  7.33852395e-08  4.66667475e-08  4.66667475e-08  4.66667475e-08  4.66667475e-08  1.77068166e-08  1.77068166e-08  7.01221742e-08  7.01221742e-08  7.01221742e-08  6.98765503e-08  6.98765503e-08  6.98765503e-08  7.01221742e-08  7.01221742e-08  7.01221742e-08  6.98765503e-08  6.98765503e-08  6.98765503e-08  4.13125019e-08  4.13125019e-08  4.13125019e-08  4.13125019e-08  1.76839768e-08  1.76839768e-08  2.32612886e-08  2.32612886e-08  2.32612886e-08  2.24098543e-08  2.24098543e-08  2.24098543e-08  2.32612886e-08  2.32612886e-08  2.32612886e-08  2.24098543e-08  2.24098543e-08  2.24098543e-08  2.16712014e-08  2.16712014e-08  2.16712014e-08  2.16712014e-08  8.98416095e-10  8.98416095e-10 
 3.63078055e+03  7.32425312e-08  7.32425312e-08  7.32425312e-08  7.27451271e-08  7.27451271e-08  7.27451271e-08  7.32425312e-08  7.32425312e-08  7.32425312e-08  7.27451271e-08  7.27451271e-08  7.27451271e-08  4.62485976e-08  4.62485976e-08  4.62485976e-08  4.62485976e-08  1.75369024e-08  1.75369024e-08  6.94472560e-08  6.94472560e-08  6.94472560e-08  6.92039962e-08  6.92039962e-08  6.92039962e-08  6.94472560e-08  6.94472560e-08  6.94472560e-08  6.92039962e-08  6.92039962e-08  6.92039962e-08  4.08395750e-08  4.08395750e-08  4.08395750e-08  4.08395750e-08  1.75138408e-08  1.75138408e-08  2.32612735e-08  2.32612735e-08  2.32612735e-08  2.24098397e-08  2.24098397e-08  2.24098397e-08  2.32612735e-08  2.32612735e-08  2.32612735e-08  2.24098397e-08  2.24098397e-08  2.24098397e-08  2.16711873e-08  2.16711873e-08  2.16711873e-08  2.16711873e-08  8.98419119e-10  8.98419119e-10 
 3.71535229e+03  7.26090488e-08  7.26090488e-08  7.26090488e-08  7.21117556e-08  7.21117556e-08  7.21117556e-08  7.26090488e-08  7.26090488e-08  7.26090488e-08  7.21117556e-08  7.21117556e-08  7.21117556e-08  4.58362798e-08  4.58362798e-08  4.58362798e-08  4.58362798e-08  1.73686299e-08  1.73686299e-08  6.87788317e-08  6.87788317e-08  6.87788317e-08  6.85379132e-08  6.85379132e-08  6.85379132e-08  6.87788317e-08  6.87788317e-08  6.87788317e-08  6.85379132e-08  6.85379132e-08  6.85379132e-08  4.03720607e-08  4.03720607e-08  4.03720607e-08  4.03720607e-08  1.73453444e-08  1.73453444e-08  2.32612576e-08  2.32612576e-08  2.32612576e-08  2.24098244e-08  2.24098244e-08  2.24098244e-08  2.32612576e-08  2.32612576e-08  2.32612576e-08  2.24098244e-08  2.24098244e-08  2.24098244e-08  2.16711725e-08  2.16711725e-08  2.16711725e-08  2.16711725e-08  8.98422286e-10  8.98422286e-10 
 3.80189396e+03  7.19822841e-08  7.19822841e-08  7.19822841e-08  7.14850640e-08  7.14850640e-08  7.14850640e-08  7.19822841e-08  7.19822841e-08  7.19822841e-08  7.14850640e-08  7.14850640e-08  7.14850640e-08  4.54297311e-08  4.54297311e-08  4.54297311e-08  4.54297311e-08  1.72019836e-08  1.72019836e-08  6.81168388e-08  6.81168388e-08  6.81168388e-08  6.78782390e-08  6.78782390e-08  6.78782390e-08  6.81168388e-08  6.81168388e-08  6.81168388e-08  6.78782390e-08  6.78782390e-08  6.78782390e-08  3.99098971e-08  3.99098971e-08  3.99098971e-08  3.99098971e-08  1.71784720e-08  1.71784720e-08  2.32612410e-08  2.32612410e-08  2.32612410e-08  2.24098084e-08  2.24098084e-08  2.24098084e-08  2.32612410e-08  2.32612410e-08  2.32612410e-08  2.24098084e-08  2.24098084e-08  2.24098084e-08  2.16711570e-08  2.16711570e-08  2.16711570e-08  2.16711570e-08  8.98425602e-10  8.98425602e-10 
 3.89045145e+03  7.13621766e-08  7.13621766e-08  7.13621766e-08  7.08649919e-08  7.08649919e-08  7.08649919e-08  7.13621766e-08  7.13621766e-08  7.13621766e-08  7.08649919e-08  7.08649919e-08  7.08649919e-08  4.50288894e-08  4.50288894e-08  4.50288894e-08  4.50288894e-08  1.70369477e-08  1.70369477e-08  6.74612152e-08  6.74612152e-08  6.74612152e-08  6.72249120e-08  6.72249120e-08  6.72249120e-08  6.74612152e-08  6.74612152e-08  6.74612152e-08  6.72249120e-08  6.72249120e-08  6.72249120e-08  3.94530228e-08  3.94530228e-08  3.94530228e-08  3.94530228e-08  1.70132079e-08  1.70132079e-08  2.32612237e-08  2.32612237e-08  2.32612237e-08  2.24097916e-08  2.24097916e-08  2.24097916e-08  2.32612237e-08  2.32612237e-08  2.32612237e-08  2.24097916e-08  2.24097916e-08  2.24097916e-08  2.16711408e-08  2.16711408e-08  2.16711408e-08  2.16711408e-08  8.98429074e-10  8.98429074e-10 
 3.98107171e+03  7.07486663e-08  7.07486663e-08  7.07486663e-08  7.02514795e-08  7.02514795e-08  7.02514795e-08  7.07486663e-08  7.07486663e-08  7.07486663e-08  7.02514795e-08  7.02514795e-08  7.02514795e-08  4.46336932e-08  4.46336932e-08  4.46336932e-08  4.46336932e-08  1.68735071e-08  1.68735071e-08  6.68118997e-08  6.68118997e-08  6.68118997e-08  6.65778708e-08  6.65778708e-08  6.65778708e-08  6.68118997e-08  6.68118997e-08  6.68118997e-08  6.65778708e-08  6.65778708e-08  6.65778708e-08  3.90013772e-08  3.90013772e-08  3.90013772e-08  3.90013772e-08  1.68495368e-08  1.68495368e-08  2.32612055e-08  2.32612055e-08  2.32612055e-08  2.24097741e-08  2.24097741e-08  2.24097741e-08  2.32612055e-08  2.32612055e-08  2.32612055e-08  2.24097741e-08  2.24097741e-08  2.24097741e-08  2.16711239e-08  2.16711239e-08  2.16711239e-08  2.16711239e-08  8.98432711e-10  8.98432710e-10 
 4.07380278e+03  7.01416937e-08  7.01416937e-08  7.01416937e-08  6.96444678e-08  6.96444678e-08  6.96444678e-08  7.01416937e-08  7.01416937e-08  7.01416937e-08  6.96444678e-08  6.96444678e-08  6.96444678e-08  4.42440813e-08  4.42440813e-08  4.42440813e-08  4.42440813e-08  1.67116465e-08  1.67116465e-08  6.61688314e-08  6.61688314e-08  6.61688314e-08  6.59370550e-08  6.59370550e-08  6.59370550e-08  6.61688314e-08  6.61688314e-08  6.61688314e-08  6.59370550e-08  6.59370550e-08  6.59370550e-08  3.85549006e-08  3.85549006e-08  3.85549006e-08  3.85549006e-08  1.66874435e-08  1.66874435e-08  2.32611864e-08  2.32611864e-08  2.32611864e-08  2.24097557e-08  2.24097557e-08  2.24097557e-08  2.32611864e-08  2.32611864e-08  2.32611864e-08  2.24097557e-08  2.24097557e-08  2.24097557e-08  2.16711061e-08  2.16711061e-08  2.16711061e-08  2.16711061e-08  8.98436518e-10  8.98436518e-10 
 4.16869383e+03  6.95412001e-08  6.95412001e-08  6.95412001e-08  6.90438980e-08  6.90438980e-08  6.90438980e-08  6.95412001e-08  6.95412001e-08  6.95412001e-08  6.90438980e-08  6.90438980e-08  6.90438980e-08  4.38599932e-08  4.38599932e-08  4.38599932e-08  4.38599932e-08  1.65513507e-08  1.65513507e-08  6.55319501e-08  6.55319501e-08  6.55319501e-08  6.53024045e-08  6.53024045e-08  6.53024045e-08  6.55319501e-08  6.55319501e-08  6.55319501e-08  6.53024045e-08  6.53024045e-08  6.53024045e-08  3.81135336e-08  3.81135336e-08  3.81135336e-08  3.81135336e-08  1.65269128e-08  1.65269128e-08  2.32611665e-08  2.32611665e-08  2.32611665e-08  2.24097365e-08  2.24097365e-08  2.24097365e-08  2.32611665e-08  2.32611665e-08  2.32611665e-08  2.24097365e-08  2.24097365e-08  2.24097365e-08  2.16710875e-08  2.16710875e-08  2.16710875e-08  2.16710875e-08  8.98440505e-10  8.98440505e-10 
 4.26579519e+03  6.89471270e-08  6.89471270e-08  6.89471270e-08  6.84497120e-08  6.84497120e-08  6.84497120e-08  6.89471271e-08  6.89471271e-08  6.89471271e-08  6.84497120e-08  6.84497120e-08  6.84497120e-08  4.34813689e-08  4.34813689e-08  4.34813689e-08  4.34813689e-08  1.63926050e-08  1.63926050e-08  6.49011963e-08  6.49011963e-08  6.49011963e-08  6.46738600e-08  6.46738600e-08  6.46738600e-08  6.49011963e-08  6.49011963e-08  6.49011963e-08  6.46738600e-08  6.46738600e-08  6.46738600e-08  3.76772177e-08  3.76772177e-08  3.76772177e-08  3.76772177e-08  1.63679298e-08  1.63679298e-08  2.32611456e-08  2.32611456e-08  2.32611456e-08  2.24097163e-08  2.24097163e-08  2.24097163e-08  2.32611456e-08  2.32611456e-08  2.32611456e-08  2.24097163e-08  2.24097163e-08  2.24097163e-08  2.16710680e-08  2.16710680e-08  2.16710680e-08  2.16710680e-08  8.98444679e-10  8.98444679e-10 
 4.36515832e+03  6.83594169e-08  6.83594169e-08  6.83594169e-08  6.78618524e-08  6.78618524e-08  6.78618524e-08  6.83594169e-08  6.83594169e-08  6.83594169e-08  6.78618524e-08  6.78618524e-08  6.78618524e-08  4.31081492e-08  4.31081492e-08  4.31081492e-08  4.31081492e-08  1.62353944e-08  1.62353944e-08  6.42765108e-08  6.42765108e-08  6.42765108e-08  6.40513626e-08  6.40513626e-08  6.40513626e-08  6.42765108e-08  6.42765108e-08  6.42765108e-08  6.40513626e-08  6.40513626e-08  6.40513626e-08  3.72458951e-08  3.72458951e-08  3.72458951e-08  3.72458951e-08  1.62104797e-08  1.62104797e-08  2.32611237e-08  2.32611237e-08  2.32611237e-08  2.24096952e-08  2.24096952e-08  2.24096952e-08  2.32611237e-08  2.32611237e-08  2.32611237e-08  2.24096952e-08  2.24096952e-08  2.24096952e-08  2.16710476e-08  2.16710476e-08  2.16710476e-08  2.16710476e-08  8.98449051e-10  8.98449050e-10 
 4.46683592e+03  6.77780123e-08  6.77780123e-08  6.77780123e-08  6.72802622e-08  6.72802622e-08  6.72802622e-08  6.77780123e-08  6.77780123e-08  6.77780123e-08  6.72802622e-08  6.72802622e-08  6.72802622e-08  4.27402750e-08  4.27402750e-08  4.27402750e-08  4.27402750e-08  1.60797044e-08  1.60797044e-08  6.36578352e-08  6.36578352e-08  6.36578352e-08  6.34348541e-08  6.34348541e-08  6.34348541e-08  6.36578352e-08  6.36578352e-08  6.36578352e-08  6.34348541e-08  6.34348541e-08  6.34348541e-08  3.68195086e-08  3.68195086e-08  3.68195086e-08  3.68195086e-08  1.60545478e-08  1.60545478e-08  2.32611008e-08  2.32611008e-08  2.32611008e-08  2.24096731e-08  2.24096731e-08  2.24096731e-08  2.32611008e-08  2.32611008e-08  2.32611008e-08  2.24096731e-08  2.24096731e-08  2.24096731e-08  2.16710263e-08  2.16710263e-08  2.16710263e-08  2.16710263e-08  8.98453628e-10  8.98453628e-10 
 4.57088190e+03  6.72028567e-08  6.72028567e-08  6.72028567e-08  6.67048849e-08  6.67048849e-08  6.67048849e-08  6.72028567e-08  6.72028567e-08  6.72028567e-08  6.67048849e-08  6.67048849e-08  6.67048849e-08  4.23776881e-08  4.23776881e-08  4.23776881e-08  4.23776881e-08  1.59255206e-08  1.59255206e-08  6.30451116e-08  6.30451116e-08  6.30451116e-08  6.28242767e-08  6.28242767e-08  6.28242767e-08  6.30451116e-08  6.30451116e-08  6.30451116e-08  6.28242767e-08  6.28242767e-08  6.28242767e-08  3.63980016e-08  3.63980016e-08  3.63980016e-08  3.63980016e-08  1.59001197e-08  1.59001197e-08  2.32610768e-08  2.32610768e-08  2.32610768e-08  2.24096500e-08  2.24096500e-08  2.24096500e-08  2.32610768e-08  2.32610768e-08  2.32610768e-08  2.24096500e-08  2.24096500e-08  2.24096500e-08  2.16710039e-08  2.16710039e-08  2.16710039e-08  2.16710039e-08  8.98458421e-10  8.98458421e-10 
 4.67735141e+03  6.66338938e-08  6.66338938e-08  6.66338938e-08  6.61356646e-08  6.61356646e-08  6.61356646e-08  6.66338938e-08  6.66338938e-08  6.66338938e-08  6.61356646e-08  6.61356646e-08  6.61356646e-08  4.20203304e-08  4.20203304e-08  4.20203304e-08  4.20203304e-08  1.57728285e-08  1.57728285e-08  6.24382826e-08  6.24382826e-08  6.24382826e-08  6.22195732e-08  6.22195732e-08  6.22195732e-08  6.24382826e-08  6.24382826e-08  6.24382826e-08  6.22195732e-08  6.22195732e-08  6.22195732e-08  3.59813182e-08  3.59813182e-08  3.59813182e-08  3.59813182e-08  1.57471811e-08  1.57471811e-08  2.32610517e-08  2.32610517e-08  2.32610517e-08  2.24096258e-08  2.24096258e-08  2.24096258e-08  2.32610517e-08  2.32610517e-08  2.32610517e-08  2.24096258e-08  2.24096258e-08  2.24096258e-08  2.16709805e-08  2.16709805e-08  2.16709805e-08  2.16709805e-08  8.98463439e-10  8.98463439e-10 
 4.78630092e+03  6.60710682e-08  6.60710682e-08  6.60710682e-08  6.55725458e-08  6.55725458e-08  6.55725458e-08  6.60710682e-08  6.60710682e-08  6.60710682e-08  6.55725458e-08  6.55725458e-08  6.55725458e-08  4.16681448e-08  4.16681448e-08  4.16681448e-08  4.16681448e-08  1.56216139e-08  1.56216139e-08  6.18372913e-08  6.18372913e-08  6.18372913e-08  6.16206870e-08  6.16206870e-08  6.16206870e-08  6.18372913e-08  6.18372913e-08  6.18372913e-08  6.16206870e-08  6.16206870e-08  6.16206870e-08  3.55694032e-08  3.55694032e-08  3.55694032e-08  3.55694032e-08  1.55957176e-08  1.55957176e-08  2.32610253e-08  2.32610253e-08  2.32610253e-08  2.24096004e-08  2.24096004e-08  2.24096004e-08  2.32610253e-08  2.32610253e-08  2.32610253e-08  2.24096004e-08  2.24096004e-08  2.24096004e-08  2.16709560e-08  2.16709560e-08  2.16709560e-08  2.16709560e-08  8.98468694e-10  8.98468694e-10 
 4.89778819e+03  6.55143245e-08  6.55143245e-08  6.55143245e-08  6.50154739e-08  6.50154739e-08  6.50154739e-08  6.55143245e-08  6.55143245e-08  6.55143245e-08  6.50154739e-08  6.50154739e-08  6.50154739e-08  4.13210742e-08  4.13210742e-08  4.13210742e-08  4.13210742e-08  1.54718629e-08  1.54718629e-08  6.12420815e-08  6.12420815e-08  6.12420815e-08  6.10275621e-08  6.10275621e-08  6.10275621e-08  6.12420815e-08  6.12420815e-08  6.12420815e-08  6.10275621e-08  6.10275621e-08  6.10275621e-08  3.51622020e-08  3.51622020e-08  3.51622020e-08  3.51622020e-08  1.54457151e-08  1.54457151e-08  2.32609978e-08  2.32609978e-08  2.32609978e-08  2.24095738e-08  2.24095738e-08  2.24095738e-08  2.32609978e-08  2.32609978e-08  2.32609978e-08  2.24095738e-08  2.24095738e-08  2.24095738e-08  2.16709303e-08  2.16709303e-08  2.16709303e-08  2.16709303e-08  8.98474197e-10  8.98474197e-10 
 5.01187234e+03  6.49636084e-08  6.49636084e-08  6.49636084e-08  6.44643943e-08  6.44643943e-08  6.44643943e-08  6.49636084e-08  6.49636084e-08  6.49636084e-08  6.44643943e-08  6.44643943e-08  6.44643943e-08  4.09790624e-08  4.09790624e-08  4.09790624e-08  4.09790624e-08  1.53235615e-08  1.53235615e-08  6.06525975e-08  6.06525975e-08  6.06525975e-08  6.04401428e-08  6.04401428e-08  6.04401428e-08  6.06525975e-08  6.06525975e-08  6.06525975e-08  6.04401428e-08  6.04401428e-08  6.04401428e-08  3.47596605e-08  3.47596605e-08  3.47596605e-08  3.47596605e-08  1.52971599e-08  1.52971599e-08  2.32609690e-08  2.32609690e-08  2.32609690e-08  2.24095460e-08  2.24095460e-08  2.24095460e-08  2.32609690e-08  2.32609690e-08  2.32609690e-08  2.24095460e-08  2.24095460e-08  2.24095460e-08  2.16709034e-08  2.16709034e-08  2.16709034e-08  2.16709034e-08  8.98479960e-10  8.98479959e-10 
 5.12861384e+03  6.44188656e-08  6.44188656e-08  6.44188656e-08  6.39192532e-08  6.39192532e-08  6.39192532e-08  6.44188656e-08  6.44188656e-08  6.44188656e-08  6.39192532e-08  6.39192532e-08  6.39192532e-08  4.06420533e-08  4.06420533e-08  4.06420533e-08  4.06420533e-08  1.51766959e-08  1.51766959e-08  6.00687841e-08  6.00687841e-08  6.00687841e-08  5.98583743e-08  5.98583743e-08  5.98583743e-08  6.00687841e-08  6.00687841e-08  6.00687841e-08  5.98583743e-08  5.98583743e-08  5.98583743e-08  3.43617253e-08  3.43617253e-08  3.43617253e-08  3.43617253e-08  1.51500380e-08  1.51500380e-08  2.32609388e-08  2.32609388e-08  2.32609388e-08  2.24095169e-08  2.24095169e-08  2.24095169e-08  2.32609388e-08  2.32609388e-08  2.32609388e-08  2.24095169e-08  2.24095169e-08  2.24095169e-08  2.16708753e-08  2.16708753e-08  2.16708753e-08  2.16708753e-08  8.98485993e-10  8.98485993e-10 
 5.24807460e+03  6.38800425e-08  6.38800425e-08  6.38800425e-08  6.33799973e-08  6.33799973e-08  6.33799973e-08  6.38800425e-08  6.38800425e-08  6.38800425e-08  6.33799973e-08  6.33799973e-08  6.33799973e-08  4.03099916e-08  4.03099916e-08  4.03099916e-08  4.03099916e-08  1.50312525e-08  1.50312525e-08  5.94905865e-08  5.94905865e-08  5.94905865e-08  5.92822019e-08  5.92822019e-08  5.92822019e-08  5.94905865e-08  5.94905865e-08  5.94905865e-08  5.92822019e-08  5.92822019e-08  5.92822019e-08  3.39683437e-08  3.39683437e-08  3.39683437e-08  3.39683437e-08  1.50043358e-08  1.50043358e-08  2.32609071e-08  2.32609071e-08  2.32609071e-08  2.24094864e-08  2.24094864e-08  2.24094864e-08  2.32609071e-08  2.32609071e-08  2.32609071e-08  2.24094864e-08  2.24094864e-08  2.24094864e-08  2.16708458e-08  2.16708458e-08  2.16708458e-08  2.16708458e-08  8.98492311e-10  8.98492311e-10 
 5.37031796e+03  6.33470861e-08  6.33470861e-08  6.33470861e-08  6.28465737e-08  6.28465737e-08  6.28465737e-08  6.33470861e-08  6.33470861e-08  6.33470861e-08  6.28465737e-08  6.28465737e-08  6.28465737e-08  3.99828222e-08  3.99828222e-08  3.99828222e-08  3.99828222e-08  1.48872178e-08  1.48872178e-08  5.89179506e-08  5.89179506e-08  5.89179506e-08  5.87115718e-08  5.87115718e-08  5.87115718e-08  5.89179506e-08  5.89179506e-08  5.89179506e-08  5.87115718e-08  5.87115718e-08  5.87115718e-08  3.35794634e-08  3.35794634e-08  3.35794634e-08  3.35794634e-08  1.48600399e-08  1.48600399e-08  2.32608740e-08  2.32608740e-08  2.32608740e-08  2.24094545e-08  2.24094545e-08  2.24094545e-08  2.32608740e-08  2.32608740e-08  2.32608740e-08  2.24094545e-08  2.24094545e-08  2.24094545e-08  2.16708149e-08  2.16708149e-08  2.16708149e-08  2.16708149e-08  8.98498927e-10  8.98498927e-10 
 5.49540874e+03  6.28199436e-08  6.28199436e-08  6.28199436e-08  6.23189300e-08  6.23189300e-08  6.23189300e-08  6.28199436e-08  6.28199436e-08  6.28199436e-08  6.23189300e-08  6.23189300e-08  6.23189300e-08  3.96604906e-08  3.96604906e-08  3.96604906e-08  3.96604906e-08  1.47445785e-08  1.47445785e-08  5.83508229e-08  5.83508229e-08  5.83508229e-08  5.81464305e-08  5.81464305e-08  5.81464305e-08  5.83508229e-08  5.83508229e-08  5.83508229e-08  5.81464305e-08  5.81464305e-08  5.81464305e-08  3.31950330e-08  3.31950330e-08  3.31950330e-08  3.31950330e-08  1.47171367e-08  1.47171367e-08  2.32608393e-08  2.32608393e-08  2.32608393e-08  2.24094210e-08  2.24094210e-08  2.24094210e-08  2.32608393e-08  2.32608393e-08  2.32608393e-08  2.24094210e-08  2.24094210e-08  2.24094210e-08  2.16707826e-08  2.16707826e-08  2.16707826e-08  2.16707826e-08  8.98505854e-10  8.98505854e-10 
 5.62341325e+03  6.22985631e-08  6.22985631e-08  6.22985631e-08  6.17970144e-08  6.17970144e-08  6.17970144e-08  6.22985631e-08  6.22985631e-08  6.22985631e-08  6.17970144e-08  6.17970144e-08  6.17970144e-08  3.93429428e-08  3.93429428e-08  3.93429428e-08  3.93429428e-08  1.46033212e-08  1.46033212e-08  5.77891500e-08  5.77891500e-08  5.77891500e-08  5.75867250e-08  5.75867250e-08  5.75867250e-08  5.77891500e-08  5.77891500e-08  5.77891500e-08  5.75867250e-08  5.75867250e-08  5.75867250e-08  3.28150013e-08  3.28150013e-08  3.28150013e-08  3.28150013e-08  1.45756130e-08  1.45756130e-08  2.32608030e-08  2.32608030e-08  2.32608030e-08  2.24093860e-08  2.24093860e-08  2.24093860e-08  2.32608030e-08  2.32608030e-08  2.32608030e-08  2.24093860e-08  2.24093860e-08  2.24093860e-08  2.16707488e-08  2.16707488e-08  2.16707488e-08  2.16707488e-08  8.98513107e-10  8.98513107e-10 
 5.75439937e+03  6.17828927e-08  6.17828927e-08  6.17828927e-08  6.12807754e-08  6.12807754e-08  6.12807754e-08  6.17828927e-08  6.17828927e-08  6.17828927e-08  6.12807754e-08  6.12807754e-08  6.12807754e-08  3.90301249e-08  3.90301249e-08  3.90301249e-08  3.90301249e-08  1.44634329e-08  1.44634329e-08  5.72328795e-08  5.72328795e-08  5.72328795e-08  5.70324030e-08  5.70324030e-08  5.70324030e-08  5.72328795e-08  5.72328795e-08  5.72328795e-08  5.70324030e-08  5.70324030e-08  5.70324030e-08  3.24393181e-08  3.24393181e-08  3.24393181e-08  3.24393181e-08  1.44354557e-08  1.44354557e-08  2.32607650e-08  2.32607650e-08  2.32607650e-08  2.24093493e-08  2.24093493e-08  2.24093493e-08  2.32607650e-08  2.32607650e-08  2.32607650e-08  2.24093493e-08  2.24093493e-08  2.24093493e-08  2.16707133e-08  2.16707133e-08  2.16707133e-08  2.16707133e-08  8.98520703e-10  8.98520703e-10 
 5.88843655e+03  6.12728813e-08  6.12728813e-08  6.12728813e-08  6.07701620e-08  6.07701620e-08  6.07701620e-08  6.12728813e-08  6.12728813e-08  6.12728813e-08  6.07701620e-08  6.07701620e-08  6.07701620e-08  3.87219838e-08  3.87219838e-08  3.87219838e-08  3.87219838e-08  1.43249007e-08  1.43249007e-08  5.66819593e-08  5.66819593e-08  5.66819593e-08  5.64834124e-08  5.64834124e-08  5.64834124e-08  5.66819593e-08  5.66819593e-08  5.66819593e-08  5.64834124e-08  5.64834124e-08  5.64834124e-08  3.20679333e-08  3.20679333e-08  3.20679333e-08  3.20679333e-08  1.42966519e-08  1.42966519e-08  2.32607252e-08  2.32607252e-08  2.32607252e-08  2.24093109e-08  2.24093109e-08  2.24093109e-08  2.32607252e-08  2.32607252e-08  2.32607252e-08  2.24093109e-08  2.24093109e-08  2.24093109e-08  2.16706762e-08  2.16706762e-08  2.16706762e-08  2.16706762e-08  8.98528656e-10  8.98528656e-10 
 6.02559586e+03  6.07684781e-08  6.07684781e-08  6.07684781e-08  6.02651239e-08  6.02651239e-08  6.02651239e-08  6.07684781e-08  6.07684781e-08  6.07684781e-08  6.02651239e-08  6.02651239e-08  6.02651239e-08  3.84184666e-08  3.84184666e-08  3.84184666e-08  3.84184666e-08  1.41877117e-08  1.41877117e-08  5.61363376e-08  5.61363376e-08  5.61363376e-08  5.59397018e-08  5.59397018e-08  5.59397018e-08  5.61363376e-08  5.61363376e-08  5.61363376e-08  5.59397018e-08  5.59397018e-08  5.59397018e-08  3.17007979e-08  3.17007979e-08  3.17007979e-08  3.17007979e-08  1.41591887e-08  1.41591887e-08  2.32606835e-08  2.32606835e-08  2.32606835e-08  2.24092707e-08  2.24092707e-08  2.24092707e-08  2.32606835e-08  2.32606835e-08  2.32606835e-08  2.24092707e-08  2.24092707e-08  2.24092707e-08  2.16706373e-08  2.16706373e-08  2.16706373e-08  2.16706373e-08  8.98536984e-10  8.98536983e-10 
 6.16595002e+03  6.02696329e-08  6.02696329e-08  6.02696329e-08  5.97656109e-08  5.97656109e-08  5.97656109e-08  6.02696329e-08  6.02696329e-08  6.02696329e-08  5.97656109e-08  5.97656109e-08  5.97656109e-08  3.81195210e-08  3.81195210e-08  3.81195210e-08  3.81195210e-08  1.40518532e-08  1.40518532e-08  5.55959634e-08  5.55959634e-08  5.55959634e-08  5.54012203e-08  5.54012203e-08  5.54012203e-08  5.55959634e-08  5.55959634e-08  5.55959634e-08  5.54012203e-08  5.54012203e-08  5.54012203e-08  3.13378630e-08  3.13378630e-08  3.13378630e-08  3.13378630e-08  1.40230533e-08  1.40230533e-08  2.32606398e-08  2.32606398e-08  2.32606398e-08  2.24092286e-08  2.24092286e-08  2.24092286e-08  2.32606398e-08  2.32606398e-08  2.32606398e-08  2.24092286e-08  2.24092286e-08  2.24092286e-08  2.16705967e-08  2.16705967e-08  2.16705967e-08  2.16705967e-08  8.98545704e-10  8.98545704e-10 
 6.30957344e+03  5.97762957e-08  5.97762957e-08  5.97762957e-08  5.92715734e-08  5.92715734e-08  5.92715734e-08  5.97762957e-08  5.97762957e-08  5.97762957e-08  5.92715734e-08  5.92715734e-08  5.92715734e-08  3.78250949e-08  3.78250949e-08  3.78250949e-08  3.78250949e-08  1.39173126e-08  1.39173126e-08  5.50607860e-08  5.50607860e-08  5.50607860e-08  5.48679175e-08  5.48679175e-08  5.48679175e-08  5.50607860e-08  5.50607860e-08  5.50607860e-08  5.48679175e-08  5.48679175e-08  5.48679175e-08  3.09790806e-08  3.09790806e-08  3.09790806e-08  3.09790806e-08  1.38882331e-08  1.38882331e-08  2.32605941e-08  2.32605941e-08  2.32605941e-08  2.24091846e-08  2.24091846e-08  2.24091846e-08  2.32605941e-08  2.32605941e-08  2.32605941e-08  2.24091846e-08  2.24091846e-08  2.24091846e-08  2.16705540e-08  2.16705540e-08  2.16705540e-08  2.16705540e-08  8.98554835e-10  8.98554835e-10 
 6.45654229e+03  5.92884172e-08  5.92884172e-08  5.92884172e-08  5.87829625e-08  5.87829625e-08  5.87829625e-08  5.92884172e-08  5.92884172e-08  5.92884172e-08  5.87829625e-08  5.87829625e-08  5.87829625e-08  3.75351366e-08  3.75351366e-08  3.75351366e-08  3.75351366e-08  1.37840775e-08  1.37840775e-08  5.45307553e-08  5.45307553e-08  5.45307553e-08  5.43397433e-08  5.43397433e-08  5.43397433e-08  5.45307553e-08  5.45307553e-08  5.45307553e-08  5.43397433e-08  5.43397433e-08  5.43397433e-08  3.06244029e-08  3.06244029e-08  3.06244029e-08  3.06244029e-08  1.37547157e-08  1.37547157e-08  2.32605463e-08  2.32605463e-08  2.32605463e-08  2.24091384e-08  2.24091384e-08  2.24091384e-08  2.32605463e-08  2.32605463e-08  2.32605463e-08  2.24091384e-08  2.24091384e-08  2.24091384e-08  2.16705094e-08  2.16705094e-08  2.16705094e-08  2.16705094e-08  8.98564396e-10  8.98564396e-10 
 6.60693448e+03  5.88059484e-08  5.88059484e-08  5.88059484e-08  5.82997293e-08  5.82997293e-08  5.82997293e-08  5.88059484e-08  5.88059484e-08  5.88059484e-08  5.82997293e-08  5.82997293e-08  5.82997293e-08  3.72495951e-08  3.72495951e-08  3.72495951e-08  3.72495951e-08  1.36521355e-08  1.36521355e-08  5.40058216e-08  5.40058216e-08  5.40058216e-08  5.38166482e-08  5.38166482e-08  5.38166482e-08  5.40058216e-08  5.40058216e-08  5.40058216e-08  5.38166482e-08  5.38166482e-08  5.38166482e-08  3.02737830e-08  3.02737830e-08  3.02737830e-08  3.02737830e-08  1.36224887e-08  1.36224887e-08  2.32604961e-08  2.32604961e-08  2.32604961e-08  2.24090901e-08  2.24090901e-08  2.24090901e-08  2.32604961e-08  2.32604961e-08  2.32604961e-08  2.24090901e-08  2.24090901e-08  2.24090901e-08  2.16704627e-08  2.16704627e-08  2.16704627e-08  2.16704627e-08  8.98574407e-10  8.98574407e-10 
 6.76082975e+03  5.83288409e-08  5.83288409e-08  5.83288409e-08  5.78218256e-08  5.78218256e-08  5.78218256e-08  5.83288409e-08  5.83288409e-08  5.83288409e-08  5.78218256e-08  5.78218256e-08  5.78218256e-08  3.69684194e-08  3.69684194e-08  3.69684194e-08  3.69684194e-08  1.35214746e-08  1.35214746e-08  5.34859356e-08  5.34859356e-08  5.34859356e-08  5.32985832e-08  5.32985832e-08  5.32985832e-08  5.34859356e-08  5.34859356e-08  5.34859356e-08  5.32985832e-08  5.32985832e-08  5.32985832e-08  2.99271743e-08  2.99271743e-08  2.99271743e-08  2.99271743e-08  1.34915399e-08  1.34915399e-08  2.32604437e-08  2.32604437e-08  2.32604437e-08  2.24090394e-08  2.24090394e-08  2.24090394e-08  2.32604437e-08  2.32604437e-08  2.32604437e-08  2.24090394e-08  2.24090394e-08  2.24090394e-08  2.16704138e-08  2.16704138e-08  2.16704138e-08  2.16704138e-08  8.98584890e-10  8.98584890e-10 
 6.91830971e+03  5.78570463e-08  5.78570463e-08  5.78570463e-08  5.73492035e-08  5.73492035e-08  5.73492035e-08  5.78570463e-08  5.78570463e-08  5.78570463e-08  5.73492035e-08  5.73492035e-08  5.73492035e-08  3.66915591e-08  3.66915591e-08  3.66915591e-08  3.66915591e-08  1.33920825e-08  1.33920825e-08  5.29710487e-08  5.29710487e-08  5.29710487e-08  5.27854997e-08  5.27854997e-08  5.27854997e-08  5.29710487e-08  5.29710487e-08  5.29710487e-08  5.27854997e-08  5.27854997e-08  5.27854997e-08  2.95845308e-08  2.95845308e-08  2.95845308e-08  2.95845308e-08  1.33618573e-08  1.33618573e-08  2.32603887e-08  2.32603887e-08  2.32603887e-08  2.24089864e-08  2.24089864e-08  2.24089864e-08  2.32603887e-08  2.32603887e-08  2.32603887e-08  2.24089864e-08  2.24089864e-08  2.24089864e-08  2.16703626e-08  2.16703626e-08  2.16703626e-08  2.16703626e-08  8.98595867e-10  8.98595867e-10 
 7.07945784e+03  5.73905172e-08  5.73905172e-08  5.73905172e-08  5.68818158e-08  5.68818158e-08  5.68818158e-08  5.73905172e-08  5.73905172e-08  5.73905172e-08  5.68818158e-08  5.68818158e-08  5.68818158e-08  3.64189641e-08  3.64189641e-08  3.64189641e-08  3.64189641e-08  1.32639474e-08  1.32639474e-08  5.24611126e-08  5.24611126e-08  5.24611126e-08  5.22773497e-08  5.22773497e-08  5.22773497e-08  5.24611126e-08  5.24611126e-08  5.24611126e-08  5.22773497e-08  5.22773497e-08  5.22773497e-08  2.92458071e-08  2.92458071e-08  2.92458071e-08  2.92458071e-08  1.32334287e-08  1.32334287e-08  2.32603312e-08  2.32603312e-08  2.32603312e-08  2.24089310e-08  2.24089310e-08  2.24089310e-08  2.32603312e-08  2.32603312e-08  2.32603312e-08  2.24089310e-08  2.24089310e-08  2.24089310e-08  2.16703089e-08  2.16703089e-08  2.16703089e-08  2.16703089e-08  8.98607361e-10  8.98607361e-10 
 7.24435960e+03  5.69292061e-08  5.69292061e-08  5.69292061e-08  5.64196153e-08  5.64196153e-08  5.64196153e-08  5.69292061e-08  5.69292061e-08  5.69292061e-08  5.64196153e-08  5.64196153e-08  5.64196153e-08  3.61505847e-08  3.61505847e-08  3.61505847e-08  3.61505847e-08  1.31370575e-08  1.31370575e-08  5.19560794e-08  5.19560794e-08  5.19560794e-08  5.17740854e-08  5.17740854e-08  5.17740854e-08  5.19560794e-08  5.19560794e-08  5.19560794e-08  5.17740854e-08  5.17740854e-08  5.17740854e-08  2.89109582e-08  2.89109582e-08  2.89109582e-08  2.89109582e-08  1.31062425e-08  1.31062425e-08  2.32602709e-08  2.32602709e-08  2.32602709e-08  2.24088728e-08  2.24088728e-08  2.24088728e-08  2.32602709e-08  2.32602709e-08  2.32602709e-08  2.24088728e-08  2.24088728e-08  2.24088728e-08  2.16702528e-08  2.16702528e-08  2.16702528e-08  2.16702528e-08  8.98619396e-10  8.98619396e-10 
 7.41310241e+03  5.64730662e-08  5.64730662e-08  5.64730662e-08  5.59625555e-08  5.59625555e-08  5.59625555e-08  5.64730662e-08  5.64730662e-08  5.64730662e-08  5.59625555e-08  5.59625555e-08  5.59625555e-08  3.58863716e-08  3.58863716e-08  3.58863716e-08  3.58863716e-08  1.30114010e-08  1.30114010e-08  5.14559017e-08  5.14559017e-08  5.14559017e-08  5.12756597e-08  5.12756597e-08  5.12756597e-08  5.14559017e-08  5.14559017e-08  5.14559017e-08  5.12756597e-08  5.12756597e-08  5.12756597e-08  2.85799396e-08  2.85799396e-08  2.85799396e-08  2.85799396e-08  1.29802869e-08  1.29802869e-08  2.32602078e-08  2.32602078e-08  2.32602078e-08  2.24088120e-08  2.24088120e-08  2.24088120e-08  2.32602078e-08  2.32602078e-08  2.32602078e-08  2.24088120e-08  2.24088120e-08  2.24088120e-08  2.16701939e-08  2.16701939e-08  2.16701939e-08  2.16701939e-08  8.98631998e-10  8.98631998e-10 
 7.58577575e+03  5.60220511e-08  5.60220511e-08  5.60220511e-08  5.55105902e-08  5.55105902e-08  5.55105902e-08  5.60220511e-08  5.60220511e-08  5.60220511e-08  5.55105902e-08  5.55105902e-08  5.55105902e-08  3.56262757e-08  3.56262757e-08  3.56262757e-08  3.56262757e-08  1.28869664e-08  1.28869664e-08  5.09605328e-08  5.09605328e-08  5.09605328e-08  5.07820258e-08  5.07820258e-08  5.07820258e-08  5.09605328e-08  5.09605328e-08  5.09605328e-08  5.07820258e-08  5.07820258e-08  5.07820258e-08  2.82527075e-08  2.82527075e-08  2.82527075e-08  2.82527075e-08  1.28555502e-08  1.28555502e-08  2.32601417e-08  2.32601417e-08  2.32601417e-08  2.24087483e-08  2.24087483e-08  2.24087483e-08  2.32601417e-08  2.32601417e-08  2.32601417e-08  2.24087483e-08  2.24087483e-08  2.24087483e-08  2.16701324e-08  2.16701324e-08  2.16701324e-08  2.16701324e-08  8.98645194e-10  8.98645194e-10 
 7.76247117e+03  5.55761146e-08  5.55761146e-08  5.55761146e-08  5.50636736e-08  5.50636736e-08  5.50636736e-08  5.55761146e-08  5.55761146e-08  5.55761146e-08  5.50636736e-08  5.50636736e-08  5.50636736e-08  3.53702483e-08  3.53702483e-08  3.53702483e-08  3.53702483e-08  1.27637422e-08  1.27637422e-08  5.04699260e-08  5.04699260e-08  5.04699260e-08  5.02931374e-08  5.02931374e-08  5.02931374e-08  5.04699260e-08  5.04699260e-08  5.04699260e-08  5.02931374e-08  5.02931374e-08  5.02931374e-08  2.79292183e-08  2.79292183e-08  2.79292183e-08  2.79292183e-08  1.27320210e-08  1.27320210e-08  2.32600725e-08  2.32600725e-08  2.32600725e-08  2.24086816e-08  2.24086816e-08  2.24086816e-08  2.32600725e-08  2.32600725e-08  2.32600725e-08  2.24086816e-08  2.24086816e-08  2.24086816e-08  2.16700679e-08  2.16700679e-08  2.16700679e-08  2.16700679e-08  8.98659011e-10  8.98659011e-10 
 7.94328235e+03  5.51352112e-08  5.51352112e-08  5.51352112e-08  5.46217604e-08  5.46217604e-08  5.46217604e-08  5.51352112e-08  5.51352112e-08  5.51352112e-08  5.46217605e-08  5.46217605e-08  5.46217605e-08  3.51182414e-08  3.51182414e-08  3.51182414e-08  3.51182414e-08  1.26417172e-08  1.26417172e-08  4.99840354e-08  4.99840354e-08  4.99840354e-08  4.98089486e-08  4.98089486e-08  4.98089486e-08  4.99840354e-08  4.99840354e-08  4.99840354e-08  4.98089486e-08  4.98089486e-08  4.98089486e-08  2.76094291e-08  2.76094291e-08  2.76094291e-08  2.76094291e-08  1.26096879e-08  1.26096879e-08  2.32600001e-08  2.32600001e-08  2.32600001e-08  2.24086117e-08  2.24086117e-08  2.24086117e-08  2.32600001e-08  2.32600001e-08  2.32600001e-08  2.24086117e-08  2.24086117e-08  2.24086117e-08  2.16700003e-08  2.16700003e-08  2.16700003e-08  2.16700003e-08  8.98673479e-10  8.98673479e-10 
 8.12830516e+03  5.46992953e-08  5.46992953e-08  5.46992953e-08  5.41848056e-08  5.41848056e-08  5.41848056e-08  5.46992953e-08  5.46992953e-08  5.46992953e-08  5.41848056e-08  5.41848056e-08  5.41848056e-08  3.48702067e-08  3.48702067e-08  3.48702067e-08  3.48702067e-08  1.25208800e-08  1.25208800e-08  4.95028153e-08  4.95028153e-08  4.95028153e-08  4.93294141e-08  4.93294141e-08  4.93294141e-08  4.95028153e-08  4.95028153e-08  4.95028153e-08  4.93294141e-08  4.93294141e-08  4.93294141e-08  2.72932976e-08  2.72932976e-08  2.72932976e-08  2.72932976e-08  1.24885397e-08  1.24885397e-08  2.32599242e-08  2.32599242e-08  2.32599242e-08  2.24085385e-08  2.24085385e-08  2.24085385e-08  2.32599242e-08  2.32599242e-08  2.32599242e-08  2.24085385e-08  2.24085385e-08  2.24085385e-08  2.16699296e-08  2.16699296e-08  2.16699296e-08  2.16699296e-08  8.98688628e-10  8.98688628e-10 
 8.31763771e+03  5.42683222e-08  5.42683222e-08  5.42683222e-08  5.37527646e-08  5.37527646e-08  5.37527646e-08  5.42683222e-08  5.42683222e-08  5.42683222e-08  5.37527646e-08  5.37527646e-08  5.37527646e-08  3.46260968e-08  3.46260968e-08  3.46260968e-08  3.46260968e-08  1.24012195e-08  1.24012195e-08  4.90262207e-08  4.90262207e-08  4.90262207e-08  4.88544887e-08  4.88544887e-08  4.88544887e-08  4.90262207e-08  4.90262207e-08  4.90262207e-08  4.88544887e-08  4.88544887e-08  4.88544887e-08  2.69807816e-08  2.69807816e-08  2.69807816e-08  2.69807816e-08  1.23685652e-08  1.23685652e-08  2.32598448e-08  2.32598448e-08  2.32598448e-08  2.24084619e-08  2.24084619e-08  2.24084619e-08  2.32598448e-08  2.32598448e-08  2.32598448e-08  2.24084619e-08  2.24084619e-08  2.24084619e-08  2.16698556e-08  2.16698556e-08  2.16698556e-08  2.16698556e-08  8.98704491e-10  8.98704491e-10 
 8.51138038e+03  5.38422473e-08  5.38422473e-08  5.38422473e-08  5.33255930e-08  5.33255930e-08  5.33255930e-08  5.38422473e-08  5.38422473e-08  5.38422473e-08  5.33255930e-08  5.33255930e-08  5.33255930e-08  3.43858644e-08  3.43858644e-08  3.43858644e-08  3.43858644e-08  1.22827249e-08  1.22827249e-08  4.85542067e-08  4.85542067e-08  4.85542067e-08  4.83841279e-08  4.83841279e-08  4.83841279e-08  4.85542067e-08  4.85542067e-08  4.85542067e-08  4.83841279e-08  4.83841279e-08  4.83841279e-08  2.66718397e-08  2.66718397e-08  2.66718397e-08  2.66718397e-08  1.22497535e-08  1.22497535e-08  2.32597616e-08  2.32597616e-08  2.32597616e-08  2.24083817e-08  2.24083817e-08  2.24083817e-08  2.32597616e-08  2.32597616e-08  2.32597616e-08  2.24083817e-08  2.24083817e-08  2.24083817e-08  2.16697781e-08  2.16697781e-08  2.16697781e-08  2.16697781e-08  8.98721101e-10  8.98721101e-10 
 8.70963590e+03  5.34210265e-08  5.34210265e-08  5.34210265e-08  5.29032471e-08  5.29032471e-08  5.29032471e-08  5.34210265e-08  5.34210265e-08  5.34210265e-08  5.29032471e-08  5.29032471e-08  5.29032471e-08  3.41494624e-08  3.41494624e-08  3.41494624e-08  3.41494624e-08  1.21653852e-08  1.21653852e-08  4.80867290e-08  4.80867290e-08  4.80867290e-08  4.79182876e-08  4.79182876e-08  4.79182876e-08  4.80867290e-08  4.80867290e-08  4.80867290e-08  4.79182876e-08  4.79182876e-08  4.79182876e-08  2.63664309e-08  2.63664309e-08  2.63664309e-08  2.63664309e-08  1.21320937e-08  1.21320937e-08  2.32596745e-08  2.32596745e-08  2.32596745e-08  2.24082977e-08  2.24082977e-08  2.24082977e-08  2.32596745e-08  2.32596745e-08  2.32596745e-08  2.24082977e-08  2.24082977e-08  2.24082977e-08  2.16696969e-08  2.16696969e-08  2.16696969e-08  2.16696969e-08  8.98738493e-10  8.98738493e-10 
 8.91250938e+03  5.30046157e-08  5.30046157e-08  5.30046157e-08  5.24856834e-08  5.24856834e-08  5.24856834e-08  5.30046157e-08  5.30046157e-08  5.30046157e-08  5.24856834e-08  5.24856834e-08  5.24856834e-08  3.39168444e-08  3.39168444e-08  3.39168444e-08  3.39168444e-08  1.20491898e-08  1.20491898e-08  4.76237439e-08  4.76237439e-08  4.76237439e-08  4.74569240e-08  4.74569240e-08  4.74569240e-08  4.76237439e-08  4.76237439e-08  4.76237439e-08  4.74569240e-08  4.74569240e-08  4.74569240e-08  2.60645146e-08  2.60645146e-08  2.60645146e-08  2.60645146e-08  1.20155749e-08  1.20155749e-08  2.32595833e-08  2.32595833e-08  2.32595833e-08  2.24082098e-08  2.24082098e-08  2.24082098e-08  2.32595833e-08  2.32595833e-08  2.32595833e-08  2.24082098e-08  2.24082098e-08  2.24082098e-08  2.16696119e-08  2.16696119e-08  2.16696119e-08  2.16696119e-08  8.98756704e-10  8.98756704e-10 
 9.12010839e+03  5.25929717e-08  5.25929717e-08  5.25929717e-08  5.20728586e-08  5.20728586e-08  5.20728586e-08  5.25929717e-08  5.25929717e-08  5.25929717e-08  5.20728586e-08  5.20728586e-08  5.20728586e-08  3.36879639e-08  3.36879639e-08  3.36879639e-08  3.36879639e-08  1.19341279e-08  1.19341279e-08  4.71652076e-08  4.71652076e-08  4.71652076e-08  4.69999938e-08  4.69999938e-08  4.69999938e-08  4.71652076e-08  4.71652076e-08  4.71652076e-08  4.69999938e-08  4.69999938e-08  4.69999938e-08  2.57660507e-08  2.57660507e-08  2.57660507e-08  2.57660507e-08  1.19001865e-08  1.19001865e-08  2.32594878e-08  2.32594878e-08  2.32594878e-08  2.24081177e-08  2.24081177e-08  2.24081177e-08  2.32594878e-08  2.32594878e-08  2.32594878e-08  2.24081177e-08  2.24081177e-08  2.24081177e-08  2.16695229e-08  2.16695229e-08  2.16695229e-08  2.16695229e-08  8.98775772e-10  8.98775772e-10 
 9.33254301e+03  5.21860513e-08  5.21860513e-08  5.21860513e-08  5.16647301e-08  5.16647301e-08  5.16647301e-08  5.21860513e-08  5.21860513e-08  5.21860513e-08  5.16647301e-08  5.16647301e-08  5.16647301e-08  3.34627750e-08  3.34627750e-08  3.34627750e-08  3.34627750e-08  1.18201890e-08  1.18201890e-08  4.67110773e-08  4.67110773e-08  4.67110773e-08  4.65474540e-08  4.65474540e-08  4.65474540e-08  4.67110773e-08  4.67110773e-08  4.67110773e-08  4.65474540e-08  4.65474540e-08  4.65474540e-08  2.54709996e-08  2.54709996e-08  2.54709996e-08  2.54709996e-08  1.17859180e-08  1.17859180e-08  2.32593878e-08  2.32593878e-08  2.32593878e-08  2.24080213e-08  2.24080213e-08  2.24080213e-08  2.32593878e-08  2.32593878e-08  2.32593878e-08  2.24080213e-08  2.24080213e-08  2.24080213e-08  2.16694297e-08  2.16694297e-08  2.16694297e-08  2.16694297e-08  8.98795738e-10  8.98795738e-10 
 9.54992586e+03  5.17838117e-08  5.17838117e-08  5.17838117e-08  5.12612554e-08  5.12612554e-08  5.12612554e-08  5.17838117e-08  5.17838117e-08  5.17838117e-08  5.12612554e-08  5.12612554e-08  5.12612554e-08  3.32412321e-08  3.32412321e-08  3.32412321e-08  3.32412321e-08  1.17073628e-08  1.17073628e-08  4.62613102e-08  4.62613102e-08  4.62613102e-08  4.60992622e-08  4.60992622e-08  4.60992622e-08  4.62613102e-08  4.62613102e-08  4.62613102e-08  4.60992622e-08  4.60992622e-08  4.60992622e-08  2.51793221e-08  2.51793221e-08  2.51793221e-08  2.51793221e-08  1.16727590e-08  1.16727590e-08  2.32592831e-08  2.32592831e-08  2.32592831e-08  2.24079203e-08  2.24079203e-08  2.24079203e-08  2.32592831e-08  2.32592831e-08  2.32592831e-08  2.24079203e-08  2.24079203e-08  2.24079203e-08  2.16693321e-08  2.16693321e-08  2.16693321e-08  2.16693321e-08  8.98816645e-10  8.98816645e-10 
 9.77237221e+03  5.13862104e-08  5.13862104e-08  5.13862104e-08  5.08623924e-08  5.08623924e-08  5.08623924e-08  5.13862104e-08  5.13862104e-08  5.13862104e-08  5.08623924e-08  5.08623924e-08  5.08623924e-08  3.30232897e-08  3.30232897e-08  3.30232897e-08  3.30232897e-08  1.15956390e-08  1.15956390e-08  4.58158640e-08  4.58158640e-08  4.58158640e-08  4.56553761e-08  4.56553761e-08  4.56553761e-08  4.58158640e-08  4.58158640e-08  4.58158640e-08  4.56553761e-08  4.56553761e-08  4.56553761e-08  2.48909794e-08  2.48909794e-08  2.48909794e-08  2.48909794e-08  1.15606990e-08  1.15606990e-08  2.32591735e-08  2.32591735e-08  2.32591735e-08  2.24078145e-08  2.24078145e-08  2.24078145e-08  2.32591735e-08  2.32591735e-08  2.32591735e-08  2.24078145e-08  2.24078145e-08  2.24078145e-08  2.16692299e-08  2.16692299e-08  2.16692299e-08  2.16692299e-08  8.98838535e-10  8.98838535e-10 
 1.00000000e+04  5.09932055e-08  5.09932055e-08  5.09932055e-08  5.04680994e-08  5.04680994e-08  5.04680994e-08  5.09932055e-08  5.09932055e-08  5.09932055e-08  5.04680994e-08  5.04680994e-08  5.04680994e-08  3.28089028e-08  3.28089028e-08  3.28089028e-08  3.28089028e-08  1.14850074e-08  1.14850074e-08  4.53746969e-08  4.53746969e-08  4.53746969e-08  4.52157542e-08  4.52157542e-08  4.52157542e-08  4.53746969e-08  4.53746969e-08  4.53746969e-08  4.52157542e-08  4.52157542e-08  4.52157542e-08  2.46059332e-08  2.46059332e-08  2.46059332e-08  2.46059332e-08  1.14497280e-08  1.14497280e-08  2.32590587e-08  2.32590587e-08  2.32590587e-08  2.24077038e-08  2.24077038e-08  2.24077038e-08  2.32590587e-08  2.32590587e-08  2.32590587e-08  2.24077038e-08  2.24077038e-08  2.24077038e-08  2.16691228e-08  2.16691228e-08  2.16691228e-08  2.16691228e-08  8.98861456e-10  8.98861456e-10 
 1.02329299e+04  5.06047550e-08  5.06047550e-08  5.06047550e-08  5.00783349e-08  5.00783349e-08  5.00783349e-08  5.06047550e-08  5.06047550e-08  5.06047550e-08  5.00783349e-08  5.00783349e-08  5.00783349e-08  3.25980267e-08  3.25980267e-08  3.25980267e-08  3.25980267e-08  1.13754579e-08  1.13754579e-08  4.49377675e-08  4.49377675e-08  4.49377675e-08  4.47803550e-08  4.47803550e-08  4.47803550e-08  4.49377675e-08  4.49377675e-08  4.49377675e-08  4.47803550e-08  4.47803550e-08  4.47803550e-08  2.43241456e-08  2.43241456e-08  2.43241456e-08  2.43241456e-08  1.13398358e-08  1.13398358e-08  2.32589384e-08  2.32589384e-08  2.32589384e-08  2.24075879e-08  2.24075879e-08  2.24075879e-08  2.32589384e-08  2.32589384e-08  2.32589384e-08  2.24075879e-08  2.24075879e-08  2.24075879e-08  2.16690108e-08  2.16690108e-08  2.16690108e-08  2.16690108e-08  8.98885457e-10  8.98885457e-10 
 1.04712855e+04  5.02208176e-08  5.02208176e-08  5.02208176e-08  4.96930578e-08  4.96930578e-08  4.96930578e-08  5.02208176e-08  5.02208176e-08  5.02208176e-08  4.96930578e-08  4.96930578e-08  4.96930578e-08  3.23906169e-08  3.23906169e-08  3.23906169e-08  3.23906169e-08  1.12669806e-08  1.12669806e-08  4.45050345e-08  4.45050345e-08  4.45050345e-08  4.43491376e-08  4.43491376e-08  4.43491376e-08  4.45050345e-08  4.45050345e-08  4.45050345e-08  4.43491376e-08  4.43491376e-08  4.43491376e-08  2.40455792e-08  2.40455792e-08  2.40455792e-08  2.40455792e-08  1.12310124e-08  1.12310124e-08  2.32588126e-08  2.32588126e-08  2.32588126e-08  2.24074665e-08  2.24074665e-08  2.24074665e-08  2.32588126e-08  2.32588126e-08  2.32588126e-08  2.24074665e-08  2.24074665e-08  2.24074665e-08  2.16688934e-08  2.16688934e-08  2.16688934e-08  2.16688934e-08  8.98910586e-10  8.98910586e-10 
 1.07151931e+04  4.98413521e-08  4.98413521e-08  4.98413521e-08  4.93122273e-08  4.93122273e-08  4.93122273e-08  4.98413521e-08  4.98413521e-08  4.98413521e-08  4.93122273e-08  4.93122273e-08  4.93122273e-08  3.21866293e-08  3.21866293e-08  3.21866293e-08  3.21866293e-08  1.11595656e-08  1.11595656e-08  4.40764573e-08  4.40764573e-08  4.40764573e-08  4.39220615e-08  4.39220615e-08  4.39220615e-08  4.40764573e-08  4.40764573e-08  4.40764573e-08  4.39220615e-08  4.39220615e-08  4.39220615e-08  2.37701970e-08  2.37701970e-08  2.37701970e-08  2.37701970e-08  1.11232480e-08  1.11232480e-08  2.32586807e-08  2.32586807e-08  2.32586807e-08  2.24073394e-08  2.24073394e-08  2.24073394e-08  2.32586807e-08  2.32586807e-08  2.32586807e-08  2.24073394e-08  2.24073394e-08  2.24073394e-08  2.16687706e-08  2.16687706e-08  2.16687706e-08  2.16687706e-08  8.98936899e-10  8.98936899e-10 
 1.09647820e+04  4.94663177e-08  4.94663177e-08  4.94663177e-08  4.89358031e-08  4.89358031e-08  4.89358031e-08  4.94663177e-08  4.94663177e-08  4.94663177e-08  4.89358031e-08  4.89358031e-08  4.89358031e-08  3.19860200e-08  3.19860200e-08  3.19860200e-08  3.19860200e-08  1.10532032e-08  1.10532032e-08  4.36519957e-08  4.36519957e-08  4.36519957e-08  4.34990864e-08  4.34990864e-08  4.34990864e-08  4.36519957e-08  4.36519957e-08  4.36519957e-08  4.34990864e-08  4.34990864e-08  4.34990864e-08  2.34979623e-08  2.34979623e-08  2.34979623e-08  2.34979623e-08  1.10165327e-08  1.10165327e-08  2.32585427e-08  2.32585427e-08  2.32585427e-08  2.24072063e-08  2.24072063e-08  2.24072063e-08  2.32585427e-08  2.32585427e-08  2.32585427e-08  2.24072063e-08  2.24072063e-08  2.24072063e-08  2.16686419e-08  2.16686419e-08  2.16686419e-08  2.16686419e-08  8.98964450e-10  8.98964451e-10 
 1.12201845e+04  4.90956739e-08  4.90956739e-08  4.90956739e-08  4.85637450e-08  4.85637450e-08  4.85637450e-08  4.90956739e-08  4.90956739e-08  4.90956739e-08  4.85637450e-08  4.85637450e-08  4.85637450e-08  3.17887456e-08  3.17887456e-08  3.17887456e-08  3.17887456e-08  1.09478839e-08  1.09478839e-08  4.32316095e-08  4.32316095e-08  4.32316095e-08  4.30801726e-08  4.30801726e-08  4.30801726e-08  4.32316095e-08  4.32316095e-08  4.32316095e-08  4.30801726e-08  4.30801726e-08  4.30801726e-08  2.32288389e-08  2.32288389e-08  2.32288389e-08  2.32288389e-08  1.09108571e-08  1.09108571e-08  2.32583982e-08  2.32583982e-08  2.32583982e-08  2.24070669e-08  2.24070669e-08  2.24070669e-08  2.32583982e-08  2.32583982e-08  2.32583982e-08  2.24070669e-08  2.24070669e-08  2.24070669e-08  2.16685072e-08  2.16685072e-08  2.16685072e-08  2.16685072e-08  8.98993299e-10  8.98993299e-10 
 1.14815362e+04  4.87293804e-08  4.87293804e-08  4.87293804e-08  4.81960131e-08  4.81960131e-08  4.81960131e-08  4.87293804e-08  4.87293804e-08  4.87293804e-08  4.81960131e-08  4.81960131e-08  4.81960131e-08  3.15947628e-08  3.15947628e-08  3.15947628e-08  3.15947628e-08  1.08435980e-08  1.08435981e-08  4.28152593e-08  4.28152593e-08  4.28152593e-08  4.26652805e-08  4.26652805e-08  4.26652805e-08  4.28152593e-08  4.28152593e-08  4.28152593e-08  4.26652805e-08  4.26652805e-08  4.26652805e-08  2.29627911e-08  2.29627911e-08  2.29627911e-08  2.29627911e-08  1.08062114e-08  1.08062114e-08  2.32582468e-08  2.32582468e-08  2.32582468e-08  2.24069210e-08  2.24069210e-08  2.24069210e-08  2.32582468e-08  2.32582468e-08  2.32582468e-08  2.24069210e-08  2.24069210e-08  2.24069210e-08  2.16683661e-08  2.16683661e-08  2.16683661e-08  2.16683661e-08  8.99023504e-10  8.99023505e-10 
 1.17489755e+04  4.83673974e-08  4.83673974e-08  4.83673974e-08  4.78325678e-08  4.78325678e-08  4.78325678e-08  4.83673974e-08  4.83673974e-08  4.83673974e-08  4.78325678e-08  4.78325678e-08  4.78325678e-08  3.14040285e-08  3.14040285e-08  3.14040285e-08  3.14040285e-08  1.07403363e-08  1.07403363e-08  4.24029058e-08  4.24029058e-08  4.24029058e-08  4.22543712e-08  4.22543712e-08  4.22543712e-08  4.24029058e-08  4.24029058e-08  4.24029058e-08  4.22543712e-08  4.22543712e-08  4.22543712e-08  2.26997834e-08  2.26997834e-08  2.26997834e-08  2.26997834e-08  1.07025862e-08  1.07025862e-08  2.32580884e-08  2.32580884e-08  2.32580884e-08  2.24067681e-08  2.24067681e-08  2.24067681e-08  2.32580884e-08  2.32580884e-08  2.32580884e-08  2.24067681e-08  2.24067681e-08  2.24067681e-08  2.16682184e-08  2.16682184e-08  2.16682184e-08  2.16682184e-08  8.99055132e-10  8.99055132e-10 
 1.20226443e+04  4.80096852e-08  4.80096852e-08  4.80096852e-08  4.74733701e-08  4.74733701e-08  4.74733701e-08  4.80096852e-08  4.80096852e-08  4.80096852e-08  4.74733701e-08  4.74733701e-08  4.74733701e-08  3.12165002e-08  3.12165002e-08  3.12165002e-08  3.12165002e-08  1.06380893e-08  1.06380893e-08  4.19945103e-08  4.19945103e-08  4.19945103e-08  4.18474060e-08  4.18474060e-08  4.18474060e-08  4.19945103e-08  4.19945103e-08  4.19945103e-08  4.18474060e-08  4.18474060e-08  4.18474060e-08  2.24397810e-08  2.24397810e-08  2.24397810e-08  2.24397810e-08  1.05999723e-08  1.05999723e-08  2.32579224e-08  2.32579224e-08  2.32579224e-08  2.24066081e-08  2.24066081e-08  2.24066081e-08  2.32579224e-08  2.32579224e-08  2.32579224e-08  2.24066081e-08  2.24066081e-08  2.24066081e-08  2.16680638e-08  2.16680638e-08  2.16680638e-08  2.16680638e-08  8.99088247e-10  8.99088247e-10 
 1.23026877e+04  4.76562045e-08  4.76562045e-08  4.76562045e-08  4.71183808e-08  4.71183808e-08  4.71183808e-08  4.76562045e-08  4.76562045e-08  4.76562045e-08  4.71183808e-08  4.71183808e-08  4.71183808e-08  3.10321355e-08  3.10321355e-08  3.10321355e-08  3.10321355e-08  1.05368480e-08  1.05368480e-08  4.15900341e-08  4.15900341e-08  4.15900341e-08  4.14443463e-08  4.14443463e-08  4.14443463e-08  4.15900341e-08  4.15900341e-08  4.15900341e-08  4.14443463e-08  4.14443463e-08  4.14443463e-08  2.21827491e-08  2.21827491e-08  2.21827491e-08  2.21827491e-08  1.04983605e-08  1.04983605e-08  2.32577487e-08  2.32577487e-08  2.32577487e-08  2.24064406e-08  2.24064406e-08  2.24064406e-08  2.32577487e-08  2.32577487e-08  2.32577487e-08  2.24064406e-08  2.24064406e-08  2.24064406e-08  2.16679018e-08  2.16679018e-08  2.16679018e-08  2.16679018e-08  8.99122921e-10  8.99122921e-10 
 1.25892541e+04  4.73069163e-08  4.73069163e-08  4.73069163e-08  4.67675613e-08  4.67675613e-08  4.67675613e-08  4.73069163e-08  4.73069163e-08  4.73069163e-08  4.67675613e-08  4.67675613e-08  4.67675613e-08  3.08508923e-08  3.08508923e-08  3.08508923e-08  3.08508923e-08  1.04366032e-08  1.04366032e-08  4.11894392e-08  4.11894392e-08  4.11894392e-08  4.10451544e-08  4.10451544e-08  4.10451544e-08  4.11894392e-08  4.11894392e-08  4.11894392e-08  4.10451544e-08  4.10451544e-08  4.10451544e-08  2.19286537e-08  2.19286537e-08  2.19286537e-08  2.19286537e-08  1.03977415e-08  1.03977415e-08  2.32575667e-08  2.32575667e-08  2.32575667e-08  2.24062651e-08  2.24062651e-08  2.24062651e-08  2.32575667e-08  2.32575667e-08  2.32575667e-08  2.24062651e-08  2.24062651e-08  2.24062651e-08  2.16677322e-08  2.16677322e-08  2.16677322e-08  2.16677322e-08  8.99159226e-10  8.99159226e-10 
 1.28824955e+04  4.69617816e-08  4.69617816e-08  4.69617816e-08  4.64208733e-08  4.64208733e-08  4.64208733e-08  4.69617816e-08  4.69617816e-08  4.69617816e-08  4.64208733e-08  4.64208733e-08  4.64208733e-08  3.06727288e-08  3.06727288e-08  3.06727288e-08  3.06727288e-08  1.03373461e-08  1.03373461e-08  4.07926878e-08  4.07926878e-08  4.07926878e-08  4.06497924e-08  4.06497924e-08  4.06497924e-08  4.07926878e-08  4.07926878e-08  4.07926878e-08  4.06497924e-08  4.06497924e-08  4.06497924e-08  2.16774608e-08  2.16774608e-08  2.16774608e-08  2.16774608e-08  1.02981064e-08  1.02981064e-08  2.32573762e-08  2.32573762e-08  2.32573762e-08  2.24060814e-08  2.24060814e-08  2.24060814e-08  2.32573762e-08  2.32573762e-08  2.32573762e-08  2.24060814e-08  2.24060814e-08  2.24060814e-08  2.16675546e-08  2.16675546e-08  2.16675546e-08  2.16675546e-08  8.99197239e-10  8.99197239e-10 
 1.31825674e+04  4.66207621e-08  4.66207621e-08  4.66207621e-08  4.60782786e-08  4.60782786e-08  4.60782786e-08  4.66207621e-08  4.66207621e-08  4.66207621e-08  4.60782786e-08  4.60782786e-08  4.60782786e-08  3.04976035e-08  3.04976035e-08  3.04976035e-08  3.04976035e-08  1.02390676e-08  1.02390676e-08  4.03997424e-08  4.03997424e-08  4.03997424e-08  4.02582232e-08  4.02582232e-08  4.02582232e-08  4.03997424e-08  4.03997424e-08  4.03997424e-08  4.02582232e-08  4.02582232e-08  4.02582232e-08  2.14291370e-08  2.14291370e-08  2.14291370e-08  2.14291370e-08  1.01994464e-08  1.01994464e-08  2.32571767e-08  2.32571767e-08  2.32571767e-08  2.24058890e-08  2.24058890e-08  2.24058890e-08  2.32571767e-08  2.32571767e-08  2.32571767e-08  2.24058890e-08  2.24058890e-08  2.24058890e-08  2.16673687e-08  2.16673687e-08  2.16673687e-08  2.16673687e-08  8.99237040e-10  8.99237040e-10 
 1.34896288e+04  4.62838194e-08  4.62838194e-08  4.62838194e-08  4.57397394e-08  4.57397394e-08  4.57397394e-08  4.62838194e-08  4.62838194e-08  4.62838194e-08  4.57397394e-08  4.57397394e-08  4.57397394e-08  3.03254751e-08  3.03254751e-08  3.03254751e-08  3.03254751e-08  1.01417591e-08  1.01417591e-08  4.00105660e-08  4.00105660e-08  4.00105660e-08  3.98704098e-08  3.98704098e-08  3.98704098e-08  4.00105660e-08  4.00105660e-08  4.00105660e-08  3.98704098e-08  3.98704098e-08  3.98704098e-08  2.11836494e-08  2.11836494e-08  2.11836494e-08  2.11836494e-08  1.01017525e-08  1.01017525e-08  2.32569678e-08  2.32569678e-08  2.32569678e-08  2.24056876e-08  2.24056876e-08  2.24056876e-08  2.32569678e-08  2.32569678e-08  2.32569678e-08  2.24056876e-08  2.24056876e-08  2.24056876e-08  2.16671740e-08  2.16671740e-08  2.16671740e-08  2.16671740e-08  8.99278714e-10  8.99278714e-10 
 1.38038426e+04  4.59509156e-08  4.59509156e-08  4.59509156e-08  4.54052181e-08  4.54052181e-08  4.54052181e-08  4.59509156e-08  4.59509156e-08  4.59509156e-08  4.54052181e-08  4.54052181e-08  4.54052181e-08  3.01563028e-08  3.01563028e-08  3.01563028e-08  3.01563028e-08  1.00454120e-08  1.00454120e-08  3.96251219e-08  3.96251219e-08  3.96251219e-08  3.94863154e-08  3.94863154e-08  3.94863154e-08  3.96251219e-08  3.96251219e-08  3.96251219e-08  3.94863154e-08  3.94863154e-08  3.94863154e-08  2.09409651e-08  2.09409651e-08  2.09409651e-08  2.09409651e-08  1.00050162e-08  1.00050162e-08  2.32567491e-08  2.32567491e-08  2.32567491e-08  2.24054766e-08  2.24054766e-08  2.24054766e-08  2.32567491e-08  2.32567491e-08  2.32567491e-08  2.24054766e-08  2.24054766e-08  2.24054766e-08  2.16669701e-08  2.16669701e-08  2.16669701e-08  2.16669701e-08  8.99322347e-10  8.99322347e-10 
 1.41253754e+04  4.56220129e-08  4.56220129e-08  4.56220129e-08  4.50746774e-08  4.50746774e-08  4.50746774e-08  4.56220129e-08  4.56220129e-08  4.56220129e-08  4.50746774e-08  4.50746774e-08  4.50746774e-08  2.99900458e-08  2.99900458e-08  2.99900458e-08  2.99900458e-08  9.95001766e-09  9.95001766e-09  3.92433735e-08  3.92433735e-08  3.92433735e-08  3.91059040e-08  3.91059040e-08  3.91059040e-08  3.92433735e-08  3.92433735e-08  3.92433735e-08  3.91059040e-08  3.91059040e-08  3.91059040e-08  2.07010519e-08  2.07010519e-08  2.07010519e-08  2.07010519e-08  9.90922885e-09  9.90922885e-09  2.32565201e-08  2.32565201e-08  2.32565201e-08  2.24052558e-08  2.24052558e-08  2.24052558e-08  2.32565201e-08  2.32565201e-08  2.32565201e-08  2.24052558e-08  2.24052558e-08  2.24052558e-08  2.16667566e-08  2.16667566e-08  2.16667566e-08  2.16667566e-08  8.99368032e-10  8.99368032e-10 
 1.44543977e+04  4.52970739e-08  4.52970739e-08  4.52970739e-08  4.47480802e-08  4.47480802e-08  4.47480802e-08  4.52970739e-08  4.52970739e-08  4.52970739e-08  4.47480802e-08  4.47480802e-08  4.47480802e-08  2.98266639e-08  2.98266639e-08  2.98266639e-08  2.98266639e-08  9.85556769e-09  9.85556769e-09  3.88652849e-08  3.88652849e-08  3.88652849e-08  3.87291394e-08  3.87291394e-08  3.87291394e-08  3.88652849e-08  3.88652849e-08  3.88652849e-08  3.87291394e-08  3.87291394e-08  3.87291394e-08  2.04638778e-08  2.04638778e-08  2.04638778e-08  2.04638778e-08  9.81438196e-09  9.81438196e-09  2.32562803e-08  2.32562803e-08  2.32562803e-08  2.24050245e-08  2.24050245e-08  2.24050245e-08  2.32562803e-08  2.32562803e-08  2.32562803e-08  2.24050245e-08  2.24050245e-08  2.24050245e-08  2.16665331e-08  2.16665331e-08  2.16665331e-08  2.16665331e-08  8.99415866e-10  8.99415866e-10 
 1.47910839e+04  4.49760613e-08  4.49760613e-08  4.49760613e-08  4.44253897e-08  4.44253897e-08  4.44253897e-08  4.49760613e-08  4.49760613e-08  4.49760613e-08  4.44253897e-08  4.44253897e-08  4.44253897e-08  2.96661168e-08  2.96661168e-08  2.96661168e-08  2.96661168e-08  9.76205377e-09  9.76205377e-09  3.84908202e-08  3.84908202e-08  3.84908202e-08  3.83559861e-08  3.83559861e-08  3.83559861e-08  3.84908202e-08  3.84908202e-08  3.84908202e-08  3.83559861e-08  3.83559861e-08  3.83559861e-08  2.02294112e-08  2.02294112e-08  2.02294112e-08  2.02294112e-08  9.72046719e-09  9.72046719e-09  2.32560291e-08  2.32560291e-08  2.32560291e-08  2.24047823e-08  2.24047823e-08  2.24047823e-08  2.32560291e-08  2.32560291e-08  2.32560291e-08  2.24047823e-08  2.24047823e-08  2.24047823e-08  2.16662990e-08  2.16662990e-08  2.16662990e-08  2.16662990e-08  8.99465949e-10  8.99465949e-10 
 1.51356125e+04  4.46589380e-08  4.46589380e-08  4.46589380e-08  4.41065694e-08  4.41065694e-08  4.41065694e-08  4.46589380e-08  4.46589380e-08  4.46589380e-08  4.41065694e-08  4.41065694e-08  4.41065694e-08  2.95083648e-08  2.95083648e-08  2.95083648e-08  2.95083648e-08  9.66946768e-09  9.66946768e-09  3.81199441e-08  3.81199441e-08  3.81199441e-08  3.79864087e-08  3.79864087e-08  3.79864087e-08  3.81199441e-08  3.81199441e-08  3.81199441e-08  3.79864087e-08  3.79864087e-08  3.79864087e-08  1.99976208e-08  1.99976208e-08  1.99976208e-08  1.99976208e-08  9.62747626e-09  9.62747626e-09  2.32557662e-08  2.32557662e-08  2.32557662e-08  2.24045287e-08  2.24045287e-08  2.24045287e-08  2.32557662e-08  2.32557662e-08  2.32557662e-08  2.24045287e-08  2.24045287e-08  2.24045287e-08  2.16660539e-08  2.16660539e-08  2.16660539e-08  2.16660539e-08  8.99518386e-10  8.99518386e-10 
 1.54881662e+04  4.43456674e-08  4.43456674e-08  4.43456674e-08  4.37915828e-08  4.37915828e-08  4.37915828e-08  4.43456674e-08  4.43456674e-08  4.43456674e-08  4.37915828e-08  4.37915828e-08  4.37915828e-08  2.93533684e-08  2.93533684e-08  2.93533684e-08  2.93533684e-08  9.57780130e-09  9.57780130e-09  3.77526215e-08  3.77526215e-08  3.77526215e-08  3.76203724e-08  3.76203724e-08  3.76203724e-08  3.77526215e-08  3.77526215e-08  3.77526215e-08  3.76203724e-08  3.76203724e-08  3.76203724e-08  1.97684757e-08  1.97684757e-08  1.97684757e-08  1.97684757e-08  9.53540104e-09  9.53540104e-09  2.32554908e-08  2.32554908e-08  2.32554908e-08  2.24042632e-08  2.24042632e-08  2.24042632e-08  2.32554908e-08  2.32554908e-08  2.32554908e-08  2.24042632e-08  2.24042632e-08  2.24042632e-08  2.16657973e-08  2.16657973e-08  2.16657973e-08  2.16657973e-08  8.99573289e-10  8.99573289e-10 
 1.58489319e+04  4.40362128e-08  4.40362128e-08  4.40362128e-08  4.34803939e-08  4.34803939e-08  4.34803939e-08  4.40362128e-08  4.40362128e-08  4.40362128e-08  4.34803939e-08  4.34803939e-08  4.34803939e-08  2.92010883e-08  2.92010883e-08  2.92010883e-08  2.92010883e-08  9.48704664e-09  9.48704664e-09  3.73888174e-08  3.73888174e-08  3.73888174e-08  3.72578423e-08  3.72578423e-08  3.72578423e-08  3.73888174e-08  3.73888174e-08  3.73888174e-08  3.72578423e-08  3.72578423e-08  3.72578423e-08  1.95419455e-08  1.95419455e-08  1.95419455e-08  1.95419455e-08  9.44423345e-09  9.44423345e-09  2.32552025e-08  2.32552025e-08  2.32552025e-08  2.24039852e-08  2.24039852e-08  2.24039852e-08  2.32552025e-08  2.32552025e-08  2.32552025e-08  2.24039852e-08  2.24039852e-08  2.24039852e-08  2.16655285e-08  2.16655285e-08  2.16655285e-08  2.16655285e-08  8.99630772e-10  8.99630772e-10 
 1.62181010e+04  4.37305379e-08  4.37305379e-08  4.37305379e-08  4.31729667e-08  4.31729667e-08  4.31729667e-08  4.37305379e-08  4.37305379e-08  4.37305379e-08  4.31729667e-08  4.31729667e-08  4.31729667e-08  2.90514855e-08  2.90514855e-08  2.90514855e-08  2.90514855e-08  9.39719579e-09  9.39719579e-09  3.70284976e-08  3.70284976e-08  3.70284976e-08  3.68987842e-08  3.68987842e-08  3.68987842e-08  3.70284976e-08  3.70284976e-08  3.70284976e-08  3.68987842e-08  3.68987842e-08  3.68987842e-08  1.93179998e-08  1.93179998e-08  1.93179998e-08  1.93179998e-08  9.35396557e-09  9.35396557e-09  2.32549006e-08  2.32549006e-08  2.32549006e-08  2.24036941e-08  2.24036941e-08  2.24036941e-08  2.32549006e-08  2.32549006e-08  2.32549006e-08  2.24036941e-08  2.24036941e-08  2.24036941e-08  2.16652471e-08  2.16652471e-08  2.16652471e-08  2.16652471e-08  8.99690957e-10  8.99690957e-10 
 1.65958691e+04  4.34286067e-08  4.34286067e-08  4.34286067e-08  4.28692658e-08  4.28692658e-08  4.28692658e-08  4.34286067e-08  4.34286067e-08  4.34286067e-08  4.28692658e-08  4.28692658e-08  4.28692658e-08  2.89045213e-08  2.89045213e-08  2.89045213e-08  2.89045213e-08  9.30824096e-09  9.30824096e-09  3.66716278e-08  3.66716278e-08  3.66716278e-08  3.65431640e-08  3.65431640e-08  3.65431640e-08  3.66716278e-08  3.66716278e-08  3.66716278e-08  3.65431640e-08  3.65431640e-08  3.65431640e-08  1.90966087e-08  1.90966087e-08  1.90966087e-08  1.90966087e-08  9.26458954e-09  9.26458954e-09  2.32545845e-08  2.32545845e-08  2.32545845e-08  2.24033892e-08  2.24033892e-08  2.24033892e-08  2.32545845e-08  2.32545845e-08  2.32545845e-08  2.24033892e-08  2.24033892e-08  2.24033892e-08  2.16649525e-08  2.16649525e-08  2.16649525e-08  2.16649525e-08  8.99753969e-10  8.99753969e-10 
 1.69824365e+04  4.31303832e-08  4.31303832e-08  4.31303832e-08  4.25692555e-08  4.25692555e-08  4.25692555e-08  4.31303832e-08  4.31303832e-08  4.31303832e-08  4.25692555e-08  4.25692555e-08  4.25692555e-08  2.87601574e-08  2.87601574e-08  2.87601574e-08  2.87601574e-08  9.22017446e-09  9.22017446e-09  3.63181741e-08  3.63181741e-08  3.63181741e-08  3.61909480e-08  3.61909480e-08  3.61909480e-08  3.63181741e-08  3.63181741e-08  3.63181741e-08  3.61909480e-08  3.61909480e-08  3.61909480e-08  1.88777428e-08  1.88777428e-08  1.88777428e-08  1.88777428e-08  9.17609764e-09  9.17609764e-09  2.32542535e-08  2.32542535e-08  2.32542535e-08  2.24030700e-08  2.24030700e-08  2.24030700e-08  2.32542535e-08  2.32542535e-08  2.32542535e-08  2.24030700e-08  2.24030700e-08  2.24030700e-08  2.16646440e-08  2.16646440e-08  2.16646440e-08  2.16646440e-08  8.99819943e-10  8.99819943e-10 
 1.73780083e+04  4.28358318e-08  4.28358318e-08  4.28358318e-08  4.22729007e-08  4.22729007e-08  4.22729007e-08  4.28358318e-08  4.28358318e-08  4.28358318e-08  4.22729007e-08  4.22729007e-08  4.22729007e-08  2.86183555e-08  2.86183555e-08  2.86183555e-08  2.86183555e-08  9.13298872e-09  9.13298873e-09  3.59681030e-08  3.59681030e-08  3.59681030e-08  3.58421027e-08  3.58421027e-08  3.58421027e-08  3.59681030e-08  3.59681030e-08  3.59681030e-08  3.58421027e-08  3.58421027e-08  3.58421027e-08  1.86613728e-08  1.86613728e-08  1.86613728e-08  1.86613728e-08  9.08848223e-09  9.08848223e-09  2.32539069e-08  2.32539069e-08  2.32539069e-08  2.24027358e-08  2.24027358e-08  2.24027358e-08  2.32539069e-08  2.32539069e-08  2.32539069e-08  2.24027358e-08  2.24027358e-08  2.24027358e-08  2.16643209e-08  2.16643209e-08  2.16643209e-08  2.16643209e-08  8.99889016e-10  8.99889016e-10 
 1.77827941e+04  4.25449170e-08  4.25449170e-08  4.25449170e-08  4.19801663e-08  4.19801663e-08  4.19801663e-08  4.25449170e-08  4.25449170e-08  4.25449170e-08  4.19801663e-08  4.19801663e-08  4.19801663e-08  2.84790779e-08  2.84790779e-08  2.84790779e-08  2.84790779e-08  9.04667626e-09  9.04667627e-09  3.56213812e-08  3.56213812e-08  3.56213812e-08  3.54965950e-08  3.54965950e-08  3.54965950e-08  3.56213812e-08  3.56213812e-08  3.56213812e-08  3.54965950e-08  3.54965950e-08  3.54965950e-08  1.84474698e-08  1.84474698e-08  1.84474698e-08  1.84474698e-08  9.00173579e-09  9.00173579e-09  2.32535440e-08  2.32535440e-08  2.32535440e-08  2.24023858e-08  2.24023858e-08  2.24023858e-08  2.32535440e-08  2.32535440e-08  2.32535440e-08  2.24023858e-08  2.24023858e-08  2.24023858e-08  2.16639826e-08  2.16639826e-08  2.16639826e-08  2.16639826e-08  8.99961333e-10  8.99961333e-10 
 1.81970086e+04  4.22576035e-08  4.22576035e-08  4.22576035e-08  4.16910176e-08  4.16910176e-08  4.16910176e-08  4.22576035e-08  4.22576035e-08  4.22576035e-08  4.16910176e-08  4.16910176e-08  4.16910176e-08  2.83422869e-08  2.83422869e-08  2.83422869e-08  2.83422869e-08  8.96122971e-09  8.96122971e-09  3.52779758e-08  3.52779758e-08  3.52779758e-08  3.51543920e-08  3.51543920e-08  3.51543920e-08  3.52779758e-08  3.52779758e-08  3.52779758e-08  3.51543920e-08  3.51543920e-08  3.51543920e-08  1.82360052e-08  1.82360052e-08  1.82360052e-08  1.82360052e-08  8.91585090e-09  8.91585090e-09  2.32531640e-08  2.32531640e-08  2.32531640e-08  2.24020193e-08  2.24020193e-08  2.24020193e-08  2.32531640e-08  2.32531640e-08  2.32531640e-08  2.24020193e-08  2.24020193e-08  2.24020193e-08  2.16636284e-08  2.16636284e-08  2.16636284e-08  2.16636284e-08  9.00037046e-10  9.00037046e-10 
 1.86208714e+04  4.19738561e-08  4.19738561e-08  4.19738561e-08  4.14054200e-08  4.14054200e-08  4.14054200e-08  4.19738561e-08  4.19738561e-08  4.19738561e-08  4.14054200e-08  4.14054200e-08  4.14054200e-08  2.82079453e-08  2.82079453e-08  2.82079453e-08  2.82079453e-08  8.87664182e-09  8.87664182e-09  3.49378540e-08  3.49378540e-08  3.49378540e-08  3.48154612e-08  3.48154612e-08  3.48154612e-08  3.49378540e-08  3.49378540e-08  3.49378540e-08  3.48154612e-08  3.48154612e-08  3.48154612e-08  1.80269507e-08  1.80269507e-08  1.80269507e-08  1.80269507e-08  8.83082025e-09  8.83082025e-09  2.32527661e-08  2.32527661e-08  2.32527661e-08  2.24016356e-08  2.24016356e-08  2.24016356e-08  2.32527661e-08  2.32527661e-08  2.32527661e-08  2.24016356e-08  2.24016356e-08  2.24016356e-08  2.16632575e-08  2.16632575e-08  2.16632575e-08  2.16632575e-08  9.00116315e-10  9.00116315e-10 
 1.90546072e+04  4.16936401e-08  4.16936401e-08  4.16936401e-08  4.11233389e-08  4.11233389e-08  4.11233389e-08  4.16936401e-08  4.16936401e-08  4.16936401e-08  4.11233389e-08  4.11233389e-08  4.11233389e-08  2.80760160e-08  2.80760160e-08  2.80760160e-08  2.80760160e-08  8.79290541e-09  8.79290541e-09  3.46009836e-08  3.46009836e-08  3.46009836e-08  3.44797702e-08  3.44797702e-08  3.44797702e-08  3.46009836e-08  3.46009836e-08  3.46009836e-08  3.44797702e-08  3.44797702e-08  3.44797702e-08  1.78202785e-08  1.78202785e-08  1.78202785e-08  1.78202785e-08  8.74663663e-09  8.74663663e-09  2.32523494e-08  2.32523494e-08  2.32523494e-08  2.24012338e-08  2.24012338e-08  2.24012338e-08  2.32523494e-08  2.32523494e-08  2.32523494e-08  2.24012338e-08  2.24012338e-08  2.24012338e-08  2.16628692e-08  2.16628692e-08  2.16628692e-08  2.16628692e-08  9.00199304e-10  9.00199304e-10 
 1.94984460e+04  4.14169207e-08  4.14169207e-08  4.14169207e-08  4.08447402e-08  4.08447402e-08  4.08447402e-08  4.14169207e-08  4.14169207e-08  4.14169207e-08  4.08447402e-08  4.08447402e-08  4.08447402e-08  2.79464622e-08  2.79464622e-08  2.79464622e-08  2.79464622e-08  8.71001346e-09  8.71001346e-09  3.42673323e-08  3.42673323e-08  3.42673323e-08  3.41472871e-08  3.41472871e-08  3.41472871e-08  3.42673323e-08  3.42673323e-08  3.42673323e-08  3.41472871e-08  3.41472871e-08  3.41472871e-08  1.76159607e-08  1.76159607e-08  1.76159607e-08  1.76159607e-08  8.66329294e-09  8.66329294e-09  2.32519132e-08  2.32519132e-08  2.32519132e-08  2.24008131e-08  2.24008131e-08  2.24008131e-08  2.32519132e-08  2.32519132e-08  2.32519132e-08  2.24008131e-08  2.24008131e-08  2.24008131e-08  2.16624625e-08  2.16624625e-08  2.16624625e-08  2.16624625e-08  9.00286190e-10  9.00286190e-10 
 1.99526231e+04  4.11436633e-08  4.11436633e-08  4.11436633e-08  4.05695898e-08  4.05695898e-08  4.05695898e-08  4.11436633e-08  4.11436633e-08  4.11436633e-08  4.05695898e-08  4.05695898e-08  4.05695898e-08  2.78192475e-08  2.78192475e-08  2.78192475e-08  2.78192475e-08  8.62795901e-09  8.62795902e-09  3.39368683e-08  3.39368683e-08  3.39368683e-08  3.38179802e-08  3.38179802e-08  3.38179802e-08  3.39368683e-08  3.39368683e-08  3.39368683e-08  3.38179802e-08  3.38179802e-08  3.38179802e-08  1.74139702e-08  1.74139702e-08  1.74139702e-08  1.74139702e-08  8.58078218e-09  8.58078218e-09  2.32514564e-08  2.32514564e-08  2.32514564e-08  2.24003726e-08  2.24003726e-08  2.24003726e-08  2.32514564e-08  2.32514564e-08  2.32514564e-08  2.24003726e-08  2.24003726e-08  2.24003726e-08  2.16620367e-08  2.16620367e-08  2.16620367e-08  2.16620367e-08  9.00377153e-10  9.00377153e-10 
 2.04173794e+04  4.08738335e-08  4.08738335e-08  4.08738335e-08  4.02978537e-08  4.02978537e-08  4.02978537e-08  4.08738335e-08  4.08738335e-08  4.08738335e-08  4.02978537e-08  4.02978537e-08  4.02978537e-08  2.76943357e-08  2.76943357e-08  2.76943357e-08  2.76943357e-08  8.54673525e-09  8.54673525e-09  3.36095601e-08  3.36095601e-08  3.36095601e-08  3.34918180e-08  3.34918180e-08  3.34918180e-08  3.36095601e-08  3.36095601e-08  3.36095601e-08  3.34918180e-08  3.34918180e-08  3.34918180e-08  1.72142798e-08  1.72142798e-08  1.72142798e-08  1.72142798e-08  8.49909747e-09  8.49909747e-09  2.32509780e-08  2.32509780e-08  2.32509780e-08  2.23999113e-08  2.23999113e-08  2.23999113e-08  2.32509780e-08  2.32509780e-08  2.32509780e-08  2.23999113e-08  2.23999113e-08  2.23999113e-08  2.16615909e-08  2.16615909e-08  2.16615909e-08  2.16615909e-08  9.00472383e-10  9.00472384e-10 
 2.08929613e+04  4.06073972e-08  4.06073972e-08  4.06073972e-08  4.00294984e-08  4.00294984e-08  4.00294984e-08  4.06073972e-08  4.06073972e-08  4.06073972e-08  4.00294984e-08  4.00294984e-08  4.00294984e-08  2.75716908e-08  2.75716908e-08  2.75716908e-08  2.75716908e-08  8.46633544e-09  8.46633544e-09  3.32853765e-08  3.32853765e-08  3.32853765e-08  3.31687693e-08  3.31687693e-08  3.31687693e-08  3.32853765e-08  3.32853765e-08  3.32853765e-08  3.31687693e-08  3.31687693e-08  3.31687693e-08  1.70168628e-08  1.70168628e-08  1.70168628e-08  1.70168628e-08  8.41823202e-09  8.41823202e-09  2.32504772e-08  2.32504772e-08  2.32504772e-08  2.23994283e-08  2.23994283e-08  2.23994283e-08  2.32504772e-08  2.32504772e-08  2.32504772e-08  2.23994283e-08  2.23994283e-08  2.23994283e-08  2.16611240e-08  2.16611240e-08  2.16611240e-08  2.16611240e-08  9.00572082e-10  9.00572082e-10 
 2.13796209e+04  4.03443204e-08  4.03443204e-08  4.03443204e-08  3.97644903e-08  3.97644903e-08  3.97644903e-08  4.03443204e-08  4.03443204e-08  4.03443204e-08  3.97644903e-08  3.97644903e-08  3.97644903e-08  2.74512772e-08  2.74512772e-08  2.74512772e-08  2.74512772e-08  8.38675297e-09  8.38675297e-09  3.29642863e-08  3.29642863e-08  3.29642863e-08  3.28488033e-08  3.28488033e-08  3.28488033e-08  3.29642863e-08  3.29642863e-08  3.29642863e-08  3.28488033e-08  3.28488033e-08  3.28488033e-08  1.68216928e-08  1.68216928e-08  1.68216928e-08  1.68216928e-08  8.33817915e-09  8.33817915e-09  2.32499527e-08  2.32499527e-08  2.32499527e-08  2.23989226e-08  2.23989226e-08  2.23989226e-08  2.32499527e-08  2.32499527e-08  2.32499527e-08  2.23989226e-08  2.23989226e-08  2.23989226e-08  2.16606352e-08  2.16606352e-08  2.16606352e-08  2.16606352e-08  9.00676456e-10  9.00676456e-10 
 2.18776162e+04  4.00845691e-08  4.00845691e-08  4.00845691e-08  3.95027959e-08  3.95027959e-08  3.95027959e-08  4.00845691e-08  4.00845691e-08  4.00845691e-08  3.95027959e-08  3.95027959e-08  3.95027959e-08  2.73330595e-08  2.73330595e-08  2.73330595e-08  2.73330595e-08  8.30798133e-09  8.30798133e-09  3.26462589e-08  3.26462589e-08  3.26462589e-08  3.25318892e-08  3.25318892e-08  3.25318892e-08  3.26462589e-08  3.26462589e-08  3.26462589e-08  3.25318892e-08  3.25318892e-08  3.25318892e-08  1.66287435e-08  1.66287435e-08  1.66287435e-08  1.66287435e-08  8.25893231e-09  8.25893231e-09  2.32494036e-08  2.32494036e-08  2.32494036e-08  2.23983930e-08  2.23983930e-08  2.23983930e-08  2.32494036e-08  2.32494036e-08  2.32494036e-08  2.23983930e-08  2.23983930e-08  2.23983930e-08  2.16601234e-08  2.16601234e-08  2.16601234e-08  2.16601234e-08  9.00785725e-10  9.00785725e-10 
 2.23872114e+04  3.98281096e-08  3.98281096e-08  3.98281096e-08  3.92443820e-08  3.92443820e-08  3.92443820e-08  3.98281096e-08  3.98281096e-08  3.98281096e-08  3.92443820e-08  3.92443820e-08  3.92443820e-08  2.72170026e-08  2.72170026e-08  2.72170026e-08  2.72170026e-08  8.23001413e-09  8.23001413e-09  3.23312636e-08  3.23312636e-08  3.23312636e-08  3.22179967e-08  3.22179967e-08  3.22179967e-08  3.23312636e-08  3.23312636e-08  3.23312636e-08  3.22179967e-08  3.22179967e-08  3.22179967e-08  1.64379891e-08  1.64379891e-08  1.64379891e-08  1.64379891e-08  8.18048503e-09  8.18048503e-09  2.32488286e-08  2.32488286e-08  2.32488286e-08  2.23978385e-08  2.23978385e-08  2.23978385e-08  2.32488286e-08  2.32488286e-08  2.32488286e-08  2.23978385e-08  2.23978385e-08  2.23978385e-08  2.16595874e-08  2.16595874e-08  2.16595874e-08  2.16595874e-08  9.00900115e-10  9.00900115e-10 
 2.29086765e+04  3.95749083e-08  3.95749083e-08  3.95749083e-08  3.89892156e-08  3.89892156e-08  3.89892156e-08  3.95749083e-08  3.95749083e-08  3.95749083e-08  3.89892156e-08  3.89892156e-08  3.89892156e-08  2.71030716e-08  2.71030716e-08  2.71030716e-08  2.71030716e-08  8.15284508e-09  8.15284508e-09  3.20192704e-08  3.20192704e-08  3.20192704e-08  3.19070957e-08  3.19070957e-08  3.19070957e-08  3.20192704e-08  3.20192704e-08  3.20192704e-08  3.19070957e-08  3.19070957e-08  3.19070957e-08  1.62494040e-08  1.62494040e-08  1.62494040e-08  1.62494040e-08  8.10283096e-09  8.10283096e-09  2.32482266e-08  2.32482266e-08  2.32482266e-08  2.23972579e-08  2.23972579e-08  2.23972579e-08  2.32482266e-08  2.32482266e-08  2.32482266e-08  2.23972579e-08  2.23972579e-08  2.23972579e-08  2.16590262e-08  2.16590262e-08  2.16590262e-08  2.16590262e-08  9.01019867e-10  9.01019867e-10 
 2.34422882e+04  3.93249317e-08  3.93249317e-08  3.93249317e-08  3.87372636e-08  3.87372636e-08  3.87372636e-08  3.93249317e-08  3.93249317e-08  3.93249317e-08  3.87372636e-08  3.87372636e-08  3.87372636e-08  2.69912320e-08  2.69912320e-08  2.69912320e-08  2.69912320e-08  8.07646801e-09  8.07646801e-09  3.17102493e-08  3.17102493e-08  3.17102493e-08  3.15991563e-08  3.15991563e-08  3.15991563e-08  3.17102493e-08  3.17102493e-08  3.17102493e-08  3.15991563e-08  3.15991563e-08  3.15991563e-08  1.60629628e-08  1.60629628e-08  1.60629628e-08  1.60629628e-08  8.02596386e-09  8.02596386e-09  2.32475961e-08  2.32475961e-08  2.32475961e-08  2.23966500e-08  2.23966500e-08  2.23966500e-08  2.32475961e-08  2.32475961e-08  2.32475961e-08  2.23966500e-08  2.23966500e-08  2.23966500e-08  2.16584386e-08  2.16584386e-08  2.16584386e-08  2.16584386e-08  9.01145230e-10  9.01145230e-10 
 2.39883292e+04  3.90781467e-08  3.90781467e-08  3.90781467e-08  3.84884934e-08  3.84884934e-08  3.84884934e-08  3.90781467e-08  3.90781467e-08  3.90781467e-08  3.84884934e-08  3.84884934e-08  3.84884934e-08  2.68814494e-08  2.68814494e-08  2.68814494e-08  2.68814494e-08  8.00087685e-09  8.00087685e-09  3.14041703e-08  3.14041703e-08  3.14041703e-08  3.12941488e-08  3.12941488e-08  3.12941488e-08  3.14041703e-08  3.14041703e-08  3.14041703e-08  3.12941488e-08  3.12941488e-08  3.12941488e-08  1.58786405e-08  1.58786405e-08  1.58786405e-08  1.58786405e-08  7.94987760e-09  7.94987760e-09  2.32469361e-08  2.32469361e-08  2.32469361e-08  2.23960135e-08  2.23960135e-08  2.23960135e-08  2.32469361e-08  2.32469361e-08  2.32469361e-08  2.23960135e-08  2.23960135e-08  2.23960135e-08  2.16578234e-08  2.16578234e-08  2.16578234e-08  2.16578234e-08  9.01276465e-10  9.01276465e-10 
 2.45470892e+04  3.88345199e-08  3.88345199e-08  3.88345199e-08  3.82428723e-08  3.82428723e-08  3.82428723e-08  3.88345199e-08  3.88345199e-08  3.88345199e-08  3.82428723e-08  3.82428723e-08  3.82428723e-08  2.67736899e-08  2.67736899e-08  2.67736899e-08  2.67736899e-08  7.92606565e-09  7.92606565e-09  3.11010042e-08  3.11010042e-08  3.11010042e-08  3.09920439e-08  3.09920439e-08  3.09920439e-08  3.11010042e-08  3.11010042e-08  3.11010042e-08  3.09920439e-08  3.09920439e-08  3.09920439e-08  1.56964123e-08  1.56964123e-08  1.56964123e-08  1.56964123e-08  7.87456616e-09  7.87456616e-09  2.32462449e-08  2.32462449e-08  2.32462449e-08  2.23953470e-08  2.23953470e-08  2.23953470e-08  2.32462449e-08  2.32462449e-08  2.32462449e-08  2.23953470e-08  2.23953470e-08  2.23953470e-08  2.16571791e-08  2.16571791e-08  2.16571791e-08  2.16571791e-08  9.01413845e-10  9.01413846e-10 
 2.51188643e+04  3.85940183e-08  3.85940183e-08  3.85940183e-08  3.80003676e-08  3.80003676e-08  3.80003676e-08  3.85940183e-08  3.85940183e-08  3.85940183e-08  3.80003676e-08  3.80003676e-08  3.80003676e-08  2.66679195e-08  2.66679195e-08  2.66679195e-08  2.66679195e-08  7.85202858e-09  7.85202858e-09  3.08007216e-08  3.08007216e-08  3.08007216e-08  3.06928124e-08  3.06928124e-08  3.06928124e-08  3.08007216e-08  3.08007216e-08  3.08007216e-08  3.06928124e-08  3.06928124e-08  3.06928124e-08  1.55162537e-08  1.55162537e-08  1.55162537e-08  1.55162537e-08  7.80002363e-09  7.80002363e-09  2.32455212e-08  2.32455212e-08  2.32455212e-08  2.23946491e-08  2.23946491e-08  2.23946491e-08  2.32455212e-08  2.32455212e-08  2.32455212e-08  2.23946491e-08  2.23946491e-08  2.23946491e-08  2.16565046e-08  2.16565046e-08  2.16565046e-08  2.16565046e-08  9.01557658e-10  9.01557658e-10 
 2.57039578e+04  3.83566090e-08  3.83566090e-08  3.83566090e-08  3.77609471e-08  3.77609471e-08  3.77609471e-08  3.83566090e-08  3.83566090e-08  3.83566090e-08  3.77609471e-08  3.77609471e-08  3.77609471e-08  2.65641049e-08  2.65641049e-08  2.65641049e-08  2.65641049e-08  7.77875990e-09  7.77875990e-09  3.05032936e-08  3.05032936e-08  3.05032936e-08  3.03964254e-08  3.03964254e-08  3.03964254e-08  3.05032936e-08  3.05032936e-08  3.05032936e-08  3.03964254e-08  3.03964254e-08  3.03964254e-08  1.53381403e-08  1.53381403e-08  1.53381403e-08  1.53381403e-08  7.72624420e-09  7.72624421e-09  2.32447635e-08  2.32447635e-08  2.32447635e-08  2.23939183e-08  2.23939183e-08  2.23939183e-08  2.32447635e-08  2.32447635e-08  2.32447635e-08  2.23939183e-08  2.23939183e-08  2.23939183e-08  2.16557983e-08  2.16557983e-08  2.16557983e-08  2.16557983e-08  9.01708200e-10  9.01708200e-10 
 2.63026799e+04  3.81222592e-08  3.81222592e-08  3.81222592e-08  3.75245783e-08  3.75245783e-08  3.75245783e-08  3.81222592e-08  3.81222592e-08  3.81222592e-08  3.75245783e-08  3.75245783e-08  3.75245783e-08  2.64622127e-08  2.64622127e-08  2.64622127e-08  2.64622127e-08  7.70625401e-09  7.70625401e-09  3.02086912e-08  3.02086912e-08  3.02086912e-08  3.01028542e-08  3.01028542e-08  3.01028542e-08  3.02086912e-08  3.02086912e-08  3.02086912e-08  3.01028542e-08  3.01028542e-08  3.01028542e-08  1.51620483e-08  1.51620483e-08  1.51620483e-08  1.51620483e-08  7.65322221e-09  7.65322221e-09  2.32439700e-08  2.32439700e-08  2.32439700e-08  2.23931532e-08  2.23931532e-08  2.23931532e-08  2.32439700e-08  2.32439700e-08  2.32439700e-08  2.23931532e-08  2.23931532e-08  2.23931532e-08  2.16550587e-08  2.16550587e-08  2.16550587e-08  2.16550587e-08  9.01865786e-10  9.01865785e-10 
 2.69153480e+04  3.78909361e-08  3.78909361e-08  3.78909361e-08  3.72912292e-08  3.72912292e-08  3.72912292e-08  3.78909361e-08  3.78909361e-08  3.78909361e-08  3.72912292e-08  3.72912292e-08  3.72912292e-08  2.63622099e-08  2.63622099e-08  2.63622099e-08  2.63622099e-08  7.63450540e-09  7.63450540e-09  2.99168861e-08  2.99168861e-08  2.99168861e-08  2.98120703e-08  2.98120703e-08  2.98120703e-08  2.99168861e-08  2.99168861e-08  2.99168861e-08  2.98120703e-08  2.98120703e-08  2.98120703e-08  1.49879538e-08  1.49879538e-08  1.49879538e-08  1.49879538e-08  7.58095206e-09  7.58095206e-09  2.32431393e-08  2.32431393e-08  2.32431393e-08  2.23923520e-08  2.23923520e-08  2.23923520e-08  2.32431393e-08  2.32431393e-08  2.32431393e-08  2.23923520e-08  2.23923520e-08  2.23923520e-08  2.16542844e-08  2.16542844e-08  2.16542844e-08  2.16542844e-08  9.02030741e-10  9.02030741e-10 
 2.75422870e+04  3.76626072e-08  3.76626072e-08  3.76626072e-08  3.70608676e-08  3.70608676e-08  3.70608676e-08  3.76626072e-08  3.76626072e-08  3.76626072e-08  3.70608676e-08  3.70608676e-08  3.70608676e-08  2.62640639e-08  2.62640639e-08  2.62640639e-08  2.62640639e-08  7.56350871e-09  7.56350871e-09  2.96278498e-08  2.96278498e-08  2.96278498e-08  2.95240456e-08  2.95240456e-08  2.95240456e-08  2.96278498e-08  2.96278498e-08  2.96278498e-08  2.95240456e-08  2.95240456e-08  2.95240456e-08  1.48158333e-08  1.48158333e-08  1.48158333e-08  1.48158333e-08  7.50942830e-09  7.50942830e-09  2.32422694e-08  2.32422694e-08  2.32422694e-08  2.23915132e-08  2.23915132e-08  2.23915132e-08  2.32422694e-08  2.32422694e-08  2.32422694e-08  2.23915132e-08  2.23915132e-08  2.23915132e-08  2.16534736e-08  2.16534736e-08  2.16534736e-08  2.16534736e-08  9.02203408e-10  9.02203408e-10 
 2.81838293e+04  3.74372399e-08  3.74372399e-08  3.74372399e-08  3.68334615e-08  3.68334615e-08  3.68334615e-08  3.74372399e-08  3.74372399e-08  3.74372399e-08  3.68334615e-08  3.68334615e-08  3.68334615e-08  2.61677420e-08  2.61677420e-08  2.61677420e-08  2.61677420e-08  7.49325867e-09  7.49325867e-09  2.93415542e-08  2.93415542e-08  2.93415542e-08  2.92387520e-08  2.92387520e-08  2.92387520e-08  2.93415542e-08  2.93415542e-08  2.93415542e-08  2.92387520e-08  2.92387520e-08  2.92387520e-08  1.46456637e-08  1.46456637e-08  1.46456637e-08  1.46456637e-08  7.43864559e-09  7.43864559e-09  2.32413586e-08  2.32413586e-08  2.32413586e-08  2.23906349e-08  2.23906349e-08  2.23906349e-08  2.32413586e-08  2.32413586e-08  2.32413586e-08  2.23906349e-08  2.23906349e-08  2.23906349e-08  2.16526246e-08  2.16526246e-08  2.16526246e-08  2.16526246e-08  9.02384145e-10  9.02384145e-10 
 2.88403150e+04  3.72148018e-08  3.72148018e-08  3.72148018e-08  3.66089791e-08  3.66089791e-08  3.66089791e-08  3.72148018e-08  3.72148018e-08  3.72148018e-08  3.66089791e-08  3.66089791e-08  3.66089791e-08  2.60732121e-08  2.60732121e-08  2.60732121e-08  2.60732121e-08  7.42375014e-09  7.42375014e-09  2.90579716e-08  2.90579716e-08  2.90579716e-08  2.89561617e-08  2.89561617e-08  2.89561617e-08  2.90579716e-08  2.90579716e-08  2.90579716e-08  2.89561617e-08  2.89561617e-08  2.89561617e-08  1.44774218e-08  1.44774218e-08  1.44774218e-08  1.44774218e-08  7.36859871e-09  7.36859871e-09  2.32404050e-08  2.32404050e-08  2.32404050e-08  2.23897152e-08  2.23897152e-08  2.23897152e-08  2.32404050e-08  2.32404050e-08  2.32404050e-08  2.23897152e-08  2.23897152e-08  2.23897152e-08  2.16517357e-08  2.16517357e-08  2.16517357e-08  2.16517357e-08  9.02573324e-10  9.02573324e-10 
 2.95120923e+04  3.69952605e-08  3.69952605e-08  3.69952605e-08  3.63873885e-08  3.63873885e-08  3.63873885e-08  3.69952605e-08  3.69952605e-08  3.69952605e-08  3.63873885e-08  3.63873885e-08  3.63873885e-08  2.59804421e-08  2.59804421e-08  2.59804421e-08  2.59804421e-08  7.35497809e-09  7.35497809e-09  2.87770741e-08  2.87770741e-08  2.87770741e-08  2.86762472e-08  2.86762472e-08  2.86762472e-08  2.87770741e-08  2.87770741e-08  2.87770741e-08  2.86762472e-08  2.86762472e-08  2.86762472e-08  1.43110849e-08  1.43110849e-08  1.43110849e-08  1.43110849e-08  7.29928253e-09  7.29928253e-09  2.32394064e-08  2.32394064e-08  2.32394064e-08  2.23887523e-08  2.23887523e-08  2.23887523e-08  2.32394064e-08  2.32394064e-08  2.32394064e-08  2.23887523e-08  2.23887523e-08  2.23887523e-08  2.16508050e-08  2.16508050e-08  2.16508050e-08  2.16508050e-08  9.02771338e-10  9.02771338e-10 
 3.01995172e+04  3.67785838e-08  3.67785838e-08  3.67785838e-08  3.61686581e-08  3.61686581e-08  3.61686581e-08  3.67785838e-08  3.67785838e-08  3.67785838e-08  3.61686581e-08  3.61686581e-08  3.61686581e-08  2.58894004e-08  2.58894004e-08  2.58894004e-08  2.58894004e-08  7.28693762e-09  7.28693762e-09  2.84988343e-08  2.84988343e-08  2.84988343e-08  2.83989810e-08  2.83989810e-08  2.83989810e-08  2.84988343e-08  2.84988343e-08  2.84988343e-08  2.83989810e-08  2.83989810e-08  2.83989810e-08  1.41466305e-08  1.41466305e-08  1.41466305e-08  1.41466305e-08  7.23069207e-09  7.23069207e-09  2.32383609e-08  2.32383609e-08  2.32383609e-08  2.23877441e-08  2.23877441e-08  2.23877441e-08  2.32383609e-08  2.32383609e-08  2.32383609e-08  2.23877441e-08  2.23877441e-08  2.23877441e-08  2.16498305e-08  2.16498305e-08  2.16498305e-08  2.16498305e-08  9.02978594e-10  9.02978594e-10 
 3.09029543e+04  3.65647396e-08  3.65647396e-08  3.65647396e-08  3.59527561e-08  3.59527561e-08  3.59527561e-08  3.65647396e-08  3.65647396e-08  3.65647396e-08  3.59527561e-08  3.59527561e-08  3.59527561e-08  2.58000553e-08  2.58000553e-08  2.58000553e-08  2.58000553e-08  7.21962395e-09  7.21962395e-09  2.82232249e-08  2.82232249e-08  2.82232249e-08  2.81243360e-08  2.81243360e-08  2.81243360e-08  2.82232249e-08  2.82232249e-08  2.82232249e-08  2.81243360e-08  2.81243360e-08  2.81243360e-08  1.39840362e-08  1.39840362e-08  1.39840362e-08  1.39840362e-08  7.16282245e-09  7.16282245e-09  2.32372662e-08  2.32372662e-08  2.32372662e-08  2.23866884e-08  2.23866884e-08  2.23866884e-08  2.32372662e-08  2.32372662e-08  2.32372662e-08  2.23866884e-08  2.23866884e-08  2.23866884e-08  2.16488101e-08  2.16488101e-08  2.16488101e-08  2.16488101e-08  9.03195520e-10  9.03195520e-10 
 3.16227766e+04  3.63536956e-08  3.63536956e-08  3.63536956e-08  3.57396510e-08  3.57396510e-08  3.57396510e-08  3.63536956e-08  3.63536956e-08  3.63536956e-08  3.57396510e-08  3.57396510e-08  3.57396510e-08  2.57123756e-08  2.57123756e-08  2.57123756e-08  2.57123756e-08  7.15303241e-09  7.15303241e-09  2.79502190e-08  2.79502190e-08  2.79502190e-08  2.78522853e-08  2.78522853e-08  2.78522853e-08  2.79502190e-08  2.79502190e-08  2.79502190e-08  2.78522853e-08  2.78522853e-08  2.78522853e-08  1.38232801e-08  1.38232801e-08  1.38232801e-08  1.38232801e-08  7.09566892e-09  7.09566892e-09  2.32361200e-08  2.32361200e-08  2.32361200e-08  2.23855831e-08  2.23855831e-08  2.23855831e-08  2.32361200e-08  2.32361200e-08  2.32361200e-08  2.23855831e-08  2.23855831e-08  2.23855831e-08  2.16477418e-08  2.16477418e-08  2.16477418e-08  2.16477418e-08  9.03422561e-10  9.03422561e-10 
 3.23593657e+04  3.61454198e-08  3.61454198e-08  3.61454198e-08  3.55293114e-08  3.55293114e-08  3.55293114e-08  3.61454198e-08  3.61454198e-08  3.61454198e-08  3.55293114e-08  3.55293114e-08  3.55293114e-08  2.56263303e-08  2.56263303e-08  2.56263303e-08  2.56263303e-08  7.08715848e-09  7.08715848e-09  2.76797895e-08  2.76797895e-08  2.76797895e-08  2.75828020e-08  2.75828020e-08  2.75828020e-08  2.76797895e-08  2.76797895e-08  2.76797895e-08  2.75828020e-08  2.75828020e-08  2.75828020e-08  1.36643402e-08  1.36643402e-08  1.36643402e-08  1.36643402e-08  7.02922685e-09  7.02922685e-09  2.32349199e-08  2.32349199e-08  2.32349199e-08  2.23844258e-08  2.23844258e-08  2.23844258e-08  2.32349199e-08  2.32349199e-08  2.32349199e-08  2.23844258e-08  2.23844258e-08  2.23844258e-08  2.16466231e-08  2.16466231e-08  2.16466231e-08  2.16466231e-08  9.03660184e-10  9.03660184e-10 
 3.31131121e+04  3.59398802e-08  3.59398802e-08  3.59398802e-08  3.53217056e-08  3.53217056e-08  3.53217056e-08  3.59398802e-08  3.59398802e-08  3.59398802e-08  3.53217056e-08  3.53217056e-08  3.53217056e-08  2.55418885e-08  2.55418885e-08  2.55418885e-08  2.55418885e-08  7.02199774e-09  7.02199774e-09  2.74119099e-08  2.74119099e-08  2.74119099e-08  2.73158596e-08  2.73158596e-08  2.73158596e-08  2.74119099e-08  2.74119099e-08  2.74119099e-08  2.73158596e-08  2.73158596e-08  2.73158596e-08  1.35071949e-08  1.35071949e-08  1.35071949e-08  1.35071949e-08  6.96349171e-09  6.96349171e-09  2.32336634e-08  2.32336634e-08  2.32336634e-08  2.23832140e-08  2.23832140e-08  2.23832140e-08  2.32336634e-08  2.32336634e-08  2.32336634e-08  2.23832140e-08  2.23832140e-08  2.23832140e-08  2.16454519e-08  2.16454519e-08  2.16454519e-08  2.16454519e-08  9.03908877e-10  9.03908877e-10 
 3.38844156e+04  3.57370449e-08  3.57370449e-08  3.57370449e-08  3.51168024e-08  3.51168024e-08  3.51168024e-08  3.57370449e-08  3.57370449e-08  3.57370449e-08  3.51168024e-08  3.51168024e-08  3.51168024e-08  2.54590196e-08  2.54590196e-08  2.54590196e-08  2.54590196e-08  6.95754592e-09  6.95754592e-09  2.71465537e-08  2.71465537e-08  2.71465537e-08  2.70514316e-08  2.70514316e-08  2.70514316e-08  2.71465537e-08  2.71465537e-08  2.71465537e-08  2.70514316e-08  2.70514316e-08  2.70514316e-08  1.33518228e-08  1.33518228e-08  1.33518228e-08  1.33518228e-08  6.89845914e-09  6.89845914e-09  2.32323477e-08  2.32323477e-08  2.32323477e-08  2.23819453e-08  2.23819453e-08  2.23819453e-08  2.32323477e-08  2.32323477e-08  2.32323477e-08  2.23819453e-08  2.23819453e-08  2.23819453e-08  2.16442256e-08  2.16442256e-08  2.16442256e-08  2.16442256e-08  9.04169149e-10  9.04169149e-10 
 3.46736850e+04  3.55368819e-08  3.55368819e-08  3.55368819e-08  3.49145703e-08  3.49145703e-08  3.49145703e-08  3.55368819e-08  3.55368819e-08  3.55368819e-08  3.49145703e-08  3.49145703e-08  3.49145703e-08  2.53776933e-08  2.53776933e-08  2.53776933e-08  2.53776933e-08  6.89379885e-09  6.89379885e-09  2.68836945e-08  2.68836945e-08  2.68836945e-08  2.67894919e-08  2.67894919e-08  2.67894919e-08  2.68836945e-08  2.68836945e-08  2.68836945e-08  2.67894919e-08  2.67894919e-08  2.67894919e-08  1.31982028e-08  1.31982028e-08  1.31982028e-08  1.31982028e-08  6.83412486e-09  6.83412485e-09  2.32309702e-08  2.32309702e-08  2.32309702e-08  2.23806169e-08  2.23806169e-08  2.23806169e-08  2.32309702e-08  2.32309702e-08  2.32309702e-08  2.23806169e-08  2.23806169e-08  2.23806169e-08  2.16429416e-08  2.16429416e-08  2.16429416e-08  2.16429416e-08  9.04441532e-10  9.04441532e-10 
 3.54813389e+04  3.53393593e-08  3.53393593e-08  3.53393593e-08  3.47149780e-08  3.47149780e-08  3.47149780e-08  3.53393593e-08  3.53393593e-08  3.53393593e-08  3.47149780e-08  3.47149780e-08  3.47149780e-08  2.52978793e-08  2.52978793e-08  2.52978793e-08  2.52978793e-08  6.83075252e-09  6.83075252e-09  2.66233063e-08  2.66233063e-08  2.66233063e-08  2.65300145e-08  2.65300145e-08  2.65300145e-08  2.66233063e-08  2.66233063e-08  2.66233063e-08  2.65300145e-08  2.65300145e-08  2.65300145e-08  1.30463138e-08  1.30463138e-08  1.30463138e-08  1.30463138e-08  6.77048473e-09  6.77048472e-09  2.32295280e-08  2.32295280e-08  2.32295280e-08  2.23792261e-08  2.23792261e-08  2.23792261e-08  2.32295280e-08  2.32295280e-08  2.32295280e-08  2.23792261e-08  2.23792261e-08  2.23792261e-08  2.16415973e-08  2.16415973e-08  2.16415973e-08  2.16415973e-08  9.04726583e-10  9.04726582e-10 
 3.63078055e+04  3.51444452e-08  3.51444452e-08  3.51444452e-08  3.45179942e-08  3.45179942e-08  3.45179942e-08  3.51444452e-08  3.51444452e-08  3.51444452e-08  3.45179942e-08  3.45179942e-08  3.45179942e-08  2.52195477e-08  2.52195477e-08  2.52195477e-08  2.52195477e-08  6.76840302e-09  6.76840302e-09  2.63653630e-08  2.63653630e-08  2.63653630e-08  2.62729734e-08  2.62729734e-08  2.62729734e-08  2.63653630e-08  2.63653630e-08  2.63653630e-08  2.62729734e-08  2.62729734e-08  2.62729734e-08  1.28961351e-08  1.28961351e-08  1.28961351e-08  1.28961351e-08  6.70753474e-09  6.70753474e-09  2.32280179e-08  2.32280179e-08  2.32280179e-08  2.23777698e-08  2.23777698e-08  2.23777698e-08  2.32280179e-08  2.32280179e-08  2.32280179e-08  2.23777698e-08  2.23777698e-08  2.23777698e-08  2.16401898e-08  2.16401898e-08  2.16401898e-08  2.16401898e-08  9.05024881e-10  9.05024881e-10 
 3.71535229e+04  3.49521079e-08  3.49521079e-08  3.49521079e-08  3.43235876e-08  3.43235876e-08  3.43235876e-08  3.49521079e-08  3.49521079e-08  3.49521079e-08  3.43235876e-08  3.43235876e-08  3.43235876e-08  2.51426688e-08  2.51426688e-08  2.51426688e-08  2.51426688e-08  6.70674660e-09  6.70674660e-09  2.61098389e-08  2.61098389e-08  2.61098389e-08  2.60183430e-08  2.60183430e-08  2.60183430e-08  2.61098389e-08  2.61098389e-08  2.61098389e-08  2.60183430e-08  2.60183430e-08  2.60183430e-08  1.27476461e-08  1.27476461e-08  1.27476461e-08  1.27476461e-08  6.64527102e-09  6.64527102e-09  2.32264368e-08  2.32264368e-08  2.32264368e-08  2.23762451e-08  2.23762451e-08  2.23762451e-08  2.32264368e-08  2.32264368e-08  2.32264368e-08  2.23762451e-08  2.23762451e-08  2.23762451e-08  2.16387161e-08  2.16387161e-08  2.16387161e-08  2.16387161e-08  9.05337034e-10  9.05337034e-10 
 3.80189396e+04  3.47623153e-08  3.47623153e-08  3.47623153e-08  3.41317270e-08  3.41317270e-08  3.41317270e-08  3.47623153e-08  3.47623153e-08  3.47623153e-08  3.41317270e-08  3.41317270e-08  3.41317270e-08  2.50672129e-08  2.50672129e-08  2.50672129e-08  2.50672129e-08  6.64577964e-09  6.64577964e-09  2.58567085e-08  2.58567085e-08  2.58567085e-08  2.57660978e-08  2.57660978e-08  2.57660978e-08  2.58567085e-08  2.58567085e-08  2.58567085e-08  2.57660978e-08  2.57660978e-08  2.57660978e-08  1.26008264e-08  1.26008264e-08  1.26008264e-08  1.26008264e-08  6.58368981e-09  6.58368981e-09  2.32247815e-08  2.32247815e-08  2.32247815e-08  2.23746488e-08  2.23746488e-08  2.23746488e-08  2.32247815e-08  2.32247815e-08  2.32247815e-08  2.23746488e-08  2.23746488e-08  2.23746488e-08  2.16371731e-08  2.16371731e-08  2.16371731e-08  2.16371731e-08  9.05663675e-10  9.05663675e-10 
 3.89045145e+04  3.45750358e-08  3.45750358e-08  3.45750358e-08  3.39423810e-08  3.39423810e-08  3.39423810e-08  3.45750358e-08  3.45750358e-08  3.45750358e-08  3.39423810e-08  3.39423810e-08  3.39423810e-08  2.49931508e-08  2.49931508e-08  2.49931508e-08  2.49931508e-08  6.58549863e-09  6.58549864e-09  2.56059462e-08  2.56059462e-08  2.56059462e-08  2.55162124e-08  2.55162124e-08  2.55162124e-08  2.56059462e-08  2.56059462e-08  2.56059462e-08  2.55162124e-08  2.55162124e-08  2.55162124e-08  1.24556559e-08  1.24556559e-08  1.24556559e-08  1.24556559e-08  6.52278749e-09  6.52278749e-09  2.32230483e-08  2.32230483e-08  2.32230483e-08  2.23729774e-08  2.23729774e-08  2.23729774e-08  2.32230483e-08  2.32230483e-08  2.32230483e-08  2.23729774e-08  2.23729774e-08  2.23729774e-08  2.16355576e-08  2.16355576e-08  2.16355576e-08  2.16355576e-08  9.06005466e-10  9.06005466e-10 
 3.98107171e+04  3.43902375e-08  3.43902375e-08  3.43902375e-08  3.37555183e-08  3.37555183e-08  3.37555183e-08  3.43902375e-08  3.43902375e-08  3.43902375e-08  3.37555183e-08  3.37555183e-08  3.37555183e-08  2.49204530e-08  2.49204530e-08  2.49204530e-08  2.49204530e-08  6.52590024e-09  6.52590024e-09  2.53575267e-08  2.53575267e-08  2.53575267e-08  2.52686615e-08  2.52686615e-08  2.52686615e-08  2.53575267e-08  2.53575267e-08  2.53575267e-08  2.52686615e-08  2.52686615e-08  2.52686615e-08  1.23121146e-08  1.23121146e-08  1.23121146e-08  1.23121146e-08  6.46256057e-09  6.46256057e-09  2.32212337e-08  2.32212337e-08  2.32212337e-08  2.23712275e-08  2.23712275e-08  2.23712275e-08  2.32212337e-08  2.32212337e-08  2.32212337e-08  2.23712275e-08  2.23712275e-08  2.23712275e-08  2.16338662e-08  2.16338662e-08  2.16338662e-08  2.16338662e-08  9.06363098e-10  9.06363098e-10 
 4.07380278e+04  3.42078885e-08  3.42078885e-08  3.42078885e-08  3.35711078e-08  3.35711078e-08  3.35711078e-08  3.42078885e-08  3.42078885e-08  3.42078885e-08  3.35711078e-08  3.35711078e-08  3.35711078e-08  2.48490907e-08  2.48490907e-08  2.48490907e-08  2.48490907e-08  6.46698123e-09  6.46698123e-09  2.51114250e-08  2.51114250e-08  2.51114250e-08  2.50234202e-08  2.50234202e-08  2.50234202e-08  2.51114250e-08  2.51114250e-08  2.51114250e-08  2.50234202e-08  2.50234202e-08  2.50234202e-08  1.21701827e-08  1.21701827e-08  1.21701827e-08  1.21701827e-08  6.40300571e-09  6.40300571e-09  2.32193338e-08  2.32193338e-08  2.32193338e-08  2.23693954e-08  2.23693954e-08  2.23693954e-08  2.32193338e-08  2.32193338e-08  2.32193338e-08  2.23693954e-08  2.23693954e-08  2.23693954e-08  2.16320953e-08  2.16320953e-08  2.16320953e-08  2.16320953e-08  9.06737291e-10  9.06737291e-10 
 4.16869383e+04  3.40279568e-08  3.40279568e-08  3.40279568e-08  3.33891180e-08  3.33891180e-08  3.33891180e-08  3.40279568e-08  3.40279568e-08  3.40279568e-08  3.33891180e-08  3.33891180e-08  3.33891180e-08  2.47790350e-08  2.47790350e-08  2.47790350e-08  2.47790350e-08  6.40873854e-09  6.40873854e-09  2.48676160e-08  2.48676160e-08  2.48676160e-08  2.47804636e-08  2.47804636e-08  2.47804636e-08  2.48676160e-08  2.48676160e-08  2.48676160e-08  2.47804636e-08  2.47804636e-08  2.47804636e-08  1.20298406e-08  1.20298406e-08  1.20298406e-08  1.20298406e-08  6.34411967e-09  6.34411967e-09  2.32173447e-08  2.32173447e-08  2.32173447e-08  2.23674772e-08  2.23674772e-08  2.23674772e-08  2.32173447e-08  2.32173447e-08  2.32173447e-08  2.23674772e-08  2.23674772e-08  2.23674772e-08  2.16302413e-08  2.16302413e-08  2.16302413e-08  2.16302413e-08  9.07128799e-10  9.07128799e-10 
 4.26579519e+04  3.38504107e-08  3.38504107e-08  3.38504107e-08  3.32095176e-08  3.32095176e-08  3.32095176e-08  3.38504107e-08  3.38504107e-08  3.38504107e-08  3.32095176e-08  3.32095176e-08  3.32095176e-08  2.47102571e-08  2.47102571e-08  2.47102571e-08  2.47102571e-08  6.35116924e-09  6.35116924e-09  2.46260748e-08  2.46260748e-08  2.46260748e-08  2.45397668e-08  2.45397668e-08  2.45397668e-08  2.46260748e-08  2.46260748e-08  2.46260748e-08  2.45397668e-08  2.45397668e-08  2.45397668e-08  1.18910689e-08  1.18910689e-08  1.18910689e-08  1.18910689e-08  6.28589938e-09  6.28589938e-09  2.32152621e-08  2.32152621e-08  2.32152621e-08  2.23654689e-08  2.23654689e-08  2.23654689e-08  2.32152621e-08  2.32152621e-08  2.32152621e-08  2.23654689e-08  2.23654689e-08  2.23654689e-08  2.16283001e-08  2.16283001e-08  2.16283001e-08  2.16283001e-08  9.07538406e-10  9.07538406e-10 
 4.36515832e+04  3.36752181e-08  3.36752181e-08  3.36752181e-08  3.30322753e-08  3.30322753e-08  3.30322753e-08  3.36752181e-08  3.36752181e-08  3.36752181e-08  3.30322753e-08  3.30322753e-08  3.30322753e-08  2.46427285e-08  2.46427285e-08  2.46427285e-08  2.46427285e-08  6.29427054e-09  6.29427054e-09  2.43867769e-08  2.43867769e-08  2.43867769e-08  2.43013052e-08  2.43013052e-08  2.43013052e-08  2.43867769e-08  2.43867769e-08  2.43867769e-08  2.43013052e-08  2.43013052e-08  2.43013052e-08  1.17538484e-08  1.17538484e-08  1.17538484e-08  1.17538484e-08  6.22834189e-09  6.22834189e-09  2.32130818e-08  2.32130818e-08  2.32130818e-08  2.23633663e-08  2.23633663e-08  2.23633663e-08  2.32130818e-08  2.32130818e-08  2.32130818e-08  2.23633663e-08  2.23633663e-08  2.23633663e-08  2.16262678e-08  2.16262678e-08  2.16262678e-08  2.16262678e-08  9.07966933e-10  9.07966933e-10 
 4.46683592e+04  3.35023470e-08  3.35023470e-08  3.35023470e-08  3.28573595e-08  3.28573595e-08  3.28573595e-08  3.35023470e-08  3.35023470e-08  3.35023470e-08  3.28573595e-08  3.28573595e-08  3.28573595e-08  2.45764207e-08  2.45764207e-08  2.45764207e-08  2.45764207e-08  6.23803979e-09  6.23803979e-09  2.41496975e-08  2.41496975e-08  2.41496975e-08  2.40650545e-08  2.40650545e-08  2.40650545e-08  2.41496975e-08  2.41496975e-08  2.41496975e-08  2.40650545e-08  2.40650545e-08  2.40650545e-08  1.16181601e-08  1.16181601e-08  1.16181601e-08  1.16181601e-08  6.17144441e-09  6.17144441e-09  2.32107991e-08  2.32107991e-08  2.32107991e-08  2.23611649e-08  2.23611649e-08  2.23611649e-08  2.32107991e-08  2.32107991e-08  2.32107991e-08  2.23611649e-08  2.23611649e-08  2.23611649e-08  2.16241401e-08  2.16241401e-08  2.16241401e-08  2.16241401e-08  9.08415236e-10  9.08415236e-10 
 4.57088190e+04  3.33317653e-08  3.33317653e-08  3.33317653e-08  3.26847389e-08  3.26847389e-08  3.26847389e-08  3.33317653e-08  3.33317653e-08  3.33317653e-08  3.26847389e-08  3.26847389e-08  3.26847389e-08  2.45113054e-08  2.45113054e-08  2.45113054e-08  2.45113054e-08  6.18247450e-09  6.18247450e-09  2.39148123e-08  2.39148123e-08  2.39148123e-08  2.38309901e-08  2.38309901e-08  2.38309901e-08  2.39148123e-08  2.39148123e-08  2.39148123e-08  2.38309901e-08  2.38309901e-08  2.38309901e-08  1.14839849e-08  1.14839849e-08  1.14839849e-08  1.14839849e-08  6.11520426e-09  6.11520426e-09  2.32084092e-08  2.32084092e-08  2.32084092e-08  2.23588603e-08  2.23588603e-08  2.23588603e-08  2.32084092e-08  2.32084092e-08  2.32084092e-08  2.23588603e-08  2.23588603e-08  2.23588603e-08  2.16219125e-08  2.16219125e-08  2.16219125e-08  2.16219125e-08  9.08884205e-10  9.08884205e-10 
 4.67735141e+04  3.31634409e-08  3.31634409e-08  3.31634409e-08  3.25143818e-08  3.25143818e-08  3.25143818e-08  3.31634409e-08  3.31634409e-08  3.31634409e-08  3.25143818e-08  3.25143818e-08  3.25143818e-08  2.44473545e-08  2.44473545e-08  2.44473545e-08  2.44473545e-08  6.12757233e-09  6.12757233e-09  2.36820968e-08  2.36820968e-08  2.36820968e-08  2.35990878e-08  2.35990878e-08  2.35990878e-08  2.36820968e-08  2.36820968e-08  2.36820968e-08  2.35990878e-08  2.35990878e-08  2.35990878e-08  1.13513044e-08  1.13513044e-08  1.13513044e-08  1.13513044e-08  6.05961892e-09  6.05961893e-09  2.32059071e-08  2.32059071e-08  2.32059071e-08  2.23564474e-08  2.23564474e-08  2.23564474e-08  2.32059071e-08  2.32059071e-08  2.32059071e-08  2.23564474e-08  2.23564474e-08  2.23564474e-08  2.16195803e-08  2.16195803e-08  2.16195803e-08  2.16195803e-08  9.09374772e-10  9.09374772e-10 
 4.78630092e+04  3.29973416e-08  3.29973416e-08  3.29973416e-08  3.23462567e-08  3.23462567e-08  3.23462567e-08  3.29973416e-08  3.29973416e-08  3.29973416e-08  3.23462567e-08  3.23462567e-08  3.23462567e-08  2.43845398e-08  2.43845398e-08  2.43845398e-08  2.43845398e-08  6.07333107e-09  6.07333107e-09  2.34515270e-08  2.34515270e-08  2.34515270e-08  2.33693236e-08  2.33693236e-08  2.33693236e-08  2.34515270e-08  2.34515270e-08  2.34515270e-08  2.33693236e-08  2.33693236e-08  2.33693236e-08  1.12200998e-08  1.12200998e-08  1.12200998e-08  1.12200998e-08  6.00468603e-09  6.00468603e-09  2.32032876e-08  2.32032876e-08  2.32032876e-08  2.23539213e-08  2.23539213e-08  2.23539213e-08  2.32032876e-08  2.32032876e-08  2.32032876e-08  2.23539213e-08  2.23539213e-08  2.23539213e-08  2.16171387e-08  2.16171387e-08  2.16171387e-08  2.16171387e-08  9.09887906e-10  9.09887906e-10 
 4.89778819e+04  3.28334350e-08  3.28334350e-08  3.28334350e-08  3.21803317e-08  3.21803317e-08  3.21803317e-08  3.28334350e-08  3.28334350e-08  3.28334350e-08  3.21803317e-08  3.21803317e-08  3.21803317e-08  2.43228334e-08  2.43228334e-08  2.43228334e-08  2.43228334e-08  6.01974870e-09  6.01974870e-09  2.32230787e-08  2.32230787e-08  2.32230787e-08  2.31416734e-08  2.31416734e-08  2.31416734e-08  2.32230787e-08  2.32230787e-08  2.32230787e-08  2.31416734e-08  2.31416734e-08  2.31416734e-08  1.10903528e-08  1.10903528e-08  1.10903528e-08  1.10903528e-08  5.95040335e-09  5.95040334e-09  2.32005453e-08  2.32005453e-08  2.32005453e-08  2.23512768e-08  2.23512768e-08  2.23512768e-08  2.32005453e-08  2.32005453e-08  2.32005453e-08  2.23512768e-08  2.23512768e-08  2.23512768e-08  2.16145825e-08  2.16145825e-08  2.16145825e-08  2.16145825e-08  9.10424620e-10  9.10424620e-10 
 5.01187234e+04  3.26716887e-08  3.26716887e-08  3.26716887e-08  3.20165750e-08  3.20165750e-08  3.20165750e-08  3.26716887e-08  3.26716887e-08  3.26716887e-08  3.20165750e-08  3.20165750e-08  3.20165750e-08  2.42622074e-08  2.42622074e-08  2.42622074e-08  2.42622074e-08  5.96682331e-09  5.96682331e-09  2.29967280e-08  2.29967280e-08  2.29967280e-08  2.29161133e-08  2.29161133e-08  2.29161133e-08  2.29967280e-08  2.29967280e-08  2.29967280e-08  2.29161133e-08  2.29161133e-08  2.29161133e-08  1.09620452e-08  1.09620452e-08  1.09620452e-08  1.09620452e-08  5.89676878e-09  5.89676878e-09  2.31976742e-08  2.31976742e-08  2.31976742e-08  2.23485081e-08  2.23485081e-08  2.23485081e-08  2.31976742e-08  2.31976742e-08  2.31976742e-08  2.23485081e-08  2.23485081e-08  2.23485081e-08  2.16119065e-08  2.16119065e-08  2.16119065e-08  2.16119065e-08  9.10985967e-10  9.10985967e-10 
 5.12861384e+04  3.25120701e-08  3.25120701e-08  3.25120701e-08  3.18549548e-08  3.18549548e-08  3.18549548e-08  3.25120701e-08  3.25120701e-08  3.25120701e-08  3.18549548e-08  3.18549548e-08  3.18549548e-08  2.42026340e-08  2.42026340e-08  2.42026340e-08  2.42026340e-08  5.91455317e-09  5.91455317e-09  2.27724509e-08  2.27724509e-08  2.27724509e-08  2.26926195e-08  2.26926195e-08  2.26926195e-08  2.27724509e-08  2.27724509e-08  2.27724509e-08  2.26926195e-08  2.26926195e-08  2.26926195e-08  1.08351589e-08  1.08351589e-08  1.08351589e-08  1.08351589e-08  5.84378040e-09  5.84378040e-09  2.31946686e-08  2.31946686e-08  2.31946686e-08  2.23456096e-08  2.23456096e-08  2.23456096e-08  2.31946686e-08  2.31946686e-08  2.31946686e-08  2.23456096e-08  2.23456096e-08  2.23456096e-08  2.16091049e-08  2.16091049e-08  2.16091049e-08  2.16091049e-08  9.11573047e-10  9.11573046e-10 
 5.24807460e+04  3.23545467e-08  3.23545467e-08  3.23545467e-08  3.16954388e-08  3.16954388e-08  3.16954388e-08  3.23545467e-08  3.23545467e-08  3.23545467e-08  3.16954388e-08  3.16954388e-08  3.16954388e-08  2.41440852e-08  2.41440852e-08  2.41440852e-08  2.41440852e-08  5.86293672e-09  5.86293671e-09  2.25502237e-08  2.25502237e-08  2.25502237e-08  2.24711683e-08  2.24711683e-08  2.24711683e-08  2.25502237e-08  2.25502237e-08  2.25502237e-08  2.24711683e-08  2.24711683e-08  2.24711683e-08  1.07096761e-08  1.07096761e-08  1.07096761e-08  1.07096761e-08  5.79143641e-09  5.79143641e-09  2.31915220e-08  2.31915220e-08  2.31915220e-08  2.23425752e-08  2.23425752e-08  2.23425752e-08  2.31915220e-08  2.31915220e-08  2.31915220e-08  2.23425752e-08  2.23425752e-08  2.23425752e-08  2.16061720e-08  2.16061720e-08  2.16061720e-08  2.16061720e-08  9.12187003e-10  9.12187003e-10 
 5.37031796e+04  3.21990854e-08  3.21990854e-08  3.21990854e-08  3.15379950e-08  3.15379950e-08  3.15379950e-08  3.21990854e-08  3.21990854e-08  3.21990854e-08  3.15379950e-08  3.15379950e-08  3.15379950e-08  2.40865336e-08  2.40865336e-08  2.40865336e-08  2.40865336e-08  5.81197252e-09  5.81197251e-09  2.23300226e-08  2.23300226e-08  2.23300226e-08  2.22517361e-08  2.22517361e-08  2.22517361e-08  2.23300226e-08  2.23300226e-08  2.23300226e-08  2.22517361e-08  2.22517361e-08  2.22517361e-08  1.05855790e-08  1.05855790e-08  1.05855790e-08  1.05855790e-08  5.73973517e-09  5.73973517e-09  2.31882279e-08  2.31882279e-08  2.31882279e-08  2.23393986e-08  2.23393986e-08  2.23393986e-08  2.31882279e-08  2.31882279e-08  2.31882279e-08  2.23393986e-08  2.23393986e-08  2.23393986e-08  2.16031015e-08  2.16031015e-08  2.16031015e-08  2.16031015e-08  9.12829030e-10  9.12829029e-10 
 5.49540874e+04  3.20456535e-08  3.20456535e-08  3.20456535e-08  3.13825909e-08  3.13825909e-08  3.13825909e-08  3.20456535e-08  3.20456535e-08  3.20456535e-08  3.13825909e-08  3.13825909e-08  3.13825909e-08  2.40299512e-08  2.40299512e-08  2.40299512e-08  2.40299512e-08  5.76165931e-09  5.76165931e-09  2.21118241e-08  2.21118241e-08  2.21118241e-08  2.20342993e-08  2.20342993e-08  2.20342993e-08  2.21118241e-08  2.21118241e-08  2.21118241e-08  2.20342993e-08  2.20342993e-08  2.20342993e-08  1.04628498e-08  1.04628498e-08  1.04628498e-08  1.04628498e-08  5.68867519e-09  5.68867519e-09  2.31847794e-08  2.31847794e-08  2.31847794e-08  2.23360731e-08  2.23360731e-08  2.23360731e-08  2.31847794e-08  2.31847794e-08  2.31847794e-08  2.23360731e-08  2.23360731e-08  2.23360731e-08  2.15998872e-08  2.15998872e-08  2.15998872e-08  2.15998872e-08  9.13500366e-10  9.13500366e-10 
 5.62341325e+04  3.18942177e-08  3.18942177e-08  3.18942177e-08  3.12291941e-08  3.12291941e-08  3.12291941e-08  3.18942177e-08  3.18942177e-08  3.18942177e-08  3.12291941e-08  3.12291941e-08  3.12291941e-08  2.39743105e-08  2.39743105e-08  2.39743105e-08  2.39743105e-08  5.71199601e-09  5.71199601e-09  2.18956047e-08  2.18956047e-08  2.18956047e-08  2.18188346e-08  2.18188346e-08  2.18188346e-08  2.18956047e-08  2.18956047e-08  2.18956047e-08  2.18188346e-08  2.18188346e-08  2.18188346e-08  1.03414713e-08  1.03414713e-08  1.03414713e-08  1.03414713e-08  5.63825514e-09  5.63825514e-09  2.31811694e-08  2.31811694e-08  2.31811694e-08  2.23325917e-08  2.23325917e-08  2.23325917e-08  2.31811694e-08  2.31811694e-08  2.31811694e-08  2.23325917e-08  2.23325917e-08  2.23325917e-08  2.15965223e-08  2.15965223e-08  2.15965223e-08  2.15965223e-08  9.14202307e-10  9.14202307e-10 
 5.75439937e+04  3.17447447e-08  3.17447447e-08  3.17447447e-08  3.10777717e-08  3.10777717e-08  3.10777717e-08  3.17447447e-08  3.17447447e-08  3.17447447e-08  3.10777717e-08  3.10777717e-08  3.10777717e-08  2.39195838e-08  2.39195838e-08  2.39195838e-08  2.39195838e-08  5.66298167e-09  5.66298167e-09  2.16813408e-08  2.16813408e-08  2.16813408e-08  2.16053185e-08  2.16053185e-08  2.16053185e-08  2.16813408e-08  2.16813408e-08  2.16813408e-08  2.16053185e-08  2.16053185e-08  2.16053185e-08  1.02214260e-08  1.02214260e-08  1.02214260e-08  1.02214260e-08  5.58847383e-09  5.58847382e-09  2.31773903e-08  2.31773903e-08  2.31773903e-08  2.23289474e-08  2.23289474e-08  2.23289474e-08  2.31773903e-08  2.31773903e-08  2.31773903e-08  2.23289474e-08  2.23289474e-08  2.23289474e-08  2.15929998e-08  2.15929998e-08  2.15929998e-08  2.15929998e-08  9.14936197e-10  9.14936196e-10 
 5.88843655e+04  3.15972009e-08  3.15972009e-08  3.15972009e-08  3.09282910e-08  3.09282910e-08  3.09282910e-08  3.15972009e-08  3.15972009e-08  3.15972009e-08  3.09282910e-08  3.09282910e-08  3.09282910e-08  2.38657434e-08  2.38657434e-08  2.38657434e-08  2.38657434e-08  5.61461553e-09  5.61461553e-09  2.14690092e-08  2.14690092e-08  2.14690092e-08  2.13937278e-08  2.13937278e-08  2.13937278e-08  2.14690092e-08  2.14690092e-08  2.14690092e-08  2.13937278e-08  2.13937278e-08  2.13937278e-08  1.01026968e-08  1.01026968e-08  1.01026968e-08  1.01026968e-08  5.53933021e-09  5.53933021e-09  2.31734342e-08  2.31734342e-08  2.31734342e-08  2.23251323e-08  2.23251323e-08  2.23251323e-08  2.31734342e-08  2.31734342e-08  2.31734342e-08  2.23251323e-08  2.23251323e-08  2.23251323e-08  2.15893123e-08  2.15893123e-08  2.15893123e-08  2.15893123e-08  9.15703436e-10  9.15703436e-10 
 6.02559586e+04  3.14515527e-08  3.14515527e-08  3.14515527e-08  3.07807187e-08  3.07807187e-08  3.07807187e-08  3.14515527e-08  3.14515527e-08  3.14515527e-08  3.07807187e-08  3.07807187e-08  3.07807187e-08  2.38127615e-08  2.38127615e-08  2.38127615e-08  2.38127615e-08  5.56689697e-09  5.56689697e-09  2.12585864e-08  2.12585864e-08  2.12585864e-08  2.11840391e-08  2.11840391e-08  2.11840391e-08  2.12585864e-08  2.12585864e-08  2.12585864e-08  2.11840391e-08  2.11840391e-08  2.11840391e-08  9.98526653e-09  9.98526653e-09  9.98526653e-09  9.98526653e-09  5.49082342e-09  5.49082342e-09  2.31692929e-08  2.31692929e-08  2.31692929e-08  2.23211387e-08  2.23211387e-08  2.23211387e-08  2.31692929e-08  2.31692929e-08  2.31692929e-08  2.23211387e-08  2.23211387e-08  2.23211387e-08  2.15854523e-08  2.15854523e-08  2.15854523e-08  2.15854523e-08  9.16505480e-10  9.16505480e-10 
 6.16595002e+04  3.13077660e-08  3.13077660e-08  3.13077660e-08  3.06350217e-08  3.06350217e-08  3.06350217e-08  3.13077660e-08  3.13077660e-08  3.13077660e-08  3.06350217e-08  3.06350217e-08  3.06350217e-08  2.37606104e-08  2.37606104e-08  2.37606104e-08  2.37606104e-08  5.51982554e-09  5.51982554e-09  2.10500493e-08  2.10500493e-08  2.10500493e-08  2.09762294e-08  2.09762294e-08  2.09762294e-08  2.10500493e-08  2.10500493e-08  2.10500493e-08  2.09762294e-08  2.09762294e-08  2.09762294e-08  9.86911832e-09  9.86911832e-09  9.86911832e-09  9.86911832e-09  5.44295272e-09  5.44295272e-09  2.31649578e-08  2.31649578e-08  2.31649578e-08  2.23169582e-08  2.23169582e-08  2.23169582e-08  2.31649578e-08  2.31649578e-08  2.31649578e-08  2.23169582e-08  2.23169582e-08  2.23169582e-08  2.15814116e-08  2.15814116e-08  2.15814116e-08  2.15814116e-08  9.17343843e-10  9.17343843e-10 
 6.30957344e+04  3.11658067e-08  3.11658067e-08  3.11658067e-08  3.04911662e-08  3.04911662e-08  3.04911662e-08  3.11658067e-08  3.11658067e-08  3.11658067e-08  3.04911662e-08  3.04911662e-08  3.04911662e-08  2.37092623e-08  2.37092623e-08  2.37092623e-08  2.37092623e-08  5.47340097e-09  5.47340097e-09  2.08433746e-08  2.08433746e-08  2.08433746e-08  2.07702755e-08  2.07702755e-08  2.07702755e-08  2.08433746e-08  2.08433746e-08  2.08433746e-08  2.07702755e-08  2.07702755e-08  2.07702755e-08  9.75423536e-09  9.75423536e-09  9.75423536e-09  9.75423536e-09  5.39571754e-09  5.39571754e-09  2.31604200e-08  2.31604200e-08  2.31604200e-08  2.23125822e-08  2.23125822e-08  2.23125822e-08  2.31604200e-08  2.31604200e-08  2.31604200e-08  2.23125822e-08  2.23125822e-08  2.23125822e-08  2.15771818e-08  2.15771818e-08  2.15771818e-08  2.15771818e-08  9.18220100e-10  9.18220100e-10 
 6.45654229e+04  3.10256402e-08  3.10256402e-08  3.10256402e-08  3.03491185e-08  3.03491185e-08  3.03491185e-08  3.10256402e-08  3.10256402e-08  3.10256402e-08  3.03491185e-08  3.03491185e-08  3.03491185e-08  2.36586891e-08  2.36586891e-08  2.36586891e-08  2.36586891e-08  5.42762315e-09  5.42762315e-09  2.06385391e-08  2.06385391e-08  2.06385391e-08  2.05661542e-08  2.05661542e-08  2.05661542e-08  2.06385391e-08  2.06385391e-08  2.06385391e-08  2.05661542e-08  2.05661542e-08  2.05661542e-08  9.64060094e-09  9.64060094e-09  9.64060094e-09  9.64060094e-09  5.34911745e-09  5.34911745e-09  2.31556699e-08  2.31556699e-08  2.31556699e-08  2.23080015e-08  2.23080015e-08  2.23080015e-08  2.31556699e-08  2.31556699e-08  2.31556699e-08  2.23080015e-08  2.23080015e-08  2.23080015e-08  2.15727543e-08  2.15727543e-08  2.15727543e-08  2.15727543e-08  9.19135885e-10  9.19135885e-10 
 6.60693448e+04  3.08872317e-08  3.08872317e-08  3.08872317e-08  3.02088444e-08  3.02088444e-08  3.02088444e-08  3.08872317e-08  3.08872317e-08  3.08872317e-08  3.02088444e-08  3.02088444e-08  3.02088444e-08  2.36088629e-08  2.36088629e-08  2.36088629e-08  2.36088629e-08  5.38249212e-09  5.38249212e-09  2.04355198e-08  2.04355198e-08  2.04355198e-08  2.03638426e-08  2.03638426e-08  2.03638426e-08  2.04355198e-08  2.04355198e-08  2.04355198e-08  2.03638426e-08  2.03638426e-08  2.03638426e-08  9.52819850e-09  9.52819850e-09  9.52819850e-09  9.52819850e-09  5.30315219e-09  5.30315219e-09  2.31506978e-08  2.31506978e-08  2.31506978e-08  2.23032067e-08  2.23032067e-08  2.23032067e-08  2.31506978e-08  2.31506978e-08  2.31506978e-08  2.23032067e-08  2.23032067e-08  2.23032067e-08  2.15681198e-08  2.15681198e-08  2.15681198e-08  2.15681198e-08  9.20092899e-10  9.20092899e-10 
 6.76082975e+04  3.07505463e-08  3.07505463e-08  3.07505463e-08  3.00703096e-08  3.00703096e-08  3.00703096e-08  3.07505463e-08  3.07505463e-08  3.07505463e-08  3.00703096e-08  3.00703096e-08  3.00703096e-08  2.35597556e-08  2.35597556e-08  2.35597556e-08  2.35597556e-08  5.33800810e-09  5.33800810e-09  2.02342935e-08  2.02342935e-08  2.02342935e-08  2.01633177e-08  2.01633177e-08  2.01633177e-08  2.02342935e-08  2.02342935e-08  2.02342935e-08  2.01633177e-08  2.01633177e-08  2.01633177e-08  9.41701159e-09  9.41701159e-09  9.41701159e-09  9.41701159e-09  5.25782163e-09  5.25782163e-09  2.31454934e-08  2.31454934e-08  2.31454934e-08  2.22981878e-08  2.22981878e-08  2.22981878e-08  2.31454934e-08  2.31454934e-08  2.31454934e-08  2.22981878e-08  2.22981878e-08  2.22981878e-08  2.15632688e-08  2.15632688e-08  2.15632688e-08  2.15632688e-08  9.21092906e-10  9.21092905e-10 
 6.91830971e+04  3.06155485e-08  3.06155485e-08  3.06155485e-08  2.99334793e-08  2.99334793e-08  2.99334793e-08  3.06155485e-08  3.06155485e-08  3.06155485e-08  2.99334793e-08  2.99334793e-08  2.99334793e-08  2.35113388e-08  2.35113388e-08  2.35113388e-08  2.35113388e-08  5.29417147e-09  5.29417147e-09  2.00348372e-08  2.00348372e-08  2.00348372e-08  1.99645563e-08  1.99645563e-08  1.99645563e-08  2.00348372e-08  2.00348372e-08  2.00348372e-08  1.99645563e-08  1.99645563e-08  1.99645563e-08  9.30702384e-09  9.30702384e-09  9.30702384e-09  9.30702384e-09  5.21312581e-09  5.21312581e-09  2.31400458e-08  2.31400458e-08  2.31400458e-08  2.22929345e-08  2.22929345e-08  2.22929345e-08  2.31400458e-08  2.31400458e-08  2.31400458e-08  2.22929345e-08  2.22929345e-08  2.22929345e-08  2.15581911e-08  2.15581911e-08  2.15581911e-08  2.15581911e-08  9.22137736e-10  9.22137735e-10 
 7.07945784e+04  3.04822025e-08  3.04822025e-08  3.04822025e-08  2.97983186e-08  2.97983186e-08  2.97983186e-08  3.04822025e-08  3.04822025e-08  3.04822025e-08  2.97983186e-08  2.97983186e-08  2.97983186e-08  2.34635840e-08  2.34635840e-08  2.34635840e-08  2.34635840e-08  5.25098277e-09  5.25098277e-09  1.98371278e-08  1.98371278e-08  1.98371278e-08  1.97675357e-08  1.97675357e-08  1.97675357e-08  1.98371278e-08  1.98371278e-08  1.98371278e-08  1.97675357e-08  1.97675357e-08  1.97675357e-08  9.19821903e-09  9.19821903e-09  9.19821903e-09  9.19821903e-09  5.16906491e-09  5.16906491e-09  2.31343439e-08  2.31343439e-08  2.31343439e-08  2.22874359e-08  2.22874359e-08  2.22874359e-08  2.31343439e-08  2.31343439e-08  2.31343439e-08  2.22874359e-08  2.22874359e-08  2.22874359e-08  2.15528764e-08  2.15528764e-08  2.15528764e-08  2.15528764e-08  9.23229289e-10  9.23229289e-10 
 7.24435960e+04  3.03504723e-08  3.03504723e-08  3.03504723e-08  2.96647919e-08  2.96647919e-08  2.96647919e-08  3.03504723e-08  3.03504723e-08  3.03504723e-08  2.96647919e-08  2.96647919e-08  2.96647919e-08  2.34164627e-08  2.34164627e-08  2.34164627e-08  2.34164627e-08  5.20844272e-09  5.20844272e-09  1.96411423e-08  1.96411423e-08  1.96411423e-08  1.95722327e-08  1.95722327e-08  1.95722327e-08  1.96411423e-08  1.96411423e-08  1.96411423e-08  1.95722327e-08  1.95722327e-08  1.95722327e-08  9.09058102e-09  9.09058102e-09  9.09058102e-09  9.09058102e-09  5.12563925e-09  5.12563925e-09  2.31283759e-08  2.31283759e-08  2.31283759e-08  2.22816807e-08  2.22816807e-08  2.22816807e-08  2.31283759e-08  2.31283759e-08  2.31283759e-08  2.22816807e-08  2.22816807e-08  2.22816807e-08  2.15473136e-08  2.15473136e-08  2.15473136e-08  2.15473136e-08  9.24369537e-10  9.24369537e-10 
 7.41310241e+04  3.02203214e-08  3.02203214e-08  3.02203214e-08  2.95328635e-08  2.95328635e-08  2.95328635e-08  3.02203214e-08  3.02203214e-08  3.02203214e-08  2.95328635e-08  2.95328635e-08  2.95328635e-08  2.33699458e-08  2.33699458e-08  2.33699458e-08  2.33699458e-08  5.16655217e-09  5.16655217e-09  1.94468576e-08  1.94468576e-08  1.94468576e-08  1.93786245e-08  1.93786245e-08  1.93786245e-08  1.94468576e-08  1.94468576e-08  1.94468576e-08  1.93786245e-08  1.93786245e-08  1.93786245e-08  8.98409378e-09  8.98409378e-09  8.98409378e-09  8.98409378e-09  5.08284930e-09  5.08284930e-09  2.31221296e-08  2.31221296e-08  2.31221296e-08  2.22756571e-08  2.22756571e-08  2.22756571e-08  2.31221296e-08  2.31221296e-08  2.31221296e-08  2.22756571e-08  2.22756571e-08  2.22756571e-08  2.15414914e-08  2.15414914e-08  2.15414914e-08  2.15414914e-08  9.25560521e-10  9.25560522e-10 
 7.58577575e+04  3.00917130e-08  3.00917130e-08  3.00917130e-08  2.94024973e-08  2.94024973e-08  2.94024973e-08  3.00917130e-08  3.00917130e-08  3.00917130e-08  2.94024973e-08  2.94024973e-08  2.94024973e-08  2.33240044e-08  2.33240044e-08  2.33240044e-08  2.33240044e-08  5.12531216e-09  5.12531216e-09  1.92542507e-08  1.92542507e-08  1.92542507e-08  1.91866880e-08  1.91866880e-08  1.91866880e-08  1.92542507e-08  1.92542507e-08  1.92542507e-08  1.91866880e-08  1.91866880e-08  1.91866880e-08  8.87874136e-09  8.87874136e-09  8.87874136e-09  8.87874136e-09  5.04069569e-09  5.04069569e-09  2.31155919e-08  2.31155919e-08  2.31155919e-08  2.22693526e-08  2.22693526e-08  2.22693526e-08  2.31155919e-08  2.31155919e-08  2.31155919e-08  2.22693526e-08  2.22693526e-08  2.22693526e-08  2.15353977e-08  2.15353977e-08  2.15353977e-08  2.15353977e-08  9.26804359e-10  9.26804359e-10 
 7.76247117e+04  2.99646095e-08  2.99646095e-08  2.99646095e-08  2.92736567e-08  2.92736567e-08  2.92736567e-08  2.99646095e-08  2.99646095e-08  2.99646095e-08  2.92736567e-08  2.92736567e-08  2.92736567e-08  2.32786091e-08  2.32786091e-08  2.32786091e-08  2.32786091e-08  5.08472387e-09  5.08472387e-09  1.90632986e-08  1.90632986e-08  1.90632986e-08  1.89964005e-08  1.89964005e-08  1.89964005e-08  1.90632986e-08  1.90632986e-08  1.90632986e-08  1.89964005e-08  1.89964005e-08  1.89964005e-08  8.77450792e-09  8.77450792e-09  8.77450792e-09  8.77450792e-09  4.99917916e-09  4.99917916e-09  2.31087497e-08  2.31087497e-08  2.31087497e-08  2.22627543e-08  2.22627543e-08  2.22627543e-08  2.31087497e-08  2.31087497e-08  2.31087497e-08  2.22627543e-08  2.22627543e-08  2.22627543e-08  2.15290200e-08  2.15290200e-08  2.15290200e-08  2.15290200e-08  9.28103241e-10  9.28103241e-10 
 7.94328235e+04  2.98389734e-08  2.98389734e-08  2.98389734e-08  2.91463046e-08  2.91463046e-08  2.91463046e-08  2.98389734e-08  2.98389734e-08  2.98389734e-08  2.91463046e-08  2.91463046e-08  2.91463046e-08  2.32337302e-08  2.32337302e-08  2.32337302e-08  2.32337302e-08  5.04478862e-09  5.04478862e-09  1.88739783e-08  1.88739783e-08  1.88739783e-08  1.88077387e-08  1.88077387e-08  1.88077387e-08  1.88739783e-08  1.88739783e-08  1.88739783e-08  1.88077387e-08  1.88077387e-08  1.88077387e-08  8.67137771e-09  8.67137771e-09  8.67137771e-09  8.67137771e-09  4.95830059e-09  4.95830060e-09  2.31015887e-08  2.31015887e-08  2.31015887e-08  2.22558486e-08  2.22558486e-08  2.22558486e-08  2.31015887e-08  2.31015887e-08  2.31015887e-08  2.22558486e-08  2.22558486e-08  2.22558486e-08  2.15223453e-08  2.15223453e-08  2.15223453e-08  2.15223453e-08  9.29459435e-10  9.29459435e-10 
 8.12830516e+04  2.97147663e-08  2.97147663e-08  2.97147663e-08  2.90204035e-08  2.90204035e-08  2.90204035e-08  2.97147663e-08  2.97147663e-08  2.97147663e-08  2.90204035e-08  2.90204035e-08  2.90204035e-08  2.31893377e-08  2.31893377e-08  2.31893377e-08  2.31893377e-08  5.00550792e-09  5.00550792e-09  1.86862666e-08  1.86862666e-08  1.86862666e-08  1.86206798e-08  1.86206798e-08  1.86206798e-08  1.86862666e-08  1.86862666e-08  1.86862666e-08  1.86206798e-08  1.86206798e-08  1.86206798e-08  8.56933505e-09  8.56933505e-09  8.56933505e-09  8.56933505e-09  4.91806102e-09  4.91806102e-09  2.30940944e-08  2.30940944e-08  2.30940944e-08  2.22486216e-08  2.22486216e-08  2.22486216e-08  2.30940944e-08  2.30940944e-08  2.30940944e-08  2.22486216e-08  2.22486216e-08  2.22486216e-08  2.15153599e-08  2.15153599e-08  2.15153599e-08  2.15153599e-08  9.30875288e-10  9.30875289e-10 
 8.31763771e+04  2.95919496e-08  2.95919496e-08  2.95919496e-08  2.88959155e-08  2.88959155e-08  2.88959155e-08  2.95919496e-08  2.95919496e-08  2.95919496e-08  2.88959155e-08  2.88959155e-08  2.88959155e-08  2.31454014e-08  2.31454014e-08  2.31454014e-08  2.31454014e-08  4.96688338e-09  4.96688338e-09  1.85001404e-08  1.85001404e-08  1.85001404e-08  1.84352008e-08  1.84352008e-08  1.84352008e-08  1.85001404e-08  1.85001404e-08  1.85001404e-08  1.84352008e-08  1.84352008e-08  1.84352008e-08  8.46836436e-09  8.46836436e-09  8.46836436e-09  8.46836436e-09  4.87846159e-09  4.87846159e-09  2.30862515e-08  2.30862515e-08  2.30862515e-08  2.22410583e-08  2.22410583e-08  2.22410583e-08  2.30862515e-08  2.30862515e-08  2.30862515e-08  2.22410583e-08  2.22410583e-08  2.22410583e-08  2.15080495e-08  2.15080495e-08  2.15080495e-08  2.15080495e-08  9.32353227e-10  9.32353227e-10 
 8.51138038e+04  2.94704837e-08  2.94704837e-08  2.94704837e-08  2.87728021e-08  2.87728021e-08  2.87728021e-08  2.94704837e-08  2.94704837e-08  2.94704837e-08  2.87728021e-08  2.87728021e-08  2.87728021e-08  2.31018905e-08  2.31018905e-08  2.31018905e-08  2.31018905e-08  4.92891678e-09  4.92891678e-09  1.83155767e-08  1.83155767e-08  1.83155767e-08  1.82512785e-08  1.82512785e-08  1.82512785e-08  1.83155767e-08  1.83155767e-08  1.83155767e-08  1.82512785e-08  1.82512785e-08  1.82512785e-08  8.36845012e-09  8.36845012e-09  8.36845012e-09  8.36845012e-09  4.83950356e-09  4.83950356e-09  2.30780438e-08  2.30780438e-08  2.30780438e-08  2.22331433e-08  2.22331433e-08  2.22331433e-08  2.30780438e-08  2.30780438e-08  2.30780438e-08  2.22331433e-08  2.22331433e-08  2.22331433e-08  2.15003992e-08  2.15003992e-08  2.15003992e-08  2.15003992e-08  9.33895756e-10  9.33895756e-10 
 8.70963590e+04  2.93503291e-08  2.93503291e-08  2.93503291e-08  2.86510242e-08  2.86510242e-08  2.86510242e-08  2.93503291e-08  2.93503291e-08  2.93503291e-08  2.86510242e-08  2.86510242e-08  2.86510242e-08  2.30587740e-08  2.30587740e-08  2.30587740e-08  2.30587740e-08  4.89161003e-09  4.89161003e-09  1.81325522e-08  1.81325522e-08  1.81325522e-08  1.80688898e-08  1.80688898e-08  1.80688898e-08  1.81325522e-08  1.81325522e-08  1.81325522e-08  1.80688898e-08  1.80688898e-08  1.80688898e-08  8.26957691e-09  8.26957691e-09  8.26957691e-09  8.26957691e-09  4.80118831e-09  4.80118831e-09  2.30694549e-08  2.30694549e-08  2.30694549e-08  2.22248606e-08  2.22248606e-08  2.22248606e-08  2.30694549e-08  2.30694549e-08  2.30694549e-08  2.22248606e-08  2.22248606e-08  2.22248606e-08  2.14923934e-08  2.14923934e-08  2.14923934e-08  2.14923934e-08  9.35505463e-10  9.35505463e-10 
 8.91250938e+04  2.92314450e-08  2.92314450e-08  2.92314450e-08  2.85305421e-08  2.85305421e-08  2.85305421e-08  2.92314450e-08  2.92314450e-08  2.92314450e-08  2.85305421e-08  2.85305421e-08  2.85305421e-08  2.30160203e-08  2.30160203e-08  2.30160203e-08  2.30160203e-08  4.85496517e-09  4.85496517e-09  1.79510437e-08  1.79510437e-08  1.79510437e-08  1.78880117e-08  1.78880117e-08  1.78880117e-08  1.79510437e-08  1.79510437e-08  1.79510437e-08  1.78880117e-08  1.78880117e-08  1.78880117e-08  8.17172935e-09  8.17172935e-09  8.17172935e-09  8.17172935e-09  4.76351733e-09  4.76351733e-09  2.30604671e-08  2.30604671e-08  2.30604671e-08  2.22161933e-08  2.22161933e-08  2.22161933e-08  2.30604671e-08  2.30604671e-08  2.30604671e-08  2.22161933e-08  2.22161933e-08  2.22161933e-08  2.14840159e-08  2.14840159e-08  2.14840159e-08  2.14840159e-08  9.37185019e-10  9.37185019e-10 
 9.12010839e+04  2.91137906e-08  2.91137906e-08  2.91137906e-08  2.84113156e-08  2.84113156e-08  2.84113156e-08  2.91137906e-08  2.91137906e-08  2.91137906e-08  2.84113156e-08  2.84113156e-08  2.84113156e-08  2.29735976e-08  2.29735976e-08  2.29735976e-08  2.29735976e-08  4.81898435e-09  4.81898435e-09  1.77710278e-08  1.77710278e-08  1.77710278e-08  1.77086208e-08  1.77086208e-08  1.77086208e-08  1.77710278e-08  1.77710278e-08  1.77710278e-08  1.77086208e-08  1.77086208e-08  1.77086208e-08  8.07489217e-09  8.07489217e-09  8.07489217e-09  8.07489217e-09  4.72649221e-09  4.72649221e-09  2.30510623e-08  2.30510623e-08  2.30510623e-08  2.22071238e-08  2.22071238e-08  2.22071238e-08  2.30510623e-08  2.30510623e-08  2.30510623e-08  2.22071238e-08  2.22071238e-08  2.22071238e-08  2.14752497e-08  2.14752497e-08  2.14752497e-08  2.14752497e-08  9.38937176e-10  9.38937177e-10 
 9.33254301e+04  2.89973240e-08  2.89973240e-08  2.89973240e-08  2.82933040e-08  2.82933040e-08  2.82933040e-08  2.89973240e-08  2.89973240e-08  2.89973240e-08  2.82933040e-08  2.82933040e-08  2.82933040e-08  2.29314732e-08  2.29314732e-08  2.29314732e-08  2.29314732e-08  4.78366984e-09  4.78366984e-09  1.75924814e-08  1.75924814e-08  1.75924814e-08  1.75306939e-08  1.75306939e-08  1.75306939e-08  1.75924814e-08  1.75924814e-08  1.75924814e-08  1.75306939e-08  1.75306939e-08  1.75306939e-08  7.97905012e-09  7.97905012e-09  7.97905012e-09  7.97905012e-09  4.69011463e-09  4.69011463e-09  2.30412214e-08  2.30412214e-08  2.30412214e-08  2.21976339e-08  2.21976339e-08  2.21976339e-08  2.30412214e-08  2.30412214e-08  2.30412214e-08  2.21976339e-08  2.21976339e-08  2.21976339e-08  2.14660771e-08  2.14660771e-08  2.14660771e-08  2.14660771e-08  9.40764771e-10  9.40764771e-10 
 9.54992586e+04  2.88820029e-08  2.88820029e-08  2.88820029e-08  2.81764656e-08  2.81764656e-08  2.81764656e-08  2.88820029e-08  2.88820029e-08  2.88820029e-08  2.81764656e-08  2.81764656e-08  2.81764656e-08  2.28896143e-08  2.28896143e-08  2.28896143e-08  2.28896143e-08  4.74902403e-09  4.74902403e-09  1.74153809e-08  1.74153809e-08  1.74153809e-08  1.73542077e-08  1.73542077e-08  1.73542077e-08  1.74153809e-08  1.74153809e-08  1.74153809e-08  1.73542077e-08  1.73542077e-08  1.73542077e-08  7.88418804e-09  7.88418804e-09  7.88418804e-09  7.88418804e-09  4.65438636e-09  4.65438636e-09  2.30309246e-08  2.30309246e-08  2.30309246e-08  2.21877042e-08  2.21877042e-08  2.21877042e-08  2.30309246e-08  2.30309246e-08  2.30309246e-08  2.21877042e-08  2.21877042e-08  2.21877042e-08  2.14564794e-08  2.14564794e-08  2.14564794e-08  2.14564794e-08  9.42670723e-10  9.42670723e-10 
 9.77237221e+04  2.87677841e-08  2.87677841e-08  2.87677841e-08  2.80607582e-08  2.80607582e-08  2.80607582e-08  2.87677841e-08  2.87677841e-08  2.87677841e-08  2.80607582e-08  2.80607582e-08  2.80607582e-08  2.28479872e-08  2.28479872e-08  2.28479872e-08  2.28479872e-08  4.71504938e-09  4.71504938e-09  1.72397028e-08  1.72397028e-08  1.72397028e-08  1.71791387e-08  1.71791387e-08  1.71791387e-08  1.72397028e-08  1.72397028e-08  1.72397028e-08  1.71791387e-08  1.71791387e-08  1.71791387e-08  7.79029081e-09  7.79029081e-09  7.79029081e-09  7.79029081e-09  4.61930922e-09  4.61930922e-09  2.30201512e-08  2.30201512e-08  2.30201512e-08  2.21773149e-08  2.21773149e-08  2.21773149e-08  2.30201512e-08  2.30201512e-08  2.30201512e-08  2.21773149e-08  2.21773149e-08  2.21773149e-08  2.14464375e-08  2.14464375e-08  2.14464375e-08  2.14464375e-08  9.44658035e-10  9.44658035e-10 
 1.00000000e+05  2.86546237e-08  2.86546237e-08  2.86546237e-08  2.79461390e-08  2.79461390e-08  2.79461390e-08  2.86546237e-08  2.86546237e-08  2.86546237e-08  2.79461390e-08  2.79461390e-08  2.79461390e-08  2.28065579e-08  2.28065579e-08  2.28065579e-08  2.28065579e-08  4.68174846e-09  4.68174846e-09  1.70654235e-08  1.70654235e-08  1.70654235e-08  1.70054635e-08  1.70054635e-08  1.70054635e-08  1.70654235e-08  1.70654235e-08  1.70654235e-08  1.70054635e-08  1.70054635e-08  1.70054635e-08  7.69734340e-09  7.69734340e-09  7.69734340e-09  7.69734340e-09  4.58488510e-09  4.58488510e-09  2.30088794e-08  2.30088794e-08  2.30088794e-08  2.21664451e-08  2.21664451e-08  2.21664451e-08  2.30088794e-08  2.30088794e-08  2.30088794e-08  2.21664451e-08  2.21664451e-08  2.21664451e-08  2.14359311e-08  2.14359311e-08  2.14359311e-08  2.14359311e-08  9.46729795e-10  9.46729795e-10 
 1.02329299e+05  2.85424772e-08  2.85424772e-08  2.85424772e-08  2.78325641e-08  2.78325641e-08  2.78325641e-08  2.85424772e-08  2.85424772e-08  2.85424772e-08  2.78325641e-08  2.78325641e-08  2.78325641e-08  2.27652915e-08  2.27652915e-08  2.27652915e-08  2.27652915e-08  4.64912391e-09  4.64912391e-09  1.68925194e-08  1.68925194e-08  1.68925194e-08  1.68331583e-08  1.68331583e-08  1.68331583e-08  1.68925194e-08  1.68925194e-08  1.68925194e-08  1.68331583e-08  1.68331583e-08  1.68331583e-08  7.60533078e-09  7.60533078e-09  7.60533078e-09  7.60533078e-09  4.55111596e-09  4.55111596e-09  2.29970868e-08  2.29970868e-08  2.29970868e-08  2.21550729e-08  2.21550729e-08  2.21550729e-08  2.29970868e-08  2.29970868e-08  2.29970868e-08  2.21550729e-08  2.21550729e-08  2.21550729e-08  2.14249392e-08  2.14249392e-08  2.14249392e-08  2.14249392e-08  9.48889170e-10  9.48889170e-10 
 1.04712855e+05  2.84312988e-08  2.84312988e-08  2.84312988e-08  2.77199890e-08  2.77199890e-08  2.77199890e-08  2.84312988e-08  2.84312988e-08  2.84312988e-08  2.77199890e-08  2.77199890e-08  2.77199890e-08  2.27241525e-08  2.27241525e-08  2.27241525e-08  2.27241525e-08  4.61717840e-09  4.61717840e-09  1.67209667e-08  1.67209667e-08  1.67209667e-08  1.66621995e-08  1.66621995e-08  1.66621995e-08  1.67209667e-08  1.67209667e-08  1.67209667e-08  1.66621995e-08  1.66621995e-08  1.66621995e-08  7.51423801e-09  7.51423801e-09  7.51423801e-09  7.51423801e-09  4.51800377e-09  4.51800377e-09  2.29847497e-08  2.29847497e-08  2.29847497e-08  2.21431758e-08  2.21431758e-08  2.21431758e-08  2.29847497e-08  2.29847497e-08  2.29847497e-08  2.21431758e-08  2.21431758e-08  2.21431758e-08  2.14134399e-08  2.14134399e-08  2.14134399e-08  2.14134399e-08  9.51139410e-10  9.51139410e-10 
 1.07151931e+05  2.83210424e-08  2.83210424e-08  2.83210424e-08  2.76083685e-08  2.76083685e-08  2.76083685e-08  2.83210424e-08  2.83210424e-08  2.83210424e-08  2.76083685e-08  2.76083685e-08  2.76083685e-08  2.26831048e-08  2.26831048e-08  2.26831048e-08  2.26831048e-08  4.58591469e-09  4.58591469e-09  1.65507414e-08  1.65507414e-08  1.65507414e-08  1.64925633e-08  1.64925633e-08  1.64925633e-08  1.65507414e-08  1.65507414e-08  1.65507414e-08  1.64925633e-08  1.64925633e-08  1.64925633e-08  7.42405017e-09  7.42405017e-09  7.42405017e-09  7.42405017e-09  4.48555051e-09  4.48555051e-09  2.29718436e-08  2.29718436e-08  2.29718436e-08  2.21307299e-08  2.21307299e-08  2.21307299e-08  2.29718436e-08  2.29718436e-08  2.29718436e-08  2.21307299e-08  2.21307299e-08  2.21307299e-08  2.14014101e-08  2.14014101e-08  2.14014101e-08  2.14014101e-08  9.53483847e-10  9.53483847e-10 
 1.09647820e+05  2.82116607e-08  2.82116607e-08  2.82116607e-08  2.74976563e-08  2.74976563e-08  2.74976563e-08  2.82116607e-08  2.82116607e-08  2.82116607e-08  2.74976563e-08  2.74976563e-08  2.74976563e-08  2.26421115e-08  2.26421115e-08  2.26421115e-08  2.26421115e-08  4.55533555e-09  4.55533555e-09  1.63818196e-08  1.63818196e-08  1.63818196e-08  1.63242258e-08  1.63242258e-08  1.63242258e-08  1.63818196e-08  1.63818196e-08  1.63818196e-08  1.63242258e-08  1.63242258e-08  1.63242258e-08  7.33475240e-09  7.33475240e-09  7.33475240e-09  7.33475240e-09  4.45375820e-09  4.45375820e-09  2.29583428e-08  2.29583428e-08  2.29583428e-08  2.21177105e-08  2.21177105e-08  2.21177105e-08  2.29583428e-08  2.29583428e-08  2.29583428e-08  2.21177105e-08  2.21177105e-08  2.21177105e-08  2.13888261e-08  2.13888261e-08  2.13888261e-08  2.13888261e-08  9.55925888e-10  9.55925888e-10 
 1.12201845e+05  2.81031054e-08  2.81031054e-08  2.81031054e-08  2.73878052e-08  2.73878052e-08  2.73878052e-08  2.81031054e-08  2.81031054e-08  2.81031054e-08  2.73878052e-08  2.73878052e-08  2.73878052e-08  2.26011348e-08  2.26011348e-08  2.26011348e-08  2.26011348e-08  4.52544375e-09  4.52544375e-09  1.62141772e-08  1.62141772e-08  1.62141772e-08  1.61571628e-08  1.61571628e-08  1.61571628e-08  1.62141772e-08  1.62141772e-08  1.62141772e-08  1.61571628e-08  1.61571628e-08  1.61571628e-08  7.24632986e-09  7.24632986e-09  7.24632986e-09  7.24632986e-09  4.42262881e-09  4.42262881e-09  2.29442207e-08  2.29442207e-08  2.29442207e-08  2.21040919e-08  2.21040919e-08  2.21040919e-08  2.29442207e-08  2.29442207e-08  2.29442207e-08  2.21040919e-08  2.21040919e-08  2.21040919e-08  2.13756629e-08  2.13756629e-08  2.13756629e-08  2.13756629e-08  9.58469018e-10  9.58469018e-10 
 1.14815362e+05  2.79953274e-08  2.79953274e-08  2.79953274e-08  2.72787673e-08  2.72787673e-08  2.72787673e-08  2.79953274e-08  2.79953274e-08  2.79953274e-08  2.72787673e-08  2.72787673e-08  2.72787673e-08  2.25601362e-08  2.25601362e-08  2.25601362e-08  2.25601362e-08  4.49624208e-09  4.49624208e-09  1.60477898e-08  1.60477898e-08  1.60477898e-08  1.59913503e-08  1.59913503e-08  1.59913503e-08  1.60477898e-08  1.60477898e-08  1.60477898e-08  1.59913503e-08  1.59913503e-08  1.59913503e-08  7.15876777e-09  7.15876777e-09  7.15876777e-09  7.15876777e-09  4.39216431e-09  4.39216431e-09  2.29294493e-08  2.29294493e-08  2.29294493e-08  2.20898473e-08  2.20898473e-08  2.20898473e-08  2.29294493e-08  2.29294493e-08  2.29294493e-08  2.20898473e-08  2.20898473e-08  2.20898473e-08  2.13618945e-08  2.13618945e-08  2.13618945e-08  2.13618945e-08  9.61116795e-10  9.61116795e-10 
 1.17489755e+05  2.78882765e-08  2.78882765e-08  2.78882765e-08  2.71704934e-08  2.71704934e-08  2.71704934e-08  2.78882765e-08  2.78882765e-08  2.78882765e-08  2.71704934e-08  2.71704934e-08  2.71704934e-08  2.25190763e-08  2.25190763e-08  2.25190763e-08  2.25190763e-08  4.46773330e-09  4.46773330e-09  1.58826331e-08  1.58826331e-08  1.58826331e-08  1.58267639e-08  1.58267639e-08  1.58267639e-08  1.58826331e-08  1.58826331e-08  1.58826331e-08  1.58267639e-08  1.58267639e-08  1.58267639e-08  7.07205136e-09  7.07205136e-09  7.07205136e-09  7.07205136e-09  4.36236658e-09  4.36236658e-09  2.29139996e-08  2.29139996e-08  2.29139996e-08  2.20749485e-08  2.20749485e-08  2.20749485e-08  2.29139996e-08  2.29139996e-08  2.29139996e-08  2.20749485e-08  2.20749485e-08  2.20749485e-08  2.13474939e-08  2.13474939e-08  2.13474939e-08  2.13474939e-08  9.63872846e-10  9.63872846e-10 
 1.20226443e+05  2.77819014e-08  2.77819014e-08  2.77819014e-08  2.70629335e-08  2.70629335e-08  2.70629335e-08  2.77819014e-08  2.77819014e-08  2.77819014e-08  2.70629335e-08  2.70629335e-08  2.70629335e-08  2.24779147e-08  2.24779147e-08  2.24779147e-08  2.24779147e-08  4.43992013e-09  4.43992013e-09  1.57186826e-08  1.57186826e-08  1.57186826e-08  1.56633791e-08  1.56633791e-08  1.56633791e-08  1.57186826e-08  1.57186826e-08  1.57186826e-08  1.56633791e-08  1.56633791e-08  1.56633791e-08  6.98616591e-09  6.98616591e-09  6.98616591e-09  6.98616591e-09  4.33323746e-09  4.33323746e-09  2.28978413e-08  2.28978413e-08  2.28978413e-08  2.20593664e-08  2.20593664e-08  2.20593664e-08  2.28978413e-08  2.28978413e-08  2.28978413e-08  2.20593664e-08  2.20593664e-08  2.20593664e-08  2.13324328e-08  2.13324328e-08  2.13324328e-08  2.13324328e-08  9.66740866e-10  9.66740866e-10 
 1.23026877e+05  2.76761498e-08  2.76761498e-08  2.76761498e-08  2.69560364e-08  2.69560364e-08  2.69560364e-08  2.76761498e-08  2.76761498e-08  2.76761498e-08  2.69560364e-08  2.69560364e-08  2.69560364e-08  2.24366102e-08  2.24366102e-08  2.24366102e-08  2.24366102e-08  4.41280520e-09  4.41280520e-09  1.55559136e-08  1.55559136e-08  1.55559136e-08  1.55011713e-08  1.55011713e-08  1.55011713e-08  1.55559136e-08  1.55559136e-08  1.55559136e-08  1.55011713e-08  1.55011713e-08  1.55011713e-08  6.90109670e-09  6.90109670e-09  6.90109670e-09  6.90109670e-09  4.30477869e-09  4.30477869e-09  2.28809430e-08  2.28809430e-08  2.28809430e-08  2.20430707e-08  2.20430707e-08  2.20430707e-08  2.28809430e-08  2.28809430e-08  2.28809430e-08  2.20430707e-08  2.20430707e-08  2.20430707e-08  2.13166819e-08  2.13166819e-08  2.13166819e-08  2.13166819e-08  9.69724610e-10  9.69724609e-10 
 1.25892541e+05  2.75709682e-08  2.75709682e-08  2.75709682e-08  2.68497499e-08  2.68497499e-08  2.68497499e-08  2.75709682e-08  2.75709682e-08  2.75709682e-08  2.68497499e-08  2.68497499e-08  2.68497499e-08  2.23951204e-08  2.23951204e-08  2.23951204e-08  2.23951204e-08  4.38639108e-09  4.38639108e-09  1.53943012e-08  1.53943012e-08  1.53943012e-08  1.53401159e-08  1.53401159e-08  1.53401159e-08  1.53943012e-08  1.53943012e-08  1.53943012e-08  1.53401159e-08  1.53401159e-08  1.53401159e-08  6.81682908e-09  6.81682908e-09  6.81682908e-09  6.81682908e-09  4.27699187e-09  4.27699187e-09  2.28632717e-08  2.28632717e-08  2.28632717e-08  2.20260295e-08  2.20260295e-08  2.20260295e-08  2.28632717e-08  2.28632717e-08  2.28632717e-08  2.20260295e-08  2.20260295e-08  2.20260295e-08  2.13002105e-08  2.13002105e-08  2.13002105e-08  2.13002105e-08  9.72827890e-10  9.72827890e-10 
 1.28824955e+05  2.74663018e-08  2.74663018e-08  2.74663018e-08  2.67440205e-08  2.67440205e-08  2.67440205e-08  2.74663018e-08  2.74663018e-08  2.74663018e-08  2.67440205e-08  2.67440205e-08  2.67440205e-08  2.23534020e-08  2.23534020e-08  2.23534020e-08  2.23534020e-08  4.36068021e-09  4.36068021e-09  1.52338206e-08  1.52338206e-08  1.52338206e-08  1.51801878e-08  1.51801878e-08  1.51801878e-08  1.52338206e-08  1.52338206e-08  1.52338206e-08  1.51801878e-08  1.51801878e-08  1.51801878e-08  6.73334839e-09  6.73334839e-09  6.73334839e-09  6.73334839e-09  4.24987847e-09  4.24987847e-09  2.28447933e-08  2.28447933e-08  2.28447933e-08  2.20082100e-08  2.20082100e-08  2.20082100e-08  2.28447933e-08  2.28447933e-08  2.28447933e-08  2.20082100e-08  2.20082100e-08  2.20082100e-08  2.12829869e-08  2.12829869e-08  2.12829869e-08  2.12829869e-08  9.76054570e-10  9.76054570e-10 
 1.31825674e+05  2.73620948e-08  2.73620948e-08  2.73620948e-08  2.66387936e-08  2.66387936e-08  2.66387936e-08  2.73620948e-08  2.73620948e-08  2.73620948e-08  2.66387936e-08  2.66387936e-08  2.66387936e-08  2.23114105e-08  2.23114105e-08  2.23114105e-08  2.23114105e-08  4.33567488e-09  4.33567488e-09  1.50744464e-08  1.50744464e-08  1.50744464e-08  1.50213621e-08  1.50213621e-08  1.50213621e-08  1.50744464e-08  1.50744464e-08  1.50744464e-08  1.50213621e-08  1.50213621e-08  1.50213621e-08  6.65064000e-09  6.65064000e-09  6.65064000e-09  6.65064000e-09  4.22343978e-09  4.22343978e-09  2.28254722e-08  2.28254722e-08  2.28254722e-08  2.19895779e-08  2.19895779e-08  2.19895779e-08  2.28254722e-08  2.28254722e-08  2.28254722e-08  2.19895779e-08  2.19895779e-08  2.19895779e-08  2.12649777e-08  2.12649777e-08  2.12649777e-08  2.12649777e-08  9.79408558e-10  9.79408558e-10 
 1.34896288e+05  2.72582899e-08  2.72582899e-08  2.72582899e-08  2.65340134e-08  2.65340134e-08  2.65340134e-08  2.72582899e-08  2.72582899e-08  2.72582899e-08  2.65340134e-08  2.65340134e-08  2.65340134e-08  2.22691004e-08  2.22691004e-08  2.22691004e-08  2.22691004e-08  4.31137721e-09  4.31137722e-09  1.49161535e-08  1.49161535e-08  1.49161535e-08  1.48636135e-08  1.48636135e-08  1.48636135e-08  1.49161535e-08  1.49161535e-08  1.49161535e-08  1.48636135e-08  1.48636135e-08  1.48636135e-08  6.56868931e-09  6.56868931e-09  6.56868931e-09  6.56868931e-09  4.19767690e-09  4.19767690e-09  2.28052712e-08  2.28052712e-08  2.28052712e-08  2.19700973e-08  2.19700973e-08  2.19700973e-08  2.28052712e-08  2.28052712e-08  2.28052712e-08  2.19700973e-08  2.19700973e-08  2.19700973e-08  2.12461485e-08  2.12461485e-08  2.12461485e-08  2.12461485e-08  9.82893799e-10  9.82893800e-10 
 1.38038426e+05  2.71548285e-08  2.71548285e-08  2.71548285e-08  2.64296228e-08  2.64296228e-08  2.64296228e-08  2.71548285e-08  2.71548285e-08  2.71548285e-08  2.64296228e-08  2.64296228e-08  2.64296228e-08  2.22264248e-08  2.22264248e-08  2.22264248e-08  2.22264248e-08  4.28778914e-09  4.28778914e-09  1.47589164e-08  1.47589164e-08  1.47589164e-08  1.47069166e-08  1.47069166e-08  1.47069166e-08  1.47589164e-08  1.47589164e-08  1.47589164e-08  1.47069166e-08  1.47069166e-08  1.47069166e-08  6.48748173e-09  6.48748173e-09  6.48748173e-09  6.48748173e-09  4.17259067e-09  4.17259067e-09  2.27841520e-08  2.27841520e-08  2.27841520e-08  2.19497311e-08  2.19497311e-08  2.19497311e-08  2.27841520e-08  2.27841520e-08  2.27841520e-08  2.19497311e-08  2.19497311e-08  2.19497311e-08  2.12264633e-08  2.12264633e-08  2.12264633e-08  2.12264633e-08  9.86514269e-10  9.86514269e-10 
 1.41253754e+05  2.70516508e-08  2.70516508e-08  2.70516508e-08  2.63255633e-08  2.63255633e-08  2.63255633e-08  2.70516508e-08  2.70516508e-08  2.70516508e-08  2.63255633e-08  2.63255633e-08  2.63255633e-08  2.21833358e-08  2.21833358e-08  2.21833358e-08  2.21833358e-08  4.26491233e-09  4.26491233e-09  1.46027093e-08  1.46027093e-08  1.46027093e-08  1.45512458e-08  1.45512458e-08  1.45512458e-08  1.46027093e-08  1.46027093e-08  1.46027093e-08  1.45512458e-08  1.45512458e-08  1.45512458e-08  6.40700268e-09  6.40700268e-09  6.40700268e-09  6.40700268e-09  4.14818170e-09  4.14818170e-09  2.27620743e-08  2.27620743e-08  2.27620743e-08  2.19284408e-08  2.19284408e-08  2.19284408e-08  2.27620743e-08  2.27620743e-08  2.27620743e-08  2.19284408e-08  2.19284408e-08  2.19284408e-08  2.12058848e-08  2.12058848e-08  2.12058848e-08  2.12058848e-08  9.90273961e-10  9.90273961e-10 
 1.44543977e+05  2.69486954e-08  2.69486954e-08  2.69486954e-08  2.62217751e-08  2.62217751e-08  2.62217751e-08  2.69486954e-08  2.69486954e-08  2.69486954e-08  2.62217751e-08  2.62217751e-08  2.62217751e-08  2.21397840e-08  2.21397840e-08  2.21397840e-08  2.21397840e-08  4.24274820e-09  4.24274820e-09  1.44475065e-08  1.44475065e-08  1.44475065e-08  1.43965753e-08  1.43965753e-08  1.43965753e-08  1.44475065e-08  1.44475065e-08  1.44475065e-08  1.43965753e-08  1.43965753e-08  1.43965753e-08  6.32723763e-09  6.32723763e-09  6.32723763e-09  6.32723763e-09  4.12445027e-09  4.12445027e-09  2.27389966e-08  2.27389966e-08  2.27389966e-08  2.19061860e-08  2.19061860e-08  2.19061860e-08  2.27389966e-08  2.27389966e-08  2.27389966e-08  2.19061860e-08  2.19061860e-08  2.19061860e-08  2.11843741e-08  2.11843741e-08  2.11843741e-08  2.11843741e-08  9.94176882e-10  9.94176882e-10 
 1.47910839e+05  2.68458995e-08  2.68458995e-08  2.68458995e-08  2.61181969e-08  2.61181969e-08  2.61181969e-08  2.68458995e-08  2.68458995e-08  2.68458995e-08  2.61181969e-08  2.61181969e-08  2.61181969e-08  2.20957188e-08  2.20957188e-08  2.20957188e-08  2.20957188e-08  4.22129785e-09  4.22129785e-09  1.42932820e-08  1.42932820e-08  1.42932820e-08  1.42428794e-08  1.42428794e-08  1.42428794e-08  1.42932820e-08  1.42932820e-08  1.42932820e-08  1.42428794e-08  1.42428794e-08  1.42428794e-08  6.24817203e-09  6.24817203e-09  6.24817203e-09  6.24817203e-09  4.10139635e-09  4.10139635e-09  2.27148755e-08  2.27148755e-08  2.27148755e-08  2.18829250e-08  2.18829250e-08  2.18829250e-08  2.27148755e-08  2.27148755e-08  2.27148755e-08  2.18829250e-08  2.18829250e-08  2.18829250e-08  2.11618908e-08  2.11618908e-08  2.11618908e-08  2.11618908e-08  9.98227037e-10  9.98227037e-10 
 1.51356125e+05  2.67431988e-08  2.67431988e-08  2.67431988e-08  2.60147661e-08  2.60147661e-08  2.60147661e-08  2.67431988e-08  2.67431988e-08  2.67431988e-08  2.60147661e-08  2.60147661e-08  2.60147661e-08  2.20510882e-08  2.20510882e-08  2.20510882e-08  2.20510882e-08  4.20056205e-09  4.20056205e-09  1.41400096e-08  1.41400096e-08  1.41400096e-08  1.40901317e-08  1.40901317e-08  1.40901317e-08  1.41400096e-08  1.41400096e-08  1.41400096e-08  1.40901317e-08  1.40901317e-08  1.40901317e-08  6.16979137e-09  6.16979137e-09  6.16979137e-09  6.16979137e-09  4.07901951e-09  4.07901951e-09  2.26896659e-08  2.26896659e-08  2.26896659e-08  2.18586144e-08  2.18586144e-08  2.18586144e-08  2.26896659e-08  2.26896659e-08  2.26896659e-08  2.18586144e-08  2.18586144e-08  2.18586144e-08  2.11383931e-08  2.11383931e-08  2.11383931e-08  2.11383931e-08  1.00242842e-09  1.00242842e-09 
 1.54881662e+05  2.66405274e-08  2.66405274e-08  2.66405274e-08  2.59114185e-08  2.59114185e-08  2.59114185e-08  2.66405274e-08  2.66405274e-08  2.66405274e-08  2.59114185e-08  2.59114185e-08  2.59114185e-08  2.20058388e-08  2.20058388e-08  2.20058388e-08  2.20058388e-08  4.18054116e-09  4.18054116e-09  1.39876629e-08  1.39876629e-08  1.39876629e-08  1.39383062e-08  1.39383062e-08  1.39383062e-08  1.39876629e-08  1.39876629e-08  1.39876629e-08  1.39383062e-08  1.39383062e-08  1.39383062e-08  6.09208115e-09  6.09208115e-09  6.09208115e-09  6.09208115e-09  4.05731894e-09  4.05731894e-09  2.26633213e-08  2.26633213e-08  2.26633213e-08  2.18332092e-08  2.18332092e-08  2.18332092e-08  2.26633213e-08  2.26633213e-08  2.26633213e-08  2.18332092e-08  2.18332092e-08  2.18332092e-08  2.11138373e-08  2.11138373e-08  2.11138373e-08  2.11138373e-08  1.00678500e-09  1.00678500e-09 
 1.58489319e+05  2.65378179e-08  2.65378179e-08  2.65378179e-08  2.58080884e-08  2.58080884e-08  2.58080884e-08  2.65378179e-08  2.65378179e-08  2.65378179e-08  2.58080884e-08  2.58080884e-08  2.58080884e-08  2.19599157e-08  2.19599157e-08  2.19599157e-08  2.19599157e-08  4.16123513e-09  4.16123513e-09  1.38362154e-08  1.38362154e-08  1.38362154e-08  1.37873763e-08  1.37873763e-08  1.37873763e-08  1.38362154e-08  1.38362154e-08  1.38362154e-08  1.37873763e-08  1.37873763e-08  1.37873763e-08  6.01502690e-09  6.01502690e-09  6.01502690e-09  6.01502690e-09  4.03629335e-09  4.03629335e-09  2.26357929e-08  2.26357929e-08  2.26357929e-08  2.18066626e-08  2.18066626e-08  2.18066626e-08  2.26357929e-08  2.26357929e-08  2.26357929e-08  2.18066626e-08  2.18066626e-08  2.18066626e-08  2.10881783e-08  2.10881783e-08  2.10881783e-08  2.10881783e-08  1.01130071e-09  1.01130071e-09 
 1.62181010e+05  2.64350011e-08  2.64350011e-08  2.64350011e-08  2.57047083e-08  2.57047083e-08  2.57047083e-08  2.64350011e-08  2.64350011e-08  2.64350011e-08  2.57047083e-08  2.57047083e-08  2.57047083e-08  2.19132625e-08  2.19132625e-08  2.19132625e-08  2.19132625e-08  4.14264344e-09  4.14264344e-09  1.36856405e-08  1.36856405e-08  1.36856405e-08  1.36373154e-08  1.36373154e-08  1.36373154e-08  1.36856405e-08  1.36856405e-08  1.36856405e-08  1.36373154e-08  1.36373154e-08  1.36373154e-08  5.93861414e-09  5.93861414e-09  5.93861414e-09  5.93861414e-09  4.01594098e-09  4.01594098e-09  2.26070307e-08  2.26070307e-08  2.26070307e-08  2.17789260e-08  2.17789260e-08  2.17789260e-08  2.26070307e-08  2.26070307e-08  2.26070307e-08  2.17789260e-08  2.17789260e-08  2.17789260e-08  2.10613691e-08  2.10613691e-08  2.10613691e-08  2.10613691e-08  1.01597942e-09  1.01597942e-09 
 1.65958691e+05  2.63320064e-08  2.63320064e-08  2.63320064e-08  2.56012095e-08  2.56012095e-08  2.56012095e-08  2.63320064e-08  2.63320064e-08  2.63320064e-08  2.56012095e-08  2.56012095e-08  2.56012095e-08  2.18658211e-08  2.18658211e-08  2.18658211e-08  2.18658211e-08  4.12476505e-09  4.12476505e-09  1.35359111e-08  1.35359111e-08  1.35359111e-08  1.34880967e-08  1.34880967e-08  1.34880967e-08  1.35359111e-08  1.35359111e-08  1.35359111e-08  1.34880967e-08  1.34880967e-08  1.34880967e-08  5.86282844e-09  5.86282844e-09  5.86282844e-09  5.86282844e-09  3.99625952e-09  3.99625952e-09  2.25769823e-08  2.25769823e-08  2.25769823e-08  2.17499492e-08  2.17499492e-08  2.17499492e-08  2.25769823e-08  2.25769823e-08  2.25769823e-08  2.17499492e-08  2.17499492e-08  2.17499492e-08  2.10333611e-08  2.10333611e-08  2.10333611e-08  2.10333611e-08  1.02082494e-09  1.02082494e-09 
 1.69824365e+05  2.62287611e-08  2.62287611e-08  2.62287611e-08  2.54975214e-08  2.54975214e-08  2.54975214e-08  2.62287611e-08  2.62287611e-08  2.62287611e-08  2.54975214e-08  2.54975214e-08  2.54975214e-08  2.18175321e-08  2.18175321e-08  2.18175321e-08  2.18175321e-08  4.10759834e-09  4.10759834e-09  1.33870004e-08  1.33870004e-08  1.33870004e-08  1.33396933e-08  1.33396933e-08  1.33396933e-08  1.33870004e-08  1.33870004e-08  1.33870004e-08  1.33396933e-08  1.33396933e-08  1.33396933e-08  5.78765539e-09  5.78765539e-09  5.78765539e-09  5.78765539e-09  3.97724608e-09  3.97724608e-09  2.25455936e-08  2.25455936e-08  2.25455936e-08  2.17196799e-08  2.17196799e-08  2.17196799e-08  2.25455936e-08  2.25455936e-08  2.25455936e-08  2.17196799e-08  2.17196799e-08  2.17196799e-08  2.10041038e-08  2.10041038e-08  2.10041038e-08  2.10041038e-08  1.02584100e-09  1.02584100e-09 
 1.73780083e+05  2.61251911e-08  2.61251911e-08  2.61251911e-08  2.53935715e-08  2.53935715e-08  2.53935715e-08  2.61251911e-08  2.61251911e-08  2.61251911e-08  2.53935715e-08  2.53935715e-08  2.53935715e-08  2.17683342e-08  2.17683342e-08  2.17683342e-08  2.17683342e-08  4.09114112e-09  4.09114112e-09  1.32388811e-08  1.32388811e-08  1.32388811e-08  1.31920780e-08  1.31920780e-08  1.31920780e-08  1.32388811e-08  1.32388811e-08  1.32388811e-08  1.31920780e-08  1.31920780e-08  1.31920780e-08  5.71308061e-09  5.71308061e-09  5.71308061e-09  5.71308061e-09  3.95889716e-09  3.95889716e-09  2.25128086e-08  2.25128086e-08  2.25128086e-08  2.16880640e-08  2.16880640e-08  2.16880640e-08  2.25128086e-08  2.25128086e-08  2.25128086e-08  2.16880640e-08  2.16880640e-08  2.16880640e-08  2.09735450e-08  2.09735450e-08  2.09735450e-08  2.09735450e-08  1.03103120e-09  1.03103120e-09 
 1.77827941e+05  2.60212202e-08  2.60212202e-08  2.60212202e-08  2.52892860e-08  2.52892860e-08  2.52892860e-08  2.60212202e-08  2.60212202e-08  2.60212202e-08  2.52892860e-08  2.52892860e-08  2.52892860e-08  2.17181646e-08  2.17181646e-08  2.17181646e-08  2.17181646e-08  4.07539049e-09  4.07539049e-09  1.30915259e-08  1.30915259e-08  1.30915259e-08  1.30452236e-08  1.30452236e-08  1.30452236e-08  1.30915259e-08  1.30915259e-08  1.30915259e-08  1.30452236e-08  1.30452236e-08  1.30452236e-08  5.63908973e-09  5.63908973e-09  5.63908973e-09  5.63908973e-09  3.94120855e-09  3.94120855e-09  2.24785692e-08  2.24785692e-08  2.24785692e-08  2.16550457e-08  2.16550457e-08  2.16550457e-08  2.24785692e-08  2.24785692e-08  2.24785692e-08  2.16550457e-08  2.16550457e-08  2.16550457e-08  2.09416307e-08  2.09416307e-08  2.09416307e-08  2.09416307e-08  1.03639905e-09  1.03639905e-09 
 1.81970086e+05  2.59167707e-08  2.59167707e-08  2.59167707e-08  2.51845891e-08  2.51845891e-08  2.51845891e-08  2.59167707e-08  2.59167707e-08  2.59167707e-08  2.51845891e-08  2.51845891e-08  2.51845891e-08  2.16669586e-08  2.16669586e-08  2.16669586e-08  2.16669586e-08  4.06034287e-09  4.06034287e-09  1.29449072e-08  1.29449072e-08  1.29449072e-08  1.28991028e-08  1.28991028e-08  1.28991028e-08  1.29449072e-08  1.29449072e-08  1.29449072e-08  1.28991028e-08  1.28991028e-08  1.28991028e-08  5.56566843e-09  5.56566843e-09  5.56566843e-09  5.56566843e-09  3.92417535e-09  3.92417535e-09  2.24428155e-08  2.24428155e-08  2.24428155e-08  2.16205670e-08  2.16205670e-08  2.16205670e-08  2.24428155e-08  2.24428155e-08  2.24428155e-08  2.16205670e-08  2.16205670e-08  2.16205670e-08  2.09083047e-08  2.09083047e-08  2.09083047e-08  2.09083047e-08  1.04194788e-09  1.04194788e-09 
 1.86208714e+05  2.58117628e-08  2.58117628e-08  2.58117628e-08  2.50794033e-08  2.50794033e-08  2.50794033e-08  2.58117628e-08  2.58117628e-08  2.58117628e-08  2.50794033e-08  2.50794033e-08  2.50794033e-08  2.16146500e-08  2.16146500e-08  2.16146500e-08  2.16146500e-08  4.04599391e-09  4.04599391e-09  1.27989975e-08  1.27989975e-08  1.27989975e-08  1.27536879e-08  1.27536879e-08  1.27536879e-08  1.27989975e-08  1.27989975e-08  1.27989975e-08  1.27536879e-08  1.27536879e-08  1.27536879e-08  5.49280244e-09  5.49280244e-09  5.49280244e-09  5.49280244e-09  3.90779187e-09  3.90779187e-09  2.24054852e-08  2.24054852e-08  2.24054852e-08  2.15845680e-08  2.15845680e-08  2.15845680e-08  2.24054852e-08  2.24054852e-08  2.24054852e-08  2.15845680e-08  2.15845680e-08  2.15845680e-08  2.08735093e-08  2.08735093e-08  2.08735093e-08  2.08735093e-08  1.04768087e-09  1.04768087e-09 
 1.90546072e+05  2.57061149e-08  2.57061149e-08  2.57061149e-08  2.49736491e-08  2.49736491e-08  2.49736491e-08  2.57061149e-08  2.57061149e-08  2.57061149e-08  2.49736491e-08  2.49736491e-08  2.49736491e-08  2.15611706e-08  2.15611706e-08  2.15611706e-08  2.15611706e-08  4.03233843e-09  4.03233843e-09  1.26537691e-08  1.26537691e-08  1.26537691e-08  1.26089513e-08  1.26089513e-08  1.26089513e-08  1.26537691e-08  1.26537691e-08  1.26537691e-08  1.26089513e-08  1.26089513e-08  1.26089513e-08  5.42047753e-09  5.42047753e-09  5.42047753e-09  5.42047753e-09  3.89205161e-09  3.89205161e-09  2.23665141e-08  2.23665141e-08  2.23665141e-08  2.15469868e-08  2.15469868e-08  2.15469868e-08  2.23665141e-08  2.23665141e-08  2.23665141e-08  2.15469868e-08  2.15469868e-08  2.15469868e-08  2.08371846e-08  2.08371846e-08  2.08371846e-08  2.08371846e-08  1.05360101e-09  1.05360101e-09 
 1.94984460e+05  2.55997435e-08  2.55997435e-08  2.55997435e-08  2.48672455e-08  2.48672455e-08  2.48672455e-08  2.55997435e-08  2.55997435e-08  2.55997435e-08  2.48672455e-08  2.48672455e-08  2.48672455e-08  2.15064505e-08  2.15064505e-08  2.15064505e-08  2.15064505e-08  4.01937038e-09  4.01937038e-09  1.25091942e-08  1.25091942e-08  1.25091942e-08  1.24648654e-08  1.24648654e-08  1.24648654e-08  1.25091942e-08  1.25091942e-08  1.25091942e-08  1.24648654e-08  1.24648654e-08  1.24648654e-08  5.34867952e-09  5.34867952e-09  5.34867952e-09  5.34867952e-09  3.87694718e-09  3.87694718e-09  2.23258361e-08  2.23258361e-08  2.23258361e-08  2.15077595e-08  2.15077595e-08  2.15077595e-08  2.23258361e-08  2.23258361e-08  2.23258361e-08  2.15077595e-08  2.15077595e-08  2.15077595e-08  2.07992688e-08  2.07992688e-08  2.07992688e-08  2.07992688e-08  1.05971107e-09  1.05971107e-09 
 1.99526231e+05  2.54925633e-08  2.54925633e-08  2.54925633e-08  2.47601095e-08  2.47601095e-08  2.47601095e-08  2.54925633e-08  2.54925633e-08  2.54925633e-08  2.47601095e-08  2.47601095e-08  2.47601095e-08  2.14504181e-08  2.14504181e-08  2.14504181e-08  2.14504181e-08  4.00708278e-09  4.00708278e-09  1.23652449e-08  1.23652449e-08  1.23652449e-08  1.23214023e-08  1.23214023e-08  1.23214023e-08  1.23652449e-08  1.23652449e-08  1.23652449e-08  1.23214023e-08  1.23214023e-08  1.23214023e-08  5.27739429e-09  5.27739429e-09  5.27739429e-09  5.27739429e-09  3.86247028e-09  3.86247028e-09  2.22833826e-08  2.22833826e-08  2.22833826e-08  2.14668200e-08  2.14668200e-08  2.14668200e-08  2.22833826e-08  2.22833826e-08  2.22833826e-08  2.14668200e-08  2.14668200e-08  2.14668200e-08  2.07596981e-08  2.07596981e-08  2.07596981e-08  2.07596981e-08  1.06601358e-09  1.06601358e-09 
 2.04173794e+05  2.53844870e-08  2.53844870e-08  2.53844870e-08  2.46521561e-08  2.46521561e-08  2.46521561e-08  2.53844870e-08  2.53844870e-08  2.53844870e-08  2.46521561e-08  2.46521561e-08  2.46521561e-08  2.13929998e-08  2.13929998e-08  2.13929998e-08  2.13929998e-08  3.99546767e-09  3.99546767e-09  1.22218931e-08  1.22218931e-08  1.22218931e-08  1.21785342e-08  1.21785342e-08  1.21785342e-08  1.22218931e-08  1.22218931e-08  1.22218931e-08  1.21785342e-08  1.21785342e-08  1.21785342e-08  5.20660780e-09  5.20660780e-09  5.20660780e-09  5.20660780e-09  3.84861162e-09  3.84861162e-09  2.22390831e-08  2.22390831e-08  2.22390831e-08  2.14241004e-08  2.14241004e-08  2.14241004e-08  2.22390831e-08  2.22390831e-08  2.22390831e-08  2.14241004e-08  2.14241004e-08  2.14241004e-08  2.07184068e-08  2.07184068e-08  2.07184068e-08  2.07184068e-08  1.07251080e-09  1.07251080e-09 
 2.08929613e+05  2.52754253e-08  2.52754253e-08  2.52754253e-08  2.45432988e-08  2.45432988e-08  2.45432988e-08  2.52754253e-08  2.52754253e-08  2.52754253e-08  2.45432989e-08  2.45432989e-08  2.45432989e-08  2.13341203e-08  2.13341203e-08  2.13341203e-08  2.13341203e-08  3.98451604e-09  3.98451604e-09  1.20791110e-08  1.20791110e-08  1.20791110e-08  1.20362331e-08  1.20362331e-08  1.20362331e-08  1.20791110e-08  1.20791110e-08  1.20791110e-08  1.20362331e-08  1.20362331e-08  1.20362331e-08  5.13630609e-09  5.13630609e-09  5.13630609e-09  5.13630609e-09  3.83536089e-09  3.83536089e-09  2.21928649e-08  2.21928649e-08  2.21928649e-08  2.13795305e-08  2.13795305e-08  2.13795305e-08  2.21928649e-08  2.21928649e-08  2.21928649e-08  2.13795305e-08  2.13795305e-08  2.13795305e-08  2.06753271e-08  2.06753271e-08  2.06753271e-08  2.06753271e-08  1.07920469e-09  1.07920469e-09 
 2.13796209e+05  2.51652872e-08  2.51652872e-08  2.51652872e-08  2.44334491e-08  2.44334491e-08  2.44334491e-08  2.51652872e-08  2.51652872e-08  2.51652872e-08  2.44334491e-08  2.44334491e-08  2.44334491e-08  2.12737023e-08  2.12737023e-08  2.12737023e-08  2.12737023e-08  3.97421777e-09  3.97421777e-09  1.19368706e-08  1.19368706e-08  1.19368706e-08  1.18944711e-08  1.18944711e-08  1.18944711e-08  1.19368706e-08  1.19368706e-08  1.19368706e-08  1.18944711e-08  1.18944711e-08  1.18944711e-08  5.06647529e-09  5.06647529e-09  5.06647529e-09  5.06647529e-09  3.82270670e-09  3.82270670e-09  2.21446532e-08  2.21446532e-08  2.21446532e-08  2.13330383e-08  2.13330383e-08  2.13330383e-08  2.21446532e-08  2.21446532e-08  2.21446532e-08  2.13330383e-08  2.13330383e-08  2.13330383e-08  2.06303892e-08  2.06303892e-08  2.06303892e-08  2.06303892e-08  1.08609688e-09  1.08609688e-09 
 2.18776162e+05  2.50539796e-08  2.50539796e-08  2.50539796e-08  2.43225166e-08  2.43225166e-08  2.43225166e-08  2.50539796e-08  2.50539796e-08  2.50539796e-08  2.43225166e-08  2.43225166e-08  2.43225166e-08  2.12116669e-08  2.12116669e-08  2.12116669e-08  2.12116669e-08  3.96456160e-09  3.96456160e-09  1.17951439e-08  1.17951439e-08  1.17951439e-08  1.17532205e-08  1.17532205e-08  1.17532205e-08  1.17951439e-08  1.17951439e-08  1.17951439e-08  1.17532205e-08  1.17532205e-08  1.17532205e-08  4.99710164e-09  4.99710164e-09  4.99710164e-09  4.99710164e-09  3.81063653e-09  3.81063653e-09  2.20943710e-08  2.20943710e-08  2.20943710e-08  2.12845493e-08  2.12845493e-08  2.12845493e-08  2.20943710e-08  2.20943710e-08  2.20943710e-08  2.12845493e-08  2.12845493e-08  2.12845493e-08  2.05835214e-08  2.05835214e-08  2.05835214e-08  2.05835214e-08  1.09318865e-09  1.09318865e-09 
 2.23872114e+05  2.49414077e-08  2.49414077e-08  2.49414077e-08  2.42104092e-08  2.42104092e-08  2.42104092e-08  2.49414077e-08  2.49414077e-08  2.49414077e-08  2.42104092e-08  2.42104092e-08  2.42104092e-08  2.11479331e-08  2.11479331e-08  2.11479331e-08  2.11479331e-08  3.95553505e-09  3.95553505e-09  1.16539031e-08  1.16539031e-08  1.16539031e-08  1.16124533e-08  1.16124533e-08  1.16124533e-08  1.16539031e-08  1.16539031e-08  1.16539031e-08  1.16124533e-08  1.16124533e-08  1.16124533e-08  4.92817150e-09  4.92817150e-09  4.92817150e-09  4.92817150e-09  3.79913667e-09  3.79913667e-09  2.20419391e-08  2.20419391e-08  2.20419391e-08  2.12339875e-08  2.12339875e-08  2.12339875e-08  2.20419391e-08  2.20419391e-08  2.20419391e-08  2.12339875e-08  2.12339875e-08  2.12339875e-08  2.05346499e-08  2.05346499e-08  2.05346499e-08  2.05346499e-08  1.10048089e-09  1.10048089e-09 
 2.29086765e+05  2.48274748e-08  2.48274748e-08  2.48274748e-08  2.40970330e-08  2.40970330e-08  2.40970330e-08  2.48274748e-08  2.48274748e-08  2.48274748e-08  2.40970330e-08  2.40970330e-08  2.40970330e-08  2.10824185e-08  2.10824185e-08  2.10824185e-08  2.10824185e-08  3.94712435e-09  3.94712435e-09  1.15131203e-08  1.15131203e-08  1.15131203e-08  1.14721419e-08  1.14721419e-08  1.14721419e-08  1.15131203e-08  1.15131203e-08  1.15131203e-08  1.14721419e-08  1.14721419e-08  1.14721419e-08  4.85967135e-09  4.85967135e-09  4.85967135e-09  4.85967135e-09  3.78819219e-09  3.78819218e-09  2.19872765e-08  2.19872765e-08  2.19872765e-08  2.11812744e-08  2.11812744e-08  2.11812744e-08  2.19872765e-08  2.19872765e-08  2.19872765e-08  2.11812744e-08  2.11812744e-08  2.11812744e-08  2.04836992e-08  2.04836992e-08  2.04836992e-08  2.04836992e-08  1.10797406e-09  1.10797406e-09 
 2.34422882e+05  2.47120824e-08  2.47120824e-08  2.47120824e-08  2.39822925e-08  2.39822925e-08  2.39822925e-08  2.47120824e-08  2.47120824e-08  2.47120824e-08  2.39822925e-08  2.39822925e-08  2.39822925e-08  2.10150385e-08  2.10150385e-08  2.10150385e-08  2.10150385e-08  3.93931443e-09  3.93931443e-09  1.13727679e-08  1.13727679e-08  1.13727679e-08  1.13322588e-08  1.13322588e-08  1.13322588e-08  1.13727679e-08  1.13727679e-08  1.13727679e-08  1.13322588e-08  1.13322588e-08  1.13322588e-08  4.79158784e-09  4.79158784e-09  4.79158784e-09  4.79158784e-09  3.77778687e-09  3.77778687e-09  2.19302999e-08  2.19302999e-08  2.19302999e-08  2.11263300e-08  2.11263300e-08  2.11263300e-08  2.19302999e-08  2.19302999e-08  2.19302999e-08  2.11263300e-08  2.11263300e-08  2.11263300e-08  2.04305917e-08  2.04305917e-08  2.04305917e-08  2.04305917e-08  1.11566817e-09  1.11566817e-09 
 2.39883292e+05  2.45951304e-08  2.45951304e-08  2.45951304e-08  2.38660905e-08  2.38660905e-08  2.38660905e-08  2.45951304e-08  2.45951304e-08  2.45951304e-08  2.38660905e-08  2.38660905e-08  2.38660905e-08  2.09457072e-08  2.09457072e-08  2.09457072e-08  2.09457072e-08  3.93208883e-09  3.93208883e-09  1.12328184e-08  1.12328184e-08  1.12328184e-08  1.11927764e-08  1.11927764e-08  1.11927764e-08  1.12328184e-08  1.12328184e-08  1.12328184e-08  1.11927764e-08  1.11927764e-08  1.11927764e-08  4.72390779e-09  4.72390779e-09  4.72390779e-09  4.72390779e-09  3.76790318e-09  3.76790318e-09  2.18709242e-08  2.18709242e-08  2.18709242e-08  2.10690719e-08  2.10690719e-08  2.10690719e-08  2.18709242e-08  2.18709242e-08  2.18709242e-08  2.10690719e-08  2.10690719e-08  2.10690719e-08  2.03752480e-08  2.03752480e-08  2.03752480e-08  2.03752480e-08  1.12356273e-09  1.12356273e-09 
 2.45470892e+05  2.44765169e-08  2.44765169e-08  2.44765169e-08  2.37483282e-08  2.37483282e-08  2.37483282e-08  2.44765169e-08  2.44765169e-08  2.44765169e-08  2.37483282e-08  2.37483282e-08  2.37483282e-08  2.08743368e-08  2.08743368e-08  2.08743368e-08  2.08743368e-08  3.92542964e-09  3.92542964e-09  1.10932447e-08  1.10932447e-08  1.10932447e-08  1.10536678e-08  1.10536678e-08  1.10536678e-08  1.10932447e-08  1.10932447e-08  1.10932447e-08  1.10536678e-08  1.10536678e-08  1.10536678e-08  4.65661820e-09  4.65661820e-09  4.65661820e-09  4.65661820e-09  3.75852222e-09  3.75852222e-09  2.18090621e-08  2.18090621e-08  2.18090621e-08  2.10094163e-08  2.10094163e-08  2.10094163e-08  2.18090621e-08  2.18090621e-08  2.18090621e-08  2.10094163e-08  2.10094163e-08  2.10094163e-08  2.03175867e-08  2.03175867e-08  2.03175867e-08  2.03175867e-08  1.13165673e-09  1.13165673e-09 
 2.51188643e+05  2.43561385e-08  2.43561385e-08  2.43561385e-08  2.36289052e-08  2.36289052e-08  2.36289052e-08  2.43561385e-08  2.43561385e-08  2.43561385e-08  2.36289052e-08  2.36289052e-08  2.36289052e-08  2.08008381e-08  2.08008381e-08  2.08008381e-08  2.08008381e-08  3.91931748e-09  3.91931748e-09  1.09540198e-08  1.09540198e-08  1.09540198e-08  1.09149061e-08  1.09149061e-08  1.09149061e-08  1.09540198e-08  1.09540198e-08  1.09540198e-08  1.09149061e-08  1.09149061e-08  1.09149061e-08  4.58970628e-09  4.58970628e-09  4.58970628e-09  4.58970628e-09  3.74962365e-09  3.74962365e-09  2.17446247e-08  2.17446247e-08  2.17446247e-08  2.09472772e-08  2.09472772e-08  2.09472772e-08  2.17446247e-08  2.17446247e-08  2.17446247e-08  2.09472772e-08  2.09472772e-08  2.09472772e-08  2.02575251e-08  2.02575251e-08  2.02575251e-08  2.02575251e-08  1.13994860e-09  1.13994860e-09 
 2.57039578e+05  2.42338905e-08  2.42338905e-08  2.42338905e-08  2.35077199e-08  2.35077199e-08  2.35077199e-08  2.42338905e-08  2.42338905e-08  2.42338905e-08  2.35077199e-08  2.35077199e-08  2.35077199e-08  2.07251202e-08  2.07251202e-08  2.07251202e-08  2.07251202e-08  3.91373144e-09  3.91373144e-09  1.08151171e-08  1.08151171e-08  1.08151171e-08  1.07764647e-08  1.07764647e-08  1.07764647e-08  1.08151171e-08  1.08151171e-08  1.08151171e-08  1.07764647e-08  1.07764647e-08  1.07764647e-08  4.52315951e-09  4.52315951e-09  4.52315951e-09  4.52315951e-09  3.74118573e-09  3.74118573e-09  2.16775213e-08  2.16775213e-08  2.16775213e-08  2.08825672e-08  2.08825672e-08  2.08825672e-08  2.16775213e-08  2.16775213e-08  2.16775213e-08  2.08825672e-08  2.08825672e-08  2.08825672e-08  2.01949784e-08  2.01949784e-08  2.01949784e-08  2.01949784e-08  1.14843616e-09  1.14843616e-09 
 2.63026799e+05  2.41096665e-08  2.41096665e-08  2.41096665e-08  2.33846693e-08  2.33846693e-08  2.33846693e-08  2.41096665e-08  2.41096665e-08  2.41096665e-08  2.33846693e-08  2.33846693e-08  2.33846693e-08  2.06470911e-08  2.06470911e-08  2.06470911e-08  2.06470911e-08  3.90864903e-09  3.90864903e-09  1.06765105e-08  1.06765105e-08  1.06765105e-08  1.06383177e-08  1.06383177e-08  1.06383177e-08  1.06765105e-08  1.06765105e-08  1.06765105e-08  1.06383177e-08  1.06383177e-08  1.06383177e-08  4.45696558e-09  4.45696558e-09  4.45696558e-09  4.45696558e-09  3.73318519e-09  3.73318519e-09  2.16076595e-08  2.16076595e-08  2.16076595e-08  2.08151972e-08  2.08151972e-08  2.08151972e-08  2.16076595e-08  2.16076595e-08  2.16076595e-08  2.08151972e-08  2.08151972e-08  2.08151972e-08  2.01298608e-08  2.01298608e-08  2.01298608e-08  2.01298608e-08  1.15711660e-09  1.15711659e-09 
 2.69153480e+05  2.39833593e-08  2.39833593e-08  2.39833593e-08  2.32596494e-08  2.32596494e-08  2.32596494e-08  2.39833593e-08  2.39833593e-08  2.39833593e-08  2.32596494e-08  2.32596494e-08  2.32596494e-08  2.05666572e-08  2.05666572e-08  2.05666572e-08  2.05666572e-08  3.90404613e-09  3.90404613e-09  1.05381743e-08  1.05381743e-08  1.05381743e-08  1.05004393e-08  1.05004393e-08  1.05004393e-08  1.05381743e-08  1.05381743e-08  1.05381743e-08  1.05004393e-08  1.05004393e-08  1.05004393e-08  4.39111250e-09  4.39111250e-09  4.39111250e-09  4.39111250e-09  3.72559726e-09  3.72559726e-09  2.15349454e-08  2.15349454e-08  2.15349454e-08  2.07450767e-08  2.07450767e-08  2.07450767e-08  2.15349454e-08  2.15349454e-08  2.15349454e-08  2.07450767e-08  2.07450767e-08  2.07450767e-08  2.00620845e-08  2.00620845e-08  2.00620845e-08  2.00620845e-08  1.16598642e-09  1.16598642e-09 
 2.75422870e+05  2.38548604e-08  2.38548604e-08  2.38548604e-08  2.31325551e-08  2.31325551e-08  2.31325551e-08  2.38548604e-08  2.38548604e-08  2.38548604e-08  2.31325551e-08  2.31325551e-08  2.31325551e-08  2.04837243e-08  2.04837243e-08  2.04837243e-08  2.04837243e-08  3.89989698e-09  3.89989698e-09  1.04000835e-08  1.04000835e-08  1.04000835e-08  1.03628047e-08  1.03628047e-08  1.03628047e-08  1.04000835e-08  1.04000835e-08  1.04000835e-08  1.03628047e-08  1.03628047e-08  1.03628047e-08  4.32558860e-09  4.32558860e-09  4.32558860e-09  4.32558860e-09  3.71839564e-09  3.71839564e-09  2.14592838e-08  2.14592838e-08  2.14592838e-08  2.06721139e-08  2.06721139e-08  2.06721139e-08  2.14592838e-08  2.14592838e-08  2.14592838e-08  2.06721139e-08  2.06721139e-08  2.06721139e-08  1.99915608e-08  1.99915608e-08  1.99915608e-08  1.99915608e-08  1.17504145e-09  1.17504145e-09 
 2.81838293e+05  2.37240607e-08  2.37240607e-08  2.37240607e-08  2.30032805e-08  2.30032805e-08  2.30032805e-08  2.37240607e-08  2.37240607e-08  2.37240607e-08  2.30032805e-08  2.30032805e-08  2.30032805e-08  2.03981966e-08  2.03981966e-08  2.03981966e-08  2.03981966e-08  3.89617410e-09  3.89617410e-09  1.02622136e-08  1.02622136e-08  1.02622136e-08  1.02253893e-08  1.02253893e-08  1.02253893e-08  1.02622136e-08  1.02622136e-08  1.02622136e-08  1.02253893e-08  1.02253893e-08  1.02253893e-08  4.26038254e-09  4.26038254e-09  4.26038254e-09  4.26038254e-09  3.71155244e-09  3.71155244e-09  2.13805782e-08  2.13805782e-08  2.13805782e-08  2.05962156e-08  2.05962156e-08  2.05962156e-08  2.13805782e-08  2.13805782e-08  2.13805782e-08  2.05962156e-08  2.05962156e-08  2.05962156e-08  1.99181999e-08  1.99181999e-08  1.99181999e-08  1.99181999e-08  1.18427671e-09  1.18427671e-09 
 2.88403150e+05  2.35908503e-08  2.35908503e-08  2.35908503e-08  2.28717193e-08  2.28717193e-08  2.28717193e-08  2.35908503e-08  2.35908503e-08  2.35908503e-08  2.28717193e-08  2.28717193e-08  2.28717193e-08  2.03099781e-08  2.03099781e-08  2.03099781e-08  2.03099781e-08  3.89284831e-09  3.89284831e-09  1.01245408e-08  1.01245408e-08  1.01245408e-08  1.00881697e-08  1.00881697e-08  1.00881697e-08  1.01245408e-08  1.01245408e-08  1.01245408e-08  1.00881697e-08  1.00881697e-08  1.00881697e-08  4.19548339e-09  4.19548339e-09  4.19548339e-09  4.19548339e-09  3.70503820e-09  3.70503820e-09  2.12987312e-08  2.12987312e-08  2.12987312e-08  2.05172881e-08  2.05172881e-08  2.05172881e-08  2.12987312e-08  2.12987312e-08  2.12987312e-08  2.05172881e-08  2.05172881e-08  2.05172881e-08  1.98419110e-08  1.98419110e-08  1.98419110e-08  1.98419110e-08  1.19368649e-09  1.19368649e-09 
 2.95120923e+05  2.34551188e-08  2.34551188e-08  2.34551188e-08  2.27377644e-08  2.27377644e-08  2.27377644e-08  2.34551188e-08  2.34551188e-08  2.34551188e-08  2.27377644e-08  2.27377644e-08  2.27377644e-08  2.02189718e-08  2.02189718e-08  2.02189718e-08  2.02189718e-08  3.88988868e-09  3.88988868e-09  9.98704234e-09  9.98704234e-09  9.98704234e-09  9.95112295e-09  9.95112295e-09  9.95112295e-09  9.98704234e-09  9.98704234e-09  9.98704234e-09  9.95112295e-09  9.95112295e-09  9.95112295e-09  4.13088061e-09  4.13088061e-09  4.13088061e-09  4.13088061e-09  3.69882186e-09  3.69882186e-09  2.12136446e-08  2.12136446e-08  2.12136446e-08  2.04352365e-08  2.04352365e-08  2.04352365e-08  2.12136446e-08  2.12136446e-08  2.12136446e-08  2.04352365e-08  2.04352365e-08  2.04352365e-08  1.97626024e-08  1.97626024e-08  1.97626024e-08  1.97626024e-08  1.20326422e-09  1.20326422e-09 
 3.01995172e+05  2.33167560e-08  2.33167560e-08  2.33167560e-08  2.26013091e-08  2.26013091e-08  2.26013091e-08  2.33167560e-08  2.33167560e-08  2.33167560e-08  2.26013091e-08  2.26013091e-08  2.26013091e-08  2.01250806e-08  2.01250806e-08  2.01250806e-08  2.01250806e-08  3.88726252e-09  3.88726252e-09  9.84969619e-09  9.84969619e-09  9.84969619e-09  9.81422716e-09  9.81422716e-09  9.81422716e-09  9.84969619e-09  9.84969619e-09  9.84969619e-09  9.81422716e-09  9.81422716e-09  9.81422716e-09  4.06656413e-09  4.06656413e-09  4.06656413e-09  4.06656413e-09  3.69287076e-09  3.69287076e-09  2.11252196e-08  2.11252196e-08  2.11252196e-08  2.03499657e-08  2.03499657e-08  2.03499657e-08  2.11252196e-08  2.11252196e-08  2.11252196e-08  2.03499657e-08  2.03499657e-08  2.03499657e-08  1.96801823e-08  1.96801823e-08  1.96801823e-08  1.96801823e-08  1.21300250e-09  1.21300250e-09 
 3.09029543e+05  2.31756514e-08  2.31756514e-08  2.31756514e-08  2.24622465e-08  2.24622465e-08  2.24622465e-08  2.31756514e-08  2.31756514e-08  2.31756514e-08  2.24622465e-08  2.24622465e-08  2.24622465e-08  2.00282072e-08  2.00282072e-08  2.00282072e-08  2.00282072e-08  3.88493535e-09  3.88493535e-09  9.71248145e-09  9.71248145e-09  9.71248145e-09  9.67746147e-09  9.67746147e-09  9.67746147e-09  9.71248145e-09  9.71248145e-09  9.71248145e-09  9.67746147e-09  9.67746147e-09  9.67746147e-09  4.00252437e-09  4.00252437e-09  4.00252437e-09  4.00252437e-09  3.68715063e-09  3.68715063e-09  2.10333573e-08  2.10333573e-08  2.10333573e-08  2.02613803e-08  2.02613803e-08  2.02613803e-08  2.10333573e-08  2.10333573e-08  2.10333573e-08  2.02613803e-08  2.02613803e-08  2.02613803e-08  1.95945582e-08  1.95945582e-08  1.95945582e-08  1.95945582e-08  1.22289303e-09  1.22289302e-09 
 3.16227766e+05  2.30316953e-08  2.30316953e-08  2.30316953e-08  2.23204701e-08  2.23204701e-08  2.23204701e-08  2.30316953e-08  2.30316953e-08  2.30316953e-08  2.23204701e-08  2.23204701e-08  2.23204701e-08  1.99282546e-08  1.99282546e-08  1.99282546e-08  1.99282546e-08  3.88287094e-09  3.88287094e-09  9.57537832e-09  9.57537832e-09  9.57537832e-09  9.54080617e-09  9.54080617e-09  9.54080617e-09  9.57537832e-09  9.57537832e-09  9.57537832e-09  9.54080617e-09  9.54080617e-09  9.54080617e-09  3.93875230e-09  3.93875230e-09  3.93875230e-09  3.93875230e-09  3.68162562e-09  3.68162562e-09  2.09379587e-08  2.09379587e-08  2.09379587e-08  2.01693847e-08  2.01693847e-08  2.01693847e-08  2.09379587e-08  2.09379587e-08  2.09379587e-08  2.01693847e-08  2.01693847e-08  2.01693847e-08  1.95056380e-08  1.95056380e-08  1.95056380e-08  1.95056380e-08  1.23292657e-09  1.23292657e-09 
 3.23593657e+05  2.28847786e-08  2.28847786e-08  2.28847786e-08  2.21758745e-08  2.21758745e-08  2.21758745e-08  2.28847786e-08  2.28847786e-08  2.28847786e-08  2.21758745e-08  2.21758745e-08  2.21758745e-08  1.98251262e-08  1.98251262e-08  1.98251262e-08  1.98251262e-08  3.88103126e-09  3.88103126e-09  9.43836826e-09  9.43836826e-09  9.43836826e-09  9.40424277e-09  9.40424277e-09  9.40424277e-09  9.43836826e-09  9.43836826e-09  9.43836826e-09  9.40424277e-09  9.40424277e-09  9.40424277e-09  3.87523944e-09  3.87523944e-09  3.87523944e-09  3.87523944e-09  3.67625830e-09  3.67625830e-09  2.08389252e-08  2.08389252e-08  2.08389252e-08  2.00738839e-08  2.00738839e-08  2.00738839e-08  2.08389252e-08  2.08389252e-08  2.08389252e-08  2.00738839e-08  2.00738839e-08  2.00738839e-08  1.94133298e-08  1.94133298e-08  1.94133298e-08  1.94133298e-08  1.24309296e-09  1.24309296e-09 
 3.31131121e+05  2.27347933e-08  2.27347933e-08  2.27347933e-08  2.20283551e-08  2.20283551e-08  2.20283551e-08  2.27347933e-08  2.27347933e-08  2.27347933e-08  2.20283551e-08  2.20283551e-08  2.20283551e-08  1.97187262e-08  1.97187262e-08  1.97187262e-08  1.97187262e-08  3.87937655e-09  3.87937654e-09  9.30143413e-09  9.30143413e-09  9.30143413e-09  9.26775417e-09  9.26775417e-09  9.26775417e-09  9.30143413e-09  9.30143413e-09  9.30143413e-09  9.26775417e-09  9.26775417e-09  9.26775417e-09  3.81197796e-09  3.81197796e-09  3.81197796e-09  3.81197796e-09  3.67100972e-09  3.67100972e-09  2.07361589e-08  2.07361589e-08  2.07361589e-08  1.99747835e-08  1.99747835e-08  1.99747835e-08  2.07361589e-08  2.07361589e-08  2.07361589e-08  1.99747835e-08  1.99747835e-08  1.99747835e-08  1.93175423e-08  1.93175423e-08  1.93175423e-08  1.93175423e-08  1.25338105e-09  1.25338105e-09 
 3.38844156e+05  2.25816332e-08  2.25816332e-08  2.25816332e-08  2.18778091e-08  2.18778091e-08  2.18778091e-08  2.25816332e-08  2.25816332e-08  2.25816332e-08  2.18778091e-08  2.18778091e-08  2.18778091e-08  1.96089599e-08  1.96089599e-08  1.96089599e-08  1.96089599e-08  3.87786528e-09  3.87786528e-09  9.16456028e-09  9.16456028e-09  9.16456028e-09  9.13132478e-09  9.13132478e-09  9.13132478e-09  9.16456028e-09  9.16456028e-09  9.16456028e-09  9.13132478e-09  9.13132478e-09  9.13132478e-09  3.74896068e-09  3.74896068e-09  3.74896068e-09  3.74896068e-09  3.66583938e-09  3.66583938e-09  2.06295630e-08  2.06295630e-08  2.06295630e-08  1.98719903e-08  1.98719903e-08  1.98719903e-08  2.06295630e-08  2.06295630e-08  2.06295630e-08  1.98719903e-08  1.98719903e-08  1.98719903e-08  1.92181853e-08  1.92181853e-08  1.92181853e-08  1.92181853e-08  1.26377867e-09  1.26377867e-09 
 3.46736850e+05  2.24251938e-08  2.24251938e-08  2.24251938e-08  2.17241353e-08  2.17241353e-08  2.17241353e-08  2.24251938e-08  2.24251938e-08  2.24251938e-08  2.17241353e-08  2.17241353e-08  2.17241353e-08  1.94957345e-08  1.94957345e-08  1.94957345e-08  1.94957345e-08  3.87645425e-09  3.87645425e-09  9.02773269e-09  9.02773269e-09  9.02773269e-09  8.99494062e-09  8.99494062e-09  8.99494062e-09  9.02773269e-09  9.02773269e-09  9.02773269e-09  8.99494062e-09  8.99494062e-09  8.99494062e-09  3.68618116e-09  3.68618116e-09  3.68618116e-09  3.68618116e-09  3.66070535e-09  3.66070535e-09  2.05190424e-08  2.05190424e-08  2.05190424e-08  1.97654123e-08  1.97654123e-08  1.97654123e-08  2.05190424e-08  2.05190424e-08  2.05190424e-08  1.97654123e-08  1.97654123e-08  1.97654123e-08  1.91151701e-08  1.91151701e-08  1.91151701e-08  1.91151701e-08  1.27427265e-09  1.27427265e-09 
 3.54813389e+05  2.22653733e-08  2.22653733e-08  2.22653733e-08  2.15672353e-08  2.15672353e-08  2.15672353e-08  2.22653733e-08  2.22653733e-08  2.22653733e-08  2.15672353e-08  2.15672353e-08  2.15672353e-08  1.93789588e-08  1.93789588e-08  1.93789588e-08  1.93789588e-08  3.87509860e-09  3.87509860e-09  8.89093913e-09  8.89093913e-09  8.89093913e-09  8.85858952e-09  8.85858952e-09  8.85858952e-09  8.89093913e-09  8.89093913e-09  8.89093913e-09  8.85858952e-09  8.85858952e-09  8.85858952e-09  3.62363371e-09  3.62363371e-09  3.62363371e-09  3.62363371e-09  3.65556426e-09  3.65556426e-09  2.04045036e-08  2.04045036e-08  2.04045036e-08  1.96549596e-08  1.96549596e-08  1.96549596e-08  2.04045036e-08  2.04045036e-08  2.04045036e-08  1.96549596e-08  1.96549596e-08  1.96549596e-08  1.90084096e-08  1.90084096e-08  1.90084096e-08  1.90084096e-08  1.28484876e-09  1.28484876e-09 
 3.63078055e+05  2.21020727e-08  2.21020727e-08  2.21020727e-08  2.14070133e-08  2.14070133e-08  2.14070133e-08  2.21020727e-08  2.21020727e-08  2.21020727e-08  2.14070133e-08  2.14070133e-08  2.14070133e-08  1.92585443e-08  1.92585443e-08  1.92585443e-08  1.92585443e-08  3.87375184e-09  3.87375184e-09  8.75416928e-09  8.75416928e-09  8.75416928e-09  8.72226117e-09  8.72226117e-09  8.72226117e-09  8.75416928e-09  8.75416928e-09  8.75416928e-09  8.72226117e-09  8.72226117e-09  8.72226117e-09  3.56131347e-09  3.56131347e-09  3.56131347e-09  3.56131347e-09  3.65037143e-09  3.65037143e-09  2.02858559e-08  2.02858559e-08  2.02858559e-08  1.95405446e-08  1.95405446e-08  1.95405446e-08  2.02858559e-08  2.02858559e-08  2.02858559e-08  1.95405446e-08  1.95405446e-08  1.95405446e-08  1.88978194e-08  1.88978194e-08  1.88978194e-08  1.88978194e-08  1.29549173e-09  1.29549173e-09 
 3.71535229e+05  2.19351964e-08  2.19351964e-08  2.19351964e-08  2.12433769e-08  2.12433769e-08  2.12433769e-08  2.19351964e-08  2.19351964e-08  2.19351964e-08  2.12433769e-08  2.12433769e-08  2.12433769e-08  1.91344053e-08  1.91344053e-08  1.91344053e-08  1.91344053e-08  3.87236598e-09  3.87236598e-09  8.61741488e-09  8.61741488e-09  8.61741488e-09  8.58594736e-09  8.58594736e-09  8.58594736e-09  8.61741488e-09  8.61741488e-09  8.61741488e-09  8.58594736e-09  8.58594736e-09  8.58594736e-09  3.49921644e-09  3.49921644e-09  3.49921644e-09  3.49921644e-09  3.64508092e-09  3.64508092e-09  2.01630116e-08  2.01630116e-08  2.01630116e-08  1.94220826e-08  1.94220826e-08  1.94220826e-08  2.01630116e-08  2.01630116e-08  2.01630116e-08  1.94220826e-08  1.94220826e-08  1.94220826e-08  1.87833174e-08  1.87833174e-08  1.87833174e-08  1.87833174e-08  1.30618521e-09  1.30618521e-09 
 3.80189396e+05  2.17646531e-08  2.17646531e-08  2.17646531e-08  2.10762377e-08  2.10762377e-08  2.10762377e-08  2.17646531e-08  2.17646531e-08  2.17646531e-08  2.10762377e-08  2.10762377e-08  2.10762377e-08  1.90064597e-08  1.90064597e-08  1.90064597e-08  1.90064597e-08  3.87089156e-09  3.87089156e-09  8.48066987e-09  8.48066987e-09  8.48066987e-09  8.44964204e-09  8.44964204e-09  8.44964204e-09  8.48066987e-09  8.48066987e-09  8.48066987e-09  8.44964204e-09  8.44964204e-09  8.44964204e-09  3.43733954e-09  3.43733954e-09  3.43733954e-09  3.43733954e-09  3.63964560e-09  3.63964560e-09  2.00358861e-08  2.00358861e-08  2.00358861e-08  1.92994924e-08  1.92994924e-08  1.92994924e-08  2.00358861e-08  2.00358861e-08  2.00358861e-08  1.92994924e-08  1.92994924e-08  1.92994924e-08  1.86648251e-08  1.86648251e-08  1.86648251e-08  1.86648251e-08  1.31691179e-09  1.31691179e-09 
 3.89045145e+05  2.15903558e-08  2.15903558e-08  2.15903558e-08  2.09055117e-08  2.09055117e-08  2.09055117e-08  2.15903558e-08  2.15903558e-08  2.15903558e-08  2.09055117e-08  2.09055117e-08  2.09055117e-08  1.88746291e-08  1.88746291e-08  1.88746291e-08  1.88746291e-08  3.86927777e-09  3.86927777e-09  8.34393056e-09  8.34393056e-09  8.34393056e-09  8.31334154e-09  8.31334154e-09  8.31334154e-09  8.34393056e-09  8.34393056e-09  8.34393056e-09  8.31334154e-09  8.31334154e-09  8.31334154e-09  3.37568068e-09  3.37568068e-09  3.37568068e-09  3.37568068e-09  3.63401730e-09  3.63401730e-09  1.99043994e-08  1.99043994e-08  1.99043994e-08  1.91726966e-08  1.91726966e-08  1.91726966e-08  1.99043994e-08  1.99043994e-08  1.99043994e-08  1.91726966e-08  1.91726966e-08  1.91726966e-08  1.85422678e-08  1.85422678e-08  1.85422678e-08  1.85422678e-08  1.32765299e-09  1.32765299e-09 
 3.98107171e+05  2.14122230e-08  2.14122230e-08  2.14122230e-08  2.07311200e-08  2.07311200e-08  2.07311200e-08  2.14122230e-08  2.14122230e-08  2.14122230e-08  2.07311200e-08  2.07311200e-08  2.07311200e-08  1.87388398e-08  1.87388398e-08  1.87388398e-08  1.87388398e-08  3.86747255e-09  3.86747255e-09  8.20719575e-09  8.20719575e-09  8.20719575e-09  8.17704467e-09  8.17704467e-09  8.17704467e-09  8.20719575e-09  8.20719575e-09  8.20719575e-09  8.17704467e-09  8.17704467e-09  8.17704467e-09  3.31423876e-09  3.31423876e-09  3.31423876e-09  3.31423876e-09  3.62814690e-09  3.62814691e-09  1.97684760e-08  1.97684760e-08  1.97684760e-08  1.90416223e-08  1.90416223e-08  1.90416223e-08  1.97684760e-08  1.97684760e-08  1.97684760e-08  1.90416223e-08  1.90416223e-08  1.90416223e-08  1.84155750e-08  1.84155750e-08  1.84155750e-08  1.84155750e-08  1.33838929e-09  1.33838929e-09 
 4.07380278e+05  2.12301790e-08  2.12301790e-08  2.12301790e-08  2.05529895e-08  2.05529895e-08  2.05529895e-08  2.12301790e-08  2.12301790e-08  2.12301790e-08  2.05529895e-08  2.05529895e-08  2.05529895e-08  1.85990233e-08  1.85990233e-08  1.85990233e-08  1.85990233e-08  3.86542273e-09  3.86542273e-09  8.07046688e-09  8.07046688e-09  8.07046688e-09  8.04075288e-09  8.04075288e-09  8.04075288e-09  8.07046688e-09  8.07046688e-09  8.07046688e-09  8.04075288e-09  8.04075288e-09  8.04075288e-09  3.25301380e-09  3.25301380e-09  3.25301380e-09  3.25301380e-09  3.62198449e-09  3.62198449e-09  1.96280455e-08  1.96280455e-08  1.96280455e-08  1.89062019e-08  1.89062019e-08  1.89062019e-08  1.96280455e-08  1.96280455e-08  1.96280455e-08  1.89062019e-08  1.89062019e-08  1.89062019e-08  1.82846814e-08  1.82846814e-08  1.82846814e-08  1.82846814e-08  1.34910010e-09  1.34910010e-09 
 4.16869383e+05  2.10441546e-08  2.10441546e-08  2.10441546e-08  2.03710533e-08  2.03710533e-08  2.03710533e-08  2.10441546e-08  2.10441546e-08  2.10441546e-08  2.03710533e-08  2.03710533e-08  2.03710533e-08  1.84551167e-08  1.84551167e-08  1.84551167e-08  1.84551167e-08  3.86307415e-09  3.86307415e-09  7.93374821e-09  7.93374821e-09  7.93374821e-09  7.90447042e-09  7.90447042e-09  7.90447042e-09  7.93374821e-09  7.93374821e-09  7.93374821e-09  7.90447042e-09  7.90447042e-09  7.90447042e-09  3.19200690e-09  3.19200690e-09  3.19200690e-09  3.19200690e-09  3.61547947e-09  3.61547947e-09  1.94830440e-08  1.94830440e-08  1.94830440e-08  1.87663735e-08  1.87663735e-08  1.87663735e-08  1.94830440e-08  1.94830440e-08  1.94830440e-08  1.87663735e-08  1.87663735e-08  1.87663735e-08  1.81495270e-08  1.81495270e-08  1.81495270e-08  1.81495270e-08  1.35976384e-09  1.35976384e-09 
 4.26579519e+05  2.08540878e-08  2.08540878e-08  2.08540878e-08  2.01852514e-08  2.01852514e-08  2.01852514e-08  2.08540878e-08  2.08540878e-08  2.08540878e-08  2.01852514e-08  2.01852514e-08  2.01852514e-08  1.83070634e-08  1.83070634e-08  1.83070634e-08  1.83070634e-08  3.86037182e-09  3.86037182e-09  7.79704693e-09  7.79704693e-09  7.79704693e-09  7.76820446e-09  7.76820446e-09  7.76820446e-09  7.79704693e-09  7.79704693e-09  7.79704693e-09  7.76820446e-09  7.76820446e-09  7.76820446e-09  3.13122035e-09  3.13122035e-09  3.13122035e-09  3.13122035e-09  3.60858075e-09  3.60858075e-09  1.93334137e-08  1.93334137e-08  1.93334137e-08  1.86220815e-08  1.86220815e-08  1.86220815e-08  1.93334137e-08  1.93334137e-08  1.93334137e-08  1.86220816e-08  1.86220816e-08  1.86220816e-08  1.80100584e-08  1.80100584e-08  1.80100584e-08  1.80100584e-08  1.37035793e-09  1.37035793e-09 
 4.36515832e+05  2.06599245e-08  2.06599245e-08  2.06599245e-08  1.99955318e-08  1.99955318e-08  1.99955318e-08  2.06599245e-08  2.06599245e-08  2.06599245e-08  1.99955318e-08  1.99955318e-08  1.99955318e-08  1.81548142e-08  1.81548142e-08  1.81548142e-08  1.81548142e-08  3.85726011e-09  3.85726011e-09  7.66037330e-09  7.66037330e-09  7.66037330e-09  7.63196526e-09  7.63196526e-09  7.63196526e-09  7.66037330e-09  7.66037330e-09  7.66037330e-09  7.63196526e-09  7.63196526e-09  7.63196526e-09  3.07065765e-09  3.07065765e-09  3.07065765e-09  3.07065765e-09  3.60123693e-09  3.60123693e-09  1.91791047e-08  1.91791047e-08  1.91791047e-08  1.84732778e-08  1.84732778e-08  1.84732778e-08  1.91791047e-08  1.91791047e-08  1.91791047e-08  1.84732778e-08  1.84732778e-08  1.84732778e-08  1.78662287e-08  1.78662287e-08  1.78662287e-08  1.78662287e-08  1.38085884e-09  1.38085884e-09 
 4.46683592e+05  2.04616194e-08  2.04616194e-08  2.04616194e-08  1.98018506e-08  1.98018506e-08  1.98018506e-08  2.04616194e-08  2.04616194e-08  2.04616194e-08  1.98018506e-08  1.98018506e-08  1.98018506e-08  1.79983270e-08  1.79983270e-08  1.79983270e-08  1.79983270e-08  3.85368289e-09  3.85368289e-09  7.52374080e-09  7.52374080e-09  7.52374080e-09  7.49576625e-09  7.49576625e-09  7.49576625e-09  7.52374080e-09  7.52374080e-09  7.52374080e-09  7.49576625e-09  7.49576625e-09  7.49576625e-09  3.01032356e-09  3.01032356e-09  3.01032356e-09  3.01032356e-09  3.59339646e-09  3.59339646e-09  1.90200749e-08  1.90200749e-08  1.90200749e-08  1.83199216e-08  1.83199216e-08  1.83199216e-08  1.90200749e-08  1.90200749e-08  1.90200749e-08  1.83199216e-08  1.83199216e-08  1.83199216e-08  1.77179988e-08  1.77179988e-08  1.77179988e-08  1.77179988e-08  1.39124214e-09  1.39124214e-09 
 4.57088190e+05  2.02591364e-08  2.02591364e-08  2.02591364e-08  1.96041730e-08  1.96041730e-08  1.96041730e-08  2.02591364e-08  2.02591364e-08  2.02591364e-08  1.96041730e-08  1.96041730e-08  1.96041730e-08  1.78375685e-08  1.78375685e-08  1.78375685e-08  1.78375685e-08  3.84958381e-09  3.84958381e-09  7.38716623e-09  7.38716623e-09  7.38716623e-09  7.35962421e-09  7.35962421e-09  7.35962421e-09  7.38716623e-09  7.38716623e-09  7.38716623e-09  7.35962421e-09  7.35962421e-09  7.35962421e-09  2.95022414e-09  2.95022414e-09  2.95022414e-09  2.95022414e-09  3.58500785e-09  3.58500785e-09  1.88562909e-08  1.88562909e-08  1.88562909e-08  1.81619810e-08  1.81619810e-08  1.81619810e-08  1.88562909e-08  1.88562909e-08  1.88562909e-08  1.81619810e-08  1.81619810e-08  1.81619810e-08  1.75653377e-08  1.75653377e-08  1.75653377e-08  1.75653377e-08  1.40148256e-09  1.40148256e-09 
 4.67735141e+05  2.00524495e-08  2.00524495e-08  2.00524495e-08  1.94024740e-08  1.94024740e-08  1.94024740e-08  2.00524495e-08  2.00524495e-08  2.00524495e-08  1.94024740e-08  1.94024740e-08  1.94024740e-08  1.76725143e-08  1.76725143e-08  1.76725143e-08  1.76725143e-08  3.84490644e-09  3.84490644e-09  7.25066984e-09  7.25066984e-09  7.25066984e-09  7.22355933e-09  7.22355933e-09  7.22355933e-09  7.25066984e-09  7.25066984e-09  7.25066984e-09  7.22355933e-09  7.22355933e-09  7.22355933e-09  2.89036675e-09  2.89036675e-09  2.89036675e-09  2.89036675e-09  3.57601990e-09  3.57601990e-09  1.86877290e-08  1.86877290e-08  1.86877290e-08  1.79994328e-08  1.79994328e-08  1.79994328e-08  1.86877290e-08  1.86877290e-08  1.86877290e-08  1.79994328e-08  1.79994328e-08  1.79994328e-08  1.74082231e-08  1.74082231e-08  1.74082231e-08  1.74082231e-08  1.41155406e-09  1.41155406e-09 
 4.78630092e+05  1.98415435e-08  1.98415435e-08  1.98415435e-08  1.91967389e-08  1.91967389e-08  1.91967389e-08  1.98415435e-08  1.98415435e-08  1.98415435e-08  1.91967389e-08  1.91967389e-08  1.91967389e-08  1.75031494e-08  1.75031494e-08  1.75031494e-08  1.75031494e-08  3.83959454e-09  3.83959454e-09  7.11427541e-09  7.11427541e-09  7.11427541e-09  7.08759534e-09  7.08759534e-09  7.08759534e-09  7.11427541e-09  7.11427541e-09  7.11427541e-09  7.08759534e-09  7.08759534e-09  7.08759534e-09  2.83076012e-09  2.83076012e-09  2.83076012e-09  2.83076012e-09  3.56638193e-09  3.56638193e-09  1.85143756e-08  1.85143756e-08  1.85143756e-08  1.78322642e-08  1.78322642e-08  1.78322642e-08  1.85143756e-08  1.85143756e-08  1.85143756e-08  1.78322642e-08  1.78322642e-08  1.78322642e-08  1.72466424e-08  1.72466424e-08  1.72466424e-08  1.72466424e-08  1.42142987e-09  1.42142987e-09 
 4.89778819e+05  1.96264146e-08  1.96264146e-08  1.96264146e-08  1.89869641e-08  1.89869641e-08  1.89869641e-08  1.96264146e-08  1.96264146e-08  1.96264146e-08  1.89869641e-08  1.89869641e-08  1.89869641e-08  1.73294695e-08  1.73294695e-08  1.73294695e-08  1.73294695e-08  3.83359230e-09  3.83359230e-09  6.97801036e-09  6.97801036e-09  6.97801036e-09  6.95175957e-09  6.95175957e-09  6.95175957e-09  6.97801036e-09  6.97801036e-09  6.97801036e-09  6.95175957e-09  6.95175957e-09  6.95175957e-09  2.77141434e-09  2.77141434e-09  2.77141434e-09  2.77141434e-09  3.55604399e-09  3.55604399e-09  1.83362283e-08  1.83362283e-08  1.83362283e-08  1.76604726e-08  1.76604726e-08  1.76604726e-08  1.83362283e-08  1.83362283e-08  1.83362283e-08  1.76604726e-08  1.76604726e-08  1.76604726e-08  1.70805933e-08  1.70805933e-08  1.70805933e-08  1.70805933e-08  1.43108264e-09  1.43108264e-09 
 5.01187234e+05  1.94070711e-08  1.94070711e-08  1.94070711e-08  1.87731579e-08  1.87731579e-08  1.87731579e-08  1.94070711e-08  1.94070711e-08  1.94070711e-08  1.87731579e-08  1.87731579e-08  1.87731579e-08  1.71514811e-08  1.71514811e-08  1.71514811e-08  1.71514811e-08  3.82684463e-09  3.82684463e-09  6.84190577e-09  6.84190577e-09  6.84190577e-09  6.81608306e-09  6.81608306e-09  6.81608306e-09  6.84190577e-09  6.84190577e-09  6.84190577e-09  6.81608306e-09  6.81608306e-09  6.81608306e-09  2.71234092e-09  2.71234092e-09  2.71234092e-09  2.71234092e-09  3.54495716e-09  3.54495716e-09  1.81532958e-08  1.81532958e-08  1.81532958e-08  1.74840665e-08  1.74840665e-08  1.74840665e-08  1.81532958e-08  1.81532958e-08  1.81532958e-08  1.74840665e-08  1.74840665e-08  1.74840665e-08  1.69100841e-08  1.69100841e-08  1.69100841e-08  1.69100841e-08  1.44048447e-09  1.44048447e-09 
 5.12861384e+05  1.91835343e-08  1.91835343e-08  1.91835343e-08  1.85553407e-08  1.85553407e-08  1.85553407e-08  1.91835343e-08  1.91835343e-08  1.91835343e-08  1.85553407e-08  1.85553407e-08  1.85553407e-08  1.69692022e-08  1.69692022e-08  1.69692022e-08  1.69692022e-08  3.81929736e-09  3.81929736e-09  6.70599649e-09  6.70599649e-09  6.70599649e-09  6.68060053e-09  6.68060053e-09  6.68060053e-09  6.70599649e-09  6.70599649e-09  6.70599649e-09  6.68060053e-09  6.68060053e-09  6.68060053e-09  2.65355270e-09  2.65355270e-09  2.65355270e-09  2.65355270e-09  3.53307374e-09  3.53307374e-09  1.79655997e-08  1.79655997e-08  1.79655997e-08  1.73030666e-08  1.73030666e-08  1.73030666e-08  1.79655997e-08  1.79655997e-08  1.79655997e-08  1.73030666e-08  1.73030666e-08  1.73030666e-08  1.67351346e-08  1.67351346e-08  1.67351346e-08  1.67351346e-08  1.44960704e-09  1.44960704e-09 
 5.24807460e+05  1.89558387e-08  1.89558387e-08  1.89558387e-08  1.83335459e-08  1.83335459e-08  1.83335459e-08  1.89558387e-08  1.89558387e-08  1.89558387e-08  1.83335459e-08  1.83335459e-08  1.83335459e-08  1.67826629e-08  1.67826629e-08  1.67826629e-08  1.67826629e-08  3.81089758e-09  3.81089758e-09  6.57032110e-09  6.57032110e-09  6.57032110e-09  6.54535049e-09  6.54535049e-09  6.54535049e-09  6.57032110e-09  6.57032110e-09  6.57032110e-09  6.54535049e-09  6.54535049e-09  6.54535049e-09  2.59506397e-09  2.59506397e-09  2.59506397e-09  2.59506397e-09  3.52034760e-09  3.52034760e-09  1.77731739e-08  1.77731739e-08  1.77731739e-08  1.71175058e-08  1.71175058e-08  1.71175058e-08  1.77731739e-08  1.77731739e-08  1.77731739e-08  1.71175058e-08  1.71175058e-08  1.71175058e-08  1.65557766e-08  1.65557766e-08  1.65557766e-08  1.65557766e-08  1.45842176e-09  1.45842176e-09 
 5.37031796e+05  1.87240326e-08  1.87240326e-08  1.87240326e-08  1.81078206e-08  1.81078206e-08  1.81078206e-08  1.87240326e-08  1.87240326e-08  1.87240326e-08  1.81078206e-08  1.81078206e-08  1.81078206e-08  1.65919063e-08  1.65919063e-08  1.65919063e-08  1.65919063e-08  3.80159394e-09  3.80159394e-09  6.43492196e-09  6.43492196e-09  6.43492196e-09  6.41037518e-09  6.41037518e-09  6.41037518e-09  6.43492196e-09  6.43492196e-09  6.43492196e-09  6.41037518e-09  6.41037518e-09  6.41037518e-09  2.53689034e-09  2.53689034e-09  2.53689034e-09  2.53689034e-09  3.50673437e-09  3.50673437e-09  1.75760663e-08  1.75760663e-08  1.75760663e-08  1.69274299e-08  1.69274299e-08  1.69274299e-08  1.75760663e-08  1.75760663e-08  1.75760663e-08  1.69274299e-08  1.69274299e-08  1.69274299e-08  1.63720547e-08  1.63720547e-08  1.63720547e-08  1.63720547e-08  1.46689983e-09  1.46689983e-09 
 5.49540874e+05  1.84881790e-08  1.84881790e-08  1.84881790e-08  1.78782253e-08  1.78782253e-08  1.78782253e-08  1.84881790e-08  1.84881790e-08  1.84881790e-08  1.78782253e-08  1.78782253e-08  1.78782253e-08  1.63969882e-08  1.63969882e-08  1.63969882e-08  1.63969882e-08  3.79133688e-09  3.79133688e-09  6.29984516e-09  6.29984516e-09  6.29984516e-09  6.27572056e-09  6.27572056e-09  6.27572056e-09  6.29984516e-09  6.29984516e-09  6.29984516e-09  6.27572056e-09  6.27572056e-09  6.27572056e-09  2.47904881e-09  2.47904881e-09  2.47904881e-09  2.47904881e-09  3.49219177e-09  3.49219177e-09  1.73743382e-08  1.73743382e-08  1.73743382e-08  1.67328984e-08  1.67328984e-08  1.67328984e-08  1.73743382e-08  1.73743382e-08  1.73743382e-08  1.67328984e-08  1.67328984e-08  1.67328984e-08  1.61840260e-08  1.61840260e-08  1.61840260e-08  1.61840260e-08  1.47501240e-09  1.47501240e-09 
 5.62341325e+05  1.82483555e-08  1.82483555e-08  1.82483555e-08  1.76448354e-08  1.76448354e-08  1.76448354e-08  1.82483555e-08  1.82483555e-08  1.82483555e-08  1.76448354e-08  1.76448354e-08  1.76448354e-08  1.61979782e-08  1.61979782e-08  1.61979782e-08  1.61979782e-08  3.78007899e-09  3.78007899e-09  6.16514047e-09  6.16514047e-09  6.16514047e-09  6.14143627e-09  6.14143627e-09  6.14143627e-09  6.16514047e-09  6.16514047e-09  6.16514047e-09  6.14143627e-09  6.14143627e-09  6.14143627e-09  2.42155768e-09  2.42155768e-09  2.42155768e-09  2.42155768e-09  3.47667986e-09  3.47667986e-09  1.71680660e-08  1.71680660e-08  1.71680660e-08  1.65339845e-08  1.65339845e-08  1.65339845e-08  1.71680660e-08  1.71680660e-08  1.71680660e-08  1.65339845e-08  1.65339845e-08  1.65339845e-08  1.59917617e-08  1.59917617e-08  1.59917617e-08  1.59917617e-08  1.48273074e-09  1.48273074e-09 
 5.75439937e+05  1.80046550e-08  1.80046550e-08  1.80046550e-08  1.74077405e-08  1.74077405e-08  1.74077405e-08  1.80046550e-08  1.80046550e-08  1.80046550e-08  1.74077405e-08  1.74077405e-08  1.74077405e-08  1.59949599e-08  1.59949599e-08  1.59949599e-08  1.59949599e-08  3.76777528e-09  3.76777528e-09  6.03086126e-09  6.03086126e-09  6.03086126e-09  6.00757555e-09  6.00757555e-09  6.00757555e-09  6.03086126e-09  6.03086126e-09  6.03086126e-09  6.00757555e-09  6.00757555e-09  6.00757555e-09  2.36443652e-09  2.36443652e-09  2.36443652e-09  2.36443652e-09  3.46016134e-09  3.46016134e-09  1.69573403e-08  1.69573403e-08  1.69573403e-08  1.63307758e-08  1.63307758e-08  1.63307758e-08  1.69573403e-08  1.69573403e-08  1.69573403e-08  1.63307758e-08  1.63307758e-08  1.63307758e-08  1.57953462e-08  1.57953462e-08  1.57953462e-08  1.57953462e-08  1.49002631e-09  1.49002631e-09 
 5.88843655e+05  1.77571858e-08  1.77571858e-08  1.77571858e-08  1.71670454e-08  1.71670454e-08  1.71670454e-08  1.77571858e-08  1.77571858e-08  1.77571858e-08  1.71670454e-08  1.71670454e-08  1.71670454e-08  1.57880307e-08  1.57880307e-08  1.57880307e-08  1.57880307e-08  3.75438349e-09  3.75438349e-09  5.89706440e-09  5.89706440e-09  5.89706440e-09  5.87419511e-09  5.87419511e-09  5.87419511e-09  5.89706440e-09  5.89706440e-09  5.89706440e-09  5.87419511e-09  5.87419511e-09  5.87419511e-09  2.30770613e-09  2.30770613e-09  2.30770613e-09  2.30770613e-09  3.44260178e-09  3.44260178e-09  1.67422671e-08  1.67422671e-08  1.67422671e-08  1.61233746e-08  1.61233746e-08  1.61233746e-08  1.67422671e-08  1.67422671e-08  1.67422671e-08  1.61233746e-08  1.61233746e-08  1.61233746e-08  1.55948784e-08  1.55948784e-08  1.55948784e-08  1.55948784e-08  1.49687101e-09  1.49687101e-09 
 6.02559586e+05  1.75060717e-08  1.75060717e-08  1.75060717e-08  1.69228697e-08  1.69228697e-08  1.69228697e-08  1.75060717e-08  1.75060717e-08  1.75060717e-08  1.69228697e-08  1.69228697e-08  1.69228697e-08  1.55773028e-08  1.55773028e-08  1.55773028e-08  1.55773028e-08  3.73986439e-09  3.73986439e-09  5.76381009e-09  5.76381009e-09  5.76381009e-09  5.74135498e-09  5.74135498e-09  5.74135498e-09  5.76381009e-09  5.76381009e-09  5.76381009e-09  5.74135498e-09  5.74135498e-09  5.74135498e-09  2.25138843e-09  2.25138843e-09  2.25138843e-09  2.25138843e-09  3.42396990e-09  3.42396990e-09  1.65229679e-08  1.65229679e-08  1.65229679e-08  1.59118976e-08  1.59118976e-08  1.59118976e-08  1.65229679e-08  1.65229679e-08  1.65229679e-08  1.59118976e-08  1.59118976e-08  1.59118976e-08  1.53904714e-08  1.53904714e-08  1.53904714e-08  1.53904714e-08  1.50323724e-09  1.50323724e-09 
 6.16595002e+05  1.72514524e-08  1.72514524e-08  1.72514524e-08  1.66753483e-08  1.66753483e-08  1.66753483e-08  1.72514524e-08  1.72514524e-08  1.72514524e-08  1.66753483e-08  1.66753483e-08  1.66753483e-08  1.53629025e-08  1.53629025e-08  1.53629025e-08  1.53629025e-08  3.72418205e-09  3.72418205e-09  5.63116169e-09  5.63116169e-09  5.63116169e-09  5.60911836e-09  5.60911836e-09  5.60911836e-09  5.63116169e-09  5.63116169e-09  5.63116169e-09  5.60911836e-09  5.60911836e-09  5.60911836e-09  2.19550645e-09  2.19550645e-09  2.19550645e-09  2.19550645e-09  3.40423784e-09  3.40423784e-09  1.62995793e-08  1.62995793e-08  1.62995793e-08  1.56964767e-08  1.56964767e-08  1.56964767e-08  1.62995793e-08  1.62995793e-08  1.62995793e-08  1.56964767e-08  1.56964767e-08  1.56964767e-08  1.51822524e-08  1.51822524e-08  1.51822524e-08  1.51822524e-08  1.50909814e-09  1.50909814e-09 
 6.30957344e+05  1.69934829e-08  1.69934829e-08  1.69934829e-08  1.64246309e-08  1.64246309e-08  1.64246309e-08  1.69934829e-08  1.69934829e-08  1.69934829e-08  1.64246309e-08  1.64246309e-08  1.64246309e-08  1.51449706e-08  1.51449706e-08  1.51449706e-08  1.51449706e-08  3.70730410e-09  3.70730410e-09  5.49918553e-09  5.49918553e-09  5.49918553e-09  5.47755139e-09  5.47755139e-09  5.47755139e-09  5.49918553e-09  5.49918553e-09  5.49918553e-09  5.47755139e-09  5.47755139e-09  5.47755139e-09  2.14008415e-09  2.14008415e-09  2.14008415e-09  2.14008415e-09  3.38338136e-09  3.38338136e-09  1.60722533e-08  1.60722533e-08  1.60722533e-08  1.54772585e-08  1.54772585e-08  1.54772585e-08  1.60722533e-08  1.60722533e-08  1.60722533e-08  1.54772585e-08  1.54772585e-08  1.54772585e-08  1.49703634e-08  1.49703634e-08  1.49703634e-08  1.49703634e-08  1.51442769e-09  1.51442769e-09 
 6.45654229e+05  1.67323337e-08  1.67323337e-08  1.67323337e-08  1.61708823e-08  1.61708823e-08  1.61708823e-08  1.67323337e-08  1.67323337e-08  1.67323337e-08  1.61708823e-08  1.61708823e-08  1.61708823e-08  1.49236624e-08  1.49236624e-08  1.49236624e-08  1.49236624e-08  3.68920205e-09  3.68920205e-09  5.36795065e-09  5.36795065e-09  5.36795065e-09  5.34672291e-09  5.34672291e-09  5.34672291e-09  5.36795065e-09  5.36795065e-09  5.36795065e-09  5.34672291e-09  5.34672291e-09  5.34672291e-09  2.08514638e-09  2.08514638e-09  2.08514638e-09  2.08514638e-09  3.36138008e-09  3.36138008e-09  1.58411575e-08  1.58411575e-08  1.58411575e-08  1.52544044e-08  1.52544044e-08  1.52544044e-08  1.58411575e-08  1.58411575e-08  1.58411575e-08  1.52544044e-08  1.52544044e-08  1.52544044e-08  1.47549601e-08  1.47549601e-08  1.47549601e-08  1.47549601e-08  1.51920091e-09  1.51920091e-09 
 6.60693448e+05  1.64681905e-08  1.64681905e-08  1.64681905e-08  1.59142818e-08  1.59142818e-08  1.59142818e-08  1.64681905e-08  1.64681905e-08  1.64681905e-08  1.59142818e-08  1.59142818e-08  1.59142818e-08  1.46991470e-08  1.46991470e-08  1.46991470e-08  1.46991470e-08  3.66985146e-09  3.66985146e-09  5.23752851e-09  5.23752851e-09  5.23752851e-09  5.21670421e-09  5.21670421e-09  5.21670421e-09  5.23752851e-09  5.23752851e-09  5.23752851e-09  5.21670421e-09  5.21670421e-09  5.21670421e-09  2.03071875e-09  2.03071875e-09  2.03071875e-09  2.03071875e-09  3.33821769e-09  3.33821769e-09  1.56064741e-08  1.56064741e-08  1.56064741e-08  1.50280901e-08  1.50280901e-08  1.50280901e-08  1.56064741e-08  1.56064741e-08  1.56064741e-08  1.50280901e-08  1.50280901e-08  1.50280901e-08  1.45362127e-08  1.45362127e-08  1.45362127e-08  1.45362127e-08  1.52339401e-09  1.52339401e-09 
 6.76082975e+05  1.62012535e-08  1.62012535e-08  1.62012535e-08  1.56550226e-08  1.56550226e-08  1.56550226e-08  1.62012535e-08  1.62012535e-08  1.62012535e-08  1.56550226e-08  1.56550226e-08  1.56550226e-08  1.44716072e-08  1.44716072e-08  1.44716072e-08  1.44716072e-08  3.64923219e-09  3.64923219e-09  5.10799272e-09  5.10799272e-09  5.10799272e-09  5.08756868e-09  5.08756868e-09  5.08756868e-09  5.10799272e-09  5.10799272e-09  5.10799272e-09  5.08756868e-09  5.08756868e-09  5.08756868e-09  1.97682749e-09  1.97682749e-09  1.97682749e-09  1.97682749e-09  3.31388210e-09  3.31388210e-09  1.53684004e-08  1.53684004e-08  1.53684004e-08  1.47985056e-08  1.47985056e-08  1.47985056e-08  1.53684004e-08  1.53684004e-08  1.53684004e-08  1.47985056e-08  1.47985056e-08  1.47985056e-08  1.43143049e-08  1.43143049e-08  1.43143049e-08  1.43143049e-08  1.52698455e-09  1.52698455e-09 
 6.91830971e+05  1.59317370e-08  1.59317370e-08  1.59317370e-08  1.53933117e-08  1.53933117e-08  1.53933117e-08  1.59317370e-08  1.59317370e-08  1.59317370e-08  1.53933117e-08  1.53933117e-08  1.53933117e-08  1.42412392e-08  1.42412392e-08  1.42412392e-08  1.42412392e-08  3.62732859e-09  3.62732859e-09  4.97941869e-09  4.97941869e-09  4.97941869e-09  4.95939152e-09  4.95939152e-09  4.95939152e-09  4.97941869e-09  4.97941869e-09  4.97941869e-09  4.95939152e-09  4.95939152e-09  4.95939152e-09  1.92349932e-09  1.92349932e-09  1.92349932e-09  1.92349932e-09  3.28836561e-09  3.28836561e-09  1.51271475e-08  1.51271475e-08  1.51271475e-08  1.45658546e-08  1.45658546e-08  1.45658546e-08  1.51271475e-08  1.51271475e-08  1.51271475e-08  1.45658546e-08  1.45658546e-08  1.45658546e-08  1.40894334e-08  1.40894334e-08  1.40894334e-08  1.40894334e-08  1.52995158e-09  1.52995158e-09 
 7.07945784e+05  1.56598691e-08  1.56598691e-08  1.56598691e-08  1.51293691e-08  1.51293691e-08  1.51293691e-08  1.56598691e-08  1.56598691e-08  1.56598691e-08  1.51293691e-08  1.51293691e-08  1.51293691e-08  1.40082517e-08  1.40082517e-08  1.40082517e-08  1.40082517e-08  3.60412969e-09  3.60412969e-09  4.85188326e-09  4.85188326e-09  4.85188326e-09  4.83224934e-09  4.83224934e-09  4.83224934e-09  4.85188326e-09  4.85188326e-09  4.85188326e-09  4.83224934e-09  4.83224934e-09  4.83224934e-09  1.87076131e-09  1.87076131e-09  1.87076131e-09  1.87076131e-09  3.26166501e-09  3.26166501e-09  1.48829403e-08  1.48829403e-08  1.48829403e-08  1.43303538e-08  1.43303538e-08  1.43303538e-08  1.48829403e-08  1.48829403e-08  1.48829403e-08  1.43303538e-08  1.43303538e-08  1.43303538e-08  1.38618077e-08  1.38618077e-08  1.38618077e-08  1.38618077e-08  1.53227580e-09  1.53227580e-09 
 7.24435960e+05  1.53858899e-08  1.53858899e-08  1.53858899e-08  1.48634267e-08  1.48634267e-08  1.48634267e-08  1.53858899e-08  1.53858899e-08  1.53858899e-08  1.48634267e-08  1.48634267e-08  1.48634267e-08  1.37728652e-08  1.37728652e-08  1.37728652e-08  1.37728652e-08  3.57962927e-09  3.57962927e-09  4.72546431e-09  4.72546431e-09  4.72546431e-09  4.70621983e-09  4.70621983e-09  4.70621983e-09  4.72546431e-09  4.72546431e-09  4.72546431e-09  4.70621983e-09  4.70621983e-09  4.70621983e-09  1.81864073e-09  1.81864073e-09  1.81864073e-09  1.81864073e-09  3.23378170e-09  3.23378170e-09  1.46360163e-08  1.46360163e-08  1.46360163e-08  1.40922320e-08  1.40922320e-08  1.40922320e-08  1.46360163e-08  1.46360163e-08  1.46360163e-08  1.40922320e-08  1.40922320e-08  1.40922320e-08  1.36316493e-08  1.36316493e-08  1.36316493e-08  1.36316493e-08  1.53393970e-09  1.53393970e-09 
 7.41310241e+05  1.51100517e-08  1.51100517e-08  1.51100517e-08  1.45957279e-08  1.45957279e-08  1.45957279e-08  1.51100517e-08  1.51100517e-08  1.51100517e-08  1.45957279e-08  1.45957279e-08  1.45957279e-08  1.35353116e-08  1.35353116e-08  1.35353116e-08  1.35353116e-08  3.55382604e-09  3.55382604e-09  4.60024038e-09  4.60024038e-09  4.60024038e-09  4.58138128e-09  4.58138128e-09  4.58138128e-09  4.60024038e-09  4.60024038e-09  4.60024038e-09  4.58138128e-09  4.58138128e-09  4.58138128e-09  1.76716488e-09  1.76716488e-09  1.76716488e-09  1.76716488e-09  3.20472174e-09  3.20472174e-09  1.43866250e-08  1.43866250e-08  1.43866250e-08  1.38517299e-08  1.38517299e-08  1.38517299e-08  1.43866250e-08  1.43866250e-08  1.43866250e-08  1.38517299e-08  1.38517299e-08  1.38517299e-08  1.33991905e-08  1.33991905e-08  1.33991905e-08  1.33991905e-08  1.53492767e-09  1.53492767e-09 
 7.58577575e+05  1.48326171e-08  1.48326171e-08  1.48326171e-08  1.43265261e-08  1.43265261e-08  1.43265261e-08  1.48326171e-08  1.48326171e-08  1.48326171e-08  1.43265261e-08  1.43265261e-08  1.43265261e-08  1.32958327e-08  1.32958327e-08  1.32958327e-08  1.32958327e-08  3.52672363e-09  3.52672363e-09  4.47629023e-09  4.47629023e-09  4.47629023e-09  4.45781224e-09  4.45781224e-09  4.45781224e-09  4.47629023e-09  4.47629023e-09  4.47629023e-09  4.45781224e-09  4.45781224e-09  4.45781224e-09  1.71636094e-09  1.71636094e-09  1.71636094e-09  1.71636094e-09  3.17449583e-09  3.17449583e-09  1.41350267e-08  1.41350267e-08  1.41350267e-08  1.36090982e-08  1.36090982e-08  1.36090982e-08  1.41350267e-08  1.41350267e-08  1.41350267e-08  1.36090982e-08  1.36090982e-08  1.36090982e-08  1.31646742e-08  1.31646742e-08  1.31646742e-08  1.31646742e-08  1.53522611e-09  1.53522611e-09 
 7.76247117e+05  1.45538583e-08  1.45538583e-08  1.45538583e-08  1.40560838e-08  1.40560838e-08  1.40560838e-08  1.45538583e-08  1.45538583e-08  1.45538583e-08  1.40560838e-08  1.40560838e-08  1.40560838e-08  1.30546794e-08  1.30546794e-08  1.30546794e-08  1.30546794e-08  3.49833069e-09  3.49833069e-09  4.35369242e-09  4.35369242e-09  4.35369242e-09  4.33559104e-09  4.33559104e-09  4.33559104e-09  4.35369242e-09  4.35369242e-09  4.35369242e-09  4.33559104e-09  4.33559104e-09  4.33559104e-09  1.66625580e-09  1.66625580e-09  1.66625580e-09  1.66625580e-09  3.14311935e-09  3.14311935e-09  1.38814918e-08  1.38814918e-08  1.38814918e-08  1.33645976e-08  1.33645976e-08  1.33645976e-08  1.38814918e-08  1.38814918e-08  1.38814918e-08  1.33645976e-08  1.33645976e-08  1.33645976e-08  1.29283519e-08  1.29283519e-08  1.29283519e-08  1.29283519e-08  1.53482357e-09  1.53482357e-09 
 7.94328235e+05  1.42740556e-08  1.42740556e-08  1.42740556e-08  1.37846714e-08  1.37846714e-08  1.37846714e-08  1.42740556e-08  1.42740556e-08  1.42740556e-08  1.37846714e-08  1.37846714e-08  1.37846714e-08  1.28121107e-08  1.28121107e-08  1.28121107e-08  1.28121107e-08  3.46866081e-09  3.46866081e-09  4.23252484e-09  4.23252484e-09  4.23252484e-09  4.21479536e-09  4.21479536e-09  4.21479536e-09  4.23252484e-09  4.23252484e-09  4.23252484e-09  4.21479536e-09  4.21479536e-09  4.21479536e-09  1.61687589e-09  1.61687589e-09  1.61687589e-09  1.61687589e-09  3.11061231e-09  3.11061231e-09  1.36262990e-08  1.36262990e-08  1.36262990e-08  1.31184967e-08  1.31184967e-08  1.31184967e-08  1.36262990e-08  1.36262990e-08  1.36262990e-08  1.31184967e-08  1.31184967e-08  1.31184967e-08  1.26904837e-08  1.26904837e-08  1.26904837e-08  1.26904837e-08  1.53371080e-09  1.53371080e-09 
 8.12830516e+05  1.39934962e-08  1.39934962e-08  1.39934962e-08  1.35125659e-08  1.35125659e-08  1.35125659e-08  1.39934962e-08  1.39934962e-08  1.39934962e-08  1.35125659e-08  1.35125659e-08  1.35125659e-08  1.25683923e-08  1.25683923e-08  1.25683923e-08  1.25683923e-08  3.43773252e-09  3.43773252e-09  4.11286431e-09  4.11286431e-09  4.11286431e-09  4.09550176e-09  4.09550176e-09  4.09550176e-09  4.11286431e-09  4.11286431e-09  4.11286431e-09  4.09550176e-09  4.09550176e-09  4.09550176e-09  1.56824699e-09  1.56824699e-09  1.56824699e-09  1.56824699e-09  3.07699920e-09  3.07699920e-09  1.33697344e-08  1.33697344e-08  1.33697344e-08  1.28710712e-08  1.28710712e-08  1.28710712e-08  1.33697344e-08  1.33697344e-08  1.33697344e-08  1.28710712e-08  1.28710712e-08  1.28710712e-08  1.24513360e-08  1.24513360e-08  1.24513360e-08  1.24513360e-08  1.53188080e-09  1.53188080e-09 
 8.31763771e+05  1.37124727e-08  1.37124727e-08  1.37124727e-08  1.32400494e-08  1.32400494e-08  1.32400494e-08  1.37124727e-08  1.37124727e-08  1.37124727e-08  1.32400494e-08  1.32400494e-08  1.32400494e-08  1.23237954e-08  1.23237954e-08  1.23237954e-08  1.23237954e-08  3.40556919e-09  3.40556919e-09  3.99478607e-09  3.99478607e-09  3.99478607e-09  3.97778529e-09  3.97778529e-09  3.97778529e-09  3.99478607e-09  3.99478607e-09  3.99478607e-09  3.97778529e-09  3.97778529e-09  3.97778529e-09  1.52039411e-09  1.52039411e-09  1.52039411e-09  1.52039411e-09  3.04230896e-09  3.04230896e-09  1.31120901e-08  1.31120901e-08  1.31120901e-08  1.26226027e-08  1.26226027e-08  1.26226027e-08  1.31120901e-08  1.31120901e-08  1.31120901e-08  1.26226027e-08  1.26226027e-08  1.26226027e-08  1.22111811e-08  1.22111811e-08  1.22111811e-08  1.22111811e-08  1.52932893e-09  1.52932893e-09 
 8.51138038e+05  1.34312817e-08  1.34312817e-08  1.34312817e-08  1.29674079e-08  1.29674079e-08  1.29674079e-08  1.34312817e-08  1.34312817e-08  1.34312817e-08  1.29674079e-08  1.29674079e-08  1.29674079e-08  1.20785952e-08  1.20785952e-08  1.20785952e-08  1.20785952e-08  3.37219888e-09  3.37219888e-09  3.87836340e-09  3.87836340e-09  3.87836340e-09  3.86171902e-09  3.86171902e-09  3.86171902e-09  3.87836340e-09  3.87836340e-09  3.87836340e-09  3.86171902e-09  3.86171902e-09  3.86171902e-09  1.47334133e-09  1.47334133e-09  1.47334133e-09  1.47334133e-09  3.00657472e-09  3.00657472e-09  1.28536626e-08  1.28536626e-08  1.28536626e-08  1.23733771e-08  1.23733771e-08  1.23733771e-08  1.28536626e-08  1.28536626e-08  1.28536626e-08  1.23733771e-08  1.23733771e-08  1.23733771e-08  1.19702952e-08  1.19702952e-08  1.19702952e-08  1.19702952e-08  1.52605291e-09  1.52605291e-09 
 8.70963590e+05  1.31502222e-08  1.31502222e-08  1.31502222e-08  1.26949295e-08  1.26949295e-08  1.26949295e-08  1.31502222e-08  1.31502222e-08  1.31502222e-08  1.26949295e-08  1.26949295e-08  1.26949295e-08  1.18330699e-08  1.18330699e-08  1.18330699e-08  1.18330699e-08  3.33765422e-09  3.33765422e-09  3.76366719e-09  3.76366719e-09  3.76366719e-09  3.74737360e-09  3.74737360e-09  3.74737360e-09  3.76366719e-09  3.76366719e-09  3.76366719e-09  3.74737360e-09  3.74737360e-09  3.74737360e-09  1.42711157e-09  1.42711157e-09  1.42711157e-09  1.42711157e-09  2.96983372e-09  2.96983372e-09  1.25947517e-08  1.25947517e-08  1.25947517e-08  1.21236829e-08  1.21236829e-08  1.21236829e-08  1.25947517e-08  1.25947517e-08  1.25947517e-08  1.21236829e-08  1.21236829e-08  1.21236829e-08  1.17289577e-08  1.17289577e-08  1.17289577e-08  1.17289577e-08  1.52205281e-09  1.52205281e-09 
 8.91250938e+05  1.28695939e-08  1.28695939e-08  1.28695939e-08  1.24229032e-08  1.24229032e-08  1.24229032e-08  1.28695939e-08  1.28695939e-08  1.28695939e-08  1.24229032e-08  1.24229032e-08  1.24229032e-08  1.15874988e-08  1.15874988e-08  1.15874988e-08  1.15874988e-08  3.30197216e-09  3.30197216e-09  3.65076548e-09  3.65076548e-09  3.65076548e-09  3.63481690e-09  3.63481690e-09  3.63481690e-09  3.65076548e-09  3.65076548e-09  3.65076548e-09  3.63481690e-09  3.63481690e-09  3.63481690e-09  1.38172656e-09  1.38172656e-09  1.38172656e-09  1.38172656e-09  2.93212699e-09  2.93212699e-09  1.23356584e-08  1.23356584e-08  1.23356584e-08  1.18738105e-08  1.18738105e-08  1.18738105e-08  1.23356584e-08  1.23356584e-08  1.23356584e-08  1.18738105e-08  1.18738105e-08  1.18738105e-08  1.14874490e-08  1.14874490e-08  1.14874490e-08  1.14874490e-08  1.51733112e-09  1.51733112e-09 
 9.12010839e+05  1.25896960e-08  1.25896960e-08  1.25896960e-08  1.21516172e-08  1.21516172e-08  1.21516172e-08  1.25896960e-08  1.25896960e-08  1.25896960e-08  1.21516172e-08  1.21516172e-08  1.21516172e-08  1.13421612e-08  1.13421612e-08  1.13421612e-08  1.13421612e-08  3.26519380e-09  3.26519380e-09  3.53972315e-09  3.53972315e-09  3.53972315e-09  3.52411357e-09  3.52411357e-09  3.52411357e-09  3.53972315e-09  3.53972315e-09  3.53972315e-09  3.52411357e-09  3.52411357e-09  3.52411357e-09  1.33720659e-09  1.33720659e-09  1.33720659e-09  1.33720659e-09  2.89349916e-09  2.89349916e-09  1.20766837e-08  1.20766837e-08  1.20766837e-08  1.16240501e-08  1.16240501e-08  1.16240501e-08  1.20766837e-08  1.20766837e-08  1.20766837e-08  1.16240501e-08  1.16240501e-08  1.16240501e-08  1.12460497e-08  1.12460497e-08  1.12460497e-08  1.12460497e-08  1.51189263e-09  1.51189263e-09 
 9.33254301e+05  1.23108255e-08  1.23108255e-08  1.23108255e-08  1.18813576e-08  1.18813576e-08  1.18813576e-08  1.23108255e-08  1.23108255e-08  1.23108255e-08  1.18813576e-08  1.18813576e-08  1.18813576e-08  1.10973349e-08  1.10973349e-08  1.10973349e-08  1.10973349e-08  3.22736405e-09  3.22736405e-09  3.43060147e-09  3.43060147e-09  3.43060147e-09  3.41532473e-09  3.41532473e-09  3.41532473e-09  3.43060147e-09  3.43060147e-09  3.43060147e-09  3.41532473e-09  3.41532473e-09  3.41532473e-09  1.29357048e-09  1.29357048e-09  1.29357048e-09  1.29357048e-09  2.85399815e-09  2.85399815e-09  1.18181274e-08  1.18181274e-08  1.18181274e-08  1.13746902e-08  1.13746902e-08  1.13746902e-08  1.18181274e-08  1.18181274e-08  1.18181274e-08  1.13746902e-08  1.13746902e-08  1.13746902e-08  1.10050390e-08  1.10050390e-08  1.10050390e-08  1.10050390e-08  1.50574447e-09  1.50574447e-09 
 9.54992586e+05  1.20332755e-08  1.20332755e-08  1.20332755e-08  1.16124067e-08  1.16124067e-08  1.16124067e-08  1.20332755e-08  1.20332755e-08  1.20332755e-08  1.16124067e-08  1.16124067e-08  1.16124067e-08  1.08532946e-08  1.08532946e-08  1.08532946e-08  1.08532946e-08  3.18853143e-09  3.18853143e-09  3.32345786e-09  3.32345786e-09  3.32345786e-09  3.30850758e-09  3.30850758e-09  3.30850758e-09  3.32345786e-09  3.32345786e-09  3.32345786e-09  3.30850758e-09  3.30850758e-09  3.30850758e-09  1.25083540e-09  1.25083540e-09  1.25083540e-09  1.25083540e-09  2.81367490e-09  2.81367490e-09  1.15602858e-08  1.15602858e-08  1.15602858e-08  1.11260168e-08  1.11260168e-08  1.11260168e-08  1.15602858e-08  1.15602858e-08  1.15602858e-08  1.11260168e-08  1.11260168e-08  1.11260168e-08  1.07646932e-08  1.07646932e-08  1.07646932e-08  1.07646932e-08  1.49889602e-09  1.49889602e-09 
 9.77237221e+05  1.17573339e-08  1.17573339e-08  1.17573339e-08  1.13450418e-08  1.13450418e-08  1.13450418e-08  1.17573339e-08  1.17573339e-08  1.17573339e-08  1.13450418e-08  1.13450418e-08  1.13450418e-08  1.06103110e-08  1.06103110e-08  1.06103110e-08  1.06103110e-08  3.14874767e-09  3.14874767e-09  3.21834550e-09  3.21834550e-09  3.21834550e-09  3.20371518e-09  3.20371518e-09  3.20371518e-09  3.21834550e-09  3.21834550e-09  3.21834550e-09  3.20371518e-09  3.20371518e-09  3.20371518e-09  1.20901683e-09  1.20901683e-09  1.20901683e-09  1.20901683e-09  2.77258302e-09  2.77258302e-09  1.13034512e-08  1.13034512e-08  1.13034512e-08  1.08783111e-08  1.08783111e-08  1.08783111e-08  1.13034512e-08  1.13034512e-08  1.13034512e-08  1.08783111e-08  1.08783111e-08  1.08783111e-08  1.05252843e-08  1.05252843e-08  1.05252843e-08  1.05252843e-08  1.49135882e-09  1.49135882e-09 
 1.00000000e+06  1.14832820e-08  1.14832820e-08  1.14832820e-08  1.10795337e-08  1.10795337e-08  1.10795337e-08  1.14832820e-08  1.14832820e-08  1.14832820e-08  1.10795337e-08  1.10795337e-08  1.10795337e-08  1.03686490e-08  1.03686490e-08  1.03686490e-08  1.03686490e-08  3.10806745e-09  3.10806745e-09  3.11531315e-09  3.11531315e-09  3.11531315e-09  3.10099610e-09  3.10099610e-09  3.10099610e-09  3.11531315e-09  3.11531315e-09  3.11531315e-09  3.10099610e-09  3.10099610e-09  3.10099610e-09  1.16812841e-09  1.16812841e-09  1.16812841e-09  1.16812841e-09  2.73077846e-09  2.73077846e-09  1.10479094e-08  1.10479094e-08  1.10479094e-08  1.06318489e-08  1.06318489e-08  1.06318489e-08  1.10479094e-08  1.10479094e-08  1.10479094e-08  1.06318489e-08  1.06318489e-08  1.06318489e-08  1.02870790e-08  1.02870790e-08  1.02870790e-08  1.02870790e-08  1.48314652e-09  1.48314652e-09 
 1.02329299e+06  1.12113931e-08  1.12113931e-08  1.12113931e-08  1.08161454e-08  1.08161454e-08  1.08161454e-08  1.12113931e-08  1.12113931e-08  1.12113931e-08  1.08161454e-08  1.08161454e-08  1.08161454e-08  1.01285664e-08  1.01285664e-08  1.01285664e-08  1.01285664e-08  3.06654800e-09  3.06654800e-09  3.01440486e-09  3.01440486e-09  3.01440486e-09  3.00039427e-09  3.00039427e-09  3.00039427e-09  3.01440486e-09  3.01440486e-09  3.01440486e-09  3.00039427e-09  3.00039427e-09  3.00039427e-09  1.12818192e-09  1.12818192e-09  1.12818192e-09  1.12818192e-09  2.68831921e-09  2.68831921e-09  1.07939395e-08  1.07939395e-08  1.07939395e-08  1.03868989e-08  1.03868989e-08  1.03868989e-08  1.07939395e-08  1.07939395e-08  1.07939395e-08  1.03868989e-08  1.03868989e-08  1.03868989e-08  1.00503371e-08  1.00503371e-08  1.00503371e-08  1.00503371e-08  1.47427474e-09  1.47427474e-09 
 1.04712855e+06  1.09419312e-08  1.09419312e-08  1.09419312e-08  1.05551310e-08  1.05551310e-08  1.05551310e-08  1.09419312e-08  1.09419312e-08  1.09419312e-08  1.05551310e-08  1.05551310e-08  1.05551310e-08  9.89031351e-09  9.89031351e-09  9.89031351e-09  9.89031351e-09  3.02424876e-09  3.02424876e-09  2.91565983e-09  2.91565983e-09  2.91565983e-09  2.90194875e-09  2.90194875e-09  2.90194875e-09  2.91565983e-09  2.91565983e-09  2.91565983e-09  2.90194875e-09  2.90194875e-09  2.90194875e-09  1.08918724e-09  1.08918724e-09  1.08918724e-09  1.08918724e-09  2.64526486e-09  2.64526486e-09  1.05418116e-08  1.05418116e-08  1.05418116e-08  1.01437214e-08  1.01437214e-08  1.01437214e-08  1.05418116e-08  1.05418116e-08  1.05418116e-08  1.01437214e-08  1.01437214e-08  1.01437214e-08  9.81531030e-09  9.81531030e-09  9.81531030e-09  9.81531030e-09  1.46476094e-09  1.46476094e-09 
 1.07151931e+06  1.06751498e-08  1.06751498e-08  1.06751498e-08  1.02967343e-08  1.02967343e-08  1.02967343e-08  1.06751498e-08  1.06751498e-08  1.06751498e-08  1.02967343e-08  1.02967343e-08  1.02967343e-08  9.65413097e-09  9.65413097e-09  9.65413097e-09  9.65413097e-09  2.98123104e-09  2.98123104e-09  2.81911224e-09  2.81911224e-09  2.81911224e-09  2.80569360e-09  2.80569360e-09  2.80569360e-09  2.81911224e-09  2.81911224e-09  2.81911224e-09  2.80569360e-09  2.80569360e-09  2.80569360e-09  1.05115224e-09  1.05115224e-09  1.05115224e-09  1.05115224e-09  2.60167635e-09  2.60167635e-09  1.02917864e-08  1.02917864e-08  1.02917864e-08  9.90256766e-09  9.90256766e-09  9.90256766e-09  1.02917864e-08  1.02917864e-08  1.02917864e-08  9.90256766e-09  9.90256766e-09  9.90256766e-09  9.58224150e-09  9.58224150e-09  9.58224150e-09  9.58224150e-09  1.45462436e-09  1.45462436e-09 
 1.09647820e+06  1.04112912e-08  1.04112912e-08  1.04112912e-08  1.00411882e-08  1.00411882e-08  1.00411882e-08  1.04112912e-08  1.04112912e-08  1.04112912e-08  1.00411882e-08  1.00411882e-08  1.00411882e-08  9.42024953e-09  9.42024953e-09  9.42024953e-09  9.42024953e-09  2.93755760e-09  2.93755760e-09  2.72479116e-09  2.72479116e-09  2.72479116e-09  2.71165781e-09  2.71165781e-09  2.71165781e-09  2.72479116e-09  2.72479116e-09  2.72479116e-09  2.71165781e-09  2.71165781e-09  2.71165781e-09  1.01408286e-09  1.01408286e-09  1.01408286e-09  1.01408286e-09  2.55761551e-09  2.55761551e-09  1.00441137e-08  1.00441137e-08  1.00441137e-08  9.66367821e-09  9.66367821e-09  9.66367821e-09  1.00441137e-08  1.00441137e-08  1.00441137e-08  9.66367821e-09  9.66367821e-09  9.66367821e-09  9.35136339e-09  9.35136339e-09  9.35136339e-09  9.35136339e-09  1.44388580e-09  1.44388580e-09 
 1.12201845e+06  1.01505850e-08  1.01505850e-08  1.01505850e-08  9.78871354e-09  9.78871354e-09  9.78871354e-09  1.01505850e-08  1.01505850e-08  1.01505850e-08  9.78871354e-09  9.78871354e-09  9.78871354e-09  9.18888885e-09  9.18888885e-09  9.18888885e-09  9.18888885e-09  2.89329230e-09  2.89329230e-09  2.63272050e-09  2.63272050e-09  2.63272050e-09  2.61986517e-09  2.61986517e-09  2.61986517e-09  2.63272050e-09  2.63272050e-09  2.63272050e-09  2.61986517e-09  2.61986517e-09  2.61986517e-09  9.77983023e-10  9.77983023e-10  9.77983023e-10  9.77983023e-10  2.51314479e-09  2.51314479e-09  9.79903146e-09  9.79903146e-09  9.79903146e-09  9.42728240e-09  9.42728240e-09  9.42728240e-09  9.79903146e-09  9.79903146e-09  9.79903146e-09  9.42728241e-09  9.42728241e-09  9.42728241e-09  9.12289775e-09  9.12289775e-09  9.12289775e-09  9.12289775e-09  1.43256751e-09  1.43256751e-09 
 1.14815362e+06  9.89324764e-09  9.89324764e-09  9.89324764e-09  9.53951826e-09  9.53951826e-09  9.53951826e-09  9.89324764e-09  9.89324764e-09  9.89324764e-09  9.53951826e-09  9.53951826e-09  9.53951826e-09  8.96025676e-09  8.96025676e-09  8.96025676e-09  8.96025676e-09  2.84849976e-09  2.84849976e-09  2.54291896e-09  2.54291896e-09  2.54291896e-09  2.53033433e-09  2.53033433e-09  2.53033433e-09  2.54291896e-09  2.54291896e-09  2.54291896e-09  2.53033433e-09  2.53033433e-09  2.53033433e-09  9.42854689e-10  9.42854689e-10  9.42854689e-10  9.42854689e-10  2.46832687e-09  2.46832687e-09  9.55676521e-09  9.55676521e-09  9.55676521e-09  9.19359744e-09  9.19359744e-09  9.19359744e-09  9.55676521e-09  9.55676521e-09  9.55676521e-09  9.19359744e-09  9.19359744e-09  9.19359744e-09  8.89705461e-09  8.89705461e-09  8.89705461e-09  8.89705461e-09  1.42069306e-09  1.42069306e-09 
 1.17489755e+06  9.63948176e-09  9.63948176e-09  9.63948176e-09  9.29379690e-09  9.29379690e-09  9.29379690e-09  9.63948176e-09  9.63948176e-09  9.63948176e-09  9.29379690e-09  9.29379690e-09  9.29379690e-09  8.73454862e-09  8.73454862e-09  8.73454862e-09  8.73454862e-09  2.80324497e-09  2.80324497e-09  2.45540008e-09  2.45540008e-09  2.45540008e-09  2.44307876e-09  2.44307876e-09  2.44307876e-09  2.45540008e-09  2.45540008e-09  2.45540008e-09  2.44307876e-09  2.44307876e-09  2.44307876e-09  9.08697866e-10  9.08697866e-10  9.08697866e-10  9.08697866e-10  2.42322435e-09  2.42322435e-09  9.31752707e-09  9.31752707e-09  9.31752707e-09  8.96282765e-09  8.96282765e-09  8.96282765e-09  9.31752707e-09  9.31752707e-09  9.31752707e-09  8.96282765e-09  8.96282765e-09  8.96282765e-09  8.67403159e-09  8.67403159e-09  8.67403159e-09  8.67403159e-09  1.40828714e-09  1.40828714e-09 
 1.20226443e+06  9.38947543e-09  9.38947543e-09  9.38947543e-09  9.05173002e-09  9.05173002e-09  9.05173002e-09  9.38947543e-09  9.38947543e-09  9.38947543e-09  9.05173002e-09  9.05173002e-09  9.05173002e-09  8.51194674e-09  8.51194674e-09  8.51194674e-09  8.51194674e-09  2.75759297e-09  2.75759297e-09  2.37017231e-09  2.37017231e-09  2.37017231e-09  2.35810687e-09  2.35810687e-09  2.35810687e-09  2.37017231e-09  2.37017231e-09  2.37017231e-09  2.35810687e-09  2.35810687e-09  2.35810687e-09  8.75510659e-10  8.75510659e-10  8.75510659e-10  8.75510659e-10  2.37789942e-09  2.37789942e-09  9.08151525e-09  9.08151525e-09  9.08151525e-09  8.73516394e-09  8.73516394e-09  8.73516394e-09  9.08151525e-09  9.08151525e-09  9.08151525e-09  8.73516394e-09  8.73516394e-09  8.73516394e-09  8.45401334e-09  8.45401334e-09  8.45401334e-09  8.45401334e-09  1.39537542e-09  1.39537542e-09 
 1.23026877e+06  9.14340185e-09  9.14340185e-09  9.14340185e-09  8.81348375e-09  8.81348375e-09  8.81348375e-09  9.14340185e-09  9.14340185e-09  9.14340185e-09  8.81348375e-09  8.81348375e-09  8.81348375e-09  8.29261996e-09  8.29261996e-09  8.29261996e-09  8.29261996e-09  2.71160850e-09  2.71160850e-09  2.28723905e-09  2.28723905e-09  2.28723905e-09  2.27542204e-09  2.27542204e-09  2.27542204e-09  2.28723905e-09  2.28723905e-09  2.28723905e-09  2.27542204e-09  2.27542204e-09  2.27542204e-09  8.43289311e-10  8.43289311e-10  8.43289311e-10  8.43289311e-10  2.33241358e-09  2.33241358e-09  8.84891359e-09  8.84891359e-09  8.84891359e-09  8.51078337e-09  8.51078337e-09  8.51078337e-09  8.84891359e-09  8.84891359e-09  8.84891359e-09  8.51078337e-09  8.51078337e-09  8.51078337e-09  8.23717109e-09  8.23717109e-09  8.23717109e-09  8.23717109e-09  1.38198443e-09  1.38198443e-09 
 1.25892541e+06  8.90141899e-09  8.90141899e-09  8.90141899e-09  8.57920951e-09  8.57920951e-09  8.57920951e-09  8.90141899e-09  8.90141899e-09  8.90141899e-09  8.57920951e-09  8.57920951e-09  8.57920951e-09  8.07672333e-09  8.07672333e-09  8.07672333e-09  8.07672333e-09  2.66535570e-09  2.66535570e-09  2.20659884e-09  2.20659884e-09  2.20659884e-09  2.19502277e-09  2.19502277e-09  2.19502277e-09  2.20659884e-09  2.20659884e-09  2.20659884e-09  2.19502277e-09  2.19502277e-09  2.19502277e-09  8.12028278e-10  8.12028278e-10  8.12028278e-10  8.12028278e-10  2.28682733e-09  2.28682733e-09  8.61989118e-09  8.61989118e-09  8.61989118e-09  8.28984874e-09  8.28984874e-09  8.28984874e-09  8.61989118e-09  8.61989118e-09  8.61989118e-09  8.28984874e-09  8.28984874e-09  8.28984874e-09  8.02366235e-09  8.02366235e-09  8.02366235e-09  8.02366235e-09  1.36814133e-09  1.36814133e-09 
 1.28824955e+06  8.66366945e-09  8.66366945e-09  8.66366945e-09  8.34904387e-09  8.34904387e-09  8.34904387e-09  8.66366945e-09  8.66366945e-09  8.66366945e-09  8.34904387e-09  8.34904387e-09  8.34904387e-09  7.86439789e-09  7.86439789e-09  7.86439789e-09  7.86439789e-09  2.61889782e-09  2.61889782e-09  2.12824549e-09  2.12824549e-09  2.12824549e-09  2.11690288e-09  2.11690288e-09  2.11690288e-09  2.12824549e-09  2.12824549e-09  2.12824549e-09  2.11690288e-09  2.11690288e-09  2.11690288e-09  7.81720295e-10  7.81720295e-10  7.81720295e-10  7.81720295e-10  2.24119991e-09  2.24119991e-09  8.39460214e-09  8.39460214e-09  8.39460214e-09  8.07250847e-09  8.07250847e-09  8.07250847e-09  8.39460214e-09  8.39460214e-09  8.39460214e-09  8.07250847e-09  8.07250847e-09  8.07250847e-09  7.81363065e-09  7.81363065e-09  7.81363065e-09  7.81363065e-09  1.35387380e-09  1.35387380e-09 
 1.31825674e+06  8.43028037e-09  8.43028037e-09  8.43028037e-09  8.12310845e-09  8.12310845e-09  8.12310845e-09  8.43028037e-09  8.43028037e-09  8.43028037e-09  8.12310845e-09  8.12310845e-09  8.12310845e-09  7.65577062e-09  7.65577062e-09  7.65577062e-09  7.65577062e-09  2.57229695e-09  2.57229695e-09  2.05216823e-09  2.05216823e-09  2.05216823e-09  2.04105161e-09  2.04105161e-09  2.04105161e-09  2.05216823e-09  2.05216823e-09  2.05216823e-09  2.04105161e-09  2.04105161e-09  2.04105161e-09  7.52356465e-10  7.52356465e-10  7.52356465e-10  7.52356465e-10  2.19558910e-09  2.19558910e-09  8.17318552e-09  8.17318552e-09  8.17318552e-09  7.85889639e-09  7.85889639e-09  7.85889639e-09  8.17318552e-09  8.17318552e-09  8.17318552e-09  7.85889639e-09  7.85889639e-09  7.85889639e-09  7.60720550e-09  7.60720550e-09  7.60720550e-09  7.60720550e-09  1.33920991e-09  1.33920991e-09 
 1.34896288e+06  8.20136350e-09  8.20136350e-09  8.20136350e-09  7.90151003e-09  7.90151003e-09  7.90151003e-09  8.20136350e-09  8.20136350e-09  8.20136350e-09  7.90151003e-09  7.90151003e-09  7.90151003e-09  7.45095439e-09  7.45095439e-09  7.45095439e-09  7.45095439e-09  2.52561376e-09  2.52561376e-09  1.97835200e-09  1.97835200e-09  1.97835200e-09  1.96745392e-09  1.96745392e-09  1.96745392e-09  1.97835200e-09  1.97835200e-09  1.97835200e-09  1.96745392e-09  1.96745392e-09  1.96745392e-09  7.23926347e-10  7.23926347e-10  7.23926347e-10  7.23926347e-10  2.15005096e-09  2.15005096e-09  7.95576530e-09  7.95576530e-09  7.95576530e-09  7.64913183e-09  7.64913183e-09  7.64913183e-09  7.95576530e-09  7.95576530e-09  7.95576530e-09  7.64913183e-09  7.64913183e-09  7.64913183e-09  7.40450233e-09  7.40450233e-09  7.40450233e-09  7.40450233e-09  1.32417792e-09  1.32417792e-09 
 1.38038426e+06  7.97701534e-09  7.97701534e-09  7.97701534e-09  7.68434063e-09  7.68434063e-09  7.68434063e-09  7.97701534e-09  7.97701534e-09  7.97701534e-09  7.68434063e-09  7.68434063e-09  7.68434063e-09  7.25004810e-09  7.25004810e-09  7.25004810e-09  7.25004810e-09  2.47890728e-09  2.47890728e-09  1.90677759e-09  1.90677759e-09  1.90677759e-09  1.89609064e-09  1.89609064e-09  1.89609064e-09  1.90677759e-09  1.90677759e-09  1.90677759e-09  1.89609064e-09  1.89609064e-09  1.89609064e-09  6.96418057e-10  6.96418057e-10  6.96418056e-10  6.96418056e-10  2.10463965e-09  2.10463966e-09  7.74245048e-09  7.74245048e-09  7.74245048e-09  7.44331966e-09  7.44331966e-09  7.44331966e-09  7.74245048e-09  7.74245048e-09  7.74245048e-09  7.44331966e-09  7.44331966e-09  7.44331966e-09  7.20562263e-09  7.20562263e-09  7.20562263e-09  7.20562263e-09  1.30880618e-09  1.30880618e-09 
 1.41253754e+06  7.75731738e-09  7.75731738e-09  7.75731738e-09  7.47167783e-09  7.47167783e-09  7.47167783e-09  7.75731738e-09  7.75731738e-09  7.75731738e-09  7.47167783e-09  7.47167783e-09  7.47167783e-09  7.05313688e-09  7.05313688e-09  7.05313688e-09  7.05313688e-09  2.43223470e-09  2.43223470e-09  1.83742195e-09  1.83742195e-09  1.83742195e-09  1.82693876e-09  1.82693876e-09  1.82693876e-09  1.83742195e-09  1.83742195e-09  1.83742195e-09  1.82693876e-09  1.82693876e-09  1.82693876e-09  6.69818366e-10  6.69818366e-10  6.69818366e-10  6.69818366e-10  2.05940730e-09  2.05940730e-09  7.53333530e-09  7.53333530e-09  7.53333530e-09  7.24155053e-09  7.24155053e-09  7.24155053e-09  7.53333530e-09  7.53333530e-09  7.53333530e-09  7.24155053e-09  7.24155053e-09  7.24155053e-09  7.01065414e-09  7.01065414e-09  7.01065414e-09  7.01065414e-09  1.29312300e-09  1.29312300e-09 
 1.44543977e+06  7.54233650e-09  7.54233650e-09  7.54233650e-09  7.26358505e-09  7.26358505e-09  7.26358505e-09  7.54233650e-09  7.54233650e-09  7.54233650e-09  7.26358505e-09  7.26358505e-09  7.26358505e-09  6.86029236e-09  6.86029236e-09  6.86029236e-09  6.86029236e-09  2.38565121e-09  2.38565121e-09  1.77025841e-09  1.77025841e-09  1.77025841e-09  1.75997166e-09  1.75997166e-09  1.75997166e-09  1.77025841e-09  1.77025841e-09  1.77025841e-09  1.75997166e-09  1.75997166e-09  1.75997166e-09  6.44112812e-10  6.44112812e-10  6.44112812e-10  6.44112812e-10  2.01440379e-09  2.01440379e-09  7.32849953e-09  7.32849953e-09  7.32849953e-09  7.04390113e-09  7.04390113e-09  7.04390113e-09  7.32849953e-09  7.32849953e-09  7.32849953e-09  7.04390113e-09  7.04390113e-09  7.04390113e-09  6.81967109e-09  6.81967109e-09  6.81967109e-09  6.81967109e-09  1.27715650e-09  1.27715650e-09 
 1.47910839e+06  7.33212533e-09  7.33212533e-09  7.33212533e-09  7.06011199e-09  7.06011199e-09  7.06011199e-09  7.33212533e-09  7.33212533e-09  7.33212533e-09  7.06011199e-09  7.06011199e-09  7.06011199e-09  6.67157305e-09  6.67157305e-09  6.67157305e-09  6.67157305e-09  2.33920981e-09  2.33920981e-09  1.70525697e-09  1.70525697e-09  1.70525697e-09  1.69515941e-09  1.69515941e-09  1.69515941e-09  1.70525697e-09  1.70525697e-09  1.70525697e-09  1.69515941e-09  1.69515941e-09  1.69515941e-09  6.19285808e-10  6.19285808e-10  6.19285808e-10  6.19285808e-10  1.96967671e-09  1.96967671e-09  7.12800884e-09  7.12800884e-09  7.12800884e-09  6.85043456e-09  6.85043456e-09  6.85043456e-09  7.12800884e-09  7.12800884e-09  7.12800884e-09  6.85043456e-09  6.85043456e-09  6.85043456e-09  6.63273458e-09  6.63273458e-09  6.63273458e-09  6.63273458e-09  1.26093453e-09  1.26093453e-09 
 1.51356125e+06  7.12672276e-09  7.12672276e-09  7.12672276e-09  6.86129511e-09  6.86129511e-09  6.86129511e-09  7.12672276e-09  7.12672276e-09  7.12672276e-09  6.86129511e-09  6.86129511e-09  6.86129511e-09  6.48702471e-09  6.48702471e-09  6.48702471e-09  6.48702471e-09  2.29296123e-09  2.29296123e-09  1.64238454e-09  1.64238454e-09  1.64238454e-09  1.63246901e-09  1.63246901e-09  1.63246901e-09  1.64238454e-09  1.64238454e-09  1.64238454e-09  1.63246901e-09  1.63246901e-09  1.63246901e-09  5.95320748e-10  5.95320748e-10  5.95320748e-10  5.95320748e-10  1.92527121e-09  1.92527121e-09  6.93191525e-09  6.93191525e-09  6.93191525e-09  6.66120075e-09  6.66120075e-09  6.66120075e-09  6.93191525e-09  6.93191525e-09  6.93191525e-09  6.66120075e-09  6.66120075e-09  6.66120075e-09  6.44989299e-09  6.44989299e-09  6.44989299e-09  6.44989299e-09  1.24448454e-09  1.24448454e-09 
 1.54881662e+06  6.92615454e-09  6.92615454e-09  6.92615454e-09  6.66715816e-09  6.66715816e-09  6.66715816e-09  6.92615454e-09  6.92615454e-09  6.92615454e-09  6.66715816e-09  6.66715816e-09  6.66715816e-09  6.30668090e-09  6.30668090e-09  6.30668090e-09  6.30668090e-09  2.24695379e-09  2.24695379e-09  1.58160526e-09  1.58160526e-09  1.58160526e-09  1.57186467e-09  1.57186467e-09  1.57186467e-09  1.58160526e-09  1.58160526e-09  1.58160526e-09  1.57186467e-09  1.57186467e-09  1.57186467e-09  5.72200121e-10  5.72200121e-10  5.72200121e-10  5.72200121e-10  1.88122994e-09  1.88122994e-09  6.74025764e-09  6.74025764e-09  6.74025764e-09  6.47623695e-09  6.47623695e-09  6.47623695e-09  6.74025764e-09  6.74025764e-09  6.74025764e-09  6.47623695e-09  6.47623695e-09  6.47623695e-09  6.27118245e-09  6.27118245e-09  6.27118245e-09  6.27118245e-09  1.22783348e-09  1.22783348e-09 
 1.58489319e+06  6.73043379e-09  6.73043379e-09  6.73043379e-09  6.47771273e-09  6.47771273e-09  6.47771273e-09  6.73043379e-09  6.73043379e-09  6.73043379e-09  6.47771273e-09  6.47771273e-09  6.47771273e-09  6.13056343e-09  6.13056343e-09  6.13056343e-09  6.13056343e-09  2.20123334e-09  2.20123334e-09  1.52288076e-09  1.52288076e-09  1.52288076e-09  1.51330813e-09  1.51330813e-09  1.51330813e-09  1.52288076e-09  1.52288076e-09  1.52288076e-09  1.51330813e-09  1.51330813e-09  1.51330813e-09  5.49905623e-10  5.49905623e-10  5.49905623e-10  5.49905623e-10  1.83759301e-09  1.83759301e-09  6.55306230e-09  6.55306230e-09  6.55306230e-09  6.29556831e-09  6.29556831e-09  6.29556831e-09  6.55306230e-09  6.55306230e-09  6.55306230e-09  6.29556831e-09  6.29556831e-09  6.29556831e-09  6.09662737e-09  6.09662737e-09  6.09662737e-09  6.09662737e-09  1.21100774e-09  1.21100774e-09 
 1.62181010e+06  6.53956174e-09  6.53956174e-09  6.53956174e-09  6.29295894e-09  6.29295894e-09  6.29295894e-09  6.53956174e-09  6.53956174e-09  6.53956174e-09  6.29295894e-09  6.29295894e-09  6.29295894e-09  5.95868303e-09  5.95868303e-09  5.95868303e-09  5.95868303e-09  2.15584318e-09  2.15584318e-09  1.46617044e-09  1.46617044e-09  1.46617044e-09  1.45675886e-09  1.45675886e-09  1.45675886e-09  1.46617044e-09  1.46617044e-09  1.46617044e-09  1.45675886e-09  1.45675886e-09  1.45675886e-09  5.28418259e-10  5.28418259e-10  5.28418259e-10  5.28418259e-10  1.79439795e-09  1.79439795e-09  6.37034356e-09  6.37034356e-09  6.37034356e-09  6.11920840e-09  6.11920840e-09  6.11920840e-09  6.37034356e-09  6.37034356e-09  6.37034356e-09  6.11920840e-09  6.11920840e-09  6.11920840e-09  5.92624098e-09  5.92624098e-09  5.92624098e-09  5.92624098e-09  1.19403306e-09  1.19403306e-09 
 1.65958691e+06  6.35352835e-09  6.35352835e-09  6.35352835e-09  6.11288606e-09  6.11288606e-09  6.11288606e-09  6.35352835e-09  6.35352835e-09  6.35352835e-09  6.11288606e-09  6.11288606e-09  6.11288606e-09  5.79103985e-09  5.79103985e-09  5.79103985e-09  5.79103985e-09  2.11082405e-09  2.11082405e-09  1.41143172e-09  1.41143172e-09  1.41143172e-09  1.40217441e-09  1.40217441e-09  1.40217441e-09  1.41143172e-09  1.41143172e-09  1.41143172e-09  1.40217441e-09  1.40217441e-09  1.40217441e-09  5.07718454e-10  5.07718454e-10  5.07718454e-10  5.07718454e-10  1.75167968e-09  1.75167968e-09  6.19210441e-09  6.19210441e-09  6.19210441e-09  5.94715988e-09  5.94715988e-09  5.94715988e-09  6.19210441e-09  6.19210441e-09  6.19210441e-09  5.94715988e-09  5.94715988e-09  5.94715988e-09  5.76002595e-09  5.76002595e-09  5.76002595e-09  5.76002595e-09  1.17693446e-09  1.17693446e-09 
 1.69824365e+06  6.17231304e-09  6.17231304e-09  6.17231304e-09  5.93747318e-09  5.93747318e-09  5.93747318e-09  6.17231304e-09  6.17231304e-09  6.17231304e-09  5.93747318e-09  5.93747318e-09  5.93747318e-09  5.62762416e-09  5.62762416e-09  5.62762416e-09  5.62762416e-09  2.06621409e-09  2.06621409e-09  1.35862035e-09  1.35862035e-09  1.35862035e-09  1.34951064e-09  1.34951064e-09  1.34951064e-09  1.35862035e-09  1.35862035e-09  1.35862035e-09  1.34951064e-09  1.34951064e-09  1.34951064e-09  4.87786151e-10  4.87786151e-10  4.87786151e-10  4.87786151e-10  1.70947053e-09  1.70947053e-09  6.01833715e-09  6.01833715e-09  6.01833715e-09  5.77941512e-09  5.77941512e-09  5.77941512e-09  6.01833715e-09  6.01833715e-09  6.01833715e-09  5.77941512e-09  5.77941512e-09  5.77941512e-09  5.59797503e-09  5.59797503e-09  5.59797503e-09  5.59797503e-09  1.15973618e-09  1.15973618e-09 
 1.73780083e+06  5.99588539e-09  5.99588539e-09  5.99588539e-09  5.76668994e-09  5.76668994e-09  5.76668994e-09  5.99588539e-09  5.99588539e-09  5.99588539e-09  5.76668994e-09  5.76668994e-09  5.76668994e-09  5.46841697e-09  5.46841697e-09  5.46841697e-09  5.46841697e-09  2.02204881e-09  2.02204881e-09  1.30769064e-09  1.30769064e-09  1.30769064e-09  1.29872197e-09  1.29872197e-09  1.29872197e-09  1.30769064e-09  1.30769064e-09  1.30769064e-09  1.29872197e-09  1.29872197e-09  1.29872197e-09  4.68600911e-10  4.68600911e-10  4.68600911e-10  4.68600911e-10  1.66780024e-09  1.66780024e-09  5.84902413e-09  5.84902413e-09  5.84902413e-09  5.61595685e-09  5.61595685e-09  5.61595685e-09  5.84902413e-09  5.84902413e-09  5.84902413e-09  5.61595685e-09  5.61595685e-09  5.61595685e-09  5.44007165e-09  5.44007165e-09  5.44007165e-09  5.44007165e-09  1.14246163e-09  1.14246163e-09 
 1.77827941e+06  5.82420588e-09  5.82420588e-09  5.82420588e-09  5.60049721e-09  5.60049721e-09  5.60049721e-09  5.82420588e-09  5.82420588e-09  5.82420588e-09  5.60049721e-09  5.60049721e-09  5.60049721e-09  5.31339067e-09  5.31339067e-09  5.31339067e-09  5.31339067e-09  1.97836118e-09  1.97836118e-09  1.25859571e-09  1.25859571e-09  1.25859571e-09  1.24976163e-09  1.24976163e-09  1.24976163e-09  1.25859571e-09  1.25859571e-09  1.25859571e-09  1.24976163e-09  1.24976163e-09  1.24976163e-09  4.50142005e-10  4.50142005e-10  4.50142005e-10  4.50142005e-10  1.62669604e-09  1.62669604e-09  5.68413841e-09  5.68413841e-09  5.68413841e-09  5.45675889e-09  5.45675889e-09  5.45675889e-09  5.68413841e-09  5.68413841e-09  5.68413841e-09  5.45675889e-09  5.45675889e-09  5.45675889e-09  5.28629058e-09  5.28629058e-09  5.28629058e-09  5.28629058e-09  1.12513335e-09  1.12513335e-09 
 1.81970086e+06  5.65722663e-09  5.65722663e-09  5.65722663e-09  5.43884778e-09  5.43884778e-09  5.43884778e-09  5.65722663e-09  5.65722663e-09  5.65722663e-09  5.43884778e-09  5.43884778e-09  5.43884778e-09  5.16250972e-09  5.16250972e-09  5.16250972e-09  5.16250972e-09  1.93518156e-09  1.93518156e-09  1.21128773e-09  1.21128773e-09  1.21128773e-09  1.20258194e-09  1.20258194e-09  1.20258194e-09  1.21128773e-09  1.21128773e-09  1.21128773e-09  1.20258194e-09  1.20258194e-09  1.20258194e-09  4.32388504e-10  4.32388504e-10  4.32388504e-10  4.32388504e-10  1.58618262e-09  1.58618262e-09  5.52364445e-09  5.52364445e-09  5.52364445e-09  5.30178675e-09  5.30178675e-09  5.30178675e-09  5.52364445e-09  5.52364445e-09  5.52364445e-09  5.30178675e-09  5.30178675e-09  5.30178675e-09  5.13659861e-09  5.13659861e-09  5.13659861e-09  5.13659861e-09  1.10777300e-09  1.10777300e-09 
 1.86208714e+06  5.49489209e-09  5.49489209e-09  5.49489209e-09  5.28168710e-09  5.28168710e-09  5.28168710e-09  5.49489209e-09  5.49489209e-09  5.49489209e-09  5.28168710e-09  5.28168710e-09  5.28168710e-09  5.01573127e-09  5.01573127e-09  5.01573127e-09  5.01573127e-09  1.89253783e-09  1.89253783e-09  1.16571816e-09  1.16571816e-09  1.16571816e-09  1.15713448e-09  1.15713448e-09  1.15713448e-09  1.16571816e-09  1.16571816e-09  1.16571816e-09  1.15713448e-09  1.15713448e-09  1.15713448e-09  4.15319363e-10  4.15319363e-10  4.15319363e-10  4.15319363e-10  1.54628225e-09  1.54628225e-09  5.36749885e-09  5.36749885e-09  5.36749885e-09  5.15099836e-09  5.15099836e-09  5.15099836e-09  5.36749885e-09  5.36749885e-09  5.36749885e-09  5.15099836e-09  5.15099836e-09  5.15099836e-09  4.99095518e-09  4.99095518e-09  4.99095518e-09  4.99095518e-09  1.09040129e-09  1.09040129e-09 
 1.90546072e+06  5.33713978e-09  5.33713978e-09  5.33713978e-09  5.12895395e-09  5.12895395e-09  5.12895395e-09  5.33713978e-09  5.33713978e-09  5.33713978e-09  5.12895395e-09  5.12895395e-09  5.12895395e-09  4.87300585e-09  4.87300585e-09  4.87300585e-09  4.87300585e-09  1.85045538e-09  1.85045538e-09  1.12183795e-09  1.12183795e-09  1.12183795e-09  1.11337033e-09  1.11337033e-09  1.11337033e-09  1.12183795e-09  1.12183795e-09  1.12183795e-09  1.11337033e-09  1.11337033e-09  1.11337033e-09  3.98913496e-10  3.98913496e-10  3.98913496e-10  3.98913496e-10  1.50701481e-09  1.50701481e-09  5.21565103e-09  5.21565103e-09  5.21565103e-09  5.00434473e-09  5.00434473e-09  5.00434473e-09  5.21565103e-09  5.21565103e-09  5.21565103e-09  5.00434473e-09  5.00434473e-09  5.00434473e-09  4.84931304e-09  4.84931304e-09  4.84931304e-09  4.84931304e-09  1.07303802e-09  1.07303802e-09 
 1.94984460e+06  5.18390101e-09  5.18390101e-09  5.18390101e-09  4.98058111e-09  4.98058111e-09  4.98058111e-09  5.18390101e-09  5.18390101e-09  5.18390101e-09  4.98058111e-09  4.98058111e-09  4.98058111e-09  4.73427798e-09  4.73427798e-09  4.73427798e-09  4.73427798e-09  1.80895720e-09  1.80895720e-09  1.07959775e-09  1.07959775e-09  1.07959775e-09  1.07124026e-09  1.07124026e-09  1.07124026e-09  1.07959775e-09  1.07959775e-09  1.07959775e-09  1.07124026e-09  1.07124026e-09  1.07124026e-09  3.83149851e-10  3.83149851e-10  3.83149851e-10  3.83149851e-10  1.46839789e-09  1.46839789e-09  5.06804389e-09  5.06804389e-09  5.06804389e-09  4.86177057e-09  4.86177057e-09  4.86177057e-09  5.06804389e-09  5.06804389e-09  5.06804389e-09  4.86177057e-09  4.86177057e-09  4.86177057e-09  4.71161887e-09  4.71161887e-09  4.71161887e-09  4.71161887e-09  1.05570199e-09  1.05570199e-09 
 1.99526231e+06  5.03510150e-09  5.03510150e-09  5.03510150e-09  4.83649602e-09  4.83649602e-09  4.83649602e-09  5.03510150e-09  5.03510150e-09  5.03510150e-09  4.83649602e-09  4.83649602e-09  4.83649602e-09  4.59948680e-09  4.59948680e-09  4.59948680e-09  4.59948680e-09  1.76806394e-09  1.76806394e-09  1.03894807e-09  1.03894807e-09  1.03894807e-09  1.03069493e-09  1.03069493e-09  1.03069493e-09  1.03894807e-09  1.03894807e-09  1.03894807e-09  1.03069493e-09  1.03069493e-09  1.03069493e-09  3.68007478e-10  3.68007478e-10  3.68007478e-10  3.68007478e-10  1.43044686e-09  1.43044686e-09  4.92461450e-09  4.92461450e-09  4.92461450e-09  4.72321501e-09  4.72321501e-09  4.72321501e-09  4.92461450e-09  4.92461450e-09  4.92461450e-09  4.72321501e-09  4.72321501e-09  4.72321501e-09  4.57781391e-09  4.57781391e-09  4.57781391e-09  4.57781391e-09  1.03841108e-09  1.03841108e-09 
 2.04173794e+06  4.89066211e-09  4.89066211e-09  4.89066211e-09  4.69662143e-09  4.69662143e-09  4.69662143e-09  4.89066211e-09  4.89066211e-09  4.89066211e-09  4.69662143e-09  4.69662143e-09  4.69662143e-09  4.46856666e-09  4.46856666e-09  4.46856666e-09  4.46856666e-09  1.72779397e-09  1.72779397e-09  9.99839510e-10  9.99839510e-10  9.99839510e-10  9.91685064e-10  9.91685064e-10  9.91685064e-10  9.99839510e-10  9.99839510e-10  9.99839510e-10  9.91685064e-10  9.91685064e-10  9.91685064e-10  3.53465585e-10  3.53465585e-10  3.53465585e-10  3.53465585e-10  1.39317493e-09  1.39317493e-09  4.78529473e-09  4.78529473e-09  4.78529473e-09  4.58861213e-09  4.58861213e-09  4.58861213e-09  4.78529473e-09  4.78529473e-09  4.78529473e-09  4.58861213e-09  4.58861213e-09  4.58861213e-09  4.44783457e-09  4.44783457e-09  4.44783457e-09  4.44783457e-09  1.02118220e-09  1.02118220e-09 
 2.08929613e+06  4.75049941e-09  4.75049941e-09  4.75049941e-09  4.56087601e-09  4.56087601e-09  4.56087601e-09  4.75049941e-09  4.75049941e-09  4.75049941e-09  4.56087601e-09  4.56087601e-09  4.56087601e-09  4.34144774e-09  4.34144774e-09  4.34144774e-09  4.34144774e-09  1.68816353e-09  1.68816353e-09  9.62222852e-10  9.62222852e-10  9.62222852e-10  9.54161591e-10  9.54161591e-10  9.54161591e-10  9.62222852e-10  9.62222852e-10  9.62222852e-10  9.54161591e-10  9.54161591e-10  9.54161591e-10  3.39503599e-10  3.39503599e-10  3.39503599e-10  3.39503599e-10  1.35659329e-09  1.35659329e-09  4.65001189e-09  4.65001189e-09  4.65001189e-09  4.45789163e-09  4.45789163e-09  4.45789163e-09  4.65001189e-09  4.65001189e-09  4.65001189e-09  4.45789163e-09  4.45789163e-09  4.45789163e-09  4.32161300e-09  4.32161300e-09  4.32161300e-09  4.32161300e-09  1.00403130e-09  1.00403130e-09 
 2.13796209e+06  4.61452633e-09  4.61452633e-09  4.61452633e-09  4.42917490e-09  4.42917490e-09  4.42917490e-09  4.61452633e-09  4.61452633e-09  4.61452633e-09  4.42917490e-09  4.42917490e-09  4.42917490e-09  4.21805657e-09  4.21805657e-09  4.21805657e-09  4.21805657e-09  1.64918672e-09  1.64918672e-09  9.26049253e-10  9.26049253e-10  9.26049253e-10  9.18075798e-10  9.18075798e-10  9.18075798e-10  9.26049253e-10  9.26049253e-10  9.26049253e-10  9.18075798e-10  9.18075798e-10  9.18075798e-10  3.26101213e-10  3.26101213e-10  3.26101213e-10  3.26101213e-10  1.32071117e-09  1.32071117e-09  4.51868932e-09  4.51868932e-09  4.51868932e-09  4.33097937e-09  4.33097937e-09  4.33097937e-09  4.51868932e-09  4.51868932e-09  4.51868932e-09  4.33097937e-09  4.33097937e-09  4.33097937e-09  4.19907764e-09  4.19907764e-09  4.19907764e-09  4.19907764e-09  9.86973381e-10  9.86973381e-10 
 2.18776162e+06  4.48265272e-09  4.48265272e-09  4.48265272e-09  4.30143032e-09  4.30143032e-09  4.30143032e-09  4.48265272e-09  4.48265272e-09  4.48265272e-09  4.30143032e-09  4.30143032e-09  4.30143032e-09  4.09831655e-09  4.09831655e-09  4.09831655e-09  4.09831655e-09  1.61087567e-09  1.61087567e-09  8.91270358e-10  8.91270358e-10  8.91270358e-10  8.83379466e-10  8.83379466e-10  8.83379466e-10  8.91270358e-10  8.91270358e-10  8.91270358e-10  8.83379466e-10  8.83379466e-10  8.83379466e-10  3.13238430e-10  3.13238430e-10  3.13238430e-10  3.13238430e-10  1.28553597e-09  1.28553597e-09  4.39124694e-09  4.39124694e-09  4.39124694e-09  4.20779794e-09  4.20779794e-09  4.20779794e-09  4.39124694e-09  4.39124694e-09  4.39124694e-09  4.20779794e-09  4.20779794e-09  4.20779794e-09  4.08015376e-09  4.08015376e-09  4.08015376e-09  4.08015376e-09  9.70022527e-10  9.70022527e-10 
 2.23872114e+06  4.35478588e-09  4.35478588e-09  4.35478588e-09  4.17755204e-09  4.17755204e-09  4.17755204e-09  4.35478588e-09  4.35478588e-09  4.35478588e-09  4.17755204e-09  4.17755204e-09  4.17755204e-09  3.98214849e-09  3.98214849e-09  3.98214849e-09  3.98214849e-09  1.57324060e-09  1.57324060e-09  8.57838418e-10  8.57838418e-10  8.57838418e-10  8.50024983e-10  8.50024983e-10  8.50024983e-10  8.57838418e-10  8.57838418e-10  8.57838418e-10  8.50024983e-10  8.50024983e-10  8.50024983e-10  3.00895605e-10  3.00895605e-10  3.00895605e-10  3.00895605e-10  1.25107330e-09  1.25107330e-09  4.26760179e-09  4.26760179e-09  4.26760179e-09  4.08826714e-09  4.08826714e-09  4.08826714e-09  4.26760179e-09  4.26760179e-09  4.26760179e-09  4.08826714e-09  4.08826714e-09  4.08826714e-09  3.96476395e-09  3.96476395e-09  3.96476395e-09  3.96476395e-09  9.53191900e-10  9.53191900e-10 
 2.29086765e+06  4.23083108e-09  4.23083108e-09  4.23083108e-09  4.05744791e-09  4.05744791e-09  4.05744791e-09  4.23083108e-09  4.23083108e-09  4.23083108e-09  4.05744791e-09  4.05744791e-09  4.05744791e-09  3.86947108e-09  3.86947108e-09  3.86947108e-09  3.86947108e-09  1.53628992e-09  1.53628992e-09  8.25706401e-10  8.25706401e-10  8.25706401e-10  8.17965448e-10  8.17965448e-10  8.17965448e-10  8.25706401e-10  8.25706401e-10  8.25706401e-10  8.17965448e-10  8.17965448e-10  8.17965448e-10  2.89053478e-10  2.89053478e-10  2.89053478e-10  2.89053478e-10  1.21732714e-09  1.21732714e-09  4.14766859e-09  4.14766859e-09  4.14766859e-09  3.97230453e-09  3.97230453e-09  3.97230453e-09  4.14766859e-09  4.14766859e-09  4.14766859e-09  3.97230453e-09  3.97230453e-09  3.97230453e-09  3.85282862e-09  3.85282862e-09  3.85282862e-09  3.85282862e-09  9.36493772e-10  9.36493772e-10 
 2.34422882e+06  4.11069204e-09  4.11069204e-09  4.11069204e-09  3.94102431e-09  3.94102431e-09  3.94102431e-09  4.11069204e-09  4.11069204e-09  4.11069204e-09  3.94102431e-09  3.94102431e-09  3.94102431e-09  3.76020129e-09  3.76020129e-09  3.76020129e-09  3.76020129e-09  1.50003034e-09  1.50003034e-09  7.94828080e-10  7.94828080e-10  7.94828080e-10  7.87154770e-10  7.87154770e-10  7.87154770e-10  7.94828080e-10  7.94828080e-10  7.94828080e-10  7.87154770e-10  7.87154770e-10  7.87154770e-10  2.77693203e-10  2.77693203e-10  2.77693203e-10  2.77693203e-10  1.18429992e-09  1.18429992e-09  4.03136015e-09  4.03136015e-09  4.03136015e-09  3.85982583e-09  3.85982583e-09  3.85982583e-09  4.03136015e-09  4.03136015e-09  4.03136015e-09  3.85982583e-09  3.85982583e-09  3.85982583e-09  3.74426640e-09  3.74426640e-09  3.74426640e-09  3.74426640e-09  9.19939543e-10  9.19939543e-10 
 2.39883292e+06  3.99427139e-09  3.99427139e-09  3.99427139e-09  3.82818655e-09  3.82818655e-09  3.82818655e-09  3.99427139e-09  3.99427139e-09  3.99427139e-09  3.82818655e-09  3.82818655e-09  3.82818655e-09  3.65425484e-09  3.65425484e-09  3.65425484e-09  3.65425484e-09  1.46446693e-09  1.46446693e-09  7.65158117e-10  7.65158117e-10  7.65158117e-10  7.57547741e-10  7.57547741e-10  7.57547741e-10  7.65158117e-10  7.65158117e-10  7.65158117e-10  7.57547741e-10  7.57547741e-10  7.57547741e-10  2.66796373e-10  2.66796373e-10  2.66796373e-10  2.66796373e-10  1.15199259e-09  1.15199259e-09  3.91858784e-09  3.91858784e-09  3.91858784e-09  3.75074539e-09  3.75074539e-09  3.75074539e-09  3.91858784e-09  3.91858784e-09  3.91858784e-09  3.75074539e-09  3.75074539e-09  3.75074539e-09  3.63899461e-09  3.63899461e-09  3.63899461e-09  3.63899461e-09  9.03539769e-10  9.03539769e-10 
 2.45470892e+06  3.88147104e-09  3.88147104e-09  3.88147104e-09  3.71883934e-09  3.71883934e-09  3.71883934e-09  3.88147104e-09  3.88147104e-09  3.88147104e-09  3.71883934e-09  3.71883934e-09  3.71883934e-09  3.55154656e-09  3.55154656e-09  3.55154656e-09  3.55154656e-09  1.42960325e-09  1.42960325e-09  7.36652130e-10  7.36652130e-10  7.36652130e-10  7.29100112e-10  7.29100112e-10  7.29100112e-10  7.36652130e-10  7.36652130e-10  7.36652130e-10  7.29100112e-10  7.29100112e-10  7.29100112e-10  2.56345044e-10  2.56345044e-10  2.56345044e-10  2.56345044e-10  1.12040475e-09  1.12040475e-09  3.80926202e-09  3.80926202e-09  3.80926202e-09  3.64497657e-09  3.64497657e-09  3.64497657e-09  3.80926202e-09  3.80926202e-09  3.80926202e-09  3.64497657e-09  3.64497657e-09  3.64497657e-09  3.53692961e-09  3.53692961e-09  3.53692961e-09  3.53692961e-09  8.87304184e-10  8.87304184e-10 
 2.51188643e+06  3.77219261e-09  3.77219261e-09  3.77219261e-09  3.61288707e-09  3.61288707e-09  3.61288707e-09  3.77219261e-09  3.77219261e-09  3.77219261e-09  3.61288707e-09  3.61288707e-09  3.61288707e-09  3.45199071e-09  3.45199071e-09  3.45199071e-09  3.45199071e-09  1.39544146e-09  1.39544146e-09  7.09266758e-10  7.09266758e-10  7.09266758e-10  7.01768647e-10  7.01768647e-10  7.01768647e-10  7.09266758e-10  7.09266758e-10  7.09266758e-10  7.01768647e-10  7.01768647e-10  7.01768647e-10  2.46321748e-10  2.46321748e-10  2.46321748e-10  2.46321748e-10  1.08953474e-09  1.08953474e-09  3.70329239e-09  3.70329239e-09  3.70329239e-09  3.54243213e-09  3.54243213e-09  3.54243213e-09  3.70329239e-09  3.70329239e-09  3.70329239e-09  3.54243213e-09  3.54243213e-09  3.54243213e-09  3.43798715e-09  3.43798715e-09  3.43798715e-09  3.43798715e-09  8.71241735e-10  8.71241735e-10 
 2.57039578e+06  3.66633772e-09  3.66633772e-09  3.66633772e-09  3.51023421e-09  3.51023421e-09  3.51023421e-09  3.66633772e-09  3.66633772e-09  3.66633772e-09  3.51023421e-09  3.51023421e-09  3.51023421e-09  3.35550140e-09  3.35550140e-09  3.35550140e-09  3.35550140e-09  1.36198234e-09  1.36198234e-09  6.82959704e-10  6.82959704e-10  6.82959704e-10  6.75511178e-10  6.75511178e-10  6.75511178e-10  6.82959704e-10  6.82959704e-10  6.82959704e-10  6.75511178e-10  6.75511178e-10  6.75511178e-10  2.36709509e-10  2.36709509e-10  2.36709509e-10  2.36709509e-10  1.05937972e-09  1.05937972e-09  3.60058839e-09  3.60058839e-09  3.60058839e-09  3.44302452e-09  3.44302452e-09  3.44302452e-09  3.60058839e-09  3.60058839e-09  3.60058839e-09  3.44302452e-09  3.44302452e-09  3.44302452e-09  3.34208272e-09  3.34208272e-09  3.34208272e-09  3.34208272e-09  8.55360604e-10  8.55360604e-10 
 2.63026799e+06  3.56380837e-09  3.56380837e-09  3.56380837e-09  3.41078557e-09  3.41078557e-09  3.41078557e-09  3.56380837e-09  3.56380837e-09  3.56380837e-09  3.41078557e-09  3.41078557e-09  3.41078557e-09  3.26199277e-09  3.26199277e-09  3.26199277e-09  3.26199277e-09  1.32922549e-09  1.32922549e-09  6.57689776e-10  6.57689776e-10  6.57689776e-10  6.50286638e-10  6.50286638e-10  6.50286638e-10  6.57689776e-10  6.57689776e-10  6.57689776e-10  6.50286638e-10  6.50286638e-10  6.50286638e-10  2.27491851e-10  2.27491851e-10  2.27491851e-10  2.27491851e-10  1.02993576e-09  1.02993576e-09  3.50105947e-09  3.50105947e-09  3.50105947e-09  3.34666627e-09  3.34666627e-09  3.34666627e-09  3.50105947e-09  3.50105947e-09  3.50105947e-09  3.34666627e-09  3.34666627e-09  3.34666627e-09  3.24913185e-09  3.24913185e-09  3.24913185e-09  3.24913185e-09  8.39668242e-10  8.39668242e-10 
 2.69153480e+06  3.46450718e-09  3.46450718e-09  3.46450718e-09  3.31444661e-09  3.31444661e-09  3.31444661e-09  3.46450718e-09  3.46450718e-09  3.46450718e-09  3.31444661e-09  3.31444661e-09  3.31444661e-09  3.17137938e-09  3.17137938e-09  3.17137938e-09  3.17137938e-09  1.29716930e-09  1.29716930e-09  6.33416924e-10  6.33416924e-10  6.33416924e-10  6.26055099e-10  6.26055099e-10  6.26055099e-10  6.33416924e-10  6.33416924e-10  6.33416924e-10  6.26055099e-10  6.26055099e-10  6.26055099e-10  2.18652808e-10  2.18652808e-10  2.18652808e-10  2.18652808e-10  1.00119795e-09  1.00119795e-09  3.40461540e-09  3.40461540e-09  3.40461540e-09  3.25327019e-09  3.25327019e-09  3.25327019e-09  3.40461540e-09  3.40461540e-09  3.40461540e-09  3.25327019e-09  3.25327019e-09  3.25327019e-09  3.15905036e-09  3.15905036e-09  3.15905036e-09  3.15905036e-09  8.24171400e-10  8.24171400e-10 
 2.75422870e+06  3.36833767e-09  3.36833767e-09  3.36833767e-09  3.22112366e-09  3.22112366e-09  3.22112366e-09  3.36833767e-09  3.36833767e-09  3.36833767e-09  3.22112366e-09  3.22112366e-09  3.22112366e-09  3.08357635e-09  3.08357635e-09  3.08357635e-09  3.08357635e-09  1.26581113e-09  1.26581113e-09  6.10102257e-10  6.10102257e-10  6.10102257e-10  6.02777791e-10  6.02777791e-10  6.02777791e-10  6.10102257e-10  6.10102257e-10  6.10102257e-10  6.02777791e-10  6.02777791e-10  6.02777791e-10  2.10176924e-10  2.10176924e-10  2.10176924e-10  2.10176924e-10  9.73160440e-10  9.73160440e-10  3.31116657e-09  3.31116657e-09  3.31116657e-09  3.16274967e-09  3.16274967e-09  3.16274967e-09  3.31116657e-09  3.31116657e-09  3.31116657e-09  3.16274967e-09  3.16274967e-09  3.16274967e-09  3.07175464e-09  3.07175464e-09  3.07175464e-09  3.07175464e-09  8.08876158e-10  8.08876158e-10 
 2.81838293e+06  3.27520446e-09  3.27520446e-09  3.27520446e-09  3.13072418e-09  3.13072418e-09  3.13072418e-09  3.27520446e-09  3.27520446e-09  3.27520446e-09  3.13072418e-09  3.13072418e-09  3.13072418e-09  2.99849966e-09  2.99849966e-09  2.99849966e-09  2.99849966e-09  1.23514734e-09  1.23514734e-09  5.87708062e-10  5.87708062e-10  5.87708062e-10  5.80417120e-10  5.80417120e-10  5.80417120e-10  5.87708062e-10  5.87708062e-10  5.87708062e-10  5.80417120e-10  5.80417120e-10  5.80417120e-10  2.02049258e-10  2.02049258e-10  2.02049258e-10  2.02049258e-10  9.45816566e-10  9.45816566e-10  3.22062415e-09  3.22062415e-09  3.22062415e-09  3.07501891e-09  3.07501891e-09  3.07501891e-09  3.22062415e-09  3.22062415e-09  3.22062415e-09  3.07501891e-09  3.07501891e-09  3.07501891e-09  2.98716183e-09  2.98716183e-09  2.98716183e-09  2.98716183e-09  7.93787955e-10  7.93787955e-10 
 2.88403150e+06  3.18501352e-09  3.18501352e-09  3.18501352e-09  3.04315690e-09  3.04315690e-09  3.04315690e-09  3.18501352e-09  3.18501352e-09  3.18501352e-09  3.04315690e-09  3.04315690e-09  3.04315690e-09  2.91606628e-09  2.91606628e-09  2.91606628e-09  2.91606628e-09  1.20517340e-09  1.20517340e-09  5.66197814e-10  5.66197814e-10  5.66197814e-10  5.58936679e-10  5.58936679e-10  5.58936679e-10  5.66197814e-10  5.66197814e-10  5.66197814e-10  5.58936679e-10  5.58936679e-10  5.58936679e-10  1.94255380e-10  1.94255380e-10  1.94255380e-10  1.94255380e-10  9.19158898e-10  9.19158898e-10  3.13290038e-09  3.13290038e-09  3.13290038e-09  2.98999310e-09  2.98999310e-09  2.98999310e-09  3.13290038e-09  3.13290038e-09  3.13290038e-09  2.98999310e-09  2.98999310e-09  2.98999310e-09  2.90519004e-09  2.90519004e-09  2.90519004e-09  2.90519004e-09  7.78911622e-10  7.78911622e-10 
 2.95120923e+06  3.09767231e-09  3.09767231e-09  3.09767231e-09  2.95833203e-09  2.95833203e-09  2.95833203e-09  3.09767231e-09  3.09767231e-09  3.09767231e-09  2.95833203e-09  2.95833203e-09  2.95833203e-09  2.83619441e-09  2.83619441e-09  2.83619441e-09  2.83619441e-09  1.17588395e-09  1.17588395e-09  5.45536180e-10  5.45536180e-10  5.45536180e-10  5.38301248e-10  5.38301248e-10  5.38301248e-10  5.45536180e-10  5.45536180e-10  5.45536180e-10  5.38301248e-10  5.38301248e-10  5.38301248e-10  1.86781371e-10  1.86781371e-10  1.86781371e-10  1.86781371e-10  8.93179324e-10  8.93179324e-10  3.04790871e-09  3.04790871e-09  3.04790871e-09  2.90758864e-09  2.90758864e-09  2.90758864e-09  3.04790871e-09  3.04790871e-09  3.04790871e-09  2.90758864e-09  2.90758864e-09  2.90758864e-09  2.82575855e-09  2.82575855e-09  2.82575855e-09  2.82575855e-09  7.64251412e-10  7.64251412e-10 
 3.01995172e+06  3.01308995e-09  3.01308995e-09  3.01308995e-09  2.87616143e-09  2.87616143e-09  2.87616143e-09  3.01308995e-09  3.01308995e-09  3.01308995e-09  2.87616143e-09  2.87616143e-09  2.87616143e-09  2.75880357e-09  2.75880357e-09  2.75880357e-09  2.75880357e-09  1.14727287e-09  1.14727287e-09  5.25689016e-10  5.25689016e-10  5.25689016e-10  5.18476794e-10  5.18476794e-10  5.18476794e-10  5.25689016e-10  5.25689016e-10  5.25689016e-10  5.18476794e-10  5.18476794e-10  5.18476794e-10  1.79613817e-10  1.79613817e-10  1.79613817e-10  1.79613817e-10  8.67869118e-10  8.67869118e-10  2.96556399e-09  2.96556399e-09  2.96556399e-09  2.82772323e-09  2.82772323e-09  2.82772323e-09  2.96556399e-09  2.96556399e-09  2.96556399e-09  2.82772323e-09  2.82772323e-09  2.82772323e-09  2.74878791e-09  2.74878791e-09  2.74878791e-09  2.74878791e-09  7.49811027e-10  7.49811027e-10 
 3.09029543e+06  2.93117736e-09  2.93117736e-09  2.93117736e-09  2.79655867e-09  2.79655867e-09  2.79655867e-09  2.93117736e-09  2.93117736e-09  2.93117736e-09  2.79655867e-09  2.79655867e-09  2.79655867e-09  2.68381476e-09  2.68381476e-09  2.68381476e-09  2.68381476e-09  1.11933335e-09  1.11933335e-09  5.06623360e-10  5.06623360e-10  5.06623360e-10  4.99430469e-10  4.99430469e-10  4.99430469e-10  5.06623360e-10  5.06623360e-10  5.06623360e-10  4.99430469e-10  4.99430469e-10  4.99430469e-10  1.72739800e-10  1.72739800e-10  1.72739800e-10  1.72739800e-10  8.43219003e-10  8.43219003e-10  2.88578258e-09  2.88578258e-09  2.88578258e-09  2.75031609e-09  2.75031609e-09  2.75031609e-09  2.88578258e-09  2.88578258e-09  2.88578258e-09  2.75031609e-09  2.75031609e-09  2.75031609e-09  2.67420011e-09  2.67420011e-09  2.67420011e-09  2.67420011e-09  7.35593653e-10  7.35593653e-10 
 3.16227766e+06  2.85184735e-09  2.85184735e-09  2.85184735e-09  2.71943921e-09  2.71943921e-09  2.71943921e-09  2.85184735e-09  2.85184735e-09  2.85184735e-09  2.71943921e-09  2.71943921e-09  2.71943921e-09  2.61115058e-09  2.61115058e-09  2.61115058e-09  2.61115058e-09  1.09205799e-09  1.09205799e-09  4.88307424e-10  4.88307424e-10  4.88307424e-10  4.81130590e-10  4.81130590e-10  4.81130590e-10  4.88307424e-10  4.88307424e-10  4.88307424e-10  4.81130590e-10  4.81130590e-10  4.81130590e-10  1.66146894e-10  1.66146894e-10  1.66146894e-10  1.66146894e-10  8.19219214e-10  8.19219214e-10  2.80848251e-09  2.80848251e-09  2.80848251e-09  2.67528803e-09  2.67528803e-09  2.67528803e-09  2.80848251e-09  2.80848251e-09  2.80848251e-09  2.67528803e-09  2.67528803e-09  2.67528803e-09  2.60191867e-09  2.60191867e-09  2.60191867e-09  2.60191867e-09  7.21601983e-10  7.21601983e-10 
 3.23593657e+06  2.77501475e-09  2.77501475e-09  2.77501475e-09  2.64472045e-09  2.64472045e-09  2.64472045e-09  2.77501475e-09  2.77501475e-09  2.77501475e-09  2.64472045e-09  2.64472045e-09  2.64472045e-09  2.54073531e-09  2.54073531e-09  2.54073531e-09  2.54073531e-09  1.06543880e-09  1.06543880e-09  4.70710576e-10  4.70710576e-10  4.70710576e-10  4.63546634e-10  4.63546634e-10  4.63546634e-10  4.70710576e-10  4.70710576e-10  4.70710576e-10  4.63546634e-10  4.63546634e-10  4.63546634e-10  1.59823155e-10  1.59823155e-10  1.59823155e-10  1.59823155e-10  7.95859562e-10  7.95859561e-10  2.73358355e-09  2.73358355e-09  2.73358355e-09  2.60256154e-09  2.60256154e-09  2.60256154e-09  2.73358355e-09  2.73358355e-09  2.73358355e-09  2.60256154e-09  2.60256154e-09  2.60256154e-09  2.53186877e-09  2.53186877e-09  2.53186877e-09  2.53186877e-09  7.07838249e-10  7.07838249e-10 
 3.31131121e+06  2.70059644e-09  2.70059644e-09  2.70059644e-09  2.57232180e-09  2.57232180e-09  2.57232180e-09  2.70059644e-09  2.70059644e-09  2.70059644e-09  2.57232180e-09  2.57232180e-09  2.57232180e-09  2.47249498e-09  2.47249498e-09  2.47249498e-09  2.47249498e-09  1.03946732e-09  1.03946732e-09  4.53803323e-10  4.53803323e-10  4.53803323e-10  4.46649212e-10  4.46649212e-10  4.46649212e-10  4.53803323e-10  4.53803323e-10  4.53803323e-10  4.46649212e-10  4.46649212e-10  4.46649212e-10  1.53757110e-10  1.53757110e-10  1.53757110e-10  1.53757110e-10  7.73129479e-10  7.73129479e-10  2.66100732e-09  2.66100732e-09  2.66100732e-09  2.53206091e-09  2.53206091e-09  2.53206091e-09  2.66100732e-09  2.66100732e-09  2.66100732e-09  2.53206091e-09  2.53206091e-09  2.53206091e-09  2.46397728e-09  2.46397728e-09  2.46397728e-09  2.46397728e-09  6.94304246e-10  6.94304246e-10 
 3.38844156e+06  2.62851144e-09  2.62851144e-09  2.62851144e-09  2.50216476e-09  2.50216476e-09  2.50216476e-09  2.62851144e-09  2.62851144e-09  2.62851144e-09  2.50216476e-09  2.50216476e-09  2.50216476e-09  2.40635745e-09  2.40635745e-09  2.40635745e-09  2.40635745e-09  1.01413464e-09  1.01413464e-09  4.37557294e-10  4.37557294e-10  4.37557294e-10  4.30410055e-10  4.30410055e-10  4.30410055e-10  4.37557294e-10  4.37557294e-10  4.37557294e-10  4.30410055e-10  4.30410055e-10  4.30410055e-10  1.47937746e-10  1.47937746e-10  1.47937746e-10  1.47937746e-10  7.51018079e-10  7.51018079e-10  2.59067733e-09  2.59067733e-09  2.59067733e-09  2.46371226e-09  2.46371226e-09  2.46371226e-09  2.59067733e-09  2.59067733e-09  2.59067733e-09  2.46371226e-09  2.46371226e-09  2.46371226e-09  2.39817288e-09  2.39817288e-09  2.39817288e-09  2.39817288e-09  6.81001362e-10  6.81001361e-10 
 3.46736850e+06  2.55868098e-09  2.55868098e-09  2.55868098e-09  2.43417297e-09  2.43417297e-09  2.43417297e-09  2.55868098e-09  2.55868098e-09  2.55868098e-09  2.43417297e-09  2.43417297e-09  2.43417297e-09  2.34225246e-09  2.34225246e-09  2.34225246e-09  2.34225246e-09  9.89431447e-10  9.89431447e-10  4.21945211e-10  4.21945211e-10  4.21945211e-10  4.14801987e-10  4.14801987e-10  4.14801987e-10  4.21945211e-10  4.21945211e-10  4.21945211e-10  4.14801987e-10  4.14801987e-10  4.14801987e-10  1.42354497e-10  1.42354497e-10  1.42354497e-10  1.42354497e-10  7.29514202e-10  7.29514202e-10  2.52251908e-09  2.52251908e-09  2.52251908e-09  2.39744363e-09  2.39744363e-09  2.39744363e-09  2.52251908e-09  2.52251908e-09  2.52251908e-09  2.39744363e-09  2.39744363e-09  2.39744363e-09  2.33438606e-09  2.33438606e-09  2.33438606e-09  2.33438606e-09  6.67930599e-10  6.67930599e-10 
 3.54813389e+06  2.49102845e-09  2.49102845e-09  2.49102845e-09  2.36827220e-09  2.36827220e-09  2.36827220e-09  2.49102845e-09  2.49102845e-09  2.49102845e-09  2.36827220e-09  2.36827220e-09  2.36827220e-09  2.28011165e-09  2.28011165e-09  2.28011165e-09  2.28011165e-09  9.65348117e-10  9.65348117e-10  4.06940868e-10  4.06940868e-10  4.06940868e-10  3.99798901e-10  3.99798901e-10  3.99798901e-10  4.06940868e-10  4.06940868e-10  4.06940868e-10  3.99798901e-10  3.99798901e-10  3.99798901e-10  1.36997236e-10  1.36997236e-10  1.36997236e-10  1.36997236e-10  7.08606458e-10  7.08606458e-10  2.45646004e-09  2.45646004e-09  2.45646004e-09  2.33318498e-09  2.33318498e-09  2.33318498e-09  2.45646004e-09  2.45646004e-09  2.45646004e-09  2.33318498e-09  2.33318498e-09  2.33318498e-09  2.27254921e-09  2.27254921e-09  2.27254921e-09  2.27254921e-09  6.55092601e-10  6.55092601e-10 
 3.63078055e+06  2.42547950e-09  2.42547950e-09  2.42547950e-09  2.30439041e-09  2.30439041e-09  2.30439041e-09  2.42547950e-09  2.42547950e-09  2.42547950e-09  2.30439041e-09  2.30439041e-09  2.30439041e-09  2.21986859e-09  2.21986859e-09  2.21986859e-09  2.21986859e-09  9.41874715e-10  9.41874715e-10  3.92519101e-10  3.92519101e-10  3.92519101e-10  3.85375732e-10  3.85375732e-10  3.85375732e-10  3.92519101e-10  3.92519101e-10  3.92519101e-10  3.85375732e-10  3.85375732e-10  3.85375732e-10  1.31856258e-10  1.31856258e-10  1.31856258e-10  1.31856258e-10  6.88283271e-10  6.88283271e-10  2.39242974e-09  2.39242974e-09  2.39242974e-09  2.27086826e-09  2.27086826e-09  2.27086826e-09  2.39242974e-09  2.39242974e-09  2.39242974e-09  2.27086826e-09  2.27086826e-09  2.27086826e-09  2.21259658e-09  2.21259658e-09  2.21259658e-09  2.21259658e-09  6.42487677e-10  6.42487677e-10 
 3.71535229e+06  2.36196202e-09  2.36196202e-09  2.36196202e-09  2.24245773e-09  2.24245773e-09  2.24245773e-09  2.36196202e-09  2.36196202e-09  2.36196202e-09  2.24245773e-09  2.24245773e-09  2.24245773e-09  2.16145882e-09  2.16145882e-09  2.16145882e-09  2.16145882e-09  9.19001058e-10  9.19001058e-10  3.78655763e-10  3.78655763e-10  3.78655763e-10  3.71508431e-10  3.71508431e-10  3.71508431e-10  3.78655763e-10  3.78655763e-10  3.78655763e-10  3.71508431e-10  3.71508431e-10  3.71508431e-10  1.26922268e-10  1.26922268e-10  1.26922268e-10  1.26922268e-10  6.68532917e-10  6.68532917e-10  2.33035974e-09  2.33035974e-09  2.33035974e-09  2.21042738e-09  2.21042738e-09  2.21042738e-09  2.33035974e-09  2.33035974e-09  2.33035974e-09  2.21042738e-09  2.21042738e-09  2.21042738e-09  2.15446437e-09  2.15446437e-09  2.15446437e-09  2.15446437e-09  6.30115821e-10  6.30115821e-10 
 3.80189396e+06  2.30040613e-09  2.30040613e-09  2.30040613e-09  2.18240647e-09  2.18240647e-09  2.18240647e-09  2.30040613e-09  2.30040613e-09  2.30040613e-09  2.18240647e-09  2.18240647e-09  2.18240647e-09  2.10481980e-09  2.10481980e-09  2.10481980e-09  2.10481980e-09  8.96716754e-10  8.96716754e-10  3.65327693e-10  3.65327693e-10  3.65327693e-10  3.58173932e-10  3.58173932e-10  3.58173932e-10  3.65327693e-10  3.65327693e-10  3.65327693e-10  3.58173932e-10  3.58173932e-10  3.58173932e-10  1.22186370e-10  1.22186370e-10  1.22186370e-10  1.22186370e-10  6.49343558e-10  6.49343558e-10  2.27018365e-09  2.27018365e-09  2.27018365e-09  2.15179826e-09  2.15179826e-09  2.15179826e-09  2.27018365e-09  2.27018365e-09  2.27018365e-09  2.15179826e-09  2.15179826e-09  2.15179826e-09  2.09809068e-09  2.09809068e-09  2.09809068e-09  2.09809068e-09  6.17976734e-10  6.17976734e-10 
 3.89045145e+06  2.24074417e-09  2.24074417e-09  2.24074417e-09  2.12417112e-09  2.12417112e-09  2.12417112e-09  2.24074417e-09  2.24074417e-09  2.24074417e-09  2.12417112e-09  2.12417112e-09  2.12417112e-09  2.04989097e-09  2.04989097e-09  2.04989097e-09  2.04989097e-09  8.75011237e-10  8.75011237e-10  3.52512686e-10  3.52512686e-10  3.52512686e-10  3.45350125e-10  3.45350125e-10  3.45350125e-10  3.52512686e-10  3.52512686e-10  3.52512686e-10  3.45350125e-10  3.45350125e-10  3.45350125e-10  1.17640049e-10  1.17640049e-10  1.17640049e-10  1.17640049e-10  6.30703280e-10  6.30703280e-10  2.21183714e-09  2.21183714e-09  2.21183714e-09  2.09491880e-09  2.09491880e-09  2.09491880e-09  2.21183714e-09  2.21183714e-09  2.21183714e-09  2.09491880e-09  2.09491880e-09  2.09491880e-09  2.04341552e-09  2.04341552e-09  2.04341552e-09  2.04341552e-09  6.06069847e-10  6.06069847e-10 
 3.98107171e+06  2.18291069e-09  2.18291069e-09  2.18291069e-09  2.06768832e-09  2.06768832e-09  2.06768832e-09  2.18291069e-09  2.18291069e-09  2.18291069e-09  2.06768832e-09  2.06768832e-09  2.06768832e-09  1.99661369e-09  1.99661369e-09  1.99661369e-09  1.99661369e-09  8.53873800e-10  8.53873800e-10  3.40189461e-10  3.40189461e-10  3.40189461e-10  3.33015824e-10  3.33015824e-10  3.33015824e-10  3.40189461e-10  3.40189461e-10  3.40189461e-10  3.33015824e-10  3.33015824e-10  3.33015824e-10  1.13275162e-10  1.13275162e-10  1.13275162e-10  1.13275162e-10  6.12600117e-10  6.12600117e-10  2.15525793e-09  2.15525793e-09  2.15525793e-09  2.03972889e-09  2.03972889e-09  2.03972889e-09  2.15525793e-09  2.15525793e-09  2.15525793e-09  2.03972889e-09  2.03972889e-09  2.03972889e-09  1.99038084e-09  1.99038084e-09  1.99038084e-09  1.99038084e-09  5.94394338e-10  5.94394338e-10 
 4.07380278e+06  2.12684243e-09  2.12684243e-09  2.12684243e-09  2.01289683e-09  2.01289683e-09  2.01289683e-09  2.12684243e-09  2.12684243e-09  2.12684243e-09  2.01289683e-09  2.01289683e-09  2.01289683e-09  1.94493125e-09  1.94493125e-09  1.94493125e-09  1.94493125e-09  8.33293628e-10  8.33293628e-10  3.28337634e-10  3.28337634e-10  3.28337634e-10  3.21150738e-10  3.21150738e-10  3.21150738e-10  3.28337634e-10  3.28337634e-10  3.28337634e-10  3.21150738e-10  3.21150738e-10  3.21150738e-10  1.09083921e-10  1.09083921e-10  1.09083921e-10  1.09083921e-10  5.95022084e-10  5.95022084e-10  2.10038574e-09  2.10038574e-09  2.10038574e-09  1.98617038e-09  1.98617038e-09  1.98617038e-09  2.10038574e-09  2.10038574e-09  2.10038574e-09  1.98617038e-09  1.98617038e-09  1.98617038e-09  1.93893045e-09  1.93893045e-09  1.93893045e-09  1.93893045e-09  5.82949149e-10  5.82949149e-10 
 4.16869383e+06  2.07247826e-09  2.07247826e-09  2.07247826e-09  1.95973750e-09  1.95973750e-09  1.95973750e-09  2.07247826e-09  2.07247826e-09  2.07247826e-09  1.95973750e-09  1.95973750e-09  1.95973750e-09  1.89478884e-09  1.89478884e-09  1.89478884e-09  1.89478884e-09  8.13259827e-10  8.13259827e-10  3.16937683e-10  3.16937683e-10  3.16937683e-10  3.09735436e-10  3.09735436e-10  3.09735436e-10  3.16937683e-10  3.16937683e-10  3.16937683e-10  3.09735436e-10  3.09735436e-10  3.09735436e-10  1.05058883e-10  1.05058883e-10  1.05058883e-10  1.05058883e-10  5.77957200e-10  5.77957200e-10  2.04716230e-09  2.04716230e-09  2.04716230e-09  1.93418705e-09  1.93418705e-09  1.93418705e-09  2.04716230e-09  2.04716230e-09  2.04716230e-09  1.93418705e-09  1.93418705e-09  1.93418705e-09  1.88901005e-09  1.88901005e-09  1.88901005e-09  1.88901005e-09  5.71733009e-10  5.71733009e-10 
 4.26579519e+06  2.01975918e-09  2.01975918e-09  2.01975918e-09  1.90815328e-09  1.90815328e-09  1.90815328e-09  2.01975918e-09  2.01975918e-09  2.01975918e-09  1.90815328e-09  1.90815328e-09  1.90815328e-09  1.84613351e-09  1.84613351e-09  1.84613351e-09  1.84613351e-09  7.93761451e-10  7.93761451e-10  3.05970918e-10  3.05970918e-10  3.05970918e-10  2.98751323e-10  2.98751323e-10  2.98751323e-10  3.05970918e-10  3.05970918e-10  3.05970918e-10  2.98751323e-10  2.98751323e-10  2.98751323e-10  1.01192933e-10  1.01192933e-10  1.01192933e-10  1.01192933e-10  5.61393512e-10  5.61393512e-10  1.99553131e-09  1.99553131e-09  1.99553131e-09  1.88372462e-09  1.88372462e-09  1.88372462e-09  1.99553131e-09  1.99553131e-09  1.99553131e-09  1.88372462e-09  1.88372462e-09  1.88372462e-09  1.84056718e-09  1.84056718e-09  1.84056718e-09  1.84056718e-09  5.60744442e-10  5.60744442e-10 
 4.36515832e+06  1.96862826e-09  1.96862826e-09  1.96862826e-09  1.85808909e-09  1.85808909e-09  1.85808909e-09  1.96862826e-09  1.96862826e-09  1.96862826e-09  1.85808909e-09  1.85808909e-09  1.85808909e-09  1.79891414e-09  1.79891414e-09  1.79891414e-09  1.79891414e-09  7.74787525e-10  7.74787525e-10  2.95419449e-10  2.95419449e-10  2.95419449e-10  2.88180602e-10  2.88180602e-10  2.88180602e-10  2.95419449e-10  2.95419449e-10  2.95419449e-10  2.88180602e-10  2.88180602e-10  2.88180602e-10  9.74792736e-11  9.74792736e-11  9.74792736e-11  9.74792736e-11  5.45319117e-10  5.45319117e-10  1.94543839e-09  1.94543839e-09  1.94543839e-09  1.83473067e-09  1.83473067e-09  1.83473067e-09  1.94543839e-09  1.94543839e-09  1.94543839e-09  1.83473067e-09  1.83473067e-09  1.83473067e-09  1.79355118e-09  1.79355118e-09  1.79355118e-09  1.79355118e-09  5.49981791e-10  5.49981791e-10 
 4.46683592e+06  1.91903056e-09  1.91903056e-09  1.91903056e-09  1.80949188e-09  1.80949188e-09  1.80949188e-09  1.91903056e-09  1.91903056e-09  1.91903056e-09  1.80949188e-09  1.80949188e-09  1.80949188e-09  1.75308144e-09  1.75308144e-09  1.75308144e-09  1.75308144e-09  7.56327067e-10  7.56327067e-10  2.85266161e-10  2.85266161e-10  2.85266161e-10  2.78006248e-10  2.78006248e-10  2.78006248e-10  2.85266161e-10  2.85266161e-10  2.85266161e-10  2.78006248e-10  2.78006248e-10  2.78006248e-10  9.39114115e-11  9.39114115e-11  9.39114115e-11  9.39114115e-11  5.29722178e-10  5.29722178e-10  1.89683107e-09  1.89683107e-09  1.89683107e-09  1.78715464e-09  1.78715464e-09  1.78715464e-09  1.89683107e-09  1.89683107e-09  1.89683107e-09  1.78715464e-09  1.78715464e-09  1.78715464e-09  1.74791319e-09  1.74791319e-09  1.74791319e-09  1.74791319e-09  5.39443226e-10  5.39443226e-10 
 4.57088190e+06  1.87091317e-09  1.87091317e-09  1.87091317e-09  1.76231051e-09  1.76231051e-09  1.76231051e-09  1.87091317e-09  1.87091317e-09  1.87091317e-09  1.76231051e-09  1.76231051e-09  1.76231051e-09  1.70858785e-09  1.70858785e-09  1.70858785e-09  1.70858785e-09  7.38369112e-10  7.38369112e-10  2.75494675e-10  2.75494675e-10  2.75494675e-10  2.68211975e-10  2.68211975e-10  2.68211975e-10  2.75494675e-10  2.75494675e-10  2.75494675e-10  2.68211975e-10  2.68211975e-10  2.68211975e-10  9.04831444e-11  9.04831444e-11  9.04831444e-11  9.04831444e-11  5.14590945e-10  5.14590945e-10  1.84965872e-09  1.84965872e-09  1.84965872e-09  1.74094776e-09  1.74094776e-09  1.74094776e-09  1.84965872e-09  1.84965872e-09  1.84965872e-09  1.74094776e-09  1.74094776e-09  1.74094776e-09  1.70360606e-09  1.70360606e-09  1.70360606e-09  1.70360606e-09  5.29126763e-10  5.29126763e-10 
 4.67735141e+06  1.82422507e-09  1.82422507e-09  1.82422507e-09  1.71649573e-09  1.71649573e-09  1.71649573e-09  1.82422507e-09  1.82422507e-09  1.82422507e-09  1.71649573e-09  1.71649573e-09  1.71649573e-09  1.66538754e-09  1.66538754e-09  1.66538754e-09  1.66538754e-09  7.20902723e-10  7.20902723e-10  2.66089324e-10  2.66089324e-10  2.66089324e-10  2.58782211e-10  2.58782211e-10  2.58782211e-10  2.66089324e-10  2.66089324e-10  2.66089324e-10  2.58782211e-10  2.58782211e-10  2.58782211e-10  8.71885489e-11  8.71885489e-11  8.71885489e-11  8.71885489e-11  4.99913770e-10  4.99913770e-10  1.80387254e-09  1.80387254e-09  1.80387254e-09  1.69606306e-09  1.69606306e-09  1.69606306e-09  1.80387254e-09  1.80387254e-09  1.80387254e-09  1.69606306e-09  1.69606306e-09  1.69606306e-09  1.66058435e-09  1.66058435e-09  1.66058435e-09  1.66058435e-09  5.19030271e-10  5.19030271e-10 
 4.78630092e+06  1.77891713e-09  1.77891713e-09  1.77891713e-09  1.67200012e-09  1.67200012e-09  1.67200012e-09  1.77891713e-09  1.77891713e-09  1.77891713e-09  1.67200012e-09  1.67200012e-09  1.67200012e-09  1.62343634e-09  1.62343634e-09  1.62343634e-09  1.62343634e-09  7.03917015e-10  7.03917015e-10  2.57035125e-10  2.57035125e-10  2.57035125e-10  2.49702065e-10  2.49702065e-10  2.49702065e-10  2.57035125e-10  2.57035125e-10  2.57035125e-10  2.49702065e-10  2.49702065e-10  2.49702065e-10  8.40219688e-11  8.40219688e-11  8.40219688e-11  8.40219688e-11  4.85679117e-10  4.85679117e-10  1.75942546e-09  1.75942546e-09  1.75942546e-09  1.65245526e-09  1.65245526e-09  1.65245526e-09  1.75942546e-09  1.75942546e-09  1.75942546e-09  1.65245526e-09  1.65245526e-09  1.65245526e-09  1.61880428e-09  1.61880428e-09  1.61880428e-09  1.61880428e-09  5.09151490e-10  5.09151490e-10 
 4.89778819e+06  1.73494201e-09  1.73494201e-09  1.73494201e-09  1.62877807e-09  1.62877807e-09  1.62877807e-09  1.73494201e-09  1.73494201e-09  1.73494201e-09  1.62877807e-09  1.62877807e-09  1.62877807e-09  1.58269174e-09  1.58269174e-09  1.58269174e-09  1.58269174e-09  6.87401167e-10  6.87401167e-10  2.48317746e-10  2.48317746e-10  2.48317746e-10  2.40957299e-10  2.40957299e-10  2.40957299e-10  2.48317746e-10  2.48317746e-10  2.48317746e-10  2.40957299e-10  2.40957299e-10  2.40957299e-10  8.09780030e-11  8.09780030e-11  8.09780030e-11  8.09780030e-11  4.71875580e-10  4.71875580e-10  1.71627214e-09  1.71627214e-09  1.71627214e-09  1.61008077e-09  1.61008077e-09  1.61008077e-09  1.71627214e-09  1.71627214e-09  1.71627214e-09  1.61008077e-09  1.61008077e-09  1.61008077e-09  1.57822367e-09  1.57822367e-09  1.57822367e-09  1.57822367e-09  4.99488037e-10  4.99488037e-10 
 5.01187234e+06  1.69225416e-09  1.69225416e-09  1.69225416e-09  1.58678566e-09  1.58678566e-09  1.58678566e-09  1.69225416e-09  1.69225416e-09  1.69225416e-09  1.58678566e-09  1.58678566e-09  1.58678566e-09  1.54311277e-09  1.54311277e-09  1.54311277e-09  1.54311277e-09  6.71344433e-10  6.71344433e-10  2.39923481e-10  2.39923481e-10  2.39923481e-10  2.32534303e-10  2.32534303e-10  2.32534303e-10  2.39923481e-10  2.39923481e-10  2.39923481e-10  2.32534303e-10  2.32534303e-10  2.32534303e-10  7.80514949e-11  7.80514949e-11  7.80514949e-11  7.80514949e-11  4.58491889e-10  4.58491889e-10  1.67436891e-09  1.67436891e-09  1.67436891e-09  1.56889762e-09  1.56889762e-09  1.56889762e-09  1.67436891e-09  1.67436891e-09  1.67436891e-09  1.56889762e-09  1.56889762e-09  1.56889762e-09  1.53880191e-09  1.53880191e-09  1.53880191e-09  1.53880191e-09  4.90037421e-10  4.90037421e-10 
 5.12861384e+06  1.65080972e-09  1.65080972e-09  1.65080972e-09  1.54598070e-09  1.54598070e-09  1.54598070e-09  1.65080972e-09  1.65080972e-09  1.65080972e-09  1.54598070e-09  1.54598070e-09  1.54598070e-09  1.50466003e-09  1.50466003e-09  1.50466003e-09  1.50466003e-09  6.55736156e-10  6.55736156e-10  2.31839224e-10  2.31839224e-10  2.31839224e-10  2.24420065e-10  2.24420065e-10  2.24420065e-10  2.31839224e-10  2.31839224e-10  2.31839224e-10  2.24420065e-10  2.24420065e-10  2.24420065e-10  7.52375207e-11  7.52375207e-11  7.52375207e-11  7.52375207e-11  4.45516923e-10  4.45516923e-10  1.63367367e-09  1.63367367e-09  1.63367367e-09  1.52886543e-09  1.52886543e-09  1.52886543e-09  1.63367367e-09  1.63367367e-09  1.63367367e-09  1.52886543e-09  1.52886543e-09  1.52886543e-09  1.50049989e-09  1.50049989e-09  1.50049989e-09  1.50049989e-09  4.80797050e-10  4.80797050e-10 
 5.24807460e+06  1.61056649e-09  1.61056649e-09  1.61056649e-09  1.50632259e-09  1.50632259e-09  1.50632259e-09  1.61056649e-09  1.61056649e-09  1.61056649e-09  1.50632259e-09  1.50632259e-09  1.50632259e-09  1.46729557e-09  1.46729557e-09  1.46729557e-09  1.46729557e-09  6.40565781e-10  6.40565781e-10  2.24052440e-10  2.24052440e-10  2.24052440e-10  2.16602150e-10  2.16602150e-10  2.16602150e-10  2.24052440e-10  2.24052440e-10  2.24052440e-10  2.16602150e-10  2.16602150e-10  2.16602150e-10  7.25313795e-11  7.25313795e-11  7.25313795e-11  7.25313795e-11  4.32939717e-10  4.32939717e-10  1.59414593e-09  1.59414593e-09  1.59414593e-09  1.48994535e-09  1.48994535e-09  1.48994535e-09  1.59414593e-09  1.59414593e-09  1.59414593e-09  1.48994535e-09  1.48994535e-09  1.48994535e-09  1.46327997e-09  1.46327997e-09  1.46327997e-09  1.46327997e-09  4.71764239e-10  4.71764239e-10 
 5.37031796e+06  1.57148384e-09  1.57148384e-09  1.57148384e-09  1.46777232e-09  1.46777232e-09  1.46777232e-09  1.57148384e-09  1.57148384e-09  1.57148384e-09  1.46777232e-09  1.46777232e-09  1.46777232e-09  1.43098289e-09  1.43098289e-09  1.43098289e-09  1.43098289e-09  6.25822856e-10  6.25822856e-10  2.16551143e-10  2.16551143e-10  2.16551143e-10  2.09068670e-10  2.09068670e-10  2.09068670e-10  2.16551143e-10  2.16551143e-10  2.16551143e-10  2.09068670e-10  2.09068670e-10  2.09068670e-10  6.99285827e-11  6.99285827e-11  6.99285827e-11  6.99285827e-11  4.20749467e-10  4.20749468e-10  1.55574666e-09  1.55574666e-09  1.55574666e-09  1.45210002e-09  1.45210002e-09  1.45210002e-09  1.55574666e-09  1.55574666e-09  1.55574666e-09  1.45210002e-09  1.45210002e-09  1.45210002e-09  1.42710595e-09  1.42710595e-09  1.42710595e-09  1.42710595e-09  4.62936222e-10  4.62936222e-10 
 5.49540874e+06  1.53352269e-09  1.53352269e-09  1.53352269e-09  1.43029238e-09  1.43029238e-09  1.43029238e-09  1.53352269e-09  1.53352269e-09  1.53352269e-09  1.43029238e-09  1.43029238e-09  1.43029238e-09  1.39568687e-09  1.39568687e-09  1.39568687e-09  1.39568687e-09  6.11497051e-10  6.11497051e-10  2.09323869e-10  2.09323869e-10  2.09323869e-10  2.01808261e-10  2.01808261e-10  2.01808261e-10  2.09323869e-10  2.09323869e-10  2.09323869e-10  2.01808261e-10  2.01808261e-10  2.01808261e-10  6.74248447e-11  6.74248447e-11  6.74248447e-11  6.74248447e-11  4.08935543e-10  4.08935543e-10  1.51843830e-09  1.51843830e-09  1.51843830e-09  1.41529351e-09  1.41529351e-09  1.41529351e-09  1.51843830e-09  1.51843830e-09  1.51843830e-09  1.41529351e-09  1.41529351e-09  1.41529351e-09  1.39194298e-09  1.39194298e-09  1.39194298e-09  1.39194298e-09  4.54310158e-10  4.54310158e-10 
 5.62341325e+06  1.49664542e-09  1.49664542e-09  1.49664542e-09  1.39384676e-09  1.39384676e-09  1.39384676e-09  1.49664542e-09  1.49664542e-09  1.49664542e-09  1.39384676e-09  1.39384676e-09  1.39384676e-09  1.36137375e-09  1.36137375e-09  1.36137375e-09  1.36137375e-09  5.97578155e-10  5.97578155e-10  2.02359654e-10  2.02359654e-10  2.02359654e-10  1.94810061e-10  1.94810061e-10  1.94810061e-10  2.02359654e-10  2.02359654e-10  2.02359654e-10  1.94810061e-10  1.94810061e-10  1.94810061e-10  6.50160728e-11  6.50160728e-11  6.50160728e-11  6.50160728e-11  3.97487485e-10  3.97487485e-10  1.48218470e-09  1.48218470e-09  1.48218470e-09  1.37949128e-09  1.37949128e-09  1.37949128e-09  1.48218470e-09  1.48218470e-09  1.48218470e-09  1.37949128e-09  1.37949128e-09  1.37949128e-09  1.35775754e-09  1.35775754e-09  1.35775754e-09  1.35775754e-09  4.45883136e-10  4.45883136e-10 
 5.75439937e+06  1.46081585e-09  1.46081585e-09  1.46081585e-09  1.35840083e-09  1.35840083e-09  1.35840083e-09  1.46081585e-09  1.46081585e-09  1.46081585e-09  1.35840083e-09  1.35840083e-09  1.35840083e-09  1.32801102e-09  1.32801102e-09  1.32801102e-09  1.32801102e-09  5.84056087e-10  5.84056088e-10  1.95648010e-10  1.95648010e-10  1.95648010e-10  1.88063687e-10  1.88063687e-10  1.88063687e-10  1.95648010e-10  1.95648010e-10  1.95648010e-10  1.88063687e-10  1.88063687e-10  1.88063687e-10  6.26983587e-11  6.26983587e-11  6.26983587e-11  6.26983587e-11  3.86395014e-10  3.86395014e-10  1.44695103e-09  1.44695103e-09  1.44695103e-09  1.34466011e-09  1.34466011e-09  1.34466011e-09  1.44695103e-09  1.44695103e-09  1.44695103e-09  1.34466011e-09  1.34466011e-09  1.34466011e-09  1.32451739e-09  1.32451739e-09  1.32451739e-09  1.32451739e-09  4.37652186e-10  4.37652186e-10 
 5.88843655e+06  1.42599914e-09  1.42599914e-09  1.42599914e-09  1.32392134e-09  1.32392134e-09  1.32392134e-09  1.42599914e-09  1.42599914e-09  1.42599914e-09  1.32392134e-09  1.32392134e-09  1.32392134e-09  1.29556745e-09  1.29556745e-09  1.29556745e-09  1.29556745e-09  5.70920903e-10  5.70920903e-10  1.89178906e-10  1.89178906e-10  1.89178906e-10  1.81559213e-10  1.81559213e-10  1.81559213e-10  1.89178906e-10  1.89178906e-10  1.89178906e-10  1.81559213e-10  1.81559213e-10  1.81559213e-10  6.04679699e-11  6.04679699e-11  6.04679699e-11  6.04679699e-11  3.75648034e-10  3.75648034e-10  1.41270378e-09  1.41270378e-09  1.41270378e-09  1.31076811e-09  1.31076811e-09  1.31076811e-09  1.41270378e-09  1.41270378e-09  1.41270378e-09  1.31076811e-09  1.31076811e-09  1.31076811e-09  1.29219150e-09  1.29219150e-09  1.29219150e-09  1.29219150e-09  4.29614280e-10  4.29614280e-10 
 6.02559586e+06  1.39216179e-09  1.39216179e-09  1.39216179e-09  1.29037636e-09  1.29037636e-09  1.29037636e-09  1.39216179e-09  1.39216179e-09  1.39216179e-09  1.29037636e-09  1.29037636e-09  1.29037636e-09  1.26401297e-09  1.26401297e-09  1.26401297e-09  1.26401297e-09  5.58162792e-10  5.58162792e-10  1.82942741e-10  1.82942741e-10  1.82942741e-10  1.75287150e-10  1.75287150e-10  1.75287150e-10  1.82942741e-10  1.82942741e-10  1.82942741e-10  1.75287150e-10  1.75287150e-10  1.75287150e-10  5.83213410e-11  5.83213410e-11  5.83213410e-11  5.83213410e-11  3.65236634e-10  3.65236634e-10  1.37941066e-09  1.37941066e-09  1.37941066e-09  1.27778462e-09  1.27778462e-09  1.27778462e-09  1.37941066e-09  1.37941066e-09  1.37941066e-09  1.27778462e-09  1.27778462e-09  1.27778462e-09  1.26075004e-09  1.26075004e-09  1.26075005e-09  1.26075005e-09  4.21766343e-10  4.21766343e-10 
 6.16595002e+06  1.35927152e-09  1.35927152e-09  1.35927152e-09  1.25773521e-09  1.25773521e-09  1.25773521e-09  1.35927152e-09  1.35927152e-09  1.35927152e-09  1.25773521e-09  1.25773521e-09  1.25773521e-09  1.23331867e-09  1.23331867e-09  1.23331867e-09  1.23331867e-09  5.45772087e-10  5.45772088e-10  1.76930332e-10  1.76930332e-10  1.76930332e-10  1.69238423e-10  1.69238423e-10  1.69238423e-10  1.76930332e-10  1.76930332e-10  1.76930332e-10  1.69238423e-10  1.69238423e-10  1.69238423e-10  5.62550660e-11  5.62550660e-11  5.62550660e-11  5.62550660e-11  3.55151090e-10  3.55151090e-10  1.34704061e-09  1.34704061e-09  1.34704061e-09  1.24568016e-09  1.24568016e-09  1.24568016e-09  1.34704061e-09  1.34704061e-09  1.34704061e-09  1.24568016e-09  1.24568016e-09  1.24568016e-09  1.23016433e-09  1.23016433e-09  1.23016433e-09  1.23016433e-09  4.14105254e-10  4.14105254e-10 
 6.30957344e+06  1.32729729e-09  1.32729729e-09  1.32729729e-09  1.22596842e-09  1.22596842e-09  1.22596842e-09  1.32729729e-09  1.32729729e-09  1.32729729e-09  1.22596842e-09  1.22596842e-09  1.22596842e-09  1.20345676e-09  1.20345676e-09  1.20345676e-09  1.20345676e-09  5.33739267e-10  5.33739267e-10  1.71132889e-10  1.71132889e-10  1.71132889e-10  1.63404357e-10  1.63404357e-10  1.63404357e-10  1.71132889e-10  1.71132889e-10  1.71132889e-10  1.63404357e-10  1.63404357e-10  1.63404357e-10  5.42658908e-11  5.42658908e-11  5.42658908e-11  5.42658908e-11  3.45381868e-10  3.45381868e-10  1.31556369e-09  1.31556369e-09  1.31556369e-09  1.21442642e-09  1.21442642e-09  1.21442642e-09  1.31556369e-09  1.31556369e-09  1.31556369e-09  1.21442642e-09  1.21442642e-09  1.21442642e-09  1.20040675e-09  1.20040675e-09  1.20040675e-09  1.20040675e-09  4.06627852e-10  4.06627852e-10 
 6.45654229e+06  1.29620920e-09  1.29620920e-09  1.29620920e-09  1.19504773e-09  1.19504773e-09  1.19504773e-09  1.29620920e-09  1.29620920e-09  1.29620920e-09  1.19504773e-09  1.19504773e-09  1.19504773e-09  1.17440050e-09  1.17440050e-09  1.17440050e-09  1.17440050e-09  5.22054954e-10  5.22054954e-10  1.65541996e-10  1.65541996e-10  1.65541996e-10  1.57776654e-10  1.57776654e-10  1.57776654e-10  1.65541996e-10  1.65541996e-10  1.65541996e-10  1.57776654e-10  1.57776654e-10  1.57776654e-10  5.23507058e-11  5.23507058e-11  5.23507058e-11  5.23507058e-11  3.35919623e-10  3.35919623e-10  1.28495105e-09  1.28495105e-09  1.28495105e-09  1.18399622e-09  1.18399622e-09  1.18399622e-09  1.28495105e-09  1.28495105e-09  1.28495105e-09  1.18399622e-09  1.18399622e-09  1.18399622e-09  1.17145074e-09  1.17145074e-09  1.17145074e-09  1.17145074e-09  3.99330942e-10  3.99330942e-10 
 6.60693448e+06  1.26597843e-09  1.26597843e-09  1.26597843e-09  1.16494595e-09  1.16494595e-09  1.16494595e-09  1.26597843e-09  1.26597843e-09  1.26597843e-09  1.16494595e-09  1.16494595e-09  1.16494595e-09  1.14612414e-09  1.14612414e-09  1.14612414e-09  1.14612414e-09  5.10709919e-10  5.10709919e-10  1.60149599e-10  1.60149599e-10  1.60149599e-10  1.52347378e-10  1.52347378e-10  1.52347378e-10  1.60149599e-10  1.60149599e-10  1.60149599e-10  1.52347378e-10  1.52347378e-10  1.52347378e-10  5.05065390e-11  5.05065390e-11  5.05065391e-11  5.05065391e-11  3.26755201e-10  3.26755201e-10  1.25517492e-09  1.25517492e-09  1.25517492e-09  1.15436343e-09  1.15436343e-09  1.15436343e-09  1.25517492e-09  1.25517492e-09  1.25517492e-09  1.15436343e-09  1.15436343e-09  1.15436343e-09  1.14327077e-09  1.14327077e-09  1.14327077e-09  1.14327077e-09  3.92211295e-10  3.92211295e-10 
 6.76082975e+06  1.23657726e-09  1.23657726e-09  1.23657726e-09  1.13563701e-09  1.13563701e-09  1.13563701e-09  1.23657726e-09  1.23657726e-09  1.23657726e-09  1.13563701e-09  1.13563701e-09  1.13563701e-09  1.11860294e-09  1.11860294e-09  1.11860294e-09  1.11860294e-09  4.99695080e-10  4.99695080e-10  1.54947983e-10  1.54947983e-10  1.54947983e-10  1.47108939e-10  1.47108939e-10  1.47108939e-10  1.54947983e-10  1.54947983e-10  1.54947983e-10  1.47108939e-10  1.47108939e-10  1.47108939e-10  4.87305496e-11  4.87305496e-11  4.87305496e-11  4.87305496e-11  3.17879638e-10  3.17879638e-10  1.22620851e-09  1.22620851e-09  1.22620851e-09  1.12550295e-09  1.12550295e-09  1.12550295e-09  1.22620851e-09  1.22620851e-09  1.22620851e-09  1.12550295e-09  1.12550295e-09  1.12550295e-09  1.11584225e-09  1.11584225e-09  1.11584225e-09  1.11584225e-09  3.85265657e-10  3.85265657e-10 
 6.91830971e+06  1.20797894e-09  1.20797894e-09  1.20797894e-09  1.10709587e-09  1.10709587e-09  1.10709587e-09  1.20797894e-09  1.20797894e-09  1.20797894e-09  1.10709587e-09  1.10709587e-09  1.10709587e-09  1.09181309e-09  1.09181309e-09  1.09181309e-09  1.09181309e-09  4.89001505e-10  4.89001505e-10  1.49929761e-10  1.49929761e-10  1.49929761e-10  1.42054074e-10  1.42054074e-10  1.42054074e-10  1.49929761e-10  1.49929761e-10  1.49929761e-10  1.42054074e-10  1.42054074e-10  1.42054074e-10  4.70200213e-11  4.70200213e-11  4.70200213e-11  4.70200213e-11  3.09284161e-10  3.09284161e-10  1.19802600e-09  1.19802600e-09  1.19802600e-09  1.09739069e-09  1.09739069e-09  1.09739069e-09  1.19802600e-09  1.19802600e-09  1.19802600e-09  1.09739069e-09  1.09739069e-09  1.09739069e-09  1.08914152e-09  1.08914152e-09  1.08914152e-09  1.08914152e-09  3.78490748e-10  3.78490748e-10 
 7.07945784e+06  1.18015770e-09  1.18015770e-09  1.18015770e-09  1.07929847e-09  1.07929847e-09  1.07929847e-09  1.18015770e-09  1.18015770e-09  1.18015770e-09  1.07929847e-09  1.07929847e-09  1.07929847e-09  1.06573165e-09  1.06573165e-09  1.06573165e-09  1.06573165e-09  4.78620412e-10  4.78620412e-10  1.45087852e-10  1.45087852e-10  1.45087852e-10  1.37175834e-10  1.37175834e-10  1.37175834e-10  1.45087852e-10  1.45087852e-10  1.45087852e-10  1.37175834e-10  1.37175834e-10  1.37175834e-10  4.53723569e-11  4.53723569e-11  4.53723569e-11  4.53723569e-11  3.00960188e-10  3.00960188e-10  1.17060250e-09  1.17060250e-09  1.17060250e-09  1.07000347e-09  1.07000347e-09  1.07000347e-09  1.17060250e-09  1.17060250e-09  1.17060250e-09  1.07000347e-09  1.07000347e-09  1.07000347e-09  1.06314581e-09  1.06314581e-09  1.06314581e-09  1.06314581e-09  3.71883267e-10  3.71883267e-10 
 7.24435960e+06  1.15308870e-09  1.15308870e-09  1.15308870e-09  1.05222174e-09  1.05222174e-09  1.05222174e-09  1.15308870e-09  1.15308870e-09  1.15308870e-09  1.05222174e-09  1.05222174e-09  1.05222174e-09  1.04033655e-09  1.04033655e-09  1.04033655e-09  1.04033655e-09  4.68543165e-10  4.68543165e-10  1.40415475e-10  1.40415475e-10  1.40415475e-10  1.32467570e-10  1.32467570e-10  1.32467570e-10  1.40415475e-10  1.40415475e-10  1.40415475e-10  1.32467570e-10  1.32467570e-10  1.32467570e-10  4.37850722e-11  4.37850722e-11  4.37850722e-11  4.37850722e-11  2.92899322e-10  2.92899322e-10  1.14391399e-09  1.14391399e-09  1.14391399e-09  1.04331907e-09  1.04331907e-09  1.04331907e-09  1.14391399e-09  1.14391399e-09  1.14391399e-09  1.04331907e-09  1.04331907e-09  1.04331907e-09  1.03783320e-09  1.03783320e-09  1.03783320e-09  1.03783320e-09  3.65439893e-10  3.65439893e-10 
 7.41310241e+06  1.12674796e-09  1.12674796e-09  1.12674796e-09  1.02584350e-09  1.02584350e-09  1.02584350e-09  1.12674796e-09  1.12674796e-09  1.12674796e-09  1.02584350e-09  1.02584350e-09  1.02584350e-09  1.01560657e-09  1.01560657e-09  1.01560657e-09  1.01560657e-09  4.58761277e-10  4.58761277e-10  1.35906128e-10  1.35906128e-10  1.35906128e-10  1.27922917e-10  1.27922917e-10  1.27922917e-10  1.35906128e-10  1.35906128e-10  1.35906128e-10  1.27922917e-10  1.27922917e-10  1.27922917e-10  4.22557905e-11  4.22557905e-11  4.22557905e-11  4.22557905e-11  2.85093357e-10  2.85093357e-10  1.11793727e-09  1.11793727e-09  1.11793727e-09  1.01731613e-09  1.01731613e-09  1.01731613e-09  1.11793727e-09  1.11793727e-09  1.11793727e-09  1.01731613e-09  1.01731613e-09  1.01731613e-09  1.01318260e-09  1.01318260e-09  1.01318260e-09  1.01318260e-09  3.59157291e-10  3.59157291e-10 
 7.58577575e+06  1.10111234e-09  1.10111234e-09  1.10111234e-09  1.00014247e-09  1.00014247e-09  1.00014247e-09  1.10111234e-09  1.10111234e-09  1.10111234e-09  1.00014247e-09  1.00014247e-09  1.00014247e-09  9.91521221e-10  9.91521221e-10  9.91521221e-10  9.91521221e-10  4.49266409e-10  4.49266409e-10  1.31553577e-10  1.31553577e-10  1.31553577e-10  1.23535782e-10  1.23535782e-10  1.23535782e-10  1.31553577e-10  1.31553577e-10  1.31553577e-10  1.23535782e-10  1.23535782e-10  1.23535782e-10  4.07822378e-11  4.07822378e-11  4.07822378e-11  4.07822378e-11  2.77534272e-10  2.77534272e-10  1.09264997e-09  1.09264997e-09  1.09264997e-09  9.91974127e-10  9.91974127e-10  9.91974127e-10  1.09264997e-09  1.09264997e-09  1.09264997e-09  9.91974127e-10  9.91974127e-10  9.91974127e-10  9.89173662e-10  9.89173662e-10  9.89173662e-10  9.89173662e-10  3.53032110e-10  3.53032110e-10 
 7.76247117e+06  1.07615951e-09  1.07615951e-09  1.07615951e-09  9.75098214e-10  9.75098214e-10  9.75098214e-10  1.07615951e-09  1.07615951e-09  1.07615951e-09  9.75098214e-10  9.75098214e-10  9.75098214e-10  9.68060810e-10  9.68060810e-10  9.68060810e-10  9.68060810e-10  4.40050366e-10  4.40050366e-10  1.27351845e-10  1.27351845e-10  1.27351845e-10  1.19300332e-10  1.19300332e-10  1.19300332e-10  1.27351845e-10  1.27351845e-10  1.27351845e-10  1.19300332e-10  1.19300332e-10  1.19300332e-10  3.93622379e-11  3.93622379e-11  3.93622379e-11  3.93622379e-11  2.70214229e-10  2.70214229e-10  1.06803045e-09  1.06803045e-09  1.06803045e-09  9.67273363e-10  9.67273363e-10  9.67273363e-10  1.06803045e-09  1.06803045e-09  1.06803045e-09  9.67273363e-10  9.67273363e-10  9.67273363e-10  9.65786816e-10  9.65786816e-10  9.65786816e-10  9.65786816e-10  3.47060991e-10  3.47060991e-10 
 7.94328235e+06  1.05186789e-09  1.05186789e-09  1.05186789e-09  9.50691121e-10  9.50691121e-10  9.50691121e-10  1.05186789e-09  1.05186789e-09  1.05186789e-09  9.50691121e-10  9.50691121e-10  9.50691121e-10  9.45206344e-10  9.45206344e-10  9.45206344e-10  9.45206344e-10  4.31105101e-10  4.31105101e-10  1.23295197e-10  1.23295197e-10  1.23295197e-10  1.15210981e-10  1.15210981e-10  1.15210981e-10  1.23295197e-10  1.23295197e-10  1.23295197e-10  1.15210981e-10  1.15210981e-10  1.15210981e-10  3.79937071e-11  3.79937071e-11  3.79937071e-11  3.79937071e-11  2.63125574e-10  2.63125574e-10  1.04405783e-09  1.04405783e-09  1.04405783e-09  9.43194915e-10  9.43194915e-10  9.43194915e-10  1.04405783e-09  1.04405783e-09  1.04405783e-09  9.43194915e-10  9.43194915e-10  9.43194915e-10  9.43003190e-10  9.43003190e-10  9.43003190e-10  9.43003190e-10  3.41240562e-10  3.41240562e-10 
 8.12830516e+06  1.02821662e-09  1.02821662e-09  1.02821662e-09  9.26902355e-10  9.26902355e-10  9.26902355e-10  1.02821662e-09  1.02821662e-09  1.02821662e-09  9.26902355e-10  9.26902355e-10  9.26902355e-10  9.22939519e-10  9.22939519e-10  9.22939519e-10  9.22939519e-10  4.22422706e-10  4.22422706e-10  1.19378133e-10  1.19378133e-10  1.19378133e-10  1.11262379e-10  1.11262379e-10  1.11262379e-10  1.19378133e-10  1.19378133e-10  1.19378133e-10  1.11262379e-10  1.11262379e-10  1.11262379e-10  3.66746508e-11  3.66746508e-11  3.66746508e-11  3.66746508e-11  2.56260834e-10  2.56260834e-10  1.02071190e-09  1.02071190e-09  1.02071190e-09  9.19720611e-10  9.19720611e-10  9.19720611e-10  1.02071190e-09  1.02071190e-09  1.02071190e-09  9.19720611e-10  9.19720611e-10  9.19720611e-10  9.20804596e-10  9.20804596e-10  9.20804596e-10  9.20804596e-10  3.35567446e-10  3.35567446e-10 
 8.31763771e+06  1.00518554e-09  1.00518554e-09  1.00518554e-09  9.03713833e-10  9.03713833e-10  9.03713833e-10  1.00518554e-09  1.00518554e-09  1.00518554e-09  9.03713833e-10  9.03713833e-10  9.03713833e-10  9.01242691e-10  9.01242691e-10  9.01242691e-10  9.01242691e-10  4.13995418e-10  4.13995418e-10  1.15595371e-10  1.15595371e-10  1.15595371e-10  1.07449402e-10  1.07449402e-10  1.07449402e-10  1.15595371e-10  1.15595371e-10  1.15595371e-10  1.07449402e-10  1.07449402e-10  1.07449402e-10  3.54031584e-11  3.54031584e-11  3.54031584e-11  3.54031584e-11  2.49612713e-10  2.49612713e-10  9.97973110e-10  9.97973110e-10  9.97973110e-10  8.96833000e-10  8.96833000e-10  8.96833000e-10  9.97973110e-10  9.97973110e-10  9.97973110e-10  8.96833000e-10  8.96833000e-10  8.96833000e-10  8.99173499e-10  8.99173499e-10  8.99173499e-10  8.99173499e-10  3.30038260e-10  3.30038260e-10 
 8.51138038e+06  9.82755137e-10  9.82755137e-10  9.82755137e-10  8.81108199e-10  8.81108199e-10  8.81108199e-10  9.82755137e-10  9.82755137e-10  9.82755137e-10  8.81108199e-10  8.81108199e-10  8.81108199e-10  8.80098843e-10  8.80098843e-10  8.80098843e-10  8.80098843e-10  4.05815614e-10  4.05815614e-10  1.11941842e-10  1.11941842e-10  1.11941842e-10  1.03767140e-10  1.03767140e-10  1.03767140e-10  1.11941842e-10  1.11941842e-10  1.11941842e-10  1.03767140e-10  1.03767140e-10  1.03767140e-10  3.41773997e-11  3.41773997e-11  3.41773997e-11  3.41773997e-11  2.43174094e-10  2.43174094e-10  9.75822537e-10  9.75822537e-10  9.75822537e-10  8.74515325e-10  8.74515325e-10  8.74515325e-10  9.75822537e-10  9.75822537e-10  9.75822537e-10  8.74515325e-10  8.74515325e-10  8.74515325e-10  8.78092987e-10  8.78092987e-10  8.78092987e-10  8.78092987e-10  3.24649617e-10  3.24649617e-10 
 8.70963590e+06  9.60906534e-10  9.60906534e-10  9.60906534e-10  8.59068790e-10  8.59068790e-10  8.59068790e-10  9.60906534e-10  9.60906534e-10  9.60906534e-10  8.59068790e-10  8.59068790e-10  8.59068790e-10  8.59491558e-10  8.59491558e-10  8.59491558e-10  8.59491558e-10  3.97875807e-10  3.97875807e-10  1.08412677e-10  1.08412677e-10  1.08412677e-10  1.00210889e-10  1.00210889e-10  1.00210889e-10  1.08412677e-10  1.08412677e-10  1.08412677e-10  1.00210889e-10  1.00210889e-10  1.00210889e-10  3.29956213e-11  3.29956213e-11  3.29956213e-11  3.29956213e-11  2.36938032e-10  2.36938032e-10  9.54241864e-10  9.54241864e-10  9.54241864e-10  8.52751495e-10  8.52751495e-10  8.52751495e-10  9.54241864e-10  9.54241864e-10  9.54241864e-10  8.52751495e-10  8.52751495e-10  8.52751495e-10  8.57546743e-10  8.57546743e-10  8.57546743e-10  8.57546743e-10  3.19398127e-10  3.19398127e-10 
 8.91250938e+06  9.39621440e-10  9.39621440e-10  9.39621440e-10  8.37579613e-10  8.37579613e-10  8.37579613e-10  9.39621440e-10  9.39621440e-10  9.39621440e-10  8.37579613e-10  8.37579613e-10  8.37579613e-10  8.39404995e-10  8.39404995e-10  8.39404995e-10  8.39404995e-10  3.90168651e-10  3.90168651e-10  1.05003201e-10  1.05003201e-10  1.05003201e-10  9.67761384e-11  9.67761384e-11  9.67761384e-11  1.05003201e-10  1.05003201e-10  1.05003201e-10  9.67761384e-11  9.67761384e-11  9.67761384e-11  3.18561426e-11  3.18561426e-11  3.18561426e-11  3.18561426e-11  2.30897755e-10  2.30897756e-10  9.33213334e-10  9.33213334e-10  9.33213334e-10  8.31526061e-10  8.31526061e-10  8.31526061e-10  9.33213334e-10  9.33213334e-10  9.33213334e-10  8.31526061e-10  8.31526061e-10  8.31526061e-10  8.37519019e-10  8.37519019e-10  8.37519019e-10  8.37519019e-10  3.14280402e-10  3.14280402e-10 
 9.12010839e+06  9.18882135e-10  9.18882135e-10  9.18882135e-10  8.16625316e-10  8.16625316e-10  8.16625316e-10  9.18882135e-10  9.18882135e-10  9.18882135e-10  8.16625316e-10  8.16625316e-10  8.16625316e-10  8.19823860e-10  8.19823860e-10  8.19823860e-10  8.19823860e-10  3.82686931e-10  3.82686931e-10  1.01708921e-10  1.01708921e-10  1.01708921e-10  9.34585677e-11  9.34585677e-11  9.34585677e-11  1.01708921e-10  1.01708921e-10  1.01708921e-10  9.34585677e-11  9.34585677e-11  9.34585677e-11  3.07573527e-11  3.07573527e-11  3.07573527e-11  3.07573527e-11  2.25046663e-10  2.25046663e-10  9.12719738e-10  9.12719738e-10  9.12719738e-10  8.10824191e-10  8.10824191e-10  8.10824191e-10  9.12719738e-10  9.12719738e-10  9.12719738e-10  8.10824191e-10  8.10824191e-10  8.10824191e-10  8.17994613e-10  8.17994613e-10  8.17994613e-10  8.17994613e-10  3.09293054e-10  3.09293054e-10 
 9.33254301e+06  8.98671434e-10  8.98671434e-10  8.98671434e-10  7.96191167e-10  7.96191167e-10  7.96191167e-10  8.98671434e-10  8.98671434e-10  8.98671434e-10  7.96191167e-10  7.96191167e-10  7.96191167e-10  8.00733385e-10  8.00733385e-10  8.00733385e-10  8.00733385e-10  3.75423569e-10  3.75423569e-10  9.85255179e-11  9.85255179e-11  9.85255179e-11  9.02540329e-11  9.02540329e-11  9.02540329e-11  9.85255179e-11  9.85255179e-11  9.85255179e-11  9.02540329e-11  9.02540329e-11  9.02540329e-11  2.96977069e-11  2.96977069e-11  2.96977069e-11  2.96977069e-11  2.19378321e-10  2.19378321e-10  8.92744377e-10  8.92744377e-10  8.92744377e-10  7.90631646e-10  7.90631646e-10  7.90631646e-10  8.92744377e-10  8.92744377e-10  8.92744377e-10  7.90631646e-10  7.90631646e-10  7.90631646e-10  7.98958843e-10  7.98958843e-10  7.98958843e-10  7.98958843e-10  3.04432698e-10  3.04432698e-10 
 9.54992586e+06  8.78972670e-10  8.78972670e-10  8.78972670e-10  7.76263027e-10  7.76263027e-10  7.76263027e-10  8.78972670e-10  8.78972670e-10  8.78972670e-10  7.76263027e-10  7.76263027e-10  7.76263027e-10  7.82119301e-10  7.82119301e-10  7.82119301e-10  7.82119301e-10  3.68371617e-10  3.68371617e-10  9.54488420e-11  9.54488420e-11  9.54488420e-11  8.71585609e-11  8.71585609e-11  8.71585609e-11  9.54488420e-11  9.54488420e-11  9.54488420e-11  8.71585609e-11  8.71585609e-11  8.71585609e-11  2.86757239e-11  2.86757239e-11  2.86757239e-11  2.86757239e-11  2.13886461e-10  2.13886461e-10  8.73271046e-10  8.73271046e-10  8.73271046e-10  7.70934759e-10  7.70934759e-10  7.70934759e-10  8.73271046e-10  8.73271046e-10  8.73271046e-10  7.70934759e-10  7.70934759e-10  7.70934759e-10  7.80397522e-10  7.80397522e-10  7.80397522e-10  7.80397522e-10  2.99695956e-10  2.99695956e-10 
 9.77237221e+06  8.59769662e-10  8.59769662e-10  8.59769662e-10  7.56827329e-10  7.56827329e-10  7.56827329e-10  8.59769662e-10  8.59769662e-10  8.59769662e-10  7.56827329e-10  7.56827329e-10  7.56827329e-10  7.63967821e-10  7.63967821e-10  7.63967821e-10  7.63967821e-10  3.61524260e-10  3.61524260e-10  9.24749019e-11  9.24749019e-11  9.24749019e-11  8.41683410e-11  8.41683410e-11  8.41683410e-11  9.24749019e-11  9.24749019e-11  9.24749019e-11  8.41683410e-11  8.41683410e-11  8.41683410e-11  2.76899828e-11  2.76899828e-11  2.76899828e-11  2.76899828e-11  2.08564977e-10  2.08564977e-10  8.54284007e-10  8.54284007e-10  8.54284007e-10  7.51720413e-10  7.51720413e-10  7.51720413e-10  8.54284007e-10  8.54284007e-10  8.54284007e-10  7.51720413e-10  7.51720413e-10  7.51720413e-10  7.62296942e-10  7.62296942e-10  7.62296942e-10  7.62296942e-10  2.95079454e-10  2.95079454e-10 
 1.00000000e+07  8.41046696e-10  8.41046696e-10  8.41046696e-10  7.37871057e-10  7.37871057e-10  7.37871057e-10  8.41046696e-10  8.41046696e-10  8.41046696e-10  7.37871057e-10  7.37871057e-10  7.37871057e-10  7.46265614e-10  7.46265614e-10  7.46265614e-10  7.46265614e-10  3.54874811e-10  3.54874811e-10  8.95998589e-11  8.95998589e-11  8.95998589e-11  8.12797183e-11  8.12797183e-11  8.12797183e-11  8.95998589e-11  8.95998589e-11  8.95998589e-11  8.12797183e-11  8.12797183e-11  8.12797183e-11  2.67391202e-11  2.67391202e-11  2.67391202e-11  2.67391202e-11  2.03407926e-10  2.03407926e-10  8.35767969e-10  8.35767969e-10  8.35767969e-10  7.32976020e-10  7.32976020e-10  7.32976020e-10  8.35767969e-10  8.35767969e-10  8.35767969e-10  7.32976020e-10  7.32976020e-10  7.32976020e-10  7.44643847e-10  7.44643847e-10  7.44643847e-10  7.44643847e-10  2.90579827e-10  2.90579827e-10 
 1.02329299e+07  8.22788503e-10  8.22788503e-10  8.22788503e-10  7.19381723e-10  7.19381723e-10  7.19381723e-10  8.22788503e-10  8.22788503e-10  8.22788503e-10  7.19381723e-10  7.19381723e-10  7.19381723e-10  7.28999788e-10  7.28999788e-10  7.28999788e-10  7.28999788e-10  3.48416710e-10  3.48416710e-10  8.68200205e-11  8.68200205e-11  8.68200205e-11  7.84891860e-11  7.84891860e-11  7.84891860e-11  8.68200205e-11  8.68200205e-11  8.68200205e-11  7.84891860e-11  7.84891860e-11  7.84891860e-11  2.58218278e-11  2.58218278e-11  2.58218278e-11  2.58218278e-11  1.98409523e-10  1.98409523e-10  8.17708065e-10  8.17708065e-10  8.17708065e-10  7.14689500e-10  7.14689500e-10  7.14689500e-10  8.17708065e-10  8.17708065e-10  8.17708065e-10  7.14689500e-10  7.14689500e-10  7.14689500e-10  7.27425417e-10  7.27425417e-10  7.27425417e-10  7.27425417e-10  2.86193722e-10  2.86193722e-10 
 1.04712855e+07  8.04980239e-10  8.04980239e-10  8.04980239e-10  7.01347348e-10  7.01347348e-10  7.01347348e-10  8.04980239e-10  8.04980239e-10  8.04980239e-10  7.01347348e-10  7.01347348e-10  7.01347348e-10  7.12157870e-10  7.12157870e-10  7.12157871e-10  7.12157871e-10  3.42143527e-10  3.42143527e-10  8.41318338e-11  8.41318338e-11  8.41318338e-11  7.57933792e-11  7.57933792e-11  7.57933792e-11  8.41318338e-11  8.41318338e-11  8.41318338e-11  7.57933792e-11  7.57933792e-11  7.57933792e-11  2.49368496e-11  2.49368496e-11  2.49368496e-11  2.49368496e-11  1.93564140e-10  1.93564140e-10  8.00089834e-10  8.00089834e-10  8.00089834e-10  6.96849266e-10  6.96849266e-10  6.96849266e-10  8.00089834e-10  8.00089834e-10  8.00089834e-10  6.96849266e-10  6.96849266e-10  6.96849266e-10  7.10629246e-10  7.10629246e-10  7.10629246e-10  7.10629246e-10  2.81917796e-10  2.81917796e-10 
 1.07151931e+07  7.87607466e-10  7.87607466e-10  7.87607466e-10  6.83756444e-10  6.83756444e-10  6.83756444e-10  7.87607466e-10  7.87607466e-10  7.87607466e-10  6.83756444e-10  6.83756444e-10  6.83756444e-10  6.95727788e-10  6.95727788e-10  6.95727788e-10  6.95727788e-10  3.36048955e-10  3.36048955e-10  8.15318798e-11  8.15318798e-11  8.15318798e-11  7.31890684e-11  7.31890684e-11  7.31890684e-11  8.15318798e-11  8.15318798e-11  8.15318798e-11  7.31890684e-11  7.31890684e-11  7.31890684e-11  2.40829799e-11  2.40829799e-11  2.40829799e-11  2.40829799e-11  1.88866304e-10  1.88866304e-10  7.82899205e-10  7.82899205e-10  7.82899205e-10  6.79444200e-10  6.79444200e-10  6.79444200e-10  7.82899205e-10  7.82899205e-10  7.82899205e-10  6.79444200e-10  6.79444200e-10  6.79444200e-10  6.94243327e-10  6.94243327e-10  6.94243327e-10  6.94243327e-10  2.77748722e-10  2.77748722e-10 
 1.09647820e+07  7.70656133e-10  7.70656133e-10  7.70656133e-10  6.66597993e-10  6.66597993e-10  6.66597993e-10  7.70656133e-10  7.70656133e-10  7.70656133e-10  6.66597993e-10  6.66597993e-10  6.66597993e-10  6.79697850e-10  6.79697850e-10  6.79697850e-10  6.79697850e-10  3.30126814e-10  3.30126814e-10  7.90168674e-11  7.90168674e-11  7.90168674e-11  7.06731534e-11  7.06731534e-11  7.06731534e-11  7.90168674e-11  7.90168674e-11  7.90168674e-11  7.06731534e-11  7.06731534e-11  7.06731534e-11  2.32590608e-11  2.32590608e-11  2.32590608e-11  2.32590608e-11  1.84310693e-10  1.84310693e-10  7.66122478e-10  7.66122478e-10  7.66122478e-10  6.62463639e-10  6.62463639e-10  6.62463639e-10  7.66122478e-10  7.66122478e-10  7.66122478e-10  6.62463639e-10  6.62463639e-10  6.62463639e-10  6.78256033e-10  6.78256033e-10  6.78256033e-10  6.78256033e-10  2.73683188e-10  2.73683188e-10 
 1.12201845e+07  7.54112563e-10  7.54112563e-10  7.54112563e-10  6.49861429e-10  6.49861429e-10  6.49861429e-10  7.54112563e-10  7.54112563e-10  7.54112563e-10  6.49861429e-10  6.49861429e-10  6.49861429e-10  6.64056736e-10  6.64056736e-10  6.64056736e-10  6.64056736e-10  3.24371048e-10  3.24371048e-10  7.65836286e-11  7.65836286e-11  7.65836286e-11  6.82426577e-11  6.82426577e-11  6.82426577e-11  7.65836286e-11  7.65836286e-11  7.65836286e-11  6.82426577e-11  6.82426577e-11  6.82426577e-11  2.24639803e-11  2.24639803e-11  2.24639803e-11  2.24639803e-11  1.79892138e-10  1.79892138e-10  7.49746310e-10  7.49746310e-10  7.49746310e-10  6.45897359e-10  6.45897359e-10  6.45897359e-10  7.49746310e-10  7.49746310e-10  7.49746310e-10  6.45897359e-10  6.45897359e-10  6.45897359e-10  6.62656102e-10  6.62656102e-10  6.62656102e-10  6.62656102e-10  2.69717902e-10  2.69717902e-10 
 1.14815362e+07  7.37963434e-10  7.37963434e-10  7.37963434e-10  6.33536622e-10  6.33536622e-10  6.33536622e-10  7.37963434e-10  7.37963434e-10  7.37963434e-10  6.33536622e-10  6.33536622e-10  6.33536622e-10  6.48793473e-10  6.48793473e-10  6.48793473e-10  6.48793473e-10  3.18775725e-10  3.18775725e-10  7.42291134e-11  7.42291134e-11  7.42291134e-11  6.58947228e-11  6.58947228e-11  6.58947228e-11  7.42291134e-11  7.42291134e-11  7.42291134e-11  6.58947228e-11  6.58947228e-11  6.58947228e-11  2.16966701e-11  2.16966701e-11  2.16966701e-11  2.16966701e-11  1.75605619e-10  1.75605619e-10  7.33757697e-10  7.33757697e-10  7.33757697e-10  6.29735551e-10  6.29735551e-10  6.29735551e-10  7.33757697e-10  7.33757697e-10  7.33757697e-10  6.29735551e-10  6.29735551e-10  6.29735551e-10  6.47432618e-10  6.47432618e-10  6.47432618e-10  6.47432618e-10  2.65849591e-10  2.65849591e-10 
 1.17489755e+07  7.22195770e-10  7.22195770e-10  7.22195770e-10  6.17613860e-10  6.17613860e-10  6.17613860e-10  7.22195770e-10  7.22195770e-10  7.22195770e-10  6.17613860e-10  6.17613860e-10  6.17613860e-10  6.33897427e-10  6.33897427e-10  6.33897427e-10  6.33897427e-10  3.13335035e-10  3.13335035e-10  7.19503849e-11  7.19503849e-11  7.19503849e-11  6.36266027e-11  6.36266027e-11  6.36266027e-11  7.19503849e-11  7.19503849e-11  7.19503849e-11  6.36266027e-11  6.36266027e-11  6.36266027e-11  2.09561035e-11  2.09561035e-11  2.09561035e-11  2.09561035e-11  1.71446260e-10  1.71446260e-10  7.18143970e-10  7.18143970e-10  7.18143970e-10  6.13968813e-10  6.13968813e-10  6.13968813e-10  7.18143970e-10  7.18143970e-10  7.18143970e-10  6.13968813e-10  6.13968813e-10  6.13968813e-10  6.32575003e-10  6.32575003e-10  6.32575003e-10  6.32575003e-10  2.62075006e-10  2.62075006e-10 
 1.20226443e+07  7.06796926e-10  7.06796926e-10  7.06796926e-10  6.02083830e-10  6.02083830e-10  6.02083830e-10  7.06796926e-10  7.06796926e-10  7.06796926e-10  6.02083830e-10  6.02083830e-10  6.02083830e-10  6.19358286e-10  6.19358286e-10  6.19358286e-10  6.19358286e-10  3.08043293e-10  3.08043293e-10  6.97446150e-11  6.97446150e-11  6.97446150e-11  6.14356590e-11  6.14356590e-11  6.14356590e-11  6.97446150e-11  6.97446150e-11  6.97446150e-11  6.14356590e-11  6.14356590e-11  6.14356590e-11  2.02412942e-11  2.02412942e-11  2.02412942e-11  2.02412942e-11  1.67409334e-10  1.67409334e-10  7.02892773e-10  7.02892773e-10  7.02892773e-10  5.98588126e-10  5.98588126e-10  5.98588126e-10  7.02892773e-10  7.02892773e-10  7.02892773e-10  5.98588126e-10  5.98588126e-10  5.98588126e-10  6.18072995e-10  6.18072995e-10  6.18072995e-10  6.18072995e-10  2.58390925e-10  2.58390925e-10 
 1.23026877e+07  6.91754578e-10  6.91754578e-10  6.91754578e-10  5.86937603e-10  5.86937603e-10  5.86937603e-10  6.91754578e-10  6.91754578e-10  6.91754578e-10  5.86937603e-10  5.86937603e-10  5.86937603e-10  6.05166046e-10  6.05166046e-10  6.05166046e-10  6.05166046e-10  3.02894938e-10  3.02894938e-10  6.76090806e-11  6.76090806e-11  6.76090806e-11  5.93193562e-11  5.93193562e-11  5.93193562e-11  6.76090806e-11  6.76090806e-11  6.76090806e-11  5.93193562e-11  5.93193562e-11  5.93193562e-11  1.95512940e-11  1.95512940e-11  1.95512940e-11  1.95512940e-11  1.63490254e-10  1.63490254e-10  6.87992061e-10  6.87992061e-10  6.87992061e-10  5.83584845e-10  5.83584845e-10  5.83584845e-10  6.87992061e-10  6.87992061e-10  6.87992061e-10  5.83584845e-10  5.83584845e-10  5.83584845e-10  6.03916641e-10  6.03916641e-10  6.03916641e-10  6.03916641e-10  2.54794153e-10  2.54794153e-10 
 1.25892541e+07  6.77056712e-10  6.77056712e-10  6.77056712e-10  5.72166616e-10  5.72166616e-10  5.72166616e-10  6.77056712e-10  6.77056712e-10  6.77056712e-10  5.72166616e-10  5.72166616e-10  5.72166616e-10  5.91311001e-10  5.91311001e-10  5.91311001e-10  5.91311001e-10  2.97884528e-10  2.97884528e-10  6.55411590e-11  6.55411590e-11  6.55411590e-11  5.72752565e-11  5.72752565e-11  5.72752565e-11  6.55411590e-11  6.55411590e-11  6.55411590e-11  5.72752565e-11  5.72752565e-11  5.72752565e-11  1.88851913e-11  1.88851913e-11  1.88851913e-11  1.88851913e-11  1.59684576e-10  1.59684576e-10  6.73430085e-10  6.73430085e-10  6.73430085e-10  5.68950678e-10  5.68950678e-10  5.68950678e-10  6.73430085e-10  6.73430085e-10  6.73430085e-10  5.68950678e-10  5.68950678e-10  5.68950678e-10  5.90096283e-10  5.90096283e-10  5.90096283e-10  5.90096283e-10  2.51281525e-10  2.51281525e-10 
 1.28824955e+07  6.62691616e-10  6.62691616e-10  6.62691616e-10  5.57762659e-10  5.57762659e-10  5.57762659e-10  6.62691616e-10  6.62691616e-10  6.62691616e-10  5.57762659e-10  5.57762659e-10  5.57762659e-10  5.77783729e-10  5.77783729e-10  5.77783729e-10  5.77783729e-10  2.93006749e-10  2.93006749e-10  6.35383251e-11  6.35383251e-11  6.35383251e-11  5.53010154e-11  5.53010154e-11  5.53010154e-11  6.35383251e-11  6.35383251e-11  6.35383251e-11  5.53010154e-11  5.53010154e-11  5.53010154e-11  1.82421097e-11  1.82421097e-11  1.82421097e-11  1.82421097e-11  1.55987996e-10  1.55987996e-10  6.59195387e-10  6.59195387e-10  6.59195387e-10  5.54677669e-10  5.54677669e-10  5.54677669e-10  6.59195387e-10  6.59195387e-10  6.59195387e-10  5.54677669e-10  5.54677669e-10  5.54677669e-10  5.76602544e-10  5.76602544e-10  5.76602544e-10  5.76602544e-10  2.47849911e-10  2.47849911e-10 
 1.31825674e+07  6.48647875e-10  6.48647875e-10  6.48647875e-10  5.43717852e-10  5.43717852e-10  5.43717852e-10  6.48647875e-10  6.48647875e-10  6.48647875e-10  5.43717852e-10  5.43717852e-10  5.43717852e-10  5.64575083e-10  5.64575083e-10  5.64575083e-10  5.64575083e-10  2.88256408e-10  2.88256408e-10  6.15981473e-11  6.15981473e-11  6.15981473e-11  5.33943775e-11  5.33943775e-11  5.33943775e-11  6.15981473e-11  6.15981473e-11  6.15981473e-11  5.33943775e-11  5.33943775e-11  5.33943775e-11  1.76212065e-11  1.76212065e-11  1.76212065e-11  1.76212065e-11  1.52396347e-10  1.52396347e-10  6.45276794e-10  6.45276794e-10  6.45276794e-10  5.40758188e-10  5.40758188e-10  5.40758188e-10  6.45276794e-10  6.45276794e-10  6.45276794e-10  5.40758188e-10  5.40758188e-10  5.40758188e-10  5.63426321e-10  5.63426321e-10  5.63426321e-10  5.63426321e-10  2.44496217e-10  2.44496217e-10 
 1.34896288e+07  6.34914361e-10  6.34914361e-10  6.34914361e-10  5.30024635e-10  5.30024635e-10  5.30024635e-10  6.34914361e-10  6.34914361e-10  6.34914361e-10  5.30024635e-10  5.30024635e-10  5.30024635e-10  5.51676176e-10  5.51676176e-10  5.51676176e-10  5.51676176e-10  2.83628435e-10  2.83628435e-10  5.97182844e-11  5.97182844e-11  5.97182844e-11  5.15531722e-11  5.15531722e-11  5.15531722e-11  5.97182844e-11  5.97182844e-11  5.97182844e-11  5.15531722e-11  5.15531722e-11  5.15531722e-11  1.70216711e-11  1.70216711e-11  1.70216711e-11  1.70216711e-11  1.48905598e-10  1.48905598e-10  6.31663409e-10  6.31663409e-10  6.31663409e-10  5.27184910e-10  5.27184910e-10  5.27184910e-10  6.31663409e-10  6.31663409e-10  6.31663409e-10  5.27184910e-10  5.27184910e-10  5.27184910e-10  5.50558771e-10  5.50558771e-10  5.50558771e-10  5.50558771e-10  2.41217389e-10  2.41217389e-10 
 1.38038426e+07  6.21480229e-10  6.21480229e-10  6.21480229e-10  5.16675745e-10  5.16675745e-10  5.16675745e-10  6.21480229e-10  6.21480229e-10  6.21480229e-10  5.16675745e-10  5.16675745e-10  5.16675745e-10  5.39078379e-10  5.39078379e-10  5.39078379e-10  5.39078379e-10  2.79117888e-10  2.79117888e-10  5.78964829e-11  5.78964829e-11  5.78964829e-11  4.97753094e-11  4.97753094e-11  4.97753094e-11  5.78964829e-11  5.78964829e-11  5.78964829e-11  4.97753094e-11  4.97753094e-11  4.97753094e-11  1.64427239e-11  1.64427239e-11  1.64427239e-11  1.64427239e-11  1.45511854e-10  1.45511854e-10  6.18344610e-10  6.18344610e-10  6.18344610e-10  5.13950798e-10  5.13950798e-10  5.13950798e-10  6.18344610e-10  6.18344610e-10  6.18344610e-10  5.13950798e-10  5.13950798e-10  5.13950798e-10  5.37991303e-10  5.37991303e-10  5.37991303e-10  5.37991303e-10  2.38010416e-10  2.38010416e-10 
 1.41253754e+07  6.08334917e-10  6.08334917e-10  6.08334917e-10  5.03664204e-10  5.03664204e-10  5.03664204e-10  6.08334917e-10  6.08334917e-10  6.08334917e-10  5.03664204e-10  5.03664204e-10  5.03664204e-10  5.26773303e-10  5.26773303e-10  5.26773303e-10  5.26773303e-10  2.74719948e-10  2.74719948e-10  5.61305739e-11  5.61305739e-11  5.61305739e-11  4.80587755e-11  4.80587755e-11  4.80587755e-11  5.61305739e-11  5.61305739e-11  5.61305739e-11  4.80587755e-11  4.80587755e-11  4.80587755e-11  1.58836148e-11  1.58836148e-11  1.58836148e-11  1.58836148e-11  1.42211353e-10  1.42211353e-10  6.05310042e-10  6.05310042e-10  6.05310042e-10  5.01049090e-10  5.01049090e-10  5.01049090e-10  6.05310042e-10  6.05310042e-10  6.05310042e-10  5.01049090e-10  5.01049090e-10  5.01049090e-10  5.25715567e-10  5.25715567e-10  5.25715567e-10  5.25715567e-10  2.34872330e-10  2.34872330e-10 
 1.44543977e+07  5.95468136e-10  5.95468136e-10  5.95468136e-10  4.90983299e-10  4.90983299e-10  4.90983299e-10  5.95468136e-10  5.95468136e-10  5.95468136e-10  4.90983299e-10  4.90983299e-10  4.90983299e-10  5.14752798e-10  5.14752798e-10  5.14752798e-10  5.14752798e-10  2.70429921e-10  2.70429921e-10  5.44184701e-11  5.44184701e-11  5.44184701e-11  4.64016299e-11  4.64016299e-11  4.64016299e-11  5.44184701e-11  5.44184701e-11  5.44184701e-11  4.64016299e-11  4.64016299e-11  4.64016299e-11  1.53436223e-11  1.53436223e-11  1.53436223e-11  1.53436223e-11  1.39000462e-10  1.39000462e-10  5.92549622e-10  5.92549622e-10  5.92549622e-10  4.88473280e-10  4.88473280e-10  4.88473280e-10  5.92549622e-10  5.92549622e-10  5.92549622e-10  4.88473280e-10  4.88473280e-10  4.88473280e-10  5.13723449e-10  5.13723449e-10  5.13723449e-10  5.13723449e-10  2.31800214e-10  2.31800214e-10 
 1.47910839e+07  5.82869874e-10  5.82869874e-10  5.82869874e-10  4.78626564e-10  4.78626564e-10  4.78626564e-10  5.82869874e-10  5.82869874e-10  5.82869874e-10  4.78626564e-10  4.78626564e-10  4.78626564e-10  5.03008938e-10  5.03008938e-10  5.03008938e-10  5.03008938e-10  2.66243242e-10  2.66243242e-10  5.27581642e-11  5.27581642e-11  5.27581642e-11  4.48020009e-11  4.48020009e-11  4.48020009e-11  5.27581642e-11  5.27581642e-11  5.27581642e-11  4.48020009e-11  4.48020009e-11  4.48020009e-11  1.48220521e-11  1.48220521e-11  1.48220521e-11  1.48220521e-11  1.35875681e-10  1.35875681e-10  5.80053527e-10  5.80053527e-10  5.80053527e-10  4.76217101e-10  4.76217101e-10  4.76217101e-10  5.80053527e-10  5.80053527e-10  5.80053527e-10  4.76217101e-10  4.76217101e-10  4.76217101e-10  5.02007060e-10  5.02007060e-10  5.02007060e-10  5.02007060e-10  2.28791203e-10  2.28791203e-10 
 1.51356125e+07  5.70530393e-10  5.70530393e-10  5.70530393e-10  4.66587763e-10  4.66587763e-10  4.66587763e-10  5.70530393e-10  5.70530393e-10  5.70530393e-10  4.66587763e-10  4.66587763e-10  4.66587763e-10  4.91534020e-10  4.91534020e-10  4.91534020e-10  4.91534020e-10  2.62155471e-10  2.62155471e-10  5.11477256e-11  5.11477256e-11  5.11477256e-11  4.32580821e-11  4.32580821e-11  4.32580821e-11  5.11477256e-11  5.11477256e-11  5.11477256e-11  4.32580821e-11  4.32580821e-11  4.32580821e-11  1.43182361e-11  1.43182361e-11  1.43182361e-11  1.43182361e-11  1.32833634e-10  1.32833634e-10  5.67812205e-10  5.67812205e-10  5.67812205e-10  4.64274506e-10  4.64274506e-10  4.64274506e-10  5.67812205e-10  5.67812205e-10  5.67812205e-10  4.64274506e-10  4.64274506e-10  4.64274506e-10  4.90558730e-10  4.90558730e-10  4.90558730e-10  4.90558730e-10  2.25842484e-10  2.25842484e-10 
 1.54881662e+07  5.58440229e-10  5.58440229e-10  5.58440229e-10  4.54860871e-10  4.54860871e-10  4.54860871e-10  5.58440229e-10  5.58440229e-10  5.58440229e-10  4.54860871e-10  4.54860871e-10  4.54860871e-10  4.80320552e-10  4.80320552e-10  4.80320552e-10  4.80320552e-10  2.58162298e-10  2.58162298e-10  4.95852987e-11  4.95852987e-11  4.95852987e-11  4.17681290e-11  4.17681290e-11  4.17681290e-11  4.95852987e-11  4.95852987e-11  4.95852987e-11  4.17681290e-11  4.17681290e-11  4.17681290e-11  1.38315314e-11  1.38315314e-11  1.38315314e-11  1.38315314e-11  1.29871074e-10  1.29871074e-10  5.55816366e-10  5.55816366e-10  5.55816366e-10  4.52639653e-10  4.52639653e-10  4.52639653e-10  5.55816366e-10  5.55816366e-10  5.55816366e-10  4.52639653e-10  4.52639653e-10  4.52639653e-10  4.79371000e-10  4.79371000e-10  4.79371000e-10  4.79371000e-10  2.22951305e-10  2.22951305e-10 
 1.58489319e+07  5.46590192e-10  5.46590192e-10  5.46590192e-10  4.43440055e-10  4.43440055e-10  4.43440055e-10  5.46590192e-10  5.46590192e-10  5.46590192e-10  4.43440055e-10  4.43440055e-10  4.43440055e-10  4.69361248e-10  4.69361248e-10  4.69361248e-10  4.69361248e-10  2.54259543e-10  2.54259543e-10  4.80691005e-11  4.80691005e-11  4.80691005e-11  4.03304554e-11  4.03304554e-11  4.03304554e-11  4.80691005e-11  4.80691005e-11  4.80691005e-11  4.03304554e-11  4.03304554e-11  4.03304554e-11  1.33613193e-11  1.33613193e-11  1.33613193e-11  1.33613193e-11  1.26984876e-10  1.26984876e-10  5.44056987e-10  5.44056987e-10  5.44056987e-10  4.41306885e-10  4.41306885e-10  4.41306885e-10  5.44056987e-10  5.44056987e-10  5.44056987e-10  4.41306885e-10  4.41306885e-10  4.41306885e-10  4.68436615e-10  4.68436615e-10  4.68436615e-10  4.68436615e-10  2.20114974e-10  2.20114974e-10 
 1.62181010e+07  5.34971370e-10  5.34971370e-10  5.34971370e-10  4.32319654e-10  4.32319654e-10  4.32319654e-10  5.34971370e-10  5.34971370e-10  5.34971370e-10  4.32319654e-10  4.32319654e-10  4.32319654e-10  4.58649023e-10  4.58649023e-10  4.58649023e-10  4.58649023e-10  2.50443153e-10  2.50443153e-10  4.65974190e-11  4.65974190e-11  4.65974190e-11  3.89434304e-11  3.89434304e-11  3.89434304e-11  4.65974190e-11  4.65974190e-11  4.65974190e-11  3.89434304e-11  3.89434304e-11  3.89434304e-11  1.29070044e-11  1.29070044e-11  1.29070044e-11  1.29070044e-11  1.24172040e-10  1.24172040e-10  5.32525316e-10  5.32525316e-10  5.32525316e-10  4.30270707e-10  4.30270707e-10  4.30270707e-10  5.32525316e-10  5.32525316e-10  5.32525316e-10  4.30270707e-10  4.30270707e-10  4.30270707e-10  4.57748521e-10  4.57748521e-10  4.57748521e-10  4.57748521e-10  2.17330864e-10  2.17330864e-10 
 1.65958691e+07  5.23575127e-10  5.23575127e-10  5.23575127e-10  4.21494161e-10  4.21494161e-10  4.21494161e-10  5.23575127e-10  5.23575127e-10  5.23575127e-10  4.21494161e-10  4.21494161e-10  4.21494161e-10  4.48176989e-10  4.48176989e-10  4.48176989e-10  4.48176989e-10  2.46709209e-10  2.46709209e-10  4.51686108e-11  4.51686108e-11  4.51686108e-11  3.76054744e-11  3.76054744e-11  3.76054744e-11  4.51686108e-11  4.51686108e-11  4.51686108e-11  3.76054744e-11  3.76054744e-11  3.76054744e-11  1.24680136e-11  1.24680136e-11  1.24680136e-11  1.24680136e-11  1.21429685e-10  1.21429685e-10  5.21212870e-10  5.21212870e-10  5.21212870e-10  4.19525774e-10  4.19525774e-10  4.19525774e-10  5.21212870e-10  5.21212870e-10  5.21212870e-10  4.19525774e-10  4.19525774e-10  4.19525774e-10  4.47299856e-10  4.47299856e-10  4.47299856e-10  4.47299856e-10  2.14596412e-10  2.14596412e-10 
 1.69824365e+07  5.12393112e-10  5.12393112e-10  5.12393112e-10  4.10958201e-10  4.10958201e-10  4.10958201e-10  5.12393112e-10  5.12393112e-10  5.12393112e-10  4.10958201e-10  4.10958201e-10  4.10958201e-10  4.37938443e-10  4.37938443e-10  4.37938443e-10  4.37938443e-10  2.43053923e-10  2.43053923e-10  4.37810999e-11  4.37810999e-11  4.37810999e-11  3.63150567e-11  3.63150567e-11  3.63150567e-11  4.37810999e-11  4.37810999e-11  4.37810999e-11  3.63150567e-11  3.63150567e-11  3.63150567e-11  1.20437953e-11  1.20437953e-11  1.20437953e-11  1.20437953e-11  1.18755048e-10  1.18755048e-10  5.10111441e-10  5.10111441e-10  5.10111441e-10  4.09066865e-10  4.09066865e-10  4.09066865e-10  5.10111441e-10  5.10111441e-10  5.10111441e-10  4.09066865e-10  4.09066865e-10  4.09066865e-10  4.37083948e-10  4.37083948e-10  4.37083948e-10  4.37083948e-10  2.11909130e-10  2.11909130e-10 
 1.73780083e+07  5.01417257e-10  5.01417257e-10  5.01417257e-10  4.00706509e-10  4.00706509e-10  4.00706509e-10  5.01417257e-10  5.01417257e-10  5.01417257e-10  4.00706509e-10  4.00706509e-10  4.00706509e-10  4.27926871e-10  4.27926871e-10  4.27926871e-10  4.27926871e-10  2.39473637e-10  2.39473637e-10  4.24333753e-11  4.24333753e-11  4.24333753e-11  3.50706921e-11  3.50706921e-11  3.50706921e-11  4.24333753e-11  4.24333753e-11  4.24333753e-11  3.50706921e-11  3.50706921e-11  3.50706921e-11  1.16338187e-11  1.16338187e-11  1.16338187e-11  1.16338187e-11  1.16145484e-10  1.16145484e-10  4.99213102e-10  4.99213102e-10  4.99213102e-10  3.98888865e-10  3.98888865e-10  3.98888865e-10  4.99213102e-10  4.99213102e-10  4.99213102e-10  3.98888865e-10  3.98888865e-10  3.98888865e-10  4.27094307e-10  4.27094307e-10  4.27094307e-10  4.27094307e-10  2.09266599e-10  2.09266599e-10 
 1.77827941e+07  4.90639784e-10  4.90639784e-10  4.90639784e-10  3.90733913e-10  3.90733913e-10  3.90733913e-10  4.90639784e-10  4.90639784e-10  4.90639784e-10  3.90733913e-10  3.90733913e-10  3.90733913e-10  4.18135937e-10  4.18135937e-10  4.18135937e-10  4.18135937e-10  2.35964829e-10  2.35964829e-10  4.11239899e-11  4.11239899e-11  4.11239899e-11  3.38709380e-11  3.38709380e-11  3.38709380e-11  4.11239899e-11  4.11239899e-11  4.11239899e-11  3.38709380e-11  3.38709380e-11  3.38709380e-11  1.12375728e-11  1.12375728e-11  1.12375728e-11  1.12375728e-11  1.13598461e-10  1.13598461e-10  4.88510205e-10  4.88510205e-10  4.88510205e-10  3.88986743e-10  3.88986743e-10  3.88986743e-10  4.88510205e-10  4.88510205e-10  4.88510205e-10  3.88986743e-10  3.88986743e-10  3.88986743e-10  4.17324623e-10  4.17324623e-10  4.17324623e-10  4.17324623e-10  2.06666478e-10  2.06666478e-10 
 1.81970086e+07  4.80053208e-10  4.80053208e-10  4.80053208e-10  3.81035310e-10  3.81035310e-10  3.81035310e-10  4.80053208e-10  4.80053208e-10  4.80053208e-10  3.81035310e-10  3.81035310e-10  3.81035310e-10  4.08559483e-10  4.08559483e-10  4.08559483e-10  4.08559483e-10  2.32524108e-10  2.32524108e-10  3.98515587e-11  3.98515587e-11  3.98515587e-11  3.27143915e-11  3.27143915e-11  3.27143915e-11  3.98515587e-11  3.98515587e-11  3.98515587e-11  3.27143915e-11  3.27143915e-11  3.27143915e-11  1.08545660e-11  1.08545660e-11  1.08545660e-11  1.08545660e-11  1.11111562e-10  1.11111562e-10  4.77995392e-10  4.77995392e-10  4.77995392e-10  3.79355533e-10  3.79355533e-10  3.79355533e-10  4.77995392e-10  4.77995392e-10  4.77995392e-10  3.79355533e-10  3.79355533e-10  3.79355533e-10  4.07768762e-10  4.07768762e-10  4.07768762e-10  4.07768762e-10  2.04106502e-10  2.04106502e-10 
 1.86208714e+07  4.69650343e-10  4.69650343e-10  4.69650343e-10  3.71605643e-10  3.71605643e-10  3.71605643e-10  4.69650343e-10  4.69650343e-10  4.69650343e-10  3.71605643e-10  3.71605643e-10  3.71605643e-10  3.99191522e-10  3.99191522e-10  3.99191522e-10  3.99191522e-10  2.29148218e-10  2.29148218e-10  3.86147573e-11  3.86147573e-11  3.86147573e-11  3.15996866e-11  3.15996866e-11  3.15996866e-11  3.86147573e-11  3.86147573e-11  3.86147573e-11  3.15996866e-11  3.15996866e-11  3.15996866e-11  1.04843249e-11  1.04843249e-11  1.04843249e-11  1.04843249e-11  1.08682476e-10  1.08682476e-10  4.67661595e-10  4.67661595e-10  4.67661595e-10  3.69990312e-10  3.69990312e-10  3.69990312e-10  4.67661595e-10  4.67661595e-10  4.67661595e-10  3.69990312e-10  3.69990312e-10  3.69990312e-10  3.98420762e-10  3.98420762e-10  3.98420762e-10  3.98420762e-10  2.01584489e-10  2.01584489e-10 
 1.90546072e+07  4.59424303e-10  4.59424303e-10  4.59424303e-10  3.62439884e-10  3.62439884e-10  3.62439884e-10  4.59424303e-10  4.59424303e-10  4.59424303e-10  3.62439884e-10  3.62439884e-10  3.62439884e-10  3.90026238e-10  3.90026238e-10  3.90026238e-10  3.90026238e-10  2.25834037e-10  2.25834037e-10  3.74123201e-11  3.74123201e-11  3.74123201e-11  3.05254920e-11  3.05254920e-11  3.05254920e-11  3.74123201e-11  3.74123201e-11  3.74123201e-11  3.05254920e-11  3.05254920e-11  3.05254920e-11  1.01263942e-11  1.01263942e-11  1.01263942e-11  1.01263942e-11  1.06309003e-10  1.06309003e-10  4.57502044e-10  4.57502044e-10  4.57502044e-10  3.60886178e-10  3.60886178e-10  3.60886178e-10  4.57502044e-10  4.57502044e-10  4.57502044e-10  3.60886178e-10  3.60886178e-10  3.60886178e-10  3.89274829e-10  3.89274829e-10  3.89274829e-10  3.89274829e-10  1.99098337e-10  1.99098337e-10 
 1.94984460e+07  4.49368514e-10  4.49368514e-10  4.49368514e-10  3.53533009e-10  3.53533009e-10  3.53533009e-10  4.49368514e-10  4.49368514e-10  4.49368514e-10  3.53533009e-10  3.53533009e-10  3.53533009e-10  3.81057982e-10  3.81057982e-10  3.81057982e-10  3.81057982e-10  2.22578575e-10  2.22578575e-10  3.62430394e-11  3.62430394e-11  3.62430394e-11  2.94905078e-11  2.94905078e-11  2.94905078e-11  3.62430394e-11  3.62430394e-11  3.62430394e-11  2.94905078e-11  2.94905078e-11  2.94905078e-11  9.78033573e-12  9.78033573e-12  9.78033573e-12  9.78033573e-12  1.03989047e-10  1.03989047e-10  4.47510271e-10  4.47510271e-10  4.47510271e-10  3.52038229e-10  3.52038229e-10  3.52038229e-10  4.47510271e-10  4.47510271e-10  4.47510271e-10  3.52038229e-10  3.52038229e-10  3.52038229e-10  3.80325333e-10  3.80325333e-10  3.80325333e-10  3.80325333e-10  1.96646032e-10  1.96646032e-10 
 1.99526231e+07  4.39476709e-10  4.39476709e-10  4.39476709e-10  3.44879979e-10  3.44879979e-10  3.44879979e-10  4.39476709e-10  4.39476709e-10  4.39476709e-10  3.44879979e-10  3.44879979e-10  3.44879979e-10  3.72281265e-10  3.72281265e-10  3.72281265e-10  3.72281265e-10  2.19378977e-10  2.19378977e-10  3.51057632e-11  3.51057632e-11  3.51057632e-11  2.84934642e-11  2.84934642e-11  2.84934642e-11  3.51057632e-11  3.51057632e-11  3.51057632e-11  2.84934642e-11  2.84934642e-11  2.84934642e-11  9.44572770e-12  9.44572770e-12  9.44572770e-12  9.44572770e-12  1.01720615e-10  1.01720615e-10  4.37680115e-10  4.37680115e-10  4.37680115e-10  3.43441545e-10  3.43441545e-10  3.43441545e-10  4.37680115e-10  4.37680115e-10  4.37680115e-10  3.43441545e-10  3.43441545e-10  3.43441545e-10  3.71566809e-10  3.71566809e-10  3.71566809e-10  3.71566809e-10  1.94225642e-10  1.94225642e-10 
 2.04173794e+07  4.29742942e-10  4.29742942e-10  4.29742942e-10  3.36475721e-10  3.36475721e-10  3.36475721e-10  4.29742942e-10  4.29742942e-10  4.29742942e-10  3.36475721e-10  3.36475721e-10  3.36475721e-10  3.63690762e-10  3.63690762e-10  3.63690762e-10  3.63690762e-10  2.16232520e-10  2.16232520e-10  3.39993945e-11  3.39993945e-11  3.39993945e-11  2.75331183e-11  2.75331183e-11  2.75331183e-11  3.39993945e-11  3.39993945e-11  3.39993945e-11  2.75331183e-11  2.75331183e-11  2.75331183e-11  9.12216443e-12  9.12216443e-12  9.12216444e-12  9.12216444e-12  9.95018139e-11  9.95018139e-11  4.28005726e-10  4.28005726e-10  4.28005726e-10  3.35091165e-10  3.35091165e-10  3.35091165e-10  4.28005726e-10  4.28005726e-10  4.28005726e-10  3.35091165e-10  3.35091165e-10  3.35091165e-10  3.62993951e-10  3.62993951e-10  3.62993951e-10  3.62993951e-10  1.91835327e-10  1.91835327e-10 
 2.08929613e+07  4.20161585e-10  4.20161585e-10  4.20161585e-10  3.28315105e-10  3.28315105e-10  3.28315105e-10  4.20161585e-10  4.20161585e-10  4.20161585e-10  3.28315105e-10  3.28315105e-10  3.28315105e-10  3.55281306e-10  3.55281306e-10  3.55281306e-10  3.55281306e-10  2.13136614e-10  2.13136614e-10  3.29228892e-11  3.29228892e-11  3.29228892e-11  2.66082529e-11  2.66082529e-11  2.66082529e-11  3.29228892e-11  3.29228892e-11  3.29228892e-11  2.66082529e-11  2.66082529e-11  2.66082529e-11  8.80925560e-12  8.80925560e-12  8.80925560e-12  8.80925560e-12  9.73308475e-11  9.73308475e-11  4.18481571e-10  4.18481571e-10  4.18481571e-10  3.26982068e-10  3.26982068e-10  3.26982068e-10  4.18481571e-10  4.18481571e-10  4.18481571e-10  3.26982068e-10  3.26982068e-10  3.26982068e-10  3.54601609e-10  3.54601609e-10  3.54601609e-10  3.54601609e-10  1.89473332e-10  1.89473332e-10 
 2.13796209e+07  4.10727336e-10  4.10727336e-10  4.10727336e-10  3.20392927e-10  3.20392927e-10  3.20392927e-10  4.10727336e-10  4.10727336e-10  4.10727336e-10  3.20392927e-10  3.20392927e-10  3.20392927e-10  3.47047883e-10  3.47047883e-10  3.47047883e-10  3.47047883e-10  2.10088798e-10  2.10088798e-10  3.18752549e-11  3.18752549e-11  3.18752549e-11  2.57176742e-11  2.57176742e-11  2.57176742e-11  3.18752549e-11  3.18752549e-11  3.18752549e-11  2.57176742e-11  2.57176742e-11  2.57176742e-11  8.50662571e-12  8.50662571e-12  8.50662571e-12  8.50662571e-12  9.52060143e-11  9.52060143e-11  4.09102434e-10  4.09102434e-10  4.09102434e-10  3.19109157e-10  3.19109157e-10  3.19109157e-10  4.09102434e-10  4.09102434e-10  4.09102434e-10  3.19109157e-10  3.19109157e-10  3.19109157e-10  3.46384791e-10  3.46384791e-10  3.46384791e-10  3.46384791e-10  1.87137995e-10  1.87137995e-10 
 2.18776162e+07  4.01435221e-10  4.01435221e-10  4.01435221e-10  3.12703894e-10  3.12703894e-10  3.12703894e-10  4.01435221e-10  4.01435221e-10  4.01435221e-10  3.12703894e-10  3.12703894e-10  3.12703894e-10  3.38985637e-10  3.38985637e-10  3.38985637e-10  3.38985637e-10  2.07086743e-10  2.07086743e-10  3.08555496e-11  3.08555496e-11  3.08555496e-11  2.48602102e-11  2.48602102e-11  2.48602102e-11  3.08555496e-11  3.08555496e-11  3.08555496e-11  2.48602102e-11  2.48602102e-11  2.48602102e-11  8.21391357e-12  8.21391357e-12  8.21391358e-12  8.21391358e-12  9.31257044e-11  9.31257044e-11  3.99863427e-10  3.99863427e-10  3.99863427e-10  3.11467239e-10  3.11467239e-10  3.11467239e-10  3.99863427e-10  3.99863427e-10  3.99863427e-10  3.11467239e-10  3.11467239e-10  3.11467239e-10  3.38338656e-10  3.38338656e-10  3.38338656e-10  3.38338656e-10  1.84827742e-10  1.84827742e-10 
 2.23872114e+07  3.92280594e-10  3.92280594e-10  3.92280594e-10  3.05242606e-10  3.05242606e-10  3.05242606e-10  3.92280594e-10  3.92280594e-10  3.92280594e-10  3.05242606e-10  3.05242606e-10  3.05242606e-10  3.31089861e-10  3.31089861e-10  3.31089861e-10  3.31089861e-10  2.04128246e-10  2.04128246e-10  2.98628799e-11  2.98628799e-11  2.98628799e-11  2.40347094e-11  2.40347094e-11  2.40347094e-11  2.98628799e-11  2.98628799e-11  2.98628799e-11  2.40347094e-11  2.40347094e-11  2.40347094e-11  7.93077183e-12  7.93077183e-12  7.93077183e-12  7.93077183e-12  9.10883958e-11  9.10883958e-11  3.90759985e-10  3.90759985e-10  3.90759985e-10  3.04051011e-10  3.04051011e-10  3.04051011e-10  3.90759985e-10  3.90759985e-10  3.90759985e-10  3.04051011e-10  3.04051011e-10  3.04051011e-10  3.30458514e-10  3.30458514e-10  3.30458514e-10  3.30458514e-10  1.82541091e-10  1.82541091e-10 
 2.29086765e+07  3.83259146e-10  3.83259146e-10  3.83259146e-10  2.98003543e-10  2.98003543e-10  2.98003543e-10  3.83259146e-10  3.83259146e-10  3.83259146e-10  2.98003543e-10  2.98003543e-10  2.98003543e-10  3.23355997e-10  3.23355997e-10  3.23355997e-10  3.23355997e-10  2.01211231e-10  2.01211231e-10  2.88963995e-11  2.88963995e-11  2.88963995e-11  2.32400396e-11  2.32400396e-11  2.32400396e-11  2.88963995e-11  2.88963995e-11  2.88963995e-11  2.32400395e-11  2.32400395e-11  2.32400395e-11  7.65686639e-12  7.65686639e-12  7.65686639e-12  7.65686639e-12  8.90926520e-11  8.90926520e-11  3.81787873e-10  3.81787873e-10  3.81787873e-10  2.96855049e-10  2.96855049e-10  2.96855049e-10  3.81787873e-10  3.81787873e-10  3.81787873e-10  2.96855048e-10  2.96855048e-10  2.96855048e-10  3.22739825e-10  3.22739825e-10  3.22739825e-10  3.22739825e-10  1.80276648e-10  1.80276648e-10 
 2.34422882e+07  3.74366897e-10  3.74366897e-10  3.74366897e-10  2.90981054e-10  2.90981054e-10  2.90981054e-10  3.74366897e-10  3.74366897e-10  3.74366897e-10  2.90981054e-10  2.90981054e-10  2.90981054e-10  3.15779637e-10  3.15779637e-10  3.15779637e-10  3.15779637e-10  1.98333746e-10  1.98333746e-10  2.79553077e-11  2.79553077e-11  2.79553077e-11  2.24750865e-11  2.24750865e-11  2.24750865e-11  2.79553077e-11  2.79553077e-11  2.79553077e-11  2.24750865e-11  2.24750865e-11  2.24750865e-11  7.39187601e-12  7.39187601e-12  7.39187601e-12  7.39187601e-12  8.71371184e-11  8.71371184e-11  3.72943184e-10  3.72943184e-10  3.72943184e-10  2.89873790e-10  2.89873790e-10  2.89873790e-10  3.72943184e-10  3.72943184e-10  3.72943184e-10  2.89873790e-10  2.89873790e-10  2.89873790e-10  3.15178195e-10  3.15178195e-10  3.15178195e-10  3.15178195e-10  1.78033112e-10  1.78033112e-10 
 2.39883292e+07  3.65600203e-10  3.65600203e-10  3.65600203e-10  2.84169348e-10  2.84169348e-10  2.84169348e-10  3.65600203e-10  3.65600203e-10  3.65600203e-10  2.84169348e-10  2.84169348e-10  2.84169348e-10  3.08356517e-10  3.08356517e-10  3.08356517e-10  3.08356517e-10  1.95493958e-10  1.95493958e-10  2.70388482e-11  2.70388482e-11  2.70388482e-11  2.17387536e-11  2.17387536e-11  2.17387536e-11  2.70388482e-11  2.70388482e-11  2.70388482e-11  2.17387536e-11  2.17387536e-11  2.17387536e-11  7.13549182e-12  7.13549182e-12  7.13549182e-12  7.13549182e-12  8.52205188e-11  8.52205188e-11  3.64222343e-10  3.64222343e-10  3.64222343e-10  2.83101530e-10  2.83101530e-10  2.83101530e-10  3.64222343e-10  3.64222343e-10  3.64222343e-10  2.83101530e-10  2.83101530e-10  2.83101530e-10  3.07769376e-10  3.07769376e-10  3.07769376e-10  3.07769376e-10  1.75809266e-10  1.75809266e-10 
 2.45470892e+07  3.56955752e-10  3.56955752e-10  3.56955752e-10  2.77562484e-10  2.77562484e-10  2.77562484e-10  3.56955752e-10  3.56955752e-10  3.56955752e-10  2.77562484e-10  2.77562484e-10  2.77562484e-10  3.01082517e-10  3.01082517e-10  3.01082517e-10  3.01082517e-10  1.92690154e-10  1.92690154e-10  2.61463065e-11  2.61463065e-11  2.61463065e-11  2.10299610e-11  2.10299610e-11  2.10299610e-11  2.61463065e-11  2.61463065e-11  2.61463065e-11  2.10299610e-11  2.10299610e-11  2.10299610e-11  6.88741686e-12  6.88741686e-12  6.88741686e-12  6.88741686e-12  8.33416523e-11  8.33416523e-11  3.55622103e-10  3.55622103e-10  3.55622103e-10  2.76532414e-10  2.76532414e-10  2.76532414e-10  3.55622103e-10  3.55622103e-10  3.55622103e-10  2.76532414e-10  2.76532414e-10  2.76532414e-10  3.00509261e-10  3.00509261e-10  3.00509261e-10  3.00509261e-10  1.73603987e-10  1.73603987e-10 
 2.51188643e+07  3.48430563e-10  3.48430563e-10  3.48430563e-10  2.71154374e-10  2.71154374e-10  2.71154374e-10  3.48430563e-10  3.48430563e-10  3.48430563e-10  2.71154374e-10  2.71154374e-10  2.71154374e-10  2.93953659e-10  2.93953659e-10  2.93953659e-10  2.93953659e-10  1.89920735e-10  1.89920735e-10  2.52770095e-11  2.52770095e-11  2.52770095e-11  2.03476456e-11  2.03476456e-11  2.03476456e-11  2.52770095e-11  2.52770095e-11  2.52770095e-11  2.03476456e-11  2.03476456e-11  2.03476456e-11  6.64736565e-12  6.64736565e-12  6.64736565e-12  6.64736565e-12  8.14993897e-11  8.14993897e-11  3.47139544e-10  3.47139544e-10  3.47139544e-10  2.70160432e-10  2.70160432e-10  2.70160432e-10  3.47139544e-10  3.47139544e-10  3.47139544e-10  2.70160432e-10  2.70160432e-10  2.70160432e-10  2.93393886e-10  2.93393886e-10  2.93393886e-10  2.93393886e-10  1.71416232e-10  1.71416232e-10 
 2.57039578e+07  3.40021982e-10  3.40021982e-10  3.40021982e-10  2.64938776e-10  2.64938776e-10  2.64938776e-10  3.40021982e-10  3.40021982e-10  3.40021982e-10  2.64938776e-10  2.64938776e-10  2.64938776e-10  2.86966103e-10  2.86966103e-10  2.86966103e-10  2.86966103e-10  1.87184214e-10  1.87184214e-10  2.44303226e-11  2.44303226e-11  2.44303226e-11  1.96907607e-11  1.96907607e-11  1.96907607e-11  2.44303226e-11  2.44303226e-11  2.44303226e-11  1.96907607e-11  1.96907607e-11  1.96907607e-11  6.41506378e-12  6.41506378e-12  6.41506378e-12  6.41506378e-12  7.96926701e-11  7.96926701e-11  3.38772071e-10  3.38772071e-10  3.38772071e-10  2.63979420e-10  2.63979420e-10  2.63979420e-10  3.38772071e-10  3.38772071e-10  3.38772071e-10  2.63979420e-10  2.63979420e-10  2.63979420e-10  2.86419426e-10  2.86419426e-10  2.86419426e-10  2.86419426e-10  1.69245046e-10  1.69245046e-10 
 2.63026799e+07  3.31727678e-10  3.31727678e-10  3.31727678e-10  2.58909300e-10  2.58909300e-10  2.58909300e-10  3.31727678e-10  3.31727678e-10  3.31727678e-10  2.58909300e-10  2.58909300e-10  2.58909300e-10  2.80116148e-10  2.80116148e-10  2.80116148e-10  2.80116148e-10  1.84479211e-10  1.84479211e-10  2.36056489e-11  2.36056489e-11  2.36056489e-11  1.90582762e-11  1.90582762e-11  1.90582762e-11  2.36056489e-11  2.36056489e-11  2.36056489e-11  1.90582762e-11  1.90582762e-11  1.90582762e-11  6.19024751e-12  6.19024751e-12  6.19024751e-12  6.19024751e-12  7.79204970e-11  7.79204970e-11  3.30517409e-10  3.30517409e-10  3.30517409e-10  2.57983062e-10  2.57983062e-10  2.57983062e-10  3.30517409e-10  3.30517409e-10  3.30517409e-10  2.57983062e-10  2.57983062e-10  2.57983062e-10  2.79582192e-10  2.79582192e-10  2.79582192e-10  2.79582192e-10  1.67089555e-10  1.67089555e-10 
 2.69153480e+07  3.23545639e-10  3.23545639e-10  3.23545639e-10  2.53059414e-10  2.53059414e-10  2.53059414e-10  3.23545639e-10  3.23545639e-10  3.23545639e-10  2.53059414e-10  2.53059414e-10  2.53059414e-10  2.73400229e-10  2.73400229e-10  2.73400229e-10  2.73400229e-10  1.81804448e-10  1.81804448e-10  2.28024268e-11  2.28024268e-11  2.28024268e-11  1.84491794e-11  1.84491794e-11  1.84491794e-11  2.28024268e-11  2.28024268e-11  2.28024268e-11  1.84491794e-11  1.84491794e-11  1.84491794e-11  5.97266332e-12  5.97266332e-12  5.97266332e-12  5.97266332e-12  7.61819351e-11  7.61819351e-11  3.22373599e-10  3.22373599e-10  3.22373599e-10  2.52164897e-10  2.52164897e-10  2.52164897e-10  3.22373599e-10  3.22373599e-10  3.22373599e-10  2.52164897e-10  2.52164897e-10  2.52164897e-10  2.72878630e-10  2.72878630e-10  2.72878630e-10  2.72878630e-10  1.64948962e-10  1.64948962e-10 
 2.75422870e+07  3.15474160e-10  3.15474160e-10  3.15474160e-10  2.47382451e-10  2.47382451e-10  2.47382451e-10  3.15474160e-10  3.15474160e-10  3.15474160e-10  2.47382451e-10  2.47382451e-10  2.47382451e-10  2.66814912e-10  2.66814912e-10  2.66814912e-10  2.66814912e-10  1.79158748e-10  1.79158748e-10  2.20201286e-11  2.20201286e-11  2.20201286e-11  1.78624751e-11  1.78624751e-11  1.78624751e-11  2.20201286e-11  2.20201286e-11  2.20201286e-11  1.78624751e-11  1.78624751e-11  1.78624751e-11  5.76206759e-12  5.76206759e-12  5.76206760e-12  5.76206760e-12  7.44761066e-11  7.44761066e-11  3.14338987e-10  3.14338987e-10  3.14338987e-10  2.46518327e-10  2.46518327e-10  2.46518327e-10  3.14338987e-10  3.14338987e-10  3.14338987e-10  2.46518327e-10  2.46518327e-10  2.46518327e-10  2.66305318e-10  2.66305318e-10  2.66305318e-10  2.66305318e-10  1.62822550e-10  1.62822550e-10 
 2.81838293e+07  3.07511842e-10  3.07511842e-10  3.07511842e-10  2.41871625e-10  2.41871625e-10  2.41871625e-10  3.07511842e-10  3.07511842e-10  3.07511842e-10  2.41871625e-10  2.41871625e-10  2.41871625e-10  2.60356894e-10  2.60356894e-10  2.60356894e-10  2.60356894e-10  1.76541026e-10  1.76541026e-10  2.12582585e-11  2.12582585e-11  2.12582585e-11  1.72971865e-11  1.72971865e-11  1.72971865e-11  2.12582585e-11  2.12582585e-11  2.12582585e-11  1.72971865e-11  1.72971865e-11  1.72971865e-11  5.55822619e-12  5.55822619e-12  5.55822619e-12  5.55822619e-12  7.28021876e-11  7.28021876e-11  3.06412220e-10  3.06412220e-10  3.06412220e-10  2.41036629e-10  2.41036629e-10  2.41036629e-10  3.06412220e-10  3.06412220e-10  3.06412220e-10  2.41036629e-10  2.41036629e-10  2.41036629e-10  2.59858967e-10  2.59858967e-10  2.59858967e-10  2.59858967e-10  1.60709673e-10  1.60709673e-10 
 2.88403150e+07  2.99657576e-10  2.99657576e-10  2.99657576e-10  2.36520042e-10  2.36520042e-10  2.36520042e-10  2.99657576e-10  2.99657576e-10  2.99657576e-10  2.36520042e-10  2.36520042e-10  2.36520042e-10  2.54023002e-10  2.54023002e-10  2.54023002e-10  2.54023002e-10  1.73950289e-10  1.73950289e-10  2.05163507e-11  2.05163507e-11  2.05163507e-11  1.67523566e-11  1.67523566e-11  1.67523566e-11  2.05163507e-11  2.05163507e-11  2.05163507e-11  1.67523566e-11  1.67523566e-11  1.67523566e-11  5.36091408e-12  5.36091408e-12  5.36091408e-12  5.36091408e-12  7.11594044e-11  7.11594044e-11  2.98592236e-10  2.98592236e-10  2.98592236e-10  2.35712973e-10  2.35712973e-10  2.35712973e-10  2.98592236e-10  2.98592236e-10  2.98592236e-10  2.35712973e-10  2.35712973e-10  2.35712973e-10  2.53536411e-10  2.53536411e-10  2.53536411e-10  2.53536411e-10  1.58609754e-10  1.58609754e-10 
 2.95120923e+07  2.91910535e-10  2.91910535e-10  2.91910535e-10  2.31320726e-10  2.31320726e-10  2.31320726e-10  2.91910535e-10  2.91910535e-10  2.91910535e-10  2.31320726e-10  2.31320726e-10  2.31320726e-10  2.47810186e-10  2.47810186e-10  2.47810186e-10  2.47810186e-10  1.71385627e-10  1.71385627e-10  1.97939675e-11  1.97939675e-11  1.97939675e-11  1.62270488e-11  1.62270488e-11  1.62270488e-11  1.97939675e-11  1.97939675e-11  1.97939675e-11  1.62270488e-11  1.62270488e-11  1.62270488e-11  5.16991504e-12  5.16991504e-12  5.16991504e-12  5.16991504e-12  6.95470303e-11  6.95470303e-11  2.90878251e-10  2.90878251e-10  2.90878251e-10  2.30540440e-10  2.30540440e-10  2.30540440e-10  2.90878251e-10  2.90878251e-10  2.90878251e-10  2.30540440e-10  2.30540440e-10  2.30540440e-10  2.47334613e-10  2.47334613e-10  2.47334613e-10  2.47334613e-10  1.56522285e-10  1.56522285e-10 
 3.01995172e+07  2.84270161e-10  2.84270161e-10  2.84270161e-10  2.26266634e-10  2.26266634e-10  2.26266634e-10  2.84270161e-10  2.84270161e-10  2.84270161e-10  2.26266634e-10  2.26266634e-10  2.26266634e-10  2.41715522e-10  2.41715522e-10  2.41715522e-10  2.41715522e-10  1.68846209e-10  1.68846209e-10  1.90906977e-11  1.90906977e-11  1.90906977e-11  1.57203484e-11  1.57203484e-11  1.57203484e-11  1.90906977e-11  1.90906977e-11  1.90906977e-11  1.57203484e-11  1.57203484e-11  1.57203484e-11  4.98502123e-12  4.98502123e-12  4.98502123e-12  4.98502123e-12  6.79643820e-11  6.79643820e-11  2.83269749e-10  2.83269749e-10  2.83269749e-10  2.25512046e-10  2.25512046e-10  2.25512046e-10  2.83269749e-10  2.83269749e-10  2.83269749e-10  2.25512046e-10  2.25512046e-10  2.25512046e-10  2.41250656e-10  2.41250656e-10  2.41250656e-10  2.41250656e-10  1.54446816e-10  1.54446816e-10 
 3.09029543e+07  2.76736152e-10  2.76736152e-10  2.76736152e-10  2.21350684e-10  2.21350684e-10  2.21350684e-10  2.76736152e-10  2.76736152e-10  2.76736152e-10  2.21350684e-10  2.21350684e-10  2.21350684e-10  2.35736202e-10  2.35736202e-10  2.35736202e-10  2.35736202e-10  1.66331279e-10  1.66331279e-10  1.84061544e-11  1.84061544e-11  1.84061544e-11  1.52313641e-11  1.52313641e-11  1.52313641e-11  1.84061544e-11  1.84061544e-11  1.84061544e-11  1.52313641e-11  1.52313641e-11  1.52313641e-11  4.80603295e-12  4.80603295e-12  4.80603295e-12  4.80603295e-12  6.64108161e-11  6.64108161e-11  2.75766468e-10  2.75766468e-10  2.75766468e-10  2.20620760e-10  2.20620760e-10  2.20620760e-10  2.75766468e-10  2.75766468e-10  2.75766468e-10  2.20620760e-10  2.20620760e-10  2.20620760e-10  2.35281746e-10  2.35281746e-10  2.35281746e-10  2.35281746e-10  1.52382960e-10  1.52382960e-10 
 3.16227766e+07  2.69308448e-10  2.69308448e-10  2.69308448e-10  2.16565782e-10  2.16565782e-10  2.16565782e-10  2.69308448e-10  2.69308448e-10  2.69308448e-10  2.16565782e-10  2.16565782e-10  2.16565782e-10  2.29869540e-10  2.29869540e-10  2.29869540e-10  2.29869540e-10  1.63840149e-10  1.63840149e-10  1.77399730e-11  1.77399730e-11  1.77399730e-11  1.47592290e-11  1.47592290e-11  1.47592290e-11  1.77399730e-11  1.77399730e-11  1.77399730e-11  1.47592290e-11  1.47592290e-11  1.47592290e-11  4.63275820e-12  4.63275820e-12  4.63275820e-12  4.63275820e-12  6.48857261e-11  6.48857261e-11  2.68368385e-10  2.68368385e-10  2.68368385e-10  2.15859541e-10  2.15859541e-10  2.15859541e-10  2.68368385e-10  2.68368385e-10  2.68368385e-10  2.15859541e-10  2.15859541e-10  2.15859541e-10  2.29425203e-10  2.29425203e-10  2.29425203e-10  2.29425203e-10  1.50330381e-10  1.50330381e-10 
 3.23593657e+07  2.61987211e-10  2.61987211e-10  2.61987211e-10  2.11904850e-10  2.11904850e-10  2.11904850e-10  2.61987211e-10  2.61987211e-10  2.61987211e-10  2.11904850e-10  2.11904850e-10  2.11904850e-10  2.24112961e-10  2.24112961e-10  2.24112961e-10  2.24112961e-10  1.61372197e-10  1.61372197e-10  1.70918098e-11  1.70918098e-11  1.70918098e-11  1.43031025e-11  1.43031025e-11  1.43031025e-11  1.70918098e-11  1.70918098e-11  1.70918098e-11  1.43031025e-11  1.43031025e-11  1.43031025e-11  4.46501249e-12  4.46501249e-12  4.46501249e-12  4.46501249e-12  6.33885390e-11  6.33885390e-11  2.61075699e-10  2.61075699e-10  2.61075699e-10  2.11221357e-10  2.11221357e-10  2.11221357e-10  2.61075699e-10  2.61075699e-10  2.61075699e-10  2.11221357e-10  2.11221357e-10  2.11221357e-10  2.23678463e-10  2.23678463e-10  2.23678463e-10  2.23678463e-10  1.48288793e-10  1.48288793e-10 
 3.31131121e+07  2.54772813e-10  2.54772813e-10  2.54772813e-10  2.07360854e-10  2.07360854e-10  2.07360854e-10  2.54772813e-10  2.54772813e-10  2.54772813e-10  2.07360854e-10  2.07360854e-10  2.07360854e-10  2.18464005e-10  2.18464005e-10  2.18464005e-10  2.18464005e-10  1.58926857e-10  1.58926857e-10  1.64613396e-11  1.64613396e-11  1.64613396e-11  1.38621714e-11  1.38621714e-11  1.38621714e-11  1.64613396e-11  1.64613396e-11  1.64613396e-11  1.38621714e-11  1.38621714e-11  1.38621714e-11  4.30261843e-12  4.30261843e-12  4.30261843e-12  4.30261843e-12  6.19187124e-11  6.19187124e-11  2.53888816e-10  2.53888816e-10  2.53888816e-10  2.06699222e-10  2.06699222e-10  2.06699222e-10  2.53888816e-10  2.53888816e-10  2.53888816e-10  2.06699222e-10  2.06699222e-10  2.06699222e-10  2.18039072e-10  2.18039072e-10  2.18039072e-10  2.18039072e-10  1.46257958e-10  1.46257958e-10 
 3.38844156e+07  2.47665815e-10  2.47665815e-10  2.47665815e-10  2.02926842e-10  2.02926842e-10  2.02926842e-10  2.47665815e-10  2.47665815e-10  2.47665815e-10  2.02926842e-10  2.02926842e-10  2.02926842e-10  2.12920318e-10  2.12920318e-10  2.12920318e-10  2.12920318e-10  1.56503617e-10  1.56503617e-10  1.58482539e-11  1.58482539e-11  1.58482539e-11  1.34356516e-11  1.34356516e-11  1.34356516e-11  1.58482539e-11  1.58482539e-11  1.58482539e-11  1.34356516e-11  1.34356516e-11  1.34356516e-11  4.14540550e-12  4.14540550e-12  4.14540550e-12  4.14540550e-12  6.04757318e-11  6.04757318e-11  2.46808332e-10  2.46808332e-10  2.46808332e-10  2.02286225e-10  2.02286225e-10  2.02286225e-10  2.46808332e-10  2.46808332e-10  2.46808332e-10  2.02286225e-10  2.02286225e-10  2.02286225e-10  2.12504686e-10  2.12504686e-10  2.12504686e-10  2.12504686e-10  1.44237677e-10  1.44237677e-10 
 3.46736850e+07  2.40666949e-10  2.40666949e-10  2.40666949e-10  1.98595968e-10  1.98595968e-10  1.98595968e-10  2.40666949e-10  2.40666949e-10  2.40666949e-10  1.98595968e-10  1.98595968e-10  1.98595968e-10  2.07479654e-10  2.07479654e-10  2.07479654e-10  2.07479654e-10  1.54102016e-10  1.54102016e-10  1.52522595e-11  1.52522595e-11  1.52522595e-11  1.30227892e-11  1.30227892e-11  1.30227892e-11  1.52522595e-11  1.52522595e-11  1.52522595e-11  1.30227892e-11  1.30227892e-11  1.30227892e-11  3.99320974e-12  3.99320974e-12  3.99320974e-12  3.99320974e-12  5.90591074e-11  5.90591074e-11  2.39835011e-10  2.39835011e-10  2.39835011e-10  1.97975563e-10  1.97975563e-10  1.97975563e-10  2.39835011e-10  2.39835011e-10  2.39835011e-10  1.97975563e-10  1.97975563e-10  1.97975563e-10  2.07073066e-10  2.07073066e-10  2.07073066e-10  2.07073066e-10  1.42227792e-10  1.42227792e-10 
 3.54813389e+07  2.33777097e-10  2.33777097e-10  2.33777097e-10  1.94361530e-10  1.94361530e-10  1.94361530e-10  2.33777097e-10  2.33777097e-10  2.33777097e-10  1.94361530e-10  1.94361530e-10  1.94361530e-10  2.02139868e-10  2.02139868e-10  2.02139868e-10  2.02139868e-10  1.51721633e-10  1.51721633e-10  1.46730760e-11  1.46730760e-11  1.46730760e-11  1.26228618e-11  1.26228618e-11  1.26228618e-11  1.46730760e-11  1.46730760e-11  1.46730760e-11  1.26228618e-11  1.26228618e-11  1.26228618e-11  3.84587348e-12  3.84587348e-12  3.84587348e-12  3.84587348e-12  5.76683722e-11  5.76683722e-11  2.32969766e-10  2.32969766e-10  2.32969766e-10  1.93760570e-10  1.93760570e-10  1.93760570e-10  2.32969766e-10  2.32969766e-10  2.32969766e-10  1.93760570e-10  1.93760570e-10  1.93760570e-10  2.01742075e-10  2.01742075e-10  2.01742075e-10  2.01742075e-10  1.40228175e-10  1.40228175e-10 
 3.63078055e+07  2.26997273e-10  2.26997273e-10  2.26997273e-10  1.90217000e-10  1.90217000e-10  1.90217000e-10  2.26997273e-10  2.26997273e-10  2.26997273e-10  1.90217000e-10  1.90217000e-10  1.90217000e-10  1.96898917e-10  1.96898917e-10  1.96898917e-10  1.96898917e-10  1.49362090e-10  1.49362090e-10  1.41104347e-11  1.41104347e-11  1.41104347e-11  1.22351799e-11  1.22351799e-11  1.22351799e-11  1.41104347e-11  1.41104347e-11  1.41104347e-11  1.22351799e-11  1.22351799e-11  1.22351799e-11  3.70324508e-12  3.70324508e-12  3.70324508e-12  3.70324508e-12  5.63030790e-11  5.63030791e-11  2.26213642e-10  2.26213642e-10  2.26213642e-10  1.89634755e-10  1.89634755e-10  1.89634755e-10  2.26213642e-10  2.26213642e-10  2.26213642e-10  1.89634755e-10  1.89634755e-10  1.89634755e-10  1.96509678e-10  1.96509678e-10  1.96509679e-10  1.96509679e-10  1.38238730e-10  1.38238730e-10 
 3.71535229e+07  2.20328599e-10  2.20328599e-10  2.20328599e-10  1.86156053e-10  1.86156053e-10  1.86156053e-10  2.20328599e-10  2.20328599e-10  2.20328599e-10  1.86156053e-10  1.86156053e-10  1.86156053e-10  1.91754855e-10  1.91754855e-10  1.91754855e-10  1.91754855e-10  1.47023041e-10  1.47023041e-10  1.35640766e-11  1.35640766e-11  1.35640766e-11  1.18590875e-11  1.18590875e-11  1.18590875e-11  1.35640766e-11  1.35640766e-11  1.35640766e-11  1.18590875e-11  1.18590875e-11  1.18590875e-11  3.56517866e-12  3.56517866e-12  3.56517866e-12  3.56517866e-12  5.49627989e-11  5.49627989e-11  2.19567789e-10  2.19567789e-10  2.19567789e-10  1.85591828e-10  1.85591828e-10  1.85591828e-10  2.19567789e-10  2.19567789e-10  2.19567789e-10  1.85591828e-10  1.85591828e-10  1.85591828e-10  1.91373936e-10  1.91373936e-10  1.91373936e-10  1.91373936e-10  1.36259386e-10  1.36259386e-10 
 3.80189396e+07  2.13772285e-10  2.13772285e-10  2.13772285e-10  1.82172602e-10  1.82172602e-10  1.82172602e-10  2.13772285e-10  2.13772285e-10  2.13772285e-10  1.82172601e-10  1.82172601e-10  1.82172601e-10  1.86705830e-10  1.86705830e-10  1.86705830e-10  1.86705830e-10  1.44704175e-10  1.44704175e-10  1.30337504e-11  1.30337504e-11  1.30337504e-11  1.14939631e-11  1.14939631e-11  1.14939631e-11  1.30337504e-11  1.30337504e-11  1.30337504e-11  1.14939631e-11  1.14939631e-11  1.14939631e-11  3.43153388e-12  3.43153388e-12  3.43153388e-12  3.43153388e-12  5.36471188e-11  5.36471188e-11  2.13033448e-10  2.13033448e-10  2.13033448e-10  1.81625731e-10  1.81625731e-10  1.81625731e-10  2.13033448e-10  2.13033448e-10  2.13033448e-10  1.81625731e-10  1.81625731e-10  1.81625731e-10  1.86333003e-10  1.86333003e-10  1.86333003e-10  1.86333003e-10  1.34290098e-10  1.34290098e-10 
 3.89045145e+07  2.07329608e-10  2.07329608e-10  2.07329608e-10  1.78260820e-10  1.78260820e-10  1.78260820e-10  2.07329608e-10  2.07329608e-10  2.07329608e-10  1.78260820e-10  1.78260820e-10  1.78260820e-10  1.81750082e-10  1.81750082e-10  1.81750082e-10  1.81750082e-10  1.42405204e-10  1.42405204e-10  1.25192116e-11  1.25192116e-11  1.25192116e-11  1.11392204e-11  1.11392204e-11  1.11392204e-11  1.25192116e-11  1.25192116e-11  1.25192116e-11  1.11392204e-11  1.11392204e-11  1.11392204e-11  3.30217571e-12  3.30217571e-12  3.30217571e-12  3.30217571e-12  5.23556400e-11  5.23556400e-11  2.06611921e-10  2.06611921e-10  2.06611921e-10  1.77730668e-10  1.77730668e-10  1.77730668e-10  2.06611921e-10  2.06611921e-10  2.06611921e-10  1.77730668e-10  1.77730668e-10  1.77730668e-10  1.81385125e-10  1.81385125e-10  1.81385125e-10  1.81385125e-10  1.32330837e-10  1.32330837e-10 
 3.98107171e+07  2.01001888e-10  2.01001888e-10  2.01001888e-10  1.74415171e-10  1.74415171e-10  1.74415171e-10  2.01001888e-10  2.01001888e-10  2.01001888e-10  1.74415171e-10  1.74415171e-10  1.74415171e-10  1.76885941e-10  1.76885941e-10  1.76885941e-10  1.76885941e-10  1.40125869e-10  1.40125869e-10  1.20202205e-11  1.20202205e-11  1.20202205e-11  1.07943086e-11  1.07943086e-11  1.07943086e-11  1.20202205e-11  1.20202205e-11  1.20202205e-11  1.07943086e-11  1.07943086e-11  1.07943086e-11  3.17697417e-12  3.17697417e-12  3.17697417e-12  3.17697417e-12  5.10879764e-11  5.10879764e-11  2.00304558e-10  2.00304558e-10  2.00304558e-10  1.73901131e-10  1.73901131e-10  1.73901131e-10  2.00304558e-10  2.00304558e-10  2.00304558e-10  1.73901131e-10  1.73901131e-10  1.73901131e-10  1.76528640e-10  1.76528640e-10  1.76528640e-10  1.76528640e-10  1.30381595e-10  1.30381595e-10 
 4.07380278e+07  1.94790466e-10  1.94790466e-10  1.94790466e-10  1.70630434e-10  1.70630434e-10  1.70630434e-10  1.94790466e-10  1.94790466e-10  1.94790466e-10  1.70630434e-10  1.70630434e-10  1.70630434e-10  1.72111822e-10  1.72111822e-10  1.72111822e-10  1.72111822e-10  1.37865930e-10  1.37865930e-10  1.15365409e-11  1.15365409e-11  1.15365409e-11  1.04587128e-11  1.04587128e-11  1.04587128e-11  1.15365409e-11  1.15365409e-11  1.15365409e-11  1.04587128e-11  1.04587128e-11  1.04587128e-11  3.05580417e-12  3.05580417e-12  3.05580417e-12  3.05580417e-12  4.98437536e-11  4.98437536e-11  1.94112726e-10  1.94112726e-10  1.94112726e-10  1.70131924e-10  1.70131924e-10  1.70131924e-10  1.94112726e-10  1.94112726e-10  1.94112726e-10  1.70131924e-10  1.70131924e-10  1.70131924e-10  1.71761969e-10  1.71761969e-10  1.71761969e-10  1.71761969e-10  1.28442375e-10  1.28442375e-10 
 4.16869383e+07  1.88696687e-10  1.88696687e-10  1.88696687e-10  1.66901721e-10  1.66901721e-10  1.66901721e-10  1.88696687e-10  1.88696687e-10  1.88696687e-10  1.66901721e-10  1.66901721e-10  1.66901721e-10  1.67426227e-10  1.67426227e-10  1.67426227e-10  1.67426227e-10  1.35625168e-10  1.35625168e-10  1.10679389e-11  1.10679389e-11  1.10679389e-11  1.01319538e-11  1.01319538e-11  1.01319538e-11  1.10679389e-11  1.10679389e-11  1.10679389e-11  1.01319538e-11  1.01319538e-11  1.01319538e-11  2.93854524e-12  2.93854524e-12  2.93854524e-12  2.93854524e-12  4.86226074e-11  4.86226074e-11  1.88037795e-10  1.88037795e-10  1.88037795e-10  1.66418183e-10  1.66418183e-10  1.66418183e-10  1.88037795e-10  1.88037795e-10  1.88037795e-10  1.66418183e-10  1.66418183e-10  1.66418183e-10  1.67083618e-10  1.67083618e-10  1.67083618e-10  1.67083618e-10  1.26513198e-10  1.26513198e-10 
 4.26579519e+07  1.82721870e-10  1.82721870e-10  1.82721870e-10  1.63224497e-10  1.63224497e-10  1.63224497e-10  1.82721870e-10  1.82721870e-10  1.82721870e-10  1.63224497e-10  1.63224497e-10  1.63224497e-10  1.62827738e-10  1.62827738e-10  1.62827738e-10  1.62827738e-10  1.33403381e-10  1.33403381e-10  1.06141812e-11  1.06141812e-11  1.06141812e-11  9.81358799e-12  9.81358799e-12  9.81358799e-12  1.06141812e-11  1.06141812e-11  1.06141812e-11  9.81358799e-12  9.81358799e-12  9.81358799e-12  2.82508140e-12  2.82508140e-12  2.82508140e-12  2.82508140e-12  4.74241830e-11  4.74241830e-11  1.82081111e-10  1.82081111e-10  1.82081111e-10  1.62755396e-10  1.62755396e-10  1.62755396e-10  1.82081111e-10  1.82081111e-10  1.82081111e-10  1.62755396e-10  1.62755396e-10  1.62755396e-10  1.62492177e-10  1.62492177e-10  1.62492177e-10  1.62492177e-10  1.24594091e-10  1.24594091e-10 
 4.36515832e+07  1.76867295e-10  1.76867295e-10  1.76867295e-10  1.59594598e-10  1.59594598e-10  1.59594598e-10  1.76867295e-10  1.76867295e-10  1.76867295e-10  1.59594598e-10  1.59594598e-10  1.59594598e-10  1.58315016e-10  1.58315016e-10  1.58315016e-10  1.58315016e-10  1.31200382e-10  1.31200382e-10  1.01750346e-11  1.01750346e-11  1.01750346e-11  9.50320712e-12  9.50320712e-12  9.50320712e-12  1.01750346e-11  1.01750346e-11  1.01750346e-11  9.50320712e-12  9.50320712e-12  9.50320712e-12  2.71530094e-12  2.71530094e-12  2.71530094e-12  2.71530094e-12  4.62481343e-11  4.62481343e-11  1.76243980e-10  1.76243980e-10  1.76243980e-10  1.59139420e-10  1.59139420e-10  1.59139420e-10  1.76243980e-10  1.76243980e-10  1.76243980e-10  1.59139420e-10  1.59139420e-10  1.59139420e-10  1.57986312e-10  1.57986312e-10  1.57986312e-10  1.57986312e-10  1.22685096e-10  1.22685096e-10 
 4.46683592e+07  1.71134179e-10  1.71134179e-10  1.71134179e-10  1.56008240e-10  1.56008240e-10  1.56008240e-10  1.71134179e-10  1.71134179e-10  1.71134179e-10  1.56008240e-10  1.56008240e-10  1.56008240e-10  1.53886802e-10  1.53886802e-10  1.53886802e-10  1.53886802e-10  1.29016002e-10  1.29016002e-10  9.75026437e-12  9.75026437e-12  9.75026437e-12  9.20043743e-12  9.20043743e-12  9.20043743e-12  9.75026437e-12  9.75026437e-12  9.75026437e-12  9.20043743e-12  9.20043743e-12  9.20043743e-12  2.60909623e-12  2.60909623e-12  2.60909623e-12  2.60909623e-12  4.50941237e-11  4.50941237e-11  1.70527642e-10  1.70527642e-10  1.70527642e-10  1.55566490e-10  1.55566490e-10  1.55566490e-10  1.70527643e-10  1.70527643e-10  1.70527643e-10  1.55566490e-10  1.55566490e-10  1.55566490e-10  1.53564768e-10  1.53564768e-10  1.53564768e-10  1.53564768e-10  1.20786262e-10  1.20786262e-10 
 4.57088190e+07  1.65523655e-10  1.65523655e-10  1.65523655e-10  1.52462031e-10  1.52462031e-10  1.52462031e-10  1.65523655e-10  1.65523655e-10  1.65523655e-10  1.52462031e-10  1.52462031e-10  1.52462031e-10  1.49541909e-10  1.49541909e-10  1.49541909e-10  1.49541909e-10  1.26850086e-10  1.26850086e-10  9.33963359e-12  9.33963359e-12  9.33963359e-12  8.90493903e-12  8.90493903e-12  8.90493903e-12  9.33963359e-12  9.33963359e-12  9.33963359e-12  8.90493903e-12  8.90493903e-12  8.90493903e-12  2.50636358e-12  2.50636358e-12  2.50636358e-12  2.50636358e-12  4.39618210e-11  4.39618210e-11  1.64933257e-10  1.64933257e-10  1.64933257e-10  1.52033231e-10  1.52033231e-10  1.52033231e-10  1.64933257e-10  1.64933257e-10  1.64933257e-10  1.52033231e-10  1.52033231e-10  1.52033231e-10  1.49226366e-10  1.49226366e-10  1.49226366e-10  1.49226366e-10  1.18897648e-10  1.18897648e-10 
 4.67735141e+07  1.60036756e-10  1.60036756e-10  1.60036756e-10  1.48952974e-10  1.48952974e-10  1.48952974e-10  1.60036756e-10  1.60036756e-10  1.60036756e-10  1.48952974e-10  1.48952974e-10  1.48952974e-10  1.45279227e-10  1.45279227e-10  1.45279227e-10  1.45279227e-10  1.24702491e-10  1.24702491e-10  8.94290230e-12  8.94290230e-12  8.94290230e-12  8.61640479e-12  8.61640479e-12  8.61640479e-12  8.94290230e-12  8.94290230e-12  8.94290230e-12  8.61640479e-12  8.61640479e-12  8.61640479e-12  2.40700305e-12  2.40700305e-12  2.40700305e-12  2.40700305e-12  4.28509040e-11  4.28509040e-11  1.59461881e-10  1.59461881e-10  1.59461881e-10  1.48536665e-10  1.48536665e-10  1.48536665e-10  1.59461881e-10  1.59461881e-10  1.59461881e-10  1.48536665e-10  1.48536665e-10  1.48536665e-10  1.44969998e-10  1.44969998e-10  1.44969998e-10  1.44969998e-10  1.17019322e-10  1.17019322e-10 
 4.78630092e+07  1.54674398e-10  1.54674398e-10  1.54674398e-10  1.45478473e-10  1.45478473e-10  1.45478473e-10  1.54674398e-10  1.54674398e-10  1.54674398e-10  1.45478473e-10  1.45478473e-10  1.45478473e-10  1.41097713e-10  1.41097713e-10  1.41097713e-10  1.41097713e-10  1.22573092e-10  1.22573092e-10  8.55982673e-12  8.55982673e-12  8.55982673e-12  8.33455924e-12  8.33455924e-12  8.33455924e-12  8.55982673e-12  8.55982673e-12  8.55982673e-12  8.33455924e-12  8.33455924e-12  8.33455924e-12  2.31091829e-12  2.31091829e-12  2.31091829e-12  2.31091829e-12  4.17610579e-11  4.17610579e-11  1.54114453e-10  1.54114453e-10  1.54114453e-10  1.45074210e-10  1.45074210e-10  1.45074210e-10  1.54114453e-10  1.54114453e-10  1.54114453e-10  1.45074210e-10  1.45074210e-10  1.45074210e-10  1.40794627e-10  1.40794627e-10  1.40794627e-10  1.40794627e-10  1.15151362e-10  1.15151362e-10 
 4.89778819e+07  1.49437360e-10  1.49437360e-10  1.49437360e-10  1.42036328e-10  1.42036328e-10  1.42036328e-10  1.49437360e-10  1.49437360e-10  1.49437360e-10  1.42036328e-10  1.42036328e-10  1.42036328e-10  1.36996394e-10  1.36996394e-10  1.36996394e-10  1.36996394e-10  1.20461780e-10  1.20461780e-10  8.19015872e-12  8.19015872e-12  8.19015872e-12  8.05915724e-12  8.05915724e-12  8.05915724e-12  8.19015872e-12  8.19015872e-12  8.19015872e-12  8.05915724e-12  8.05915724e-12  8.05915724e-12  2.21801639e-12  2.21801639e-12  2.21801639e-12  2.21801639e-12  4.06919754e-11  4.06919755e-11  1.48891778e-10  1.48891778e-10  1.48891778e-10  1.41643681e-10  1.41643681e-10  1.41643681e-10  1.48891778e-10  1.48891778e-10  1.48891778e-10  1.41643681e-10  1.41643681e-10  1.41643681e-10  1.36699285e-10  1.36699285e-10  1.36699285e-10  1.36699285e-10  1.13293857e-10  1.13293857e-10 
 5.01187234e+07  1.44326273e-10  1.44326273e-10  1.44326273e-10  1.38624736e-10  1.38624736e-10  1.38624736e-10  1.44326273e-10  1.44326273e-10  1.44326273e-10  1.38624736e-10  1.38624736e-10  1.38624736e-10  1.32974363e-10  1.32974363e-10  1.32974363e-10  1.32974363e-10  1.18368458e-10  1.18368458e-10  7.83364526e-12  7.83364526e-12  7.83364526e-12  7.78998245e-12  7.78998245e-12  7.78998245e-12  7.83364526e-12  7.83364526e-12  7.83364526e-12  7.78998245e-12  7.78998245e-12  7.78998245e-12  2.12820775e-12  2.12820775e-12  2.12820775e-12  2.12820775e-12  3.96433573e-11  3.96433573e-11  1.43794508e-10  1.43794508e-10  1.43794508e-10  1.38243288e-10  1.38243288e-10  1.38243288e-10  1.43794508e-10  1.43794508e-10  1.43794508e-10  1.38243288e-10  1.38243288e-10  1.38243288e-10  1.32683070e-10  1.32683070e-10  1.32683070e-10  1.32683070e-10  1.11446906e-10  1.11446906e-10 
 5.12861384e+07  1.39341604e-10  1.39341604e-10  1.39341604e-10  1.35242278e-10  1.35242278e-10  1.35242278e-10  1.39341604e-10  1.39341604e-10  1.39341604e-10  1.35242278e-10  1.35242278e-10  1.35242278e-10  1.29030777e-10  1.29030777e-10  1.29030777e-10  1.29030777e-10  1.16293052e-10  1.16293052e-10  7.49002811e-12  7.49002811e-12  7.49002811e-12  7.52684580e-12  7.52684580e-12  7.52684580e-12  7.49002811e-12  7.49002811e-12  7.49002811e-12  7.52684580e-12  7.52684580e-12  7.52684580e-12  2.04140587e-12  2.04140587e-12  2.04140587e-12  2.04140587e-12  3.86149121e-11  3.86149121e-11  1.38823134e-10  1.38823134e-10  1.38823134e-10  1.34871627e-10  1.34871627e-10  1.34871627e-10  1.38823134e-10  1.38823134e-10  1.38823134e-10  1.34871627e-10  1.34871627e-10  1.34871627e-10  1.28745142e-10  1.28745142e-10  1.28745142e-10  1.28745142e-10  1.09610621e-10  1.09610621e-10 
 5.24807460e+07  1.34483646e-10  1.34483646e-10  1.34483646e-10  1.31887915e-10  1.31887915e-10  1.31887915e-10  1.34483646e-10  1.34483646e-10  1.34483646e-10  1.31887915e-10  1.31887915e-10  1.31887915e-10  1.25164853e-10  1.25164853e-10  1.25164853e-10  1.25164853e-10  1.14235504e-10  1.14235504e-10  7.15904354e-12  7.15904354e-12  7.15904354e-12  7.26958371e-12  7.26958371e-12  7.26958371e-12  7.15904355e-12  7.15904355e-12  7.15904355e-12  7.26958371e-12  7.26958371e-12  7.26958371e-12  1.95752729e-12  1.95752729e-12  1.95752729e-12  1.95752729e-12  3.76063564e-11  3.76063564e-11  1.33977972e-10  1.33977972e-10  1.33977972e-10  1.31527667e-10  1.31527667e-10  1.31527667e-10  1.33977972e-10  1.33977972e-10  1.33977972e-10  1.31527667e-10  1.31527667e-10  1.31527667e-10  1.24884724e-10  1.24884724e-10  1.24884724e-10  1.24884724e-10  1.07785129e-10  1.07785129e-10 
 5.37031796e+07  1.29752510e-10  1.29752510e-10  1.29752510e-10  1.28560971e-10  1.28560971e-10  1.28560971e-10  1.29752510e-10  1.29752510e-10  1.29752510e-10  1.28560971e-10  1.28560971e-10  1.28560971e-10  1.21375866e-10  1.21375866e-10  1.21375866e-10  1.21375866e-10  1.12195777e-10  1.12195777e-10  6.84042229e-12  6.84042229e-12  6.84042229e-12  7.01805633e-12  7.01805633e-12  7.01805633e-12  6.84042229e-12  6.84042229e-12  6.84042229e-12  7.01805633e-12  7.01805633e-12  7.01805633e-12  1.87649138e-12  1.87649138e-12  1.87649138e-12  1.87649138e-12  3.66174155e-11  3.66174155e-11  1.29259154e-10  1.29259154e-10  1.29259154e-10  1.28210746e-10  1.28210746e-10  1.28210746e-10  1.29259154e-10  1.29259154e-10  1.29259154e-10  1.28210746e-10  1.28210746e-10  1.28210746e-10  1.21101093e-10  1.21101093e-10  1.21101093e-10  1.21101093e-10  1.05970571e-10  1.05970571e-10 
 5.49540874e+07  1.25148111e-10  1.25148111e-10  1.25148111e-10  1.25261116e-10  1.25261116e-10  1.25261116e-10  1.25148111e-10  1.25148111e-10  1.25148111e-10  1.25261116e-10  1.25261116e-10  1.25261116e-10  1.17663146e-10  1.17663146e-10  1.17663146e-10  1.17663146e-10  1.10173856e-10  1.10173856e-10  6.53388949e-12  6.53388949e-12  6.53388949e-12  6.77214565e-12  6.77214565e-12  6.77214565e-12  6.53388949e-12  6.53388949e-12  6.53388949e-12  6.77214564e-12  6.77214564e-12  6.77214564e-12  1.79822022e-12  1.79822022e-12  1.79822022e-12  1.79822022e-12  3.56478232e-11  3.56478232e-11  1.24666619e-10  1.24666619e-10  1.24666619e-10  1.24920544e-10  1.24920544e-10  1.24920544e-10  1.24666619e-10  1.24666619e-10  1.24666619e-10  1.24920544e-10  1.24920544e-10  1.24920544e-10  1.17393586e-10  1.17393586e-10  1.17393586e-10  1.17393586e-10  1.04167107e-10  1.04167107e-10 
 5.62341325e+07  1.20670170e-10  1.20670170e-10  1.20670170e-10  1.21988353e-10  1.21988353e-10  1.21988353e-10  1.20670170e-10  1.20670170e-10  1.20670170e-10  1.21988353e-10  1.21988353e-10  1.21988353e-10  1.14026075e-10  1.14026075e-10  1.14026075e-10  1.14026075e-10  1.08169749e-10  1.08169749e-10  6.23916478e-12  6.23916478e-12  6.23916478e-12  6.53175353e-12  6.53175353e-12  6.53175353e-12  6.23916478e-12  6.23916478e-12  6.23916478e-12  6.53175353e-12  6.53175353e-12  6.53175353e-12  1.72263848e-12  1.72263848e-12  1.72263848e-12  1.72263848e-12  3.46973225e-11  3.46973225e-11  1.20200107e-10  1.20200107e-10  1.20200107e-10  1.21657073e-10  1.21657073e-10  1.21657073e-10  1.20200107e-10  1.20200107e-10  1.20200107e-10  1.21657073e-10  1.21657073e-10  1.21657073e-10  1.13761585e-10  1.13761585e-10  1.13761585e-10  1.13761585e-10  1.02374914e-10  1.02374914e-10 
 5.75439937e+07  1.16318204e-10  1.16318204e-10  1.16318204e-10  1.18742993e-10  1.18742993e-10  1.18742993e-10  1.16318204e-10  1.16318204e-10  1.16318204e-10  1.18742993e-10  1.18742993e-10  1.18742993e-10  1.10464080e-10  1.10464080e-10  1.10464080e-10  1.10464080e-10  1.06183490e-10  1.06183490e-10  5.95596260e-12  5.95596260e-12  5.95596260e-12  6.29679977e-12  6.29679977e-12  6.29679977e-12  5.95596260e-12  5.95596260e-12  5.95596260e-12  6.29679977e-12  6.29679977e-12  6.29679977e-12  1.64967326e-12  1.64967326e-12  1.64967326e-12  1.64967326e-12  3.37656654e-11  3.37656654e-11  1.15859155e-10  1.15859155e-10  1.15859155e-10  1.18420655e-10  1.18420655e-10  1.18420655e-10  1.15859156e-10  1.15859156e-10  1.15859156e-10  1.18420655e-10  1.18420655e-10  1.18420655e-10  1.10204525e-10  1.10204525e-10  1.10204525e-10  1.10204525e-10  1.00594191e-10  1.00594191e-10 
 5.88843655e+07  1.12091527e-10  1.12091527e-10  1.12091527e-10  1.15525635e-10  1.15525635e-10  1.15525635e-10  1.12091527e-10  1.12091527e-10  1.12091527e-10  1.15525635e-10  1.15525635e-10  1.15525635e-10  1.06976634e-10  1.06976634e-10  1.06976634e-10  1.06976634e-10  1.04215140e-10  1.04215140e-10  5.68399242e-12  5.68399242e-12  5.68399242e-12  6.06722008e-12  6.06722008e-12  6.06722008e-12  5.68399242e-12  5.68399242e-12  5.68399242e-12  6.06722008e-12  6.06722008e-12  6.06722008e-12  1.57925395e-12  1.57925395e-12  1.57925395e-12  1.57925395e-12  3.28526132e-11  3.28526132e-11  1.11643100e-10  1.11643100e-10  1.11643100e-10  1.15211896e-10  1.15211896e-10  1.15211896e-10  1.11643100e-10  1.11643100e-10  1.11643100e-10  1.15211896e-10  1.15211896e-10  1.15211896e-10  1.06721879e-10  1.06721879e-10  1.06721879e-10  1.06721879e-10  9.88251560e-11  9.88251560e-11 
 6.02559586e+07  1.07989250e-10  1.07989250e-10  1.07989250e-10  1.12337137e-10  1.12337137e-10  1.12337137e-10  1.07989250e-10  1.07989250e-10  1.07989250e-10  1.12337137e-10  1.12337137e-10  1.12337137e-10  1.03563247e-10  1.03563247e-10  1.03563247e-10  1.03563247e-10  1.02264784e-10  1.02264784e-10  5.42295926e-12  5.42295926e-12  5.42295926e-12  5.84296408e-12  5.84296408e-12  5.84296408e-12  5.42295926e-12  5.42295926e-12  5.42295926e-12  5.84296408e-12  5.84296408e-12  5.84296408e-12  1.51131212e-12  1.51131212e-12  1.51131212e-12  1.51131212e-12  3.19579365e-11  3.19579365e-11  1.07551071e-10  1.07551071e-10  1.07551071e-10  1.12031666e-10  1.12031666e-10  1.12031666e-10  1.07551071e-10  1.07551071e-10  1.07551071e-10  1.12031666e-10  1.12031666e-10  1.12031666e-10  1.03313163e-10  1.03313163e-10  1.03313163e-10  1.03313163e-10  9.70680528e-11  9.70680528e-11 
 6.16595002e+07  1.04010284e-10  1.04010284e-10  1.04010284e-10  1.09178598e-10  1.09178598e-10  1.09178598e-10  1.04010284e-10  1.04010284e-10  1.04010284e-10  1.09178598e-10  1.09178598e-10  1.09178598e-10  1.00223464e-10  1.00223464e-10  1.00223464e-10  1.00223464e-10  1.00332539e-10  1.00332539e-10  5.17256411e-12  5.17256411e-12  5.17256411e-12  5.62399335e-12  5.62399335e-12  5.62399335e-12  5.17256411e-12  5.17256411e-12  5.17256411e-12  5.62399335e-12  5.62399335e-12  5.62399335e-12  1.44578137e-12  1.44578137e-12  1.44578137e-12  1.44578137e-12  3.10814151e-11  3.10814151e-11  1.03581997e-10  1.03581997e-10  1.03581997e-10  1.08881069e-10  1.08881069e-10  1.08881069e-10  1.03581997e-10  1.03581997e-10  1.03581997e-10  1.08881069e-10  1.08881069e-10  1.08881069e-10  9.99779239e-11  9.99779239e-11  9.99779239e-11  9.99779239e-11  9.53231470e-11  9.53231470e-11 
 6.30957344e+07  1.00153343e-10  1.00153343e-10  1.00153343e-10  1.06051324e-10  1.06051324e-10  1.06051324e-10  1.00153343e-10  1.00153343e-10  1.00153343e-10  1.06051324e-10  1.06051324e-10  1.06051324e-10  9.69568598e-11  9.69568598e-11  9.69568598e-11  9.69568598e-11  9.84185469e-11  9.84185469e-11  4.93250461e-12  4.93250461e-12  4.93250461e-12  5.41027942e-12  5.41027942e-12  5.41027942e-12  4.93250461e-12  4.93250461e-12  4.93250461e-12  5.41027942e-12  5.41027942e-12  5.41027942e-12  1.38259718e-12  1.38259718e-12  1.38259718e-12  1.38259718e-12  3.02228379e-11  3.02228379e-11  9.97346106e-11  9.97346106e-11  9.97346106e-11  1.05761420e-10  1.05761420e-10  1.05761420e-10  9.97346106e-11  9.97346106e-11  9.97346106e-11  1.05761420e-10  1.05761420e-10  1.05761420e-10  9.67157397e-11  9.67157397e-11  9.67157398e-11  9.67157398e-11  9.35907291e-11  9.35907291e-11 
 6.45654229e+07  9.64169511e-11  9.64169511e-11  9.64169511e-11  1.02956802e-10  1.02956802e-10  1.02956802e-10  9.64169511e-11  9.64169511e-11  9.64169511e-11  1.02956802e-10  1.02956802e-10  1.02956802e-10  9.37630310e-11  9.37630310e-11  9.37630310e-11  9.37630310e-11  9.65229811e-11  9.65229811e-11  4.70247565e-12  4.70247565e-12  4.70247565e-12  5.20180193e-12  5.20180193e-12  5.20180193e-12  4.70247565e-12  4.70247565e-12  4.70247565e-12  5.20180193e-12  5.20180193e-12  5.20180193e-12  1.32169683e-12  1.32169683e-12  1.32169683e-12  1.32169683e-12  2.93820026e-11  2.93820026e-11  9.60074539e-11  9.60074539e-11  9.60074539e-11  1.02674214e-10  1.02674214e-10  1.02674214e-10  9.60074539e-11  9.60074539e-11  9.60074539e-11  1.02674214e-10  1.02674214e-10  1.02674214e-10  9.35262109e-11  9.35262109e-11  9.35262109e-11  9.35262109e-11  9.18711138e-11  9.18711138e-11 
 6.60693448e+07  9.27994515e-11  9.27994515e-11  9.27994515e-11  9.98966729e-11  9.98966729e-11  9.98966729e-11  9.27994515e-11  9.27994515e-11  9.27994515e-11  9.98966729e-11  9.98966729e-11  9.98966729e-11  9.06415933e-11  9.06415933e-11  9.06415933e-11  9.06415933e-11  9.46460416e-11  9.46460416e-11  4.48217014e-12  4.48217014e-12  4.48217014e-12  4.99854674e-12  4.99854674e-12  4.99854674e-12  4.48217014e-12  4.48217014e-12  4.48217014e-12  4.99854674e-12  4.99854674e-12  4.99854674e-12  1.26301923e-12  1.26301923e-12  1.26301923e-12  1.26301923e-12  2.85587151e-11  2.85587151e-11  9.23988860e-11  9.23988860e-11  9.23988860e-11  9.96211002e-11  9.96211002e-11  9.96211002e-11  9.23988860e-11  9.23988860e-11  9.23988860e-11  9.96211002e-11  9.96211002e-11  9.96211002e-11  9.04089558e-11  9.04089558e-11  9.04089558e-11  9.04089558e-11  9.01646400e-11  9.01646400e-11 
 6.76082975e+07  8.92990155e-11  8.92990155e-11  8.92990155e-11  9.68726999e-11  9.68726999e-11  9.68726999e-11  8.92990155e-11  8.92990155e-11  8.92990155e-11  9.68726999e-11  9.68726999e-11  9.68726999e-11  8.75921743e-11  8.75921743e-11  8.75921743e-11  8.75921743e-11  9.27879561e-11  9.27879561e-11  4.27127977e-12  4.27127977e-12  4.27127977e-12  4.80050421e-12  4.80050421e-12  4.80050421e-12  4.27127977e-12  4.27127977e-12  4.27127977e-12  4.80050421e-12  4.80050421e-12  4.80050421e-12  1.20650480e-12  1.20650480e-12  1.20650480e-12  1.20650480e-12  2.77527893e-11  2.77527893e-11  8.89070940e-11  8.89070940e-11  8.89070940e-11  9.66038491e-11  9.66038491e-11  9.66038491e-11  8.89070940e-11  8.89070940e-11  8.89070940e-11  9.66038491e-11  9.66038491e-11  9.66038491e-11  8.73636048e-11  8.73636048e-11  8.73636049e-11  8.73636049e-11  8.84716703e-11  8.84716703e-11 
 6.91830971e+07  8.59136544e-11  8.59136544e-11  8.59136544e-11  9.38867417e-11  9.38867417e-11  9.38867417e-11  8.59136544e-11  8.59136544e-11  8.59136544e-11  9.38867417e-11  9.38867417e-11  9.38867417e-11  8.46144078e-11  8.46144078e-11  8.46144078e-11  8.46144078e-11  9.09489783e-11  9.09489783e-11  4.06949579e-12  4.06949579e-12  4.06949579e-12  4.60766749e-12  4.60766749e-12  4.60766749e-12  4.06949579e-12  4.06949579e-12  4.06949579e-12  4.60766749e-12  4.60766749e-12  4.60766749e-12  1.15209539e-12  1.15209539e-12  1.15209539e-12  1.15209539e-12  2.69640459e-11  2.69640459e-11  8.55301040e-11  8.55301040e-11  8.55301040e-11  9.36243267e-11  9.36243267e-11  9.36243267e-11  8.55301040e-11  8.55301040e-11  8.55301040e-11  9.36243267e-11  9.36243267e-11  9.36243267e-11  8.43897947e-11  8.43897947e-11  8.43897947e-11  8.43897947e-11  8.67925896e-11  8.67925896e-11 
 7.07945784e+07  8.26412323e-11  8.26412323e-11  8.26412323e-11  9.09407225e-11  9.09407225e-11  9.09407225e-11  8.26412323e-11  8.26412323e-11  8.26412323e-11  9.09407225e-11  9.09407225e-11  9.09407225e-11  8.17079274e-11  8.17079274e-11  8.17079274e-11  8.17079274e-11  8.91293864e-11  8.91293864e-11  3.87650989e-12  3.87650989e-12  3.87650989e-12  4.42003102e-12  4.42003102e-12  4.42003102e-12  3.87650989e-12  3.87650989e-12  3.87650989e-12  4.42003102e-12  4.42003102e-12  4.42003102e-12  1.09973412e-12  1.09973412e-12  1.09973412e-12  1.09973412e-12  2.61923124e-11  2.61923124e-11  8.22657938e-11  8.22657938e-11  8.22657938e-11  9.06844647e-11  9.06844647e-11  9.06844647e-11  8.22657938e-11  8.22657938e-11  8.22657938e-11  9.06844647e-11  9.06844647e-11  9.06844647e-11  8.14871616e-11  8.14871616e-11  8.14871617e-11  8.14871617e-11  8.51278040e-11  8.51278040e-11 
 7.24435960e+07  7.94794799e-11  7.94794799e-11  7.94794799e-11  8.80366043e-11  8.80366043e-11  8.80366043e-11  7.94794799e-11  7.94794799e-11  7.94794799e-11  8.80366043e-11  8.80366043e-11  8.80366043e-11  7.88723609e-11  7.88723609e-11  7.88723609e-11  7.88723609e-11  8.73294806e-11  8.73294807e-11  3.69201501e-12  3.69201501e-12  3.69201501e-12  4.23758902e-12  4.23758902e-12  4.23758902e-12  3.69201501e-12  3.69201501e-12  3.69201501e-12  4.23758902e-12  4.23758902e-12  4.23758902e-12  1.04936530e-12  1.04936530e-12  1.04936530e-12  1.04936530e-12  2.54374214e-11  2.54374214e-11  7.91119072e-11  7.91119072e-11  7.91119072e-11  8.77862325e-11  8.77862325e-11  8.77862325e-11  7.91119072e-11  7.91119072e-11  7.91119072e-11  8.77862325e-11  8.77862325e-11  8.77862325e-11  7.86553361e-11  7.86553361e-11  7.86553361e-11  7.86553361e-11  8.34777382e-11  8.34777382e-11 
 7.41310241e+07  7.64260095e-11  7.64260095e-11  7.64260095e-11  8.51763599e-11  8.51763599e-11  8.51763599e-11  7.64260095e-11  7.64260095e-11  7.64260095e-11  8.51763599e-11  8.51763599e-11  8.51763599e-11  7.61073240e-11  7.61073240e-11  7.61073240e-11  7.61073240e-11  8.55495808e-11  8.55495808e-11  3.51570618e-12  3.51570618e-12  3.51570618e-12  4.06033420e-12  4.06033420e-12  4.06033420e-12  3.51570618e-12  3.51570618e-12  3.51570618e-12  4.06033420e-12  4.06033420e-12  4.06033420e-12  1.00093433e-12  1.00093433e-12  1.00093433e-12  1.00093433e-12  2.46992104e-11  2.46992104e-11  7.60660684e-11  7.60660684e-11  7.60660684e-11  8.49316102e-11  8.49316102e-11  8.49316102e-11  7.60660684e-11  7.60660684e-11  7.60660684e-11  8.49316102e-11  8.49316102e-11  8.49316102e-11  7.58939361e-11  7.58939361e-11  7.58939361e-11  7.58939361e-11  8.18428337e-11  8.18428337e-11 
 7.58577575e+07  7.34783304e-11  7.34783304e-11  7.34783304e-11  8.23619466e-11  8.23619466e-11  8.23619466e-11  7.34783304e-11  7.34783304e-11  7.34783304e-11  8.23619466e-11  8.23619466e-11  8.23619466e-11  7.34124144e-11  7.34124144e-11  7.34124144e-11  7.34124144e-11  8.37900233e-11  8.37900233e-11  3.34728138e-12  3.34728138e-12  3.34728138e-12  3.88825659e-12  3.88825659e-12  3.88825659e-12  3.34728138e-12  3.34728138e-12  3.34728138e-12  3.88825659e-12  3.88825659e-12  3.88825659e-12  9.54387603e-13  9.54387603e-13  9.54387603e-13  9.54387603e-13  2.39775202e-11  2.39775202e-11  7.31257979e-11  7.31257979e-11  7.31257979e-11  8.21225626e-11  8.21225626e-11  8.21225626e-11  7.31257979e-11  7.31257979e-11  7.31257979e-11  8.21225626e-11  8.21225626e-11  8.21225626e-11  7.32025619e-11  7.32025619e-11  7.32025619e-11  7.32025619e-11  8.02235458e-11  8.02235458e-11 
 7.76247117e+07  7.06338648e-11  7.06338648e-11  7.06338648e-11  7.95952823e-11  7.95952823e-11  7.95952823e-11  7.06338648e-11  7.06338648e-11  7.06338648e-11  7.95952823e-11  7.95952823e-11  7.95952823e-11  7.07872062e-11  7.07872062e-11  7.07872062e-11  7.07872062e-11  8.20511577e-11  8.20511577e-11  3.18644225e-12  3.18644225e-12  3.18644225e-12  3.72134244e-12  3.72134244e-12  3.72134244e-12  3.18644225e-12  3.18644225e-12  3.18644225e-12  3.72134244e-12  3.72134244e-12  3.72134244e-12  9.09672411e-13  9.09672411e-13  9.09672411e-13  9.09672411e-13  2.32721941e-11  2.32721941e-11  7.02885280e-11  7.02885280e-11  7.02885280e-11  7.93610148e-11  7.93610148e-11  7.93610148e-11  7.02885280e-11  7.02885280e-11  7.02885280e-11  7.93610148e-11  7.93610148e-11  7.93610148e-11  7.05807899e-11  7.05807899e-11  7.05807899e-11  7.05807899e-11  7.86203403e-11  7.86203403e-11 
 7.94328235e+07  6.78899637e-11  6.78899637e-11  6.78899637e-11  7.68782222e-11  7.68782222e-11  7.68782222e-11  6.78899637e-11  6.78899637e-11  6.78899637e-11  7.68782222e-11  7.68782222e-11  7.68782222e-11  6.82312449e-11  6.82312449e-11  6.82312449e-11  6.82312449e-11  8.03333433e-11  8.03333433e-11  3.03289494e-12  3.03289494e-12  3.03289494e-12  3.55957339e-12  3.55957339e-12  3.55957339e-12  3.03289494e-12  3.03289494e-12  3.03289494e-12  3.55957339e-12  3.55957339e-12  3.55957339e-12  8.66736895e-13  8.66736895e-13  8.66736895e-13  8.66736895e-13  2.25830770e-11  2.25830770e-11  6.75516191e-11  6.75516191e-11  6.75516191e-11  7.66488295e-11  7.66488295e-11  7.66488295e-11  6.75516191e-11  6.75516191e-11  6.75516191e-11  7.66488295e-11  7.66488295e-11  7.66488295e-11  6.80281679e-11  6.80281679e-11  6.80281679e-11  6.80281679e-11  7.70336905e-11  7.70336905e-11 
 8.12830516e+07  6.52439230e-11  6.52439230e-11  6.52439230e-11  7.42125384e-11  7.42125384e-11  7.42125384e-11  6.52439230e-11  6.52439230e-11  6.52439230e-11  7.42125384e-11  7.42125384e-11  7.42125384e-11  6.57440422e-11  6.57440422e-11  6.57440422e-11  6.57440422e-11  7.86369453e-11  7.86369453e-11  2.88635074e-12  2.88635074e-12  2.88635074e-12  3.40292562e-12  3.40292562e-12  3.40292562e-12  2.88635074e-12  2.88635074e-12  2.88635074e-12  3.40292562e-12  3.40292562e-12  3.40292562e-12  8.25529961e-13  8.25529961e-13  8.25529961e-13  8.25529961e-13  2.19100140e-11  2.19100140e-11  6.49123753e-11  6.49123753e-11  6.49123753e-11  7.39877861e-11  7.39877861e-11  7.39877861e-11  6.49123754e-11  6.49123754e-11  6.49123754e-11  7.39877861e-11  7.39877861e-11  7.39877861e-11  6.55442096e-11  6.55442096e-11  6.55442096e-11  6.55442096e-11  7.54640733e-11  7.54640733e-11 
 8.31763771e+07  6.26929986e-11  6.26929986e-11  6.26929986e-11  7.15999006e-11  7.15999006e-11  7.15999006e-11  6.26929986e-11  6.26929986e-11  6.26929986e-11  7.15999006e-11  7.15999006e-11  7.15999006e-11  6.33250717e-11  6.33250717e-11  6.33250717e-11  6.33250717e-11  7.69623308e-11  7.69623308e-11  2.74652680e-12  2.74652680e-12  2.74652680e-12  3.25136931e-12  3.25136931e-12  3.25136931e-12  2.74652680e-12  2.74652680e-12  2.74652680e-12  3.25136931e-12  3.25136931e-12  3.25136931e-12  7.86001235e-13  7.86001235e-13  7.86001235e-13  7.86001235e-13  2.12528493e-11  2.12528493e-11  6.23680605e-11  6.23680605e-11  6.23680605e-11  7.13795619e-11  7.13795619e-11  7.13795619e-11  6.23680605e-11  6.23680605e-11  6.23680605e-11  7.13795619e-11  7.13795619e-11  7.13795619e-11  6.31283908e-11  6.31283908e-11  6.31283908e-11  6.31283908e-11  7.39119654e-11  7.39119654e-11 
 8.51138038e+07  6.02344220e-11  6.02344220e-11  6.02344220e-11  6.90418601e-11  6.90418601e-11  6.90418601e-11  6.02344220e-11  6.02344220e-11  6.02344220e-11  6.90418601e-11  6.90418601e-11  6.90418601e-11  6.09737651e-11  6.09737651e-11  6.09737651e-11  6.09737651e-11  7.53098648e-11  7.53098648e-11  2.61314665e-12  2.61314665e-12  2.61314665e-12  3.10486812e-12  3.10486812e-12  3.10486812e-12  2.61314665e-12  2.61314665e-12  2.61314665e-12  3.10486812e-12  3.10486812e-12  3.10486812e-12  7.48101014e-13  7.48101014e-13  7.48101014e-13  7.48101014e-13  2.06114255e-11  2.06114255e-11  5.99159128e-11  5.99159128e-11  5.99159128e-11  6.88257153e-11  6.88257153e-11  6.88257153e-11  5.99159128e-11  5.99159128e-11  5.99159128e-11  6.88257153e-11  6.88257153e-11  6.88257153e-11  6.07801453e-11  6.07801453e-11  6.07801453e-11  6.07801453e-11  7.23778397e-11  7.23778397e-11 
 8.70963590e+07  5.78654142e-11  5.78654142e-11  5.78654142e-11  6.65398350e-11  6.65398350e-11  6.65398350e-11  5.78654142e-11  5.78654142e-11  5.78654142e-11  6.65398350e-11  6.65398350e-11  6.65398350e-11  5.86895087e-11  5.86895087e-11  5.86895087e-11  5.86895087e-11  7.36799059e-11  7.36799059e-11  2.48594074e-12  2.48594074e-12  2.48594074e-12  2.96337887e-12  2.96337887e-12  2.96337887e-12  2.48594075e-12  2.48594075e-12  2.48594075e-12  2.96337887e-12  2.96337887e-12  2.96337887e-12  7.11780233e-13  7.11780233e-13  7.11780233e-13  7.11780233e-13  1.99855823e-11  1.99855823e-11  5.75531594e-11  5.75531594e-11  5.75531594e-11  6.63276722e-11  6.63276722e-11  6.63276722e-11  5.75531594e-11  5.75531594e-11  5.75531594e-11  6.63276722e-11  6.63276722e-11  6.63276722e-11  5.84988615e-11  5.84988615e-11  5.84988615e-11  5.84988615e-11  7.08621612e-11  7.08621612e-11 
 8.91250938e+07  5.55831989e-11  5.55831989e-11  5.55831989e-11  6.40950986e-11  6.40950986e-11  6.40950986e-11  5.55831989e-11  5.55831989e-11  5.55831989e-11  6.40950986e-11  6.40950986e-11  6.40950986e-11  5.64716412e-11  5.64716412e-11  5.64716412e-11  5.64716412e-11  7.20728029e-11  7.20728029e-11  2.36464691e-12  2.36464691e-12  2.36464691e-12  2.82685133e-12  2.82685133e-12  2.82685133e-12  2.36464691e-12  2.36464691e-12  2.36464691e-12  2.82685133e-12  2.82685133e-12  2.82685133e-12  6.76990441e-13  6.76990441e-13  6.76990441e-13  6.76990441e-13  1.93751558e-11  1.93751558e-11  5.52770296e-11  5.52770296e-11  5.52770296e-11  6.38867132e-11  6.38867132e-11  6.38867132e-11  5.52770296e-11  5.52770296e-11  5.52770296e-11  6.38867132e-11  6.38867132e-11  6.38867132e-11  5.62838799e-11  5.62838799e-11  5.62838799e-11  5.62838799e-11  6.93653834e-11  6.93653834e-11 
 9.12010839e+07  5.33850152e-11  5.33850152e-11  5.33850152e-11  6.17087698e-11  6.17087698e-11  6.17087698e-11  5.33850152e-11  5.33850152e-11  5.33850152e-11  6.17087697e-11  6.17087697e-11  6.17087697e-11  5.43194512e-11  5.43194512e-11  5.43194512e-11  5.43194512e-11  7.04888905e-11  7.04888906e-11  2.24901069e-12  2.24901069e-12  2.24901069e-12  2.69522816e-12  2.69522816e-12  2.69522816e-12  2.24901069e-12  2.24901069e-12  2.24901069e-12  2.69522816e-12  2.69522816e-12  2.69522816e-12  6.43683784e-13  6.43683784e-13  6.43683784e-13  6.43683784e-13  1.87799776e-11  1.87799776e-11  5.30847672e-11  5.30847672e-11  5.30847672e-11  6.15039646e-11  6.15039646e-11  6.15039646e-11  5.30847672e-11  5.30847672e-11  5.30847672e-11  6.15039646e-11  6.15039646e-11  6.15039646e-11  5.41344912e-11  5.41344912e-11  5.41344912e-11  5.41344912e-11  6.78879442e-11  6.78879442e-11 
 9.33254301e+07  5.12681286e-11  5.12681286e-11  5.12681286e-11  5.93818056e-11  5.93818056e-11  5.93818056e-11  5.12681286e-11  5.12681286e-11  5.12681286e-11  5.93818056e-11  5.93818056e-11  5.93818056e-11  5.22321763e-11  5.22321763e-11  5.22321763e-11  5.22321763e-11  6.89284860e-11  6.89284860e-11  2.13878568e-12  2.13878568e-12  2.13878568e-12  2.56844490e-12  2.56844490e-12  2.56844490e-12  2.13878568e-12  2.13878568e-12  2.13878568e-12  2.56844490e-12  2.56844490e-12  2.56844490e-12  6.11812996e-13  6.11812996e-13  6.11812996e-13  6.11812996e-13  1.81998741e-11  1.81998741e-11  5.09736421e-11  5.09736421e-11  5.09736421e-11  5.91803909e-11  5.91803909e-11  5.91803909e-11  5.09736421e-11  5.09736421e-11  5.09736421e-11  5.91803909e-11  5.91803909e-11  5.91803909e-11  5.20499347e-11  5.20499347e-11  5.20499347e-11  5.20499347e-11  6.64302629e-11  6.64302629e-11 
 9.54992586e+07  4.92298407e-11  4.92298407e-11  4.92298407e-11  5.71149966e-11  5.71149966e-11  5.71149966e-11  4.92298407e-11  4.92298407e-11  4.92298407e-11  5.71149966e-11  5.71149966e-11  5.71149966e-11  5.02090021e-11  5.02090021e-11  5.02090021e-11  5.02090021e-11  6.73918856e-11  6.73918856e-11  2.03373370e-12  2.03373370e-12  2.03373370e-12  2.44643017e-12  2.44643017e-12  2.44643017e-12  2.03373370e-12  2.03373370e-12  2.03373370e-12  2.44643017e-12  2.44643017e-12  2.44643017e-12  5.81331406e-13  5.81331406e-13  5.81331406e-13  5.81331406e-13  1.76346658e-11  1.76346658e-11  4.89409599e-11  4.89409599e-11  4.89409599e-11  5.69167901e-11  5.69167901e-11  5.69167901e-11  4.89409599e-11  4.89409599e-11  4.89409599e-11  5.69167901e-11  5.69167901e-11  5.69167901e-11  5.00293980e-11  5.00293980e-11  5.00293980e-11  5.00293980e-11  6.49927364e-11  6.49927364e-11 
 9.77237221e+07  4.72674983e-11  4.72674983e-11  4.72674983e-11  5.49089639e-11  5.49089639e-11  5.49089639e-11  4.72674983e-11  4.72674983e-11  4.72674983e-11  5.49089639e-11  5.49089639e-11  5.49089639e-11  4.82490625e-11  4.82490625e-11  4.82490625e-11  4.82490625e-11  6.58793616e-11  6.58793616e-11  1.93362496e-12  1.93362496e-12  1.93362496e-12  2.32910586e-12  2.32910586e-12  2.32910586e-12  1.93362497e-12  1.93362497e-12  1.93362497e-12  2.32910586e-12  2.32910586e-12  2.32910586e-12  5.52192944e-13  5.52192944e-13  5.52192944e-13  5.52192944e-13  1.70841671e-11  1.70841671e-11  4.69840707e-11  4.69840707e-11  4.69840707e-11  5.47137907e-11  5.47137907e-11  5.47137907e-11  4.69840707e-11  4.69840707e-11  4.69840707e-11  5.47137907e-11  5.47137907e-11  5.47137907e-11  4.80720169e-11  4.80720169e-11  4.80720170e-11  4.80720170e-11  6.35757365e-11  6.35757365e-11 
 1.00000000e+08  4.53785006e-11  4.53785006e-11  4.53785006e-11  5.27641584e-11  5.27641584e-11  5.27641584e-11  4.53785006e-11  4.53785006e-11  4.53785006e-11  5.27641584e-11  5.27641584e-11  5.27641584e-11  4.63514404e-11  4.63514404e-11  4.63514404e-11  4.63514404e-11  6.43911594e-11  6.43911595e-11  1.83823815e-12  1.83823815e-12  1.83823815e-12  2.21638749e-12  2.21638749e-12  2.21638749e-12  1.83823815e-12  1.83823815e-12  1.83823815e-12  2.21638749e-12  2.21638749e-12  2.21638749e-12  5.24352156e-13  5.24352156e-13  5.24352156e-13  5.24352156e-13  1.65481857e-11  1.65481857e-11  4.51003769e-11  4.51003769e-11  4.51003769e-11  5.25718508e-11  5.25718508e-11  5.25718508e-11  4.51003769e-11  4.51003769e-11  4.51003769e-11  5.25718508e-11  5.25718508e-11  5.25718508e-11  4.61768761e-11  4.61768761e-11  4.61768761e-11  4.61768761e-11  6.21796071e-11  6.21796071e-11 
 1.02329299e+08  4.35603054e-11  4.35603054e-11  4.35603054e-11  5.06808625e-11  5.06808625e-11  5.06808625e-11  4.35603054e-11  4.35603054e-11  4.35603054e-11  5.06808625e-11  5.06808625e-11  5.06808625e-11  4.45151686e-11  4.45151686e-11  4.45151686e-11  4.45151686e-11  6.29274956e-11  6.29274956e-11  1.74736043e-12  1.74736043e-12  1.74736043e-12  2.10818458e-12  2.10818458e-12  2.10818458e-12  1.74736043e-12  1.74736043e-12  1.74736043e-12  2.10818458e-12  2.10818458e-12  2.10818458e-12  4.97764225e-13  4.97764225e-13  4.97764225e-13  4.97764225e-13  1.60265222e-11  1.60265222e-11  4.32873393e-11  4.32873393e-11  4.32873393e-11  5.04912601e-11  5.04912601e-11  5.04912601e-11  4.32873393e-11  4.32873393e-11  4.32873393e-11  5.04912601e-11  5.04912601e-11  5.04912601e-11  4.43430101e-11  4.43430101e-11  4.43430101e-11  4.43430101e-11  6.08046620e-11  6.08046620e-11 
 1.04712855e+08  4.18104345e-11  4.18104345e-11  4.18104345e-11  4.86591924e-11  4.86591924e-11  4.86591924e-11  4.18104345e-11  4.18104345e-11  4.18104345e-11  4.86591924e-11  4.86591924e-11  4.86591924e-11  4.27392319e-11  4.27392319e-11  4.27392319e-11  4.27392319e-11  6.14885554e-11  6.14885554e-11  1.66078741e-12  1.66078741e-12  1.66078741e-12  2.00440112e-12  2.00440112e-12  2.00440112e-12  1.66078741e-12  1.66078741e-12  1.66078741e-12  2.00440112e-12  2.00440112e-12  2.00440112e-12  4.72384997e-13  4.72384997e-13  4.72384997e-13  4.72384997e-13  1.55189706e-11  1.55189706e-11  4.15424820e-11  4.15424820e-11  4.15424820e-11  4.84721421e-11  4.84721421e-11  4.84721421e-11  4.15424820e-11  4.15424820e-11  4.15424820e-11  4.84721421e-11  4.84721421e-11  4.84721421e-11  4.25694057e-11  4.25694057e-11  4.25694057e-11  4.25694057e-11  5.94511826e-11  5.94511826e-11 
 1.07151931e+08  4.01264768e-11  4.01264768e-11  4.01264768e-11  4.66991035e-11  4.66991035e-11  4.66991035e-11  4.01264768e-11  4.01264768e-11  4.01264768e-11  4.66991035e-11  4.66991035e-11  4.66991035e-11  4.10225694e-11  4.10225694e-11  4.10225694e-11  4.10225694e-11  6.00744915e-11  6.00744915e-11  1.57832306e-12  1.57832306e-12  1.57832306e-12  1.90493604e-12  1.90493604e-12  1.90493604e-12  1.57832306e-12  1.57832306e-12  1.57832306e-12  1.90493604e-12  1.90493604e-12  1.90493604e-12  4.48171011e-13  4.48171011e-13  4.48171011e-13  4.48171011e-13  1.50253175e-11  1.50253175e-11  3.98633965e-11  3.98633965e-11  3.98633965e-11  4.65144590e-11  4.65144590e-11  4.65144590e-11  3.98633965e-11  3.98633965e-11  3.98633965e-11  4.65144590e-11  4.65144590e-11  4.65144590e-11  4.08550036e-11  4.08550036e-11  4.08550036e-11  4.08550036e-11  5.81194166e-11  5.81194166e-11 
 1.09647820e+08  3.85060919e-11  3.85060919e-11  3.85060919e-11  4.48003956e-11  4.48003956e-11  4.48003956e-11  3.85060919e-11  3.85060919e-11  3.85060919e-11  4.48003956e-11  4.48003956e-11  4.48003956e-11  3.93640770e-11  3.93640770e-11  3.93640770e-11  3.93640770e-11  5.86854229e-11  5.86854229e-11  1.49977957e-12  1.49977957e-12  1.49977957e-12  1.80968379e-12  1.80968379e-12  1.80968379e-12  1.49977957e-12  1.49977957e-12  1.49977957e-12  1.80968379e-12  1.80968379e-12  1.80968379e-12  4.25079530e-13  4.25079530e-13  4.25079530e-13  4.25079530e-13  1.45453430e-11  1.45453430e-11  3.82477446e-11  3.82477446e-11  3.82477446e-11  4.46180178e-11  4.46180178e-11  4.46180178e-11  3.82477447e-11  3.82477447e-11  3.82477447e-11  4.46180178e-11  4.46180178e-11  4.46180178e-11  3.91987016e-11  3.91987016e-11  3.91987016e-11  3.91987016e-11  5.68095769e-11  5.68095769e-11 
 1.12201845e+08  3.69470115e-11  3.69470115e-11  3.69470115e-11  4.29627206e-11  4.29627206e-11  4.29627206e-11  3.69470115e-11  3.69470115e-11  3.69470115e-11  4.29627206e-11  4.29627206e-11  4.29627206e-11  3.77626110e-11  3.77626110e-11  3.77626110e-11  3.77626110e-11  5.73214337e-11  5.73214337e-11  1.42497717e-12  1.42497717e-12  1.42497717e-12  1.71853488e-12  1.71853488e-12  1.71853488e-12  1.42497717e-12  1.42497717e-12  1.42497717e-12  1.71853488e-12  1.71853488e-12  1.71853488e-12  4.03068573e-13  4.03068573e-13  4.03068573e-13  4.03068573e-13  1.40788203e-11  1.40788203e-11  3.66932605e-11  3.66932605e-11  3.66932605e-11  4.27824771e-11  4.27824771e-11  4.27824771e-11  3.66932605e-11  3.66932605e-11  3.66932605e-11  4.27824771e-11  4.27824771e-11  4.27824771e-11  3.75993579e-11  3.75993579e-11  3.75993579e-11  3.75993579e-11  5.55218404e-11  5.55218404e-11 
 1.14815362e+08  3.54470406e-11  3.54470406e-11  3.54470406e-11  4.11855904e-11  4.11855904e-11  4.11855904e-11  3.54470406e-11  3.54470406e-11  3.54470406e-11  4.11855904e-11  4.11855904e-11  4.11855904e-11  3.62169912e-11  3.62169912e-11  3.62169912e-11  3.62169912e-11  5.59825733e-11  5.59825733e-11  1.35374392e-12  1.35374392e-12  1.35374392e-12  1.63137645e-12  1.63137645e-12  1.63137645e-12  1.35374392e-12  1.35374392e-12  1.35374392e-12  1.63137645e-12  1.63137645e-12  1.63137645e-12  3.82096951e-13  3.82096951e-13  3.82096951e-13  3.82096951e-13  1.36255163e-11  1.36255163e-11  3.51977510e-11  3.51977510e-11  3.51977510e-11  4.10073556e-11  4.10073556e-11  4.10073556e-11  3.51977510e-11  3.51977510e-11  3.51977510e-11  4.10073556e-11  4.10073556e-11  4.10073556e-11  3.60557939e-11  3.60557939e-11  3.60557939e-11  3.60557939e-11  5.42563479e-11  5.42563479e-11 
 1.17489755e+08  3.40040576e-11  3.40040576e-11  3.40040576e-11  3.94683861e-11  3.94683861e-11  3.94683861e-11  3.40040576e-11  3.40040576e-11  3.40040576e-11  3.94683861e-11  3.94683861e-11  3.94683861e-11  3.47260048e-11  3.47260048e-11  3.47260048e-11  3.47260048e-11  5.46688559e-11  5.46688559e-11  1.28591548e-12  1.28591548e-12  1.28591548e-12  1.54809287e-12  1.54809287e-12  1.54809287e-12  1.28591548e-12  1.28591548e-12  1.28591548e-12  1.54809287e-12  1.54809287e-12  1.54809287e-12  3.62124300e-13  3.62124300e-13  3.62124300e-13  3.62124300e-13  1.31851921e-11  1.31851921e-11  3.37590970e-11  3.37590970e-11  3.37590970e-11  3.92920409e-11  3.92920409e-11  3.92920409e-11  3.37590970e-11  3.37590970e-11  3.37590970e-11  3.92920409e-11  3.92920409e-11  3.92920409e-11  3.45667987e-11  3.45667987e-11  3.45667987e-11  3.45667987e-11  5.30132038e-11  5.30132038e-11 
 1.20226443e+08  3.26160141e-11  3.26160141e-11  3.26160141e-11  3.78103674e-11  3.78103674e-11  3.78103674e-11  3.26160141e-11  3.26160141e-11  3.26160141e-11  3.78103674e-11  3.78103674e-11  3.78103674e-11  3.32884102e-11  3.32884102e-11  3.32884102e-11  3.32884102e-11  5.33802610e-11  5.33802610e-11  1.22133488e-12  1.22133488e-12  1.22133488e-12  1.46856632e-12  1.46856632e-12  1.46856632e-12  1.22133488e-12  1.22133488e-12  1.22133488e-12  1.46856632e-12  1.46856632e-12  1.46856632e-12  3.43111116e-13  3.43111116e-13  3.43111116e-13  3.43111116e-13  1.27576032e-11  1.27576032e-11  3.23752519e-11  3.23752519e-11  3.23752519e-11  3.76357990e-11  3.76357990e-11  3.76357990e-11  3.23752519e-11  3.23752519e-11  3.23752519e-11  3.76357990e-11  3.76357990e-11  3.76357990e-11  3.31311323e-11  3.31311323e-11  3.31311323e-11  3.31311323e-11  5.17924764e-11  5.17924764e-11 
 1.23026877e+08  3.12809334e-11  3.12809334e-11  3.12809334e-11  3.62106823e-11  3.62106823e-11  3.62106823e-11  3.12809334e-11  3.12809334e-11  3.12809334e-11  3.62106823e-11  3.62106823e-11  3.62106823e-11  3.19029411e-11  3.19029411e-11  3.19029411e-11  3.19029411e-11  5.21167342e-11  5.21167342e-11  1.15985222e-12  1.15985222e-12  1.15985222e-12  1.39267733e-12  1.39267733e-12  1.39267733e-12  1.15985222e-12  1.15985222e-12  1.15985222e-12  1.39267733e-12  1.39267733e-12  1.39267733e-12  3.25018781e-13  3.25018781e-13  3.25018781e-13  3.25018781e-13  1.23425000e-11  1.23425000e-11  3.10442416e-11  3.10442416e-11  3.10442416e-11  3.60377843e-11  3.60377843e-11  3.60377843e-11  3.10442416e-11  3.10442416e-11  3.10442416e-11  3.60377843e-11  3.60377843e-11  3.60377843e-11  3.17475304e-11  3.17475304e-11  3.17475304e-11  3.17475304e-11  5.05941988e-11  5.05941988e-11 
 1.25892541e+08  2.99969099e-11  2.99969099e-11  2.99969099e-11  3.46683782e-11  3.46683782e-11  3.46683782e-11  2.99969099e-11  2.99969099e-11  2.99969099e-11  3.46683782e-11  3.46683782e-11  3.46683782e-11  3.05683106e-11  3.05683106e-11  3.05683106e-11  3.05683106e-11  5.08781876e-11  5.08781876e-11  1.10132442e-12  1.10132442e-12  1.10132442e-12  1.32030535e-12  1.32030535e-12  1.32030535e-12  1.10132442e-12  1.10132442e-12  1.10132442e-12  1.32030535e-12  1.32030535e-12  1.32030535e-12  3.07809599e-13  3.07809599e-13  3.07809599e-13  3.07809599e-13  1.19396287e-11  1.19396287e-11  2.97641625e-11  2.97641625e-11  2.97641625e-11  3.44970502e-11  3.44970502e-11  3.44970502e-11  2.97641625e-11  2.97641625e-11  2.97641625e-11  3.44970502e-11  3.44970502e-11  3.44970502e-11  3.04147079e-11  3.04147079e-11  3.04147079e-11  3.04147079e-11  4.94183691e-11  4.94183691e-11 
 1.28824955e+08  2.87621065e-11  2.87621065e-11  2.87621065e-11  3.31824113e-11  3.31824113e-11  3.31824113e-11  2.87621065e-11  2.87621065e-11  2.87621065e-11  3.31824113e-11  3.31824113e-11  3.31824113e-11  2.92832156e-11  2.92832156e-11  2.92832156e-11  2.92832156e-11  4.96645014e-11  4.96645014e-11  1.04561494e-12  1.04561494e-12  1.04561494e-12  1.25132929e-12  1.25132929e-12  1.25132929e-12  1.04561494e-12  1.04561494e-12  1.04561494e-12  1.25132929e-12  1.25132929e-12  1.25132929e-12  2.91446817e-13  2.91446817e-13  2.91446817e-13  2.91446817e-13  1.15487317e-11  1.15487317e-11  2.85331799e-11  2.85331799e-11  2.85331799e-11  3.30125588e-11  3.30125588e-11  3.30125588e-11  2.85331799e-11  2.85331799e-11  2.85331799e-11  3.30125588e-11  3.30125588e-11  3.30125588e-11  2.91313632e-11  2.91313632e-11  2.91313632e-11  2.91313632e-11  4.82649521e-11  4.82649521e-11 
 1.31825674e+08  2.75747531e-11  2.75747531e-11  2.75747531e-11  3.17516579e-11  3.17516579e-11  3.17516579e-11  2.75747531e-11  2.75747531e-11  2.75747531e-11  3.17516579e-11  3.17516579e-11  3.17516579e-11  2.80463402e-11  2.80463402e-11  2.80463402e-11  2.80463402e-11  4.84755254e-11  4.84755254e-11  9.92593460e-13  9.92593460e-13  9.92593460e-13  1.18562799e-12  1.18562799e-12  1.18562799e-12  9.92593460e-13  9.92593460e-13  9.92593460e-13  1.18562799e-12  1.18562799e-12  1.18562799e-12  2.75894652e-13  2.75894652e-13  2.75894652e-13  2.75894652e-13  1.11695482e-11  1.11695482e-11  2.73495262e-11  2.73495262e-11  2.73495262e-11  3.15831921e-11  3.15831921e-11  3.15831921e-11  2.73495262e-11  2.73495262e-11  2.73495262e-11  3.15831921e-11  3.15831921e-11  3.15831921e-11  2.78961824e-11  2.78961824e-11  2.78961824e-11  2.78961824e-11  4.71338803e-11  4.71338803e-11 
 1.34896288e+08  2.64331440e-11  2.64331440e-11  2.64331440e-11  3.03749237e-11  3.03749237e-11  3.03749237e-11  2.64331440e-11  2.64331440e-11  2.64331440e-11  3.03749237e-11  3.03749237e-11  3.03749237e-11  2.68563605e-11  2.68563605e-11  2.68563605e-11  2.68563605e-11  4.73110798e-11  4.73110798e-11  9.42135664e-13  9.42135664e-13  9.42135664e-13  1.12308070e-12  1.12308070e-12  1.12308070e-12  9.42135665e-13  9.42135665e-13  9.42135665e-13  1.12308070e-12  1.12308070e-12  1.12308070e-12  2.61118311e-13  2.61118311e-13  2.61118311e-13  2.61118311e-13  1.08018149e-11  1.08018149e-11  2.62114980e-11  2.62114980e-11  2.62114980e-11  3.02077613e-11  3.02077613e-11  3.02077613e-11  2.62114980e-11  2.62114980e-11  2.62114980e-11  3.02077613e-11  3.02077613e-11  3.02077613e-11  2.67078433e-11  2.67078433e-11  2.67078433e-11  2.67078433e-11  4.60250552e-11  4.60250552e-11 
 1.38038426e+08  2.53356357e-11  2.53356357e-11  2.53356357e-11  2.90509545e-11  2.90509545e-11  2.90509545e-11  2.53356357e-11  2.53356357e-11  2.53356357e-11  2.90509545e-11  2.90509545e-11  2.90509545e-11  2.57119481e-11  2.57119481e-11  2.57119481e-11  2.57119481e-11  4.61709576e-11  4.61709576e-11  8.94122917e-13  8.94122917e-13  8.94122917e-13  1.06356750e-12  1.06356750e-12  1.06356750e-12  8.94122917e-13  8.94122917e-13  8.94122917e-13  1.06356750e-12  1.06356750e-12  1.06356750e-12  2.47084004e-13  2.47084004e-13  2.47084004e-13  2.47084004e-13  1.04452666e-11  1.04452666e-11  2.51174544e-11  2.51174544e-11  2.51174544e-11  2.88850174e-11  2.88850174e-11  2.88850174e-11  2.51174544e-11  2.51174544e-11  2.51174544e-11  2.88850174e-11  2.88850174e-11  2.88850174e-11  2.55650191e-11  2.55650191e-11  2.55650191e-11  2.55650191e-11  4.49383495e-11  4.49383495e-11 
 1.41253754e+08  2.42806444e-11  2.42806444e-11  2.42806444e-11  2.77784452e-11  2.77784452e-11  2.77784452e-11  2.42806444e-11  2.42806444e-11  2.42806444e-11  2.77784452e-11  2.77784452e-11  2.77784452e-11  2.46117736e-11  2.46117736e-11  2.46117736e-11  2.46117736e-11  4.50549261e-11  4.50549261e-11  8.48442015e-13  8.48442015e-13  8.48442015e-13  1.00696971e-12  1.00696971e-12  1.00696971e-12  8.48442015e-13  8.48442015e-13  8.48442015e-13  1.00696971e-12  1.00696971e-12  1.00696971e-12  2.33758962e-13  2.33758962e-13  2.33758962e-13  2.33758962e-13  1.00996370e-11  1.00996370e-11  2.40658144e-11  2.40658144e-11  2.40658144e-11  2.76136608e-11  2.76136608e-11  2.76136608e-11  2.40658144e-11  2.40658144e-11  2.40658144e-11  2.76136608e-11  2.76136608e-11  2.76136608e-11  2.44663825e-11  2.44663825e-11  2.44663825e-11  2.44663825e-11  4.38736081e-11  4.38736081e-11 
 1.44543977e+08  2.32666435e-11  2.32666435e-11  2.32666435e-11  2.65560496e-11  2.65560496e-11  2.65560496e-11  2.32666435e-11  2.32666435e-11  2.32666435e-11  2.65560496e-11  2.65560496e-11  2.65560496e-11  2.35545109e-11  2.35545109e-11  2.35545109e-11  2.35545109e-11  4.39627289e-11  4.39627289e-11  8.04984925e-13  8.04984925e-13  8.04984925e-13  9.53170258e-13  9.53170258e-13  9.53170258e-13  8.04984925e-13  8.04984925e-13  8.04984925e-13  9.53170257e-13  9.53170257e-13  9.53170257e-13  2.21111443e-13  2.21111443e-13  2.21111443e-13  2.21111443e-13  9.76465903e-12  9.76465903e-12  2.30550540e-11  2.30550540e-11  2.30550540e-11  2.63923498e-11  2.63923498e-11  2.63923498e-11  2.30550540e-11  2.30550540e-11  2.30550540e-11  2.63923498e-11  2.63923498e-11  2.63923498e-11  2.34106089e-11  2.34106089e-11  2.34106089e-11  2.34106089e-11  4.28306506e-11  4.28306506e-11 
 1.47910839e+08  2.22921611e-11  2.22921611e-11  2.22921611e-11  2.53823885e-11  2.53823885e-11  2.53823885e-11  2.22921611e-11  2.22921611e-11  2.22921611e-11  2.53823885e-11  2.53823885e-11  2.53823885e-11  2.25388398e-11  2.25388398e-11  2.25388398e-11  2.25388398e-11  4.28940874e-11  4.28940874e-11  7.63648538e-13  7.63648538e-13  7.63648538e-13  9.02053957e-13  9.02053957e-13  9.02053957e-13  7.63648538e-13  7.63648538e-13  7.63648538e-13  9.02053957e-13  9.02053957e-13  9.02053957e-13  2.09110737e-13  2.09110737e-13  2.09110737e-13  2.09110737e-13  9.44006586e-12  9.44006587e-12  2.20837042e-11  2.20837042e-11  2.20837042e-11  2.52197102e-11  2.52197102e-11  2.52197102e-11  2.20837042e-11  2.20837042e-11  2.20837042e-11  2.52197102e-11  2.52197102e-11  2.52197102e-11  2.23963798e-11  2.23963798e-11  2.23963798e-11  2.23963798e-11  4.18092727e-11  4.18092727e-11 
 1.51356125e+08  2.13557777e-11  2.13557777e-11  2.13557777e-11  2.42560584e-11  2.42560584e-11  2.42560584e-11  2.13557777e-11  2.13557777e-11  2.13557777e-11  2.42560584e-11  2.42560584e-11  2.42560584e-11  2.15634495e-11  2.15634495e-11  2.15634495e-11  2.15634495e-11  4.18487035e-11  4.18487035e-11  7.24334426e-13  7.24334426e-13  7.24334426e-13  8.53507836e-13  8.53507836e-13  8.53507836e-13  7.24334426e-13  7.24334426e-13  7.24334426e-13  8.53507836e-13  8.53507836e-13  8.53507836e-13  1.97727172e-13  1.97727172e-13  1.97727172e-13  1.97727172e-13  9.12559118e-12  9.12559118e-12  2.11503483e-11  2.11503483e-11  2.11503483e-11  2.40943430e-11  2.40943430e-11  2.40943430e-11  2.11503483e-11  2.11503483e-11  2.11503483e-11  2.40943430e-11  2.40943430e-11  2.40943430e-11  2.14223863e-11  2.14223863e-11  2.14223863e-11  2.14223863e-11  4.08092485e-11  4.08092485e-11 
 1.54881662e+08  2.04561238e-11  2.04561238e-11  2.04561238e-11  2.31756388e-11  2.31756388e-11  2.31756388e-11  2.04561238e-11  2.04561238e-11  2.04561238e-11  2.31756388e-11  2.31756388e-11  2.31756388e-11  2.06270415e-11  2.06270415e-11  2.06270415e-11  2.06270415e-11  4.08262608e-11  4.08262608e-11  6.86948619e-13  6.86948619e-13  6.86948619e-13  8.07421359e-13  8.07421359e-13  8.07421359e-13  6.86948619e-13  6.86948619e-13  6.86948619e-13  8.07421359e-13  8.07421359e-13  8.07421359e-13  1.86932107e-13  1.86932107e-13  1.86932107e-13  1.86932107e-13  8.82096985e-12  8.82096985e-12  2.02536197e-11  2.02536197e-11  2.02536197e-11  2.30148321e-11  2.30148321e-11  2.30148321e-11  2.02536197e-11  2.02536197e-11  2.02536197e-11  2.30148321e-11  2.30148321e-11  2.30148321e-11  2.04873314e-11  2.04873314e-11  2.04873314e-11  2.04873314e-11  3.98303320e-11  3.98303320e-11 
 1.58489319e+08  1.95918777e-11  1.95918777e-11  1.95918777e-11  2.21396995e-11  2.21396995e-11  2.21396995e-11  1.95918777e-11  1.95918777e-11  1.95918777e-11  2.21396995e-11  2.21396995e-11  2.21396995e-11  1.97283321e-11  1.97283321e-11  1.97283321e-11  1.97283321e-11  3.98264269e-11  3.98264269e-11  6.51401387e-13  6.51401387e-13  6.51401387e-13  7.63686647e-13  7.63686647e-13  7.63686647e-13  6.51401387e-13  6.51401387e-13  6.51401387e-13  7.63686647e-13  7.63686647e-13  7.63686647e-13  1.76697931e-13  1.76697931e-13  1.76697931e-13  1.76697931e-13  8.52593848e-12  8.52593848e-12  1.93921998e-11  1.93921998e-11  1.93921998e-11  2.19797513e-11  2.19797513e-11  2.19797513e-11  1.93921998e-11  1.93921998e-11  1.93921998e-11  2.19797513e-11  2.19797513e-11  2.19797513e-11  1.95899332e-11  1.95899332e-11  1.95899332e-11  1.95899332e-11  3.88722593e-11  3.88722593e-11 
 1.62181010e+08  1.87617632e-11  1.87617632e-11  1.87617632e-11  2.11468068e-11  2.11468068e-11  2.11468068e-11  1.87617632e-11  1.87617632e-11  1.87617632e-11  2.11468068e-11  2.11468068e-11  2.11468068e-11  1.88660550e-11  1.88660550e-11  1.88660550e-11  1.88660550e-11  3.88488552e-11  3.88488552e-11  6.17607039e-13  6.17607039e-13  6.17607039e-13  7.22198650e-13  7.22198650e-13  7.22198650e-13  6.17607039e-13  6.17607039e-13  6.17607039e-13  7.22198650e-13  7.22198650e-13  7.22198650e-13  1.66998053e-13  1.66998053e-13  1.66998053e-13  1.66998053e-13  8.24023588e-12  8.24023588e-12  1.85648153e-11  1.85648153e-11  1.85648153e-11  2.09876710e-11  2.09876710e-11  2.09876710e-11  1.85648153e-11  1.85648153e-11  1.85648153e-11  2.09876710e-11  2.09876710e-11  2.09876710e-11  1.87289271e-11  1.87289271e-11  1.87289271e-11  1.87289271e-11  3.79347505e-11  3.79347505e-11 
 1.65958691e+08  1.79645480e-11  1.79645480e-11  1.79645480e-11  2.01955298e-11  2.01955298e-11  2.01955298e-11  1.79645480e-11  1.79645480e-11  1.79645480e-11  2.01955298e-11  2.01955298e-11  2.01955298e-11  1.80389636e-11  1.80389636e-11  1.80389636e-11  1.80389636e-11  3.78931871e-11  3.78931871e-11  5.85483723e-13  5.85483723e-13  5.85483723e-13  6.82855295e-13  6.82855295e-13  6.82855295e-13  5.85483723e-13  5.85483723e-13  5.85483723e-13  6.82855295e-13  6.82855295e-13  6.82855295e-13  1.57806894e-13  1.57806894e-13  1.57806894e-13  1.57806894e-13  7.96360351e-12  7.96360351e-12  1.77702371e-11  1.77702371e-11  1.77702371e-11  2.00371642e-11  2.00371642e-11  2.00371642e-11  1.77702371e-11  1.77702371e-11  1.77702371e-11  2.00371642e-11  2.00371642e-11  2.00371642e-11  1.79030681e-11  1.79030681e-11  1.79030681e-11  1.79030681e-11  3.70175113e-11  3.70175113e-11 
 1.69824365e+08  1.71990414e-11  1.71990414e-11  1.71990414e-11  1.92844455e-11  1.92844455e-11  1.92844455e-11  1.71990414e-11  1.71990414e-11  1.71990414e-11  1.92844455e-11  1.92844455e-11  1.92844455e-11  1.72458325e-11  1.72458325e-11  1.72458325e-11  1.72458325e-11  3.69590529e-11  3.69590529e-11  5.54953253e-13  5.54953253e-13  5.54953253e-13  6.45557602e-13  6.45557602e-13  6.45557602e-13  5.54953253e-13  5.54953253e-13  5.54953253e-13  6.45557602e-13  6.45557602e-13  6.45557602e-13  1.49099869e-13  1.49099869e-13  1.49099869e-13  1.49099869e-13  7.69578593e-12  7.69578593e-12  1.70072775e-11  1.70072775e-11  1.70072775e-11  1.91268114e-11  1.91268114e-11  1.91268114e-11  1.70072775e-11  1.70072775e-11  1.70072775e-11  1.91268114e-11  1.91268114e-11  1.91268114e-11  1.71111324e-11  1.71111324e-11  1.71111324e-11  1.71111324e-11  3.61202350e-11  3.61202350e-11 
 1.73780083e+08  1.64640927e-11  1.64640927e-11  1.64640927e-11  1.84121435e-11  1.84121435e-11  1.84121435e-11  1.64640927e-11  1.64640927e-11  1.64640927e-11  1.84121435e-11  1.84121435e-11  1.84121435e-11  1.64854595e-11  1.64854595e-11  1.64854595e-11  1.64854595e-11  3.60460744e-11  3.60460744e-11  5.25940931e-13  5.25940931e-13  5.25940931e-13  6.10209769e-13  6.10209769e-13  6.10209769e-13  5.25940931e-13  5.25940931e-13  5.25940931e-13  6.10209769e-13  6.10209769e-13  6.10209769e-13  1.40853373e-13  1.40853373e-13  1.40853373e-13  1.40853373e-13  7.43653115e-12  7.43653115e-12  1.62747890e-11  1.62747890e-11  1.62747890e-11  1.82552058e-11  1.82552058e-11  1.82552058e-11  1.62747891e-11  1.62747891e-11  1.62747891e-11  1.82552058e-11  1.82552058e-11  1.82552058e-11  1.63519196e-11  1.63519196e-11  1.63519196e-11  1.63519196e-11  3.52426040e-11  3.52426040e-11 
 1.77827941e+08  1.57585897e-11  1.57585897e-11  1.57585897e-11  1.75772306e-11  1.75772306e-11  1.75772306e-11  1.57585897e-11  1.57585897e-11  1.57585897e-11  1.75772306e-11  1.75772306e-11  1.75772306e-11  1.57566672e-11  1.57566672e-11  1.57566672e-11  1.57566672e-11  3.51538660e-11  3.51538660e-11  4.98375387e-13  4.98375387e-13  4.98375387e-13  5.76719235e-13  5.76719235e-13  5.76719235e-13  4.98375387e-13  4.98375387e-13  4.98375387e-13  5.76719235e-13  5.76719235e-13  5.76719235e-13  1.33044766e-13  1.33044766e-13  1.33044766e-13  1.33044766e-13  7.18559096e-12  7.18559096e-12  1.55716625e-11  1.55716625e-11  1.55716625e-11  1.74209572e-11  1.74209572e-11  1.74209572e-11  1.55716625e-11  1.55716625e-11  1.55716625e-11  1.74209572e-11  1.74209572e-11  1.74209572e-11  1.56242537e-11  1.56242537e-11  1.56242537e-11  1.56242537e-11  3.43842915e-11  3.43842915e-11 
 1.81970086e+08  1.50814569e-11  1.50814569e-11  1.50814569e-11  1.67783339e-11  1.67783339e-11  1.67783339e-11  1.50814569e-11  1.50814569e-11  1.50814569e-11  1.67783339e-11  1.67783339e-11  1.67783339e-11  1.50583041e-11  1.50583041e-11  1.50583041e-11  1.50583041e-11  3.42820365e-11  3.42820365e-11  4.72188426e-13  4.72188426e-13  4.72188426e-13  5.44996720e-13  5.44996720e-13  5.44996720e-13  4.72188426e-13  4.72188426e-13  4.72188426e-13  5.44996720e-13  5.44996720e-13  5.44996720e-13  1.25652346e-13  1.25652346e-13  1.25652346e-13  1.25652346e-13  6.94272127e-12  6.94272127e-12  1.48968256e-11  1.48968256e-11  1.48968256e-11  1.66226961e-11  1.66226961e-11  1.66226961e-11  1.48968256e-11  1.48968256e-11  1.48968256e-11  1.66226961e-11  1.66226961e-11  1.66226961e-11  1.49269849e-11  1.49269849e-11  1.49269849e-11  1.49269849e-11  3.35449631e-11  3.35449631e-11 
 1.86208714e+08  1.44316543e-11  1.44316543e-11  1.44316543e-11  1.60141048e-11  1.60141048e-11  1.60141048e-11  1.44316543e-11  1.44316543e-11  1.44316543e-11  1.60141048e-11  1.60141048e-11  1.60141048e-11  1.43892456e-11  1.43892456e-11  1.43892456e-11  1.43892456e-11  3.34301901e-11  3.34301901e-11  4.47314886e-13  4.47314886e-13  4.47314886e-13  5.14956240e-13  5.14956240e-13  5.14956240e-13  4.47314886e-13  4.47314886e-13  4.47314886e-13  5.14956240e-13  5.14956240e-13  5.14956240e-13  1.18655336e-13  1.18655336e-13  1.18655336e-13  1.18655336e-13  6.70768236e-12  6.70768236e-12  1.42492415e-11  1.42492415e-11  1.42492415e-11  1.58590768e-11  1.58590768e-11  1.58590768e-11  1.42492415e-11  1.42492415e-11  1.42492415e-11  1.58590768e-11  1.58590768e-11  1.58590768e-11  1.42589900e-11  1.42589900e-11  1.42589900e-11  1.42589900e-11  3.27242782e-11  3.27242782e-11 
 1.90546072e+08  1.38081761e-11  1.38081761e-11  1.38081761e-11  1.52832210e-11  1.52832210e-11  1.52832210e-11  1.38081761e-11  1.38081761e-11  1.38081761e-11  1.52832210e-11  1.52832210e-11  1.52832210e-11  1.37483948e-11  1.37483948e-11  1.37483948e-11  1.37483948e-11  3.25979282e-11  3.25979282e-11  4.23692500e-13  4.23692500e-13  4.23692500e-13  4.86515104e-13  4.86515104e-13  4.86515104e-13  4.23692500e-13  4.23692500e-13  4.23692500e-13  4.86515104e-13  4.86515104e-13  4.86515104e-13  1.12033853e-13  1.12033853e-13  1.12033853e-13  1.12033853e-13  6.48023907e-12  6.48023907e-12  1.36279074e-11  1.36279074e-11  1.36279074e-11  1.51287799e-11  1.51287799e-11  1.51287799e-11  1.36279074e-11  1.36279074e-11  1.36279074e-11  1.51287799e-11  1.51287799e-11  1.51287799e-11  1.36191738e-11  1.36191738e-11  1.36191738e-11  1.36191738e-11  3.19218914e-11  3.19218914e-11 
 1.94984460e+08  1.32100493e-11  1.32100493e-11  1.32100493e-11  1.45843896e-11  1.45843896e-11  1.45843896e-11  1.32100493e-11  1.32100493e-11  1.32100493e-11  1.45843896e-11  1.45843896e-11  1.45843896e-11  1.31346837e-11  1.31346837e-11  1.31346837e-11  1.31346837e-11  3.17848505e-11  3.17848505e-11  4.01261771e-13  4.01261771e-13  4.01261771e-13  4.59593900e-13  4.59593900e-13  4.59593900e-13  4.01261771e-13  4.01261771e-13  4.01261771e-13  4.59593900e-13  4.59593900e-13  4.59593900e-13  1.05768889e-13  1.05768889e-13  1.05768889e-13  1.05768889e-13  6.26016104e-12  6.26016104e-12  1.30318533e-11  1.30318533e-11  1.30318533e-11  1.44305150e-11  1.44305150e-11  1.44305150e-11  1.30318533e-11  1.30318533e-11  1.30318533e-11  1.44305150e-11  1.44305150e-11  1.44305150e-11  1.30064697e-11  1.30064697e-11  1.30064697e-11  1.30064697e-11  3.11374536e-11  3.11374536e-11 
 1.99526231e+08  1.26363326e-11  1.26363326e-11  1.26363326e-11  1.39163485e-11  1.39163485e-11  1.39163485e-11  1.26363326e-11  1.26363326e-11  1.26363326e-11  1.39163485e-11  1.39163485e-11  1.39163485e-11  1.25470730e-11  1.25470730e-11  1.25470730e-11  1.25470730e-11  3.09905560e-11  3.09905560e-11  3.79965849e-13  3.79965849e-13  3.79965849e-13  4.34116459e-13  4.34116459e-13  4.34116459e-13  3.79965849e-13  3.79965849e-13  3.79965849e-13  4.34116459e-13  4.34116459e-13  4.34116459e-13  9.98422847e-14  9.98422847e-14  9.98422847e-14  9.98422847e-14  6.04722287e-12  6.04722287e-12  1.24601411e-11  1.24601411e-11  1.24601411e-11  1.37630228e-11  1.37630228e-11  1.37630228e-11  1.24601411e-11  1.24601411e-11  1.24601411e-11  1.37630228e-11  1.37630228e-11  1.37630228e-11  1.24198400e-11  1.24198400e-11  1.24198400e-11  1.24198400e-11  3.03706134e-11  3.03706134e-11 
 2.04173794e+08  1.20861155e-11  1.20861155e-11  1.20861155e-11  1.32778680e-11  1.32778680e-11  1.32778680e-11  1.20861155e-11  1.20861155e-11  1.20861155e-11  1.32778680e-11  1.32778680e-11  1.32778680e-11  1.19845530e-11  1.19845530e-11  1.19845530e-11  1.19845530e-11  3.02146442e-11  3.02146442e-11  3.59750418e-13  3.59750418e-13  3.59750418e-13  4.10009808e-13  4.10009808e-13  4.10009808e-13  3.59750418e-13  3.59750418e-13  3.59750418e-13  4.10009808e-13  4.10009808e-13  4.10009808e-13  9.42367013e-14  9.42367013e-14  9.42367014e-14  9.42367014e-14  5.84120420e-12  5.84120420e-12  1.19118634e-11  1.19118634e-11  1.19118634e-11  1.31250759e-11  1.31250759e-11  1.31250759e-11  1.19118634e-11  1.19118634e-11  1.19118634e-11  1.31250759e-11  1.31250759e-11  1.31250759e-11  1.18582763e-11  1.18582763e-11  1.18582763e-11  1.18582763e-11  2.96210178e-11  2.96210178e-11 
 2.08929613e+08  1.15585173e-11  1.15585173e-11  1.15585173e-11  1.26677525e-11  1.26677525e-11  1.26677525e-11  1.15585173e-11  1.15585173e-11  1.15585173e-11  1.26677525e-11  1.26677525e-11  1.26677525e-11  1.14461435e-11  1.14461435e-11  1.14461435e-11  1.14461435e-11  2.94567158e-11  2.94567158e-11  3.40563586e-13  3.40563586e-13  3.40563586e-13  3.87204117e-13  3.87204117e-13  3.87204117e-13  3.40563586e-13  3.40563586e-13  3.40563586e-13  3.87204117e-13  3.87204117e-13  3.87204117e-13  8.89355977e-14  8.89355977e-14  8.89355977e-14  8.89355977e-14  5.64188986e-12  5.64188986e-12  1.13861423e-11  1.13861423e-11  1.13861423e-11  1.25154809e-11  1.25154809e-11  1.25154809e-11  1.13861423e-11  1.13861423e-11  1.13861423e-11  1.25154809e-11  1.25154809e-11  1.25154809e-11  1.13208000e-11  1.13208000e-11  1.13208000e-11  1.13208000e-11  2.88883137e-11  2.88883137e-11 
 2.13796209e+08  1.10526859e-11  1.10526859e-11  1.10526859e-11  1.20848409e-11  1.20848409e-11  1.20848409e-11  1.10526859e-11  1.10526859e-11  1.10526859e-11  1.20848409e-11  1.20848409e-11  1.20848409e-11  1.09308941e-11  1.09308941e-11  1.09308941e-11  1.09308941e-11  2.87163740e-11  2.87163740e-11  3.22355784e-13  3.22355784e-13  3.22355784e-13  3.65632626e-13  3.65632626e-13  3.65632626e-13  3.22355784e-13  3.22355784e-13  3.22355784e-13  3.65632626e-13  3.65632626e-13  3.65632626e-13  8.39232012e-14  8.39232012e-14  8.39232012e-14  8.39232012e-14  5.44906995e-12  5.44906995e-12  1.08821289e-11  1.08821289e-11  1.08821289e-11  1.19330791e-11  1.19330791e-11  1.19330791e-11  1.08821289e-11  1.08821289e-11  1.08821289e-11  1.19330791e-11  1.19330791e-11  1.19330791e-11  1.08064620e-11  1.08064620e-11  1.08064620e-11  1.08064620e-11  2.81721486e-11  2.81721486e-11 
 2.18776162e+08  1.05677975e-11  1.05677975e-11  1.05677975e-11  1.15280074e-11  1.15280074e-11  1.15280074e-11  1.05677975e-11  1.05677975e-11  1.05677975e-11  1.15280074e-11  1.15280074e-11  1.15280074e-11  1.04378841e-11  1.04378841e-11  1.04378841e-11  1.04378841e-11  2.79932248e-11  2.79932248e-11  3.05079666e-13  3.05079666e-13  3.05079666e-13  3.45231578e-13  3.45231578e-13  3.45231578e-13  3.05079666e-13  3.05079666e-13  3.05079666e-13  3.45231578e-13  3.45231578e-13  3.45231578e-13  7.91844820e-14  7.91844820e-14  7.91844820e-14  7.91844820e-14  5.26253983e-12  5.26253983e-12  1.03990019e-11  1.03990019e-11  1.03990019e-11  1.13767467e-11  1.13767467e-11  1.13767467e-11  1.03990019e-11  1.03990019e-11  1.03990019e-11  1.13767467e-11  1.13767467e-11  1.13767467e-11  1.03143430e-11  1.03143430e-11  1.03143430e-11  1.03143430e-11  2.74721712e-11  2.74721712e-11 
 2.23872114e+08  1.01030551e-11  1.01030551e-11  1.01030551e-11  1.09961624e-11  1.09961624e-11  1.09961624e-11  1.01030551e-11  1.01030551e-11  1.01030551e-11  1.09961624e-11  1.09961624e-11  1.09961624e-11  9.96622228e-12  9.96622228e-12  9.96622228e-12  9.96622228e-12  2.72868780e-11  2.72868780e-11  2.88690018e-13  2.88690018e-13  2.88690018e-13  3.25940133e-13  3.25940133e-13  3.25940133e-13  2.88690018e-13  2.88690018e-13  2.88690018e-13  3.25940133e-13  3.25940133e-13  3.25940133e-13  7.47051256e-14  7.47051256e-14  7.47051256e-14  7.47051256e-14  5.08210023e-12  5.08210023e-12  9.93596753e-12  9.93596753e-12  9.93596753e-12  1.08453960e-11  1.08453960e-11  1.08453960e-11  9.93596753e-12  9.93596753e-12  9.93596753e-12  1.08453960e-11  1.08453960e-11  1.08453960e-11  9.84355316e-12  9.84355316e-12  9.84355316e-12  9.84355316e-12  2.67880323e-11  2.67880323e-11 
 2.29086765e+08  9.65768820e-12  9.65768820e-12  9.65768820e-12  1.04882519e-11  1.04882519e-11  1.04882519e-11  9.65768820e-12  9.65768820e-12  9.65768820e-12  1.04882519e-11  1.04882519e-11  1.04882519e-11  9.51504670e-12  9.51504670e-12  9.51504670e-12  9.51504670e-12  2.65969479e-11  2.65969479e-11  2.73143666e-13  2.73143666e-13  2.73143666e-13  3.07700287e-13  3.07700287e-13  3.07700287e-13  2.73143666e-13  2.73143666e-13  2.73143666e-13  3.07700287e-13  3.07700287e-13  3.07700287e-13  7.04715059e-14  7.04715059e-14  7.04715059e-14  7.04715059e-14  4.90755719e-12  4.90755719e-12  9.49225795e-12  9.49225795e-12  9.49225795e-12  1.03379750e-11  1.03379750e-11  1.03379750e-11  9.49225795e-12  9.49225795e-12  9.49225795e-12  1.03379750e-11  1.03379750e-11  1.03379750e-11  9.39323187e-12  9.39323187e-12  9.39323188e-12  9.39323188e-12  2.61193857e-11  2.61193857e-11 
 2.34422882e+08  9.23095195e-12  9.23095195e-12  9.23095195e-12  1.00032580e-11  1.00032580e-11  1.00032580e-11  9.23095196e-12  9.23095196e-12  9.23095196e-12  1.00032580e-11  1.00032580e-11  1.00032580e-11  9.08352454e-12  9.08352454e-12  9.08352454e-12  9.08352454e-12  2.59230536e-11  2.59230536e-11  2.58399397e-13  2.58399397e-13  2.58399397e-13  2.90456779e-13  2.90456779e-13  2.90456779e-13  2.58399397e-13  2.58399397e-13  2.58399397e-13  2.90456779e-13  2.90456779e-13  2.90456779e-13  6.64706591e-14  6.64706591e-14  6.64706591e-14  6.64706591e-14  4.73872210e-12  4.73872210e-12  9.06713105e-12  9.06713105e-12  9.06713105e-12  9.85346760e-12  9.85346760e-12  9.85346760e-12  9.06713105e-12  9.06713105e-12  9.06713105e-12  9.85346760e-12  9.85346760e-12  9.85346760e-12  8.96254762e-12  8.96254762e-12  8.96254762e-12  8.96254762e-12  2.54658882e-11  2.54658882e-11 
 2.39883292e+08  8.82212641e-12  8.82212641e-12  8.82212641e-12  9.54019882e-12  9.54019882e-12  9.54019882e-12  8.82212641e-12  8.82212641e-12  8.82212641e-12  9.54019882e-12  9.54019882e-12  9.54019882e-12  8.67085155e-12  8.67085155e-12  8.67085155e-12  8.67085155e-12  2.52648194e-11  2.52648194e-11  2.44417870e-13  2.44417870e-13  2.44417870e-13  2.74157000e-13  2.74157000e-13  2.74157000e-13  2.44417870e-13  2.44417870e-13  2.44417870e-13  2.74157000e-13  2.74157000e-13  2.74157000e-13  6.26902569e-14  6.26902569e-14  6.26902569e-14  6.26902569e-14  4.57541162e-12  4.57541162e-12  8.65986960e-12  8.65986960e-12  8.65986960e-12  9.39089351e-12  9.39089351e-12  9.39089351e-12  8.65986960e-12  8.65986960e-12  8.65986960e-12  9.39089351e-12  9.39089351e-12  9.39089351e-12  8.55069746e-12  8.55069746e-12  8.55069746e-12  8.55069746e-12  2.48272009e-11  2.48272009e-11 
 2.45470892e+08  8.43051587e-12  8.43051587e-12  8.43051587e-12  9.09812778e-12  9.09812778e-12  9.09812778e-12  8.43051587e-12  8.43051587e-12  8.43051587e-12  9.09812778e-12  9.09812778e-12  9.09812778e-12  8.27625169e-12  8.27625169e-12  8.27625169e-12  8.27625169e-12  2.46218756e-11  2.46218756e-11  2.31161544e-13  2.31161544e-13  2.31161544e-13  2.58750901e-13  2.58750901e-13  2.58750901e-13  2.31161544e-13  2.31161544e-13  2.31161544e-13  2.58750901e-13  2.58750901e-13  2.58750901e-13  5.91185805e-14  5.91185805e-14  5.91185805e-14  5.91185805e-14  4.41744771e-12  4.41744771e-12  8.26978053e-12  8.26978053e-12  8.26978053e-12  8.94930784e-12  8.94930784e-12  8.94930784e-12  8.26978053e-12  8.26978053e-12  8.26978053e-12  8.94930784e-12  8.94930784e-12  8.94930784e-12  8.15690659e-12  8.15690659e-12  8.15690659e-12  8.15690659e-12  2.42029891e-11  2.42029891e-11 
 2.51188643e+08  8.05544825e-12  8.05544825e-12  8.05544825e-12  8.67613346e-12  8.67613346e-12  8.67613346e-12  8.05544825e-12  8.05544825e-12  8.05544825e-12  8.67613346e-12  8.67613346e-12  8.67613346e-12  7.89897656e-12  7.89897656e-12  7.89897656e-12  7.89897656e-12  2.39938586e-11  2.39938586e-11  2.18594601e-13  2.18594601e-13  2.18594601e-13  2.44190895e-13  2.44190895e-13  2.44190895e-13  2.18594601e-13  2.18594601e-13  2.18594601e-13  2.44190895e-13  2.44190895e-13  2.44190895e-13  5.57444956e-14  5.57444956e-14  5.57444956e-14  5.57444956e-14  4.26465750e-12  4.26465750e-12  7.89619433e-12  7.89619433e-12  7.89619433e-12  8.52780071e-12  8.52780071e-12  8.52780071e-12  7.89619433e-12  7.89619433e-12  7.89619433e-12  8.52780071e-12  8.52780071e-12  8.52780071e-12  7.78042787e-12  7.78042787e-12  7.78042787e-12  7.78042787e-12  2.35929228e-11  2.35929228e-11 
 2.57039578e+08  7.69627443e-12  7.69627443e-12  7.69627443e-12  8.27333894e-12  8.27333894e-12  8.27333894e-12  7.69627443e-12  7.69627443e-12  7.69627443e-12  8.27333894e-12  8.27333894e-12  8.27333894e-12  7.53830495e-12  7.53830495e-12  7.53830495e-12  7.53830495e-12  2.33804114e-11  2.33804114e-11  2.06682874e-13  2.06682874e-13  2.06682874e-13  2.30431762e-13  2.30431762e-13  2.30431762e-13  2.06682874e-13  2.06682874e-13  2.06682874e-13  2.30431762e-13  2.30431762e-13  2.30431762e-13  5.25574269e-14  5.25574269e-14  5.25574269e-14  5.25574269e-14  4.11687330e-12  4.11687330e-12  7.53846442e-12  7.53846442e-12  7.53846442e-12  8.12549668e-12  8.12549668e-12  8.12549668e-12  7.53846442e-12  7.53846442e-12  7.53846442e-12  8.12549668e-12  8.12549668e-12  8.12549668e-12  7.42054130e-12  7.42054130e-12  7.42054130e-12  7.42054130e-12  2.29966772e-11  2.29966772e-11 
 2.63026799e+08  7.35236764e-12  7.35236764e-12  7.35236764e-12  7.88890117e-12  7.88890117e-12  7.88890117e-12  7.35236764e-12  7.35236764e-12  7.35236764e-12  7.88890117e-12  7.88890117e-12  7.88890117e-12  7.19354215e-12  7.19354215e-12  7.19354215e-12  7.19354215e-12  2.27811836e-11  2.27811836e-11  1.95393780e-13  1.95393780e-13  1.95393780e-13  2.17430556e-13  2.17430556e-13  2.17430556e-13  1.95393780e-13  1.95393780e-13  1.95393780e-13  2.17430556e-13  2.17430556e-13  2.17430556e-13  4.95473344e-14  4.95473344e-14  4.95473344e-14  4.95473344e-14  3.97393246e-12  3.97393246e-12  7.19596648e-12  7.19596648e-12  7.19596648e-12  7.74155411e-12  7.74155411e-12  7.74155411e-12  7.19596648e-12  7.19596648e-12  7.19596648e-12  7.74155411e-12  7.74155411e-12  7.74155411e-12  7.07655336e-12  7.07655336e-12  7.07655336e-12  7.07655336e-12  2.24139330e-11  2.24139330e-11 
 2.69153480e+08  7.02312289e-12  7.02312289e-12  7.02312289e-12  7.52201023e-12  7.52201023e-12  7.52201023e-12  7.02312289e-12  7.02312289e-12  7.02312289e-12  7.52201023e-12  7.52201023e-12  7.52201023e-12  6.86401941e-12  6.86401941e-12  6.86401941e-12  6.86401941e-12  2.21958317e-11  2.21958317e-11  1.84696252e-13  1.84696252e-13  1.84696252e-13  2.05146509e-13  2.05146509e-13  2.05146509e-13  1.84696252e-13  1.84696252e-13  1.84696252e-13  2.05146509e-13  2.05146509e-13  2.05146509e-13  4.67046890e-14  4.67046890e-14  4.67046890e-14  4.67046890e-14  3.83567733e-12  3.83567733e-12  6.86809792e-12  6.86809792e-12  6.86809792e-12  7.37516442e-12  7.37516442e-12  7.37516442e-12  6.86809793e-12  6.86809793e-12  6.86809793e-12  7.37516442e-12  7.37516442e-12  7.37516442e-12  6.74779648e-12  6.74779648e-12  6.74779648e-12  6.74779648e-12  2.18443766e-11  2.18443766e-11 
 2.75422870e+08  6.70795635e-12  6.70795635e-12  6.70795635e-12  7.17188858e-12  7.17188858e-12  7.17188858e-12  6.70795635e-12  6.70795635e-12  6.70795635e-12  7.17188858e-12  7.17188858e-12  7.17188858e-12  6.54909326e-12  6.54909326e-12  6.54909326e-12  6.54909326e-12  2.16240195e-11  2.16240195e-11  1.74560675e-13  1.74560675e-13  1.74560675e-13  1.93540936e-13  1.93540936e-13  1.93540936e-13  1.74560675e-13  1.74560675e-13  1.74560675e-13  1.93540936e-13  1.93540936e-13  1.93540936e-13  4.40204500e-14  4.40204500e-14  4.40204500e-14  4.40204500e-14  3.70195517e-12  3.70195517e-12  6.55427727e-12  6.55427727e-12  6.55427727e-12  7.02555138e-12  7.02555138e-12  7.02555138e-12  6.55427727e-12  6.55427727e-12  6.55427727e-12  7.02555137e-12  7.02555137e-12  7.02555137e-12  6.43362834e-12  6.43362834e-12  6.43362834e-12  6.43362834e-12  2.12877001e-11  2.12877001e-11 
 2.81838293e+08  6.40630479e-12  6.40630479e-12  6.40630479e-12  6.83779017e-12  6.83779017e-12  6.83779017e-12  6.40630479e-12  6.40630479e-12  6.40630479e-12  6.83779017e-12  6.83779017e-12  6.83779017e-12  6.24814486e-12  6.24814486e-12  6.24814486e-12  6.24814486e-12  2.10654180e-11  2.10654180e-11  1.64958828e-13  1.64958828e-13  1.64958828e-13  1.82577148e-13  1.82577148e-13  1.82577148e-13  1.64958828e-13  1.64958828e-13  1.64958828e-13  1.82577148e-13  1.82577148e-13  1.82577148e-13  4.14860426e-14  4.14860426e-14  4.14860426e-14  4.14860426e-14  3.57261803e-12  3.57261803e-12  6.25394358e-12  6.25394358e-12  6.25394358e-12  6.69197016e-12  6.69197016e-12  6.69197016e-12  6.25394358e-12  6.25394358e-12  6.25394358e-12  6.69197016e-12  6.69197016e-12  6.69197016e-12  6.13343122e-12  6.13343122e-12  6.13343122e-12  6.13343122e-12  2.07436021e-11  2.07436021e-11 
 2.88403150e+08  6.11762504e-12  6.11762504e-12  6.11762504e-12  6.51899962e-12  6.51899962e-12  6.51899962e-12  6.11762504e-12  6.11762504e-12  6.11762504e-12  6.51899962e-12  6.51899962e-12  6.51899962e-12  5.96057933e-12  5.96057933e-12  5.96057933e-12  5.96057933e-12  2.05197056e-11  2.05197056e-11  1.55863820e-13  1.55863820e-13  1.55863820e-13  1.72220359e-13  1.72220359e-13  1.72220359e-13  1.55863820e-13  1.55863820e-13  1.55863820e-13  1.72220359e-13  1.72220359e-13  1.72220359e-13  3.90933362e-14  3.90933362e-14  3.90933362e-14  3.90933362e-14  3.44752265e-12  3.44752265e-12  5.96655590e-12  5.96655590e-12  5.96655590e-12  6.37370658e-12  6.37370658e-12  6.37370658e-12  5.96655590e-12  5.96655590e-12  5.96655590e-12  6.37370658e-12  6.37370658e-12  6.37370658e-12  5.84661134e-12  5.84661134e-12  5.84661134e-12  5.84661134e-12  2.02117872e-11  2.02117872e-11 
 2.95120923e+08  5.84139339e-12  5.84139339e-12  5.84139339e-12  6.21483127e-12  6.21483127e-12  6.21483127e-12  5.84139339e-12  5.84139339e-12  5.84139339e-12  6.21483127e-12  6.21483127e-12  6.21483127e-12  5.68582503e-12  5.68582503e-12  5.68582503e-12  5.68582503e-12  1.99865682e-11  1.99865682e-11  1.47250039e-13  1.47250039e-13  1.47250039e-13  1.62437599e-13  1.62437599e-13  1.62437599e-13  1.47250039e-13  1.47250039e-13  1.47250039e-13  1.62437599e-13  1.62437599e-13  1.62437599e-13  3.68346236e-14  3.68346236e-14  3.68346236e-14  3.68346236e-14  3.32653041e-12  3.32653041e-12  5.69159271e-12  5.69159271e-12  5.69159271e-12  6.07007612e-12  6.07007612e-12  6.07007612e-12  5.69159271e-12  5.69159271e-12  5.69159271e-12  6.07007612e-12  6.07007612e-12  6.07007612e-12  5.57259816e-12  5.57259816e-12  5.57259816e-12  5.57259816e-12  1.96919664e-11  1.96919664e-11 
 3.01995172e+08  5.57710510e-12  5.57710510e-12  5.57710510e-12  5.92462829e-12  5.92462829e-12  5.92462829e-12  5.57710510e-12  5.57710510e-12  5.57710510e-12  5.92462829e-12  5.92462829e-12  5.92462829e-12  5.42333291e-12  5.42333291e-12  5.42333291e-12  5.42333291e-12  1.94656991e-11  1.94656991e-11  1.39093089e-13  1.39093089e-13  1.39093089e-13  1.53197630e-13  1.53197630e-13  1.53197630e-13  1.39093089e-13  1.39093089e-13  1.39093089e-13  1.53197630e-13  1.53197630e-13  1.53197630e-13  3.47026009e-14  3.47026009e-14  3.47026009e-14  3.47026009e-14  3.20950714e-12  3.20950714e-12  5.42855135e-12  5.42855135e-12  5.42855135e-12  5.78042303e-12  5.78042303e-12  5.78042303e-12  5.42855135e-12  5.42855135e-12  5.42855135e-12  5.78042303e-12  5.78042303e-12  5.78042303e-12  5.31084366e-12  5.31084366e-12  5.31084366e-12  5.31084366e-12  1.91838573e-11  1.91838573e-11 
 3.09029543e+08  5.32427382e-12  5.32427382e-12  5.32427382e-12  5.64776169e-12  5.64776169e-12  5.64776169e-12  5.32427382e-12  5.32427382e-12  5.32427382e-12  5.64776169e-12  5.64776169e-12  5.64776169e-12  5.17257576e-12  5.17257576e-12  5.17257576e-12  5.17257576e-12  1.89567992e-11  1.89567992e-11  1.31369748e-13  1.31369748e-13  1.31369748e-13  1.44470864e-13  1.44470864e-13  1.44470864e-13  1.31369748e-13  1.31369748e-13  1.31369748e-13  1.44470864e-13  1.44470864e-13  1.44470864e-13  3.26903482e-14  3.26903482e-14  3.26903482e-14  3.26903482e-14  3.09632308e-12  3.09632308e-12  5.17694754e-12  5.17694754e-12  5.17694754e-12  5.50411940e-12  5.50411940e-12  5.50411940e-12  5.17694755e-12  5.17694755e-12  5.17694755e-12  5.50411940e-12  5.50411940e-12  5.50411940e-12  5.06082171e-12  5.06082171e-12  5.06082171e-12  5.06082171e-12  1.86871839e-11  1.86871839e-11 
 3.16227766e+08  5.08243107e-12  5.08243107e-12  5.08243107e-12  5.38362945e-12  5.38362945e-12  5.38362945e-12  5.08243107e-12  5.08243107e-12  5.08243107e-12  5.38362945e-12  5.38362945e-12  5.38362945e-12  4.93304758e-12  4.93304758e-12  4.93304758e-12  4.93304758e-12  1.84595772e-11  1.84595772e-11  1.24057908e-13  1.24057908e-13  1.24057908e-13  1.36229283e-13  1.36229283e-13  1.36229283e-13  1.24057908e-13  1.24057908e-13  1.24057908e-13  1.36229283e-13  1.36229283e-13  1.36229283e-13  3.07913105e-14  3.07913105e-14  3.07913105e-14  3.07913105e-14  2.98685274e-12  2.98685274e-12  4.93631482e-12  4.93631482e-12  4.93631482e-12  5.24056421e-12  5.24056421e-12  5.24056421e-12  4.93631482e-12  4.93631482e-12  4.93631482e-12  5.24056421e-12  5.24056421e-12  5.24056421e-12  4.82202729e-12  4.82202729e-12  4.82202729e-12  4.82202729e-12  1.82016768e-11  1.82016768e-11 
 3.23593657e+08  4.85112575e-12  4.85112575e-12  4.85112575e-12  5.13165550e-12  5.13165550e-12  5.13165550e-12  4.85112575e-12  4.85112575e-12  4.85112575e-12  5.13165550e-12  5.13165550e-12  5.13165550e-12  4.70426282e-12  4.70426282e-12  4.70426282e-12  4.70426282e-12  1.79737489e-11  1.79737489e-11  1.17136529e-13  1.17136529e-13  1.17136529e-13  1.28446360e-13  1.28446360e-13  1.28446360e-13  1.17136529e-13  1.17136529e-13  1.17136529e-13  1.28446360e-13  1.28446360e-13  1.28446360e-13  2.89992802e-14  2.89992802e-14  2.89992802e-14  2.89992802e-14  2.88097479e-12  2.88097479e-12  4.70620399e-12  4.70620399e-12  4.70620399e-12  4.98918237e-12  4.98918237e-12  4.98918237e-12  4.70620399e-12  4.70620399e-12  4.70620399e-12  4.98918237e-12  4.98918237e-12  4.98918237e-12  4.59397587e-12  4.59397587e-12  4.59397587e-12  4.59397587e-12  1.77270735e-11  1.77270735e-11 
 3.31131121e+08  4.62992359e-12  4.62992359e-12  4.62992359e-12  4.89128884e-12  4.89128884e-12  4.89128884e-12  4.62992359e-12  4.62992359e-12  4.62992359e-12  4.89128884e-12  4.89128884e-12  4.89128884e-12  4.48575574e-12  4.48575574e-12  4.48575574e-12  4.48575574e-12  1.74990380e-11  1.74990380e-11  1.10585595e-13  1.10585595e-13  1.10585595e-13  1.21096991e-13  1.21096991e-13  1.21096991e-13  1.10585595e-13  1.10585595e-13  1.10585595e-13  1.21096991e-13  1.21096991e-13  1.21096991e-13  2.73083800e-14  2.73083800e-14  2.73083800e-14  2.73083800e-14  2.77857194e-12  2.77857194e-12  4.48618269e-12  4.48618269e-12  4.48618269e-12  4.74942383e-12  4.74942383e-12  4.74942383e-12  4.48618269e-12  4.48618269e-12  4.48618269e-12  4.74942383e-12  4.74942383e-12  4.74942383e-12  4.37620268e-12  4.37620268e-12  4.37620268e-12  4.37620268e-12  1.72631178e-11  1.72631178e-11 
 3.38844156e+08  4.41840665e-12  4.41840665e-12  4.41840665e-12  4.66200257e-12  4.66200257e-12  4.66200257e-12  4.41840665e-12  4.41840665e-12  4.41840665e-12  4.66200257e-12  4.66200257e-12  4.66200257e-12  4.27707970e-12  4.27707970e-12  4.27707970e-12  4.27707970e-12  1.70351755e-11  1.70351755e-11  1.04386064e-13  1.04386064e-13  1.04386064e-13  1.14157414e-13  1.14157414e-13  1.14157414e-13  1.04386064e-13  1.04386064e-13  1.04386064e-13  1.14157414e-13  1.14157414e-13  1.14157414e-13  2.57130457e-14  2.57130457e-14  2.57130457e-14  2.57130457e-14  2.67953087e-12  2.67953087e-12  4.27583481e-12  4.27583481e-12  4.27583481e-12  4.52076258e-12  4.52076258e-12  4.52076258e-12  4.27583481e-12  4.27583481e-12  4.27583481e-12  4.52076258e-12  4.52076258e-12  4.52076258e-12  4.16826204e-12  4.16826204e-12  4.16826204e-12  4.16826204e-12  1.68095603e-11  1.68095603e-11 
 3.46736850e+08  4.21617283e-12  4.21617283e-12  4.21617283e-12  4.44329299e-12  4.44329299e-12  4.44329299e-12  4.21617283e-12  4.21617283e-12  4.21617283e-12  4.44329299e-12  4.44329299e-12  4.44329299e-12  4.07780653e-12  4.07780653e-12  4.07780653e-12  4.07780653e-12  1.65818998e-11  1.65818998e-11  9.85198270e-14  9.85198270e-14  9.85198270e-14  1.07605153e-13  1.07605153e-13  1.07605153e-13  9.85198270e-14  9.85198270e-14  9.85198270e-14  1.07605153e-13  1.07605153e-13  1.07605153e-13  2.42080114e-14  2.42080114e-14  2.42080114e-14  2.42080114e-14  2.58374205e-12  2.58374205e-12  4.07476003e-12  4.07476003e-12  4.07476003e-12  4.30269582e-12  4.30269582e-12  4.30269582e-12  4.07476003e-12  4.07476003e-12  4.07476003e-12  4.30269582e-12  4.30269582e-12  4.30269582e-12  3.96972668e-12  3.96972668e-12  3.96972668e-12  3.96972668e-12  1.63661581e-11  1.63661581e-11 
 3.54813389e+08  4.02283539e-12  4.02283539e-12  4.02283539e-12  4.23467869e-12  4.23467869e-12  4.23467869e-12  4.02283539e-12  4.02283539e-12  4.02283539e-12  4.23467869e-12  4.23467869e-12  4.23467869e-12  3.88752580e-12  3.88752580e-12  3.88752580e-12  3.88752580e-12  1.61389569e-11  1.61389569e-11  9.29696655e-14  9.29696655e-14  9.29696655e-14  1.01418940e-13  1.01418940e-13  1.01418940e-13  9.29696656e-14  9.29696656e-14  9.29696656e-14  1.01418940e-13  1.01418940e-13  1.01418940e-13  2.27882937e-14  2.27882937e-14  2.27882937e-14  2.27882937e-14  2.49109969e-12  2.49109969e-12  3.88257332e-12  3.88257332e-12  3.88257332e-12  4.09474296e-12  4.09474296e-12  4.09474296e-12  3.88257332e-12  3.88257332e-12  3.88257332e-12  4.09474296e-12  4.09474296e-12  4.09474296e-12  3.78018712e-12  3.78018712e-12  3.78018712e-12  3.78018712e-12  1.59326749e-11  1.59326749e-11 
 3.63078055e+08  3.83802244e-12  3.83802244e-12  3.83802244e-12  4.03569968e-12  4.03569968e-12  4.03569968e-12  3.83802244e-12  3.83802244e-12  3.83802244e-12  4.03569968e-12  4.03569968e-12  4.03569968e-12  3.70584425e-12  3.70584425e-12  3.70584425e-12  3.70584425e-12  1.57060997e-11  1.57060997e-11  8.77192109e-14  8.77192109e-14  8.77192109e-14  9.55786640e-14  9.55786640e-14  9.55786640e-14  8.77192110e-14  8.77192110e-14  8.77192110e-14  9.55786640e-14  9.55786640e-14  9.55786640e-14  2.14491773e-14  2.14491773e-14  2.14491773e-14  2.14491773e-14  2.40150159e-12  2.40150159e-12  3.69890445e-12  3.69890445e-12  3.69890445e-12  3.89644484e-12  3.89644484e-12  3.89644484e-12  3.69890446e-12  3.69890446e-12  3.69890446e-12  3.89644484e-12  3.89644484e-12  3.89644484e-12  3.59925097e-12  3.59925097e-12  3.59925097e-12  3.59925097e-12  1.55088811e-11  1.55088811e-11 
 3.71535229e+08  3.66137647e-12  3.66137647e-12  3.66137647e-12  3.84591650e-12  3.84591650e-12  3.84591650e-12  3.66137647e-12  3.66137647e-12  3.66137647e-12  3.84591650e-12  3.84591650e-12  3.84591650e-12  3.53238512e-12  3.53238512e-12  3.53238512e-12  3.53238512e-12  1.52830887e-11  1.52830887e-11  8.27529057e-14  8.27529057e-14  8.27529057e-14  9.00653016e-14  9.00653016e-14  9.00653016e-14  8.27529057e-14  8.27529057e-14  8.27529057e-14  9.00653016e-14  9.00653016e-14  9.00653016e-14  2.01862017e-14  2.01862017e-14  2.01862017e-14  2.01862017e-14  2.31484907e-12  2.31484907e-12  3.52339756e-12  3.52339756e-12  3.52339756e-12  3.70736277e-12  3.70736277e-12  3.70736277e-12  3.52339756e-12  3.52339756e-12  3.52339756e-12  3.70736277e-12  3.70736277e-12  3.70736277e-12  3.42654232e-12  3.42654232e-12  3.42654232e-12  3.42654232e-12  1.50945534e-11  1.50945534e-11 
 3.80189396e+08  3.49255392e-12  3.49255392e-12  3.49255392e-12  3.66490940e-12  3.66490940e-12  3.66490940e-12  3.49255392e-12  3.49255392e-12  3.49255392e-12  3.66490940e-12  3.66490940e-12  3.66490940e-12  3.36678752e-12  3.36678752e-12  3.36678752e-12  3.36678752e-12  1.48696913e-11  1.48696913e-11  7.80559662e-14  7.80559662e-14  7.80559662e-14  8.48608656e-14  8.48608656e-14  8.48608656e-14  7.80559662e-14  7.80559662e-14  7.80559662e-14  8.48608656e-14  8.48608656e-14  8.48608656e-14  1.89951476e-14  1.89951476e-14  1.89951476e-14  1.89951476e-14  2.23104683e-12  2.23104683e-12  3.35571061e-12  3.35571061e-12  3.35571061e-12  3.52707776e-12  3.52707776e-12  3.52707776e-12  3.35571061e-12  3.35571061e-12  3.35571061e-12  3.52707776e-12  3.52707776e-12  3.52707776e-12  3.26170113e-12  3.26170113e-12  3.26170113e-12  3.26170113e-12  1.46894750e-11  1.46894750e-11 
 3.89045145e+08  3.33122466e-12  3.33122466e-12  3.33122466e-12  3.49227753e-12  3.49227753e-12  3.49227753e-12  3.33122466e-12  3.33122466e-12  3.33122466e-12  3.49227752e-12  3.49227752e-12  3.49227752e-12  3.20870586e-12  3.20870586e-12  3.20870586e-12  3.20870586e-12  1.44656818e-11  1.44656818e-11  7.36143468e-14  7.36143468e-14  7.36143468e-14  7.99483487e-14  7.99483487e-14  7.99483487e-14  7.36143468e-14  7.36143468e-14  7.36143468e-14  7.99483487e-14  7.99483487e-14  7.99483487e-14  1.78720245e-14  1.78720245e-14  1.78720245e-14  1.78720245e-14  2.15000283e-12  2.15000283e-12  3.19551499e-12  3.19551499e-12  3.19551499e-12  3.35518966e-12  3.35518966e-12  3.35518966e-12  3.19551499e-12  3.19551499e-12  3.19551499e-12  3.35518966e-12  3.35518966e-12  3.35518966e-12  3.10438261e-12  3.10438261e-12  3.10438261e-12  3.10438261e-12  1.42934353e-11  1.42934353e-11 
 3.98107171e+08  3.17707159e-12  3.17707159e-12  3.17707159e-12  3.32763809e-12  3.32763809e-12  3.32763809e-12  3.17707159e-12  3.17707159e-12  3.17707159e-12  3.32763809e-12  3.32763809e-12  3.32763809e-12  3.05780920e-12  3.05780920e-12  3.05780921e-12  3.05780921e-12  1.40708417e-11  1.40708418e-11  6.94147054e-14  6.94147054e-14  6.94147054e-14  7.53116715e-14  7.53116715e-14  7.53116715e-14  6.94147054e-14  6.94147054e-14  6.94147054e-14  7.53116714e-14  7.53116714e-14  7.53116714e-14  1.68130587e-14  1.68130587e-14  1.68130587e-14  1.68130587e-14  2.07162825e-12  2.07162825e-12  3.04249506e-12  3.04249506e-12  3.04249506e-12  3.19131639e-12  3.19131639e-12  3.19131639e-12  3.04249506e-12  3.04249506e-12  3.04249506e-12  3.19131639e-12  3.19131639e-12  3.19131639e-12  2.95425664e-12  2.95425664e-12  2.95425664e-12  2.95425664e-12  1.39062302e-11  1.39062302e-11 
 4.07380278e+08  3.02979017e-12  3.02979017e-12  3.02979017e-12  3.17062565e-12  3.17062565e-12  3.17062565e-12  3.02979017e-12  3.02979017e-12  3.02979017e-12  3.17062565e-12  3.17062565e-12  3.17062565e-12  2.91378078e-12  2.91378078e-12  2.91378078e-12  2.91378078e-12  1.36849592e-11  1.36849592e-11  6.54443706e-14  6.54443706e-14  6.54443706e-14  7.09356330e-14  7.09356330e-14  7.09356330e-14  6.54443706e-14  6.54443706e-14  6.54443706e-14  7.09356330e-14  7.09356330e-14  7.09356330e-14  1.58146820e-14  1.58146820e-14  1.58146820e-14  1.58146820e-14  1.99583733e-12  1.99583733e-12  2.89634767e-12  2.89634767e-12  2.89634767e-12  3.03509315e-12  3.03509315e-12  3.03509315e-12  2.89634767e-12  2.89634767e-12  2.89634767e-12  3.03509315e-12  3.03509315e-12  3.03509315e-12  2.81100718e-12  2.81100718e-12  2.81100718e-12  2.81100718e-12  1.35276616e-11  1.35276616e-11 
 4.16869383e+08  2.88908801e-12  2.88908801e-12  2.88908801e-12  3.02089132e-12  3.02089132e-12  3.02089132e-12  2.88908801e-12  2.88908801e-12  2.88908801e-12  3.02089132e-12  3.02089132e-12  3.02089132e-12  2.77631735e-12  2.77631735e-12  2.77631735e-12  2.77631735e-12  1.33078289e-11  1.33078289e-11  6.16913098e-14  6.16913098e-14  6.16913098e-14  6.68058640e-14  6.68058640e-14  6.68058640e-14  6.16913098e-14  6.16913098e-14  6.16913098e-14  6.68058640e-14  6.68058640e-14  6.68058640e-14  1.48735209e-14  1.48735209e-14  1.48735209e-14  1.48735209e-14  1.92254728e-12  1.92254728e-12  2.75678177e-12  2.75678177e-12  2.75678177e-12  2.88617168e-12  2.88617168e-12  2.88617168e-12  2.75678177e-12  2.75678177e-12  2.75678177e-12  2.88617168e-12  2.88617168e-12  2.88617168e-12  2.67433174e-12  2.67433174e-12  2.67433174e-12  2.67433174e-12  1.31575376e-11  1.31575376e-11 
 4.26579519e+08  2.75468444e-12  2.75468444e-12  2.75468444e-12  2.87810207e-12  2.87810207e-12  2.87810207e-12  2.75468444e-12  2.75468444e-12  2.75468444e-12  2.87810207e-12  2.87810207e-12  2.87810207e-12  2.64512871e-12  2.64512871e-12  2.64512871e-12  2.64512871e-12  1.29392523e-11  1.29392523e-11  5.81440991e-14  5.81440991e-14  5.81440991e-14  6.29087822e-14  6.29087822e-14  6.29087822e-14  5.81440992e-14  5.81440992e-14  5.81440992e-14  6.29087822e-14  6.29087822e-14  6.29087822e-14  1.39863861e-14  1.39863861e-14  1.39863861e-14  1.39863861e-14  1.85167821e-12  1.85167821e-12  2.62351797e-12  2.62351797e-12  2.62351797e-12  2.74421955e-12  2.74421955e-12  2.74421955e-12  2.62351797e-12  2.62351797e-12  2.62351797e-12  2.74421955e-12  2.74421955e-12  2.74421955e-12  2.54394081e-12  2.54394081e-12  2.54394081e-12  2.54394081e-12  1.27956722e-11  1.27956722e-11 
 4.36515832e+08  2.62631006e-12  2.62631006e-12  2.62631006e-12  2.74194003e-12  2.74194003e-12  2.74194003e-12  2.62631006e-12  2.62631006e-12  2.62631006e-12  2.74194003e-12  2.74194003e-12  2.74194003e-12  2.51993714e-12  2.51993714e-12  2.51993714e-12  2.51993714e-12  1.25790372e-11  1.25790372e-11  5.47918939e-14  5.47918939e-14  5.47918939e-14  5.92315494e-14  5.92315494e-14  5.92315494e-14  5.47918940e-14  5.47918940e-14  5.47918940e-14  5.92315494e-14  5.92315494e-14  5.92315494e-14  1.31502628e-14  1.31502628e-14  1.31502628e-14  1.31502628e-14  1.78315299e-12  1.78315299e-12  2.49628812e-12  2.49628812e-12  2.49628812e-12  2.60891944e-12  2.60891944e-12  2.60891944e-12  2.49628812e-12  2.49628812e-12  2.49628812e-12  2.60891944e-12  2.60891944e-12  2.60891944e-12  2.41955737e-12  2.41955737e-12  2.41955737e-12  2.41955737e-12  1.24418854e-11  1.24418854e-11 
 4.46683592e+08  2.50370640e-12  2.50370640e-12  2.50370640e-12  2.61210184e-12  2.61210184e-12  2.61210184e-12  2.50370641e-12  2.50370641e-12  2.50370641e-12  2.61210184e-12  2.61210184e-12  2.61210184e-12  2.40047693e-12  2.40047693e-12  2.40047693e-12  2.40047693e-12  1.22269977e-11  1.22269977e-11  5.16244013e-14  5.16244013e-14  5.16244013e-14  5.57620317e-14  5.57620317e-14  5.57620317e-14  5.16244013e-14  5.16244013e-14  5.16244013e-14  5.57620317e-14  5.57620317e-14  5.57620317e-14  1.23623016e-14  1.23623016e-14  1.23623016e-14  1.23623016e-14  1.71689720e-12  1.71689720e-12  2.37483491e-12  2.37483491e-12  2.37483491e-12  2.47996850e-12  2.47996850e-12  2.47996850e-12  2.37483491e-12  2.37483491e-12  2.37483491e-12  2.47996850e-12  2.47996850e-12  2.47996850e-12  2.30091633e-12  2.30091633e-12  2.30091633e-12  2.30091633e-12  1.20960029e-11  1.20960029e-11 
 4.57088190e+08  2.38662550e-12  2.38662550e-12  2.38662550e-12  2.48829796e-12  2.48829796e-12  2.48829796e-12  2.38662550e-12  2.38662550e-12  2.38662550e-12  2.48829796e-12  2.48829796e-12  2.48829796e-12  2.28649386e-12  2.28649386e-12  2.28649386e-12  2.28649386e-12  1.18829541e-11  1.18829541e-11  4.86318530e-14  4.86318530e-14  4.86318530e-14  5.24887607e-14  5.24887607e-14  5.24887607e-14  4.86318531e-14  4.86318531e-14  4.86318531e-14  5.24887607e-14  5.24887607e-14  5.24887607e-14  1.16198092e-14  1.16198092e-14  1.16198092e-14  1.16198092e-14  1.65283899e-12  1.65283899e-12  2.25891149e-12  2.25891149e-12  2.25891149e-12  2.35707768e-12  2.35707768e-12  2.35707768e-12  2.25891149e-12  2.25891149e-12  2.25891149e-12  2.35707768e-12  2.35707768e-12  2.35707768e-12  2.18776408e-12  2.18776408e-12  2.18776408e-12  2.18776408e-12  1.17578560e-11  1.17578560e-11 
 4.67735141e+08  2.27482949e-12  2.27482949e-12  2.27482949e-12  2.37025210e-12  2.37025210e-12  2.37025210e-12  2.27482949e-12  2.27482949e-12  2.27482949e-12  2.37025210e-12  2.37025210e-12  2.37025210e-12  2.17774474e-12  2.17774474e-12  2.17774474e-12  2.17774474e-12  1.15467325e-11  1.15467325e-11  4.58049806e-14  4.58049806e-14  4.58049806e-14  4.94008978e-14  4.94008978e-14  4.94008978e-14  4.58049806e-14  4.58049806e-14  4.58049806e-14  4.94008978e-14  4.94008978e-14  4.94008978e-14  1.09202404e-14  1.09202404e-14  1.09202404e-14  1.09202404e-14  1.59090904e-12  1.59090904e-12  2.14828106e-12  2.14828106e-12  2.14828106e-12  2.23997111e-12  2.23997111e-12  2.23997111e-12  2.14828106e-12  2.14828106e-12  2.14828106e-12  2.23997111e-12  2.23997111e-12  2.23997111e-12  2.07985802e-12  2.07985802e-12  2.07985802e-12  2.07985802e-12  1.14272818e-11  1.14272818e-11 
 4.78630092e+08  2.16809027e-12  2.16809027e-12  2.16809027e-12  2.25770057e-12  2.25770057e-12  2.25770057e-12  2.16809027e-12  2.16809027e-12  2.16809027e-12  2.25770057e-12  2.25770057e-12  2.25770057e-12  2.07399695e-12  2.07399695e-12  2.07399695e-12  2.07399695e-12  1.12181652e-11  1.12181652e-11  4.31349901e-14  4.31349901e-14  4.31349901e-14  4.64881990e-14  4.64881990e-14  4.64881990e-14  4.31349901e-14  4.31349901e-14  4.31349901e-14  4.64881990e-14  4.64881990e-14  4.64881990e-14  1.02611898e-14  1.02611898e-14  1.02611898e-14  1.02611898e-14  1.53104044e-12  1.53104044e-12  2.04271651e-12  2.04271651e-12  2.04271651e-12  2.12838553e-12  2.12838553e-12  2.12838553e-12  2.04271651e-12  2.04271651e-12  2.04271651e-12  2.12838553e-12  2.12838553e-12  2.12838553e-12  1.97696606e-12  1.97696606e-12  1.97696606e-12  1.97696606e-12  1.11041226e-11  1.11041226e-11 
 4.89778819e+08  2.06618910e-12  2.06618910e-12  2.06618910e-12  2.15039178e-12  2.15039178e-12  2.15039178e-12  2.06618910e-12  2.06618910e-12  2.06618910e-12  2.15039178e-12  2.15039178e-12  2.15039178e-12  1.97502799e-12  1.97502799e-12  1.97502799e-12  1.97502799e-12  1.08970899e-11  1.08970899e-11  4.06135394e-14  4.06135394e-14  4.06135394e-14  4.37409833e-14  4.37409833e-14  4.37409833e-14  4.06135395e-14  4.06135395e-14  4.06135395e-14  4.37409833e-14  4.37409833e-14  4.37409833e-14  9.64038468e-15  9.64038468e-15  9.64038468e-15  9.64038468e-15  1.47316858e-12  1.47316858e-12  1.94200005e-12  1.94200005e-12  1.94200005e-12  2.02206968e-12  2.02206968e-12  2.02206968e-12  1.94200005e-12  1.94200005e-12  1.94200005e-12  2.02206968e-12  2.02206968e-12  2.02206968e-12  1.87886620e-12  1.87886620e-12  1.87886621e-12  1.87886621e-12  1.07882260e-11  1.07882260e-11 
 5.01187234e+08  1.96891630e-12  1.96891630e-12  1.96891630e-12  2.04808562e-12  2.04808562e-12  2.04808562e-12  1.96891630e-12  1.96891630e-12  1.96891630e-12  2.04808562e-12  2.04808562e-12  2.04808562e-12  1.88062506e-12  1.88062506e-12  1.88062506e-12  1.88062506e-12  1.05833502e-11  1.05833502e-11  3.82327158e-14  3.82327158e-14  3.82327158e-14  4.11501007e-14  4.11501007e-14  4.11501007e-14  3.82327158e-14  3.82327158e-14  3.82327158e-14  4.11501007e-14  4.11501007e-14  4.11501007e-14  9.05567723e-15  9.05567723e-15  9.05567723e-15  9.05567723e-15  1.41723114e-12  1.41723114e-12  1.84592285e-12  1.84592285e-12  1.84592285e-12  1.92078377e-12  1.92078377e-12  1.92078377e-12  1.84592285e-12  1.84592285e-12  1.84592285e-12  1.92078377e-12  1.92078377e-12  1.92078377e-12  1.78534613e-12  1.78534613e-12  1.78534613e-12  1.78534613e-12  1.04794448e-11  1.04794448e-11 
 5.12861384e+08  1.87607085e-12  1.87607085e-12  1.87607085e-12  1.95055299e-12  1.95055299e-12  1.95055299e-12  1.87607085e-12  1.87607085e-12  1.87607085e-12  1.95055299e-12  1.95055299e-12  1.95055299e-12  1.79058466e-12  1.79058466e-12  1.79058466e-12  1.79058466e-12  1.02767947e-11  1.02767947e-11  3.59850143e-14  3.59850143e-14  3.59850143e-14  3.87069039e-14  3.87069039e-14  3.87069039e-14  3.59850143e-14  3.59850143e-14  3.59850143e-14  3.87069038e-14  3.87069038e-14  3.87069038e-14  8.50503822e-15  8.50503822e-15  8.50503822e-15  8.50503822e-15  1.36316792e-12  1.36316792e-12  1.75428470e-12  1.75428470e-12  1.75428470e-12  1.82429896e-12  1.82429896e-12  1.82429896e-12  1.75428470e-12  1.75428470e-12  1.75428470e-12  1.82429896e-12  1.82429896e-12  1.82429896e-12  1.69620274e-12  1.69620274e-12  1.69620274e-12  1.69620274e-12  1.01776367e-11  1.01776368e-11 
 5.24807460e+08  1.78746007e-12  1.78746007e-12  1.78746007e-12  1.85757526e-12  1.85757526e-12  1.85757526e-12  1.78746007e-12  1.78746007e-12  1.78746007e-12  1.85757526e-12  1.85757526e-12  1.85757526e-12  1.70471217e-12  1.70471217e-12  1.70471217e-12  1.70471217e-12  9.97727762e-12  9.97727762e-12  3.38633177e-14  3.38633177e-14  3.38633177e-14  3.64032201e-14  3.64032201e-14  3.64032201e-14  3.38633177e-14  3.38633177e-14  3.38633177e-14  3.64032201e-14  3.64032201e-14  3.64032201e-14  7.98655031e-15  7.98655031e-15  7.98655031e-15  7.98655031e-15  1.31092083e-12  1.31092083e-12  1.66689369e-12  1.66689369e-12  1.66689369e-12  1.73239682e-12  1.73239682e-12  1.73239682e-12  1.66689369e-12  1.66689369e-12  1.66689369e-12  1.73239682e-12  1.73239682e-12  1.73239682e-12  1.61124181e-12  1.61124181e-12  1.61124181e-12  1.61124181e-12  9.88266455e-12  9.88266455e-12 
 5.37031796e+08  1.70289932e-12  1.70289932e-12  1.70289932e-12  1.76894380e-12  1.76894380e-12  1.76894380e-12  1.70289932e-12  1.70289932e-12  1.70289932e-12  1.76894380e-12  1.76894380e-12  1.76894380e-12  1.62282148e-12  1.62282148e-12  1.62282148e-12  1.62282148e-12  9.68465798e-12  9.68465798e-12  3.18608772e-14  3.18608772e-14  3.18608772e-14  3.42313250e-14  3.42313250e-14  3.42313250e-14  3.18608772e-14  3.18608772e-14  3.18608772e-14  3.42313250e-14  3.42313250e-14  3.42313250e-14  7.49840204e-15  7.49840204e-15  7.49840204e-15  7.49840204e-15  1.26043377e-12  1.26043377e-12  1.58356584e-12  1.58356584e-12  1.58356584e-12  1.64486889e-12  1.64486889e-12  1.64486889e-12  1.58356584e-12  1.58356584e-12  1.58356584e-12  1.64486889e-12  1.64486889e-12  1.64486889e-12  1.53027757e-12  1.53027757e-12  1.53027757e-12  1.53027757e-12  9.59439553e-12  9.59439553e-12 
 5.49540874e+08  1.62221167e-12  1.62221167e-12  1.62221167e-12  1.68445954e-12  1.68445954e-12  1.68445954e-12  1.62221167e-12  1.62221167e-12  1.62221167e-12  1.68445954e-12  1.68445954e-12  1.68445954e-12  1.54473465e-12  1.54473465e-12  1.54473465e-12  1.54473465e-12  9.39879979e-12  9.39879979e-12  2.99712934e-14  2.99712934e-14  2.99712934e-14  3.21839179e-14  3.21839179e-14  3.21839179e-14  2.99712934e-14  2.99712934e-14  2.99712934e-14  3.21839179e-14  3.21839179e-14  3.21839179e-14  7.03888197e-15  7.03888197e-15  7.03888197e-15  7.03888197e-15  1.21165255e-12  1.21165255e-12  1.50412483e-12  1.50412483e-12  1.50412483e-12  1.56151618e-12  1.56151618e-12  1.56151618e-12  1.50412483e-12  1.50412483e-12  1.50412483e-12  1.56151618e-12  1.56151618e-12  1.56151618e-12  1.45313236e-12  1.45313236e-12  1.45313236e-12  1.45313236e-12  9.31270160e-12  9.31270160e-12 
 5.62341325e+08  1.54522760e-12  1.54522760e-12  1.54522760e-12  1.60393248e-12  1.60393248e-12  1.60393248e-12  1.54522760e-12  1.54522760e-12  1.54522760e-12  1.60393248e-12  1.60393248e-12  1.60393248e-12  1.47028149e-12  1.47028149e-12  1.47028149e-12  1.47028149e-12  9.11957177e-12  9.11957177e-12  2.81884993e-14  2.81884993e-14  2.81884993e-14  3.02540986e-14  3.02540986e-14  3.02540986e-14  2.81884993e-14  2.81884993e-14  2.81884993e-14  3.02540986e-14  3.02540986e-14  3.02540986e-14  6.60637323e-15  6.60637323e-15  6.60637323e-15  6.60637323e-15  1.16452483e-12  1.16452483e-12  1.42840168e-12  1.42840168e-12  1.42840168e-12  1.48214876e-12  1.48214876e-12  1.48214876e-12  1.42840168e-12  1.42840168e-12  1.42840168e-12  1.48214876e-12  1.48214876e-12  1.48214876e-12  1.37963625e-12  1.37963625e-12  1.37963625e-12  1.37963625e-12  9.03745903e-12  9.03745903e-12 
 5.75439937e+08  1.47178467e-12  1.47178467e-12  1.47178467e-12  1.52718132e-12  1.52718132e-12  1.52718132e-12  1.47178467e-12  1.47178467e-12  1.47178467e-12  1.52718132e-12  1.52718132e-12  1.52718132e-12  1.39929931e-12  1.39929931e-12  1.39929931e-12  1.39929931e-12  8.84684714e-12  8.84684714e-12  2.65067430e-14  2.65067430e-14  2.65067430e-14  2.84353446e-14  2.84353446e-14  2.84353446e-14  2.65067430e-14  2.65067430e-14  2.65067430e-14  2.84353446e-14  2.84353446e-14  2.84353446e-14  6.19934832e-15  6.19934832e-15  6.19934832e-15  6.19934832e-15  1.11900006e-12  1.11900006e-12  1.35623443e-12  1.35623443e-12  1.35623443e-12  1.40658529e-12  1.40658529e-12  1.40658529e-12  1.35623443e-12  1.35623443e-12  1.35623443e-12  1.40658529e-12  1.40658529e-12  1.40658529e-12  1.30962673e-12  1.30962673e-12  1.30962673e-12  1.30962673e-12  8.76854832e-12  8.76854832e-12 
 5.88843655e+08  1.40172729e-12  1.40172729e-12  1.40172729e-12  1.45403302e-12  1.45403302e-12  1.45403302e-12  1.40172729e-12  1.40172729e-12  1.40172729e-12  1.45403302e-12  1.45403302e-12  1.45403302e-12  1.33163251e-12  1.33163251e-12  1.33163251e-12  1.33163251e-12  8.58050348e-12  8.58050348e-12  2.49205720e-14  2.49205720e-14  2.49205720e-14  2.67214909e-14  2.67214909e-14  2.67214909e-14  2.49205720e-14  2.49205720e-14  2.49205720e-14  2.67214909e-14  2.67214909e-14  2.67214909e-14  5.81636421e-15  5.81636421e-15  5.81636421e-15  5.81636421e-15  1.07502938e-12  1.07502938e-12  1.28746788e-12  1.28746788e-12  1.28746788e-12  1.33465268e-12  1.33465268e-12  1.33465268e-12  1.28746788e-12  1.28746788e-12  1.28746788e-12  1.33465268e-12  1.33465268e-12  1.33465268e-12  1.24294836e-12  1.24294836e-12  1.24294836e-12  1.24294836e-12  8.50585399e-12  8.50585399e-12 
 6.02559586e+08  1.33490643e-12  1.33490643e-12  1.33490643e-12  1.38432243e-12  1.38432243e-12  1.38432243e-12  1.33490643e-12  1.33490643e-12  1.33490643e-12  1.38432243e-12  1.38432243e-12  1.38432243e-12  1.26713233e-12  1.26713233e-12  1.26713233e-12  1.26713233e-12  8.32042251e-12  8.32042251e-12  2.34248178e-14  2.34248178e-14  2.34248178e-14  2.51067098e-14  2.51067098e-14  2.51067098e-14  2.34248178e-14  2.34248178e-14  2.34248178e-14  2.51067098e-14  2.51067098e-14  2.51067098e-14  5.45605765e-15  5.45605765e-15  5.45605765e-15  5.45605765e-15  1.03256556e-12  1.03256556e-12  1.22195333e-12  1.22195333e-12  1.22195333e-12  1.26618563e-12  1.26618563e-12  1.26618563e-12  1.22195333e-12  1.22195333e-12  1.22195333e-12  1.26618563e-12  1.26618563e-12  1.26618563e-12  1.17945246e-12  1.17945246e-12  1.17945246e-12  1.17945246e-12  8.24926443e-12  8.24926443e-12 
 6.16595002e+08  1.27117932e-12  1.27117932e-12  1.27117932e-12  1.31789193e-12  1.31789193e-12  1.31789193e-12  1.27117932e-12  1.27117932e-12  1.27117932e-12  1.31789193e-12  1.31789193e-12  1.31789193e-12  1.20565653e-12  1.20565653e-12  1.20565653e-12  1.20565653e-12  8.06648988e-12  8.06648988e-12  2.20145813e-14  2.20145813e-14  2.20145813e-14  2.35854922e-14  2.35854922e-14  2.35854922e-14  2.20145813e-14  2.20145813e-14  2.20145813e-14  2.35854922e-14  2.35854922e-14  2.35854922e-14  5.11714082e-15  5.11714082e-15  5.11714082e-15  5.11714082e-15  9.91562932e-13  9.91562932e-13  1.15954825e-12  1.15954825e-12  1.15954825e-12  1.20102631e-12  1.20102631e-12  1.20102631e-12  1.15954825e-12  1.15954825e-12  1.15954825e-12  1.20102631e-12  1.20102631e-12  1.20102631e-12  1.11899684e-12  1.11899684e-12  1.11899684e-12  1.11899684e-12  7.99867169e-12  7.99867169e-12 
 6.30957344e+08  1.21040922e-12  1.21040922e-12  1.21040922e-12  1.25459107e-12  1.25459107e-12  1.25459107e-12  1.21040922e-12  1.21040922e-12  1.21040922e-12  1.25459107e-12  1.25459107e-12  1.25459107e-12  1.14706907e-12  1.14706907e-12  1.14706907e-12  1.14706907e-12  7.81859501e-12  7.81859501e-12  2.06852191e-14  2.06852191e-14  2.06852191e-14  2.21526303e-14  2.21526303e-14  2.21526303e-14  2.06852191e-14  2.06852191e-14  2.06852191e-14  2.21526303e-14  2.21526303e-14  2.21526303e-14  4.79839716e-15  4.79839716e-15  4.79839716e-15  4.79839716e-15  9.51977322e-13  9.51977322e-13  1.10011610e-12  1.10011610e-12  1.10011610e-12  1.13902400e-12  1.13902400e-12  1.13902400e-12  1.10011611e-12  1.10011611e-12  1.10011611e-12  1.13902400e-12  1.13902400e-12  1.13902400e-12  1.06144546e-12  1.06144546e-12  1.06144546e-12  1.06144546e-12  7.75397134e-12  7.75397134e-12 
 6.45654229e+08  1.15246518e-12  1.15246518e-12  1.15246518e-12  1.19427624e-12  1.19427624e-12  1.19427624e-12  1.15246518e-12  1.15246518e-12  1.15246518e-12  1.19427624e-12  1.19427624e-12  1.19427624e-12  1.09123991e-12  1.09123991e-12  1.09123991e-12  1.09123991e-12  7.57663087e-12  7.57663087e-12  1.94323306e-14  1.94323306e-14  1.94323306e-14  2.08032003e-14  2.08032003e-14  2.08032003e-14  1.94323306e-14  1.94323306e-14  1.94323306e-14  2.08032003e-14  2.08032003e-14  2.08032003e-14  4.49867740e-15  4.49867740e-15  4.49867740e-15  4.49867740e-15  9.13765994e-13  9.13765994e-13  1.04352603e-12  1.04352603e-12  1.04352603e-12  1.08003475e-12  1.08003475e-12  1.08003475e-12  1.04352603e-12  1.04352603e-12  1.04352603e-12  1.08003475e-12  1.08003475e-12  1.08003475e-12  1.00666818e-12  1.00666818e-12  1.00666818e-12  1.00666818e-12  7.51506220e-12  7.51506220e-12 
 6.60693448e+08  1.09722180e-12  1.09722180e-12  1.09722180e-12  1.13681032e-12  1.13681032e-12  1.13681032e-12  1.09722180e-12  1.09722180e-12  1.09722180e-12  1.13681032e-12  1.13681032e-12  1.13681032e-12  1.03804468e-12  1.03804468e-12  1.03804468e-12  1.03804468e-12  7.34049377e-12  7.34049377e-12  1.82517449e-14  1.82517449e-14  1.82517449e-14  1.95325475e-14  1.95325475e-14  1.95325475e-14  1.82517450e-14  1.82517450e-14  1.82517450e-14  1.95325475e-14  1.95325475e-14  1.95325475e-14  4.21689590e-15  4.21689590e-15  4.21689590e-15  4.21689590e-15  8.76887576e-13  8.76887576e-13  9.89652641e-13  9.89652641e-13  9.89652641e-13  1.02392103e-12  1.02392103e-12  1.02392103e-12  9.89652642e-13  9.89652642e-13  9.89652642e-13  1.02392103e-12  1.02392103e-12  1.02392103e-12  9.54540524e-13  9.54540524e-13  9.54540524e-13  9.54540524e-13  7.28184625e-12  7.28184625e-12 
 6.76082975e+08  1.04455897e-12  1.04455897e-12  1.04455897e-12  1.08206245e-12  1.08206245e-12  1.08206245e-12  1.04455897e-12  1.04455897e-12  1.04455897e-12  1.08206244e-12  1.08206244e-12  1.08206244e-12  9.87364431e-13  9.87364431e-13  9.87364431e-13  9.87364431e-13  7.11008314e-12  7.11008314e-12  1.71395099e-14  1.71395099e-14  1.71395099e-14  1.83362706e-14  1.83362706e-14  1.83362706e-14  1.71395099e-14  1.71395099e-14  1.71395099e-14  1.83362706e-14  1.83362706e-14  1.83362706e-14  3.95202709e-15  3.95202709e-15  3.95202709e-15  3.95202709e-15  8.41302008e-13  8.41302008e-13  9.38375794e-13  9.38375794e-13  9.38375794e-13  9.70551504e-13  9.70551504e-13  9.70551504e-13  9.38375794e-13  9.38375794e-13  9.38375794e-13  9.70551504e-13  9.70551504e-13  9.70551504e-13  9.04943372e-13  9.04943372e-13  9.04943372e-13  9.04943372e-13  7.05422834e-12  7.05422834e-12 
 6.91830971e+08  9.94361695e-13  9.94361695e-13  9.94361695e-13  1.02990764e-12  1.02990764e-12  1.02990764e-12  9.94361695e-13  9.94361695e-13  9.94361695e-13  1.02990764e-12  1.02990764e-12  1.02990764e-12  9.39085450e-13  9.39085450e-13  9.39085450e-13  9.39085450e-13  6.88530136e-12  6.88530136e-12  1.60918800e-14  1.60918800e-14  1.60918800e-14  1.72102085e-14  1.72102085e-14  1.72102085e-14  1.60918800e-14  1.60918800e-14  1.60918800e-14  1.72102085e-14  1.72102085e-14  1.72102085e-14  3.70310219e-15  3.70310219e-15  3.70310219e-15  3.70310219e-15  8.06970478e-13  8.06970478e-13  8.89580353e-13  8.89580353e-13  8.89580353e-13  9.19800640e-13  9.19800640e-13  9.19800640e-13  8.89580353e-13  8.89580353e-13  8.89580353e-13  9.19800640e-13  9.19800640e-13  9.19800640e-13  8.57762761e-13  8.57762761e-13  8.57762761e-13  8.57762761e-13  6.83211605e-12  6.83211605e-12 
 7.07945784e+08  9.46519838e-13  9.46519838e-13  9.46519838e-13  9.80226606e-13  9.80226606e-13  9.80226606e-13  9.46519838e-13  9.46519838e-13  9.46519838e-13  9.80226606e-13  9.80226606e-13  9.80226606e-13  8.93098974e-13  8.93098974e-13  8.93098974e-13  8.93098974e-13  6.66605355e-12  6.66605355e-12  1.51053062e-14  1.51053062e-14  1.51053062e-14  1.61504262e-14  1.61504262e-14  1.61504262e-14  1.51053062e-14  1.51053062e-14  1.51053062e-14  1.61504262e-14  1.61504262e-14  1.61504262e-14  3.46920605e-15  3.46920605e-15  3.46920605e-15  3.46920605e-15  7.73855368e-13  7.73855368e-13  8.43155992e-13  8.43155992e-13  8.43155992e-13  8.71548510e-13  8.71548510e-13  8.71548510e-13  8.43155992e-13  8.43155992e-13  8.43155992e-13  8.71548510e-13  8.71548510e-13  8.71548510e-13  8.12889634e-13  8.12889634e-13  8.12889634e-13  8.12889634e-13  6.61541948e-12  6.61541948e-12 
 7.24435960e+08  9.00927954e-13  9.00927954e-13  9.00927954e-13  9.32905404e-13  9.32905404e-13  9.32905404e-13  9.00927954e-13  9.00927954e-13  9.00927954e-13  9.32905404e-13  9.32905404e-13  9.32905404e-13  8.49300994e-13  8.49300994e-13  8.49300994e-13  8.49300994e-13  6.45224731e-12  6.45224731e-12  1.41764256e-14  1.41764256e-14  1.41764256e-14  1.51532032e-14  1.51532032e-14  1.51532032e-14  1.41764256e-14  1.41764256e-14  1.41764256e-14  1.51532032e-14  1.51532032e-14  1.51532032e-14  3.24947420e-15  3.24947420e-15  3.24947420e-15  3.24947420e-15  7.41920201e-13  7.41920201e-13  7.98996984e-13  7.98996984e-13  7.98996984e-13  8.25680493e-13  8.25680493e-13  8.25680493e-13  7.98996984e-13  7.98996984e-13  7.98996984e-13  8.25680493e-13  8.25680493e-13  8.25680493e-13  7.70219632e-13  7.70219632e-13  7.70219632e-13  7.70219632e-13  6.40405104e-12  6.40405104e-12 
 7.41310241e+08  8.57485078e-13  8.57485078e-13  8.57485078e-13  8.87835249e-13  8.87835249e-13  8.87835249e-13  8.57485078e-13  8.57485078e-13  8.57485078e-13  8.87835249e-13  8.87835249e-13  8.87835249e-13  8.07592038e-13  8.07592038e-13  8.07592038e-13  8.07592038e-13  6.24379259e-12  6.24379259e-12  1.33020518e-14  1.33020518e-14  1.33020518e-14  1.42150211e-14  1.42150211e-14  1.42150211e-14  1.33020518e-14  1.33020518e-14  1.33020518e-14  1.42150211e-14  1.42150211e-14  1.42150211e-14  3.04309007e-15  3.04309007e-15  3.04309007e-15  3.04309007e-15  7.11129586e-13  7.11129586e-13  7.57002008e-13  7.57002008e-13  7.57002008e-13  7.82087034e-13  7.82087034e-13  7.82087034e-13  7.57002008e-13  7.57002008e-13  7.57002008e-13  7.82087034e-13  7.82087034e-13  7.82087034e-13  7.29652875e-13  7.29652875e-13  7.29652875e-13  7.29652875e-13  6.19792527e-12  6.19792527e-12 
 7.58577575e+08  8.16094536e-13  8.16094536e-13  8.16094536e-13  8.44912246e-13  8.44912246e-13  8.44912246e-13  8.16094536e-13  8.16094536e-13  8.16094536e-13  8.44912246e-13  8.44912246e-13  8.44912246e-13  7.67876977e-13  7.67876977e-13  7.67876977e-13  7.67876977e-13  6.04060144e-12  6.04060144e-12  1.24791659e-14  1.24791659e-14  1.24791659e-14  1.33325528e-14  1.33325528e-14  1.33325528e-14  1.24791659e-14  1.24791659e-14  1.24791659e-14  1.33325528e-14  1.33325528e-14  1.33325528e-14  2.84928233e-15  2.84928233e-15  2.84928233e-15  2.84928233e-15  6.81449169e-13  6.81449169e-13  7.17073966e-13  7.17073966e-13  7.17073966e-13  7.40663407e-13  7.40663407e-13  7.40663407e-13  7.17073966e-13  7.17073966e-13  7.17073966e-13  7.40663407e-13  7.40663407e-13  7.40663407e-13  6.91093766e-13  6.91093766e-13  6.91093766e-13  6.91093766e-13  5.99695865e-12  5.99695865e-12 
 7.76247117e+08  7.76663772e-13  7.76663772e-13  7.76663772e-13  8.04037176e-13  8.04037176e-13  8.04037176e-13  7.76663772e-13  7.76663772e-13  7.76663772e-13  8.04037176e-13  8.04037176e-13  8.04037176e-13  7.30064825e-13  7.30064825e-13  7.30064825e-13  7.30064825e-13  5.84258781e-12  5.84258781e-12  1.17049078e-14  1.17049078e-14  1.17049078e-14  1.25026518e-14  1.25026518e-14  1.25026518e-14  1.17049078e-14  1.17049078e-14  1.17049078e-14  1.25026518e-14  1.25026518e-14  1.25026518e-14  2.66732240e-15  2.66732240e-15  2.66732240e-15  2.66732240e-15  6.52845586e-13  6.52845587e-13  6.79119801e-13  6.79119801e-13  6.79119801e-13  7.01309487e-13  7.01309487e-13  7.01309487e-13  6.79119801e-13  6.79119801e-13  6.79119801e-13  7.01309487e-13  7.01309487e-13  7.01309487e-13  6.54450800e-13  6.54450800e-13  6.54450800e-13  6.54450800e-13  5.80106939e-12  5.80106940e-12 
 7.94328235e+08  7.39104171e-13  7.39104171e-13  7.39104171e-13  7.65115275e-13  7.65115275e-13  7.65115275e-13  7.39104171e-13  7.39104171e-13  7.39104171e-13  7.65115275e-13  7.65115275e-13  7.65115275e-13  6.94068564e-13  6.94068564e-13  6.94068564e-13  6.94068564e-13  5.64966740e-12  5.64966740e-12  1.09765679e-14  1.09765679e-14  1.09765679e-14  1.17223428e-14  1.17223428e-14  1.17223428e-14  1.09765679e-14  1.09765679e-14  1.09765679e-14  1.17223428e-14  1.17223428e-14  1.17223428e-14  2.49652212e-15  2.49652212e-15  2.49652212e-15  2.49652212e-15  6.25286419e-13  6.25286419e-13  6.43050328e-13  6.43050328e-13  6.43050328e-13  6.63929542e-13  6.63929542e-13  6.63929542e-13  6.43050328e-13  6.43050328e-13  6.43050328e-13  6.63929542e-13  6.63929542e-13  6.63929542e-13  6.19636382e-13  6.19636382e-13  6.19636382e-13  6.19636382e-13  5.61017727e-12  5.61017727e-12 
 8.12830516e+08  7.03330898e-13  7.03330898e-13  7.03330898e-13  7.28056032e-13  7.28056032e-13  7.28056032e-13  7.03330898e-13  7.03330898e-13  7.03330898e-13  7.28056032e-13  7.28056032e-13  7.28056032e-13  6.59804967e-13  6.59804967e-13  6.59804967e-13  6.59804967e-13  5.46175742e-12  5.46175742e-12  1.02915795e-14  1.02915795e-14  1.02915795e-14  1.09888117e-14  1.09888117e-14  1.09888117e-14  1.02915795e-14  1.02915795e-14  1.02915795e-14  1.09888117e-14  1.09888117e-14  1.09888117e-14  2.33623153e-15  2.33623153e-15  2.33623153e-15  2.33623153e-15  5.98740149e-13  5.98740149e-13  6.08780074e-13  6.08780074e-13  6.08780074e-13  6.28432024e-13  6.28432024e-13  6.28432024e-13  6.08780074e-13  6.08780074e-13  6.08780074e-13  6.28432024e-13  6.28432024e-13  6.28432024e-13  5.86566657e-13  5.86566657e-13  5.86566657e-13  5.86566657e-13  5.42420343e-12  5.42420343e-12 
 8.31763771e+08  6.69262736e-13  6.69262736e-13  6.69262736e-13  6.92772996e-13  6.92772996e-13  6.92772996e-13  6.69262736e-13  6.69262736e-13  6.69262736e-13  6.92772996e-13  6.92772996e-13  6.92772996e-13  6.27194431e-13  6.27194431e-13  6.27194431e-13  6.27194431e-13  5.27877645e-12  5.27877645e-12  9.64751127e-15  9.64751127e-15  9.64751127e-15  1.02993975e-14  1.02993975e-14  1.02993975e-14  9.64751127e-15  9.64751127e-15  9.64751127e-15  1.02993975e-14  1.02993975e-14  1.02993975e-14  2.18583676e-15  2.18583676e-15  2.18583676e-15  2.18583676e-15  5.73176117e-13  5.73176117e-13  5.76227116e-13  5.76227116e-13  5.76227116e-13  5.94729383e-13  5.94729383e-13  5.94729383e-13  5.76227116e-13  5.76227116e-13  5.76227116e-13  5.94729382e-13  5.94729382e-13  5.94729382e-13  5.55161342e-13  5.55161342e-13  5.55161342e-13  5.55161342e-13  5.24307022e-12  5.24307022e-12 
 8.51138038e+08  6.36821941e-13  6.36821941e-13  6.36821941e-13  6.59183587e-13  6.59183587e-13  6.59183587e-13  6.36821941e-13  6.36821941e-13  6.36821941e-13  6.59183587e-13  6.59183587e-13  6.59183587e-13  5.96160821e-13  5.96160821e-13  5.96160821e-13  5.96160821e-13  5.10064423e-12  5.10064423e-12  9.04206049e-15  9.04206049e-15  9.04206049e-15  9.65158351e-15  9.65158351e-15  9.65158351e-15  9.04206049e-15  9.04206049e-15  9.04206049e-15  9.65158351e-15  9.65158351e-15  9.65158351e-15  2.04475807e-15  2.04475807e-15  2.04475807e-15  2.04475807e-15  5.48564488e-13  5.48564488e-13  5.45312942e-13  5.45312942e-13  5.45312942e-13  5.62737879e-13  5.62737879e-13  5.62737879e-13  5.45312942e-13  5.45312942e-13  5.45312942e-13  5.62737879e-13  5.62737879e-13  5.62737879e-13  5.25343571e-13  5.25343571e-13  5.25343571e-13  5.25343571e-13  5.06670102e-12  5.06670102e-12 
 8.70963590e+08  6.05934094e-13  6.05934094e-13  6.05934094e-13  6.27208926e-13  6.27208926e-13  6.27208926e-13  6.05934094e-13  6.05934094e-13  6.05934094e-13  6.27208926e-13  6.27208926e-13  6.27208926e-13  5.66631319e-13  5.66631319e-13  5.66631319e-13  5.66631319e-13  4.92728153e-12  4.92728153e-12  8.47304620e-15  8.47304620e-15  8.47304620e-15  9.04298993e-15  9.04298993e-15  9.04298993e-15  8.47304620e-15  8.47304620e-15  8.47304620e-15  9.04298993e-15  9.04298993e-15  9.04298993e-15  1.91244798e-15  1.91244798e-15  1.91244798e-15  1.91244798e-15  5.24876210e-13  5.24876210e-13  5.15962301e-13  5.15962301e-13  5.15962301e-13  5.32377415e-13  5.32377415e-13  5.32377415e-13  5.15962301e-13  5.15962301e-13  5.15962301e-13  5.32377415e-13  5.32377415e-13  5.32377415e-13  4.97039749e-13  4.97039749e-13  4.97039749e-13  4.97039749e-13  4.89502008e-12  4.89502008e-12 
 8.91250938e+08  5.76527963e-13  5.76527963e-13  5.76527963e-13  5.96773664e-13  5.96773664e-13  5.96773664e-13  5.76527963e-13  5.76527963e-13  5.76527963e-13  5.96773664e-13  5.96773664e-13  5.96773664e-13  5.38536280e-13  5.38536280e-13  5.38536280e-13  5.38536280e-13  4.75860995e-12  4.75860995e-12  7.93840309e-15  7.93840309e-15  7.93840309e-15  8.47136622e-15  8.47136622e-15  8.47136622e-15  7.93840309e-15  7.93840309e-15  7.93840309e-15  8.47136622e-15  8.47136622e-15  8.47136622e-15  1.78838951e-15  1.78838951e-15  1.78838951e-15  1.78838951e-15  5.02082986e-13  5.02082986e-13  4.88103076e-13  4.88103076e-13  4.88103076e-13  5.03571373e-13  5.03571373e-13  5.03571373e-13  4.88103076e-13  4.88103076e-13  4.88103076e-13  5.03571373e-13  5.03571373e-13  5.03571373e-13  4.70179408e-13  4.70179408e-13  4.70179409e-13  4.70179409e-13  4.72795237e-12  4.72795237e-12 
 9.12010839e+08  5.48535374e-13  5.48535374e-13  5.48535374e-13  5.67805827e-13  5.67805827e-13  5.67805827e-13  5.48535374e-13  5.48535374e-13  5.48535374e-13  5.67805827e-13  5.67805827e-13  5.67805827e-13  5.11809096e-13  5.11809096e-13  5.11809096e-13  5.11809096e-13  4.59455181e-12  4.59455181e-12  7.43617557e-15  7.43617557e-15  7.43617557e-15  7.93458431e-15  7.93458431e-15  7.93458431e-15  7.43617557e-15  7.43617557e-15  7.43617557e-15  7.93458431e-15  7.93458431e-15  7.93458431e-15  1.67209455e-15  1.67209455e-15  1.67209455e-15  1.67209455e-15  4.80157236e-13  4.80157236e-13  4.61666149e-13  4.61666149e-13  4.61666149e-13  4.76246455e-13  4.76246455e-13  4.76246455e-13  4.61666149e-13  4.61666149e-13  4.61666149e-13  4.76246455e-13  4.76246455e-13  4.76246455e-13  4.44695078e-13  4.44695078e-13  4.44695078e-13  4.44695078e-13  4.56542346e-12  4.56542346e-12 
 9.33254301e+08  5.21891082e-13  5.21891082e-13  5.21891082e-13  5.40236661e-13  5.40236661e-13  5.40236661e-13  5.21891083e-13  5.21891083e-13  5.21891083e-13  5.40236661e-13  5.40236661e-13  5.40236661e-13  4.86386068e-13  4.86386068e-13  4.86386068e-13  4.86386068e-13  4.43503001e-12  4.43503001e-12  6.96451209e-15  6.96451209e-15  6.96451209e-15  7.43063199e-15  7.43063199e-15  7.43063199e-15  6.96451209e-15  6.96451209e-15  6.96451209e-15  7.43063199e-15  7.43063199e-15  7.43063199e-15  1.56310225e-15  1.56310225e-15  1.56310225e-15  1.56310225e-15  4.59072071e-13  4.59072072e-13  4.36585285e-13  4.36585285e-13  4.36585285e-13  4.50332540e-13  4.50332540e-13  4.50332540e-13  4.36585285e-13  4.36585285e-13  4.36585285e-13  4.50332540e-13  4.50332540e-13  4.50332540e-13  4.20522152e-13  4.20522152e-13  4.20522152e-13  4.20522152e-13  4.40735934e-12  4.40735934e-12 
 9.54992586e+08  4.96532655e-13  4.96532655e-13  4.96532655e-13  5.14000493e-13  5.14000493e-13  5.14000493e-13  4.96532655e-13  4.96532655e-13  4.96532655e-13  5.14000493e-13  5.14000493e-13  5.14000493e-13  4.62206278e-13  4.62206278e-13  4.62206278e-13  4.62206278e-13  4.27996789e-12  4.27996789e-12  6.52165991e-15  6.52165991e-15  6.52165991e-15  6.95760675e-15  6.95760675e-15  6.95760675e-15  6.52165991e-15  6.52165991e-15  6.52165991e-15  6.95760675e-15  6.95760675e-15  6.95760675e-15  1.46097756e-15  1.46097756e-15  1.46097756e-15  1.46097756e-15  4.38801269e-13  4.38801269e-13  4.12797011e-13  4.12797011e-13  4.12797011e-13  4.25762547e-13  4.25762547e-13  4.25762547e-13  4.12797011e-13  4.12797011e-13  4.12797011e-13  4.25762546e-13  4.25762546e-13  4.25762546e-13  3.97598774e-13  3.97598774e-13  3.97598774e-13  3.97598774e-13  4.25368635e-12  4.25368635e-12 
 9.77237221e+08  4.72400353e-13  4.72400353e-13  4.72400353e-13  4.89034596e-13  4.89034596e-13  4.89034596e-13  4.72400353e-13  4.72400353e-13  4.72400353e-13  4.89034596e-13  4.89034596e-13  4.89034596e-13  4.39211475e-13  4.39211475e-13  4.39211475e-13  4.39211475e-13  4.12928910e-12  4.12928910e-12  6.10595998e-15  6.10595998e-15  6.10595998e-15  6.51370997e-15  6.51370997e-15  6.51370997e-15  6.10595998e-15  6.10595998e-15  6.10595998e-15  6.51370997e-15  6.51370997e-15  6.51370997e-15  1.36530986e-15  1.36530986e-15  1.36530986e-15  1.36530986e-15  4.19319243e-13  4.19319243e-13  3.90240510e-13  3.90240510e-13  3.90240510e-13  4.02472298e-13  4.02472298e-13  4.02472298e-13  3.90240510e-13  3.90240510e-13  3.90240510e-13  4.02472298e-13  4.02472298e-13  4.02472298e-13  3.75865720e-13  3.75865720e-13  3.75865720e-13  3.75865720e-13  4.10433104e-12  4.10433104e-12 
 1.00000000e+09  4.49437023e-13  4.49437023e-13  4.49437023e-13  4.65279054e-13  4.65279054e-13  4.65279054e-13  4.49437023e-13  4.49437023e-13  4.49437023e-13  4.65279054e-13  4.65279054e-13  4.65279054e-13  4.17345961e-13  4.17345961e-13  4.17345961e-13  4.17345961e-13  3.98291756e-12  3.98291756e-12  5.71584223e-15  5.71584223e-15  5.71584223e-15  6.09724139e-15  6.09724139e-15  6.09724139e-15  5.71584223e-15  5.71584223e-15  5.71584223e-15  6.09724139e-15  6.09724139e-15  6.09724139e-15  1.27571161e-15  1.27571161e-15  1.27571161e-15  1.27571161e-15  4.00601024e-13  4.00601024e-13  3.68857509e-13  3.68857509e-13  3.68857509e-13  3.80400400e-13  3.80400400e-13  3.80400400e-13  3.68857509e-13  3.68857509e-13  3.68857509e-13  3.80400400e-13  3.80400400e-13  3.80400400e-13  3.55266289e-13  3.55266289e-13  3.55266289e-13  3.55266289e-13  3.95922008e-12  3.95922008e-12 
