 time            d2              h2              c2              p2             
 0.00000000e+00 -2.87235937e-01 -1.87396486e-08  8.08472970e-01  9.15049789e-04 
 5.00000000e-11 -2.87235937e-01 -1.87396488e-08  8.08472970e-01  9.15049789e-04 
 1.00000000e-10 -2.87235937e-01 -1.87396492e-08  8.08472970e-01  9.15049789e-04 
 2.00000000e-10 -2.87235937e-01 -1.87396496e-08  8.08472970e-01  9.15049789e-04 
 4.00000000e-10 -2.87235937e-01 -1.87396498e-08  8.08472970e-01  9.15049789e-04 
 8.00000000e-10 -2.87235937e-01 -1.87396494e-08  8.08472970e-01  9.15049789e-04 
 1.60000000e-09 -2.87235937e-01 -1.87396489e-08  8.08472970e-01  9.15049789e-04 
 3.20000000e-09 -2.87235937e-01 -1.87396499e-08  8.08472970e-01  9.15049789e-04 
 6.40000000e-09 -2.87235937e-01 -1.87396496e-08  8.08472970e-01  9.15049789e-04 
 1.14000000e-08 -2.87235937e-01 -1.87396493e-08  8.08472970e-01  9.15049789e-04 
 1.64000000e-08 -2.87235937e-01 -1.87396503e-08  8.08472970e-01  9.15049789e-04 
 2.14000000e-08 -2.87235937e-01 -1.87396514e-08  8.08472970e-01  9.15049789e-04 
 2.64000000e-08 -2.87235937e-01 -1.87396528e-08  8.08472970e-01  9.15049789e-04 
 3.14000000e-08 -2.87235937e-01 -1.87396543e-08  8.08472970e-01  9.15049789e-04 
 3.64000000e-08 -2.87235937e-01 -1.87396557e-08  8.08472970e-01  9.15049789e-04 
 4.14000000e-08 -2.87235937e-01 -1.87396572e-08  8.08472970e-01  9.15049789e-04 
 4.64000000e-08 -2.87235937e-01 -1.87396585e-08  8.08472970e-01  9.15049789e-04 
 5.14000000e-08 -2.87235937e-01 -1.87396599e-08  8.08472970e-01  9.15049789e-04 
 5.64000000e-08 -2.87235937e-01 -1.87396613e-08  8.08472970e-01  9.15049789e-04 
 6.14000000e-08 -2.87235937e-01 -1.87396624e-08  8.08472970e-01  9.15049789e-04 
 6.64000000e-08 -2.87235937e-01 -1.87396635e-08  8.08472970e-01  9.15049789e-04 
 7.14000000e-08 -2.87235937e-01 -1.87396647e-08  8.08472970e-01  9.15049789e-04 
 7.64000000e-08 -2.87235937e-01 -1.87396659e-08  8.08472970e-01  9.15049789e-04 
 8.14000000e-08 -2.87235937e-01 -1.87396672e-08  8.08472970e-01  9.15049789e-04 
 8.64000000e-08 -2.87235937e-01 -1.87396685e-08  8.08472970e-01  9.15049789e-04 
 9.14000000e-08 -2.87235937e-01 -1.87396699e-08  8.08472970e-01  9.15049789e-04 
 9.64000000e-08 -2.87235937e-01 -1.87396714e-08  8.08472970e-01  9.15049789e-04 
 1.01400000e-07 -2.87235937e-01 -1.87396727e-08  8.08472970e-01  9.15049789e-04 
 1.06400000e-07 -2.87235937e-01 -1.87396737e-08  8.08472970e-01  9.15049789e-04 
 1.11400000e-07 -2.87235937e-01 -1.87396746e-08  8.08472970e-01  9.15049789e-04 
 1.16400000e-07 -2.87235937e-01 -1.87396756e-08  8.08472970e-01  9.15049789e-04 
 1.21400000e-07 -2.87235937e-01 -1.87396766e-08  8.08472970e-01  9.15049789e-04 
 1.26400000e-07 -2.87235937e-01 -1.87396778e-08  8.08472970e-01  9.15049789e-04 
 1.31400000e-07 -2.87235937e-01 -1.87396793e-08  8.08472970e-01  9.15049789e-04 
 1.36400000e-07 -2.87235937e-01 -1.87396806e-08  8.08472970e-01  9.15049789e-04 
 1.41400000e-07 -2.87235937e-01 -1.87396818e-08  8.08472970e-01  9.15049789e-04 
 1.46400000e-07 -2.87235937e-01 -1.87396830e-08  8.08472970e-01  9.15049789e-04 
 1.51400000e-07 -2.87235937e-01 -1.87396842e-08  8.08472970e-01  9.15049789e-04 
 1.56400000e-07 -2.87235937e-01 -1.87396855e-08  8.08472970e-01  9.15049789e-04 
 1.61400000e-07 -2.87235937e-01 -1.87396867e-08  8.08472970e-01  9.15049789e-04 
 1.66400000e-07 -2.87235937e-01 -1.87396879e-08  8.08472970e-01  9.15049789e-04 
 1.71400000e-07 -2.87235937e-01 -1.87396892e-08  8.08472970e-01  9.15049789e-04 
 1.76400000e-07 -2.87235937e-01 -1.87396906e-08  8.08472970e-01  9.15049789e-04 
 1.81400000e-07 -2.87235937e-01 -1.87396918e-08  8.08472970e-01  9.15049789e-04 
 1.86400000e-07 -2.87235937e-01 -1.87396930e-08  8.08472970e-01  9.15049789e-04 
 1.91400000e-07 -2.87235937e-01 -1.87396942e-08  8.08472970e-01  9.15049789e-04 
 1.96400000e-07 -2.87235937e-01 -1.87396954e-08  8.08472970e-01  9.15049789e-04 
 2.01400000e-07 -2.87235937e-01 -1.87396964e-08  8.08472970e-01  9.15049789e-04 
 2.06400000e-07 -2.87235937e-01 -1.87396973e-08  8.08472970e-01  9.15049789e-04 
 2.11400000e-07 -2.87235937e-01 -1.87396983e-08  8.08472970e-01  9.15049789e-04 
 2.16400000e-07 -2.87235937e-01 -1.87396996e-08  8.08472970e-01  9.15049789e-04 
 2.21400000e-07 -2.87235937e-01 -1.87397010e-08  8.08472970e-01  9.15049789e-04 
 2.26400000e-07 -2.87235937e-01 -1.87397025e-08  8.08472970e-01  9.15049789e-04 
 2.31400000e-07 -2.87235937e-01 -1.87397039e-08  8.08472970e-01  9.15049789e-04 
 2.36400000e-07 -2.87235937e-01 -1.87397053e-08  8.08472970e-01  9.15049789e-04 
 2.41400000e-07 -2.87235937e-01 -1.87397067e-08  8.08472970e-01  9.15049789e-04 
 2.46400000e-07 -2.87235937e-01 -1.87397078e-08  8.08472970e-01  9.15049789e-04 
 2.51400000e-07 -2.87235937e-01 -1.87397089e-08  8.08472970e-01  9.15049789e-04 
 2.56400000e-07 -2.87235937e-01 -1.87397101e-08  8.08472970e-01  9.15049789e-04 
 2.61400000e-07 -2.87235937e-01 -1.87397113e-08  8.08472970e-01  9.15049789e-04 
 2.66400000e-07 -2.87235937e-01 -1.87397126e-08  8.08472970e-01  9.15049789e-04 
 2.71400000e-07 -2.87235937e-01 -1.87397139e-08  8.08472970e-01  9.15049789e-04 
 2.76400000e-07 -2.87235937e-01 -1.87397152e-08  8.08472970e-01  9.15049789e-04 
 2.81400000e-07 -2.87235937e-01 -1.87397164e-08  8.08472970e-01  9.15049790e-04 
 2.86400000e-07 -2.87235937e-01 -1.87397176e-08  8.08472970e-01  9.15049790e-04 
 2.91400000e-07 -2.87235937e-01 -1.87397187e-08  8.08472970e-01  9.15049789e-04 
 2.96400000e-07 -2.87235937e-01 -1.87397198e-08  8.08472970e-01  9.15049789e-04 
 3.01400000e-07 -2.87235937e-01 -1.87397208e-08  8.08472970e-01  9.15049789e-04 
 3.06400000e-07 -2.87235937e-01 -1.87397219e-08  8.08472970e-01  9.15049790e-04 
 3.11400000e-07 -2.87235937e-01 -1.87397232e-08  8.08472970e-01  9.15049790e-04 
 3.16400000e-07 -2.87235937e-01 -1.87397247e-08  8.08472970e-01  9.15049789e-04 
 3.21400000e-07 -2.87235937e-01 -1.87397260e-08  8.08472970e-01  9.15049789e-04 
 3.26400000e-07 -2.87235937e-01 -1.87397272e-08  8.08472970e-01  9.15049790e-04 
 3.31400000e-07 -2.87235937e-01 -1.87397283e-08  8.08472970e-01  9.15049790e-04 
 3.36400000e-07 -2.87235937e-01 -1.87397294e-08  8.08472970e-01  9.15049790e-04 
 3.41400000e-07 -2.87235937e-01 -1.87397305e-08  8.08472970e-01  9.15049790e-04 
 3.46400000e-07 -2.87235937e-01 -1.87397318e-08  8.08472970e-01  9.15049790e-04 
 3.51400000e-07 -2.87235937e-01 -1.87397331e-08  8.08472970e-01  9.15049790e-04 
 3.56400000e-07 -2.87235937e-01 -1.87397344e-08  8.08472970e-01  9.15049790e-04 
 3.61400000e-07 -2.87235937e-01 -1.87397358e-08  8.08472970e-01  9.15049790e-04 
 3.66400000e-07 -2.87235937e-01 -1.87397370e-08  8.08472970e-01  9.15049790e-04 
 3.71400000e-07 -2.87235937e-01 -1.87397382e-08  8.08472970e-01  9.15049789e-04 
 3.76400000e-07 -2.87235937e-01 -1.87397394e-08  8.08472970e-01  9.15049790e-04 
 3.81400000e-07 -2.87235937e-01 -1.87397405e-08  8.08472970e-01  9.15049789e-04 
 3.86400000e-07 -2.87235937e-01 -1.87397415e-08  8.08472970e-01  9.15049790e-04 
 3.91400000e-07 -2.87235937e-01 -1.87397426e-08  8.08472970e-01  9.15049789e-04 
 3.96400000e-07 -2.87235937e-01 -1.87397439e-08  8.08472970e-01  9.15049789e-04 
 4.01400000e-07 -2.87235937e-01 -1.87397449e-08  8.08472970e-01  9.15049789e-04 
 4.06400000e-07 -2.87235937e-01 -1.87397459e-08  8.08472970e-01  9.15049789e-04 
 4.11400000e-07 -2.87235937e-01 -1.87397470e-08  8.08472970e-01  9.15049789e-04 
 4.16400000e-07 -2.87235937e-01 -1.87397481e-08  8.08472970e-01  9.15049790e-04 
 4.21400000e-07 -2.87235937e-01 -1.87397493e-08  8.08472970e-01  9.15049789e-04 
 4.26400000e-07 -2.87235937e-01 -1.87397508e-08  8.08472970e-01  9.15049790e-04 
 4.31400000e-07 -2.87235937e-01 -1.87397522e-08  8.08472970e-01  9.15049789e-04 
 4.36400000e-07 -2.87235937e-01 -1.87397535e-08  8.08472970e-01  9.15049790e-04 
 4.41400000e-07 -2.87235937e-01 -1.87397550e-08  8.08472970e-01  9.15049789e-04 
 4.46400000e-07 -2.87235937e-01 -1.87397563e-08  8.08472970e-01  9.15049789e-04 
 4.51400000e-07 -2.87235937e-01 -1.87397575e-08  8.08472970e-01  9.15049789e-04 
 4.56400000e-07 -2.87235937e-01 -1.87397587e-08  8.08472970e-01  9.15049790e-04 
 4.61400000e-07 -2.87235937e-01 -1.87397600e-08  8.08472970e-01  9.15049790e-04 
 4.66400000e-07 -2.87235937e-01 -1.87397612e-08  8.08472970e-01  9.15049789e-04 
 4.71400000e-07 -2.87235937e-01 -1.87397623e-08  8.08472970e-01  9.15049789e-04 
 4.76400000e-07 -2.87235937e-01 -1.87397633e-08  8.08472970e-01  9.15049789e-04 
 4.81400000e-07 -2.87235937e-01 -1.87397643e-08  8.08472970e-01  9.15049789e-04 
 4.86400000e-07 -2.87235937e-01 -1.87397654e-08  8.08472970e-01  9.15049789e-04 
 4.91400000e-07 -2.87235937e-01 -1.87397664e-08  8.08472970e-01  9.15049789e-04 
 4.96400000e-07 -2.87235937e-01 -1.87397675e-08  8.08472970e-01  9.15049789e-04 
 5.01400000e-07 -2.87235937e-01 -1.87397687e-08  8.08472970e-01  9.15049789e-04 
 5.06400000e-07 -2.87235937e-01 -1.87397700e-08  8.08472970e-01  9.15049789e-04 
 5.11400000e-07 -2.87235937e-01 -1.87397713e-08  8.08472970e-01  9.15049789e-04 
 5.16400000e-07 -2.87235937e-01 -1.87397726e-08  8.08472970e-01  9.15049789e-04 
 5.21400000e-07 -2.87235937e-01 -1.87397738e-08  8.08472970e-01  9.15049789e-04 
 5.26400000e-07 -2.87235937e-01 -1.87397750e-08  8.08472970e-01  9.15049789e-04 
 5.31400000e-07 -2.87235937e-01 -1.87397761e-08  8.08472970e-01  9.15049790e-04 
 5.36400000e-07 -2.87235937e-01 -1.87397773e-08  8.08472970e-01  9.15049790e-04 
 5.41400000e-07 -2.87235937e-01 -1.87397785e-08  8.08472970e-01  9.15049790e-04 
 5.46400000e-07 -2.87235937e-01 -1.87397797e-08  8.08472970e-01  9.15049790e-04 
 5.51400000e-07 -2.87235937e-01 -1.87397811e-08  8.08472970e-01  9.15049790e-04 
 5.56400000e-07 -2.87235937e-01 -1.87397823e-08  8.08472970e-01  9.15049790e-04 
 5.61400000e-07 -2.87235937e-01 -1.87397834e-08  8.08472970e-01  9.15049790e-04 
 5.66400000e-07 -2.87235937e-01 -1.87397844e-08  8.08472970e-01  9.15049790e-04 
 5.71400000e-07 -2.87235937e-01 -1.87397855e-08  8.08472970e-01  9.15049790e-04 
 5.76400000e-07 -2.87235937e-01 -1.87397866e-08  8.08472970e-01  9.15049790e-04 
 5.81400000e-07 -2.87235937e-01 -1.87397875e-08  8.08472970e-01  9.15049790e-04 
 5.86400000e-07 -2.87235937e-01 -1.87397885e-08  8.08472970e-01  9.15049790e-04 
 5.91400000e-07 -2.87235937e-01 -1.87397896e-08  8.08472970e-01  9.15049790e-04 
 5.96400000e-07 -2.87235937e-01 -1.87397907e-08  8.08472970e-01  9.15049790e-04 
 6.01400000e-07 -2.87235937e-01 -1.87397919e-08  8.08472970e-01  9.15049790e-04 
 6.06400000e-07 -2.87235937e-01 -1.87397932e-08  8.08472970e-01  9.15049789e-04 
 6.11400000e-07 -2.87235937e-01 -1.87397943e-08  8.08472970e-01  9.15049790e-04 
 6.16400000e-07 -2.87235937e-01 -1.87397955e-08  8.08472970e-01  9.15049789e-04 
 6.21400000e-07 -2.87235937e-01 -1.87397968e-08  8.08472970e-01  9.15049789e-04 
 6.26400000e-07 -2.87235937e-01 -1.87397980e-08  8.08472970e-01  9.15049789e-04 
 6.31400000e-07 -2.87235937e-01 -1.87397992e-08  8.08472970e-01  9.15049789e-04 
 6.36400000e-07 -2.87235937e-01 -1.87398003e-08  8.08472970e-01  9.15049789e-04 
 6.41400000e-07 -2.87235937e-01 -1.87398015e-08  8.08472970e-01  9.15049789e-04 
 6.46400000e-07 -2.87235937e-01 -1.87398026e-08  8.08472970e-01  9.15049789e-04 
 6.51400000e-07 -2.87235937e-01 -1.87398037e-08  8.08472970e-01  9.15049789e-04 
 6.56400000e-07 -2.87235937e-01 -1.87398049e-08  8.08472970e-01  9.15049789e-04 
 6.61400000e-07 -2.87235937e-01 -1.87398062e-08  8.08472970e-01  9.15049789e-04 
 6.66400000e-07 -2.87235937e-01 -1.87398074e-08  8.08472970e-01  9.15049789e-04 
 6.71400000e-07 -2.87235937e-01 -1.87398086e-08  8.08472970e-01  9.15049789e-04 
 6.76400000e-07 -2.87235937e-01 -1.87398097e-08  8.08472970e-01  9.15049790e-04 
 6.81400000e-07 -2.87235937e-01 -1.87398106e-08  8.08472970e-01  9.15049790e-04 
 6.86400000e-07 -2.87235937e-01 -1.87398117e-08  8.08472970e-01  9.15049790e-04 
 6.91400000e-07 -2.87235937e-01 -1.87398130e-08  8.08472970e-01  9.15049790e-04 
 6.96400000e-07 -2.87235937e-01 -1.87398143e-08  8.08472970e-01  9.15049790e-04 
 7.01400000e-07 -2.87235937e-01 -1.87398154e-08  8.08472970e-01  9.15049790e-04 
 7.06400000e-07 -2.87235937e-01 -1.87398166e-08  8.08472970e-01  9.15049789e-04 
 7.11400000e-07 -2.87235937e-01 -1.87398178e-08  8.08472970e-01  9.15049790e-04 
 7.16400000e-07 -2.87235937e-01 -1.87398189e-08  8.08472970e-01  9.15049789e-04 
 7.21400000e-07 -2.87235937e-01 -1.87398200e-08  8.08472970e-01  9.15049789e-04 
 7.26400000e-07 -2.87235937e-01 -1.87398213e-08  8.08472970e-01  9.15049789e-04 
 7.31400000e-07 -2.87235937e-01 -1.87398225e-08  8.08472970e-01  9.15049789e-04 
 7.36400000e-07 -2.87235937e-01 -1.87398236e-08  8.08472970e-01  9.15049789e-04 
 7.41400000e-07 -2.87235937e-01 -1.87398248e-08  8.08472970e-01  9.15049789e-04 
 7.46400000e-07 -2.87235937e-01 -1.87398260e-08  8.08472970e-01  9.15049789e-04 
 7.51400000e-07 -2.87235937e-01 -1.87398270e-08  8.08472970e-01  9.15049789e-04 
 7.56400000e-07 -2.87235937e-01 -1.87398280e-08  8.08472970e-01  9.15049789e-04 
 7.61400000e-07 -2.87235937e-01 -1.87398292e-08  8.08472970e-01  9.15049789e-04 
 7.66400000e-07 -2.87235937e-01 -1.87398304e-08  8.08472970e-01  9.15049789e-04 
 7.71400000e-07 -2.87235937e-01 -1.87398314e-08  8.08472970e-01  9.15049789e-04 
 7.76400000e-07 -2.87235937e-01 -1.87398324e-08  8.08472970e-01  9.15049789e-04 
 7.81400000e-07 -2.87235937e-01 -1.87398334e-08  8.08472970e-01  9.15049789e-04 
 7.86400000e-07 -2.87235937e-01 -1.87398345e-08  8.08472970e-01  9.15049789e-04 
 7.91400000e-07 -2.87235937e-01 -1.87398357e-08  8.08472970e-01  9.15049789e-04 
 7.96400000e-07 -2.87235937e-01 -1.87398369e-08  8.08472970e-01  9.15049789e-04 
 8.01400000e-07 -2.87235937e-01 -1.87398380e-08  8.08472970e-01  9.15049789e-04 
 8.06400000e-07 -2.87235937e-01 -1.87398391e-08  8.08472970e-01  9.15049789e-04 
 8.11400000e-07 -2.87235937e-01 -1.87398403e-08  8.08472970e-01  9.15049789e-04 
 8.16400000e-07 -2.87235937e-01 -1.87398416e-08  8.08472970e-01  9.15049789e-04 
 8.21400000e-07 -2.87235937e-01 -1.87398428e-08  8.08472970e-01  9.15049790e-04 
 8.26400000e-07 -2.87235937e-01 -1.87398440e-08  8.08472970e-01  9.15049789e-04 
 8.31400000e-07 -2.87235937e-01 -1.87398452e-08  8.08472970e-01  9.15049790e-04 
 8.36400000e-07 -2.87235937e-01 -1.87398465e-08  8.08472970e-01  9.15049790e-04 
 8.41400000e-07 -2.87235937e-01 -1.87398476e-08  8.08472970e-01  9.15049790e-04 
 8.46400000e-07 -2.87235937e-01 -1.87398487e-08  8.08472970e-01  9.15049790e-04 
 8.51400000e-07 -2.87235937e-01 -1.87398498e-08  8.08472970e-01  9.15049790e-04 
 8.56400000e-07 -2.87235937e-01 -1.87398509e-08  8.08472970e-01  9.15049790e-04 
 8.61400000e-07 -2.87235937e-01 -1.87398520e-08  8.08472970e-01  9.15049790e-04 
 8.66400000e-07 -2.87235937e-01 -1.87398530e-08  8.08472970e-01  9.15049790e-04 
 8.71400000e-07 -2.87235937e-01 -1.87398540e-08  8.08472970e-01  9.15049790e-04 
 8.76400000e-07 -2.87235937e-01 -1.87398551e-08  8.08472970e-01  9.15049790e-04 
 8.81400000e-07 -2.87235937e-01 -1.87398562e-08  8.08472970e-01  9.15049790e-04 
 8.86400000e-07 -2.87235937e-01 -1.87398574e-08  8.08472970e-01  9.15049790e-04 
 8.91400000e-07 -2.87235937e-01 -1.87398587e-08  8.08472970e-01  9.15049790e-04 
 8.96400000e-07 -2.87235937e-01 -1.87398599e-08  8.08472970e-01  9.15049790e-04 
 9.01400000e-07 -2.87235937e-01 -1.87398611e-08  8.08472970e-01  9.15049790e-04 
 9.06400000e-07 -2.87235937e-01 -1.87398622e-08  8.08472970e-01  9.15049789e-04 
 9.11400000e-07 -2.87235937e-01 -1.87398633e-08  8.08472970e-01  9.15049789e-04 
 9.16400000e-07 -2.87235937e-01 -1.87398645e-08  8.08472970e-01  9.15049789e-04 
 9.21400000e-07 -2.87235937e-01 -1.87398658e-08  8.08472970e-01  9.15049789e-04 
 9.26400000e-07 -2.87235937e-01 -1.87398669e-08  8.08472970e-01  9.15049789e-04 
 9.31400000e-07 -2.87235937e-01 -1.87398680e-08  8.08472970e-01  9.15049789e-04 
 9.36400000e-07 -2.87235937e-01 -1.87398692e-08  8.08472970e-01  9.15049789e-04 
 9.41400000e-07 -2.87235937e-01 -1.87398705e-08  8.08472970e-01  9.15049789e-04 
 9.46400000e-07 -2.87235937e-01 -1.87398718e-08  8.08472970e-01  9.15049789e-04 
 9.51400000e-07 -2.87235937e-01 -1.87398729e-08  8.08472970e-01  9.15049789e-04 
 9.56400000e-07 -2.87235937e-01 -1.87398739e-08  8.08472970e-01  9.15049789e-04 
 9.61400000e-07 -2.87235937e-01 -1.87398749e-08  8.08472970e-01  9.15049789e-04 
 9.66400000e-07 -2.87235937e-01 -1.87398760e-08  8.08472970e-01  9.15049789e-04 
 9.71400000e-07 -2.87235937e-01 -1.87398771e-08  8.08472970e-01  9.15049789e-04 
 9.76400000e-07 -2.87235937e-01 -1.87398783e-08  8.08472970e-01  9.15049789e-04 
 9.81400000e-07 -2.87235937e-01 -1.87398796e-08  8.08472970e-01  9.15049789e-04 
 9.86400000e-07 -2.87235937e-01 -1.87398810e-08  8.08472970e-01  9.15049790e-04 
 9.91400000e-07 -2.87235937e-01 -1.87398823e-08  8.08472970e-01  9.15049790e-04 
 9.96400000e-07 -2.87235937e-01 -1.87398834e-08  8.08472970e-01  9.15049790e-04 
 1.00140000e-06 -2.87235937e-01 -1.87398844e-08  8.08472970e-01  9.15049790e-04 
 1.00640000e-06 -2.87235937e-01 -1.87398855e-08  8.08472970e-01  9.15049789e-04 
 1.01140000e-06 -2.87235937e-01 -1.87398868e-08  8.08472970e-01  9.15049790e-04 
 1.01640000e-06 -2.87235937e-01 -1.87398880e-08  8.08472970e-01  9.15049790e-04 
 1.02140000e-06 -2.87235937e-01 -1.87398892e-08  8.08472970e-01  9.15049790e-04 
 1.02640000e-06 -2.87235937e-01 -1.87398904e-08  8.08472970e-01  9.15049789e-04 
 1.03140000e-06 -2.87235937e-01 -1.87398916e-08  8.08472970e-01  9.15049789e-04 
 1.03640000e-06 -2.87235937e-01 -1.87398929e-08  8.08472970e-01  9.15049790e-04 
 1.04140000e-06 -2.87235937e-01 -1.87398942e-08  8.08472970e-01  9.15049789e-04 
 1.04640000e-06 -2.87235937e-01 -1.87398955e-08  8.08472970e-01  9.15049790e-04 
 1.05140000e-06 -2.87235937e-01 -1.87398967e-08  8.08472970e-01  9.15049789e-04 
 1.05640000e-06 -2.87235937e-01 -1.87398979e-08  8.08472970e-01  9.15049789e-04 
 1.06140000e-06 -2.87235937e-01 -1.87398989e-08  8.08472970e-01  9.15049790e-04 
 1.06640000e-06 -2.87235937e-01 -1.87399001e-08  8.08472970e-01  9.15049789e-04 
 1.07140000e-06 -2.87235937e-01 -1.87399014e-08  8.08472970e-01  9.15049789e-04 
 1.07640000e-06 -2.87235937e-01 -1.87399026e-08  8.08472970e-01  9.15049789e-04 
 1.08140000e-06 -2.87235937e-01 -1.87399037e-08  8.08472970e-01  9.15049789e-04 
 1.08640000e-06 -2.87235937e-01 -1.87399049e-08  8.08472970e-01  9.15049789e-04 
 1.09140000e-06 -2.87235937e-01 -1.87399061e-08  8.08472970e-01  9.15049789e-04 
 1.09640000e-06 -2.87235937e-01 -1.87399074e-08  8.08472970e-01  9.15049789e-04 
 1.10140000e-06 -2.87235937e-01 -1.87399088e-08  8.08472970e-01  9.15049789e-04 
 1.10640000e-06 -2.87235937e-01 -1.87399103e-08  8.08472970e-01  9.15049789e-04 
 1.11140000e-06 -2.87235937e-01 -1.87399116e-08  8.08472970e-01  9.15049789e-04 
 1.11640000e-06 -2.87235937e-01 -1.87399128e-08  8.08472970e-01  9.15049789e-04 
 1.12140000e-06 -2.87235937e-01 -1.87399140e-08  8.08472970e-01  9.15049789e-04 
 1.12640000e-06 -2.87235937e-01 -1.87399151e-08  8.08472970e-01  9.15049789e-04 
 1.13140000e-06 -2.87235937e-01 -1.87399163e-08  8.08472970e-01  9.15049789e-04 
 1.13640000e-06 -2.87235937e-01 -1.87399175e-08  8.08472970e-01  9.15049789e-04 
 1.14140000e-06 -2.87235937e-01 -1.87399186e-08  8.08472970e-01  9.15049789e-04 
 1.14640000e-06 -2.87235937e-01 -1.87399196e-08  8.08472970e-01  9.15049789e-04 
 1.15140000e-06 -2.87235937e-01 -1.87399205e-08  8.08472970e-01  9.15049789e-04 
 1.15640000e-06 -2.87235937e-01 -1.87399214e-08  8.08472970e-01  9.15049789e-04 
 1.16140000e-06 -2.87235937e-01 -1.87399225e-08  8.08472970e-01  9.15049789e-04 
 1.16640000e-06 -2.87235937e-01 -1.87399238e-08  8.08472970e-01  9.15049789e-04 
 1.17140000e-06 -2.87235937e-01 -1.87399251e-08  8.08472970e-01  9.15049789e-04 
 1.17640000e-06 -2.87235937e-01 -1.87399263e-08  8.08472970e-01  9.15049789e-04 
 1.18140000e-06 -2.87235937e-01 -1.87399275e-08  8.08472970e-01  9.15049789e-04 
 1.18640000e-06 -2.87235937e-01 -1.87399286e-08  8.08472970e-01  9.15049789e-04 
 1.19140000e-06 -2.87235937e-01 -1.87399297e-08  8.08472970e-01  9.15049789e-04 
 1.19640000e-06 -2.87235937e-01 -1.87399308e-08  8.08472970e-01  9.15049789e-04 
 1.20140000e-06 -2.87235937e-01 -1.87399319e-08  8.08472970e-01  9.15049790e-04 
 1.20640000e-06 -2.87235937e-01 -1.87399330e-08  8.08472970e-01  9.15049789e-04 
 1.21140000e-06 -2.87235937e-01 -1.87399343e-08  8.08472970e-01  9.15049789e-04 
 1.21640000e-06 -2.87235937e-01 -1.87399355e-08  8.08472970e-01  9.15049789e-04 
 1.22140000e-06 -2.87235937e-01 -1.87399366e-08  8.08472970e-01  9.15049790e-04 
 1.22640000e-06 -2.87235937e-01 -1.87399377e-08  8.08472970e-01  9.15049789e-04 
 1.23140000e-06 -2.87235937e-01 -1.87399389e-08  8.08472970e-01  9.15049789e-04 
 1.23640000e-06 -2.87235937e-01 -1.87399402e-08  8.08472970e-01  9.15049790e-04 
 1.24140000e-06 -2.87235937e-01 -1.87399414e-08  8.08472970e-01  9.15049790e-04 
 1.24640000e-06 -2.87235937e-01 -1.87399425e-08  8.08472970e-01  9.15049790e-04 
 1.25140000e-06 -2.87235937e-01 -1.87399436e-08  8.08472970e-01  9.15049790e-04 
 1.25640000e-06 -2.87235937e-01 -1.87399447e-08  8.08472970e-01  9.15049790e-04 
 1.26140000e-06 -2.87235937e-01 -1.87399458e-08  8.08472970e-01  9.15049789e-04 
 1.26640000e-06 -2.87235937e-01 -1.87399470e-08  8.08472970e-01  9.15049789e-04 
 1.27140000e-06 -2.87235937e-01 -1.87399481e-08  8.08472970e-01  9.15049790e-04 
 1.27640000e-06 -2.87235937e-01 -1.87399493e-08  8.08472970e-01  9.15049790e-04 
 1.28140000e-06 -2.87235937e-01 -1.87399505e-08  8.08472970e-01  9.15049790e-04 
 1.28640000e-06 -2.87235937e-01 -1.87399517e-08  8.08472970e-01  9.15049790e-04 
 1.29140000e-06 -2.87235937e-01 -1.87399529e-08  8.08472970e-01  9.15049790e-04 
 1.29640000e-06 -2.87235937e-01 -1.87399543e-08  8.08472970e-01  9.15049790e-04 
 1.30140000e-06 -2.87235937e-01 -1.87399556e-08  8.08472970e-01  9.15049790e-04 
 1.30640000e-06 -2.87235937e-01 -1.87399569e-08  8.08472970e-01  9.15049790e-04 
 1.31140000e-06 -2.87235937e-01 -1.87399581e-08  8.08472970e-01  9.15049790e-04 
 1.31640000e-06 -2.87235937e-01 -1.87399593e-08  8.08472970e-01  9.15049789e-04 
 1.32140000e-06 -2.87235937e-01 -1.87399605e-08  8.08472970e-01  9.15049789e-04 
 1.32640000e-06 -2.87235937e-01 -1.87399617e-08  8.08472970e-01  9.15049789e-04 
 1.33140000e-06 -2.87235937e-01 -1.87399629e-08  8.08472970e-01  9.15049789e-04 
 1.33640000e-06 -2.87235937e-01 -1.87399642e-08  8.08472970e-01  9.15049789e-04 
 1.34140000e-06 -2.87235937e-01 -1.87399656e-08  8.08472970e-01  9.15049789e-04 
 1.34640000e-06 -2.87235937e-01 -1.87399667e-08  8.08472970e-01  9.15049789e-04 
 1.35140000e-06 -2.87235937e-01 -1.87399677e-08  8.08472970e-01  9.15049789e-04 
 1.35640000e-06 -2.87235937e-01 -1.87399687e-08  8.08472970e-01  9.15049789e-04 
 1.36140000e-06 -2.87235937e-01 -1.87399696e-08  8.08472970e-01  9.15049789e-04 
 1.36640000e-06 -2.87235937e-01 -1.87399707e-08  8.08472970e-01  9.15049789e-04 
 1.37140000e-06 -2.87235937e-01 -1.87399720e-08  8.08472970e-01  9.15049789e-04 
 1.37640000e-06 -2.87235937e-01 -1.87399734e-08  8.08472970e-01  9.15049789e-04 
 1.38140000e-06 -2.87235937e-01 -1.87399746e-08  8.08472970e-01  9.15049789e-04 
 1.38640000e-06 -2.87235937e-01 -1.87399757e-08  8.08472970e-01  9.15049789e-04 
 1.39140000e-06 -2.87235937e-01 -1.87399768e-08  8.08472970e-01  9.15049789e-04 
 1.39640000e-06 -2.87235937e-01 -1.87399780e-08  8.08472970e-01  9.15049789e-04 
 1.40140000e-06 -2.87235937e-01 -1.87399792e-08  8.08472970e-01  9.15049789e-04 
 1.40640000e-06 -2.87235937e-01 -1.87399803e-08  8.08472970e-01  9.15049789e-04 
 1.41140000e-06 -2.87235937e-01 -1.87399815e-08  8.08472970e-01  9.15049789e-04 
 1.41640000e-06 -2.87235937e-01 -1.87399827e-08  8.08472970e-01  9.15049789e-04 
 1.42140000e-06 -2.87235937e-01 -1.87399838e-08  8.08472970e-01  9.15049789e-04 
 1.42640000e-06 -2.87235937e-01 -1.87399848e-08  8.08472970e-01  9.15049789e-04 
 1.43140000e-06 -2.87235937e-01 -1.87399859e-08  8.08472970e-01  9.15049789e-04 
 1.43640000e-06 -2.87235937e-01 -1.87399870e-08  8.08472970e-01  9.15049789e-04 
 1.44140000e-06 -2.87235937e-01 -1.87399882e-08  8.08472970e-01  9.15049789e-04 
 1.44640000e-06 -2.87235937e-01 -1.87399893e-08  8.08472970e-01  9.15049789e-04 
 1.45140000e-06 -2.87235937e-01 -1.87399904e-08  8.08472970e-01  9.15049789e-04 
 1.45640000e-06 -2.87235937e-01 -1.87399916e-08  8.08472970e-01  9.15049789e-04 
 1.46140000e-06 -2.87235937e-01 -1.87399927e-08  8.08472970e-01  9.15049789e-04 
 1.46640000e-06 -2.87235937e-01 -1.87399939e-08  8.08472970e-01  9.15049789e-04 
 1.47140000e-06 -2.87235937e-01 -1.87399950e-08  8.08472970e-01  9.15049789e-04 
 1.47640000e-06 -2.87235937e-01 -1.87399961e-08  8.08472970e-01  9.15049789e-04 
 1.48140000e-06 -2.87235937e-01 -1.87399974e-08  8.08472970e-01  9.15049789e-04 
 1.48640000e-06 -2.87235937e-01 -1.87399989e-08  8.08472970e-01  9.15049789e-04 
 1.49140000e-06 -2.87235937e-01 -1.87400002e-08  8.08472970e-01  9.15049789e-04 
 1.49640000e-06 -2.87235937e-01 -1.87400014e-08  8.08472970e-01  9.15049789e-04 
 1.50140000e-06 -2.87235937e-01 -1.87400027e-08  8.08472970e-01  9.15049789e-04 
 1.50640000e-06 -2.87235937e-01 -1.87400039e-08  8.08472970e-01  9.15049789e-04 
 1.51140000e-06 -2.87235937e-01 -1.87400052e-08  8.08472970e-01  9.15049789e-04 
 1.51640000e-06 -2.87235937e-01 -1.87400068e-08  8.08472970e-01  9.15049790e-04 
 1.52140000e-06 -2.87235937e-01 -1.87400082e-08  8.08472970e-01  9.15049790e-04 
 1.52640000e-06 -2.87235937e-01 -1.87400095e-08  8.08472970e-01  9.15049789e-04 
 1.53140000e-06 -2.87235937e-01 -1.87400110e-08  8.08472970e-01  9.15049789e-04 
 1.53640000e-06 -2.87235937e-01 -1.87400125e-08  8.08472970e-01  9.15049789e-04 
 1.54140000e-06 -2.87235937e-01 -1.87400140e-08  8.08472970e-01  9.15049790e-04 
 1.54640000e-06 -2.87235937e-01 -1.87400152e-08  8.08472970e-01  9.15049790e-04 
 1.55140000e-06 -2.87235937e-01 -1.87400165e-08  8.08472970e-01  9.15049789e-04 
 1.55640000e-06 -2.87235937e-01 -1.87400179e-08  8.08472970e-01  9.15049789e-04 
 1.56140000e-06 -2.87235937e-01 -1.87400192e-08  8.08472970e-01  9.15049789e-04 
 1.56640000e-06 -2.87235937e-01 -1.87400206e-08  8.08472970e-01  9.15049789e-04 
 1.57140000e-06 -2.87235937e-01 -1.87400222e-08  8.08472970e-01  9.15049789e-04 
 1.57640000e-06 -2.87235937e-01 -1.87400238e-08  8.08472970e-01  9.15049789e-04 
 1.58140000e-06 -2.87235937e-01 -1.87400252e-08  8.08472970e-01  9.15049789e-04 
 1.58640000e-06 -2.87235937e-01 -1.87400266e-08  8.08472970e-01  9.15049789e-04 
 1.59140000e-06 -2.87235937e-01 -1.87400280e-08  8.08472970e-01  9.15049789e-04 
 1.59640000e-06 -2.87235937e-01 -1.87400293e-08  8.08472970e-01  9.15049789e-04 
 1.60140000e-06 -2.87235937e-01 -1.87400306e-08  8.08472970e-01  9.15049789e-04 
 1.60640000e-06 -2.87235937e-01 -1.87400320e-08  8.08472970e-01  9.15049789e-04 
 1.61140000e-06 -2.87235937e-01 -1.87400333e-08  8.08472970e-01  9.15049789e-04 
 1.61640000e-06 -2.87235937e-01 -1.87400346e-08  8.08472970e-01  9.15049789e-04 
 1.62140000e-06 -2.87235937e-01 -1.87400360e-08  8.08472970e-01  9.15049789e-04 
 1.62640000e-06 -2.87235937e-01 -1.87400372e-08  8.08472970e-01  9.15049789e-04 
 1.63140000e-06 -2.87235937e-01 -1.87400384e-08  8.08472970e-01  9.15049790e-04 
 1.63640000e-06 -2.87235937e-01 -1.87400397e-08  8.08472970e-01  9.15049790e-04 
 1.64140000e-06 -2.87235937e-01 -1.87400412e-08  8.08472970e-01  9.15049790e-04 
 1.64640000e-06 -2.87235937e-01 -1.87400425e-08  8.08472970e-01  9.15049790e-04 
 1.65140000e-06 -2.87235937e-01 -1.87400437e-08  8.08472970e-01  9.15049790e-04 
 1.65640000e-06 -2.87235937e-01 -1.87400450e-08  8.08472970e-01  9.15049790e-04 
 1.66140000e-06 -2.87235937e-01 -1.87400461e-08  8.08472970e-01  9.15049790e-04 
 1.66640000e-06 -2.87235937e-01 -1.87400472e-08  8.08472970e-01  9.15049790e-04 
 1.67140000e-06 -2.87235937e-01 -1.87400484e-08  8.08472970e-01  9.15049789e-04 
 1.67640000e-06 -2.87235937e-01 -1.87400497e-08  8.08472970e-01  9.15049790e-04 
 1.68140000e-06 -2.87235937e-01 -1.87400510e-08  8.08472970e-01  9.15049789e-04 
 1.68640000e-06 -2.87235937e-01 -1.87400522e-08  8.08472970e-01  9.15049789e-04 
 1.69140000e-06 -2.87235937e-01 -1.87400536e-08  8.08472970e-01  9.15049789e-04 
 1.69640000e-06 -2.87235937e-01 -1.87400551e-08  8.08472970e-01  9.15049789e-04 
 1.70140000e-06 -2.87235937e-01 -1.87400565e-08  8.08472970e-01  9.15049789e-04 
 1.70640000e-06 -2.87235937e-01 -1.87400579e-08  8.08472970e-01  9.15049789e-04 
 1.71140000e-06 -2.87235937e-01 -1.87400594e-08  8.08472970e-01  9.15049789e-04 
 1.71640000e-06 -2.87235937e-01 -1.87400607e-08  8.08472970e-01  9.15049789e-04 
 1.72140000e-06 -2.87235937e-01 -1.87400619e-08  8.08472970e-01  9.15049789e-04 
 1.72640000e-06 -2.87235937e-01 -1.87400629e-08  8.08472970e-01  9.15049789e-04 
 1.73140000e-06 -2.87235937e-01 -1.87400638e-08  8.08472970e-01  9.15049789e-04 
 1.73640000e-06 -2.87235937e-01 -1.87400649e-08  8.08472970e-01  9.15049789e-04 
 1.74140000e-06 -2.87235937e-01 -1.87400662e-08  8.08472970e-01  9.15049789e-04 
 1.74640000e-06 -2.87235937e-01 -1.87400675e-08  8.08472970e-01  9.15049789e-04 
 1.75140000e-06 -2.87235937e-01 -1.87400688e-08  8.08472970e-01  9.15049789e-04 
 1.75640000e-06 -2.87235937e-01 -1.87400701e-08  8.08472970e-01  9.15049789e-04 
 1.76140000e-06 -2.87235937e-01 -1.87400714e-08  8.08472970e-01  9.15049789e-04 
 1.76640000e-06 -2.87235937e-01 -1.87400727e-08  8.08472970e-01  9.15049789e-04 
 1.77140000e-06 -2.87235937e-01 -1.87400740e-08  8.08472970e-01  9.15049789e-04 
 1.77640000e-06 -2.87235937e-01 -1.87400753e-08  8.08472970e-01  9.15049789e-04 
 1.78140000e-06 -2.87235937e-01 -1.87400764e-08  8.08472970e-01  9.15049789e-04 
 1.78640000e-06 -2.87235937e-01 -1.87400777e-08  8.08472970e-01  9.15049789e-04 
 1.79140000e-06 -2.87235937e-01 -1.87400790e-08  8.08472970e-01  9.15049789e-04 
 1.79640000e-06 -2.87235937e-01 -1.87400804e-08  8.08472970e-01  9.15049789e-04 
 1.80140000e-06 -2.87235937e-01 -1.87400817e-08  8.08472970e-01  9.15049789e-04 
 1.80640000e-06 -2.87235937e-01 -1.87400829e-08  8.08472970e-01  9.15049789e-04 
 1.81140000e-06 -2.87235937e-01 -1.87400843e-08  8.08472970e-01  9.15049789e-04 
 1.81640000e-06 -2.87235937e-01 -1.87400856e-08  8.08472970e-01  9.15049789e-04 
 1.82140000e-06 -2.87235937e-01 -1.87400868e-08  8.08472970e-01  9.15049789e-04 
 1.82640000e-06 -2.87235937e-01 -1.87400880e-08  8.08472970e-01  9.15049789e-04 
 1.83140000e-06 -2.87235937e-01 -1.87400894e-08  8.08472970e-01  9.15049789e-04 
 1.83640000e-06 -2.87235937e-01 -1.87400905e-08  8.08472970e-01  9.15049790e-04 
 1.84140000e-06 -2.87235937e-01 -1.87400914e-08  8.08472970e-01  9.15049789e-04 
 1.84640000e-06 -2.87235937e-01 -1.87400925e-08  8.08472970e-01  9.15049789e-04 
 1.85140000e-06 -2.87235937e-01 -1.87400938e-08  8.08472970e-01  9.15049789e-04 
 1.85640000e-06 -2.87235937e-01 -1.87400950e-08  8.08472970e-01  9.15049789e-04 
 1.86140000e-06 -2.87235937e-01 -1.87400960e-08  8.08472970e-01  9.15049789e-04 
 1.86640000e-06 -2.87235937e-01 -1.87400971e-08  8.08472970e-01  9.15049789e-04 
 1.87140000e-06 -2.87235937e-01 -1.87400985e-08  8.08472970e-01  9.15049789e-04 
 1.87640000e-06 -2.87235937e-01 -1.87400997e-08  8.08472970e-01  9.15049789e-04 
 1.88140000e-06 -2.87235937e-01 -1.87401008e-08  8.08472970e-01  9.15049789e-04 
 1.88640000e-06 -2.87235937e-01 -1.87401019e-08  8.08472970e-01  9.15049789e-04 
 1.89140000e-06 -2.87235937e-01 -1.87401031e-08  8.08472970e-01  9.15049789e-04 
 1.89640000e-06 -2.87235937e-01 -1.87401045e-08  8.08472970e-01  9.15049789e-04 
 1.90140000e-06 -2.87235937e-01 -1.87401057e-08  8.08472970e-01  9.15049789e-04 
 1.90640000e-06 -2.87235937e-01 -1.87401069e-08  8.08472970e-01  9.15049789e-04 
 1.91140000e-06 -2.87235937e-01 -1.87401081e-08  8.08472970e-01  9.15049789e-04 
 1.91640000e-06 -2.87235937e-01 -1.87401094e-08  8.08472970e-01  9.15049789e-04 
 1.92140000e-06 -2.87235937e-01 -1.87401107e-08  8.08472970e-01  9.15049789e-04 
 1.92640000e-06 -2.87235937e-01 -1.87401121e-08  8.08472970e-01  9.15049789e-04 
 1.93140000e-06 -2.87235937e-01 -1.87401136e-08  8.08472970e-01  9.15049789e-04 
 1.93640000e-06 -2.87235937e-01 -1.87401149e-08  8.08472970e-01  9.15049789e-04 
 1.94140000e-06 -2.87235937e-01 -1.87401162e-08  8.08472970e-01  9.15049789e-04 
 1.94640000e-06 -2.87235937e-01 -1.87401175e-08  8.08472970e-01  9.15049789e-04 
 1.95140000e-06 -2.87235937e-01 -1.87401186e-08  8.08472970e-01  9.15049789e-04 
 1.95640000e-06 -2.87235937e-01 -1.87401199e-08  8.08472970e-01  9.15049789e-04 
 1.96140000e-06 -2.87235937e-01 -1.87401213e-08  8.08472970e-01  9.15049789e-04 
 1.96640000e-06 -2.87235937e-01 -1.87401227e-08  8.08472970e-01  9.15049789e-04 
 1.97140000e-06 -2.87235937e-01 -1.87401239e-08  8.08472970e-01  9.15049789e-04 
 1.97640000e-06 -2.87235937e-01 -1.87401251e-08  8.08472970e-01  9.15049789e-04 
 1.98140000e-06 -2.87235937e-01 -1.87401265e-08  8.08472970e-01  9.15049790e-04 
 1.98640000e-06 -2.87235937e-01 -1.87401278e-08  8.08472970e-01  9.15049790e-04 
 1.99140000e-06 -2.87235937e-01 -1.87401290e-08  8.08472970e-01  9.15049790e-04 
 1.99640000e-06 -2.87235937e-01 -1.87401302e-08  8.08472970e-01  9.15049790e-04 
 2.00140000e-06 -2.87235937e-01 -1.87401314e-08  8.08472970e-01  9.15049789e-04 
 2.00640000e-06 -2.87235937e-01 -1.87401327e-08  8.08472970e-01  9.15049789e-04 
 2.01140000e-06 -2.87235937e-01 -1.87401339e-08  8.08472970e-01  9.15049790e-04 
 2.01640000e-06 -2.87235937e-01 -1.87401352e-08  8.08472970e-01  9.15049790e-04 
 2.02140000e-06 -2.87235937e-01 -1.87401366e-08  8.08472970e-01  9.15049789e-04 
 2.02640000e-06 -2.87235937e-01 -1.87401378e-08  8.08472970e-01  9.15049789e-04 
 2.03140000e-06 -2.87235937e-01 -1.87401389e-08  8.08472970e-01  9.15049789e-04 
 2.03640000e-06 -2.87235937e-01 -1.87401400e-08  8.08472970e-01  9.15049790e-04 
 2.04140000e-06 -2.87235937e-01 -1.87401411e-08  8.08472970e-01  9.15049789e-04 
 2.04640000e-06 -2.87235937e-01 -1.87401422e-08  8.08472970e-01  9.15049789e-04 
 2.05140000e-06 -2.87235937e-01 -1.87401433e-08  8.08472970e-01  9.15049789e-04 
 2.05640000e-06 -2.87235937e-01 -1.87401443e-08  8.08472970e-01  9.15049789e-04 
 2.06140000e-06 -2.87235937e-01 -1.87401455e-08  8.08472970e-01  9.15049789e-04 
 2.06640000e-06 -2.87235937e-01 -1.87401469e-08  8.08472970e-01  9.15049789e-04 
 2.07140000e-06 -2.87235937e-01 -1.87401482e-08  8.08472970e-01  9.15049789e-04 
 2.07640000e-06 -2.87235937e-01 -1.87401495e-08  8.08472970e-01  9.15049789e-04 
 2.08140000e-06 -2.87235937e-01 -1.87401510e-08  8.08472970e-01  9.15049789e-04 
 2.08640000e-06 -2.87235937e-01 -1.87401524e-08  8.08472970e-01  9.15049789e-04 
 2.09140000e-06 -2.87235937e-01 -1.87401538e-08  8.08472970e-01  9.15049789e-04 
 2.09640000e-06 -2.87235937e-01 -1.87401550e-08  8.08472970e-01  9.15049789e-04 
 2.10140000e-06 -2.87235937e-01 -1.87401561e-08  8.08472970e-01  9.15049789e-04 
 2.10640000e-06 -2.87235937e-01 -1.87401573e-08  8.08472970e-01  9.15049789e-04 
 2.11140000e-06 -2.87235937e-01 -1.87401586e-08  8.08472970e-01  9.15049789e-04 
 2.11640000e-06 -2.87235937e-01 -1.87401599e-08  8.08472970e-01  9.15049789e-04 
 2.12140000e-06 -2.87235937e-01 -1.87401610e-08  8.08472970e-01  9.15049790e-04 
 2.12640000e-06 -2.87235937e-01 -1.87401623e-08  8.08472970e-01  9.15049789e-04 
 2.13140000e-06 -2.87235937e-01 -1.87401636e-08  8.08472970e-01  9.15049789e-04 
 2.13640000e-06 -2.87235937e-01 -1.87401650e-08  8.08472970e-01  9.15049789e-04 
 2.14140000e-06 -2.87235937e-01 -1.87401663e-08  8.08472970e-01  9.15049789e-04 
 2.14640000e-06 -2.87235937e-01 -1.87401675e-08  8.08472970e-01  9.15049789e-04 
 2.15140000e-06 -2.87235937e-01 -1.87401689e-08  8.08472970e-01  9.15049790e-04 
 2.15640000e-06 -2.87235937e-01 -1.87401702e-08  8.08472970e-01  9.15049790e-04 
 2.16140000e-06 -2.87235937e-01 -1.87401714e-08  8.08472970e-01  9.15049790e-04 
 2.16640000e-06 -2.87235937e-01 -1.87401727e-08  8.08472970e-01  9.15049790e-04 
 2.17140000e-06 -2.87235937e-01 -1.87401742e-08  8.08472970e-01  9.15049790e-04 
 2.17640000e-06 -2.87235937e-01 -1.87401754e-08  8.08472970e-01  9.15049790e-04 
 2.18140000e-06 -2.87235937e-01 -1.87401766e-08  8.08472970e-01  9.15049790e-04 
 2.18640000e-06 -2.87235937e-01 -1.87401780e-08  8.08472970e-01  9.15049790e-04 
 2.19140000e-06 -2.87235937e-01 -1.87401792e-08  8.08472970e-01  9.15049790e-04 
 2.19640000e-06 -2.87235937e-01 -1.87401804e-08  8.08472970e-01  9.15049790e-04 
 2.20140000e-06 -2.87235937e-01 -1.87401817e-08  8.08472970e-01  9.15049790e-04 
 2.20640000e-06 -2.87235937e-01 -1.87401831e-08  8.08472970e-01  9.15049790e-04 
 2.21140000e-06 -2.87235937e-01 -1.87401843e-08  8.08472970e-01  9.15049790e-04 
 2.21640000e-06 -2.87235937e-01 -1.87401854e-08  8.08472970e-01  9.15049790e-04 
 2.22140000e-06 -2.87235937e-01 -1.87401864e-08  8.08472970e-01  9.15049790e-04 
 2.22640000e-06 -2.87235937e-01 -1.87401873e-08  8.08472970e-01  9.15049790e-04 
 2.23140000e-06 -2.87235937e-01 -1.87401883e-08  8.08472970e-01  9.15049790e-04 
 2.23640000e-06 -2.87235937e-01 -1.87401896e-08  8.08472970e-01  9.15049790e-04 
 2.24140000e-06 -2.87235937e-01 -1.87401910e-08  8.08472970e-01  9.15049790e-04 
 2.24640000e-06 -2.87235937e-01 -1.87401922e-08  8.08472970e-01  9.15049790e-04 
 2.25140000e-06 -2.87235937e-01 -1.87401935e-08  8.08472970e-01  9.15049790e-04 
 2.25640000e-06 -2.87235937e-01 -1.87401948e-08  8.08472970e-01  9.15049790e-04 
 2.26140000e-06 -2.87235937e-01 -1.87401960e-08  8.08472970e-01  9.15049790e-04 
 2.26640000e-06 -2.87235937e-01 -1.87401971e-08  8.08472970e-01  9.15049790e-04 
 2.27140000e-06 -2.87235937e-01 -1.87401983e-08  8.08472970e-01  9.15049790e-04 
 2.27640000e-06 -2.87235937e-01 -1.87401995e-08  8.08472970e-01  9.15049790e-04 
 2.28140000e-06 -2.87235937e-01 -1.87402006e-08  8.08472970e-01  9.15049790e-04 
 2.28640000e-06 -2.87235937e-01 -1.87402016e-08  8.08472970e-01  9.15049790e-04 
 2.29140000e-06 -2.87235937e-01 -1.87402027e-08  8.08472970e-01  9.15049790e-04 
 2.29640000e-06 -2.87235937e-01 -1.87402041e-08  8.08472970e-01  9.15049790e-04 
 2.30140000e-06 -2.87235937e-01 -1.87402054e-08  8.08472970e-01  9.15049790e-04 
 2.30640000e-06 -2.87235937e-01 -1.87402066e-08  8.08472970e-01  9.15049790e-04 
 2.31140000e-06 -2.87235937e-01 -1.87402078e-08  8.08472970e-01  9.15049790e-04 
 2.31640000e-06 -2.87235937e-01 -1.87402091e-08  8.08472970e-01  9.15049790e-04 
 2.32140000e-06 -2.87235937e-01 -1.87402103e-08  8.08472970e-01  9.15049790e-04 
 2.32640000e-06 -2.87235937e-01 -1.87402115e-08  8.08472970e-01  9.15049789e-04 
 2.33140000e-06 -2.87235937e-01 -1.87402128e-08  8.08472970e-01  9.15049790e-04 
 2.33640000e-06 -2.87235937e-01 -1.87402142e-08  8.08472970e-01  9.15049790e-04 
 2.34140000e-06 -2.87235937e-01 -1.87402155e-08  8.08472970e-01  9.15049790e-04 
 2.34640000e-06 -2.87235937e-01 -1.87402166e-08  8.08472970e-01  9.15049790e-04 
 2.35140000e-06 -2.87235937e-01 -1.87402177e-08  8.08472970e-01  9.15049790e-04 
 2.35640000e-06 -2.87235937e-01 -1.87402192e-08  8.08472970e-01  9.15049790e-04 
 2.36140000e-06 -2.87235937e-01 -1.87402205e-08  8.08472970e-01  9.15049790e-04 
 2.36640000e-06 -2.87235937e-01 -1.87402218e-08  8.08472970e-01  9.15049790e-04 
 2.37140000e-06 -2.87235937e-01 -1.87402232e-08  8.08472970e-01  9.15049790e-04 
 2.37640000e-06 -2.87235937e-01 -1.87402244e-08  8.08472970e-01  9.15049790e-04 
 2.38140000e-06 -2.87235937e-01 -1.87402257e-08  8.08472970e-01  9.15049790e-04 
 2.38640000e-06 -2.87235937e-01 -1.87402270e-08  8.08472970e-01  9.15049790e-04 
 2.39140000e-06 -2.87235937e-01 -1.87402281e-08  8.08472970e-01  9.15049789e-04 
 2.39640000e-06 -2.87235937e-01 -1.87402290e-08  8.08472970e-01  9.15049790e-04 
 2.40140000e-06 -2.87235937e-01 -1.87402299e-08  8.08472970e-01  9.15049790e-04 
 2.40640000e-06 -2.87235937e-01 -1.87402310e-08  8.08472970e-01  9.15049790e-04 
 2.41140000e-06 -2.87235937e-01 -1.87402323e-08  8.08472970e-01  9.15049790e-04 
 2.41640000e-06 -2.87235937e-01 -1.87402336e-08  8.08472970e-01  9.15049789e-04 
 2.42140000e-06 -2.87235937e-01 -1.87402349e-08  8.08472970e-01  9.15049789e-04 
 2.42640000e-06 -2.87235937e-01 -1.87402363e-08  8.08472970e-01  9.15049789e-04 
 2.43140000e-06 -2.87235937e-01 -1.87402376e-08  8.08472970e-01  9.15049789e-04 
 2.43640000e-06 -2.87235937e-01 -1.87402388e-08  8.08472970e-01  9.15049789e-04 
 2.44140000e-06 -2.87235937e-01 -1.87402400e-08  8.08472970e-01  9.15049789e-04 
 2.44640000e-06 -2.87235937e-01 -1.87402412e-08  8.08472970e-01  9.15049789e-04 
 2.45140000e-06 -2.87235937e-01 -1.87402425e-08  8.08472970e-01  9.15049789e-04 
 2.45640000e-06 -2.87235937e-01 -1.87402436e-08  8.08472970e-01  9.15049789e-04 
 2.46140000e-06 -2.87235937e-01 -1.87402448e-08  8.08472970e-01  9.15049789e-04 
 2.46640000e-06 -2.87235937e-01 -1.87402460e-08  8.08472970e-01  9.15049789e-04 
 2.47140000e-06 -2.87235937e-01 -1.87402472e-08  8.08472970e-01  9.15049789e-04 
 2.47640000e-06 -2.87235937e-01 -1.87402486e-08  8.08472970e-01  9.15049789e-04 
 2.48140000e-06 -2.87235937e-01 -1.87402499e-08  8.08472970e-01  9.15049789e-04 
 2.48640000e-06 -2.87235937e-01 -1.87402514e-08  8.08472970e-01  9.15049789e-04 
 2.49140000e-06 -2.87235937e-01 -1.87402527e-08  8.08472970e-01  9.15049789e-04 
 2.49640000e-06 -2.87235937e-01 -1.87402540e-08  8.08472970e-01  9.15049789e-04 
 2.50140000e-06 -2.87235937e-01 -1.87402553e-08  8.08472970e-01  9.15049789e-04 
 2.50640000e-06 -2.87235937e-01 -1.87402566e-08  8.08472970e-01  9.15049789e-04 
 2.51140000e-06 -2.87235937e-01 -1.87402577e-08  8.08472970e-01  9.15049789e-04 
 2.51640000e-06 -2.87235937e-01 -1.87402586e-08  8.08472970e-01  9.15049789e-04 
 2.52140000e-06 -2.87235937e-01 -1.87402595e-08  8.08472970e-01  9.15049789e-04 
 2.52640000e-06 -2.87235937e-01 -1.87402605e-08  8.08472970e-01  9.15049789e-04 
 2.53140000e-06 -2.87235937e-01 -1.87402617e-08  8.08472970e-01  9.15049790e-04 
 2.53640000e-06 -2.87235937e-01 -1.87402630e-08  8.08472970e-01  9.15049790e-04 
 2.54140000e-06 -2.87235937e-01 -1.87402643e-08  8.08472970e-01  9.15049789e-04 
 2.54640000e-06 -2.87235937e-01 -1.87402658e-08  8.08472970e-01  9.15049789e-04 
 2.55140000e-06 -2.87235937e-01 -1.87402671e-08  8.08472970e-01  9.15049789e-04 
 2.55640000e-06 -2.87235937e-01 -1.87402684e-08  8.08472970e-01  9.15049789e-04 
 2.56140000e-06 -2.87235937e-01 -1.87402698e-08  8.08472970e-01  9.15049789e-04 
 2.56640000e-06 -2.87235937e-01 -1.87402709e-08  8.08472970e-01  9.15049789e-04 
 2.57140000e-06 -2.87235937e-01 -1.87402721e-08  8.08472970e-01  9.15049789e-04 
 2.57640000e-06 -2.87235937e-01 -1.87402733e-08  8.08472970e-01  9.15049789e-04 
 2.58140000e-06 -2.87235937e-01 -1.87402746e-08  8.08472970e-01  9.15049789e-04 
 2.58640000e-06 -2.87235937e-01 -1.87402759e-08  8.08472970e-01  9.15049789e-04 
 2.59140000e-06 -2.87235937e-01 -1.87402773e-08  8.08472970e-01  9.15049789e-04 
 2.59640000e-06 -2.87235937e-01 -1.87402788e-08  8.08472970e-01  9.15049789e-04 
 2.60140000e-06 -2.87235937e-01 -1.87402801e-08  8.08472970e-01  9.15049789e-04 
 2.60640000e-06 -2.87235937e-01 -1.87402814e-08  8.08472970e-01  9.15049789e-04 
 2.61140000e-06 -2.87235937e-01 -1.87402828e-08  8.08472970e-01  9.15049789e-04 
 2.61640000e-06 -2.87235937e-01 -1.87402840e-08  8.08472970e-01  9.15049789e-04 
 2.62140000e-06 -2.87235937e-01 -1.87402852e-08  8.08472970e-01  9.15049789e-04 
 2.62640000e-06 -2.87235937e-01 -1.87402864e-08  8.08472970e-01  9.15049789e-04 
 2.63140000e-06 -2.87235937e-01 -1.87402875e-08  8.08472970e-01  9.15049789e-04 
 2.63640000e-06 -2.87235937e-01 -1.87402889e-08  8.08472970e-01  9.15049789e-04 
 2.64140000e-06 -2.87235937e-01 -1.87402902e-08  8.08472970e-01  9.15049789e-04 
 2.64640000e-06 -2.87235937e-01 -1.87402915e-08  8.08472970e-01  9.15049789e-04 
 2.65140000e-06 -2.87235937e-01 -1.87402930e-08  8.08472970e-01  9.15049789e-04 
 2.65640000e-06 -2.87235937e-01 -1.87402944e-08  8.08472970e-01  9.15049789e-04 
 2.66140000e-06 -2.87235937e-01 -1.87402959e-08  8.08472970e-01  9.15049789e-04 
 2.66640000e-06 -2.87235937e-01 -1.87402972e-08  8.08472970e-01  9.15049789e-04 
 2.67140000e-06 -2.87235937e-01 -1.87402985e-08  8.08472970e-01  9.15049789e-04 
 2.67640000e-06 -2.87235937e-01 -1.87402999e-08  8.08472970e-01  9.15049789e-04 
 2.68140000e-06 -2.87235937e-01 -1.87403012e-08  8.08472970e-01  9.15049789e-04 
 2.68640000e-06 -2.87235937e-01 -1.87403023e-08  8.08472970e-01  9.15049789e-04 
 2.69140000e-06 -2.87235937e-01 -1.87403034e-08  8.08472970e-01  9.15049789e-04 
 2.69640000e-06 -2.87235937e-01 -1.87403046e-08  8.08472970e-01  9.15049789e-04 
 2.70140000e-06 -2.87235937e-01 -1.87403059e-08  8.08472970e-01  9.15049789e-04 
 2.70640000e-06 -2.87235937e-01 -1.87403073e-08  8.08472970e-01  9.15049789e-04 
 2.71140000e-06 -2.87235937e-01 -1.87403086e-08  8.08472970e-01  9.15049789e-04 
 2.71640000e-06 -2.87235937e-01 -1.87403099e-08  8.08472970e-01  9.15049789e-04 
 2.72140000e-06 -2.87235937e-01 -1.87403112e-08  8.08472970e-01  9.15049789e-04 
 2.72640000e-06 -2.87235937e-01 -1.87403125e-08  8.08472970e-01  9.15049789e-04 
 2.73140000e-06 -2.87235937e-01 -1.87403139e-08  8.08472970e-01  9.15049789e-04 
 2.73640000e-06 -2.87235937e-01 -1.87403151e-08  8.08472970e-01  9.15049789e-04 
 2.74140000e-06 -2.87235937e-01 -1.87403164e-08  8.08472970e-01  9.15049789e-04 
 2.74640000e-06 -2.87235937e-01 -1.87403177e-08  8.08472970e-01  9.15049789e-04 
 2.75140000e-06 -2.87235937e-01 -1.87403190e-08  8.08472970e-01  9.15049789e-04 
 2.75640000e-06 -2.87235937e-01 -1.87403203e-08  8.08472970e-01  9.15049789e-04 
 2.76140000e-06 -2.87235937e-01 -1.87403216e-08  8.08472970e-01  9.15049789e-04 
 2.76640000e-06 -2.87235937e-01 -1.87403230e-08  8.08472970e-01  9.15049789e-04 
 2.77140000e-06 -2.87235937e-01 -1.87403243e-08  8.08472970e-01  9.15049789e-04 
 2.77640000e-06 -2.87235937e-01 -1.87403255e-08  8.08472970e-01  9.15049789e-04 
 2.78140000e-06 -2.87235937e-01 -1.87403268e-08  8.08472970e-01  9.15049789e-04 
 2.78640000e-06 -2.87235937e-01 -1.87403283e-08  8.08472970e-01  9.15049789e-04 
 2.79140000e-06 -2.87235937e-01 -1.87403296e-08  8.08472970e-01  9.15049789e-04 
 2.79640000e-06 -2.87235937e-01 -1.87403308e-08  8.08472970e-01  9.15049789e-04 
 2.80140000e-06 -2.87235937e-01 -1.87403321e-08  8.08472970e-01  9.15049789e-04 
 2.80640000e-06 -2.87235937e-01 -1.87403334e-08  8.08472970e-01  9.15049789e-04 
 2.81140000e-06 -2.87235937e-01 -1.87403346e-08  8.08472970e-01  9.15049789e-04 
 2.81640000e-06 -2.87235937e-01 -1.87403358e-08  8.08472970e-01  9.15049789e-04 
 2.82140000e-06 -2.87235937e-01 -1.87403372e-08  8.08472970e-01  9.15049789e-04 
 2.82640000e-06 -2.87235937e-01 -1.87403385e-08  8.08472970e-01  9.15049789e-04 
 2.83140000e-06 -2.87235937e-01 -1.87403399e-08  8.08472970e-01  9.15049789e-04 
 2.83640000e-06 -2.87235937e-01 -1.87403414e-08  8.08472970e-01  9.15049789e-04 
 2.84140000e-06 -2.87235937e-01 -1.87403427e-08  8.08472970e-01  9.15049789e-04 
 2.84640000e-06 -2.87235937e-01 -1.87403439e-08  8.08472970e-01  9.15049789e-04 
 2.85140000e-06 -2.87235937e-01 -1.87403453e-08  8.08472970e-01  9.15049789e-04 
 2.85640000e-06 -2.87235937e-01 -1.87403465e-08  8.08472970e-01  9.15049789e-04 
 2.86140000e-06 -2.87235937e-01 -1.87403475e-08  8.08472970e-01  9.15049789e-04 
 2.86640000e-06 -2.87235937e-01 -1.87403486e-08  8.08472970e-01  9.15049789e-04 
 2.87140000e-06 -2.87235937e-01 -1.87403497e-08  8.08472970e-01  9.15049789e-04 
 2.87640000e-06 -2.87235937e-01 -1.87403507e-08  8.08472970e-01  9.15049789e-04 
 2.88140000e-06 -2.87235937e-01 -1.87403517e-08  8.08472970e-01  9.15049789e-04 
 2.88640000e-06 -2.87235937e-01 -1.87403528e-08  8.08472970e-01  9.15049789e-04 
 2.89140000e-06 -2.87235937e-01 -1.87403540e-08  8.08472970e-01  9.15049789e-04 
 2.89640000e-06 -2.87235937e-01 -1.87403554e-08  8.08472970e-01  9.15049789e-04 
 2.90140000e-06 -2.87235937e-01 -1.87403566e-08  8.08472970e-01  9.15049789e-04 
 2.90640000e-06 -2.87235937e-01 -1.87403576e-08  8.08472970e-01  9.15049789e-04 
 2.91140000e-06 -2.87235937e-01 -1.87403588e-08  8.08472970e-01  9.15049789e-04 
 2.91640000e-06 -2.87235937e-01 -1.87403603e-08  8.08472970e-01  9.15049789e-04 
 2.92140000e-06 -2.87235937e-01 -1.87403616e-08  8.08472970e-01  9.15049789e-04 
 2.92640000e-06 -2.87235937e-01 -1.87403629e-08  8.08472970e-01  9.15049789e-04 
 2.93140000e-06 -2.87235937e-01 -1.87403641e-08  8.08472970e-01  9.15049789e-04 
 2.93640000e-06 -2.87235937e-01 -1.87403654e-08  8.08472970e-01  9.15049789e-04 
 2.94140000e-06 -2.87235937e-01 -1.87403666e-08  8.08472970e-01  9.15049789e-04 
 2.94640000e-06 -2.87235937e-01 -1.87403678e-08  8.08472970e-01  9.15049789e-04 
 2.95140000e-06 -2.87235937e-01 -1.87403690e-08  8.08472970e-01  9.15049789e-04 
 2.95640000e-06 -2.87235937e-01 -1.87403704e-08  8.08472970e-01  9.15049789e-04 
 2.96140000e-06 -2.87235937e-01 -1.87403719e-08  8.08472970e-01  9.15049789e-04 
 2.96640000e-06 -2.87235937e-01 -1.87403733e-08  8.08472970e-01  9.15049789e-04 
 2.97140000e-06 -2.87235937e-01 -1.87403746e-08  8.08472970e-01  9.15049789e-04 
 2.97640000e-06 -2.87235937e-01 -1.87403759e-08  8.08472970e-01  9.15049789e-04 
 2.98140000e-06 -2.87235937e-01 -1.87403770e-08  8.08472970e-01  9.15049789e-04 
 2.98640000e-06 -2.87235937e-01 -1.87403781e-08  8.08472970e-01  9.15049789e-04 
 2.99140000e-06 -2.87235937e-01 -1.87403795e-08  8.08472970e-01  9.15049789e-04 
 2.99640000e-06 -2.87235937e-01 -1.87403808e-08  8.08472970e-01  9.15049789e-04 
 3.00140000e-06 -2.87235937e-01 -1.87403821e-08  8.08472970e-01  9.15049789e-04 
 3.00640000e-06 -2.87235937e-01 -1.87403836e-08  8.08472970e-01  9.15049789e-04 
 3.01140000e-06 -2.87235937e-01 -1.87403849e-08  8.08472970e-01  9.15049790e-04 
 3.01640000e-06 -2.87235937e-01 -1.87403862e-08  8.08472970e-01  9.15049790e-04 
 3.02140000e-06 -2.87235937e-01 -1.87403875e-08  8.08472970e-01  9.15049790e-04 
 3.02640000e-06 -2.87235937e-01 -1.87403887e-08  8.08472970e-01  9.15049790e-04 
 3.03140000e-06 -2.87235937e-01 -1.87403900e-08  8.08472970e-01  9.15049790e-04 
 3.03640000e-06 -2.87235937e-01 -1.87403913e-08  8.08472970e-01  9.15049790e-04 
 3.04140000e-06 -2.87235937e-01 -1.87403927e-08  8.08472970e-01  9.15049790e-04 
 3.04640000e-06 -2.87235937e-01 -1.87403941e-08  8.08472970e-01  9.15049790e-04 
 3.05140000e-06 -2.87235937e-01 -1.87403955e-08  8.08472970e-01  9.15049790e-04 
 3.05640000e-06 -2.87235937e-01 -1.87403968e-08  8.08472970e-01  9.15049790e-04 
 3.06140000e-06 -2.87235937e-01 -1.87403982e-08  8.08472970e-01  9.15049790e-04 
 3.06640000e-06 -2.87235937e-01 -1.87403997e-08  8.08472970e-01  9.15049790e-04 
 3.07140000e-06 -2.87235937e-01 -1.87404010e-08  8.08472970e-01  9.15049790e-04 
 3.07640000e-06 -2.87235937e-01 -1.87404022e-08  8.08472970e-01  9.15049790e-04 
 3.08140000e-06 -2.87235937e-01 -1.87404035e-08  8.08472970e-01  9.15049790e-04 
 3.08640000e-06 -2.87235937e-01 -1.87404047e-08  8.08472970e-01  9.15049790e-04 
 3.09140000e-06 -2.87235937e-01 -1.87404060e-08  8.08472970e-01  9.15049790e-04 
 3.09640000e-06 -2.87235937e-01 -1.87404073e-08  8.08472970e-01  9.15049790e-04 
 3.10140000e-06 -2.87235937e-01 -1.87404087e-08  8.08472970e-01  9.15049790e-04 
 3.10640000e-06 -2.87235937e-01 -1.87404100e-08  8.08472970e-01  9.15049790e-04 
 3.11140000e-06 -2.87235937e-01 -1.87404112e-08  8.08472970e-01  9.15049789e-04 
 3.11640000e-06 -2.87235937e-01 -1.87404126e-08  8.08472970e-01  9.15049789e-04 
 3.12140000e-06 -2.87235937e-01 -1.87404140e-08  8.08472970e-01  9.15049789e-04 
 3.12640000e-06 -2.87235937e-01 -1.87404154e-08  8.08472970e-01  9.15049789e-04 
 3.13140000e-06 -2.87235937e-01 -1.87404169e-08  8.08472970e-01  9.15049789e-04 
 3.13640000e-06 -2.87235937e-01 -1.87404181e-08  8.08472970e-01  9.15049789e-04 
 3.14140000e-06 -2.87235937e-01 -1.87404193e-08  8.08472970e-01  9.15049789e-04 
 3.14640000e-06 -2.87235937e-01 -1.87404208e-08  8.08472970e-01  9.15049789e-04 
 3.15140000e-06 -2.87235937e-01 -1.87404221e-08  8.08472970e-01  9.15049789e-04 
 3.15640000e-06 -2.87235937e-01 -1.87404233e-08  8.08472970e-01  9.15049789e-04 
 3.16140000e-06 -2.87235937e-01 -1.87404245e-08  8.08472970e-01  9.15049789e-04 
 3.16640000e-06 -2.87235937e-01 -1.87404259e-08  8.08472970e-01  9.15049789e-04 
 3.17140000e-06 -2.87235937e-01 -1.87404271e-08  8.08472970e-01  9.15049789e-04 
 3.17640000e-06 -2.87235937e-01 -1.87404284e-08  8.08472970e-01  9.15049789e-04 
 3.18140000e-06 -2.87235937e-01 -1.87404299e-08  8.08472970e-01  9.15049789e-04 
 3.18640000e-06 -2.87235937e-01 -1.87404312e-08  8.08472970e-01  9.15049789e-04 
 3.19140000e-06 -2.87235937e-01 -1.87404327e-08  8.08472970e-01  9.15049789e-04 
 3.19640000e-06 -2.87235937e-01 -1.87404340e-08  8.08472970e-01  9.15049789e-04 
 3.20140000e-06 -2.87235937e-01 -1.87404352e-08  8.08472970e-01  9.15049789e-04 
 3.20640000e-06 -2.87235937e-01 -1.87404364e-08  8.08472970e-01  9.15049789e-04 
 3.21140000e-06 -2.87235937e-01 -1.87404378e-08  8.08472970e-01  9.15049789e-04 
 3.21640000e-06 -2.87235937e-01 -1.87404390e-08  8.08472970e-01  9.15049789e-04 
 3.22140000e-06 -2.87235937e-01 -1.87404401e-08  8.08472970e-01  9.15049789e-04 
 3.22640000e-06 -2.87235937e-01 -1.87404414e-08  8.08472970e-01  9.15049789e-04 
 3.23140000e-06 -2.87235937e-01 -1.87404428e-08  8.08472970e-01  9.15049789e-04 
 3.23640000e-06 -2.87235937e-01 -1.87404441e-08  8.08472970e-01  9.15049789e-04 
 3.24140000e-06 -2.87235937e-01 -1.87404454e-08  8.08472970e-01  9.15049789e-04 
 3.24640000e-06 -2.87235937e-01 -1.87404469e-08  8.08472970e-01  9.15049789e-04 
 3.25140000e-06 -2.87235937e-01 -1.87404485e-08  8.08472970e-01  9.15049789e-04 
 3.25640000e-06 -2.87235937e-01 -1.87404500e-08  8.08472970e-01  9.15049789e-04 
 3.26140000e-06 -2.87235937e-01 -1.87404513e-08  8.08472970e-01  9.15049789e-04 
 3.26640000e-06 -2.87235937e-01 -1.87404527e-08  8.08472970e-01  9.15049789e-04 
 3.27140000e-06 -2.87235937e-01 -1.87404542e-08  8.08472970e-01  9.15049789e-04 
 3.27640000e-06 -2.87235937e-01 -1.87404556e-08  8.08472970e-01  9.15049789e-04 
 3.28140000e-06 -2.87235937e-01 -1.87404570e-08  8.08472970e-01  9.15049789e-04 
 3.28640000e-06 -2.87235937e-01 -1.87404583e-08  8.08472970e-01  9.15049789e-04 
 3.29140000e-06 -2.87235937e-01 -1.87404597e-08  8.08472970e-01  9.15049789e-04 
 3.29640000e-06 -2.87235937e-01 -1.87404612e-08  8.08472970e-01  9.15049789e-04 
 3.30140000e-06 -2.87235937e-01 -1.87404627e-08  8.08472970e-01  9.15049789e-04 
 3.30640000e-06 -2.87235937e-01 -1.87404642e-08  8.08472970e-01  9.15049789e-04 
 3.31140000e-06 -2.87235937e-01 -1.87404655e-08  8.08472970e-01  9.15049789e-04 
 3.31640000e-06 -2.87235937e-01 -1.87404667e-08  8.08472970e-01  9.15049790e-04 
 3.32140000e-06 -2.87235937e-01 -1.87404678e-08  8.08472970e-01  9.15049790e-04 
 3.32640000e-06 -2.87235937e-01 -1.87404690e-08  8.08472970e-01  9.15049790e-04 
 3.33140000e-06 -2.87235937e-01 -1.87404702e-08  8.08472970e-01  9.15049790e-04 
 3.33640000e-06 -2.87235937e-01 -1.87404715e-08  8.08472970e-01  9.15049790e-04 
 3.34140000e-06 -2.87235937e-01 -1.87404727e-08  8.08472970e-01  9.15049790e-04 
 3.34640000e-06 -2.87235937e-01 -1.87404741e-08  8.08472970e-01  9.15049790e-04 
 3.35140000e-06 -2.87235937e-01 -1.87404755e-08  8.08472970e-01  9.15049790e-04 
 3.35640000e-06 -2.87235937e-01 -1.87404769e-08  8.08472970e-01  9.15049790e-04 
 3.36140000e-06 -2.87235937e-01 -1.87404783e-08  8.08472970e-01  9.15049790e-04 
 3.36640000e-06 -2.87235937e-01 -1.87404795e-08  8.08472970e-01  9.15049790e-04 
 3.37140000e-06 -2.87235937e-01 -1.87404808e-08  8.08472970e-01  9.15049790e-04 
 3.37640000e-06 -2.87235937e-01 -1.87404823e-08  8.08472970e-01  9.15049790e-04 
 3.38140000e-06 -2.87235937e-01 -1.87404837e-08  8.08472970e-01  9.15049790e-04 
 3.38640000e-06 -2.87235937e-01 -1.87404851e-08  8.08472970e-01  9.15049790e-04 
 3.39140000e-06 -2.87235937e-01 -1.87404864e-08  8.08472970e-01  9.15049790e-04 
 3.39640000e-06 -2.87235937e-01 -1.87404876e-08  8.08472970e-01  9.15049790e-04 
 3.40140000e-06 -2.87235937e-01 -1.87404888e-08  8.08472970e-01  9.15049790e-04 
 3.40640000e-06 -2.87235937e-01 -1.87404902e-08  8.08472970e-01  9.15049790e-04 
 3.41140000e-06 -2.87235937e-01 -1.87404916e-08  8.08472970e-01  9.15049789e-04 
 3.41640000e-06 -2.87235937e-01 -1.87404930e-08  8.08472970e-01  9.15049789e-04 
 3.42140000e-06 -2.87235937e-01 -1.87404944e-08  8.08472970e-01  9.15049789e-04 
 3.42640000e-06 -2.87235937e-01 -1.87404957e-08  8.08472970e-01  9.15049789e-04 
 3.43140000e-06 -2.87235937e-01 -1.87404969e-08  8.08472970e-01  9.15049789e-04 
 3.43640000e-06 -2.87235937e-01 -1.87404983e-08  8.08472970e-01  9.15049789e-04 
 3.44140000e-06 -2.87235937e-01 -1.87404995e-08  8.08472970e-01  9.15049789e-04 
 3.44640000e-06 -2.87235937e-01 -1.87405006e-08  8.08472970e-01  9.15049789e-04 
 3.45140000e-06 -2.87235937e-01 -1.87405018e-08  8.08472970e-01  9.15049789e-04 
 3.45640000e-06 -2.87235937e-01 -1.87405031e-08  8.08472970e-01  9.15049789e-04 
 3.46140000e-06 -2.87235937e-01 -1.87405046e-08  8.08472970e-01  9.15049789e-04 
 3.46640000e-06 -2.87235937e-01 -1.87405060e-08  8.08472970e-01  9.15049789e-04 
 3.47140000e-06 -2.87235937e-01 -1.87405074e-08  8.08472970e-01  9.15049789e-04 
 3.47640000e-06 -2.87235937e-01 -1.87405087e-08  8.08472970e-01  9.15049789e-04 
 3.48140000e-06 -2.87235937e-01 -1.87405100e-08  8.08472970e-01  9.15049789e-04 
 3.48640000e-06 -2.87235937e-01 -1.87405114e-08  8.08472970e-01  9.15049789e-04 
 3.49140000e-06 -2.87235937e-01 -1.87405127e-08  8.08472970e-01  9.15049789e-04 
 3.49640000e-06 -2.87235937e-01 -1.87405138e-08  8.08472970e-01  9.15049789e-04 
 3.50140000e-06 -2.87235937e-01 -1.87405150e-08  8.08472970e-01  9.15049789e-04 
 3.50640000e-06 -2.87235937e-01 -1.87405164e-08  8.08472970e-01  9.15049789e-04 
 3.51140000e-06 -2.87235937e-01 -1.87405177e-08  8.08472970e-01  9.15049789e-04 
 3.51640000e-06 -2.87235937e-01 -1.87405190e-08  8.08472970e-01  9.15049789e-04 
 3.52140000e-06 -2.87235937e-01 -1.87405202e-08  8.08472970e-01  9.15049789e-04 
 3.52640000e-06 -2.87235937e-01 -1.87405216e-08  8.08472970e-01  9.15049789e-04 
 3.53140000e-06 -2.87235937e-01 -1.87405229e-08  8.08472970e-01  9.15049789e-04 
 3.53640000e-06 -2.87235937e-01 -1.87405242e-08  8.08472970e-01  9.15049789e-04 
 3.54140000e-06 -2.87235937e-01 -1.87405257e-08  8.08472970e-01  9.15049789e-04 
 3.54640000e-06 -2.87235937e-01 -1.87405269e-08  8.08472970e-01  9.15049789e-04 
 3.55140000e-06 -2.87235937e-01 -1.87405282e-08  8.08472970e-01  9.15049789e-04 
 3.55640000e-06 -2.87235937e-01 -1.87405296e-08  8.08472970e-01  9.15049789e-04 
 3.56140000e-06 -2.87235937e-01 -1.87405307e-08  8.08472970e-01  9.15049789e-04 
 3.56640000e-06 -2.87235937e-01 -1.87405319e-08  8.08472970e-01  9.15049789e-04 
 3.57140000e-06 -2.87235937e-01 -1.87405332e-08  8.08472970e-01  9.15049789e-04 
 3.57640000e-06 -2.87235937e-01 -1.87405345e-08  8.08472970e-01  9.15049789e-04 
 3.58140000e-06 -2.87235937e-01 -1.87405358e-08  8.08472970e-01  9.15049789e-04 
 3.58640000e-06 -2.87235937e-01 -1.87405372e-08  8.08472970e-01  9.15049789e-04 
 3.59140000e-06 -2.87235937e-01 -1.87405386e-08  8.08472970e-01  9.15049789e-04 
 3.59640000e-06 -2.87235937e-01 -1.87405399e-08  8.08472970e-01  9.15049789e-04 
 3.60140000e-06 -2.87235937e-01 -1.87405412e-08  8.08472970e-01  9.15049789e-04 
 3.60640000e-06 -2.87235937e-01 -1.87405426e-08  8.08472970e-01  9.15049789e-04 
 3.61140000e-06 -2.87235937e-01 -1.87405438e-08  8.08472970e-01  9.15049789e-04 
 3.61640000e-06 -2.87235937e-01 -1.87405451e-08  8.08472970e-01  9.15049789e-04 
 3.62140000e-06 -2.87235937e-01 -1.87405466e-08  8.08472970e-01  9.15049789e-04 
 3.62640000e-06 -2.87235937e-01 -1.87405480e-08  8.08472970e-01  9.15049789e-04 
 3.63140000e-06 -2.87235937e-01 -1.87405493e-08  8.08472970e-01  9.15049789e-04 
 3.63640000e-06 -2.87235937e-01 -1.87405507e-08  8.08472970e-01  9.15049789e-04 
 3.64140000e-06 -2.87235937e-01 -1.87405521e-08  8.08472970e-01  9.15049789e-04 
 3.64640000e-06 -2.87235937e-01 -1.87405534e-08  8.08472970e-01  9.15049789e-04 
 3.65140000e-06 -2.87235937e-01 -1.87405547e-08  8.08472970e-01  9.15049789e-04 
 3.65640000e-06 -2.87235937e-01 -1.87405559e-08  8.08472970e-01  9.15049789e-04 
 3.66140000e-06 -2.87235937e-01 -1.87405572e-08  8.08472970e-01  9.15049789e-04 
 3.66640000e-06 -2.87235937e-01 -1.87405587e-08  8.08472970e-01  9.15049789e-04 
 3.67140000e-06 -2.87235937e-01 -1.87405600e-08  8.08472970e-01  9.15049789e-04 
 3.67640000e-06 -2.87235937e-01 -1.87405612e-08  8.08472970e-01  9.15049789e-04 
 3.68140000e-06 -2.87235937e-01 -1.87405624e-08  8.08472970e-01  9.15049789e-04 
 3.68640000e-06 -2.87235937e-01 -1.87405638e-08  8.08472970e-01  9.15049789e-04 
 3.69140000e-06 -2.87235937e-01 -1.87405652e-08  8.08472970e-01  9.15049789e-04 
 3.69640000e-06 -2.87235937e-01 -1.87405665e-08  8.08472970e-01  9.15049789e-04 
 3.70140000e-06 -2.87235937e-01 -1.87405678e-08  8.08472970e-01  9.15049789e-04 
 3.70640000e-06 -2.87235937e-01 -1.87405691e-08  8.08472970e-01  9.15049789e-04 
 3.71140000e-06 -2.87235937e-01 -1.87405704e-08  8.08472970e-01  9.15049789e-04 
 3.71640000e-06 -2.87235937e-01 -1.87405717e-08  8.08472970e-01  9.15049789e-04 
 3.72140000e-06 -2.87235937e-01 -1.87405730e-08  8.08472970e-01  9.15049789e-04 
 3.72640000e-06 -2.87235937e-01 -1.87405742e-08  8.08472970e-01  9.15049789e-04 
 3.73140000e-06 -2.87235937e-01 -1.87405755e-08  8.08472970e-01  9.15049789e-04 
 3.73640000e-06 -2.87235937e-01 -1.87405770e-08  8.08472970e-01  9.15049789e-04 
 3.74140000e-06 -2.87235937e-01 -1.87405782e-08  8.08472970e-01  9.15049789e-04 
 3.74640000e-06 -2.87235937e-01 -1.87405794e-08  8.08472970e-01  9.15049789e-04 
 3.75140000e-06 -2.87235937e-01 -1.87405806e-08  8.08472970e-01  9.15049789e-04 
 3.75640000e-06 -2.87235937e-01 -1.87405820e-08  8.08472970e-01  9.15049789e-04 
 3.76140000e-06 -2.87235937e-01 -1.87405834e-08  8.08472970e-01  9.15049789e-04 
 3.76640000e-06 -2.87235937e-01 -1.87405848e-08  8.08472970e-01  9.15049789e-04 
 3.77140000e-06 -2.87235937e-01 -1.87405861e-08  8.08472970e-01  9.15049789e-04 
 3.77640000e-06 -2.87235937e-01 -1.87405874e-08  8.08472970e-01  9.15049789e-04 
 3.78140000e-06 -2.87235937e-01 -1.87405886e-08  8.08472970e-01  9.15049789e-04 
 3.78640000e-06 -2.87235937e-01 -1.87405900e-08  8.08472970e-01  9.15049789e-04 
 3.79140000e-06 -2.87235937e-01 -1.87405913e-08  8.08472970e-01  9.15049789e-04 
 3.79640000e-06 -2.87235937e-01 -1.87405926e-08  8.08472970e-01  9.15049789e-04 
 3.80140000e-06 -2.87235937e-01 -1.87405941e-08  8.08472970e-01  9.15049789e-04 
 3.80640000e-06 -2.87235937e-01 -1.87405953e-08  8.08472970e-01  9.15049789e-04 
 3.81140000e-06 -2.87235937e-01 -1.87405966e-08  8.08472970e-01  9.15049790e-04 
 3.81640000e-06 -2.87235937e-01 -1.87405981e-08  8.08472970e-01  9.15049789e-04 
 3.82140000e-06 -2.87235937e-01 -1.87405994e-08  8.08472970e-01  9.15049790e-04 
 3.82640000e-06 -2.87235937e-01 -1.87406007e-08  8.08472970e-01  9.15049789e-04 
 3.83140000e-06 -2.87235937e-01 -1.87406020e-08  8.08472970e-01  9.15049789e-04 
 3.83640000e-06 -2.87235937e-01 -1.87406033e-08  8.08472970e-01  9.15049789e-04 
 3.84140000e-06 -2.87235937e-01 -1.87406046e-08  8.08472970e-01  9.15049789e-04 
 3.84640000e-06 -2.87235937e-01 -1.87406060e-08  8.08472970e-01  9.15049789e-04 
 3.85140000e-06 -2.87235937e-01 -1.87406073e-08  8.08472970e-01  9.15049789e-04 
 3.85640000e-06 -2.87235937e-01 -1.87406084e-08  8.08472970e-01  9.15049789e-04 
 3.86140000e-06 -2.87235937e-01 -1.87406095e-08  8.08472970e-01  9.15049789e-04 
 3.86640000e-06 -2.87235937e-01 -1.87406108e-08  8.08472970e-01  9.15049789e-04 
 3.87140000e-06 -2.87235937e-01 -1.87406122e-08  8.08472970e-01  9.15049789e-04 
 3.87640000e-06 -2.87235937e-01 -1.87406136e-08  8.08472970e-01  9.15049789e-04 
 3.88140000e-06 -2.87235937e-01 -1.87406152e-08  8.08472970e-01  9.15049789e-04 
 3.88640000e-06 -2.87235937e-01 -1.87406165e-08  8.08472970e-01  9.15049789e-04 
 3.89140000e-06 -2.87235937e-01 -1.87406177e-08  8.08472970e-01  9.15049789e-04 
 3.89640000e-06 -2.87235937e-01 -1.87406189e-08  8.08472970e-01  9.15049789e-04 
 3.90140000e-06 -2.87235937e-01 -1.87406203e-08  8.08472970e-01  9.15049789e-04 
 3.90640000e-06 -2.87235937e-01 -1.87406216e-08  8.08472970e-01  9.15049789e-04 
 3.91140000e-06 -2.87235937e-01 -1.87406229e-08  8.08472970e-01  9.15049789e-04 
 3.91640000e-06 -2.87235937e-01 -1.87406243e-08  8.08472970e-01  9.15049789e-04 
 3.92140000e-06 -2.87235937e-01 -1.87406255e-08  8.08472970e-01  9.15049789e-04 
 3.92640000e-06 -2.87235937e-01 -1.87406269e-08  8.08472970e-01  9.15049789e-04 
 3.93140000e-06 -2.87235937e-01 -1.87406285e-08  8.08472970e-01  9.15049789e-04 
 3.93640000e-06 -2.87235937e-01 -1.87406298e-08  8.08472970e-01  9.15049789e-04 
 3.94140000e-06 -2.87235937e-01 -1.87406310e-08  8.08472970e-01  9.15049789e-04 
 3.94640000e-06 -2.87235937e-01 -1.87406324e-08  8.08472970e-01  9.15049789e-04 
 3.95140000e-06 -2.87235937e-01 -1.87406337e-08  8.08472970e-01  9.15049789e-04 
 3.95640000e-06 -2.87235937e-01 -1.87406350e-08  8.08472970e-01  9.15049789e-04 
 3.96140000e-06 -2.87235937e-01 -1.87406364e-08  8.08472970e-01  9.15049789e-04 
 3.96640000e-06 -2.87235937e-01 -1.87406376e-08  8.08472970e-01  9.15049789e-04 
 3.97140000e-06 -2.87235937e-01 -1.87406389e-08  8.08472970e-01  9.15049789e-04 
 3.97640000e-06 -2.87235937e-01 -1.87406403e-08  8.08472970e-01  9.15049789e-04 
 3.98140000e-06 -2.87235937e-01 -1.87406415e-08  8.08472970e-01  9.15049789e-04 
 3.98640000e-06 -2.87235937e-01 -1.87406428e-08  8.08472970e-01  9.15049789e-04 
 3.99140000e-06 -2.87235937e-01 -1.87406443e-08  8.08472970e-01  9.15049789e-04 
 3.99640000e-06 -2.87235937e-01 -1.87406457e-08  8.08472970e-01  9.15049789e-04 
 4.00140000e-06 -2.87235937e-01 -1.87406470e-08  8.08472970e-01  9.15049789e-04 
 4.00640000e-06 -2.87235937e-01 -1.87406483e-08  8.08472970e-01  9.15049789e-04 
 4.01140000e-06 -2.87235937e-01 -1.87406496e-08  8.08472970e-01  9.15049789e-04 
 4.01640000e-06 -2.87235937e-01 -1.87406509e-08  8.08472970e-01  9.15049789e-04 
 4.02140000e-06 -2.87235937e-01 -1.87406520e-08  8.08472970e-01  9.15049789e-04 
 4.02640000e-06 -2.87235937e-01 -1.87406531e-08  8.08472970e-01  9.15049789e-04 
 4.03140000e-06 -2.87235937e-01 -1.87406545e-08  8.08472970e-01  9.15049789e-04 
 4.03640000e-06 -2.87235937e-01 -1.87406558e-08  8.08472970e-01  9.15049789e-04 
 4.04140000e-06 -2.87235937e-01 -1.87406571e-08  8.08472970e-01  9.15049789e-04 
 4.04640000e-06 -2.87235937e-01 -1.87406585e-08  8.08472970e-01  9.15049789e-04 
 4.05140000e-06 -2.87235937e-01 -1.87406599e-08  8.08472970e-01  9.15049789e-04 
 4.05640000e-06 -2.87235937e-01 -1.87406614e-08  8.08472970e-01  9.15049789e-04 
 4.06140000e-06 -2.87235937e-01 -1.87406627e-08  8.08472970e-01  9.15049789e-04 
 4.06640000e-06 -2.87235937e-01 -1.87406640e-08  8.08472970e-01  9.15049789e-04 
 4.07140000e-06 -2.87235937e-01 -1.87406652e-08  8.08472970e-01  9.15049789e-04 
 4.07640000e-06 -2.87235937e-01 -1.87406666e-08  8.08472970e-01  9.15049789e-04 
 4.08140000e-06 -2.87235937e-01 -1.87406679e-08  8.08472970e-01  9.15049789e-04 
 4.08640000e-06 -2.87235937e-01 -1.87406692e-08  8.08472970e-01  9.15049789e-04 
 4.09140000e-06 -2.87235937e-01 -1.87406706e-08  8.08472970e-01  9.15049789e-04 
 4.09640000e-06 -2.87235937e-01 -1.87406718e-08  8.08472970e-01  9.15049789e-04 
 4.10140000e-06 -2.87235937e-01 -1.87406731e-08  8.08472970e-01  9.15049789e-04 
 4.10640000e-06 -2.87235937e-01 -1.87406746e-08  8.08472970e-01  9.15049789e-04 
 4.11140000e-06 -2.87235937e-01 -1.87406760e-08  8.08472970e-01  9.15049789e-04 
 4.11640000e-06 -2.87235937e-01 -1.87406773e-08  8.08472970e-01  9.15049789e-04 
 4.12140000e-06 -2.87235937e-01 -1.87406787e-08  8.08472970e-01  9.15049789e-04 
 4.12640000e-06 -2.87235937e-01 -1.87406800e-08  8.08472970e-01  9.15049789e-04 
 4.13140000e-06 -2.87235937e-01 -1.87406813e-08  8.08472970e-01  9.15049789e-04 
 4.13640000e-06 -2.87235937e-01 -1.87406827e-08  8.08472970e-01  9.15049789e-04 
 4.14140000e-06 -2.87235937e-01 -1.87406839e-08  8.08472970e-01  9.15049789e-04 
 4.14640000e-06 -2.87235937e-01 -1.87406850e-08  8.08472970e-01  9.15049789e-04 
 4.15140000e-06 -2.87235937e-01 -1.87406862e-08  8.08472970e-01  9.15049789e-04 
 4.15640000e-06 -2.87235937e-01 -1.87406876e-08  8.08472970e-01  9.15049789e-04 
 4.16140000e-06 -2.87235937e-01 -1.87406888e-08  8.08472970e-01  9.15049789e-04 
 4.16640000e-06 -2.87235937e-01 -1.87406901e-08  8.08472970e-01  9.15049789e-04 
 4.17140000e-06 -2.87235937e-01 -1.87406914e-08  8.08472970e-01  9.15049789e-04 
 4.17640000e-06 -2.87235937e-01 -1.87406928e-08  8.08472970e-01  9.15049789e-04 
 4.18140000e-06 -2.87235937e-01 -1.87406942e-08  8.08472970e-01  9.15049789e-04 
 4.18640000e-06 -2.87235937e-01 -1.87406956e-08  8.08472970e-01  9.15049789e-04 
 4.19140000e-06 -2.87235937e-01 -1.87406969e-08  8.08472970e-01  9.15049789e-04 
 4.19640000e-06 -2.87235937e-01 -1.87406982e-08  8.08472970e-01  9.15049789e-04 
 4.20140000e-06 -2.87235937e-01 -1.87406994e-08  8.08472970e-01  9.15049789e-04 
 4.20640000e-06 -2.87235937e-01 -1.87407008e-08  8.08472970e-01  9.15049789e-04 
 4.21140000e-06 -2.87235937e-01 -1.87407021e-08  8.08472970e-01  9.15049789e-04 
 4.21640000e-06 -2.87235937e-01 -1.87407034e-08  8.08472970e-01  9.15049789e-04 
 4.22140000e-06 -2.87235937e-01 -1.87407049e-08  8.08472970e-01  9.15049789e-04 
 4.22640000e-06 -2.87235937e-01 -1.87407063e-08  8.08472970e-01  9.15049789e-04 
 4.23140000e-06 -2.87235937e-01 -1.87407077e-08  8.08472970e-01  9.15049789e-04 
 4.23640000e-06 -2.87235937e-01 -1.87407089e-08  8.08472970e-01  9.15049789e-04 
 4.24140000e-06 -2.87235937e-01 -1.87407102e-08  8.08472970e-01  9.15049789e-04 
 4.24640000e-06 -2.87235937e-01 -1.87407115e-08  8.08472970e-01  9.15049789e-04 
 4.25140000e-06 -2.87235937e-01 -1.87407129e-08  8.08472970e-01  9.15049789e-04 
 4.25640000e-06 -2.87235937e-01 -1.87407142e-08  8.08472970e-01  9.15049789e-04 
 4.26140000e-06 -2.87235937e-01 -1.87407155e-08  8.08472970e-01  9.15049789e-04 
 4.26640000e-06 -2.87235937e-01 -1.87407170e-08  8.08472970e-01  9.15049789e-04 
 4.27140000e-06 -2.87235937e-01 -1.87407183e-08  8.08472970e-01  9.15049789e-04 
 4.27640000e-06 -2.87235937e-01 -1.87407196e-08  8.08472970e-01  9.15049789e-04 
 4.28140000e-06 -2.87235937e-01 -1.87407211e-08  8.08472970e-01  9.15049789e-04 
 4.28640000e-06 -2.87235937e-01 -1.87407224e-08  8.08472970e-01  9.15049789e-04 
 4.29140000e-06 -2.87235937e-01 -1.87407236e-08  8.08472970e-01  9.15049789e-04 
 4.29640000e-06 -2.87235937e-01 -1.87407250e-08  8.08472970e-01  9.15049789e-04 
 4.30140000e-06 -2.87235937e-01 -1.87407263e-08  8.08472970e-01  9.15049789e-04 
 4.30640000e-06 -2.87235937e-01 -1.87407276e-08  8.08472970e-01  9.15049789e-04 
 4.31140000e-06 -2.87235937e-01 -1.87407290e-08  8.08472970e-01  9.15049789e-04 
 4.31640000e-06 -2.87235937e-01 -1.87407301e-08  8.08472970e-01  9.15049789e-04 
 4.32140000e-06 -2.87235937e-01 -1.87407312e-08  8.08472970e-01  9.15049789e-04 
 4.32640000e-06 -2.87235937e-01 -1.87407325e-08  8.08472970e-01  9.15049789e-04 
 4.33140000e-06 -2.87235937e-01 -1.87407339e-08  8.08472970e-01  9.15049789e-04 
 4.33640000e-06 -2.87235937e-01 -1.87407353e-08  8.08472970e-01  9.15049789e-04 
 4.34140000e-06 -2.87235937e-01 -1.87407367e-08  8.08472970e-01  9.15049789e-04 
 4.34640000e-06 -2.87235937e-01 -1.87407381e-08  8.08472970e-01  9.15049789e-04 
 4.35140000e-06 -2.87235937e-01 -1.87407394e-08  8.08472970e-01  9.15049789e-04 
 4.35640000e-06 -2.87235937e-01 -1.87407407e-08  8.08472970e-01  9.15049789e-04 
 4.36140000e-06 -2.87235937e-01 -1.87407422e-08  8.08472970e-01  9.15049789e-04 
 4.36640000e-06 -2.87235937e-01 -1.87407436e-08  8.08472970e-01  9.15049789e-04 
 4.37140000e-06 -2.87235937e-01 -1.87407451e-08  8.08472970e-01  9.15049789e-04 
 4.37640000e-06 -2.87235937e-01 -1.87407465e-08  8.08472970e-01  9.15049789e-04 
 4.38140000e-06 -2.87235937e-01 -1.87407478e-08  8.08472970e-01  9.15049789e-04 
 4.38640000e-06 -2.87235937e-01 -1.87407490e-08  8.08472970e-01  9.15049789e-04 
 4.39140000e-06 -2.87235937e-01 -1.87407501e-08  8.08472970e-01  9.15049789e-04 
 4.39640000e-06 -2.87235937e-01 -1.87407514e-08  8.08472970e-01  9.15049789e-04 
 4.40140000e-06 -2.87235937e-01 -1.87407527e-08  8.08472970e-01  9.15049789e-04 
 4.40640000e-06 -2.87235937e-01 -1.87407539e-08  8.08472970e-01  9.15049789e-04 
 4.41140000e-06 -2.87235937e-01 -1.87407553e-08  8.08472970e-01  9.15049789e-04 
 4.41640000e-06 -2.87235937e-01 -1.87407567e-08  8.08472970e-01  9.15049789e-04 
 4.42140000e-06 -2.87235937e-01 -1.87407581e-08  8.08472970e-01  9.15049789e-04 
 4.42640000e-06 -2.87235937e-01 -1.87407593e-08  8.08472970e-01  9.15049789e-04 
 4.43140000e-06 -2.87235937e-01 -1.87407606e-08  8.08472970e-01  9.15049789e-04 
 4.43640000e-06 -2.87235937e-01 -1.87407619e-08  8.08472970e-01  9.15049789e-04 
 4.44140000e-06 -2.87235937e-01 -1.87407632e-08  8.08472970e-01  9.15049789e-04 
 4.44640000e-06 -2.87235937e-01 -1.87407645e-08  8.08472970e-01  9.15049789e-04 
 4.45140000e-06 -2.87235937e-01 -1.87407659e-08  8.08472970e-01  9.15049789e-04 
 4.45640000e-06 -2.87235937e-01 -1.87407674e-08  8.08472970e-01  9.15049789e-04 
 4.46140000e-06 -2.87235937e-01 -1.87407687e-08  8.08472970e-01  9.15049789e-04 
 4.46640000e-06 -2.87235937e-01 -1.87407700e-08  8.08472970e-01  9.15049789e-04 
 4.47140000e-06 -2.87235937e-01 -1.87407715e-08  8.08472970e-01  9.15049789e-04 
 4.47640000e-06 -2.87235937e-01 -1.87407728e-08  8.08472970e-01  9.15049789e-04 
 4.48140000e-06 -2.87235937e-01 -1.87407742e-08  8.08472970e-01  9.15049789e-04 
 4.48640000e-06 -2.87235937e-01 -1.87407756e-08  8.08472970e-01  9.15049789e-04 
 4.49140000e-06 -2.87235937e-01 -1.87407769e-08  8.08472970e-01  9.15049789e-04 
 4.49640000e-06 -2.87235937e-01 -1.87407782e-08  8.08472970e-01  9.15049789e-04 
 4.50140000e-06 -2.87235937e-01 -1.87407793e-08  8.08472970e-01  9.15049789e-04 
 4.50640000e-06 -2.87235937e-01 -1.87407805e-08  8.08472970e-01  9.15049789e-04 
 4.51140000e-06 -2.87235937e-01 -1.87407818e-08  8.08472970e-01  9.15049789e-04 
 4.51640000e-06 -2.87235937e-01 -1.87407830e-08  8.08472970e-01  9.15049789e-04 
 4.52140000e-06 -2.87235937e-01 -1.87407844e-08  8.08472970e-01  9.15049789e-04 
 4.52640000e-06 -2.87235937e-01 -1.87407857e-08  8.08472970e-01  9.15049789e-04 
 4.53140000e-06 -2.87235937e-01 -1.87407870e-08  8.08472970e-01  9.15049789e-04 
 4.53640000e-06 -2.87235937e-01 -1.87407884e-08  8.08472970e-01  9.15049789e-04 
 4.54140000e-06 -2.87235937e-01 -1.87407896e-08  8.08472970e-01  9.15049789e-04 
 4.54640000e-06 -2.87235937e-01 -1.87407909e-08  8.08472970e-01  9.15049789e-04 
 4.55140000e-06 -2.87235937e-01 -1.87407923e-08  8.08472970e-01  9.15049789e-04 
 4.55640000e-06 -2.87235937e-01 -1.87407934e-08  8.08472970e-01  9.15049789e-04 
 4.56140000e-06 -2.87235937e-01 -1.87407946e-08  8.08472970e-01  9.15049789e-04 
 4.56640000e-06 -2.87235937e-01 -1.87407960e-08  8.08472970e-01  9.15049789e-04 
 4.57140000e-06 -2.87235937e-01 -1.87407975e-08  8.08472970e-01  9.15049789e-04 
 4.57640000e-06 -2.87235937e-01 -1.87407988e-08  8.08472970e-01  9.15049789e-04 
 4.58140000e-06 -2.87235937e-01 -1.87408001e-08  8.08472970e-01  9.15049789e-04 
 4.58640000e-06 -2.87235937e-01 -1.87408016e-08  8.08472970e-01  9.15049789e-04 
 4.59140000e-06 -2.87235937e-01 -1.87408029e-08  8.08472970e-01  9.15049789e-04 
 4.59640000e-06 -2.87235937e-01 -1.87408042e-08  8.08472970e-01  9.15049789e-04 
 4.60140000e-06 -2.87235937e-01 -1.87408056e-08  8.08472970e-01  9.15049789e-04 
 4.60640000e-06 -2.87235937e-01 -1.87408068e-08  8.08472970e-01  9.15049789e-04 
 4.61140000e-06 -2.87235937e-01 -1.87408079e-08  8.08472970e-01  9.15049789e-04 
 4.61640000e-06 -2.87235937e-01 -1.87408090e-08  8.08472970e-01  9.15049789e-04 
 4.62140000e-06 -2.87235937e-01 -1.87408105e-08  8.08472970e-01  9.15049789e-04 
 4.62640000e-06 -2.87235937e-01 -1.87408120e-08  8.08472970e-01  9.15049789e-04 
 4.63140000e-06 -2.87235937e-01 -1.87408133e-08  8.08472970e-01  9.15049789e-04 
 4.63640000e-06 -2.87235937e-01 -1.87408147e-08  8.08472970e-01  9.15049789e-04 
 4.64140000e-06 -2.87235937e-01 -1.87408160e-08  8.08472970e-01  9.15049789e-04 
 4.64640000e-06 -2.87235937e-01 -1.87408172e-08  8.08472970e-01  9.15049789e-04 
 4.65140000e-06 -2.87235937e-01 -1.87408186e-08  8.08472970e-01  9.15049789e-04 
 4.65640000e-06 -2.87235937e-01 -1.87408199e-08  8.08472970e-01  9.15049789e-04 
 4.66140000e-06 -2.87235937e-01 -1.87408212e-08  8.08472970e-01  9.15049789e-04 
 4.66640000e-06 -2.87235937e-01 -1.87408227e-08  8.08472970e-01  9.15049789e-04 
 4.67140000e-06 -2.87235937e-01 -1.87408240e-08  8.08472970e-01  9.15049789e-04 
 4.67640000e-06 -2.87235937e-01 -1.87408252e-08  8.08472970e-01  9.15049789e-04 
 4.68140000e-06 -2.87235937e-01 -1.87408264e-08  8.08472970e-01  9.15049789e-04 
 4.68640000e-06 -2.87235937e-01 -1.87408279e-08  8.08472970e-01  9.15049789e-04 
 4.69140000e-06 -2.87235937e-01 -1.87408294e-08  8.08472970e-01  9.15049789e-04 
 4.69640000e-06 -2.87235937e-01 -1.87408309e-08  8.08472970e-01  9.15049789e-04 
 4.70140000e-06 -2.87235937e-01 -1.87408323e-08  8.08472970e-01  9.15049789e-04 
 4.70640000e-06 -2.87235937e-01 -1.87408338e-08  8.08472970e-01  9.15049789e-04 
 4.71140000e-06 -2.87235937e-01 -1.87408352e-08  8.08472970e-01  9.15049789e-04 
 4.71640000e-06 -2.87235937e-01 -1.87408365e-08  8.08472970e-01  9.15049789e-04 
 4.72140000e-06 -2.87235937e-01 -1.87408378e-08  8.08472970e-01  9.15049789e-04 
 4.72640000e-06 -2.87235937e-01 -1.87408389e-08  8.08472970e-01  9.15049789e-04 
 4.73140000e-06 -2.87235937e-01 -1.87408401e-08  8.08472970e-01  9.15049789e-04 
 4.73640000e-06 -2.87235937e-01 -1.87408414e-08  8.08472970e-01  9.15049789e-04 
 4.74140000e-06 -2.87235937e-01 -1.87408427e-08  8.08472970e-01  9.15049789e-04 
 4.74640000e-06 -2.87235937e-01 -1.87408439e-08  8.08472970e-01  9.15049789e-04 
 4.75140000e-06 -2.87235937e-01 -1.87408452e-08  8.08472970e-01  9.15049789e-04 
 4.75640000e-06 -2.87235937e-01 -1.87408465e-08  8.08472970e-01  9.15049789e-04 
 4.76140000e-06 -2.87235937e-01 -1.87408479e-08  8.08472970e-01  9.15049789e-04 
 4.76640000e-06 -2.87235937e-01 -1.87408492e-08  8.08472970e-01  9.15049789e-04 
 4.77140000e-06 -2.87235937e-01 -1.87408505e-08  8.08472970e-01  9.15049789e-04 
 4.77640000e-06 -2.87235937e-01 -1.87408519e-08  8.08472970e-01  9.15049790e-04 
 4.78140000e-06 -2.87235937e-01 -1.87408531e-08  8.08472970e-01  9.15049789e-04 
 4.78640000e-06 -2.87235937e-01 -1.87408544e-08  8.08472970e-01  9.15049790e-04 
 4.79140000e-06 -2.87235937e-01 -1.87408558e-08  8.08472970e-01  9.15049789e-04 
 4.79640000e-06 -2.87235937e-01 -1.87408571e-08  8.08472970e-01  9.15049790e-04 
 4.80140000e-06 -2.87235937e-01 -1.87408585e-08  8.08472970e-01  9.15049789e-04 
 4.80640000e-06 -2.87235937e-01 -1.87408600e-08  8.08472970e-01  9.15049789e-04 
 4.81140000e-06 -2.87235937e-01 -1.87408613e-08  8.08472970e-01  9.15049789e-04 
 4.81640000e-06 -2.87235937e-01 -1.87408624e-08  8.08472970e-01  9.15049789e-04 
 4.82140000e-06 -2.87235937e-01 -1.87408635e-08  8.08472970e-01  9.15049790e-04 
 4.82640000e-06 -2.87235937e-01 -1.87408649e-08  8.08472970e-01  9.15049789e-04 
 4.83140000e-06 -2.87235937e-01 -1.87408662e-08  8.08472970e-01  9.15049789e-04 
 4.83640000e-06 -2.87235937e-01 -1.87408675e-08  8.08472970e-01  9.15049790e-04 
 4.84140000e-06 -2.87235937e-01 -1.87408689e-08  8.08472970e-01  9.15049789e-04 
 4.84640000e-06 -2.87235937e-01 -1.87408701e-08  8.08472970e-01  9.15049790e-04 
 4.85140000e-06 -2.87235937e-01 -1.87408714e-08  8.08472970e-01  9.15049789e-04 
 4.85640000e-06 -2.87235937e-01 -1.87408727e-08  8.08472970e-01  9.15049789e-04 
 4.86140000e-06 -2.87235937e-01 -1.87408741e-08  8.08472970e-01  9.15049789e-04 
 4.86640000e-06 -2.87235937e-01 -1.87408754e-08  8.08472970e-01  9.15049789e-04 
 4.87140000e-06 -2.87235937e-01 -1.87408766e-08  8.08472970e-01  9.15049789e-04 
 4.87640000e-06 -2.87235937e-01 -1.87408780e-08  8.08472970e-01  9.15049790e-04 
 4.88140000e-06 -2.87235937e-01 -1.87408795e-08  8.08472970e-01  9.15049790e-04 
 4.88640000e-06 -2.87235937e-01 -1.87408811e-08  8.08472970e-01  9.15049789e-04 
 4.89140000e-06 -2.87235937e-01 -1.87408824e-08  8.08472970e-01  9.15049789e-04 
 4.89640000e-06 -2.87235937e-01 -1.87408836e-08  8.08472970e-01  9.15049789e-04 
 4.90140000e-06 -2.87235937e-01 -1.87408848e-08  8.08472970e-01  9.15049789e-04 
 4.90640000e-06 -2.87235937e-01 -1.87408861e-08  8.08472970e-01  9.15049789e-04 
 4.91140000e-06 -2.87235937e-01 -1.87408872e-08  8.08472970e-01  9.15049789e-04 
 4.91640000e-06 -2.87235937e-01 -1.87408882e-08  8.08472970e-01  9.15049789e-04 
 4.92140000e-06 -2.87235937e-01 -1.87408893e-08  8.08472970e-01  9.15049789e-04 
 4.92640000e-06 -2.87235937e-01 -1.87408906e-08  8.08472970e-01  9.15049789e-04 
 4.93140000e-06 -2.87235937e-01 -1.87408919e-08  8.08472970e-01  9.15049789e-04 
 4.93640000e-06 -2.87235937e-01 -1.87408931e-08  8.08472970e-01  9.15049789e-04 
 4.94140000e-06 -2.87235937e-01 -1.87408944e-08  8.08472970e-01  9.15049789e-04 
 4.94640000e-06 -2.87235937e-01 -1.87408958e-08  8.08472970e-01  9.15049789e-04 
 4.95140000e-06 -2.87235937e-01 -1.87408971e-08  8.08472970e-01  9.15049789e-04 
 4.95640000e-06 -2.87235937e-01 -1.87408984e-08  8.08472970e-01  9.15049789e-04 
 4.96140000e-06 -2.87235937e-01 -1.87408996e-08  8.08472970e-01  9.15049789e-04 
 4.96640000e-06 -2.87235937e-01 -1.87409007e-08  8.08472970e-01  9.15049789e-04 
 4.97140000e-06 -2.87235937e-01 -1.87409019e-08  8.08472970e-01  9.15049789e-04 
 4.97640000e-06 -2.87235937e-01 -1.87409033e-08  8.08472970e-01  9.15049789e-04 
 4.98140000e-06 -2.87235937e-01 -1.87409048e-08  8.08472970e-01  9.15049789e-04 
 4.98640000e-06 -2.87235937e-01 -1.87409063e-08  8.08472970e-01  9.15049789e-04 
 4.99140000e-06 -2.87235937e-01 -1.87409076e-08  8.08472970e-01  9.15049789e-04 
 4.99640000e-06 -2.87235937e-01 -1.87409089e-08  8.08472970e-01  9.15049789e-04 
 5.00140000e-06 -2.87235937e-01 -1.87409102e-08  8.08472970e-01  9.15049789e-04 
 5.00640000e-06 -2.87235937e-01 -1.87409115e-08  8.08472970e-01  9.15049789e-04 
 5.01140000e-06 -2.87235937e-01 -1.87409128e-08  8.08472970e-01  9.15049789e-04 
 5.01640000e-06 -2.87235937e-01 -1.87409139e-08  8.08472970e-01  9.15049789e-04 
 5.02140000e-06 -2.87235937e-01 -1.87409150e-08  8.08472970e-01  9.15049789e-04 
 5.02640000e-06 -2.87235937e-01 -1.87409162e-08  8.08472970e-01  9.15049789e-04 
 5.03140000e-06 -2.87235937e-01 -1.87409172e-08  8.08472970e-01  9.15049789e-04 
 5.03640000e-06 -2.87235937e-01 -1.87409182e-08  8.08472970e-01  9.15049789e-04 
 5.04140000e-06 -2.87235937e-01 -1.87409193e-08  8.08472970e-01  9.15049789e-04 
 5.04640000e-06 -2.87235937e-01 -1.87409206e-08  8.08472970e-01  9.15049789e-04 
 5.05140000e-06 -2.87235937e-01 -1.87409219e-08  8.08472970e-01  9.15049789e-04 
 5.05640000e-06 -2.87235937e-01 -1.87409231e-08  8.08472970e-01  9.15049789e-04 
 5.06140000e-06 -2.87235937e-01 -1.87409245e-08  8.08472970e-01  9.15049789e-04 
 5.06640000e-06 -2.87235937e-01 -1.87409258e-08  8.08472970e-01  9.15049789e-04 
 5.07140000e-06 -2.87235937e-01 -1.87409273e-08  8.08472970e-01  9.15049789e-04 
 5.07640000e-06 -2.87235937e-01 -1.87409287e-08  8.08472970e-01  9.15049790e-04 
 5.08140000e-06 -2.87235937e-01 -1.87409299e-08  8.08472970e-01  9.15049790e-04 
 5.08640000e-06 -2.87235937e-01 -1.87409313e-08  8.08472970e-01  9.15049790e-04 
 5.09140000e-06 -2.87235937e-01 -1.87409326e-08  8.08472970e-01  9.15049790e-04 
 5.09640000e-06 -2.87235937e-01 -1.87409339e-08  8.08472970e-01  9.15049790e-04 
 5.10140000e-06 -2.87235937e-01 -1.87409354e-08  8.08472970e-01  9.15049789e-04 
 5.10640000e-06 -2.87235937e-01 -1.87409367e-08  8.08472970e-01  9.15049790e-04 
 5.11140000e-06 -2.87235937e-01 -1.87409379e-08  8.08472970e-01  9.15049790e-04 
 5.11640000e-06 -2.87235937e-01 -1.87409391e-08  8.08472970e-01  9.15049789e-04 
 5.12140000e-06 -2.87235937e-01 -1.87409404e-08  8.08472970e-01  9.15049789e-04 
 5.12640000e-06 -2.87235937e-01 -1.87409415e-08  8.08472970e-01  9.15049789e-04 
 5.13140000e-06 -2.87235937e-01 -1.87409427e-08  8.08472970e-01  9.15049789e-04 
 5.13640000e-06 -2.87235937e-01 -1.87409440e-08  8.08472970e-01  9.15049789e-04 
 5.14140000e-06 -2.87235937e-01 -1.87409452e-08  8.08472970e-01  9.15049789e-04 
 5.14640000e-06 -2.87235937e-01 -1.87409465e-08  8.08472970e-01  9.15049789e-04 
 5.15140000e-06 -2.87235937e-01 -1.87409477e-08  8.08472970e-01  9.15049789e-04 
 5.15640000e-06 -2.87235937e-01 -1.87409488e-08  8.08472970e-01  9.15049789e-04 
 5.16140000e-06 -2.87235937e-01 -1.87409499e-08  8.08472970e-01  9.15049789e-04 
 5.16640000e-06 -2.87235937e-01 -1.87409511e-08  8.08472970e-01  9.15049789e-04 
 5.17140000e-06 -2.87235937e-01 -1.87409525e-08  8.08472970e-01  9.15049789e-04 
 5.17640000e-06 -2.87235937e-01 -1.87409538e-08  8.08472970e-01  9.15049789e-04 
 5.18140000e-06 -2.87235937e-01 -1.87409551e-08  8.08472970e-01  9.15049789e-04 
 5.18640000e-06 -2.87235937e-01 -1.87409565e-08  8.08472970e-01  9.15049789e-04 
 5.19140000e-06 -2.87235937e-01 -1.87409578e-08  8.08472970e-01  9.15049789e-04 
 5.19640000e-06 -2.87235937e-01 -1.87409592e-08  8.08472970e-01  9.15049789e-04 
 5.20140000e-06 -2.87235937e-01 -1.87409607e-08  8.08472970e-01  9.15049789e-04 
 5.20640000e-06 -2.87235937e-01 -1.87409620e-08  8.08472970e-01  9.15049789e-04 
 5.21140000e-06 -2.87235937e-01 -1.87409632e-08  8.08472970e-01  9.15049789e-04 
 5.21640000e-06 -2.87235937e-01 -1.87409644e-08  8.08472970e-01  9.15049789e-04 
 5.22140000e-06 -2.87235937e-01 -1.87409657e-08  8.08472970e-01  9.15049789e-04 
 5.22640000e-06 -2.87235937e-01 -1.87409669e-08  8.08472970e-01  9.15049789e-04 
 5.23140000e-06 -2.87235937e-01 -1.87409682e-08  8.08472970e-01  9.15049789e-04 
 5.23640000e-06 -2.87235937e-01 -1.87409696e-08  8.08472970e-01  9.15049789e-04 
 5.24140000e-06 -2.87235937e-01 -1.87409709e-08  8.08472970e-01  9.15049789e-04 
 5.24640000e-06 -2.87235937e-01 -1.87409722e-08  8.08472970e-01  9.15049789e-04 
 5.25140000e-06 -2.87235937e-01 -1.87409734e-08  8.08472970e-01  9.15049789e-04 
 5.25640000e-06 -2.87235937e-01 -1.87409748e-08  8.08472970e-01  9.15049789e-04 
 5.26140000e-06 -2.87235937e-01 -1.87409761e-08  8.08472970e-01  9.15049789e-04 
 5.26640000e-06 -2.87235937e-01 -1.87409774e-08  8.08472970e-01  9.15049789e-04 
 5.27140000e-06 -2.87235937e-01 -1.87409789e-08  8.08472970e-01  9.15049789e-04 
 5.27640000e-06 -2.87235937e-01 -1.87409802e-08  8.08472970e-01  9.15049789e-04 
 5.28140000e-06 -2.87235937e-01 -1.87409815e-08  8.08472970e-01  9.15049789e-04 
 5.28640000e-06 -2.87235937e-01 -1.87409829e-08  8.08472970e-01  9.15049789e-04 
 5.29140000e-06 -2.87235937e-01 -1.87409841e-08  8.08472970e-01  9.15049789e-04 
 5.29640000e-06 -2.87235937e-01 -1.87409854e-08  8.08472970e-01  9.15049789e-04 
 5.30140000e-06 -2.87235937e-01 -1.87409868e-08  8.08472970e-01  9.15049789e-04 
 5.30640000e-06 -2.87235937e-01 -1.87409881e-08  8.08472970e-01  9.15049789e-04 
 5.31140000e-06 -2.87235937e-01 -1.87409894e-08  8.08472970e-01  9.15049789e-04 
 5.31640000e-06 -2.87235937e-01 -1.87409906e-08  8.08472970e-01  9.15049789e-04 
 5.32140000e-06 -2.87235937e-01 -1.87409920e-08  8.08472970e-01  9.15049789e-04 
 5.32640000e-06 -2.87235937e-01 -1.87409932e-08  8.08472970e-01  9.15049789e-04 
 5.33140000e-06 -2.87235937e-01 -1.87409945e-08  8.08472970e-01  9.15049789e-04 
 5.33640000e-06 -2.87235937e-01 -1.87409960e-08  8.08472970e-01  9.15049789e-04 
 5.34140000e-06 -2.87235937e-01 -1.87409974e-08  8.08472970e-01  9.15049789e-04 
 5.34640000e-06 -2.87235937e-01 -1.87409989e-08  8.08472970e-01  9.15049789e-04 
 5.35140000e-06 -2.87235937e-01 -1.87410002e-08  8.08472970e-01  9.15049789e-04 
 5.35640000e-06 -2.87235937e-01 -1.87410015e-08  8.08472970e-01  9.15049789e-04 
 5.36140000e-06 -2.87235937e-01 -1.87410027e-08  8.08472970e-01  9.15049789e-04 
 5.36640000e-06 -2.87235937e-01 -1.87410040e-08  8.08472970e-01  9.15049789e-04 
 5.37140000e-06 -2.87235937e-01 -1.87410052e-08  8.08472970e-01  9.15049789e-04 
 5.37640000e-06 -2.87235937e-01 -1.87410064e-08  8.08472970e-01  9.15049789e-04 
 5.38140000e-06 -2.87235937e-01 -1.87410076e-08  8.08472970e-01  9.15049789e-04 
 5.38640000e-06 -2.87235937e-01 -1.87410089e-08  8.08472970e-01  9.15049789e-04 
 5.39140000e-06 -2.87235937e-01 -1.87410101e-08  8.08472970e-01  9.15049789e-04 
 5.39640000e-06 -2.87235937e-01 -1.87410113e-08  8.08472970e-01  9.15049789e-04 
 5.40140000e-06 -2.87235937e-01 -1.87410126e-08  8.08472970e-01  9.15049789e-04 
 5.40640000e-06 -2.87235937e-01 -1.87410140e-08  8.08472970e-01  9.15049789e-04 
 5.41140000e-06 -2.87235937e-01 -1.87410152e-08  8.08472970e-01  9.15049789e-04 
 5.41640000e-06 -2.87235937e-01 -1.87410165e-08  8.08472970e-01  9.15049789e-04 
 5.42140000e-06 -2.87235937e-01 -1.87410178e-08  8.08472970e-01  9.15049789e-04 
 5.42640000e-06 -2.87235937e-01 -1.87410191e-08  8.08472970e-01  9.15049789e-04 
 5.43140000e-06 -2.87235937e-01 -1.87410202e-08  8.08472970e-01  9.15049789e-04 
 5.43640000e-06 -2.87235937e-01 -1.87410214e-08  8.08472970e-01  9.15049789e-04 
 5.44140000e-06 -2.87235937e-01 -1.87410227e-08  8.08472970e-01  9.15049789e-04 
 5.44640000e-06 -2.87235937e-01 -1.87410240e-08  8.08472970e-01  9.15049789e-04 
 5.45140000e-06 -2.87235937e-01 -1.87410251e-08  8.08472970e-01  9.15049789e-04 
 5.45640000e-06 -2.87235937e-01 -1.87410261e-08  8.08472970e-01  9.15049789e-04 
 5.46140000e-06 -2.87235937e-01 -1.87410271e-08  8.08472970e-01  9.15049789e-04 
 5.46640000e-06 -2.87235937e-01 -1.87410282e-08  8.08472970e-01  9.15049789e-04 
 5.47140000e-06 -2.87235937e-01 -1.87410296e-08  8.08472970e-01  9.15049789e-04 
 5.47640000e-06 -2.87235937e-01 -1.87410311e-08  8.08472970e-01  9.15049789e-04 
 5.48140000e-06 -2.87235937e-01 -1.87410324e-08  8.08472970e-01  9.15049789e-04 
 5.48640000e-06 -2.87235937e-01 -1.87410338e-08  8.08472970e-01  9.15049789e-04 
 5.49140000e-06 -2.87235937e-01 -1.87410352e-08  8.08472970e-01  9.15049789e-04 
 5.49640000e-06 -2.87235937e-01 -1.87410365e-08  8.08472970e-01  9.15049789e-04 
 5.50140000e-06 -2.87235937e-01 -1.87410378e-08  8.08472970e-01  9.15049789e-04 
 5.50640000e-06 -2.87235937e-01 -1.87410391e-08  8.08472970e-01  9.15049789e-04 
 5.51140000e-06 -2.87235937e-01 -1.87410404e-08  8.08472970e-01  9.15049789e-04 
 5.51640000e-06 -2.87235937e-01 -1.87410417e-08  8.08472970e-01  9.15049789e-04 
 5.52140000e-06 -2.87235937e-01 -1.87410431e-08  8.08472970e-01  9.15049789e-04 
 5.52640000e-06 -2.87235937e-01 -1.87410444e-08  8.08472970e-01  9.15049789e-04 
 5.53140000e-06 -2.87235937e-01 -1.87410456e-08  8.08472970e-01  9.15049789e-04 
 5.53640000e-06 -2.87235937e-01 -1.87410469e-08  8.08472970e-01  9.15049789e-04 
 5.54140000e-06 -2.87235937e-01 -1.87410484e-08  8.08472970e-01  9.15049789e-04 
 5.54640000e-06 -2.87235937e-01 -1.87410497e-08  8.08472970e-01  9.15049789e-04 
 5.55140000e-06 -2.87235937e-01 -1.87410512e-08  8.08472970e-01  9.15049789e-04 
 5.55640000e-06 -2.87235937e-01 -1.87410526e-08  8.08472970e-01  9.15049789e-04 
 5.56140000e-06 -2.87235937e-01 -1.87410537e-08  8.08472970e-01  9.15049789e-04 
 5.56640000e-06 -2.87235937e-01 -1.87410548e-08  8.08472970e-01  9.15049789e-04 
 5.57140000e-06 -2.87235937e-01 -1.87410560e-08  8.08472970e-01  9.15049789e-04 
 5.57640000e-06 -2.87235937e-01 -1.87410573e-08  8.08472970e-01  9.15049789e-04 
 5.58140000e-06 -2.87235937e-01 -1.87410584e-08  8.08472970e-01  9.15049789e-04 
 5.58640000e-06 -2.87235937e-01 -1.87410595e-08  8.08472970e-01  9.15049789e-04 
 5.59140000e-06 -2.87235937e-01 -1.87410607e-08  8.08472970e-01  9.15049789e-04 
 5.59640000e-06 -2.87235937e-01 -1.87410620e-08  8.08472970e-01  9.15049789e-04 
 5.60140000e-06 -2.87235937e-01 -1.87410634e-08  8.08472970e-01  9.15049789e-04 
 5.60640000e-06 -2.87235937e-01 -1.87410647e-08  8.08472970e-01  9.15049789e-04 
 5.61140000e-06 -2.87235937e-01 -1.87410661e-08  8.08472970e-01  9.15049789e-04 
 5.61640000e-06 -2.87235937e-01 -1.87410675e-08  8.08472970e-01  9.15049789e-04 
 5.62140000e-06 -2.87235937e-01 -1.87410689e-08  8.08472970e-01  9.15049789e-04 
 5.62640000e-06 -2.87235937e-01 -1.87410703e-08  8.08472970e-01  9.15049789e-04 
 5.63140000e-06 -2.87235937e-01 -1.87410715e-08  8.08472970e-01  9.15049789e-04 
 5.63640000e-06 -2.87235937e-01 -1.87410728e-08  8.08472970e-01  9.15049789e-04 
 5.64140000e-06 -2.87235937e-01 -1.87410741e-08  8.08472970e-01  9.15049789e-04 
 5.64640000e-06 -2.87235937e-01 -1.87410755e-08  8.08472970e-01  9.15049789e-04 
 5.65140000e-06 -2.87235937e-01 -1.87410767e-08  8.08472970e-01  9.15049789e-04 
 5.65640000e-06 -2.87235937e-01 -1.87410780e-08  8.08472970e-01  9.15049789e-04 
 5.66140000e-06 -2.87235937e-01 -1.87410794e-08  8.08472970e-01  9.15049789e-04 
 5.66640000e-06 -2.87235937e-01 -1.87410807e-08  8.08472970e-01  9.15049789e-04 
 5.67140000e-06 -2.87235937e-01 -1.87410820e-08  8.08472970e-01  9.15049789e-04 
 5.67640000e-06 -2.87235937e-01 -1.87410832e-08  8.08472970e-01  9.15049789e-04 
 5.68140000e-06 -2.87235937e-01 -1.87410845e-08  8.08472970e-01  9.15049789e-04 
 5.68640000e-06 -2.87235937e-01 -1.87410858e-08  8.08472970e-01  9.15049789e-04 
 5.69140000e-06 -2.87235937e-01 -1.87410873e-08  8.08472970e-01  9.15049789e-04 
 5.69640000e-06 -2.87235937e-01 -1.87410888e-08  8.08472970e-01  9.15049789e-04 
 5.70140000e-06 -2.87235937e-01 -1.87410901e-08  8.08472970e-01  9.15049789e-04 
 5.70640000e-06 -2.87235937e-01 -1.87410916e-08  8.08472970e-01  9.15049789e-04 
 5.71140000e-06 -2.87235937e-01 -1.87410929e-08  8.08472970e-01  9.15049789e-04 
 5.71640000e-06 -2.87235937e-01 -1.87410941e-08  8.08472970e-01  9.15049789e-04 
 5.72140000e-06 -2.87235937e-01 -1.87410955e-08  8.08472970e-01  9.15049789e-04 
 5.72640000e-06 -2.87235937e-01 -1.87410968e-08  8.08472970e-01  9.15049789e-04 
 5.73140000e-06 -2.87235937e-01 -1.87410981e-08  8.08472970e-01  9.15049789e-04 
 5.73640000e-06 -2.87235937e-01 -1.87410995e-08  8.08472970e-01  9.15049789e-04 
 5.74140000e-06 -2.87235937e-01 -1.87411007e-08  8.08472970e-01  9.15049789e-04 
 5.74640000e-06 -2.87235937e-01 -1.87411019e-08  8.08472970e-01  9.15049789e-04 
 5.75140000e-06 -2.87235937e-01 -1.87411031e-08  8.08472970e-01  9.15049789e-04 
 5.75640000e-06 -2.87235937e-01 -1.87411042e-08  8.08472970e-01  9.15049789e-04 
 5.76140000e-06 -2.87235937e-01 -1.87411054e-08  8.08472970e-01  9.15049789e-04 
 5.76640000e-06 -2.87235937e-01 -1.87411067e-08  8.08472970e-01  9.15049789e-04 
 5.77140000e-06 -2.87235937e-01 -1.87411079e-08  8.08472970e-01  9.15049789e-04 
 5.77640000e-06 -2.87235937e-01 -1.87411093e-08  8.08472970e-01  9.15049789e-04 
 5.78140000e-06 -2.87235937e-01 -1.87411107e-08  8.08472970e-01  9.15049789e-04 
 5.78640000e-06 -2.87235937e-01 -1.87411118e-08  8.08472970e-01  9.15049789e-04 
 5.79140000e-06 -2.87235937e-01 -1.87411129e-08  8.08472970e-01  9.15049789e-04 
 5.79640000e-06 -2.87235937e-01 -1.87411142e-08  8.08472970e-01  9.15049789e-04 
 5.80140000e-06 -2.87235937e-01 -1.87411155e-08  8.08472970e-01  9.15049789e-04 
 5.80640000e-06 -2.87235937e-01 -1.87411168e-08  8.08472970e-01  9.15049789e-04 
 5.81140000e-06 -2.87235937e-01 -1.87411179e-08  8.08472970e-01  9.15049789e-04 
 5.81640000e-06 -2.87235937e-01 -1.87411191e-08  8.08472970e-01  9.15049789e-04 
 5.82140000e-06 -2.87235937e-01 -1.87411203e-08  8.08472970e-01  9.15049789e-04 
 5.82640000e-06 -2.87235937e-01 -1.87411214e-08  8.08472970e-01  9.15049789e-04 
 5.83140000e-06 -2.87235937e-01 -1.87411228e-08  8.08472970e-01  9.15049789e-04 
 5.83640000e-06 -2.87235937e-01 -1.87411242e-08  8.08472970e-01  9.15049789e-04 
 5.84140000e-06 -2.87235937e-01 -1.87411255e-08  8.08472970e-01  9.15049789e-04 
 5.84640000e-06 -2.87235937e-01 -1.87411268e-08  8.08472970e-01  9.15049789e-04 
 5.85140000e-06 -2.87235937e-01 -1.87411281e-08  8.08472970e-01  9.15049789e-04 
 5.85640000e-06 -2.87235937e-01 -1.87411295e-08  8.08472970e-01  9.15049789e-04 
 5.86140000e-06 -2.87235937e-01 -1.87411308e-08  8.08472970e-01  9.15049789e-04 
 5.86640000e-06 -2.87235937e-01 -1.87411319e-08  8.08472970e-01  9.15049789e-04 
 5.87140000e-06 -2.87235937e-01 -1.87411331e-08  8.08472970e-01  9.15049789e-04 
 5.87640000e-06 -2.87235937e-01 -1.87411344e-08  8.08472970e-01  9.15049789e-04 
 5.88140000e-06 -2.87235937e-01 -1.87411358e-08  8.08472970e-01  9.15049789e-04 
 5.88640000e-06 -2.87235937e-01 -1.87411370e-08  8.08472970e-01  9.15049789e-04 
 5.89140000e-06 -2.87235937e-01 -1.87411383e-08  8.08472970e-01  9.15049789e-04 
 5.89640000e-06 -2.87235937e-01 -1.87411396e-08  8.08472970e-01  9.15049789e-04 
 5.90140000e-06 -2.87235937e-01 -1.87411410e-08  8.08472970e-01  9.15049789e-04 
 5.90640000e-06 -2.87235937e-01 -1.87411423e-08  8.08472970e-01  9.15049789e-04 
 5.91140000e-06 -2.87235937e-01 -1.87411436e-08  8.08472970e-01  9.15049789e-04 
 5.91640000e-06 -2.87235937e-01 -1.87411449e-08  8.08472970e-01  9.15049789e-04 
 5.92140000e-06 -2.87235937e-01 -1.87411460e-08  8.08472970e-01  9.15049789e-04 
 5.92640000e-06 -2.87235937e-01 -1.87411471e-08  8.08472970e-01  9.15049789e-04 
 5.93140000e-06 -2.87235937e-01 -1.87411482e-08  8.08472970e-01  9.15049789e-04 
 5.93640000e-06 -2.87235937e-01 -1.87411493e-08  8.08472970e-01  9.15049789e-04 
 5.94140000e-06 -2.87235937e-01 -1.87411505e-08  8.08472970e-01  9.15049789e-04 
 5.94640000e-06 -2.87235937e-01 -1.87411519e-08  8.08472970e-01  9.15049789e-04 
 5.95140000e-06 -2.87235937e-01 -1.87411531e-08  8.08472970e-01  9.15049789e-04 
 5.95640000e-06 -2.87235937e-01 -1.87411542e-08  8.08472970e-01  9.15049789e-04 
 5.96140000e-06 -2.87235937e-01 -1.87411554e-08  8.08472970e-01  9.15049789e-04 
 5.96640000e-06 -2.87235937e-01 -1.87411567e-08  8.08472970e-01  9.15049789e-04 
 5.97140000e-06 -2.87235937e-01 -1.87411580e-08  8.08472970e-01  9.15049789e-04 
 5.97640000e-06 -2.87235937e-01 -1.87411591e-08  8.08472970e-01  9.15049789e-04 
 5.98140000e-06 -2.87235937e-01 -1.87411602e-08  8.08472970e-01  9.15049789e-04 
 5.98640000e-06 -2.87235937e-01 -1.87411613e-08  8.08472970e-01  9.15049789e-04 
 5.99140000e-06 -2.87235937e-01 -1.87411625e-08  8.08472970e-01  9.15049789e-04 
 5.99640000e-06 -2.87235937e-01 -1.87411640e-08  8.08472970e-01  9.15049789e-04 
 6.00140000e-06 -2.87235937e-01 -1.87411653e-08  8.08472970e-01  9.15049789e-04 
 6.00640000e-06 -2.87235937e-01 -1.87411664e-08  8.08472970e-01  9.15049789e-04 
 6.01140000e-06 -2.87235937e-01 -1.87411674e-08  8.08472970e-01  9.15049789e-04 
 6.01640000e-06 -2.87235937e-01 -1.87411685e-08  8.08472970e-01  9.15049789e-04 
 6.02140000e-06 -2.87235937e-01 -1.87411698e-08  8.08472970e-01  9.15049789e-04 
 6.02640000e-06 -2.87235937e-01 -1.87411712e-08  8.08472970e-01  9.15049789e-04 
 6.03140000e-06 -2.87235937e-01 -1.87411724e-08  8.08472970e-01  9.15049789e-04 
 6.03640000e-06 -2.87235937e-01 -1.87411735e-08  8.08472970e-01  9.15049789e-04 
 6.04140000e-06 -2.87235937e-01 -1.87411747e-08  8.08472970e-01  9.15049789e-04 
 6.04640000e-06 -2.87235937e-01 -1.87411761e-08  8.08472970e-01  9.15049789e-04 
 6.05140000e-06 -2.87235937e-01 -1.87411774e-08  8.08472970e-01  9.15049789e-04 
 6.05640000e-06 -2.87235937e-01 -1.87411788e-08  8.08472970e-01  9.15049789e-04 
 6.06140000e-06 -2.87235937e-01 -1.87411802e-08  8.08472970e-01  9.15049789e-04 
 6.06640000e-06 -2.87235937e-01 -1.87411814e-08  8.08472970e-01  9.15049789e-04 
 6.07140000e-06 -2.87235937e-01 -1.87411827e-08  8.08472970e-01  9.15049789e-04 
 6.07640000e-06 -2.87235937e-01 -1.87411842e-08  8.08472970e-01  9.15049789e-04 
 6.08140000e-06 -2.87235937e-01 -1.87411855e-08  8.08472970e-01  9.15049789e-04 
 6.08640000e-06 -2.87235937e-01 -1.87411867e-08  8.08472970e-01  9.15049789e-04 
 6.09140000e-06 -2.87235937e-01 -1.87411879e-08  8.08472970e-01  9.15049789e-04 
 6.09640000e-06 -2.87235937e-01 -1.87411892e-08  8.08472970e-01  9.15049789e-04 
 6.10140000e-06 -2.87235937e-01 -1.87411903e-08  8.08472970e-01  9.15049789e-04 
 6.10640000e-06 -2.87235937e-01 -1.87411914e-08  8.08472970e-01  9.15049789e-04 
 6.11140000e-06 -2.87235937e-01 -1.87411925e-08  8.08472970e-01  9.15049789e-04 
 6.11640000e-06 -2.87235937e-01 -1.87411936e-08  8.08472970e-01  9.15049789e-04 
 6.12140000e-06 -2.87235937e-01 -1.87411947e-08  8.08472970e-01  9.15049789e-04 
 6.12640000e-06 -2.87235937e-01 -1.87411958e-08  8.08472970e-01  9.15049789e-04 
 6.13140000e-06 -2.87235937e-01 -1.87411971e-08  8.08472970e-01  9.15049789e-04 
 6.13640000e-06 -2.87235937e-01 -1.87411985e-08  8.08472970e-01  9.15049789e-04 
 6.14140000e-06 -2.87235937e-01 -1.87411997e-08  8.08472970e-01  9.15049789e-04 
 6.14640000e-06 -2.87235937e-01 -1.87412009e-08  8.08472970e-01  9.15049789e-04 
 6.15140000e-06 -2.87235937e-01 -1.87412020e-08  8.08472970e-01  9.15049789e-04 
 6.15640000e-06 -2.87235937e-01 -1.87412031e-08  8.08472970e-01  9.15049789e-04 
 6.16140000e-06 -2.87235937e-01 -1.87412043e-08  8.08472970e-01  9.15049789e-04 
 6.16640000e-06 -2.87235937e-01 -1.87412054e-08  8.08472970e-01  9.15049789e-04 
 6.17140000e-06 -2.87235937e-01 -1.87412066e-08  8.08472970e-01  9.15049789e-04 
 6.17640000e-06 -2.87235937e-01 -1.87412078e-08  8.08472970e-01  9.15049789e-04 
 6.18140000e-06 -2.87235937e-01 -1.87412089e-08  8.08472970e-01  9.15049789e-04 
 6.18640000e-06 -2.87235937e-01 -1.87412100e-08  8.08472970e-01  9.15049789e-04 
 6.19140000e-06 -2.87235937e-01 -1.87412111e-08  8.08472970e-01  9.15049789e-04 
 6.19640000e-06 -2.87235937e-01 -1.87412122e-08  8.08472970e-01  9.15049789e-04 
 6.20140000e-06 -2.87235937e-01 -1.87412135e-08  8.08472970e-01  9.15049789e-04 
 6.20640000e-06 -2.87235937e-01 -1.87412147e-08  8.08472970e-01  9.15049789e-04 
 6.21140000e-06 -2.87235937e-01 -1.87412161e-08  8.08472970e-01  9.15049789e-04 
 6.21640000e-06 -2.87235937e-01 -1.87412176e-08  8.08472970e-01  9.15049789e-04 
 6.22140000e-06 -2.87235937e-01 -1.87412190e-08  8.08472970e-01  9.15049789e-04 
 6.22640000e-06 -2.87235937e-01 -1.87412205e-08  8.08472970e-01  9.15049789e-04 
 6.23140000e-06 -2.87235937e-01 -1.87412217e-08  8.08472970e-01  9.15049789e-04 
 6.23640000e-06 -2.87235937e-01 -1.87412230e-08  8.08472970e-01  9.15049789e-04 
 6.24140000e-06 -2.87235937e-01 -1.87412244e-08  8.08472970e-01  9.15049789e-04 
 6.24640000e-06 -2.87235937e-01 -1.87412255e-08  8.08472970e-01  9.15049789e-04 
 6.25140000e-06 -2.87235937e-01 -1.87412266e-08  8.08472970e-01  9.15049789e-04 
 6.25640000e-06 -2.87235937e-01 -1.87412277e-08  8.08472970e-01  9.15049789e-04 
 6.26140000e-06 -2.87235937e-01 -1.87412287e-08  8.08472970e-01  9.15049789e-04 
 6.26640000e-06 -2.87235937e-01 -1.87412297e-08  8.08472970e-01  9.15049789e-04 
 6.27140000e-06 -2.87235937e-01 -1.87412310e-08  8.08472970e-01  9.15049789e-04 
 6.27640000e-06 -2.87235937e-01 -1.87412325e-08  8.08472970e-01  9.15049789e-04 
 6.28140000e-06 -2.87235937e-01 -1.87412339e-08  8.08472970e-01  9.15049789e-04 
 6.28640000e-06 -2.87235937e-01 -1.87412353e-08  8.08472970e-01  9.15049789e-04 
 6.29140000e-06 -2.87235937e-01 -1.87412367e-08  8.08472970e-01  9.15049789e-04 
 6.29640000e-06 -2.87235937e-01 -1.87412379e-08  8.08472970e-01  9.15049789e-04 
 6.30140000e-06 -2.87235937e-01 -1.87412391e-08  8.08472970e-01  9.15049789e-04 
 6.30640000e-06 -2.87235937e-01 -1.87412404e-08  8.08472970e-01  9.15049789e-04 
 6.31140000e-06 -2.87235937e-01 -1.87412417e-08  8.08472970e-01  9.15049789e-04 
 6.31640000e-06 -2.87235937e-01 -1.87412428e-08  8.08472970e-01  9.15049789e-04 
 6.32140000e-06 -2.87235937e-01 -1.87412439e-08  8.08472970e-01  9.15049789e-04 
 6.32640000e-06 -2.87235937e-01 -1.87412449e-08  8.08472970e-01  9.15049789e-04 
 6.33140000e-06 -2.87235937e-01 -1.87412459e-08  8.08472970e-01  9.15049789e-04 
 6.33640000e-06 -2.87235937e-01 -1.87412470e-08  8.08472970e-01  9.15049789e-04 
 6.34140000e-06 -2.87235937e-01 -1.87412482e-08  8.08472970e-01  9.15049789e-04 
 6.34640000e-06 -2.87235937e-01 -1.87412497e-08  8.08472970e-01  9.15049789e-04 
 6.35140000e-06 -2.87235937e-01 -1.87412511e-08  8.08472970e-01  9.15049789e-04 
 6.35640000e-06 -2.87235937e-01 -1.87412524e-08  8.08472970e-01  9.15049789e-04 
 6.36140000e-06 -2.87235937e-01 -1.87412539e-08  8.08472970e-01  9.15049789e-04 
 6.36640000e-06 -2.87235937e-01 -1.87412554e-08  8.08472970e-01  9.15049789e-04 
 6.37140000e-06 -2.87235937e-01 -1.87412569e-08  8.08472970e-01  9.15049789e-04 
 6.37640000e-06 -2.87235937e-01 -1.87412582e-08  8.08472970e-01  9.15049789e-04 
 6.38140000e-06 -2.87235937e-01 -1.87412594e-08  8.08472970e-01  9.15049789e-04 
 6.38640000e-06 -2.87235937e-01 -1.87412607e-08  8.08472970e-01  9.15049789e-04 
 6.39140000e-06 -2.87235937e-01 -1.87412620e-08  8.08472970e-01  9.15049789e-04 
 6.39640000e-06 -2.87235937e-01 -1.87412633e-08  8.08472970e-01  9.15049789e-04 
 6.40140000e-06 -2.87235937e-01 -1.87412648e-08  8.08472970e-01  9.15049789e-04 
 6.40640000e-06 -2.87235937e-01 -1.87412663e-08  8.08472970e-01  9.15049789e-04 
 6.41140000e-06 -2.87235937e-01 -1.87412678e-08  8.08472970e-01  9.15049789e-04 
 6.41640000e-06 -2.87235937e-01 -1.87412691e-08  8.08472970e-01  9.15049789e-04 
 6.42140000e-06 -2.87235937e-01 -1.87412703e-08  8.08472970e-01  9.15049789e-04 
 6.42640000e-06 -2.87235937e-01 -1.87412715e-08  8.08472970e-01  9.15049789e-04 
 6.43140000e-06 -2.87235937e-01 -1.87412729e-08  8.08472970e-01  9.15049789e-04 
 6.43640000e-06 -2.87235937e-01 -1.87412742e-08  8.08472970e-01  9.15049789e-04 
 6.44140000e-06 -2.87235937e-01 -1.87412756e-08  8.08472970e-01  9.15049789e-04 
 6.44640000e-06 -2.87235937e-01 -1.87412772e-08  8.08472970e-01  9.15049789e-04 
 6.45140000e-06 -2.87235937e-01 -1.87412786e-08  8.08472970e-01  9.15049789e-04 
 6.45640000e-06 -2.87235937e-01 -1.87412800e-08  8.08472970e-01  9.15049789e-04 
 6.46140000e-06 -2.87235937e-01 -1.87412812e-08  8.08472970e-01  9.15049789e-04 
 6.46640000e-06 -2.87235937e-01 -1.87412825e-08  8.08472970e-01  9.15049789e-04 
 6.47140000e-06 -2.87235937e-01 -1.87412841e-08  8.08472970e-01  9.15049789e-04 
 6.47640000e-06 -2.87235937e-01 -1.87412856e-08  8.08472970e-01  9.15049789e-04 
 6.48140000e-06 -2.87235937e-01 -1.87412872e-08  8.08472970e-01  9.15049789e-04 
 6.48640000e-06 -2.87235937e-01 -1.87412887e-08  8.08472970e-01  9.15049789e-04 
 6.49140000e-06 -2.87235937e-01 -1.87412901e-08  8.08472970e-01  9.15049789e-04 
 6.49640000e-06 -2.87235937e-01 -1.87412914e-08  8.08472970e-01  9.15049789e-04 
 6.50140000e-06 -2.87235937e-01 -1.87412929e-08  8.08472970e-01  9.15049789e-04 
 6.50640000e-06 -2.87235937e-01 -1.87412944e-08  8.08472970e-01  9.15049789e-04 
 6.51140000e-06 -2.87235937e-01 -1.87412958e-08  8.08472970e-01  9.15049789e-04 
 6.51640000e-06 -2.87235937e-01 -1.87412972e-08  8.08472970e-01  9.15049789e-04 
 6.52140000e-06 -2.87235937e-01 -1.87412985e-08  8.08472970e-01  9.15049789e-04 
 6.52640000e-06 -2.87235937e-01 -1.87412998e-08  8.08472970e-01  9.15049789e-04 
 6.53140000e-06 -2.87235937e-01 -1.87413013e-08  8.08472970e-01  9.15049789e-04 
 6.53640000e-06 -2.87235937e-01 -1.87413027e-08  8.08472970e-01  9.15049789e-04 
 6.54140000e-06 -2.87235937e-01 -1.87413042e-08  8.08472970e-01  9.15049789e-04 
 6.54640000e-06 -2.87235937e-01 -1.87413056e-08  8.08472970e-01  9.15049789e-04 
 6.55140000e-06 -2.87235937e-01 -1.87413071e-08  8.08472970e-01  9.15049789e-04 
 6.55640000e-06 -2.87235937e-01 -1.87413085e-08  8.08472970e-01  9.15049789e-04 
 6.56140000e-06 -2.87235937e-01 -1.87413099e-08  8.08472970e-01  9.15049789e-04 
 6.56640000e-06 -2.87235937e-01 -1.87413114e-08  8.08472970e-01  9.15049789e-04 
 6.57140000e-06 -2.87235937e-01 -1.87413128e-08  8.08472970e-01  9.15049789e-04 
 6.57640000e-06 -2.87235937e-01 -1.87413143e-08  8.08472970e-01  9.15049789e-04 
 6.58140000e-06 -2.87235937e-01 -1.87413157e-08  8.08472970e-01  9.15049789e-04 
 6.58640000e-06 -2.87235937e-01 -1.87413172e-08  8.08472970e-01  9.15049789e-04 
 6.59140000e-06 -2.87235937e-01 -1.87413187e-08  8.08472970e-01  9.15049789e-04 
 6.59640000e-06 -2.87235937e-01 -1.87413203e-08  8.08472970e-01  9.15049789e-04 
 6.60140000e-06 -2.87235937e-01 -1.87413218e-08  8.08472970e-01  9.15049789e-04 
 6.60640000e-06 -2.87235937e-01 -1.87413234e-08  8.08472970e-01  9.15049789e-04 
 6.61140000e-06 -2.87235937e-01 -1.87413248e-08  8.08472970e-01  9.15049789e-04 
 6.61640000e-06 -2.87235937e-01 -1.87413263e-08  8.08472970e-01  9.15049789e-04 
 6.62140000e-06 -2.87235937e-01 -1.87413277e-08  8.08472970e-01  9.15049789e-04 
 6.62640000e-06 -2.87235937e-01 -1.87413290e-08  8.08472970e-01  9.15049789e-04 
 6.63140000e-06 -2.87235937e-01 -1.87413304e-08  8.08472970e-01  9.15049789e-04 
 6.63640000e-06 -2.87235937e-01 -1.87413317e-08  8.08472970e-01  9.15049789e-04 
 6.64140000e-06 -2.87235937e-01 -1.87413330e-08  8.08472970e-01  9.15049789e-04 
 6.64640000e-06 -2.87235937e-01 -1.87413344e-08  8.08472970e-01  9.15049789e-04 
 6.65140000e-06 -2.87235937e-01 -1.87413357e-08  8.08472970e-01  9.15049789e-04 
 6.65640000e-06 -2.87235937e-01 -1.87413370e-08  8.08472970e-01  9.15049789e-04 
 6.66140000e-06 -2.87235937e-01 -1.87413383e-08  8.08472970e-01  9.15049789e-04 
 6.66640000e-06 -2.87235937e-01 -1.87413395e-08  8.08472970e-01  9.15049789e-04 
 6.67140000e-06 -2.87235937e-01 -1.87413408e-08  8.08472970e-01  9.15049789e-04 
 6.67640000e-06 -2.87235937e-01 -1.87413421e-08  8.08472970e-01  9.15049789e-04 
 6.68140000e-06 -2.87235937e-01 -1.87413436e-08  8.08472970e-01  9.15049789e-04 
 6.68640000e-06 -2.87235937e-01 -1.87413451e-08  8.08472970e-01  9.15049789e-04 
 6.69140000e-06 -2.87235937e-01 -1.87413466e-08  8.08472970e-01  9.15049789e-04 
 6.69640000e-06 -2.87235937e-01 -1.87413479e-08  8.08472970e-01  9.15049789e-04 
 6.70140000e-06 -2.87235937e-01 -1.87413491e-08  8.08472970e-01  9.15049789e-04 
 6.70640000e-06 -2.87235937e-01 -1.87413504e-08  8.08472970e-01  9.15049789e-04 
 6.71140000e-06 -2.87235937e-01 -1.87413517e-08  8.08472970e-01  9.15049789e-04 
 6.71640000e-06 -2.87235937e-01 -1.87413532e-08  8.08472970e-01  9.15049789e-04 
 6.72140000e-06 -2.87235937e-01 -1.87413548e-08  8.08472970e-01  9.15049789e-04 
 6.72640000e-06 -2.87235937e-01 -1.87413562e-08  8.08472970e-01  9.15049789e-04 
 6.73140000e-06 -2.87235937e-01 -1.87413578e-08  8.08472970e-01  9.15049789e-04 
 6.73640000e-06 -2.87235937e-01 -1.87413594e-08  8.08472970e-01  9.15049789e-04 
 6.74140000e-06 -2.87235937e-01 -1.87413609e-08  8.08472970e-01  9.15049789e-04 
 6.74640000e-06 -2.87235937e-01 -1.87413624e-08  8.08472970e-01  9.15049789e-04 
 6.75140000e-06 -2.87235937e-01 -1.87413637e-08  8.08472970e-01  9.15049789e-04 
 6.75640000e-06 -2.87235937e-01 -1.87413651e-08  8.08472970e-01  9.15049789e-04 
 6.76140000e-06 -2.87235937e-01 -1.87413667e-08  8.08472970e-01  9.15049789e-04 
 6.76640000e-06 -2.87235937e-01 -1.87413682e-08  8.08472970e-01  9.15049789e-04 
 6.77140000e-06 -2.87235937e-01 -1.87413696e-08  8.08472970e-01  9.15049789e-04 
 6.77640000e-06 -2.87235937e-01 -1.87413708e-08  8.08472970e-01  9.15049789e-04 
 6.78140000e-06 -2.87235937e-01 -1.87413721e-08  8.08472970e-01  9.15049789e-04 
 6.78640000e-06 -2.87235937e-01 -1.87413735e-08  8.08472970e-01  9.15049789e-04 
 6.79140000e-06 -2.87235937e-01 -1.87413748e-08  8.08472970e-01  9.15049789e-04 
 6.79640000e-06 -2.87235937e-01 -1.87413761e-08  8.08472970e-01  9.15049789e-04 
 6.80140000e-06 -2.87235937e-01 -1.87413776e-08  8.08472970e-01  9.15049789e-04 
 6.80640000e-06 -2.87235937e-01 -1.87413790e-08  8.08472970e-01  9.15049789e-04 
 6.81140000e-06 -2.87235937e-01 -1.87413803e-08  8.08472970e-01  9.15049789e-04 
 6.81640000e-06 -2.87235937e-01 -1.87413818e-08  8.08472970e-01  9.15049789e-04 
 6.82140000e-06 -2.87235937e-01 -1.87413831e-08  8.08472970e-01  9.15049789e-04 
 6.82640000e-06 -2.87235937e-01 -1.87413843e-08  8.08472970e-01  9.15049789e-04 
 6.83140000e-06 -2.87235937e-01 -1.87413856e-08  8.08472970e-01  9.15049789e-04 
 6.83640000e-06 -2.87235937e-01 -1.87413868e-08  8.08472970e-01  9.15049789e-04 
 6.84140000e-06 -2.87235937e-01 -1.87413881e-08  8.08472970e-01  9.15049789e-04 
 6.84640000e-06 -2.87235937e-01 -1.87413896e-08  8.08472970e-01  9.15049789e-04 
 6.85140000e-06 -2.87235937e-01 -1.87413911e-08  8.08472970e-01  9.15049789e-04 
 6.85640000e-06 -2.87235937e-01 -1.87413927e-08  8.08472970e-01  9.15049789e-04 
 6.86140000e-06 -2.87235937e-01 -1.87413942e-08  8.08472970e-01  9.15049789e-04 
 6.86640000e-06 -2.87235937e-01 -1.87413958e-08  8.08472970e-01  9.15049789e-04 
 6.87140000e-06 -2.87235937e-01 -1.87413972e-08  8.08472970e-01  9.15049789e-04 
 6.87640000e-06 -2.87235937e-01 -1.87413988e-08  8.08472970e-01  9.15049789e-04 
 6.88140000e-06 -2.87235937e-01 -1.87414003e-08  8.08472970e-01  9.15049789e-04 
 6.88640000e-06 -2.87235937e-01 -1.87414019e-08  8.08472970e-01  9.15049789e-04 
 6.89140000e-06 -2.87235937e-01 -1.87414034e-08  8.08472970e-01  9.15049789e-04 
 6.89640000e-06 -2.87235937e-01 -1.87414049e-08  8.08472970e-01  9.15049789e-04 
 6.90140000e-06 -2.87235937e-01 -1.87414064e-08  8.08472970e-01  9.15049789e-04 
 6.90640000e-06 -2.87235937e-01 -1.87414080e-08  8.08472970e-01  9.15049789e-04 
 6.91140000e-06 -2.87235937e-01 -1.87414094e-08  8.08472970e-01  9.15049789e-04 
 6.91640000e-06 -2.87235937e-01 -1.87414109e-08  8.08472970e-01  9.15049789e-04 
 6.92140000e-06 -2.87235937e-01 -1.87414123e-08  8.08472970e-01  9.15049789e-04 
 6.92640000e-06 -2.87235937e-01 -1.87414136e-08  8.08472970e-01  9.15049789e-04 
 6.93140000e-06 -2.87235937e-01 -1.87414150e-08  8.08472970e-01  9.15049789e-04 
 6.93640000e-06 -2.87235937e-01 -1.87414164e-08  8.08472970e-01  9.15049789e-04 
 6.94140000e-06 -2.87235937e-01 -1.87414180e-08  8.08472970e-01  9.15049789e-04 
 6.94640000e-06 -2.87235937e-01 -1.87414194e-08  8.08472970e-01  9.15049789e-04 
 6.95140000e-06 -2.87235937e-01 -1.87414207e-08  8.08472970e-01  9.15049789e-04 
 6.95640000e-06 -2.87235937e-01 -1.87414222e-08  8.08472970e-01  9.15049789e-04 
 6.96140000e-06 -2.87235937e-01 -1.87414235e-08  8.08472970e-01  9.15049789e-04 
 6.96640000e-06 -2.87235937e-01 -1.87414247e-08  8.08472970e-01  9.15049789e-04 
 6.97140000e-06 -2.87235937e-01 -1.87414261e-08  8.08472970e-01  9.15049789e-04 
 6.97640000e-06 -2.87235937e-01 -1.87414275e-08  8.08472970e-01  9.15049789e-04 
 6.98140000e-06 -2.87235937e-01 -1.87414290e-08  8.08472970e-01  9.15049789e-04 
 6.98640000e-06 -2.87235937e-01 -1.87414303e-08  8.08472970e-01  9.15049789e-04 
 6.99140000e-06 -2.87235937e-01 -1.87414316e-08  8.08472970e-01  9.15049789e-04 
 6.99640000e-06 -2.87235937e-01 -1.87414331e-08  8.08472970e-01  9.15049789e-04 
 7.00140000e-06 -2.87235937e-01 -1.87414346e-08  8.08472970e-01  9.15049789e-04 
 7.00640000e-06 -2.87235937e-01 -1.87414361e-08  8.08472970e-01  9.15049789e-04 
 7.01140000e-06 -2.87235937e-01 -1.87414374e-08  8.08472970e-01  9.15049789e-04 
 7.01640000e-06 -2.87235937e-01 -1.87414388e-08  8.08472970e-01  9.15049789e-04 
 7.02140000e-06 -2.87235937e-01 -1.87414404e-08  8.08472970e-01  9.15049789e-04 
 7.02640000e-06 -2.87235937e-01 -1.87414418e-08  8.08472970e-01  9.15049789e-04 
 7.03140000e-06 -2.87235937e-01 -1.87414432e-08  8.08472970e-01  9.15049789e-04 
 7.03640000e-06 -2.87235937e-01 -1.87414445e-08  8.08472970e-01  9.15049789e-04 
 7.04140000e-06 -2.87235937e-01 -1.87414458e-08  8.08472970e-01  9.15049789e-04 
 7.04640000e-06 -2.87235937e-01 -1.87414472e-08  8.08472970e-01  9.15049789e-04 
 7.05140000e-06 -2.87235937e-01 -1.87414485e-08  8.08472970e-01  9.15049789e-04 
 7.05640000e-06 -2.87235937e-01 -1.87414499e-08  8.08472970e-01  9.15049789e-04 
 7.06140000e-06 -2.87235937e-01 -1.87414514e-08  8.08472970e-01  9.15049789e-04 
 7.06640000e-06 -2.87235937e-01 -1.87414528e-08  8.08472970e-01  9.15049789e-04 
 7.07140000e-06 -2.87235937e-01 -1.87414543e-08  8.08472970e-01  9.15049789e-04 
 7.07640000e-06 -2.87235937e-01 -1.87414555e-08  8.08472970e-01  9.15049789e-04 
 7.08140000e-06 -2.87235937e-01 -1.87414567e-08  8.08472970e-01  9.15049789e-04 
 7.08640000e-06 -2.87235937e-01 -1.87414581e-08  8.08472970e-01  9.15049789e-04 
 7.09140000e-06 -2.87235937e-01 -1.87414593e-08  8.08472970e-01  9.15049789e-04 
 7.09640000e-06 -2.87235937e-01 -1.87414606e-08  8.08472970e-01  9.15049789e-04 
 7.10140000e-06 -2.87235937e-01 -1.87414622e-08  8.08472970e-01  9.15049789e-04 
 7.10640000e-06 -2.87235937e-01 -1.87414637e-08  8.08472970e-01  9.15049789e-04 
 7.11140000e-06 -2.87235937e-01 -1.87414652e-08  8.08472970e-01  9.15049789e-04 
 7.11640000e-06 -2.87235937e-01 -1.87414666e-08  8.08472970e-01  9.15049789e-04 
 7.12140000e-06 -2.87235937e-01 -1.87414680e-08  8.08472970e-01  9.15049789e-04 
 7.12640000e-06 -2.87235937e-01 -1.87414694e-08  8.08472970e-01  9.15049789e-04 
 7.13140000e-06 -2.87235937e-01 -1.87414707e-08  8.08472970e-01  9.15049789e-04 
 7.13640000e-06 -2.87235937e-01 -1.87414720e-08  8.08472970e-01  9.15049789e-04 
 7.14140000e-06 -2.87235937e-01 -1.87414733e-08  8.08472970e-01  9.15049789e-04 
 7.14640000e-06 -2.87235937e-01 -1.87414745e-08  8.08472970e-01  9.15049789e-04 
 7.15140000e-06 -2.87235937e-01 -1.87414758e-08  8.08472970e-01  9.15049789e-04 
 7.15640000e-06 -2.87235937e-01 -1.87414771e-08  8.08472970e-01  9.15049789e-04 
 7.16140000e-06 -2.87235937e-01 -1.87414784e-08  8.08472970e-01  9.15049789e-04 
 7.16640000e-06 -2.87235937e-01 -1.87414797e-08  8.08472970e-01  9.15049789e-04 
 7.17140000e-06 -2.87235937e-01 -1.87414811e-08  8.08472970e-01  9.15049789e-04 
 7.17640000e-06 -2.87235937e-01 -1.87414825e-08  8.08472970e-01  9.15049789e-04 
 7.18140000e-06 -2.87235937e-01 -1.87414839e-08  8.08472970e-01  9.15049789e-04 
 7.18640000e-06 -2.87235937e-01 -1.87414854e-08  8.08472970e-01  9.15049789e-04 
 7.19140000e-06 -2.87235937e-01 -1.87414867e-08  8.08472970e-01  9.15049789e-04 
 7.19640000e-06 -2.87235937e-01 -1.87414881e-08  8.08472970e-01  9.15049789e-04 
 7.20140000e-06 -2.87235937e-01 -1.87414895e-08  8.08472970e-01  9.15049789e-04 
 7.20640000e-06 -2.87235937e-01 -1.87414907e-08  8.08472970e-01  9.15049789e-04 
 7.21140000e-06 -2.87235937e-01 -1.87414919e-08  8.08472970e-01  9.15049789e-04 
 7.21640000e-06 -2.87235937e-01 -1.87414931e-08  8.08472970e-01  9.15049789e-04 
 7.22140000e-06 -2.87235937e-01 -1.87414945e-08  8.08472970e-01  9.15049789e-04 
 7.22640000e-06 -2.87235937e-01 -1.87414959e-08  8.08472970e-01  9.15049789e-04 
 7.23140000e-06 -2.87235937e-01 -1.87414975e-08  8.08472970e-01  9.15049789e-04 
 7.23640000e-06 -2.87235937e-01 -1.87414990e-08  8.08472970e-01  9.15049789e-04 
 7.24140000e-06 -2.87235937e-01 -1.87415006e-08  8.08472970e-01  9.15049789e-04 
 7.24640000e-06 -2.87235937e-01 -1.87415021e-08  8.08472970e-01  9.15049789e-04 
 7.25140000e-06 -2.87235937e-01 -1.87415036e-08  8.08472970e-01  9.15049789e-04 
 7.25640000e-06 -2.87235937e-01 -1.87415049e-08  8.08472970e-01  9.15049789e-04 
 7.26140000e-06 -2.87235937e-01 -1.87415061e-08  8.08472970e-01  9.15049789e-04 
 7.26640000e-06 -2.87235937e-01 -1.87415073e-08  8.08472970e-01  9.15049789e-04 
 7.27140000e-06 -2.87235937e-01 -1.87415087e-08  8.08472970e-01  9.15049789e-04 
 7.27640000e-06 -2.87235937e-01 -1.87415100e-08  8.08472970e-01  9.15049789e-04 
 7.28140000e-06 -2.87235937e-01 -1.87415112e-08  8.08472970e-01  9.15049789e-04 
 7.28640000e-06 -2.87235937e-01 -1.87415125e-08  8.08472970e-01  9.15049789e-04 
 7.29140000e-06 -2.87235937e-01 -1.87415138e-08  8.08472970e-01  9.15049789e-04 
 7.29640000e-06 -2.87235937e-01 -1.87415151e-08  8.08472970e-01  9.15049789e-04 
 7.30140000e-06 -2.87235937e-01 -1.87415164e-08  8.08472970e-01  9.15049789e-04 
 7.30640000e-06 -2.87235937e-01 -1.87415179e-08  8.08472970e-01  9.15049789e-04 
 7.31140000e-06 -2.87235937e-01 -1.87415193e-08  8.08472970e-01  9.15049789e-04 
 7.31640000e-06 -2.87235937e-01 -1.87415208e-08  8.08472970e-01  9.15049789e-04 
 7.32140000e-06 -2.87235937e-01 -1.87415222e-08  8.08472970e-01  9.15049789e-04 
 7.32640000e-06 -2.87235937e-01 -1.87415237e-08  8.08472970e-01  9.15049789e-04 
 7.33140000e-06 -2.87235937e-01 -1.87415251e-08  8.08472970e-01  9.15049789e-04 
 7.33640000e-06 -2.87235937e-01 -1.87415264e-08  8.08472970e-01  9.15049789e-04 
 7.34140000e-06 -2.87235937e-01 -1.87415278e-08  8.08472970e-01  9.15049789e-04 
 7.34640000e-06 -2.87235937e-01 -1.87415291e-08  8.08472970e-01  9.15049789e-04 
 7.35140000e-06 -2.87235937e-01 -1.87415304e-08  8.08472970e-01  9.15049789e-04 
 7.35640000e-06 -2.87235937e-01 -1.87415318e-08  8.08472970e-01  9.15049789e-04 
 7.36140000e-06 -2.87235937e-01 -1.87415331e-08  8.08472970e-01  9.15049789e-04 
 7.36640000e-06 -2.87235937e-01 -1.87415345e-08  8.08472970e-01  9.15049789e-04 
 7.37140000e-06 -2.87235937e-01 -1.87415360e-08  8.08472970e-01  9.15049789e-04 
 7.37640000e-06 -2.87235937e-01 -1.87415374e-08  8.08472970e-01  9.15049789e-04 
 7.38140000e-06 -2.87235937e-01 -1.87415388e-08  8.08472970e-01  9.15049789e-04 
 7.38640000e-06 -2.87235937e-01 -1.87415400e-08  8.08472970e-01  9.15049789e-04 
 7.39140000e-06 -2.87235937e-01 -1.87415413e-08  8.08472970e-01  9.15049789e-04 
 7.39640000e-06 -2.87235937e-01 -1.87415427e-08  8.08472970e-01  9.15049789e-04 
 7.40140000e-06 -2.87235937e-01 -1.87415440e-08  8.08472970e-01  9.15049789e-04 
 7.40640000e-06 -2.87235937e-01 -1.87415454e-08  8.08472970e-01  9.15049789e-04 
 7.41140000e-06 -2.87235937e-01 -1.87415469e-08  8.08472970e-01  9.15049789e-04 
 7.41640000e-06 -2.87235937e-01 -1.87415482e-08  8.08472970e-01  9.15049789e-04 
 7.42140000e-06 -2.87235937e-01 -1.87415495e-08  8.08472970e-01  9.15049789e-04 
 7.42640000e-06 -2.87235937e-01 -1.87415509e-08  8.08472970e-01  9.15049789e-04 
 7.43140000e-06 -2.87235937e-01 -1.87415522e-08  8.08472970e-01  9.15049789e-04 
 7.43640000e-06 -2.87235937e-01 -1.87415535e-08  8.08472970e-01  9.15049789e-04 
 7.44140000e-06 -2.87235937e-01 -1.87415549e-08  8.08472970e-01  9.15049789e-04 
 7.44640000e-06 -2.87235937e-01 -1.87415563e-08  8.08472970e-01  9.15049789e-04 
 7.45140000e-06 -2.87235937e-01 -1.87415579e-08  8.08472970e-01  9.15049789e-04 
 7.45640000e-06 -2.87235937e-01 -1.87415593e-08  8.08472970e-01  9.15049789e-04 
 7.46140000e-06 -2.87235937e-01 -1.87415606e-08  8.08472970e-01  9.15049789e-04 
 7.46640000e-06 -2.87235937e-01 -1.87415621e-08  8.08472970e-01  9.15049789e-04 
 7.47140000e-06 -2.87235937e-01 -1.87415634e-08  8.08472970e-01  9.15049789e-04 
 7.47640000e-06 -2.87235937e-01 -1.87415646e-08  8.08472970e-01  9.15049789e-04 
 7.48140000e-06 -2.87235937e-01 -1.87415660e-08  8.08472970e-01  9.15049789e-04 
 7.48640000e-06 -2.87235937e-01 -1.87415674e-08  8.08472970e-01  9.15049789e-04 
 7.49140000e-06 -2.87235937e-01 -1.87415689e-08  8.08472970e-01  9.15049789e-04 
 7.49640000e-06 -2.87235937e-01 -1.87415702e-08  8.08472970e-01  9.15049789e-04 
 7.50140000e-06 -2.87235937e-01 -1.87415715e-08  8.08472970e-01  9.15049789e-04 
 7.50640000e-06 -2.87235937e-01 -1.87415730e-08  8.08472970e-01  9.15049789e-04 
 7.51140000e-06 -2.87235937e-01 -1.87415745e-08  8.08472970e-01  9.15049789e-04 
 7.51640000e-06 -2.87235937e-01 -1.87415760e-08  8.08472970e-01  9.15049789e-04 
 7.52140000e-06 -2.87235937e-01 -1.87415772e-08  8.08472970e-01  9.15049789e-04 
 7.52640000e-06 -2.87235937e-01 -1.87415784e-08  8.08472970e-01  9.15049789e-04 
 7.53140000e-06 -2.87235937e-01 -1.87415797e-08  8.08472970e-01  9.15049789e-04 
 7.53640000e-06 -2.87235937e-01 -1.87415811e-08  8.08472970e-01  9.15049789e-04 
 7.54140000e-06 -2.87235937e-01 -1.87415824e-08  8.08472970e-01  9.15049789e-04 
 7.54640000e-06 -2.87235937e-01 -1.87415837e-08  8.08472970e-01  9.15049789e-04 
 7.55140000e-06 -2.87235937e-01 -1.87415850e-08  8.08472970e-01  9.15049789e-04 
 7.55640000e-06 -2.87235937e-01 -1.87415862e-08  8.08472970e-01  9.15049789e-04 
 7.56140000e-06 -2.87235937e-01 -1.87415875e-08  8.08472970e-01  9.15049789e-04 
 7.56640000e-06 -2.87235937e-01 -1.87415888e-08  8.08472970e-01  9.15049789e-04 
 7.57140000e-06 -2.87235937e-01 -1.87415901e-08  8.08472970e-01  9.15049789e-04 
 7.57640000e-06 -2.87235937e-01 -1.87415914e-08  8.08472970e-01  9.15049789e-04 
 7.58140000e-06 -2.87235937e-01 -1.87415926e-08  8.08472970e-01  9.15049789e-04 
 7.58640000e-06 -2.87235937e-01 -1.87415938e-08  8.08472970e-01  9.15049789e-04 
 7.59140000e-06 -2.87235937e-01 -1.87415952e-08  8.08472970e-01  9.15049789e-04 
 7.59640000e-06 -2.87235937e-01 -1.87415965e-08  8.08472970e-01  9.15049789e-04 
 7.60140000e-06 -2.87235937e-01 -1.87415978e-08  8.08472970e-01  9.15049789e-04 
 7.60640000e-06 -2.87235937e-01 -1.87415993e-08  8.08472970e-01  9.15049789e-04 
 7.61140000e-06 -2.87235937e-01 -1.87416007e-08  8.08472970e-01  9.15049789e-04 
 7.61640000e-06 -2.87235937e-01 -1.87416019e-08  8.08472970e-01  9.15049789e-04 
 7.62140000e-06 -2.87235937e-01 -1.87416032e-08  8.08472970e-01  9.15049789e-04 
 7.62640000e-06 -2.87235937e-01 -1.87416045e-08  8.08472970e-01  9.15049789e-04 
 7.63140000e-06 -2.87235937e-01 -1.87416058e-08  8.08472970e-01  9.15049789e-04 
 7.63640000e-06 -2.87235937e-01 -1.87416072e-08  8.08472970e-01  9.15049789e-04 
 7.64140000e-06 -2.87235937e-01 -1.87416086e-08  8.08472970e-01  9.15049789e-04 
 7.64640000e-06 -2.87235937e-01 -1.87416102e-08  8.08472970e-01  9.15049789e-04 
 7.65140000e-06 -2.87235937e-01 -1.87416116e-08  8.08472970e-01  9.15049789e-04 
 7.65640000e-06 -2.87235937e-01 -1.87416129e-08  8.08472970e-01  9.15049789e-04 
 7.66140000e-06 -2.87235937e-01 -1.87416143e-08  8.08472970e-01  9.15049789e-04 
 7.66640000e-06 -2.87235937e-01 -1.87416155e-08  8.08472970e-01  9.15049789e-04 
 7.67140000e-06 -2.87235937e-01 -1.87416167e-08  8.08472970e-01  9.15049789e-04 
 7.67640000e-06 -2.87235937e-01 -1.87416180e-08  8.08472970e-01  9.15049789e-04 
 7.68140000e-06 -2.87235937e-01 -1.87416195e-08  8.08472970e-01  9.15049789e-04 
 7.68640000e-06 -2.87235937e-01 -1.87416210e-08  8.08472970e-01  9.15049789e-04 
 7.69140000e-06 -2.87235937e-01 -1.87416226e-08  8.08472970e-01  9.15049789e-04 
 7.69640000e-06 -2.87235937e-01 -1.87416240e-08  8.08472970e-01  9.15049789e-04 
 7.70140000e-06 -2.87235937e-01 -1.87416254e-08  8.08472970e-01  9.15049789e-04 
 7.70640000e-06 -2.87235937e-01 -1.87416266e-08  8.08472970e-01  9.15049789e-04 
 7.71140000e-06 -2.87235937e-01 -1.87416278e-08  8.08472970e-01  9.15049789e-04 
 7.71640000e-06 -2.87235937e-01 -1.87416290e-08  8.08472970e-01  9.15049789e-04 
 7.72140000e-06 -2.87235937e-01 -1.87416304e-08  8.08472970e-01  9.15049789e-04 
 7.72640000e-06 -2.87235937e-01 -1.87416319e-08  8.08472970e-01  9.15049789e-04 
 7.73140000e-06 -2.87235937e-01 -1.87416334e-08  8.08472970e-01  9.15049789e-04 
 7.73640000e-06 -2.87235937e-01 -1.87416347e-08  8.08472970e-01  9.15049789e-04 
 7.74140000e-06 -2.87235937e-01 -1.87416361e-08  8.08472970e-01  9.15049789e-04 
 7.74640000e-06 -2.87235937e-01 -1.87416377e-08  8.08472970e-01  9.15049789e-04 
 7.75140000e-06 -2.87235937e-01 -1.87416391e-08  8.08472970e-01  9.15049789e-04 
 7.75640000e-06 -2.87235937e-01 -1.87416405e-08  8.08472970e-01  9.15049789e-04 
 7.76140000e-06 -2.87235937e-01 -1.87416418e-08  8.08472970e-01  9.15049789e-04 
 7.76640000e-06 -2.87235937e-01 -1.87416431e-08  8.08472970e-01  9.15049789e-04 
 7.77140000e-06 -2.87235937e-01 -1.87416445e-08  8.08472970e-01  9.15049789e-04 
 7.77640000e-06 -2.87235937e-01 -1.87416458e-08  8.08472970e-01  9.15049789e-04 
 7.78140000e-06 -2.87235937e-01 -1.87416471e-08  8.08472970e-01  9.15049789e-04 
 7.78640000e-06 -2.87235937e-01 -1.87416485e-08  8.08472970e-01  9.15049789e-04 
 7.79140000e-06 -2.87235937e-01 -1.87416497e-08  8.08472970e-01  9.15049789e-04 
 7.79640000e-06 -2.87235937e-01 -1.87416508e-08  8.08472970e-01  9.15049789e-04 
 7.80140000e-06 -2.87235937e-01 -1.87416520e-08  8.08472970e-01  9.15049789e-04 
 7.80640000e-06 -2.87235937e-01 -1.87416532e-08  8.08472970e-01  9.15049789e-04 
 7.81140000e-06 -2.87235937e-01 -1.87416546e-08  8.08472970e-01  9.15049789e-04 
 7.81640000e-06 -2.87235937e-01 -1.87416558e-08  8.08472970e-01  9.15049789e-04 
 7.82140000e-06 -2.87235937e-01 -1.87416570e-08  8.08472970e-01  9.15049789e-04 
 7.82640000e-06 -2.87235937e-01 -1.87416583e-08  8.08472970e-01  9.15049789e-04 
 7.83140000e-06 -2.87235937e-01 -1.87416597e-08  8.08472970e-01  9.15049789e-04 
 7.83640000e-06 -2.87235937e-01 -1.87416610e-08  8.08472970e-01  9.15049789e-04 
 7.84140000e-06 -2.87235937e-01 -1.87416623e-08  8.08472970e-01  9.15049789e-04 
 7.84640000e-06 -2.87235937e-01 -1.87416637e-08  8.08472970e-01  9.15049789e-04 
 7.85140000e-06 -2.87235937e-01 -1.87416649e-08  8.08472970e-01  9.15049789e-04 
 7.85640000e-06 -2.87235937e-01 -1.87416661e-08  8.08472970e-01  9.15049789e-04 
 7.86140000e-06 -2.87235937e-01 -1.87416674e-08  8.08472970e-01  9.15049789e-04 
 7.86640000e-06 -2.87235937e-01 -1.87416688e-08  8.08472970e-01  9.15049789e-04 
 7.87140000e-06 -2.87235937e-01 -1.87416701e-08  8.08472970e-01  9.15049789e-04 
 7.87640000e-06 -2.87235937e-01 -1.87416714e-08  8.08472970e-01  9.15049789e-04 
 7.88140000e-06 -2.87235937e-01 -1.87416727e-08  8.08472970e-01  9.15049789e-04 
 7.88640000e-06 -2.87235937e-01 -1.87416739e-08  8.08472970e-01  9.15049789e-04 
 7.89140000e-06 -2.87235937e-01 -1.87416751e-08  8.08472970e-01  9.15049789e-04 
 7.89640000e-06 -2.87235937e-01 -1.87416764e-08  8.08472970e-01  9.15049789e-04 
 7.90140000e-06 -2.87235937e-01 -1.87416778e-08  8.08472970e-01  9.15049789e-04 
 7.90640000e-06 -2.87235937e-01 -1.87416791e-08  8.08472970e-01  9.15049789e-04 
 7.91140000e-06 -2.87235937e-01 -1.87416803e-08  8.08472970e-01  9.15049789e-04 
 7.91640000e-06 -2.87235937e-01 -1.87416815e-08  8.08472970e-01  9.15049789e-04 
 7.92140000e-06 -2.87235937e-01 -1.87416829e-08  8.08472970e-01  9.15049789e-04 
 7.92640000e-06 -2.87235937e-01 -1.87416842e-08  8.08472970e-01  9.15049789e-04 
 7.93140000e-06 -2.87235937e-01 -1.87416855e-08  8.08472970e-01  9.15049789e-04 
 7.93640000e-06 -2.87235937e-01 -1.87416869e-08  8.08472970e-01  9.15049789e-04 
 7.94140000e-06 -2.87235937e-01 -1.87416881e-08  8.08472970e-01  9.15049789e-04 
 7.94640000e-06 -2.87235937e-01 -1.87416892e-08  8.08472970e-01  9.15049789e-04 
 7.95140000e-06 -2.87235937e-01 -1.87416904e-08  8.08472970e-01  9.15049789e-04 
 7.95640000e-06 -2.87235937e-01 -1.87416918e-08  8.08472970e-01  9.15049789e-04 
 7.96140000e-06 -2.87235937e-01 -1.87416932e-08  8.08472970e-01  9.15049789e-04 
 7.96640000e-06 -2.87235937e-01 -1.87416944e-08  8.08472970e-01  9.15049789e-04 
 7.97140000e-06 -2.87235937e-01 -1.87416956e-08  8.08472970e-01  9.15049789e-04 
 7.97640000e-06 -2.87235937e-01 -1.87416970e-08  8.08472970e-01  9.15049789e-04 
 7.98140000e-06 -2.87235937e-01 -1.87416982e-08  8.08472970e-01  9.15049789e-04 
 7.98640000e-06 -2.87235937e-01 -1.87416995e-08  8.08472970e-01  9.15049789e-04 
 7.99140000e-06 -2.87235937e-01 -1.87417010e-08  8.08472970e-01  9.15049789e-04 
 7.99570000e-06 -2.87235937e-01 -1.87417017e-08  8.08472970e-01  9.15049789e-04 
 8.00000000e-06 -2.87235937e-01 -1.87417020e-08  8.08472970e-01  9.15049789e-04 
 8.00010000e-06 -2.87235937e-01 -1.87417000e-08  8.08472970e-01  9.60196845e-04 
 8.00030000e-06 -2.87235937e-01 -1.87416942e-08  8.08472970e-01  9.53797957e-04 
 8.00065000e-06 -2.87235937e-01 -1.87416628e-08  8.08472970e-01  9.51017510e-04 
 8.00100000e-06 -2.87235937e-01 -1.87224376e-08  8.08472970e-01  9.43690668e-04 
 8.00107000e-06 -2.87235937e-01 -1.87151066e-08  8.08472970e-01  9.15129487e-04 
 8.00121000e-06 -2.87235937e-01 -1.87004510e-08  8.08472970e-01  9.14970592e-04 
 8.00149000e-06 -2.87235937e-01 -1.86711745e-08  8.08472970e-01  9.15128742e-04 
 8.00205000e-06 -2.87235937e-01 -1.86127596e-08  8.08472970e-01  9.14970963e-04 
 8.00317000e-06 -2.87235937e-01 -1.84964759e-08  8.08472970e-01  9.15128557e-04 
 8.00541000e-06 -2.87235937e-01 -1.82660799e-08  8.08472970e-01  9.14971056e-04 
 8.00989000e-06 -2.87235937e-01 -1.78138432e-08  8.08472970e-01  9.15128511e-04 
 8.01489000e-06 -2.87235937e-01 -1.73223131e-08  8.08472970e-01  9.14971085e-04 
 8.01989000e-06 -2.87235937e-01 -1.68443373e-08  8.08472970e-01  9.15128484e-04 
 8.02489000e-06 -2.87235937e-01 -1.63795464e-08  8.08472970e-01  9.14971112e-04 
 8.02989000e-06 -2.87235937e-01 -1.59275804e-08  8.08472970e-01  9.15128456e-04 
 8.03489000e-06 -2.87235937e-01 -1.54880835e-08  8.08472970e-01  9.14971140e-04 
 8.03989000e-06 -2.87235937e-01 -1.50607088e-08  8.08472970e-01  9.15128428e-04 
 8.04489000e-06 -2.87235937e-01 -1.46451213e-08  8.08472970e-01  9.14971167e-04 
 8.04989000e-06 -2.87235937e-01 -1.42409992e-08  8.08472970e-01  9.15128401e-04 
 8.05489000e-06 -2.87235937e-01 -1.38480272e-08  8.08472970e-01  9.14971194e-04 
 8.05989000e-06 -2.87235937e-01 -1.34658964e-08  8.08472970e-01  9.15128373e-04 
 8.06489000e-06 -2.87235937e-01 -1.30943072e-08  8.08472970e-01  9.14971222e-04 
 8.06989000e-06 -2.87235937e-01 -1.27329699e-08  8.08472970e-01  9.15128345e-04 
 8.07489000e-06 -2.87235937e-01 -1.23816017e-08  8.08472970e-01  9.14971249e-04 
 8.07989000e-06 -2.87235937e-01 -1.20399277e-08  8.08472970e-01  9.15128318e-04 
 8.08489000e-06 -2.87235937e-01 -1.17076812e-08  8.08472970e-01  9.14971277e-04 
 8.08989000e-06 -2.87235937e-01 -1.13846023e-08  8.08472970e-01  9.15128290e-04 
 8.09489000e-06 -2.87235937e-01 -1.10704360e-08  8.08472970e-01  9.14971304e-04 
 8.09989000e-06 -2.87235937e-01 -1.07649362e-08  8.08472970e-01  9.15128263e-04 
 8.10489000e-06 -2.87235937e-01 -1.04678651e-08  8.08472970e-01  9.14971332e-04 
 8.10989000e-06 -2.87235937e-01 -1.01789904e-08  8.08472970e-01  9.15128235e-04 
 8.11489000e-06 -2.87235937e-01 -9.89808591e-09  8.08472970e-01  9.14971359e-04 
 8.11989000e-06 -2.87235937e-01 -9.62493096e-09  8.08472970e-01  9.15128208e-04 
 8.12489000e-06 -2.87235937e-01 -9.35931344e-09  8.08472970e-01  9.14971387e-04 
 8.12989000e-06 -2.87235937e-01 -9.10102527e-09  8.08472970e-01  9.15128180e-04 
 8.13489000e-06 -2.87235937e-01 -8.84986173e-09  8.08472970e-01  9.14971414e-04 
 8.13989000e-06 -2.87235937e-01 -8.60562677e-09  8.08472970e-01  9.15128153e-04 
 8.14489000e-06 -2.87235937e-01 -8.36813308e-09  8.08472970e-01  9.14971441e-04 
 8.14989000e-06 -2.87235937e-01 -8.13719536e-09  8.08472970e-01  9.15128125e-04 
 8.15489000e-06 -2.87235937e-01 -7.91262966e-09  8.08472970e-01  9.14971469e-04 
 8.15989000e-06 -2.87235937e-01 -7.69425956e-09  8.08472970e-01  9.15128098e-04 
 8.16489000e-06 -2.87235937e-01 -7.48191464e-09  8.08472970e-01  9.14971496e-04 
 8.16989000e-06 -2.87235937e-01 -7.27542959e-09  8.08472970e-01  9.15128070e-04 
 8.17489000e-06 -2.87235937e-01 -7.07464309e-09  8.08472970e-01  9.14971523e-04 
 8.17989000e-06 -2.87235937e-01 -6.87939561e-09  8.08472970e-01  9.15128043e-04 
 8.18489000e-06 -2.87235937e-01 -6.68953593e-09  8.08472970e-01  9.14971551e-04 
 8.18989000e-06 -2.87235937e-01 -6.50491683e-09  8.08472970e-01  9.15128016e-04 
 8.19489000e-06 -2.87235937e-01 -6.32539321e-09  8.08472970e-01  9.14971578e-04 
 8.19989000e-06 -2.87235937e-01 -6.15082307e-09  8.08472970e-01  9.15127988e-04 
 8.20489000e-06 -2.87235937e-01 -5.98106875e-09  8.08472970e-01  9.14971606e-04 
 8.20989000e-06 -2.87235937e-01 -5.81599846e-09  8.08472970e-01  9.15127961e-04 
 8.21489000e-06 -2.87235937e-01 -5.65548230e-09  8.08472970e-01  9.14971633e-04 
 8.21989000e-06 -2.87235937e-01 -5.49939672e-09  8.08472970e-01  9.15127933e-04 
 8.22489000e-06 -2.87235937e-01 -5.34761868e-09  8.08472970e-01  9.14971660e-04 
 8.22989000e-06 -2.87235937e-01 -5.20003074e-09  8.08472970e-01  9.15127906e-04 
 8.23489000e-06 -2.87235937e-01 -5.05651820e-09  8.08472970e-01  9.14971688e-04 
 8.23989000e-06 -2.87235937e-01 -4.91696450e-09  8.08472970e-01  9.15127879e-04 
 8.24489000e-06 -2.87235937e-01 -4.78125961e-09  8.08472970e-01  9.14971715e-04 
 8.24989000e-06 -2.87235937e-01 -4.64929839e-09  8.08472970e-01  9.15127851e-04 
 8.25489000e-06 -2.87235937e-01 -4.52098081e-09  8.08472970e-01  9.14971742e-04 
 8.25989000e-06 -2.87235937e-01 -4.39620507e-09  8.08472970e-01  9.15127824e-04 
 8.26489000e-06 -2.87235937e-01 -4.27487068e-09  8.08472970e-01  9.14971770e-04 
 8.26989000e-06 -2.87235937e-01 -4.15688495e-09  8.08472970e-01  9.15127797e-04 
 8.27489000e-06 -2.87235937e-01 -4.04215461e-09  8.08472970e-01  9.14971797e-04 
 8.27989000e-06 -2.87235937e-01 -3.93059152e-09  8.08472970e-01  9.15127769e-04 
 8.28489000e-06 -2.87235937e-01 -3.82210885e-09  8.08472970e-01  9.14971824e-04 
 8.28989000e-06 -2.87235937e-01 -3.71661835e-09  8.08472970e-01  9.15127742e-04 
 8.29489000e-06 -2.87235937e-01 -3.61403929e-09  8.08472970e-01  9.14971851e-04 
 8.29989000e-06 -2.87235937e-01 -3.51428897e-09  8.08472970e-01  9.15127715e-04 
 8.30489000e-06 -2.87235937e-01 -3.41729145e-09  8.08472970e-01  9.14971879e-04 
 8.30989000e-06 -2.87235937e-01 -3.32297412e-09  8.08472970e-01  9.15127687e-04 
 8.31489000e-06 -2.87235937e-01 -3.23125859e-09  8.08472970e-01  9.14971906e-04 
 8.31989000e-06 -2.87235937e-01 -3.14207538e-09  8.08472970e-01  9.15127660e-04 
 8.32489000e-06 -2.87235937e-01 -3.05535375e-09  8.08472970e-01  9.14971933e-04 
 8.32989000e-06 -2.87235937e-01 -2.97102509e-09  8.08472970e-01  9.15127633e-04 
 8.33489000e-06 -2.87235937e-01 -2.88902591e-09  8.08472970e-01  9.14971960e-04 
 8.33989000e-06 -2.87235937e-01 -2.80928769e-09  8.08472970e-01  9.15127605e-04 
 8.34489000e-06 -2.87235937e-01 -2.73174916e-09  8.08472970e-01  9.14971988e-04 
 8.34989000e-06 -2.87235937e-01 -2.65635236e-09  8.08472970e-01  9.15127578e-04 
 8.35489000e-06 -2.87235937e-01 -2.58303912e-09  8.08472970e-01  9.14972015e-04 
 8.35989000e-06 -2.87235937e-01 -2.51174881e-09  8.08472970e-01  9.15127551e-04 
 8.36489000e-06 -2.87235937e-01 -2.44242238e-09  8.08472970e-01  9.14972042e-04 
 8.36989000e-06 -2.87235937e-01 -2.37500919e-09  8.08472970e-01  9.15127524e-04 
 8.37489000e-06 -2.87235937e-01 -2.30945874e-09  8.08472970e-01  9.14972069e-04 
 8.37989000e-06 -2.87235937e-01 -2.24571650e-09  8.08472970e-01  9.15127496e-04 
 8.38489000e-06 -2.87235937e-01 -2.18373231e-09  8.08472970e-01  9.14972096e-04 
 8.38989000e-06 -2.87235937e-01 -2.12346019e-09  8.08472970e-01  9.15127469e-04 
 8.39489000e-06 -2.87235937e-01 -2.06485073e-09  8.08472970e-01  9.14972124e-04 
 8.39989000e-06 -2.87235937e-01 -2.00786077e-09  8.08472970e-01  9.15127442e-04 
 8.40489000e-06 -2.87235937e-01 -1.95244443e-09  8.08472970e-01  9.14972151e-04 
 8.40989000e-06 -2.87235937e-01 -1.89855565e-09  8.08472970e-01  9.15127415e-04 
 8.41489000e-06 -2.87235937e-01 -1.84615367e-09  8.08472970e-01  9.14972178e-04 
 8.41989000e-06 -2.87235937e-01 -1.79519677e-09  8.08472970e-01  9.15127388e-04 
 8.42489000e-06 -2.87235937e-01 -1.74565062e-09  8.08472970e-01  9.14972205e-04 
 8.42989000e-06 -2.87235937e-01 -1.69747261e-09  8.08472970e-01  9.15127361e-04 
 8.43489000e-06 -2.87235937e-01 -1.65061753e-09  8.08472970e-01  9.14972232e-04 
 8.43989000e-06 -2.87235937e-01 -1.60505531e-09  8.08472970e-01  9.15127333e-04 
 8.44489000e-06 -2.87235937e-01 -1.56075297e-09  8.08472970e-01  9.14972259e-04 
 8.44989000e-06 -2.87235937e-01 -1.51767354e-09  8.08472970e-01  9.15127306e-04 
 8.45489000e-06 -2.87235937e-01 -1.47578461e-09  8.08472970e-01  9.14972287e-04 
 8.45989000e-06 -2.87235937e-01 -1.43505297e-09  8.08472970e-01  9.15127279e-04 
 8.46489000e-06 -2.87235937e-01 -1.39544365e-09  8.08472970e-01  9.14972314e-04 
 8.46989000e-06 -2.87235937e-01 -1.35692724e-09  8.08472970e-01  9.15127252e-04 
 8.47489000e-06 -2.87235937e-01 -1.31947520e-09  8.08472970e-01  9.14972341e-04 
 8.47989000e-06 -2.87235937e-01 -1.28305644e-09  8.08472970e-01  9.15127225e-04 
 8.48489000e-06 -2.87235937e-01 -1.24764310e-09  8.08472970e-01  9.14972368e-04 
 8.48989000e-06 -2.87235937e-01 -1.21320676e-09  8.08472970e-01  9.15127198e-04 
 8.49489000e-06 -2.87235937e-01 -1.17971966e-09  8.08472970e-01  9.14972395e-04 
 8.49989000e-06 -2.87235937e-01 -1.14715681e-09  8.08472970e-01  9.15127171e-04 
 8.50489000e-06 -2.87235937e-01 -1.11549103e-09  8.08472970e-01  9.14972422e-04 
 8.50989000e-06 -2.87235937e-01 -1.08469878e-09  8.08472970e-01  9.15127144e-04 
 8.51489000e-06 -2.87235937e-01 -1.05475728e-09  8.08472970e-01  9.14972449e-04 
 8.51989000e-06 -2.87235937e-01 -1.02564268e-09  8.08472970e-01  9.15127116e-04 
 8.52489000e-06 -2.87235937e-01 -9.97330329e-10  8.08472970e-01  9.14972476e-04 
 8.52989000e-06 -2.87235937e-01 -9.69798575e-10  8.08472970e-01  9.15127089e-04 
 8.53489000e-06 -2.87235937e-01 -9.43030320e-10  8.08472970e-01  9.14972503e-04 
 8.53989000e-06 -2.87235937e-01 -9.17001475e-10  8.08472970e-01  9.15127062e-04 
 8.54489000e-06 -2.87235937e-01 -8.91690277e-10  8.08472970e-01  9.14972530e-04 
 8.54989000e-06 -2.87235937e-01 -8.67079741e-10  8.08472970e-01  9.15127035e-04 
 8.55489000e-06 -2.87235937e-01 -8.43149106e-10  8.08472970e-01  9.14972557e-04 
 8.55989000e-06 -2.87235937e-01 -8.19876722e-10  8.08472970e-01  9.15127008e-04 
 8.56489000e-06 -2.87235937e-01 -7.97245936e-10  8.08472970e-01  9.14972584e-04 
 8.56989000e-06 -2.87235937e-01 -7.75241427e-10  8.08472970e-01  9.15126981e-04 
 8.57489000e-06 -2.87235937e-01 -7.53844764e-10  8.08472970e-01  9.14972611e-04 
 8.57989000e-06 -2.87235937e-01 -7.33036187e-10  8.08472970e-01  9.15126954e-04 
 8.58489000e-06 -2.87235937e-01 -7.12799375e-10  8.08472970e-01  9.14972638e-04 
 8.58989000e-06 -2.87235937e-01 -6.93123337e-10  8.08472970e-01  9.15126927e-04 
 8.59489000e-06 -2.87235937e-01 -6.73992528e-10  8.08472970e-01  9.14972665e-04 
 8.59989000e-06 -2.87235937e-01 -6.55386079e-10  8.08472970e-01  9.15126900e-04 
 8.60489000e-06 -2.87235937e-01 -6.37294106e-10  8.08472970e-01  9.14972692e-04 
 8.60989000e-06 -2.87235937e-01 -6.19702956e-10  8.08472970e-01  9.15126873e-04 
 8.61489000e-06 -2.87235937e-01 -6.02597527e-10  8.08472970e-01  9.14972719e-04 
 8.61989000e-06 -2.87235937e-01 -5.85966609e-10  8.08472970e-01  9.15126846e-04 
 8.62489000e-06 -2.87235937e-01 -5.69792991e-10  8.08472970e-01  9.14972746e-04 
 8.62989000e-06 -2.87235937e-01 -5.54065127e-10  8.08472970e-01  9.15126819e-04 
 8.63489000e-06 -2.87235937e-01 -5.38770584e-10  8.08472970e-01  9.14972773e-04 
 8.63989000e-06 -2.87235937e-01 -5.23897925e-10  8.08472970e-01  9.15126792e-04 
 8.64489000e-06 -2.87235937e-01 -5.09437048e-10  8.08472970e-01  9.14972800e-04 
 8.64989000e-06 -2.87235937e-01 -4.95375074e-10  8.08472970e-01  9.15126765e-04 
 8.65489000e-06 -2.87235937e-01 -4.81700124e-10  8.08472970e-01  9.14972827e-04 
 8.65989000e-06 -2.87235937e-01 -4.68402206e-10  8.08472970e-01  9.15126738e-04 
 8.66489000e-06 -2.87235937e-01 -4.55470550e-10  8.08472970e-01  9.14972854e-04 
 8.66989000e-06 -2.87235937e-01 -4.42897274e-10  8.08472970e-01  9.15126711e-04 
 8.67489000e-06 -2.87235937e-01 -4.30674496e-10  8.08472970e-01  9.14972881e-04 
 8.67989000e-06 -2.87235937e-01 -4.18791113e-10  8.08472970e-01  9.15126685e-04 
 8.68489000e-06 -2.87235937e-01 -4.07233802e-10  8.08472970e-01  9.14972908e-04 
 8.68989000e-06 -2.87235937e-01 -3.95994793e-10  8.08472970e-01  9.15126658e-04 
 8.69489000e-06 -2.87235937e-01 -3.85064425e-10  8.08472970e-01  9.14972935e-04 
 8.69989000e-06 -2.87235937e-01 -3.74435705e-10  8.08472970e-01  9.15126631e-04 
 8.70489000e-06 -2.87235937e-01 -3.64105301e-10  8.08472970e-01  9.14972962e-04 
 8.70989000e-06 -2.87235937e-01 -3.54059337e-10  8.08472970e-01  9.15126604e-04 
 8.71489000e-06 -2.87235937e-01 -3.44288265e-10  8.08472970e-01  9.14972989e-04 
 8.71989000e-06 -2.87235937e-01 -3.34783978e-10  8.08472970e-01  9.15126577e-04 
 8.72489000e-06 -2.87235937e-01 -3.25542149e-10  8.08472970e-01  9.14973015e-04 
 8.72989000e-06 -2.87235937e-01 -3.16558890e-10  8.08472970e-01  9.15126550e-04 
 8.73489000e-06 -2.87235937e-01 -3.07823433e-10  8.08472970e-01  9.14973042e-04 
 8.73989000e-06 -2.87235937e-01 -2.99328673e-10  8.08472970e-01  9.15126523e-04 
 8.74489000e-06 -2.87235937e-01 -2.91066393e-10  8.08472970e-01  9.14973069e-04 
 8.74989000e-06 -2.87235937e-01 -2.83030377e-10  8.08472970e-01  9.15126496e-04 
 8.75489000e-06 -2.87235937e-01 -2.75218848e-10  8.08472970e-01  9.14973096e-04 
 8.75989000e-06 -2.87235937e-01 -2.67622480e-10  8.08472970e-01  9.15126470e-04 
 8.76489000e-06 -2.87235937e-01 -2.60234612e-10  8.08472970e-01  9.14973123e-04 
 8.76989000e-06 -2.87235937e-01 -2.53051691e-10  8.08472970e-01  9.15126443e-04 
 8.77489000e-06 -2.87235937e-01 -2.46067500e-10  8.08472970e-01  9.14973150e-04 
 8.77989000e-06 -2.87235937e-01 -2.39276043e-10  8.08472970e-01  9.15126416e-04 
 8.78489000e-06 -2.87235937e-01 -2.32670661e-10  8.08472970e-01  9.14973177e-04 
 8.78989000e-06 -2.87235937e-01 -2.26244690e-10  8.08472970e-01  9.15126389e-04 
 8.79489000e-06 -2.87235937e-01 -2.19998353e-10  8.08472970e-01  9.14973203e-04 
 8.79989000e-06 -2.87235937e-01 -2.13926543e-10  8.08472970e-01  9.15126362e-04 
 8.80489000e-06 -2.87235937e-01 -2.08019157e-10  8.08472970e-01  9.14973230e-04 
 8.80989000e-06 -2.87235937e-01 -2.02277639e-10  8.08472970e-01  9.15126335e-04 
 8.81489000e-06 -2.87235937e-01 -1.96698768e-10  8.08472970e-01  9.14973257e-04 
 8.81989000e-06 -2.87235937e-01 -1.91272553e-10  8.08472970e-01  9.15126309e-04 
 8.82489000e-06 -2.87235937e-01 -1.85993665e-10  8.08472970e-01  9.14973284e-04 
 8.82989000e-06 -2.87235937e-01 -1.80860327e-10  8.08472970e-01  9.15126282e-04 
 8.83489000e-06 -2.87235937e-01 -1.75867876e-10  8.08472970e-01  9.14973310e-04 
 8.83989000e-06 -2.87235937e-01 -1.71013981e-10  8.08472970e-01  9.15126255e-04 
 8.84489000e-06 -2.87235937e-01 -1.66295644e-10  8.08472970e-01  9.14973337e-04 
 8.84989000e-06 -2.87235937e-01 -1.61708535e-10  8.08472970e-01  9.15126228e-04 
 8.85489000e-06 -2.87235937e-01 -1.57249880e-10  8.08472970e-01  9.14973364e-04 
 8.85989000e-06 -2.87235937e-01 -1.52912683e-10  8.08472970e-01  9.15126202e-04 
 8.86489000e-06 -2.87235937e-01 -1.48692170e-10  8.08472970e-01  9.14973391e-04 
 8.86989000e-06 -2.87235937e-01 -1.44588896e-10  8.08472970e-01  9.15126175e-04 
 8.87489000e-06 -2.87235937e-01 -1.40599088e-10  8.08472970e-01  9.14973417e-04 
 8.87989000e-06 -2.87235937e-01 -1.36717526e-10  8.08472970e-01  9.15126148e-04 
 8.88489000e-06 -2.87235937e-01 -1.32943101e-10  8.08472970e-01  9.14973444e-04 
 8.88989000e-06 -2.87235937e-01 -1.29274147e-10  8.08472970e-01  9.15126121e-04 
 8.89489000e-06 -2.87235937e-01 -1.25706001e-10  8.08472970e-01  9.14973471e-04 
 8.89989000e-06 -2.87235937e-01 -1.22236443e-10  8.08472970e-01  9.15126095e-04 
 8.90489000e-06 -2.87235937e-01 -1.18862920e-10  8.08472970e-01  9.14973498e-04 
 8.90989000e-06 -2.87235937e-01 -1.15580434e-10  8.08472970e-01  9.15126068e-04 
 8.91489000e-06 -2.87235937e-01 -1.12388099e-10  8.08472970e-01  9.14973524e-04 
 8.91989000e-06 -2.87235937e-01 -1.09286358e-10  8.08472970e-01  9.15126041e-04 
 8.92489000e-06 -2.87235937e-01 -1.06270770e-10  8.08472970e-01  9.14973551e-04 
 8.92989000e-06 -2.87235937e-01 -1.03336673e-10  8.08472970e-01  9.15126015e-04 
 8.93489000e-06 -2.87235937e-01 -1.00483510e-10  8.08472970e-01  9.14973578e-04 
 8.93989000e-06 -2.87235937e-01 -9.77089520e-11  8.08472970e-01  9.15125988e-04 
 8.94489000e-06 -2.87235937e-01 -9.50123313e-11  8.08472970e-01  9.14973604e-04 
 8.94989000e-06 -2.87235937e-01 -9.23915389e-11  8.08472970e-01  9.15125961e-04 
 8.95489000e-06 -2.87235937e-01 -8.98427999e-11  8.08472970e-01  9.14973631e-04 
 8.95989000e-06 -2.87235937e-01 -8.73636719e-11  8.08472970e-01  9.15125935e-04 
 8.96489000e-06 -2.87235937e-01 -8.49516013e-11  8.08472970e-01  9.14973658e-04 
 8.96989000e-06 -2.87235937e-01 -8.26066993e-11  8.08472970e-01  9.15125908e-04 
 8.97489000e-06 -2.87235937e-01 -8.03291877e-11  8.08472970e-01  9.14973684e-04 
 8.97989000e-06 -2.87235937e-01 -7.81148479e-11  8.08472970e-01  9.15125881e-04 
 8.98489000e-06 -2.87235937e-01 -7.59604601e-11  8.08472970e-01  9.14973711e-04 
 8.98989000e-06 -2.87235937e-01 -7.38642481e-11  8.08472970e-01  9.15125855e-04 
 8.99489000e-06 -2.87235937e-01 -7.18246573e-11  8.08472970e-01  9.14973737e-04 
 8.99794500e-06 -2.87235937e-01 -7.06060765e-11  8.08472970e-01  9.15125820e-04 
 9.00100000e-06 -2.87235937e-01 -6.94079239e-11  8.08472970e-01  9.14973781e-04 
 9.00110000e-06 -2.87235937e-01 -6.94089231e-11  8.08472970e-01  8.85526657e-04 
 9.00130000e-06 -2.87235937e-01 -6.94094782e-11  8.08472970e-01  8.78488874e-04 
 9.00159331e-06 -2.87235937e-01 -6.94100333e-11  8.08472970e-01  8.79101633e-04 
 9.00179665e-06 -2.87235937e-01 -6.94104774e-11  8.08472970e-01  8.71086673e-04 
 9.00200000e-06 -2.87235937e-01 -6.94112545e-11  8.08472970e-01  8.70887024e-04 
 9.00204067e-06 -2.87235937e-01 -6.94113655e-11  8.08472970e-01  9.14751335e-04 
 9.00212201e-06 -2.87235937e-01 -6.94113655e-11  8.08472970e-01  9.15344196e-04 
 9.00228468e-06 -2.87235937e-01 -6.94110325e-11  8.08472970e-01  9.14757483e-04 
 9.00261004e-06 -2.87235937e-01 -6.94102553e-11  8.08472970e-01  9.15341083e-04 
 9.00326074e-06 -2.87235937e-01 -6.94097002e-11  8.08472970e-01  9.14759000e-04 
 9.00456215e-06 -2.87235937e-01 -6.94090341e-11  8.08472970e-01  9.15340326e-04 
 9.00716497e-06 -2.87235937e-01 -6.94069247e-11  8.08472970e-01  9.14759378e-04 
 9.01216497e-06 -2.87235937e-01 -6.94033719e-11  8.08472970e-01  9.15340135e-04 
 9.01716497e-06 -2.87235937e-01 -6.94028168e-11  8.08472970e-01  9.14759510e-04 
 9.02216497e-06 -2.87235937e-01 -6.94045932e-11  8.08472970e-01  9.15340004e-04 
 9.02716497e-06 -2.87235937e-01 -6.94060365e-11  8.08472970e-01  9.14759641e-04 
 9.03216497e-06 -2.87235937e-01 -6.94057034e-11  8.08472970e-01  9.15339873e-04 
 9.03716497e-06 -2.87235937e-01 -6.94045932e-11  8.08472970e-01  9.14759772e-04 
 9.04216497e-06 -2.87235937e-01 -6.94060365e-11  8.08472970e-01  9.15339742e-04 
 9.04716497e-06 -2.87235937e-01 -6.94097002e-11  8.08472970e-01  9.14759903e-04 
 9.05216497e-06 -2.87235937e-01 -6.94121427e-11  8.08472970e-01  9.15339611e-04 
 9.05716497e-06 -2.87235937e-01 -6.94128088e-11  8.08472970e-01  9.14760033e-04 
 9.06216497e-06 -2.87235937e-01 -6.94136970e-11  8.08472970e-01  9.15339480e-04 
 9.06716497e-06 -2.87235937e-01 -6.94142521e-11  8.08472970e-01  9.14760164e-04 
 9.07216497e-06 -2.87235937e-01 -6.94145852e-11  8.08472970e-01  9.15339349e-04 
 9.07716497e-06 -2.87235937e-01 -6.94138080e-11  8.08472970e-01  9.14760295e-04 
 9.08216497e-06 -2.87235937e-01 -6.94124758e-11  8.08472970e-01  9.15339219e-04 
 9.08716497e-06 -2.87235937e-01 -6.94121427e-11  8.08472970e-01  9.14760426e-04 
 9.09216497e-06 -2.87235937e-01 -6.94114766e-11  8.08472970e-01  9.15339088e-04 
 9.09716497e-06 -2.87235937e-01 -6.94094782e-11  8.08472970e-01  9.14760556e-04 
 9.10216497e-06 -2.87235937e-01 -6.94085900e-11  8.08472970e-01  9.15338957e-04 
 9.10716497e-06 -2.87235937e-01 -6.94091451e-11  8.08472970e-01  9.14760687e-04 
 9.11216497e-06 -2.87235937e-01 -6.94077018e-11  8.08472970e-01  9.15338827e-04 
 9.11716497e-06 -2.87235937e-01 -6.94062585e-11  8.08472970e-01  9.14760817e-04 
 9.12216497e-06 -2.87235937e-01 -6.94047042e-11  8.08472970e-01  9.15338696e-04 
 9.12716497e-06 -2.87235937e-01 -6.94024838e-11  8.08472970e-01  9.14760948e-04 
 9.13216497e-06 -2.87235937e-01 -6.94011515e-11  8.08472970e-01  9.15338566e-04 
 9.13716497e-06 -2.87235937e-01 -6.93990421e-11  8.08472970e-01  9.14761078e-04 
 9.14216497e-06 -2.87235937e-01 -6.93975988e-11  8.08472970e-01  9.15338436e-04 
 9.14716497e-06 -2.87235937e-01 -6.93975988e-11  8.08472970e-01  9.14761209e-04 
 9.15216497e-06 -2.87235937e-01 -6.93965996e-11  8.08472970e-01  9.15338305e-04 
 9.15716497e-06 -2.87235937e-01 -6.93951563e-11  8.08472970e-01  9.14761339e-04 
 9.16216497e-06 -2.87235937e-01 -6.93943791e-11  8.08472970e-01  9.15338175e-04 
 9.16716497e-06 -2.87235937e-01 -6.93922697e-11  8.08472970e-01  9.14761469e-04 
 9.17216497e-06 -2.87235937e-01 -6.93912705e-11  8.08472970e-01  9.15338045e-04 
 9.17716497e-06 -2.87235937e-01 -6.93917146e-11  8.08472970e-01  9.14761599e-04 
 9.18216497e-06 -2.87235937e-01 -6.93914926e-11  8.08472970e-01  9.15337915e-04 
 9.18716497e-06 -2.87235937e-01 -6.93917146e-11  8.08472970e-01  9.14761729e-04 
 9.19216497e-06 -2.87235937e-01 -6.93906044e-11  8.08472970e-01  9.15337785e-04 
 9.19716497e-06 -2.87235937e-01 -6.93898272e-11  8.08472970e-01  9.14761859e-04 
 9.20216497e-06 -2.87235937e-01 -6.93890501e-11  8.08472970e-01  9.15337655e-04 
 9.20716497e-06 -2.87235937e-01 -6.93874957e-11  8.08472970e-01  9.14761989e-04 
 9.21216497e-06 -2.87235937e-01 -6.93872737e-11  8.08472970e-01  9.15337525e-04 
 9.21716497e-06 -2.87235937e-01 -6.93878288e-11  8.08472970e-01  9.14762119e-04 
 9.22216497e-06 -2.87235937e-01 -6.93890501e-11  8.08472970e-01  9.15337395e-04 
 9.22716497e-06 -2.87235937e-01 -6.93880509e-11  8.08472970e-01  9.14762249e-04 
 9.23216497e-06 -2.87235937e-01 -6.93856084e-11  8.08472970e-01  9.15337265e-04 
 9.23716497e-06 -2.87235937e-01 -6.93856084e-11  8.08472970e-01  9.14762379e-04 
 9.24216497e-06 -2.87235937e-01 -6.93853863e-11  8.08472970e-01  9.15337135e-04 
 9.24716497e-06 -2.87235937e-01 -6.93840541e-11  8.08472970e-01  9.14762509e-04 
 9.25216497e-06 -2.87235937e-01 -6.93847202e-11  8.08472970e-01  9.15337005e-04 
 9.25716497e-06 -2.87235937e-01 -6.93847202e-11  8.08472970e-01  9.14762638e-04 
 9.26216497e-06 -2.87235937e-01 -6.93831659e-11  8.08472970e-01  9.15336876e-04 
 9.26716497e-06 -2.87235937e-01 -6.93802793e-11  8.08472970e-01  9.14762768e-04 
 9.27216497e-06 -2.87235937e-01 -6.93783919e-11  8.08472970e-01  9.15336746e-04 
 9.27716497e-06 -2.87235937e-01 -6.93775037e-11  8.08472970e-01  9.14762898e-04 
 9.28216497e-06 -2.87235937e-01 -6.93751723e-11  8.08472970e-01  9.15336617e-04 
 9.28716497e-06 -2.87235937e-01 -6.93735069e-11  8.08472970e-01  9.14763027e-04 
 9.29216497e-06 -2.87235937e-01 -6.93726188e-11  8.08472970e-01  9.15336487e-04 
 9.29716497e-06 -2.87235937e-01 -6.93723967e-11  8.08472970e-01  9.14763157e-04 
 9.30216497e-06 -2.87235937e-01 -6.93723967e-11  8.08472970e-01  9.15336358e-04 
 9.30716497e-06 -2.87235937e-01 -6.93727298e-11  8.08472970e-01  9.14763286e-04 
 9.31216497e-06 -2.87235937e-01 -6.93727298e-11  8.08472970e-01  9.15336228e-04 
 9.31716497e-06 -2.87235937e-01 -6.93718416e-11  8.08472970e-01  9.14763415e-04 
 9.32216497e-06 -2.87235937e-01 -6.93692881e-11  8.08472970e-01  9.15336099e-04 
 9.32716497e-06 -2.87235937e-01 -6.93655133e-11  8.08472970e-01  9.14763545e-04 
 9.33216497e-06 -2.87235937e-01 -6.93617386e-11  8.08472970e-01  9.15335970e-04 
 9.33716497e-06 -2.87235937e-01 -6.93585189e-11  8.08472970e-01  9.14763674e-04 
 9.34216497e-06 -2.87235937e-01 -6.93559654e-11  8.08472970e-01  9.15335840e-04 
 9.34716497e-06 -2.87235937e-01 -6.93545221e-11  8.08472970e-01  9.14763803e-04 
 9.35216497e-06 -2.87235937e-01 -6.93534119e-11  8.08472970e-01  9.15335711e-04 
 9.35716497e-06 -2.87235937e-01 -6.93523017e-11  8.08472970e-01  9.14763932e-04 
 9.36216497e-06 -2.87235937e-01 -6.93520796e-11  8.08472970e-01  9.15335582e-04 
 9.36716497e-06 -2.87235937e-01 -6.93508584e-11  8.08472970e-01  9.14764061e-04 
 9.37216497e-06 -2.87235937e-01 -6.93495261e-11  8.08472970e-01  9.15335453e-04 
 9.37716497e-06 -2.87235937e-01 -6.93488600e-11  8.08472970e-01  9.14764190e-04 
 9.38216497e-06 -2.87235937e-01 -6.93486379e-11  8.08472970e-01  9.15335324e-04 
 9.38716497e-06 -2.87235937e-01 -6.93500812e-11  8.08472970e-01  9.14764319e-04 
 9.39216497e-06 -2.87235937e-01 -6.93508584e-11  8.08472970e-01  9.15335195e-04 
 9.39716497e-06 -2.87235937e-01 -6.93516355e-11  8.08472970e-01  9.14764448e-04 
 9.40216497e-06 -2.87235937e-01 -6.93531899e-11  8.08472970e-01  9.15335066e-04 
 9.40716497e-06 -2.87235937e-01 -6.93537450e-11  8.08472970e-01  9.14764577e-04 
 9.41216497e-06 -2.87235937e-01 -6.93527458e-11  8.08472970e-01  9.15334938e-04 
 9.41716497e-06 -2.87235937e-01 -6.93520796e-11  8.08472970e-01  9.14764706e-04 
 9.42216497e-06 -2.87235937e-01 -6.93509694e-11  8.08472970e-01  9.15334809e-04 
 9.42716497e-06 -2.87235937e-01 -6.93498592e-11  8.08472970e-01  9.14764835e-04 
 9.43216497e-06 -2.87235937e-01 -6.93486379e-11  8.08472970e-01  9.15334680e-04 
 9.43716497e-06 -2.87235937e-01 -6.93481939e-11  8.08472970e-01  9.14764963e-04 
 9.44216497e-06 -2.87235937e-01 -6.93493041e-11  8.08472970e-01  9.15334551e-04 
 9.44716497e-06 -2.87235937e-01 -6.93480828e-11  8.08472970e-01  9.14765092e-04 
 9.45216497e-06 -2.87235937e-01 -6.93468616e-11  8.08472970e-01  9.15334423e-04 
 9.45716497e-06 -2.87235937e-01 -6.93451963e-11  8.08472970e-01  9.14765220e-04 
 9.46216497e-06 -2.87235937e-01 -6.93440860e-11  8.08472970e-01  9.15334294e-04 
 9.46716497e-06 -2.87235937e-01 -6.93443081e-11  8.08472970e-01  9.14765349e-04 
 9.47216497e-06 -2.87235937e-01 -6.93441971e-11  8.08472970e-01  9.15334166e-04 
 9.47716497e-06 -2.87235937e-01 -6.93437530e-11  8.08472970e-01  9.14765477e-04 
 9.48216497e-06 -2.87235937e-01 -6.93441971e-11  8.08472970e-01  9.15334038e-04 
 9.48716497e-06 -2.87235937e-01 -6.93439750e-11  8.08472970e-01  9.14765606e-04 
 9.49216497e-06 -2.87235937e-01 -6.93431979e-11  8.08472970e-01  9.15333909e-04 
 9.49716497e-06 -2.87235937e-01 -6.93426427e-11  8.08472970e-01  9.14765734e-04 
 9.50216497e-06 -2.87235937e-01 -6.93427538e-11  8.08472970e-01  9.15333781e-04 
 9.50716497e-06 -2.87235937e-01 -6.93439750e-11  8.08472970e-01  9.14765862e-04 
 9.51216497e-06 -2.87235937e-01 -6.93437530e-11  8.08472970e-01  9.15333653e-04 
 9.51716497e-06 -2.87235937e-01 -6.93423097e-11  8.08472970e-01  9.14765990e-04 
 9.52216497e-06 -2.87235937e-01 -6.93418656e-11  8.08472970e-01  9.15333524e-04 
 9.52716497e-06 -2.87235937e-01 -6.93416435e-11  8.08472970e-01  9.14766119e-04 
 9.53216497e-06 -2.87235937e-01 -6.93404223e-11  8.08472970e-01  9.15333396e-04 
 9.53716497e-06 -2.87235937e-01 -6.93379798e-11  8.08472970e-01  9.14766247e-04 
 9.54216497e-06 -2.87235937e-01 -6.93343161e-11  8.08472970e-01  9.15333268e-04 
 9.54716497e-06 -2.87235937e-01 -6.93342050e-11  8.08472970e-01  9.14766375e-04 
 9.55216497e-06 -2.87235937e-01 -6.93350932e-11  8.08472970e-01  9.15333140e-04 
 9.55716497e-06 -2.87235937e-01 -6.93344271e-11  8.08472970e-01  9.14766503e-04 
 9.56216497e-06 -2.87235937e-01 -6.93340940e-11  8.08472970e-01  9.15333012e-04 
 9.56716497e-06 -2.87235937e-01 -6.93330948e-11  8.08472970e-01  9.14766631e-04 
 9.57216497e-06 -2.87235937e-01 -6.93328728e-11  8.08472970e-01  9.15332884e-04 
 9.57716497e-06 -2.87235937e-01 -6.93319846e-11  8.08472970e-01  9.14766758e-04 
 9.58216497e-06 -2.87235937e-01 -6.93312074e-11  8.08472970e-01  9.15332757e-04 
 9.58716497e-06 -2.87235937e-01 -6.93329838e-11  8.08472970e-01  9.14766886e-04 
 9.59216497e-06 -2.87235937e-01 -6.93336499e-11  8.08472970e-01  9.15332629e-04 
 9.59716497e-06 -2.87235937e-01 -6.93336499e-11  8.08472970e-01  9.14767014e-04 
 9.60216497e-06 -2.87235937e-01 -6.93329838e-11  8.08472970e-01  9.15332501e-04 
 9.60716497e-06 -2.87235937e-01 -6.93328728e-11  8.08472970e-01  9.14767142e-04 
 9.61216497e-06 -2.87235937e-01 -6.93354263e-11  8.08472970e-01  9.15332373e-04 
 9.61716497e-06 -2.87235937e-01 -6.93365365e-11  8.08472970e-01  9.14767269e-04 
 9.62216497e-06 -2.87235937e-01 -6.93372026e-11  8.08472970e-01  9.15332246e-04 
 9.62716497e-06 -2.87235937e-01 -6.93389790e-11  8.08472970e-01  9.14767397e-04 
 9.63216497e-06 -2.87235937e-01 -6.93404223e-11  8.08472970e-01  9.15332118e-04 
 9.63716497e-06 -2.87235937e-01 -6.93407554e-11  8.08472970e-01  9.14767524e-04 
 9.64216497e-06 -2.87235937e-01 -6.93393121e-11  8.08472970e-01  9.15331991e-04 
 9.64716497e-06 -2.87235937e-01 -6.93377578e-11  8.08472970e-01  9.14767652e-04 
 9.65216497e-06 -2.87235937e-01 -6.93370916e-11  8.08472970e-01  9.15331863e-04 
 9.65716497e-06 -2.87235937e-01 -6.93370916e-11  8.08472970e-01  9.14767779e-04 
 9.66216497e-06 -2.87235937e-01 -6.93395341e-11  8.08472970e-01  9.15331736e-04 
 9.66716497e-06 -2.87235937e-01 -6.93437530e-11  8.08472970e-01  9.14767907e-04 
 9.67216497e-06 -2.87235937e-01 -6.93463065e-11  8.08472970e-01  9.15331609e-04 
 9.67716497e-06 -2.87235937e-01 -6.93480828e-11  8.08472970e-01  9.14768034e-04 
 9.68216497e-06 -2.87235937e-01 -6.93490820e-11  8.08472970e-01  9.15331481e-04 
 9.68716497e-06 -2.87235937e-01 -6.93490820e-11  8.08472970e-01  9.14768161e-04 
 9.69216497e-06 -2.87235937e-01 -6.93484159e-11  8.08472970e-01  9.15331354e-04 
 9.69716497e-06 -2.87235937e-01 -6.93478608e-11  8.08472970e-01  9.14768288e-04 
 9.70216497e-06 -2.87235937e-01 -6.93481939e-11  8.08472970e-01  9.15331227e-04 
 9.70716497e-06 -2.87235937e-01 -6.93483049e-11  8.08472970e-01  9.14768415e-04 
 9.71216497e-06 -2.87235937e-01 -6.93503033e-11  8.08472970e-01  9.15331100e-04 
 9.71716497e-06 -2.87235937e-01 -6.93528568e-11  8.08472970e-01  9.14768542e-04 
 9.72216497e-06 -2.87235937e-01 -6.93533009e-11  8.08472970e-01  9.15330973e-04 
 9.72716497e-06 -2.87235937e-01 -6.93533009e-11  8.08472970e-01  9.14768669e-04 
 9.73216497e-06 -2.87235937e-01 -6.93555213e-11  8.08472970e-01  9.15330846e-04 
 9.73716497e-06 -2.87235937e-01 -6.93575197e-11  8.08472970e-01  9.14768796e-04 
 9.74216497e-06 -2.87235937e-01 -6.93594071e-11  8.08472970e-01  9.15330719e-04 
 9.74716497e-06 -2.87235937e-01 -6.93618496e-11  8.08472970e-01  9.14768923e-04 
 9.75216497e-06 -2.87235937e-01 -6.93642921e-11  8.08472970e-01  9.15330592e-04 
 9.75716497e-06 -2.87235937e-01 -6.93638480e-11  8.08472970e-01  9.14769050e-04 
 9.76216497e-06 -2.87235937e-01 -6.93607394e-11  8.08472970e-01  9.15330465e-04 
 9.76716497e-06 -2.87235937e-01 -6.93584079e-11  8.08472970e-01  9.14769177e-04 
 9.77216497e-06 -2.87235937e-01 -6.93566315e-11  8.08472970e-01  9.15330339e-04 
 9.77716497e-06 -2.87235937e-01 -6.93558544e-11  8.08472970e-01  9.14769304e-04 
 9.78216497e-06 -2.87235937e-01 -6.93561875e-11  8.08472970e-01  9.15330212e-04 
 9.78716497e-06 -2.87235937e-01 -6.93565205e-11  8.08472970e-01  9.14769430e-04 
 9.79216497e-06 -2.87235937e-01 -6.93572977e-11  8.08472970e-01  9.15330085e-04 
 9.79716497e-06 -2.87235937e-01 -6.93571867e-11  8.08472970e-01  9.14769557e-04 
 9.80216497e-06 -2.87235937e-01 -6.93555213e-11  8.08472970e-01  9.15329959e-04 
 9.80716497e-06 -2.87235937e-01 -6.93534119e-11  8.08472970e-01  9.14769683e-04 
 9.81216497e-06 -2.87235937e-01 -6.93497482e-11  8.08472970e-01  9.15329832e-04 
 9.81716497e-06 -2.87235937e-01 -6.93473057e-11  8.08472970e-01  9.14769810e-04 
 9.82216497e-06 -2.87235937e-01 -6.93458624e-11  8.08472970e-01  9.15329706e-04 
 9.82716497e-06 -2.87235937e-01 -6.93446411e-11  8.08472970e-01  9.14769936e-04 
 9.83216497e-06 -2.87235937e-01 -6.93449742e-11  8.08472970e-01  9.15329579e-04 
 9.83716497e-06 -2.87235937e-01 -6.93459734e-11  8.08472970e-01  9.14770063e-04 
 9.84216497e-06 -2.87235937e-01 -6.93479718e-11  8.08472970e-01  9.15329453e-04 
 9.84716497e-06 -2.87235937e-01 -6.93489710e-11  8.08472970e-01  9.14770189e-04 
 9.85216497e-06 -2.87235937e-01 -6.93494151e-11  8.08472970e-01  9.15329327e-04 
 9.85716497e-06 -2.87235937e-01 -6.93503033e-11  8.08472970e-01  9.14770315e-04 
 9.86216497e-06 -2.87235937e-01 -6.93495261e-11  8.08472970e-01  9.15329201e-04 
 9.86716497e-06 -2.87235937e-01 -6.93494151e-11  8.08472970e-01  9.14770442e-04 
 9.87216497e-06 -2.87235937e-01 -6.93498592e-11  8.08472970e-01  9.15329074e-04 
 9.87716497e-06 -2.87235937e-01 -6.93490820e-11  8.08472970e-01  9.14770568e-04 
 9.88216497e-06 -2.87235937e-01 -6.93478608e-11  8.08472970e-01  9.15328948e-04 
 9.88716497e-06 -2.87235937e-01 -6.93465285e-11  8.08472970e-01  9.14770694e-04 
 9.89216497e-06 -2.87235937e-01 -6.93453073e-11  8.08472970e-01  9.15328822e-04 
 9.89716497e-06 -2.87235937e-01 -6.93456403e-11  8.08472970e-01  9.14770820e-04 
 9.90216497e-06 -2.87235937e-01 -6.93456403e-11  8.08472970e-01  9.15328696e-04 
 9.90716497e-06 -2.87235937e-01 -6.93449742e-11  8.08472970e-01  9.14770946e-04 
 9.91216497e-06 -2.87235937e-01 -6.93439750e-11  8.08472970e-01  9.15328570e-04 
 9.91716497e-06 -2.87235937e-01 -6.93417546e-11  8.08472970e-01  9.14771072e-04 
 9.92216497e-06 -2.87235937e-01 -6.93417546e-11  8.08472970e-01  9.15328444e-04 
 9.92716497e-06 -2.87235937e-01 -6.93433089e-11  8.08472970e-01  9.14771198e-04 
 9.93216497e-06 -2.87235937e-01 -6.93440860e-11  8.08472970e-01  9.15328318e-04 
 9.93716497e-06 -2.87235937e-01 -6.93451963e-11  8.08472970e-01  9.14771323e-04 
 9.94216497e-06 -2.87235937e-01 -6.93450852e-11  8.08472970e-01  9.15328193e-04 
 9.94716497e-06 -2.87235937e-01 -6.93437530e-11  8.08472970e-01  9.14771449e-04 
 9.95216497e-06 -2.87235937e-01 -6.93445301e-11  8.08472970e-01  9.15328067e-04 
 9.95716497e-06 -2.87235937e-01 -6.93436419e-11  8.08472970e-01  9.14771575e-04 
 9.96216497e-06 -2.87235937e-01 -6.93438640e-11  8.08472970e-01  9.15327941e-04 
 9.96716497e-06 -2.87235937e-01 -6.93464175e-11  8.08472970e-01  9.14771701e-04 
 9.97216497e-06 -2.87235937e-01 -6.93474167e-11  8.08472970e-01  9.15327816e-04 
 9.97716497e-06 -2.87235937e-01 -6.93474167e-11  8.08472970e-01  9.14771826e-04 
 9.98216497e-06 -2.87235937e-01 -6.93464175e-11  8.08472970e-01  9.15327690e-04 
 9.98716497e-06 -2.87235937e-01 -6.93455293e-11  8.08472970e-01  9.14771952e-04 
 9.99216497e-06 -2.87235937e-01 -6.93447522e-11  8.08472970e-01  9.15327565e-04 
 9.99608248e-06 -2.87235937e-01 -6.93453073e-11  8.08472970e-01  9.14772094e-04 
 1.00000000e-05 -2.87235937e-01 -6.93450852e-11  8.08472970e-01  9.15327404e-04 
 1.00001000e-05 -2.87240237e-01 -6.14859275e-11  8.08478108e-01  9.60159247e-04 
 1.00003000e-05 -2.87271391e-01  2.10109152e-10  8.08494155e-01  9.53734961e-04 
 1.00006500e-05 -2.87493588e-01  9.52600978e-08  8.08530576e-01  9.50942082e-04 
 1.00010000e-05 -2.85933803e-01 -4.54498373e-04  8.09366305e-01  9.41272350e-04 
 1.00010700e-05 -2.85037154e-01 -6.31629163e-04  8.09770357e-01  9.13037939e-04 
 1.00012100e-05 -2.82984508e-01 -9.73232241e-04  8.10670479e-01  9.12295276e-04 
 1.00014900e-05 -2.78374304e-01 -1.58947130e-03  8.12595446e-01  9.12102654e-04 
 1.00020500e-05 -2.71293494e-01 -2.62201380e-03  8.15365272e-01  9.12323858e-04 
 1.00031700e-05 -2.66668998e-01 -4.20247100e-03  8.16788042e-01  9.13439399e-04 
 1.00054100e-05 -2.68049168e-01 -6.49703799e-03  8.14916512e-01  9.14142158e-04 
 1.00077050e-05 -2.64495454e-01 -8.37317426e-03  8.13882181e-01  9.14447703e-04 
 1.00100000e-05 -2.52981822e-01 -1.00955814e-02  8.14395815e-01  9.14159559e-04 
 1.00104590e-05 -2.49569599e-01 -1.04257459e-02  8.14600901e-01  9.14209763e-04 
 1.00113770e-05 -2.41717171e-01 -1.10775963e-02  8.15047674e-01  9.14147421e-04 
 1.00132130e-05 -2.22467027e-01 -1.23241786e-02  8.15869897e-01  9.14110523e-04 
 1.00168850e-05 -1.85183611e-01 -1.45560942e-02  8.16435081e-01  9.14285211e-04 
 1.00218850e-05 -1.47071656e-01 -1.70527960e-02  8.15669910e-01  9.14725529e-04 
 1.00268850e-05 -1.20352746e-01 -1.90331081e-02  8.14107788e-01  9.15312492e-04 
 1.00318850e-05 -1.00797410e-01 -2.06249772e-02  8.12296311e-01  9.15981617e-04 
 1.00368850e-05 -8.59073008e-02 -2.19141002e-02  8.10631499e-01  9.16671460e-04 
 1.00418850e-05 -7.40242364e-02 -2.29583857e-02  8.09179380e-01  9.17383632e-04 
 1.00468850e-05 -6.40424440e-02 -2.38006261e-02  8.07953819e-01  9.18050665e-04 
 1.00518850e-05 -5.53156694e-02 -2.44722652e-02  8.06912253e-01  9.18678959e-04 
 1.00568850e-05 -4.73900286e-02 -2.49955161e-02  8.06035423e-01  9.19195721e-04 
 1.00618850e-05 -4.00287003e-02 -2.53857074e-02  8.05295587e-01  9.19626739e-04 
 1.00668850e-05 -3.30480660e-02 -2.56534928e-02  8.04686290e-01  9.19907235e-04 
 1.00718850e-05 -2.63639291e-02 -2.58065461e-02  8.04194939e-01  9.20084172e-04 
 1.00768850e-05 -1.98988161e-02 -2.58507111e-02  8.03821140e-01  9.20103169e-04 
 1.00818850e-05 -1.36238305e-02 -2.57906360e-02  8.03557843e-01  9.20022657e-04 
 1.00868850e-05 -7.50376179e-03 -2.56302205e-02  8.03404168e-01  9.19787589e-04 
 1.00918850e-05 -1.52886040e-03 -2.53730386e-02  8.03353052e-01  9.19474979e-04 
 1.00968850e-05  4.31904118e-03 -2.50225340e-02  8.03400997e-01  9.19030841e-04 
 1.01018850e-05  1.00440250e-02 -2.45820874e-02  8.03539665e-01  9.18537306e-04 
 1.01068850e-05  1.56567438e-02 -2.40550639e-02  8.03762717e-01  9.17940686e-04 
 1.01118850e-05  2.11591477e-02 -2.34448354e-02  8.04060330e-01  9.17325796e-04 
 1.01168850e-05  2.65583063e-02 -2.27547869e-02  8.04424027e-01  9.16638369e-04 
 1.01218850e-05  3.18557792e-02 -2.19883128e-02  8.04842985e-01  9.15965347e-04 
 1.01268850e-05  3.70565687e-02 -2.11488061e-02  8.05307516e-01  9.15249888e-04 
 1.01318850e-05  4.21620001e-02 -2.02396432e-02  8.05806523e-01  9.14579112e-04 
 1.01368850e-05  4.71758544e-02 -1.92641667e-02  8.06329960e-01  9.13893129e-04 
 1.01418850e-05  5.20993072e-02 -1.82256678e-02  8.06867112e-01  9.13278067e-04 
 1.01468850e-05  5.69352742e-02 -1.71273678e-02  8.07408344e-01  9.12670530e-04 
 1.01518850e-05  6.16847328e-02 -1.59724001e-02  8.07943894e-01  9.12154811e-04 
 1.01568850e-05  6.63499188e-02 -1.47637939e-02  8.08465122e-01  9.11663789e-04 
 1.01618850e-05  7.09315834e-02 -1.35044591e-02  8.08963667e-01  9.11279418e-04 
 1.01668850e-05  7.54314183e-02 -1.21971738e-02  8.09432330e-01  9.10930842e-04 
 1.01718850e-05  7.98499461e-02 -1.08445732e-02  8.09864471e-01  9.10697443e-04 
 1.01768850e-05  8.41884597e-02 -9.44914246e-03  8.10254658e-01  9.10504775e-04 
 1.01818850e-05  8.84472894e-02 -8.01321112e-03  8.10598178e-01  9.10429653e-04 
 1.01868850e-05  9.26274206e-02 -6.53895139e-03  8.10891509e-01  9.10394389e-04 
 1.01918850e-05  9.67291114e-02 -5.02837907e-03  8.11131991e-01  9.10473336e-04 
 1.01968850e-05  1.00753171e-01 -3.48335761e-03  8.11318100e-01  9.10586025e-04 
 1.02018850e-05  1.04699857e-01 -1.90560514e-03  8.11449194e-01  9.10804673e-04 
 1.02068850e-05  1.08569940e-01 -2.96704085e-04  8.11525696e-01  9.11046563e-04 
 1.02118850e-05  1.12363766e-01  1.34188674e-03  8.11548865e-01  9.11382204e-04 
 1.02168850e-05  1.16082176e-01  3.00881807e-03  8.11520907e-01  9.11727249e-04 
 1.02218850e-05  1.19725676e-01  4.70283460e-03  8.11444759e-01  9.12151015e-04 
 1.02268850e-05  1.23295252e-01  6.42275810e-03  8.11324136e-01  9.12568197e-04 
 1.02318850e-05  1.26791622e-01  8.16747096e-03  8.11163328e-01  9.13047470e-04 
 1.02368850e-05  1.30215941e-01  9.93589852e-03  8.10967195e-01  9.13503269e-04 
 1.02418850e-05  1.33569148e-01  1.17269921e-02  8.10740981e-01  9.14004211e-04 
 1.02468850e-05  1.36852582e-01  1.35397140e-02  8.10490270e-01  9.14465109e-04 
 1.02518850e-05  1.40067375e-01  1.53730235e-02  8.10220799e-01  9.14955082e-04 
 1.02568850e-05  1.43215014e-01  1.72258640e-02  8.09938414e-01  9.15389922e-04 
 1.02618850e-05  1.46296782e-01  1.90971531e-02  8.09648887e-01  9.15839714e-04 
 1.02668850e-05  1.49314265e-01  2.09857744e-02  8.09357876e-01  9.16221722e-04 
 1.02718850e-05  1.52268845e-01  2.28905719e-02  8.09070753e-01  9.16607360e-04 
 1.02768850e-05  1.55162145e-01  2.48103468e-02  8.08792579e-01  9.16915721e-04 
 1.02818850e-05  1.57995583e-01  2.67438566e-02  8.08527958e-01  9.17219774e-04 
 1.02868850e-05  1.60770768e-01  2.86898163e-02  8.08281027e-01  9.17440643e-04 
 1.02918850e-05  1.63489098e-01  3.06469021e-02  8.08055344e-01  9.17652928e-04 
 1.02968850e-05  1.66152119e-01  3.26137565e-02  8.07853898e-01  9.17779824e-04 
 1.03018850e-05  1.68761161e-01  3.45889951e-02  8.07679032e-01  9.17897491e-04 
 1.03068850e-05  1.71317669e-01  3.65712152e-02  8.07532478e-01  9.17931092e-04 
 1.03118850e-05  1.73822877e-01  3.85590050e-02  8.07415306e-01  9.17958143e-04 
 1.03168850e-05  1.76278100e-01  4.05509534e-02  8.07327992e-01  9.17905540e-04 
 1.03218850e-05  1.78684455e-01  4.25456606e-02  8.07270389e-01  9.17851849e-04 
 1.03268850e-05  1.81043115e-01  4.45417485e-02  8.07241814e-01  9.17725379e-04 
 1.03318850e-05  1.83355073e-01  4.65378713e-02  8.07241042e-01  9.17605368e-04 
 1.03368850e-05  1.85621362e-01  4.85327254e-02  8.07266413e-01  9.17421165e-04 
 1.03418850e-05  1.87842849e-01  5.05250585e-02  8.07315835e-01  9.17252270e-04 
 1.03468850e-05  1.90020435e-01  5.25136782e-02  8.07386901e-01  9.17028678e-04 
 1.03518850e-05  1.92154878e-01  5.44974592e-02  8.07476903e-01  9.16829754e-04 
 1.03568850e-05  1.94246961e-01  5.64753498e-02  8.07582950e-01  9.16585762e-04 
 1.03618850e-05  1.96297352e-01  5.84463762e-02  8.07701984e-01  9.16375565e-04 
 1.03668850e-05  1.98306739e-01  6.04096466e-02  8.07830898e-01  9.16129368e-04 
 1.03718850e-05  2.00275719e-01  6.23643532e-02  8.07966544e-01  9.15925223e-04 
 1.03768850e-05  2.02204914e-01  6.43097728e-02  8.08105850e-01  9.15693009e-04 
 1.03818850e-05  2.04094873e-01  6.62452662e-02  8.08245818e-01  9.15509737e-04 
 1.03868850e-05  2.05946174e-01  6.81702768e-02  8.08383627e-01  9.15304768e-04 
 1.03918850e-05  2.07759347e-01  7.00843272e-02  8.08516627e-01  9.15153911e-04 
 1.03968850e-05  2.09534947e-01  7.19870151e-02  8.08642428e-01  9.14985906e-04 
 1.04018850e-05  2.11273503e-01  7.38780088e-02  8.08758880e-01  9.14875285e-04 
 1.04068850e-05  2.12975569e-01  7.57570405e-02  8.08864149e-01  9.14750128e-04 
 1.04118850e-05  2.14641687e-01  7.76239009e-02  8.08956688e-01  9.14683698e-04 
 1.04168850e-05  2.16272427e-01  7.94784314e-02  8.09035295e-01  9.14603452e-04 
 1.04218850e-05  2.17868355e-01  8.13205173e-02  8.09099070e-01  9.14581449e-04 
 1.04268850e-05  2.19430063e-01  8.31500803e-02  8.09147467e-01  9.14544620e-04 
 1.04318850e-05  2.20958148e-01  8.49670708e-02  8.09180236e-01  9.14563949e-04 
 1.04368850e-05  2.22453229e-01  8.67714609e-02  8.09197458e-01  9.14565985e-04 
 1.04418850e-05  2.23915932e-01  8.85632372e-02  8.09199483e-01  9.14620800e-04 
 1.04468850e-05  2.25346898e-01  9.03423939e-02  8.09186956e-01  9.14654741e-04 
 1.04518850e-05  2.26746782e-01  9.21089270e-02  8.09160741e-01  9.14737160e-04 
 1.04568850e-05  2.28116243e-01  9.38628282e-02  8.09121944e-01  9.14794397e-04 
 1.04618850e-05  2.29455950e-01  9.56040804e-02  8.09071832e-01  9.14895288e-04 
 1.04668850e-05  2.30766573e-01  9.73326531e-02  8.09011846e-01  9.14966367e-04 
 1.04718850e-05  2.32048788e-01  9.90484993e-02  8.08943520e-01  9.15076152e-04 
 1.04768850e-05  2.33303260e-01  1.00751552e-01  8.08868496e-01  9.15151555e-04 
 1.04818850e-05  2.34530661e-01  1.02441725e-01  8.08788438e-01  9.15260962e-04 
 1.04868850e-05  2.35731642e-01  1.04118907e-01  8.08705046e-01  9.15331825e-04 
 1.04918850e-05  2.36906858e-01  1.05782966e-01  8.08619977e-01  9.15432548e-04 
 1.04968850e-05  2.38056934e-01  1.07433747e-01  8.08534861e-01  9.15491254e-04 
 1.05018850e-05  2.39182497e-01  1.09071075e-01  8.08451225e-01  9.15576480e-04 
 1.05068850e-05  2.40284137e-01  1.10694756e-01  8.08370515e-01  9.15617106e-04 
 1.05118850e-05  2.41362443e-01  1.12304578e-01  8.08294030e-01  9.15681875e-04 
 1.05168850e-05  2.42417964e-01  1.13900316e-01  8.08222943e-01  9.15700470e-04 
 1.05218850e-05  2.43451248e-01  1.15481735e-01  8.08158248e-01  9.15741867e-04 
 1.05268850e-05  2.44462795e-01  1.17048590e-01  8.08100790e-01  9.15736550e-04 
 1.05318850e-05  2.45453107e-01  1.18600637e-01  8.08051214e-01  9.15753715e-04 
 1.05368850e-05  2.46422638e-01  1.20137627e-01  8.08010008e-01  9.15724613e-04 
 1.05418850e-05  2.47371840e-01  1.21659320e-01  8.07977457e-01  9.15718609e-04 
 1.05468850e-05  2.48301122e-01  1.23165481e-01  8.07953692e-01  9.15667644e-04 
 1.05518850e-05  2.49210893e-01  1.24655886e-01  8.07938651e-01  9.15641179e-04 
 1.05568850e-05  2.50101516e-01  1.26130329e-01  8.07932139e-01  9.15571750e-04 
 1.05618850e-05  2.50973361e-01  1.27588619e-01  8.07933789e-01  9.15528814e-04 
 1.05668850e-05  2.51826754e-01  1.29030586e-01  8.07943125e-01  9.15445394e-04 
 1.05718850e-05  2.52662032e-01  1.30456086e-01  8.07959533e-01  9.15390835e-04 
 1.05768850e-05  2.53479487e-01  1.31864998e-01  8.07982322e-01  9.15298532e-04 
 1.05818850e-05  2.54279431e-01  1.33257226e-01  8.08010702e-01  9.15237613e-04 
 1.05868850e-05  2.55062133e-01  1.34632706e-01  8.08043840e-01  9.15141734e-04 
 1.05918850e-05  2.55827883e-01  1.35991400e-01  8.08080842e-01  9.15079707e-04 
 1.05968850e-05  2.56576937e-01  1.37333299e-01  8.08120811e-01  9.14985349e-04 
 1.06018850e-05  2.57309573e-01  1.38658421e-01  8.08162824e-01  9.14927071e-04 
 1.06068850e-05  2.58026035e-01  1.39966815e-01  8.08205993e-01  9.14838772e-04 
 1.06118850e-05  2.58726596e-01  1.41258553e-01  8.08249434e-01  9.14788397e-04 
 1.06168850e-05  2.59411500e-01  1.42533736e-01  8.08292329e-01  9.14709865e-04 
 1.06218850e-05  2.60081016e-01  1.43792486e-01  8.08333895e-01  9.14670613e-04 
 1.06268850e-05  2.60735391e-01  1.45034947e-01  8.08373436e-01  9.14604542e-04 
 1.06318850e-05  2.61374899e-01  1.46261284e-01  8.08410312e-01  9.14578563e-04 
 1.06368850e-05  2.61999790e-01  1.47471677e-01  8.08443990e-01  9.14526543e-04 
 1.06418850e-05  2.62610344e-01  1.48666322e-01  8.08474003e-01  9.14514870e-04 
 1.06468850e-05  2.63206819e-01  1.49845426e-01  8.08500001e-01  9.14477383e-04 
 1.06518850e-05  2.63789501e-01  1.51009206e-01  8.08521707e-01  9.14479971e-04 
 1.06568850e-05  2.64358655e-01  1.52157888e-01  8.08538959e-01  9.14456470e-04 
 1.06618850e-05  2.64914573e-01  1.53291698e-01  8.08551671e-01  9.14472306e-04 
 1.06668850e-05  2.65457525e-01  1.54410867e-01  8.08559864e-01  9.14461355e-04 
 1.06718850e-05  2.65987809e-01  1.55515626e-01  8.08563625e-01  9.14488631e-04 
 1.06768850e-05  2.66505697e-01  1.56606202e-01  8.08563139e-01  9.14488095e-04 
 1.06818850e-05  2.67011488e-01  1.57682820e-01  8.08558644e-01  9.14524412e-04 
 1.06868850e-05  2.67505456e-01  1.58745695e-01  8.08550457e-01  9.14531685e-04 
 1.06918850e-05  2.67987897e-01  1.59795040e-01  8.08538933e-01  9.14574286e-04 
 1.06968850e-05  2.68459081e-01  1.60831056e-01  8.08524489e-01  9.14586517e-04 
 1.07018850e-05  2.68919300e-01  1.61853934e-01  8.08507557e-01  9.14632521e-04 
 1.07068850e-05  2.69368817e-01  1.62863858e-01  8.08488612e-01  9.14646847e-04 
 1.07118850e-05  2.69807914e-01  1.63860999e-01  8.08468126e-01  9.14693463e-04 
 1.07168850e-05  2.70236844e-01  1.64845518e-01  8.08446590e-01  9.14707213e-04 
 1.07218850e-05  2.70655877e-01  1.65817565e-01  8.08424477e-01  9.14751935e-04 
 1.07268850e-05  2.71065253e-01  1.66777280e-01  8.08402259e-01  9.14762802e-04 
 1.07318850e-05  2.71465227e-01  1.67724794e-01  8.08380374e-01  9.14803557e-04 
 1.07368850e-05  2.71856023e-01  1.68660227e-01  8.08359244e-01  9.14809726e-04 
 1.07418850e-05  2.72237879e-01  1.69583691e-01  8.08339241e-01  9.14844978e-04 
 1.07468850e-05  2.72611004e-01  1.70495291e-01  8.08320712e-01  9.14845203e-04 
 1.07518850e-05  2.72975617e-01  1.71395126e-01  8.08303943e-01  9.14874008e-04 
 1.07568850e-05  2.73331909e-01  1.72283289e-01  8.08289189e-01  9.14867645e-04 
 1.07618850e-05  2.73680082e-01  1.73159869e-01  8.08276637e-01  9.14889658e-04 
 1.07668850e-05  2.74020310e-01  1.74024951e-01  8.08266441e-01  9.14876647e-04 
 1.07718850e-05  2.74352778e-01  1.74878621e-01  8.08258685e-01  9.14892081e-04 
 1.07768850e-05  2.74677644e-01  1.75720961e-01  8.08253421e-01  9.14872887e-04 
 1.07818850e-05  2.74995077e-01  1.76552056e-01  8.08250634e-01  9.14882440e-04 
 1.07868850e-05  2.75305220e-01  1.77371992e-01  8.08250282e-01  9.14857965e-04 
 1.07918850e-05  2.75608229e-01  1.78180856e-01  8.08252262e-01  9.14862716e-04 
 1.07968850e-05  2.75904234e-01  1.78978740e-01  8.08256449e-01  9.14834186e-04 
 1.08018850e-05  2.76193380e-01  1.79765740e-01  8.08262669e-01  9.14835475e-04 
 1.08068850e-05  2.76475787e-01  1.80541956e-01  8.08270733e-01  9.14804313e-04 
 1.08118850e-05  2.76751591e-01  1.81307492e-01  8.08280413e-01  9.14803619e-04 
 1.08168850e-05  2.77020904e-01  1.82062461e-01  8.08291478e-01  9.14771322e-04 
 1.08218850e-05  2.77283855e-01  1.82806978e-01  8.08303669e-01  9.14770134e-04 
 1.08268850e-05  2.77540553e-01  1.83541166e-01  8.08316732e-01  9.14738154e-04 
 1.08318850e-05  2.77791119e-01  1.84265152e-01  8.08330399e-01  9.14737862e-04 
 1.08368850e-05  2.78035661e-01  1.84979070e-01  8.08344415e-01  9.14707502e-04 
 1.08418850e-05  2.78274298e-01  1.85683060e-01  8.08358522e-01  9.14709306e-04 
 1.08468850e-05  2.78507135e-01  1.86377264e-01  8.08372483e-01  9.14681642e-04 
 1.08518850e-05  2.78734291e-01  1.87061830e-01  8.08386066e-01  9.14686480e-04 
 1.08568850e-05  2.78955870e-01  1.87736912e-01  8.08399070e-01  9.14662301e-04 
 1.08618850e-05  2.79171990e-01  1.88402663e-01  8.08411302e-01  9.14670810e-04 
 1.08668850e-05  2.79382758e-01  1.89059242e-01  8.08422607e-01  9.14650591e-04 
 1.08718850e-05  2.79588292e-01  1.89706808e-01  8.08432841e-01  9.14663084e-04 
 1.08768850e-05  2.79788698e-01  1.90345522e-01  8.08441900e-01  9.14646982e-04 
 1.08818850e-05  2.79984096e-01  1.90975545e-01  8.08449698e-01  9.14663464e-04 
 1.08868850e-05  2.80174593e-01  1.91597039e-01  8.08456184e-01  9.14651334e-04 
 1.08918850e-05  2.80360309e-01  1.92210162e-01  8.08461325e-01  9.14671527e-04 
 1.08968850e-05  2.80541350e-01  1.92815074e-01  8.08465126e-01  9.14662967e-04 
 1.09018850e-05  2.80717836e-01  1.93411931e-01  8.08467605e-01  9.14686357e-04 
 1.09068850e-05  2.80889874e-01  1.94000885e-01  8.08468813e-01  9.14680758e-04 
 1.09118850e-05  2.81057581e-01  1.94582086e-01  8.08468814e-01  9.14706658e-04 
 1.09168850e-05  2.81221062e-01  1.95155682e-01  8.08467698e-01  9.14703268e-04 
 1.09218850e-05  2.81380433e-01  1.95721812e-01  8.08465564e-01  9.14730881e-04 
 1.09268850e-05  2.81535797e-01  1.96280616e-01  8.08462532e-01  9.14728873e-04 
 1.09318850e-05  2.81687265e-01  1.96832224e-01  8.08458723e-01  9.14757362e-04 
 1.09368850e-05  2.81834936e-01  1.97376766e-01  8.08454277e-01  9.14755902e-04 
 1.09418850e-05  2.81978917e-01  1.97914364e-01  8.08449327e-01  9.14784450e-04 
 1.09468850e-05  2.82119303e-01  1.98445136e-01  8.08444020e-01  9.14782753e-04 
 1.09518850e-05  2.82256195e-01  1.98969194e-01  8.08438488e-01  9.14810623e-04 
 1.09568850e-05  2.82389683e-01  1.99486647e-01  8.08432875e-01  9.14808007e-04 
 1.09618850e-05  2.82519861e-01  1.99997599e-01  8.08427305e-01  9.14834584e-04 
 1.09668850e-05  2.82646815e-01  2.00502148e-01  8.08421907e-01  9.14830509e-04 
 1.09718850e-05  2.82770631e-01  2.01000390e-01  8.08416787e-01  9.14855332e-04 
 1.09768850e-05  2.82891388e-01  2.01492416e-01  8.08412053e-01  9.14849418e-04 
 1.09818850e-05  2.83009167e-01  2.01978314e-01  8.08407787e-01  9.14872197e-04 
 1.09868850e-05  2.83124041e-01  2.02458169e-01  8.08404072e-01  9.14864242e-04 
 1.09918850e-05  2.83236083e-01  2.02932063e-01  8.08400960e-01  9.14884860e-04 
 1.09968850e-05  2.83345361e-01  2.03400076e-01  8.08398505e-01  9.14874831e-04 
 1.10018850e-05  2.83451942e-01  2.03862286e-01  8.08396731e-01  9.14893337e-04 
 1.10068850e-05  2.83555887e-01  2.04318769e-01  8.08395662e-01  9.14881355e-04 
 1.10118850e-05  2.83657258e-01  2.04769601e-01  8.08395292e-01  9.14897939e-04 
 1.10168850e-05  2.83756111e-01  2.05214856e-01  8.08395617e-01  9.14884257e-04 
 1.10218850e-05  2.83852504e-01  2.05654608e-01  8.08396607e-01  9.14899226e-04 
 1.10268850e-05  2.83946488e-01  2.06088931e-01  8.08398233e-01  9.14884194e-04 
 1.10318850e-05  2.84038117e-01  2.06517899e-01  8.08400444e-01  9.14897933e-04 
 1.10368850e-05  2.84127437e-01  2.06941585e-01  8.08403190e-01  9.14881962e-04 
 1.10418850e-05  2.84214499e-01  2.07360064e-01  8.08406404e-01  9.14894903e-04 
 1.10468850e-05  2.84299349e-01  2.07773411e-01  8.08410025e-01  9.14878431e-04 
 1.10518850e-05  2.84382032e-01  2.08181701e-01  8.08413975e-01  9.14891010e-04 
 1.10568850e-05  2.84462593e-01  2.08585011e-01  8.08418185e-01  9.14874466e-04 
 1.10618850e-05  2.84541076e-01  2.08983418e-01  8.08422574e-01  9.14887098e-04 
 1.10668850e-05  2.84617523e-01  2.09376998e-01  8.08427072e-01  9.14870872e-04 
 1.10718850e-05  2.84691978e-01  2.09765832e-01  8.08431601e-01  9.14883917e-04 
 1.10768850e-05  2.84764483e-01  2.10149996e-01  8.08436093e-01  9.14868334e-04 
 1.10818850e-05  2.84835078e-01  2.10529570e-01  8.08440479e-01  9.14882079e-04 
 1.10868850e-05  2.84903807e-01  2.10904635e-01  8.08444701e-01  9.14867385e-04 
 1.10918850e-05  2.84970709e-01  2.11275269e-01  8.08448699e-01  9.14882032e-04 
 1.10968850e-05  2.85035827e-01  2.11641552e-01  8.08452429e-01  9.14868380e-04 
 1.11018850e-05  2.85099201e-01  2.12003564e-01  8.08455846e-01  9.14884036e-04 
 1.11068850e-05  2.85160873e-01  2.12361383e-01  8.08458920e-01  9.14871488e-04 
 1.11118850e-05  2.85220882e-01  2.12715088e-01  8.08461621e-01  9.14888171e-04 
 1.11168850e-05  2.85279271e-01  2.13064757e-01  8.08463937e-01  9.14876699e-04 
 1.11218850e-05  2.85336078e-01  2.13410466e-01  8.08465852e-01  9.14894341e-04 
 1.11268850e-05  2.85391345e-01  2.13752290e-01  8.08467369e-01  9.14883843e-04 
 1.11318850e-05  2.85445112e-01  2.14090305e-01  8.08468489e-01  9.14902308e-04 
 1.11368850e-05  2.85497418e-01  2.14424581e-01  8.08469228e-01  9.14892617e-04 
 1.11418850e-05  2.85548302e-01  2.14755191e-01  8.08469601e-01  9.14911715e-04 
 1.11468850e-05  2.85597803e-01  2.15082204e-01  8.08469635e-01  9.14902620e-04 
 1.11518850e-05  2.85645959e-01  2.15405686e-01  8.08469355e-01  9.14922128e-04 
 1.11568850e-05  2.85692808e-01  2.15725705e-01  8.08468800e-01  9.14913396e-04 
 1.11618850e-05  2.85738386e-01  2.16042322e-01  8.08467999e-01  9.14933074e-04 
 1.11668850e-05  2.85782729e-01  2.16355601e-01  8.08466996e-01  9.14924465e-04 
 1.11718850e-05  2.85825873e-01  2.16665600e-01  8.08465827e-01  9.14944080e-04 
 1.11768850e-05  2.85867851e-01  2.16972376e-01  8.08464538e-01  9.14935367e-04 
 1.11818850e-05  2.85908697e-01  2.17275987e-01  8.08463164e-01  9.14954704e-04 
 1.11868850e-05  2.85948444e-01  2.17576484e-01  8.08461751e-01  9.14945690e-04 
 1.11918850e-05  2.85987121e-01  2.17873920e-01  8.08460332e-01  9.14964570e-04 
 1.11968850e-05  2.86024759e-01  2.18168345e-01  8.08458948e-01  9.14955094e-04 
 1.12018850e-05  2.86061388e-01  2.18459807e-01  8.08457629e-01  9.14973380e-04 
 1.12068850e-05  2.86097035e-01  2.18748352e-01  8.08456409e-01  9.14963331e-04 
 1.12118850e-05  2.86131726e-01  2.19034027e-01  8.08455312e-01  9.14980936e-04 
 1.12168850e-05  2.86165488e-01  2.19316874e-01  8.08454364e-01  9.14970251e-04 
 1.12218850e-05  2.86198345e-01  2.19596937e-01  8.08453579e-01  9.14987138e-04 
 1.12268850e-05  2.86230321e-01  2.19874256e-01  8.08452978e-01  9.14975804e-04 
 1.12318850e-05  2.86261438e-01  2.20148872e-01  8.08452566e-01  9.14991985e-04 
 1.12368850e-05  2.86291718e-01  2.20420825e-01  8.08452353e-01  9.14980035e-04 
 1.12418850e-05  2.86321182e-01  2.20690154e-01  8.08452337e-01  9.14995564e-04 
 1.12468850e-05  2.86349849e-01  2.20956896e-01  8.08452520e-01  9.14983070e-04 
 1.12518850e-05  2.86377739e-01  2.21221089e-01  8.08452892e-01  9.14998035e-04 
 1.12568850e-05  2.86404870e-01  2.21482770e-01  8.08453449e-01  9.14985098e-04 
 1.12618850e-05  2.86431260e-01  2.21741977e-01  8.08454173e-01  9.14999611e-04 
 1.12668850e-05  2.86456926e-01  2.21998745e-01  8.08455054e-01  9.14986352e-04 
 1.12718850e-05  2.86481883e-01  2.22253111e-01  8.08456070e-01  9.15000540e-04 
 1.12768850e-05  2.86506149e-01  2.22505111e-01  8.08457207e-01  9.14987088e-04 
 1.12818850e-05  2.86529739e-01  2.22754781e-01  8.08458439e-01  9.15001081e-04 
 1.12868850e-05  2.86552669e-01  2.23002156e-01  8.08459751e-01  9.14987564e-04 
 1.12918850e-05  2.86574952e-01  2.23247272e-01  8.08461115e-01  9.15001487e-04 
 1.12968850e-05  2.86596604e-01  2.23490166e-01  8.08462514e-01  9.14988022e-04 
 1.13018850e-05  2.86617639e-01  2.23730872e-01  8.08463923e-01  9.15001984e-04 
 1.13068850e-05  2.86638072e-01  2.23969425e-01  8.08465325e-01  9.14988672e-04 
 1.13118850e-05  2.86657915e-01  2.24205861e-01  8.08466696e-01  9.15002762e-04 
 1.13168850e-05  2.86677185e-01  2.24440216e-01  8.08468022e-01  9.14989679e-04 
 1.13218850e-05  2.86695893e-01  2.24672523e-01  8.08469283e-01  9.15003962e-04 
 1.13268850e-05  2.86714054e-01  2.24902817e-01  8.08470468e-01  9.14991158e-04 
 1.13318850e-05  2.86731681e-01  2.25131133e-01  8.08471561e-01  9.15005672e-04 
 1.13368850e-05  2.86748788e-01  2.25357505e-01  8.08472555e-01  9.14993170e-04 
 1.13418850e-05  2.86765388e-01  2.25581965e-01  8.08473438e-01  9.15007924e-04 
 1.13468850e-05  2.86781495e-01  2.25804548e-01  8.08474209e-01  9.14995723e-04 
 1.13518850e-05  2.86797121e-01  2.26025286e-01  8.08474860e-01  9.15010703e-04 
 1.13568850e-05  2.86812281e-01  2.26244210e-01  8.08475394e-01  9.14998777e-04 
 1.13618850e-05  2.86826985e-01  2.26461352e-01  8.08475808e-01  9.15013947e-04 
 1.13668850e-05  2.86841249e-01  2.26676743e-01  8.08476110e-01  9.15002251e-04 
 1.13718850e-05  2.86855083e-01  2.26890413e-01  8.08476300e-01  9.15017561e-04 
 1.13768850e-05  2.86868502e-01  2.27102392e-01  8.08476389e-01  9.15006038e-04 
 1.13818850e-05  2.86881515e-01  2.27312708e-01  8.08476380e-01  9.15021425e-04 
 1.13868850e-05  2.86894138e-01  2.27521388e-01  8.08476287e-01  9.15010008e-04 
 1.13918850e-05  2.86906379e-01  2.27728461e-01  8.08476117e-01  9.15025405e-04 
 1.13968850e-05  2.86918252e-01  2.27933953e-01  8.08475885e-01  9.15014027e-04 
 1.14018850e-05  2.86929767e-01  2.28137889e-01  8.08475597e-01  9.15029367e-04 
 1.14068850e-05  2.86940936e-01  2.28340294e-01  8.08475271e-01  9.15017961e-04 
 1.14118850e-05  2.86951767e-01  2.28541192e-01  8.08474914e-01  9.15033182e-04 
 1.14168850e-05  2.86962274e-01  2.28740607e-01  8.08474541e-01  9.15021693e-04 
 1.14218850e-05  2.86972463e-01  2.28938561e-01  8.08474161e-01  9.15036743e-04 
 1.14268850e-05  2.86982347e-01  2.29135077e-01  8.08473788e-01  9.15025122e-04 
 1.14318850e-05  2.86991933e-01  2.29330175e-01  8.08473428e-01  9.15039961e-04 
 1.14368850e-05  2.87001231e-01  2.29523877e-01  8.08473094e-01  9.15028175e-04 
 1.14418850e-05  2.87010248e-01  2.29716203e-01  8.08472791e-01  9.15042777e-04 
 1.14468850e-05  2.87018995e-01  2.29907171e-01  8.08472529e-01  9.15030808e-04 
 1.14518850e-05  2.87027476e-01  2.30096802e-01  8.08472310e-01  9.15045162e-04 
 1.14568850e-05  2.87035702e-01  2.30285114e-01  8.08472144e-01  9.15033005e-04 
 1.14618850e-05  2.87043677e-01  2.30472124e-01  8.08472029e-01  9.15047113e-04 
 1.14668850e-05  2.87051411e-01  2.30657851e-01  8.08471971e-01  9.15034776e-04 
 1.14718850e-05  2.87058907e-01  2.30842313e-01  8.08471968e-01  9.15048654e-04 
 1.14768850e-05  2.87066176e-01  2.31025525e-01  8.08472023e-01  9.15036159e-04 
 1.14818850e-05  2.87073219e-01  2.31207505e-01  8.08472131e-01  9.15049831e-04 
 1.14868850e-05  2.87080045e-01  2.31388270e-01  8.08472294e-01  9.15037206e-04 
 1.14918850e-05  2.87086658e-01  2.31567836e-01  8.08472503e-01  9.15050707e-04 
 1.14968850e-05  2.87093066e-01  2.31746218e-01  8.08472760e-01  9.15037988e-04 
 1.15018850e-05  2.87099270e-01  2.31923434e-01  8.08473055e-01  9.15051353e-04 
 1.15068850e-05  2.87105279e-01  2.32099497e-01  8.08473387e-01  9.15038578e-04 
 1.15118850e-05  2.87111094e-01  2.32274425e-01  8.08473745e-01  9.15051848e-04 
 1.15168850e-05  2.87116724e-01  2.32448233e-01  8.08474130e-01  9.15039055e-04 
 1.15218850e-05  2.87122169e-01  2.32620935e-01  8.08474528e-01  9.15052266e-04 
 1.15268850e-05  2.87127439e-01  2.32792548e-01  8.08474939e-01  9.15039491e-04 
 1.15318850e-05  2.87132532e-01  2.32963086e-01  8.08475352e-01  9.15052677e-04 
 1.15368850e-05  2.87137459e-01  2.33132564e-01  8.08475766e-01  9.15039949e-04 
 1.15418850e-05  2.87142219e-01  2.33300997e-01  8.08476169e-01  9.15053137e-04 
 1.15468850e-05  2.87146820e-01  2.33468400e-01  8.08476562e-01  9.15040482e-04 
 1.15518850e-05  2.87151263e-01  2.33634786e-01  8.08476935e-01  9.15053693e-04 
 1.15568850e-05  2.87155555e-01  2.33800172e-01  8.08477288e-01  9.15041125e-04 
 1.15618850e-05  2.87159697e-01  2.33964570e-01  8.08477612e-01  9.15054372e-04 
 1.15668850e-05  2.87163697e-01  2.34127995e-01  8.08477909e-01  9.15041901e-04 
 1.15718850e-05  2.87167556e-01  2.34290460e-01  8.08478173e-01  9.15055188e-04 
 1.15768850e-05  2.87171280e-01  2.34451980e-01  8.08478405e-01  9.15042815e-04 
 1.15818850e-05  2.87174870e-01  2.34612567e-01  8.08478601e-01  9.15056140e-04 
 1.15868850e-05  2.87178334e-01  2.34772236e-01  8.08478763e-01  9.15043857e-04 
 1.15918850e-05  2.87181672e-01  2.34930998e-01  8.08478889e-01  9.15057211e-04 
 1.15968850e-05  2.87184891e-01  2.35088866e-01  8.08478982e-01  9.15045008e-04 
 1.16018850e-05  2.87187992e-01  2.35245854e-01  8.08479041e-01  9.15058377e-04 
 1.16068850e-05  2.87190982e-01  2.35401972e-01  8.08479070e-01  9.15046238e-04 
 1.16118850e-05  2.87193861e-01  2.35557234e-01  8.08479069e-01  9.15059605e-04 
 1.16168850e-05  2.87196636e-01  2.35711650e-01  8.08479043e-01  9.15047511e-04 
 1.16218850e-05  2.87199307e-01  2.35865232e-01  8.08478992e-01  9.15060857e-04 
 1.16268850e-05  2.87201880e-01  2.36017991e-01  8.08478924e-01  9.15048788e-04 
 1.16318850e-05  2.87204357e-01  2.36169937e-01  8.08478836e-01  9.15062094e-04 
 1.16368850e-05  2.87206743e-01  2.36321082e-01  8.08478737e-01  9.15050033e-04 
 1.16418850e-05  2.87209038e-01  2.36471435e-01  8.08478626e-01  9.15063281e-04 
 1.16468850e-05  2.87211249e-01  2.36621006e-01  8.08478512e-01  9.15051210e-04 
 1.16518850e-05  2.87213375e-01  2.36769805e-01  8.08478392e-01  9.15064386e-04 
 1.16568850e-05  2.87215423e-01  2.36917842e-01  8.08478274e-01  9.15052291e-04 
 1.16618850e-05  2.87217391e-01  2.37065125e-01  8.08478158e-01  9.15065382e-04 
 1.16668850e-05  2.87219285e-01  2.37211663e-01  8.08478049e-01  9.15053254e-04 
 1.16718850e-05  2.87221105e-01  2.37357466e-01  8.08477947e-01  9.15066253e-04 
 1.16768850e-05  2.87222857e-01  2.37502541e-01  8.08477858e-01  9.15054085e-04 
 1.16818850e-05  2.87224539e-01  2.37646897e-01  8.08477779e-01  9.15066989e-04 
 1.16868850e-05  2.87226158e-01  2.37790542e-01  8.08477717e-01  9.15054780e-04 
 1.16918850e-05  2.87227710e-01  2.37933484e-01  8.08477667e-01  9.15067589e-04 
 1.16968850e-05  2.87229203e-01  2.38075731e-01  8.08477635e-01  9.15055342e-04 
 1.17018850e-05  2.87230634e-01  2.38217290e-01  8.08477616e-01  9.15068060e-04 
 1.17068850e-05  2.87232009e-01  2.38358169e-01  8.08477617e-01  9.15055780e-04 
 1.17118850e-05  2.87233326e-01  2.38498375e-01  8.08477630e-01  9.15068414e-04 
 1.17168850e-05  2.87234590e-01  2.38637916e-01  8.08477662e-01  9.15056110e-04 
 1.17218850e-05  2.87235799e-01  2.38776798e-01  8.08477705e-01  9.15068671e-04 
 1.17268850e-05  2.87236959e-01  2.38915028e-01  8.08477764e-01  9.15056353e-04 
 1.17318850e-05  2.87238066e-01  2.39052614e-01  8.08477832e-01  9.15068851e-04 
 1.17368850e-05  2.87239127e-01  2.39189562e-01  8.08477913e-01  9.15056529e-04 
 1.17418850e-05  2.87240139e-01  2.39325879e-01  8.08478001e-01  9.15068976e-04 
 1.17468850e-05  2.87241107e-01  2.39461573e-01  8.08478098e-01  9.15056664e-04 
 1.17518850e-05  2.87242028e-01  2.39596648e-01  8.08478198e-01  9.15069071e-04 
 1.17568850e-05  2.87242908e-01  2.39731112e-01  8.08478303e-01  9.15056777e-04 
 1.17618850e-05  2.87243744e-01  2.39864972e-01  8.08478408e-01  9.15069154e-04 
 1.17668850e-05  2.87244541e-01  2.39998233e-01  8.08478515e-01  9.15056889e-04 
 1.17718850e-05  2.87245296e-01  2.40130903e-01  8.08478617e-01  9.15069245e-04 
 1.17768850e-05  2.87246015e-01  2.40262987e-01  8.08478719e-01  9.15057015e-04 
 1.17818850e-05  2.87246694e-01  2.40394491e-01  8.08478813e-01  9.15069357e-04 
 1.17868850e-05  2.87247339e-01  2.40525422e-01  8.08478903e-01  9.15057167e-04 
 1.17918850e-05  2.87247947e-01  2.40655786e-01  8.08478984e-01  9.15069499e-04 
 1.17968850e-05  2.87248523e-01  2.40785589e-01  8.08479058e-01  9.15057352e-04 
 1.18018850e-05  2.87249064e-01  2.40914836e-01  8.08479122e-01  9.15069675e-04 
 1.18068850e-05  2.87249575e-01  2.41043533e-01  8.08479177e-01  9.15057573e-04 
 1.18118850e-05  2.87250054e-01  2.41171687e-01  8.08479221e-01  9.15069888e-04 
 1.18168850e-05  2.87250504e-01  2.41299302e-01  8.08479256e-01  9.15057829e-04 
 1.18218850e-05  2.87250925e-01  2.41426384e-01  8.08479279e-01  9.15070132e-04 
 1.18268850e-05  2.87251320e-01  2.41552939e-01  8.08479295e-01  9.15058112e-04 
 1.18318850e-05  2.87251686e-01  2.41678972e-01  8.08479298e-01  9.15070401e-04 
 1.18368850e-05  2.87252029e-01  2.41804487e-01  8.08479294e-01  9.15058417e-04 
 1.18418850e-05  2.87252345e-01  2.41929491e-01  8.08479280e-01  9.15070687e-04 
 1.18468850e-05  2.87252640e-01  2.42053989e-01  8.08479259e-01  9.15058733e-04 
 1.18518850e-05  2.87252910e-01  2.42177984e-01  8.08479230e-01  9.15070978e-04 
 1.18568850e-05  2.87253161e-01  2.42301482e-01  8.08479197e-01  9.15059048e-04 
 1.18618850e-05  2.87253389e-01  2.42424488e-01  8.08479156e-01  9.15071264e-04 
 1.18668850e-05  2.87253598e-01  2.42547006e-01  8.08479113e-01  9.15059353e-04 
 1.18718850e-05  2.87253787e-01  2.42669041e-01  8.08479065e-01  9.15071534e-04 
 1.18768850e-05  2.87253960e-01  2.42790597e-01  8.08479018e-01  9.15059637e-04 
 1.18818850e-05  2.87254113e-01  2.42911678e-01  8.08478966e-01  9.15071779e-04 
 1.18868850e-05  2.87254251e-01  2.43032289e-01  8.08478917e-01  9.15059892e-04 
 1.18918850e-05  2.87254371e-01  2.43152433e-01  8.08478866e-01  9.15071991e-04 
 1.18968850e-05  2.87254478e-01  2.43272115e-01  8.08478820e-01  9.15060112e-04 
 1.19018850e-05  2.87254568e-01  2.43391339e-01  8.08478773e-01  9.15072166e-04 
 1.19068850e-05  2.87254647e-01  2.43510108e-01  8.08478731e-01  9.15060292e-04 
 1.19118850e-05  2.87254709e-01  2.43628427e-01  8.08478690e-01  9.15072300e-04 
 1.19168850e-05  2.87254761e-01  2.43746298e-01  8.08478656e-01  9.15060430e-04 
 1.19218850e-05  2.87254798e-01  2.43863727e-01  8.08478624e-01  9.15072393e-04 
 1.19268850e-05  2.87254826e-01  2.43980715e-01  8.08478598e-01  9.15060528e-04 
 1.19318850e-05  2.87254840e-01  2.44097267e-01  8.08478575e-01  9.15072447e-04 
 1.19368850e-05  2.87254845e-01  2.44213386e-01  8.08478559e-01  9.15060589e-04 
 1.19418850e-05  2.87254838e-01  2.44329076e-01  8.08478546e-01  9.15072465e-04 
 1.19468850e-05  2.87254822e-01  2.44444340e-01  8.08478539e-01  9.15060616e-04 
 1.19518850e-05  2.87254795e-01  2.44559181e-01  8.08478534e-01  9.15072453e-04 
 1.19568850e-05  2.87254760e-01  2.44673602e-01  8.08478535e-01  9.15060617e-04 
 1.19618850e-05  2.87254715e-01  2.44787607e-01  8.08478537e-01  9.15072417e-04 
 1.19668850e-05  2.87254663e-01  2.44901200e-01  8.08478545e-01  9.15060596e-04 
 1.19718850e-05  2.87254600e-01  2.45014382e-01  8.08478554e-01  9.15072363e-04 
 1.19768850e-05  2.87254532e-01  2.45127157e-01  8.08478567e-01  9.15060561e-04 
 1.19818850e-05  2.87254454e-01  2.45239528e-01  8.08478579e-01  9.15072299e-04 
 1.19868850e-05  2.87254370e-01  2.45351499e-01  8.08478595e-01  9.15060518e-04 
 1.19918850e-05  2.87254278e-01  2.45463072e-01  8.08478609e-01  9.15072230e-04 
 1.19968850e-05  2.87254181e-01  2.45574250e-01  8.08478626e-01  9.15060474e-04 
 1.20018850e-05  2.87254075e-01  2.45685036e-01  8.08478639e-01  9.15072163e-04 
 1.20068850e-05  2.87253965e-01  2.45795433e-01  8.08478655e-01  9.15060433e-04 
 1.20118850e-05  2.87253846e-01  2.45905444e-01  8.08478666e-01  9.15072100e-04 
 1.20168850e-05  2.87253725e-01  2.46015072e-01  8.08478679e-01  9.15060399e-04 
 1.20218850e-05  2.87253595e-01  2.46124320e-01  8.08478687e-01  9.15072046e-04 
 1.20268850e-05  2.87253463e-01  2.46233189e-01  8.08478695e-01  9.15060374e-04 
 1.20318850e-05  2.87253323e-01  2.46341684e-01  8.08478698e-01  9.15072001e-04 
 1.20368850e-05  2.87253181e-01  2.46449807e-01  8.08478701e-01  9.15060359e-04 
 1.20418850e-05  2.87253033e-01  2.46557560e-01  8.08478699e-01  9.15071967e-04 
 1.20468850e-05  2.87252882e-01  2.46664946e-01  8.08478696e-01  9.15060353e-04 
 1.20518850e-05  2.87252725e-01  2.46771968e-01  8.08478688e-01  9.15071942e-04 
 1.20568850e-05  2.87252567e-01  2.46878628e-01  8.08478679e-01  9.15060357e-04 
 1.20618850e-05  2.87252403e-01  2.46984929e-01  8.08478665e-01  9.15071925e-04 
 1.20668850e-05  2.87252238e-01  2.47090873e-01  8.08478651e-01  9.15060366e-04 
 1.20718850e-05  2.87252068e-01  2.47196462e-01  8.08478632e-01  9.15071912e-04 
 1.20768850e-05  2.87251897e-01  2.47301700e-01  8.08478613e-01  9.15060380e-04 
 1.20818850e-05  2.87251722e-01  2.47406588e-01  8.08478590e-01  9.15071902e-04 
 1.20868850e-05  2.87251546e-01  2.47511129e-01  8.08478567e-01  9.15060393e-04 
 1.20918850e-05  2.87251366e-01  2.47615325e-01  8.08478540e-01  9.15071891e-04 
 1.20968850e-05  2.87251187e-01  2.47719177e-01  8.08478515e-01  9.15060405e-04 
 1.21018850e-05  2.87251003e-01  2.47822690e-01  8.08478486e-01  9.15071876e-04 
 1.21068850e-05  2.87250820e-01  2.47925864e-01  8.08478459e-01  9.15060410e-04 
 1.21118850e-05  2.87250633e-01  2.48028701e-01  8.08478429e-01  9.15071855e-04 
 1.21168850e-05  2.87250447e-01  2.48131205e-01  8.08478401e-01  9.15060408e-04 
 1.21218850e-05  2.87250259e-01  2.48233376e-01  8.08478372e-01  9.15071824e-04 
 1.21268850e-05  2.87250071e-01  2.48335217e-01  8.08478345e-01  9.15060396e-04 
 1.21318850e-05  2.87249880e-01  2.48436731e-01  8.08478316e-01  9.15071783e-04 
 1.21368850e-05  2.87249691e-01  2.48537917e-01  8.08478291e-01  9.15060373e-04 
 1.21418850e-05  2.87249499e-01  2.48638780e-01  8.08478264e-01  9.15071731e-04 
 1.21468850e-05  2.87249309e-01  2.48739321e-01  8.08478241e-01  9.15060339e-04 
 1.21518850e-05  2.87249116e-01  2.48839541e-01  8.08478217e-01  9.15071667e-04 
 1.21568850e-05  2.87248925e-01  2.48939442e-01  8.08478196e-01  9.15060293e-04 
 1.21618850e-05  2.87248732e-01  2.49039026e-01  8.08478175e-01  9.15071592e-04 
 1.21668850e-05  2.87248541e-01  2.49138296e-01  8.08478157e-01  9.15060236e-04 
 1.21718850e-05  2.87248348e-01  2.49237252e-01  8.08478139e-01  9.15071507e-04 
 1.21768850e-05  2.87248157e-01  2.49335897e-01  8.08478124e-01  9.15060170e-04 
 1.21818850e-05  2.87247965e-01  2.49434232e-01  8.08478108e-01  9.15071414e-04 
 1.21868850e-05  2.87247774e-01  2.49532260e-01  8.08478096e-01  9.15060096e-04 
 1.21918850e-05  2.87247582e-01  2.49629980e-01  8.08478082e-01  9.15071314e-04 
 1.21968850e-05  2.87247392e-01  2.49727397e-01  8.08478072e-01  9.15060017e-04 
 1.22018850e-05  2.87247201e-01  2.49824510e-01  8.08478060e-01  9.15071209e-04 
 1.22068850e-05  2.87247012e-01  2.49921322e-01  8.08478052e-01  9.15059933e-04 
 1.22118850e-05  2.87246822e-01  2.50017834e-01  8.08478041e-01  9.15071102e-04 
 1.22168850e-05  2.87246634e-01  2.50114048e-01  8.08478034e-01  9.15059848e-04 
 1.22218850e-05  2.87246445e-01  2.50209966e-01  8.08478024e-01  9.15070993e-04 
 1.22268850e-05  2.87246258e-01  2.50305589e-01  8.08478017e-01  9.15059763e-04 
 1.22318850e-05  2.87246070e-01  2.50400918e-01  8.08478008e-01  9.15070885e-04 
 1.22368850e-05  2.87245885e-01  2.50495956e-01  8.08478000e-01  9.15059679e-04 
 1.22418850e-05  2.87245698e-01  2.50590703e-01  8.08477991e-01  9.15070779e-04 
 1.22468850e-05  2.87245515e-01  2.50685162e-01  8.08477983e-01  9.15059597e-04 
 1.22518850e-05  2.87245330e-01  2.50779333e-01  8.08477972e-01  9.15070676e-04 
 1.22568850e-05  2.87245148e-01  2.50873219e-01  8.08477963e-01  9.15059518e-04 
 1.22618850e-05  2.87244965e-01  2.50966821e-01  8.08477951e-01  9.15070577e-04 
 1.22668850e-05  2.87244785e-01  2.51060139e-01  8.08477940e-01  9.15059443e-04 
 1.22718850e-05  2.87244604e-01  2.51153177e-01  8.08477927e-01  9.15070481e-04 
 1.22768850e-05  2.87244425e-01  2.51245934e-01  8.08477915e-01  9.15059372e-04 
 1.22818850e-05  2.87244246e-01  2.51338413e-01  8.08477900e-01  9.15070388e-04 
 1.22868850e-05  2.87244070e-01  2.51430615e-01  8.08477887e-01  9.15059303e-04 
 1.22918850e-05  2.87243894e-01  2.51522541e-01  8.08477870e-01  9.15070299e-04 
 1.22968850e-05  2.87243720e-01  2.51614193e-01  8.08477855e-01  9.15059237e-04 
 1.23018850e-05  2.87243545e-01  2.51705572e-01  8.08477837e-01  9.15070211e-04 
 1.23068850e-05  2.87243374e-01  2.51796679e-01  8.08477821e-01  9.15059173e-04 
 1.23118850e-05  2.87243202e-01  2.51887516e-01  8.08477802e-01  9.15070125e-04 
 1.23168850e-05  2.87243033e-01  2.51978084e-01  8.08477784e-01  9.15059110e-04 
 1.23218850e-05  2.87242864e-01  2.52068384e-01  8.08477764e-01  9.15070040e-04 
 1.23268850e-05  2.87242698e-01  2.52158417e-01  8.08477746e-01  9.15059047e-04 
 1.23318850e-05  2.87242531e-01  2.52248186e-01  8.08477726e-01  9.15069954e-04 
 1.23368850e-05  2.87242368e-01  2.52337690e-01  8.08477707e-01  9.15058983e-04 
 1.23418850e-05  2.87242204e-01  2.52426932e-01  8.08477687e-01  9.15069867e-04 
 1.23468850e-05  2.87242044e-01  2.52515912e-01  8.08477668e-01  9.15058917e-04 
 1.23518850e-05  2.87241883e-01  2.52604632e-01  8.08477648e-01  9.15069779e-04 
 1.23568850e-05  2.87241725e-01  2.52693093e-01  8.08477629e-01  9.15058850e-04 
 1.23618850e-05  2.87241567e-01  2.52781295e-01  8.08477609e-01  9.15069688e-04 
 1.23668850e-05  2.87241413e-01  2.52869241e-01  8.08477591e-01  9.15058779e-04 
 1.23718850e-05  2.87241258e-01  2.52956931e-01  8.08477572e-01  9.15069594e-04 
 1.23768850e-05  2.87241106e-01  2.53044367e-01  8.08477555e-01  9.15058707e-04 
 1.23818850e-05  2.87240954e-01  2.53131549e-01  8.08477536e-01  9.15069498e-04 
 1.23868850e-05  2.87240806e-01  2.53218479e-01  8.08477520e-01  9.15058631e-04 
 1.23918850e-05  2.87240657e-01  2.53305158e-01  8.08477502e-01  9.15069399e-04 
 1.23968850e-05  2.87240511e-01  2.53391586e-01  8.08477487e-01  9.15058553e-04 
 1.24018850e-05  2.87240365e-01  2.53477766e-01  8.08477470e-01  9.15069298e-04 
 1.24068850e-05  2.87240223e-01  2.53563698e-01  8.08477456e-01  9.15058473e-04 
 1.24118850e-05  2.87240080e-01  2.53649382e-01  8.08477440e-01  9.15069195e-04 
 1.24168850e-05  2.87239940e-01  2.53734821e-01  8.08477426e-01  9.15058391e-04 
 1.24218850e-05  2.87239801e-01  2.53820015e-01  8.08477411e-01  9.15069091e-04 
 1.24268850e-05  2.87239664e-01  2.53904966e-01  8.08477398e-01  9.15058308e-04 
 1.24318850e-05  2.87239527e-01  2.53989673e-01  8.08477384e-01  9.15068986e-04 
 1.24368850e-05  2.87239394e-01  2.54074139e-01  8.08477372e-01  9.15058224e-04 
 1.24418850e-05  2.87239260e-01  2.54158364e-01  8.08477358e-01  9.15068881e-04 
 1.24468850e-05  2.87239129e-01  2.54242350e-01  8.08477346e-01  9.15058141e-04 
 1.24518850e-05  2.87238998e-01  2.54326096e-01  8.08477332e-01  9.15068776e-04 
 1.24568850e-05  2.87238871e-01  2.54409605e-01  8.08477321e-01  9.15058058e-04 
 1.24618850e-05  2.87238743e-01  2.54492877e-01  8.08477307e-01  9.15068672e-04 
 1.24668850e-05  2.87238618e-01  2.54575914e-01  8.08477296e-01  9.15057976e-04 
 1.24718850e-05  2.87238493e-01  2.54658715e-01  8.08477283e-01  9.15068569e-04 
 1.24768850e-05  2.87238371e-01  2.54741283e-01  8.08477271e-01  9.15057895e-04 
 1.24818850e-05  2.87238249e-01  2.54823618e-01  8.08477258e-01  9.15068468e-04 
 1.24864425e-05  2.87238140e-01  2.54898464e-01  8.08477247e-01  9.15057820e-04 
 1.24910000e-05  2.87238031e-01  2.54973117e-01  8.08477234e-01  9.15068375e-04 
 1.24911000e-05  2.87270703e-01  2.54981290e-01  8.08467895e-01  8.86378313e-04 
 1.24913000e-05  2.87347148e-01  2.54988523e-01  8.08442579e-01  8.78110094e-04 
 1.24915447e-05  2.87427392e-01  2.54989063e-01  8.08412594e-01  8.80277171e-04 
 1.24917723e-05  2.87466558e-01  2.54989198e-01  8.08396002e-01  8.71243194e-04 
 1.24920000e-05  2.87490370e-01  2.54989254e-01  8.08383298e-01  8.71363494e-04 
 1.24920389e-05  2.87493406e-01  2.54989255e-01  8.08382381e-01  9.14785606e-04 
 1.24921168e-05  2.87499130e-01  2.54989254e-01  8.08382338e-01  9.15379476e-04 
 1.24922725e-05  2.87508990e-01  2.54989254e-01  8.08390031e-01  9.14759393e-04 
 1.24925839e-05  2.87525381e-01  2.54989253e-01  8.08418990e-01  9.15339115e-04 
 1.24932066e-05  2.87553366e-01  2.54989251e-01  8.08481832e-01  9.14731470e-04 
 1.24944522e-05  2.87601600e-01  2.54989247e-01  8.08568112e-01  9.15320370e-04 
 1.24969433e-05  2.87670836e-01  2.54989239e-01  8.08646953e-01  9.14720868e-04 
 1.25019256e-05  2.87729269e-01  2.54989223e-01  8.08706222e-01  9.15315707e-04 
 1.25069256e-05  2.87728979e-01  2.54989208e-01  8.08732083e-01  9.14722691e-04 
 1.25119256e-05  2.87707147e-01  2.54989192e-01  8.08742358e-01  9.15321545e-04 
 1.25169256e-05  2.87679449e-01  2.54989176e-01  8.08743155e-01  9.14734609e-04 
 1.25219256e-05  2.87653260e-01  2.54989161e-01  8.08737792e-01  9.15341062e-04 
 1.25269256e-05  2.87630867e-01  2.54989145e-01  8.08726970e-01  9.14763155e-04 
 1.25319256e-05  2.87612499e-01  2.54989129e-01  8.08711768e-01  9.15377547e-04 
 1.25369256e-05  2.87597593e-01  2.54989113e-01  8.08692468e-01  9.14806989e-04 
 1.25419256e-05  2.87585358e-01  2.54989098e-01  8.08669888e-01  9.15426581e-04 
 1.25469256e-05  2.87575105e-01  2.54989082e-01  8.08644442e-01  9.14860092e-04 
 1.25519256e-05  2.87566254e-01  2.54989066e-01  8.08616919e-01  9.15481441e-04 
 1.25569256e-05  2.87558400e-01  2.54989050e-01  8.08587838e-01  9.14915578e-04 
 1.25619256e-05  2.87551234e-01  2.54989035e-01  8.08557952e-01  9.15535390e-04 
 1.25669256e-05  2.87544565e-01  2.54989019e-01  8.08527807e-01  9.14967068e-04 
 1.25719256e-05  2.87538243e-01  2.54989003e-01  8.08498086e-01  9.15582538e-04 
 1.25769256e-05  2.87532181e-01  2.54988987e-01  8.08469303e-01  9.15009265e-04 
 1.25819256e-05  2.87526309e-01  2.54988972e-01  8.08442035e-01  9.15618260e-04 
 1.25869256e-05  2.87520586e-01  2.54988956e-01  8.08416717e-01  9.15038276e-04 
 1.25919256e-05  2.87514975e-01  2.54988940e-01  8.08393792e-01  9.15639430e-04 
 1.25969256e-05  2.87509456e-01  2.54988924e-01  8.08373580e-01  9.15051766e-04 
 1.26019256e-05  2.87504007e-01  2.54988909e-01  8.08356378e-01  9.15644512e-04 
 1.26069256e-05  2.87498616e-01  2.54988893e-01  8.08342370e-01  9.15048983e-04 
 1.26119256e-05  2.87493271e-01  2.54988877e-01  8.08331698e-01  9.15633509e-04 
 1.26169256e-05  2.87487966e-01  2.54988861e-01  8.08324408e-01  9.15030650e-04 
 1.26219256e-05  2.87482692e-01  2.54988846e-01  8.08320492e-01  9.15607811e-04 
 1.26269256e-05  2.87477450e-01  2.54988830e-01  8.08319862e-01  9.14998762e-04 
 1.26319256e-05  2.87472235e-01  2.54988814e-01  8.08322380e-01  9.15569943e-04 
 1.26369256e-05  2.87467050e-01  2.54988798e-01  8.08327841e-01  9.14956291e-04 
 1.26419256e-05  2.87461896e-01  2.54988783e-01  8.08335997e-01  9.15523246e-04 
 1.26469256e-05  2.87456778e-01  2.54988767e-01  8.08346556e-01  9.14906862e-04 
 1.26519256e-05  2.87451700e-01  2.54988751e-01  8.08359191e-01  9.15471532e-04 
 1.26569256e-05  2.87446670e-01  2.54988735e-01  8.08373550e-01  9.14854387e-04 
 1.26619256e-05  2.87441693e-01  2.54988720e-01  8.08389260e-01  9.15418732e-04 
 1.26669256e-05  2.87436778e-01  2.54988704e-01  8.08405944e-01  9.14802733e-04 
 1.26719256e-05  2.87431932e-01  2.54988688e-01  8.08423216e-01  9.15368570e-04 
 1.26769256e-05  2.87427166e-01  2.54988672e-01  8.08440704e-01  9.14755408e-04 
 1.26819256e-05  2.87422485e-01  2.54988657e-01  8.08458043e-01  9.15324278e-04 
 1.26869256e-05  2.87417899e-01  2.54988641e-01  8.08474892e-01  9.14715319e-04 
 1.26919256e-05  2.87413415e-01  2.54988625e-01  8.08490932e-01  9.15288390e-04 
 1.26969256e-05  2.87409041e-01  2.54988609e-01  8.08505882e-01  9.14684590e-04 
 1.27019256e-05  2.87404781e-01  2.54988594e-01  8.08519486e-01  9.15262597e-04 
 1.27069256e-05  2.87400642e-01  2.54988578e-01  8.08531539e-01  9.14664463e-04 
 1.27119256e-05  2.87396629e-01  2.54988562e-01  8.08541865e-01  9.15247688e-04 
 1.27169256e-05  2.87392743e-01  2.54988546e-01  8.08550340e-01  9.14655279e-04 
 1.27219256e-05  2.87388987e-01  2.54988531e-01  8.08556877e-01  9.15243566e-04 
 1.27269256e-05  2.87385363e-01  2.54988515e-01  8.08561436e-01  9.14656527e-04 
 1.27319256e-05  2.87381870e-01  2.54988499e-01  8.08564016e-01  9.15249335e-04 
 1.27369256e-05  2.87378506e-01  2.54988483e-01  8.08564658e-01  9.14666958e-04 
 1.27419256e-05  2.87375269e-01  2.54988468e-01  8.08563436e-01  9.15263435e-04 
 1.27469256e-05  2.87372156e-01  2.54988452e-01  8.08560464e-01  9.14684744e-04 
 1.27519256e-05  2.87369162e-01  2.54988436e-01  8.08555879e-01  9.15283821e-04 
 1.27569256e-05  2.87366283e-01  2.54988420e-01  8.08549852e-01  9.14707676e-04 
 1.27619256e-05  2.87363511e-01  2.54988405e-01  8.08542567e-01  9.15308165e-04 
 1.27669256e-05  2.87360841e-01  2.54988389e-01  8.08534232e-01  9.14733360e-04 
 1.27719256e-05  2.87358265e-01  2.54988373e-01  8.08525058e-01  9.15334061e-04 
 1.27769256e-05  2.87355777e-01  2.54988358e-01  8.08515273e-01  9.14759424e-04 
 1.27819256e-05  2.87353368e-01  2.54988342e-01  8.08505098e-01  9.15359217e-04 
 1.27869256e-05  2.87351032e-01  2.54988326e-01  8.08494758e-01  9.14783697e-04 
 1.27919256e-05  2.87348760e-01  2.54988310e-01  8.08484466e-01  9.15381619e-04 
 1.27969256e-05  2.87346545e-01  2.54988295e-01  8.08474428e-01  9.14804358e-04 
 1.28019256e-05  2.87344380e-01  2.54988279e-01  8.08464831e-01  9.15399667e-04 
 1.28069256e-05  2.87342259e-01  2.54988263e-01  8.08455850e-01  9.14820046e-04 
 1.28119256e-05  2.87340174e-01  2.54988247e-01  8.08447634e-01  9.15412255e-04 
 1.28169256e-05  2.87338122e-01  2.54988232e-01  8.08440314e-01  9.14829923e-04 
 1.28219256e-05  2.87336097e-01  2.54988216e-01  8.08433994e-01  9.15418816e-04 
 1.28269256e-05  2.87334094e-01  2.54988200e-01  8.08428755e-01  9.14833690e-04 
 1.28319256e-05  2.87332109e-01  2.54988184e-01  8.08424650e-01  9.15419312e-04 
 1.28369256e-05  2.87330142e-01  2.54988169e-01  8.08421710e-01  9.14831560e-04 
 1.28419256e-05  2.87328188e-01  2.54988153e-01  8.08419939e-01  9.15414193e-04 
 1.28469256e-05  2.87326246e-01  2.54988137e-01  8.08419318e-01  9.14824195e-04 
 1.28519256e-05  2.87324317e-01  2.54988121e-01  8.08419805e-01  9.15404309e-04 
 1.28569256e-05  2.87322400e-01  2.54988106e-01  8.08421339e-01  9.14812612e-04 
 1.28619256e-05  2.87320495e-01  2.54988090e-01  8.08423840e-01  9.15390814e-04 
 1.28669256e-05  2.87318604e-01  2.54988074e-01  8.08427213e-01  9.14798069e-04 
 1.28719256e-05  2.87316728e-01  2.54988058e-01  8.08431348e-01  9.15375041e-04 
 1.28769256e-05  2.87314869e-01  2.54988043e-01  8.08436128e-01  9.14781946e-04 
 1.28819256e-05  2.87313030e-01  2.54988027e-01  8.08441426e-01  9.15358387e-04 
 1.28869256e-05  2.87311213e-01  2.54988011e-01  8.08447111e-01  9.14765625e-04 
 1.28919256e-05  2.87309421e-01  2.54987995e-01  8.08453051e-01  9.15342191e-04 
 1.28969256e-05  2.87307657e-01  2.54987980e-01  8.08459116e-01  9.14750381e-04 
 1.29019256e-05  2.87305924e-01  2.54987964e-01  8.08465175e-01  9.15327639e-04 
 1.29069256e-05  2.87304224e-01  2.54987948e-01  8.08471111e-01  9.14737290e-04 
 1.29119256e-05  2.87302560e-01  2.54987932e-01  8.08476806e-01  9.15315685e-04 
 1.29169256e-05  2.87300935e-01  2.54987917e-01  8.08482160e-01  9.14727167e-04 
 1.29219256e-05  2.87299351e-01  2.54987901e-01  8.08487080e-01  9.15306993e-04 
 1.29269256e-05  2.87297810e-01  2.54987885e-01  8.08491488e-01  9.14720522e-04 
 1.29319256e-05  2.87296313e-01  2.54987869e-01  8.08495319e-01  9.15301918e-04 
 1.29369256e-05  2.87294862e-01  2.54987854e-01  8.08498523e-01  9.14717552e-04 
 1.29419256e-05  2.87293457e-01  2.54987838e-01  8.08501064e-01  9.15300498e-04 
 1.29469256e-05  2.87292100e-01  2.54987822e-01  8.08502924e-01  9.14718149e-04 
 1.29519256e-05  2.87290789e-01  2.54987806e-01  8.08504094e-01  9.15302489e-04 
 1.29569256e-05  2.87289526e-01  2.54987791e-01  8.08504587e-01  9.14721937e-04 
 1.29619256e-05  2.87288308e-01  2.54987775e-01  8.08504421e-01  9.15307401e-04 
 1.29669256e-05  2.87287135e-01  2.54987759e-01  8.08503632e-01  9.14728331e-04 
 1.29719256e-05  2.87286005e-01  2.54987743e-01  8.08502263e-01  9.15314564e-04 
 1.29769256e-05  2.87284918e-01  2.54987728e-01  8.08500371e-01  9.14736593e-04 
 1.29819256e-05  2.87283870e-01  2.54987712e-01  8.08498016e-01  9.15323195e-04 
 1.29869256e-05  2.87282859e-01  2.54987696e-01  8.08495269e-01  9.14745910e-04 
 1.29919256e-05  2.87281884e-01  2.54987680e-01  8.08492201e-01  9.15332466e-04 
 1.29969256e-05  2.87280942e-01  2.54987665e-01  8.08488891e-01  9.14755461e-04 
 1.30019256e-05  2.87280029e-01  2.54987649e-01  8.08485415e-01  9.15341579e-04 
 1.30069256e-05  2.87279144e-01  2.54987633e-01  8.08481852e-01  9.14764482e-04 
 1.30119256e-05  2.87278283e-01  2.54987618e-01  8.08478275e-01  9.15349819e-04 
 1.30169256e-05  2.87277445e-01  2.54987602e-01  8.08474760e-01  9.14772321e-04 
 1.30219256e-05  2.87276626e-01  2.54987586e-01  8.08471372e-01  9.15356607e-04 
 1.30269256e-05  2.87275825e-01  2.54987570e-01  8.08468175e-01  9.14778479e-04 
 1.30319256e-05  2.87275038e-01  2.54987555e-01  8.08465223e-01  9.15361530e-04 
 1.30369256e-05  2.87274265e-01  2.54987539e-01  8.08462565e-01  9.14782634e-04 
 1.30419256e-05  2.87273502e-01  2.54987523e-01  8.08460239e-01  9.15364358e-04 
 1.30469256e-05  2.87272749e-01  2.54987507e-01  8.08458277e-01  9.14784650e-04 
 1.30519256e-05  2.87272004e-01  2.54987492e-01  8.08456702e-01  9.15365047e-04 
 1.30569256e-05  2.87271267e-01  2.54987476e-01  8.08455528e-01  9.14784570e-04 
 1.30619256e-05  2.87270535e-01  2.54987460e-01  8.08454758e-01  9.15363725e-04 
 1.30669256e-05  2.87269810e-01  2.54987444e-01  8.08454390e-01  9.14782598e-04 
 1.30719256e-05  2.87269089e-01  2.54987429e-01  8.08454412e-01  9.15360665e-04 
 1.30769256e-05  2.87268374e-01  2.54987413e-01  8.08454806e-01  9.14779069e-04 
 1.30819256e-05  2.87267664e-01  2.54987397e-01  8.08455546e-01  9.15356250e-04 
 1.30869256e-05  2.87266960e-01  2.54987381e-01  8.08456602e-01  9.14774408e-04 
 1.30919256e-05  2.87266261e-01  2.54987366e-01  8.08457937e-01  9.15350937e-04 
 1.30969256e-05  2.87265570e-01  2.54987350e-01  8.08459512e-01  9.14769088e-04 
 1.31019256e-05  2.87264886e-01  2.54987334e-01  8.08461283e-01  9.15345210e-04 
 1.31069256e-05  2.87264210e-01  2.54987318e-01  8.08463207e-01  9.14763595e-04 
 1.31119256e-05  2.87263543e-01  2.54987303e-01  8.08465237e-01  9.15339541e-04 
 1.31169256e-05  2.87262887e-01  2.54987287e-01  8.08467327e-01  9.14758380e-04 
 1.31219256e-05  2.87262241e-01  2.54987271e-01  8.08469433e-01  9.15334355e-04 
 1.31269256e-05  2.87261608e-01  2.54987255e-01  8.08471512e-01  9.14753834e-04 
 1.31319256e-05  2.87260988e-01  2.54987240e-01  8.08473523e-01  9.15330002e-04 
 1.31369256e-05  2.87260381e-01  2.54987224e-01  8.08475430e-01  9.14750260e-04 
 1.31419256e-05  2.87259789e-01  2.54987208e-01  8.08477197e-01  9.15326734e-04 
 1.31469256e-05  2.87259213e-01  2.54987192e-01  8.08478798e-01  9.14747857e-04 
 1.31519256e-05  2.87258653e-01  2.54987177e-01  8.08480206e-01  9.15324696e-04 
 1.31569256e-05  2.87258109e-01  2.54987161e-01  8.08481404e-01  9.14746714e-04 
 1.31619256e-05  2.87257582e-01  2.54987145e-01  8.08482376e-01  9.15323924e-04 
 1.31669256e-05  2.87257072e-01  2.54987129e-01  8.08483114e-01  9.14746817e-04 
 1.31719256e-05  2.87256579e-01  2.54987114e-01  8.08483613e-01  9.15324351e-04 
 1.31769256e-05  2.87256103e-01  2.54987098e-01  8.08483876e-01  9.14748052e-04 
 1.31819256e-05  2.87255643e-01  2.54987082e-01  8.08483907e-01  9.15325824e-04 
 1.31869256e-05  2.87255200e-01  2.54987066e-01  8.08483717e-01  9.14750229e-04 
 1.31919256e-05  2.87254773e-01  2.54987051e-01  8.08483320e-01  9.15328122e-04 
 1.31969256e-05  2.87254362e-01  2.54987035e-01  8.08482734e-01  9.14753102e-04 
 1.32019256e-05  2.87253964e-01  2.54987019e-01  8.08481978e-01  9.15330980e-04 
 1.32069256e-05  2.87253581e-01  2.54987003e-01  8.08481078e-01  9.14756393e-04 
 1.32119256e-05  2.87253211e-01  2.54986988e-01  8.08480055e-01  9.15334112e-04 
 1.32169256e-05  2.87252854e-01  2.54986972e-01  8.08478939e-01  9.14759816e-04 
 1.32219256e-05  2.87252507e-01  2.54986956e-01  8.08477754e-01  9.15337238e-04 
 1.32269256e-05  2.87252171e-01  2.54986940e-01  8.08476529e-01  9.14763102e-04 
 1.32319256e-05  2.87251845e-01  2.54986925e-01  8.08475289e-01  9.15340105e-04 
 1.32369256e-05  2.87251527e-01  2.54986909e-01  8.08474060e-01  9.14766017e-04 
 1.32419256e-05  2.87251217e-01  2.54986893e-01  8.08472867e-01  9.15342502e-04 
 1.32469256e-05  2.87250913e-01  2.54986877e-01  8.08471732e-01  9.14768376e-04 
 1.32519256e-05  2.87250616e-01  2.54986862e-01  8.08470673e-01  9.15344273e-04 
 1.32569256e-05  2.87250324e-01  2.54986846e-01  8.08469711e-01  9.14770056e-04 
 1.32619256e-05  2.87250036e-01  2.54986830e-01  8.08468859e-01  9.15345328e-04 
 1.32669256e-05  2.87249752e-01  2.54986815e-01  8.08468129e-01  9.14770998e-04 
 1.32719256e-05  2.87249472e-01  2.54986799e-01  8.08467530e-01  9.15345638e-04 
 1.32769256e-05  2.87249195e-01  2.54986783e-01  8.08467069e-01  9.14771204e-04 
 1.32819256e-05  2.87248921e-01  2.54986767e-01  8.08466747e-01  9.15345237e-04 
 1.32869256e-05  2.87248649e-01  2.54986752e-01  8.08466566e-01  9.14770736e-04 
 1.32919256e-05  2.87248379e-01  2.54986736e-01  8.08466521e-01  9.15344211e-04 
 1.32969256e-05  2.87248112e-01  2.54986720e-01  8.08466608e-01  9.14769702e-04 
 1.33019256e-05  2.87247847e-01  2.54986704e-01  8.08466818e-01  9.15342686e-04 
 1.33069256e-05  2.87247584e-01  2.54986689e-01  8.08467143e-01  9.14768244e-04 
 1.33119256e-05  2.87247324e-01  2.54986673e-01  8.08467569e-01  9.15340817e-04 
 1.33169256e-05  2.87247066e-01  2.54986657e-01  8.08468084e-01  9.14766524e-04 
 1.33219256e-05  2.87246811e-01  2.54986641e-01  8.08468672e-01  9.15338770e-04 
 1.33269256e-05  2.87246559e-01  2.54986626e-01  8.08469320e-01  9.14764710e-04 
 1.33319256e-05  2.87246311e-01  2.54986610e-01  8.08470011e-01  9.15336712e-04 
 1.33369256e-05  2.87246066e-01  2.54986594e-01  8.08470729e-01  9.14762962e-04 
 1.33419256e-05  2.87245825e-01  2.54986578e-01  8.08471458e-01  9.15334793e-04 
 1.33469256e-05  2.87245589e-01  2.54986563e-01  8.08472184e-01  9.14761422e-04 
 1.33519256e-05  2.87245358e-01  2.54986547e-01  8.08472891e-01  9.15333141e-04 
 1.33569256e-05  2.87245131e-01  2.54986531e-01  8.08473568e-01  9.14760199e-04 
 1.33619256e-05  2.87244910e-01  2.54986515e-01  8.08474200e-01  9.15331850e-04 
 1.33669256e-05  2.87244694e-01  2.54986500e-01  8.08474778e-01  9.14759371e-04 
 1.33719256e-05  2.87244485e-01  2.54986484e-01  8.08475293e-01  9.15330978e-04 
 1.33769256e-05  2.87244281e-01  2.54986468e-01  8.08475738e-01  9.14758976e-04 
 1.33819256e-05  2.87244083e-01  2.54986452e-01  8.08476105e-01  9.15330544e-04 
 1.33869256e-05  2.87243891e-01  2.54986437e-01  8.08476393e-01  9.14759016e-04 
 1.33919256e-05  2.87243706e-01  2.54986421e-01  8.08476599e-01  9.15330533e-04 
 1.33969256e-05  2.87243526e-01  2.54986405e-01  8.08476722e-01  9.14759458e-04 
 1.34019256e-05  2.87243353e-01  2.54986389e-01  8.08476764e-01  9.15330896e-04 
 1.34069256e-05  2.87243186e-01  2.54986374e-01  8.08476727e-01  9.14760241e-04 
 1.34119256e-05  2.87243024e-01  2.54986358e-01  8.08476617e-01  9.15331562e-04 
 1.34169256e-05  2.87242869e-01  2.54986342e-01  8.08476439e-01  9.14761282e-04 
 1.34219256e-05  2.87242718e-01  2.54986326e-01  8.08476199e-01  9.15332439e-04 
 1.34269256e-05  2.87242573e-01  2.54986311e-01  8.08475906e-01  9.14762487e-04 
 1.34319256e-05  2.87242433e-01  2.54986295e-01  8.08475567e-01  9.15333431e-04 
 1.34369256e-05  2.87242297e-01  2.54986279e-01  8.08475193e-01  9.14763757e-04 
 1.34419256e-05  2.87242166e-01  2.54986263e-01  8.08474790e-01  9.15334440e-04 
 1.34469256e-05  2.87242038e-01  2.54986248e-01  8.08474370e-01  9.14764996e-04 
 1.34519256e-05  2.87241914e-01  2.54986232e-01  8.08473942e-01  9.15335375e-04 
 1.34569256e-05  2.87241794e-01  2.54986216e-01  8.08473514e-01  9.14766122e-04 
 1.34619256e-05  2.87241676e-01  2.54986200e-01  8.08473094e-01  9.15336160e-04 
 1.34669256e-05  2.87241561e-01  2.54986185e-01  8.08472692e-01  9.14767066e-04 
 1.34719256e-05  2.87241449e-01  2.54986169e-01  8.08472314e-01  9.15336736e-04 
 1.34769256e-05  2.87241338e-01  2.54986153e-01  8.08471967e-01  9.14767781e-04 
 1.34819256e-05  2.87241230e-01  2.54986137e-01  8.08471657e-01  9.15337069e-04 
 1.34869256e-05  2.87241123e-01  2.54986122e-01  8.08471387e-01  9.14768242e-04 
 1.34919256e-05  2.87241018e-01  2.54986106e-01  8.08471161e-01  9.15337144e-04 
 1.34969256e-05  2.87240913e-01  2.54986090e-01  8.08470983e-01  9.14768447e-04 
 1.35019256e-05  2.87240810e-01  2.54986075e-01  8.08470852e-01  9.15336969e-04 
 1.35069256e-05  2.87240708e-01  2.54986059e-01  8.08470770e-01  9.14768412e-04 
 1.35119256e-05  2.87240608e-01  2.54986043e-01  8.08470736e-01  9.15336570e-04 
 1.35169256e-05  2.87240507e-01  2.54986027e-01  8.08470749e-01  9.14768173e-04 
 1.35219256e-05  2.87240408e-01  2.54986012e-01  8.08470805e-01  9.15335989e-04 
 1.35269256e-05  2.87240310e-01  2.54985996e-01  8.08470903e-01  9.14767776e-04 
 1.35319256e-05  2.87240213e-01  2.54985980e-01  8.08471037e-01  9.15335278e-04 
 1.35369256e-05  2.87240117e-01  2.54985964e-01  8.08471204e-01  9.14767277e-04 
 1.35419256e-05  2.87240022e-01  2.54985949e-01  8.08471398e-01  9.15334493e-04 
 1.35469256e-05  2.87239928e-01  2.54985933e-01  8.08471616e-01  9.14766734e-04 
 1.35519256e-05  2.87239835e-01  2.54985917e-01  8.08471849e-01  9.15333694e-04 
 1.35569256e-05  2.87239744e-01  2.54985901e-01  8.08472095e-01  9.14766204e-04 
 1.35619256e-05  2.87239654e-01  2.54985886e-01  8.08472347e-01  9.15332933e-04 
 1.35669256e-05  2.87239566e-01  2.54985870e-01  8.08472600e-01  9.14765736e-04 
 1.35719256e-05  2.87239480e-01  2.54985854e-01  8.08472848e-01  9.15332257e-04 
 1.35769256e-05  2.87239395e-01  2.54985838e-01  8.08473087e-01  9.14765372e-04 
 1.35819256e-05  2.87239312e-01  2.54985823e-01  8.08473312e-01  9.15331700e-04 
 1.35869256e-05  2.87239232e-01  2.54985807e-01  8.08473520e-01  9.14765141e-04 
 1.35919256e-05  2.87239153e-01  2.54985791e-01  8.08473708e-01  9.15331286e-04 
 1.35969256e-05  2.87239077e-01  2.54985775e-01  8.08473871e-01  9.14765057e-04 
 1.36019256e-05  2.87239002e-01  2.54985760e-01  8.08474009e-01  9.15331023e-04 
 1.36069256e-05  2.87238930e-01  2.54985744e-01  8.08474120e-01  9.14765126e-04 
 1.36119256e-05  2.87238861e-01  2.54985728e-01  8.08474202e-01  9.15330909e-04 
 1.36169256e-05  2.87238793e-01  2.54985712e-01  8.08474256e-01  9.14765336e-04 
 1.36219256e-05  2.87238728e-01  2.54985697e-01  8.08474282e-01  9.15330928e-04 
 1.36269256e-05  2.87238665e-01  2.54985681e-01  8.08474280e-01  9.14765669e-04 
 1.36319256e-05  2.87238604e-01  2.54985665e-01  8.08474251e-01  9.15331058e-04 
 1.36369256e-05  2.87238545e-01  2.54985649e-01  8.08474199e-01  9.14766098e-04 
 1.36419256e-05  2.87238488e-01  2.54985634e-01  8.08474124e-01  9.15331267e-04 
 1.36469256e-05  2.87238433e-01  2.54985618e-01  8.08474029e-01  9.14766590e-04 
 1.36519256e-05  2.87238380e-01  2.54985602e-01  8.08473917e-01  9.15331523e-04 
 1.36569256e-05  2.87238328e-01  2.54985586e-01  8.08473792e-01  9.14767111e-04 
 1.36619256e-05  2.87238279e-01  2.54985571e-01  8.08473656e-01  9.15331791e-04 
 1.36669256e-05  2.87238230e-01  2.54985555e-01  8.08473513e-01  9.14767628e-04 
 1.36719256e-05  2.87238183e-01  2.54985539e-01  8.08473365e-01  9.15332040e-04 
 1.36769256e-05  2.87238138e-01  2.54985523e-01  8.08473216e-01  9.14768110e-04 
 1.36819256e-05  2.87238093e-01  2.54985508e-01  8.08473069e-01  9.15332241e-04 
 1.36869256e-05  2.87238050e-01  2.54985492e-01  8.08472928e-01  9.14768534e-04 
 1.36919256e-05  2.87238007e-01  2.54985476e-01  8.08472793e-01  9.15332373e-04 
 1.36969256e-05  2.87237965e-01  2.54985460e-01  8.08472668e-01  9.14768881e-04 
 1.37019256e-05  2.87237924e-01  2.54985445e-01  8.08472556e-01  9.15332423e-04 
 1.37069256e-05  2.87237884e-01  2.54985429e-01  8.08472456e-01  9.14769141e-04 
 1.37119256e-05  2.87237844e-01  2.54985413e-01  8.08472372e-01  9.15332384e-04 
 1.37169256e-05  2.87237805e-01  2.54985397e-01  8.08472304e-01  9.14769312e-04 
 1.37219256e-05  2.87237766e-01  2.54985382e-01  8.08472252e-01  9.15332257e-04 
 1.37269256e-05  2.87237728e-01  2.54985366e-01  8.08472217e-01  9.14769398e-04 
 1.37319256e-05  2.87237690e-01  2.54985350e-01  8.08472199e-01  9.15332051e-04 
 1.37369256e-05  2.87237653e-01  2.54985335e-01  8.08472197e-01  9.14769411e-04 
 1.37419256e-05  2.87237616e-01  2.54985319e-01  8.08472211e-01  9.15331778e-04 
 1.37469256e-05  2.87237579e-01  2.54985303e-01  8.08472239e-01  9.14769365e-04 
 1.37519256e-05  2.87237543e-01  2.54985287e-01  8.08472281e-01  9.15331456e-04 
 1.37569256e-05  2.87237507e-01  2.54985272e-01  8.08472334e-01  9.14769280e-04 
 1.37619256e-05  2.87237471e-01  2.54985256e-01  8.08472398e-01  9.15331106e-04 
 1.37669256e-05  2.87237436e-01  2.54985240e-01  8.08472470e-01  9.14769176e-04 
 1.37719256e-05  2.87237402e-01  2.54985224e-01  8.08472549e-01  9.15330746e-04 
 1.37769256e-05  2.87237368e-01  2.54985209e-01  8.08472633e-01  9.14769073e-04 
 1.37819256e-05  2.87237334e-01  2.54985193e-01  8.08472720e-01  9.15330396e-04 
 1.37869256e-05  2.87237301e-01  2.54985177e-01  8.08472807e-01  9.14768988e-04 
 1.37919256e-05  2.87237269e-01  2.54985161e-01  8.08472894e-01  9.15330072e-04 
 1.37969256e-05  2.87237238e-01  2.54985146e-01  8.08472978e-01  9.14768936e-04 
 1.38019256e-05  2.87237207e-01  2.54985130e-01  8.08473058e-01  9.15329788e-04 
 1.38069256e-05  2.87237176e-01  2.54985114e-01  8.08473133e-01  9.14768928e-04 
 1.38119256e-05  2.87237147e-01  2.54985098e-01  8.08473201e-01  9.15329553e-04 
 1.38169256e-05  2.87237118e-01  2.54985083e-01  8.08473261e-01  9.14768972e-04 
 1.38219256e-05  2.87237091e-01  2.54985067e-01  8.08473312e-01  9.15329369e-04 
 1.38269256e-05  2.87237064e-01  2.54985051e-01  8.08473355e-01  9.14769067e-04 
 1.38319256e-05  2.87237037e-01  2.54985035e-01  8.08473387e-01  9.15329237e-04 
 1.38369256e-05  2.87237012e-01  2.54985020e-01  8.08473409e-01  9.14769213e-04 
 1.38419256e-05  2.87236987e-01  2.54985004e-01  8.08473422e-01  9.15329153e-04 
 1.38469256e-05  2.87236964e-01  2.54984988e-01  8.08473425e-01  9.14769403e-04 
 1.38519256e-05  2.87236941e-01  2.54984972e-01  8.08473419e-01  9.15329109e-04 
 1.38569256e-05  2.87236918e-01  2.54984957e-01  8.08473404e-01  9.14769628e-04 
 1.38619256e-05  2.87236897e-01  2.54984941e-01  8.08473381e-01  9.15329095e-04 
 1.38669256e-05  2.87236876e-01  2.54984925e-01  8.08473351e-01  9.14769877e-04 
 1.38719256e-05  2.87236856e-01  2.54984909e-01  8.08473314e-01  9.15329100e-04 
 1.38769256e-05  2.87236836e-01  2.54984894e-01  8.08473272e-01  9.14770139e-04 
 1.38819256e-05  2.87236817e-01  2.54984878e-01  8.08473226e-01  9.15329111e-04 
 1.38869256e-05  2.87236799e-01  2.54984862e-01  8.08473178e-01  9.14770401e-04 
 1.38919256e-05  2.87236781e-01  2.54984846e-01  8.08473127e-01  9.15329117e-04 
 1.38969256e-05  2.87236764e-01  2.54984831e-01  8.08473075e-01  9.14770653e-04 
 1.39019256e-05  2.87236747e-01  2.54984815e-01  8.08473024e-01  9.15329108e-04 
 1.39069256e-05  2.87236731e-01  2.54984799e-01  8.08472974e-01  9.14770887e-04 
 1.39119256e-05  2.87236715e-01  2.54984783e-01  8.08472927e-01  9.15329077e-04 
 1.39169256e-05  2.87236699e-01  2.54984768e-01  8.08472882e-01  9.14771094e-04 
 1.39219256e-05  2.87236683e-01  2.54984752e-01  8.08472841e-01  9.15329019e-04 
 1.39269256e-05  2.87236668e-01  2.54984736e-01  8.08472805e-01  9.14771272e-04 
 1.39319256e-05  2.87236653e-01  2.54984720e-01  8.08472774e-01  9.15328929e-04 
 1.39369256e-05  2.87236638e-01  2.54984705e-01  8.08472748e-01  9.14771420e-04 
 1.39419256e-05  2.87236624e-01  2.54984689e-01  8.08472728e-01  9.15328810e-04 
 1.39469256e-05  2.87236610e-01  2.54984673e-01  8.08472713e-01  9.14771537e-04 
 1.39519256e-05  2.87236595e-01  2.54984657e-01  8.08472705e-01  9.15328661e-04 
 1.39569256e-05  2.87236581e-01  2.54984642e-01  8.08472702e-01  9.14771627e-04 
 1.39619256e-05  2.87236567e-01  2.54984626e-01  8.08472704e-01  9.15328489e-04 
 1.39669256e-05  2.87236554e-01  2.54984610e-01  8.08472712e-01  9.14771697e-04 
 1.39719256e-05  2.87236540e-01  2.54984595e-01  8.08472725e-01  9.15328299e-04 
 1.39769256e-05  2.87236527e-01  2.54984579e-01  8.08472742e-01  9.14771751e-04 
 1.39819256e-05  2.87236514e-01  2.54984563e-01  8.08472763e-01  9.15328097e-04 
 1.39869256e-05  2.87236500e-01  2.54984547e-01  8.08472787e-01  9.14771798e-04 
 1.39919256e-05  2.87236488e-01  2.54984532e-01  8.08472813e-01  9.15327891e-04 
 1.39969256e-05  2.87236475e-01  2.54984516e-01  8.08472842e-01  9.14771843e-04 
 1.40019256e-05  2.87236462e-01  2.54984500e-01  8.08472871e-01  9.15327687e-04 
 1.40069256e-05  2.87236450e-01  2.54984484e-01  8.08472902e-01  9.14771893e-04 
 1.40119256e-05  2.87236438e-01  2.54984469e-01  8.08472932e-01  9.15327491e-04 
 1.40169256e-05  2.87236426e-01  2.54984453e-01  8.08472962e-01  9.14771954e-04 
 1.40219256e-05  2.87236415e-01  2.54984437e-01  8.08472990e-01  9.15327308e-04 
 1.40269256e-05  2.87236403e-01  2.54984421e-01  8.08473017e-01  9.14772030e-04 
 1.40319256e-05  2.87236392e-01  2.54984406e-01  8.08473041e-01  9.15327142e-04 
 1.40369256e-05  2.87236382e-01  2.54984390e-01  8.08473063e-01  9.14772123e-04 
 1.40419256e-05  2.87236371e-01  2.54984374e-01  8.08473082e-01  9.15326993e-04 
 1.40469256e-05  2.87236361e-01  2.54984358e-01  8.08473098e-01  9.14772234e-04 
 1.40519256e-05  2.87236351e-01  2.54984343e-01  8.08473110e-01  9.15326862e-04 
 1.40569256e-05  2.87236342e-01  2.54984327e-01  8.08473120e-01  9.14772363e-04 
 1.40619256e-05  2.87236332e-01  2.54984311e-01  8.08473125e-01  9.15326749e-04 
 1.40669256e-05  2.87236323e-01  2.54984295e-01  8.08473128e-01  9.14772507e-04 
 1.40719256e-05  2.87236315e-01  2.54984280e-01  8.08473127e-01  9.15326650e-04 
 1.40769256e-05  2.87236306e-01  2.54984264e-01  8.08473123e-01  9.14772664e-04 
 1.40819256e-05  2.87236298e-01  2.54984248e-01  8.08473116e-01  9.15326562e-04 
 1.40869256e-05  2.87236290e-01  2.54984232e-01  8.08473106e-01  9.14772830e-04 
 1.40919256e-05  2.87236283e-01  2.54984217e-01  8.08473094e-01  9.15326481e-04 
 1.40969256e-05  2.87236275e-01  2.54984201e-01  8.08473081e-01  9.14773002e-04 
 1.41019256e-05  2.87236268e-01  2.54984185e-01  8.08473065e-01  9.15326404e-04 
 1.41069256e-05  2.87236261e-01  2.54984169e-01  8.08473049e-01  9.14773174e-04 
 1.41119256e-05  2.87236254e-01  2.54984154e-01  8.08473031e-01  9.15326325e-04 
 1.41169256e-05  2.87236248e-01  2.54984138e-01  8.08473014e-01  9.14773344e-04 
 1.41219256e-05  2.87236242e-01  2.54984122e-01  8.08472996e-01  9.15326242e-04 
 1.41269256e-05  2.87236235e-01  2.54984106e-01  8.08472978e-01  9.14773507e-04 
 1.41319256e-05  2.87236229e-01  2.54984091e-01  8.08472961e-01  9.15326152e-04 
 1.41369256e-05  2.87236223e-01  2.54984075e-01  8.08472945e-01  9.14773662e-04 
 1.41419256e-05  2.87236217e-01  2.54984059e-01  8.08472931e-01  9.15326053e-04 
 1.41469256e-05  2.87236212e-01  2.54984043e-01  8.08472918e-01  9.14773807e-04 
 1.41519256e-05  2.87236206e-01  2.54984028e-01  8.08472906e-01  9.15325943e-04 
 1.41569256e-05  2.87236201e-01  2.54984012e-01  8.08472896e-01  9.14773941e-04 
 1.41619256e-05  2.87236195e-01  2.54983996e-01  8.08472888e-01  9.15325823e-04 
 1.41669256e-05  2.87236190e-01  2.54983980e-01  8.08472883e-01  9.14774065e-04 
 1.41719256e-05  2.87236184e-01  2.54983965e-01  8.08472879e-01  9.15325692e-04 
 1.41769256e-05  2.87236179e-01  2.54983949e-01  8.08472877e-01  9.14774179e-04 
 1.41819256e-05  2.87236174e-01  2.54983933e-01  8.08472877e-01  9.15325553e-04 
 1.41869256e-05  2.87236169e-01  2.54983917e-01  8.08472879e-01  9.14774285e-04 
 1.41919256e-05  2.87236164e-01  2.54983902e-01  8.08472883e-01  9.15325407e-04 
 1.41969256e-05  2.87236159e-01  2.54983886e-01  8.08472889e-01  9.14774385e-04 
 1.42019256e-05  2.87236154e-01  2.54983870e-01  8.08472895e-01  9.15325257e-04 
 1.42069256e-05  2.87236149e-01  2.54983854e-01  8.08472903e-01  9.14774483e-04 
 1.42119256e-05  2.87236144e-01  2.54983839e-01  8.08472912e-01  9.15325105e-04 
 1.42169256e-05  2.87236139e-01  2.54983823e-01  8.08472922e-01  9.14774579e-04 
 1.42219256e-05  2.87236135e-01  2.54983807e-01  8.08472932e-01  9.15324953e-04 
 1.42269256e-05  2.87236130e-01  2.54983792e-01  8.08472942e-01  9.14774677e-04 
 1.42319256e-05  2.87236126e-01  2.54983776e-01  8.08472953e-01  9.15324804e-04 
 1.42369256e-05  2.87236121e-01  2.54983760e-01  8.08472963e-01  9.14774778e-04 
 1.42419256e-05  2.87236117e-01  2.54983744e-01  8.08472973e-01  9.15324659e-04 
 1.42469256e-05  2.87236113e-01  2.54983729e-01  8.08472983e-01  9.14774884e-04 
 1.42519256e-05  2.87236108e-01  2.54983713e-01  8.08472991e-01  9.15324519e-04 
 1.42569256e-05  2.87236104e-01  2.54983697e-01  8.08472999e-01  9.14774995e-04 
 1.42619256e-05  2.87236100e-01  2.54983681e-01  8.08473006e-01  9.15324386e-04 
 1.42669256e-05  2.87236097e-01  2.54983666e-01  8.08473012e-01  9.14775113e-04 
 1.42719256e-05  2.87236093e-01  2.54983650e-01  8.08473017e-01  9.15324259e-04 
 1.42769256e-05  2.87236089e-01  2.54983634e-01  8.08473021e-01  9.14775237e-04 
 1.42819256e-05  2.87236086e-01  2.54983618e-01  8.08473023e-01  9.15324138e-04 
 1.42869256e-05  2.87236083e-01  2.54983603e-01  8.08473024e-01  9.14775367e-04 
 1.42919256e-05  2.87236079e-01  2.54983587e-01  8.08473024e-01  9.15324022e-04 
 1.42969256e-05  2.87236076e-01  2.54983571e-01  8.08473024e-01  9.14775501e-04 
 1.43019256e-05  2.87236073e-01  2.54983555e-01  8.08473021e-01  9.15323910e-04 
 1.43069256e-05  2.87236070e-01  2.54983540e-01  8.08473019e-01  9.14775639e-04 
 1.43119256e-05  2.87236067e-01  2.54983524e-01  8.08473015e-01  9.15323801e-04 
 1.43169256e-05  2.87236064e-01  2.54983508e-01  8.08473010e-01  9.14775778e-04 
 1.43219256e-05  2.87236062e-01  2.54983492e-01  8.08473005e-01  9.15323694e-04 
 1.43269256e-05  2.87236059e-01  2.54983477e-01  8.08473000e-01  9.14775918e-04 
 1.43319256e-05  2.87236056e-01  2.54983461e-01  8.08472994e-01  9.15323587e-04 
 1.43369256e-05  2.87236054e-01  2.54983445e-01  8.08472988e-01  9.14776058e-04 
 1.43419256e-05  2.87236052e-01  2.54983429e-01  8.08472981e-01  9.15323478e-04 
 1.43469256e-05  2.87236049e-01  2.54983414e-01  8.08472975e-01  9.14776195e-04 
 1.43519256e-05  2.87236047e-01  2.54983398e-01  8.08472969e-01  9.15323367e-04 
 1.43569256e-05  2.87236045e-01  2.54983382e-01  8.08472964e-01  9.14776330e-04 
 1.43619256e-05  2.87236042e-01  2.54983366e-01  8.08472958e-01  9.15323253e-04 
 1.43669256e-05  2.87236040e-01  2.54983351e-01  8.08472954e-01  9.14776461e-04 
 1.43719256e-05  2.87236038e-01  2.54983335e-01  8.08472949e-01  9.15323135e-04 
 1.43769256e-05  2.87236036e-01  2.54983319e-01  8.08472946e-01  9.14776588e-04 
 1.43819256e-05  2.87236034e-01  2.54983303e-01  8.08472943e-01  9.15323014e-04 
 1.43869256e-05  2.87236032e-01  2.54983288e-01  8.08472940e-01  9.14776712e-04 
 1.43919256e-05  2.87236030e-01  2.54983272e-01  8.08472939e-01  9.15322889e-04 
 1.43969256e-05  2.87236028e-01  2.54983256e-01  8.08472938e-01  9.14776832e-04 
 1.44019256e-05  2.87236026e-01  2.54983240e-01  8.08472938e-01  9.15322761e-04 
 1.44069256e-05  2.87236024e-01  2.54983225e-01  8.08472938e-01  9.14776950e-04 
 1.44119256e-05  2.87236022e-01  2.54983209e-01  8.08472939e-01  9.15322631e-04 
 1.44169256e-05  2.87236020e-01  2.54983193e-01  8.08472941e-01  9.14777065e-04 
 1.44219256e-05  2.87236019e-01  2.54983177e-01  8.08472943e-01  9.15322499e-04 
 1.44269256e-05  2.87236017e-01  2.54983162e-01  8.08472946e-01  9.14777179e-04 
 1.44319256e-05  2.87236015e-01  2.54983146e-01  8.08472949e-01  9.15322367e-04 
 1.44369256e-05  2.87236013e-01  2.54983130e-01  8.08472952e-01  9.14777292e-04 
 1.44419256e-05  2.87236011e-01  2.54983115e-01  8.08472955e-01  9.15322234e-04 
 1.44469256e-05  2.87236010e-01  2.54983099e-01  8.08472959e-01  9.14777406e-04 
 1.44519256e-05  2.87236008e-01  2.54983083e-01  8.08472963e-01  9.15322102e-04 
 1.44569256e-05  2.87236006e-01  2.54983067e-01  8.08472966e-01  9.14777521e-04 
 1.44619256e-05  2.87236005e-01  2.54983052e-01  8.08472970e-01  9.15321972e-04 
 1.44669256e-05  2.87236003e-01  2.54983036e-01  8.08472973e-01  9.14777637e-04 
 1.44719256e-05  2.87236002e-01  2.54983020e-01  8.08472976e-01  9.15321843e-04 
 1.44769256e-05  2.87236000e-01  2.54983004e-01  8.08472979e-01  9.14777755e-04 
 1.44819256e-05  2.87235999e-01  2.54982989e-01  8.08472982e-01  9.15321716e-04 
 1.44869256e-05  2.87235997e-01  2.54982973e-01  8.08472984e-01  9.14777875e-04 
 1.44919256e-05  2.87235996e-01  2.54982957e-01  8.08472986e-01  9.15321592e-04 
 1.44969256e-05  2.87235994e-01  2.54982941e-01  8.08472987e-01  9.14777998e-04 
 1.45019256e-05  2.87235993e-01  2.54982926e-01  8.08472988e-01  9.15321470e-04 
 1.45069256e-05  2.87235992e-01  2.54982910e-01  8.08472989e-01  9.14778122e-04 
 1.45119256e-05  2.87235991e-01  2.54982894e-01  8.08472989e-01  9.15321350e-04 
 1.45169256e-05  2.87235989e-01  2.54982878e-01  8.08472989e-01  9.14778248e-04 
 1.45219256e-05  2.87235988e-01  2.54982863e-01  8.08472988e-01  9.15321231e-04 
 1.45269256e-05  2.87235987e-01  2.54982847e-01  8.08472987e-01  9.14778375e-04 
 1.45319256e-05  2.87235986e-01  2.54982831e-01  8.08472986e-01  9.15321114e-04 
 1.45369256e-05  2.87235985e-01  2.54982815e-01  8.08472985e-01  9.14778503e-04 
 1.45419256e-05  2.87235984e-01  2.54982800e-01  8.08472983e-01  9.15320997e-04 
 1.45469256e-05  2.87235983e-01  2.54982784e-01  8.08472981e-01  9.14778631e-04 
 1.45519256e-05  2.87235982e-01  2.54982768e-01  8.08472979e-01  9.15320880e-04 
 1.45569256e-05  2.87235981e-01  2.54982752e-01  8.08472977e-01  9.14778759e-04 
 1.45619256e-05  2.87235980e-01  2.54982737e-01  8.08472975e-01  9.15320763e-04 
 1.45669256e-05  2.87235979e-01  2.54982721e-01  8.08472973e-01  9.14778887e-04 
 1.45719256e-05  2.87235978e-01  2.54982705e-01  8.08472971e-01  9.15320645e-04 
 1.45769256e-05  2.87235978e-01  2.54982689e-01  8.08472969e-01  9.14779013e-04 
 1.45819256e-05  2.87235977e-01  2.54982674e-01  8.08472967e-01  9.15320526e-04 
 1.45869256e-05  2.87235976e-01  2.54982658e-01  8.08472965e-01  9.14779138e-04 
 1.45919256e-05  2.87235975e-01  2.54982642e-01  8.08472963e-01  9.15320406e-04 
 1.45969256e-05  2.87235974e-01  2.54982626e-01  8.08472962e-01  9.14779262e-04 
 1.46019256e-05  2.87235974e-01  2.54982611e-01  8.08472961e-01  9.15320285e-04 
 1.46069256e-05  2.87235973e-01  2.54982595e-01  8.08472960e-01  9.14779385e-04 
 1.46119256e-05  2.87235972e-01  2.54982579e-01  8.08472959e-01  9.15320163e-04 
 1.46169256e-05  2.87235971e-01  2.54982563e-01  8.08472959e-01  9.14779506e-04 
 1.46219256e-05  2.87235971e-01  2.54982548e-01  8.08472959e-01  9.15320039e-04 
 1.46269256e-05  2.87235970e-01  2.54982532e-01  8.08472959e-01  9.14779626e-04 
 1.46319256e-05  2.87235969e-01  2.54982516e-01  8.08472959e-01  9.15319915e-04 
 1.46369256e-05  2.87235968e-01  2.54982500e-01  8.08472960e-01  9.14779745e-04 
 1.46419256e-05  2.87235968e-01  2.54982485e-01  8.08472960e-01  9.15319790e-04 
 1.46469256e-05  2.87235967e-01  2.54982469e-01  8.08472961e-01  9.14779864e-04 
 1.46519256e-05  2.87235966e-01  2.54982453e-01  8.08472962e-01  9.15319665e-04 
 1.46569256e-05  2.87235966e-01  2.54982437e-01  8.08472963e-01  9.14779983e-04 
 1.46619256e-05  2.87235965e-01  2.54982422e-01  8.08472964e-01  9.15319540e-04 
 1.46669256e-05  2.87235964e-01  2.54982406e-01  8.08472966e-01  9.14780101e-04 
 1.46719256e-05  2.87235964e-01  2.54982390e-01  8.08472967e-01  9.15319415e-04 
 1.46769256e-05  2.87235963e-01  2.54982375e-01  8.08472968e-01  9.14780220e-04 
 1.46819256e-05  2.87235963e-01  2.54982359e-01  8.08472969e-01  9.15319290e-04 
 1.46869256e-05  2.87235962e-01  2.54982343e-01  8.08472971e-01  9.14780339e-04 
 1.46919256e-05  2.87235961e-01  2.54982327e-01  8.08472972e-01  9.15319166e-04 
 1.46969256e-05  2.87235961e-01  2.54982312e-01  8.08472973e-01  9.14780459e-04 
 1.47019256e-05  2.87235960e-01  2.54982296e-01  8.08472974e-01  9.15319043e-04 
 1.47069256e-05  2.87235960e-01  2.54982280e-01  8.08472974e-01  9.14780580e-04 
 1.47119256e-05  2.87235959e-01  2.54982264e-01  8.08472975e-01  9.15318921e-04 
 1.47169256e-05  2.87235959e-01  2.54982249e-01  8.08472976e-01  9.14780701e-04 
 1.47219256e-05  2.87235958e-01  2.54982233e-01  8.08472976e-01  9.15318800e-04 
 1.47269256e-05  2.87235958e-01  2.54982217e-01  8.08472976e-01  9.14780823e-04 
 1.47319256e-05  2.87235957e-01  2.54982201e-01  8.08472977e-01  9.15318679e-04 
 1.47369256e-05  2.87235957e-01  2.54982186e-01  8.08472977e-01  9.14780946e-04 
 1.47419256e-05  2.87235956e-01  2.54982170e-01  8.08472976e-01  9.15318559e-04 
 1.47469256e-05  2.87235956e-01  2.54982154e-01  8.08472976e-01  9.14781069e-04 
 1.47519256e-05  2.87235956e-01  2.54982138e-01  8.08472976e-01  9.15318439e-04 
 1.47569256e-05  2.87235955e-01  2.54982123e-01  8.08472975e-01  9.14781192e-04 
 1.47619256e-05  2.87235955e-01  2.54982107e-01  8.08472975e-01  9.15318320e-04 
 1.47669256e-05  2.87235954e-01  2.54982091e-01  8.08472974e-01  9.14781315e-04 
 1.47719256e-05  2.87235954e-01  2.54982075e-01  8.08472973e-01  9.15318200e-04 
 1.47769256e-05  2.87235954e-01  2.54982060e-01  8.08472973e-01  9.14781438e-04 
 1.47819256e-05  2.87235953e-01  2.54982044e-01  8.08472972e-01  9.15318081e-04 
 1.47869256e-05  2.87235953e-01  2.54982028e-01  8.08472971e-01  9.14781561e-04 
 1.47919256e-05  2.87235953e-01  2.54982012e-01  8.08472970e-01  9.15317962e-04 
 1.47969256e-05  2.87235952e-01  2.54981997e-01  8.08472970e-01  9.14781684e-04 
 1.48019256e-05  2.87235952e-01  2.54981981e-01  8.08472969e-01  9.15317842e-04 
 1.48069256e-05  2.87235952e-01  2.54981965e-01  8.08472968e-01  9.14781806e-04 
 1.48119256e-05  2.87235951e-01  2.54981949e-01  8.08472968e-01  9.15317722e-04 
 1.48169256e-05  2.87235951e-01  2.54981934e-01  8.08472967e-01  9.14781928e-04 
 1.48219256e-05  2.87235951e-01  2.54981918e-01  8.08472967e-01  9.15317601e-04 
 1.48269256e-05  2.87235951e-01  2.54981902e-01  8.08472967e-01  9.14782049e-04 
 1.48319256e-05  2.87235950e-01  2.54981886e-01  8.08472966e-01  9.15317480e-04 
 1.48369256e-05  2.87235950e-01  2.54981871e-01  8.08472966e-01  9.14782169e-04 
 1.48419256e-05  2.87235950e-01  2.54981855e-01  8.08472966e-01  9.15317359e-04 
 1.48469256e-05  2.87235949e-01  2.54981839e-01  8.08472966e-01  9.14782290e-04 
 1.48519256e-05  2.87235949e-01  2.54981823e-01  8.08472966e-01  9.15317237e-04 
 1.48569256e-05  2.87235949e-01  2.54981808e-01  8.08472966e-01  9.14782410e-04 
 1.48619256e-05  2.87235949e-01  2.54981792e-01  8.08472967e-01  9.15317115e-04 
 1.48669256e-05  2.87235948e-01  2.54981776e-01  8.08472967e-01  9.14782529e-04 
 1.48719256e-05  2.87235948e-01  2.54981760e-01  8.08472967e-01  9.15316994e-04 
 1.48769256e-05  2.87235948e-01  2.54981745e-01  8.08472967e-01  9.14782649e-04 
 1.48819256e-05  2.87235948e-01  2.54981729e-01  8.08472968e-01  9.15316872e-04 
 1.48869256e-05  2.87235947e-01  2.54981713e-01  8.08472968e-01  9.14782768e-04 
 1.48919256e-05  2.87235947e-01  2.54981697e-01  8.08472969e-01  9.15316750e-04 
 1.48969256e-05  2.87235947e-01  2.54981682e-01  8.08472969e-01  9.14782888e-04 
 1.49019256e-05  2.87235947e-01  2.54981666e-01  8.08472970e-01  9.15316629e-04 
 1.49069256e-05  2.87235947e-01  2.54981650e-01  8.08472970e-01  9.14783008e-04 
 1.49119256e-05  2.87235946e-01  2.54981635e-01  8.08472970e-01  9.15316507e-04 
 1.49169256e-05  2.87235946e-01  2.54981619e-01  8.08472971e-01  9.14783127e-04 
 1.49219256e-05  2.87235946e-01  2.54981603e-01  8.08472971e-01  9.15316386e-04 
 1.49269256e-05  2.87235946e-01  2.54981587e-01  8.08472971e-01  9.14783247e-04 
 1.49319256e-05  2.87235946e-01  2.54981572e-01  8.08472972e-01  9.15316266e-04 
 1.49369256e-05  2.87235945e-01  2.54981556e-01  8.08472972e-01  9.14783368e-04 
 1.49419256e-05  2.87235945e-01  2.54981540e-01  8.08472972e-01  9.15316145e-04 
 1.49469256e-05  2.87235945e-01  2.54981524e-01  8.08472972e-01  9.14783488e-04 
 1.49519256e-05  2.87235945e-01  2.54981509e-01  8.08472972e-01  9.15316025e-04 
 1.49569256e-05  2.87235945e-01  2.54981493e-01  8.08472972e-01  9.14783609e-04 
 1.49619256e-05  2.87235944e-01  2.54981477e-01  8.08472972e-01  9.15315905e-04 
 1.49669256e-05  2.87235944e-01  2.54981461e-01  8.08472972e-01  9.14783729e-04 
 1.49719256e-05  2.87235944e-01  2.54981446e-01  8.08472972e-01  9.15315786e-04 
 1.49769256e-05  2.87235944e-01  2.54981430e-01  8.08472972e-01  9.14783850e-04 
 1.49819256e-05  2.87235944e-01  2.54981414e-01  8.08472972e-01  9.15315666e-04 
 1.49869256e-05  2.87235944e-01  2.54981398e-01  8.08472971e-01  9.14783971e-04 
 1.49919256e-05  2.87235944e-01  2.54981383e-01  8.08472971e-01  9.15315547e-04 
 1.49969256e-05  2.87235943e-01  2.54981367e-01  8.08472971e-01  9.14784092e-04 
 1.50019256e-05  2.87235943e-01  2.54981351e-01  8.08472971e-01  9.15315427e-04 
 1.50069256e-05  2.87235943e-01  2.54981335e-01  8.08472971e-01  9.14784212e-04 
 1.50119256e-05  2.87235943e-01  2.54981320e-01  8.08472970e-01  9.15315308e-04 
 1.50169256e-05  2.87235943e-01  2.54981304e-01  8.08472970e-01  9.14784333e-04 
 1.50219256e-05  2.87235943e-01  2.54981288e-01  8.08472970e-01  9.15315189e-04 
 1.50269256e-05  2.87235943e-01  2.54981272e-01  8.08472970e-01  9.14784453e-04 
 1.50319256e-05  2.87235943e-01  2.54981257e-01  8.08472969e-01  9.15315069e-04 
 1.50369256e-05  2.87235942e-01  2.54981241e-01  8.08472969e-01  9.14784573e-04 
 1.50419256e-05  2.87235942e-01  2.54981225e-01  8.08472969e-01  9.15314949e-04 
 1.50469256e-05  2.87235942e-01  2.54981209e-01  8.08472969e-01  9.14784693e-04 
 1.50519256e-05  2.87235942e-01  2.54981194e-01  8.08472969e-01  9.15314830e-04 
 1.50569256e-05  2.87235942e-01  2.54981178e-01  8.08472969e-01  9.14784813e-04 
 1.50619256e-05  2.87235942e-01  2.54981162e-01  8.08472969e-01  9.15314710e-04 
 1.50669256e-05  2.87235942e-01  2.54981146e-01  8.08472969e-01  9.14784932e-04 
 1.50719256e-05  2.87235942e-01  2.54981131e-01  8.08472969e-01  9.15314590e-04 
 1.50769256e-05  2.87235942e-01  2.54981115e-01  8.08472969e-01  9.14785052e-04 
 1.50819256e-05  2.87235942e-01  2.54981099e-01  8.08472969e-01  9.15314470e-04 
 1.50869256e-05  2.87235941e-01  2.54981083e-01  8.08472969e-01  9.14785171e-04 
 1.50919256e-05  2.87235941e-01  2.54981068e-01  8.08472969e-01  9.15314350e-04 
 1.50969256e-05  2.87235941e-01  2.54981052e-01  8.08472969e-01  9.14785290e-04 
 1.51019256e-05  2.87235941e-01  2.54981036e-01  8.08472969e-01  9.15314230e-04 
 1.51069256e-05  2.87235941e-01  2.54981020e-01  8.08472969e-01  9.14785409e-04 
 1.51119256e-05  2.87235941e-01  2.54981005e-01  8.08472969e-01  9.15314110e-04 
 1.51169256e-05  2.87235941e-01  2.54980989e-01  8.08472970e-01  9.14785528e-04 
 1.51219256e-05  2.87235941e-01  2.54980973e-01  8.08472970e-01  9.15313991e-04 
 1.51269256e-05  2.87235941e-01  2.54980957e-01  8.08472970e-01  9.14785647e-04 
 1.51319256e-05  2.87235941e-01  2.54980942e-01  8.08472970e-01  9.15313871e-04 
 1.51369256e-05  2.87235941e-01  2.54980926e-01  8.08472970e-01  9.14785766e-04 
 1.51419256e-05  2.87235940e-01  2.54980910e-01  8.08472970e-01  9.15313752e-04 
 1.51469256e-05  2.87235940e-01  2.54980895e-01  8.08472970e-01  9.14785885e-04 
 1.51519256e-05  2.87235940e-01  2.54980879e-01  8.08472971e-01  9.15313632e-04 
 1.51569256e-05  2.87235940e-01  2.54980863e-01  8.08472971e-01  9.14786004e-04 
 1.51619256e-05  2.87235940e-01  2.54980847e-01  8.08472971e-01  9.15313513e-04 
 1.51669256e-05  2.87235940e-01  2.54980832e-01  8.08472971e-01  9.14786123e-04 
 1.51719256e-05  2.87235940e-01  2.54980816e-01  8.08472971e-01  9.15313394e-04 
 1.51769256e-05  2.87235940e-01  2.54980800e-01  8.08472971e-01  9.14786243e-04 
 1.51819256e-05  2.87235940e-01  2.54980784e-01  8.08472971e-01  9.15313275e-04 
 1.51869256e-05  2.87235940e-01  2.54980769e-01  8.08472971e-01  9.14786362e-04 
 1.51919256e-05  2.87235940e-01  2.54980753e-01  8.08472971e-01  9.15313156e-04 
 1.51969256e-05  2.87235940e-01  2.54980737e-01  8.08472971e-01  9.14786481e-04 
 1.52019256e-05  2.87235940e-01  2.54980721e-01  8.08472971e-01  9.15313038e-04 
 1.52069256e-05  2.87235940e-01  2.54980706e-01  8.08472971e-01  9.14786600e-04 
 1.52119256e-05  2.87235940e-01  2.54980690e-01  8.08472970e-01  9.15312919e-04 
 1.52169256e-05  2.87235940e-01  2.54980674e-01  8.08472970e-01  9.14786719e-04 
 1.52219256e-05  2.87235940e-01  2.54980658e-01  8.08472970e-01  9.15312800e-04 
 1.52269256e-05  2.87235939e-01  2.54980643e-01  8.08472970e-01  9.14786838e-04 
 1.52319256e-05  2.87235939e-01  2.54980627e-01  8.08472970e-01  9.15312682e-04 
 1.52369256e-05  2.87235939e-01  2.54980611e-01  8.08472970e-01  9.14786957e-04 
 1.52419256e-05  2.87235939e-01  2.54980595e-01  8.08472970e-01  9.15312563e-04 
 1.52469256e-05  2.87235939e-01  2.54980580e-01  8.08472970e-01  9.14787076e-04 
 1.52519256e-05  2.87235939e-01  2.54980564e-01  8.08472970e-01  9.15312445e-04 
 1.52569256e-05  2.87235939e-01  2.54980548e-01  8.08472970e-01  9.14787195e-04 
 1.52619256e-05  2.87235939e-01  2.54980532e-01  8.08472970e-01  9.15312326e-04 
 1.52669256e-05  2.87235939e-01  2.54980517e-01  8.08472970e-01  9.14787313e-04 
 1.52719256e-05  2.87235939e-01  2.54980501e-01  8.08472970e-01  9.15312208e-04 
 1.52769256e-05  2.87235939e-01  2.54980485e-01  8.08472970e-01  9.14787432e-04 
 1.52819256e-05  2.87235939e-01  2.54980469e-01  8.08472970e-01  9.15312089e-04 
 1.52869256e-05  2.87235939e-01  2.54980454e-01  8.08472970e-01  9.14787550e-04 
 1.52919256e-05  2.87235939e-01  2.54980438e-01  8.08472970e-01  9.15311970e-04 
 1.52969256e-05  2.87235939e-01  2.54980422e-01  8.08472970e-01  9.14787669e-04 
 1.53019256e-05  2.87235939e-01  2.54980406e-01  8.08472970e-01  9.15311852e-04 
 1.53069256e-05  2.87235939e-01  2.54980391e-01  8.08472970e-01  9.14787787e-04 
 1.53119256e-05  2.87235939e-01  2.54980375e-01  8.08472970e-01  9.15311733e-04 
 1.53169256e-05  2.87235939e-01  2.54980359e-01  8.08472970e-01  9.14787905e-04 
 1.53219256e-05  2.87235939e-01  2.54980343e-01  8.08472970e-01  9.15311615e-04 
 1.53269256e-05  2.87235939e-01  2.54980328e-01  8.08472970e-01  9.14788023e-04 
 1.53319256e-05  2.87235939e-01  2.54980312e-01  8.08472970e-01  9.15311497e-04 
 1.53369256e-05  2.87235939e-01  2.54980296e-01  8.08472970e-01  9.14788142e-04 
 1.53419256e-05  2.87235939e-01  2.54980280e-01  8.08472970e-01  9.15311378e-04 
 1.53469256e-05  2.87235939e-01  2.54980265e-01  8.08472970e-01  9.14788260e-04 
 1.53519256e-05  2.87235939e-01  2.54980249e-01  8.08472970e-01  9.15311260e-04 
 1.53569256e-05  2.87235938e-01  2.54980233e-01  8.08472970e-01  9.14788378e-04 
 1.53619256e-05  2.87235938e-01  2.54980218e-01  8.08472970e-01  9.15311142e-04 
 1.53669256e-05  2.87235938e-01  2.54980202e-01  8.08472970e-01  9.14788496e-04 
 1.53719256e-05  2.87235938e-01  2.54980186e-01  8.08472970e-01  9.15311024e-04 
 1.53769256e-05  2.87235938e-01  2.54980170e-01  8.08472970e-01  9.14788614e-04 
 1.53819256e-05  2.87235938e-01  2.54980155e-01  8.08472970e-01  9.15310906e-04 
 1.53869256e-05  2.87235938e-01  2.54980139e-01  8.08472970e-01  9.14788732e-04 
 1.53919256e-05  2.87235938e-01  2.54980123e-01  8.08472970e-01  9.15310788e-04 
 1.53969256e-05  2.87235938e-01  2.54980107e-01  8.08472970e-01  9.14788850e-04 
 1.54019256e-05  2.87235938e-01  2.54980092e-01  8.08472970e-01  9.15310670e-04 
 1.54069256e-05  2.87235938e-01  2.54980076e-01  8.08472970e-01  9.14788968e-04 
 1.54119256e-05  2.87235938e-01  2.54980060e-01  8.08472970e-01  9.15310552e-04 
 1.54169256e-05  2.87235938e-01  2.54980044e-01  8.08472970e-01  9.14789085e-04 
 1.54219256e-05  2.87235938e-01  2.54980029e-01  8.08472970e-01  9.15310434e-04 
 1.54269256e-05  2.87235938e-01  2.54980013e-01  8.08472970e-01  9.14789203e-04 
 1.54319256e-05  2.87235938e-01  2.54979997e-01  8.08472970e-01  9.15310317e-04 
 1.54369256e-05  2.87235938e-01  2.54979981e-01  8.08472970e-01  9.14789321e-04 
 1.54419256e-05  2.87235938e-01  2.54979966e-01  8.08472970e-01  9.15310199e-04 
 1.54469256e-05  2.87235938e-01  2.54979950e-01  8.08472970e-01  9.14789439e-04 
 1.54519256e-05  2.87235938e-01  2.54979934e-01  8.08472970e-01  9.15310082e-04 
 1.54569256e-05  2.87235938e-01  2.54979918e-01  8.08472970e-01  9.14789556e-04 
 1.54619256e-05  2.87235938e-01  2.54979903e-01  8.08472970e-01  9.15309964e-04 
 1.54669256e-05  2.87235938e-01  2.54979887e-01  8.08472970e-01  9.14789674e-04 
 1.54719256e-05  2.87235938e-01  2.54979871e-01  8.08472970e-01  9.15309847e-04 
 1.54769256e-05  2.87235938e-01  2.54979855e-01  8.08472970e-01  9.14789792e-04 
 1.54819256e-05  2.87235938e-01  2.54979840e-01  8.08472970e-01  9.15309729e-04 
 1.54869256e-05  2.87235938e-01  2.54979824e-01  8.08472970e-01  9.14789909e-04 
 1.54919256e-05  2.87235938e-01  2.54979808e-01  8.08472970e-01  9.15309612e-04 
 1.54969256e-05  2.87235938e-01  2.54979792e-01  8.08472970e-01  9.14790026e-04 
 1.55019256e-05  2.87235938e-01  2.54979777e-01  8.08472970e-01  9.15309494e-04 
 1.55069256e-05  2.87235938e-01  2.54979761e-01  8.08472970e-01  9.14790144e-04 
 1.55119256e-05  2.87235938e-01  2.54979745e-01  8.08472970e-01  9.15309377e-04 
 1.55169256e-05  2.87235938e-01  2.54979729e-01  8.08472970e-01  9.14790261e-04 
 1.55219256e-05  2.87235938e-01  2.54979714e-01  8.08472970e-01  9.15309260e-04 
 1.55269256e-05  2.87235938e-01  2.54979698e-01  8.08472970e-01  9.14790378e-04 
 1.55319256e-05  2.87235938e-01  2.54979682e-01  8.08472970e-01  9.15309142e-04 
 1.55369256e-05  2.87235938e-01  2.54979666e-01  8.08472970e-01  9.14790495e-04 
 1.55419256e-05  2.87235938e-01  2.54979651e-01  8.08472970e-01  9.15309025e-04 
 1.55469256e-05  2.87235938e-01  2.54979635e-01  8.08472970e-01  9.14790612e-04 
 1.55519256e-05  2.87235938e-01  2.54979619e-01  8.08472970e-01  9.15308908e-04 
 1.55569256e-05  2.87235938e-01  2.54979603e-01  8.08472970e-01  9.14790729e-04 
 1.55619256e-05  2.87235938e-01  2.54979588e-01  8.08472970e-01  9.15308791e-04 
 1.55669256e-05  2.87235938e-01  2.54979572e-01  8.08472970e-01  9.14790846e-04 
 1.55719256e-05  2.87235938e-01  2.54979556e-01  8.08472970e-01  9.15308674e-04 
 1.55769256e-05  2.87235938e-01  2.54979540e-01  8.08472970e-01  9.14790963e-04 
 1.55819256e-05  2.87235938e-01  2.54979525e-01  8.08472970e-01  9.15308557e-04 
 1.55869256e-05  2.87235938e-01  2.54979509e-01  8.08472970e-01  9.14791080e-04 
 1.55919256e-05  2.87235938e-01  2.54979493e-01  8.08472970e-01  9.15308440e-04 
 1.55969256e-05  2.87235938e-01  2.54979478e-01  8.08472970e-01  9.14791197e-04 
 1.56019256e-05  2.87235938e-01  2.54979462e-01  8.08472970e-01  9.15308323e-04 
 1.56069256e-05  2.87235938e-01  2.54979446e-01  8.08472970e-01  9.14791314e-04 
 1.56119256e-05  2.87235938e-01  2.54979430e-01  8.08472970e-01  9.15308206e-04 
 1.56169256e-05  2.87235938e-01  2.54979415e-01  8.08472970e-01  9.14791431e-04 
 1.56219256e-05  2.87235938e-01  2.54979399e-01  8.08472970e-01  9.15308090e-04 
 1.56269256e-05  2.87235938e-01  2.54979383e-01  8.08472970e-01  9.14791547e-04 
 1.56319256e-05  2.87235938e-01  2.54979367e-01  8.08472970e-01  9.15307973e-04 
 1.56369256e-05  2.87235938e-01  2.54979352e-01  8.08472970e-01  9.14791664e-04 
 1.56419256e-05  2.87235938e-01  2.54979336e-01  8.08472970e-01  9.15307856e-04 
 1.56469256e-05  2.87235938e-01  2.54979320e-01  8.08472970e-01  9.14791781e-04 
 1.56519256e-05  2.87235938e-01  2.54979304e-01  8.08472970e-01  9.15307740e-04 
 1.56569256e-05  2.87235938e-01  2.54979289e-01  8.08472970e-01  9.14791897e-04 
 1.56619256e-05  2.87235938e-01  2.54979273e-01  8.08472970e-01  9.15307623e-04 
 1.56669256e-05  2.87235938e-01  2.54979257e-01  8.08472970e-01  9.14792014e-04 
 1.56719256e-05  2.87235938e-01  2.54979241e-01  8.08472970e-01  9.15307507e-04 
 1.56769256e-05  2.87235938e-01  2.54979226e-01  8.08472970e-01  9.14792130e-04 
 1.56819256e-05  2.87235938e-01  2.54979210e-01  8.08472970e-01  9.15307391e-04 
 1.56869256e-05  2.87235938e-01  2.54979194e-01  8.08472970e-01  9.14792247e-04 
 1.56919256e-05  2.87235938e-01  2.54979178e-01  8.08472970e-01  9.15307274e-04 
 1.56969256e-05  2.87235938e-01  2.54979163e-01  8.08472970e-01  9.14792363e-04 
 1.57019256e-05  2.87235938e-01  2.54979147e-01  8.08472970e-01  9.15307158e-04 
 1.57069256e-05  2.87235938e-01  2.54979131e-01  8.08472970e-01  9.14792480e-04 
 1.57119256e-05  2.87235938e-01  2.54979115e-01  8.08472970e-01  9.15307042e-04 
 1.57169256e-05  2.87235937e-01  2.54979100e-01  8.08472970e-01  9.14792596e-04 
 1.57219256e-05  2.87235937e-01  2.54979084e-01  8.08472970e-01  9.15306925e-04 
 1.57269256e-05  2.87235937e-01  2.54979068e-01  8.08472970e-01  9.14792712e-04 
 1.57319256e-05  2.87235937e-01  2.54979052e-01  8.08472970e-01  9.15306809e-04 
 1.57369256e-05  2.87235937e-01  2.54979037e-01  8.08472970e-01  9.14792828e-04 
 1.57419256e-05  2.87235937e-01  2.54979021e-01  8.08472970e-01  9.15306693e-04 
 1.57469256e-05  2.87235937e-01  2.54979005e-01  8.08472970e-01  9.14792944e-04 
 1.57519256e-05  2.87235937e-01  2.54978989e-01  8.08472970e-01  9.15306577e-04 
 1.57569256e-05  2.87235937e-01  2.54978974e-01  8.08472970e-01  9.14793060e-04 
 1.57619256e-05  2.87235937e-01  2.54978958e-01  8.08472970e-01  9.15306461e-04 
 1.57669256e-05  2.87235937e-01  2.54978942e-01  8.08472970e-01  9.14793176e-04 
 1.57719256e-05  2.87235937e-01  2.54978926e-01  8.08472970e-01  9.15306345e-04 
 1.57769256e-05  2.87235937e-01  2.54978911e-01  8.08472970e-01  9.14793292e-04 
 1.57819256e-05  2.87235937e-01  2.54978895e-01  8.08472970e-01  9.15306229e-04 
 1.57869256e-05  2.87235937e-01  2.54978879e-01  8.08472970e-01  9.14793408e-04 
 1.57919256e-05  2.87235937e-01  2.54978863e-01  8.08472970e-01  9.15306113e-04 
 1.57969256e-05  2.87235937e-01  2.54978848e-01  8.08472970e-01  9.14793524e-04 
 1.58019256e-05  2.87235937e-01  2.54978832e-01  8.08472970e-01  9.15305997e-04 
 1.58069256e-05  2.87235937e-01  2.54978816e-01  8.08472970e-01  9.14793639e-04 
 1.58119256e-05  2.87235937e-01  2.54978801e-01  8.08472970e-01  9.15305882e-04 
 1.58169256e-05  2.87235937e-01  2.54978785e-01  8.08472970e-01  9.14793755e-04 
 1.58219256e-05  2.87235937e-01  2.54978769e-01  8.08472970e-01  9.15305766e-04 
 1.58269256e-05  2.87235937e-01  2.54978753e-01  8.08472970e-01  9.14793871e-04 
 1.58319256e-05  2.87235937e-01  2.54978738e-01  8.08472970e-01  9.15305650e-04 
 1.58369256e-05  2.87235937e-01  2.54978722e-01  8.08472970e-01  9.14793987e-04 
 1.58419256e-05  2.87235937e-01  2.54978706e-01  8.08472970e-01  9.15305535e-04 
 1.58469256e-05  2.87235937e-01  2.54978690e-01  8.08472970e-01  9.14794102e-04 
 1.58519256e-05  2.87235937e-01  2.54978675e-01  8.08472970e-01  9.15305419e-04 
 1.58569256e-05  2.87235937e-01  2.54978659e-01  8.08472970e-01  9.14794218e-04 
 1.58619256e-05  2.87235937e-01  2.54978643e-01  8.08472970e-01  9.15305304e-04 
 1.58669256e-05  2.87235937e-01  2.54978627e-01  8.08472970e-01  9.14794333e-04 
 1.58719256e-05  2.87235937e-01  2.54978612e-01  8.08472970e-01  9.15305188e-04 
 1.58769256e-05  2.87235937e-01  2.54978596e-01  8.08472970e-01  9.14794449e-04 
 1.58819256e-05  2.87235937e-01  2.54978580e-01  8.08472970e-01  9.15305073e-04 
 1.58869256e-05  2.87235937e-01  2.54978564e-01  8.08472970e-01  9.14794564e-04 
 1.58919256e-05  2.87235937e-01  2.54978549e-01  8.08472970e-01  9.15304957e-04 
 1.58969256e-05  2.87235937e-01  2.54978533e-01  8.08472970e-01  9.14794679e-04 
 1.59019256e-05  2.87235937e-01  2.54978517e-01  8.08472970e-01  9.15304842e-04 
 1.59069256e-05  2.87235937e-01  2.54978501e-01  8.08472970e-01  9.14794794e-04 
 1.59119256e-05  2.87235937e-01  2.54978486e-01  8.08472970e-01  9.15304727e-04 
 1.59169256e-05  2.87235937e-01  2.54978470e-01  8.08472970e-01  9.14794910e-04 
 1.59219256e-05  2.87235937e-01  2.54978454e-01  8.08472970e-01  9.15304612e-04 
 1.59269256e-05  2.87235937e-01  2.54978438e-01  8.08472970e-01  9.14795025e-04 
 1.59319256e-05  2.87235937e-01  2.54978423e-01  8.08472970e-01  9.15304497e-04 
 1.59369256e-05  2.87235937e-01  2.54978407e-01  8.08472970e-01  9.14795140e-04 
 1.59419256e-05  2.87235937e-01  2.54978391e-01  8.08472970e-01  9.15304382e-04 
 1.59469256e-05  2.87235937e-01  2.54978375e-01  8.08472970e-01  9.14795255e-04 
 1.59519256e-05  2.87235937e-01  2.54978360e-01  8.08472970e-01  9.15304267e-04 
 1.59569256e-05  2.87235937e-01  2.54978344e-01  8.08472970e-01  9.14795370e-04 
 1.59619256e-05  2.87235937e-01  2.54978328e-01  8.08472970e-01  9.15304152e-04 
 1.59669256e-05  2.87235937e-01  2.54978312e-01  8.08472970e-01  9.14795485e-04 
 1.59719256e-05  2.87235937e-01  2.54978297e-01  8.08472970e-01  9.15304037e-04 
 1.59769256e-05  2.87235937e-01  2.54978281e-01  8.08472970e-01  9.14795600e-04 
 1.59819256e-05  2.87235937e-01  2.54978265e-01  8.08472970e-01  9.15303922e-04 
 1.59869256e-05  2.87235937e-01  2.54978249e-01  8.08472970e-01  9.14795715e-04 
 1.59919256e-05  2.87235937e-01  2.54978234e-01  8.08472970e-01  9.15303807e-04 
 1.59969256e-05  2.87235937e-01  2.54978218e-01  8.08472970e-01  9.14795829e-04 
 1.60019256e-05  2.87235937e-01  2.54978202e-01  8.08472970e-01  9.15303692e-04 
 1.60069256e-05  2.87235937e-01  2.54978186e-01  8.08472970e-01  9.14795944e-04 
 1.60119256e-05  2.87235937e-01  2.54978171e-01  8.08472970e-01  9.15303577e-04 
 1.60169256e-05  2.87235937e-01  2.54978155e-01  8.08472970e-01  9.14796059e-04 
 1.60219256e-05  2.87235937e-01  2.54978139e-01  8.08472970e-01  9.15303463e-04 
 1.60269256e-05  2.87235937e-01  2.54978124e-01  8.08472970e-01  9.14796174e-04 
 1.60319256e-05  2.87235937e-01  2.54978108e-01  8.08472970e-01  9.15303348e-04 
 1.60369256e-05  2.87235937e-01  2.54978092e-01  8.08472970e-01  9.14796288e-04 
 1.60419256e-05  2.87235937e-01  2.54978076e-01  8.08472970e-01  9.15303234e-04 
 1.60469256e-05  2.87235937e-01  2.54978061e-01  8.08472970e-01  9.14796403e-04 
 1.60519256e-05  2.87235937e-01  2.54978045e-01  8.08472970e-01  9.15303119e-04 
 1.60569256e-05  2.87235937e-01  2.54978029e-01  8.08472970e-01  9.14796517e-04 
 1.60619256e-05  2.87235937e-01  2.54978013e-01  8.08472970e-01  9.15303005e-04 
 1.60669256e-05  2.87235937e-01  2.54977998e-01  8.08472970e-01  9.14796632e-04 
 1.60719256e-05  2.87235937e-01  2.54977982e-01  8.08472970e-01  9.15302890e-04 
 1.60769256e-05  2.87235937e-01  2.54977966e-01  8.08472970e-01  9.14796746e-04 
 1.60819256e-05  2.87235937e-01  2.54977950e-01  8.08472970e-01  9.15302776e-04 
 1.60869256e-05  2.87235937e-01  2.54977935e-01  8.08472970e-01  9.14796860e-04 
 1.60919256e-05  2.87235937e-01  2.54977919e-01  8.08472970e-01  9.15302662e-04 
 1.60969256e-05  2.87235937e-01  2.54977903e-01  8.08472970e-01  9.14796975e-04 
 1.61019256e-05  2.87235937e-01  2.54977887e-01  8.08472970e-01  9.15302547e-04 
 1.61069256e-05  2.87235937e-01  2.54977872e-01  8.08472970e-01  9.14797089e-04 
 1.61119256e-05  2.87235937e-01  2.54977856e-01  8.08472970e-01  9.15302433e-04 
 1.61169256e-05  2.87235937e-01  2.54977840e-01  8.08472970e-01  9.14797203e-04 
 1.61219256e-05  2.87235937e-01  2.54977824e-01  8.08472970e-01  9.15302319e-04 
 1.61269256e-05  2.87235937e-01  2.54977809e-01  8.08472970e-01  9.14797317e-04 
 1.61319256e-05  2.87235937e-01  2.54977793e-01  8.08472970e-01  9.15302205e-04 
 1.61369256e-05  2.87235937e-01  2.54977777e-01  8.08472970e-01  9.14797431e-04 
 1.61419256e-05  2.87235937e-01  2.54977761e-01  8.08472970e-01  9.15302091e-04 
 1.61469256e-05  2.87235937e-01  2.54977746e-01  8.08472970e-01  9.14797545e-04 
 1.61519256e-05  2.87235937e-01  2.54977730e-01  8.08472970e-01  9.15301977e-04 
 1.61569256e-05  2.87235937e-01  2.54977714e-01  8.08472970e-01  9.14797659e-04 
 1.61619256e-05  2.87235937e-01  2.54977698e-01  8.08472970e-01  9.15301863e-04 
 1.61669256e-05  2.87235937e-01  2.54977683e-01  8.08472970e-01  9.14797773e-04 
 1.61719256e-05  2.87235937e-01  2.54977667e-01  8.08472970e-01  9.15301749e-04 
 1.61769256e-05  2.87235937e-01  2.54977651e-01  8.08472970e-01  9.14797887e-04 
 1.61819256e-05  2.87235937e-01  2.54977635e-01  8.08472970e-01  9.15301635e-04 
 1.61869256e-05  2.87235937e-01  2.54977620e-01  8.08472970e-01  9.14798001e-04 
 1.61919256e-05  2.87235937e-01  2.54977604e-01  8.08472970e-01  9.15301521e-04 
 1.61969256e-05  2.87235937e-01  2.54977588e-01  8.08472970e-01  9.14798115e-04 
 1.62019256e-05  2.87235937e-01  2.54977572e-01  8.08472970e-01  9.15301407e-04 
 1.62069256e-05  2.87235937e-01  2.54977557e-01  8.08472970e-01  9.14798228e-04 
 1.62119256e-05  2.87235937e-01  2.54977541e-01  8.08472970e-01  9.15301294e-04 
 1.62169256e-05  2.87235937e-01  2.54977525e-01  8.08472970e-01  9.14798342e-04 
 1.62219256e-05  2.87235937e-01  2.54977509e-01  8.08472970e-01  9.15301180e-04 
 1.62269256e-05  2.87235937e-01  2.54977494e-01  8.08472970e-01  9.14798456e-04 
 1.62319256e-05  2.87235937e-01  2.54977478e-01  8.08472970e-01  9.15301067e-04 
 1.62369256e-05  2.87235937e-01  2.54977462e-01  8.08472970e-01  9.14798569e-04 
 1.62419256e-05  2.87235937e-01  2.54977446e-01  8.08472970e-01  9.15300953e-04 
 1.62469256e-05  2.87235937e-01  2.54977431e-01  8.08472970e-01  9.14798683e-04 
 1.62519256e-05  2.87235937e-01  2.54977415e-01  8.08472970e-01  9.15300839e-04 
 1.62569256e-05  2.87235937e-01  2.54977399e-01  8.08472970e-01  9.14798796e-04 
 1.62619256e-05  2.87235937e-01  2.54977384e-01  8.08472970e-01  9.15300726e-04 
 1.62669256e-05  2.87235937e-01  2.54977368e-01  8.08472970e-01  9.14798910e-04 
 1.62719256e-05  2.87235937e-01  2.54977352e-01  8.08472970e-01  9.15300613e-04 
 1.62769256e-05  2.87235937e-01  2.54977336e-01  8.08472970e-01  9.14799023e-04 
 1.62819256e-05  2.87235937e-01  2.54977321e-01  8.08472970e-01  9.15300499e-04 
 1.62869256e-05  2.87235937e-01  2.54977305e-01  8.08472970e-01  9.14799136e-04 
 1.62919256e-05  2.87235937e-01  2.54977289e-01  8.08472970e-01  9.15300386e-04 
 1.62969256e-05  2.87235937e-01  2.54977273e-01  8.08472970e-01  9.14799250e-04 
 1.63019256e-05  2.87235937e-01  2.54977258e-01  8.08472970e-01  9.15300273e-04 
 1.63069256e-05  2.87235937e-01  2.54977242e-01  8.08472970e-01  9.14799363e-04 
 1.63119256e-05  2.87235937e-01  2.54977226e-01  8.08472970e-01  9.15300160e-04 
 1.63169256e-05  2.87235937e-01  2.54977210e-01  8.08472970e-01  9.14799476e-04 
 1.63219256e-05  2.87235937e-01  2.54977195e-01  8.08472970e-01  9.15300046e-04 
 1.63269256e-05  2.87235937e-01  2.54977179e-01  8.08472970e-01  9.14799589e-04 
 1.63319256e-05  2.87235937e-01  2.54977163e-01  8.08472970e-01  9.15299933e-04 
 1.63369256e-05  2.87235937e-01  2.54977147e-01  8.08472970e-01  9.14799702e-04 
 1.63419256e-05  2.87235937e-01  2.54977132e-01  8.08472970e-01  9.15299820e-04 
 1.63469256e-05  2.87235937e-01  2.54977116e-01  8.08472970e-01  9.14799815e-04 
 1.63519256e-05  2.87235937e-01  2.54977100e-01  8.08472970e-01  9.15299707e-04 
 1.63569256e-05  2.87235937e-01  2.54977084e-01  8.08472970e-01  9.14799928e-04 
 1.63619256e-05  2.87235937e-01  2.54977069e-01  8.08472970e-01  9.15299594e-04 
 1.63669256e-05  2.87235937e-01  2.54977053e-01  8.08472970e-01  9.14800041e-04 
 1.63719256e-05  2.87235937e-01  2.54977037e-01  8.08472970e-01  9.15299481e-04 
 1.63769256e-05  2.87235937e-01  2.54977021e-01  8.08472970e-01  9.14800154e-04 
 1.63819256e-05  2.87235937e-01  2.54977006e-01  8.08472970e-01  9.15299369e-04 
 1.63869256e-05  2.87235937e-01  2.54976990e-01  8.08472970e-01  9.14800267e-04 
 1.63919256e-05  2.87235937e-01  2.54976974e-01  8.08472970e-01  9.15299256e-04 
 1.63969256e-05  2.87235937e-01  2.54976958e-01  8.08472970e-01  9.14800380e-04 
 1.64019256e-05  2.87235937e-01  2.54976943e-01  8.08472970e-01  9.15299143e-04 
 1.64069256e-05  2.87235937e-01  2.54976927e-01  8.08472970e-01  9.14800492e-04 
 1.64119256e-05  2.87235937e-01  2.54976911e-01  8.08472970e-01  9.15299030e-04 
 1.64169256e-05  2.87235937e-01  2.54976895e-01  8.08472970e-01  9.14800605e-04 
 1.64219256e-05  2.87235937e-01  2.54976880e-01  8.08472970e-01  9.15298918e-04 
 1.64269256e-05  2.87235937e-01  2.54976864e-01  8.08472970e-01  9.14800718e-04 
 1.64319256e-05  2.87235937e-01  2.54976848e-01  8.08472970e-01  9.15298805e-04 
 1.64369256e-05  2.87235937e-01  2.54976832e-01  8.08472970e-01  9.14800830e-04 
 1.64419256e-05  2.87235937e-01  2.54976817e-01  8.08472970e-01  9.15298693e-04 
 1.64469256e-05  2.87235937e-01  2.54976801e-01  8.08472970e-01  9.14800943e-04 
 1.64519256e-05  2.87235937e-01  2.54976785e-01  8.08472970e-01  9.15298580e-04 
 1.64569256e-05  2.87235937e-01  2.54976769e-01  8.08472970e-01  9.14801055e-04 
 1.64619256e-05  2.87235937e-01  2.54976754e-01  8.08472970e-01  9.15298468e-04 
 1.64669256e-05  2.87235937e-01  2.54976738e-01  8.08472970e-01  9.14801167e-04 
 1.64719256e-05  2.87235937e-01  2.54976722e-01  8.08472970e-01  9.15298355e-04 
 1.64769256e-05  2.87235937e-01  2.54976707e-01  8.08472970e-01  9.14801280e-04 
 1.64819256e-05  2.87235937e-01  2.54976691e-01  8.08472970e-01  9.15298243e-04 
 1.64869256e-05  2.87235937e-01  2.54976675e-01  8.08472970e-01  9.14801392e-04 
 1.64919256e-05  2.87235937e-01  2.54976659e-01  8.08472970e-01  9.15298131e-04 
 1.64969256e-05  2.87235937e-01  2.54976644e-01  8.08472970e-01  9.14801504e-04 
 1.65019256e-05  2.87235937e-01  2.54976628e-01  8.08472970e-01  9.15298019e-04 
 1.65069256e-05  2.87235937e-01  2.54976612e-01  8.08472970e-01  9.14801617e-04 
 1.65119256e-05  2.87235937e-01  2.54976596e-01  8.08472970e-01  9.15297906e-04 
 1.65169256e-05  2.87235937e-01  2.54976581e-01  8.08472970e-01  9.14801729e-04 
 1.65219256e-05  2.87235937e-01  2.54976565e-01  8.08472970e-01  9.15297794e-04 
 1.65269256e-05  2.87235937e-01  2.54976549e-01  8.08472970e-01  9.14801841e-04 
 1.65319256e-05  2.87235937e-01  2.54976533e-01  8.08472970e-01  9.15297682e-04 
 1.65369256e-05  2.87235937e-01  2.54976518e-01  8.08472970e-01  9.14801953e-04 
 1.65419256e-05  2.87235937e-01  2.54976502e-01  8.08472970e-01  9.15297570e-04 
 1.65469256e-05  2.87235937e-01  2.54976486e-01  8.08472970e-01  9.14802065e-04 
 1.65519256e-05  2.87235937e-01  2.54976470e-01  8.08472970e-01  9.15297458e-04 
 1.65569256e-05  2.87235937e-01  2.54976455e-01  8.08472970e-01  9.14802177e-04 
 1.65619256e-05  2.87235937e-01  2.54976439e-01  8.08472970e-01  9.15297346e-04 
 1.65669256e-05  2.87235937e-01  2.54976423e-01  8.08472970e-01  9.14802289e-04 
 1.65719256e-05  2.87235937e-01  2.54976407e-01  8.08472970e-01  9.15297234e-04 
 1.65769256e-05  2.87235937e-01  2.54976392e-01  8.08472970e-01  9.14802401e-04 
 1.65819256e-05  2.87235937e-01  2.54976376e-01  8.08472970e-01  9.15297122e-04 
 1.65869256e-05  2.87235937e-01  2.54976360e-01  8.08472970e-01  9.14802512e-04 
 1.65919256e-05  2.87235937e-01  2.54976344e-01  8.08472970e-01  9.15297011e-04 
 1.65969256e-05  2.87235937e-01  2.54976329e-01  8.08472970e-01  9.14802624e-04 
 1.66019256e-05  2.87235937e-01  2.54976313e-01  8.08472970e-01  9.15296899e-04 
 1.66069256e-05  2.87235937e-01  2.54976297e-01  8.08472970e-01  9.14802736e-04 
 1.66119256e-05  2.87235937e-01  2.54976281e-01  8.08472970e-01  9.15296787e-04 
 1.66169256e-05  2.87235937e-01  2.54976266e-01  8.08472970e-01  9.14802848e-04 
 1.66219256e-05  2.87235937e-01  2.54976250e-01  8.08472970e-01  9.15296676e-04 
 1.66269256e-05  2.87235937e-01  2.54976234e-01  8.08472970e-01  9.14802959e-04 
 1.66319256e-05  2.87235937e-01  2.54976218e-01  8.08472970e-01  9.15296564e-04 
 1.66369256e-05  2.87235937e-01  2.54976203e-01  8.08472970e-01  9.14803071e-04 
 1.66419256e-05  2.87235937e-01  2.54976187e-01  8.08472970e-01  9.15296453e-04 
 1.66469256e-05  2.87235937e-01  2.54976171e-01  8.08472970e-01  9.14803182e-04 
 1.66519256e-05  2.87235937e-01  2.54976155e-01  8.08472970e-01  9.15296341e-04 
 1.66569256e-05  2.87235937e-01  2.54976140e-01  8.08472970e-01  9.14803294e-04 
 1.66619256e-05  2.87235937e-01  2.54976124e-01  8.08472970e-01  9.15296230e-04 
 1.66669256e-05  2.87235937e-01  2.54976108e-01  8.08472970e-01  9.14803405e-04 
 1.66719256e-05  2.87235937e-01  2.54976092e-01  8.08472970e-01  9.15296118e-04 
 1.66769256e-05  2.87235937e-01  2.54976077e-01  8.08472970e-01  9.14803517e-04 
 1.66819256e-05  2.87235937e-01  2.54976061e-01  8.08472970e-01  9.15296007e-04 
 1.66869256e-05  2.87235937e-01  2.54976045e-01  8.08472970e-01  9.14803628e-04 
 1.66919256e-05  2.87235937e-01  2.54976030e-01  8.08472970e-01  9.15295896e-04 
 1.66969256e-05  2.87235937e-01  2.54976014e-01  8.08472970e-01  9.14803739e-04 
 1.67019256e-05  2.87235937e-01  2.54975998e-01  8.08472970e-01  9.15295784e-04 
 1.67069256e-05  2.87235937e-01  2.54975982e-01  8.08472970e-01  9.14803850e-04 
 1.67119256e-05  2.87235937e-01  2.54975967e-01  8.08472970e-01  9.15295673e-04 
 1.67169256e-05  2.87235937e-01  2.54975951e-01  8.08472970e-01  9.14803961e-04 
 1.67219256e-05  2.87235937e-01  2.54975935e-01  8.08472970e-01  9.15295562e-04 
 1.67269256e-05  2.87235937e-01  2.54975919e-01  8.08472970e-01  9.14804073e-04 
 1.67319256e-05  2.87235937e-01  2.54975904e-01  8.08472970e-01  9.15295451e-04 
 1.67369256e-05  2.87235937e-01  2.54975888e-01  8.08472970e-01  9.14804184e-04 
 1.67419256e-05  2.87235937e-01  2.54975872e-01  8.08472970e-01  9.15295340e-04 
 1.67469256e-05  2.87235937e-01  2.54975856e-01  8.08472970e-01  9.14804295e-04 
 1.67519256e-05  2.87235937e-01  2.54975841e-01  8.08472970e-01  9.15295229e-04 
 1.67569256e-05  2.87235937e-01  2.54975825e-01  8.08472970e-01  9.14804406e-04 
 1.67619256e-05  2.87235937e-01  2.54975809e-01  8.08472970e-01  9.15295118e-04 
 1.67669256e-05  2.87235937e-01  2.54975793e-01  8.08472970e-01  9.14804516e-04 
 1.67719256e-05  2.87235937e-01  2.54975778e-01  8.08472970e-01  9.15295007e-04 
 1.67769256e-05  2.87235937e-01  2.54975762e-01  8.08472970e-01  9.14804627e-04 
 1.67819256e-05  2.87235937e-01  2.54975746e-01  8.08472970e-01  9.15294896e-04 
 1.67869256e-05  2.87235937e-01  2.54975730e-01  8.08472970e-01  9.14804738e-04 
 1.67919256e-05  2.87235937e-01  2.54975715e-01  8.08472970e-01  9.15294786e-04 
 1.67969256e-05  2.87235937e-01  2.54975699e-01  8.08472970e-01  9.14804849e-04 
 1.68019256e-05  2.87235937e-01  2.54975683e-01  8.08472970e-01  9.15294675e-04 
 1.68069256e-05  2.87235937e-01  2.54975667e-01  8.08472970e-01  9.14804960e-04 
 1.68119256e-05  2.87235937e-01  2.54975652e-01  8.08472970e-01  9.15294564e-04 
 1.68169256e-05  2.87235937e-01  2.54975636e-01  8.08472970e-01  9.14805070e-04 
 1.68219256e-05  2.87235937e-01  2.54975620e-01  8.08472970e-01  9.15294453e-04 
 1.68269256e-05  2.87235937e-01  2.54975604e-01  8.08472970e-01  9.14805181e-04 
 1.68319256e-05  2.87235937e-01  2.54975589e-01  8.08472970e-01  9.15294343e-04 
 1.68369256e-05  2.87235937e-01  2.54975573e-01  8.08472970e-01  9.14805291e-04 
 1.68419256e-05  2.87235937e-01  2.54975557e-01  8.08472970e-01  9.15294232e-04 
 1.68469256e-05  2.87235937e-01  2.54975541e-01  8.08472970e-01  9.14805402e-04 
 1.68519256e-05  2.87235937e-01  2.54975526e-01  8.08472970e-01  9.15294122e-04 
 1.68569256e-05  2.87235937e-01  2.54975510e-01  8.08472970e-01  9.14805512e-04 
 1.68619256e-05  2.87235937e-01  2.54975494e-01  8.08472970e-01  9.15294011e-04 
 1.68669256e-05  2.87235937e-01  2.54975478e-01  8.08472970e-01  9.14805623e-04 
 1.68719256e-05  2.87235937e-01  2.54975463e-01  8.08472970e-01  9.15293901e-04 
 1.68769256e-05  2.87235937e-01  2.54975447e-01  8.08472970e-01  9.14805733e-04 
 1.68819256e-05  2.87235937e-01  2.54975431e-01  8.08472970e-01  9.15293791e-04 
 1.68869256e-05  2.87235937e-01  2.54975415e-01  8.08472970e-01  9.14805844e-04 
 1.68919256e-05  2.87235937e-01  2.54975400e-01  8.08472970e-01  9.15293680e-04 
 1.68969256e-05  2.87235937e-01  2.54975384e-01  8.08472970e-01  9.14805954e-04 
 1.69019256e-05  2.87235937e-01  2.54975368e-01  8.08472970e-01  9.15293570e-04 
 1.69069256e-05  2.87235937e-01  2.54975353e-01  8.08472970e-01  9.14806064e-04 
 1.69119256e-05  2.87235937e-01  2.54975337e-01  8.08472970e-01  9.15293460e-04 
 1.69169256e-05  2.87235937e-01  2.54975321e-01  8.08472970e-01  9.14806174e-04 
 1.69219256e-05  2.87235937e-01  2.54975305e-01  8.08472970e-01  9.15293350e-04 
 1.69269256e-05  2.87235937e-01  2.54975290e-01  8.08472970e-01  9.14806284e-04 
 1.69319256e-05  2.87235937e-01  2.54975274e-01  8.08472970e-01  9.15293240e-04 
 1.69369256e-05  2.87235937e-01  2.54975258e-01  8.08472970e-01  9.14806394e-04 
 1.69419256e-05  2.87235937e-01  2.54975242e-01  8.08472970e-01  9.15293130e-04 
 1.69469256e-05  2.87235937e-01  2.54975227e-01  8.08472970e-01  9.14806504e-04 
 1.69519256e-05  2.87235937e-01  2.54975211e-01  8.08472970e-01  9.15293020e-04 
 1.69569256e-05  2.87235937e-01  2.54975195e-01  8.08472970e-01  9.14806614e-04 
 1.69619256e-05  2.87235937e-01  2.54975179e-01  8.08472970e-01  9.15292910e-04 
 1.69669256e-05  2.87235937e-01  2.54975164e-01  8.08472970e-01  9.14806724e-04 
 1.69719256e-05  2.87235937e-01  2.54975148e-01  8.08472970e-01  9.15292800e-04 
 1.69769256e-05  2.87235937e-01  2.54975132e-01  8.08472970e-01  9.14806834e-04 
 1.69819256e-05  2.87235937e-01  2.54975116e-01  8.08472970e-01  9.15292690e-04 
 1.69869256e-05  2.87235937e-01  2.54975101e-01  8.08472970e-01  9.14806944e-04 
 1.69919256e-05  2.87235937e-01  2.54975085e-01  8.08472970e-01  9.15292580e-04 
 1.69969256e-05  2.87235937e-01  2.54975069e-01  8.08472970e-01  9.14807054e-04 
 1.70019256e-05  2.87235937e-01  2.54975053e-01  8.08472970e-01  9.15292470e-04 
 1.70069256e-05  2.87235937e-01  2.54975038e-01  8.08472970e-01  9.14807163e-04 
 1.70119256e-05  2.87235937e-01  2.54975022e-01  8.08472970e-01  9.15292361e-04 
 1.70169256e-05  2.87235937e-01  2.54975006e-01  8.08472970e-01  9.14807273e-04 
 1.70219256e-05  2.87235937e-01  2.54974990e-01  8.08472970e-01  9.15292251e-04 
 1.70269256e-05  2.87235937e-01  2.54974975e-01  8.08472970e-01  9.14807383e-04 
 1.70319256e-05  2.87235937e-01  2.54974959e-01  8.08472970e-01  9.15292141e-04 
 1.70369256e-05  2.87235937e-01  2.54974943e-01  8.08472970e-01  9.14807492e-04 
 1.70419256e-05  2.87235937e-01  2.54974927e-01  8.08472970e-01  9.15292032e-04 
 1.70469256e-05  2.87235937e-01  2.54974912e-01  8.08472970e-01  9.14807602e-04 
 1.70519256e-05  2.87235937e-01  2.54974896e-01  8.08472970e-01  9.15291922e-04 
 1.70569256e-05  2.87235937e-01  2.54974880e-01  8.08472970e-01  9.14807711e-04 
 1.70619256e-05  2.87235937e-01  2.54974864e-01  8.08472970e-01  9.15291813e-04 
 1.70669256e-05  2.87235937e-01  2.54974849e-01  8.08472970e-01  9.14807821e-04 
 1.70719256e-05  2.87235937e-01  2.54974833e-01  8.08472970e-01  9.15291704e-04 
 1.70769256e-05  2.87235937e-01  2.54974817e-01  8.08472970e-01  9.14807930e-04 
 1.70819256e-05  2.87235937e-01  2.54974801e-01  8.08472970e-01  9.15291594e-04 
 1.70869256e-05  2.87235937e-01  2.54974786e-01  8.08472970e-01  9.14808040e-04 
 1.70919256e-05  2.87235937e-01  2.54974770e-01  8.08472970e-01  9.15291485e-04 
 1.70969256e-05  2.87235937e-01  2.54974754e-01  8.08472970e-01  9.14808149e-04 
 1.71019256e-05  2.87235937e-01  2.54974738e-01  8.08472970e-01  9.15291376e-04 
 1.71069256e-05  2.87235937e-01  2.54974723e-01  8.08472970e-01  9.14808258e-04 
 1.71119256e-05  2.87235937e-01  2.54974707e-01  8.08472970e-01  9.15291266e-04 
 1.71169256e-05  2.87235937e-01  2.54974691e-01  8.08472970e-01  9.14808367e-04 
 1.71219256e-05  2.87235937e-01  2.54974676e-01  8.08472970e-01  9.15291157e-04 
 1.71269256e-05  2.87235937e-01  2.54974660e-01  8.08472970e-01  9.14808476e-04 
 1.71319256e-05  2.87235937e-01  2.54974644e-01  8.08472970e-01  9.15291048e-04 
 1.71369256e-05  2.87235937e-01  2.54974628e-01  8.08472970e-01  9.14808586e-04 
 1.71419256e-05  2.87235937e-01  2.54974613e-01  8.08472970e-01  9.15290939e-04 
 1.71469256e-05  2.87235937e-01  2.54974597e-01  8.08472970e-01  9.14808695e-04 
 1.71519256e-05  2.87235937e-01  2.54974581e-01  8.08472970e-01  9.15290830e-04 
 1.71569256e-05  2.87235937e-01  2.54974565e-01  8.08472970e-01  9.14808804e-04 
 1.71619256e-05  2.87235937e-01  2.54974550e-01  8.08472970e-01  9.15290721e-04 
 1.71669256e-05  2.87235937e-01  2.54974534e-01  8.08472970e-01  9.14808912e-04 
 1.71719256e-05  2.87235937e-01  2.54974518e-01  8.08472970e-01  9.15290612e-04 
 1.71769256e-05  2.87235937e-01  2.54974502e-01  8.08472970e-01  9.14809021e-04 
 1.71819256e-05  2.87235937e-01  2.54974487e-01  8.08472970e-01  9.15290503e-04 
 1.71869256e-05  2.87235937e-01  2.54974471e-01  8.08472970e-01  9.14809130e-04 
 1.71919256e-05  2.87235937e-01  2.54974455e-01  8.08472970e-01  9.15290394e-04 
 1.71969256e-05  2.87235937e-01  2.54974439e-01  8.08472970e-01  9.14809239e-04 
 1.72019256e-05  2.87235937e-01  2.54974424e-01  8.08472970e-01  9.15290286e-04 
 1.72069256e-05  2.87235937e-01  2.54974408e-01  8.08472970e-01  9.14809348e-04 
 1.72119256e-05  2.87235937e-01  2.54974392e-01  8.08472970e-01  9.15290177e-04 
 1.72169256e-05  2.87235937e-01  2.54974376e-01  8.08472970e-01  9.14809456e-04 
 1.72219256e-05  2.87235937e-01  2.54974361e-01  8.08472970e-01  9.15290068e-04 
 1.72269256e-05  2.87235937e-01  2.54974345e-01  8.08472970e-01  9.14809565e-04 
 1.72319256e-05  2.87235937e-01  2.54974329e-01  8.08472970e-01  9.15289960e-04 
 1.72369256e-05  2.87235937e-01  2.54974313e-01  8.08472970e-01  9.14809674e-04 
 1.72419256e-05  2.87235937e-01  2.54974298e-01  8.08472970e-01  9.15289851e-04 
 1.72469256e-05  2.87235937e-01  2.54974282e-01  8.08472970e-01  9.14809782e-04 
 1.72519256e-05  2.87235937e-01  2.54974266e-01  8.08472970e-01  9.15289743e-04 
 1.72569256e-05  2.87235937e-01  2.54974250e-01  8.08472970e-01  9.14809891e-04 
 1.72619256e-05  2.87235937e-01  2.54974235e-01  8.08472970e-01  9.15289634e-04 
 1.72669256e-05  2.87235937e-01  2.54974219e-01  8.08472970e-01  9.14809999e-04 
 1.72719256e-05  2.87235937e-01  2.54974203e-01  8.08472970e-01  9.15289526e-04 
 1.72769256e-05  2.87235937e-01  2.54974187e-01  8.08472970e-01  9.14810108e-04 
 1.72819256e-05  2.87235937e-01  2.54974172e-01  8.08472970e-01  9.15289417e-04 
 1.72869256e-05  2.87235937e-01  2.54974156e-01  8.08472970e-01  9.14810216e-04 
 1.72919256e-05  2.87235937e-01  2.54974140e-01  8.08472970e-01  9.15289309e-04 
 1.72969256e-05  2.87235937e-01  2.54974124e-01  8.08472970e-01  9.14810324e-04 
 1.73019256e-05  2.87235937e-01  2.54974109e-01  8.08472970e-01  9.15289201e-04 
 1.73069256e-05  2.87235937e-01  2.54974093e-01  8.08472970e-01  9.14810433e-04 
 1.73119256e-05  2.87235937e-01  2.54974077e-01  8.08472970e-01  9.15289092e-04 
 1.73169256e-05  2.87235937e-01  2.54974061e-01  8.08472970e-01  9.14810541e-04 
 1.73219256e-05  2.87235937e-01  2.54974046e-01  8.08472970e-01  9.15288984e-04 
 1.73269256e-05  2.87235937e-01  2.54974030e-01  8.08472970e-01  9.14810649e-04 
 1.73319256e-05  2.87235937e-01  2.54974014e-01  8.08472970e-01  9.15288876e-04 
 1.73369256e-05  2.87235937e-01  2.54973999e-01  8.08472970e-01  9.14810757e-04 
 1.73419256e-05  2.87235937e-01  2.54973983e-01  8.08472970e-01  9.15288768e-04 
 1.73469256e-05  2.87235937e-01  2.54973967e-01  8.08472970e-01  9.14810865e-04 
 1.73519256e-05  2.87235937e-01  2.54973951e-01  8.08472970e-01  9.15288660e-04 
 1.73569256e-05  2.87235937e-01  2.54973936e-01  8.08472970e-01  9.14810973e-04 
 1.73619256e-05  2.87235937e-01  2.54973920e-01  8.08472970e-01  9.15288552e-04 
 1.73669256e-05  2.87235937e-01  2.54973904e-01  8.08472970e-01  9.14811081e-04 
 1.73719256e-05  2.87235937e-01  2.54973888e-01  8.08472970e-01  9.15288444e-04 
 1.73769256e-05  2.87235937e-01  2.54973873e-01  8.08472970e-01  9.14811189e-04 
 1.73819256e-05  2.87235937e-01  2.54973857e-01  8.08472970e-01  9.15288336e-04 
 1.73869256e-05  2.87235937e-01  2.54973841e-01  8.08472970e-01  9.14811297e-04 
 1.73919256e-05  2.87235937e-01  2.54973825e-01  8.08472970e-01  9.15288228e-04 
 1.73969256e-05  2.87235937e-01  2.54973810e-01  8.08472970e-01  9.14811405e-04 
 1.74019256e-05  2.87235937e-01  2.54973794e-01  8.08472970e-01  9.15288120e-04 
 1.74069256e-05  2.87235937e-01  2.54973778e-01  8.08472970e-01  9.14811513e-04 
 1.74119256e-05  2.87235937e-01  2.54973762e-01  8.08472970e-01  9.15288013e-04 
 1.74169256e-05  2.87235937e-01  2.54973747e-01  8.08472970e-01  9.14811620e-04 
 1.74219256e-05  2.87235937e-01  2.54973731e-01  8.08472970e-01  9.15287905e-04 
 1.74269256e-05  2.87235937e-01  2.54973715e-01  8.08472970e-01  9.14811728e-04 
 1.74319256e-05  2.87235937e-01  2.54973699e-01  8.08472970e-01  9.15287797e-04 
 1.74369256e-05  2.87235937e-01  2.54973684e-01  8.08472970e-01  9.14811836e-04 
 1.74419256e-05  2.87235937e-01  2.54973668e-01  8.08472970e-01  9.15287690e-04 
 1.74469256e-05  2.87235937e-01  2.54973652e-01  8.08472970e-01  9.14811943e-04 
 1.74519256e-05  2.87235937e-01  2.54973636e-01  8.08472970e-01  9.15287582e-04 
 1.74569256e-05  2.87235937e-01  2.54973621e-01  8.08472970e-01  9.14812051e-04 
 1.74619256e-05  2.87235937e-01  2.54973605e-01  8.08472970e-01  9.15287475e-04 
 1.74669256e-05  2.87235937e-01  2.54973589e-01  8.08472970e-01  9.14812158e-04 
 1.74719256e-05  2.87235937e-01  2.54973573e-01  8.08472970e-01  9.15287367e-04 
 1.74769256e-05  2.87235937e-01  2.54973558e-01  8.08472970e-01  9.14812266e-04 
 1.74819256e-05  2.87235937e-01  2.54973542e-01  8.08472970e-01  9.15287260e-04 
 1.74869256e-05  2.87235937e-01  2.54973526e-01  8.08472970e-01  9.14812373e-04 
 1.74919256e-05  2.87235937e-01  2.54973510e-01  8.08472970e-01  9.15287152e-04 
 1.74969256e-05  2.87235937e-01  2.54973495e-01  8.08472970e-01  9.14812480e-04 
 1.75019256e-05  2.87235937e-01  2.54973479e-01  8.08472970e-01  9.15287045e-04 
 1.75069256e-05  2.87235937e-01  2.54973463e-01  8.08472970e-01  9.14812588e-04 
 1.75119256e-05  2.87235937e-01  2.54973447e-01  8.08472970e-01  9.15286938e-04 
 1.75169256e-05  2.87235937e-01  2.54973432e-01  8.08472970e-01  9.14812695e-04 
 1.75219256e-05  2.87235937e-01  2.54973416e-01  8.08472970e-01  9.15286830e-04 
 1.75269256e-05  2.87235937e-01  2.54973400e-01  8.08472970e-01  9.14812802e-04 
 1.75319256e-05  2.87235937e-01  2.54973385e-01  8.08472970e-01  9.15286723e-04 
 1.75369256e-05  2.87235937e-01  2.54973369e-01  8.08472970e-01  9.14812909e-04 
 1.75419256e-05  2.87235937e-01  2.54973353e-01  8.08472970e-01  9.15286616e-04 
 1.75469256e-05  2.87235937e-01  2.54973337e-01  8.08472970e-01  9.14813016e-04 
 1.75519256e-05  2.87235937e-01  2.54973322e-01  8.08472970e-01  9.15286509e-04 
 1.75569256e-05  2.87235937e-01  2.54973306e-01  8.08472970e-01  9.14813123e-04 
 1.75619256e-05  2.87235937e-01  2.54973290e-01  8.08472970e-01  9.15286402e-04 
 1.75669256e-05  2.87235937e-01  2.54973274e-01  8.08472970e-01  9.14813231e-04 
 1.75719256e-05  2.87235937e-01  2.54973259e-01  8.08472970e-01  9.15286295e-04 
 1.75769256e-05  2.87235937e-01  2.54973243e-01  8.08472970e-01  9.14813337e-04 
 1.75819256e-05  2.87235937e-01  2.54973227e-01  8.08472970e-01  9.15286188e-04 
 1.75869256e-05  2.87235937e-01  2.54973211e-01  8.08472970e-01  9.14813444e-04 
 1.75919256e-05  2.87235937e-01  2.54973196e-01  8.08472970e-01  9.15286081e-04 
 1.75969256e-05  2.87235937e-01  2.54973180e-01  8.08472970e-01  9.14813551e-04 
 1.76019256e-05  2.87235937e-01  2.54973164e-01  8.08472970e-01  9.15285974e-04 
 1.76069256e-05  2.87235937e-01  2.54973148e-01  8.08472970e-01  9.14813658e-04 
 1.76119256e-05  2.87235937e-01  2.54973133e-01  8.08472970e-01  9.15285868e-04 
 1.76169256e-05  2.87235937e-01  2.54973117e-01  8.08472970e-01  9.14813765e-04 
 1.76219256e-05  2.87235937e-01  2.54973101e-01  8.08472970e-01  9.15285761e-04 
 1.76269256e-05  2.87235937e-01  2.54973085e-01  8.08472970e-01  9.14813872e-04 
 1.76319256e-05  2.87235937e-01  2.54973070e-01  8.08472970e-01  9.15285654e-04 
 1.76369256e-05  2.87235937e-01  2.54973054e-01  8.08472970e-01  9.14813978e-04 
 1.76419256e-05  2.87235937e-01  2.54973038e-01  8.08472970e-01  9.15285547e-04 
 1.76469256e-05  2.87235937e-01  2.54973022e-01  8.08472970e-01  9.14814085e-04 
 1.76519256e-05  2.87235937e-01  2.54973007e-01  8.08472970e-01  9.15285441e-04 
 1.76569256e-05  2.87235937e-01  2.54972991e-01  8.08472970e-01  9.14814191e-04 
 1.76619256e-05  2.87235937e-01  2.54972975e-01  8.08472970e-01  9.15285334e-04 
 1.76669256e-05  2.87235937e-01  2.54972959e-01  8.08472970e-01  9.14814298e-04 
 1.76719256e-05  2.87235937e-01  2.54972944e-01  8.08472970e-01  9.15285228e-04 
 1.76769256e-05  2.87235937e-01  2.54972928e-01  8.08472970e-01  9.14814404e-04 
 1.76819256e-05  2.87235937e-01  2.54972912e-01  8.08472970e-01  9.15285121e-04 
 1.76869256e-05  2.87235937e-01  2.54972896e-01  8.08472970e-01  9.14814511e-04 
 1.76919256e-05  2.87235937e-01  2.54972881e-01  8.08472970e-01  9.15285015e-04 
 1.76969256e-05  2.87235937e-01  2.54972865e-01  8.08472970e-01  9.14814617e-04 
 1.77019256e-05  2.87235937e-01  2.54972849e-01  8.08472970e-01  9.15284909e-04 
 1.77069256e-05  2.87235937e-01  2.54972833e-01  8.08472970e-01  9.14814724e-04 
 1.77119256e-05  2.87235937e-01  2.54972818e-01  8.08472970e-01  9.15284802e-04 
 1.77169256e-05  2.87235937e-01  2.54972802e-01  8.08472970e-01  9.14814830e-04 
 1.77219256e-05  2.87235937e-01  2.54972786e-01  8.08472970e-01  9.15284696e-04 
 1.77269256e-05  2.87235937e-01  2.54972770e-01  8.08472970e-01  9.14814936e-04 
 1.77319256e-05  2.87235937e-01  2.54972755e-01  8.08472970e-01  9.15284590e-04 
 1.77369256e-05  2.87235937e-01  2.54972739e-01  8.08472970e-01  9.14815042e-04 
 1.77419256e-05  2.87235937e-01  2.54972723e-01  8.08472970e-01  9.15284484e-04 
 1.77469256e-05  2.87235937e-01  2.54972708e-01  8.08472970e-01  9.14815149e-04 
 1.77519256e-05  2.87235937e-01  2.54972692e-01  8.08472970e-01  9.15284377e-04 
 1.77569256e-05  2.87235937e-01  2.54972676e-01  8.08472970e-01  9.14815255e-04 
 1.77619256e-05  2.87235937e-01  2.54972660e-01  8.08472970e-01  9.15284271e-04 
 1.77669256e-05  2.87235937e-01  2.54972645e-01  8.08472970e-01  9.14815361e-04 
 1.77719256e-05  2.87235937e-01  2.54972629e-01  8.08472970e-01  9.15284165e-04 
 1.77769256e-05  2.87235937e-01  2.54972613e-01  8.08472970e-01  9.14815467e-04 
 1.77819256e-05  2.87235937e-01  2.54972597e-01  8.08472970e-01  9.15284059e-04 
 1.77869256e-05  2.87235937e-01  2.54972582e-01  8.08472970e-01  9.14815573e-04 
 1.77919256e-05  2.87235937e-01  2.54972566e-01  8.08472970e-01  9.15283953e-04 
 1.77969256e-05  2.87235937e-01  2.54972550e-01  8.08472970e-01  9.14815679e-04 
 1.78019256e-05  2.87235937e-01  2.54972534e-01  8.08472970e-01  9.15283847e-04 
 1.78069256e-05  2.87235937e-01  2.54972519e-01  8.08472970e-01  9.14815784e-04 
 1.78119256e-05  2.87235937e-01  2.54972503e-01  8.08472970e-01  9.15283742e-04 
 1.78169256e-05  2.87235937e-01  2.54972487e-01  8.08472970e-01  9.14815890e-04 
 1.78219256e-05  2.87235937e-01  2.54972471e-01  8.08472970e-01  9.15283636e-04 
 1.78269256e-05  2.87235937e-01  2.54972456e-01  8.08472970e-01  9.14815996e-04 
 1.78319256e-05  2.87235937e-01  2.54972440e-01  8.08472970e-01  9.15283530e-04 
 1.78369256e-05  2.87235937e-01  2.54972424e-01  8.08472970e-01  9.14816102e-04 
 1.78419256e-05  2.87235937e-01  2.54972408e-01  8.08472970e-01  9.15283424e-04 
 1.78469256e-05  2.87235937e-01  2.54972393e-01  8.08472970e-01  9.14816207e-04 
 1.78519256e-05  2.87235937e-01  2.54972377e-01  8.08472970e-01  9.15283319e-04 
 1.78569256e-05  2.87235937e-01  2.54972361e-01  8.08472970e-01  9.14816313e-04 
 1.78619256e-05  2.87235937e-01  2.54972345e-01  8.08472970e-01  9.15283213e-04 
 1.78669256e-05  2.87235937e-01  2.54972330e-01  8.08472970e-01  9.14816419e-04 
 1.78719256e-05  2.87235937e-01  2.54972314e-01  8.08472970e-01  9.15283108e-04 
 1.78769256e-05  2.87235937e-01  2.54972298e-01  8.08472970e-01  9.14816524e-04 
 1.78819256e-05  2.87235937e-01  2.54972282e-01  8.08472970e-01  9.15283002e-04 
 1.78869256e-05  2.87235937e-01  2.54972267e-01  8.08472970e-01  9.14816630e-04 
 1.78919256e-05  2.87235937e-01  2.54972251e-01  8.08472970e-01  9.15282897e-04 
 1.78969256e-05  2.87235937e-01  2.54972235e-01  8.08472970e-01  9.14816735e-04 
 1.79019256e-05  2.87235937e-01  2.54972219e-01  8.08472970e-01  9.15282791e-04 
 1.79069256e-05  2.87235937e-01  2.54972204e-01  8.08472970e-01  9.14816841e-04 
 1.79119256e-05  2.87235937e-01  2.54972188e-01  8.08472970e-01  9.15282686e-04 
 1.79169256e-05  2.87235937e-01  2.54972172e-01  8.08472970e-01  9.14816946e-04 
 1.79219256e-05  2.87235937e-01  2.54972156e-01  8.08472970e-01  9.15282580e-04 
 1.79269256e-05  2.87235937e-01  2.54972141e-01  8.08472970e-01  9.14817051e-04 
 1.79319256e-05  2.87235937e-01  2.54972125e-01  8.08472970e-01  9.15282475e-04 
 1.79369256e-05  2.87235937e-01  2.54972109e-01  8.08472970e-01  9.14817156e-04 
 1.79419256e-05  2.87235937e-01  2.54972093e-01  8.08472970e-01  9.15282370e-04 
 1.79469256e-05  2.87235937e-01  2.54972078e-01  8.08472970e-01  9.14817262e-04 
 1.79519256e-05  2.87235937e-01  2.54972062e-01  8.08472970e-01  9.15282265e-04 
 1.79569256e-05  2.87235937e-01  2.54972046e-01  8.08472970e-01  9.14817367e-04 
 1.79619256e-05  2.87235937e-01  2.54972031e-01  8.08472970e-01  9.15282160e-04 
 1.79669256e-05  2.87235937e-01  2.54972015e-01  8.08472970e-01  9.14817472e-04 
 1.79719256e-05  2.87235937e-01  2.54971999e-01  8.08472970e-01  9.15282055e-04 
 1.79769256e-05  2.87235937e-01  2.54971983e-01  8.08472970e-01  9.14817577e-04 
 1.79819256e-05  2.87235937e-01  2.54971968e-01  8.08472970e-01  9.15281949e-04 
 1.79869256e-05  2.87235937e-01  2.54971952e-01  8.08472970e-01  9.14817682e-04 
 1.79919256e-05  2.87235937e-01  2.54971936e-01  8.08472970e-01  9.15281845e-04 
 1.79959628e-05  2.87235937e-01  2.54971923e-01  8.08472970e-01  9.14817800e-04 
 1.80000000e-05  2.87235937e-01  2.54971911e-01  8.08472970e-01  9.15281715e-04 
 1.80000997e-05  2.87235937e-01  2.54971889e-01  8.08472970e-01  9.60200152e-04 
 1.80002991e-05  2.87235937e-01  2.54971819e-01  8.08472970e-01  9.53816891e-04 
 1.80006496e-05  2.87235937e-01  2.54971486e-01  8.08472970e-01  9.51013147e-04 
 1.80010000e-05  2.87235937e-01  2.54459467e-01  8.08472970e-01  9.43407040e-04 
 1.80010701e-05  2.87235937e-01  2.54259133e-01  8.08472970e-01  9.15107763e-04 
 1.80012103e-05  2.87235937e-01  2.53859317e-01  8.08472970e-01  9.14954401e-04 
 1.80014906e-05  2.87235937e-01  2.53064719e-01  8.08472970e-01  9.15107339e-04 
 1.80020513e-05  2.87235937e-01  2.51495319e-01  8.08472970e-01  9.14955322e-04 
 1.80031728e-05  2.87235937e-01  2.48433137e-01  8.08472970e-01  9.15108255e-04 
 1.80054156e-05  2.87235937e-01  2.42596094e-01  8.08472970e-01  9.14957461e-04 
 1.80099013e-05  2.87235937e-01  2.31937523e-01  8.08472970e-01  9.15111841e-04 
 1.80149013e-05  2.87235937e-01  2.21423768e-01  8.08472970e-01  9.14961888e-04 
 1.80199013e-05  2.87235937e-01  2.12091375e-01  8.08472970e-01  9.15115628e-04 
 1.80249013e-05  2.87235937e-01  2.03727677e-01  8.08472970e-01  9.14965046e-04 
 1.80299013e-05  2.87235937e-01  1.96167679e-01  8.08472970e-01  9.15118202e-04 
 1.80349013e-05  2.87235937e-01  1.89281783e-01  8.08472970e-01  9.14967252e-04 
 1.80399013e-05  2.87235937e-01  1.82966987e-01  8.08472970e-01  9.15120019e-04 
 1.80449013e-05  2.87235937e-01  1.77140521e-01  8.08472970e-01  9.14968851e-04 
 1.80499013e-05  2.87235937e-01  1.71735186e-01  8.08472970e-01  9.15121344e-04 
 1.80549013e-05  2.87235937e-01  1.66695890e-01  8.08472970e-01  9.14970047e-04 
 1.80599013e-05  2.87235937e-01  1.61977061e-01  8.08472970e-01  9.15122337e-04 
 1.80649013e-05  2.87235937e-01  1.57540700e-01  8.08472970e-01  9.14970967e-04 
 1.80699013e-05  2.87235937e-01  1.53354820e-01  8.08472970e-01  9.15123099e-04 
 1.80749013e-05  2.87235937e-01  1.49392340e-01  8.08472970e-01  9.14971691e-04 
 1.80799013e-05  2.87235937e-01  1.45630177e-01  8.08472970e-01  9.15123693e-04 
 1.80849013e-05  2.87235937e-01  1.42048508e-01  8.08472970e-01  9.14972272e-04 
 1.80899013e-05  2.87235937e-01  1.38630227e-01  8.08472970e-01  9.15124164e-04 
 1.80949013e-05  2.87235937e-01  1.35360472e-01  8.08472970e-01  9.14972746e-04 
 1.80999013e-05  2.87235937e-01  1.32226278e-01  8.08472970e-01  9.15124541e-04 
 1.81049013e-05  2.87235937e-01  1.29216268e-01  8.08472970e-01  9.14973138e-04 
 1.81099013e-05  2.87235937e-01  1.26320423e-01  8.08472970e-01  9.15124847e-04 
 1.81149013e-05  2.87235937e-01  1.23529870e-01  8.08472970e-01  9.14973466e-04 
 1.81199013e-05  2.87235937e-01  1.20836729e-01  8.08472970e-01  9.15125096e-04 
 1.81249013e-05  2.87235937e-01  1.18233972e-01  8.08472970e-01  9.14973744e-04 
 1.81299013e-05  2.87235937e-01  1.15715310e-01  8.08472970e-01  9.15125301e-04 
 1.81349013e-05  2.87235937e-01  1.13275094e-01  8.08472970e-01  9.14973982e-04 
 1.81399013e-05  2.87235937e-01  1.10908237e-01  8.08472970e-01  9.15125469e-04 
 1.81449013e-05  2.87235937e-01  1.08610143e-01  8.08472970e-01  9.14974187e-04 
 1.81499013e-05  2.87235937e-01  1.06376649e-01  8.08472970e-01  9.15125607e-04 
 1.81549013e-05  2.87235937e-01  1.04203975e-01  8.08472970e-01  9.14974365e-04 
 1.81599013e-05  2.87235937e-01  1.02088679e-01  8.08472970e-01  9.15125721e-04 
 1.81649013e-05  2.87235937e-01  1.00027621e-01  8.08472970e-01  9.14974521e-04 
 1.81699013e-05  2.87235937e-01  9.80179305e-02  8.08472970e-01  9.15125814e-04 
 1.81749013e-05  2.87235937e-01  9.60569780e-02  8.08472970e-01  9.14974657e-04 
 1.81799013e-05  2.87235937e-01  9.41423497e-02  8.08472970e-01  9.15125890e-04 
 1.81849013e-05  2.87235937e-01  9.22718270e-02  8.08472970e-01  9.14974778e-04 
 1.81899013e-05  2.87235937e-01  9.04433668e-02  8.08472970e-01  9.15125951e-04 
 1.81949013e-05  2.87235937e-01  8.86550853e-02  8.08472970e-01  9.14974885e-04 
 1.81999013e-05  2.87235937e-01  8.69052425e-02  8.08472970e-01  9.15125999e-04 
 1.82049013e-05  2.87235937e-01  8.51922300e-02  8.08472970e-01  9.14974979e-04 
 1.82099013e-05  2.87235937e-01  8.35145583e-02  8.08472970e-01  9.15126036e-04 
 1.82149013e-05  2.87235937e-01  8.18708472e-02  8.08472970e-01  9.14975064e-04 
 1.82199013e-05  2.87235937e-01  8.02598161e-02  8.08472970e-01  9.15126063e-04 
 1.82249013e-05  2.87235937e-01  7.86802756e-02  8.08472970e-01  9.14975139e-04 
 1.82299013e-05  2.87235937e-01  7.71311200e-02  8.08472970e-01  9.15126082e-04 
 1.82349013e-05  2.87235937e-01  7.56113206e-02  8.08472970e-01  9.14975206e-04 
 1.82399013e-05  2.87235937e-01  7.41199195e-02  8.08472970e-01  9.15126093e-04 
 1.82449013e-05  2.87235937e-01  7.26560239e-02  8.08472970e-01  9.14975266e-04 
 1.82499013e-05  2.87235937e-01  7.12188012e-02  8.08472970e-01  9.15126097e-04 
 1.82549013e-05  2.87235937e-01  6.98074742e-02  8.08472970e-01  9.14975320e-04 
 1.82599013e-05  2.87235937e-01  6.84213169e-02  8.08472970e-01  9.15126096e-04 
 1.82649013e-05  2.87235937e-01  6.70596509e-02  8.08472970e-01  9.14975368e-04 
 1.82699013e-05  2.87235937e-01  6.57218412e-02  8.08472970e-01  9.15126089e-04 
 1.82749013e-05  2.87235937e-01  6.44072935e-02  8.08472970e-01  9.14975410e-04 
 1.82799013e-05  2.87235937e-01  6.31154510e-02  8.08472970e-01  9.15126077e-04 
 1.82849013e-05  2.87235937e-01  6.18457913e-02  8.08472970e-01  9.14975448e-04 
 1.82899013e-05  2.87235937e-01  6.05978245e-02  8.08472970e-01  9.15126060e-04 
 1.82949013e-05  2.87235937e-01  5.93710897e-02  8.08472970e-01  9.14975482e-04 
 1.82999013e-05  2.87235937e-01  5.81651540e-02  8.08472970e-01  9.15126039e-04 
 1.83049013e-05  2.87235937e-01  5.69796093e-02  8.08472970e-01  9.14975511e-04 
 1.83099013e-05  2.87235937e-01  5.58140711e-02  8.08472970e-01  9.15126015e-04 
 1.83149013e-05  2.87235937e-01  5.46681763e-02  8.08472970e-01  9.14975537e-04 
 1.83199013e-05  2.87235937e-01  5.35415818e-02  8.08472970e-01  9.15125987e-04 
 1.83249013e-05  2.87235937e-01  5.24339625e-02  8.08472970e-01  9.14975560e-04 
 1.83299013e-05  2.87235937e-01  5.13450101e-02  8.08472970e-01  9.15125956e-04 
 1.83349013e-05  2.87235937e-01  5.02744316e-02  8.08472970e-01  9.14975580e-04 
 1.83399013e-05  2.87235937e-01  4.92219482e-02  8.08472970e-01  9.15125922e-04 
 1.83449013e-05  2.87235937e-01  4.81872938e-02  8.08472970e-01  9.14975597e-04 
 1.83499013e-05  2.87235937e-01  4.71702140e-02  8.08472970e-01  9.15125885e-04 
 1.83549013e-05  2.87235937e-01  4.61704650e-02  8.08472970e-01  9.14975611e-04 
 1.83599013e-05  2.87235937e-01  4.51878126e-02  8.08472970e-01  9.15125847e-04 
 1.83649013e-05  2.87235937e-01  4.42220314e-02  8.08472970e-01  9.14975623e-04 
 1.83699013e-05  2.87235937e-01  4.32729038e-02  8.08472970e-01  9.15125806e-04 
 1.83749013e-05  2.87235937e-01  4.23402192e-02  8.08472970e-01  9.14975634e-04 
 1.83799013e-05  2.87235937e-01  4.14237733e-02  8.08472970e-01  9.15125763e-04 
 1.83849013e-05  2.87235937e-01  4.05233673e-02  8.08472970e-01  9.14975642e-04 
 1.83899013e-05  2.87235937e-01  3.96388076e-02  8.08472970e-01  9.15125719e-04 
 1.83949013e-05  2.87235937e-01  3.87699048e-02  8.08472970e-01  9.14975649e-04 
 1.83999013e-05  2.87235937e-01  3.79164734e-02  8.08472970e-01  9.15125673e-04 
 1.84049013e-05  2.87235937e-01  3.70783312e-02  8.08472970e-01  9.14975655e-04 
 1.84099013e-05  2.87235937e-01  3.62552988e-02  8.08472970e-01  9.15125626e-04 
 1.84149013e-05  2.87235937e-01  3.54471994e-02  8.08472970e-01  9.14975659e-04 
 1.84199013e-05  2.87235937e-01  3.46538583e-02  8.08472970e-01  9.15125577e-04 
 1.84249013e-05  2.87235937e-01  3.38751025e-02  8.08472970e-01  9.14975662e-04 
 1.84299013e-05  2.87235937e-01  3.31107605e-02  8.08472970e-01  9.15125528e-04 
 1.84349013e-05  2.87235937e-01  3.23606619e-02  8.08472970e-01  9.14975665e-04 
 1.84399013e-05  2.87235937e-01  3.16246373e-02  8.08472970e-01  9.15125478e-04 
 1.84449013e-05  2.87235937e-01  3.09025179e-02  8.08472970e-01  9.14975667e-04 
 1.84499013e-05  2.87235937e-01  3.01941358e-02  8.08472970e-01  9.15125428e-04 
 1.84549013e-05  2.87235937e-01  2.94993232e-02  8.08472970e-01  9.14975668e-04 
 1.84599013e-05  2.87235937e-01  2.88179125e-02  8.08472970e-01  9.15125377e-04 
 1.84649013e-05  2.87235937e-01  2.81497365e-02  8.08472970e-01  9.14975669e-04 
 1.84699013e-05  2.87235937e-01  2.74946278e-02  8.08472970e-01  9.15125326e-04 
 1.84749013e-05  2.87235937e-01  2.68524191e-02  8.08472970e-01  9.14975670e-04 
 1.84799013e-05  2.87235937e-01  2.62229430e-02  8.08472970e-01  9.15125275e-04 
 1.84849013e-05  2.87235937e-01  2.56060321e-02  8.08472970e-01  9.14975670e-04 
 1.84899013e-05  2.87235937e-01  2.50015185e-02  8.08472970e-01  9.15125223e-04 
 1.84949013e-05  2.87235937e-01  2.44092346e-02  8.08472970e-01  9.14975671e-04 
 1.84999013e-05  2.87235937e-01  2.38290123e-02  8.08472970e-01  9.15125172e-04 
 1.85049013e-05  2.87235937e-01  2.32606836e-02  8.08472970e-01  9.14975672e-04 
 1.85099013e-05  2.87235937e-01  2.27040801e-02  8.08472970e-01  9.15125121e-04 
 1.85149013e-05  2.87235937e-01  2.21590336e-02  8.08472970e-01  9.14975673e-04 
 1.85199013e-05  2.87235937e-01  2.16253757e-02  8.08472970e-01  9.15125070e-04 
 1.85249013e-05  2.87235937e-01  2.11029379e-02  8.08472970e-01  9.14975674e-04 
 1.85299013e-05  2.87235937e-01  2.05915521e-02  8.08472970e-01  9.15125020e-04 
 1.85349013e-05  2.87235937e-01  2.00910499e-02  8.08472970e-01  9.14975676e-04 
 1.85399013e-05  2.87235937e-01  1.96012634e-02  8.08472970e-01  9.15124970e-04 
 1.85449013e-05  2.87235937e-01  1.91220246e-02  8.08472970e-01  9.14975678e-04 
 1.85499013e-05  2.87235937e-01  1.86531661e-02  8.08472970e-01  9.15124921e-04 
 1.85549013e-05  2.87235937e-01  1.81945208e-02  8.08472970e-01  9.14975680e-04 
 1.85599013e-05  2.87235937e-01  1.77459219e-02  8.08472970e-01  9.15124872e-04 
 1.85649013e-05  2.87235937e-01  1.73072032e-02  8.08472970e-01  9.14975683e-04 
 1.85699013e-05  2.87235937e-01  1.68781992e-02  8.08472970e-01  9.15124823e-04 
 1.85749013e-05  2.87235937e-01  1.64587450e-02  8.08472970e-01  9.14975687e-04 
 1.85799013e-05  2.87235937e-01  1.60486764e-02  8.08472970e-01  9.15124776e-04 
 1.85849013e-05  2.87235937e-01  1.56478301e-02  8.08472970e-01  9.14975692e-04 
 1.85899013e-05  2.87235937e-01  1.52560436e-02  8.08472970e-01  9.15124729e-04 
 1.85949013e-05  2.87235937e-01  1.48731553e-02  8.08472970e-01  9.14975697e-04 
 1.85999013e-05  2.87235937e-01  1.44990050e-02  8.08472970e-01  9.15124682e-04 
 1.86049013e-05  2.87235937e-01  1.41334331e-02  8.08472970e-01  9.14975702e-04 
 1.86099013e-05  2.87235937e-01  1.37762815e-02  8.08472970e-01  9.15124637e-04 
 1.86149013e-05  2.87235937e-01  1.34273932e-02  8.08472970e-01  9.14975709e-04 
 1.86199013e-05  2.87235937e-01  1.30866126e-02  8.08472970e-01  9.15124592e-04 
 1.86249013e-05  2.87235937e-01  1.27537854e-02  8.08472970e-01  9.14975716e-04 
 1.86299013e-05  2.87235937e-01  1.24287587e-02  8.08472970e-01  9.15124548e-04 
 1.86349013e-05  2.87235937e-01  1.21113810e-02  8.08472970e-01  9.14975724e-04 
 1.86399013e-05  2.87235937e-01  1.18015025e-02  8.08472970e-01  9.15124504e-04 
 1.86449013e-05  2.87235937e-01  1.14989747e-02  8.08472970e-01  9.14975733e-04 
 1.86499013e-05  2.87235937e-01  1.12036510e-02  8.08472970e-01  9.15124462e-04 
 1.86549013e-05  2.87235937e-01  1.09153862e-02  8.08472970e-01  9.14975742e-04 
 1.86599013e-05  2.87235937e-01  1.06340370e-02  8.08472970e-01  9.15124420e-04 
 1.86649013e-05  2.87235937e-01  1.03594617e-02  8.08472970e-01  9.14975752e-04 
 1.86699013e-05  2.87235937e-01  1.00915204e-02  8.08472970e-01  9.15124378e-04 
 1.86749013e-05  2.87235937e-01  9.83007505e-03  8.08472970e-01  9.14975763e-04 
 1.86799013e-05  2.87235937e-01  9.57498935e-03  8.08472970e-01  9.15124338e-04 
 1.86849013e-05  2.87235937e-01  9.32612885e-03  8.08472970e-01  9.14975774e-04 
 1.86899013e-05  2.87235937e-01  9.08336105e-03  8.08472970e-01  9.15124298e-04 
 1.86949013e-05  2.87235937e-01  8.84655524e-03  8.08472970e-01  9.14975786e-04 
 1.86999013e-05  2.87235937e-01  8.61558273e-03  8.08472970e-01  9.15124259e-04 
 1.87049013e-05  2.87235937e-01  8.39031664e-03  8.08472970e-01  9.14975799e-04 
 1.87099013e-05  2.87235937e-01  8.17063215e-03  8.08472970e-01  9.15124220e-04 
 1.87149013e-05  2.87235937e-01  7.95640627e-03  8.08472970e-01  9.14975812e-04 
 1.87199013e-05  2.87235937e-01  7.74751808e-03  8.08472970e-01  9.15124182e-04 
 1.87249013e-05  2.87235937e-01  7.54384852e-03  8.08472970e-01  9.14975826e-04 
 1.87299013e-05  2.87235937e-01  7.34528059e-03  8.08472970e-01  9.15124145e-04 
 1.87349013e-05  2.87235937e-01  7.15169916e-03  8.08472970e-01  9.14975841e-04 
 1.87399013e-05  2.87235937e-01  6.96299117e-03  8.08472970e-01  9.15124108e-04 
 1.87449013e-05  2.87235937e-01  6.77904543e-03  8.08472970e-01  9.14975856e-04 
 1.87499013e-05  2.87235937e-01  6.59975279e-03  8.08472970e-01  9.15124072e-04 
 1.87549013e-05  2.87235937e-01  6.42500598e-03  8.08472970e-01  9.14975871e-04 
 1.87599013e-05  2.87235937e-01  6.25469975e-03  8.08472970e-01  9.15124037e-04 
 1.87649013e-05  2.87235937e-01  6.08873073e-03  8.08472970e-01  9.14975888e-04 
 1.87699013e-05  2.87235937e-01  5.92699753e-03  8.08472970e-01  9.15124002e-04 
 1.87749013e-05  2.87235937e-01  5.76940060e-03  8.08472970e-01  9.14975904e-04 
 1.87799013e-05  2.87235937e-01  5.61584240e-03  8.08472970e-01  9.15123967e-04 
 1.87849013e-05  2.87235937e-01  5.46622717e-03  8.08472970e-01  9.14975921e-04 
 1.87899013e-05  2.87235937e-01  5.32046112e-03  8.08472970e-01  9.15123933e-04 
 1.87949013e-05  2.87235937e-01  5.17845221e-03  8.08472970e-01  9.14975939e-04 
 1.87999013e-05  2.87235937e-01  5.04011035e-03  8.08472970e-01  9.15123899e-04 
 1.88049013e-05  2.87235937e-01  4.90534718e-03  8.08472970e-01  9.14975957e-04 
 1.88099013e-05  2.87235937e-01  4.77407622e-03  8.08472970e-01  9.15123866e-04 
 1.88149013e-05  2.87235937e-01  4.64621269e-03  8.08472970e-01  9.14975975e-04 
 1.88199013e-05  2.87235937e-01  4.52167366e-03  8.08472970e-01  9.15123834e-04 
 1.88249013e-05  2.87235937e-01  4.40037783e-03  8.08472970e-01  9.14975994e-04 
 1.88299013e-05  2.87235937e-01  4.28224574e-03  8.08472970e-01  9.15123801e-04 
 1.88349013e-05  2.87235937e-01  4.16719952e-03  8.08472970e-01  9.14976013e-04 
 1.88399013e-05  2.87235937e-01  4.05516305e-03  8.08472970e-01  9.15123769e-04 
 1.88449013e-05  2.87235937e-01  3.94606179e-03  8.08472970e-01  9.14976033e-04 
 1.88499013e-05  2.87235937e-01  3.83982290e-03  8.08472970e-01  9.15123738e-04 
 1.88549013e-05  2.87235937e-01  3.73637506e-03  8.08472970e-01  9.14976053e-04 
 1.88599013e-05  2.87235937e-01  3.63564861e-03  8.08472970e-01  9.15123706e-04 
 1.88649013e-05  2.87235937e-01  3.53757536e-03  8.08472970e-01  9.14976073e-04 
 1.88699013e-05  2.87235937e-01  3.44208872e-03  8.08472970e-01  9.15123675e-04 
 1.88749013e-05  2.87235937e-01  3.34912354e-03  8.08472970e-01  9.14976094e-04 
 1.88799013e-05  2.87235937e-01  3.25861621e-03  8.08472970e-01  9.15123645e-04 
 1.88849013e-05  2.87235937e-01  3.17050451e-03  8.08472970e-01  9.14976114e-04 
 1.88899013e-05  2.87235937e-01  3.08472770e-03  8.08472970e-01  9.15123614e-04 
 1.88949013e-05  2.87235937e-01  3.00122640e-03  8.08472970e-01  9.14976135e-04 
 1.88999013e-05  2.87235937e-01  2.91994265e-03  8.08472970e-01  9.15123584e-04 
 1.89049013e-05  2.87235937e-01  2.84081979e-03  8.08472970e-01  9.14976157e-04 
 1.89099013e-05  2.87235937e-01  2.76380256e-03  8.08472970e-01  9.15123554e-04 
 1.89149013e-05  2.87235937e-01  2.68883691e-03  8.08472970e-01  9.14976178e-04 
 1.89199013e-05  2.87235937e-01  2.61587016e-03  8.08472970e-01  9.15123525e-04 
 1.89249013e-05  2.87235937e-01  2.54485080e-03  8.08472970e-01  9.14976200e-04 
 1.89299013e-05  2.87235937e-01  2.47572863e-03  8.08472970e-01  9.15123495e-04 
 1.89349013e-05  2.87235937e-01  2.40845458e-03  8.08472970e-01  9.14976222e-04 
 1.89399013e-05  2.87235937e-01  2.34298082e-03  8.08472970e-01  9.15123466e-04 
 1.89449013e-05  2.87235937e-01  2.27926063e-03  8.08472970e-01  9.14976244e-04 
 1.89499013e-05  2.87235937e-01  2.21724847e-03  8.08472970e-01  9.15123437e-04 
 1.89549013e-05  2.87235937e-01  2.15689984e-03  8.08472970e-01  9.14976266e-04 
 1.89599013e-05  2.87235937e-01  2.09817143e-03  8.08472970e-01  9.15123409e-04 
 1.89649013e-05  2.87235937e-01  2.04102088e-03  8.08472970e-01  9.14976289e-04 
 1.89699013e-05  2.87235937e-01  1.98540697e-03  8.08472970e-01  9.15123380e-04 
 1.89749013e-05  2.87235937e-01  1.93128941e-03  8.08472970e-01  9.14976311e-04 
 1.89799013e-05  2.87235937e-01  1.87862901e-03  8.08472970e-01  9.15123352e-04 
 1.89849013e-05  2.87235937e-01  1.82738743e-03  8.08472970e-01  9.14976334e-04 
 1.89899013e-05  2.87235937e-01  1.77752741e-03  8.08472970e-01  9.15123324e-04 
 1.89949013e-05  2.87235937e-01  1.72901252e-03  8.08472970e-01  9.14976357e-04 
 1.89979507e-05  2.87235937e-01  1.70007114e-03  8.08472970e-01  9.15123288e-04 
 1.90010000e-05  2.87235937e-01  1.67160892e-03  8.08472970e-01  9.14976397e-04 
 1.90011000e-05  2.87235937e-01  1.67161460e-03  8.08472970e-01  8.85500136e-04 
 1.90013000e-05  2.87235937e-01  1.67163422e-03  8.08472970e-01  8.78503463e-04 
 1.90015933e-05  2.87235937e-01  1.67163814e-03  8.08472970e-01  8.79086639e-04 
 1.90017967e-05  2.87235937e-01  1.67163885e-03  8.08472970e-01  8.71101583e-04 
 1.90020000e-05  2.87235937e-01  1.67163919e-03  8.08472970e-01  8.70872226e-04 
 1.90020407e-05  2.87235937e-01  1.67163918e-03  8.08472970e-01  9.14751204e-04 
 1.90021220e-05  2.87235937e-01  1.67163918e-03  8.08472970e-01  9.15344325e-04 
 1.90022847e-05  2.87235937e-01  1.67163917e-03  8.08472970e-01  9.14757355e-04 
 1.90026100e-05  2.87235937e-01  1.67163917e-03  8.08472970e-01  9.15341211e-04 
 1.90032607e-05  2.87235937e-01  1.67163915e-03  8.08472970e-01  9.14758873e-04 
 1.90045622e-05  2.87235937e-01  1.67163913e-03  8.08472970e-01  9.15340453e-04 
 1.90071650e-05  2.87235937e-01  1.67163907e-03  8.08472970e-01  9.14759252e-04 
 1.90121650e-05  2.87235937e-01  1.67163897e-03  8.08472970e-01  9.15340262e-04 
 1.90171650e-05  2.87235937e-01  1.67163887e-03  8.08472970e-01  9.14759383e-04 
 1.90221650e-05  2.87235937e-01  1.67163876e-03  8.08472970e-01  9.15340131e-04 
 1.90271650e-05  2.87235937e-01  1.67163866e-03  8.08472970e-01  9.14759514e-04 
 1.90321650e-05  2.87235937e-01  1.67163856e-03  8.08472970e-01  9.15340000e-04 
 1.90371650e-05  2.87235937e-01  1.67163845e-03  8.08472970e-01  9.14759645e-04 
 1.90421650e-05  2.87235937e-01  1.67163835e-03  8.08472970e-01  9.15339869e-04 
 1.90471650e-05  2.87235937e-01  1.67163825e-03  8.08472970e-01  9.14759776e-04 
 1.90521650e-05  2.87235937e-01  1.67163814e-03  8.08472970e-01  9.15339738e-04 
 1.90571650e-05  2.87235937e-01  1.67163804e-03  8.08472970e-01  9.14759907e-04 
 1.90621650e-05  2.87235937e-01  1.67163794e-03  8.08472970e-01  9.15339607e-04 
 1.90671650e-05  2.87235937e-01  1.67163783e-03  8.08472970e-01  9.14760038e-04 
 1.90721650e-05  2.87235937e-01  1.67163773e-03  8.08472970e-01  9.15339476e-04 
 1.90771650e-05  2.87235937e-01  1.67163763e-03  8.08472970e-01  9.14760168e-04 
 1.90821650e-05  2.87235937e-01  1.67163752e-03  8.08472970e-01  9.15339345e-04 
 1.90871650e-05  2.87235937e-01  1.67163742e-03  8.08472970e-01  9.14760299e-04 
 1.90921650e-05  2.87235937e-01  1.67163732e-03  8.08472970e-01  9.15339214e-04 
 1.90971650e-05  2.87235937e-01  1.67163721e-03  8.08472970e-01  9.14760430e-04 
 1.91021650e-05  2.87235937e-01  1.67163711e-03  8.08472970e-01  9.15339084e-04 
 1.91071650e-05  2.87235937e-01  1.67163701e-03  8.08472970e-01  9.14760561e-04 
 1.91121650e-05  2.87235937e-01  1.67163690e-03  8.08472970e-01  9.15338953e-04 
 1.91171650e-05  2.87235937e-01  1.67163680e-03  8.08472970e-01  9.14760691e-04 
 1.91221650e-05  2.87235937e-01  1.67163670e-03  8.08472970e-01  9.15338823e-04 
 1.91271650e-05  2.87235937e-01  1.67163659e-03  8.08472970e-01  9.14760822e-04 
 1.91321650e-05  2.87235937e-01  1.67163649e-03  8.08472970e-01  9.15338692e-04 
 1.91371650e-05  2.87235937e-01  1.67163639e-03  8.08472970e-01  9.14760952e-04 
 1.91421650e-05  2.87235937e-01  1.67163629e-03  8.08472970e-01  9.15338562e-04 
 1.91471650e-05  2.87235937e-01  1.67163618e-03  8.08472970e-01  9.14761082e-04 
 1.91521650e-05  2.87235937e-01  1.67163608e-03  8.08472970e-01  9.15338431e-04 
 1.91571650e-05  2.87235937e-01  1.67163598e-03  8.08472970e-01  9.14761213e-04 
 1.91621650e-05  2.87235937e-01  1.67163587e-03  8.08472970e-01  9.15338301e-04 
 1.91671650e-05  2.87235937e-01  1.67163577e-03  8.08472970e-01  9.14761343e-04 
 1.91721650e-05  2.87235937e-01  1.67163567e-03  8.08472970e-01  9.15338171e-04 
 1.91771650e-05  2.87235937e-01  1.67163556e-03  8.08472970e-01  9.14761473e-04 
 1.91821650e-05  2.87235937e-01  1.67163546e-03  8.08472970e-01  9.15338040e-04 
 1.91871650e-05  2.87235937e-01  1.67163536e-03  8.08472970e-01  9.14761603e-04 
 1.91921650e-05  2.87235937e-01  1.67163525e-03  8.08472970e-01  9.15337910e-04 
 1.91971650e-05  2.87235937e-01  1.67163515e-03  8.08472970e-01  9.14761734e-04 
 1.92021650e-05  2.87235937e-01  1.67163505e-03  8.08472970e-01  9.15337780e-04 
 1.92071650e-05  2.87235937e-01  1.67163494e-03  8.08472970e-01  9.14761864e-04 
 1.92121650e-05  2.87235937e-01  1.67163484e-03  8.08472970e-01  9.15337650e-04 
 1.92171650e-05  2.87235937e-01  1.67163474e-03  8.08472970e-01  9.14761994e-04 
 1.92221650e-05  2.87235937e-01  1.67163463e-03  8.08472970e-01  9.15337520e-04 
 1.92271650e-05  2.87235937e-01  1.67163453e-03  8.08472970e-01  9.14762124e-04 
 1.92321650e-05  2.87235937e-01  1.67163443e-03  8.08472970e-01  9.15337390e-04 
 1.92371650e-05  2.87235937e-01  1.67163432e-03  8.08472970e-01  9.14762253e-04 
 1.92421650e-05  2.87235937e-01  1.67163422e-03  8.08472970e-01  9.15337261e-04 
 1.92471650e-05  2.87235937e-01  1.67163412e-03  8.08472970e-01  9.14762383e-04 
 1.92521650e-05  2.87235937e-01  1.67163401e-03  8.08472970e-01  9.15337131e-04 
 1.92571650e-05  2.87235937e-01  1.67163391e-03  8.08472970e-01  9.14762513e-04 
 1.92621650e-05  2.87235937e-01  1.67163381e-03  8.08472970e-01  9.15337001e-04 
 1.92671650e-05  2.87235937e-01  1.67163370e-03  8.08472970e-01  9.14762643e-04 
 1.92721650e-05  2.87235937e-01  1.67163360e-03  8.08472970e-01  9.15336871e-04 
 1.92771650e-05  2.87235937e-01  1.67163350e-03  8.08472970e-01  9.14762772e-04 
 1.92821650e-05  2.87235937e-01  1.67163339e-03  8.08472970e-01  9.15336742e-04 
 1.92871650e-05  2.87235937e-01  1.67163329e-03  8.08472970e-01  9.14762902e-04 
 1.92921650e-05  2.87235937e-01  1.67163319e-03  8.08472970e-01  9.15336612e-04 
 1.92971650e-05  2.87235937e-01  1.67163309e-03  8.08472970e-01  9.14763031e-04 
 1.93021650e-05  2.87235937e-01  1.67163298e-03  8.08472970e-01  9.15336483e-04 
 1.93071650e-05  2.87235937e-01  1.67163288e-03  8.08472970e-01  9.14763161e-04 
 1.93121650e-05  2.87235937e-01  1.67163278e-03  8.08472970e-01  9.15336353e-04 
 1.93171650e-05  2.87235937e-01  1.67163267e-03  8.08472970e-01  9.14763290e-04 
 1.93221650e-05  2.87235937e-01  1.67163257e-03  8.08472970e-01  9.15336224e-04 
 1.93271650e-05  2.87235937e-01  1.67163247e-03  8.08472970e-01  9.14763420e-04 
 1.93321650e-05  2.87235937e-01  1.67163236e-03  8.08472970e-01  9.15336094e-04 
 1.93371650e-05  2.87235937e-01  1.67163226e-03  8.08472970e-01  9.14763549e-04 
 1.93421650e-05  2.87235937e-01  1.67163216e-03  8.08472970e-01  9.15335965e-04 
 1.93471650e-05  2.87235937e-01  1.67163205e-03  8.08472970e-01  9.14763678e-04 
 1.93521650e-05  2.87235937e-01  1.67163195e-03  8.08472970e-01  9.15335836e-04 
 1.93571650e-05  2.87235937e-01  1.67163185e-03  8.08472970e-01  9.14763807e-04 
 1.93621650e-05  2.87235937e-01  1.67163174e-03  8.08472970e-01  9.15335707e-04 
 1.93671650e-05  2.87235937e-01  1.67163164e-03  8.08472970e-01  9.14763937e-04 
 1.93721650e-05  2.87235937e-01  1.67163154e-03  8.08472970e-01  9.15335578e-04 
 1.93771650e-05  2.87235937e-01  1.67163143e-03  8.08472970e-01  9.14764066e-04 
 1.93821650e-05  2.87235937e-01  1.67163133e-03  8.08472970e-01  9.15335449e-04 
 1.93871650e-05  2.87235937e-01  1.67163123e-03  8.08472970e-01  9.14764195e-04 
 1.93921650e-05  2.87235937e-01  1.67163112e-03  8.08472970e-01  9.15335320e-04 
 1.93971650e-05  2.87235937e-01  1.67163102e-03  8.08472970e-01  9.14764324e-04 
 1.94021650e-05  2.87235937e-01  1.67163092e-03  8.08472970e-01  9.15335191e-04 
 1.94071650e-05  2.87235937e-01  1.67163081e-03  8.08472970e-01  9.14764453e-04 
 1.94121650e-05  2.87235937e-01  1.67163071e-03  8.08472970e-01  9.15335062e-04 
 1.94171650e-05  2.87235937e-01  1.67163061e-03  8.08472970e-01  9.14764581e-04 
 1.94221650e-05  2.87235937e-01  1.67163050e-03  8.08472970e-01  9.15334933e-04 
 1.94271650e-05  2.87235937e-01  1.67163040e-03  8.08472970e-01  9.14764710e-04 
 1.94321650e-05  2.87235937e-01  1.67163030e-03  8.08472970e-01  9.15334804e-04 
 1.94371650e-05  2.87235937e-01  1.67163020e-03  8.08472970e-01  9.14764839e-04 
 1.94421650e-05  2.87235937e-01  1.67163009e-03  8.08472970e-01  9.15334676e-04 
 1.94471650e-05  2.87235937e-01  1.67162999e-03  8.08472970e-01  9.14764968e-04 
 1.94521650e-05  2.87235937e-01  1.67162989e-03  8.08472970e-01  9.15334547e-04 
 1.94571650e-05  2.87235937e-01  1.67162978e-03  8.08472970e-01  9.14765096e-04 
 1.94621650e-05  2.87235937e-01  1.67162968e-03  8.08472970e-01  9.15334419e-04 
 1.94671650e-05  2.87235937e-01  1.67162958e-03  8.08472970e-01  9.14765225e-04 
 1.94721650e-05  2.87235937e-01  1.67162947e-03  8.08472970e-01  9.15334290e-04 
 1.94771650e-05  2.87235937e-01  1.67162937e-03  8.08472970e-01  9.14765353e-04 
 1.94821650e-05  2.87235937e-01  1.67162927e-03  8.08472970e-01  9.15334162e-04 
 1.94871650e-05  2.87235937e-01  1.67162916e-03  8.08472970e-01  9.14765482e-04 
 1.94921650e-05  2.87235937e-01  1.67162906e-03  8.08472970e-01  9.15334033e-04 
 1.94971650e-05  2.87235937e-01  1.67162896e-03  8.08472970e-01  9.14765610e-04 
 1.95021650e-05  2.87235937e-01  1.67162885e-03  8.08472970e-01  9.15333905e-04 
 1.95071650e-05  2.87235937e-01  1.67162875e-03  8.08472970e-01  9.14765738e-04 
 1.95121650e-05  2.87235937e-01  1.67162865e-03  8.08472970e-01  9.15333776e-04 
 1.95171650e-05  2.87235937e-01  1.67162854e-03  8.08472970e-01  9.14765867e-04 
 1.95221650e-05  2.87235937e-01  1.67162844e-03  8.08472970e-01  9.15333648e-04 
 1.95271650e-05  2.87235937e-01  1.67162834e-03  8.08472970e-01  9.14765995e-04 
 1.95321650e-05  2.87235937e-01  1.67162823e-03  8.08472970e-01  9.15333520e-04 
 1.95371650e-05  2.87235937e-01  1.67162813e-03  8.08472970e-01  9.14766123e-04 
 1.95421650e-05  2.87235937e-01  1.67162803e-03  8.08472970e-01  9.15333392e-04 
 1.95471650e-05  2.87235937e-01  1.67162792e-03  8.08472970e-01  9.14766251e-04 
 1.95521650e-05  2.87235937e-01  1.67162782e-03  8.08472970e-01  9.15333264e-04 
 1.95571650e-05  2.87235937e-01  1.67162772e-03  8.08472970e-01  9.14766379e-04 
 1.95621650e-05  2.87235937e-01  1.67162761e-03  8.08472970e-01  9.15333136e-04 
 1.95671650e-05  2.87235937e-01  1.67162751e-03  8.08472970e-01  9.14766507e-04 
 1.95721650e-05  2.87235937e-01  1.67162741e-03  8.08472970e-01  9.15333008e-04 
 1.95771650e-05  2.87235937e-01  1.67162731e-03  8.08472970e-01  9.14766635e-04 
 1.95821650e-05  2.87235937e-01  1.67162720e-03  8.08472970e-01  9.15332880e-04 
 1.95871650e-05  2.87235937e-01  1.67162710e-03  8.08472970e-01  9.14766763e-04 
 1.95921650e-05  2.87235937e-01  1.67162700e-03  8.08472970e-01  9.15332752e-04 
 1.95971650e-05  2.87235937e-01  1.67162689e-03  8.08472970e-01  9.14766891e-04 
 1.96021650e-05  2.87235937e-01  1.67162679e-03  8.08472970e-01  9.15332624e-04 
 1.96071650e-05  2.87235937e-01  1.67162669e-03  8.08472970e-01  9.14767018e-04 
 1.96121650e-05  2.87235937e-01  1.67162658e-03  8.08472970e-01  9.15332497e-04 
 1.96171650e-05  2.87235937e-01  1.67162648e-03  8.08472970e-01  9.14767146e-04 
 1.96221650e-05  2.87235937e-01  1.67162638e-03  8.08472970e-01  9.15332369e-04 
 1.96271650e-05  2.87235937e-01  1.67162627e-03  8.08472970e-01  9.14767274e-04 
 1.96321650e-05  2.87235937e-01  1.67162617e-03  8.08472970e-01  9.15332241e-04 
 1.96371650e-05  2.87235937e-01  1.67162607e-03  8.08472970e-01  9.14767401e-04 
 1.96421650e-05  2.87235937e-01  1.67162596e-03  8.08472970e-01  9.15332114e-04 
 1.96471650e-05  2.87235937e-01  1.67162586e-03  8.08472970e-01  9.14767529e-04 
 1.96521650e-05  2.87235937e-01  1.67162576e-03  8.08472970e-01  9.15331986e-04 
 1.96571650e-05  2.87235937e-01  1.67162565e-03  8.08472970e-01  9.14767656e-04 
 1.96621650e-05  2.87235937e-01  1.67162555e-03  8.08472970e-01  9.15331859e-04 
 1.96671650e-05  2.87235937e-01  1.67162545e-03  8.08472970e-01  9.14767784e-04 
 1.96721650e-05  2.87235937e-01  1.67162534e-03  8.08472970e-01  9.15331732e-04 
 1.96771650e-05  2.87235937e-01  1.67162524e-03  8.08472970e-01  9.14767911e-04 
 1.96821650e-05  2.87235937e-01  1.67162514e-03  8.08472970e-01  9.15331604e-04 
 1.96871650e-05  2.87235937e-01  1.67162503e-03  8.08472970e-01  9.14768038e-04 
 1.96921650e-05  2.87235937e-01  1.67162493e-03  8.08472970e-01  9.15331477e-04 
 1.96971650e-05  2.87235937e-01  1.67162483e-03  8.08472970e-01  9.14768165e-04 
 1.97021650e-05  2.87235937e-01  1.67162472e-03  8.08472970e-01  9.15331350e-04 
 1.97071650e-05  2.87235937e-01  1.67162462e-03  8.08472970e-01  9.14768293e-04 
 1.97121650e-05  2.87235937e-01  1.67162452e-03  8.08472970e-01  9.15331223e-04 
 1.97171650e-05  2.87235937e-01  1.67162442e-03  8.08472970e-01  9.14768420e-04 
 1.97221650e-05  2.87235937e-01  1.67162431e-03  8.08472970e-01  9.15331096e-04 
 1.97271650e-05  2.87235937e-01  1.67162421e-03  8.08472970e-01  9.14768547e-04 
 1.97321650e-05  2.87235937e-01  1.67162411e-03  8.08472970e-01  9.15330969e-04 
 1.97371650e-05  2.87235937e-01  1.67162400e-03  8.08472970e-01  9.14768674e-04 
 1.97421650e-05  2.87235937e-01  1.67162390e-03  8.08472970e-01  9.15330842e-04 
 1.97471650e-05  2.87235937e-01  1.67162380e-03  8.08472970e-01  9.14768801e-04 
 1.97521650e-05  2.87235937e-01  1.67162369e-03  8.08472970e-01  9.15330715e-04 
 1.97571650e-05  2.87235937e-01  1.67162359e-03  8.08472970e-01  9.14768928e-04 
 1.97621650e-05  2.87235937e-01  1.67162349e-03  8.08472970e-01  9.15330588e-04 
 1.97671650e-05  2.87235937e-01  1.67162338e-03  8.08472970e-01  9.14769054e-04 
 1.97721650e-05  2.87235937e-01  1.67162328e-03  8.08472970e-01  9.15330461e-04 
 1.97771650e-05  2.87235937e-01  1.67162318e-03  8.08472970e-01  9.14769181e-04 
 1.97821650e-05  2.87235937e-01  1.67162307e-03  8.08472970e-01  9.15330334e-04 
 1.97871650e-05  2.87235937e-01  1.67162297e-03  8.08472970e-01  9.14769308e-04 
 1.97921650e-05  2.87235937e-01  1.67162287e-03  8.08472970e-01  9.15330208e-04 
 1.97971650e-05  2.87235937e-01  1.67162276e-03  8.08472970e-01  9.14769435e-04 
 1.98021650e-05  2.87235937e-01  1.67162266e-03  8.08472970e-01  9.15330081e-04 
 1.98071650e-05  2.87235937e-01  1.67162256e-03  8.08472970e-01  9.14769561e-04 
 1.98121650e-05  2.87235937e-01  1.67162245e-03  8.08472970e-01  9.15329954e-04 
 1.98171650e-05  2.87235937e-01  1.67162235e-03  8.08472970e-01  9.14769688e-04 
 1.98221650e-05  2.87235937e-01  1.67162225e-03  8.08472970e-01  9.15329828e-04 
 1.98271650e-05  2.87235937e-01  1.67162214e-03  8.08472970e-01  9.14769814e-04 
 1.98321650e-05  2.87235937e-01  1.67162204e-03  8.08472970e-01  9.15329701e-04 
 1.98371650e-05  2.87235937e-01  1.67162194e-03  8.08472970e-01  9.14769941e-04 
 1.98421650e-05  2.87235937e-01  1.67162183e-03  8.08472970e-01  9.15329575e-04 
 1.98471650e-05  2.87235937e-01  1.67162173e-03  8.08472970e-01  9.14770067e-04 
 1.98521650e-05  2.87235937e-01  1.67162163e-03  8.08472970e-01  9.15329449e-04 
 1.98571650e-05  2.87235937e-01  1.67162152e-03  8.08472970e-01  9.14770193e-04 
 1.98621650e-05  2.87235937e-01  1.67162142e-03  8.08472970e-01  9.15329322e-04 
 1.98671650e-05  2.87235937e-01  1.67162132e-03  8.08472970e-01  9.14770320e-04 
 1.98721650e-05  2.87235937e-01  1.67162122e-03  8.08472970e-01  9.15329196e-04 
 1.98771650e-05  2.87235937e-01  1.67162111e-03  8.08472970e-01  9.14770446e-04 
 1.98821650e-05  2.87235937e-01  1.67162101e-03  8.08472970e-01  9.15329070e-04 
 1.98871650e-05  2.87235937e-01  1.67162091e-03  8.08472970e-01  9.14770572e-04 
 1.98921650e-05  2.87235937e-01  1.67162080e-03  8.08472970e-01  9.15328944e-04 
 1.98971650e-05  2.87235937e-01  1.67162070e-03  8.08472970e-01  9.14770698e-04 
 1.99021650e-05  2.87235937e-01  1.67162060e-03  8.08472970e-01  9.15328818e-04 
 1.99071650e-05  2.87235937e-01  1.67162049e-03  8.08472970e-01  9.14770824e-04 
 1.99121650e-05  2.87235937e-01  1.67162039e-03  8.08472970e-01  9.15328692e-04 
 1.99171650e-05  2.87235937e-01  1.67162029e-03  8.08472970e-01  9.14770950e-04 
 1.99221650e-05  2.87235937e-01  1.67162018e-03  8.08472970e-01  9.15328566e-04 
 1.99271650e-05  2.87235937e-01  1.67162008e-03  8.08472970e-01  9.14771076e-04 
 1.99321650e-05  2.87235937e-01  1.67161998e-03  8.08472970e-01  9.15328440e-04 
 1.99371650e-05  2.87235937e-01  1.67161987e-03  8.08472970e-01  9.14771202e-04 
 1.99421650e-05  2.87235937e-01  1.67161977e-03  8.08472970e-01  9.15328314e-04 
 1.99471650e-05  2.87235937e-01  1.67161967e-03  8.08472970e-01  9.14771328e-04 
 1.99521650e-05  2.87235937e-01  1.67161956e-03  8.08472970e-01  9.15328188e-04 
 1.99571650e-05  2.87235937e-01  1.67161946e-03  8.08472970e-01  9.14771454e-04 
 1.99621650e-05  2.87235937e-01  1.67161936e-03  8.08472970e-01  9.15328062e-04 
 1.99671650e-05  2.87235937e-01  1.67161925e-03  8.08472970e-01  9.14771579e-04 
 1.99721650e-05  2.87235937e-01  1.67161915e-03  8.08472970e-01  9.15327937e-04 
 1.99771650e-05  2.87235937e-01  1.67161905e-03  8.08472970e-01  9.14771705e-04 
 1.99821650e-05  2.87235937e-01  1.67161894e-03  8.08472970e-01  9.15327811e-04 
 1.99871650e-05  2.87235937e-01  1.67161884e-03  8.08472970e-01  9.14771831e-04 
 1.99921650e-05  2.87235937e-01  1.67161874e-03  8.08472970e-01  9.15327686e-04 
 1.99960825e-05  2.87235937e-01  1.67161866e-03  8.08472970e-01  9.14771973e-04 
 2.00000000e-05  2.87235937e-01  1.67161858e-03  8.08472970e-01  9.15327525e-04 
 2.00001000e-05  2.87235771e-01  1.67161842e-03  8.08478408e-01  9.60176582e-04 
 2.00003000e-05  2.87235231e-01  1.67161768e-03  8.08496167e-01  9.53751106e-04 
 2.00006500e-05  2.87233480e-01  1.67152101e-03  8.08542211e-01  9.50946045e-04 
 2.00010000e-05  2.85208873e-01  2.12416410e-03  8.09398384e-01  9.41276689e-04 
 2.00010700e-05  2.84190489e-01  2.30053389e-03  8.09808253e-01  9.13034510e-04 
 2.00012100e-05  2.81882376e-01  2.64060970e-03  8.10720819e-01  9.12286153e-04 
 2.00014900e-05  2.76700474e-01  3.25373795e-03  8.12673834e-01  9.12088071e-04 
 2.00020500e-05  2.68348580e-01  4.27963712e-03  8.15502897e-01  9.12300038e-04 
 2.00031700e-05  2.61405144e-01  5.84429695e-03  8.17014862e-01  9.13415219e-04 
 2.00054100e-05  2.61967437e-01  8.09848696e-03  8.14995585e-01  9.14202186e-04 
 2.00077050e-05  2.64365712e-01  9.93279969e-03  8.13256420e-01  9.14609044e-04 
 2.00100000e-05  2.65293371e-01  1.16401170e-02  8.12634083e-01  9.14545744e-04 
 2.00104590e-05  2.65749856e-01  1.19745964e-02  8.12532776e-01  9.14624445e-04 
 2.00113770e-05  2.67271892e-01  1.26419444e-02  8.12308419e-01  9.14669147e-04 
 2.00132130e-05  2.71552519e-01  1.39722016e-02  8.11935121e-01  9.14689337e-04 
 2.00166065e-05  2.71641689e-01  1.64258864e-02  8.12197000e-01  9.14582628e-04 
 2.00200000e-05  2.56957209e-01  1.88326189e-02  8.13592225e-01  9.14464918e-04 
 2.00205000e-05  2.53163366e-01  1.91769608e-02  8.13884710e-01  9.14398821e-04 
 2.00215000e-05  2.44394463e-01  1.98570887e-02  8.14487136e-01  9.14370034e-04 
 2.00235000e-05  2.23072274e-01  2.11549902e-02  8.15493694e-01  9.14401447e-04 
 2.00275000e-05  1.82896196e-01  2.34491668e-02  8.16057959e-01  9.14761203e-04 
 2.00325000e-05  1.45864153e-01  2.57658124e-02  8.15135234e-01  9.15351543e-04 
 2.00375000e-05  1.19701044e-01  2.75837522e-02  8.13435965e-01  9.16058096e-04 
 2.00425000e-05  1.00464046e-01  2.90278850e-02  8.11519610e-01  9.16787696e-04 
 2.00475000e-05  8.57473060e-02  3.01790076e-02  8.09785110e-01  9.17521566e-04 
 2.00525000e-05  7.39661217e-02  3.10917783e-02  8.08277047e-01  9.18236211e-04 
 2.00575000e-05  6.40441555e-02  3.18068791e-02  8.07022073e-01  9.18890353e-04 
 2.00625000e-05  5.53555554e-02  3.23544410e-02  8.05964003e-01  9.19472557e-04 
 2.00675000e-05  4.74540148e-02  3.27558792e-02  8.05093092e-01  9.19929523e-04 
 2.00725000e-05  4.01094765e-02  3.30260400e-02  8.04372304e-01  9.20275609e-04 
 2.00775000e-05  3.31401149e-02  3.31752760e-02  8.03800793e-01  9.20461140e-04 
 2.00825000e-05  2.64646110e-02  3.32110792e-02  8.03359005e-01  9.20529115e-04 
 2.00875000e-05  2.00060043e-02  3.31390620e-02  8.03049379e-01  9.20430439e-04 
 2.00925000e-05  1.37369576e-02  3.29636756e-02  8.02859067e-01  9.20220793e-04 
 2.00975000e-05  7.62137053e-03  3.26888147e-02  8.02788247e-01  9.19861283e-04 
 2.01025000e-05  1.64989612e-03  3.23181028e-02  8.02825375e-01  9.19419328e-04 
 2.01075000e-05 -4.19588494e-03  3.18550229e-02  8.02966944e-01  9.18853555e-04 
 2.01125000e-05 -9.91985467e-03  3.13030099e-02  8.03200946e-01  9.18239707e-04 
 2.01175000e-05 -1.55327643e-02  3.06654901e-02  8.03520524e-01  9.17534092e-04 
 2.01225000e-05 -2.10365077e-02  2.99459045e-02  8.03912930e-01  9.16816821e-04 
 2.01275000e-05 -2.64381781e-02  2.91477117e-02  8.04369034e-01  9.16040509e-04 
 2.01325000e-05 -3.17393242e-02  2.82743815e-02  8.04875781e-01  9.15288858e-04 
 2.01375000e-05 -3.69449822e-02  2.73293795e-02  8.05422870e-01  9.14509651e-04 
 2.01425000e-05 -4.20564035e-02  2.63161511e-02  8.05997587e-01  9.13787461e-04 
 2.01475000e-05 -4.70773678e-02  2.52381017e-02  8.06589457e-01  9.13065219e-04 
 2.01525000e-05 -5.20089553e-02  2.40985770e-02  8.07186689e-01  9.12427038e-04 
 2.01575000e-05 -5.68540098e-02  2.29008424e-02  8.07779438e-01  9.11810794e-04 
 2.01625000e-05 -6.16133972e-02  2.16480648e-02  8.08357333e-01  9.11299249e-04 
 2.01675000e-05 -6.62892290e-02  2.03432947e-02  8.08911768e-01  9.10825244e-04 
 2.01725000e-05 -7.08821232e-02  1.89894510e-02  8.09434167e-01  9.10469648e-04 
 2.01775000e-05 -7.53936129e-02  1.75893077e-02  8.09917601e-01  9.10160486e-04 
 2.01825000e-05 -7.98240729e-02  1.61454837e-02  8.10355541e-01  9.09976488e-04 
 2.01875000e-05 -8.41746261e-02  1.46604355e-02  8.10743048e-01  9.09841209e-04 
 2.01925000e-05 -8.84454463e-02  1.31364532e-02  8.11075783e-01  9.09831252e-04 
 2.01975000e-05 -9.26373749e-02  1.15756592e-02  8.11350917e-01  9.09866207e-04 
 2.02025000e-05 -9.67505194e-02  9.98001132e-03  8.11566379e-01  9.10020683e-04 
 2.02075000e-05 -1.00785552e-01  8.35130850e-03  8.11721461e-01  9.10210963e-04 
 2.02125000e-05 -1.04742641e-01  6.69119963e-03  8.11816300e-01  9.10509948e-04 
 2.02175000e-05 -1.08622447e-01  5.00119549e-03  8.11852233e-01  9.10831296e-04 
 2.02225000e-05 -1.12425270e-01  3.28268297e-03  8.11831396e-01  9.11246680e-04 
 2.02275000e-05 -1.16151887e-01  1.53694133e-03  8.11756962e-01  9.11667879e-04 
 2.02325000e-05 -1.19802804e-01 -2.34840141e-04  8.11632780e-01  9.12165868e-04 
 2.02375000e-05 -1.23378987e-01 -2.03154355e-03  8.11463525e-01  9.12651334e-04 
 2.02425000e-05 -1.26881190e-01 -3.85210360e-03  8.11254366e-01  9.13195140e-04 
 2.02475000e-05 -1.30310596e-01 -5.69548913e-03  8.11011057e-01  9.13707668e-04 
 2.02525000e-05 -1.33668205e-01 -7.56068549e-03  8.10739623e-01  9.14260254e-04 
 2.02575000e-05 -1.36955407e-01 -9.44667832e-03  8.10446409e-01  9.14763709e-04 
 2.02625000e-05 -1.40173415e-01 -1.13524392e-02  8.10137790e-01  9.15290390e-04 
 2.02675000e-05 -1.43323781e-01 -1.32769132e-02  8.09820196e-01  9.15752177e-04 
 2.02725000e-05 -1.46407875e-01 -1.52190094e-02  8.09499847e-01  9.16222896e-04 
 2.02775000e-05 -1.49427352e-01 -1.71775932e-02  8.09182774e-01  9.16616017e-04 
 2.02825000e-05 -1.52383670e-01 -1.91514822e-02  8.08874585e-01  9.17007153e-04 
 2.02875000e-05 -1.55278519e-01 -2.11394436e-02  8.08580496e-01  9.17311711e-04 
 2.02925000e-05 -1.58113382e-01 -2.31401953e-02  8.08305130e-01  9.17607255e-04 
 2.02975000e-05 -1.60889919e-01 -2.51524085e-02  8.08052570e-01  9.17811302e-04 
 2.03025000e-05 -1.63609579e-01 -2.71747129e-02  8.07826190e-01  9.18003366e-04 
 2.03075000e-05 -1.66273940e-01 -2.92057034e-02  8.07628740e-01  9.18103073e-04 
 2.03125000e-05 -1.68884369e-01 -3.12439493e-02  8.07462213e-01  9.18191725e-04 
 2.03175000e-05 -1.71442326e-01 -3.32880032e-02  8.07327954e-01  9.18190896e-04 
 2.03225000e-05 -1.73949062e-01 -3.53364125e-02  8.07226563e-01  9.18183386e-04 
 2.03275000e-05 -1.76405895e-01 -3.73877302e-02  8.07158029e-01  9.18092430e-04 
 2.03325000e-05 -1.78813942e-01 -3.94405269e-02  8.07121659e-01  9.18001933e-04 
 2.03375000e-05 -1.81174368e-01 -4.14934017e-02  8.07116235e-01  9.17836417e-04 
 2.03425000e-05 -1.83488152e-01 -4.35449938e-02  8.07139967e-01  9.17680445e-04 
 2.03475000e-05 -1.85756308e-01 -4.55939929e-02  8.07190654e-01  9.17459408e-04 
 2.03525000e-05 -1.87979683e-01 -4.76391485e-02  8.07265662e-01  9.17258064e-04 
 2.03575000e-05 -1.90159153e-01 -4.96792784e-02  8.07362086e-01  9.17002254e-04 
 2.03625000e-05 -1.92295450e-01 -5.17132762e-02  8.07476731e-01  9.16776489e-04 
 2.03675000e-05 -1.94389331e-01 -5.37401170e-02  8.07606285e-01  9.16506670e-04 
 2.03725000e-05 -1.96441434e-01 -5.57588615e-02  8.07747290e-01  9.16276677e-04 
 2.03775000e-05 -1.98452426e-01 -5.77686592e-02  8.07896313e-01  9.16012143e-04 
 2.03825000e-05 -2.00422875e-01 -5.97687497e-02  8.08049912e-01  9.15795998e-04 
 2.03875000e-05 -2.02353385e-01 -6.17584624e-02  8.08204798e-01  9.15553358e-04 
 2.03925000e-05 -2.04244484e-01 -6.37372148e-02  8.08357790e-01  9.15365975e-04 
 2.03975000e-05 -2.06096737e-01 -6.57045100e-02  8.08505966e-01  9.15158282e-04 
 2.04025000e-05 -2.07910657e-01 -6.76599325e-02  8.08646606e-01  9.15010714e-04 
 2.04075000e-05 -2.09686798e-01 -6.96031427e-02  8.08777325e-01  9.14846941e-04 
 2.04125000e-05 -2.11425679e-01 -7.15338713e-02  8.08896008e-01  9.14746031e-04 
 2.04175000e-05 -2.13127860e-01 -7.34519120e-02  8.09000924e-01  9.14630893e-04 
 2.04225000e-05 -2.14793882e-01 -7.53571144e-02  8.09090651e-01  9.14579258e-04 
 2.04275000e-05 -2.16424327e-01 -7.72493760e-02  8.09164170e-01  9.14513349e-04 
 2.04325000e-05 -2.18019768e-01 -7.91286345e-02  8.09220779e-01  9.14509658e-04 
 2.04375000e-05 -2.19580816e-01 -8.09948589e-02  8.09260177e-01  9.14489857e-04 
 2.04425000e-05 -2.21108080e-01 -8.28480424e-02  8.09282360e-01  9.14529352e-04 
 2.04475000e-05 -2.22602201e-01 -8.46881939e-02  8.09287692e-01  9.14549444e-04 
 2.04525000e-05 -2.24063822e-01 -8.65153310e-02  8.09276800e-01  9.14624647e-04 
 2.04575000e-05 -2.25493611e-01 -8.83294729e-02  8.09250625e-01  9.14676101e-04 
 2.04625000e-05 -2.26892238e-01 -9.01306342e-02  8.09210313e-01  9.14777643e-04 
 2.04675000e-05 -2.28260390e-01 -9.19188193e-02  8.09157260e-01  9.14850473e-04 
 2.04725000e-05 -2.29598754e-01 -9.36940176e-02  8.09092997e-01  9.14967971e-04 
 2.04775000e-05 -2.30908022e-01 -9.54561998e-02  8.09019231e-01  9.15051617e-04 
 2.04825000e-05 -2.32188887e-01 -9.72053142e-02  8.08937725e-01  9.15174546e-04 
 2.04875000e-05 -2.33442037e-01 -9.89412853e-02  8.08850342e-01  9.15258718e-04 
 2.04925000e-05 -2.34668154e-01 -1.00664012e-01  8.08758927e-01  9.15377205e-04 
 2.04975000e-05 -2.35867908e-01 -1.02373367e-01  8.08665346e-01  9.15452617e-04 
 2.05025000e-05 -2.37041959e-01 -1.04069198e-01  8.08571381e-01  9.15558115e-04 
 2.05075000e-05 -2.38190947e-01 -1.05751327e-01  8.08478765e-01  9.15617082e-04 
 2.05125000e-05 -2.39315498e-01 -1.07419556e-01  8.08389086e-01  9.15702878e-04 
 2.05175000e-05 -2.40416213e-01 -1.09073664e-01  8.08303834e-01  9.15739736e-04 
 2.05225000e-05 -2.41493677e-01 -1.10713416e-01  8.08224303e-01  9.15801270e-04 
 2.05275000e-05 -2.42548442e-01 -1.12338560e-01  8.08151655e-01  9.15812599e-04 
 2.05325000e-05 -2.43581047e-01 -1.13948838e-01  8.08086823e-01  9.15847600e-04 
 2.05375000e-05 -2.44591994e-01 -1.15543983e-01  8.08030586e-01  9.15832260e-04 
 2.05425000e-05 -2.45581771e-01 -1.17123729e-01  8.07983486e-01  9.15840685e-04 
 2.05475000e-05 -2.46550827e-01 -1.18687813e-01  8.07945901e-01  9.15799672e-04 
 2.05525000e-05 -2.47499603e-01 -1.20235977e-01  8.07917981e-01  9.15783489e-04 
 2.05575000e-05 -2.48428499e-01 -1.21767976e-01  8.07899718e-01  9.15719652e-04 
 2.05625000e-05 -2.49337909e-01 -1.23283579e-01  8.07890896e-01  9.15682491e-04 
 2.05675000e-05 -2.50228190e-01 -1.24782574e-01  8.07891166e-01  9.15600132e-04 
 2.05725000e-05 -2.51099693e-01 -1.26264770e-01  8.07899998e-01  9.15546851e-04 
 2.05775000e-05 -2.51952740e-01 -1.27730002e-01  8.07916764e-01  9.15451259e-04 
 2.05825000e-05 -2.52787648e-01 -1.29178130e-01  8.07940690e-01  9.15387460e-04 
 2.05875000e-05 -2.53604709e-01 -1.30609042e-01  8.07970944e-01  9.15284424e-04 
 2.05925000e-05 -2.54404214e-01 -1.32022659e-01  8.08006591e-01  9.15215967e-04 
 2.05975000e-05 -2.55186434e-01 -1.33418930e-01  8.08046679e-01  9.15111301e-04 
 2.06025000e-05 -2.55951643e-01 -1.34797836e-01  8.08090194e-01  9.15043849e-04 
 2.06075000e-05 -2.56700097e-01 -1.36159388e-01  8.08136144e-01  9.14942966e-04 
 2.06125000e-05 -2.57432063e-01 -1.37503630e-01  8.08183519e-01  9.14881597e-04 
 2.06175000e-05 -2.58147790e-01 -1.38830631e-01  8.08231365e-01  9.14789158e-04 
 2.06225000e-05 -2.58847540e-01 -1.40140491e-01  8.08278743e-01  9.14738052e-04 
 2.06275000e-05 -2.59531563e-01 -1.41433335e-01  8.08324806e-01  9.14657705e-04 
 2.06325000e-05 -2.60200124e-01 -1.42709312e-01  8.08368745e-01  9.14619942e-04 
 2.06375000e-05 -2.60853477e-01 -1.43968592e-01  8.08409869e-01  9.14554162e-04 
 2.06425000e-05 -2.61491894e-01 -1.45211365e-01  8.08447543e-01  9.14531604e-04 
 2.06475000e-05 -2.62115634e-01 -1.46437836e-01  8.08481265e-01  9.14481638e-04 
 2.06525000e-05 -2.62724979e-01 -1.47648225e-01  8.08510603e-01  9.14474924e-04 
 2.06575000e-05 -2.63320196e-01 -1.48842761e-01  8.08535260e-01  9.14440822e-04 
 2.06625000e-05 -2.63901575e-01 -1.50021683e-01  8.08555016e-01  9.14449444e-04 
 2.06675000e-05 -2.64469390e-01 -1.51185234e-01  8.08569782e-01  9.14430175e-04 
 2.06725000e-05 -2.65023939e-01 -1.52333657e-01  8.08579540e-01  9.14452631e-04 
 2.06775000e-05 -2.65565504e-01 -1.53467200e-01  8.08584395e-01  9.14446267e-04 
 2.06825000e-05 -2.66094384e-01 -1.54586105e-01  8.08584513e-01  9.14480266e-04 
 2.06875000e-05 -2.66610866e-01 -1.55690610e-01  8.08580167e-01  9.14484210e-04 
 2.06925000e-05 -2.67115251e-01 -1.56780948e-01  8.08571673e-01  9.14526913e-04 
 2.06975000e-05 -2.67607823e-01 -1.57857343e-01  8.08559437e-01  9.14538151e-04 
 2.07025000e-05 -2.68088882e-01 -1.58920010e-01  8.08543886e-01  9.14586433e-04 
 2.07075000e-05 -2.68558709e-01 -1.59969153e-01  8.08525516e-01  9.14601787e-04 
 2.07125000e-05 -2.69017594e-01 -1.61004966e-01  8.08504823e-01  9.14652486e-04 
 2.07175000e-05 -2.69465811e-01 -1.62027630e-01  8.08482349e-01  9.14668865e-04 
 2.07225000e-05 -2.69903641e-01 -1.63037316e-01  8.08458614e-01  9.14719013e-04 
 2.07275000e-05 -2.70331344e-01 -1.64034182e-01  8.08434162e-01  9.14733617e-04 
 2.07325000e-05 -2.70749187e-01 -1.65018373e-01  8.08409498e-01  9.14780631e-04 
 2.07375000e-05 -2.71157416e-01 -1.65990026e-01  8.08385129e-01  9.14791130e-04 
 2.07425000e-05 -2.71556281e-01 -1.66949264e-01  8.08361506e-01  9.14832961e-04 
 2.07475000e-05 -2.71946012e-01 -1.67896205e-01  8.08339067e-01  9.14837606e-04 
 2.07525000e-05 -2.72326840e-01 -1.68830954e-01  8.08318183e-01  9.14872828e-04 
 2.07575000e-05 -2.72698976e-01 -1.69753612e-01  8.08299200e-01  9.14870522e-04 
 2.07625000e-05 -2.73062633e-01 -1.70664271e-01  8.08282386e-01  9.14898371e-04 
 2.07675000e-05 -2.73418004e-01 -1.71563021e-01  8.08267979e-01  9.14888678e-04 
 2.07725000e-05 -2.73765282e-01 -1.72449947e-01  8.08256136e-01  9.14909038e-04 
 2.07775000e-05 -2.74104643e-01 -1.73325132e-01  8.08246983e-01  9.14892143e-04 
 2.07825000e-05 -2.74436262e-01 -1.74188658e-01  8.08240564e-01  9.14905484e-04 
 2.07875000e-05 -2.74760299e-01 -1.75040608e-01  8.08236893e-01  9.14882117e-04 
 2.07925000e-05 -2.75076912e-01 -1.75881065e-01  8.08235911e-01  9.14889401e-04 
 2.07975000e-05 -2.75386248e-01 -1.76710117e-01  8.08237533e-01  9.14860721e-04 
 2.08025000e-05 -2.75688451e-01 -1.77527852e-01  8.08241608e-01  9.14863277e-04 
 2.08075000e-05 -2.75983654e-01 -1.78334366e-01  8.08247969e-01  9.14830747e-04 
 2.08125000e-05 -2.76271992e-01 -1.79129759e-01  8.08256394e-01  9.14830135e-04 
 2.08175000e-05 -2.76553589e-01 -1.79914134e-01  8.08266656e-01  9.14795375e-04 
 2.08225000e-05 -2.76828570e-01 -1.80687605e-01  8.08278482e-01  9.14793248e-04 
 2.08275000e-05 -2.77097054e-01 -1.81450287e-01  8.08291608e-01  9.14757906e-04 
 2.08325000e-05 -2.77359159e-01 -1.82202305e-01  8.08305737e-01  9.14755877e-04 
 2.08375000e-05 -2.77614998e-01 -1.82943790e-01  8.08320591e-01  9.14721501e-04 
 2.08425000e-05 -2.77864689e-01 -1.83674876e-01  8.08335871e-01  9.14721027e-04 
 2.08475000e-05 -2.78108341e-01 -1.84395708e-01  8.08351308e-01  9.14688961e-04 
 2.08525000e-05 -2.78346069e-01 -1.85106433e-01  8.08366620e-01  9.14691255e-04 
 2.08575000e-05 -2.78577984e-01 -1.85807203e-01  8.08381567e-01  9.14662562e-04 
 2.08625000e-05 -2.78804200e-01 -1.86498176e-01  8.08395904e-01  9.14668526e-04 
 2.08675000e-05 -2.79024827e-01 -1.87179514e-01  8.08409434e-01  9.14643935e-04 
 2.08725000e-05 -2.79239981e-01 -1.87851380e-01  8.08421961e-01  9.14654127e-04 
 2.08775000e-05 -2.79449774e-01 -1.88513940e-01  8.08433341e-01  9.14634016e-04 
 2.08825000e-05 -2.79654322e-01 -1.89167363e-01  8.08443437e-01  9.14648638e-04 
 2.08875000e-05 -2.79853738e-01 -1.89811818e-01  8.08452163e-01  9.14633041e-04 
 2.08925000e-05 -2.80048139e-01 -1.90447472e-01  8.08459445e-01  9.14651963e-04 
 2.08975000e-05 -2.80237641e-01 -1.91074493e-01  8.08465256e-01  9.14640597e-04 
 2.09025000e-05 -2.80422359e-01 -1.91693047e-01  8.08469580e-01  9.14663400e-04 
 2.09075000e-05 -2.80602409e-01 -1.92303299e-01  8.08472449e-01  9.14655718e-04 
 2.09125000e-05 -2.80777907e-01 -1.92905408e-01  8.08473900e-01  9.14681748e-04 
 2.09175000e-05 -2.80948968e-01 -1.93499533e-01  8.08474014e-01  9.14677007e-04 
 2.09225000e-05 -2.81115707e-01 -1.94085826e-01  8.08472872e-01  9.14705448e-04 
 2.09275000e-05 -2.81278236e-01 -1.94664436e-01  8.08470595e-01  9.14702775e-04 
 2.09325000e-05 -2.81436667e-01 -1.95235506e-01  8.08467299e-01  9.14732721e-04 
 2.09375000e-05 -2.81591110e-01 -1.95799177e-01  8.08463131e-01  9.14731193e-04 
 2.09425000e-05 -2.81741672e-01 -1.96355581e-01  8.08458229e-01  9.14761723e-04 
 2.09475000e-05 -2.81888459e-01 -1.96904847e-01  8.08452753e-01  9.14760436e-04 
 2.09525000e-05 -2.82031574e-01 -1.97447097e-01  8.08446849e-01  9.14790679e-04 
 2.09575000e-05 -2.82171117e-01 -1.97982449e-01  8.08440682e-01  9.14788810e-04 
 2.09625000e-05 -2.82307186e-01 -1.98511016e-01  8.08434393e-01  9.14818004e-04 
 2.09675000e-05 -2.82439874e-01 -1.99032904e-01  8.08428137e-01  9.14814860e-04 
 2.09725000e-05 -2.82569271e-01 -1.99548217e-01  8.08422040e-01  9.14842396e-04 
 2.09775000e-05 -2.82695467e-01 -2.00057052e-01  8.08416240e-01  9.14837453e-04 
 2.09825000e-05 -2.82818543e-01 -2.00559503e-01  8.08410841e-01  9.14862898e-04 
 2.09875000e-05 -2.82938582e-01 -2.01055660e-01  8.08405952e-01  9.14855820e-04 
 2.09925000e-05 -2.83055660e-01 -2.01545611e-01  8.08401650e-01  9.14878934e-04 
 2.09975000e-05 -2.83169851e-01 -2.02029439e-01  8.08398013e-01  9.14869576e-04 
 2.10025000e-05 -2.83281226e-01 -2.02507226e-01  8.08395086e-01  9.14890309e-04 
 2.10075000e-05 -2.83389852e-01 -2.02979050e-01  8.08392915e-01  9.14878708e-04 
 2.10125000e-05 -2.83495793e-01 -2.03444991e-01  8.08391512e-01  9.14897183e-04 
 2.10175000e-05 -2.83599112e-01 -2.03905123e-01  8.08390890e-01  9.14883537e-04 
 2.10225000e-05 -2.83699867e-01 -2.04359522e-01  8.08391032e-01  9.14900021e-04 
 2.10275000e-05 -2.83798114e-01 -2.04808265e-01  8.08391922e-01  9.14884658e-04 
 2.10325000e-05 -2.83893908e-01 -2.05251424e-01  8.08393514e-01  9.14899531e-04 
 2.10375000e-05 -2.83987300e-01 -2.05689076e-01  8.08395769e-01  9.14882870e-04 
 2.10425000e-05 -2.84078341e-01 -2.06121294e-01  8.08398619e-01  9.14896582e-04 
 2.10475000e-05 -2.84167080e-01 -2.06548156e-01  8.08402007e-01  9.14879095e-04 
 2.10525000e-05 -2.84253562e-01 -2.06969736e-01  8.08405849e-01  9.14892129e-04 
 2.10575000e-05 -2.84337836e-01 -2.07386113e-01  8.08410077e-01  9.14874299e-04 
 2.10625000e-05 -2.84419944e-01 -2.07797364e-01  8.08414601e-01  9.14887131e-04 
 2.10675000e-05 -2.84499932e-01 -2.08203568e-01  8.08419344e-01  9.14869417e-04 
 2.10725000e-05 -2.84577842e-01 -2.08604804e-01  8.08424215e-01  9.14882483e-04 
 2.10775000e-05 -2.84653719e-01 -2.09001154e-01  8.08429142e-01  9.14865288e-04 
 2.10825000e-05 -2.84727603e-01 -2.09392697e-01  8.08434037e-01  9.14878955e-04 
 2.10875000e-05 -2.84799538e-01 -2.09779515e-01  8.08438834e-01  9.14862604e-04 
 2.10925000e-05 -2.84869564e-01 -2.10161692e-01  8.08443455e-01  9.14877150e-04 
 2.10975000e-05 -2.84937725e-01 -2.10539308e-01  8.08447848e-01  9.14861872e-04 
 2.11025000e-05 -2.85004061e-01 -2.10912447e-01  8.08451949e-01  9.14877477e-04 
 2.11075000e-05 -2.85068615e-01 -2.11281191e-01  8.08455719e-01  9.14863399e-04 
 2.11125000e-05 -2.85131426e-01 -2.11645622e-01  8.08459111e-01  9.14880140e-04 
 2.11175000e-05 -2.85192540e-01 -2.12005821e-01  8.08462103e-01  9.14867288e-04 
 2.11225000e-05 -2.85251994e-01 -2.12361869e-01  8.08464668e-01  9.14885144e-04 
 2.11275000e-05 -2.85309833e-01 -2.12713845e-01  8.08466799e-01  9.14873453e-04 
 2.11325000e-05 -2.85366095e-01 -2.13061829e-01  8.08468486e-01  9.14892316e-04 
 2.11375000e-05 -2.85420824e-01 -2.13405897e-01  8.08469742e-01  9.14881639e-04 
 2.11425000e-05 -2.85474058e-01 -2.13746126e-01  8.08470569e-01  9.14901332e-04 
 2.11475000e-05 -2.85525840e-01 -2.14082588e-01  8.08470995e-01  9.14891464e-04 
 2.11525000e-05 -2.85576206e-01 -2.14415357e-01  8.08471038e-01  9.14911759e-04 
 2.11575000e-05 -2.85625200e-01 -2.14744502e-01  8.08470736e-01  9.14902454e-04 
 2.11625000e-05 -2.85672856e-01 -2.15070091e-01  8.08470118e-01  9.14923096e-04 
 2.11675000e-05 -2.85719216e-01 -2.15392192e-01  8.08469230e-01  9.14914091e-04 
 2.11725000e-05 -2.85764314e-01 -2.15710867e-01  8.08468106e-01  9.14934815e-04 
 2.11775000e-05 -2.85808189e-01 -2.16026178e-01  8.08466799e-01  9.14925850e-04 
 2.11825000e-05 -2.85850872e-01 -2.16338186e-01  8.08465346e-01  9.14946405e-04 
 2.11875000e-05 -2.85892403e-01 -2.16646947e-01  8.08463799e-01  9.14937241e-04 
 2.11925000e-05 -2.85932810e-01 -2.16952518e-01  8.08462195e-01  9.14957405e-04 
 2.11975000e-05 -2.85972129e-01 -2.17254951e-01  8.08460586e-01  9.14947840e-04 
 2.12025000e-05 -2.86010388e-01 -2.17554298e-01  8.08459003e-01  9.14967433e-04 
 2.12075000e-05 -2.86047620e-01 -2.17850609e-01  8.08457493e-01  9.14957311e-04 
 2.12125000e-05 -2.86083850e-01 -2.18143932e-01  8.08456081e-01  9.14976206e-04 
 2.12175000e-05 -2.86119110e-01 -2.18434312e-01  8.08454806e-01  9.14965425e-04 
 2.12225000e-05 -2.86153422e-01 -2.18721796e-01  8.08453687e-01  9.14983548e-04 
 2.12275000e-05 -2.86186815e-01 -2.19006427e-01  8.08452752e-01  9.14972063e-04 
 2.12325000e-05 -2.86219309e-01 -2.19288246e-01  8.08452012e-01  9.14989397e-04 
 2.12375000e-05 -2.86250933e-01 -2.19567296e-01  8.08451485e-01  9.14977215e-04 
 2.12425000e-05 -2.86281703e-01 -2.19843616e-01  8.08451171e-01  9.14993792e-04 
 2.12475000e-05 -2.86311645e-01 -2.20117246e-01  8.08451082e-01  9.14980969e-04 
 2.12525000e-05 -2.86340774e-01 -2.20388226e-01  8.08451208e-01  9.14996864e-04 
 2.12575000e-05 -2.86369116e-01 -2.20656592e-01  8.08451551e-01  9.14983493e-04 
 2.12625000e-05 -2.86396683e-01 -2.20922384e-01  8.08452093e-01  9.14998817e-04 
 2.12675000e-05 -2.86423499e-01 -2.21185639e-01  8.08452829e-01  9.14985020e-04 
 2.12725000e-05 -2.86449576e-01 -2.21446393e-01  8.08453737e-01  9.14999905e-04 
 2.12775000e-05 -2.86474935e-01 -2.21704684e-01  8.08454803e-01  9.14985820e-04 
 2.12825000e-05 -2.86499588e-01 -2.21960549e-01  8.08456001e-01  9.15000409e-04 
 2.12875000e-05 -2.86523555e-01 -2.22214023e-01  8.08457315e-01  9.14986179e-04 
 2.12925000e-05 -2.86546847e-01 -2.22465145e-01  8.08458715e-01  9.15000613e-04 
 2.12975000e-05 -2.86569484e-01 -2.22713951e-01  8.08460184e-01  9.14986376e-04 
 2.13025000e-05 -2.86591475e-01 -2.22960476e-01  8.08461691e-01  9.15000786e-04 
 2.13075000e-05 -2.86612840e-01 -2.23204757e-01  8.08463218e-01  9.14986665e-04 
 2.13125000e-05 -2.86633589e-01 -2.23446831e-01  8.08464737e-01  9.15001164e-04 
 2.13175000e-05 -2.86653740e-01 -2.23686735e-01  8.08466231e-01  9.14987257e-04 
 2.13225000e-05 -2.86673303e-01 -2.23924503e-01  8.08467674e-01  9.15001932e-04 
 2.13275000e-05 -2.86692296e-01 -2.24160172e-01  8.08469055e-01  9.14988313e-04 
 2.13325000e-05 -2.86710728e-01 -2.24393777e-01  8.08470349e-01  9.15003222e-04 
 2.13375000e-05 -2.86728619e-01 -2.24625354e-01  8.08471550e-01  9.14989934e-04 
 2.13425000e-05 -2.86745976e-01 -2.24854939e-01  8.08472638e-01  9.15005107e-04 
 2.13475000e-05 -2.86762818e-01 -2.25082565e-01  8.08473612e-01  9.14992163e-04 
 2.13525000e-05 -2.86779155e-01 -2.25308267e-01  8.08474458e-01  9.15007598e-04 
 2.13575000e-05 -2.86795004e-01 -2.25532078e-01  8.08475179e-01  9.14994985e-04 
 2.13625000e-05 -2.86810374e-01 -2.25754032e-01  8.08475765e-01  9.15010657e-04 
 2.13675000e-05 -2.86825282e-01 -2.25974162e-01  8.08476225e-01  9.14998336e-04 
 2.13725000e-05 -2.86839738e-01 -2.26192499e-01  8.08476555e-01  9.15014199e-04 
 2.13775000e-05 -2.86853760e-01 -2.26409074e-01  8.08476767e-01  9.15002114e-04 
 2.13825000e-05 -2.86867353e-01 -2.26623917e-01  8.08476860e-01  9.15018104e-04 
 2.13875000e-05 -2.86880538e-01 -2.26837060e-01  8.08476851e-01  9.15006188e-04 
 2.13925000e-05 -2.86893320e-01 -2.27048530e-01  8.08476742e-01  9.15022234e-04 
 2.13975000e-05 -2.86905717e-01 -2.27258355e-01  8.08476551e-01  9.15010411e-04 
 2.14025000e-05 -2.86917736e-01 -2.27466564e-01  8.08476285e-01  9.15026437e-04 
 2.14075000e-05 -2.86929394e-01 -2.27673181e-01  8.08475962e-01  9.15014633e-04 
 2.14125000e-05 -2.86940696e-01 -2.27878234e-01  8.08475588e-01  9.15030568e-04 
 2.14175000e-05 -2.86951658e-01 -2.28081747e-01  8.08475184e-01  9.15018714e-04 
 2.14225000e-05 -2.86962286e-01 -2.28283744e-01  8.08474756e-01  9.15034493e-04 
 2.14275000e-05 -2.86972596e-01 -2.28484249e-01  8.08474324e-01  9.15022530e-04 
 2.14325000e-05 -2.86982591e-01 -2.28683283e-01  8.08473892e-01  9.15038101e-04 
 2.14375000e-05 -2.86992287e-01 -2.28880870e-01  8.08473478e-01  9.15025983e-04 
 2.14425000e-05 -2.87001688e-01 -2.29077030e-01  8.08473087e-01  9.15041307e-04 
 2.14475000e-05 -2.87010807e-01 -2.29271784e-01  8.08472733e-01  9.15029004e-04 
 2.14525000e-05 -2.87019647e-01 -2.29465152e-01  8.08472419e-01  9.15044060e-04 
 2.14575000e-05 -2.87028222e-01 -2.29657154e-01  8.08472158e-01  9.15031556e-04 
 2.14625000e-05 -2.87036535e-01 -2.29847808e-01  8.08471948e-01  9.15046338e-04 
 2.14675000e-05 -2.87044597e-01 -2.30037133e-01  8.08471801e-01  9.15033636e-04 
 2.14725000e-05 -2.87052411e-01 -2.30225147e-01  8.08471711e-01  9.15048152e-04 
 2.14775000e-05 -2.87059988e-01 -2.30411868e-01  8.08471687e-01  9.15035267e-04 
 2.14825000e-05 -2.87067329e-01 -2.30597314e-01  8.08471722e-01  9.15049539e-04 
 2.14875000e-05 -2.87074447e-01 -2.30781501e-01  8.08471821e-01  9.15036497e-04 
 2.14925000e-05 -2.87081341e-01 -2.30964447e-01  8.08471976e-01  9.15050557e-04 
 2.14975000e-05 -2.87088023e-01 -2.31146168e-01  8.08472190e-01  9.15037394e-04 
 2.15025000e-05 -2.87094491e-01 -2.31326680e-01  8.08472451e-01  9.15051281e-04 
 2.15075000e-05 -2.87100758e-01 -2.31506000e-01  8.08472761e-01  9.15038037e-04 
 2.15125000e-05 -2.87106823e-01 -2.31684143e-01  8.08473107e-01  9.15051793e-04 
 2.15175000e-05 -2.87112696e-01 -2.31861126e-01  8.08473491e-01  9.15038510e-04 
 2.15225000e-05 -2.87118376e-01 -2.32036965e-01  8.08473898e-01  9.15052177e-04 
 2.15275000e-05 -2.87123874e-01 -2.32211675e-01  8.08474328e-01  9.15038897e-04 
 2.15325000e-05 -2.87129188e-01 -2.32385272e-01  8.08474767e-01  9.15052515e-04 
 2.15375000e-05 -2.87134329e-01 -2.32557770e-01  8.08475217e-01  9.15039275e-04 
 2.15425000e-05 -2.87139295e-01 -2.32729187e-01  8.08475662e-01  9.15052878e-04 
 2.15475000e-05 -2.87144097e-01 -2.32899536e-01  8.08476103e-01  9.15039708e-04 
 2.15525000e-05 -2.87148732e-01 -2.33068833e-01  8.08476528e-01  9.15053323e-04 
 2.15575000e-05 -2.87153212e-01 -2.33237092e-01  8.08476937e-01  9.15040246e-04 
 2.15625000e-05 -2.87157533e-01 -2.33404329e-01  8.08477320e-01  9.15053893e-04 
 2.15675000e-05 -2.87161708e-01 -2.33570559e-01  8.08477678e-01  9.15040923e-04 
 2.15725000e-05 -2.87165732e-01 -2.33735795e-01  8.08478002e-01  9.15054612e-04 
 2.15775000e-05 -2.87169618e-01 -2.33900051e-01  8.08478294e-01  9.15041755e-04 
 2.15825000e-05 -2.87173362e-01 -2.34063343e-01  8.08478547e-01  9.15055488e-04 
 2.15875000e-05 -2.87176974e-01 -2.34225683e-01  8.08478765e-01  9.15042741e-04 
 2.15925000e-05 -2.87180454e-01 -2.34387086e-01  8.08478942e-01  9.15056511e-04 
 2.15975000e-05 -2.87183811e-01 -2.34547564e-01  8.08479083e-01  9.15043866e-04 
 2.16025000e-05 -2.87187042e-01 -2.34707131e-01  8.08479184e-01  9.15057661e-04 
 2.16075000e-05 -2.87190157e-01 -2.34865800e-01  8.08479251e-01  9.15045101e-04 
 2.16125000e-05 -2.87193155e-01 -2.35023583e-01  8.08479281e-01  9.15058905e-04 
 2.16175000e-05 -2.87196045e-01 -2.35180492e-01  8.08479282e-01  9.15046412e-04 
 2.16225000e-05 -2.87198825e-01 -2.35336539e-01  8.08479250e-01  9.15060203e-04 
 2.16275000e-05 -2.87201503e-01 -2.35491737e-01  8.08479195e-01  9.15047756e-04 
 2.16325000e-05 -2.87204079e-01 -2.35646096e-01  8.08479115e-01  9.15061514e-04 
 2.16375000e-05 -2.87206561e-01 -2.35799627e-01  8.08479019e-01  9.15049091e-04 
 2.16425000e-05 -2.87208947e-01 -2.35952342e-01  8.08478905e-01  9.15062796e-04 
 2.16475000e-05 -2.87211245e-01 -2.36104250e-01  8.08478783e-01  9.15050377e-04 
 2.16525000e-05 -2.87213453e-01 -2.36255362e-01  8.08478650e-01  9.15064010e-04 
 2.16575000e-05 -2.87215580e-01 -2.36405689e-01  8.08478516e-01  9.15051578e-04 
 2.16625000e-05 -2.87217623e-01 -2.36555238e-01  8.08478380e-01  9.15065124e-04 
 2.16675000e-05 -2.87219590e-01 -2.36704021e-01  8.08478249e-01  9.15052665e-04 
 2.16725000e-05 -2.87221478e-01 -2.36852046e-01  8.08478122e-01  9.15066112e-04 
 2.16775000e-05 -2.87223296e-01 -2.36999321e-01  8.08478007e-01  9.15053617e-04 
 2.16825000e-05 -2.87225040e-01 -2.37145856e-01  8.08477900e-01  9.15066960e-04 
 2.16875000e-05 -2.87226719e-01 -2.37291660e-01  8.08477810e-01  9.15054424e-04 
 2.16925000e-05 -2.87228328e-01 -2.37436740e-01  8.08477732e-01  9.15067659e-04 
 2.16975000e-05 -2.87229876e-01 -2.37581104e-01  8.08477674e-01  9.15055084e-04 
 2.17025000e-05 -2.87231359e-01 -2.37724761e-01  8.08477629e-01  9.15068214e-04 
 2.17075000e-05 -2.87232785e-01 -2.37867718e-01  8.08477606e-01  9.15055602e-04 
 2.17125000e-05 -2.87234149e-01 -2.38009982e-01  8.08477598e-01  9.15068634e-04 
 2.17175000e-05 -2.87235460e-01 -2.38151563e-01  8.08477610e-01  9.15055993e-04 
 2.17225000e-05 -2.87236713e-01 -2.38292466e-01  8.08477636e-01  9.15068936e-04 
 2.17275000e-05 -2.87237915e-01 -2.38432698e-01  8.08477682e-01  9.15056277e-04 
 2.17325000e-05 -2.87239062e-01 -2.38572268e-01  8.08477739e-01  9.15069142e-04 
 2.17375000e-05 -2.87240162e-01 -2.38711183e-01  8.08477813e-01  9.15056476e-04 
 2.17425000e-05 -2.87241210e-01 -2.38849448e-01  8.08477896e-01  9.15069276e-04 
 2.17475000e-05 -2.87242214e-01 -2.38987072e-01  8.08477992e-01  9.15056615e-04 
 2.17525000e-05 -2.87243168e-01 -2.39124060e-01  8.08478093e-01  9.15069362e-04 
 2.17575000e-05 -2.87244080e-01 -2.39260420e-01  8.08478203e-01  9.15056720e-04 
 2.17625000e-05 -2.87244946e-01 -2.39396159e-01  8.08478314e-01  9.15069426e-04 
 2.17675000e-05 -2.87245772e-01 -2.39531282e-01  8.08478431e-01  9.15056813e-04 
 2.17725000e-05 -2.87246554e-01 -2.39665797e-01  8.08478545e-01  9.15069489e-04 
 2.17775000e-05 -2.87247298e-01 -2.39799710e-01  8.08478660e-01  9.15056914e-04 
 2.17825000e-05 -2.87248001e-01 -2.39933028e-01  8.08478768e-01  9.15069568e-04 
 2.17875000e-05 -2.87248669e-01 -2.40065756e-01  8.08478875e-01  9.15057038e-04 
 2.17925000e-05 -2.87249298e-01 -2.40197901e-01  8.08478971e-01  9.15069677e-04 
 2.17975000e-05 -2.87249894e-01 -2.40329470e-01  8.08479064e-01  9.15057197e-04 
 2.18025000e-05 -2.87250453e-01 -2.40460468e-01  8.08479144e-01  9.15069824e-04 
 2.18075000e-05 -2.87250981e-01 -2.40590901e-01  8.08479217e-01  9.15057396e-04 
 2.18125000e-05 -2.87251475e-01 -2.40720776e-01  8.08479277e-01  9.15070012e-04 
 2.18175000e-05 -2.87251941e-01 -2.40850097e-01  8.08479329e-01  9.15057636e-04 
 2.18225000e-05 -2.87252373e-01 -2.40978872e-01  8.08479366e-01  9.15070240e-04 
 2.18275000e-05 -2.87252780e-01 -2.41107106e-01  8.08479395e-01  9.15057913e-04 
 2.18325000e-05 -2.87253156e-01 -2.41234803e-01  8.08479411e-01  9.15070502e-04 
 2.18375000e-05 -2.87253509e-01 -2.41361970e-01  8.08479418e-01  9.15058219e-04 
 2.18425000e-05 -2.87253832e-01 -2.41488613e-01  8.08479413e-01  9.15070788e-04 
 2.18475000e-05 -2.87254134e-01 -2.41614735e-01  8.08479401e-01  9.15058546e-04 
 2.18525000e-05 -2.87254410e-01 -2.41740343e-01  8.08479377e-01  9.15071090e-04 
 2.18575000e-05 -2.87254666e-01 -2.41865441e-01  8.08479348e-01  9.15058881e-04 
 2.18625000e-05 -2.87254896e-01 -2.41990035e-01  8.08479309e-01  9.15071394e-04 
 2.18675000e-05 -2.87255109e-01 -2.42114129e-01  8.08479268e-01  9.15059213e-04 
 2.18725000e-05 -2.87255299e-01 -2.42237728e-01  8.08479218e-01  9.15071688e-04 
 2.18775000e-05 -2.87255473e-01 -2.42360836e-01  8.08479169e-01  9.15059529e-04 
 2.18825000e-05 -2.87255626e-01 -2.42483458e-01  8.08479114e-01  9.15071962e-04 
 2.18875000e-05 -2.87255764e-01 -2.42605598e-01  8.08479060e-01  9.15059819e-04 
 2.18925000e-05 -2.87255883e-01 -2.42727262e-01  8.08479003e-01  9.15072206e-04 
 2.18975000e-05 -2.87255988e-01 -2.42848452e-01  8.08478950e-01  9.15060075e-04 
 2.19025000e-05 -2.87256075e-01 -2.42969173e-01  8.08478895e-01  9.15072412e-04 
 2.19075000e-05 -2.87256151e-01 -2.43089429e-01  8.08478846e-01  9.15060291e-04 
 2.19125000e-05 -2.87256209e-01 -2.43209224e-01  8.08478797e-01  9.15072576e-04 
 2.19175000e-05 -2.87256257e-01 -2.43328562e-01  8.08478754e-01  9.15060463e-04 
 2.19225000e-05 -2.87256290e-01 -2.43447446e-01  8.08478713e-01  9.15072695e-04 
 2.19275000e-05 -2.87256312e-01 -2.43565881e-01  8.08478680e-01  9.15060591e-04 
 2.19325000e-05 -2.87256321e-01 -2.43683870e-01  8.08478649e-01  9.15072771e-04 
 2.19375000e-05 -2.87256321e-01 -2.43801416e-01  8.08478626e-01  9.15060676e-04 
 2.19425000e-05 -2.87256307e-01 -2.43918524e-01  8.08478605e-01  9.15072806e-04 
 2.19475000e-05 -2.87256286e-01 -2.44035195e-01  8.08478592e-01  9.15060722e-04 
 2.19525000e-05 -2.87256251e-01 -2.44151435e-01  8.08478581e-01  9.15072805e-04 
 2.19575000e-05 -2.87256211e-01 -2.44267246e-01  8.08478578e-01  9.15060735e-04 
 2.19625000e-05 -2.87256158e-01 -2.44382632e-01  8.08478577e-01  9.15072774e-04 
 2.19675000e-05 -2.87256099e-01 -2.44497596e-01  8.08478582e-01  9.15060722e-04 
 2.19725000e-05 -2.87256028e-01 -2.44612140e-01  8.08478588e-01  9.15072720e-04 
 2.19775000e-05 -2.87255953e-01 -2.44726269e-01  8.08478601e-01  9.15060689e-04 
 2.19825000e-05 -2.87255866e-01 -2.44839986e-01  8.08478612e-01  9.15072651e-04 
 2.19875000e-05 -2.87255775e-01 -2.44953293e-01  8.08478629e-01  9.15060644e-04 
 2.19925000e-05 -2.87255674e-01 -2.45066194e-01  8.08478645e-01  9.15072574e-04 
 2.19975000e-05 -2.87255568e-01 -2.45178692e-01  8.08478664e-01  9.15060595e-04 
 2.20025000e-05 -2.87255453e-01 -2.45290790e-01  8.08478680e-01  9.15072495e-04 
 2.20075000e-05 -2.87255335e-01 -2.45402490e-01  8.08478699e-01  9.15060547e-04 
 2.20125000e-05 -2.87255207e-01 -2.45513797e-01  8.08478714e-01  9.15072420e-04 
 2.20175000e-05 -2.87255077e-01 -2.45624712e-01  8.08478731e-01  9.15060504e-04 
 2.20225000e-05 -2.87254938e-01 -2.45735238e-01  8.08478743e-01  9.15072353e-04 
 2.20275000e-05 -2.87254796e-01 -2.45845380e-01  8.08478756e-01  9.15060471e-04 
 2.20325000e-05 -2.87254647e-01 -2.45955138e-01  8.08478764e-01  9.15072296e-04 
 2.20375000e-05 -2.87254495e-01 -2.46064517e-01  8.08478771e-01  9.15060449e-04 
 2.20425000e-05 -2.87254336e-01 -2.46173519e-01  8.08478773e-01  9.15072251e-04 
 2.20475000e-05 -2.87254176e-01 -2.46282146e-01  8.08478775e-01  9.15060439e-04 
 2.20525000e-05 -2.87254008e-01 -2.46390401e-01  8.08478771e-01  9.15072217e-04 
 2.20575000e-05 -2.87253840e-01 -2.46498288e-01  8.08478766e-01  9.15060439e-04 
 2.20625000e-05 -2.87253665e-01 -2.46605808e-01  8.08478755e-01  9.15072194e-04 
 2.20675000e-05 -2.87253489e-01 -2.46712964e-01  8.08478744e-01  9.15060449e-04 
 2.20725000e-05 -2.87253308e-01 -2.46819759e-01  8.08478727e-01  9.15072178e-04 
 2.20775000e-05 -2.87253127e-01 -2.46926196e-01  8.08478711e-01  9.15060464e-04 
 2.20825000e-05 -2.87252940e-01 -2.47032276e-01  8.08478689e-01  9.15072167e-04 
 2.20875000e-05 -2.87252753e-01 -2.47138001e-01  8.08478667e-01  9.15060483e-04 
 2.20925000e-05 -2.87252561e-01 -2.47243376e-01  8.08478641e-01  9.15072158e-04 
 2.20975000e-05 -2.87252371e-01 -2.47348401e-01  8.08478615e-01  9.15060502e-04 
 2.21025000e-05 -2.87252175e-01 -2.47453079e-01  8.08478586e-01  9.15072146e-04 
 2.21075000e-05 -2.87251981e-01 -2.47557412e-01  8.08478558e-01  9.15060516e-04 
 2.21125000e-05 -2.87251782e-01 -2.47661403e-01  8.08478527e-01  9.15072129e-04 
 2.21175000e-05 -2.87251585e-01 -2.47765054e-01  8.08478498e-01  9.15060524e-04 
 2.21225000e-05 -2.87251384e-01 -2.47868366e-01  8.08478466e-01  9.15072104e-04 
 2.21275000e-05 -2.87251185e-01 -2.47971342e-01  8.08478437e-01  9.15060522e-04 
 2.21325000e-05 -2.87250983e-01 -2.48073985e-01  8.08478406e-01  9.15072069e-04 
 2.21375000e-05 -2.87250782e-01 -2.48176295e-01  8.08478378e-01  9.15060509e-04 
 2.21425000e-05 -2.87250578e-01 -2.48278275e-01  8.08478349e-01  9.15072022e-04 
 2.21475000e-05 -2.87250377e-01 -2.48379927e-01  8.08478323e-01  9.15060484e-04 
 2.21525000e-05 -2.87250172e-01 -2.48481253e-01  8.08478296e-01  9.15071963e-04 
 2.21575000e-05 -2.87249970e-01 -2.48582255e-01  8.08478273e-01  9.15060446e-04 
 2.21625000e-05 -2.87249765e-01 -2.48682935e-01  8.08478248e-01  9.15071891e-04 
 2.21675000e-05 -2.87249563e-01 -2.48783294e-01  8.08478229e-01  9.15060396e-04 
 2.21725000e-05 -2.87249359e-01 -2.48883334e-01  8.08478207e-01  9.15071808e-04 
 2.21775000e-05 -2.87249157e-01 -2.48983058e-01  8.08478191e-01  9.15060336e-04 
 2.21825000e-05 -2.87248953e-01 -2.49082466e-01  8.08478172e-01  9.15071715e-04 
 2.21875000e-05 -2.87248752e-01 -2.49181562e-01  8.08478159e-01  9.15060266e-04 
 2.21925000e-05 -2.87248548e-01 -2.49280346e-01  8.08478143e-01  9.15071613e-04 
 2.21975000e-05 -2.87248348e-01 -2.49378820e-01  8.08478133e-01  9.15060188e-04 
 2.22025000e-05 -2.87248145e-01 -2.49476985e-01  8.08478120e-01  9.15071505e-04 
 2.22075000e-05 -2.87247946e-01 -2.49574845e-01  8.08478111e-01  9.15060105e-04 
 2.22125000e-05 -2.87247744e-01 -2.49672400e-01  8.08478100e-01  9.15071393e-04 
 2.22175000e-05 -2.87247546e-01 -2.49769651e-01  8.08478092e-01  9.15060019e-04 
 2.22225000e-05 -2.87247346e-01 -2.49866602e-01  8.08478082e-01  9.15071278e-04 
 2.22275000e-05 -2.87247149e-01 -2.49963252e-01  8.08478076e-01  9.15059932e-04 
 2.22325000e-05 -2.87246950e-01 -2.50059604e-01  8.08478067e-01  9.15071164e-04 
 2.22375000e-05 -2.87246755e-01 -2.50155660e-01  8.08478060e-01  9.15059845e-04 
 2.22425000e-05 -2.87246558e-01 -2.50251421e-01  8.08478051e-01  9.15071051e-04 
 2.22475000e-05 -2.87246365e-01 -2.50346888e-01  8.08478044e-01  9.15059760e-04 
 2.22525000e-05 -2.87246169e-01 -2.50442063e-01  8.08478034e-01  9.15070941e-04 
 2.22575000e-05 -2.87245978e-01 -2.50536948e-01  8.08478027e-01  9.15059679e-04 
 2.22625000e-05 -2.87245784e-01 -2.50631544e-01  8.08478015e-01  9.15070835e-04 
 2.22675000e-05 -2.87245594e-01 -2.50725853e-01  8.08478006e-01  9.15059602e-04 
 2.22725000e-05 -2.87245403e-01 -2.50819876e-01  8.08477994e-01  9.15070733e-04 
 2.22775000e-05 -2.87245216e-01 -2.50913614e-01  8.08477983e-01  9.15059528e-04 
 2.22825000e-05 -2.87245026e-01 -2.51007070e-01  8.08477969e-01  9.15070634e-04 
 2.22875000e-05 -2.87244841e-01 -2.51100244e-01  8.08477956e-01  9.15059459e-04 
 2.22925000e-05 -2.87244654e-01 -2.51193138e-01  8.08477940e-01  9.15070540e-04 
 2.22975000e-05 -2.87244471e-01 -2.51285754e-01  8.08477926e-01  9.15059392e-04 
 2.23025000e-05 -2.87244287e-01 -2.51378092e-01  8.08477908e-01  9.15070448e-04 
 2.23075000e-05 -2.87244107e-01 -2.51470154e-01  8.08477893e-01  9.15059328e-04 
 2.23125000e-05 -2.87243925e-01 -2.51561942e-01  8.08477874e-01  9.15070359e-04 
 2.23175000e-05 -2.87243748e-01 -2.51653457e-01  8.08477857e-01  9.15059266e-04 
 2.23225000e-05 -2.87243569e-01 -2.51744700e-01  8.08477836e-01  9.15070271e-04 
 2.23275000e-05 -2.87243394e-01 -2.51835672e-01  8.08477818e-01  9.15059205e-04 
 2.23325000e-05 -2.87243218e-01 -2.51926375e-01  8.08477797e-01  9.15070183e-04 
 2.23375000e-05 -2.87243046e-01 -2.52016810e-01  8.08477779e-01  9.15059143e-04 
 2.23425000e-05 -2.87242873e-01 -2.52106979e-01  8.08477757e-01  9.15070094e-04 
 2.23475000e-05 -2.87242704e-01 -2.52196882e-01  8.08477738e-01  9.15059080e-04 
 2.23525000e-05 -2.87242534e-01 -2.52286520e-01  8.08477716e-01  9.15070004e-04 
 2.23575000e-05 -2.87242368e-01 -2.52375896e-01  8.08477698e-01  9.15059015e-04 
 2.23625000e-05 -2.87242201e-01 -2.52465010e-01  8.08477676e-01  9.15069912e-04 
 2.23675000e-05 -2.87242038e-01 -2.52553864e-01  8.08477658e-01  9.15058948e-04 
 2.23725000e-05 -2.87241874e-01 -2.52642458e-01  8.08477637e-01  9.15069817e-04 
 2.23775000e-05 -2.87241715e-01 -2.52730794e-01  8.08477619e-01  9.15058877e-04 
 2.23825000e-05 -2.87241554e-01 -2.52818873e-01  8.08477599e-01  9.15069719e-04 
 2.23875000e-05 -2.87241398e-01 -2.52906695e-01  8.08477582e-01  9.15058804e-04 
 2.23925000e-05 -2.87241241e-01 -2.52994263e-01  8.08477563e-01  9.15069619e-04 
 2.23975000e-05 -2.87241088e-01 -2.53081578e-01  8.08477547e-01  9.15058728e-04 
 2.24025000e-05 -2.87240933e-01 -2.53168639e-01  8.08477529e-01  9.15069515e-04 
 2.24075000e-05 -2.87240784e-01 -2.53255450e-01  8.08477514e-01  9.15058649e-04 
 2.24125000e-05 -2.87240633e-01 -2.53342009e-01  8.08477497e-01  9.15069410e-04 
 2.24175000e-05 -2.87240486e-01 -2.53428320e-01  8.08477483e-01  9.15058568e-04 
 2.24225000e-05 -2.87240338e-01 -2.53514382e-01  8.08477467e-01  9.15069302e-04 
 2.24275000e-05 -2.87240195e-01 -2.53600197e-01  8.08477454e-01  9.15058486e-04 
 2.24325000e-05 -2.87240050e-01 -2.53685766e-01  8.08477439e-01  9.15069194e-04 
 2.24375000e-05 -2.87239910e-01 -2.53771090e-01  8.08477427e-01  9.15058402e-04 
 2.24425000e-05 -2.87239769e-01 -2.53856169e-01  8.08477412e-01  9.15069085e-04 
 2.24475000e-05 -2.87239631e-01 -2.53941006e-01  8.08477400e-01  9.15058318e-04 
 2.24525000e-05 -2.87239493e-01 -2.54025600e-01  8.08477386e-01  9.15068975e-04 
 2.24575000e-05 -2.87239359e-01 -2.54109954e-01  8.08477375e-01  9.15058235e-04 
 2.24625000e-05 -2.87239224e-01 -2.54194067e-01  8.08477361e-01  9.15068867e-04 
 2.24675000e-05 -2.87239093e-01 -2.54277942e-01  8.08477350e-01  9.15058152e-04 
 2.24725000e-05 -2.87238960e-01 -2.54361578e-01  8.08477336e-01  9.15068759e-04 
 2.24775000e-05 -2.87238832e-01 -2.54444978e-01  8.08477325e-01  9.15058070e-04 
 2.24825000e-05 -2.87238703e-01 -2.54528141e-01  8.08477311e-01  9.15068653e-04 
 2.24867500e-05 -2.87238597e-01 -2.54598645e-01  8.08477302e-01  9.15057998e-04 
 2.24910000e-05 -2.87238489e-01 -2.54668979e-01  8.08477290e-01  9.15068560e-04 
 2.24911000e-05 -2.87271199e-01 -2.54677140e-01  8.08467970e-01  8.86371604e-04 
 2.24913000e-05 -2.87347794e-01 -2.54684370e-01  8.08442729e-01  8.78115119e-04 
 2.24915447e-05 -2.87428350e-01 -2.54684909e-01  8.08412899e-01  8.80271963e-04 
 2.24917723e-05 -2.87467848e-01 -2.54685045e-01  8.08396468e-01  8.71248102e-04 
 2.24920000e-05 -2.87491985e-01 -2.54685100e-01  8.08383919e-01  8.71358281e-04 
 2.24920389e-05 -2.87495074e-01 -2.54685101e-01  8.08383027e-01  9.14785374e-04 
 2.24921168e-05 -2.87500903e-01 -2.54685101e-01  8.08383035e-01  9.15379330e-04 
 2.24922725e-05 -2.87510964e-01 -2.54685100e-01  8.08390823e-01  9.14759145e-04 
 2.24925839e-05 -2.87527723e-01 -2.54685099e-01  8.08419956e-01  9.15338941e-04 
 2.24932066e-05 -2.87556319e-01 -2.54685097e-01  8.08483084e-01  9.14731182e-04 
 2.24944522e-05 -2.87605414e-01 -2.54685093e-01  8.08569768e-01  9.15320148e-04 
 2.24969433e-05 -2.87675612e-01 -2.54685086e-01  8.08649076e-01  9.14720540e-04 
 2.25019256e-05 -2.87734776e-01 -2.54685070e-01  8.08708789e-01  9.15315476e-04 
 2.25069256e-05 -2.87734541e-01 -2.54685054e-01  8.08734839e-01  9.14722399e-04 
 2.25119256e-05 -2.87712493e-01 -2.54685038e-01  8.08745172e-01  9.15321403e-04 
 2.25169256e-05 -2.87684501e-01 -2.54685023e-01  8.08745946e-01  9.14734477e-04 
 2.25219256e-05 -2.87658027e-01 -2.54685007e-01  8.08740499e-01  9.15341167e-04 
 2.25269256e-05 -2.87635386e-01 -2.54684991e-01  8.08729540e-01  9.14763359e-04 
 2.25319256e-05 -2.87616813e-01 -2.54684975e-01  8.08714158e-01  9.15378067e-04 
 2.25369256e-05 -2.87601739e-01 -2.54684960e-01  8.08694640e-01  9.14807673e-04 
 2.25419256e-05 -2.87589365e-01 -2.54684944e-01  8.08671809e-01  9.15427631e-04 
 2.25469256e-05 -2.87578996e-01 -2.54684928e-01  8.08646086e-01  9.14861336e-04 
 2.25519256e-05 -2.87570043e-01 -2.54684913e-01  8.08618268e-01  9.15483063e-04 
 2.25569256e-05 -2.87562098e-01 -2.54684897e-01  8.08588879e-01  9.14917391e-04 
 2.25619256e-05 -2.87554851e-01 -2.54684881e-01  8.08558680e-01  9.15537559e-04 
 2.25669256e-05 -2.87548104e-01 -2.54684865e-01  8.08528222e-01  9.14969392e-04 
 2.25719256e-05 -2.87541709e-01 -2.54684850e-01  8.08498196e-01  9.15585170e-04 
 2.25769256e-05 -2.87535577e-01 -2.54684834e-01  8.08469121e-01  9.15011993e-04 
 2.25819256e-05 -2.87529637e-01 -2.54684818e-01  8.08441579e-01  9.15621227e-04 
 2.25869256e-05 -2.87523848e-01 -2.54684803e-01  8.08416008e-01  9.15041263e-04 
 2.25919256e-05 -2.87518171e-01 -2.54684787e-01  8.08392858e-01  9.15642576e-04 
 2.25969256e-05 -2.87512588e-01 -2.54684771e-01  8.08372452e-01  9.15054848e-04 
 2.26019256e-05 -2.87507075e-01 -2.54684755e-01  8.08355087e-01  9.15647667e-04 
 2.26069256e-05 -2.87501622e-01 -2.54684740e-01  8.08340951e-01  9.15051990e-04 
 2.26119256e-05 -2.87496215e-01 -2.54684724e-01  8.08330186e-01  9.15636509e-04 
 2.26169256e-05 -2.87490848e-01 -2.54684708e-01  8.08322837e-01  9.15033426e-04 
 2.26219256e-05 -2.87485514e-01 -2.54684692e-01  8.08318898e-01  9.15610509e-04 
 2.26269256e-05 -2.87480211e-01 -2.54684677e-01  8.08318279e-01  9.15001171e-04 
 2.26319256e-05 -2.87474936e-01 -2.54684661e-01  8.08320838e-01  9.15572219e-04 
 2.26369256e-05 -2.87469691e-01 -2.54684645e-01  8.08326370e-01  9.14958234e-04 
 2.26419256e-05 -2.87464478e-01 -2.54684630e-01  8.08334625e-01  9.15525019e-04 
 2.26469256e-05 -2.87459302e-01 -2.54684614e-01  8.08345305e-01  9.14908275e-04 
 2.26519256e-05 -2.87454165e-01 -2.54684598e-01  8.08358081e-01  9.15472761e-04 
 2.26569256e-05 -2.87449077e-01 -2.54684582e-01  8.08372597e-01  9.14855251e-04 
 2.26619256e-05 -2.87444044e-01 -2.54684567e-01  8.08388477e-01  9.15419416e-04 
 2.26669256e-05 -2.87439073e-01 -2.54684551e-01  8.08405337e-01  9.14803065e-04 
 2.26719256e-05 -2.87434172e-01 -2.54684535e-01  8.08422791e-01  9.15368744e-04 
 2.26769256e-05 -2.87429351e-01 -2.54684519e-01  8.08440461e-01  9.14755262e-04 
 2.26819256e-05 -2.87424617e-01 -2.54684504e-01  8.08457977e-01  9.15324012e-04 
 2.26869256e-05 -2.87419980e-01 -2.54684488e-01  8.08474998e-01  9.14714777e-04 
 2.26919256e-05 -2.87415445e-01 -2.54684472e-01  8.08491199e-01  9.15287777e-04 
 2.26969256e-05 -2.87411021e-01 -2.54684457e-01  8.08506297e-01  9.14683753e-04 
 2.27019256e-05 -2.87406713e-01 -2.54684441e-01  8.08520036e-01  9.15261744e-04 
 2.27069256e-05 -2.87402528e-01 -2.54684425e-01  8.08532205e-01  9.14663444e-04 
 2.27119256e-05 -2.87398469e-01 -2.54684409e-01  8.08542628e-01  9.15246710e-04 
 2.27169256e-05 -2.87394539e-01 -2.54684394e-01  8.08551182e-01  9.14654191e-04 
 2.27219256e-05 -2.87390741e-01 -2.54684378e-01  8.08557776e-01  9.15242574e-04 
 2.27269256e-05 -2.87387076e-01 -2.54684362e-01  8.08562373e-01  9.14655476e-04 
 2.27319256e-05 -2.87383543e-01 -2.54684346e-01  8.08564969e-01  9.15248427e-04 
 2.27369256e-05 -2.87380141e-01 -2.54684331e-01  8.08565607e-01  9.14666034e-04 
 2.27419256e-05 -2.87376867e-01 -2.54684315e-01  8.08564363e-01  9.15262693e-04 
 2.27469256e-05 -2.87373719e-01 -2.54684299e-01  8.08561352e-01  9.14684020e-04 
 2.27519256e-05 -2.87370691e-01 -2.54684284e-01  8.08556712e-01  9.15283305e-04 
 2.27569256e-05 -2.87367779e-01 -2.54684268e-01  8.08550616e-01  9.14707198e-04 
 2.27619256e-05 -2.87364975e-01 -2.54684252e-01  8.08543249e-01  9.15307910e-04 
 2.27669256e-05 -2.87362275e-01 -2.54684236e-01  8.08534822e-01  9.14733151e-04 
 2.27719256e-05 -2.87359669e-01 -2.54684221e-01  8.08525549e-01  9.15334077e-04 
 2.27769256e-05 -2.87357153e-01 -2.54684205e-01  8.08515660e-01  9.14759482e-04 
 2.27819256e-05 -2.87354716e-01 -2.54684189e-01  8.08505378e-01  9.15359490e-04 
 2.27869256e-05 -2.87352352e-01 -2.54684173e-01  8.08494931e-01  9.14783998e-04 
 2.27919256e-05 -2.87350054e-01 -2.54684158e-01  8.08484532e-01  9.15382116e-04 
 2.27969256e-05 -2.87347813e-01 -2.54684142e-01  8.08474392e-01  9.14804861e-04 
 2.28019256e-05 -2.87345623e-01 -2.54684126e-01  8.08464698e-01  9.15400339e-04 
 2.28069256e-05 -2.87343477e-01 -2.54684111e-01  8.08455628e-01  9.14820696e-04 
 2.28119256e-05 -2.87341369e-01 -2.54684095e-01  8.08447331e-01  9.15413044e-04 
 2.28169256e-05 -2.87339293e-01 -2.54684079e-01  8.08439940e-01  9.14830658e-04 
 2.28219256e-05 -2.87337244e-01 -2.54684063e-01  8.08433559e-01  9.15419658e-04 
 2.28269256e-05 -2.87335218e-01 -2.54684048e-01  8.08428272e-01  9.14834446e-04 
 2.28319256e-05 -2.87333210e-01 -2.54684032e-01  8.08424130e-01  9.15420146e-04 
 2.28369256e-05 -2.87331220e-01 -2.54684016e-01  8.08421166e-01  9.14832278e-04 
 2.28419256e-05 -2.87329243e-01 -2.54684000e-01  8.08419382e-01  9.15414961e-04 
 2.28469256e-05 -2.87327279e-01 -2.54683985e-01  8.08418761e-01  9.14824823e-04 
 2.28519256e-05 -2.87325328e-01 -2.54683969e-01  8.08419258e-01  9.15404965e-04 
 2.28569256e-05 -2.87323388e-01 -2.54683953e-01  8.08420814e-01  9.14813109e-04 
 2.28619256e-05 -2.87321461e-01 -2.54683938e-01  8.08423345e-01  9.15391323e-04 
 2.28669256e-05 -2.87319549e-01 -2.54683922e-01  8.08426758e-01  9.14798408e-04 
 2.28719256e-05 -2.87317651e-01 -2.54683906e-01  8.08430939e-01  9.15375384e-04 
 2.28769256e-05 -2.87315771e-01 -2.54683890e-01  8.08435772e-01  9.14782114e-04 
 2.28819256e-05 -2.87313911e-01 -2.54683875e-01  8.08441127e-01  9.15358558e-04 
 2.28869256e-05 -2.87312074e-01 -2.54683859e-01  8.08446873e-01  9.14765623e-04 
 2.28919256e-05 -2.87310261e-01 -2.54683843e-01  8.08452876e-01  9.15342198e-04 
 2.28969256e-05 -2.87308477e-01 -2.54683827e-01  8.08459004e-01  9.14750223e-04 
 2.29019256e-05 -2.87306724e-01 -2.54683812e-01  8.08465126e-01  9.15327502e-04 
 2.29069256e-05 -2.87305005e-01 -2.54683796e-01  8.08471122e-01  9.14737002e-04 
 2.29119256e-05 -2.87303322e-01 -2.54683780e-01  8.08476875e-01  9.15315433e-04 
 2.29169256e-05 -2.87301679e-01 -2.54683765e-01  8.08482282e-01  9.14726781e-04 
 2.29219256e-05 -2.87300077e-01 -2.54683749e-01  8.08487251e-01  9.15306661e-04 
 2.29269256e-05 -2.87298518e-01 -2.54683733e-01  8.08491702e-01  9.14720076e-04 
 2.29319256e-05 -2.87297004e-01 -2.54683717e-01  8.08495569e-01  9.15301544e-04 
 2.29369256e-05 -2.87295537e-01 -2.54683702e-01  8.08498803e-01  9.14717083e-04 
 2.29419256e-05 -2.87294116e-01 -2.54683686e-01  8.08501367e-01  9.15300120e-04 
 2.29469256e-05 -2.87292744e-01 -2.54683670e-01  8.08503242e-01  9.14717693e-04 
 2.29519256e-05 -2.87291418e-01 -2.54683654e-01  8.08504422e-01  9.15302141e-04 
 2.29569256e-05 -2.87290140e-01 -2.54683639e-01  8.08504916e-01  9.14721527e-04 
 2.29619256e-05 -2.87288908e-01 -2.54683623e-01  8.08504744e-01  9.15307113e-04 
 2.29669256e-05 -2.87287722e-01 -2.54683607e-01  8.08503944e-01  9.14727992e-04 
 2.29719256e-05 -2.87286580e-01 -2.54683592e-01  8.08502558e-01  9.15314356e-04 
 2.29769256e-05 -2.87285480e-01 -2.54683576e-01  8.08500644e-01  9.14736342e-04 
 2.29819256e-05 -2.87284420e-01 -2.54683560e-01  8.08498262e-01  9.15323080e-04 
 2.29869256e-05 -2.87283398e-01 -2.54683544e-01  8.08495485e-01  9.14745756e-04 
 2.29919256e-05 -2.87282412e-01 -2.54683529e-01  8.08492384e-01  9.15332450e-04 
 2.29969256e-05 -2.87281458e-01 -2.54683513e-01  8.08489038e-01  9.14755404e-04 
 2.30019256e-05 -2.87280535e-01 -2.54683497e-01  8.08485526e-01  9.15341657e-04 
 2.30069256e-05 -2.87279640e-01 -2.54683482e-01  8.08481925e-01  9.14764515e-04 
 2.30119256e-05 -2.87278769e-01 -2.54683466e-01  8.08478312e-01  9.15349981e-04 
 2.30169256e-05 -2.87277921e-01 -2.54683450e-01  8.08474761e-01  9.14772431e-04 
 2.30219256e-05 -2.87277093e-01 -2.54683434e-01  8.08471339e-01  9.15356836e-04 
 2.30269256e-05 -2.87276282e-01 -2.54683419e-01  8.08468110e-01  9.14778647e-04 
 2.30319256e-05 -2.87275486e-01 -2.54683403e-01  8.08465128e-01  9.15361806e-04 
 2.30369256e-05 -2.87274704e-01 -2.54683387e-01  8.08462444e-01  9.14782838e-04 
 2.30419256e-05 -2.87273932e-01 -2.54683371e-01  8.08460095e-01  9.15364659e-04 
 2.30469256e-05 -2.87273171e-01 -2.54683356e-01  8.08458116e-01  9.14784867e-04 
 2.30519256e-05 -2.87272417e-01 -2.54683340e-01  8.08456526e-01  9.15365352e-04 
 2.30569256e-05 -2.87271671e-01 -2.54683324e-01  8.08455342e-01  9.14784780e-04 
 2.30619256e-05 -2.87270931e-01 -2.54683309e-01  8.08454566e-01  9.15364012e-04 
 2.30669256e-05 -2.87270197e-01 -2.54683293e-01  8.08454196e-01  9.14782782e-04 
 2.30719256e-05 -2.87269469e-01 -2.54683277e-01  8.08454220e-01  9.15360918e-04 
 2.30769256e-05 -2.87268745e-01 -2.54683261e-01  8.08454621e-01  9.14779212e-04 
 2.30819256e-05 -2.87268027e-01 -2.54683246e-01  8.08455370e-01  9.15356456e-04 
 2.30869256e-05 -2.87267315e-01 -2.54683230e-01  8.08456439e-01  9.14774498e-04 
 2.30919256e-05 -2.87266608e-01 -2.54683214e-01  8.08457789e-01  9.15351087e-04 
 2.30969256e-05 -2.87265909e-01 -2.54683198e-01  8.08459381e-01  9.14769121e-04 
 2.31019256e-05 -2.87265217e-01 -2.54683183e-01  8.08461172e-01  9.15345301e-04 
 2.31069256e-05 -2.87264533e-01 -2.54683167e-01  8.08463116e-01  9.14763569e-04 
 2.31119256e-05 -2.87263859e-01 -2.54683151e-01  8.08465167e-01  9.15339575e-04 
 2.31169256e-05 -2.87263195e-01 -2.54683136e-01  8.08467280e-01  9.14758300e-04 
 2.31219256e-05 -2.87262542e-01 -2.54683120e-01  8.08469407e-01  9.15334339e-04 
 2.31269256e-05 -2.87261901e-01 -2.54683104e-01  8.08471508e-01  9.14753708e-04 
 2.31319256e-05 -2.87261274e-01 -2.54683088e-01  8.08473539e-01  9.15329945e-04 
 2.31369256e-05 -2.87260661e-01 -2.54683073e-01  8.08475465e-01  9.14750098e-04 
 2.31419256e-05 -2.87260062e-01 -2.54683057e-01  8.08477250e-01  9.15326648e-04 
 2.31469256e-05 -2.87259480e-01 -2.54683041e-01  8.08478866e-01  9.14747672e-04 
 2.31519256e-05 -2.87258913e-01 -2.54683025e-01  8.08480288e-01  9.15324593e-04 
 2.31569256e-05 -2.87258363e-01 -2.54683010e-01  8.08481497e-01  9.14746520e-04 
 2.31619256e-05 -2.87257830e-01 -2.54682994e-01  8.08482478e-01  9.15323817e-04 
 2.31669256e-05 -2.87257314e-01 -2.54682978e-01  8.08483222e-01  9.14746625e-04 
 2.31719256e-05 -2.87256815e-01 -2.54682963e-01  8.08483726e-01  9.15324253e-04 
 2.31769256e-05 -2.87256334e-01 -2.54682947e-01  8.08483990e-01  9.14747874e-04 
 2.31819256e-05 -2.87255869e-01 -2.54682931e-01  8.08484020e-01  9.15325745e-04 
 2.31869256e-05 -2.87255421e-01 -2.54682915e-01  8.08483827e-01  9.14750074e-04 
 2.31919256e-05 -2.87254989e-01 -2.54682900e-01  8.08483425e-01  9.15328070e-04 
 2.31969256e-05 -2.87254573e-01 -2.54682884e-01  8.08482832e-01  9.14752977e-04 
 2.32019256e-05 -2.87254171e-01 -2.54682868e-01  8.08482067e-01  9.15330960e-04 
 2.32069256e-05 -2.87253784e-01 -2.54682852e-01  8.08481157e-01  9.14756302e-04 
 2.32119256e-05 -2.87253410e-01 -2.54682837e-01  8.08480123e-01  9.15334126e-04 
 2.32169256e-05 -2.87253048e-01 -2.54682821e-01  8.08478995e-01  9.14759759e-04 
 2.32219256e-05 -2.87252698e-01 -2.54682805e-01  8.08477797e-01  9.15337286e-04 
 2.32269256e-05 -2.87252358e-01 -2.54682790e-01  8.08476559e-01  9.14763078e-04 
 2.32319256e-05 -2.87252027e-01 -2.54682774e-01  8.08475306e-01  9.15340183e-04 
 2.32369256e-05 -2.87251706e-01 -2.54682758e-01  8.08474065e-01  9.14766020e-04 
 2.32419256e-05 -2.87251392e-01 -2.54682742e-01  8.08472860e-01  9.15342604e-04 
 2.32469256e-05 -2.87251085e-01 -2.54682727e-01  8.08471713e-01  9.14768401e-04 
 2.32519256e-05 -2.87250784e-01 -2.54682711e-01  8.08470644e-01  9.15344394e-04 
 2.32569256e-05 -2.87250489e-01 -2.54682695e-01  8.08469673e-01  9.14770095e-04 
 2.32619256e-05 -2.87250198e-01 -2.54682679e-01  8.08468812e-01  9.15345459e-04 
 2.32669256e-05 -2.87249911e-01 -2.54682664e-01  8.08468075e-01  9.14771043e-04 
 2.32719256e-05 -2.87249627e-01 -2.54682648e-01  8.08467471e-01  9.15345772e-04 
 2.32769256e-05 -2.87249347e-01 -2.54682632e-01  8.08467006e-01  9.14771249e-04 
 2.32819256e-05 -2.87249069e-01 -2.54682617e-01  8.08466681e-01  9.15345366e-04 
 2.32869256e-05 -2.87248794e-01 -2.54682601e-01  8.08466499e-01  9.14770773e-04 
 2.32919256e-05 -2.87248522e-01 -2.54682585e-01  8.08466454e-01  9.15344329e-04 
 2.32969256e-05 -2.87248251e-01 -2.54682569e-01  8.08466543e-01  9.14769725e-04 
 2.33019256e-05 -2.87247983e-01 -2.54682554e-01  8.08466756e-01  9.15342789e-04 
 2.33069256e-05 -2.87247717e-01 -2.54682538e-01  8.08467084e-01  9.14768250e-04 
 2.33119256e-05 -2.87247454e-01 -2.54682522e-01  8.08467515e-01  9.15340901e-04 
 2.33169256e-05 -2.87247193e-01 -2.54682506e-01  8.08468036e-01  9.14766510e-04 
 2.33219256e-05 -2.87246935e-01 -2.54682491e-01  8.08468631e-01  9.15338834e-04 
 2.33269256e-05 -2.87246680e-01 -2.54682475e-01  8.08469286e-01  9.14764676e-04 
 2.33319256e-05 -2.87246429e-01 -2.54682459e-01  8.08469984e-01  9.15336755e-04 
 2.33369256e-05 -2.87246182e-01 -2.54682444e-01  8.08470709e-01  9.14762909e-04 
 2.33419256e-05 -2.87245938e-01 -2.54682428e-01  8.08471446e-01  9.15334819e-04 
 2.33469256e-05 -2.87245700e-01 -2.54682412e-01  8.08472179e-01  9.14761352e-04 
 2.33519256e-05 -2.87245465e-01 -2.54682396e-01  8.08472894e-01  9.15333152e-04 
 2.33569256e-05 -2.87245236e-01 -2.54682381e-01  8.08473577e-01  9.14760116e-04 
 2.33619256e-05 -2.87245013e-01 -2.54682365e-01  8.08474216e-01  9.15331850e-04 
 2.33669256e-05 -2.87244795e-01 -2.54682349e-01  8.08474800e-01  9.14759280e-04 
 2.33719256e-05 -2.87244583e-01 -2.54682334e-01  8.08475320e-01  9.15330971e-04 
 2.33769256e-05 -2.87244376e-01 -2.54682318e-01  8.08475768e-01  9.14758881e-04 
 2.33819256e-05 -2.87244176e-01 -2.54682302e-01  8.08476140e-01  9.15330535e-04 
 2.33869256e-05 -2.87243982e-01 -2.54682286e-01  8.08476430e-01  9.14758921e-04 
 2.33919256e-05 -2.87243795e-01 -2.54682271e-01  8.08476637e-01  9.15330526e-04 
 2.33969256e-05 -2.87243613e-01 -2.54682255e-01  8.08476761e-01  9.14759367e-04 
 2.34019256e-05 -2.87243438e-01 -2.54682239e-01  8.08476803e-01  9.15330896e-04 
 2.34069256e-05 -2.87243269e-01 -2.54682223e-01  8.08476766e-01  9.14760157e-04 
 2.34119256e-05 -2.87243106e-01 -2.54682208e-01  8.08476654e-01  9.15331570e-04 
 2.34169256e-05 -2.87242948e-01 -2.54682192e-01  8.08476474e-01  9.14761208e-04 
 2.34219256e-05 -2.87242796e-01 -2.54682176e-01  8.08476232e-01  9.15332458e-04 
 2.34269256e-05 -2.87242649e-01 -2.54682161e-01  8.08475935e-01  9.14762424e-04 
 2.34319256e-05 -2.87242507e-01 -2.54682145e-01  8.08475593e-01  9.15333462e-04 
 2.34369256e-05 -2.87242370e-01 -2.54682129e-01  8.08475214e-01  9.14763706e-04 
 2.34419256e-05 -2.87242237e-01 -2.54682113e-01  8.08474807e-01  9.15334483e-04 
 2.34469256e-05 -2.87242108e-01 -2.54682098e-01  8.08474383e-01  9.14764957e-04 
 2.34519256e-05 -2.87241983e-01 -2.54682082e-01  8.08473949e-01  9.15335428e-04 
 2.34569256e-05 -2.87241861e-01 -2.54682066e-01  8.08473517e-01  9.14766093e-04 
 2.34619256e-05 -2.87241742e-01 -2.54682050e-01  8.08473093e-01  9.15336222e-04 
 2.34669256e-05 -2.87241626e-01 -2.54682035e-01  8.08472687e-01  9.14767045e-04 
 2.34719256e-05 -2.87241512e-01 -2.54682019e-01  8.08472306e-01  9.15336805e-04 
 2.34769256e-05 -2.87241400e-01 -2.54682003e-01  8.08471955e-01  9.14767765e-04 
 2.34819256e-05 -2.87241291e-01 -2.54681988e-01  8.08471641e-01  9.15337142e-04 
 2.34869256e-05 -2.87241182e-01 -2.54681972e-01  8.08471369e-01  9.14768229e-04 
 2.34919256e-05 -2.87241076e-01 -2.54681956e-01  8.08471141e-01  9.15337219e-04 
 2.34969256e-05 -2.87240970e-01 -2.54681940e-01  8.08470961e-01  9.14768434e-04 
 2.35019256e-05 -2.87240866e-01 -2.54681925e-01  8.08470829e-01  9.15337043e-04 
 2.35069256e-05 -2.87240763e-01 -2.54681909e-01  8.08470747e-01  9.14768397e-04 
 2.35119256e-05 -2.87240661e-01 -2.54681893e-01  8.08470713e-01  9.15336640e-04 
 2.35169256e-05 -2.87240560e-01 -2.54681877e-01  8.08470726e-01  9.14768153e-04 
 2.35219256e-05 -2.87240460e-01 -2.54681862e-01  8.08470783e-01  9.15336054e-04 
 2.35269256e-05 -2.87240360e-01 -2.54681846e-01  8.08470882e-01  9.14767751e-04 
 2.35319256e-05 -2.87240262e-01 -2.54681830e-01  8.08471018e-01  9.15335336e-04 
 2.35369256e-05 -2.87240165e-01 -2.54681815e-01  8.08471187e-01  9.14767245e-04 
 2.35419256e-05 -2.87240068e-01 -2.54681799e-01  8.08471383e-01  9.15334545e-04 
 2.35469256e-05 -2.87239973e-01 -2.54681783e-01  8.08471603e-01  9.14766696e-04 
 2.35519256e-05 -2.87239880e-01 -2.54681767e-01  8.08471839e-01  9.15333739e-04 
 2.35569256e-05 -2.87239787e-01 -2.54681752e-01  8.08472088e-01  9.14766159e-04 
 2.35619256e-05 -2.87239697e-01 -2.54681736e-01  8.08472342e-01  9.15332971e-04 
 2.35669256e-05 -2.87239608e-01 -2.54681720e-01  8.08472597e-01  9.14765685e-04 
 2.35719256e-05 -2.87239520e-01 -2.54681704e-01  8.08472848e-01  9.15332290e-04 
 2.35769256e-05 -2.87239435e-01 -2.54681689e-01  8.08473089e-01  9.14765316e-04 
 2.35819256e-05 -2.87239351e-01 -2.54681673e-01  8.08473317e-01  9.15331729e-04 
 2.35869256e-05 -2.87239269e-01 -2.54681657e-01  8.08473527e-01  9.14765081e-04 
 2.35919256e-05 -2.87239190e-01 -2.54681642e-01  8.08473716e-01  9.15331312e-04 
 2.35969256e-05 -2.87239113e-01 -2.54681626e-01  8.08473882e-01  9.14764996e-04 
 2.36019256e-05 -2.87239038e-01 -2.54681610e-01  8.08474021e-01  9.15331048e-04 
 2.36069256e-05 -2.87238965e-01 -2.54681594e-01  8.08474133e-01  9.14765064e-04 
 2.36119256e-05 -2.87238894e-01 -2.54681579e-01  8.08474216e-01  9.15330934e-04 
 2.36169256e-05 -2.87238826e-01 -2.54681563e-01  8.08474270e-01  9.14765276e-04 
 2.36219256e-05 -2.87238760e-01 -2.54681547e-01  8.08474295e-01  9.15330956e-04 
 2.36269256e-05 -2.87238696e-01 -2.54681531e-01  8.08474293e-01  9.14765611e-04 
 2.36319256e-05 -2.87238634e-01 -2.54681516e-01  8.08474264e-01  9.15331088e-04 
 2.36369256e-05 -2.87238575e-01 -2.54681500e-01  8.08474211e-01  9.14766043e-04 
 2.36419256e-05 -2.87238517e-01 -2.54681484e-01  8.08474135e-01  9.15331301e-04 
 2.36469256e-05 -2.87238462e-01 -2.54681469e-01  8.08474040e-01  9.14766539e-04 
 2.36519256e-05 -2.87238408e-01 -2.54681453e-01  8.08473927e-01  9.15331561e-04 
 2.36569256e-05 -2.87238356e-01 -2.54681437e-01  8.08473800e-01  9.14767065e-04 
 2.36619256e-05 -2.87238305e-01 -2.54681421e-01  8.08473662e-01  9.15331833e-04 
 2.36669256e-05 -2.87238257e-01 -2.54681406e-01  8.08473518e-01  9.14767586e-04 
 2.36719256e-05 -2.87238209e-01 -2.54681390e-01  8.08473368e-01  9.15332085e-04 
 2.36769256e-05 -2.87238163e-01 -2.54681374e-01  8.08473218e-01  9.14768072e-04 
 2.36819256e-05 -2.87238118e-01 -2.54681358e-01  8.08473070e-01  9.15332290e-04 
 2.36869256e-05 -2.87238074e-01 -2.54681343e-01  8.08472926e-01  9.14768498e-04 
 2.36919256e-05 -2.87238031e-01 -2.54681327e-01  8.08472791e-01  9.15332425e-04 
 2.36969256e-05 -2.87237989e-01 -2.54681311e-01  8.08472665e-01  9.14768847e-04 
 2.37019256e-05 -2.87237947e-01 -2.54681296e-01  8.08472551e-01  9.15332476e-04 
 2.37069256e-05 -2.87237906e-01 -2.54681280e-01  8.08472451e-01  9.14769109e-04 
 2.37119256e-05 -2.87237866e-01 -2.54681264e-01  8.08472365e-01  9.15332438e-04 
 2.37169256e-05 -2.87237827e-01 -2.54681248e-01  8.08472297e-01  9.14769280e-04 
 2.37219256e-05 -2.87237787e-01 -2.54681233e-01  8.08472244e-01  9.15332311e-04 
 2.37269256e-05 -2.87237749e-01 -2.54681217e-01  8.08472209e-01  9.14769365e-04 
 2.37319256e-05 -2.87237710e-01 -2.54681201e-01  8.08472191e-01  9.15332103e-04 
 2.37369256e-05 -2.87237673e-01 -2.54681186e-01  8.08472189e-01  9.14769376e-04 
 2.37419256e-05 -2.87237635e-01 -2.54681170e-01  8.08472203e-01  9.15331829e-04 
 2.37469256e-05 -2.87237598e-01 -2.54681154e-01  8.08472232e-01  9.14769329e-04 
 2.37519256e-05 -2.87237561e-01 -2.54681138e-01  8.08472274e-01  9.15331505e-04 
 2.37569256e-05 -2.87237525e-01 -2.54681123e-01  8.08472328e-01  9.14769242e-04 
 2.37619256e-05 -2.87237489e-01 -2.54681107e-01  8.08472393e-01  9.15331152e-04 
 2.37669256e-05 -2.87237454e-01 -2.54681091e-01  8.08472466e-01  9.14769135e-04 
 2.37719256e-05 -2.87237419e-01 -2.54681075e-01  8.08472545e-01  9.15330790e-04 
 2.37769256e-05 -2.87237384e-01 -2.54681060e-01  8.08472630e-01  9.14769029e-04 
 2.37819256e-05 -2.87237350e-01 -2.54681044e-01  8.08472718e-01  9.15330437e-04 
 2.37869256e-05 -2.87237317e-01 -2.54681028e-01  8.08472806e-01  9.14768942e-04 
 2.37919256e-05 -2.87237284e-01 -2.54681013e-01  8.08472894e-01  9.15330112e-04 
 2.37969256e-05 -2.87237252e-01 -2.54680997e-01  8.08472979e-01  9.14768889e-04 
 2.38019256e-05 -2.87237221e-01 -2.54680981e-01  8.08473060e-01  9.15329826e-04 
 2.38069256e-05 -2.87237191e-01 -2.54680965e-01  8.08473135e-01  9.14768880e-04 
 2.38119256e-05 -2.87237161e-01 -2.54680950e-01  8.08473204e-01  9.15329590e-04 
 2.38169256e-05 -2.87237132e-01 -2.54680934e-01  8.08473264e-01  9.14768922e-04 
 2.38219256e-05 -2.87237104e-01 -2.54680918e-01  8.08473316e-01  9.15329406e-04 
 2.38269256e-05 -2.87237076e-01 -2.54680902e-01  8.08473359e-01  9.14769018e-04 
 2.38319256e-05 -2.87237050e-01 -2.54680887e-01  8.08473391e-01  9.15329274e-04 
 2.38369256e-05 -2.87237024e-01 -2.54680871e-01  8.08473414e-01  9.14769164e-04 
 2.38419256e-05 -2.87236999e-01 -2.54680855e-01  8.08473427e-01  9.15329190e-04 
 2.38469256e-05 -2.87236975e-01 -2.54680840e-01  8.08473430e-01  9.14769355e-04 
 2.38519256e-05 -2.87236952e-01 -2.54680824e-01  8.08473423e-01  9.15329147e-04 
 2.38569256e-05 -2.87236929e-01 -2.54680808e-01  8.08473408e-01  9.14769581e-04 
 2.38619256e-05 -2.87236908e-01 -2.54680792e-01  8.08473385e-01  9.15329135e-04 
 2.38669256e-05 -2.87236887e-01 -2.54680777e-01  8.08473354e-01  9.14769832e-04 
 2.38719256e-05 -2.87236866e-01 -2.54680761e-01  8.08473317e-01  9.15329140e-04 
 2.38769256e-05 -2.87236847e-01 -2.54680745e-01  8.08473275e-01  9.14770095e-04 
 2.38819256e-05 -2.87236828e-01 -2.54680729e-01  8.08473229e-01  9.15329153e-04 
 2.38869256e-05 -2.87236809e-01 -2.54680714e-01  8.08473180e-01  9.14770358e-04 
 2.38919256e-05 -2.87236791e-01 -2.54680698e-01  8.08473128e-01  9.15329160e-04 
 2.38969256e-05 -2.87236774e-01 -2.54680682e-01  8.08473076e-01  9.14770612e-04 
 2.39019256e-05 -2.87236756e-01 -2.54680667e-01  8.08473024e-01  9.15329153e-04 
 2.39069256e-05 -2.87236740e-01 -2.54680651e-01  8.08472974e-01  9.14770846e-04 
 2.39119256e-05 -2.87236724e-01 -2.54680635e-01  8.08472926e-01  9.15329123e-04 
 2.39169256e-05 -2.87236708e-01 -2.54680619e-01  8.08472881e-01  9.14771055e-04 
 2.39219256e-05 -2.87236692e-01 -2.54680604e-01  8.08472840e-01  9.15329065e-04 
 2.39269256e-05 -2.87236677e-01 -2.54680588e-01  8.08472803e-01  9.14771233e-04 
 2.39319256e-05 -2.87236661e-01 -2.54680572e-01  8.08472771e-01  9.15328976e-04 
 2.39369256e-05 -2.87236647e-01 -2.54680556e-01  8.08472745e-01  9.14771381e-04 
 2.39419256e-05 -2.87236632e-01 -2.54680541e-01  8.08472725e-01  9.15328856e-04 
 2.39469256e-05 -2.87236617e-01 -2.54680525e-01  8.08472711e-01  9.14771498e-04 
 2.39519256e-05 -2.87236603e-01 -2.54680509e-01  8.08472702e-01  9.15328707e-04 
 2.39569256e-05 -2.87236589e-01 -2.54680494e-01  8.08472699e-01  9.14771588e-04 
 2.39619256e-05 -2.87236575e-01 -2.54680478e-01  8.08472702e-01  9.15328535e-04 
 2.39669256e-05 -2.87236561e-01 -2.54680462e-01  8.08472710e-01  9.14771657e-04 
 2.39719256e-05 -2.87236547e-01 -2.54680446e-01  8.08472723e-01  9.15328344e-04 
 2.39769256e-05 -2.87236534e-01 -2.54680431e-01  8.08472740e-01  9.14771710e-04 
 2.39819256e-05 -2.87236520e-01 -2.54680415e-01  8.08472761e-01  9.15328141e-04 
 2.39869256e-05 -2.87236507e-01 -2.54680399e-01  8.08472785e-01  9.14771756e-04 
 2.39919256e-05 -2.87236494e-01 -2.54680383e-01  8.08472812e-01  9.15327934e-04 
 2.39969256e-05 -2.87236481e-01 -2.54680368e-01  8.08472841e-01  9.14771800e-04 
 2.40019256e-05 -2.87236468e-01 -2.54680352e-01  8.08472871e-01  9.15327729e-04 
 2.40069256e-05 -2.87236456e-01 -2.54680336e-01  8.08472901e-01  9.14771850e-04 
 2.40119256e-05 -2.87236444e-01 -2.54680321e-01  8.08472932e-01  9.15327533e-04 
 2.40169256e-05 -2.87236432e-01 -2.54680305e-01  8.08472962e-01  9.14771910e-04 
 2.40219256e-05 -2.87236420e-01 -2.54680289e-01  8.08472990e-01  9.15327349e-04 
 2.40269256e-05 -2.87236409e-01 -2.54680273e-01  8.08473017e-01  9.14771986e-04 
 2.40319256e-05 -2.87236398e-01 -2.54680258e-01  8.08473042e-01  9.15327182e-04 
 2.40369256e-05 -2.87236387e-01 -2.54680242e-01  8.08473064e-01  9.14772078e-04 
 2.40419256e-05 -2.87236376e-01 -2.54680226e-01  8.08473083e-01  9.15327033e-04 
 2.40469256e-05 -2.87236366e-01 -2.54680210e-01  8.08473099e-01  9.14772189e-04 
 2.40519256e-05 -2.87236356e-01 -2.54680195e-01  8.08473112e-01  9.15326903e-04 
 2.40569256e-05 -2.87236346e-01 -2.54680179e-01  8.08473121e-01  9.14772318e-04 
 2.40619256e-05 -2.87236337e-01 -2.54680163e-01  8.08473127e-01  9.15326789e-04 
 2.40669256e-05 -2.87236328e-01 -2.54680148e-01  8.08473129e-01  9.14772463e-04 
 2.40719256e-05 -2.87236319e-01 -2.54680132e-01  8.08473128e-01  9.15326691e-04 
 2.40769256e-05 -2.87236311e-01 -2.54680116e-01  8.08473124e-01  9.14772620e-04 
 2.40819256e-05 -2.87236302e-01 -2.54680100e-01  8.08473117e-01  9.15326603e-04 
 2.40869256e-05 -2.87236294e-01 -2.54680085e-01  8.08473108e-01  9.14772787e-04 
 2.40919256e-05 -2.87236287e-01 -2.54680069e-01  8.08473096e-01  9.15326523e-04 
 2.40969256e-05 -2.87236279e-01 -2.54680053e-01  8.08473082e-01  9.14772959e-04 
 2.41019256e-05 -2.87236272e-01 -2.54680038e-01  8.08473066e-01  9.15326446e-04 
 2.41069256e-05 -2.87236265e-01 -2.54680022e-01  8.08473049e-01  9.14773132e-04 
 2.41119256e-05 -2.87236258e-01 -2.54680006e-01  8.08473032e-01  9.15326368e-04 
 2.41169256e-05 -2.87236251e-01 -2.54679990e-01  8.08473014e-01  9.14773302e-04 
 2.41219256e-05 -2.87236245e-01 -2.54679975e-01  8.08472996e-01  9.15326285e-04 
 2.41269256e-05 -2.87236239e-01 -2.54679959e-01  8.08472978e-01  9.14773465e-04 
 2.41319256e-05 -2.87236233e-01 -2.54679943e-01  8.08472961e-01  9.15326196e-04 
 2.41369256e-05 -2.87236227e-01 -2.54679927e-01  8.08472945e-01  9.14773621e-04 
 2.41419256e-05 -2.87236221e-01 -2.54679912e-01  8.08472930e-01  9.15326096e-04 
 2.41469256e-05 -2.87236215e-01 -2.54679896e-01  8.08472917e-01  9.14773766e-04 
 2.41519256e-05 -2.87236209e-01 -2.54679880e-01  8.08472905e-01  9.15325987e-04 
 2.41569256e-05 -2.87236204e-01 -2.54679865e-01  8.08472896e-01  9.14773900e-04 
 2.41619256e-05 -2.87236198e-01 -2.54679849e-01  8.08472888e-01  9.15325866e-04 
 2.41669256e-05 -2.87236193e-01 -2.54679833e-01  8.08472882e-01  9.14774023e-04 
 2.41719256e-05 -2.87236187e-01 -2.54679817e-01  8.08472878e-01  9.15325735e-04 
 2.41769256e-05 -2.87236182e-01 -2.54679802e-01  8.08472876e-01  9.14774137e-04 
 2.41819256e-05 -2.87236177e-01 -2.54679786e-01  8.08472876e-01  9.15325596e-04 
 2.41869256e-05 -2.87236171e-01 -2.54679770e-01  8.08472879e-01  9.14774243e-04 
 2.41919256e-05 -2.87236166e-01 -2.54679754e-01  8.08472882e-01  9.15325450e-04 
 2.41969256e-05 -2.87236161e-01 -2.54679739e-01  8.08472888e-01  9.14774344e-04 
 2.42019256e-05 -2.87236156e-01 -2.54679723e-01  8.08472894e-01  9.15325300e-04 
 2.42069256e-05 -2.87236151e-01 -2.54679707e-01  8.08472902e-01  9.14774441e-04 
 2.42119256e-05 -2.87236146e-01 -2.54679692e-01  8.08472911e-01  9.15325147e-04 
 2.42169256e-05 -2.87236142e-01 -2.54679676e-01  8.08472921e-01  9.14774537e-04 
 2.42219256e-05 -2.87236137e-01 -2.54679660e-01  8.08472931e-01  9.15324995e-04 
 2.42269256e-05 -2.87236132e-01 -2.54679644e-01  8.08472942e-01  9.14774634e-04 
 2.42319256e-05 -2.87236128e-01 -2.54679629e-01  8.08472953e-01  9.15324846e-04 
 2.42369256e-05 -2.87236123e-01 -2.54679613e-01  8.08472963e-01  9.14774735e-04 
 2.42419256e-05 -2.87236119e-01 -2.54679597e-01  8.08472973e-01  9.15324700e-04 
 2.42469256e-05 -2.87236115e-01 -2.54679581e-01  8.08472983e-01  9.14774841e-04 
 2.42519256e-05 -2.87236110e-01 -2.54679566e-01  8.08472992e-01  9.15324561e-04 
 2.42569256e-05 -2.87236106e-01 -2.54679550e-01  8.08473000e-01  9.14774952e-04 
 2.42619256e-05 -2.87236102e-01 -2.54679534e-01  8.08473007e-01  9.15324427e-04 
 2.42669256e-05 -2.87236098e-01 -2.54679519e-01  8.08473013e-01  9.14775070e-04 
 2.42719256e-05 -2.87236095e-01 -2.54679503e-01  8.08473018e-01  9.15324300e-04 
 2.42769256e-05 -2.87236091e-01 -2.54679487e-01  8.08473021e-01  9.14775194e-04 
 2.42819256e-05 -2.87236088e-01 -2.54679471e-01  8.08473024e-01  9.15324179e-04 
 2.42869256e-05 -2.87236084e-01 -2.54679456e-01  8.08473025e-01  9.14775324e-04 
 2.42919256e-05 -2.87236081e-01 -2.54679440e-01  8.08473025e-01  9.15324063e-04 
 2.42969256e-05 -2.87236078e-01 -2.54679424e-01  8.08473024e-01  9.14775458e-04 
 2.43019256e-05 -2.87236075e-01 -2.54679408e-01  8.08473022e-01  9.15323952e-04 
 2.43069256e-05 -2.87236072e-01 -2.54679393e-01  8.08473019e-01  9.14775596e-04 
 2.43119256e-05 -2.87236069e-01 -2.54679377e-01  8.08473015e-01  9.15323843e-04 
 2.43169256e-05 -2.87236066e-01 -2.54679361e-01  8.08473011e-01  9.14775736e-04 
 2.43219256e-05 -2.87236063e-01 -2.54679346e-01  8.08473005e-01  9.15323736e-04 
 2.43269256e-05 -2.87236060e-01 -2.54679330e-01  8.08473000e-01  9.14775876e-04 
 2.43319256e-05 -2.87236058e-01 -2.54679314e-01  8.08472994e-01  9.15323629e-04 
 2.43369256e-05 -2.87236055e-01 -2.54679298e-01  8.08472988e-01  9.14776016e-04 
 2.43419256e-05 -2.87236053e-01 -2.54679283e-01  8.08472981e-01  9.15323520e-04 
 2.43469256e-05 -2.87236051e-01 -2.54679267e-01  8.08472975e-01  9.14776153e-04 
 2.43519256e-05 -2.87236048e-01 -2.54679251e-01  8.08472969e-01  9.15323409e-04 
 2.43569256e-05 -2.87236046e-01 -2.54679235e-01  8.08472964e-01  9.14776288e-04 
 2.43619256e-05 -2.87236044e-01 -2.54679220e-01  8.08472958e-01  9.15323295e-04 
 2.43669256e-05 -2.87236041e-01 -2.54679204e-01  8.08472953e-01  9.14776419e-04 
 2.43719256e-05 -2.87236039e-01 -2.54679188e-01  8.08472949e-01  9.15323178e-04 
 2.43769256e-05 -2.87236037e-01 -2.54679173e-01  8.08472945e-01  9.14776547e-04 
 2.43819256e-05 -2.87236035e-01 -2.54679157e-01  8.08472942e-01  9.15323056e-04 
 2.43869256e-05 -2.87236033e-01 -2.54679141e-01  8.08472940e-01  9.14776671e-04 
 2.43919256e-05 -2.87236031e-01 -2.54679125e-01  8.08472939e-01  9.15322932e-04 
 2.43969256e-05 -2.87236029e-01 -2.54679110e-01  8.08472938e-01  9.14776791e-04 
 2.44019256e-05 -2.87236027e-01 -2.54679094e-01  8.08472937e-01  9.15322804e-04 
 2.44069256e-05 -2.87236025e-01 -2.54679078e-01  8.08472938e-01  9.14776908e-04 
 2.44119256e-05 -2.87236023e-01 -2.54679063e-01  8.08472939e-01  9.15322673e-04 
 2.44169256e-05 -2.87236021e-01 -2.54679047e-01  8.08472941e-01  9.14777023e-04 
 2.44219256e-05 -2.87236019e-01 -2.54679031e-01  8.08472943e-01  9.15322541e-04 
 2.44269256e-05 -2.87236018e-01 -2.54679015e-01  8.08472945e-01  9.14777137e-04 
 2.44319256e-05 -2.87236016e-01 -2.54679000e-01  8.08472948e-01  9.15322409e-04 
 2.44369256e-05 -2.87236014e-01 -2.54678984e-01  8.08472952e-01  9.14777251e-04 
 2.44419256e-05 -2.87236012e-01 -2.54678968e-01  8.08472955e-01  9.15322276e-04 
 2.44469256e-05 -2.87236011e-01 -2.54678952e-01  8.08472959e-01  9.14777364e-04 
 2.44519256e-05 -2.87236009e-01 -2.54678937e-01  8.08472962e-01  9.15322144e-04 
 2.44569256e-05 -2.87236007e-01 -2.54678921e-01  8.08472966e-01  9.14777479e-04 
 2.44619256e-05 -2.87236006e-01 -2.54678905e-01  8.08472970e-01  9.15322013e-04 
 2.44669256e-05 -2.87236004e-01 -2.54678890e-01  8.08472973e-01  9.14777595e-04 
 2.44719256e-05 -2.87236002e-01 -2.54678874e-01  8.08472976e-01  9.15321884e-04 
 2.44769256e-05 -2.87236001e-01 -2.54678858e-01  8.08472979e-01  9.14777713e-04 
 2.44819256e-05 -2.87235999e-01 -2.54678842e-01  8.08472982e-01  9.15321758e-04 
 2.44869256e-05 -2.87235998e-01 -2.54678827e-01  8.08472984e-01  9.14777833e-04 
 2.44919256e-05 -2.87235996e-01 -2.54678811e-01  8.08472986e-01  9.15321634e-04 
 2.44969256e-05 -2.87235995e-01 -2.54678795e-01  8.08472987e-01  9.14777956e-04 
 2.45019256e-05 -2.87235994e-01 -2.54678779e-01  8.08472988e-01  9.15321512e-04 
 2.45069256e-05 -2.87235992e-01 -2.54678764e-01  8.08472989e-01  9.14778080e-04 
 2.45119256e-05 -2.87235991e-01 -2.54678748e-01  8.08472989e-01  9.15321391e-04 
 2.45169256e-05 -2.87235990e-01 -2.54678732e-01  8.08472989e-01  9.14778206e-04 
 2.45219256e-05 -2.87235989e-01 -2.54678717e-01  8.08472988e-01  9.15321273e-04 
 2.45269256e-05 -2.87235988e-01 -2.54678701e-01  8.08472987e-01  9.14778333e-04 
 2.45319256e-05 -2.87235987e-01 -2.54678685e-01  8.08472986e-01  9.15321155e-04 
 2.45369256e-05 -2.87235986e-01 -2.54678669e-01  8.08472985e-01  9.14778461e-04 
 2.45419256e-05 -2.87235985e-01 -2.54678654e-01  8.08472983e-01  9.15321038e-04 
 2.45469256e-05 -2.87235984e-01 -2.54678638e-01  8.08472981e-01  9.14778590e-04 
 2.45519256e-05 -2.87235983e-01 -2.54678622e-01  8.08472979e-01  9.15320922e-04 
 2.45569256e-05 -2.87235982e-01 -2.54678606e-01  8.08472977e-01  9.14778718e-04 
 2.45619256e-05 -2.87235981e-01 -2.54678591e-01  8.08472975e-01  9.15320804e-04 
 2.45669256e-05 -2.87235980e-01 -2.54678575e-01  8.08472973e-01  9.14778845e-04 
 2.45719256e-05 -2.87235979e-01 -2.54678559e-01  8.08472971e-01  9.15320687e-04 
 2.45769256e-05 -2.87235978e-01 -2.54678544e-01  8.08472969e-01  9.14778972e-04 
 2.45819256e-05 -2.87235977e-01 -2.54678528e-01  8.08472967e-01  9.15320568e-04 
 2.45869256e-05 -2.87235976e-01 -2.54678512e-01  8.08472965e-01  9.14779097e-04 
 2.45919256e-05 -2.87235976e-01 -2.54678496e-01  8.08472963e-01  9.15320448e-04 
 2.45969256e-05 -2.87235975e-01 -2.54678481e-01  8.08472962e-01  9.14779221e-04 
 2.46019256e-05 -2.87235974e-01 -2.54678465e-01  8.08472961e-01  9.15320327e-04 
 2.46069256e-05 -2.87235973e-01 -2.54678449e-01  8.08472960e-01  9.14779343e-04 
 2.46119256e-05 -2.87235972e-01 -2.54678433e-01  8.08472959e-01  9.15320204e-04 
 2.46169256e-05 -2.87235972e-01 -2.54678418e-01  8.08472959e-01  9.14779465e-04 
 2.46219256e-05 -2.87235971e-01 -2.54678402e-01  8.08472959e-01  9.15320081e-04 
 2.46269256e-05 -2.87235970e-01 -2.54678386e-01  8.08472959e-01  9.14779585e-04 
 2.46319256e-05 -2.87235970e-01 -2.54678371e-01  8.08472959e-01  9.15319957e-04 
 2.46369256e-05 -2.87235969e-01 -2.54678355e-01  8.08472960e-01  9.14779704e-04 
 2.46419256e-05 -2.87235968e-01 -2.54678339e-01  8.08472960e-01  9.15319832e-04 
 2.46469256e-05 -2.87235967e-01 -2.54678323e-01  8.08472961e-01  9.14779823e-04 
 2.46519256e-05 -2.87235967e-01 -2.54678308e-01  8.08472962e-01  9.15319706e-04 
 2.46569256e-05 -2.87235966e-01 -2.54678292e-01  8.08472963e-01  9.14779941e-04 
 2.46619256e-05 -2.87235965e-01 -2.54678276e-01  8.08472964e-01  9.15319581e-04 
 2.46669256e-05 -2.87235965e-01 -2.54678260e-01  8.08472966e-01  9.14780060e-04 
 2.46719256e-05 -2.87235964e-01 -2.54678245e-01  8.08472967e-01  9.15319456e-04 
 2.46769256e-05 -2.87235964e-01 -2.54678229e-01  8.08472968e-01  9.14780179e-04 
 2.46819256e-05 -2.87235963e-01 -2.54678213e-01  8.08472969e-01  9.15319332e-04 
 2.46869256e-05 -2.87235962e-01 -2.54678198e-01  8.08472971e-01  9.14780298e-04 
 2.46919256e-05 -2.87235962e-01 -2.54678182e-01  8.08472972e-01  9.15319208e-04 
 2.46969256e-05 -2.87235961e-01 -2.54678166e-01  8.08472973e-01  9.14780418e-04 
 2.47019256e-05 -2.87235961e-01 -2.54678150e-01  8.08472974e-01  9.15319085e-04 
 2.47069256e-05 -2.87235960e-01 -2.54678135e-01  8.08472975e-01  9.14780538e-04 
 2.47119256e-05 -2.87235960e-01 -2.54678119e-01  8.08472975e-01  9.15318962e-04 
 2.47169256e-05 -2.87235959e-01 -2.54678103e-01  8.08472976e-01  9.14780660e-04 
 2.47219256e-05 -2.87235959e-01 -2.54678088e-01  8.08472976e-01  9.15318841e-04 
 2.47269256e-05 -2.87235958e-01 -2.54678072e-01  8.08472976e-01  9.14780782e-04 
 2.47319256e-05 -2.87235958e-01 -2.54678056e-01  8.08472977e-01  9.15318720e-04 
 2.47369256e-05 -2.87235957e-01 -2.54678040e-01  8.08472977e-01  9.14780904e-04 
 2.47419256e-05 -2.87235957e-01 -2.54678025e-01  8.08472976e-01  9.15318600e-04 
 2.47469256e-05 -2.87235956e-01 -2.54678009e-01  8.08472976e-01  9.14781027e-04 
 2.47519256e-05 -2.87235956e-01 -2.54677993e-01  8.08472976e-01  9.15318480e-04 
 2.47569256e-05 -2.87235955e-01 -2.54677977e-01  8.08472975e-01  9.14781150e-04 
 2.47619256e-05 -2.87235955e-01 -2.54677962e-01  8.08472975e-01  9.15318361e-04 
 2.47669256e-05 -2.87235955e-01 -2.54677946e-01  8.08472974e-01  9.14781274e-04 
 2.47719256e-05 -2.87235954e-01 -2.54677930e-01  8.08472973e-01  9.15318242e-04 
 2.47769256e-05 -2.87235954e-01 -2.54677915e-01  8.08472973e-01  9.14781397e-04 
 2.47819256e-05 -2.87235954e-01 -2.54677899e-01  8.08472972e-01  9.15318122e-04 
 2.47869256e-05 -2.87235953e-01 -2.54677883e-01  8.08472971e-01  9.14781520e-04 
 2.47919256e-05 -2.87235953e-01 -2.54677867e-01  8.08472970e-01  9.15318003e-04 
 2.47969256e-05 -2.87235953e-01 -2.54677852e-01  8.08472970e-01  9.14781643e-04 
 2.48019256e-05 -2.87235952e-01 -2.54677836e-01  8.08472969e-01  9.15317883e-04 
 2.48069256e-05 -2.87235952e-01 -2.54677820e-01  8.08472968e-01  9.14781765e-04 
 2.48119256e-05 -2.87235952e-01 -2.54677804e-01  8.08472968e-01  9.15317763e-04 
 2.48169256e-05 -2.87235951e-01 -2.54677789e-01  8.08472967e-01  9.14781886e-04 
 2.48219256e-05 -2.87235951e-01 -2.54677773e-01  8.08472967e-01  9.15317642e-04 
 2.48269256e-05 -2.87235951e-01 -2.54677757e-01  8.08472967e-01  9.14782008e-04 
 2.48319256e-05 -2.87235950e-01 -2.54677742e-01  8.08472966e-01  9.15317521e-04 
 2.48369256e-05 -2.87235950e-01 -2.54677726e-01  8.08472966e-01  9.14782128e-04 
 2.48419256e-05 -2.87235950e-01 -2.54677710e-01  8.08472966e-01  9.15317400e-04 
 2.48469256e-05 -2.87235950e-01 -2.54677694e-01  8.08472966e-01  9.14782249e-04 
 2.48519256e-05 -2.87235949e-01 -2.54677679e-01  8.08472966e-01  9.15317278e-04 
 2.48569256e-05 -2.87235949e-01 -2.54677663e-01  8.08472966e-01  9.14782369e-04 
 2.48619256e-05 -2.87235949e-01 -2.54677647e-01  8.08472966e-01  9.15317157e-04 
 2.48669256e-05 -2.87235949e-01 -2.54677631e-01  8.08472967e-01  9.14782488e-04 
 2.48719256e-05 -2.87235948e-01 -2.54677616e-01  8.08472967e-01  9.15317035e-04 
 2.48769256e-05 -2.87235948e-01 -2.54677600e-01  8.08472967e-01  9.14782608e-04 
 2.48819256e-05 -2.87235948e-01 -2.54677584e-01  8.08472968e-01  9.15316913e-04 
 2.48869256e-05 -2.87235948e-01 -2.54677569e-01  8.08472968e-01  9.14782727e-04 
 2.48919256e-05 -2.87235947e-01 -2.54677553e-01  8.08472969e-01  9.15316791e-04 
 2.48969256e-05 -2.87235947e-01 -2.54677537e-01  8.08472969e-01  9.14782847e-04 
 2.49019256e-05 -2.87235947e-01 -2.54677521e-01  8.08472970e-01  9.15316670e-04 
 2.49069256e-05 -2.87235947e-01 -2.54677506e-01  8.08472970e-01  9.14782967e-04 
 2.49119256e-05 -2.87235946e-01 -2.54677490e-01  8.08472970e-01  9.15316548e-04 
 2.49169256e-05 -2.87235946e-01 -2.54677474e-01  8.08472971e-01  9.14783086e-04 
 2.49219256e-05 -2.87235946e-01 -2.54677458e-01  8.08472971e-01  9.15316427e-04 
 2.49269256e-05 -2.87235946e-01 -2.54677443e-01  8.08472971e-01  9.14783206e-04 
 2.49319256e-05 -2.87235946e-01 -2.54677427e-01  8.08472972e-01  9.15316307e-04 
 2.49369256e-05 -2.87235945e-01 -2.54677411e-01  8.08472972e-01  9.14783327e-04 
 2.49419256e-05 -2.87235945e-01 -2.54677396e-01  8.08472972e-01  9.15316186e-04 
 2.49469256e-05 -2.87235945e-01 -2.54677380e-01  8.08472972e-01  9.14783447e-04 
 2.49519256e-05 -2.87235945e-01 -2.54677364e-01  8.08472972e-01  9.15316066e-04 
 2.49569256e-05 -2.87235945e-01 -2.54677348e-01  8.08472972e-01  9.14783568e-04 
 2.49619256e-05 -2.87235945e-01 -2.54677333e-01  8.08472972e-01  9.15315946e-04 
 2.49669256e-05 -2.87235944e-01 -2.54677317e-01  8.08472972e-01  9.14783688e-04 
 2.49719256e-05 -2.87235944e-01 -2.54677301e-01  8.08472972e-01  9.15315827e-04 
 2.49769256e-05 -2.87235944e-01 -2.54677285e-01  8.08472972e-01  9.14783809e-04 
 2.49819256e-05 -2.87235944e-01 -2.54677270e-01  8.08472972e-01  9.15315707e-04 
 2.49869256e-05 -2.87235944e-01 -2.54677254e-01  8.08472971e-01  9.14783930e-04 
 2.49919256e-05 -2.87235944e-01 -2.54677238e-01  8.08472971e-01  9.15315588e-04 
 2.49969256e-05 -2.87235943e-01 -2.54677223e-01  8.08472971e-01  9.14784051e-04 
 2.50019256e-05 -2.87235943e-01 -2.54677207e-01  8.08472971e-01  9.15315468e-04 
 2.50069256e-05 -2.87235943e-01 -2.54677191e-01  8.08472971e-01  9.14784171e-04 
 2.50119256e-05 -2.87235943e-01 -2.54677175e-01  8.08472970e-01  9.15315349e-04 
 2.50169256e-05 -2.87235943e-01 -2.54677160e-01  8.08472970e-01  9.14784292e-04 
 2.50219256e-05 -2.87235943e-01 -2.54677144e-01  8.08472970e-01  9.15315229e-04 
 2.50269256e-05 -2.87235943e-01 -2.54677128e-01  8.08472970e-01  9.14784412e-04 
 2.50319256e-05 -2.87235943e-01 -2.54677113e-01  8.08472969e-01  9.15315110e-04 
 2.50369256e-05 -2.87235942e-01 -2.54677097e-01  8.08472969e-01  9.14784532e-04 
 2.50419256e-05 -2.87235942e-01 -2.54677081e-01  8.08472969e-01  9.15314990e-04 
 2.50469256e-05 -2.87235942e-01 -2.54677065e-01  8.08472969e-01  9.14784652e-04 
 2.50519256e-05 -2.87235942e-01 -2.54677050e-01  8.08472969e-01  9.15314871e-04 
 2.50569256e-05 -2.87235942e-01 -2.54677034e-01  8.08472969e-01  9.14784772e-04 
 2.50619256e-05 -2.87235942e-01 -2.54677018e-01  8.08472969e-01  9.15314751e-04 
 2.50669256e-05 -2.87235942e-01 -2.54677002e-01  8.08472969e-01  9.14784891e-04 
 2.50719256e-05 -2.87235942e-01 -2.54676987e-01  8.08472969e-01  9.15314631e-04 
 2.50769256e-05 -2.87235942e-01 -2.54676971e-01  8.08472969e-01  9.14785011e-04 
 2.50819256e-05 -2.87235942e-01 -2.54676955e-01  8.08472969e-01  9.15314511e-04 
 2.50869256e-05 -2.87235941e-01 -2.54676940e-01  8.08472969e-01  9.14785130e-04 
 2.50919256e-05 -2.87235941e-01 -2.54676924e-01  8.08472969e-01  9.15314391e-04 
 2.50969256e-05 -2.87235941e-01 -2.54676908e-01  8.08472969e-01  9.14785249e-04 
 2.51019256e-05 -2.87235941e-01 -2.54676892e-01  8.08472969e-01  9.15314271e-04 
 2.51069256e-05 -2.87235941e-01 -2.54676877e-01  8.08472969e-01  9.14785368e-04 
 2.51119256e-05 -2.87235941e-01 -2.54676861e-01  8.08472969e-01  9.15314151e-04 
 2.51169256e-05 -2.87235941e-01 -2.54676845e-01  8.08472970e-01  9.14785487e-04 
 2.51219256e-05 -2.87235941e-01 -2.54676829e-01  8.08472970e-01  9.15314031e-04 
 2.51269256e-05 -2.87235941e-01 -2.54676814e-01  8.08472970e-01  9.14785606e-04 
 2.51319256e-05 -2.87235941e-01 -2.54676798e-01  8.08472970e-01  9.15313912e-04 
 2.51369256e-05 -2.87235941e-01 -2.54676782e-01  8.08472970e-01  9.14785725e-04 
 2.51419256e-05 -2.87235941e-01 -2.54676767e-01  8.08472970e-01  9.15313792e-04 
 2.51469256e-05 -2.87235940e-01 -2.54676751e-01  8.08472970e-01  9.14785844e-04 
 2.51519256e-05 -2.87235940e-01 -2.54676735e-01  8.08472971e-01  9.15313673e-04 
 2.51569256e-05 -2.87235940e-01 -2.54676719e-01  8.08472971e-01  9.14785964e-04 
 2.51619256e-05 -2.87235940e-01 -2.54676704e-01  8.08472971e-01  9.15313554e-04 
 2.51669256e-05 -2.87235940e-01 -2.54676688e-01  8.08472971e-01  9.14786083e-04 
 2.51719256e-05 -2.87235940e-01 -2.54676672e-01  8.08472971e-01  9.15313435e-04 
 2.51769256e-05 -2.87235940e-01 -2.54676656e-01  8.08472971e-01  9.14786202e-04 
 2.51819256e-05 -2.87235940e-01 -2.54676641e-01  8.08472971e-01  9.15313316e-04 
 2.51869256e-05 -2.87235940e-01 -2.54676625e-01  8.08472971e-01  9.14786321e-04 
 2.51919256e-05 -2.87235940e-01 -2.54676609e-01  8.08472971e-01  9.15313197e-04 
 2.51969256e-05 -2.87235940e-01 -2.54676594e-01  8.08472971e-01  9.14786440e-04 
 2.52019256e-05 -2.87235940e-01 -2.54676578e-01  8.08472971e-01  9.15313078e-04 
 2.52069256e-05 -2.87235940e-01 -2.54676562e-01  8.08472971e-01  9.14786560e-04 
 2.52119256e-05 -2.87235940e-01 -2.54676546e-01  8.08472970e-01  9.15312959e-04 
 2.52169256e-05 -2.87235940e-01 -2.54676531e-01  8.08472970e-01  9.14786679e-04 
 2.52219256e-05 -2.87235940e-01 -2.54676515e-01  8.08472970e-01  9.15312841e-04 
 2.52269256e-05 -2.87235939e-01 -2.54676499e-01  8.08472970e-01  9.14786798e-04 
 2.52319256e-05 -2.87235939e-01 -2.54676483e-01  8.08472970e-01  9.15312722e-04 
 2.52369256e-05 -2.87235939e-01 -2.54676468e-01  8.08472970e-01  9.14786917e-04 
 2.52419256e-05 -2.87235939e-01 -2.54676452e-01  8.08472970e-01  9.15312604e-04 
 2.52469256e-05 -2.87235939e-01 -2.54676436e-01  8.08472970e-01  9.14787036e-04 
 2.52519256e-05 -2.87235939e-01 -2.54676421e-01  8.08472970e-01  9.15312485e-04 
 2.52569256e-05 -2.87235939e-01 -2.54676405e-01  8.08472970e-01  9.14787154e-04 
 2.52619256e-05 -2.87235939e-01 -2.54676389e-01  8.08472970e-01  9.15312366e-04 
 2.52669256e-05 -2.87235939e-01 -2.54676373e-01  8.08472970e-01  9.14787273e-04 
 2.52719256e-05 -2.87235939e-01 -2.54676358e-01  8.08472970e-01  9.15312248e-04 
 2.52769256e-05 -2.87235939e-01 -2.54676342e-01  8.08472970e-01  9.14787392e-04 
 2.52819256e-05 -2.87235939e-01 -2.54676326e-01  8.08472970e-01  9.15312129e-04 
 2.52869256e-05 -2.87235939e-01 -2.54676310e-01  8.08472970e-01  9.14787510e-04 
 2.52919256e-05 -2.87235939e-01 -2.54676295e-01  8.08472970e-01  9.15312011e-04 
 2.52969256e-05 -2.87235939e-01 -2.54676279e-01  8.08472970e-01  9.14787628e-04 
 2.53019256e-05 -2.87235939e-01 -2.54676263e-01  8.08472970e-01  9.15311892e-04 
 2.53069256e-05 -2.87235939e-01 -2.54676248e-01  8.08472970e-01  9.14787747e-04 
 2.53119256e-05 -2.87235939e-01 -2.54676232e-01  8.08472970e-01  9.15311774e-04 
 2.53169256e-05 -2.87235939e-01 -2.54676216e-01  8.08472970e-01  9.14787865e-04 
 2.53219256e-05 -2.87235939e-01 -2.54676200e-01  8.08472970e-01  9.15311655e-04 
 2.53269256e-05 -2.87235939e-01 -2.54676185e-01  8.08472970e-01  9.14787983e-04 
 2.53319256e-05 -2.87235939e-01 -2.54676169e-01  8.08472970e-01  9.15311537e-04 
 2.53369256e-05 -2.87235939e-01 -2.54676153e-01  8.08472970e-01  9.14788101e-04 
 2.53419256e-05 -2.87235939e-01 -2.54676138e-01  8.08472970e-01  9.15311418e-04 
 2.53469256e-05 -2.87235939e-01 -2.54676122e-01  8.08472970e-01  9.14788219e-04 
 2.53519256e-05 -2.87235939e-01 -2.54676106e-01  8.08472970e-01  9.15311300e-04 
 2.53569256e-05 -2.87235939e-01 -2.54676090e-01  8.08472970e-01  9.14788337e-04 
 2.53619256e-05 -2.87235938e-01 -2.54676075e-01  8.08472970e-01  9.15311182e-04 
 2.53669256e-05 -2.87235938e-01 -2.54676059e-01  8.08472970e-01  9.14788455e-04 
 2.53719256e-05 -2.87235938e-01 -2.54676043e-01  8.08472970e-01  9.15311064e-04 
 2.53769256e-05 -2.87235938e-01 -2.54676027e-01  8.08472970e-01  9.14788573e-04 
 2.53819256e-05 -2.87235938e-01 -2.54676012e-01  8.08472970e-01  9.15310946e-04 
 2.53869256e-05 -2.87235938e-01 -2.54675996e-01  8.08472970e-01  9.14788691e-04 
 2.53919256e-05 -2.87235938e-01 -2.54675980e-01  8.08472970e-01  9.15310828e-04 
 2.53969256e-05 -2.87235938e-01 -2.54675965e-01  8.08472970e-01  9.14788809e-04 
 2.54019256e-05 -2.87235938e-01 -2.54675949e-01  8.08472970e-01  9.15310710e-04 
 2.54069256e-05 -2.87235938e-01 -2.54675933e-01  8.08472970e-01  9.14788927e-04 
 2.54119256e-05 -2.87235938e-01 -2.54675917e-01  8.08472970e-01  9.15310592e-04 
 2.54169256e-05 -2.87235938e-01 -2.54675902e-01  8.08472970e-01  9.14789045e-04 
 2.54219256e-05 -2.87235938e-01 -2.54675886e-01  8.08472970e-01  9.15310474e-04 
 2.54269256e-05 -2.87235938e-01 -2.54675870e-01  8.08472970e-01  9.14789163e-04 
 2.54319256e-05 -2.87235938e-01 -2.54675854e-01  8.08472970e-01  9.15310357e-04 
 2.54369256e-05 -2.87235938e-01 -2.54675839e-01  8.08472970e-01  9.14789281e-04 
 2.54419256e-05 -2.87235938e-01 -2.54675823e-01  8.08472970e-01  9.15310239e-04 
 2.54469256e-05 -2.87235938e-01 -2.54675807e-01  8.08472970e-01  9.14789399e-04 
 2.54519256e-05 -2.87235938e-01 -2.54675792e-01  8.08472970e-01  9.15310122e-04 
 2.54569256e-05 -2.87235938e-01 -2.54675776e-01  8.08472970e-01  9.14789516e-04 
 2.54619256e-05 -2.87235938e-01 -2.54675760e-01  8.08472970e-01  9.15310004e-04 
 2.54669256e-05 -2.87235938e-01 -2.54675744e-01  8.08472970e-01  9.14789634e-04 
 2.54719256e-05 -2.87235938e-01 -2.54675729e-01  8.08472970e-01  9.15309887e-04 
 2.54769256e-05 -2.87235938e-01 -2.54675713e-01  8.08472970e-01  9.14789752e-04 
 2.54819256e-05 -2.87235938e-01 -2.54675697e-01  8.08472970e-01  9.15309769e-04 
 2.54869256e-05 -2.87235938e-01 -2.54675681e-01  8.08472970e-01  9.14789869e-04 
 2.54919256e-05 -2.87235938e-01 -2.54675666e-01  8.08472970e-01  9.15309652e-04 
 2.54969256e-05 -2.87235938e-01 -2.54675650e-01  8.08472970e-01  9.14789986e-04 
 2.55019256e-05 -2.87235938e-01 -2.54675634e-01  8.08472970e-01  9.15309534e-04 
 2.55069256e-05 -2.87235938e-01 -2.54675619e-01  8.08472970e-01  9.14790104e-04 
 2.55119256e-05 -2.87235938e-01 -2.54675603e-01  8.08472970e-01  9.15309417e-04 
 2.55169256e-05 -2.87235938e-01 -2.54675587e-01  8.08472970e-01  9.14790221e-04 
 2.55219256e-05 -2.87235938e-01 -2.54675571e-01  8.08472970e-01  9.15309300e-04 
 2.55269256e-05 -2.87235938e-01 -2.54675556e-01  8.08472970e-01  9.14790338e-04 
 2.55319256e-05 -2.87235938e-01 -2.54675540e-01  8.08472970e-01  9.15309182e-04 
 2.55369256e-05 -2.87235938e-01 -2.54675524e-01  8.08472970e-01  9.14790455e-04 
 2.55419256e-05 -2.87235938e-01 -2.54675508e-01  8.08472970e-01  9.15309065e-04 
 2.55469256e-05 -2.87235938e-01 -2.54675493e-01  8.08472970e-01  9.14790573e-04 
 2.55519256e-05 -2.87235938e-01 -2.54675477e-01  8.08472970e-01  9.15308948e-04 
 2.55569256e-05 -2.87235938e-01 -2.54675461e-01  8.08472970e-01  9.14790690e-04 
 2.55619256e-05 -2.87235938e-01 -2.54675446e-01  8.08472970e-01  9.15308831e-04 
 2.55669256e-05 -2.87235938e-01 -2.54675430e-01  8.08472970e-01  9.14790807e-04 
 2.55719256e-05 -2.87235938e-01 -2.54675414e-01  8.08472970e-01  9.15308714e-04 
 2.55769256e-05 -2.87235938e-01 -2.54675398e-01  8.08472970e-01  9.14790924e-04 
 2.55819256e-05 -2.87235938e-01 -2.54675383e-01  8.08472970e-01  9.15308597e-04 
 2.55869256e-05 -2.87235938e-01 -2.54675367e-01  8.08472970e-01  9.14791040e-04 
 2.55919256e-05 -2.87235938e-01 -2.54675351e-01  8.08472970e-01  9.15308480e-04 
 2.55969256e-05 -2.87235938e-01 -2.54675336e-01  8.08472970e-01  9.14791157e-04 
 2.56019256e-05 -2.87235938e-01 -2.54675320e-01  8.08472970e-01  9.15308363e-04 
 2.56069256e-05 -2.87235938e-01 -2.54675304e-01  8.08472970e-01  9.14791274e-04 
 2.56119256e-05 -2.87235938e-01 -2.54675288e-01  8.08472970e-01  9.15308246e-04 
 2.56169256e-05 -2.87235938e-01 -2.54675273e-01  8.08472970e-01  9.14791391e-04 
 2.56219256e-05 -2.87235938e-01 -2.54675257e-01  8.08472970e-01  9.15308129e-04 
 2.56269256e-05 -2.87235938e-01 -2.54675241e-01  8.08472970e-01  9.14791508e-04 
 2.56319256e-05 -2.87235938e-01 -2.54675225e-01  8.08472970e-01  9.15308013e-04 
 2.56369256e-05 -2.87235938e-01 -2.54675210e-01  8.08472970e-01  9.14791624e-04 
 2.56419256e-05 -2.87235938e-01 -2.54675194e-01  8.08472970e-01  9.15307896e-04 
 2.56469256e-05 -2.87235938e-01 -2.54675178e-01  8.08472970e-01  9.14791741e-04 
 2.56519256e-05 -2.87235938e-01 -2.54675163e-01  8.08472970e-01  9.15307780e-04 
 2.56569256e-05 -2.87235938e-01 -2.54675147e-01  8.08472970e-01  9.14791858e-04 
 2.56619256e-05 -2.87235938e-01 -2.54675131e-01  8.08472970e-01  9.15307663e-04 
 2.56669256e-05 -2.87235938e-01 -2.54675115e-01  8.08472970e-01  9.14791974e-04 
 2.56719256e-05 -2.87235938e-01 -2.54675100e-01  8.08472970e-01  9.15307547e-04 
 2.56769256e-05 -2.87235938e-01 -2.54675084e-01  8.08472970e-01  9.14792091e-04 
 2.56819256e-05 -2.87235938e-01 -2.54675068e-01  8.08472970e-01  9.15307430e-04 
 2.56869256e-05 -2.87235938e-01 -2.54675052e-01  8.08472970e-01  9.14792207e-04 
 2.56919256e-05 -2.87235938e-01 -2.54675037e-01  8.08472970e-01  9.15307314e-04 
 2.56969256e-05 -2.87235938e-01 -2.54675021e-01  8.08472970e-01  9.14792324e-04 
 2.57019256e-05 -2.87235938e-01 -2.54675005e-01  8.08472970e-01  9.15307198e-04 
 2.57069256e-05 -2.87235937e-01 -2.54674990e-01  8.08472970e-01  9.14792440e-04 
 2.57119256e-05 -2.87235938e-01 -2.54674974e-01  8.08472970e-01  9.15307081e-04 
 2.57169256e-05 -2.87235937e-01 -2.54674958e-01  8.08472970e-01  9.14792556e-04 
 2.57219256e-05 -2.87235937e-01 -2.54674942e-01  8.08472970e-01  9.15306965e-04 
 2.57269256e-05 -2.87235937e-01 -2.54674927e-01  8.08472970e-01  9.14792672e-04 
 2.57319256e-05 -2.87235937e-01 -2.54674911e-01  8.08472970e-01  9.15306849e-04 
 2.57369256e-05 -2.87235937e-01 -2.54674895e-01  8.08472970e-01  9.14792788e-04 
 2.57419256e-05 -2.87235937e-01 -2.54674879e-01  8.08472970e-01  9.15306733e-04 
 2.57469256e-05 -2.87235937e-01 -2.54674864e-01  8.08472970e-01  9.14792905e-04 
 2.57519256e-05 -2.87235937e-01 -2.54674848e-01  8.08472970e-01  9.15306617e-04 
 2.57569256e-05 -2.87235937e-01 -2.54674832e-01  8.08472970e-01  9.14793021e-04 
 2.57619256e-05 -2.87235937e-01 -2.54674817e-01  8.08472970e-01  9.15306501e-04 
 2.57669256e-05 -2.87235937e-01 -2.54674801e-01  8.08472970e-01  9.14793137e-04 
 2.57719256e-05 -2.87235937e-01 -2.54674785e-01  8.08472970e-01  9.15306385e-04 
 2.57769256e-05 -2.87235937e-01 -2.54674769e-01  8.08472970e-01  9.14793252e-04 
 2.57819256e-05 -2.87235937e-01 -2.54674754e-01  8.08472970e-01  9.15306269e-04 
 2.57869256e-05 -2.87235937e-01 -2.54674738e-01  8.08472970e-01  9.14793368e-04 
 2.57919256e-05 -2.87235937e-01 -2.54674722e-01  8.08472970e-01  9.15306153e-04 
 2.57969256e-05 -2.87235937e-01 -2.54674706e-01  8.08472970e-01  9.14793484e-04 
 2.58019256e-05 -2.87235937e-01 -2.54674691e-01  8.08472970e-01  9.15306037e-04 
 2.58069256e-05 -2.87235937e-01 -2.54674675e-01  8.08472970e-01  9.14793600e-04 
 2.58119256e-05 -2.87235937e-01 -2.54674659e-01  8.08472970e-01  9.15305921e-04 
 2.58169256e-05 -2.87235937e-01 -2.54674644e-01  8.08472970e-01  9.14793716e-04 
 2.58219256e-05 -2.87235937e-01 -2.54674628e-01  8.08472970e-01  9.15305805e-04 
 2.58269256e-05 -2.87235937e-01 -2.54674612e-01  8.08472970e-01  9.14793831e-04 
 2.58319256e-05 -2.87235937e-01 -2.54674596e-01  8.08472970e-01  9.15305690e-04 
 2.58369256e-05 -2.87235937e-01 -2.54674581e-01  8.08472970e-01  9.14793947e-04 
 2.58419256e-05 -2.87235937e-01 -2.54674565e-01  8.08472970e-01  9.15305574e-04 
 2.58469256e-05 -2.87235937e-01 -2.54674549e-01  8.08472970e-01  9.14794063e-04 
 2.58519256e-05 -2.87235937e-01 -2.54674533e-01  8.08472970e-01  9.15305459e-04 
 2.58569256e-05 -2.87235937e-01 -2.54674518e-01  8.08472970e-01  9.14794178e-04 
 2.58619256e-05 -2.87235937e-01 -2.54674502e-01  8.08472970e-01  9.15305343e-04 
 2.58669256e-05 -2.87235937e-01 -2.54674486e-01  8.08472970e-01  9.14794294e-04 
 2.58719256e-05 -2.87235937e-01 -2.54674471e-01  8.08472970e-01  9.15305228e-04 
 2.58769256e-05 -2.87235937e-01 -2.54674455e-01  8.08472970e-01  9.14794409e-04 
 2.58819256e-05 -2.87235937e-01 -2.54674439e-01  8.08472970e-01  9.15305112e-04 
 2.58869256e-05 -2.87235937e-01 -2.54674423e-01  8.08472970e-01  9.14794525e-04 
 2.58919256e-05 -2.87235937e-01 -2.54674408e-01  8.08472970e-01  9.15304997e-04 
 2.58969256e-05 -2.87235937e-01 -2.54674392e-01  8.08472970e-01  9.14794640e-04 
 2.59019256e-05 -2.87235937e-01 -2.54674376e-01  8.08472970e-01  9.15304882e-04 
 2.59069256e-05 -2.87235937e-01 -2.54674361e-01  8.08472970e-01  9.14794755e-04 
 2.59119256e-05 -2.87235937e-01 -2.54674345e-01  8.08472970e-01  9.15304766e-04 
 2.59169256e-05 -2.87235937e-01 -2.54674329e-01  8.08472970e-01  9.14794870e-04 
 2.59219256e-05 -2.87235937e-01 -2.54674313e-01  8.08472970e-01  9.15304651e-04 
 2.59269256e-05 -2.87235937e-01 -2.54674298e-01  8.08472970e-01  9.14794986e-04 
 2.59319256e-05 -2.87235937e-01 -2.54674282e-01  8.08472970e-01  9.15304536e-04 
 2.59369256e-05 -2.87235937e-01 -2.54674266e-01  8.08472970e-01  9.14795101e-04 
 2.59419256e-05 -2.87235937e-01 -2.54674250e-01  8.08472970e-01  9.15304421e-04 
 2.59469256e-05 -2.87235937e-01 -2.54674235e-01  8.08472970e-01  9.14795216e-04 
 2.59519256e-05 -2.87235937e-01 -2.54674219e-01  8.08472970e-01  9.15304306e-04 
 2.59569256e-05 -2.87235937e-01 -2.54674203e-01  8.08472970e-01  9.14795331e-04 
 2.59619256e-05 -2.87235937e-01 -2.54674188e-01  8.08472970e-01  9.15304191e-04 
 2.59669256e-05 -2.87235937e-01 -2.54674172e-01  8.08472970e-01  9.14795446e-04 
 2.59719256e-05 -2.87235937e-01 -2.54674156e-01  8.08472970e-01  9.15304076e-04 
 2.59769256e-05 -2.87235937e-01 -2.54674140e-01  8.08472970e-01  9.14795561e-04 
 2.59819256e-05 -2.87235937e-01 -2.54674125e-01  8.08472970e-01  9.15303961e-04 
 2.59869256e-05 -2.87235937e-01 -2.54674109e-01  8.08472970e-01  9.14795675e-04 
 2.59919256e-05 -2.87235937e-01 -2.54674093e-01  8.08472970e-01  9.15303846e-04 
 2.59969256e-05 -2.87235937e-01 -2.54674077e-01  8.08472970e-01  9.14795790e-04 
 2.60019256e-05 -2.87235937e-01 -2.54674062e-01  8.08472970e-01  9.15303731e-04 
 2.60069256e-05 -2.87235937e-01 -2.54674046e-01  8.08472970e-01  9.14795905e-04 
 2.60119256e-05 -2.87235937e-01 -2.54674030e-01  8.08472970e-01  9.15303617e-04 
 2.60169256e-05 -2.87235937e-01 -2.54674015e-01  8.08472970e-01  9.14796020e-04 
 2.60219256e-05 -2.87235937e-01 -2.54673999e-01  8.08472970e-01  9.15303502e-04 
 2.60269256e-05 -2.87235937e-01 -2.54673983e-01  8.08472970e-01  9.14796134e-04 
 2.60319256e-05 -2.87235937e-01 -2.54673967e-01  8.08472970e-01  9.15303387e-04 
 2.60369256e-05 -2.87235937e-01 -2.54673952e-01  8.08472970e-01  9.14796249e-04 
 2.60419256e-05 -2.87235937e-01 -2.54673936e-01  8.08472970e-01  9.15303273e-04 
 2.60469256e-05 -2.87235937e-01 -2.54673920e-01  8.08472970e-01  9.14796364e-04 
 2.60519256e-05 -2.87235937e-01 -2.54673904e-01  8.08472970e-01  9.15303158e-04 
 2.60569256e-05 -2.87235937e-01 -2.54673889e-01  8.08472970e-01  9.14796478e-04 
 2.60619256e-05 -2.87235937e-01 -2.54673873e-01  8.08472970e-01  9.15303044e-04 
 2.60669256e-05 -2.87235937e-01 -2.54673857e-01  8.08472970e-01  9.14796593e-04 
 2.60719256e-05 -2.87235937e-01 -2.54673842e-01  8.08472970e-01  9.15302929e-04 
 2.60769256e-05 -2.87235937e-01 -2.54673826e-01  8.08472970e-01  9.14796707e-04 
 2.60819256e-05 -2.87235937e-01 -2.54673810e-01  8.08472970e-01  9.15302815e-04 
 2.60869256e-05 -2.87235937e-01 -2.54673794e-01  8.08472970e-01  9.14796821e-04 
 2.60919256e-05 -2.87235937e-01 -2.54673779e-01  8.08472970e-01  9.15302701e-04 
 2.60969256e-05 -2.87235937e-01 -2.54673763e-01  8.08472970e-01  9.14796936e-04 
 2.61019256e-05 -2.87235937e-01 -2.54673747e-01  8.08472970e-01  9.15302586e-04 
 2.61069256e-05 -2.87235937e-01 -2.54673731e-01  8.08472970e-01  9.14797050e-04 
 2.61119256e-05 -2.87235937e-01 -2.54673716e-01  8.08472970e-01  9.15302472e-04 
 2.61169256e-05 -2.87235937e-01 -2.54673700e-01  8.08472970e-01  9.14797164e-04 
 2.61219256e-05 -2.87235937e-01 -2.54673684e-01  8.08472970e-01  9.15302358e-04 
 2.61269256e-05 -2.87235937e-01 -2.54673669e-01  8.08472970e-01  9.14797278e-04 
 2.61319256e-05 -2.87235937e-01 -2.54673653e-01  8.08472970e-01  9.15302244e-04 
 2.61369256e-05 -2.87235937e-01 -2.54673637e-01  8.08472970e-01  9.14797392e-04 
 2.61419256e-05 -2.87235937e-01 -2.54673621e-01  8.08472970e-01  9.15302130e-04 
 2.61469256e-05 -2.87235937e-01 -2.54673606e-01  8.08472970e-01  9.14797506e-04 
 2.61519256e-05 -2.87235937e-01 -2.54673590e-01  8.08472970e-01  9.15302016e-04 
 2.61569256e-05 -2.87235937e-01 -2.54673574e-01  8.08472970e-01  9.14797620e-04 
 2.61619256e-05 -2.87235937e-01 -2.54673559e-01  8.08472970e-01  9.15301902e-04 
 2.61669256e-05 -2.87235937e-01 -2.54673543e-01  8.08472970e-01  9.14797734e-04 
 2.61719256e-05 -2.87235937e-01 -2.54673527e-01  8.08472970e-01  9.15301788e-04 
 2.61769256e-05 -2.87235937e-01 -2.54673511e-01  8.08472970e-01  9.14797848e-04 
 2.61819256e-05 -2.87235937e-01 -2.54673496e-01  8.08472970e-01  9.15301674e-04 
 2.61869256e-05 -2.87235937e-01 -2.54673480e-01  8.08472970e-01  9.14797962e-04 
 2.61919256e-05 -2.87235937e-01 -2.54673464e-01  8.08472970e-01  9.15301560e-04 
 2.61969256e-05 -2.87235937e-01 -2.54673448e-01  8.08472970e-01  9.14798076e-04 
 2.62019256e-05 -2.87235937e-01 -2.54673433e-01  8.08472970e-01  9.15301446e-04 
 2.62069256e-05 -2.87235937e-01 -2.54673417e-01  8.08472970e-01  9.14798190e-04 
 2.62119256e-05 -2.87235937e-01 -2.54673401e-01  8.08472970e-01  9.15301333e-04 
 2.62169256e-05 -2.87235937e-01 -2.54673386e-01  8.08472970e-01  9.14798303e-04 
 2.62219256e-05 -2.87235937e-01 -2.54673370e-01  8.08472970e-01  9.15301219e-04 
 2.62269256e-05 -2.87235937e-01 -2.54673354e-01  8.08472970e-01  9.14798417e-04 
 2.62319256e-05 -2.87235937e-01 -2.54673338e-01  8.08472970e-01  9.15301105e-04 
 2.62369256e-05 -2.87235937e-01 -2.54673323e-01  8.08472970e-01  9.14798530e-04 
 2.62419256e-05 -2.87235937e-01 -2.54673307e-01  8.08472970e-01  9.15300992e-04 
 2.62469256e-05 -2.87235937e-01 -2.54673291e-01  8.08472970e-01  9.14798644e-04 
 2.62519256e-05 -2.87235937e-01 -2.54673275e-01  8.08472970e-01  9.15300878e-04 
 2.62569256e-05 -2.87235937e-01 -2.54673260e-01  8.08472970e-01  9.14798757e-04 
 2.62619256e-05 -2.87235937e-01 -2.54673244e-01  8.08472970e-01  9.15300765e-04 
 2.62669256e-05 -2.87235937e-01 -2.54673228e-01  8.08472970e-01  9.14798871e-04 
 2.62719256e-05 -2.87235937e-01 -2.54673213e-01  8.08472970e-01  9.15300651e-04 
 2.62769256e-05 -2.87235937e-01 -2.54673197e-01  8.08472970e-01  9.14798984e-04 
 2.62819256e-05 -2.87235937e-01 -2.54673181e-01  8.08472970e-01  9.15300538e-04 
 2.62869256e-05 -2.87235937e-01 -2.54673165e-01  8.08472970e-01  9.14799098e-04 
 2.62919256e-05 -2.87235937e-01 -2.54673150e-01  8.08472970e-01  9.15300425e-04 
 2.62969256e-05 -2.87235937e-01 -2.54673134e-01  8.08472970e-01  9.14799211e-04 
 2.63019256e-05 -2.87235937e-01 -2.54673118e-01  8.08472970e-01  9.15300311e-04 
 2.63069256e-05 -2.87235937e-01 -2.54673102e-01  8.08472970e-01  9.14799324e-04 
 2.63119256e-05 -2.87235937e-01 -2.54673087e-01  8.08472970e-01  9.15300198e-04 
 2.63169256e-05 -2.87235937e-01 -2.54673071e-01  8.08472970e-01  9.14799437e-04 
 2.63219256e-05 -2.87235937e-01 -2.54673055e-01  8.08472970e-01  9.15300085e-04 
 2.63269256e-05 -2.87235937e-01 -2.54673040e-01  8.08472970e-01  9.14799550e-04 
 2.63319256e-05 -2.87235937e-01 -2.54673024e-01  8.08472970e-01  9.15299972e-04 
 2.63369256e-05 -2.87235937e-01 -2.54673008e-01  8.08472970e-01  9.14799664e-04 
 2.63419256e-05 -2.87235937e-01 -2.54672992e-01  8.08472970e-01  9.15299859e-04 
 2.63469256e-05 -2.87235937e-01 -2.54672977e-01  8.08472970e-01  9.14799777e-04 
 2.63519256e-05 -2.87235937e-01 -2.54672961e-01  8.08472970e-01  9.15299746e-04 
 2.63569256e-05 -2.87235937e-01 -2.54672945e-01  8.08472970e-01  9.14799890e-04 
 2.63619256e-05 -2.87235937e-01 -2.54672929e-01  8.08472970e-01  9.15299633e-04 
 2.63669256e-05 -2.87235937e-01 -2.54672914e-01  8.08472970e-01  9.14800002e-04 
 2.63719256e-05 -2.87235937e-01 -2.54672898e-01  8.08472970e-01  9.15299520e-04 
 2.63769256e-05 -2.87235937e-01 -2.54672882e-01  8.08472970e-01  9.14800115e-04 
 2.63819256e-05 -2.87235937e-01 -2.54672867e-01  8.08472970e-01  9.15299407e-04 
 2.63869256e-05 -2.87235937e-01 -2.54672851e-01  8.08472970e-01  9.14800228e-04 
 2.63919256e-05 -2.87235937e-01 -2.54672835e-01  8.08472970e-01  9.15299294e-04 
 2.63969256e-05 -2.87235937e-01 -2.54672819e-01  8.08472970e-01  9.14800341e-04 
 2.64019256e-05 -2.87235937e-01 -2.54672804e-01  8.08472970e-01  9.15299182e-04 
 2.64069256e-05 -2.87235937e-01 -2.54672788e-01  8.08472970e-01  9.14800454e-04 
 2.64119256e-05 -2.87235937e-01 -2.54672772e-01  8.08472970e-01  9.15299069e-04 
 2.64169256e-05 -2.87235937e-01 -2.54672757e-01  8.08472970e-01  9.14800566e-04 
 2.64219256e-05 -2.87235937e-01 -2.54672741e-01  8.08472970e-01  9.15298956e-04 
 2.64269256e-05 -2.87235937e-01 -2.54672725e-01  8.08472970e-01  9.14800679e-04 
 2.64319256e-05 -2.87235937e-01 -2.54672709e-01  8.08472970e-01  9.15298844e-04 
 2.64369256e-05 -2.87235937e-01 -2.54672694e-01  8.08472970e-01  9.14800792e-04 
 2.64419256e-05 -2.87235937e-01 -2.54672678e-01  8.08472970e-01  9.15298731e-04 
 2.64469256e-05 -2.87235937e-01 -2.54672662e-01  8.08472970e-01  9.14800904e-04 
 2.64519256e-05 -2.87235937e-01 -2.54672646e-01  8.08472970e-01  9.15298619e-04 
 2.64569256e-05 -2.87235937e-01 -2.54672631e-01  8.08472970e-01  9.14801017e-04 
 2.64619256e-05 -2.87235937e-01 -2.54672615e-01  8.08472970e-01  9.15298506e-04 
 2.64669256e-05 -2.87235937e-01 -2.54672599e-01  8.08472970e-01  9.14801129e-04 
 2.64719256e-05 -2.87235937e-01 -2.54672584e-01  8.08472970e-01  9.15298394e-04 
 2.64769256e-05 -2.87235937e-01 -2.54672568e-01  8.08472970e-01  9.14801241e-04 
 2.64819256e-05 -2.87235937e-01 -2.54672552e-01  8.08472970e-01  9.15298281e-04 
 2.64869256e-05 -2.87235937e-01 -2.54672536e-01  8.08472970e-01  9.14801354e-04 
 2.64919256e-05 -2.87235937e-01 -2.54672521e-01  8.08472970e-01  9.15298169e-04 
 2.64969256e-05 -2.87235937e-01 -2.54672505e-01  8.08472970e-01  9.14801466e-04 
 2.65019256e-05 -2.87235937e-01 -2.54672489e-01  8.08472970e-01  9.15298057e-04 
 2.65069256e-05 -2.87235937e-01 -2.54672473e-01  8.08472970e-01  9.14801578e-04 
 2.65119256e-05 -2.87235937e-01 -2.54672458e-01  8.08472970e-01  9.15297945e-04 
 2.65169256e-05 -2.87235937e-01 -2.54672442e-01  8.08472970e-01  9.14801690e-04 
 2.65219256e-05 -2.87235937e-01 -2.54672426e-01  8.08472970e-01  9.15297833e-04 
 2.65269256e-05 -2.87235937e-01 -2.54672411e-01  8.08472970e-01  9.14801803e-04 
 2.65319256e-05 -2.87235937e-01 -2.54672395e-01  8.08472970e-01  9.15297720e-04 
 2.65369256e-05 -2.87235937e-01 -2.54672379e-01  8.08472970e-01  9.14801915e-04 
 2.65419256e-05 -2.87235937e-01 -2.54672363e-01  8.08472970e-01  9.15297608e-04 
 2.65469256e-05 -2.87235937e-01 -2.54672348e-01  8.08472970e-01  9.14802027e-04 
 2.65519256e-05 -2.87235937e-01 -2.54672332e-01  8.08472970e-01  9.15297496e-04 
 2.65569256e-05 -2.87235937e-01 -2.54672316e-01  8.08472970e-01  9.14802139e-04 
 2.65619256e-05 -2.87235937e-01 -2.54672300e-01  8.08472970e-01  9.15297384e-04 
 2.65669256e-05 -2.87235937e-01 -2.54672285e-01  8.08472970e-01  9.14802251e-04 
 2.65719256e-05 -2.87235937e-01 -2.54672269e-01  8.08472970e-01  9.15297273e-04 
 2.65769256e-05 -2.87235937e-01 -2.54672253e-01  8.08472970e-01  9.14802362e-04 
 2.65819256e-05 -2.87235937e-01 -2.54672238e-01  8.08472970e-01  9.15297161e-04 
 2.65869256e-05 -2.87235937e-01 -2.54672222e-01  8.08472970e-01  9.14802474e-04 
 2.65919256e-05 -2.87235937e-01 -2.54672206e-01  8.08472970e-01  9.15297049e-04 
 2.65969256e-05 -2.87235937e-01 -2.54672190e-01  8.08472970e-01  9.14802586e-04 
 2.66019256e-05 -2.87235937e-01 -2.54672175e-01  8.08472970e-01  9.15296937e-04 
 2.66069256e-05 -2.87235937e-01 -2.54672159e-01  8.08472970e-01  9.14802698e-04 
 2.66119256e-05 -2.87235937e-01 -2.54672143e-01  8.08472970e-01  9.15296825e-04 
 2.66169256e-05 -2.87235937e-01 -2.54672127e-01  8.08472970e-01  9.14802809e-04 
 2.66219256e-05 -2.87235937e-01 -2.54672112e-01  8.08472970e-01  9.15296714e-04 
 2.66269256e-05 -2.87235937e-01 -2.54672096e-01  8.08472970e-01  9.14802921e-04 
 2.66319256e-05 -2.87235937e-01 -2.54672080e-01  8.08472970e-01  9.15296602e-04 
 2.66369256e-05 -2.87235937e-01 -2.54672065e-01  8.08472970e-01  9.14803033e-04 
 2.66419256e-05 -2.87235937e-01 -2.54672049e-01  8.08472970e-01  9.15296491e-04 
 2.66469256e-05 -2.87235937e-01 -2.54672033e-01  8.08472970e-01  9.14803144e-04 
 2.66519256e-05 -2.87235937e-01 -2.54672017e-01  8.08472970e-01  9.15296379e-04 
 2.66569256e-05 -2.87235937e-01 -2.54672002e-01  8.08472970e-01  9.14803256e-04 
 2.66619256e-05 -2.87235937e-01 -2.54671986e-01  8.08472970e-01  9.15296268e-04 
 2.66669256e-05 -2.87235937e-01 -2.54671970e-01  8.08472970e-01  9.14803367e-04 
 2.66719256e-05 -2.87235937e-01 -2.54671955e-01  8.08472970e-01  9.15296156e-04 
 2.66769256e-05 -2.87235937e-01 -2.54671939e-01  8.08472970e-01  9.14803478e-04 
 2.66819256e-05 -2.87235937e-01 -2.54671923e-01  8.08472970e-01  9.15296045e-04 
 2.66869256e-05 -2.87235937e-01 -2.54671907e-01  8.08472970e-01  9.14803590e-04 
 2.66919256e-05 -2.87235937e-01 -2.54671892e-01  8.08472970e-01  9.15295934e-04 
 2.66969256e-05 -2.87235937e-01 -2.54671876e-01  8.08472970e-01  9.14803701e-04 
 2.67019256e-05 -2.87235937e-01 -2.54671860e-01  8.08472970e-01  9.15295822e-04 
 2.67069256e-05 -2.87235937e-01 -2.54671844e-01  8.08472970e-01  9.14803812e-04 
 2.67119256e-05 -2.87235937e-01 -2.54671829e-01  8.08472970e-01  9.15295711e-04 
 2.67169256e-05 -2.87235937e-01 -2.54671813e-01  8.08472970e-01  9.14803923e-04 
 2.67219256e-05 -2.87235937e-01 -2.54671797e-01  8.08472970e-01  9.15295600e-04 
 2.67269256e-05 -2.87235937e-01 -2.54671782e-01  8.08472970e-01  9.14804034e-04 
 2.67319256e-05 -2.87235937e-01 -2.54671766e-01  8.08472970e-01  9.15295489e-04 
 2.67369256e-05 -2.87235937e-01 -2.54671750e-01  8.08472970e-01  9.14804146e-04 
 2.67419256e-05 -2.87235937e-01 -2.54671734e-01  8.08472970e-01  9.15295378e-04 
 2.67469256e-05 -2.87235937e-01 -2.54671719e-01  8.08472970e-01  9.14804257e-04 
 2.67519256e-05 -2.87235937e-01 -2.54671703e-01  8.08472970e-01  9.15295267e-04 
 2.67569256e-05 -2.87235937e-01 -2.54671687e-01  8.08472970e-01  9.14804368e-04 
 2.67619256e-05 -2.87235937e-01 -2.54671671e-01  8.08472970e-01  9.15295156e-04 
 2.67669256e-05 -2.87235937e-01 -2.54671656e-01  8.08472970e-01  9.14804478e-04 
 2.67719256e-05 -2.87235937e-01 -2.54671640e-01  8.08472970e-01  9.15295045e-04 
 2.67769256e-05 -2.87235937e-01 -2.54671624e-01  8.08472970e-01  9.14804589e-04 
 2.67819256e-05 -2.87235937e-01 -2.54671609e-01  8.08472970e-01  9.15294934e-04 
 2.67869256e-05 -2.87235937e-01 -2.54671593e-01  8.08472970e-01  9.14804700e-04 
 2.67919256e-05 -2.87235937e-01 -2.54671577e-01  8.08472970e-01  9.15294823e-04 
 2.67969256e-05 -2.87235937e-01 -2.54671561e-01  8.08472970e-01  9.14804811e-04 
 2.68019256e-05 -2.87235937e-01 -2.54671546e-01  8.08472970e-01  9.15294713e-04 
 2.68069256e-05 -2.87235937e-01 -2.54671530e-01  8.08472970e-01  9.14804922e-04 
 2.68119256e-05 -2.87235937e-01 -2.54671514e-01  8.08472970e-01  9.15294602e-04 
 2.68169256e-05 -2.87235937e-01 -2.54671498e-01  8.08472970e-01  9.14805032e-04 
 2.68219256e-05 -2.87235937e-01 -2.54671483e-01  8.08472970e-01  9.15294491e-04 
 2.68269256e-05 -2.87235937e-01 -2.54671467e-01  8.08472970e-01  9.14805143e-04 
 2.68319256e-05 -2.87235937e-01 -2.54671451e-01  8.08472970e-01  9.15294381e-04 
 2.68369256e-05 -2.87235937e-01 -2.54671436e-01  8.08472970e-01  9.14805254e-04 
 2.68419256e-05 -2.87235937e-01 -2.54671420e-01  8.08472970e-01  9.15294270e-04 
 2.68469256e-05 -2.87235937e-01 -2.54671404e-01  8.08472970e-01  9.14805364e-04 
 2.68519256e-05 -2.87235937e-01 -2.54671388e-01  8.08472970e-01  9.15294160e-04 
 2.68569256e-05 -2.87235937e-01 -2.54671373e-01  8.08472970e-01  9.14805475e-04 
 2.68619256e-05 -2.87235937e-01 -2.54671357e-01  8.08472970e-01  9.15294049e-04 
 2.68669256e-05 -2.87235937e-01 -2.54671341e-01  8.08472970e-01  9.14805585e-04 
 2.68719256e-05 -2.87235937e-01 -2.54671325e-01  8.08472970e-01  9.15293939e-04 
 2.68769256e-05 -2.87235937e-01 -2.54671310e-01  8.08472970e-01  9.14805695e-04 
 2.68819256e-05 -2.87235937e-01 -2.54671294e-01  8.08472970e-01  9.15293828e-04 
 2.68869256e-05 -2.87235937e-01 -2.54671278e-01  8.08472970e-01  9.14805806e-04 
 2.68919256e-05 -2.87235937e-01 -2.54671263e-01  8.08472970e-01  9.15293718e-04 
 2.68969256e-05 -2.87235937e-01 -2.54671247e-01  8.08472970e-01  9.14805916e-04 
 2.69019256e-05 -2.87235937e-01 -2.54671231e-01  8.08472970e-01  9.15293608e-04 
 2.69069256e-05 -2.87235937e-01 -2.54671215e-01  8.08472970e-01  9.14806026e-04 
 2.69119256e-05 -2.87235937e-01 -2.54671200e-01  8.08472970e-01  9.15293498e-04 
 2.69169256e-05 -2.87235937e-01 -2.54671184e-01  8.08472970e-01  9.14806136e-04 
 2.69219256e-05 -2.87235937e-01 -2.54671168e-01  8.08472970e-01  9.15293387e-04 
 2.69269256e-05 -2.87235937e-01 -2.54671153e-01  8.08472970e-01  9.14806247e-04 
 2.69319256e-05 -2.87235937e-01 -2.54671137e-01  8.08472970e-01  9.15293277e-04 
 2.69369256e-05 -2.87235937e-01 -2.54671121e-01  8.08472970e-01  9.14806357e-04 
 2.69419256e-05 -2.87235937e-01 -2.54671105e-01  8.08472970e-01  9.15293167e-04 
 2.69469256e-05 -2.87235937e-01 -2.54671090e-01  8.08472970e-01  9.14806467e-04 
 2.69519256e-05 -2.87235937e-01 -2.54671074e-01  8.08472970e-01  9.15293057e-04 
 2.69569256e-05 -2.87235937e-01 -2.54671058e-01  8.08472970e-01  9.14806577e-04 
 2.69619256e-05 -2.87235937e-01 -2.54671042e-01  8.08472970e-01  9.15292947e-04 
 2.69669256e-05 -2.87235937e-01 -2.54671027e-01  8.08472970e-01  9.14806687e-04 
 2.69719256e-05 -2.87235937e-01 -2.54671011e-01  8.08472970e-01  9.15292837e-04 
 2.69769256e-05 -2.87235937e-01 -2.54670995e-01  8.08472970e-01  9.14806797e-04 
 2.69819256e-05 -2.87235937e-01 -2.54670980e-01  8.08472970e-01  9.15292728e-04 
 2.69869256e-05 -2.87235937e-01 -2.54670964e-01  8.08472970e-01  9.14806906e-04 
 2.69919256e-05 -2.87235937e-01 -2.54670948e-01  8.08472970e-01  9.15292618e-04 
 2.69969256e-05 -2.87235937e-01 -2.54670932e-01  8.08472970e-01  9.14807016e-04 
 2.70019256e-05 -2.87235937e-01 -2.54670917e-01  8.08472970e-01  9.15292508e-04 
 2.70069256e-05 -2.87235937e-01 -2.54670901e-01  8.08472970e-01  9.14807126e-04 
 2.70119256e-05 -2.87235937e-01 -2.54670885e-01  8.08472970e-01  9.15292398e-04 
 2.70169256e-05 -2.87235937e-01 -2.54670869e-01  8.08472970e-01  9.14807236e-04 
 2.70219256e-05 -2.87235937e-01 -2.54670854e-01  8.08472970e-01  9.15292289e-04 
 2.70269256e-05 -2.87235937e-01 -2.54670838e-01  8.08472970e-01  9.14807345e-04 
 2.70319256e-05 -2.87235937e-01 -2.54670822e-01  8.08472970e-01  9.15292179e-04 
 2.70369256e-05 -2.87235937e-01 -2.54670807e-01  8.08472970e-01  9.14807455e-04 
 2.70419256e-05 -2.87235937e-01 -2.54670791e-01  8.08472970e-01  9.15292069e-04 
 2.70469256e-05 -2.87235937e-01 -2.54670775e-01  8.08472970e-01  9.14807564e-04 
 2.70519256e-05 -2.87235937e-01 -2.54670759e-01  8.08472970e-01  9.15291960e-04 
 2.70569256e-05 -2.87235937e-01 -2.54670744e-01  8.08472970e-01  9.14807674e-04 
 2.70619256e-05 -2.87235937e-01 -2.54670728e-01  8.08472970e-01  9.15291850e-04 
 2.70669256e-05 -2.87235937e-01 -2.54670712e-01  8.08472970e-01  9.14807783e-04 
 2.70719256e-05 -2.87235937e-01 -2.54670696e-01  8.08472970e-01  9.15291741e-04 
 2.70769256e-05 -2.87235937e-01 -2.54670681e-01  8.08472970e-01  9.14807893e-04 
 2.70819256e-05 -2.87235937e-01 -2.54670665e-01  8.08472970e-01  9.15291632e-04 
 2.70869256e-05 -2.87235937e-01 -2.54670649e-01  8.08472970e-01  9.14808002e-04 
 2.70919256e-05 -2.87235937e-01 -2.54670634e-01  8.08472970e-01  9.15291522e-04 
 2.70969256e-05 -2.87235937e-01 -2.54670618e-01  8.08472970e-01  9.14808111e-04 
 2.71019256e-05 -2.87235937e-01 -2.54670602e-01  8.08472970e-01  9.15291413e-04 
 2.71069256e-05 -2.87235937e-01 -2.54670586e-01  8.08472970e-01  9.14808221e-04 
 2.71119256e-05 -2.87235937e-01 -2.54670571e-01  8.08472970e-01  9.15291304e-04 
 2.71169256e-05 -2.87235937e-01 -2.54670555e-01  8.08472970e-01  9.14808330e-04 
 2.71219256e-05 -2.87235937e-01 -2.54670539e-01  8.08472970e-01  9.15291195e-04 
 2.71269256e-05 -2.87235937e-01 -2.54670524e-01  8.08472970e-01  9.14808439e-04 
 2.71319256e-05 -2.87235937e-01 -2.54670508e-01  8.08472970e-01  9.15291085e-04 
 2.71369256e-05 -2.87235937e-01 -2.54670492e-01  8.08472970e-01  9.14808548e-04 
 2.71419256e-05 -2.87235937e-01 -2.54670476e-01  8.08472970e-01  9.15290976e-04 
 2.71469256e-05 -2.87235937e-01 -2.54670461e-01  8.08472970e-01  9.14808657e-04 
 2.71519256e-05 -2.87235937e-01 -2.54670445e-01  8.08472970e-01  9.15290867e-04 
 2.71569256e-05 -2.87235937e-01 -2.54670429e-01  8.08472970e-01  9.14808766e-04 
 2.71619256e-05 -2.87235937e-01 -2.54670413e-01  8.08472970e-01  9.15290758e-04 
 2.71669256e-05 -2.87235937e-01 -2.54670398e-01  8.08472970e-01  9.14808875e-04 
 2.71719256e-05 -2.87235937e-01 -2.54670382e-01  8.08472970e-01  9.15290649e-04 
 2.71769256e-05 -2.87235937e-01 -2.54670366e-01  8.08472970e-01  9.14808984e-04 
 2.71819256e-05 -2.87235937e-01 -2.54670351e-01  8.08472970e-01  9.15290541e-04 
 2.71869256e-05 -2.87235937e-01 -2.54670335e-01  8.08472970e-01  9.14809093e-04 
 2.71919256e-05 -2.87235937e-01 -2.54670319e-01  8.08472970e-01  9.15290432e-04 
 2.71969256e-05 -2.87235937e-01 -2.54670303e-01  8.08472970e-01  9.14809202e-04 
 2.72019256e-05 -2.87235937e-01 -2.54670288e-01  8.08472970e-01  9.15290323e-04 
 2.72069256e-05 -2.87235937e-01 -2.54670272e-01  8.08472970e-01  9.14809311e-04 
 2.72119256e-05 -2.87235937e-01 -2.54670256e-01  8.08472970e-01  9.15290214e-04 
 2.72169256e-05 -2.87235937e-01 -2.54670240e-01  8.08472970e-01  9.14809419e-04 
 2.72219256e-05 -2.87235937e-01 -2.54670225e-01  8.08472970e-01  9.15290105e-04 
 2.72269256e-05 -2.87235937e-01 -2.54670209e-01  8.08472970e-01  9.14809528e-04 
 2.72319256e-05 -2.87235937e-01 -2.54670193e-01  8.08472970e-01  9.15289997e-04 
 2.72369256e-05 -2.87235937e-01 -2.54670178e-01  8.08472970e-01  9.14809637e-04 
 2.72419256e-05 -2.87235937e-01 -2.54670162e-01  8.08472970e-01  9.15289888e-04 
 2.72469256e-05 -2.87235937e-01 -2.54670146e-01  8.08472970e-01  9.14809745e-04 
 2.72519256e-05 -2.87235937e-01 -2.54670130e-01  8.08472970e-01  9.15289780e-04 
 2.72569256e-05 -2.87235937e-01 -2.54670115e-01  8.08472970e-01  9.14809854e-04 
 2.72619256e-05 -2.87235937e-01 -2.54670099e-01  8.08472970e-01  9.15289671e-04 
 2.72669256e-05 -2.87235937e-01 -2.54670083e-01  8.08472970e-01  9.14809962e-04 
 2.72719256e-05 -2.87235937e-01 -2.54670067e-01  8.08472970e-01  9.15289563e-04 
 2.72769256e-05 -2.87235937e-01 -2.54670052e-01  8.08472970e-01  9.14810070e-04 
 2.72819256e-05 -2.87235937e-01 -2.54670036e-01  8.08472970e-01  9.15289454e-04 
 2.72869256e-05 -2.87235937e-01 -2.54670020e-01  8.08472970e-01  9.14810179e-04 
 2.72919256e-05 -2.87235937e-01 -2.54670005e-01  8.08472970e-01  9.15289346e-04 
 2.72969256e-05 -2.87235937e-01 -2.54669989e-01  8.08472970e-01  9.14810287e-04 
 2.73019256e-05 -2.87235937e-01 -2.54669973e-01  8.08472970e-01  9.15289238e-04 
 2.73069256e-05 -2.87235937e-01 -2.54669957e-01  8.08472970e-01  9.14810395e-04 
 2.73119256e-05 -2.87235937e-01 -2.54669942e-01  8.08472970e-01  9.15289129e-04 
 2.73169256e-05 -2.87235937e-01 -2.54669926e-01  8.08472970e-01  9.14810504e-04 
 2.73219256e-05 -2.87235937e-01 -2.54669910e-01  8.08472970e-01  9.15289021e-04 
 2.73269256e-05 -2.87235937e-01 -2.54669894e-01  8.08472970e-01  9.14810612e-04 
 2.73319256e-05 -2.87235937e-01 -2.54669879e-01  8.08472970e-01  9.15288913e-04 
 2.73369256e-05 -2.87235937e-01 -2.54669863e-01  8.08472970e-01  9.14810720e-04 
 2.73419256e-05 -2.87235937e-01 -2.54669847e-01  8.08472970e-01  9.15288805e-04 
 2.73469256e-05 -2.87235937e-01 -2.54669832e-01  8.08472970e-01  9.14810828e-04 
 2.73519256e-05 -2.87235937e-01 -2.54669816e-01  8.08472970e-01  9.15288697e-04 
 2.73569256e-05 -2.87235937e-01 -2.54669800e-01  8.08472970e-01  9.14810936e-04 
 2.73619256e-05 -2.87235937e-01 -2.54669784e-01  8.08472970e-01  9.15288589e-04 
 2.73669256e-05 -2.87235937e-01 -2.54669769e-01  8.08472970e-01  9.14811044e-04 
 2.73719256e-05 -2.87235937e-01 -2.54669753e-01  8.08472970e-01  9.15288481e-04 
 2.73769256e-05 -2.87235937e-01 -2.54669737e-01  8.08472970e-01  9.14811152e-04 
 2.73819256e-05 -2.87235937e-01 -2.54669722e-01  8.08472970e-01  9.15288373e-04 
 2.73869256e-05 -2.87235937e-01 -2.54669706e-01  8.08472970e-01  9.14811260e-04 
 2.73919256e-05 -2.87235937e-01 -2.54669690e-01  8.08472970e-01  9.15288265e-04 
 2.73969256e-05 -2.87235937e-01 -2.54669674e-01  8.08472970e-01  9.14811368e-04 
 2.74019256e-05 -2.87235937e-01 -2.54669659e-01  8.08472970e-01  9.15288157e-04 
 2.74069256e-05 -2.87235937e-01 -2.54669643e-01  8.08472970e-01  9.14811476e-04 
 2.74119256e-05 -2.87235937e-01 -2.54669627e-01  8.08472970e-01  9.15288050e-04 
 2.74169256e-05 -2.87235937e-01 -2.54669611e-01  8.08472970e-01  9.14811583e-04 
 2.74219256e-05 -2.87235937e-01 -2.54669596e-01  8.08472970e-01  9.15287942e-04 
 2.74269256e-05 -2.87235937e-01 -2.54669580e-01  8.08472970e-01  9.14811691e-04 
 2.74319256e-05 -2.87235937e-01 -2.54669564e-01  8.08472970e-01  9.15287834e-04 
 2.74369256e-05 -2.87235937e-01 -2.54669549e-01  8.08472970e-01  9.14811799e-04 
 2.74419256e-05 -2.87235937e-01 -2.54669533e-01  8.08472970e-01  9.15287726e-04 
 2.74469256e-05 -2.87235937e-01 -2.54669517e-01  8.08472970e-01  9.14811906e-04 
 2.74519256e-05 -2.87235937e-01 -2.54669501e-01  8.08472970e-01  9.15287619e-04 
 2.74569256e-05 -2.87235937e-01 -2.54669486e-01  8.08472970e-01  9.14812014e-04 
 2.74619256e-05 -2.87235937e-01 -2.54669470e-01  8.08472970e-01  9.15287511e-04 
 2.74669256e-05 -2.87235937e-01 -2.54669454e-01  8.08472970e-01  9.14812121e-04 
 2.74719256e-05 -2.87235937e-01 -2.54669438e-01  8.08472970e-01  9.15287404e-04 
 2.74769256e-05 -2.87235937e-01 -2.54669423e-01  8.08472970e-01  9.14812229e-04 
 2.74819256e-05 -2.87235937e-01 -2.54669407e-01  8.08472970e-01  9.15287296e-04 
 2.74869256e-05 -2.87235937e-01 -2.54669391e-01  8.08472970e-01  9.14812336e-04 
 2.74919256e-05 -2.87235937e-01 -2.54669376e-01  8.08472970e-01  9.15287189e-04 
 2.74969256e-05 -2.87235937e-01 -2.54669360e-01  8.08472970e-01  9.14812444e-04 
 2.75019256e-05 -2.87235937e-01 -2.54669344e-01  8.08472970e-01  9.15287082e-04 
 2.75069256e-05 -2.87235937e-01 -2.54669328e-01  8.08472970e-01  9.14812551e-04 
 2.75119256e-05 -2.87235937e-01 -2.54669313e-01  8.08472970e-01  9.15286974e-04 
 2.75169256e-05 -2.87235937e-01 -2.54669297e-01  8.08472970e-01  9.14812658e-04 
 2.75219256e-05 -2.87235937e-01 -2.54669281e-01  8.08472970e-01  9.15286867e-04 
 2.75269256e-05 -2.87235937e-01 -2.54669265e-01  8.08472970e-01  9.14812765e-04 
 2.75319256e-05 -2.87235937e-01 -2.54669250e-01  8.08472970e-01  9.15286760e-04 
 2.75369256e-05 -2.87235937e-01 -2.54669234e-01  8.08472970e-01  9.14812873e-04 
 2.75419256e-05 -2.87235937e-01 -2.54669218e-01  8.08472970e-01  9.15286653e-04 
 2.75469256e-05 -2.87235937e-01 -2.54669203e-01  8.08472970e-01  9.14812980e-04 
 2.75519256e-05 -2.87235937e-01 -2.54669187e-01  8.08472970e-01  9.15286546e-04 
 2.75569256e-05 -2.87235937e-01 -2.54669171e-01  8.08472970e-01  9.14813087e-04 
 2.75619256e-05 -2.87235937e-01 -2.54669155e-01  8.08472970e-01  9.15286439e-04 
 2.75669256e-05 -2.87235937e-01 -2.54669140e-01  8.08472970e-01  9.14813194e-04 
 2.75719256e-05 -2.87235937e-01 -2.54669124e-01  8.08472970e-01  9.15286332e-04 
 2.75769256e-05 -2.87235937e-01 -2.54669108e-01  8.08472970e-01  9.14813301e-04 
 2.75819256e-05 -2.87235937e-01 -2.54669093e-01  8.08472970e-01  9.15286225e-04 
 2.75869256e-05 -2.87235937e-01 -2.54669077e-01  8.08472970e-01  9.14813408e-04 
 2.75919256e-05 -2.87235937e-01 -2.54669061e-01  8.08472970e-01  9.15286118e-04 
 2.75969256e-05 -2.87235937e-01 -2.54669045e-01  8.08472970e-01  9.14813515e-04 
 2.76019256e-05 -2.87235937e-01 -2.54669030e-01  8.08472970e-01  9.15286011e-04 
 2.76069256e-05 -2.87235937e-01 -2.54669014e-01  8.08472970e-01  9.14813621e-04 
 2.76119256e-05 -2.87235937e-01 -2.54668998e-01  8.08472970e-01  9.15285904e-04 
 2.76169256e-05 -2.87235937e-01 -2.54668982e-01  8.08472970e-01  9.14813728e-04 
 2.76219256e-05 -2.87235937e-01 -2.54668967e-01  8.08472970e-01  9.15285797e-04 
 2.76269256e-05 -2.87235937e-01 -2.54668951e-01  8.08472970e-01  9.14813835e-04 
 2.76319256e-05 -2.87235937e-01 -2.54668935e-01  8.08472970e-01  9.15285691e-04 
 2.76369256e-05 -2.87235937e-01 -2.54668920e-01  8.08472970e-01  9.14813942e-04 
 2.76419256e-05 -2.87235937e-01 -2.54668904e-01  8.08472970e-01  9.15285584e-04 
 2.76469256e-05 -2.87235937e-01 -2.54668888e-01  8.08472970e-01  9.14814048e-04 
 2.76519256e-05 -2.87235937e-01 -2.54668872e-01  8.08472970e-01  9.15285477e-04 
 2.76569256e-05 -2.87235937e-01 -2.54668857e-01  8.08472970e-01  9.14814155e-04 
 2.76619256e-05 -2.87235937e-01 -2.54668841e-01  8.08472970e-01  9.15285371e-04 
 2.76669256e-05 -2.87235937e-01 -2.54668825e-01  8.08472970e-01  9.14814261e-04 
 2.76719256e-05 -2.87235937e-01 -2.54668809e-01  8.08472970e-01  9.15285264e-04 
 2.76769256e-05 -2.87235937e-01 -2.54668794e-01  8.08472970e-01  9.14814368e-04 
 2.76819256e-05 -2.87235937e-01 -2.54668778e-01  8.08472970e-01  9.15285158e-04 
 2.76869256e-05 -2.87235937e-01 -2.54668762e-01  8.08472970e-01  9.14814474e-04 
 2.76919256e-05 -2.87235937e-01 -2.54668747e-01  8.08472970e-01  9.15285051e-04 
 2.76969256e-05 -2.87235937e-01 -2.54668731e-01  8.08472970e-01  9.14814581e-04 
 2.77019256e-05 -2.87235937e-01 -2.54668715e-01  8.08472970e-01  9.15284945e-04 
 2.77069256e-05 -2.87235937e-01 -2.54668699e-01  8.08472970e-01  9.14814687e-04 
 2.77119256e-05 -2.87235937e-01 -2.54668684e-01  8.08472970e-01  9.15284839e-04 
 2.77169256e-05 -2.87235937e-01 -2.54668668e-01  8.08472970e-01  9.14814793e-04 
 2.77219256e-05 -2.87235937e-01 -2.54668652e-01  8.08472970e-01  9.15284732e-04 
 2.77269256e-05 -2.87235937e-01 -2.54668636e-01  8.08472970e-01  9.14814900e-04 
 2.77319256e-05 -2.87235937e-01 -2.54668621e-01  8.08472970e-01  9.15284626e-04 
 2.77369256e-05 -2.87235937e-01 -2.54668605e-01  8.08472970e-01  9.14815006e-04 
 2.77419256e-05 -2.87235937e-01 -2.54668589e-01  8.08472970e-01  9.15284520e-04 
 2.77469256e-05 -2.87235937e-01 -2.54668574e-01  8.08472970e-01  9.14815112e-04 
 2.77519256e-05 -2.87235937e-01 -2.54668558e-01  8.08472970e-01  9.15284414e-04 
 2.77569256e-05 -2.87235937e-01 -2.54668542e-01  8.08472970e-01  9.14815218e-04 
 2.77619256e-05 -2.87235937e-01 -2.54668526e-01  8.08472970e-01  9.15284308e-04 
 2.77669256e-05 -2.87235937e-01 -2.54668511e-01  8.08472970e-01  9.14815324e-04 
 2.77719256e-05 -2.87235937e-01 -2.54668495e-01  8.08472970e-01  9.15284202e-04 
 2.77769256e-05 -2.87235937e-01 -2.54668479e-01  8.08472970e-01  9.14815430e-04 
 2.77819256e-05 -2.87235937e-01 -2.54668463e-01  8.08472970e-01  9.15284096e-04 
 2.77869256e-05 -2.87235937e-01 -2.54668448e-01  8.08472970e-01  9.14815536e-04 
 2.77919256e-05 -2.87235937e-01 -2.54668432e-01  8.08472970e-01  9.15283990e-04 
 2.77969256e-05 -2.87235937e-01 -2.54668416e-01  8.08472970e-01  9.14815642e-04 
 2.78019256e-05 -2.87235937e-01 -2.54668401e-01  8.08472970e-01  9.15283884e-04 
 2.78069256e-05 -2.87235937e-01 -2.54668385e-01  8.08472970e-01  9.14815748e-04 
 2.78119256e-05 -2.87235937e-01 -2.54668369e-01  8.08472970e-01  9.15283778e-04 
 2.78169256e-05 -2.87235937e-01 -2.54668353e-01  8.08472970e-01  9.14815854e-04 
 2.78219256e-05 -2.87235937e-01 -2.54668338e-01  8.08472970e-01  9.15283672e-04 
 2.78269256e-05 -2.87235937e-01 -2.54668322e-01  8.08472970e-01  9.14815960e-04 
 2.78319256e-05 -2.87235937e-01 -2.54668306e-01  8.08472970e-01  9.15283566e-04 
 2.78369256e-05 -2.87235937e-01 -2.54668291e-01  8.08472970e-01  9.14816065e-04 
 2.78419256e-05 -2.87235937e-01 -2.54668275e-01  8.08472970e-01  9.15283461e-04 
 2.78469256e-05 -2.87235937e-01 -2.54668259e-01  8.08472970e-01  9.14816171e-04 
 2.78519256e-05 -2.87235937e-01 -2.54668243e-01  8.08472970e-01  9.15283355e-04 
 2.78569256e-05 -2.87235937e-01 -2.54668228e-01  8.08472970e-01  9.14816277e-04 
 2.78619256e-05 -2.87235937e-01 -2.54668212e-01  8.08472970e-01  9.15283249e-04 
 2.78669256e-05 -2.87235937e-01 -2.54668196e-01  8.08472970e-01  9.14816382e-04 
 2.78719256e-05 -2.87235937e-01 -2.54668180e-01  8.08472970e-01  9.15283144e-04 
 2.78769256e-05 -2.87235937e-01 -2.54668165e-01  8.08472970e-01  9.14816488e-04 
 2.78819256e-05 -2.87235937e-01 -2.54668149e-01  8.08472970e-01  9.15283038e-04 
 2.78869256e-05 -2.87235937e-01 -2.54668133e-01  8.08472970e-01  9.14816594e-04 
 2.78919256e-05 -2.87235937e-01 -2.54668118e-01  8.08472970e-01  9.15282933e-04 
 2.78969256e-05 -2.87235937e-01 -2.54668102e-01  8.08472970e-01  9.14816699e-04 
 2.79019256e-05 -2.87235937e-01 -2.54668086e-01  8.08472970e-01  9.15282827e-04 
 2.79069256e-05 -2.87235937e-01 -2.54668070e-01  8.08472970e-01  9.14816804e-04 
 2.79119256e-05 -2.87235937e-01 -2.54668055e-01  8.08472970e-01  9.15282722e-04 
 2.79169256e-05 -2.87235937e-01 -2.54668039e-01  8.08472970e-01  9.14816910e-04 
 2.79219256e-05 -2.87235937e-01 -2.54668023e-01  8.08472970e-01  9.15282617e-04 
 2.79269256e-05 -2.87235937e-01 -2.54668007e-01  8.08472970e-01  9.14817015e-04 
 2.79319256e-05 -2.87235937e-01 -2.54667992e-01  8.08472970e-01  9.15282511e-04 
 2.79369256e-05 -2.87235937e-01 -2.54667976e-01  8.08472970e-01  9.14817120e-04 
 2.79419256e-05 -2.87235937e-01 -2.54667960e-01  8.08472970e-01  9.15282406e-04 
 2.79469256e-05 -2.87235937e-01 -2.54667945e-01  8.08472970e-01  9.14817226e-04 
 2.79519256e-05 -2.87235937e-01 -2.54667929e-01  8.08472970e-01  9.15282301e-04 
 2.79569256e-05 -2.87235937e-01 -2.54667913e-01  8.08472970e-01  9.14817331e-04 
 2.79619256e-05 -2.87235937e-01 -2.54667897e-01  8.08472970e-01  9.15282196e-04 
 2.79669256e-05 -2.87235937e-01 -2.54667882e-01  8.08472970e-01  9.14817436e-04 
 2.79719256e-05 -2.87235937e-01 -2.54667866e-01  8.08472970e-01  9.15282091e-04 
 2.79769256e-05 -2.87235937e-01 -2.54667850e-01  8.08472970e-01  9.14817541e-04 
 2.79819256e-05 -2.87235937e-01 -2.54667834e-01  8.08472970e-01  9.15281986e-04 
 2.79869256e-05 -2.87235937e-01 -2.54667819e-01  8.08472970e-01  9.14817646e-04 
 2.79919256e-05 -2.87235937e-01 -2.54667803e-01  8.08472970e-01  9.15281881e-04 
 2.79959628e-05 -2.87235937e-01 -2.54667790e-01  8.08472970e-01  9.14817763e-04 
 2.80000000e-05 -2.87235937e-01 -2.54667778e-01  8.08472970e-01  9.15281751e-04 
 2.80001000e-05 -2.87235937e-01 -2.54667756e-01  8.08472970e-01  9.60196893e-04 
 2.80003000e-05 -2.87235937e-01 -2.54667686e-01  8.08472970e-01  9.53796781e-04 
 2.80006500e-05 -2.87235937e-01 -2.54667352e-01  8.08472970e-01  9.51013650e-04 
 2.80010000e-05 -2.87235937e-01 -2.54156031e-01  8.08472970e-01  9.43403213e-04 
 2.80010700e-05 -2.87235937e-01 -2.53955969e-01  8.08472970e-01  9.15107849e-04 
 2.80012100e-05 -2.87235937e-01 -2.53556695e-01  8.08472970e-01  9.14954306e-04 
 2.80014900e-05 -2.87235937e-01 -2.52763168e-01  8.08472970e-01  9.15107423e-04 
 2.80020500e-05 -2.87235937e-01 -2.51195861e-01  8.08472970e-01  9.14955226e-04 
 2.80031700e-05 -2.87235937e-01 -2.48137678e-01  8.08472970e-01  9.15108337e-04 
 2.80054100e-05 -2.87235937e-01 -2.42307949e-01  8.08472970e-01  9.14957363e-04 
 2.80098900e-05 -2.87235937e-01 -2.31661739e-01  8.08472970e-01  9.15111920e-04 
 2.80148900e-05 -2.87235937e-01 -2.21146317e-01  8.08472970e-01  9.14961790e-04 
 2.80198900e-05 -2.87235937e-01 -2.11812816e-01  8.08472970e-01  9.15115709e-04 
 2.80248900e-05 -2.87235937e-01 -2.03448439e-01  8.08472970e-01  9.14964949e-04 
 2.80298900e-05 -2.87235937e-01 -1.95888098e-01  8.08472970e-01  9.15118284e-04 
 2.80348900e-05 -2.87235937e-01 -1.89002125e-01  8.08472970e-01  9.14967156e-04 
 2.80398900e-05 -2.87235937e-01 -1.82687462e-01  8.08472970e-01  9.15120101e-04 
 2.80448900e-05 -2.87235937e-01 -1.76861303e-01  8.08472970e-01  9.14968755e-04 
 2.80498900e-05 -2.87235937e-01 -1.71456415e-01  8.08472970e-01  9.15121427e-04 
 2.80548900e-05 -2.87235937e-01 -1.66417683e-01  8.08472970e-01  9.14969952e-04 
 2.80598900e-05 -2.87235937e-01 -1.61699514e-01  8.08472970e-01  9.15122421e-04 
 2.80648900e-05 -2.87235937e-01 -1.57263895e-01  8.08472970e-01  9.14970873e-04 
 2.80698900e-05 -2.87235937e-01 -1.53078828e-01  8.08472970e-01  9.15123183e-04 
 2.80748900e-05 -2.87235937e-01 -1.49117221e-01  8.08472970e-01  9.14971597e-04 
 2.80798900e-05 -2.87235937e-01 -1.45355984e-01  8.08472970e-01  9.15123777e-04 
 2.80848900e-05 -2.87235937e-01 -1.41775287e-01  8.08472970e-01  9.14972178e-04 
 2.80898900e-05 -2.87235937e-01 -1.38358019e-01  8.08472970e-01  9.15124248e-04 
 2.80948900e-05 -2.87235937e-01 -1.35089314e-01  8.08472970e-01  9.14972652e-04 
 2.80998900e-05 -2.87235937e-01 -1.31956204e-01  8.08472970e-01  9.15124626e-04 
 2.81048900e-05 -2.87235937e-01 -1.28947308e-01  8.08472970e-01  9.14973044e-04 
 2.81098900e-05 -2.87235937e-01 -1.26052606e-01  8.08472970e-01  9.15124931e-04 
 2.81148900e-05 -2.87235937e-01 -1.23263222e-01  8.08472970e-01  9.14973372e-04 
 2.81198900e-05 -2.87235937e-01 -1.20571276e-01  8.08472970e-01  9.15125181e-04 
 2.81248900e-05 -2.87235937e-01 -1.17969737e-01  8.08472970e-01  9.14973651e-04 
 2.81298900e-05 -2.87235937e-01 -1.15452316e-01  8.08472970e-01  9.15125385e-04 
 2.81348900e-05 -2.87235937e-01 -1.13013363e-01  8.08472970e-01  9.14973889e-04 
 2.81398900e-05 -2.87235937e-01 -1.10647791e-01  8.08472970e-01  9.15125553e-04 
 2.81448900e-05 -2.87235937e-01 -1.08351003e-01  8.08472970e-01  9.14974094e-04 
 2.81498900e-05 -2.87235937e-01 -1.06118837e-01  8.08472970e-01  9.15125692e-04 
 2.81548900e-05 -2.87235937e-01 -1.03947510e-01  8.08472970e-01  9.14974272e-04 
 2.81598900e-05 -2.87235937e-01 -1.01833583e-01  8.08472970e-01  9.15125805e-04 
 2.81648900e-05 -2.87235937e-01 -9.97739141e-02  8.08472970e-01  9.14974427e-04 
 2.81698900e-05 -2.87235937e-01 -9.77656337e-02  8.08472970e-01  9.15125898e-04 
 2.81748900e-05 -2.87235937e-01 -9.58061121e-02  8.08472970e-01  9.14974564e-04 
 2.81798900e-05 -2.87235937e-01 -9.38929358e-02  8.08472970e-01  9.15125974e-04 
 2.81848900e-05 -2.87235937e-01 -9.20238864e-02  8.08472970e-01  9.14974684e-04 
 2.81898900e-05 -2.87235937e-01 -9.01969212e-02  8.08472970e-01  9.15126035e-04 
 2.81948900e-05 -2.87235937e-01 -8.84101565e-02  8.08472970e-01  9.14974791e-04 
 2.81998900e-05 -2.87235937e-01 -8.66618529e-02  8.08472970e-01  9.15126083e-04 
 2.82048900e-05 -2.87235937e-01 -8.49504019e-02  8.08472970e-01  9.14974886e-04 
 2.82098900e-05 -2.87235937e-01 -8.32743147e-02  8.08472970e-01  9.15126120e-04 
 2.82148900e-05 -2.87235937e-01 -8.16322113e-02  8.08472970e-01  9.14974970e-04 
 2.82198900e-05 -2.87235937e-01 -8.00228114e-02  8.08472970e-01  9.15126147e-04 
 2.82248900e-05 -2.87235937e-01 -7.84449259e-02  8.08472970e-01  9.14975045e-04 
 2.82298900e-05 -2.87235937e-01 -7.68974494e-02  8.08472970e-01  9.15126166e-04 
 2.82348900e-05 -2.87235937e-01 -7.53793536e-02  8.08472970e-01  9.14975113e-04 
 2.82398900e-05 -2.87235937e-01 -7.38896807e-02  8.08472970e-01  9.15126177e-04 
 2.82448900e-05 -2.87235937e-01 -7.24275382e-02  8.08472970e-01  9.14975173e-04 
 2.82498900e-05 -2.87235937e-01 -7.09920936e-02  8.08472970e-01  9.15126181e-04 
 2.82548900e-05 -2.87235937e-01 -6.95825699e-02  8.08472970e-01  9.14975226e-04 
 2.82598900e-05 -2.87235937e-01 -6.81982414e-02  8.08472970e-01  9.15126179e-04 
 2.82648900e-05 -2.87235937e-01 -6.68384293e-02  8.08472970e-01  9.14975274e-04 
 2.82698900e-05 -2.87235937e-01 -6.55024990e-02  8.08472970e-01  9.15126172e-04 
 2.82748900e-05 -2.87235937e-01 -6.41898560e-02  8.08472970e-01  9.14975317e-04 
 2.82798900e-05 -2.87235937e-01 -6.28999434e-02  8.08472970e-01  9.15126160e-04 
 2.82848900e-05 -2.87235937e-01 -6.16322388e-02  8.08472970e-01  9.14975354e-04 
 2.82898900e-05 -2.87235937e-01 -6.03862517e-02  8.08472970e-01  9.15126143e-04 
 2.82948900e-05 -2.87235937e-01 -5.91615213e-02  8.08472970e-01  9.14975388e-04 
 2.82998900e-05 -2.87235937e-01 -5.79576141e-02  8.08472970e-01  9.15126122e-04 
 2.83048900e-05 -2.87235937e-01 -5.67741218e-02  8.08472970e-01  9.14975417e-04 
 2.83098900e-05 -2.87235937e-01 -5.56106593e-02  8.08472970e-01  9.15126098e-04 
 2.83148900e-05 -2.87235937e-01 -5.44668630e-02  8.08472970e-01  9.14975443e-04 
 2.83198900e-05 -2.87235937e-01 -5.33423890e-02  8.08472970e-01  9.15126070e-04 
 2.83248900e-05 -2.87235937e-01 -5.22369118e-02  8.08472970e-01  9.14975466e-04 
 2.83298900e-05 -2.87235937e-01 -5.11501223e-02  8.08472970e-01  9.15126039e-04 
 2.83348900e-05 -2.87235937e-01 -5.00817268e-02  8.08472970e-01  9.14975486e-04 
 2.83398900e-05 -2.87235937e-01 -4.90314455e-02  8.08472970e-01  9.15126005e-04 
 2.83448900e-05 -2.87235937e-01 -4.79990114e-02  8.08472970e-01  9.14975503e-04 
 2.83498900e-05 -2.87235937e-01 -4.69841692e-02  8.08472970e-01  9.15125968e-04 
 2.83548900e-05 -2.87235937e-01 -4.59866742e-02  8.08472970e-01  9.14975517e-04 
 2.83598900e-05 -2.87235937e-01 -4.50062910e-02  8.08472970e-01  9.15125929e-04 
 2.83648900e-05 -2.87235937e-01 -4.40427933e-02  8.08472970e-01  9.14975530e-04 
 2.83698900e-05 -2.87235937e-01 -4.30959622e-02  8.08472970e-01  9.15125888e-04 
 2.83748900e-05 -2.87235937e-01 -4.21655860e-02  8.08472970e-01  9.14975540e-04 
 2.83798900e-05 -2.87235937e-01 -4.12514592e-02  8.08472970e-01  9.15125846e-04 
 2.83848900e-05 -2.87235937e-01 -4.03533819e-02  8.08472970e-01  9.14975549e-04 
 2.83898900e-05 -2.87235937e-01 -3.94711591e-02  8.08472970e-01  9.15125801e-04 
 2.83948900e-05 -2.87235937e-01 -3.86046002e-02  8.08472970e-01  9.14975555e-04 
 2.83998900e-05 -2.87235937e-01 -3.77535184e-02  8.08472970e-01  9.15125755e-04 
 2.84048900e-05 -2.87235937e-01 -3.69177303e-02  8.08472970e-01  9.14975561e-04 
 2.84098900e-05 -2.87235937e-01 -3.60970551e-02  8.08472970e-01  9.15125708e-04 
 2.84148900e-05 -2.87235937e-01 -3.52913148e-02  8.08472970e-01  9.14975565e-04 
 2.84198900e-05 -2.87235937e-01 -3.45003334e-02  8.08472970e-01  9.15125660e-04 
 2.84248900e-05 -2.87235937e-01 -3.37239366e-02  8.08472970e-01  9.14975569e-04 
 2.84298900e-05 -2.87235937e-01 -3.29619515e-02  8.08472970e-01  9.15125611e-04 
 2.84348900e-05 -2.87235937e-01 -3.22142065e-02  8.08472970e-01  9.14975571e-04 
 2.84398900e-05 -2.87235937e-01 -3.14805311e-02  8.08472970e-01  9.15125561e-04 
 2.84448900e-05 -2.87235937e-01 -3.07607551e-02  8.08472970e-01  9.14975573e-04 
 2.84498900e-05 -2.87235937e-01 -3.00547095e-02  8.08472970e-01  9.15125511e-04 
 2.84548900e-05 -2.87235937e-01 -2.93622250e-02  8.08472970e-01  9.14975575e-04 
 2.84598900e-05 -2.87235937e-01 -2.86831333e-02  8.08472970e-01  9.15125460e-04 
 2.84648900e-05 -2.87235937e-01 -2.80172657e-02  8.08472970e-01  9.14975576e-04 
 2.84698900e-05 -2.87235937e-01 -2.73644538e-02  8.08472970e-01  9.15125409e-04 
 2.84748900e-05 -2.87235937e-01 -2.67245293e-02  8.08472970e-01  9.14975577e-04 
 2.84798900e-05 -2.87235937e-01 -2.60973237e-02  8.08472970e-01  9.15125358e-04 
 2.84848900e-05 -2.87235937e-01 -2.54826684e-02  8.08472970e-01  9.14975578e-04 
 2.84898900e-05 -2.87235937e-01 -2.48803949e-02  8.08472970e-01  9.15125306e-04 
 2.84948900e-05 -2.87235937e-01 -2.42903344e-02  8.08472970e-01  9.14975578e-04 
 2.84998900e-05 -2.87235937e-01 -2.37123180e-02  8.08472970e-01  9.15125255e-04 
 2.85048900e-05 -2.87235937e-01 -2.31461767e-02  8.08472970e-01  9.14975579e-04 
 2.85098900e-05 -2.87235937e-01 -2.25917415e-02  8.08472970e-01  9.15125204e-04 
 2.85148900e-05 -2.87235937e-01 -2.20488433e-02  8.08472970e-01  9.14975580e-04 
 2.85198900e-05 -2.87235937e-01 -2.15173130e-02  8.08472970e-01  9.15125154e-04 
 2.85248900e-05 -2.87235937e-01 -2.09969814e-02  8.08472970e-01  9.14975582e-04 
 2.85298900e-05 -2.87235937e-01 -2.04876797e-02  8.08472970e-01  9.15125103e-04 
 2.85348900e-05 -2.87235937e-01 -1.99892390e-02  8.08472970e-01  9.14975584e-04 
 2.85398900e-05 -2.87235937e-01 -1.95014906e-02  8.08472970e-01  9.15125054e-04 
 2.85448900e-05 -2.87235937e-01 -1.90242662e-02  8.08472970e-01  9.14975586e-04 
 2.85498900e-05 -2.87235937e-01 -1.85573978e-02  8.08472970e-01  9.15125004e-04 
 2.85548900e-05 -2.87235937e-01 -1.81007179e-02  8.08472970e-01  9.14975589e-04 
 2.85598900e-05 -2.87235937e-01 -1.76540592e-02  8.08472970e-01  9.15124955e-04 
 2.85648900e-05 -2.87235937e-01 -1.72172553e-02  8.08472970e-01  9.14975592e-04 
 2.85698900e-05 -2.87235937e-01 -1.67901402e-02  8.08472970e-01  9.15124907e-04 
 2.85748900e-05 -2.87235937e-01 -1.63725486e-02  8.08472970e-01  9.14975596e-04 
 2.85798900e-05 -2.87235937e-01 -1.59643163e-02  8.08472970e-01  9.15124859e-04 
 2.85848900e-05 -2.87235937e-01 -1.55652796e-02  8.08472970e-01  9.14975600e-04 
 2.85898900e-05 -2.87235937e-01 -1.51752758e-02  8.08472970e-01  9.15124813e-04 
 2.85948900e-05 -2.87235937e-01 -1.47941433e-02  8.08472970e-01  9.14975606e-04 
 2.85998900e-05 -2.87235937e-01 -1.44217215e-02  8.08472970e-01  9.15124766e-04 
 2.86048900e-05 -2.87235937e-01 -1.40578509e-02  8.08472970e-01  9.14975612e-04 
 2.86098900e-05 -2.87235937e-01 -1.37023733e-02  8.08472970e-01  9.15124721e-04 
 2.86148900e-05 -2.87235937e-01 -1.33551316e-02  8.08472970e-01  9.14975618e-04 
 2.86198900e-05 -2.87235937e-01 -1.30159702e-02  8.08472970e-01  9.15124676e-04 
 2.86248900e-05 -2.87235937e-01 -1.26847348e-02  8.08472970e-01  9.14975626e-04 
 2.86298900e-05 -2.87235937e-01 -1.23612725e-02  8.08472970e-01  9.15124632e-04 
 2.86348900e-05 -2.87235937e-01 -1.20454319e-02  8.08472970e-01  9.14975634e-04 
 2.86398900e-05 -2.87235937e-01 -1.17370633e-02  8.08472970e-01  9.15124589e-04 
 2.86448900e-05 -2.87235937e-01 -1.14360183e-02  8.08472970e-01  9.14975642e-04 
 2.86498900e-05 -2.87235937e-01 -1.11421504e-02  8.08472970e-01  9.15124546e-04 
 2.86548900e-05 -2.87235937e-01 -1.08553145e-02  8.08472970e-01  9.14975652e-04 
 2.86598900e-05 -2.87235937e-01 -1.05753676e-02  8.08472970e-01  9.15124504e-04 
 2.86648900e-05 -2.87235937e-01 -1.03021680e-02  8.08472970e-01  9.14975662e-04 
 2.86698900e-05 -2.87235937e-01 -1.00355762e-02  8.08472970e-01  9.15124463e-04 
 2.86748900e-05 -2.87235937e-01 -9.77545407e-03  8.08472970e-01  9.14975673e-04 
 2.86798900e-05 -2.87235937e-01 -9.52166577e-03  8.08472970e-01  9.15124423e-04 
 2.86848900e-05 -2.87235937e-01 -9.27407700e-03  8.08472970e-01  9.14975684e-04 
 2.86898900e-05 -2.87235937e-01 -9.03255553e-03  8.08472970e-01  9.15124383e-04 
 2.86948900e-05 -2.87235937e-01 -8.79697090e-03  8.08472970e-01  9.14975697e-04 
 2.86998900e-05 -2.87235937e-01 -8.56719470e-03  8.08472970e-01  9.15124344e-04 
 2.87048900e-05 -2.87235937e-01 -8.34310033e-03  8.08472970e-01  9.14975710e-04 
 2.87098900e-05 -2.87235937e-01 -8.12456324e-03  8.08472970e-01  9.15124305e-04 
 2.87148900e-05 -2.87235937e-01 -7.91146078e-03  8.08472970e-01  9.14975723e-04 
 2.87198900e-05 -2.87235937e-01 -7.70367229e-03  8.08472970e-01  9.15124268e-04 
 2.87248900e-05 -2.87235937e-01 -7.50107905e-03  8.08472970e-01  9.14975737e-04 
 2.87298900e-05 -2.87235937e-01 -7.30356437e-03  8.08472970e-01  9.15124230e-04 
 2.87348900e-05 -2.87235937e-01 -7.11101345e-03  8.08472970e-01  9.14975752e-04 
 2.87398900e-05 -2.87235937e-01 -6.92331355e-03  8.08472970e-01  9.15124194e-04 
 2.87448900e-05 -2.87235937e-01 -6.74035381e-03  8.08472970e-01  9.14975767e-04 
 2.87498900e-05 -2.87235937e-01 -6.56202543e-03  8.08472970e-01  9.15124158e-04 
 2.87548900e-05 -2.87235937e-01 -6.38822146e-03  8.08472970e-01  9.14975783e-04 
 2.87598900e-05 -2.87235937e-01 -6.21883702e-03  8.08472970e-01  9.15124122e-04 
 2.87648900e-05 -2.87235937e-01 -6.05376904e-03  8.08472970e-01  9.14975799e-04 
 2.87698900e-05 -2.87235937e-01 -5.89291650e-03  8.08472970e-01  9.15124087e-04 
 2.87748900e-05 -2.87235937e-01 -5.73618021e-03  8.08472970e-01  9.14975816e-04 
 2.87798900e-05 -2.87235937e-01 -5.58346294e-03  8.08472970e-01  9.15124053e-04 
 2.87848900e-05 -2.87235937e-01 -5.43466929e-03  8.08472970e-01  9.14975833e-04 
 2.87898900e-05 -2.87235937e-01 -5.28970581e-03  8.08472970e-01  9.15124019e-04 
 2.87948900e-05 -2.87235937e-01 -5.14848083e-03  8.08472970e-01  9.14975851e-04 
 2.87998900e-05 -2.87235937e-01 -5.01090457e-03  8.08472970e-01  9.15123985e-04 
 2.88048900e-05 -2.87235937e-01 -4.87688903e-03  8.08472970e-01  9.14975869e-04 
 2.88098900e-05 -2.87235937e-01 -4.74634806e-03  8.08472970e-01  9.15123952e-04 
 2.88148900e-05 -2.87235937e-01 -4.61919722e-03  8.08472970e-01  9.14975887e-04 
 2.88198900e-05 -2.87235937e-01 -4.49535392e-03  8.08472970e-01  9.15123919e-04 
 2.88248900e-05 -2.87235937e-01 -4.37473719e-03  8.08472970e-01  9.14975906e-04 
 2.88298900e-05 -2.87235937e-01 -4.25726790e-03  8.08472970e-01  9.15123887e-04 
 2.88348900e-05 -2.87235937e-01 -4.14286850e-03  8.08472970e-01  9.14975926e-04 
 2.88398900e-05 -2.87235937e-01 -4.03146321e-03  8.08472970e-01  9.15123855e-04 
 2.88448900e-05 -2.87235937e-01 -3.92297780e-03  8.08472970e-01  9.14975945e-04 
 2.88498900e-05 -2.87235937e-01 -3.81733975e-03  8.08472970e-01  9.15123823e-04 
 2.88548900e-05 -2.87235937e-01 -3.71447805e-03  8.08472970e-01  9.14975965e-04 
 2.88598900e-05 -2.87235937e-01 -3.61432336e-03  8.08472970e-01  9.15123792e-04 
 2.88648900e-05 -2.87235937e-01 -3.51680778e-03  8.08472970e-01  9.14975985e-04 
 2.88698900e-05 -2.87235937e-01 -3.42186504e-03  8.08472970e-01  9.15123761e-04 
 2.88748900e-05 -2.87235937e-01 -3.32943027e-03  8.08472970e-01  9.14976006e-04 
 2.88798900e-05 -2.87235937e-01 -3.23944016e-03  8.08472970e-01  9.15123731e-04 
 2.88848900e-05 -2.87235937e-01 -3.15183278e-03  8.08472970e-01  9.14976027e-04 
 2.88898900e-05 -2.87235937e-01 -3.06654770e-03  8.08472970e-01  9.15123700e-04 
 2.88948900e-05 -2.87235937e-01 -2.98352577e-03  8.08472970e-01  9.14976048e-04 
 2.88998900e-05 -2.87235937e-01 -2.90270936e-03  8.08472970e-01  9.15123670e-04 
 2.89048900e-05 -2.87235937e-01 -2.82404204e-03  8.08472970e-01  9.14976069e-04 
 2.89098900e-05 -2.87235937e-01 -2.74746884e-03  8.08472970e-01  9.15123640e-04 
 2.89148900e-05 -2.87235937e-01 -2.67293597e-03  8.08472970e-01  9.14976091e-04 
 2.89198900e-05 -2.87235937e-01 -2.60039100e-03  8.08472970e-01  9.15123611e-04 
 2.89248900e-05 -2.87235937e-01 -2.52978269e-03  8.08472970e-01  9.14976113e-04 
 2.89298900e-05 -2.87235937e-01 -2.46106108e-03  8.08472970e-01  9.15123581e-04 
 2.89348900e-05 -2.87235937e-01 -2.39417733e-03  8.08472970e-01  9.14976135e-04 
 2.89398900e-05 -2.87235937e-01 -2.32908388e-03  8.08472970e-01  9.15123552e-04 
 2.89448900e-05 -2.87235937e-01 -2.26573423e-03  8.08472970e-01  9.14976157e-04 
 2.89498900e-05 -2.87235937e-01 -2.20408307e-03  8.08472970e-01  9.15123523e-04 
 2.89548900e-05 -2.87235937e-01 -2.14408614e-03  8.08472970e-01  9.14976179e-04 
 2.89598900e-05 -2.87235937e-01 -2.08570033e-03  8.08472970e-01  9.15123495e-04 
 2.89648900e-05 -2.87235937e-01 -2.02888352e-03  8.08472970e-01  9.14976202e-04 
 2.89698900e-05 -2.87235937e-01 -1.97359469e-03  8.08472970e-01  9.15123466e-04 
 2.89748900e-05 -2.87235937e-01 -1.91979377e-03  8.08472970e-01  9.14976225e-04 
 2.89798900e-05 -2.87235937e-01 -1.86744176e-03  8.08472970e-01  9.15123438e-04 
 2.89848900e-05 -2.87235937e-01 -1.81650054e-03  8.08472970e-01  9.14976247e-04 
 2.89898900e-05 -2.87235937e-01 -1.76693304e-03  8.08472970e-01  9.15123409e-04 
 2.89948900e-05 -2.87235937e-01 -1.71870302e-03  8.08472970e-01  9.14976270e-04 
 2.89979450e-05 -2.87235937e-01 -1.68987870e-03  8.08472970e-01  9.15123374e-04 
 2.90010000e-05 -2.87235937e-01 -1.66153257e-03  8.08472970e-01  9.14976311e-04 
 2.90011000e-05 -2.87235937e-01 -1.66153823e-03  8.08472970e-01  8.85500273e-04 
 2.90013000e-05 -2.87235937e-01 -1.66155772e-03  8.08472970e-01  8.78503387e-04 
 2.90015933e-05 -2.87235937e-01 -1.66156161e-03  8.08472970e-01  8.79086717e-04 
 2.90017967e-05 -2.87235937e-01 -1.66156231e-03  8.08472970e-01  8.71101505e-04 
 2.90020000e-05 -2.87235937e-01 -1.66156265e-03  8.08472970e-01  8.70872303e-04 
 2.90020407e-05 -2.87235937e-01 -1.66156264e-03  8.08472970e-01  9.14751204e-04 
 2.90021220e-05 -2.87235937e-01 -1.66156264e-03  8.08472970e-01  9.15344324e-04 
 2.90022847e-05 -2.87235937e-01 -1.66156263e-03  8.08472970e-01  9.14757356e-04 
 2.90026100e-05 -2.87235937e-01 -1.66156263e-03  8.08472970e-01  9.15341210e-04 
 2.90032607e-05 -2.87235937e-01 -1.66156261e-03  8.08472970e-01  9.14758874e-04 
 2.90045622e-05 -2.87235937e-01 -1.66156259e-03  8.08472970e-01  9.15340453e-04 
 2.90071650e-05 -2.87235937e-01 -1.66156253e-03  8.08472970e-01  9.14759252e-04 
 2.90121650e-05 -2.87235937e-01 -1.66156243e-03  8.08472970e-01  9.15340261e-04 
 2.90171650e-05 -2.87235937e-01 -1.66156233e-03  8.08472970e-01  9.14759383e-04 
 2.90221650e-05 -2.87235937e-01 -1.66156223e-03  8.08472970e-01  9.15340130e-04 
 2.90271650e-05 -2.87235937e-01 -1.66156212e-03  8.08472970e-01  9.14759514e-04 
 2.90321650e-05 -2.87235937e-01 -1.66156202e-03  8.08472970e-01  9.15339999e-04 
 2.90371650e-05 -2.87235937e-01 -1.66156192e-03  8.08472970e-01  9.14759645e-04 
 2.90421650e-05 -2.87235937e-01 -1.66156182e-03  8.08472970e-01  9.15339868e-04 
 2.90471650e-05 -2.87235937e-01 -1.66156171e-03  8.08472970e-01  9.14759776e-04 
 2.90521650e-05 -2.87235937e-01 -1.66156161e-03  8.08472970e-01  9.15339737e-04 
 2.90571650e-05 -2.87235937e-01 -1.66156151e-03  8.08472970e-01  9.14759907e-04 
 2.90621650e-05 -2.87235937e-01 -1.66156141e-03  8.08472970e-01  9.15339606e-04 
 2.90671650e-05 -2.87235937e-01 -1.66156130e-03  8.08472970e-01  9.14760038e-04 
 2.90721650e-05 -2.87235937e-01 -1.66156120e-03  8.08472970e-01  9.15339475e-04 
 2.90771650e-05 -2.87235937e-01 -1.66156110e-03  8.08472970e-01  9.14760169e-04 
 2.90821650e-05 -2.87235937e-01 -1.66156100e-03  8.08472970e-01  9.15339344e-04 
 2.90871650e-05 -2.87235937e-01 -1.66156089e-03  8.08472970e-01  9.14760300e-04 
 2.90921650e-05 -2.87235937e-01 -1.66156079e-03  8.08472970e-01  9.15339214e-04 
 2.90971650e-05 -2.87235937e-01 -1.66156069e-03  8.08472970e-01  9.14760431e-04 
 2.91021650e-05 -2.87235937e-01 -1.66156059e-03  8.08472970e-01  9.15339083e-04 
 2.91071650e-05 -2.87235937e-01 -1.66156048e-03  8.08472970e-01  9.14760561e-04 
 2.91121650e-05 -2.87235937e-01 -1.66156038e-03  8.08472970e-01  9.15338952e-04 
 2.91171650e-05 -2.87235937e-01 -1.66156028e-03  8.08472970e-01  9.14760692e-04 
 2.91221650e-05 -2.87235937e-01 -1.66156017e-03  8.08472970e-01  9.15338822e-04 
 2.91271650e-05 -2.87235937e-01 -1.66156007e-03  8.08472970e-01  9.14760822e-04 
 2.91321650e-05 -2.87235937e-01 -1.66155997e-03  8.08472970e-01  9.15338691e-04 
 2.91371650e-05 -2.87235937e-01 -1.66155987e-03  8.08472970e-01  9.14760953e-04 
 2.91421650e-05 -2.87235937e-01 -1.66155976e-03  8.08472970e-01  9.15338561e-04 
 2.91471650e-05 -2.87235937e-01 -1.66155966e-03  8.08472970e-01  9.14761083e-04 
 2.91521650e-05 -2.87235937e-01 -1.66155956e-03  8.08472970e-01  9.15338431e-04 
 2.91571650e-05 -2.87235937e-01 -1.66155946e-03  8.08472970e-01  9.14761213e-04 
 2.91621650e-05 -2.87235937e-01 -1.66155935e-03  8.08472970e-01  9.15338300e-04 
 2.91671650e-05 -2.87235937e-01 -1.66155925e-03  8.08472970e-01  9.14761344e-04 
 2.91721650e-05 -2.87235937e-01 -1.66155915e-03  8.08472970e-01  9.15338170e-04 
 2.91771650e-05 -2.87235937e-01 -1.66155905e-03  8.08472970e-01  9.14761474e-04 
 2.91821650e-05 -2.87235937e-01 -1.66155894e-03  8.08472970e-01  9.15338040e-04 
 2.91871650e-05 -2.87235937e-01 -1.66155884e-03  8.08472970e-01  9.14761604e-04 
 2.91921650e-05 -2.87235937e-01 -1.66155874e-03  8.08472970e-01  9.15337910e-04 
 2.91971650e-05 -2.87235937e-01 -1.66155864e-03  8.08472970e-01  9.14761734e-04 
 2.92021650e-05 -2.87235937e-01 -1.66155853e-03  8.08472970e-01  9.15337780e-04 
 2.92071650e-05 -2.87235937e-01 -1.66155843e-03  8.08472970e-01  9.14761864e-04 
 2.92121650e-05 -2.87235937e-01 -1.66155833e-03  8.08472970e-01  9.15337650e-04 
 2.92171650e-05 -2.87235937e-01 -1.66155823e-03  8.08472970e-01  9.14761994e-04 
 2.92221650e-05 -2.87235937e-01 -1.66155812e-03  8.08472970e-01  9.15337520e-04 
 2.92271650e-05 -2.87235937e-01 -1.66155802e-03  8.08472970e-01  9.14762124e-04 
 2.92321650e-05 -2.87235937e-01 -1.66155792e-03  8.08472970e-01  9.15337390e-04 
 2.92371650e-05 -2.87235937e-01 -1.66155782e-03  8.08472970e-01  9.14762254e-04 
 2.92421650e-05 -2.87235937e-01 -1.66155771e-03  8.08472970e-01  9.15337260e-04 
 2.92471650e-05 -2.87235937e-01 -1.66155761e-03  8.08472970e-01  9.14762384e-04 
 2.92521650e-05 -2.87235937e-01 -1.66155751e-03  8.08472970e-01  9.15337130e-04 
 2.92571650e-05 -2.87235937e-01 -1.66155740e-03  8.08472970e-01  9.14762514e-04 
 2.92621650e-05 -2.87235937e-01 -1.66155730e-03  8.08472970e-01  9.15337000e-04 
 2.92671650e-05 -2.87235937e-01 -1.66155720e-03  8.08472970e-01  9.14762643e-04 
 2.92721650e-05 -2.87235937e-01 -1.66155710e-03  8.08472970e-01  9.15336871e-04 
 2.92771650e-05 -2.87235937e-01 -1.66155699e-03  8.08472970e-01  9.14762773e-04 
 2.92821650e-05 -2.87235937e-01 -1.66155689e-03  8.08472970e-01  9.15336741e-04 
 2.92871650e-05 -2.87235937e-01 -1.66155679e-03  8.08472970e-01  9.14762903e-04 
 2.92921650e-05 -2.87235937e-01 -1.66155669e-03  8.08472970e-01  9.15336611e-04 
 2.92971650e-05 -2.87235937e-01 -1.66155658e-03  8.08472970e-01  9.14763032e-04 
 2.93021650e-05 -2.87235937e-01 -1.66155648e-03  8.08472970e-01  9.15336482e-04 
 2.93071650e-05 -2.87235937e-01 -1.66155638e-03  8.08472970e-01  9.14763162e-04 
 2.93121650e-05 -2.87235937e-01 -1.66155628e-03  8.08472970e-01  9.15336353e-04 
 2.93171650e-05 -2.87235937e-01 -1.66155617e-03  8.08472970e-01  9.14763291e-04 
 2.93221650e-05 -2.87235937e-01 -1.66155607e-03  8.08472970e-01  9.15336223e-04 
 2.93271650e-05 -2.87235937e-01 -1.66155597e-03  8.08472970e-01  9.14763420e-04 
 2.93321650e-05 -2.87235937e-01 -1.66155587e-03  8.08472970e-01  9.15336094e-04 
 2.93371650e-05 -2.87235937e-01 -1.66155576e-03  8.08472970e-01  9.14763550e-04 
 2.93421650e-05 -2.87235937e-01 -1.66155566e-03  8.08472970e-01  9.15335965e-04 
 2.93471650e-05 -2.87235937e-01 -1.66155556e-03  8.08472970e-01  9.14763679e-04 
 2.93521650e-05 -2.87235937e-01 -1.66155546e-03  8.08472970e-01  9.15335835e-04 
 2.93571650e-05 -2.87235937e-01 -1.66155535e-03  8.08472970e-01  9.14763808e-04 
 2.93621650e-05 -2.87235937e-01 -1.66155525e-03  8.08472970e-01  9.15335706e-04 
 2.93671650e-05 -2.87235937e-01 -1.66155515e-03  8.08472970e-01  9.14763937e-04 
 2.93721650e-05 -2.87235937e-01 -1.66155504e-03  8.08472970e-01  9.15335577e-04 
 2.93771650e-05 -2.87235937e-01 -1.66155494e-03  8.08472970e-01  9.14764066e-04 
 2.93821650e-05 -2.87235937e-01 -1.66155484e-03  8.08472970e-01  9.15335448e-04 
 2.93871650e-05 -2.87235937e-01 -1.66155474e-03  8.08472970e-01  9.14764195e-04 
 2.93921650e-05 -2.87235937e-01 -1.66155463e-03  8.08472970e-01  9.15335319e-04 
 2.93971650e-05 -2.87235937e-01 -1.66155453e-03  8.08472970e-01  9.14764324e-04 
 2.94021650e-05 -2.87235937e-01 -1.66155443e-03  8.08472970e-01  9.15335190e-04 
 2.94071650e-05 -2.87235937e-01 -1.66155433e-03  8.08472970e-01  9.14764453e-04 
 2.94121650e-05 -2.87235937e-01 -1.66155422e-03  8.08472970e-01  9.15335061e-04 
 2.94171650e-05 -2.87235937e-01 -1.66155412e-03  8.08472970e-01  9.14764582e-04 
 2.94221650e-05 -2.87235937e-01 -1.66155402e-03  8.08472970e-01  9.15334932e-04 
 2.94271650e-05 -2.87235937e-01 -1.66155392e-03  8.08472970e-01  9.14764711e-04 
 2.94321650e-05 -2.87235937e-01 -1.66155381e-03  8.08472970e-01  9.15334804e-04 
 2.94371650e-05 -2.87235937e-01 -1.66155371e-03  8.08472970e-01  9.14764839e-04 
 2.94421650e-05 -2.87235937e-01 -1.66155361e-03  8.08472970e-01  9.15334675e-04 
 2.94471650e-05 -2.87235937e-01 -1.66155351e-03  8.08472970e-01  9.14764968e-04 
 2.94521650e-05 -2.87235937e-01 -1.66155340e-03  8.08472970e-01  9.15334546e-04 
 2.94571650e-05 -2.87235937e-01 -1.66155330e-03  8.08472970e-01  9.14765097e-04 
 2.94621650e-05 -2.87235937e-01 -1.66155320e-03  8.08472970e-01  9.15334418e-04 
 2.94671650e-05 -2.87235937e-01 -1.66155310e-03  8.08472970e-01  9.14765225e-04 
 2.94721650e-05 -2.87235937e-01 -1.66155299e-03  8.08472970e-01  9.15334289e-04 
 2.94771650e-05 -2.87235937e-01 -1.66155289e-03  8.08472970e-01  9.14765354e-04 
 2.94821650e-05 -2.87235937e-01 -1.66155279e-03  8.08472970e-01  9.15334161e-04 
 2.94871650e-05 -2.87235937e-01 -1.66155269e-03  8.08472970e-01  9.14765482e-04 
 2.94921650e-05 -2.87235937e-01 -1.66155258e-03  8.08472970e-01  9.15334032e-04 
 2.94971650e-05 -2.87235937e-01 -1.66155248e-03  8.08472970e-01  9.14765611e-04 
 2.95021650e-05 -2.87235937e-01 -1.66155238e-03  8.08472970e-01  9.15333904e-04 
 2.95071650e-05 -2.87235937e-01 -1.66155227e-03  8.08472970e-01  9.14765739e-04 
 2.95121650e-05 -2.87235937e-01 -1.66155217e-03  8.08472970e-01  9.15333776e-04 
 2.95171650e-05 -2.87235937e-01 -1.66155207e-03  8.08472970e-01  9.14765867e-04 
 2.95221650e-05 -2.87235937e-01 -1.66155197e-03  8.08472970e-01  9.15333648e-04 
 2.95271650e-05 -2.87235937e-01 -1.66155186e-03  8.08472970e-01  9.14765995e-04 
 2.95321650e-05 -2.87235937e-01 -1.66155176e-03  8.08472970e-01  9.15333519e-04 
 2.95371650e-05 -2.87235937e-01 -1.66155166e-03  8.08472970e-01  9.14766124e-04 
 2.95421650e-05 -2.87235937e-01 -1.66155156e-03  8.08472970e-01  9.15333391e-04 
 2.95471650e-05 -2.87235937e-01 -1.66155145e-03  8.08472970e-01  9.14766252e-04 
 2.95521650e-05 -2.87235937e-01 -1.66155135e-03  8.08472970e-01  9.15333263e-04 
 2.95571650e-05 -2.87235937e-01 -1.66155125e-03  8.08472970e-01  9.14766380e-04 
 2.95621650e-05 -2.87235937e-01 -1.66155115e-03  8.08472970e-01  9.15333135e-04 
 2.95671650e-05 -2.87235937e-01 -1.66155104e-03  8.08472970e-01  9.14766508e-04 
 2.95721650e-05 -2.87235937e-01 -1.66155094e-03  8.08472970e-01  9.15333007e-04 
 2.95771650e-05 -2.87235937e-01 -1.66155084e-03  8.08472970e-01  9.14766636e-04 
 2.95821650e-05 -2.87235937e-01 -1.66155074e-03  8.08472970e-01  9.15332879e-04 
 2.95871650e-05 -2.87235937e-01 -1.66155063e-03  8.08472970e-01  9.14766763e-04 
 2.95921650e-05 -2.87235937e-01 -1.66155053e-03  8.08472970e-01  9.15332752e-04 
 2.95971650e-05 -2.87235937e-01 -1.66155043e-03  8.08472970e-01  9.14766891e-04 
 2.96021650e-05 -2.87235937e-01 -1.66155033e-03  8.08472970e-01  9.15332624e-04 
 2.96071650e-05 -2.87235937e-01 -1.66155022e-03  8.08472970e-01  9.14767019e-04 
 2.96121650e-05 -2.87235937e-01 -1.66155012e-03  8.08472970e-01  9.15332496e-04 
 2.96171650e-05 -2.87235937e-01 -1.66155002e-03  8.08472970e-01  9.14767147e-04 
 2.96221650e-05 -2.87235937e-01 -1.66154992e-03  8.08472970e-01  9.15332368e-04 
 2.96271650e-05 -2.87235937e-01 -1.66154981e-03  8.08472970e-01  9.14767274e-04 
 2.96321650e-05 -2.87235937e-01 -1.66154971e-03  8.08472970e-01  9.15332241e-04 
 2.96371650e-05 -2.87235937e-01 -1.66154961e-03  8.08472970e-01  9.14767402e-04 
 2.96421650e-05 -2.87235937e-01 -1.66154950e-03  8.08472970e-01  9.15332113e-04 
 2.96471650e-05 -2.87235937e-01 -1.66154940e-03  8.08472970e-01  9.14767529e-04 
 2.96521650e-05 -2.87235937e-01 -1.66154930e-03  8.08472970e-01  9.15331986e-04 
 2.96571650e-05 -2.87235937e-01 -1.66154920e-03  8.08472970e-01  9.14767657e-04 
 2.96621650e-05 -2.87235937e-01 -1.66154909e-03  8.08472970e-01  9.15331858e-04 
 2.96671650e-05 -2.87235937e-01 -1.66154899e-03  8.08472970e-01  9.14767784e-04 
 2.96721650e-05 -2.87235937e-01 -1.66154889e-03  8.08472970e-01  9.15331731e-04 
 2.96771650e-05 -2.87235937e-01 -1.66154879e-03  8.08472970e-01  9.14767912e-04 
 2.96821650e-05 -2.87235937e-01 -1.66154868e-03  8.08472970e-01  9.15331604e-04 
 2.96871650e-05 -2.87235937e-01 -1.66154858e-03  8.08472970e-01  9.14768039e-04 
 2.96921650e-05 -2.87235937e-01 -1.66154848e-03  8.08472970e-01  9.15331476e-04 
 2.96971650e-05 -2.87235937e-01 -1.66154838e-03  8.08472970e-01  9.14768166e-04 
 2.97021650e-05 -2.87235937e-01 -1.66154827e-03  8.08472970e-01  9.15331349e-04 
 2.97071650e-05 -2.87235937e-01 -1.66154817e-03  8.08472970e-01  9.14768293e-04 
 2.97121650e-05 -2.87235937e-01 -1.66154807e-03  8.08472970e-01  9.15331222e-04 
 2.97171650e-05 -2.87235937e-01 -1.66154797e-03  8.08472970e-01  9.14768420e-04 
 2.97221650e-05 -2.87235937e-01 -1.66154786e-03  8.08472970e-01  9.15331095e-04 
 2.97271650e-05 -2.87235937e-01 -1.66154776e-03  8.08472970e-01  9.14768547e-04 
 2.97321650e-05 -2.87235937e-01 -1.66154766e-03  8.08472970e-01  9.15330968e-04 
 2.97371650e-05 -2.87235937e-01 -1.66154756e-03  8.08472970e-01  9.14768674e-04 
 2.97421650e-05 -2.87235937e-01 -1.66154745e-03  8.08472970e-01  9.15330841e-04 
 2.97471650e-05 -2.87235937e-01 -1.66154735e-03  8.08472970e-01  9.14768801e-04 
 2.97521650e-05 -2.87235937e-01 -1.66154725e-03  8.08472970e-01  9.15330714e-04 
 2.97571650e-05 -2.87235937e-01 -1.66154715e-03  8.08472970e-01  9.14768928e-04 
 2.97621650e-05 -2.87235937e-01 -1.66154704e-03  8.08472970e-01  9.15330587e-04 
 2.97671650e-05 -2.87235937e-01 -1.66154694e-03  8.08472970e-01  9.14769055e-04 
 2.97721650e-05 -2.87235937e-01 -1.66154684e-03  8.08472970e-01  9.15330460e-04 
 2.97771650e-05 -2.87235937e-01 -1.66154673e-03  8.08472970e-01  9.14769182e-04 
 2.97821650e-05 -2.87235937e-01 -1.66154663e-03  8.08472970e-01  9.15330334e-04 
 2.97871650e-05 -2.87235937e-01 -1.66154653e-03  8.08472970e-01  9.14769309e-04 
 2.97921650e-05 -2.87235937e-01 -1.66154643e-03  8.08472970e-01  9.15330207e-04 
 2.97971650e-05 -2.87235937e-01 -1.66154632e-03  8.08472970e-01  9.14769435e-04 
 2.98021650e-05 -2.87235937e-01 -1.66154622e-03  8.08472970e-01  9.15330080e-04 
 2.98071650e-05 -2.87235937e-01 -1.66154612e-03  8.08472970e-01  9.14769562e-04 
 2.98121650e-05 -2.87235937e-01 -1.66154602e-03  8.08472970e-01  9.15329954e-04 
 2.98171650e-05 -2.87235937e-01 -1.66154591e-03  8.08472970e-01  9.14769688e-04 
 2.98221650e-05 -2.87235937e-01 -1.66154581e-03  8.08472970e-01  9.15329827e-04 
 2.98271650e-05 -2.87235937e-01 -1.66154571e-03  8.08472970e-01  9.14769815e-04 
 2.98321650e-05 -2.87235937e-01 -1.66154561e-03  8.08472970e-01  9.15329701e-04 
 2.98371650e-05 -2.87235937e-01 -1.66154550e-03  8.08472970e-01  9.14769941e-04 
 2.98421650e-05 -2.87235937e-01 -1.66154540e-03  8.08472970e-01  9.15329574e-04 
 2.98471650e-05 -2.87235937e-01 -1.66154530e-03  8.08472970e-01  9.14770068e-04 
 2.98521650e-05 -2.87235937e-01 -1.66154520e-03  8.08472970e-01  9.15329448e-04 
 2.98571650e-05 -2.87235937e-01 -1.66154509e-03  8.08472970e-01  9.14770194e-04 
 2.98621650e-05 -2.87235937e-01 -1.66154499e-03  8.08472970e-01  9.15329322e-04 
 2.98671650e-05 -2.87235937e-01 -1.66154489e-03  8.08472970e-01  9.14770320e-04 
 2.98721650e-05 -2.87235937e-01 -1.66154479e-03  8.08472970e-01  9.15329195e-04 
 2.98771650e-05 -2.87235937e-01 -1.66154468e-03  8.08472970e-01  9.14770447e-04 
 2.98821650e-05 -2.87235937e-01 -1.66154458e-03  8.08472970e-01  9.15329069e-04 
 2.98871650e-05 -2.87235937e-01 -1.66154448e-03  8.08472970e-01  9.14770573e-04 
 2.98921650e-05 -2.87235937e-01 -1.66154437e-03  8.08472970e-01  9.15328943e-04 
 2.98971650e-05 -2.87235937e-01 -1.66154427e-03  8.08472970e-01  9.14770699e-04 
 2.99021650e-05 -2.87235937e-01 -1.66154417e-03  8.08472970e-01  9.15328817e-04 
 2.99071650e-05 -2.87235937e-01 -1.66154407e-03  8.08472970e-01  9.14770825e-04 
 2.99121650e-05 -2.87235937e-01 -1.66154396e-03  8.08472970e-01  9.15328691e-04 
 2.99171650e-05 -2.87235937e-01 -1.66154386e-03  8.08472970e-01  9.14770951e-04 
 2.99221650e-05 -2.87235937e-01 -1.66154376e-03  8.08472970e-01  9.15328565e-04 
 2.99271650e-05 -2.87235937e-01 -1.66154366e-03  8.08472970e-01  9.14771077e-04 
 2.99321650e-05 -2.87235937e-01 -1.66154355e-03  8.08472970e-01  9.15328439e-04 
 2.99371650e-05 -2.87235937e-01 -1.66154345e-03  8.08472970e-01  9.14771203e-04 
 2.99421650e-05 -2.87235937e-01 -1.66154335e-03  8.08472970e-01  9.15328313e-04 
 2.99471650e-05 -2.87235937e-01 -1.66154325e-03  8.08472970e-01  9.14771328e-04 
 2.99521650e-05 -2.87235937e-01 -1.66154314e-03  8.08472970e-01  9.15328187e-04 
 2.99571650e-05 -2.87235937e-01 -1.66154304e-03  8.08472970e-01  9.14771454e-04 
 2.99621650e-05 -2.87235937e-01 -1.66154294e-03  8.08472970e-01  9.15328062e-04 
 2.99671650e-05 -2.87235937e-01 -1.66154284e-03  8.08472970e-01  9.14771580e-04 
 2.99721650e-05 -2.87235937e-01 -1.66154273e-03  8.08472970e-01  9.15327936e-04 
 2.99771650e-05 -2.87235937e-01 -1.66154263e-03  8.08472970e-01  9.14771706e-04 
 2.99821650e-05 -2.87235937e-01 -1.66154253e-03  8.08472970e-01  9.15327810e-04 
 2.99871650e-05 -2.87235937e-01 -1.66154243e-03  8.08472970e-01  9.14771831e-04 
 2.99921650e-05 -2.87235937e-01 -1.66154232e-03  8.08472970e-01  9.15327685e-04 
 2.99960825e-05 -2.87235937e-01 -1.66154224e-03  8.08472970e-01  9.14771974e-04 
 3.00000000e-05 -2.87235937e-01 -1.66154216e-03  8.08472970e-01  9.15327525e-04 
 3.00001000e-05 -2.87240237e-01 -1.66154201e-03  8.08478108e-01  9.60159245e-04 
 3.00003000e-05 -2.87271391e-01 -1.66154127e-03  8.08494155e-01  9.53734965e-04 
 3.00006500e-05 -2.87493587e-01 -1.66144460e-03  8.08530575e-01  9.50942113e-04 
 3.00010000e-05 -2.85941373e-01 -2.11418424e-03  8.09369209e-01  9.41267778e-04 
 3.00010700e-05 -2.85048665e-01 -2.29059986e-03  8.09774773e-01  9.13028809e-04 
 3.00012100e-05 -2.83005217e-01 -2.63078295e-03  8.10678433e-01  9.12282842e-04 
 3.00014900e-05 -2.78417471e-01 -3.24423751e-03  8.12612112e-01  9.12086624e-04 
 3.00020500e-05 -2.71380495e-01 -4.27138557e-03  8.15399422e-01  9.12304934e-04 
 3.00031700e-05 -2.66817513e-01 -5.84154619e-03  8.16848320e-01  9.13418618e-04 
 3.00054100e-05 -2.68255799e-01 -8.11682937e-03  8.15004175e-01  9.14120629e-04 
 3.00077050e-05 -2.64721853e-01 -9.97454354e-03  8.13980834e-01  9.14427476e-04 
 3.00100000e-05 -2.53210631e-01 -1.16795345e-02  8.14498051e-01  9.14141161e-04 
 3.00104590e-05 -2.49797027e-01 -1.20063313e-02  8.14703078e-01  9.14191874e-04 
 3.00113770e-05 -2.41940776e-01 -1.26515022e-02  8.15149194e-01  9.14130658e-04 
 3.00132130e-05 -2.22679386e-01 -1.38850420e-02  8.15968355e-01  9.14095686e-04 
 3.00168850e-05 -1.85372646e-01 -1.60920557e-02  8.16526760e-01  9.14273231e-04 
 3.00218850e-05 -1.47232612e-01 -1.85573391e-02  8.15752134e-01  9.14717902e-04 
 3.00268850e-05 -1.20486786e-01 -2.05090842e-02  8.14178001e-01  9.15310570e-04 
 3.00318850e-05 -1.00907857e-01 -2.20750157e-02  8.12353167e-01  9.15986945e-04 
 3.00368850e-05 -8.59993458e-02 -2.33403245e-02  8.10675138e-01  9.16684569e-04 
 3.00418850e-05 -7.41029012e-02 -2.43623472e-02  8.09210543e-01  9.17405218e-04 
 3.00468850e-05 -6.41119478e-02 -2.51834490e-02  8.07973496e-01  9.18080438e-04 
 3.00518850e-05 -5.53787003e-02 -2.58348234e-02  8.06921270e-01  9.18716954e-04 
 3.00568850e-05 -4.74483155e-02 -2.63385450e-02  8.06034556e-01  9.19240973e-04 
 3.00618850e-05 -4.00831949e-02 -2.67098564e-02  8.05285554e-01  9.19678738e-04 
 3.00668850e-05 -3.30994085e-02 -2.69593457e-02  8.04667871e-01  9.19964535e-04 
 3.00718850e-05 -2.64125086e-02 -2.70946305e-02  8.04168959e-01  9.20145945e-04 
 3.00768850e-05 -1.99450779e-02 -2.71214959e-02  8.03788566e-01  9.20169425e-04 
 3.00818850e-05 -1.36680807e-02 -2.70445032e-02  8.03519645e-01  9.20087483e-04 
 3.00868850e-05 -7.54628094e-03 -2.68675215e-02  8.03361396e-01  9.19855657e-04 
 3.00918850e-05 -1.56979980e-03 -2.65940966e-02  8.03306745e-01  9.19539090e-04 
 3.00968850e-05  4.27951000e-03 -2.62276392e-02  8.03352185e-01  9.19095684e-04 
 3.01018850e-05  1.00057421e-02 -2.57715024e-02  8.03489384e-01  9.18595838e-04 
 3.01068850e-05  1.56195904e-02 -2.52290272e-02  8.03711955e-01  9.17997773e-04 
 3.01118850e-05  2.11230046e-02 -2.46035647e-02  8.04010031e-01  9.17374718e-04 
 3.01168850e-05  2.65230866e-02 -2.38984827e-02  8.04375063e-01  9.16684187e-04 
 3.01218850e-05  3.18214048e-02 -2.31171615e-02  8.04796157e-01  9.16001671e-04 
 3.01268850e-05  3.70229971e-02 -2.22629829e-02  8.05263530e-01  9.15282060e-04 
 3.01318850e-05  4.21291937e-02 -2.13393148e-02  8.05765999e-01  9.14601061e-04 
 3.01368850e-05  4.71438010e-02 -2.03494934e-02  8.06293411e-01  9.13910478e-04 
 3.01418850e-05  5.20680103e-02 -1.92968058e-02  8.06834965e-01  9.13285049e-04 
 3.01468850e-05  5.69047522e-02 -1.81844705e-02  8.07380918e-01  9.12673035e-04 
 3.01518850e-05  6.16550063e-02 -1.70156195e-02  8.07921409e-01  9.12147333e-04 
 3.01568850e-05  6.63210265e-02 -1.57932815e-02  8.08447698e-01  9.11652443e-04 
 3.01618850e-05  7.09035631e-02 -1.45203666e-02  8.08951335e-01  9.11258925e-04 
 3.01668850e-05  7.54043165e-02 -1.31996534e-02  8.09425032e-01  9.10907486e-04 
 3.01718850e-05  7.98238057e-02 -1.18337779e-02  8.09862065e-01  9.10666118e-04 
 3.01768850e-05  8.41633256e-02 -1.04252256e-02  8.10256929e-01  9.10471883e-04 
 3.01818850e-05  8.84231999e-02 -8.97632612e-03  8.10604840e-01  9.10390203e-04 
 3.01868850e-05  9.26044101e-02 -7.48925105e-03  8.10902215e-01  9.10354844e-04 
 3.01918850e-05  9.67072053e-02 -5.96601486e-03  8.11146342e-01  9.10428769e-04 
 3.01968850e-05  1.00732387e-01 -4.40847878e-03  8.11335652e-01  9.10542903e-04 
 3.02018850e-05  1.04680202e-01 -2.81835775e-03  8.11469469e-01  9.10758073e-04 
 3.02068850e-05  1.08551412e-01 -1.19723004e-03  8.11548190e-01  9.11002911e-04 
 3.02118850e-05  1.12346349e-01  4.53450697e-04  8.11573059e-01  9.11336529e-04 
 3.02168850e-05  1.16065848e-01  2.13234126e-03  8.11546274e-01  9.11685892e-04 
 3.02218850e-05  1.19710404e-01  3.83819321e-03  8.11470777e-01  9.12108912e-04 
 3.02268850e-05  1.23280993e-01  5.56983591e-03  8.11350296e-01  9.12531565e-04 
 3.02318850e-05  1.26778325e-01  7.32615983e-03  8.11189139e-01  9.13011121e-04 
 3.02368850e-05  1.30203553e-01  9.10609877e-03  8.10992199e-01  9.13473267e-04 
 3.02418850e-05  1.33557607e-01  1.09086126e-02  8.10764754e-01  9.13975218e-04 
 3.02468850e-05  1.36841827e-01  1.27326725e-02  8.10512433e-01  9.14443023e-04 
 3.02518850e-05  1.40057339e-01  1.45772457e-02  8.10241018e-01  9.14934406e-04 
 3.02568850e-05  1.43205633e-01  1.64412838e-02  8.09956412e-01  9.15376382e-04 
 3.02618850e-05  1.46287994e-01  1.83237117e-02  8.09664440e-01  9.15827654e-04 
 3.02668850e-05  1.49306009e-01  2.02234195e-02  8.09370817e-01  9.16216708e-04 
 3.02718850e-05  1.52261062e-01  2.21392571e-02  8.09080974e-01  9.16603591e-04 
 3.02768850e-05  1.55154784e-01  2.40700305e-02  8.08800029e-01  9.16918621e-04 
 3.02818850e-05  1.57988595e-01  2.60145006e-02  8.08532642e-01  9.17223424e-04 
 3.02868850e-05  1.60764113e-01  2.79713853e-02  8.08283002e-01  9.17450353e-04 
 3.02918850e-05  1.63482739e-01  2.99393620e-02  8.08054715e-01  9.17662691e-04 
 3.02968850e-05  1.66146025e-01  3.19170736e-02  8.07850816e-01  9.17794874e-04 
 3.03018850e-05  1.68755311e-01  3.39031351e-02  8.07673685e-01  9.17911768e-04 
 3.03068850e-05  1.71312043e-01  3.58961419e-02  8.07525087e-01  9.17949790e-04 
 3.03118850e-05  1.73817464e-01  3.78946794e-02  8.07406120e-01  9.17975186e-04 
 3.03168850e-05  1.76272893e-01  3.98973328e-02  8.07317279e-01  9.17926119e-04 
 3.03218850e-05  1.78679453e-01  4.19026981e-02  8.07258431e-01  9.17869908e-04 
 3.03268850e-05  1.81038321e-01  4.39093921e-02  8.07228901e-01  9.17746138e-04 
 3.03318850e-05  1.83350494e-01  4.59160634e-02  8.07227465e-01  9.17622820e-04 
 3.03368850e-05  1.85617008e-01  4.79214027e-02  8.07252458e-01  9.17440585e-04 
 3.03418850e-05  1.87838733e-01  4.99241513e-02  8.07301780e-01  9.17267723e-04 
 3.03468850e-05  1.90016572e-01  5.19231107e-02  8.07373008e-01  9.17045513e-04 
 3.03518850e-05  1.92151284e-01  5.39171494e-02  8.07463417e-01  9.16842122e-04 
 3.03568850e-05  1.94243655e-01  5.59052094e-02  8.07570092e-01  9.16599099e-04 
 3.03618850e-05  1.96294350e-01  5.78863112e-02  8.07689951e-01  9.16384113e-04 
 3.03668850e-05  1.98304059e-01  5.98595575e-02  8.07819858e-01  9.16138653e-04 
 3.03718850e-05  2.00273377e-01  6.18241352e-02  8.07956640e-01  9.15929579e-04 
 3.03768850e-05  2.02202925e-01  6.37793166e-02  8.08097190e-01  9.15698045e-04 
 3.03818850e-05  2.04093251e-01  6.57244586e-02  8.08238483e-01  9.15509873e-04 
 3.03868850e-05  2.05944932e-01  6.76590008e-02  8.08377668e-01  9.15305689e-04 
 3.03918850e-05  2.07758494e-01  6.95824632e-02  8.08512063e-01  9.15150109e-04 
 3.03968850e-05  2.09534491e-01  7.14944412e-02  8.08639253e-01  9.14983127e-04 
 3.04018850e-05  2.11273447e-01  7.33946013e-02  8.08757059e-01  9.14868078e-04 
 3.04068850e-05  2.12975918e-01  7.52826750e-02  8.08863625e-01  9.14744284e-04 
 3.04118850e-05  2.14642440e-01  7.71584523e-02  8.08957381e-01  9.14673804e-04 
 3.04168850e-05  2.16273583e-01  7.90217748e-02  8.09037106e-01  9.14595324e-04 
 3.04218850e-05  2.17869909e-01  8.08725284e-02  8.09101884e-01  9.14569697e-04 
 3.04268850e-05  2.19432009e-01  8.27106357e-02  8.09151155e-01  9.14535068e-04 
 3.04318850e-05  2.20960479e-01  8.45360488e-02  8.09184659e-01  9.14551208e-04 
 3.04368850e-05  2.22455934e-01  8.63487413e-02  8.09202471e-01  9.14555871e-04 
 3.04418850e-05  2.23919000e-01  8.81487018e-02  8.09204936e-01  9.14607911e-04 
 3.04468850e-05  2.25350319e-01  8.99359268e-02  8.09192698e-01  9.14644868e-04 
 3.04518850e-05  2.26750542e-01  9.17104143e-02  8.09166624e-01  9.14724875e-04 
 3.04568850e-05  2.28120328e-01  9.34721586e-02  8.09127825e-01  9.14785457e-04 
 3.04618850e-05  2.29460349e-01  9.52211448e-02  8.09077572e-01  9.14884229e-04 
 3.04668850e-05  2.30771271e-01  9.69573448e-02  8.09017319e-01  9.14958900e-04 
 3.04718850e-05  2.32053772e-01  9.86807135e-02  8.08948611e-01  9.15066772e-04 
 3.04768850e-05  2.33308518e-01  1.00391186e-01  8.08873102e-01  9.15145927e-04 
 3.04818850e-05  2.34536182e-01  1.02088678e-01  8.08792470e-01  9.15253534e-04 
 3.04868850e-05  2.35737414e-01  1.03773079e-01  8.08708432e-01  9.15328215e-04 
 3.04918850e-05  2.36912871e-01  1.05444259e-01  8.08622659e-01  9.15427160e-04 
 3.04968850e-05  2.38063178e-01  1.07102064e-01  8.08536798e-01  9.15489661e-04 
 3.05018850e-05  2.39188964e-01  1.08746320e-01  8.08452394e-01  9.15573048e-04 
 3.05068850e-05  2.40290819e-01  1.10376832e-01  8.08370907e-01  9.15617370e-04 
 3.05118850e-05  2.41369335e-01  1.11993390e-01  8.08293650e-01  9.15680168e-04 
 3.05168850e-05  2.42425062e-01  1.13595769e-01  8.08221813e-01  9.15702297e-04 
 3.05218850e-05  2.43458546e-01  1.15183731e-01  8.08156401e-01  9.15741538e-04 
 3.05268850e-05  2.44470290e-01  1.16757034e-01  8.08098273e-01  9.15739549e-04 
 3.05318850e-05  2.45460797e-01  1.18315430e-01  8.08048083e-01  9.15754342e-04 
 3.05368850e-05  2.46430520e-01  1.19858672e-01  8.08006328e-01  9.15728339e-04 
 3.05418850e-05  2.47379915e-01  1.21386516e-01  8.07973300e-01  9.15719730e-04 
 3.05468850e-05  2.48309387e-01  1.22898728e-01  8.07949134e-01  9.15671632e-04 
 3.05518850e-05  2.49219348e-01  1.24395084e-01  8.07933775e-01  9.15642336e-04 
 3.05568850e-05  2.50110161e-01  1.25875374e-01  8.07927027e-01  9.15575556e-04 
 3.05618850e-05  2.50982195e-01  1.27339407e-01  8.07928524e-01  9.15529585e-04 
 3.05668850e-05  2.51835776e-01  1.28787014e-01  8.07937788e-01  9.15448624e-04 
 3.05718850e-05  2.52671241e-01  1.30218047e-01  8.07954203e-01  9.15390862e-04 
 3.05768850e-05  2.53488883e-01  1.31632386e-01  8.07977074e-01  9.15300871e-04 
 3.05818850e-05  2.54289010e-01  1.33029935e-01  8.08005605e-01  9.15236625e-04 
 3.05868850e-05  2.55071894e-01  1.34410628e-01  8.08038957e-01  9.15142956e-04 
 3.05918850e-05  2.55837824e-01  1.35774428e-01  8.08076229e-01  9.15077527e-04 
 3.05968850e-05  2.56587054e-01  1.37121324e-01  8.08116516e-01  9.14985329e-04 
 3.06018850e-05  2.57319861e-01  1.38451338e-01  8.08158887e-01  9.14923626e-04 
 3.06068850e-05  2.58036490e-01  1.39764515e-01  8.08202444e-01  9.14837484e-04 
 3.06118850e-05  2.58737212e-01  1.41060932e-01  8.08246297e-01  9.14783707e-04 
 3.06168850e-05  2.59422270e-01  1.42340688e-01  8.08289618e-01  9.14707375e-04 
 3.06218850e-05  2.60091934e-01  1.43603907e-01  8.08331615e-01  9.14664784e-04 
 3.06268850e-05  2.60746449e-01  1.44850735e-01  8.08371584e-01  9.14600994e-04 
 3.06318850e-05  2.61386089e-01  1.46081338e-01  8.08408878e-01  9.14571773e-04 
 3.06368850e-05  2.62011103e-01  1.47295897e-01  8.08442957e-01  9.14522141e-04 
 3.06418850e-05  2.62621772e-01  1.48494611e-01  8.08473348e-01  9.14507345e-04 
 3.06468850e-05  2.63218353e-01  1.49677689e-01  8.08499695e-01  9.14472372e-04 
 3.06518850e-05  2.63801131e-01  1.50845350e-01  8.08521716e-01  9.14471968e-04 
 3.06568850e-05  2.64370370e-01  1.51997821e-01  8.08539247e-01  9.14451113e-04 
 3.06618850e-05  2.64926365e-01  1.53135333e-01  8.08552196e-01  9.14464091e-04 
 3.06668850e-05  2.65469384e-01  1.54258118e-01  8.08560584e-01  9.14455915e-04 
 3.06718850e-05  2.65999724e-01  1.55366408e-01  8.08564498e-01  9.14480458e-04 
 3.06768850e-05  2.66517659e-01  1.56460435e-01  8.08564120e-01  9.14482816e-04 
 3.06818850e-05  2.67023489e-01  1.57540423e-01  8.08559689e-01  9.14516510e-04 
 3.06868850e-05  2.67517485e-01  1.58606594e-01  8.08551526e-01  9.14526774e-04 
 3.06918850e-05  2.67999947e-01  1.59659159e-01  8.08539986e-01  9.14566841e-04 
 3.06968850e-05  2.68471144e-01  1.60698323e-01  8.08525488e-01  9.14582138e-04 
 3.07018850e-05  2.68931368e-01  1.61724280e-01  8.08508469e-01  9.14625670e-04 
 3.07068850e-05  2.69380882e-01  1.62737214e-01  8.08489407e-01  9.14643110e-04 
 3.07118850e-05  2.69819971e-01  1.63737300e-01  8.08468777e-01  9.14687291e-04 
 3.07168850e-05  2.70248886e-01  1.64724699e-01  8.08447076e-01  9.14704176e-04 
 3.07218850e-05  2.70667899e-01  1.65699564e-01  8.08424781e-01  9.14746471e-04 
 3.07268850e-05  2.71077250e-01  1.66662036e-01  8.08402369e-01  9.14760468e-04 
 3.07318850e-05  2.71477194e-01  1.67612247e-01  8.08380282e-01  9.14798781e-04 
 3.07368850e-05  2.71867956e-01  1.68550318e-01  8.08358946e-01  9.14808051e-04 
 3.07418850e-05  2.72249775e-01  1.69476364e-01  8.08338738e-01  9.14840825e-04 
 3.07468850e-05  2.72622860e-01  1.70390490e-01  8.08320009e-01  9.14844105e-04 
 3.07518850e-05  2.72987431e-01  1.71292796e-01  8.08303050e-01  9.14870380e-04 
 3.07568850e-05  2.73343678e-01  1.72183375e-01  8.08288117e-01  9.14867014e-04 
 3.07618850e-05  2.73691805e-01  1.73062318e-01  8.08275402e-01  9.14886434e-04 
 3.07668850e-05  2.74031985e-01  1.73929711e-01  8.08265060e-01  9.14876353e-04 
 3.07718850e-05  2.74364404e-01  1.74785639e-01  8.08257178e-01  9.14889128e-04 
 3.07768850e-05  2.74689219e-01  1.75630186e-01  8.08251809e-01  9.14872796e-04 
 3.07818850e-05  2.75006600e-01  1.76463437e-01  8.08248941e-01  9.14879624e-04 
 3.07868850e-05  2.75316691e-01  1.77285478e-01  8.08248530e-01  9.14857947e-04 
 3.07918850e-05  2.75619646e-01  1.78096398e-01  8.08250475e-01  9.14859912e-04 
 3.07968850e-05  2.75915597e-01  1.78896289e-01  8.08254649e-01  9.14834123e-04 
 3.08018850e-05  2.76204688e-01  1.79685246e-01  8.08260879e-01  9.14832578e-04 
 3.08068850e-05  2.76487039e-01  1.80463371e-01  8.08268974e-01  9.14804111e-04 
 3.08118850e-05  2.76762785e-01  1.81230769e-01  8.08278706e-01  9.14800545e-04 
 3.08168850e-05  2.77032040e-01  1.81987553e-01  8.08289840e-01  9.14770910e-04 
 3.08218850e-05  2.77294931e-01  1.82733838e-01  8.08302116e-01  9.14766826e-04 
 3.08268850e-05  2.77551567e-01  1.83469748e-01  8.08315278e-01  9.14737491e-04 
 3.08318850e-05  2.77802070e-01  1.84195411e-01  8.08329055e-01  9.14734294e-04 
 3.08368850e-05  2.78046547e-01  1.84910962e-01  8.08343192e-01  9.14706574e-04 
 3.08418850e-05  2.78285118e-01  1.85616541e-01  8.08357424e-01  9.14705477e-04 
 3.08468850e-05  2.78517886e-01  1.86312292e-01  8.08371516e-01  9.14680463e-04 
 3.08518850e-05  2.78744971e-01  1.86998363e-01  8.08385232e-01  9.14682416e-04 
 3.08568850e-05  2.78966476e-01  1.87674909e-01  8.08398367e-01  9.14660906e-04 
 3.08618850e-05  2.79182522e-01  1.88342084e-01  8.08410728e-01  9.14666555e-04 
 3.08668850e-05  2.79393212e-01  1.89000048e-01  8.08422156e-01  9.14649034e-04 
 3.08718850e-05  2.79598665e-01  1.89648962e-01  8.08432507e-01  9.14658701e-04 
 3.08768850e-05  2.79798989e-01  1.90288986e-01  8.08441676e-01  9.14645329e-04 
 3.08818850e-05  2.79994302e-01  1.90920285e-01  8.08449572e-01  9.14659021e-04 
 3.08868850e-05  2.80184712e-01  1.91543018e-01  8.08456147e-01  9.14649658e-04 
 3.08918850e-05  2.80370338e-01  1.92157349e-01  8.08461365e-01  9.14667097e-04 
 3.08968850e-05  2.80551288e-01  1.92763435e-01  8.08465230e-01  9.14661339e-04 
 3.09018850e-05  2.80727680e-01  1.93361434e-01  8.08467760e-01  9.14682011e-04 
 3.09068850e-05  2.80899622e-01  1.93951501e-01  8.08469008e-01  9.14679245e-04 
 3.09118850e-05  2.81067231e-01  1.94533785e-01  8.08469034e-01  9.14702458e-04 
 3.09168850e-05  2.81230613e-01  1.95108435e-01  8.08467932e-01  9.14701927e-04 
 3.09218850e-05  2.81389883e-01  1.95675593e-01  8.08465799e-01  9.14726878e-04 
 3.09268850e-05  2.81545145e-01  1.96235398e-01  8.08462758e-01  9.14727750e-04 
 3.09318850e-05  2.81696509e-01  1.96787982e-01  8.08458930e-01  9.14753593e-04 
 3.09368850e-05  2.81844076e-01  1.97333475e-01  8.08454456e-01  9.14755025e-04 
 3.09418850e-05  2.81987952e-01  1.97872000e-01  8.08449469e-01  9.14780938e-04 
 3.09468850e-05  2.82128233e-01  1.98403675e-01  8.08444119e-01  9.14782137e-04 
 3.09518850e-05  2.82265019e-01  1.98928615e-01  8.08438539e-01  9.14807373e-04 
 3.09568850e-05  2.82398401e-01  1.99446928e-01  8.08432873e-01  9.14807651e-04 
 3.09618850e-05  2.82528474e-01  1.99958718e-01  8.08427248e-01  9.14831589e-04 
 3.09668850e-05  2.82655321e-01  2.00464085e-01  8.08421793e-01  9.14830397e-04 
 3.09718850e-05  2.82779032e-01  2.00963125e-01  8.08416616e-01  9.14852570e-04 
 3.09768850e-05  2.82899685e-01  2.01455930e-01  8.08411826e-01  9.14849524e-04 
 3.09818850e-05  2.83017360e-01  2.01942588e-01  8.08407507e-01  9.14869638e-04 
 3.09868850e-05  2.83132130e-01  2.02423184e-01  8.08403741e-01  9.14864532e-04 
 3.09918850e-05  2.83244070e-01  2.02897800e-01  8.08400584e-01  9.14882466e-04 
 3.09968850e-05  2.83353246e-01  2.03366518e-01  8.08398087e-01  9.14875264e-04 
 3.10018850e-05  2.83459726e-01  2.03829415e-01  8.08396278e-01  9.14891066e-04 
 3.10068850e-05  2.83563571e-01  2.04286569e-01  8.08395178e-01  9.14881890e-04 
 3.10118850e-05  2.83664843e-01  2.04738054e-01  8.08394785e-01  9.14895750e-04 
 3.10168850e-05  2.83763599e-01  2.05183945e-01  8.08395093e-01  9.14884854e-04 
 3.10218850e-05  2.83859895e-01  2.05624318e-01  8.08396074e-01  9.14897080e-04 
 3.10268850e-05  2.83953784e-01  2.06059245e-01  8.08397696e-01  9.14884814e-04 
 3.10318850e-05  2.84045317e-01  2.06488800e-01  8.08399909e-01  9.14895795e-04 
 3.10368850e-05  2.84134544e-01  2.06913059e-01  8.08402664e-01  9.14882576e-04 
 3.10418850e-05  2.84221514e-01  2.07332095e-01  8.08405894e-01  9.14892746e-04 
 3.10468850e-05  2.84306271e-01  2.07745984e-01  8.08409535e-01  9.14879014e-04 
 3.10518850e-05  2.84388864e-01  2.08154801e-01  8.08413509e-01  9.14888815e-04 
 3.10568850e-05  2.84469334e-01  2.08558624e-01  8.08417749e-01  9.14875004e-04 
 3.10618850e-05  2.84547728e-01  2.08957528e-01  8.08422170e-01  9.14884853e-04 
 3.10668850e-05  2.84624086e-01  2.09351593e-01  8.08426703e-01  9.14871357e-04 
 3.10718850e-05  2.84698453e-01  2.09740897e-01  8.08431269e-01  9.14881620e-04 
 3.10768850e-05  2.84770870e-01  2.10125518e-01  8.08435800e-01  9.14868768e-04 
 3.10818850e-05  2.84841379e-01  2.10505537e-01  8.08440225e-01  9.14879735e-04 
 3.10868850e-05  2.84910020e-01  2.10881033e-01  8.08444486e-01  9.14867775e-04 
 3.10918850e-05  2.84976837e-01  2.11252086e-01  8.08448522e-01  9.14879651e-04 
 3.10968850e-05  2.85041869e-01  2.11618776e-01  8.08452290e-01  9.14868740e-04 
 3.11018850e-05  2.85105158e-01  2.11981183e-01  8.08455742e-01  9.14881635e-04 
 3.11068850e-05  2.85166744e-01  2.12339386e-01  8.08458849e-01  9.14871836e-04 
 3.11118850e-05  2.85226669e-01  2.12693464e-01  8.08461581e-01  9.14885767e-04 
 3.11168850e-05  2.85284973e-01  2.13043495e-01  8.08463923e-01  9.14877053e-04 
 3.11218850e-05  2.85341697e-01  2.13389556e-01  8.08465862e-01  9.14891955e-04 
 3.11268850e-05  2.85396881e-01  2.13731722e-01  8.08467399e-01  9.14884224e-04 
 3.11318850e-05  2.85450564e-01  2.14070069e-01  8.08468535e-01  9.14899958e-04 
 3.11368850e-05  2.85502787e-01  2.14404669e-01  8.08469288e-01  9.14893042e-04 
 3.11418850e-05  2.85553589e-01  2.14735593e-01  8.08469669e-01  9.14909419e-04 
 3.11468850e-05  2.85603008e-01  2.15062912e-01  8.08469709e-01  9.14903106e-04 
 3.11518850e-05  2.85651083e-01  2.15386692e-01  8.08469431e-01  9.14919900e-04 
 3.11568850e-05  2.85697852e-01  2.15707000e-01  8.08468874e-01  9.14913955e-04 
 3.11618850e-05  2.85743350e-01  2.16023900e-01  8.08468068e-01  9.14930925e-04 
 3.11668850e-05  2.85787614e-01  2.16337454e-01  8.08467058e-01  9.14925106e-04 
 3.11718850e-05  2.85830679e-01  2.16647720e-01  8.08465880e-01  9.14942015e-04 
 3.11768850e-05  2.85872580e-01  2.16954758e-01  8.08464579e-01  9.14936093e-04 
 3.11818850e-05  2.85913349e-01  2.17258622e-01  8.08463191e-01  9.14952726e-04 
 3.11868850e-05  2.85953020e-01  2.17559367e-01  8.08461764e-01  9.14946500e-04 
 3.11918850e-05  2.85991622e-01  2.17857045e-01  8.08460329e-01  9.14962674e-04 
 3.11968850e-05  2.86029186e-01  2.18151706e-01  8.08458929e-01  9.14955984e-04 
 3.12018850e-05  2.86065741e-01  2.18443397e-01  8.08457593e-01  9.14971562e-04 
 3.12068850e-05  2.86101316e-01  2.18732167e-01  8.08456358e-01  9.14964292e-04 
 3.12118850e-05  2.86135936e-01  2.19018061e-01  8.08455244e-01  9.14979185e-04 
 3.12168850e-05  2.86169628e-01  2.19301121e-01  8.08454281e-01  9.14971273e-04 
 3.12218850e-05  2.86202416e-01  2.19581392e-01  8.08453483e-01  9.14985443e-04 
 3.12268850e-05  2.86234324e-01  2.19858914e-01  8.08452870e-01  9.14976876e-04 
 3.12318850e-05  2.86265374e-01  2.20133728e-01  8.08452447e-01  9.14990334e-04 
 3.12368850e-05  2.86295589e-01  2.20405874e-01  8.08452225e-01  9.14981143e-04 
 3.12418850e-05  2.86324987e-01  2.20675391e-01  8.08452202e-01  9.14993944e-04 
 3.12468850e-05  2.86353591e-01  2.20942316e-01  8.08452380e-01  9.14984202e-04 
 3.12518850e-05  2.86381418e-01  2.21206688e-01  8.08452748e-01  9.14996433e-04 
 3.12568850e-05  2.86408488e-01  2.21468544e-01  8.08453303e-01  9.14986243e-04 
 3.12618850e-05  2.86434816e-01  2.21727920e-01  8.08454028e-01  9.14998018e-04 
 3.12668850e-05  2.86460422e-01  2.21984854e-01  8.08454911e-01  9.14987499e-04 
 3.12718850e-05  2.86485321e-01  2.22239381e-01  8.08455931e-01  9.14998946e-04 
 3.12768850e-05  2.86509530e-01  2.22491537e-01  8.08457073e-01  9.14988230e-04 
 3.12818850e-05  2.86533062e-01  2.22741360e-01  8.08458312e-01  9.14999480e-04 
 3.12868850e-05  2.86555936e-01  2.22988883e-01  8.08459632e-01  9.14988697e-04 
 3.12918850e-05  2.86578163e-01  2.23234144e-01  8.08461005e-01  9.14999875e-04 
 3.12968850e-05  2.86599762e-01  2.23477178e-01  8.08462415e-01  9.14989142e-04 
 3.13018850e-05  2.86620743e-01  2.23718021e-01  8.08463834e-01  9.15000361e-04 
 3.13068850e-05  2.86641123e-01  2.23956707e-01  8.08465247e-01  9.14989779e-04 
 3.13118850e-05  2.86660914e-01  2.24193273e-01  8.08466629e-01  9.15001127e-04 
 3.13168850e-05  2.86680132e-01  2.24427753e-01  8.08467967e-01  9.14990776e-04 
 3.13218850e-05  2.86698789e-01  2.24660183e-01  8.08469239e-01  9.15002319e-04 
 3.13268850e-05  2.86716901e-01  2.24890596e-01  8.08470435e-01  9.14992247e-04 
 3.13318850e-05  2.86734478e-01  2.25119028e-01  8.08471538e-01  9.15004023e-04 
 3.13368850e-05  2.86751536e-01  2.25345512e-01  8.08472542e-01  9.14994256e-04 
 3.13418850e-05  2.86768088e-01  2.25570083e-01  8.08473434e-01  9.15006276e-04 
 3.13468850e-05  2.86784148e-01  2.25792773e-01  8.08474213e-01  9.14996811e-04 
 3.13518850e-05  2.86799726e-01  2.26013614e-01  8.08474871e-01  9.15009061e-04 
 3.13568850e-05  2.86814840e-01  2.26232640e-01  8.08475412e-01  9.14999873e-04 
 3.13618850e-05  2.86829498e-01  2.26449881e-01  8.08475831e-01  9.15012317e-04 
 3.13668850e-05  2.86843717e-01  2.26665368e-01  8.08476137e-01  9.15003361e-04 
 3.13718850e-05  2.86857507e-01  2.26879132e-01  8.08476329e-01  9.15015947e-04 
 3.13768850e-05  2.86870882e-01  2.27091202e-01  8.08476419e-01  9.15007165e-04 
 3.13818850e-05  2.86883852e-01  2.27301607e-01  8.08476411e-01  9.15019831e-04 
 3.13868850e-05  2.86896431e-01  2.27510375e-01  8.08476319e-01  9.15011157e-04 
 3.13918850e-05  2.86908630e-01  2.27717533e-01  8.08476147e-01  9.15023835e-04 
 3.13968850e-05  2.86920462e-01  2.27923108e-01  8.08475913e-01  9.15015199e-04 
 3.14018850e-05  2.86931935e-01  2.28127125e-01  8.08475622e-01  9.15027822e-04 
 3.14068850e-05  2.86943064e-01  2.28329609e-01  8.08475293e-01  9.15019158e-04 
 3.14118850e-05  2.86953856e-01  2.28530585e-01  8.08474932e-01  9.15031663e-04 
 3.14168850e-05  2.86964323e-01  2.28730076e-01  8.08474555e-01  9.15022915e-04 
 3.14218850e-05  2.86974474e-01  2.28928105e-01  8.08474170e-01  9.15035249e-04 
 3.14268850e-05  2.86984320e-01  2.29124694e-01  8.08473793e-01  9.15026367e-04 
 3.14318850e-05  2.86993869e-01  2.29319864e-01  8.08473428e-01  9.15038490e-04 
 3.14368850e-05  2.87003131e-01  2.29513635e-01  8.08473089e-01  9.15029442e-04 
 3.14418850e-05  2.87012112e-01  2.29706029e-01  8.08472781e-01  9.15041327e-04 
 3.14468850e-05  2.87020823e-01  2.29897065e-01  8.08472515e-01  9.15032093e-04 
 3.14518850e-05  2.87029269e-01  2.30086761e-01  8.08472292e-01  9.15043729e-04 
 3.14568850e-05  2.87037461e-01  2.30275137e-01  8.08472122e-01  9.15034304e-04 
 3.14618850e-05  2.87045403e-01  2.30462211e-01  8.08472003e-01  9.15045693e-04 
 3.14668850e-05  2.87053104e-01  2.30647999e-01  8.08471943e-01  9.15036086e-04 
 3.14718850e-05  2.87060569e-01  2.30832521e-01  8.08471937e-01  9.15047244e-04 
 3.14768850e-05  2.87067806e-01  2.31015793e-01  8.08471991e-01  9.15037475e-04 
 3.14818850e-05  2.87074818e-01  2.31197831e-01  8.08472097e-01  9.15048427e-04 
 3.14868850e-05  2.87081614e-01  2.31378653e-01  8.08472259e-01  9.15038527e-04 
 3.14918850e-05  2.87088197e-01  2.31558275e-01  8.08472469e-01  9.15049306e-04 
 3.14968850e-05  2.87094576e-01  2.31736712e-01  8.08472726e-01  9.15039309e-04 
 3.15018850e-05  2.87100751e-01  2.31913981e-01  8.08473021e-01  9.15049953e-04 
 3.15068850e-05  2.87106732e-01  2.32090097e-01  8.08473355e-01  9.15039898e-04 
 3.15118850e-05  2.87112519e-01  2.32265076e-01  8.08473715e-01  9.15050445e-04 
 3.15168850e-05  2.87118122e-01  2.32438934e-01  8.08474102e-01  9.15040371e-04 
 3.15218850e-05  2.87123541e-01  2.32611686e-01  8.08474503e-01  9.15050861e-04 
 3.15268850e-05  2.87128784e-01  2.32783347e-01  8.08474917e-01  9.15040803e-04 
 3.15318850e-05  2.87133853e-01  2.32953932e-01  8.08475333e-01  9.15051268e-04 
 3.15368850e-05  2.87138754e-01  2.33123456e-01  8.08475749e-01  9.15041257e-04 
 3.15418850e-05  2.87143489e-01  2.33291935e-01  8.08476156e-01  9.15051725e-04 
 3.15468850e-05  2.87148066e-01  2.33459382e-01  8.08476552e-01  9.15041785e-04 
 3.15518850e-05  2.87152485e-01  2.33625812e-01  8.08476928e-01  9.15052278e-04 
 3.15568850e-05  2.87156753e-01  2.33791240e-01  8.08477284e-01  9.15042426e-04 
 3.15618850e-05  2.87160873e-01  2.33955680e-01  8.08477611e-01  9.15052956e-04 
 3.15668850e-05  2.87164850e-01  2.34119146e-01  8.08477911e-01  9.15043200e-04 
 3.15718850e-05  2.87168686e-01  2.34281652e-01  8.08478177e-01  9.15053772e-04 
 3.15768850e-05  2.87172388e-01  2.34443212e-01  8.08478412e-01  9.15044113e-04 
 3.15818850e-05  2.87175957e-01  2.34603838e-01  8.08478610e-01  9.15054724e-04 
 3.15868850e-05  2.87179399e-01  2.34763544e-01  8.08478774e-01  9.15045157e-04 
 3.15918850e-05  2.87182716e-01  2.34922344e-01  8.08478901e-01  9.15055799e-04 
 3.15968850e-05  2.87185915e-01  2.35080250e-01  8.08478996e-01  9.15046311e-04 
 3.16018850e-05  2.87188996e-01  2.35237273e-01  8.08479055e-01  9.15056969e-04 
 3.16068850e-05  2.87191966e-01  2.35393428e-01  8.08479085e-01  9.15047545e-04 
 3.16118850e-05  2.87194825e-01  2.35548724e-01  8.08479083e-01  9.15058203e-04 
 3.16168850e-05  2.87197581e-01  2.35703175e-01  8.08479058e-01  9.15048823e-04 
 3.16218850e-05  2.87200233e-01  2.35856791e-01  8.08479007e-01  9.15059461e-04 
 3.16268850e-05  2.87202788e-01  2.36009584e-01  8.08478937e-01  9.15050107e-04 
 3.16318850e-05  2.87205246e-01  2.36161563e-01  8.08478849e-01  9.15060706e-04 
 3.16368850e-05  2.87207615e-01  2.36312741e-01  8.08478749e-01  9.15051358e-04 
 3.16418850e-05  2.87209892e-01  2.36463126e-01  8.08478637e-01  9.15061900e-04 
 3.16468850e-05  2.87212086e-01  2.36612729e-01  8.08478521e-01  9.15052542e-04 
 3.16518850e-05  2.87214195e-01  2.36761560e-01  8.08478400e-01  9.15063012e-04 
 3.16568850e-05  2.87216226e-01  2.36909628e-01  8.08478281e-01  9.15053629e-04 
 3.16618850e-05  2.87218177e-01  2.37056941e-01  8.08478163e-01  9.15064015e-04 
 3.16668850e-05  2.87220056e-01  2.37203510e-01  8.08478053e-01  9.15054597e-04 
 3.16718850e-05  2.87221861e-01  2.37349343e-01  8.08477950e-01  9.15064892e-04 
 3.16768850e-05  2.87223597e-01  2.37494448e-01  8.08477859e-01  9.15055434e-04 
 3.16818850e-05  2.87225264e-01  2.37638833e-01  8.08477779e-01  9.15065633e-04 
 3.16868850e-05  2.87226868e-01  2.37782507e-01  8.08477715e-01  9.15056132e-04 
 3.16918850e-05  2.87228406e-01  2.37925478e-01  8.08477664e-01  9.15066237e-04 
 3.16968850e-05  2.87229884e-01  2.38067753e-01  8.08477631e-01  9.15056696e-04 
 3.17018850e-05  2.87231302e-01  2.38209341e-01  8.08477612e-01  9.15066710e-04 
 3.17068850e-05  2.87232663e-01  2.38350247e-01  8.08477612e-01  9.15057136e-04 
 3.17118850e-05  2.87233967e-01  2.38490481e-01  8.08477625e-01  9.15067067e-04 
 3.17168850e-05  2.87235218e-01  2.38630048e-01  8.08477656e-01  9.15057466e-04 
 3.17218850e-05  2.87236414e-01  2.38768957e-01  8.08477699e-01  9.15067324e-04 
 3.17268850e-05  2.87237561e-01  2.38907214e-01  8.08477758e-01  9.15057708e-04 
 3.17318850e-05  2.87238657e-01  2.39044827e-01  8.08477827e-01  9.15067504e-04 
 3.17368850e-05  2.87239706e-01  2.39181801e-01  8.08477908e-01  9.15057884e-04 
 3.17418850e-05  2.87240706e-01  2.39318144e-01  8.08477996e-01  9.15067629e-04 
 3.17468850e-05  2.87241662e-01  2.39453863e-01  8.08478093e-01  9.15058017e-04 
 3.17518850e-05  2.87242572e-01  2.39588963e-01  8.08478194e-01  9.15067723e-04 
 3.17568850e-05  2.87243441e-01  2.39723453e-01  8.08478300e-01  9.15058128e-04 
 3.17618850e-05  2.87244266e-01  2.39857337e-01  8.08478406e-01  9.15067805e-04 
 3.17668850e-05  2.87245052e-01  2.39990623e-01  8.08478513e-01  9.15058238e-04 
 3.17718850e-05  2.87245796e-01  2.40123317e-01  8.08478617e-01  9.15067895e-04 
 3.17768850e-05  2.87246505e-01  2.40255425e-01  8.08478719e-01  9.15058362e-04 
 3.17818850e-05  2.87247174e-01  2.40386953e-01  8.08478814e-01  9.15068005e-04 
 3.17868850e-05  2.87247809e-01  2.40517908e-01  8.08478905e-01  9.15058513e-04 
 3.17918850e-05  2.87248407e-01  2.40648295e-01  8.08478987e-01  9.15068147e-04 
 3.17968850e-05  2.87248974e-01  2.40778121e-01  8.08479062e-01  9.15058697e-04 
 3.18018850e-05  2.87249506e-01  2.40907391e-01  8.08479126e-01  9.15068323e-04 
 3.18068850e-05  2.87250008e-01  2.41036111e-01  8.08479182e-01  9.15058917e-04 
 3.18118850e-05  2.87250477e-01  2.41164287e-01  8.08479226e-01  9.15068536e-04 
 3.18168850e-05  2.87250920e-01  2.41291925e-01  8.08479262e-01  9.15059172e-04 
 3.18218850e-05  2.87251331e-01  2.41419029e-01  8.08479286e-01  9.15068781e-04 
 3.18268850e-05  2.87251718e-01  2.41545606e-01  8.08479301e-01  9.15059456e-04 
 3.18318850e-05  2.87252076e-01  2.41671661e-01  8.08479305e-01  9.15069052e-04 
 3.18368850e-05  2.87252411e-01  2.41797198e-01  8.08479301e-01  9.15059761e-04 
 3.18418850e-05  2.87252719e-01  2.41922224e-01  8.08479287e-01  9.15069339e-04 
 3.18468850e-05  2.87253006e-01  2.42046742e-01  8.08479267e-01  9.15060078e-04 
 3.18518850e-05  2.87253268e-01  2.42170759e-01  8.08479237e-01  9.15069632e-04 
 3.18568850e-05  2.87253511e-01  2.42294279e-01  8.08479203e-01  9.15060394e-04 
 3.18618850e-05  2.87253732e-01  2.42417305e-01  8.08479162e-01  9.15069919e-04 
 3.18668850e-05  2.87253934e-01  2.42539844e-01  8.08479120e-01  9.15060700e-04 
 3.18718850e-05  2.87254116e-01  2.42661900e-01  8.08479071e-01  9.15070192e-04 
 3.18768850e-05  2.87254282e-01  2.42783477e-01  8.08479023e-01  9.15060986e-04 
 3.18818850e-05  2.87254428e-01  2.42904578e-01  8.08478971e-01  9.15070439e-04 
 3.18868850e-05  2.87254559e-01  2.43025210e-01  8.08478922e-01  9.15061242e-04 
 3.18918850e-05  2.87254673e-01  2.43145375e-01  8.08478871e-01  9.15070653e-04 
 3.18968850e-05  2.87254774e-01  2.43265077e-01  8.08478823e-01  9.15061463e-04 
 3.19018850e-05  2.87254858e-01  2.43384321e-01  8.08478776e-01  9.15070829e-04 
 3.19068850e-05  2.87254929e-01  2.43503110e-01  8.08478734e-01  9.15061643e-04 
 3.19118850e-05  2.87254986e-01  2.43621449e-01  8.08478693e-01  9.15070965e-04 
 3.19168850e-05  2.87255032e-01  2.43739341e-01  8.08478658e-01  9.15061783e-04 
 3.19218850e-05  2.87255064e-01  2.43856789e-01  8.08478626e-01  9.15071059e-04 
 3.19268850e-05  2.87255085e-01  2.43973797e-01  8.08478600e-01  9.15061881e-04 
 3.19318850e-05  2.87255094e-01  2.44090368e-01  8.08478576e-01  9.15071114e-04 
 3.19368850e-05  2.87255094e-01  2.44206507e-01  8.08478560e-01  9.15061941e-04 
 3.19418850e-05  2.87255081e-01  2.44322217e-01  8.08478546e-01  9.15071133e-04 
 3.19468850e-05  2.87255060e-01  2.44437500e-01  8.08478539e-01  9.15061968e-04 
 3.19518850e-05  2.87255028e-01  2.44552360e-01  8.08478534e-01  9.15071121e-04 
 3.19568850e-05  2.87254989e-01  2.44666800e-01  8.08478535e-01  9.15061968e-04 
 3.19618850e-05  2.87254938e-01  2.44780825e-01  8.08478538e-01  9.15071085e-04 
 3.19668850e-05  2.87254881e-01  2.44894436e-01  8.08478546e-01  9.15061946e-04 
 3.19718850e-05  2.87254814e-01  2.45007637e-01  8.08478554e-01  9.15071032e-04 
 3.19768850e-05  2.87254741e-01  2.45120431e-01  8.08478568e-01  9.15061910e-04 
 3.19818850e-05  2.87254659e-01  2.45232821e-01  8.08478580e-01  9.15070967e-04 
 3.19868850e-05  2.87254571e-01  2.45344810e-01  8.08478596e-01  9.15061867e-04 
 3.19918850e-05  2.87254474e-01  2.45456402e-01  8.08478610e-01  9.15070899e-04 
 3.19968850e-05  2.87254373e-01  2.45567598e-01  8.08478627e-01  9.15061822e-04 
 3.20018850e-05  2.87254263e-01  2.45678403e-01  8.08478641e-01  9.15070831e-04 
 3.20068850e-05  2.87254149e-01  2.45788818e-01  8.08478657e-01  9.15061780e-04 
 3.20118850e-05  2.87254027e-01  2.45898848e-01  8.08478669e-01  9.15070768e-04 
 3.20168850e-05  2.87253901e-01  2.46008494e-01  8.08478681e-01  9.15061744e-04 
 3.20218850e-05  2.87253768e-01  2.46117759e-01  8.08478689e-01  9.15070713e-04 
 3.20268850e-05  2.87253632e-01  2.46226647e-01  8.08478698e-01  9.15061718e-04 
 3.20318850e-05  2.87253489e-01  2.46335160e-01  8.08478701e-01  9.15070669e-04 
 3.20368850e-05  2.87253343e-01  2.46443301e-01  8.08478704e-01  9.15061702e-04 
 3.20418850e-05  2.87253191e-01  2.46551072e-01  8.08478702e-01  9.15070635e-04 
 3.20468850e-05  2.87253037e-01  2.46658476e-01  8.08478699e-01  9.15061696e-04 
 3.20518850e-05  2.87252877e-01  2.46765515e-01  8.08478691e-01  9.15070610e-04 
 3.20568850e-05  2.87252715e-01  2.46872193e-01  8.08478682e-01  9.15061699e-04 
 3.20618850e-05  2.87252548e-01  2.46978511e-01  8.08478669e-01  9.15070593e-04 
 3.20668850e-05  2.87252380e-01  2.47084473e-01  8.08478654e-01  9.15061709e-04 
 3.20718850e-05  2.87252207e-01  2.47190080e-01  8.08478635e-01  9.15070582e-04 
 3.20768850e-05  2.87252033e-01  2.47295335e-01  8.08478616e-01  9.15061722e-04 
 3.20818850e-05  2.87251855e-01  2.47400240e-01  8.08478593e-01  9.15070572e-04 
 3.20868850e-05  2.87251676e-01  2.47504798e-01  8.08478570e-01  9.15061735e-04 
 3.20918850e-05  2.87251494e-01  2.47609011e-01  8.08478543e-01  9.15070562e-04 
 3.20968850e-05  2.87251311e-01  2.47712881e-01  8.08478518e-01  9.15061746e-04 
 3.21018850e-05  2.87251125e-01  2.47816411e-01  8.08478489e-01  9.15070548e-04 
 3.21068850e-05  2.87250939e-01  2.47919602e-01  8.08478462e-01  9.15061752e-04 
 3.21118850e-05  2.87250750e-01  2.48022456e-01  8.08478432e-01  9.15070527e-04 
 3.21168850e-05  2.87250561e-01  2.48124977e-01  8.08478404e-01  9.15061750e-04 
 3.21218850e-05  2.87250370e-01  2.48227165e-01  8.08478374e-01  9.15070497e-04 
 3.21268850e-05  2.87250180e-01  2.48329023e-01  8.08478347e-01  9.15061738e-04 
 3.21318850e-05  2.87249987e-01  2.48430553e-01  8.08478319e-01  9.15070457e-04 
 3.21368850e-05  2.87249795e-01  2.48531757e-01  8.08478293e-01  9.15061714e-04 
 3.21418850e-05  2.87249601e-01  2.48632636e-01  8.08478266e-01  9.15070405e-04 
 3.21468850e-05  2.87249409e-01  2.48733193e-01  8.08478243e-01  9.15061680e-04 
 3.21518850e-05  2.87249214e-01  2.48833429e-01  8.08478219e-01  9.15070342e-04 
 3.21568850e-05  2.87249021e-01  2.48933347e-01  8.08478198e-01  9.15061633e-04 
 3.21618850e-05  2.87248826e-01  2.49032948e-01  8.08478177e-01  9.15070268e-04 
 3.21668850e-05  2.87248633e-01  2.49132234e-01  8.08478159e-01  9.15061576e-04 
 3.21718850e-05  2.87248438e-01  2.49231207e-01  8.08478140e-01  9.15070183e-04 
 3.21768850e-05  2.87248245e-01  2.49329868e-01  8.08478125e-01  9.15061510e-04 
 3.21818850e-05  2.87248050e-01  2.49428220e-01  8.08478109e-01  9.15070090e-04 
 3.21868850e-05  2.87247858e-01  2.49526263e-01  8.08478097e-01  9.15061435e-04 
 3.21918850e-05  2.87247664e-01  2.49624000e-01  8.08478083e-01  9.15069990e-04 
 3.21968850e-05  2.87247473e-01  2.49721433e-01  8.08478073e-01  9.15061355e-04 
 3.22018850e-05  2.87247279e-01  2.49818562e-01  8.08478062e-01  9.15069886e-04 
 3.22068850e-05  2.87247089e-01  2.49915390e-01  8.08478053e-01  9.15061271e-04 
 3.22118850e-05  2.87246897e-01  2.50011918e-01  8.08478043e-01  9.15069778e-04 
 3.22168850e-05  2.87246707e-01  2.50108148e-01  8.08478035e-01  9.15061185e-04 
 3.22218850e-05  2.87246516e-01  2.50204082e-01  8.08478026e-01  9.15069670e-04 
 3.22268850e-05  2.87246328e-01  2.50299721e-01  8.08478019e-01  9.15061099e-04 
 3.22318850e-05  2.87246139e-01  2.50395066e-01  8.08478009e-01  9.15069562e-04 
 3.22368850e-05  2.87245952e-01  2.50490119e-01  8.08478002e-01  9.15061014e-04 
 3.22418850e-05  2.87245764e-01  2.50584883e-01  8.08477992e-01  9.15069457e-04 
 3.22468850e-05  2.87245579e-01  2.50679357e-01  8.08477984e-01  9.15060931e-04 
 3.22518850e-05  2.87245393e-01  2.50773544e-01  8.08477974e-01  9.15069354e-04 
 3.22568850e-05  2.87245209e-01  2.50867445e-01  8.08477965e-01  9.15060852e-04 
 3.22618850e-05  2.87245025e-01  2.50961062e-01  8.08477953e-01  9.15069254e-04 
 3.22668850e-05  2.87244844e-01  2.51054397e-01  8.08477942e-01  9.15060776e-04 
 3.22718850e-05  2.87244661e-01  2.51147449e-01  8.08477929e-01  9.15069159e-04 
 3.22768850e-05  2.87244482e-01  2.51240222e-01  8.08477917e-01  9.15060704e-04 
 3.22818850e-05  2.87244301e-01  2.51332717e-01  8.08477902e-01  9.15069066e-04 
 3.22868850e-05  2.87244124e-01  2.51424934e-01  8.08477889e-01  9.15060635e-04 
 3.22918850e-05  2.87243946e-01  2.51516875e-01  8.08477872e-01  9.15068977e-04 
 3.22968850e-05  2.87243771e-01  2.51608542e-01  8.08477857e-01  9.15060569e-04 
 3.23018850e-05  2.87243596e-01  2.51699936e-01  8.08477839e-01  9.15068890e-04 
 3.23068850e-05  2.87243423e-01  2.51791058e-01  8.08477823e-01  9.15060504e-04 
 3.23118850e-05  2.87243250e-01  2.51881910e-01  8.08477804e-01  9.15068805e-04 
 3.23168850e-05  2.87243081e-01  2.51972493e-01  8.08477786e-01  9.15060441e-04 
 3.23218850e-05  2.87242910e-01  2.52062808e-01  8.08477766e-01  9.15068720e-04 
 3.23268850e-05  2.87242743e-01  2.52152857e-01  8.08477748e-01  9.15060377e-04 
 3.23318850e-05  2.87242576e-01  2.52242640e-01  8.08477728e-01  9.15068635e-04 
 3.23368850e-05  2.87242411e-01  2.52332159e-01  8.08477709e-01  9.15060313e-04 
 3.23418850e-05  2.87242246e-01  2.52421416e-01  8.08477688e-01  9.15068548e-04 
 3.23468850e-05  2.87242085e-01  2.52510411e-01  8.08477670e-01  9.15060247e-04 
 3.23518850e-05  2.87241923e-01  2.52599145e-01  8.08477649e-01  9.15068460e-04 
 3.23568850e-05  2.87241765e-01  2.52687621e-01  8.08477631e-01  9.15060179e-04 
 3.23618850e-05  2.87241606e-01  2.52775838e-01  8.08477611e-01  9.15068370e-04 
 3.23668850e-05  2.87241450e-01  2.52863799e-01  8.08477593e-01  9.15060108e-04 
 3.23718850e-05  2.87241295e-01  2.52951503e-01  8.08477573e-01  9.15068276e-04 
 3.23768850e-05  2.87241142e-01  2.53038953e-01  8.08477556e-01  9.15060035e-04 
 3.23818850e-05  2.87240989e-01  2.53126150e-01  8.08477537e-01  9.15068181e-04 
 3.23868850e-05  2.87240840e-01  2.53213095e-01  8.08477521e-01  9.15059959e-04 
 3.23918850e-05  2.87240690e-01  2.53299788e-01  8.08477503e-01  9.15068082e-04 
 3.23968850e-05  2.87240544e-01  2.53386231e-01  8.08477488e-01  9.15059880e-04 
 3.24018850e-05  2.87240398e-01  2.53472425e-01  8.08477471e-01  9.15067982e-04 
 3.24068850e-05  2.87240254e-01  2.53558371e-01  8.08477457e-01  9.15059799e-04 
 3.24118850e-05  2.87240111e-01  2.53644070e-01  8.08477441e-01  9.15067879e-04 
 3.24168850e-05  2.87239971e-01  2.53729523e-01  8.08477427e-01  9.15059717e-04 
 3.24218850e-05  2.87239830e-01  2.53814731e-01  8.08477412e-01  9.15067775e-04 
 3.24268850e-05  2.87239693e-01  2.53899695e-01  8.08477400e-01  9.15059633e-04 
 3.24318850e-05  2.87239556e-01  2.53984417e-01  8.08477385e-01  9.15067671e-04 
 3.24368850e-05  2.87239421e-01  2.54068897e-01  8.08477373e-01  9.15059549e-04 
 3.24418850e-05  2.87239287e-01  2.54153136e-01  8.08477359e-01  9.15067566e-04 
 3.24468850e-05  2.87239156e-01  2.54237135e-01  8.08477347e-01  9.15059465e-04 
 3.24518850e-05  2.87239024e-01  2.54320896e-01  8.08477334e-01  9.15067461e-04 
 3.24568850e-05  2.87238896e-01  2.54404419e-01  8.08477322e-01  9.15059382e-04 
 3.24618850e-05  2.87238768e-01  2.54487705e-01  8.08477309e-01  9.15067357e-04 
 3.24668850e-05  2.87238642e-01  2.54570755e-01  8.08477297e-01  9.15059299e-04 
 3.24718850e-05  2.87238517e-01  2.54653570e-01  8.08477284e-01  9.15067255e-04 
 3.24768850e-05  2.87238394e-01  2.54736151e-01  8.08477273e-01  9.15059217e-04 
 3.24818850e-05  2.87238271e-01  2.54818500e-01  8.08477259e-01  9.15067154e-04 
 3.24864425e-05  2.87238162e-01  2.54893358e-01  8.08477248e-01  9.15059142e-04 
 3.24910000e-05  2.87238053e-01  2.54968025e-01  8.08477236e-01  9.15067061e-04 
 3.24911000e-05  2.87270725e-01  2.54976197e-01  8.08467896e-01  8.86378198e-04 
 3.24913000e-05  2.87347173e-01  2.54983430e-01  8.08442582e-01  8.78110183e-04 
 3.24915447e-05  2.87427421e-01  2.54983969e-01  8.08412600e-01  8.80277081e-04 
 3.24917723e-05  2.87466593e-01  2.54984105e-01  8.08396010e-01  8.71243281e-04 
 3.24920000e-05  2.87490410e-01  2.54984161e-01  8.08383309e-01  8.71363403e-04 
 3.24920389e-05  2.87493447e-01  2.54984162e-01  8.08382392e-01  9.14785603e-04 
 3.24921168e-05  2.87499173e-01  2.54984161e-01  8.08382351e-01  9.15379474e-04 
 3.24922725e-05  2.87509036e-01  2.54984161e-01  8.08390045e-01  9.14759389e-04 
 3.24925839e-05  2.87525433e-01  2.54984160e-01  8.08419008e-01  9.15339113e-04 
 3.24932066e-05  2.87553428e-01  2.54984158e-01  8.08481854e-01  9.14731465e-04 
 3.24944522e-05  2.87601675e-01  2.54984154e-01  8.08568141e-01  9.15320367e-04 
 3.24969433e-05  2.87670926e-01  2.54984146e-01  8.08646991e-01  9.14720863e-04 
 3.25019256e-05  2.87729371e-01  2.54984130e-01  8.08706267e-01  9.15315703e-04 
 3.25069256e-05  2.87729082e-01  2.54984115e-01  8.08732132e-01  9.14722687e-04 
 3.25119256e-05  2.87707246e-01  2.54984099e-01  8.08742408e-01  9.15321544e-04 
 3.25169256e-05  2.87679543e-01  2.54984083e-01  8.08743204e-01  9.14734607e-04 
 3.25219256e-05  2.87653349e-01  2.54984067e-01  8.08737840e-01  9.15341065e-04 
 3.25269256e-05  2.87630952e-01  2.54984052e-01  8.08727015e-01  9.14763160e-04 
 3.25319256e-05  2.87612580e-01  2.54984036e-01  8.08711810e-01  9.15377557e-04 
 3.25369256e-05  2.87597672e-01  2.54984020e-01  8.08692506e-01  9.14807001e-04 
 3.25419256e-05  2.87585434e-01  2.54984004e-01  8.08669922e-01  9.15426600e-04 
 3.25469256e-05  2.87575179e-01  2.54983989e-01  8.08644470e-01  9.14860114e-04 
 3.25519256e-05  2.87566326e-01  2.54983973e-01  8.08616943e-01  9.15481470e-04 
 3.25569256e-05  2.87558470e-01  2.54983957e-01  8.08587857e-01  9.14915611e-04 
 3.25619256e-05  2.87551303e-01  2.54983941e-01  8.08557965e-01  9.15535429e-04 
 3.25669256e-05  2.87544632e-01  2.54983926e-01  8.08527815e-01  9.14967110e-04 
 3.25719256e-05  2.87538308e-01  2.54983910e-01  8.08498088e-01  9.15582584e-04 
 3.25769256e-05  2.87532246e-01  2.54983894e-01  8.08469300e-01  9.15009314e-04 
 3.25819256e-05  2.87526372e-01  2.54983878e-01  8.08442027e-01  9.15618312e-04 
 3.25869256e-05  2.87520648e-01  2.54983863e-01  8.08416704e-01  9.15038329e-04 
 3.25919256e-05  2.87515036e-01  2.54983847e-01  8.08393775e-01  9.15639486e-04 
 3.25969256e-05  2.87509516e-01  2.54983831e-01  8.08373560e-01  9.15051821e-04 
 3.26019256e-05  2.87504065e-01  2.54983816e-01  8.08356355e-01  9.15644568e-04 
 3.26069256e-05  2.87498674e-01  2.54983800e-01  8.08342345e-01  9.15049036e-04 
 3.26119256e-05  2.87493327e-01  2.54983784e-01  8.08331671e-01  9.15633562e-04 
 3.26169256e-05  2.87488021e-01  2.54983768e-01  8.08324380e-01  9.15030700e-04 
 3.26219256e-05  2.87482746e-01  2.54983753e-01  8.08320464e-01  9.15607859e-04 
 3.26269256e-05  2.87477502e-01  2.54983737e-01  8.08319834e-01  9.14998804e-04 
 3.26319256e-05  2.87472286e-01  2.54983721e-01  8.08322352e-01  9.15569983e-04 
 3.26369256e-05  2.87467100e-01  2.54983705e-01  8.08327815e-01  9.14956326e-04 
 3.26419256e-05  2.87461945e-01  2.54983690e-01  8.08335973e-01  9.15523277e-04 
 3.26469256e-05  2.87456826e-01  2.54983674e-01  8.08346534e-01  9.14906887e-04 
 3.26519256e-05  2.87451747e-01  2.54983658e-01  8.08359172e-01  9.15471553e-04 
 3.26569256e-05  2.87446716e-01  2.54983642e-01  8.08373533e-01  9.14854402e-04 
 3.26619256e-05  2.87441737e-01  2.54983627e-01  8.08389247e-01  9.15418744e-04 
 3.26669256e-05  2.87436821e-01  2.54983611e-01  8.08405933e-01  9.14802739e-04 
 3.26719256e-05  2.87431975e-01  2.54983595e-01  8.08423209e-01  9.15368573e-04 
 3.26769256e-05  2.87427207e-01  2.54983579e-01  8.08440700e-01  9.14755406e-04 
 3.26819256e-05  2.87422525e-01  2.54983564e-01  8.08458042e-01  9.15324273e-04 
 3.26869256e-05  2.87417939e-01  2.54983548e-01  8.08474894e-01  9.14715310e-04 
 3.26919256e-05  2.87413454e-01  2.54983532e-01  8.08490937e-01  9.15288379e-04 
 3.26969256e-05  2.87409078e-01  2.54983516e-01  8.08505889e-01  9.14684575e-04 
 3.27019256e-05  2.87404818e-01  2.54983501e-01  8.08519496e-01  9.15262582e-04 
 3.27069256e-05  2.87400678e-01  2.54983485e-01  8.08531551e-01  9.14664445e-04 
 3.27119256e-05  2.87396663e-01  2.54983469e-01  8.08541878e-01  9.15247670e-04 
 3.27169256e-05  2.87392777e-01  2.54983453e-01  8.08550355e-01  9.14655260e-04 
 3.27219256e-05  2.87389021e-01  2.54983438e-01  8.08556893e-01  9.15243549e-04 
 3.27269256e-05  2.87385396e-01  2.54983422e-01  8.08561453e-01  9.14656509e-04 
 3.27319256e-05  2.87381902e-01  2.54983406e-01  8.08564033e-01  9.15249319e-04 
 3.27369256e-05  2.87378537e-01  2.54983390e-01  8.08564674e-01  9.14666941e-04 
 3.27419256e-05  2.87375300e-01  2.54983375e-01  8.08563452e-01  9.15263422e-04 
 3.27469256e-05  2.87372186e-01  2.54983359e-01  8.08560479e-01  9.14684732e-04 
 3.27519256e-05  2.87369191e-01  2.54983343e-01  8.08555894e-01  9.15283812e-04 
 3.27569256e-05  2.87366311e-01  2.54983327e-01  8.08549866e-01  9.14707668e-04 
 3.27619256e-05  2.87363539e-01  2.54983312e-01  8.08542579e-01  9.15308161e-04 
 3.27669256e-05  2.87360868e-01  2.54983296e-01  8.08534242e-01  9.14733357e-04 
 3.27719256e-05  2.87358292e-01  2.54983280e-01  8.08525067e-01  9.15334062e-04 
 3.27769256e-05  2.87355803e-01  2.54983264e-01  8.08515280e-01  9.14759425e-04 
 3.27819256e-05  2.87353394e-01  2.54983249e-01  8.08505103e-01  9.15359222e-04 
 3.27869256e-05  2.87351057e-01  2.54983233e-01  8.08494761e-01  9.14783703e-04 
 3.27919256e-05  2.87348784e-01  2.54983217e-01  8.08484467e-01  9.15381628e-04 
 3.27969256e-05  2.87346569e-01  2.54983201e-01  8.08474427e-01  9.14804367e-04 
 3.28019256e-05  2.87344403e-01  2.54983186e-01  8.08464829e-01  9.15399679e-04 
 3.28069256e-05  2.87342282e-01  2.54983170e-01  8.08455846e-01  9.14820058e-04 
 3.28119256e-05  2.87340197e-01  2.54983154e-01  8.08447628e-01  9.15412269e-04 
 3.28169256e-05  2.87338144e-01  2.54983138e-01  8.08440308e-01  9.14829936e-04 
 3.28219256e-05  2.87336118e-01  2.54983123e-01  8.08433986e-01  9.15418831e-04 
 3.28269256e-05  2.87334115e-01  2.54983107e-01  8.08428746e-01  9.14833703e-04 
 3.28319256e-05  2.87332130e-01  2.54983091e-01  8.08424641e-01  9.15419327e-04 
 3.28369256e-05  2.87330162e-01  2.54983076e-01  8.08421701e-01  9.14831572e-04 
 3.28419256e-05  2.87328208e-01  2.54983060e-01  8.08419929e-01  9.15414206e-04 
 3.28469256e-05  2.87326266e-01  2.54983044e-01  8.08419308e-01  9.14824206e-04 
 3.28519256e-05  2.87324336e-01  2.54983028e-01  8.08419795e-01  9.15404320e-04 
 3.28569256e-05  2.87322418e-01  2.54983013e-01  8.08421330e-01  9.14812620e-04 
 3.28619256e-05  2.87320513e-01  2.54982997e-01  8.08423831e-01  9.15390822e-04 
 3.28669256e-05  2.87318622e-01  2.54982981e-01  8.08427205e-01  9.14798075e-04 
 3.28719256e-05  2.87316745e-01  2.54982965e-01  8.08431341e-01  9.15375047e-04 
 3.28769256e-05  2.87314886e-01  2.54982950e-01  8.08436122e-01  9.14781949e-04 
 3.28819256e-05  2.87313047e-01  2.54982934e-01  8.08441420e-01  9.15358390e-04 
 3.28869256e-05  2.87311229e-01  2.54982918e-01  8.08447107e-01  9.14765625e-04 
 3.28919256e-05  2.87309437e-01  2.54982902e-01  8.08453048e-01  9.15342191e-04 
 3.28969256e-05  2.87307673e-01  2.54982887e-01  8.08459114e-01  9.14750378e-04 
 3.29019256e-05  2.87305939e-01  2.54982871e-01  8.08465174e-01  9.15327637e-04 
 3.29069256e-05  2.87304239e-01  2.54982855e-01  8.08471111e-01  9.14737284e-04 
 3.29119256e-05  2.87302575e-01  2.54982839e-01  8.08476807e-01  9.15315680e-04 
 3.29169256e-05  2.87300949e-01  2.54982824e-01  8.08482163e-01  9.14727160e-04 
 3.29219256e-05  2.87299365e-01  2.54982808e-01  8.08487083e-01  9.15306987e-04 
 3.29269256e-05  2.87297823e-01  2.54982792e-01  8.08491492e-01  9.14720514e-04 
 3.29319256e-05  2.87296326e-01  2.54982776e-01  8.08495323e-01  9.15301911e-04 
 3.29369256e-05  2.87294875e-01  2.54982761e-01  8.08498528e-01  9.14717544e-04 
 3.29419256e-05  2.87293470e-01  2.54982745e-01  8.08501069e-01  9.15300491e-04 
 3.29469256e-05  2.87292112e-01  2.54982729e-01  8.08502929e-01  9.14718141e-04 
 3.29519256e-05  2.87290801e-01  2.54982713e-01  8.08504100e-01  9.15302483e-04 
 3.29569256e-05  2.87289537e-01  2.54982698e-01  8.08504593e-01  9.14721930e-04 
 3.29619256e-05  2.87288319e-01  2.54982682e-01  8.08504426e-01  9.15307396e-04 
 3.29669256e-05  2.87287146e-01  2.54982666e-01  8.08503637e-01  9.14728325e-04 
 3.29719256e-05  2.87286016e-01  2.54982650e-01  8.08502268e-01  9.15314561e-04 
 3.29769256e-05  2.87284928e-01  2.54982635e-01  8.08500376e-01  9.14736589e-04 
 3.29819256e-05  2.87283880e-01  2.54982619e-01  8.08498020e-01  9.15323192e-04 
 3.29869256e-05  2.87282870e-01  2.54982603e-01  8.08495272e-01  9.14745907e-04 
 3.29919256e-05  2.87281894e-01  2.54982587e-01  8.08492204e-01  9.15332466e-04 
 3.29969256e-05  2.87280951e-01  2.54982572e-01  8.08488894e-01  9.14755460e-04 
 3.30019256e-05  2.87280039e-01  2.54982556e-01  8.08485417e-01  9.15341580e-04 
 3.30069256e-05  2.87279153e-01  2.54982540e-01  8.08481853e-01  9.14764483e-04 
 3.30119256e-05  2.87278293e-01  2.54982524e-01  8.08478276e-01  9.15349822e-04 
 3.30169256e-05  2.87277454e-01  2.54982509e-01  8.08474760e-01  9.14772323e-04 
 3.30219256e-05  2.87276635e-01  2.54982493e-01  8.08471372e-01  9.15356611e-04 
 3.30269256e-05  2.87275833e-01  2.54982477e-01  8.08468174e-01  9.14778482e-04 
 3.30319256e-05  2.87275047e-01  2.54982461e-01  8.08465221e-01  9.15361534e-04 
 3.30369256e-05  2.87274273e-01  2.54982446e-01  8.08462563e-01  9.14782638e-04 
 3.30419256e-05  2.87273510e-01  2.54982430e-01  8.08460236e-01  9.15364363e-04 
 3.30469256e-05  2.87272757e-01  2.54982414e-01  8.08458275e-01  9.14784653e-04 
 3.30519256e-05  2.87272012e-01  2.54982399e-01  8.08456699e-01  9.15365052e-04 
 3.30569256e-05  2.87271275e-01  2.54982383e-01  8.08455524e-01  9.14784573e-04 
 3.30619256e-05  2.87270543e-01  2.54982367e-01  8.08454754e-01  9.15363730e-04 
 3.30669256e-05  2.87269817e-01  2.54982351e-01  8.08454387e-01  9.14782602e-04 
 3.30719256e-05  2.87269097e-01  2.54982336e-01  8.08454408e-01  9.15360669e-04 
 3.30769256e-05  2.87268381e-01  2.54982320e-01  8.08454803e-01  9.14779072e-04 
 3.30819256e-05  2.87267671e-01  2.54982304e-01  8.08455543e-01  9.15356254e-04 
 3.30869256e-05  2.87266967e-01  2.54982288e-01  8.08456599e-01  9.14774409e-04 
 3.30919256e-05  2.87266268e-01  2.54982273e-01  8.08457934e-01  9.15350940e-04 
 3.30969256e-05  2.87265576e-01  2.54982257e-01  8.08459510e-01  9.14769089e-04 
 3.31019256e-05  2.87264892e-01  2.54982241e-01  8.08461281e-01  9.15345211e-04 
 3.31069256e-05  2.87264216e-01  2.54982225e-01  8.08463206e-01  9.14763594e-04 
 3.31119256e-05  2.87263549e-01  2.54982210e-01  8.08465235e-01  9.15339541e-04 
 3.31169256e-05  2.87262892e-01  2.54982194e-01  8.08467326e-01  9.14758378e-04 
 3.31219256e-05  2.87262247e-01  2.54982178e-01  8.08469433e-01  9.15334355e-04 
 3.31269256e-05  2.87261613e-01  2.54982162e-01  8.08471512e-01  9.14753832e-04 
 3.31319256e-05  2.87260993e-01  2.54982147e-01  8.08473523e-01  9.15330001e-04 
 3.31369256e-05  2.87260386e-01  2.54982131e-01  8.08475430e-01  9.14750257e-04 
 3.31419256e-05  2.87259795e-01  2.54982115e-01  8.08477198e-01  9.15326733e-04 
 3.31469256e-05  2.87259218e-01  2.54982099e-01  8.08478799e-01  9.14747853e-04 
 3.31519256e-05  2.87258658e-01  2.54982084e-01  8.08480207e-01  9.15324694e-04 
 3.31569256e-05  2.87258114e-01  2.54982068e-01  8.08481405e-01  9.14746711e-04 
 3.31619256e-05  2.87257587e-01  2.54982052e-01  8.08482378e-01  9.15323922e-04 
 3.31669256e-05  2.87257076e-01  2.54982036e-01  8.08483116e-01  9.14746814e-04 
 3.31719256e-05  2.87256583e-01  2.54982021e-01  8.08483615e-01  9.15324349e-04 
 3.31769256e-05  2.87256107e-01  2.54982005e-01  8.08483878e-01  9.14748049e-04 
 3.31819256e-05  2.87255648e-01  2.54981989e-01  8.08483909e-01  9.15325823e-04 
 3.31869256e-05  2.87255204e-01  2.54981973e-01  8.08483719e-01  9.14750226e-04 
 3.31919256e-05  2.87254777e-01  2.54981958e-01  8.08483322e-01  9.15328121e-04 
 3.31969256e-05  2.87254366e-01  2.54981942e-01  8.08482736e-01  9.14753099e-04 
 3.32019256e-05  2.87253968e-01  2.54981926e-01  8.08481980e-01  9.15330979e-04 
 3.32069256e-05  2.87253585e-01  2.54981910e-01  8.08481079e-01  9.14756391e-04 
 3.32119256e-05  2.87253215e-01  2.54981895e-01  8.08480056e-01  9.15334112e-04 
 3.32169256e-05  2.87252857e-01  2.54981879e-01  8.08478940e-01  9.14759815e-04 
 3.32219256e-05  2.87252511e-01  2.54981863e-01  8.08477755e-01  9.15337239e-04 
 3.32269256e-05  2.87252175e-01  2.54981847e-01  8.08476529e-01  9.14763102e-04 
 3.32319256e-05  2.87251848e-01  2.54981832e-01  8.08475289e-01  9.15340107e-04 
 3.32369256e-05  2.87251530e-01  2.54981816e-01  8.08474061e-01  9.14766017e-04 
 3.32419256e-05  2.87251220e-01  2.54981800e-01  8.08472867e-01  9.15342504e-04 
 3.32469256e-05  2.87250917e-01  2.54981784e-01  8.08471731e-01  9.14768377e-04 
 3.32519256e-05  2.87250619e-01  2.54981769e-01  8.08470673e-01  9.15344275e-04 
 3.32569256e-05  2.87250327e-01  2.54981753e-01  8.08469710e-01  9.14770057e-04 
 3.32619256e-05  2.87250039e-01  2.54981737e-01  8.08468858e-01  9.15345330e-04 
 3.32669256e-05  2.87249755e-01  2.54981721e-01  8.08468128e-01  9.14770999e-04 
 3.32719256e-05  2.87249475e-01  2.54981706e-01  8.08467529e-01  9.15345640e-04 
 3.32769256e-05  2.87249198e-01  2.54981690e-01  8.08467068e-01  9.14771205e-04 
 3.32819256e-05  2.87248924e-01  2.54981674e-01  8.08466746e-01  9.15345239e-04 
 3.32869256e-05  2.87248652e-01  2.54981659e-01  8.08466564e-01  9.14770737e-04 
 3.32919256e-05  2.87248382e-01  2.54981643e-01  8.08466520e-01  9.15344213e-04 
 3.32969256e-05  2.87248115e-01  2.54981627e-01  8.08466607e-01  9.14769703e-04 
 3.33019256e-05  2.87247849e-01  2.54981611e-01  8.08466817e-01  9.15342688e-04 
 3.33069256e-05  2.87247587e-01  2.54981596e-01  8.08467142e-01  9.14768244e-04 
 3.33119256e-05  2.87247326e-01  2.54981580e-01  8.08467568e-01  9.15340818e-04 
 3.33169256e-05  2.87247068e-01  2.54981564e-01  8.08468083e-01  9.14766523e-04 
 3.33219256e-05  2.87246813e-01  2.54981548e-01  8.08468672e-01  9.15338771e-04 
 3.33269256e-05  2.87246561e-01  2.54981533e-01  8.08469320e-01  9.14764709e-04 
 3.33319256e-05  2.87246313e-01  2.54981517e-01  8.08470010e-01  9.15336712e-04 
 3.33369256e-05  2.87246068e-01  2.54981501e-01  8.08470729e-01  9.14762961e-04 
 3.33419256e-05  2.87245828e-01  2.54981485e-01  8.08471458e-01  9.15334793e-04 
 3.33469256e-05  2.87245591e-01  2.54981470e-01  8.08472184e-01  9.14761420e-04 
 3.33519256e-05  2.87245360e-01  2.54981454e-01  8.08472891e-01  9.15333141e-04 
 3.33569256e-05  2.87245133e-01  2.54981438e-01  8.08473568e-01  9.14760198e-04 
 3.33619256e-05  2.87244912e-01  2.54981422e-01  8.08474200e-01  9.15331850e-04 
 3.33669256e-05  2.87244696e-01  2.54981407e-01  8.08474779e-01  9.14759370e-04 
 3.33719256e-05  2.87244487e-01  2.54981391e-01  8.08475294e-01  9.15330978e-04 
 3.33769256e-05  2.87244283e-01  2.54981375e-01  8.08475738e-01  9.14758975e-04 
 3.33819256e-05  2.87244085e-01  2.54981359e-01  8.08476106e-01  9.15330544e-04 
 3.33869256e-05  2.87243893e-01  2.54981344e-01  8.08476394e-01  9.14759015e-04 
 3.33919256e-05  2.87243707e-01  2.54981328e-01  8.08476599e-01  9.15330533e-04 
 3.33969256e-05  2.87243528e-01  2.54981312e-01  8.08476723e-01  9.14759456e-04 
 3.34019256e-05  2.87243355e-01  2.54981296e-01  8.08476764e-01  9.15330896e-04 
 3.34069256e-05  2.87243187e-01  2.54981281e-01  8.08476728e-01  9.14760239e-04 
 3.34119256e-05  2.87243026e-01  2.54981265e-01  8.08476618e-01  9.15331562e-04 
 3.34169256e-05  2.87242870e-01  2.54981249e-01  8.08476440e-01  9.14761280e-04 
 3.34219256e-05  2.87242720e-01  2.54981233e-01  8.08476200e-01  9.15332440e-04 
 3.34269256e-05  2.87242575e-01  2.54981218e-01  8.08475907e-01  9.14762486e-04 
 3.34319256e-05  2.87242434e-01  2.54981202e-01  8.08475568e-01  9.15333432e-04 
 3.34369256e-05  2.87242299e-01  2.54981186e-01  8.08475193e-01  9.14763756e-04 
 3.34419256e-05  2.87242167e-01  2.54981170e-01  8.08474790e-01  9.15334441e-04 
 3.34469256e-05  2.87242040e-01  2.54981155e-01  8.08474371e-01  9.14764996e-04 
 3.34519256e-05  2.87241916e-01  2.54981139e-01  8.08473942e-01  9.15335376e-04 
 3.34569256e-05  2.87241795e-01  2.54981123e-01  8.08473514e-01  9.14766121e-04 
 3.34619256e-05  2.87241678e-01  2.54981107e-01  8.08473094e-01  9.15336161e-04 
 3.34669256e-05  2.87241563e-01  2.54981092e-01  8.08472692e-01  9.14767065e-04 
 3.34719256e-05  2.87241450e-01  2.54981076e-01  8.08472314e-01  9.15336738e-04 
 3.34769256e-05  2.87241340e-01  2.54981060e-01  8.08471967e-01  9.14767780e-04 
 3.34819256e-05  2.87241231e-01  2.54981044e-01  8.08471656e-01  9.15337070e-04 
 3.34869256e-05  2.87241124e-01  2.54981029e-01  8.08471387e-01  9.14768242e-04 
 3.34919256e-05  2.87241019e-01  2.54981013e-01  8.08471161e-01  9.15337146e-04 
 3.34969256e-05  2.87240915e-01  2.54980997e-01  8.08470982e-01  9.14768446e-04 
 3.35019256e-05  2.87240811e-01  2.54980981e-01  8.08470852e-01  9.15336971e-04 
 3.35069256e-05  2.87240709e-01  2.54980966e-01  8.08470770e-01  9.14768412e-04 
 3.35119256e-05  2.87240609e-01  2.54980950e-01  8.08470736e-01  9.15336572e-04 
 3.35169256e-05  2.87240508e-01  2.54980934e-01  8.08470749e-01  9.14768172e-04 
 3.35219256e-05  2.87240409e-01  2.54980919e-01  8.08470805e-01  9.15335990e-04 
 3.35269256e-05  2.87240311e-01  2.54980903e-01  8.08470902e-01  9.14767776e-04 
 3.35319256e-05  2.87240214e-01  2.54980887e-01  8.08471037e-01  9.15335279e-04 
 3.35369256e-05  2.87240118e-01  2.54980871e-01  8.08471204e-01  9.14767277e-04 
 3.35419256e-05  2.87240023e-01  2.54980856e-01  8.08471398e-01  9.15334494e-04 
 3.35469256e-05  2.87239929e-01  2.54980840e-01  8.08471615e-01  9.14766734e-04 
 3.35519256e-05  2.87239836e-01  2.54980824e-01  8.08471849e-01  9.15333695e-04 
 3.35569256e-05  2.87239745e-01  2.54980808e-01  8.08472095e-01  9.14766203e-04 
 3.35619256e-05  2.87239655e-01  2.54980793e-01  8.08472347e-01  9.15332934e-04 
 3.35669256e-05  2.87239567e-01  2.54980777e-01  8.08472599e-01  9.14765736e-04 
 3.35719256e-05  2.87239480e-01  2.54980761e-01  8.08472848e-01  9.15332257e-04 
 3.35769256e-05  2.87239396e-01  2.54980745e-01  8.08473087e-01  9.14765371e-04 
 3.35819256e-05  2.87239313e-01  2.54980730e-01  8.08473312e-01  9.15331701e-04 
 3.35869256e-05  2.87239232e-01  2.54980714e-01  8.08473520e-01  9.14765140e-04 
 3.35919256e-05  2.87239154e-01  2.54980698e-01  8.08473708e-01  9.15331286e-04 
 3.35969256e-05  2.87239077e-01  2.54980682e-01  8.08473872e-01  9.14765056e-04 
 3.36019256e-05  2.87239003e-01  2.54980667e-01  8.08474010e-01  9.15331024e-04 
 3.36069256e-05  2.87238931e-01  2.54980651e-01  8.08474120e-01  9.14765124e-04 
 3.36119256e-05  2.87238861e-01  2.54980635e-01  8.08474203e-01  9.15330909e-04 
 3.36169256e-05  2.87238794e-01  2.54980619e-01  8.08474257e-01  9.14765335e-04 
 3.36219256e-05  2.87238729e-01  2.54980604e-01  8.08474282e-01  9.15330929e-04 
 3.36269256e-05  2.87238665e-01  2.54980588e-01  8.08474280e-01  9.14765668e-04 
 3.36319256e-05  2.87238604e-01  2.54980572e-01  8.08474252e-01  9.15331058e-04 
 3.36369256e-05  2.87238545e-01  2.54980556e-01  8.08474199e-01  9.14766097e-04 
 3.36419256e-05  2.87238489e-01  2.54980541e-01  8.08474124e-01  9.15331268e-04 
 3.36469256e-05  2.87238434e-01  2.54980525e-01  8.08474029e-01  9.14766589e-04 
 3.36519256e-05  2.87238380e-01  2.54980509e-01  8.08473918e-01  9.15331524e-04 
 3.36569256e-05  2.87238329e-01  2.54980493e-01  8.08473792e-01  9.14767110e-04 
 3.36619256e-05  2.87238279e-01  2.54980478e-01  8.08473656e-01  9.15331792e-04 
 3.36669256e-05  2.87238231e-01  2.54980462e-01  8.08473513e-01  9.14767627e-04 
 3.36719256e-05  2.87238184e-01  2.54980446e-01  8.08473365e-01  9.15332040e-04 
 3.36769256e-05  2.87238138e-01  2.54980430e-01  8.08473216e-01  9.14768110e-04 
 3.36819256e-05  2.87238094e-01  2.54980415e-01  8.08473069e-01  9.15332241e-04 
 3.36869256e-05  2.87238050e-01  2.54980399e-01  8.08472928e-01  9.14768534e-04 
 3.36919256e-05  2.87238008e-01  2.54980383e-01  8.08472793e-01  9.15332374e-04 
 3.36969256e-05  2.87237966e-01  2.54980367e-01  8.08472668e-01  9.14768881e-04 
 3.37019256e-05  2.87237925e-01  2.54980352e-01  8.08472555e-01  9.15332424e-04 
 3.37069256e-05  2.87237884e-01  2.54980336e-01  8.08472456e-01  9.14769141e-04 
 3.37119256e-05  2.87237845e-01  2.54980320e-01  8.08472372e-01  9.15332385e-04 
 3.37169256e-05  2.87237806e-01  2.54980304e-01  8.08472304e-01  9.14769312e-04 
 3.37219256e-05  2.87237767e-01  2.54980289e-01  8.08472252e-01  9.15332258e-04 
 3.37269256e-05  2.87237729e-01  2.54980273e-01  8.08472217e-01  9.14769398e-04 
 3.37319256e-05  2.87237691e-01  2.54980257e-01  8.08472199e-01  9.15332052e-04 
 3.37369256e-05  2.87237653e-01  2.54980242e-01  8.08472197e-01  9.14769410e-04 
 3.37419256e-05  2.87237616e-01  2.54980226e-01  8.08472211e-01  9.15331779e-04 
 3.37469256e-05  2.87237580e-01  2.54980210e-01  8.08472239e-01  9.14769365e-04 
 3.37519256e-05  2.87237543e-01  2.54980194e-01  8.08472281e-01  9.15331457e-04 
 3.37569256e-05  2.87237507e-01  2.54980179e-01  8.08472334e-01  9.14769280e-04 
 3.37619256e-05  2.87237472e-01  2.54980163e-01  8.08472398e-01  9.15331106e-04 
 3.37669256e-05  2.87237437e-01  2.54980147e-01  8.08472470e-01  9.14769175e-04 
 3.37719256e-05  2.87237402e-01  2.54980131e-01  8.08472549e-01  9.15330746e-04 
 3.37769256e-05  2.87237368e-01  2.54980116e-01  8.08472633e-01  9.14769072e-04 
 3.37819256e-05  2.87237335e-01  2.54980100e-01  8.08472720e-01  9.15330397e-04 
 3.37869256e-05  2.87237302e-01  2.54980084e-01  8.08472807e-01  9.14768987e-04 
 3.37919256e-05  2.87237269e-01  2.54980068e-01  8.08472894e-01  9.15330073e-04 
 3.37969256e-05  2.87237238e-01  2.54980053e-01  8.08472978e-01  9.14768935e-04 
 3.38019256e-05  2.87237207e-01  2.54980037e-01  8.08473058e-01  9.15329789e-04 
 3.38069256e-05  2.87237177e-01  2.54980021e-01  8.08473133e-01  9.14768928e-04 
 3.38119256e-05  2.87237147e-01  2.54980005e-01  8.08473201e-01  9.15329553e-04 
 3.38169256e-05  2.87237119e-01  2.54979990e-01  8.08473261e-01  9.14768971e-04 
 3.38219256e-05  2.87237091e-01  2.54979974e-01  8.08473312e-01  9.15329370e-04 
 3.38269256e-05  2.87237064e-01  2.54979958e-01  8.08473355e-01  9.14769066e-04 
 3.38319256e-05  2.87237038e-01  2.54979942e-01  8.08473387e-01  9.15329238e-04 
 3.38369256e-05  2.87237012e-01  2.54979927e-01  8.08473410e-01  9.14769212e-04 
 3.38419256e-05  2.87236988e-01  2.54979911e-01  8.08473422e-01  9.15329154e-04 
 3.38469256e-05  2.87236964e-01  2.54979895e-01  8.08473425e-01  9.14769402e-04 
 3.38519256e-05  2.87236941e-01  2.54979879e-01  8.08473419e-01  9.15329110e-04 
 3.38569256e-05  2.87236918e-01  2.54979864e-01  8.08473404e-01  9.14769627e-04 
 3.38619256e-05  2.87236897e-01  2.54979848e-01  8.08473381e-01  9.15329096e-04 
 3.38669256e-05  2.87236876e-01  2.54979832e-01  8.08473351e-01  9.14769877e-04 
 3.38719256e-05  2.87236856e-01  2.54979816e-01  8.08473314e-01  9.15329100e-04 
 3.38769256e-05  2.87236837e-01  2.54979801e-01  8.08473272e-01  9.14770138e-04 
 3.38819256e-05  2.87236818e-01  2.54979785e-01  8.08473227e-01  9.15329111e-04 
 3.38869256e-05  2.87236799e-01  2.54979769e-01  8.08473178e-01  9.14770400e-04 
 3.38919256e-05  2.87236782e-01  2.54979753e-01  8.08473127e-01  9.15329117e-04 
 3.38969256e-05  2.87236764e-01  2.54979738e-01  8.08473076e-01  9.14770653e-04 
 3.39019256e-05  2.87236747e-01  2.54979722e-01  8.08473024e-01  9.15329109e-04 
 3.39069256e-05  2.87236731e-01  2.54979706e-01  8.08472974e-01  9.14770886e-04 
 3.39119256e-05  2.87236715e-01  2.54979690e-01  8.08472927e-01  9.15329078e-04 
 3.39169256e-05  2.87236699e-01  2.54979675e-01  8.08472882e-01  9.14771094e-04 
 3.39219256e-05  2.87236684e-01  2.54979659e-01  8.08472841e-01  9.15329019e-04 
 3.39269256e-05  2.87236668e-01  2.54979643e-01  8.08472805e-01  9.14771272e-04 
 3.39319256e-05  2.87236653e-01  2.54979627e-01  8.08472774e-01  9.15328930e-04 
 3.39369256e-05  2.87236639e-01  2.54979612e-01  8.08472748e-01  9.14771419e-04 
 3.39419256e-05  2.87236624e-01  2.54979596e-01  8.08472728e-01  9.15328810e-04 
 3.39469256e-05  2.87236610e-01  2.54979580e-01  8.08472713e-01  9.14771536e-04 
 3.39519256e-05  2.87236596e-01  2.54979564e-01  8.08472705e-01  9.15328662e-04 
 3.39569256e-05  2.87236581e-01  2.54979549e-01  8.08472702e-01  9.14771627e-04 
 3.39619256e-05  2.87236568e-01  2.54979533e-01  8.08472704e-01  9.15328490e-04 
 3.39669256e-05  2.87236554e-01  2.54979517e-01  8.08472712e-01  9.14771696e-04 
 3.39719256e-05  2.87236540e-01  2.54979502e-01  8.08472725e-01  9.15328300e-04 
 3.39769256e-05  2.87236527e-01  2.54979486e-01  8.08472742e-01  9.14771751e-04 
 3.39819256e-05  2.87236514e-01  2.54979470e-01  8.08472763e-01  9.15328098e-04 
 3.39869256e-05  2.87236501e-01  2.54979454e-01  8.08472787e-01  9.14771797e-04 
 3.39919256e-05  2.87236488e-01  2.54979439e-01  8.08472813e-01  9.15327892e-04 
 3.39969256e-05  2.87236475e-01  2.54979423e-01  8.08472842e-01  9.14771842e-04 
 3.40019256e-05  2.87236462e-01  2.54979407e-01  8.08472871e-01  9.15327688e-04 
 3.40069256e-05  2.87236450e-01  2.54979391e-01  8.08472902e-01  9.14771892e-04 
 3.40119256e-05  2.87236438e-01  2.54979376e-01  8.08472932e-01  9.15327492e-04 
 3.40169256e-05  2.87236426e-01  2.54979360e-01  8.08472962e-01  9.14771953e-04 
 3.40219256e-05  2.87236415e-01  2.54979344e-01  8.08472990e-01  9.15327309e-04 
 3.40269256e-05  2.87236403e-01  2.54979328e-01  8.08473017e-01  9.14772029e-04 
 3.40319256e-05  2.87236392e-01  2.54979313e-01  8.08473041e-01  9.15327142e-04 
 3.40369256e-05  2.87236382e-01  2.54979297e-01  8.08473063e-01  9.14772122e-04 
 3.40419256e-05  2.87236371e-01  2.54979281e-01  8.08473082e-01  9.15326994e-04 
 3.40469256e-05  2.87236361e-01  2.54979265e-01  8.08473098e-01  9.14772233e-04 
 3.40519256e-05  2.87236351e-01  2.54979250e-01  8.08473110e-01  9.15326863e-04 
 3.40569256e-05  2.87236342e-01  2.54979234e-01  8.08473120e-01  9.14772362e-04 
 3.40619256e-05  2.87236332e-01  2.54979218e-01  8.08473125e-01  9.15326750e-04 
 3.40669256e-05  2.87236323e-01  2.54979202e-01  8.08473128e-01  9.14772506e-04 
 3.40719256e-05  2.87236315e-01  2.54979187e-01  8.08473127e-01  9.15326651e-04 
 3.40769256e-05  2.87236306e-01  2.54979171e-01  8.08473123e-01  9.14772663e-04 
 3.40819256e-05  2.87236298e-01  2.54979155e-01  8.08473116e-01  9.15326563e-04 
 3.40869256e-05  2.87236290e-01  2.54979139e-01  8.08473106e-01  9.14772830e-04 
 3.40919256e-05  2.87236283e-01  2.54979124e-01  8.08473094e-01  9.15326482e-04 
 3.40969256e-05  2.87236275e-01  2.54979108e-01  8.08473081e-01  9.14773001e-04 
 3.41019256e-05  2.87236268e-01  2.54979092e-01  8.08473065e-01  9.15326404e-04 
 3.41069256e-05  2.87236261e-01  2.54979076e-01  8.08473049e-01  9.14773173e-04 
 3.41119256e-05  2.87236255e-01  2.54979061e-01  8.08473031e-01  9.15326326e-04 
 3.41169256e-05  2.87236248e-01  2.54979045e-01  8.08473014e-01  9.14773343e-04 
 3.41219256e-05  2.87236242e-01  2.54979029e-01  8.08472996e-01  9.15326243e-04 
 3.41269256e-05  2.87236235e-01  2.54979013e-01  8.08472978e-01  9.14773506e-04 
 3.41319256e-05  2.87236229e-01  2.54978998e-01  8.08472961e-01  9.15326153e-04 
 3.41369256e-05  2.87236223e-01  2.54978982e-01  8.08472945e-01  9.14773661e-04 
 3.41419256e-05  2.87236217e-01  2.54978966e-01  8.08472931e-01  9.15326054e-04 
 3.41469256e-05  2.87236212e-01  2.54978950e-01  8.08472918e-01  9.14773806e-04 
 3.41519256e-05  2.87236206e-01  2.54978935e-01  8.08472906e-01  9.15325944e-04 
 3.41569256e-05  2.87236201e-01  2.54978919e-01  8.08472896e-01  9.14773940e-04 
 3.41619256e-05  2.87236195e-01  2.54978903e-01  8.08472888e-01  9.15325823e-04 
 3.41669256e-05  2.87236190e-01  2.54978887e-01  8.08472883e-01  9.14774064e-04 
 3.41719256e-05  2.87236184e-01  2.54978872e-01  8.08472879e-01  9.15325693e-04 
 3.41769256e-05  2.87236179e-01  2.54978856e-01  8.08472877e-01  9.14774178e-04 
 3.41819256e-05  2.87236174e-01  2.54978840e-01  8.08472877e-01  9.15325554e-04 
 3.41869256e-05  2.87236169e-01  2.54978825e-01  8.08472879e-01  9.14774284e-04 
 3.41919256e-05  2.87236164e-01  2.54978809e-01  8.08472883e-01  9.15325408e-04 
 3.41969256e-05  2.87236159e-01  2.54978793e-01  8.08472889e-01  9.14774385e-04 
 3.42019256e-05  2.87236154e-01  2.54978777e-01  8.08472895e-01  9.15325258e-04 
 3.42069256e-05  2.87236149e-01  2.54978762e-01  8.08472903e-01  9.14774482e-04 
 3.42119256e-05  2.87236144e-01  2.54978746e-01  8.08472912e-01  9.15325105e-04 
 3.42169256e-05  2.87236139e-01  2.54978730e-01  8.08472922e-01  9.14774578e-04 
 3.42219256e-05  2.87236135e-01  2.54978714e-01  8.08472932e-01  9.15324954e-04 
 3.42269256e-05  2.87236130e-01  2.54978699e-01  8.08472942e-01  9.14774676e-04 
 3.42319256e-05  2.87236126e-01  2.54978683e-01  8.08472953e-01  9.15324804e-04 
 3.42369256e-05  2.87236121e-01  2.54978667e-01  8.08472963e-01  9.14774777e-04 
 3.42419256e-05  2.87236117e-01  2.54978651e-01  8.08472973e-01  9.15324659e-04 
 3.42469256e-05  2.87236113e-01  2.54978636e-01  8.08472983e-01  9.14774883e-04 
 3.42519256e-05  2.87236108e-01  2.54978620e-01  8.08472991e-01  9.15324520e-04 
 3.42569256e-05  2.87236104e-01  2.54978604e-01  8.08472999e-01  9.14774995e-04 
 3.42619256e-05  2.87236101e-01  2.54978588e-01  8.08473006e-01  9.15324386e-04 
 3.42669256e-05  2.87236097e-01  2.54978573e-01  8.08473012e-01  9.14775112e-04 
 3.42719256e-05  2.87236093e-01  2.54978557e-01  8.08473017e-01  9.15324259e-04 
 3.42769256e-05  2.87236089e-01  2.54978541e-01  8.08473021e-01  9.14775236e-04 
 3.42819256e-05  2.87236086e-01  2.54978525e-01  8.08473023e-01  9.15324138e-04 
 3.42869256e-05  2.87236083e-01  2.54978510e-01  8.08473024e-01  9.14775366e-04 
 3.42919256e-05  2.87236079e-01  2.54978494e-01  8.08473025e-01  9.15324023e-04 
 3.42969256e-05  2.87236076e-01  2.54978478e-01  8.08473024e-01  9.14775500e-04 
 3.43019256e-05  2.87236073e-01  2.54978462e-01  8.08473021e-01  9.15323911e-04 
 3.43069256e-05  2.87236070e-01  2.54978447e-01  8.08473019e-01  9.14775638e-04 
 3.43119256e-05  2.87236067e-01  2.54978431e-01  8.08473015e-01  9.15323802e-04 
 3.43169256e-05  2.87236064e-01  2.54978415e-01  8.08473010e-01  9.14775777e-04 
 3.43219256e-05  2.87236062e-01  2.54978399e-01  8.08473005e-01  9.15323695e-04 
 3.43269256e-05  2.87236059e-01  2.54978384e-01  8.08473000e-01  9.14775918e-04 
 3.43319256e-05  2.87236057e-01  2.54978368e-01  8.08472994e-01  9.15323587e-04 
 3.43369256e-05  2.87236054e-01  2.54978352e-01  8.08472988e-01  9.14776057e-04 
 3.43419256e-05  2.87236052e-01  2.54978336e-01  8.08472981e-01  9.15323479e-04 
 3.43469256e-05  2.87236049e-01  2.54978321e-01  8.08472975e-01  9.14776194e-04 
 3.43519256e-05  2.87236047e-01  2.54978305e-01  8.08472969e-01  9.15323368e-04 
 3.43569256e-05  2.87236045e-01  2.54978289e-01  8.08472964e-01  9.14776329e-04 
 3.43619256e-05  2.87236043e-01  2.54978273e-01  8.08472958e-01  9.15323254e-04 
 3.43669256e-05  2.87236040e-01  2.54978258e-01  8.08472954e-01  9.14776460e-04 
 3.43719256e-05  2.87236038e-01  2.54978242e-01  8.08472949e-01  9.15323136e-04 
 3.43769256e-05  2.87236036e-01  2.54978226e-01  8.08472946e-01  9.14776588e-04 
 3.43819256e-05  2.87236034e-01  2.54978210e-01  8.08472943e-01  9.15323015e-04 
 3.43869256e-05  2.87236032e-01  2.54978195e-01  8.08472940e-01  9.14776711e-04 
 3.43919256e-05  2.87236030e-01  2.54978179e-01  8.08472939e-01  9.15322890e-04 
 3.43969256e-05  2.87236028e-01  2.54978163e-01  8.08472938e-01  9.14776832e-04 
 3.44019256e-05  2.87236026e-01  2.54978147e-01  8.08472938e-01  9.15322762e-04 
 3.44069256e-05  2.87236024e-01  2.54978132e-01  8.08472938e-01  9.14776949e-04 
 3.44119256e-05  2.87236022e-01  2.54978116e-01  8.08472939e-01  9.15322632e-04 
 3.44169256e-05  2.87236020e-01  2.54978100e-01  8.08472941e-01  9.14777064e-04 
 3.44219256e-05  2.87236019e-01  2.54978085e-01  8.08472943e-01  9.15322500e-04 
 3.44269256e-05  2.87236017e-01  2.54978069e-01  8.08472946e-01  9.14777178e-04 
 3.44319256e-05  2.87236015e-01  2.54978053e-01  8.08472949e-01  9.15322367e-04 
 3.44369256e-05  2.87236013e-01  2.54978037e-01  8.08472952e-01  9.14777292e-04 
 3.44419256e-05  2.87236011e-01  2.54978022e-01  8.08472955e-01  9.15322235e-04 
 3.44469256e-05  2.87236010e-01  2.54978006e-01  8.08472959e-01  9.14777405e-04 
 3.44519256e-05  2.87236008e-01  2.54977990e-01  8.08472963e-01  9.15322103e-04 
 3.44569256e-05  2.87236006e-01  2.54977974e-01  8.08472966e-01  9.14777520e-04 
 3.44619256e-05  2.87236005e-01  2.54977959e-01  8.08472970e-01  9.15321972e-04 
 3.44669256e-05  2.87236003e-01  2.54977943e-01  8.08472973e-01  9.14777636e-04 
 3.44719256e-05  2.87236002e-01  2.54977927e-01  8.08472976e-01  9.15321844e-04 
 3.44769256e-05  2.87236000e-01  2.54977911e-01  8.08472979e-01  9.14777754e-04 
 3.44819256e-05  2.87235999e-01  2.54977896e-01  8.08472982e-01  9.15321717e-04 
 3.44869256e-05  2.87235997e-01  2.54977880e-01  8.08472984e-01  9.14777875e-04 
 3.44919256e-05  2.87235996e-01  2.54977864e-01  8.08472986e-01  9.15321593e-04 
 3.44969256e-05  2.87235994e-01  2.54977848e-01  8.08472987e-01  9.14777997e-04 
 3.45019256e-05  2.87235993e-01  2.54977833e-01  8.08472988e-01  9.15321471e-04 
 3.45069256e-05  2.87235992e-01  2.54977817e-01  8.08472989e-01  9.14778121e-04 
 3.45119256e-05  2.87235991e-01  2.54977801e-01  8.08472989e-01  9.15321351e-04 
 3.45169256e-05  2.87235989e-01  2.54977785e-01  8.08472989e-01  9.14778247e-04 
 3.45219256e-05  2.87235988e-01  2.54977770e-01  8.08472988e-01  9.15321232e-04 
 3.45269256e-05  2.87235987e-01  2.54977754e-01  8.08472987e-01  9.14778374e-04 
 3.45319256e-05  2.87235986e-01  2.54977738e-01  8.08472986e-01  9.15321114e-04 
 3.45369256e-05  2.87235985e-01  2.54977722e-01  8.08472985e-01  9.14778502e-04 
 3.45419256e-05  2.87235984e-01  2.54977707e-01  8.08472983e-01  9.15320997e-04 
 3.45469256e-05  2.87235983e-01  2.54977691e-01  8.08472981e-01  9.14778631e-04 
 3.45519256e-05  2.87235982e-01  2.54977675e-01  8.08472979e-01  9.15320881e-04 
 3.45569256e-05  2.87235981e-01  2.54977659e-01  8.08472977e-01  9.14778759e-04 
 3.45619256e-05  2.87235980e-01  2.54977644e-01  8.08472975e-01  9.15320764e-04 
 3.45669256e-05  2.87235979e-01  2.54977628e-01  8.08472973e-01  9.14778886e-04 
 3.45719256e-05  2.87235978e-01  2.54977612e-01  8.08472971e-01  9.15320646e-04 
 3.45769256e-05  2.87235978e-01  2.54977596e-01  8.08472969e-01  9.14779012e-04 
 3.45819256e-05  2.87235977e-01  2.54977581e-01  8.08472967e-01  9.15320527e-04 
 3.45869256e-05  2.87235976e-01  2.54977565e-01  8.08472965e-01  9.14779138e-04 
 3.45919256e-05  2.87235975e-01  2.54977549e-01  8.08472963e-01  9.15320407e-04 
 3.45969256e-05  2.87235974e-01  2.54977533e-01  8.08472962e-01  9.14779261e-04 
 3.46019256e-05  2.87235974e-01  2.54977518e-01  8.08472961e-01  9.15320286e-04 
 3.46069256e-05  2.87235973e-01  2.54977502e-01  8.08472960e-01  9.14779384e-04 
 3.46119256e-05  2.87235972e-01  2.54977486e-01  8.08472959e-01  9.15320163e-04 
 3.46169256e-05  2.87235971e-01  2.54977470e-01  8.08472959e-01  9.14779505e-04 
 3.46219256e-05  2.87235971e-01  2.54977455e-01  8.08472959e-01  9.15320040e-04 
 3.46269256e-05  2.87235970e-01  2.54977439e-01  8.08472959e-01  9.14779625e-04 
 3.46319256e-05  2.87235969e-01  2.54977423e-01  8.08472959e-01  9.15319916e-04 
 3.46369256e-05  2.87235968e-01  2.54977408e-01  8.08472960e-01  9.14779745e-04 
 3.46419256e-05  2.87235968e-01  2.54977392e-01  8.08472960e-01  9.15319791e-04 
 3.46469256e-05  2.87235967e-01  2.54977376e-01  8.08472961e-01  9.14779864e-04 
 3.46519256e-05  2.87235966e-01  2.54977360e-01  8.08472962e-01  9.15319666e-04 
 3.46569256e-05  2.87235966e-01  2.54977345e-01  8.08472963e-01  9.14779982e-04 
 3.46619256e-05  2.87235965e-01  2.54977329e-01  8.08472964e-01  9.15319540e-04 
 3.46669256e-05  2.87235964e-01  2.54977313e-01  8.08472966e-01  9.14780101e-04 
 3.46719256e-05  2.87235964e-01  2.54977297e-01  8.08472967e-01  9.15319415e-04 
 3.46769256e-05  2.87235963e-01  2.54977282e-01  8.08472968e-01  9.14780219e-04 
 3.46819256e-05  2.87235963e-01  2.54977266e-01  8.08472969e-01  9.15319291e-04 
 3.46869256e-05  2.87235962e-01  2.54977250e-01  8.08472971e-01  9.14780339e-04 
 3.46919256e-05  2.87235961e-01  2.54977234e-01  8.08472972e-01  9.15319167e-04 
 3.46969256e-05  2.87235961e-01  2.54977219e-01  8.08472973e-01  9.14780459e-04 
 3.47019256e-05  2.87235960e-01  2.54977203e-01  8.08472974e-01  9.15319044e-04 
 3.47069256e-05  2.87235960e-01  2.54977187e-01  8.08472975e-01  9.14780579e-04 
 3.47119256e-05  2.87235959e-01  2.54977171e-01  8.08472975e-01  9.15318922e-04 
 3.47169256e-05  2.87235959e-01  2.54977156e-01  8.08472976e-01  9.14780700e-04 
 3.47219256e-05  2.87235958e-01  2.54977140e-01  8.08472976e-01  9.15318800e-04 
 3.47269256e-05  2.87235958e-01  2.54977124e-01  8.08472976e-01  9.14780822e-04 
 3.47319256e-05  2.87235957e-01  2.54977108e-01  8.08472977e-01  9.15318680e-04 
 3.47369256e-05  2.87235957e-01  2.54977093e-01  8.08472977e-01  9.14780945e-04 
 3.47419256e-05  2.87235956e-01  2.54977077e-01  8.08472976e-01  9.15318559e-04 
 3.47469256e-05  2.87235956e-01  2.54977061e-01  8.08472976e-01  9.14781068e-04 
 3.47519256e-05  2.87235956e-01  2.54977045e-01  8.08472976e-01  9.15318440e-04 
 3.47569256e-05  2.87235955e-01  2.54977030e-01  8.08472975e-01  9.14781191e-04 
 3.47619256e-05  2.87235955e-01  2.54977014e-01  8.08472975e-01  9.15318320e-04 
 3.47669256e-05  2.87235954e-01  2.54976998e-01  8.08472974e-01  9.14781314e-04 
 3.47719256e-05  2.87235954e-01  2.54976982e-01  8.08472973e-01  9.15318201e-04 
 3.47769256e-05  2.87235954e-01  2.54976967e-01  8.08472973e-01  9.14781437e-04 
 3.47819256e-05  2.87235953e-01  2.54976951e-01  8.08472972e-01  9.15318082e-04 
 3.47869256e-05  2.87235953e-01  2.54976935e-01  8.08472971e-01  9.14781560e-04 
 3.47919256e-05  2.87235953e-01  2.54976919e-01  8.08472970e-01  9.15317962e-04 
 3.47969256e-05  2.87235952e-01  2.54976904e-01  8.08472970e-01  9.14781683e-04 
 3.48019256e-05  2.87235952e-01  2.54976888e-01  8.08472969e-01  9.15317842e-04 
 3.48069256e-05  2.87235952e-01  2.54976872e-01  8.08472968e-01  9.14781805e-04 
 3.48119256e-05  2.87235951e-01  2.54976856e-01  8.08472968e-01  9.15317722e-04 
 3.48169256e-05  2.87235951e-01  2.54976841e-01  8.08472967e-01  9.14781927e-04 
 3.48219256e-05  2.87235951e-01  2.54976825e-01  8.08472967e-01  9.15317602e-04 
 3.48269256e-05  2.87235951e-01  2.54976809e-01  8.08472967e-01  9.14782048e-04 
 3.48319256e-05  2.87235950e-01  2.54976793e-01  8.08472966e-01  9.15317481e-04 
 3.48369256e-05  2.87235950e-01  2.54976778e-01  8.08472966e-01  9.14782169e-04 
 3.48419256e-05  2.87235950e-01  2.54976762e-01  8.08472966e-01  9.15317359e-04 
 3.48469256e-05  2.87235949e-01  2.54976746e-01  8.08472966e-01  9.14782289e-04 
 3.48519256e-05  2.87235949e-01  2.54976731e-01  8.08472966e-01  9.15317238e-04 
 3.48569256e-05  2.87235949e-01  2.54976715e-01  8.08472966e-01  9.14782409e-04 
 3.48619256e-05  2.87235949e-01  2.54976699e-01  8.08472967e-01  9.15317116e-04 
 3.48669256e-05  2.87235948e-01  2.54976683e-01  8.08472967e-01  9.14782529e-04 
 3.48719256e-05  2.87235948e-01  2.54976668e-01  8.08472967e-01  9.15316994e-04 
 3.48769256e-05  2.87235948e-01  2.54976652e-01  8.08472968e-01  9.14782648e-04 
 3.48819256e-05  2.87235948e-01  2.54976636e-01  8.08472968e-01  9.15316872e-04 
 3.48869256e-05  2.87235947e-01  2.54976620e-01  8.08472968e-01  9.14782768e-04 
 3.48919256e-05  2.87235947e-01  2.54976605e-01  8.08472969e-01  9.15316751e-04 
 3.48969256e-05  2.87235947e-01  2.54976589e-01  8.08472969e-01  9.14782887e-04 
 3.49019256e-05  2.87235947e-01  2.54976573e-01  8.08472970e-01  9.15316629e-04 
 3.49069256e-05  2.87235947e-01  2.54976557e-01  8.08472970e-01  9.14783007e-04 
 3.49119256e-05  2.87235946e-01  2.54976542e-01  8.08472970e-01  9.15316508e-04 
 3.49169256e-05  2.87235946e-01  2.54976526e-01  8.08472971e-01  9.14783127e-04 
 3.49219256e-05  2.87235946e-01  2.54976510e-01  8.08472971e-01  9.15316387e-04 
 3.49269256e-05  2.87235946e-01  2.54976494e-01  8.08472971e-01  9.14783247e-04 
 3.49319256e-05  2.87235946e-01  2.54976479e-01  8.08472972e-01  9.15316266e-04 
 3.49369256e-05  2.87235945e-01  2.54976463e-01  8.08472972e-01  9.14783367e-04 
 3.49419256e-05  2.87235945e-01  2.54976447e-01  8.08472972e-01  9.15316146e-04 
 3.49469256e-05  2.87235945e-01  2.54976431e-01  8.08472972e-01  9.14783487e-04 
 3.49519256e-05  2.87235945e-01  2.54976416e-01  8.08472972e-01  9.15316026e-04 
 3.49569256e-05  2.87235945e-01  2.54976400e-01  8.08472972e-01  9.14783608e-04 
 3.49619256e-05  2.87235944e-01  2.54976384e-01  8.08472972e-01  9.15315906e-04 
 3.49669256e-05  2.87235944e-01  2.54976368e-01  8.08472972e-01  9.14783729e-04 
 3.49719256e-05  2.87235944e-01  2.54976353e-01  8.08472972e-01  9.15315786e-04 
 3.49769256e-05  2.87235944e-01  2.54976337e-01  8.08472972e-01  9.14783849e-04 
 3.49819256e-05  2.87235944e-01  2.54976321e-01  8.08472972e-01  9.15315667e-04 
 3.49869256e-05  2.87235944e-01  2.54976305e-01  8.08472971e-01  9.14783970e-04 
 3.49919256e-05  2.87235944e-01  2.54976290e-01  8.08472971e-01  9.15315547e-04 
 3.49969256e-05  2.87235943e-01  2.54976274e-01  8.08472971e-01  9.14784091e-04 
 3.50019256e-05  2.87235943e-01  2.54976258e-01  8.08472971e-01  9.15315428e-04 
 3.50069256e-05  2.87235943e-01  2.54976242e-01  8.08472971e-01  9.14784211e-04 
 3.50119256e-05  2.87235943e-01  2.54976227e-01  8.08472970e-01  9.15315309e-04 
 3.50169256e-05  2.87235943e-01  2.54976211e-01  8.08472970e-01  9.14784332e-04 
 3.50219256e-05  2.87235943e-01  2.54976195e-01  8.08472970e-01  9.15315189e-04 
 3.50269256e-05  2.87235943e-01  2.54976179e-01  8.08472970e-01  9.14784452e-04 
 3.50319256e-05  2.87235943e-01  2.54976164e-01  8.08472969e-01  9.15315070e-04 
 3.50369256e-05  2.87235942e-01  2.54976148e-01  8.08472969e-01  9.14784572e-04 
 3.50419256e-05  2.87235942e-01  2.54976132e-01  8.08472969e-01  9.15314950e-04 
 3.50469256e-05  2.87235942e-01  2.54976116e-01  8.08472969e-01  9.14784692e-04 
 3.50519256e-05  2.87235942e-01  2.54976101e-01  8.08472969e-01  9.15314830e-04 
 3.50569256e-05  2.87235942e-01  2.54976085e-01  8.08472969e-01  9.14784812e-04 
 3.50619256e-05  2.87235942e-01  2.54976069e-01  8.08472969e-01  9.15314711e-04 
 3.50669256e-05  2.87235942e-01  2.54976054e-01  8.08472969e-01  9.14784931e-04 
 3.50719256e-05  2.87235942e-01  2.54976038e-01  8.08472969e-01  9.15314591e-04 
 3.50769256e-05  2.87235942e-01  2.54976022e-01  8.08472969e-01  9.14785051e-04 
 3.50819256e-05  2.87235942e-01  2.54976006e-01  8.08472969e-01  9.15314471e-04 
 3.50869256e-05  2.87235941e-01  2.54975991e-01  8.08472969e-01  9.14785170e-04 
 3.50919256e-05  2.87235941e-01  2.54975975e-01  8.08472969e-01  9.15314351e-04 
 3.50969256e-05  2.87235941e-01  2.54975959e-01  8.08472969e-01  9.14785289e-04 
 3.51019256e-05  2.87235941e-01  2.54975943e-01  8.08472969e-01  9.15314231e-04 
 3.51069256e-05  2.87235941e-01  2.54975928e-01  8.08472969e-01  9.14785408e-04 
 3.51119256e-05  2.87235941e-01  2.54975912e-01  8.08472969e-01  9.15314111e-04 
 3.51169256e-05  2.87235941e-01  2.54975896e-01  8.08472970e-01  9.14785527e-04 
 3.51219256e-05  2.87235941e-01  2.54975880e-01  8.08472970e-01  9.15313991e-04 
 3.51269256e-05  2.87235941e-01  2.54975865e-01  8.08472970e-01  9.14785646e-04 
 3.51319256e-05  2.87235941e-01  2.54975849e-01  8.08472970e-01  9.15313872e-04 
 3.51369256e-05  2.87235941e-01  2.54975833e-01  8.08472970e-01  9.14785765e-04 
 3.51419256e-05  2.87235940e-01  2.54975817e-01  8.08472970e-01  9.15313752e-04 
 3.51469256e-05  2.87235940e-01  2.54975802e-01  8.08472970e-01  9.14785884e-04 
 3.51519256e-05  2.87235940e-01  2.54975786e-01  8.08472971e-01  9.15313633e-04 
 3.51569256e-05  2.87235940e-01  2.54975770e-01  8.08472971e-01  9.14786003e-04 
 3.51619256e-05  2.87235940e-01  2.54975754e-01  8.08472971e-01  9.15313514e-04 
 3.51669256e-05  2.87235940e-01  2.54975739e-01  8.08472971e-01  9.14786123e-04 
 3.51719256e-05  2.87235940e-01  2.54975723e-01  8.08472971e-01  9.15313395e-04 
 3.51769256e-05  2.87235940e-01  2.54975707e-01  8.08472971e-01  9.14786242e-04 
 3.51819256e-05  2.87235940e-01  2.54975691e-01  8.08472971e-01  9.15313276e-04 
 3.51869256e-05  2.87235940e-01  2.54975676e-01  8.08472971e-01  9.14786361e-04 
 3.51919256e-05  2.87235940e-01  2.54975660e-01  8.08472971e-01  9.15313157e-04 
 3.51969256e-05  2.87235940e-01  2.54975644e-01  8.08472971e-01  9.14786480e-04 
 3.52019256e-05  2.87235940e-01  2.54975628e-01  8.08472971e-01  9.15313038e-04 
 3.52069256e-05  2.87235940e-01  2.54975613e-01  8.08472971e-01  9.14786599e-04 
 3.52119256e-05  2.87235940e-01  2.54975597e-01  8.08472970e-01  9.15312920e-04 
 3.52169256e-05  2.87235940e-01  2.54975581e-01  8.08472970e-01  9.14786718e-04 
 3.52219256e-05  2.87235939e-01  2.54975565e-01  8.08472970e-01  9.15312801e-04 
 3.52269256e-05  2.87235939e-01  2.54975550e-01  8.08472970e-01  9.14786837e-04 
 3.52319256e-05  2.87235939e-01  2.54975534e-01  8.08472970e-01  9.15312682e-04 
 3.52369256e-05  2.87235939e-01  2.54975518e-01  8.08472970e-01  9.14786956e-04 
 3.52419256e-05  2.87235939e-01  2.54975502e-01  8.08472970e-01  9.15312564e-04 
 3.52469256e-05  2.87235939e-01  2.54975487e-01  8.08472970e-01  9.14787075e-04 
 3.52519256e-05  2.87235939e-01  2.54975471e-01  8.08472970e-01  9.15312445e-04 
 3.52569256e-05  2.87235939e-01  2.54975455e-01  8.08472970e-01  9.14787194e-04 
 3.52619256e-05  2.87235939e-01  2.54975439e-01  8.08472970e-01  9.15312327e-04 
 3.52669256e-05  2.87235939e-01  2.54975424e-01  8.08472970e-01  9.14787313e-04 
 3.52719256e-05  2.87235939e-01  2.54975408e-01  8.08472970e-01  9.15312208e-04 
 3.52769256e-05  2.87235939e-01  2.54975392e-01  8.08472970e-01  9.14787431e-04 
 3.52819256e-05  2.87235939e-01  2.54975377e-01  8.08472970e-01  9.15312090e-04 
 3.52869256e-05  2.87235939e-01  2.54975361e-01  8.08472970e-01  9.14787550e-04 
 3.52919256e-05  2.87235939e-01  2.54975345e-01  8.08472970e-01  9.15311971e-04 
 3.52969256e-05  2.87235939e-01  2.54975329e-01  8.08472970e-01  9.14787668e-04 
 3.53019256e-05  2.87235939e-01  2.54975314e-01  8.08472970e-01  9.15311853e-04 
 3.53069256e-05  2.87235939e-01  2.54975298e-01  8.08472970e-01  9.14787786e-04 
 3.53119256e-05  2.87235939e-01  2.54975282e-01  8.08472970e-01  9.15311734e-04 
 3.53169256e-05  2.87235939e-01  2.54975266e-01  8.08472970e-01  9.14787905e-04 
 3.53219256e-05  2.87235939e-01  2.54975251e-01  8.08472970e-01  9.15311616e-04 
 3.53269256e-05  2.87235939e-01  2.54975235e-01  8.08472970e-01  9.14788023e-04 
 3.53319256e-05  2.87235939e-01  2.54975219e-01  8.08472970e-01  9.15311497e-04 
 3.53369256e-05  2.87235939e-01  2.54975203e-01  8.08472970e-01  9.14788141e-04 
 3.53419256e-05  2.87235939e-01  2.54975188e-01  8.08472970e-01  9.15311379e-04 
 3.53469256e-05  2.87235939e-01  2.54975172e-01  8.08472970e-01  9.14788259e-04 
 3.53519256e-05  2.87235939e-01  2.54975156e-01  8.08472970e-01  9.15311261e-04 
 3.53569256e-05  2.87235938e-01  2.54975140e-01  8.08472970e-01  9.14788377e-04 
 3.53619256e-05  2.87235938e-01  2.54975125e-01  8.08472970e-01  9.15311142e-04 
 3.53669256e-05  2.87235938e-01  2.54975109e-01  8.08472970e-01  9.14788495e-04 
 3.53719256e-05  2.87235938e-01  2.54975093e-01  8.08472970e-01  9.15311024e-04 
 3.53769256e-05  2.87235938e-01  2.54975077e-01  8.08472970e-01  9.14788613e-04 
 3.53819256e-05  2.87235938e-01  2.54975062e-01  8.08472970e-01  9.15310906e-04 
 3.53869256e-05  2.87235938e-01  2.54975046e-01  8.08472970e-01  9.14788731e-04 
 3.53919256e-05  2.87235938e-01  2.54975030e-01  8.08472970e-01  9.15310788e-04 
 3.53969256e-05  2.87235938e-01  2.54975014e-01  8.08472970e-01  9.14788849e-04 
 3.54019256e-05  2.87235938e-01  2.54974999e-01  8.08472970e-01  9.15310671e-04 
 3.54069256e-05  2.87235938e-01  2.54974983e-01  8.08472970e-01  9.14788967e-04 
 3.54119256e-05  2.87235938e-01  2.54974967e-01  8.08472970e-01  9.15310553e-04 
 3.54169256e-05  2.87235938e-01  2.54974951e-01  8.08472970e-01  9.14789085e-04 
 3.54219256e-05  2.87235938e-01  2.54974936e-01  8.08472970e-01  9.15310435e-04 
 3.54269256e-05  2.87235938e-01  2.54974920e-01  8.08472970e-01  9.14789203e-04 
 3.54319256e-05  2.87235938e-01  2.54974904e-01  8.08472970e-01  9.15310317e-04 
 3.54369256e-05  2.87235938e-01  2.54974888e-01  8.08472970e-01  9.14789320e-04 
 3.54419256e-05  2.87235938e-01  2.54974873e-01  8.08472970e-01  9.15310200e-04 
 3.54469256e-05  2.87235938e-01  2.54974857e-01  8.08472970e-01  9.14789438e-04 
 3.54519256e-05  2.87235938e-01  2.54974841e-01  8.08472970e-01  9.15310082e-04 
 3.54569256e-05  2.87235938e-01  2.54974825e-01  8.08472970e-01  9.14789556e-04 
 3.54619256e-05  2.87235938e-01  2.54974810e-01  8.08472970e-01  9.15309965e-04 
 3.54669256e-05  2.87235938e-01  2.54974794e-01  8.08472970e-01  9.14789673e-04 
 3.54719256e-05  2.87235938e-01  2.54974778e-01  8.08472970e-01  9.15309847e-04 
 3.54769256e-05  2.87235938e-01  2.54974762e-01  8.08472970e-01  9.14789791e-04 
 3.54819256e-05  2.87235938e-01  2.54974747e-01  8.08472970e-01  9.15309730e-04 
 3.54869256e-05  2.87235938e-01  2.54974731e-01  8.08472970e-01  9.14789908e-04 
 3.54919256e-05  2.87235938e-01  2.54974715e-01  8.08472970e-01  9.15309612e-04 
 3.54969256e-05  2.87235938e-01  2.54974700e-01  8.08472970e-01  9.14790026e-04 
 3.55019256e-05  2.87235938e-01  2.54974684e-01  8.08472970e-01  9.15309495e-04 
 3.55069256e-05  2.87235938e-01  2.54974668e-01  8.08472970e-01  9.14790143e-04 
 3.55119256e-05  2.87235938e-01  2.54974652e-01  8.08472970e-01  9.15309378e-04 
 3.55169256e-05  2.87235938e-01  2.54974637e-01  8.08472970e-01  9.14790260e-04 
 3.55219256e-05  2.87235938e-01  2.54974621e-01  8.08472970e-01  9.15309260e-04 
 3.55269256e-05  2.87235938e-01  2.54974605e-01  8.08472970e-01  9.14790378e-04 
 3.55319256e-05  2.87235938e-01  2.54974589e-01  8.08472970e-01  9.15309143e-04 
 3.55369256e-05  2.87235938e-01  2.54974574e-01  8.08472970e-01  9.14790495e-04 
 3.55419256e-05  2.87235938e-01  2.54974558e-01  8.08472970e-01  9.15309026e-04 
 3.55469256e-05  2.87235938e-01  2.54974542e-01  8.08472970e-01  9.14790612e-04 
 3.55519256e-05  2.87235938e-01  2.54974526e-01  8.08472970e-01  9.15308909e-04 
 3.55569256e-05  2.87235938e-01  2.54974511e-01  8.08472970e-01  9.14790729e-04 
 3.55619256e-05  2.87235938e-01  2.54974495e-01  8.08472970e-01  9.15308792e-04 
 3.55669256e-05  2.87235938e-01  2.54974479e-01  8.08472970e-01  9.14790846e-04 
 3.55719256e-05  2.87235938e-01  2.54974463e-01  8.08472970e-01  9.15308675e-04 
 3.55769256e-05  2.87235938e-01  2.54974448e-01  8.08472970e-01  9.14790963e-04 
 3.55819256e-05  2.87235938e-01  2.54974432e-01  8.08472970e-01  9.15308558e-04 
 3.55869256e-05  2.87235938e-01  2.54974416e-01  8.08472970e-01  9.14791080e-04 
 3.55919256e-05  2.87235938e-01  2.54974400e-01  8.08472970e-01  9.15308441e-04 
 3.55969256e-05  2.87235938e-01  2.54974385e-01  8.08472970e-01  9.14791196e-04 
 3.56019256e-05  2.87235938e-01  2.54974369e-01  8.08472970e-01  9.15308324e-04 
 3.56069256e-05  2.87235938e-01  2.54974353e-01  8.08472970e-01  9.14791313e-04 
 3.56119256e-05  2.87235938e-01  2.54974337e-01  8.08472970e-01  9.15308207e-04 
 3.56169256e-05  2.87235938e-01  2.54974322e-01  8.08472970e-01  9.14791430e-04 
 3.56219256e-05  2.87235938e-01  2.54974306e-01  8.08472970e-01  9.15308090e-04 
 3.56269256e-05  2.87235938e-01  2.54974290e-01  8.08472970e-01  9.14791547e-04 
 3.56319256e-05  2.87235938e-01  2.54974274e-01  8.08472970e-01  9.15307974e-04 
 3.56369256e-05  2.87235938e-01  2.54974259e-01  8.08472970e-01  9.14791663e-04 
 3.56419256e-05  2.87235938e-01  2.54974243e-01  8.08472970e-01  9.15307857e-04 
 3.56469256e-05  2.87235938e-01  2.54974227e-01  8.08472970e-01  9.14791780e-04 
 3.56519256e-05  2.87235938e-01  2.54974211e-01  8.08472970e-01  9.15307741e-04 
 3.56569256e-05  2.87235938e-01  2.54974196e-01  8.08472970e-01  9.14791897e-04 
 3.56619256e-05  2.87235938e-01  2.54974180e-01  8.08472970e-01  9.15307624e-04 
 3.56669256e-05  2.87235938e-01  2.54974164e-01  8.08472970e-01  9.14792013e-04 
 3.56719256e-05  2.87235938e-01  2.54974148e-01  8.08472970e-01  9.15307508e-04 
 3.56769256e-05  2.87235938e-01  2.54974133e-01  8.08472970e-01  9.14792130e-04 
 3.56819256e-05  2.87235938e-01  2.54974117e-01  8.08472970e-01  9.15307391e-04 
 3.56869256e-05  2.87235938e-01  2.54974101e-01  8.08472970e-01  9.14792246e-04 
 3.56919256e-05  2.87235938e-01  2.54974085e-01  8.08472970e-01  9.15307275e-04 
 3.56969256e-05  2.87235938e-01  2.54974070e-01  8.08472970e-01  9.14792362e-04 
 3.57019256e-05  2.87235938e-01  2.54974054e-01  8.08472970e-01  9.15307158e-04 
 3.57069256e-05  2.87235937e-01  2.54974038e-01  8.08472970e-01  9.14792479e-04 
 3.57119256e-05  2.87235938e-01  2.54974023e-01  8.08472970e-01  9.15307042e-04 
 3.57169256e-05  2.87235938e-01  2.54974007e-01  8.08472970e-01  9.14792595e-04 
 3.57219256e-05  2.87235937e-01  2.54973991e-01  8.08472970e-01  9.15306926e-04 
 3.57269256e-05  2.87235937e-01  2.54973975e-01  8.08472970e-01  9.14792711e-04 
 3.57319256e-05  2.87235937e-01  2.54973960e-01  8.08472970e-01  9.15306810e-04 
 3.57369256e-05  2.87235937e-01  2.54973944e-01  8.08472970e-01  9.14792827e-04 
 3.57419256e-05  2.87235937e-01  2.54973928e-01  8.08472970e-01  9.15306694e-04 
 3.57469256e-05  2.87235937e-01  2.54973912e-01  8.08472970e-01  9.14792943e-04 
 3.57519256e-05  2.87235937e-01  2.54973897e-01  8.08472970e-01  9.15306578e-04 
 3.57569256e-05  2.87235937e-01  2.54973881e-01  8.08472970e-01  9.14793059e-04 
 3.57619256e-05  2.87235937e-01  2.54973865e-01  8.08472970e-01  9.15306462e-04 
 3.57669256e-05  2.87235937e-01  2.54973849e-01  8.08472970e-01  9.14793175e-04 
 3.57719256e-05  2.87235937e-01  2.54973834e-01  8.08472970e-01  9.15306346e-04 
 3.57769256e-05  2.87235937e-01  2.54973818e-01  8.08472970e-01  9.14793291e-04 
 3.57819256e-05  2.87235937e-01  2.54973802e-01  8.08472970e-01  9.15306230e-04 
 3.57869256e-05  2.87235937e-01  2.54973786e-01  8.08472970e-01  9.14793407e-04 
 3.57919256e-05  2.87235937e-01  2.54973771e-01  8.08472970e-01  9.15306114e-04 
 3.57969256e-05  2.87235937e-01  2.54973755e-01  8.08472970e-01  9.14793523e-04 
 3.58019256e-05  2.87235937e-01  2.54973739e-01  8.08472970e-01  9.15305998e-04 
 3.58069256e-05  2.87235937e-01  2.54973723e-01  8.08472970e-01  9.14793639e-04 
 3.58119256e-05  2.87235937e-01  2.54973708e-01  8.08472970e-01  9.15305882e-04 
 3.58169256e-05  2.87235937e-01  2.54973692e-01  8.08472970e-01  9.14793754e-04 
 3.58219256e-05  2.87235937e-01  2.54973676e-01  8.08472970e-01  9.15305767e-04 
 3.58269256e-05  2.87235937e-01  2.54973660e-01  8.08472970e-01  9.14793870e-04 
 3.58319256e-05  2.87235937e-01  2.54973645e-01  8.08472970e-01  9.15305651e-04 
 3.58369256e-05  2.87235937e-01  2.54973629e-01  8.08472970e-01  9.14793986e-04 
 3.58419256e-05  2.87235937e-01  2.54973613e-01  8.08472970e-01  9.15305535e-04 
 3.58469256e-05  2.87235937e-01  2.54973597e-01  8.08472970e-01  9.14794101e-04 
 3.58519256e-05  2.87235937e-01  2.54973582e-01  8.08472970e-01  9.15305420e-04 
 3.58569256e-05  2.87235937e-01  2.54973566e-01  8.08472970e-01  9.14794217e-04 
 3.58619256e-05  2.87235937e-01  2.54973550e-01  8.08472970e-01  9.15305304e-04 
 3.58669256e-05  2.87235937e-01  2.54973534e-01  8.08472970e-01  9.14794332e-04 
 3.58719256e-05  2.87235937e-01  2.54973519e-01  8.08472970e-01  9.15305189e-04 
 3.58769256e-05  2.87235937e-01  2.54973503e-01  8.08472970e-01  9.14794448e-04 
 3.58819256e-05  2.87235937e-01  2.54973487e-01  8.08472970e-01  9.15305073e-04 
 3.58869256e-05  2.87235937e-01  2.54973471e-01  8.08472970e-01  9.14794563e-04 
 3.58919256e-05  2.87235937e-01  2.54973456e-01  8.08472970e-01  9.15304958e-04 
 3.58969256e-05  2.87235937e-01  2.54973440e-01  8.08472970e-01  9.14794679e-04 
 3.59019256e-05  2.87235937e-01  2.54973424e-01  8.08472970e-01  9.15304843e-04 
 3.59069256e-05  2.87235937e-01  2.54973408e-01  8.08472970e-01  9.14794794e-04 
 3.59119256e-05  2.87235937e-01  2.54973393e-01  8.08472970e-01  9.15304728e-04 
 3.59169256e-05  2.87235937e-01  2.54973377e-01  8.08472970e-01  9.14794909e-04 
 3.59219256e-05  2.87235937e-01  2.54973361e-01  8.08472970e-01  9.15304612e-04 
 3.59269256e-05  2.87235937e-01  2.54973346e-01  8.08472970e-01  9.14795024e-04 
 3.59319256e-05  2.87235937e-01  2.54973330e-01  8.08472970e-01  9.15304497e-04 
 3.59369256e-05  2.87235937e-01  2.54973314e-01  8.08472970e-01  9.14795139e-04 
 3.59419256e-05  2.87235937e-01  2.54973298e-01  8.08472970e-01  9.15304382e-04 
 3.59469256e-05  2.87235937e-01  2.54973283e-01  8.08472970e-01  9.14795254e-04 
 3.59519256e-05  2.87235937e-01  2.54973267e-01  8.08472970e-01  9.15304267e-04 
 3.59569256e-05  2.87235937e-01  2.54973251e-01  8.08472970e-01  9.14795369e-04 
 3.59619256e-05  2.87235937e-01  2.54973235e-01  8.08472970e-01  9.15304152e-04 
 3.59669256e-05  2.87235937e-01  2.54973220e-01  8.08472970e-01  9.14795484e-04 
 3.59719256e-05  2.87235937e-01  2.54973204e-01  8.08472970e-01  9.15304037e-04 
 3.59769256e-05  2.87235937e-01  2.54973188e-01  8.08472970e-01  9.14795599e-04 
 3.59819256e-05  2.87235937e-01  2.54973172e-01  8.08472970e-01  9.15303922e-04 
 3.59869256e-05  2.87235937e-01  2.54973157e-01  8.08472970e-01  9.14795714e-04 
 3.59919256e-05  2.87235937e-01  2.54973141e-01  8.08472970e-01  9.15303808e-04 
 3.59969256e-05  2.87235937e-01  2.54973125e-01  8.08472970e-01  9.14795829e-04 
 3.60019256e-05  2.87235937e-01  2.54973109e-01  8.08472970e-01  9.15303693e-04 
 3.60069256e-05  2.87235937e-01  2.54973094e-01  8.08472970e-01  9.14795944e-04 
 3.60119256e-05  2.87235937e-01  2.54973078e-01  8.08472970e-01  9.15303578e-04 
 3.60169256e-05  2.87235937e-01  2.54973062e-01  8.08472970e-01  9.14796058e-04 
 3.60219256e-05  2.87235937e-01  2.54973046e-01  8.08472970e-01  9.15303463e-04 
 3.60269256e-05  2.87235937e-01  2.54973031e-01  8.08472970e-01  9.14796173e-04 
 3.60319256e-05  2.87235937e-01  2.54973015e-01  8.08472970e-01  9.15303349e-04 
 3.60369256e-05  2.87235937e-01  2.54972999e-01  8.08472970e-01  9.14796287e-04 
 3.60419256e-05  2.87235937e-01  2.54972983e-01  8.08472970e-01  9.15303234e-04 
 3.60469256e-05  2.87235937e-01  2.54972968e-01  8.08472970e-01  9.14796402e-04 
 3.60519256e-05  2.87235937e-01  2.54972952e-01  8.08472970e-01  9.15303120e-04 
 3.60569256e-05  2.87235937e-01  2.54972936e-01  8.08472970e-01  9.14796516e-04 
 3.60619256e-05  2.87235937e-01  2.54972920e-01  8.08472970e-01  9.15303005e-04 
 3.60669256e-05  2.87235937e-01  2.54972905e-01  8.08472970e-01  9.14796631e-04 
 3.60719256e-05  2.87235937e-01  2.54972889e-01  8.08472970e-01  9.15302891e-04 
 3.60769256e-05  2.87235937e-01  2.54972873e-01  8.08472970e-01  9.14796745e-04 
 3.60819256e-05  2.87235937e-01  2.54972857e-01  8.08472970e-01  9.15302776e-04 
 3.60869256e-05  2.87235937e-01  2.54972842e-01  8.08472970e-01  9.14796860e-04 
 3.60919256e-05  2.87235937e-01  2.54972826e-01  8.08472970e-01  9.15302662e-04 
 3.60969256e-05  2.87235937e-01  2.54972810e-01  8.08472970e-01  9.14796974e-04 
 3.61019256e-05  2.87235937e-01  2.54972794e-01  8.08472970e-01  9.15302548e-04 
 3.61069256e-05  2.87235937e-01  2.54972779e-01  8.08472970e-01  9.14797088e-04 
 3.61119256e-05  2.87235937e-01  2.54972763e-01  8.08472970e-01  9.15302434e-04 
 3.61169256e-05  2.87235937e-01  2.54972747e-01  8.08472970e-01  9.14797202e-04 
 3.61219256e-05  2.87235937e-01  2.54972732e-01  8.08472970e-01  9.15302320e-04 
 3.61269256e-05  2.87235937e-01  2.54972716e-01  8.08472970e-01  9.14797317e-04 
 3.61319256e-05  2.87235937e-01  2.54972700e-01  8.08472970e-01  9.15302205e-04 
 3.61369256e-05  2.87235937e-01  2.54972684e-01  8.08472970e-01  9.14797431e-04 
 3.61419256e-05  2.87235937e-01  2.54972669e-01  8.08472970e-01  9.15302091e-04 
 3.61469256e-05  2.87235937e-01  2.54972653e-01  8.08472970e-01  9.14797545e-04 
 3.61519256e-05  2.87235937e-01  2.54972637e-01  8.08472970e-01  9.15301977e-04 
 3.61569256e-05  2.87235937e-01  2.54972621e-01  8.08472970e-01  9.14797659e-04 
 3.61619256e-05  2.87235937e-01  2.54972606e-01  8.08472970e-01  9.15301863e-04 
 3.61669256e-05  2.87235937e-01  2.54972590e-01  8.08472970e-01  9.14797773e-04 
 3.61719256e-05  2.87235937e-01  2.54972574e-01  8.08472970e-01  9.15301750e-04 
 3.61769256e-05  2.87235937e-01  2.54972558e-01  8.08472970e-01  9.14797886e-04 
 3.61819256e-05  2.87235937e-01  2.54972543e-01  8.08472970e-01  9.15301636e-04 
 3.61869256e-05  2.87235937e-01  2.54972527e-01  8.08472970e-01  9.14798000e-04 
 3.61919256e-05  2.87235937e-01  2.54972511e-01  8.08472970e-01  9.15301522e-04 
 3.61969256e-05  2.87235937e-01  2.54972495e-01  8.08472970e-01  9.14798114e-04 
 3.62019256e-05  2.87235937e-01  2.54972480e-01  8.08472970e-01  9.15301408e-04 
 3.62069256e-05  2.87235937e-01  2.54972464e-01  8.08472970e-01  9.14798228e-04 
 3.62119256e-05  2.87235937e-01  2.54972448e-01  8.08472970e-01  9.15301294e-04 
 3.62169256e-05  2.87235937e-01  2.54972432e-01  8.08472970e-01  9.14798341e-04 
 3.62219256e-05  2.87235937e-01  2.54972417e-01  8.08472970e-01  9.15301181e-04 
 3.62269256e-05  2.87235937e-01  2.54972401e-01  8.08472970e-01  9.14798455e-04 
 3.62319256e-05  2.87235937e-01  2.54972385e-01  8.08472970e-01  9.15301067e-04 
 3.62369256e-05  2.87235937e-01  2.54972369e-01  8.08472970e-01  9.14798569e-04 
 3.62419256e-05  2.87235937e-01  2.54972354e-01  8.08472970e-01  9.15300954e-04 
 3.62469256e-05  2.87235937e-01  2.54972338e-01  8.08472970e-01  9.14798682e-04 
 3.62519256e-05  2.87235937e-01  2.54972322e-01  8.08472970e-01  9.15300840e-04 
 3.62569256e-05  2.87235937e-01  2.54972306e-01  8.08472970e-01  9.14798796e-04 
 3.62619256e-05  2.87235937e-01  2.54972291e-01  8.08472970e-01  9.15300727e-04 
 3.62669256e-05  2.87235937e-01  2.54972275e-01  8.08472970e-01  9.14798909e-04 
 3.62719256e-05  2.87235937e-01  2.54972259e-01  8.08472970e-01  9.15300613e-04 
 3.62769256e-05  2.87235937e-01  2.54972243e-01  8.08472970e-01  9.14799022e-04 
 3.62819256e-05  2.87235937e-01  2.54972228e-01  8.08472970e-01  9.15300500e-04 
 3.62869256e-05  2.87235937e-01  2.54972212e-01  8.08472970e-01  9.14799136e-04 
 3.62919256e-05  2.87235937e-01  2.54972196e-01  8.08472970e-01  9.15300387e-04 
 3.62969256e-05  2.87235937e-01  2.54972180e-01  8.08472970e-01  9.14799249e-04 
 3.63019256e-05  2.87235937e-01  2.54972165e-01  8.08472970e-01  9.15300273e-04 
 3.63069256e-05  2.87235937e-01  2.54972149e-01  8.08472970e-01  9.14799362e-04 
 3.63119256e-05  2.87235937e-01  2.54972133e-01  8.08472970e-01  9.15300160e-04 
 3.63169256e-05  2.87235937e-01  2.54972117e-01  8.08472970e-01  9.14799475e-04 
 3.63219256e-05  2.87235937e-01  2.54972102e-01  8.08472970e-01  9.15300047e-04 
 3.63269256e-05  2.87235937e-01  2.54972086e-01  8.08472970e-01  9.14799588e-04 
 3.63319256e-05  2.87235937e-01  2.54972070e-01  8.08472970e-01  9.15299934e-04 
 3.63369256e-05  2.87235937e-01  2.54972055e-01  8.08472970e-01  9.14799702e-04 
 3.63419256e-05  2.87235937e-01  2.54972039e-01  8.08472970e-01  9.15299821e-04 
 3.63469256e-05  2.87235937e-01  2.54972023e-01  8.08472970e-01  9.14799815e-04 
 3.63519256e-05  2.87235937e-01  2.54972007e-01  8.08472970e-01  9.15299708e-04 
 3.63569256e-05  2.87235937e-01  2.54971992e-01  8.08472970e-01  9.14799928e-04 
 3.63619256e-05  2.87235937e-01  2.54971976e-01  8.08472970e-01  9.15299595e-04 
 3.63669256e-05  2.87235937e-01  2.54971960e-01  8.08472970e-01  9.14800040e-04 
 3.63719256e-05  2.87235937e-01  2.54971944e-01  8.08472970e-01  9.15299482e-04 
 3.63769256e-05  2.87235937e-01  2.54971929e-01  8.08472970e-01  9.14800153e-04 
 3.63819256e-05  2.87235937e-01  2.54971913e-01  8.08472970e-01  9.15299369e-04 
 3.63869256e-05  2.87235937e-01  2.54971897e-01  8.08472970e-01  9.14800266e-04 
 3.63919256e-05  2.87235937e-01  2.54971881e-01  8.08472970e-01  9.15299257e-04 
 3.63969256e-05  2.87235937e-01  2.54971866e-01  8.08472970e-01  9.14800379e-04 
 3.64019256e-05  2.87235937e-01  2.54971850e-01  8.08472970e-01  9.15299144e-04 
 3.64069256e-05  2.87235937e-01  2.54971834e-01  8.08472970e-01  9.14800492e-04 
 3.64119256e-05  2.87235937e-01  2.54971818e-01  8.08472970e-01  9.15299031e-04 
 3.64169256e-05  2.87235937e-01  2.54971803e-01  8.08472970e-01  9.14800604e-04 
 3.64219256e-05  2.87235937e-01  2.54971787e-01  8.08472970e-01  9.15298918e-04 
 3.64269256e-05  2.87235937e-01  2.54971771e-01  8.08472970e-01  9.14800717e-04 
 3.64319256e-05  2.87235937e-01  2.54971755e-01  8.08472970e-01  9.15298806e-04 
 3.64369256e-05  2.87235937e-01  2.54971740e-01  8.08472970e-01  9.14800829e-04 
 3.64419256e-05  2.87235937e-01  2.54971724e-01  8.08472970e-01  9.15298693e-04 
 3.64469256e-05  2.87235937e-01  2.54971708e-01  8.08472970e-01  9.14800942e-04 
 3.64519256e-05  2.87235937e-01  2.54971692e-01  8.08472970e-01  9.15298581e-04 
 3.64569256e-05  2.87235937e-01  2.54971677e-01  8.08472970e-01  9.14801054e-04 
 3.64619256e-05  2.87235937e-01  2.54971661e-01  8.08472970e-01  9.15298468e-04 
 3.64669256e-05  2.87235937e-01  2.54971645e-01  8.08472970e-01  9.14801167e-04 
 3.64719256e-05  2.87235937e-01  2.54971629e-01  8.08472970e-01  9.15298356e-04 
 3.64769256e-05  2.87235937e-01  2.54971614e-01  8.08472970e-01  9.14801279e-04 
 3.64819256e-05  2.87235937e-01  2.54971598e-01  8.08472970e-01  9.15298244e-04 
 3.64869256e-05  2.87235937e-01  2.54971582e-01  8.08472970e-01  9.14801391e-04 
 3.64919256e-05  2.87235937e-01  2.54971566e-01  8.08472970e-01  9.15298131e-04 
 3.64969256e-05  2.87235937e-01  2.54971551e-01  8.08472970e-01  9.14801504e-04 
 3.65019256e-05  2.87235937e-01  2.54971535e-01  8.08472970e-01  9.15298019e-04 
 3.65069256e-05  2.87235937e-01  2.54971519e-01  8.08472970e-01  9.14801616e-04 
 3.65119256e-05  2.87235937e-01  2.54971503e-01  8.08472970e-01  9.15297907e-04 
 3.65169256e-05  2.87235937e-01  2.54971488e-01  8.08472970e-01  9.14801728e-04 
 3.65219256e-05  2.87235937e-01  2.54971472e-01  8.08472970e-01  9.15297795e-04 
 3.65269256e-05  2.87235937e-01  2.54971456e-01  8.08472970e-01  9.14801840e-04 
 3.65319256e-05  2.87235937e-01  2.54971441e-01  8.08472970e-01  9.15297683e-04 
 3.65369256e-05  2.87235937e-01  2.54971425e-01  8.08472970e-01  9.14801952e-04 
 3.65419256e-05  2.87235937e-01  2.54971409e-01  8.08472970e-01  9.15297571e-04 
 3.65469256e-05  2.87235937e-01  2.54971393e-01  8.08472970e-01  9.14802064e-04 
 3.65519256e-05  2.87235937e-01  2.54971378e-01  8.08472970e-01  9.15297459e-04 
 3.65569256e-05  2.87235937e-01  2.54971362e-01  8.08472970e-01  9.14802176e-04 
 3.65619256e-05  2.87235937e-01  2.54971346e-01  8.08472970e-01  9.15297347e-04 
 3.65669256e-05  2.87235937e-01  2.54971330e-01  8.08472970e-01  9.14802288e-04 
 3.65719256e-05  2.87235937e-01  2.54971315e-01  8.08472970e-01  9.15297235e-04 
 3.65769256e-05  2.87235937e-01  2.54971299e-01  8.08472970e-01  9.14802400e-04 
 3.65819256e-05  2.87235937e-01  2.54971283e-01  8.08472970e-01  9.15297123e-04 
 3.65869256e-05  2.87235937e-01  2.54971267e-01  8.08472970e-01  9.14802512e-04 
 3.65919256e-05  2.87235937e-01  2.54971252e-01  8.08472970e-01  9.15297011e-04 
 3.65969256e-05  2.87235937e-01  2.54971236e-01  8.08472970e-01  9.14802624e-04 
 3.66019256e-05  2.87235937e-01  2.54971220e-01  8.08472970e-01  9.15296900e-04 
 3.66069256e-05  2.87235937e-01  2.54971204e-01  8.08472970e-01  9.14802735e-04 
 3.66119256e-05  2.87235937e-01  2.54971189e-01  8.08472970e-01  9.15296788e-04 
 3.66169256e-05  2.87235937e-01  2.54971173e-01  8.08472970e-01  9.14802847e-04 
 3.66219256e-05  2.87235937e-01  2.54971157e-01  8.08472970e-01  9.15296676e-04 
 3.66269256e-05  2.87235937e-01  2.54971141e-01  8.08472970e-01  9.14802959e-04 
 3.66319256e-05  2.87235937e-01  2.54971126e-01  8.08472970e-01  9.15296565e-04 
 3.66369256e-05  2.87235937e-01  2.54971110e-01  8.08472970e-01  9.14803070e-04 
 3.66419256e-05  2.87235937e-01  2.54971094e-01  8.08472970e-01  9.15296453e-04 
 3.66469256e-05  2.87235937e-01  2.54971078e-01  8.08472970e-01  9.14803182e-04 
 3.66519256e-05  2.87235937e-01  2.54971063e-01  8.08472970e-01  9.15296342e-04 
 3.66569256e-05  2.87235937e-01  2.54971047e-01  8.08472970e-01  9.14803293e-04 
 3.66619256e-05  2.87235937e-01  2.54971031e-01  8.08472970e-01  9.15296230e-04 
 3.66669256e-05  2.87235937e-01  2.54971015e-01  8.08472970e-01  9.14803404e-04 
 3.66719256e-05  2.87235937e-01  2.54971000e-01  8.08472970e-01  9.15296119e-04 
 3.66769256e-05  2.87235937e-01  2.54970984e-01  8.08472970e-01  9.14803516e-04 
 3.66819256e-05  2.87235937e-01  2.54970968e-01  8.08472970e-01  9.15296008e-04 
 3.66869256e-05  2.87235937e-01  2.54970952e-01  8.08472970e-01  9.14803627e-04 
 3.66919256e-05  2.87235937e-01  2.54970937e-01  8.08472970e-01  9.15295896e-04 
 3.66969256e-05  2.87235937e-01  2.54970921e-01  8.08472970e-01  9.14803738e-04 
 3.67019256e-05  2.87235937e-01  2.54970905e-01  8.08472970e-01  9.15295785e-04 
 3.67069256e-05  2.87235937e-01  2.54970889e-01  8.08472970e-01  9.14803850e-04 
 3.67119256e-05  2.87235937e-01  2.54970874e-01  8.08472970e-01  9.15295674e-04 
 3.67169256e-05  2.87235937e-01  2.54970858e-01  8.08472970e-01  9.14803961e-04 
 3.67219256e-05  2.87235937e-01  2.54970842e-01  8.08472970e-01  9.15295563e-04 
 3.67269256e-05  2.87235937e-01  2.54970826e-01  8.08472970e-01  9.14804072e-04 
 3.67319256e-05  2.87235937e-01  2.54970811e-01  8.08472970e-01  9.15295452e-04 
 3.67369256e-05  2.87235937e-01  2.54970795e-01  8.08472970e-01  9.14804183e-04 
 3.67419256e-05  2.87235937e-01  2.54970779e-01  8.08472970e-01  9.15295341e-04 
 3.67469256e-05  2.87235937e-01  2.54970764e-01  8.08472970e-01  9.14804294e-04 
 3.67519256e-05  2.87235937e-01  2.54970748e-01  8.08472970e-01  9.15295230e-04 
 3.67569256e-05  2.87235937e-01  2.54970732e-01  8.08472970e-01  9.14804405e-04 
 3.67619256e-05  2.87235937e-01  2.54970716e-01  8.08472970e-01  9.15295119e-04 
 3.67669256e-05  2.87235937e-01  2.54970701e-01  8.08472970e-01  9.14804516e-04 
 3.67719256e-05  2.87235937e-01  2.54970685e-01  8.08472970e-01  9.15295008e-04 
 3.67769256e-05  2.87235937e-01  2.54970669e-01  8.08472970e-01  9.14804627e-04 
 3.67819256e-05  2.87235937e-01  2.54970653e-01  8.08472970e-01  9.15294897e-04 
 3.67869256e-05  2.87235937e-01  2.54970638e-01  8.08472970e-01  9.14804737e-04 
 3.67919256e-05  2.87235937e-01  2.54970622e-01  8.08472970e-01  9.15294786e-04 
 3.67969256e-05  2.87235937e-01  2.54970606e-01  8.08472970e-01  9.14804848e-04 
 3.68019256e-05  2.87235937e-01  2.54970590e-01  8.08472970e-01  9.15294675e-04 
 3.68069256e-05  2.87235937e-01  2.54970575e-01  8.08472970e-01  9.14804959e-04 
 3.68119256e-05  2.87235937e-01  2.54970559e-01  8.08472970e-01  9.15294565e-04 
 3.68169256e-05  2.87235937e-01  2.54970543e-01  8.08472970e-01  9.14805070e-04 
 3.68219256e-05  2.87235937e-01  2.54970527e-01  8.08472970e-01  9.15294454e-04 
 3.68269256e-05  2.87235937e-01  2.54970512e-01  8.08472970e-01  9.14805180e-04 
 3.68319256e-05  2.87235937e-01  2.54970496e-01  8.08472970e-01  9.15294343e-04 
 3.68369256e-05  2.87235937e-01  2.54970480e-01  8.08472970e-01  9.14805291e-04 
 3.68419256e-05  2.87235937e-01  2.54970464e-01  8.08472970e-01  9.15294233e-04 
 3.68469256e-05  2.87235937e-01  2.54970449e-01  8.08472970e-01  9.14805401e-04 
 3.68519256e-05  2.87235937e-01  2.54970433e-01  8.08472970e-01  9.15294122e-04 
 3.68569256e-05  2.87235937e-01  2.54970417e-01  8.08472970e-01  9.14805512e-04 
 3.68619256e-05  2.87235937e-01  2.54970401e-01  8.08472970e-01  9.15294012e-04 
 3.68669256e-05  2.87235937e-01  2.54970386e-01  8.08472970e-01  9.14805622e-04 
 3.68719256e-05  2.87235937e-01  2.54970370e-01  8.08472970e-01  9.15293902e-04 
 3.68769256e-05  2.87235937e-01  2.54970354e-01  8.08472970e-01  9.14805733e-04 
 3.68819256e-05  2.87235937e-01  2.54970338e-01  8.08472970e-01  9.15293791e-04 
 3.68869256e-05  2.87235937e-01  2.54970323e-01  8.08472970e-01  9.14805843e-04 
 3.68919256e-05  2.87235937e-01  2.54970307e-01  8.08472970e-01  9.15293681e-04 
 3.68969256e-05  2.87235937e-01  2.54970291e-01  8.08472970e-01  9.14805953e-04 
 3.69019256e-05  2.87235937e-01  2.54970275e-01  8.08472970e-01  9.15293571e-04 
 3.69069256e-05  2.87235937e-01  2.54970260e-01  8.08472970e-01  9.14806063e-04 
 3.69119256e-05  2.87235937e-01  2.54970244e-01  8.08472970e-01  9.15293461e-04 
 3.69169256e-05  2.87235937e-01  2.54970228e-01  8.08472970e-01  9.14806174e-04 
 3.69219256e-05  2.87235937e-01  2.54970212e-01  8.08472970e-01  9.15293350e-04 
 3.69269256e-05  2.87235937e-01  2.54970197e-01  8.08472970e-01  9.14806284e-04 
 3.69319256e-05  2.87235937e-01  2.54970181e-01  8.08472970e-01  9.15293240e-04 
 3.69369256e-05  2.87235937e-01  2.54970165e-01  8.08472970e-01  9.14806394e-04 
 3.69419256e-05  2.87235937e-01  2.54970150e-01  8.08472970e-01  9.15293130e-04 
 3.69469256e-05  2.87235937e-01  2.54970134e-01  8.08472970e-01  9.14806504e-04 
 3.69519256e-05  2.87235937e-01  2.54970118e-01  8.08472970e-01  9.15293020e-04 
 3.69569256e-05  2.87235937e-01  2.54970102e-01  8.08472970e-01  9.14806614e-04 
 3.69619256e-05  2.87235937e-01  2.54970087e-01  8.08472970e-01  9.15292910e-04 
 3.69669256e-05  2.87235937e-01  2.54970071e-01  8.08472970e-01  9.14806724e-04 
 3.69719256e-05  2.87235937e-01  2.54970055e-01  8.08472970e-01  9.15292800e-04 
 3.69769256e-05  2.87235937e-01  2.54970039e-01  8.08472970e-01  9.14806833e-04 
 3.69819256e-05  2.87235937e-01  2.54970024e-01  8.08472970e-01  9.15292691e-04 
 3.69869256e-05  2.87235937e-01  2.54970008e-01  8.08472970e-01  9.14806943e-04 
 3.69919256e-05  2.87235937e-01  2.54969992e-01  8.08472970e-01  9.15292581e-04 
 3.69969256e-05  2.87235937e-01  2.54969976e-01  8.08472970e-01  9.14807053e-04 
 3.70019256e-05  2.87235937e-01  2.54969961e-01  8.08472970e-01  9.15292471e-04 
 3.70069256e-05  2.87235937e-01  2.54969945e-01  8.08472970e-01  9.14807163e-04 
 3.70119256e-05  2.87235937e-01  2.54969929e-01  8.08472970e-01  9.15292361e-04 
 3.70169256e-05  2.87235937e-01  2.54969913e-01  8.08472970e-01  9.14807273e-04 
 3.70219256e-05  2.87235937e-01  2.54969898e-01  8.08472970e-01  9.15292252e-04 
 3.70269256e-05  2.87235937e-01  2.54969882e-01  8.08472970e-01  9.14807382e-04 
 3.70319256e-05  2.87235937e-01  2.54969866e-01  8.08472970e-01  9.15292142e-04 
 3.70369256e-05  2.87235937e-01  2.54969850e-01  8.08472970e-01  9.14807492e-04 
 3.70419256e-05  2.87235937e-01  2.54969835e-01  8.08472970e-01  9.15292032e-04 
 3.70469256e-05  2.87235937e-01  2.54969819e-01  8.08472970e-01  9.14807601e-04 
 3.70519256e-05  2.87235937e-01  2.54969803e-01  8.08472970e-01  9.15291923e-04 
 3.70569256e-05  2.87235937e-01  2.54969787e-01  8.08472970e-01  9.14807711e-04 
 3.70619256e-05  2.87235937e-01  2.54969772e-01  8.08472970e-01  9.15291814e-04 
 3.70669256e-05  2.87235937e-01  2.54969756e-01  8.08472970e-01  9.14807820e-04 
 3.70719256e-05  2.87235937e-01  2.54969740e-01  8.08472970e-01  9.15291704e-04 
 3.70769256e-05  2.87235937e-01  2.54969724e-01  8.08472970e-01  9.14807930e-04 
 3.70819256e-05  2.87235937e-01  2.54969709e-01  8.08472970e-01  9.15291595e-04 
 3.70869256e-05  2.87235937e-01  2.54969693e-01  8.08472970e-01  9.14808039e-04 
 3.70919256e-05  2.87235937e-01  2.54969677e-01  8.08472970e-01  9.15291485e-04 
 3.70969256e-05  2.87235937e-01  2.54969661e-01  8.08472970e-01  9.14808148e-04 
 3.71019256e-05  2.87235937e-01  2.54969646e-01  8.08472970e-01  9.15291376e-04 
 3.71069256e-05  2.87235937e-01  2.54969630e-01  8.08472970e-01  9.14808257e-04 
 3.71119256e-05  2.87235937e-01  2.54969614e-01  8.08472970e-01  9.15291267e-04 
 3.71169256e-05  2.87235937e-01  2.54969598e-01  8.08472970e-01  9.14808367e-04 
 3.71219256e-05  2.87235937e-01  2.54969583e-01  8.08472970e-01  9.15291158e-04 
 3.71269256e-05  2.87235937e-01  2.54969567e-01  8.08472970e-01  9.14808476e-04 
 3.71319256e-05  2.87235937e-01  2.54969551e-01  8.08472970e-01  9.15291049e-04 
 3.71369256e-05  2.87235937e-01  2.54969535e-01  8.08472970e-01  9.14808585e-04 
 3.71419256e-05  2.87235937e-01  2.54969520e-01  8.08472970e-01  9.15290940e-04 
 3.71469256e-05  2.87235937e-01  2.54969504e-01  8.08472970e-01  9.14808694e-04 
 3.71519256e-05  2.87235937e-01  2.54969488e-01  8.08472970e-01  9.15290831e-04 
 3.71569256e-05  2.87235937e-01  2.54969473e-01  8.08472970e-01  9.14808803e-04 
 3.71619256e-05  2.87235937e-01  2.54969457e-01  8.08472970e-01  9.15290722e-04 
 3.71669256e-05  2.87235937e-01  2.54969441e-01  8.08472970e-01  9.14808912e-04 
 3.71719256e-05  2.87235937e-01  2.54969425e-01  8.08472970e-01  9.15290613e-04 
 3.71769256e-05  2.87235937e-01  2.54969410e-01  8.08472970e-01  9.14809021e-04 
 3.71819256e-05  2.87235937e-01  2.54969394e-01  8.08472970e-01  9.15290504e-04 
 3.71869256e-05  2.87235937e-01  2.54969378e-01  8.08472970e-01  9.14809130e-04 
 3.71919256e-05  2.87235937e-01  2.54969362e-01  8.08472970e-01  9.15290395e-04 
 3.71969256e-05  2.87235937e-01  2.54969347e-01  8.08472970e-01  9.14809238e-04 
 3.72019256e-05  2.87235937e-01  2.54969331e-01  8.08472970e-01  9.15290286e-04 
 3.72069256e-05  2.87235937e-01  2.54969315e-01  8.08472970e-01  9.14809347e-04 
 3.72119256e-05  2.87235937e-01  2.54969299e-01  8.08472970e-01  9.15290178e-04 
 3.72169256e-05  2.87235937e-01  2.54969284e-01  8.08472970e-01  9.14809456e-04 
 3.72219256e-05  2.87235937e-01  2.54969268e-01  8.08472970e-01  9.15290069e-04 
 3.72269256e-05  2.87235937e-01  2.54969252e-01  8.08472970e-01  9.14809564e-04 
 3.72319256e-05  2.87235937e-01  2.54969236e-01  8.08472970e-01  9.15289960e-04 
 3.72369256e-05  2.87235937e-01  2.54969221e-01  8.08472970e-01  9.14809673e-04 
 3.72419256e-05  2.87235937e-01  2.54969205e-01  8.08472970e-01  9.15289852e-04 
 3.72469256e-05  2.87235937e-01  2.54969189e-01  8.08472970e-01  9.14809782e-04 
 3.72519256e-05  2.87235937e-01  2.54969173e-01  8.08472970e-01  9.15289743e-04 
 3.72569256e-05  2.87235937e-01  2.54969158e-01  8.08472970e-01  9.14809890e-04 
 3.72619256e-05  2.87235937e-01  2.54969142e-01  8.08472970e-01  9.15289635e-04 
 3.72669256e-05  2.87235937e-01  2.54969126e-01  8.08472970e-01  9.14809999e-04 
 3.72719256e-05  2.87235937e-01  2.54969110e-01  8.08472970e-01  9.15289526e-04 
 3.72769256e-05  2.87235937e-01  2.54969095e-01  8.08472970e-01  9.14810107e-04 
 3.72819256e-05  2.87235937e-01  2.54969079e-01  8.08472970e-01  9.15289418e-04 
 3.72869256e-05  2.87235937e-01  2.54969063e-01  8.08472970e-01  9.14810215e-04 
 3.72919256e-05  2.87235937e-01  2.54969047e-01  8.08472970e-01  9.15289309e-04 
 3.72969256e-05  2.87235937e-01  2.54969032e-01  8.08472970e-01  9.14810324e-04 
 3.73019256e-05  2.87235937e-01  2.54969016e-01  8.08472970e-01  9.15289201e-04 
 3.73069256e-05  2.87235937e-01  2.54969000e-01  8.08472970e-01  9.14810432e-04 
 3.73119256e-05  2.87235937e-01  2.54968984e-01  8.08472970e-01  9.15289093e-04 
 3.73169256e-05  2.87235937e-01  2.54968969e-01  8.08472970e-01  9.14810540e-04 
 3.73219256e-05  2.87235937e-01  2.54968953e-01  8.08472970e-01  9.15288985e-04 
 3.73269256e-05  2.87235937e-01  2.54968937e-01  8.08472970e-01  9.14810648e-04 
 3.73319256e-05  2.87235937e-01  2.54968921e-01  8.08472970e-01  9.15288877e-04 
 3.73369256e-05  2.87235937e-01  2.54968906e-01  8.08472970e-01  9.14810756e-04 
 3.73419256e-05  2.87235937e-01  2.54968890e-01  8.08472970e-01  9.15288769e-04 
 3.73469256e-05  2.87235937e-01  2.54968874e-01  8.08472970e-01  9.14810864e-04 
 3.73519256e-05  2.87235937e-01  2.54968859e-01  8.08472970e-01  9.15288661e-04 
 3.73569256e-05  2.87235937e-01  2.54968843e-01  8.08472970e-01  9.14810973e-04 
 3.73619256e-05  2.87235937e-01  2.54968827e-01  8.08472970e-01  9.15288553e-04 
 3.73669256e-05  2.87235937e-01  2.54968811e-01  8.08472970e-01  9.14811080e-04 
 3.73719256e-05  2.87235937e-01  2.54968796e-01  8.08472970e-01  9.15288445e-04 
 3.73769256e-05  2.87235937e-01  2.54968780e-01  8.08472970e-01  9.14811188e-04 
 3.73819256e-05  2.87235937e-01  2.54968764e-01  8.08472970e-01  9.15288337e-04 
 3.73869256e-05  2.87235937e-01  2.54968748e-01  8.08472970e-01  9.14811296e-04 
 3.73919256e-05  2.87235937e-01  2.54968733e-01  8.08472970e-01  9.15288229e-04 
 3.73969256e-05  2.87235937e-01  2.54968717e-01  8.08472970e-01  9.14811404e-04 
 3.74019256e-05  2.87235937e-01  2.54968701e-01  8.08472970e-01  9.15288121e-04 
 3.74069256e-05  2.87235937e-01  2.54968685e-01  8.08472970e-01  9.14811512e-04 
 3.74119256e-05  2.87235937e-01  2.54968670e-01  8.08472970e-01  9.15288013e-04 
 3.74169256e-05  2.87235937e-01  2.54968654e-01  8.08472970e-01  9.14811620e-04 
 3.74219256e-05  2.87235937e-01  2.54968638e-01  8.08472970e-01  9.15287906e-04 
 3.74269256e-05  2.87235937e-01  2.54968622e-01  8.08472970e-01  9.14811727e-04 
 3.74319256e-05  2.87235937e-01  2.54968607e-01  8.08472970e-01  9.15287798e-04 
 3.74369256e-05  2.87235937e-01  2.54968591e-01  8.08472970e-01  9.14811835e-04 
 3.74419256e-05  2.87235937e-01  2.54968575e-01  8.08472970e-01  9.15287690e-04 
 3.74469256e-05  2.87235937e-01  2.54968559e-01  8.08472970e-01  9.14811943e-04 
 3.74519256e-05  2.87235937e-01  2.54968544e-01  8.08472970e-01  9.15287583e-04 
 3.74569256e-05  2.87235937e-01  2.54968528e-01  8.08472970e-01  9.14812050e-04 
 3.74619256e-05  2.87235937e-01  2.54968512e-01  8.08472970e-01  9.15287475e-04 
 3.74669256e-05  2.87235937e-01  2.54968496e-01  8.08472970e-01  9.14812158e-04 
 3.74719256e-05  2.87235937e-01  2.54968481e-01  8.08472970e-01  9.15287368e-04 
 3.74769256e-05  2.87235937e-01  2.54968465e-01  8.08472970e-01  9.14812265e-04 
 3.74819256e-05  2.87235937e-01  2.54968449e-01  8.08472970e-01  9.15287260e-04 
 3.74869256e-05  2.87235937e-01  2.54968433e-01  8.08472970e-01  9.14812372e-04 
 3.74919256e-05  2.87235937e-01  2.54968418e-01  8.08472970e-01  9.15287153e-04 
 3.74969256e-05  2.87235937e-01  2.54968402e-01  8.08472970e-01  9.14812480e-04 
 3.75019256e-05  2.87235937e-01  2.54968386e-01  8.08472970e-01  9.15287046e-04 
 3.75069256e-05  2.87235937e-01  2.54968370e-01  8.08472970e-01  9.14812587e-04 
 3.75119256e-05  2.87235937e-01  2.54968355e-01  8.08472970e-01  9.15286938e-04 
 3.75169256e-05  2.87235937e-01  2.54968339e-01  8.08472970e-01  9.14812694e-04 
 3.75219256e-05  2.87235937e-01  2.54968323e-01  8.08472970e-01  9.15286831e-04 
 3.75269256e-05  2.87235937e-01  2.54968307e-01  8.08472970e-01  9.14812802e-04 
 3.75319256e-05  2.87235937e-01  2.54968292e-01  8.08472970e-01  9.15286724e-04 
 3.75369256e-05  2.87235937e-01  2.54968276e-01  8.08472970e-01  9.14812909e-04 
 3.75419256e-05  2.87235937e-01  2.54968260e-01  8.08472970e-01  9.15286617e-04 
 3.75469256e-05  2.87235937e-01  2.54968245e-01  8.08472970e-01  9.14813016e-04 
 3.75519256e-05  2.87235937e-01  2.54968229e-01  8.08472970e-01  9.15286510e-04 
 3.75569256e-05  2.87235937e-01  2.54968213e-01  8.08472970e-01  9.14813123e-04 
 3.75619256e-05  2.87235937e-01  2.54968197e-01  8.08472970e-01  9.15286403e-04 
 3.75669256e-05  2.87235937e-01  2.54968182e-01  8.08472970e-01  9.14813230e-04 
 3.75719256e-05  2.87235937e-01  2.54968166e-01  8.08472970e-01  9.15286296e-04 
 3.75769256e-05  2.87235937e-01  2.54968150e-01  8.08472970e-01  9.14813337e-04 
 3.75819256e-05  2.87235937e-01  2.54968134e-01  8.08472970e-01  9.15286189e-04 
 3.75869256e-05  2.87235937e-01  2.54968119e-01  8.08472970e-01  9.14813444e-04 
 3.75919256e-05  2.87235937e-01  2.54968103e-01  8.08472970e-01  9.15286082e-04 
 3.75969256e-05  2.87235937e-01  2.54968087e-01  8.08472970e-01  9.14813551e-04 
 3.76019256e-05  2.87235937e-01  2.54968071e-01  8.08472970e-01  9.15285975e-04 
 3.76069256e-05  2.87235937e-01  2.54968056e-01  8.08472970e-01  9.14813657e-04 
 3.76119256e-05  2.87235937e-01  2.54968040e-01  8.08472970e-01  9.15285868e-04 
 3.76169256e-05  2.87235937e-01  2.54968024e-01  8.08472970e-01  9.14813764e-04 
 3.76219256e-05  2.87235937e-01  2.54968008e-01  8.08472970e-01  9.15285761e-04 
 3.76269256e-05  2.87235937e-01  2.54967993e-01  8.08472970e-01  9.14813871e-04 
 3.76319256e-05  2.87235937e-01  2.54967977e-01  8.08472970e-01  9.15285655e-04 
 3.76369256e-05  2.87235937e-01  2.54967961e-01  8.08472970e-01  9.14813978e-04 
 3.76419256e-05  2.87235937e-01  2.54967945e-01  8.08472970e-01  9.15285548e-04 
 3.76469256e-05  2.87235937e-01  2.54967930e-01  8.08472970e-01  9.14814084e-04 
 3.76519256e-05  2.87235937e-01  2.54967914e-01  8.08472970e-01  9.15285441e-04 
 3.76569256e-05  2.87235937e-01  2.54967898e-01  8.08472970e-01  9.14814191e-04 
 3.76619256e-05  2.87235937e-01  2.54967882e-01  8.08472970e-01  9.15285335e-04 
 3.76669256e-05  2.87235937e-01  2.54967867e-01  8.08472970e-01  9.14814297e-04 
 3.76719256e-05  2.87235937e-01  2.54967851e-01  8.08472970e-01  9.15285228e-04 
 3.76769256e-05  2.87235937e-01  2.54967835e-01  8.08472970e-01  9.14814404e-04 
 3.76819256e-05  2.87235937e-01  2.54967819e-01  8.08472970e-01  9.15285122e-04 
 3.76869256e-05  2.87235937e-01  2.54967804e-01  8.08472970e-01  9.14814510e-04 
 3.76919256e-05  2.87235937e-01  2.54967788e-01  8.08472970e-01  9.15285016e-04 
 3.76969256e-05  2.87235937e-01  2.54967772e-01  8.08472970e-01  9.14814617e-04 
 3.77019256e-05  2.87235937e-01  2.54967756e-01  8.08472970e-01  9.15284909e-04 
 3.77069256e-05  2.87235937e-01  2.54967741e-01  8.08472970e-01  9.14814723e-04 
 3.77119256e-05  2.87235937e-01  2.54967725e-01  8.08472970e-01  9.15284803e-04 
 3.77169256e-05  2.87235937e-01  2.54967709e-01  8.08472970e-01  9.14814829e-04 
 3.77219256e-05  2.87235937e-01  2.54967693e-01  8.08472970e-01  9.15284697e-04 
 3.77269256e-05  2.87235937e-01  2.54967678e-01  8.08472970e-01  9.14814936e-04 
 3.77319256e-05  2.87235937e-01  2.54967662e-01  8.08472970e-01  9.15284590e-04 
 3.77369256e-05  2.87235937e-01  2.54967646e-01  8.08472970e-01  9.14815042e-04 
 3.77419256e-05  2.87235937e-01  2.54967631e-01  8.08472970e-01  9.15284484e-04 
 3.77469256e-05  2.87235937e-01  2.54967615e-01  8.08472970e-01  9.14815148e-04 
 3.77519256e-05  2.87235937e-01  2.54967599e-01  8.08472970e-01  9.15284378e-04 
 3.77569256e-05  2.87235937e-01  2.54967583e-01  8.08472970e-01  9.14815254e-04 
 3.77619256e-05  2.87235937e-01  2.54967568e-01  8.08472970e-01  9.15284272e-04 
 3.77669256e-05  2.87235937e-01  2.54967552e-01  8.08472970e-01  9.14815360e-04 
 3.77719256e-05  2.87235937e-01  2.54967536e-01  8.08472970e-01  9.15284166e-04 
 3.77769256e-05  2.87235937e-01  2.54967520e-01  8.08472970e-01  9.14815466e-04 
 3.77819256e-05  2.87235937e-01  2.54967505e-01  8.08472970e-01  9.15284060e-04 
 3.77869256e-05  2.87235937e-01  2.54967489e-01  8.08472970e-01  9.14815572e-04 
 3.77919256e-05  2.87235937e-01  2.54967473e-01  8.08472970e-01  9.15283954e-04 
 3.77969256e-05  2.87235937e-01  2.54967457e-01  8.08472970e-01  9.14815678e-04 
 3.78019256e-05  2.87235937e-01  2.54967442e-01  8.08472970e-01  9.15283848e-04 
 3.78069256e-05  2.87235937e-01  2.54967426e-01  8.08472970e-01  9.14815784e-04 
 3.78119256e-05  2.87235937e-01  2.54967410e-01  8.08472970e-01  9.15283742e-04 
 3.78169256e-05  2.87235937e-01  2.54967394e-01  8.08472970e-01  9.14815890e-04 
 3.78219256e-05  2.87235937e-01  2.54967379e-01  8.08472970e-01  9.15283636e-04 
 3.78269256e-05  2.87235937e-01  2.54967363e-01  8.08472970e-01  9.14815995e-04 
 3.78319256e-05  2.87235937e-01  2.54967347e-01  8.08472970e-01  9.15283531e-04 
 3.78369256e-05  2.87235937e-01  2.54967331e-01  8.08472970e-01  9.14816101e-04 
 3.78419256e-05  2.87235937e-01  2.54967316e-01  8.08472970e-01  9.15283425e-04 
 3.78469256e-05  2.87235937e-01  2.54967300e-01  8.08472970e-01  9.14816207e-04 
 3.78519256e-05  2.87235937e-01  2.54967284e-01  8.08472970e-01  9.15283319e-04 
 3.78569256e-05  2.87235937e-01  2.54967268e-01  8.08472970e-01  9.14816312e-04 
 3.78619256e-05  2.87235937e-01  2.54967253e-01  8.08472970e-01  9.15283214e-04 
 3.78669256e-05  2.87235937e-01  2.54967237e-01  8.08472970e-01  9.14816418e-04 
 3.78719256e-05  2.87235937e-01  2.54967221e-01  8.08472970e-01  9.15283108e-04 
 3.78769256e-05  2.87235937e-01  2.54967205e-01  8.08472970e-01  9.14816524e-04 
 3.78819256e-05  2.87235937e-01  2.54967190e-01  8.08472970e-01  9.15283003e-04 
 3.78869256e-05  2.87235937e-01  2.54967174e-01  8.08472970e-01  9.14816629e-04 
 3.78919256e-05  2.87235937e-01  2.54967158e-01  8.08472970e-01  9.15282897e-04 
 3.78969256e-05  2.87235937e-01  2.54967142e-01  8.08472970e-01  9.14816735e-04 
 3.79019256e-05  2.87235937e-01  2.54967127e-01  8.08472970e-01  9.15282792e-04 
 3.79069256e-05  2.87235937e-01  2.54967111e-01  8.08472970e-01  9.14816840e-04 
 3.79119256e-05  2.87235937e-01  2.54967095e-01  8.08472970e-01  9.15282686e-04 
 3.79169256e-05  2.87235937e-01  2.54967079e-01  8.08472970e-01  9.14816945e-04 
 3.79219256e-05  2.87235937e-01  2.54967064e-01  8.08472970e-01  9.15282581e-04 
 3.79269256e-05  2.87235937e-01  2.54967048e-01  8.08472970e-01  9.14817051e-04 
 3.79319256e-05  2.87235937e-01  2.54967032e-01  8.08472970e-01  9.15282476e-04 
 3.79369256e-05  2.87235937e-01  2.54967016e-01  8.08472970e-01  9.14817156e-04 
 3.79419256e-05  2.87235937e-01  2.54967001e-01  8.08472970e-01  9.15282371e-04 
 3.79469256e-05  2.87235937e-01  2.54966985e-01  8.08472970e-01  9.14817261e-04 
 3.79519256e-05  2.87235937e-01  2.54966969e-01  8.08472970e-01  9.15282265e-04 
 3.79569256e-05  2.87235937e-01  2.54966954e-01  8.08472970e-01  9.14817366e-04 
 3.79619256e-05  2.87235937e-01  2.54966938e-01  8.08472970e-01  9.15282160e-04 
 3.79669256e-05  2.87235937e-01  2.54966922e-01  8.08472970e-01  9.14817471e-04 
 3.79719256e-05  2.87235937e-01  2.54966906e-01  8.08472970e-01  9.15282055e-04 
 3.79769256e-05  2.87235937e-01  2.54966891e-01  8.08472970e-01  9.14817576e-04 
 3.79819256e-05  2.87235937e-01  2.54966875e-01  8.08472970e-01  9.15281950e-04 
 3.79869256e-05  2.87235937e-01  2.54966859e-01  8.08472970e-01  9.14817681e-04 
 3.79919256e-05  2.87235937e-01  2.54966843e-01  8.08472970e-01  9.15281845e-04 
 3.79959628e-05  2.87235937e-01  2.54966831e-01  8.08472970e-01  9.14817799e-04 
 3.80000000e-05  2.87235937e-01  2.54966818e-01  8.08472970e-01  9.15281715e-04 
 3.80001000e-05  2.87235937e-01  2.54966796e-01  8.08472970e-01  9.60196890e-04 
 3.80003000e-05  2.87235937e-01  2.54966726e-01  8.08472970e-01  9.53796780e-04 
 3.80006500e-05  2.87235937e-01  2.54966392e-01  8.08472970e-01  9.51013609e-04 
 3.80010000e-05  2.87235937e-01  2.54455010e-01  8.08472970e-01  9.43399456e-04 
 3.80010700e-05  2.87235937e-01  2.54254929e-01  8.08472970e-01  9.15107831e-04 
 3.80012100e-05  2.87235937e-01  2.53855618e-01  8.08472970e-01  9.14954334e-04 
 3.80014900e-05  2.87235937e-01  2.53062016e-01  8.08472970e-01  9.15107405e-04 
 3.80020500e-05  2.87235937e-01  2.51494559e-01  8.08472970e-01  9.14955254e-04 
 3.80031700e-05  2.87235937e-01  2.48436075e-01  8.08472970e-01  9.15108319e-04 
 3.80054100e-05  2.87235937e-01  2.42605745e-01  8.08472970e-01  9.14957391e-04 
 3.80098900e-05  2.87235937e-01  2.31958335e-01  8.08472970e-01  9.15111902e-04 
 3.80148900e-05  2.87235937e-01  2.21441576e-01  8.08472970e-01  9.14961817e-04 
 3.80198900e-05  2.87235937e-01  2.12106739e-01  8.08472970e-01  9.15115691e-04 
 3.80248900e-05  2.87235937e-01  2.03741028e-01  8.08472970e-01  9.14964977e-04 
 3.80298900e-05  2.87235937e-01  1.96179355e-01  8.08472970e-01  9.15118265e-04 
 3.80348900e-05  2.87235937e-01  1.89292049e-01  8.08472970e-01  9.14967183e-04 
 3.80398900e-05  2.87235937e-01  1.82976056e-01  8.08472970e-01  9.15120083e-04 
 3.80448900e-05  2.87235937e-01  1.77148566e-01  8.08472970e-01  9.14968783e-04 
 3.80498900e-05  2.87235937e-01  1.71742347e-01  8.08472970e-01  9.15121409e-04 
 3.80548900e-05  2.87235937e-01  1.66702282e-01  8.08472970e-01  9.14969980e-04 
 3.80598900e-05  2.87235937e-01  1.61982781e-01  8.08472970e-01  9.15122402e-04 
 3.80648900e-05  2.87235937e-01  1.57545828e-01  8.08472970e-01  9.14970900e-04 
 3.80698900e-05  2.87235937e-01  1.53359424e-01  8.08472970e-01  9.15123164e-04 
 3.80748900e-05  2.87235937e-01  1.49396478e-01  8.08472970e-01  9.14971624e-04 
 3.80798900e-05  2.87235937e-01  1.45633898e-01  8.08472970e-01  9.15123758e-04 
 3.80848900e-05  2.87235937e-01  1.42051856e-01  8.08472970e-01  9.14972205e-04 
 3.80898900e-05  2.87235937e-01  1.38633238e-01  8.08472970e-01  9.15124229e-04 
 3.80948900e-05  2.87235937e-01  1.35363178e-01  8.08472970e-01  9.14972679e-04 
 3.80998900e-05  2.87235937e-01  1.32228707e-01  8.08472970e-01  9.15124607e-04 
 3.81048900e-05  2.87235937e-01  1.29218445e-01  8.08472970e-01  9.14973071e-04 
 3.81098900e-05  2.87235937e-01  1.26322370e-01  8.08472970e-01  9.15124913e-04 
 3.81148900e-05  2.87235937e-01  1.23531607e-01  8.08472970e-01  9.14973400e-04 
 3.81198900e-05  2.87235937e-01  1.20838272e-01  8.08472970e-01  9.15125162e-04 
 3.81248900e-05  2.87235937e-01  1.18235338e-01  8.08472970e-01  9.14973678e-04 
 3.81298900e-05  2.87235937e-01  1.15716512e-01  8.08472970e-01  9.15125367e-04 
 3.81348900e-05  2.87235937e-01  1.13276145e-01  8.08472970e-01  9.14973916e-04 
 3.81398900e-05  2.87235937e-01  1.10909147e-01  8.08472970e-01  9.15125535e-04 
 3.81448900e-05  2.87235937e-01  1.08610924e-01  8.08472970e-01  9.14974121e-04 
 3.81498900e-05  2.87235937e-01  1.06377310e-01  8.08472970e-01  9.15125673e-04 
 3.81548900e-05  2.87235937e-01  1.04204524e-01  8.08472970e-01  9.14974299e-04 
 3.81598900e-05  2.87235937e-01  1.02089124e-01  8.08472970e-01  9.15125787e-04 
 3.81648900e-05  2.87235937e-01  1.00027970e-01  8.08472970e-01  9.14974455e-04 
 3.81698900e-05  2.87235937e-01  9.80181894e-02  8.08472970e-01  9.15125880e-04 
 3.81748900e-05  2.87235937e-01  9.60571529e-02  8.08472970e-01  9.14974591e-04 
 3.81798900e-05  2.87235937e-01  9.41424462e-02  8.08472970e-01  9.15125956e-04 
 3.81848900e-05  2.87235937e-01  9.22718503e-02  8.08472970e-01  9.14974712e-04 
 3.81898900e-05  2.87235937e-01  9.04433218e-02  8.08472970e-01  9.15126017e-04 
 3.81948900e-05  2.87235937e-01  8.86549764e-02  8.08472970e-01  9.14974818e-04 
 3.81998900e-05  2.87235937e-01  8.69050740e-02  8.08472970e-01  9.15126065e-04 
 3.82048900e-05  2.87235937e-01  8.51920057e-02  8.08472970e-01  9.14974913e-04 
 3.82098900e-05  2.87235937e-01  8.35142819e-02  8.08472970e-01  9.15126102e-04 
 3.82148900e-05  2.87235937e-01  8.18705221e-02  8.08472970e-01  9.14974998e-04 
 3.82198900e-05  2.87235937e-01  8.02594455e-02  8.08472970e-01  9.15126129e-04 
 3.82248900e-05  2.87235937e-01  7.86798625e-02  8.08472970e-01  9.14975073e-04 
 3.82298900e-05  2.87235937e-01  7.71306672e-02  8.08472970e-01  9.15126148e-04 
 3.82348900e-05  2.87235937e-01  7.56108308e-02  8.08472970e-01  9.14975140e-04 
 3.82398900e-05  2.87235937e-01  7.41193952e-02  8.08472970e-01  9.15126159e-04 
 3.82448900e-05  2.87235937e-01  7.26554675e-02  8.08472970e-01  9.14975200e-04 
 3.82498900e-05  2.87235937e-01  7.12182149e-02  8.08472970e-01  9.15126163e-04 
 3.82548900e-05  2.87235937e-01  6.98068602e-02  8.08472970e-01  9.14975254e-04 
 3.82598900e-05  2.87235937e-01  6.84206773e-02  8.08472970e-01  9.15126161e-04 
 3.82648900e-05  2.87235937e-01  6.70589874e-02  8.08472970e-01  9.14975302e-04 
 3.82698900e-05  2.87235937e-01  6.57211558e-02  8.08472970e-01  9.15126154e-04 
 3.82748900e-05  2.87235937e-01  6.44065879e-02  8.08472970e-01  9.14975344e-04 
 3.82798900e-05  2.87235937e-01  6.31147268e-02  8.08472970e-01  9.15126142e-04 
 3.82848900e-05  2.87235937e-01  6.18450502e-02  8.08472970e-01  9.14975382e-04 
 3.82898900e-05  2.87235937e-01  6.05970678e-02  8.08472970e-01  9.15126126e-04 
 3.82948900e-05  2.87235937e-01  5.93703190e-02  8.08472970e-01  9.14975416e-04 
 3.82998900e-05  2.87235937e-01  5.81643706e-02  8.08472970e-01  9.15126105e-04 
 3.83048900e-05  2.87235937e-01  5.69788145e-02  8.08472970e-01  9.14975445e-04 
 3.83098900e-05  2.87235937e-01  5.58132662e-02  8.08472970e-01  9.15126080e-04 
 3.83148900e-05  2.87235937e-01  5.46673625e-02  8.08472970e-01  9.14975471e-04 
 3.83198900e-05  2.87235937e-01  5.35407601e-02  8.08472970e-01  9.15126052e-04 
 3.83248900e-05  2.87235937e-01  5.24331340e-02  8.08472970e-01  9.14975494e-04 
 3.83298900e-05  2.87235937e-01  5.13441759e-02  8.08472970e-01  9.15126021e-04 
 3.83348900e-05  2.87235937e-01  5.02735928e-02  8.08472970e-01  9.14975514e-04 
 3.83398900e-05  2.87235937e-01  4.92211056e-02  8.08472970e-01  9.15125987e-04 
 3.83448900e-05  2.87235937e-01  4.81864483e-02  8.08472970e-01  9.14975531e-04 
 3.83498900e-05  2.87235937e-01  4.71693665e-02  8.08472970e-01  9.15125951e-04 
 3.83548900e-05  2.87235937e-01  4.61696163e-02  8.08472970e-01  9.14975545e-04 
 3.83598900e-05  2.87235937e-01  4.51869635e-02  8.08472970e-01  9.15125912e-04 
 3.83648900e-05  2.87235937e-01  4.42211827e-02  8.08472970e-01  9.14975558e-04 
 3.83698900e-05  2.87235937e-01  4.32720561e-02  8.08472970e-01  9.15125871e-04 
 3.83748900e-05  2.87235937e-01  4.23393732e-02  8.08472970e-01  9.14975568e-04 
 3.83798900e-05  2.87235937e-01  4.14229297e-02  8.08472970e-01  9.15125828e-04 
 3.83848900e-05  2.87235937e-01  4.05225267e-02  8.08472970e-01  9.14975577e-04 
 3.83898900e-05  2.87235937e-01  3.96379706e-02  8.08472970e-01  9.15125784e-04 
 3.83948900e-05  2.87235937e-01  3.87690719e-02  8.08472970e-01  9.14975584e-04 
 3.83998900e-05  2.87235937e-01  3.79156451e-02  8.08472970e-01  9.15125738e-04 
 3.84048900e-05  2.87235937e-01  3.70775079e-02  8.08472970e-01  9.14975589e-04 
 3.84098900e-05  2.87235937e-01  3.62544811e-02  8.08472970e-01  9.15125691e-04 
 3.84148900e-05  2.87235937e-01  3.54463877e-02  8.08472970e-01  9.14975593e-04 
 3.84198900e-05  2.87235937e-01  3.46530531e-02  8.08472970e-01  9.15125643e-04 
 3.84248900e-05  2.87235937e-01  3.38743041e-02  8.08472970e-01  9.14975597e-04 
 3.84298900e-05  2.87235937e-01  3.31099692e-02  8.08472970e-01  9.15125594e-04 
 3.84348900e-05  2.87235937e-01  3.23598780e-02  8.08472970e-01  9.14975599e-04 
 3.84398900e-05  2.87235937e-01  3.16238612e-02  8.08472970e-01  9.15125544e-04 
 3.84448900e-05  2.87235937e-01  3.09017500e-02  8.08472970e-01  9.14975601e-04 
 3.84498900e-05  2.87235937e-01  3.01933762e-02  8.08472970e-01  9.15125493e-04 
 3.84548900e-05  2.87235937e-01  2.94985722e-02  8.08472970e-01  9.14975603e-04 
 3.84598900e-05  2.87235937e-01  2.88171703e-02  8.08472970e-01  9.15125442e-04 
 3.84648900e-05  2.87235937e-01  2.81490033e-02  8.08472970e-01  9.14975604e-04 
 3.84698900e-05  2.87235937e-01  2.74939038e-02  8.08472970e-01  9.15125391e-04 
 3.84748900e-05  2.87235937e-01  2.68517045e-02  8.08472970e-01  9.14975604e-04 
 3.84798900e-05  2.87235937e-01  2.62222380e-02  8.08472970e-01  9.15125340e-04 
 3.84848900e-05  2.87235937e-01  2.56053367e-02  8.08472970e-01  9.14975605e-04 
 3.84898900e-05  2.87235937e-01  2.50008329e-02  8.08472970e-01  9.15125289e-04 
 3.84948900e-05  2.87235937e-01  2.44085589e-02  8.08472970e-01  9.14975606e-04 
 3.84998900e-05  2.87235937e-01  2.38283466e-02  8.08472970e-01  9.15125237e-04 
 3.85048900e-05  2.87235937e-01  2.32600279e-02  8.08472970e-01  9.14975606e-04 
 3.85098900e-05  2.87235937e-01  2.27034345e-02  8.08472970e-01  9.15125186e-04 
 3.85148900e-05  2.87235937e-01  2.21583982e-02  8.08472970e-01  9.14975607e-04 
 3.85198900e-05  2.87235937e-01  2.16247505e-02  8.08472970e-01  9.15125136e-04 
 3.85248900e-05  2.87235937e-01  2.11023230e-02  8.08472970e-01  9.14975609e-04 
 3.85298900e-05  2.87235937e-01  2.05909474e-02  8.08472970e-01  9.15125085e-04 
 3.85348900e-05  2.87235937e-01  2.00904554e-02  8.08472970e-01  9.14975610e-04 
 3.85398900e-05  2.87235937e-01  1.96006791e-02  8.08472970e-01  9.15125035e-04 
 3.85448900e-05  2.87235937e-01  1.91214506e-02  8.08472970e-01  9.14975612e-04 
 3.85498900e-05  2.87235937e-01  1.86526023e-02  8.08472970e-01  9.15124986e-04 
 3.85548900e-05  2.87235937e-01  1.81939670e-02  8.08472970e-01  9.14975615e-04 
 3.85598900e-05  2.87235937e-01  1.77453782e-02  8.08472970e-01  9.15124937e-04 
 3.85648900e-05  2.87235937e-01  1.73066696e-02  8.08472970e-01  9.14975618e-04 
 3.85698900e-05  2.87235937e-01  1.68776756e-02  8.08472970e-01  9.15124888e-04 
 3.85748900e-05  2.87235937e-01  1.64582314e-02  8.08472970e-01  9.14975622e-04 
 3.85798900e-05  2.87235937e-01  1.60481726e-02  8.08472970e-01  9.15124841e-04 
 3.85848900e-05  2.87235937e-01  1.56473361e-02  8.08472970e-01  9.14975626e-04 
 3.85898900e-05  2.87235937e-01  1.52555592e-02  8.08472970e-01  9.15124794e-04 
 3.85948900e-05  2.87235937e-01  1.48726806e-02  8.08472970e-01  9.14975632e-04 
 3.85998900e-05  2.87235937e-01  1.44985397e-02  8.08472970e-01  9.15124747e-04 
 3.86048900e-05  2.87235937e-01  1.41329772e-02  8.08472970e-01  9.14975637e-04 
 3.86098900e-05  2.87235937e-01  1.37758349e-02  8.08472970e-01  9.15124702e-04 
 3.86148900e-05  2.87235937e-01  1.34269559e-02  8.08472970e-01  9.14975644e-04 
 3.86198900e-05  2.87235937e-01  1.30861844e-02  8.08472970e-01  9.15124657e-04 
 3.86248900e-05  2.87235937e-01  1.27533661e-02  8.08472970e-01  9.14975651e-04 
 3.86298900e-05  2.87235937e-01  1.24283483e-02  8.08472970e-01  9.15124613e-04 
 3.86348900e-05  2.87235937e-01  1.21109793e-02  8.08472970e-01  9.14975659e-04 
 3.86398900e-05  2.87235937e-01  1.18011094e-02  8.08472970e-01  9.15124569e-04 
 3.86448900e-05  2.87235937e-01  1.14985901e-02  8.08472970e-01  9.14975668e-04 
 3.86498900e-05  2.87235937e-01  1.12032748e-02  8.08472970e-01  9.15124526e-04 
 3.86548900e-05  2.87235937e-01  1.09150183e-02  8.08472970e-01  9.14975677e-04 
 3.86598900e-05  2.87235937e-01  1.06336772e-02  8.08472970e-01  9.15124484e-04 
 3.86648900e-05  2.87235937e-01  1.03591099e-02  8.08472970e-01  9.14975687e-04 
 3.86698900e-05  2.87235937e-01  1.00911765e-02  8.08472970e-01  9.15124443e-04 
 3.86748900e-05  2.87235937e-01  9.82973887e-03  8.08472970e-01  9.14975698e-04 
 3.86798900e-05  2.87235937e-01  9.57466079e-03  8.08472970e-01  9.15124403e-04 
 3.86848900e-05  2.87235937e-01  9.32580777e-03  8.08472970e-01  9.14975709e-04 
 3.86898900e-05  2.87235937e-01  9.08304732e-03  8.08472970e-01  9.15124363e-04 
 3.86948900e-05  2.87235937e-01  8.84624874e-03  8.08472970e-01  9.14975721e-04 
 3.86998900e-05  2.87235937e-01  8.61528332e-03  8.08472970e-01  9.15124324e-04 
 3.87048900e-05  2.87235937e-01  8.39002420e-03  8.08472970e-01  9.14975734e-04 
 3.87098900e-05  2.87235937e-01  8.17034655e-03  8.08472970e-01  9.15124285e-04 
 3.87148900e-05  2.87235937e-01  7.95612739e-03  8.08472970e-01  9.14975747e-04 
 3.87198900e-05  2.87235937e-01  7.74724578e-03  8.08472970e-01  9.15124247e-04 
 3.87248900e-05  2.87235937e-01  7.54358268e-03  8.08472970e-01  9.14975761e-04 
 3.87298900e-05  2.87235937e-01  7.34502108e-03  8.08472970e-01  9.15124210e-04 
 3.87348900e-05  2.87235937e-01  7.15144586e-03  8.08472970e-01  9.14975776e-04 
 3.87398900e-05  2.87235937e-01  6.96274395e-03  8.08472970e-01  9.15124173e-04 
 3.87448900e-05  2.87235937e-01  6.77880417e-03  8.08472970e-01  9.14975791e-04 
 3.87498900e-05  2.87235937e-01  6.59951737e-03  8.08472970e-01  9.15124137e-04 
 3.87548900e-05  2.87235937e-01  6.42477628e-03  8.08472970e-01  9.14975807e-04 
 3.87598900e-05  2.87235937e-01  6.25447565e-03  8.08472970e-01  9.15124101e-04 
 3.87648900e-05  2.87235937e-01  6.08851211e-03  8.08472970e-01  9.14975823e-04 
 3.87698900e-05  2.87235937e-01  5.92678428e-03  8.08472970e-01  9.15124066e-04 
 3.87748900e-05  2.87235937e-01  5.76919261e-03  8.08472970e-01  9.14975840e-04 
 3.87798900e-05  2.87235937e-01  5.61563955e-03  8.08472970e-01  9.15124032e-04 
 3.87848900e-05  2.87235937e-01  5.46602935e-03  8.08472970e-01  9.14975857e-04 
 3.87898900e-05  2.87235937e-01  5.32026821e-03  8.08472970e-01  9.15123998e-04 
 3.87948900e-05  2.87235937e-01  5.17826412e-03  8.08472970e-01  9.14975874e-04 
 3.87998900e-05  2.87235937e-01  5.03992697e-03  8.08472970e-01  9.15123964e-04 
 3.88048900e-05  2.87235937e-01  4.90516840e-03  8.08472970e-01  9.14975892e-04 
 3.88098900e-05  2.87235937e-01  4.77390194e-03  8.08472970e-01  9.15123931e-04 
 3.88148900e-05  2.87235937e-01  4.64604280e-03  8.08472970e-01  9.14975911e-04 
 3.88198900e-05  2.87235937e-01  4.52150806e-03  8.08472970e-01  9.15123898e-04 
 3.88248900e-05  2.87235937e-01  4.40021643e-03  8.08472970e-01  9.14975930e-04 
 3.88298900e-05  2.87235937e-01  4.28208844e-03  8.08472970e-01  9.15123866e-04 
 3.88348900e-05  2.87235937e-01  4.16704623e-03  8.08472970e-01  9.14975949e-04 
 3.88398900e-05  2.87235937e-01  4.05501367e-03  8.08472970e-01  9.15123834e-04 
 3.88448900e-05  2.87235937e-01  3.94591623e-03  8.08472970e-01  9.14975968e-04 
 3.88498900e-05  2.87235937e-01  3.83968108e-03  8.08472970e-01  9.15123802e-04 
 3.88548900e-05  2.87235937e-01  3.73623688e-03  8.08472970e-01  9.14975988e-04 
 3.88598900e-05  2.87235937e-01  3.63551399e-03  8.08472970e-01  9.15123771e-04 
 3.88648900e-05  2.87235937e-01  3.53744421e-03  8.08472970e-01  9.14976009e-04 
 3.88698900e-05  2.87235937e-01  3.44196096e-03  8.08472970e-01  9.15123740e-04 
 3.88748900e-05  2.87235937e-01  3.34899908e-03  8.08472970e-01  9.14976029e-04 
 3.88798900e-05  2.87235937e-01  3.25849498e-03  8.08472970e-01  9.15123709e-04 
 3.88848900e-05  2.87235937e-01  3.17038643e-03  8.08472970e-01  9.14976050e-04 
 3.88898900e-05  2.87235937e-01  3.08461269e-03  8.08472970e-01  9.15123679e-04 
 3.88948900e-05  2.87235937e-01  3.00111439e-03  8.08472970e-01  9.14976071e-04 
 3.88998900e-05  2.87235937e-01  2.91983356e-03  8.08472970e-01  9.15123649e-04 
 3.89048900e-05  2.87235937e-01  2.84071356e-03  8.08472970e-01  9.14976092e-04 
 3.89098900e-05  2.87235937e-01  2.76369910e-03  8.08472970e-01  9.15123619e-04 
 3.89148900e-05  2.87235937e-01  2.68873617e-03  8.08472970e-01  9.14976114e-04 
 3.89198900e-05  2.87235937e-01  2.61577206e-03  8.08472970e-01  9.15123589e-04 
 3.89248900e-05  2.87235937e-01  2.54475528e-03  8.08472970e-01  9.14976135e-04 
 3.89298900e-05  2.87235937e-01  2.47563563e-03  8.08472970e-01  9.15123560e-04 
 3.89348900e-05  2.87235937e-01  2.40836403e-03  8.08472970e-01  9.14976157e-04 
 3.89398900e-05  2.87235937e-01  2.34289267e-03  8.08472970e-01  9.15123531e-04 
 3.89448900e-05  2.87235937e-01  2.27917480e-03  8.08472970e-01  9.14976180e-04 
 3.89498900e-05  2.87235937e-01  2.21716491e-03  8.08472970e-01  9.15123502e-04 
 3.89548900e-05  2.87235937e-01  2.15681851e-03  8.08472970e-01  9.14976202e-04 
 3.89598900e-05  2.87235937e-01  2.09809225e-03  8.08472970e-01  9.15123473e-04 
 3.89648900e-05  2.87235937e-01  2.04094380e-03  8.08472970e-01  9.14976224e-04 
 3.89698900e-05  2.87235937e-01  1.98533194e-03  8.08472970e-01  9.15123444e-04 
 3.89748900e-05  2.87235937e-01  1.93121638e-03  8.08472970e-01  9.14976247e-04 
 3.89798900e-05  2.87235937e-01  1.87855792e-03  8.08472970e-01  9.15123416e-04 
 3.89848900e-05  2.87235937e-01  1.82731824e-03  8.08472970e-01  9.14976270e-04 
 3.89898900e-05  2.87235937e-01  1.77746007e-03  8.08472970e-01  9.15123388e-04 
 3.89948900e-05  2.87235937e-01  1.72894698e-03  8.08472970e-01  9.14976293e-04 
 3.89979450e-05  2.87235937e-01  1.69995337e-03  8.08472970e-01  9.15123352e-04 
 3.90010000e-05  2.87235937e-01  1.67144068e-03  8.08472970e-01  9.14976333e-04 
 3.90011000e-05  2.87235937e-01  1.67144636e-03  8.08472970e-01  8.85500138e-04 
 3.90013000e-05  2.87235937e-01  1.67146598e-03  8.08472970e-01  8.78503462e-04 
 3.90015933e-05  2.87235937e-01  1.67146990e-03  8.08472970e-01  8.79086641e-04 
 3.90017967e-05  2.87235937e-01  1.67147060e-03  8.08472970e-01  8.71101581e-04 
 3.90020000e-05  2.87235937e-01  1.67147094e-03  8.08472970e-01  8.70872227e-04 
 3.90020407e-05  2.87235937e-01  1.67147093e-03  8.08472970e-01  9.14751204e-04 
 3.90021220e-05  2.87235937e-01  1.67147093e-03  8.08472970e-01  9.15344325e-04 
 3.90022847e-05  2.87235937e-01  1.67147093e-03  8.08472970e-01  9.14757355e-04 
 3.90026100e-05  2.87235937e-01  1.67147092e-03  8.08472970e-01  9.15341211e-04 
 3.90032607e-05  2.87235937e-01  1.67147091e-03  8.08472970e-01  9.14758873e-04 
 3.90045622e-05  2.87235937e-01  1.67147088e-03  8.08472970e-01  9.15340453e-04 
 3.90071650e-05  2.87235937e-01  1.67147083e-03  8.08472970e-01  9.14759252e-04 
 3.90121650e-05  2.87235937e-01  1.67147072e-03  8.08472970e-01  9.15340262e-04 
 3.90171650e-05  2.87235937e-01  1.67147062e-03  8.08472970e-01  9.14759383e-04 
 3.90221650e-05  2.87235937e-01  1.67147052e-03  8.08472970e-01  9.15340131e-04 
 3.90271650e-05  2.87235937e-01  1.67147041e-03  8.08472970e-01  9.14759514e-04 
 3.90321650e-05  2.87235937e-01  1.67147031e-03  8.08472970e-01  9.15340000e-04 
 3.90371650e-05  2.87235937e-01  1.67147021e-03  8.08472970e-01  9.14759645e-04 
 3.90421650e-05  2.87235937e-01  1.67147010e-03  8.08472970e-01  9.15339869e-04 
 3.90471650e-05  2.87235937e-01  1.67147000e-03  8.08472970e-01  9.14759776e-04 
 3.90521650e-05  2.87235937e-01  1.67146990e-03  8.08472970e-01  9.15339738e-04 
 3.90571650e-05  2.87235937e-01  1.67146979e-03  8.08472970e-01  9.14759907e-04 
 3.90621650e-05  2.87235937e-01  1.67146969e-03  8.08472970e-01  9.15339607e-04 
 3.90671650e-05  2.87235937e-01  1.67146959e-03  8.08472970e-01  9.14760038e-04 
 3.90721650e-05  2.87235937e-01  1.67146948e-03  8.08472970e-01  9.15339476e-04 
 3.90771650e-05  2.87235937e-01  1.67146938e-03  8.08472970e-01  9.14760168e-04 
 3.90821650e-05  2.87235937e-01  1.67146928e-03  8.08472970e-01  9.15339345e-04 
 3.90871650e-05  2.87235937e-01  1.67146917e-03  8.08472970e-01  9.14760299e-04 
 3.90921650e-05  2.87235937e-01  1.67146907e-03  8.08472970e-01  9.15339214e-04 
 3.90971650e-05  2.87235937e-01  1.67146897e-03  8.08472970e-01  9.14760430e-04 
 3.91021650e-05  2.87235937e-01  1.67146886e-03  8.08472970e-01  9.15339084e-04 
 3.91071650e-05  2.87235937e-01  1.67146876e-03  8.08472970e-01  9.14760561e-04 
 3.91121650e-05  2.87235937e-01  1.67146866e-03  8.08472970e-01  9.15338953e-04 
 3.91171650e-05  2.87235937e-01  1.67146856e-03  8.08472970e-01  9.14760691e-04 
 3.91221650e-05  2.87235937e-01  1.67146845e-03  8.08472970e-01  9.15338823e-04 
 3.91271650e-05  2.87235937e-01  1.67146835e-03  8.08472970e-01  9.14760822e-04 
 3.91321650e-05  2.87235937e-01  1.67146825e-03  8.08472970e-01  9.15338692e-04 
 3.91371650e-05  2.87235937e-01  1.67146814e-03  8.08472970e-01  9.14760952e-04 
 3.91421650e-05  2.87235937e-01  1.67146804e-03  8.08472970e-01  9.15338562e-04 
 3.91471650e-05  2.87235937e-01  1.67146794e-03  8.08472970e-01  9.14761082e-04 
 3.91521650e-05  2.87235937e-01  1.67146783e-03  8.08472970e-01  9.15338431e-04 
 3.91571650e-05  2.87235937e-01  1.67146773e-03  8.08472970e-01  9.14761213e-04 
 3.91621650e-05  2.87235937e-01  1.67146763e-03  8.08472970e-01  9.15338301e-04 
 3.91671650e-05  2.87235937e-01  1.67146752e-03  8.08472970e-01  9.14761343e-04 
 3.91721650e-05  2.87235937e-01  1.67146742e-03  8.08472970e-01  9.15338171e-04 
 3.91771650e-05  2.87235937e-01  1.67146732e-03  8.08472970e-01  9.14761473e-04 
 3.91821650e-05  2.87235937e-01  1.67146721e-03  8.08472970e-01  9.15338040e-04 
 3.91871650e-05  2.87235937e-01  1.67146711e-03  8.08472970e-01  9.14761603e-04 
 3.91921650e-05  2.87235937e-01  1.67146701e-03  8.08472970e-01  9.15337910e-04 
 3.91971650e-05  2.87235937e-01  1.67146690e-03  8.08472970e-01  9.14761734e-04 
 3.92021650e-05  2.87235937e-01  1.67146680e-03  8.08472970e-01  9.15337780e-04 
 3.92071650e-05  2.87235937e-01  1.67146670e-03  8.08472970e-01  9.14761864e-04 
 3.92121650e-05  2.87235937e-01  1.67146659e-03  8.08472970e-01  9.15337650e-04 
 3.92171650e-05  2.87235937e-01  1.67146649e-03  8.08472970e-01  9.14761994e-04 
 3.92221650e-05  2.87235937e-01  1.67146639e-03  8.08472970e-01  9.15337520e-04 
 3.92271650e-05  2.87235937e-01  1.67146628e-03  8.08472970e-01  9.14762124e-04 
 3.92321650e-05  2.87235937e-01  1.67146618e-03  8.08472970e-01  9.15337390e-04 
 3.92371650e-05  2.87235937e-01  1.67146608e-03  8.08472970e-01  9.14762253e-04 
 3.92421650e-05  2.87235937e-01  1.67146597e-03  8.08472970e-01  9.15337260e-04 
 3.92471650e-05  2.87235937e-01  1.67146587e-03  8.08472970e-01  9.14762383e-04 
 3.92521650e-05  2.87235937e-01  1.67146577e-03  8.08472970e-01  9.15337131e-04 
 3.92571650e-05  2.87235937e-01  1.67146567e-03  8.08472970e-01  9.14762513e-04 
 3.92621650e-05  2.87235937e-01  1.67146556e-03  8.08472970e-01  9.15337001e-04 
 3.92671650e-05  2.87235937e-01  1.67146546e-03  8.08472970e-01  9.14762643e-04 
 3.92721650e-05  2.87235937e-01  1.67146536e-03  8.08472970e-01  9.15336871e-04 
 3.92771650e-05  2.87235937e-01  1.67146525e-03  8.08472970e-01  9.14762772e-04 
 3.92821650e-05  2.87235937e-01  1.67146515e-03  8.08472970e-01  9.15336742e-04 
 3.92871650e-05  2.87235937e-01  1.67146505e-03  8.08472970e-01  9.14762902e-04 
 3.92921650e-05  2.87235937e-01  1.67146494e-03  8.08472970e-01  9.15336612e-04 
 3.92971650e-05  2.87235937e-01  1.67146484e-03  8.08472970e-01  9.14763031e-04 
 3.93021650e-05  2.87235937e-01  1.67146474e-03  8.08472970e-01  9.15336483e-04 
 3.93071650e-05  2.87235937e-01  1.67146463e-03  8.08472970e-01  9.14763161e-04 
 3.93121650e-05  2.87235937e-01  1.67146453e-03  8.08472970e-01  9.15336353e-04 
 3.93171650e-05  2.87235937e-01  1.67146443e-03  8.08472970e-01  9.14763290e-04 
 3.93221650e-05  2.87235937e-01  1.67146432e-03  8.08472970e-01  9.15336224e-04 
 3.93271650e-05  2.87235937e-01  1.67146422e-03  8.08472970e-01  9.14763420e-04 
 3.93321650e-05  2.87235937e-01  1.67146412e-03  8.08472970e-01  9.15336094e-04 
 3.93371650e-05  2.87235937e-01  1.67146401e-03  8.08472970e-01  9.14763549e-04 
 3.93421650e-05  2.87235937e-01  1.67146391e-03  8.08472970e-01  9.15335965e-04 
 3.93471650e-05  2.87235937e-01  1.67146381e-03  8.08472970e-01  9.14763678e-04 
 3.93521650e-05  2.87235937e-01  1.67146370e-03  8.08472970e-01  9.15335836e-04 
 3.93571650e-05  2.87235937e-01  1.67146360e-03  8.08472970e-01  9.14763807e-04 
 3.93621650e-05  2.87235937e-01  1.67146350e-03  8.08472970e-01  9.15335707e-04 
 3.93671650e-05  2.87235937e-01  1.67146339e-03  8.08472970e-01  9.14763937e-04 
 3.93721650e-05  2.87235937e-01  1.67146329e-03  8.08472970e-01  9.15335578e-04 
 3.93771650e-05  2.87235937e-01  1.67146319e-03  8.08472970e-01  9.14764066e-04 
 3.93821650e-05  2.87235937e-01  1.67146308e-03  8.08472970e-01  9.15335449e-04 
 3.93871650e-05  2.87235937e-01  1.67146298e-03  8.08472970e-01  9.14764195e-04 
 3.93921650e-05  2.87235937e-01  1.67146288e-03  8.08472970e-01  9.15335320e-04 
 3.93971650e-05  2.87235937e-01  1.67146278e-03  8.08472970e-01  9.14764324e-04 
 3.94021650e-05  2.87235937e-01  1.67146267e-03  8.08472970e-01  9.15335191e-04 
 3.94071650e-05  2.87235937e-01  1.67146257e-03  8.08472970e-01  9.14764452e-04 
 3.94121650e-05  2.87235937e-01  1.67146247e-03  8.08472970e-01  9.15335062e-04 
 3.94171650e-05  2.87235937e-01  1.67146236e-03  8.08472970e-01  9.14764581e-04 
 3.94221650e-05  2.87235937e-01  1.67146226e-03  8.08472970e-01  9.15334933e-04 
 3.94271650e-05  2.87235937e-01  1.67146216e-03  8.08472970e-01  9.14764710e-04 
 3.94321650e-05  2.87235937e-01  1.67146205e-03  8.08472970e-01  9.15334804e-04 
 3.94371650e-05  2.87235937e-01  1.67146195e-03  8.08472970e-01  9.14764839e-04 
 3.94421650e-05  2.87235937e-01  1.67146185e-03  8.08472970e-01  9.15334676e-04 
 3.94471650e-05  2.87235937e-01  1.67146174e-03  8.08472970e-01  9.14764968e-04 
 3.94521650e-05  2.87235937e-01  1.67146164e-03  8.08472970e-01  9.15334547e-04 
 3.94571650e-05  2.87235937e-01  1.67146154e-03  8.08472970e-01  9.14765096e-04 
 3.94621650e-05  2.87235937e-01  1.67146143e-03  8.08472970e-01  9.15334418e-04 
 3.94671650e-05  2.87235937e-01  1.67146133e-03  8.08472970e-01  9.14765225e-04 
 3.94721650e-05  2.87235937e-01  1.67146123e-03  8.08472970e-01  9.15334290e-04 
 3.94771650e-05  2.87235937e-01  1.67146112e-03  8.08472970e-01  9.14765353e-04 
 3.94821650e-05  2.87235937e-01  1.67146102e-03  8.08472970e-01  9.15334161e-04 
 3.94871650e-05  2.87235937e-01  1.67146092e-03  8.08472970e-01  9.14765482e-04 
 3.94921650e-05  2.87235937e-01  1.67146081e-03  8.08472970e-01  9.15334033e-04 
 3.94971650e-05  2.87235937e-01  1.67146071e-03  8.08472970e-01  9.14765610e-04 
 3.95021650e-05  2.87235937e-01  1.67146061e-03  8.08472970e-01  9.15333905e-04 
 3.95071650e-05  2.87235937e-01  1.67146050e-03  8.08472970e-01  9.14765738e-04 
 3.95121650e-05  2.87235937e-01  1.67146040e-03  8.08472970e-01  9.15333776e-04 
 3.95171650e-05  2.87235937e-01  1.67146030e-03  8.08472970e-01  9.14765867e-04 
 3.95221650e-05  2.87235937e-01  1.67146020e-03  8.08472970e-01  9.15333648e-04 
 3.95271650e-05  2.87235937e-01  1.67146009e-03  8.08472970e-01  9.14765995e-04 
 3.95321650e-05  2.87235937e-01  1.67145999e-03  8.08472970e-01  9.15333520e-04 
 3.95371650e-05  2.87235937e-01  1.67145989e-03  8.08472970e-01  9.14766123e-04 
 3.95421650e-05  2.87235937e-01  1.67145978e-03  8.08472970e-01  9.15333392e-04 
 3.95471650e-05  2.87235937e-01  1.67145968e-03  8.08472970e-01  9.14766251e-04 
 3.95521650e-05  2.87235937e-01  1.67145958e-03  8.08472970e-01  9.15333264e-04 
 3.95571650e-05  2.87235937e-01  1.67145947e-03  8.08472970e-01  9.14766379e-04 
 3.95621650e-05  2.87235937e-01  1.67145937e-03  8.08472970e-01  9.15333136e-04 
 3.95671650e-05  2.87235937e-01  1.67145927e-03  8.08472970e-01  9.14766507e-04 
 3.95721650e-05  2.87235937e-01  1.67145916e-03  8.08472970e-01  9.15333008e-04 
 3.95771650e-05  2.87235937e-01  1.67145906e-03  8.08472970e-01  9.14766635e-04 
 3.95821650e-05  2.87235937e-01  1.67145896e-03  8.08472970e-01  9.15332880e-04 
 3.95871650e-05  2.87235937e-01  1.67145885e-03  8.08472970e-01  9.14766763e-04 
 3.95921650e-05  2.87235937e-01  1.67145875e-03  8.08472970e-01  9.15332752e-04 
 3.95971650e-05  2.87235937e-01  1.67145865e-03  8.08472970e-01  9.14766891e-04 
 3.96021650e-05  2.87235937e-01  1.67145854e-03  8.08472970e-01  9.15332624e-04 
 3.96071650e-05  2.87235937e-01  1.67145844e-03  8.08472970e-01  9.14767018e-04 
 3.96121650e-05  2.87235937e-01  1.67145834e-03  8.08472970e-01  9.15332497e-04 
 3.96171650e-05  2.87235937e-01  1.67145823e-03  8.08472970e-01  9.14767146e-04 
 3.96221650e-05  2.87235937e-01  1.67145813e-03  8.08472970e-01  9.15332369e-04 
 3.96271650e-05  2.87235937e-01  1.67145803e-03  8.08472970e-01  9.14767274e-04 
 3.96321650e-05  2.87235937e-01  1.67145792e-03  8.08472970e-01  9.15332241e-04 
 3.96371650e-05  2.87235937e-01  1.67145782e-03  8.08472970e-01  9.14767401e-04 
 3.96421650e-05  2.87235937e-01  1.67145772e-03  8.08472970e-01  9.15332114e-04 
 3.96471650e-05  2.87235937e-01  1.67145761e-03  8.08472970e-01  9.14767529e-04 
 3.96521650e-05  2.87235937e-01  1.67145751e-03  8.08472970e-01  9.15331986e-04 
 3.96571650e-05  2.87235937e-01  1.67145741e-03  8.08472970e-01  9.14767656e-04 
 3.96621650e-05  2.87235937e-01  1.67145731e-03  8.08472970e-01  9.15331859e-04 
 3.96671650e-05  2.87235937e-01  1.67145720e-03  8.08472970e-01  9.14767784e-04 
 3.96721650e-05  2.87235937e-01  1.67145710e-03  8.08472970e-01  9.15331732e-04 
 3.96771650e-05  2.87235937e-01  1.67145700e-03  8.08472970e-01  9.14767911e-04 
 3.96821650e-05  2.87235937e-01  1.67145689e-03  8.08472970e-01  9.15331604e-04 
 3.96871650e-05  2.87235937e-01  1.67145679e-03  8.08472970e-01  9.14768038e-04 
 3.96921650e-05  2.87235937e-01  1.67145669e-03  8.08472970e-01  9.15331477e-04 
 3.96971650e-05  2.87235937e-01  1.67145658e-03  8.08472970e-01  9.14768165e-04 
 3.97021650e-05  2.87235937e-01  1.67145648e-03  8.08472970e-01  9.15331350e-04 
 3.97071650e-05  2.87235937e-01  1.67145638e-03  8.08472970e-01  9.14768293e-04 
 3.97121650e-05  2.87235937e-01  1.67145627e-03  8.08472970e-01  9.15331223e-04 
 3.97171650e-05  2.87235937e-01  1.67145617e-03  8.08472970e-01  9.14768420e-04 
 3.97221650e-05  2.87235937e-01  1.67145607e-03  8.08472970e-01  9.15331096e-04 
 3.97271650e-05  2.87235937e-01  1.67145596e-03  8.08472970e-01  9.14768547e-04 
 3.97321650e-05  2.87235937e-01  1.67145586e-03  8.08472970e-01  9.15330969e-04 
 3.97371650e-05  2.87235937e-01  1.67145576e-03  8.08472970e-01  9.14768674e-04 
 3.97421650e-05  2.87235937e-01  1.67145565e-03  8.08472970e-01  9.15330842e-04 
 3.97471650e-05  2.87235937e-01  1.67145555e-03  8.08472970e-01  9.14768801e-04 
 3.97521650e-05  2.87235937e-01  1.67145545e-03  8.08472970e-01  9.15330715e-04 
 3.97571650e-05  2.87235937e-01  1.67145534e-03  8.08472970e-01  9.14768928e-04 
 3.97621650e-05  2.87235937e-01  1.67145524e-03  8.08472970e-01  9.15330588e-04 
 3.97671650e-05  2.87235937e-01  1.67145514e-03  8.08472970e-01  9.14769054e-04 
 3.97721650e-05  2.87235937e-01  1.67145503e-03  8.08472970e-01  9.15330461e-04 
 3.97771650e-05  2.87235937e-01  1.67145493e-03  8.08472970e-01  9.14769181e-04 
 3.97821650e-05  2.87235937e-01  1.67145483e-03  8.08472970e-01  9.15330334e-04 
 3.97871650e-05  2.87235937e-01  1.67145473e-03  8.08472970e-01  9.14769308e-04 
 3.97921650e-05  2.87235937e-01  1.67145462e-03  8.08472970e-01  9.15330208e-04 
 3.97971650e-05  2.87235937e-01  1.67145452e-03  8.08472970e-01  9.14769435e-04 
 3.98021650e-05  2.87235937e-01  1.67145442e-03  8.08472970e-01  9.15330081e-04 
 3.98071650e-05  2.87235937e-01  1.67145431e-03  8.08472970e-01  9.14769561e-04 
 3.98121650e-05  2.87235937e-01  1.67145421e-03  8.08472970e-01  9.15329954e-04 
 3.98171650e-05  2.87235937e-01  1.67145411e-03  8.08472970e-01  9.14769688e-04 
 3.98221650e-05  2.87235937e-01  1.67145400e-03  8.08472970e-01  9.15329828e-04 
 3.98271650e-05  2.87235937e-01  1.67145390e-03  8.08472970e-01  9.14769814e-04 
 3.98321650e-05  2.87235937e-01  1.67145380e-03  8.08472970e-01  9.15329701e-04 
 3.98371650e-05  2.87235937e-01  1.67145369e-03  8.08472970e-01  9.14769941e-04 
 3.98421650e-05  2.87235937e-01  1.67145359e-03  8.08472970e-01  9.15329575e-04 
 3.98471650e-05  2.87235937e-01  1.67145349e-03  8.08472970e-01  9.14770067e-04 
 3.98521650e-05  2.87235937e-01  1.67145338e-03  8.08472970e-01  9.15329449e-04 
 3.98571650e-05  2.87235937e-01  1.67145328e-03  8.08472970e-01  9.14770193e-04 
 3.98621650e-05  2.87235937e-01  1.67145318e-03  8.08472970e-01  9.15329322e-04 
 3.98671650e-05  2.87235937e-01  1.67145307e-03  8.08472970e-01  9.14770320e-04 
 3.98721650e-05  2.87235937e-01  1.67145297e-03  8.08472970e-01  9.15329196e-04 
 3.98771650e-05  2.87235937e-01  1.67145287e-03  8.08472970e-01  9.14770446e-04 
 3.98821650e-05  2.87235937e-01  1.67145276e-03  8.08472970e-01  9.15329070e-04 
 3.98871650e-05  2.87235937e-01  1.67145266e-03  8.08472970e-01  9.14770572e-04 
 3.98921650e-05  2.87235937e-01  1.67145256e-03  8.08472970e-01  9.15328944e-04 
 3.98971650e-05  2.87235937e-01  1.67145245e-03  8.08472970e-01  9.14770698e-04 
 3.99021650e-05  2.87235937e-01  1.67145235e-03  8.08472970e-01  9.15328818e-04 
 3.99071650e-05  2.87235937e-01  1.67145225e-03  8.08472970e-01  9.14770824e-04 
 3.99121650e-05  2.87235937e-01  1.67145214e-03  8.08472970e-01  9.15328692e-04 
 3.99171650e-05  2.87235937e-01  1.67145204e-03  8.08472970e-01  9.14770950e-04 
 3.99221650e-05  2.87235937e-01  1.67145194e-03  8.08472970e-01  9.15328566e-04 
 3.99271650e-05  2.87235937e-01  1.67145184e-03  8.08472970e-01  9.14771076e-04 
 3.99321650e-05  2.87235937e-01  1.67145173e-03  8.08472970e-01  9.15328440e-04 
 3.99371650e-05  2.87235937e-01  1.67145163e-03  8.08472970e-01  9.14771202e-04 
 3.99421650e-05  2.87235937e-01  1.67145153e-03  8.08472970e-01  9.15328314e-04 
 3.99471650e-05  2.87235937e-01  1.67145142e-03  8.08472970e-01  9.14771328e-04 
 3.99521650e-05  2.87235937e-01  1.67145132e-03  8.08472970e-01  9.15328188e-04 
 3.99571650e-05  2.87235937e-01  1.67145122e-03  8.08472970e-01  9.14771454e-04 
 3.99621650e-05  2.87235937e-01  1.67145111e-03  8.08472970e-01  9.15328062e-04 
 3.99671650e-05  2.87235937e-01  1.67145101e-03  8.08472970e-01  9.14771579e-04 
 3.99721650e-05  2.87235937e-01  1.67145091e-03  8.08472970e-01  9.15327937e-04 
 3.99771650e-05  2.87235937e-01  1.67145080e-03  8.08472970e-01  9.14771705e-04 
 3.99821650e-05  2.87235937e-01  1.67145070e-03  8.08472970e-01  9.15327811e-04 
 3.99871650e-05  2.87235937e-01  1.67145060e-03  8.08472970e-01  9.14771831e-04 
 3.99921650e-05  2.87235937e-01  1.67145049e-03  8.08472970e-01  9.15327686e-04 
 3.99960825e-05  2.87235937e-01  1.67145041e-03  8.08472970e-01  9.14771973e-04 
 4.00000000e-05  2.87235937e-01  1.67145033e-03  8.08472970e-01  9.15327525e-04 
