frequency_hz,dm_tian_real,dm_tian_imag,dm_old_real,dm_old_imag,input_cm_tian_real,input_cm_tian_imag,input_cm_old_real,input_cm_old_imag,stage1_cm_tian_real,stage1_cm_tian_imag,stage1_cm_old_real,stage1_cm_old_imag,output_cm_tian_real,output_cm_tian_imag,output_cm_old_real,output_cm_old_imag
1.000000000000000000e+00,5.309478223089470248e+02,-4.109393974128121296e-02,5.309478223147395965e+02,-4.105073195847265544e-02,-8.601179962642008237e-03,1.869002715229622293e-09,-8.601179962641394144e-03,6.782711060647395189e-09,-1.599400326614685355e+02,-4.995721977134163355e-03,-1.599400326712747926e+02,-4.852579130242167839e-03,4.117039115165754026e+01,-7.233895640336692259e-04,4.117039115167958840e+01,-7.223320629706537653e-04
1.019373485938873003e+00,5.309478221843102119e+02,-4.189007259518517240e-02,5.309478221903481199e+02,-4.184602772703233109e-02,-8.601179962642008237e-03,1.905211813052699585e-09,-8.601179962641444451e-03,6.914115818008134295e-09,-1.599400326554039964e+02,-5.092506526420888767e-03,-1.599400326655796789e+02,-4.946590503615032330e-03,4.117039115116299541e+01,-7.374041415719750523e-04,4.117039115118645043e+01,-7.363261530270218645e-04
1.039122303835168903e+00,5.309478220555999997e+02,-4.270162931728223310e-02,5.309478220619248532e+02,-4.265673114653067977e-02,-8.601179962642008237e-03,1.942122407323294919e-09,-8.601179962641376797e-03,7.048066343587908598e-09,-1.599400326490710711e+02,-5.191166129798964642e-03,-1.599400326596577600e+02,-5.042423204997492810e-03,4.117039115064846300e+01,-7.516902303306003579e-04,4.117039115067339594e+01,-7.505913573897693598e-04
1.059253725177289107e+00,5.309478219210868701e+02,-4.352890872139004302e-02,5.309478219276936670e+02,-4.348314071659344776e-02,-8.601179962642008237e-03,1.979748088473292062e-09,-8.601179962641397614e-03,7.184611957791786463e-09,-1.599400326425276546e+02,-5.291737113606110113e-03,-1.599400326535169654e+02,-5.140112519862528526e-03,4.117039115011636596e+01,-7.662530904284638135e-04,4.117039115014085837e+01,-7.651329284881334568e-04
1.079775162327710092e+00,5.309478217822695569e+02,-4.437221541090329013e-02,5.309478217891534086e+02,-4.432556072034321559e-02,-8.601179962641571086e-03,2.018102710227552595e-09,-8.601179962641302204e-03,7.323802936532023927e-09,-1.599400326357190920e+02,-5.394256507940414606e-03,-1.599400326471483140e+02,-5.239694417284603174e-03,4.117039114956119761e+01,-7.810980838909834965e-04,4.117039114958726742e+01,-7.799562205090972535e-04
1.100694171252210030e+00,5.309478216378749948e+02,-4.523185988999976065e-02,5.309478216450946775e+02,-4.518430133549219962e-02,-8.601179962640481680e-03,2.057200394707016857e-09,-8.601179962640927504e-03,7.465690529741720068e-09,-1.599400326286240954e+02,-5.498762060304554673e-03,-1.599400326405082922e+02,-5.341205563182627181e-03,4.117039114898432217e+01,-7.962306766250013467e-04,4.117039114901206176e+01,-7.950666913689898160e-04
1.122018454301964008e+00,5.309478214879095503e+02,-4.610815867861255829e-02,5.309478214954299347e+02,-4.605967874915627841e-02,-8.601179962640481680e-03,2.097055537626947635e-09,-8.601179962640363719e-03,7.610326980243241053e-09,-1.599400326212993377e+02,-5.605292249506770713e-03,-1.599400326336264868e+02,-5.444683333826446162e-03,4.117039114827672108e+01,-8.116564404266631396e-04,4.117039114830458857e+01,-8.104699047186500081e-04
1.143755863049539023e+00,5.309478213321203839e+02,-4.700143442872452282e-02,5.309478213399692095e+02,-4.695201527407995290e-02,-8.601179962640481680e-03,2.137682813598043667e-09,-8.601179962640410556e-03,7.757765542985059670e-09,-1.599400326136441777e+02,-5.713886299813488757e-03,-1.599400326264586170e+02,-5.550165829590092935e-03,4.117039114765370300e+01,-8.273810550499720393e-04,4.117039114768336105e+01,-8.261715320091567822e-04
1.165914401179831916e+00,5.309478211704341675e+02,-4.791201604324440977e-02,5.309478211783574579e+02,-4.786163946730009194e-02,-8.601179962640481680e-03,2.179097181529069732e-09,-8.601179962640414026e-03,7.908060504649166814e-09,-1.599400326056920392e+02,-5.824584195410931198e-03,-1.599400326190108501e+02,-5.657691888987697974e-03,4.117039114689858081e+01,-8.434103102684222322e-04,4.117039114692812518e+01,-8.421773545499651762e-04
1.188502227437018943e+00,5.309478210021402447e+02,-4.884023879695824355e-02,5.309478210104183518e+02,-4.878888625117697164e-02,-8.601179962640481680e-03,2.221313890134641236e-09,-8.601179962640414026e-03,8.061267203639517928e-09,-1.599400325974367263e+02,-5.937426695115699364e-03,-1.599400326112777861e+02,-5.767301102970114925e-03,4.117039114622602369e+01,-8.597501080410925112e-04,4.117039114625747942e+01,-8.584932656724194970e-04
1.211527658628589021e+00,5.309478208262989938e+02,-4.978644446005035112e-02,5.309478208349457873e+02,-4.973409703649728925e-02,-8.601179962640481680e-03,2.264348483550962493e-09,-8.601179962640325555e-03,8.217442050458687717e-09,-1.599400325888547343e+02,-6.052455347383440577e-03,-1.599400326032364035e+02,-5.879033829501632835e-03,4.117039114552843415e+01,-8.764064646553921091e-04,4.117039114556031620e+01,-8.751252728687581141e-04
1.234999172687585967e+00,5.309478206437200924e+02,-5.075098142430113646e-02,5.309478206527815018e+02,-5.069761984873481786e-02,-8.601179962640481680e-03,2.308216807057686481e-09,-8.601179962640401883e-03,8.376642548476691194e-09,-1.599400325799332450e+02,-6.169712505609045022e-03,-1.599400325948746797e+02,-5.992931208421801471e-03,4.117039114480203921e+01,-8.933855129593980607e-04,4.117039114483601736e+01,-8.920795000217678549e-04
1.258925411794167948e+00,5.309478204549203610e+02,-5.173420483100819173e-02,5.309478204643642130e+02,-5.167980945576280266e-02,-8.601179962640700255e-03,2.352935012912960208e-09,-8.601179962640519844e-03,8.538927315104425073e-09,-1.599400325706926651e+02,-6.289241343722664149e-03,-1.599400325862138459e+02,-6.109035176594574540e-03,4.117039114404974498e+01,-9.106935046161560065e-04,4.117039114408390788e+01,-9.093621896552259165e-04
1.283315185557651894e+00,5.309478202587725946e+02,-5.273647670148304267e-02,5.309478202686458417e+02,-5.268102749826467784e-02,-8.601179962639825954e-03,2.398519566299882208e-09,-8.601179962639477275e-03,8.704356103375847242e-09,-1.599400325610799030e+02,-6.411085872078526975e-03,-1.599400325772014639e+02,-6.227388483341866031e-03,4.117039114315574722e+01,-9.283368123998802070e-04,4.117039114319215543e+01,-9.269797052273506680e-04
1.308177474260195039e+00,5.309478200548297764e+02,-5.375816607077501391e-02,5.309478200651174120e+02,-5.370164262325960447e-02,-8.601179962639827689e-03,2.444987251391516938e-09,-8.601179962639466867e-03,8.872989823951353286e-09,-1.599400325510526102e+02,-6.535290953665558872e-03,-1.599400325678241472e+02,-6.348034706191902493e-03,4.117039114234221131e+01,-9.463219325628333470e-04,4.117039114237937270e+01,-9.449385334935857727e-04
1.333521432163325082e+00,5.309478198433247371e+02,-5.479964912356461576e-02,5.309478198537447042e+02,-5.474203061983753255e-02,-8.601179962639827689e-03,2.492355177526597928e-09,-8.601179962639367987e-03,9.044890567540943863e-09,-1.599400325406519130e+02,-6.661902320631614069e-03,-1.599400325580902233e+02,-6.471018266922927593e-03,4.117039114138584210e+01,-9.646554871920785899e-04,4.117039114142543355e+01,-9.632452868605067544e-04
1.359356390878527110e+00,5.309478196223107034e+02,-5.586130933209344784e-02,5.309478196331949675e+02,-5.580257455716774312e-02,-8.601179962639827689e-03,2.540640785513390587e-09,-8.601179962639456458e-03,9.220121627770150431e-09,-1.599400325298567793e+02,-6.790966591110829398e-03,-1.599400325479626872e+02,-6.596384447914423708e-03,4.117039114050793813e+01,-9.833442266881599250e-04,4.117039114054808380e+01,-9.819067058602888934e-04
1.385691862803128949e+00,5.309478193926878475e+02,-5.694353759837617740e-02,5.309478194040543713e+02,-5.688366492619177650e-02,-8.601179962639827689e-03,2.589861854047130617e-09,-8.601179962639576154e-03,9.398747524480331713e-09,-1.599400325186454950e+02,-6.922531286392891170e-03,-1.599400325374429599e+02,-6.724179408826417431e-03,4.117039113959349095e+01,-1.002395032214771324e-03,4.117039113963625852e+01,-1.000929661597449146e-03
1.412537544622755048e+00,5.309478191549031862e+02,-5.804673239747607655e-02,5.309478191667866440e+02,-5.798569978300423255e-02,-8.601179962638736548e-03,2.640036506259348938e-09,-8.601179962638979409e-03,9.580834027488078562e-09,-1.599400325070069186e+02,-7.056644848421123224e-03,-1.599400325265492029e+02,-6.854450203593650398e-03,4.117039113864512956e+01,-1.021814918253157551e-03,4.117039113868904110e+01,-1.020321158298803351e-03
1.439903320881634086e+00,5.309478189081972914e+02,-5.917129992405571054e-02,5.309478189203503007e+02,-5.910908489511623037e-02,-8.601179962638519708e-03,2.691183216390790625e-09,-8.601179962638467666e-03,9.766448180801599717e-09,-1.599400324948788068e+02,-7.193356657624603787e-03,-1.599400325151864308e+02,-6.987244797740932434e-03,4.117039113754815816e+01,-1.041611035173600590e-03,4.117039113759489766e+01,-1.040088335881885449e-03
1.467799267622071024e+00,5.309478186516080314e+02,-6.031765424212751775e-02,5.309478186642708124e+02,-6.025423389128436308e-02,-8.601179962641574556e-03,2.743320816593699527e-09,-8.601179962642167831e-03,9.955658327306291023e-09,-1.599400324822768482e+02,-7.332717051109259934e-03,-1.599400325033824686e+02,-7.122612086061924468e-03,4.117039113641467196e+01,-1.061790671885384091e-03,4.117039113646237780e+01,-1.060238472600370319e-03
1.496235656094434985e+00,5.309478183840024030e+02,-6.148621743752218094e-02,5.309478183972433953e+02,-6.142156841350487201e-02,-8.601179962642448856e-03,2.796468503859822744e-09,-8.601179962642233751e-03,1.014853413392259169e-08,-1.599400324692046240e+02,-7.474777341185560864e-03,-1.599400324911306370e+02,-7.260601910610259280e-03,4.117039113535000894e+01,-1.082361258509293399e-03,4.117039113539919271e+01,-1.080778987713292352e-03
1.525222956539020069e+00,5.309478181059600956e+02,-6.267741977372620621e-02,5.309478181197854383e+02,-6.261151827285442450e-02,-8.601179962641576290e-03,2.850645847097375456e-09,-8.601179962642143545e-03,1.034514661726583331e-08,-1.599400324556033581e+02,-7.619589834256470726e-03,-1.599400324783847509e+02,-7.401265079050279097e-03,4.117039113424225150e+01,-1.103330369102193927e-03,4.117039113429460429e+01,-1.101717444205300685e-03
1.554771842041174912e+00,5.309478178178883354e+02,-6.389169984989921669e-02,5.309478178323365682e+02,-6.382452160733979862e-02,-8.601179962640485149e-03,2.905872794331809455e-09,-8.601179962641097507e-03,1.054556816978998125e-08,-1.599400324414752959e+02,-7.767207850087548895e-03,-1.599400324651649612e+02,-7.544653383373547441e-03,4.117039113298358188e+01,-1.124705724456687497e-03,4.117039113303726339e+01,-1.123061551582011470e-03
1.584893192461114930e+00,5.309478175190473621e+02,-6.512950476213179296e-02,5.309478175338125538e+02,-6.506102504287324118e-02,-8.601179962640703724e-03,2.962169680053034002e-09,-8.601179962641021179e-03,1.074987258644494107e-08,-1.599400324267993767e+02,-7.917685741433136068e-03,-1.599400324514007536e+02,-7.690819618955802191e-03,4.117039113178932297e+01,-1.146495194961709299e-03,4.117039113184484478e+01,-1.144819168727017646e-03
1.615598098439875008e+00,5.309478172072043662e+02,-6.639129026794693411e-02,5.309478172226093875e+02,-6.632148385792897838e-02,-8.601179962640703724e-03,3.019557232697465476e-09,-8.601179962641048934e-03,1.095813509184247348e-08,-1.599400324115481169e+02,-8.071078914047910904e-03,-1.599400324370996032e+02,-7.839817604009254731e-03,4.117039113043641407e+01,-1.168706803458854828e-03,4.117039113049550281e+01,-1.166998306753630997e-03
1.646897865482870094e+00,5.309478168832193887e+02,-6.767752095522575062e-02,5.309478168993056215e+02,-6.760636215183478404e-02,-8.601179962641796600e-03,3.078056582286569663e-09,-8.601179962641302204e-03,1.117043236796029614e-08,-1.599400323956987506e+02,-8.227443847089723969e-03,-1.599400324222569623e+02,-7.991702199391562123e-03,4.117039112914695664e+01,-1.191348728245124203e-03,4.117039112920777910e+01,-1.189607132003049194e-03
1.678804018122562081e+00,5.309478165477141829e+02,-6.898867041249244492e-02,5.309478165642572094e+02,-6.891613301509655343e-02,-8.601179962639831159e-03,3.137689268200776291e-09,-8.601179962640148613e-03,1.138684258237038806e-08,-1.599400323792333154e+02,-8.386838113915490514e-03,-1.599400324068336374e+02,-8.146529328803418096e-03,4.117039112769715814e+01,-1.214429306034248450e-03,4.117039112776024723e+01,-1.212653969001942873e-03
1.711328304161781944e+00,5.309478161987477733e+02,-7.032522140267732924e-02,5.309478162160265811e+02,-7.025127870317855738e-02,-8.601179962640268309e-03,3.198477247118973203e-09,-8.601179962640188512e-03,1.160744541702820841e-08,-1.599400323621160283e+02,-8.549320403276940497e-03,-1.599400323907952384e+02,-8.304355999383023629e-03,4.117039112619427499e+01,-1.237957035070128258e-03,4.117039112625936781e+01,-1.236147303570858712e-03
1.744482698999255899e+00,5.309478158345478960e+02,-7.168766604153525845e-02,5.309478158525753315e+02,-7.161229081433785615e-02,-8.601179962640049734e-03,3.260442901091289928e-09,-8.601179962640162491e-03,1.183232209760073098e-08,-1.599400323443045693e+02,-8.714950540930013409e-03,-1.599400323741233763e+02,-8.465240322696469116e-03,4.117039112474664364e+01,-1.261940578237750890e-03,4.117039112481432284e+01,-1.260095785930818394e-03
1.778279410038924979e+00,5.309478154577516307e+02,-7.307650597997898678e-02,5.309478154766050011e+02,-7.299967047204926340e-02,-8.601179962640051468e-03,3.323609045788936794e-09,-8.601179962639303803e-03,1.206155542338161623e-08,-1.599400323258509502e+02,-8.883789511674310135e-03,-1.599400323568266629e+02,-8.629241536136240606e-03,4.117039112324299310e+01,-1.286388766239160517e-03,4.117039112331301709e+01,-1.284508233874478121e-03
1.812730881184700937e+00,5.309478150665457861e+02,-7.449225258647595993e-02,5.309478150859104062e+02,-7.441392850699850292e-02,-8.601179962638960327e-03,3.387998938902819486e-09,-8.601179962639078289e-03,1.229522979777647139e-08,-1.599400323066211058e+02,-9.055899481778217214e-03,-1.599400323388232152e+02,-8.796420024721125427e-03,4.117039112146081692e+01,-1.311310600850264718e-03,4.117039112153374703e+01,-1.309393636018388188e-03
1.847849797422292939e+00,5.309478146589381140e+02,-7.593542713640639985e-02,5.309478146791448125e+02,-7.585558564665553782e-02,-8.601179962639832893e-03,3.453636288706812190e-09,-8.601179962639282986e-03,1.253343125937910462e-08,-1.599400322866817135e+02,-9.231343821908613578e-03,-1.599400323201249989e+02,-8.966837343347029698e-03,4.117039111983654465e+01,-1.336715258284781405e-03,4.117039111991216771e+01,-1.334761155161785177e-03
1.883649089489803030e+00,5.309478142355840191e+02,-7.740656100480164392e-02,5.309478142564307745e+02,-7.732517270719274638e-02,-8.601179962637869186e-03,3.520545262782157662e-09,-8.601179962638096435e-03,1.277624751364658838e-08,-1.599400322659582230e+02,-9.410187130426779165e-03,-1.599400323007097029e+02,-9.140556239438817066e-03,4.117039111814867880e+01,-1.362612092489778447e-03,4.117039111822755615e+01,-1.360620131577529790e-03
1.920141938638803891e+00,5.309478137963303652e+02,-7.890619586105793171e-02,5.309478138180872975e+02,-7.882323078861055987e-02,-8.601179962637870921e-03,3.588750496927232674e-09,-8.601179962638197049e-03,1.302376796520317699e-08,-1.599400322444084566e+02,-9.592495257194659161e-03,-1.599400322805201426e+02,-9.317640676055295376e-03,4.117039111617582137e+01,-1.389010638630064180e-03,4.117039111625776826e+01,-1.386980086491230524e-03
1.957341781487663024e+00,5.309478133382345959e+02,-8.043488386777682131e-02,5.309478133609698034e+02,-8.035031147288805575e-02,-8.601179962637870921e-03,3.658277104217235816e-09,-8.601179962638118986e-03,1.327608375074788406e-08,-1.599400322219891564e+02,-9.778335327813558395e-03,-1.599400322595316482e+02,-9.498155855444594814e-03,4.117039111435315135e+01,-1.415920616644016647e-03,4.117039111443874333e+01,-1.413850725632030073e-03
1.995262314968881956e+00,5.309478128642349475e+02,-8.199318788660314716e-02,5.309478128876403389e+02,-8.190697702973985528e-02,-8.601179962638089496e-03,3.729150684255468939e-09,-8.601179962637400811e-03,1.353328777261539528e-08,-1.599400321987511120e+02,-9.967775768353375615e-03,-1.599400322377519501e+02,-9.682168243053689699e-03,4.117039111234989690e+01,-1.443351934727325758e-03,4.117039111243894922e+01,-1.441241942711069153e-03
2.033917501372294989e+00,5.309478123704891459e+02,-8.358168168174261170e-02,5.309478123949493238e+02,-8.349380062030566096e-02,-8.601179962637000090e-03,3.801397332600068569e-09,-8.601179962637353973e-03,1.379547473298412924e-08,-1.599400321745474116e+02,-1.016088633051231115e-02,-1.599400322150811178e+02,-9.869745591985298536e-03,4.117039111027169440e+01,-1.471314693061644575e-03,4.117039111036480392e+01,-1.469163823144926028e-03
2.073321573485957803e+00,5.309478118578082331e+02,-8.520095013461838340e-02,5.309478118830812718e+02,-8.511136651084671989e-02,-8.601179962636562940e-03,3.875043650369626293e-09,-8.601179962636316609e-03,1.406274116874204256e-08,-1.599400321494429988e+02,-1.035773811734658906e-02,-1.599400321915636596e+02,-1.006095696797144716e-02,4.117039110822825876e+01,-1.499819187505189869e-03,4.117039110832367754e+01,-1.497626647740435673e-03
2.113489039836649042e+00,5.309478113256553797e+02,-8.685158945742649239e-02,5.309478113520661964e+02,-8.676027028685859288e-02,-8.601179962636562940e-03,3.950116754041881373e-09,-8.601179962636233342e-03,1.433518548703592935e-08,-1.599400321233387956e+02,-1.055840360940533615e-02,-1.599400321671025154e+02,-1.025587277477269313e-02,4.117039110588413564e+01,-1.528875913350319056e-03,4.117039110598367557e+01,-1.526640896447469106e-03
2.154434690031886035e+00,5.309478107709508095e+02,-8.853420741224936330e-02,5.309478107985277120e+02,-8.844111907130591810e-02,-8.601179962636564674e-03,4.026644285432476106e-09,-8.601179962636335691e-03,1.461290800149938266e-08,-1.599400320962238879e+02,-1.076295669145479507e-02,-1.599400321416890165e+02,-1.045456478012475945e-02,4.117039110367771571e+01,-1.558495569276706523e-03,4.117039110378005518e+01,-1.556217252305402195e-03
2.196173600205439058e+00,5.309478101966158192e+02,-9.024942353758109992e-02,5.309478102250901657e+02,-9.015453175117395246e-02,-8.601179962635473533e-03,4.104654421874922038e-09,-8.601179962635256693e-03,1.489601096919028997e-08,-1.599400320680242658e+02,-1.097147267965230440e-02,-1.599400321152739366e+02,-1.065710614215045933e-02,4.117039110116296996e+01,-1.588689061168687420e-03,4.117039110127031165e+01,-1.586366605255844003e-03
2.238721138568342983e+00,5.309478095980630314e+02,-9.199786937205522985e-02,5.309478096275452117e+02,-9.190113920119785673e-02,-8.601179962636564674e-03,4.184175886601034226e-09,-8.601179962635414553e-03,1.518459862824719659e-08,-1.599400320387259740e+02,-1.118402834930207028e-02,-1.599400320878287687e+02,-1.086357143630313667e-02,4.117039109877960357e+01,-1.619467506263086876e-03,4.117039109889022797e+01,-1.617100056283390062e-03
2.282092971067454013e+00,5.309478089776458773e+02,-9.378018869172340122e-02,5.309478090084520545e+02,-9.368158452061156605e-02,-8.601179962635039852e-03,4.265237959303738978e-09,-8.601179962634340759e-03,1.547877723625672348e-08,-1.599400320083076963e+02,-1.140070196311140233e-02,-1.599400320593178151e+02,-1.107403668282033390e-02,4.117039109619250326e+01,-1.650842237116378636e-03,4.117039109630825067e+01,-1.648428921378054541e-03
2.326305067153628947e+00,5.309478083311487353e+02,-9.559703774257446995e-02,5.309478083633142660e+02,-9.549652326530634616e-02,-8.601179962635039852e-03,4.347870486933685011e-09,-8.601179962634498619e-03,1.577865510939373380e-08,-1.599400319766625387e+02,-1.162157329999837993e-02,-1.599400320296816460e+02,-1.128857937471492746e-02,4.117039109350941573e+01,-1.682824805870688839e-03,4.117039109362900007e+01,-1.680364735794011169e-03
2.371373705661659059e+00,5.309478076614517477e+02,-9.744908548683728355e-02,5.309478076947156069e+02,-9.734662369402895254e-02,-8.601179962634169021e-03,4.432103894673895323e-09,-8.601179962633612175e-03,1.608434266228743498e-08,-1.599400319438218219e+02,-1.184672368449556264e-02,-1.599400319988982631e+02,-1.150727850631356325e-02,4.117039109061349222e+01,-1.715426988455379760e-03,4.117039109073917302e+01,-1.712919258246019000e-03
2.417315480804107963e+00,5.309478069638892066e+02,-9.933701384417983893e-02,5.309478069984012336e+02,-9.923256700959776078e-02,-8.601179962633076145e-03,4.517969197155244412e-09,-8.601179962632959919e-03,1.639595244868956949e-08,-1.599400319042170509e+02,-1.207623601582992132e-02,-1.599400319614468629e+02,-1.173021460153176980e-02,4.117039108783473722e+01,-1.748660788977805152e-03,4.117039108796483760e+01,-1.746104475292694150e-03
2.464147308281285031e+00,5.309478062396001405e+02,-1.012615179475058885e-01,5.309478062756375039e+02,-1.011550476140774674e-01,-8.601179962633077880e-03,4.605498009866930106e-09,-8.601179962632467257e-03,1.671359920290701833e-08,-1.599400318687298750e+02,-1.231019480176039071e-02,-1.599400319281890859e+02,-1.195746974671792542e-02,4.117039108472765463e+01,-1.782538444041393676e-03,4.117039108486249432e+01,-1.779932605649288445e-03
2.511886431509584128e+00,5.309478054873270594e+02,-1.032233063960008995e-01,5.309478055246194117e+02,-1.031147733613970441e-01,-8.601179962632205314e-03,4.694722560800140002e-09,-8.601179962631554793e-03,1.703739988204990514e-08,-1.599400318318607219e+02,-1.254868618477978683e-02,-1.599400318936512519e+02,-1.218912761612090008e-02,4.117039108161738170e+01,-1.817072427380959053e-03,4.117039108175728046e+01,-1.814416104815657358e-03
2.560550427970480047e+00,5.309478047047026621e+02,-1.052231015164318273e-01,5.309478047433907477e+02,-1.051124658189969557e-01,-8.601179962631769899e-03,4.785675702317994825e-09,-8.601179962631703979e-03,1.736747370909912874e-08,-1.599400317935323130e+02,-1.279179797708215535e-02,-1.599400318577422411e+02,-1.242527350584295316e-02,4.117039107838883893e+01,-1.852275454353036329e-03,4.117039107853413071e+01,-1.849567669560156112e-03
2.610157215682541221e+00,5.309478038931487163e+02,-1.072616396310140385e-01,5.309478039335324411e+02,-1.071488605349603385e-01,-8.601179962631115908e-03,4.878390923241935999e-09,-8.601179962630621512e-03,1.770394221679312865e-08,-1.599400317537042895e+02,-1.303961969209280376e-02,-1.599400318204417886e+02,-1.266599436447712022e-02,4.117039107492889372e+01,-1.888160486654698799e-03,4.117039107507994800e+01,-1.885400242631531369e-03
2.660725059798814129e+00,5.309478030481985797e+02,-1.093396713247712648e-01,5.309478030900465910e+02,-1.092247073049042450e-01,-8.601179962629372511e-03,4.972902361195396991e-09,-8.601179962629545983e-03,1.804692929239048599e-08,-1.599400317123342177e+02,-1.329224257742584424e-02,-1.599400317816880204e+02,-1.291137882510939514e-02,4.117039107145183863e+01,-1.924740737126131706e-03,4.117039107160898936e+01,-1.921927017554530886e-03
2.712272579332033029e+00,5.309478021703023387e+02,-1.114579617260968297e-01,5.309478022137785729e+02,-1.113407704528953934e-01,-8.601179962633299925e-03,5.069244815166553443e-09,-8.601179962633237475e-03,1.839656122327757214e-08,-1.599400316693380262e+02,-1.354975964847248207e-02,-1.599400317414009010e+02,-1.316151723795411926e-02,4.117039106784282154e+01,-1.962029674556220894e-03,4.117039106800645953e+01,-1.959161443428446801e-03
2.764818754010113011e+00,5.309478012591390552e+02,-1.136172907862972314e-01,5.309478013042056546e+02,-1.134978291100850467e-01,-8.601179962632210518e-03,5.167453758311085555e-09,-8.601179962632196641e-03,1.875296674345745901e-08,-1.599400316246796478e+02,-1.381226572266215126e-02,-1.599400316995475748e+02,-1.341650170362980975e-02,4.117039106398680559e+01,-2.000041028670547418e-03,4.117039106415733585e+01,-1.997117229907775619e-03
2.818382931264459046e+00,5.309478003119176037e+02,-1.158184535660033709e-01,5.309478003589953232e+02,-1.156966775013440335e-01,-8.601179962631337952e-03,5.267565351034526673e-09,-8.601179962631084683e-03,1.911627708097097593e-08,-1.599400315782589246e+02,-1.407985745435904636e-02,-1.599400316560597162e+02,-1.367642610706085865e-02,4.117039105999067772e+01,-2.038788795208698081e-03,4.117039106016650152e+01,-2.035808352271969903e-03
2.872984833353669831e+00,5.309477993270198795e+02,-1.180622605294145144e-01,5.309477993759197716e+02,-1.179381252384563566e-01,-8.601179962630467121e-03,5.369616454291746804e-09,-8.601179962630245077e-03,1.948662600619955420e-08,-1.599400315300066495e+02,-1.435263337046372052e-02,-1.599400316108667539e+02,-1.394138615204867232e-02,4.117039105595400628e+01,-2.078287241056384332e-03,4.117039105613755368e+01,-2.075249056550816911e-03
2.928644564625241919e+00,5.309477983038094635e+02,-1.203495378426474166e-01,5.309477983545339157e+02,-1.202229976189559818e-01,-8.601179962630250281e-03,5.473644643164094182e-09,-8.601179962629818335e-03,1.986414988112473587e-08,-1.599400314798845955e+02,-1.463069390669194565e-02,-1.599400315639117025e+02,-1.421147939651336289e-02,4.117039105176528579e+01,-2.118550909477505319e-03,4.117039105195539861e+01,-2.115453864747516861e-03
2.985382618917966191e+00,5.309477972405251194e+02,-1.226811276770371772e-01,5.309477972932373859e+02,-1.225521359287588125e-01,-8.601179962629813130e-03,5.579688220690214106e-09,-8.601179962629133119e-03,2.024898770953177020e-08,-1.599400314278012729e+02,-1.491414144453819673e-02,-1.599400315151073926e+02,-1.448680528840507430e-02,4.117039104730567800e+01,-2.159594625488451755e-03,4.117039104750440259e+01,-2.156437580206525817e-03
3.043219887107727839e+00,5.309477961357549702e+02,-1.250578885198465606e-01,5.309477961904793801e+02,-1.249263977524177616e-01,-8.601179962628942299e-03,5.687786231974042770e-09,-8.601179962628241471e-03,2.064128118819568894e-08,-1.599400313736678640e+02,-1.520308034898527720e-02,-1.599400314643919501e+02,-1.476746520233339702e-02,4.117039104268159377e+01,-2.201433501340895917e-03,4.117039104288744511e+01,-2.198215293087021557e-03
3.102177664799508072e+00,5.309477949887168506e+02,-1.274806954905123579e-01,5.309477950456232520e+02,-1.273466572893037496e-01,-8.601179962627634318e-03,5.797978478558003461e-09,-8.601179962627304720e-03,2.104117475905100189e-08,-1.599400313174317318e+02,-1.549761700693058630e-02,-1.599400314117001756e+02,-1.505356247688476208e-02,4.117039103788508214e+01,-2.244082942052026339e-03,4.117039103809891998e+01,-2.240802385886316462e-03
3.162277660168387072e+00,5.309477937959258043e+02,-1.299504406612948804e-01,5.309477938549986220e+02,-1.298138056736305723e-01,-8.601179962626326336e-03,5.910305533083188116e-09,-8.601179962626324602e-03,2.144881566237975114e-08,-1.599400312589810369e+02,-1.579785986635650133e-02,-1.599400313569422849e+02,-1.534520245267058554e-02,4.117039103290952085e+01,-2.287558651087930831e-03,4.117039103313148729e+01,-2.284214539114001394e-03
3.223542001952469871e+00,5.309477925565012129e+02,-1.324680333882016503e-01,5.309477926179644101e+02,-1.323287513053887643e-01,-8.601179962625672346e-03,6.024808754218652987e-09,-8.601179962625521425e-03,2.186435399101611722e-08,-1.599400311982624316e+02,-1.610391947626118800e-02,-1.599400313000470248e+02,-1.564249251111994934e-02,4.117039102774702997e+01,-2.331876636145320536e-03,4.117039102797804873e+01,-2.328467737065713881e-03
3.285993247600662137e+00,5.309477912678279381e+02,-1.350344006437751709e-01,5.309477913316894728e+02,-1.348924201823611668e-01,-8.601179962624801514e-03,6.141530301899369310e-09,-8.601179962624251607e-03,2.228794274562006699e-08,-1.599400311351741379e+02,-1.641590852735581862e-02,-1.599400312409401579e+02,-1.594554211401371518e-02,4.117039102239224491e+01,-2.377053215046173208e-03,4.117039102263247941e+01,-2.373578273708823721e-03
3.349654391578285040e+00,5.309477899296077794e+02,-1.376504873603738854e-01,5.309477899960207878e+02,-1.375057562434407465e-01,-8.601179962623712108e-03,6.260513152841384528e-09,-8.601179962623347816e-03,2.271973789100369462e-08,-1.599400310586672447e+02,-1.673394189127179812e-02,-1.599400311685614895e+02,-1.625446284155557947e-02,4.117039101683477043e+01,-2.423105021744952677e-03,4.117039101708518700e+01,-2.419562758681215609e-03
3.414548873833609832e+00,5.309477885391424934e+02,-1.403172567757759726e-01,5.309477886081543829e+02,-1.401697217135664808e-01,-8.601179962622839542e-03,6.381801116373260986e-09,-8.601179962622010344e-03,2.315989841356501854e-08,-1.599400309905482516e+02,-1.705813667197911623e-02,-1.599400311047396599e+02,-1.656936844233060022e-02,4.117039101107103249e+01,-2.470049012454512884e-03,4.117039101133025270e+01,-2.466438123407699908e-03
3.480700588428419007e+00,5.309477870942540676e+02,-1.430356907892495755e-01,5.309477871660897108e+02,-1.428852974596937220e-01,-8.601179962620877570e-03,6.505438850561648471e-09,-8.601179962620627770e-03,2.360858637982153480e-08,-1.599400309197495176e+02,-1.738861223528075442e-02,-1.599400310384184820e+02,-1.689037486194701690e-02,4.117039100497830617e+01,-2.517902471874116418e-03,4.117039100524852557e+01,-2.514221627319974256e-03
3.548133892335763040e+00,5.309477855933437240e+02,-1.458067903231643481e-01,5.309477856677763157e+02,-1.456534833515403526e-01,-8.601179962625897860e-03,6.631471878657864873e-09,-8.601179962625013151e-03,2.406596699608614329e-08,-1.599400308461487157e+02,-1.772549026180073040e-02,-1.599400309694760267e+02,-1.721760029450496512e-02,4.117039099877094799e+01,-2.566683019609223258e-03,4.117039099905124999e+01,-2.562930864265590240e-03
3.616873614408167903e+00,5.309477840325301941e+02,-1.486315756899696527e-01,5.309477841099347870e+02,-1.484752986290861221e-01,-8.601179962624810188e-03,6.759946605848449992e-09,-8.601179962624239464e-03,2.453220866928554930e-08,-1.599400307696811012e+02,-1.806889478955256770e-02,-1.599400308978310932e+02,-1.755116522394385009e-02,4.117039099221995713e+01,-2.616408616563412060e-03,4.117039099251101675e+01,-2.612583768891808648e-03
3.686945064519584037e+00,5.309477824106726302e+02,-1.515110869705746099e-01,5.309477824912249844e+02,-1.513517822795538148e-01,-8.601179962623937622e-03,6.890910336359116561e-09,-8.601179962623212508e-03,2.500748306898412873e-08,-1.599400306902664113e+02,-1.841895225959475427e-02,-1.599400308234101544e+02,-1.789119246839827870e-02,4.117039098553491527e+01,-2.667097571660970948e-03,4.117039098583740753e+01,-2.663198623357663098e-03
3.758374042884450983e+00,5.309477807267289791e+02,-1.544463843959427707e-01,5.309477808102643621e+02,-1.542839934189438322e-01,-8.601179962621757075e-03,7.024411290858682443e-09,-8.601179962620943489e-03,2.549196519057970957e-08,-1.599400306077189668e+02,-1.877579156256567461e-02,-1.599400307460843749e+02,-1.823780722540631685e-02,4.117039097848688556e+01,-2.718768548477667243e-03,4.117039097880155651e+01,-2.714794063955202653e-03
3.831186849557297158e+00,5.309477789751025512e+02,-1.574385487347685908e-01,5.309477790617752362e+02,-1.572730116797692312e-01,-8.601179962621541969e-03,7.160498624225757925e-09,-8.601179962620294703e-03,2.598583341974839951e-08,-1.599400305219381835e+02,-1.913954408617934977e-02,-1.599400306657099691e+02,-1.859113711801452587e-02,4.117039097117496738e+01,-2.771440572209943505e-03,4.117039097150256310e+01,-2.767389088068552324e-03
3.905410294116390180e+00,5.309477771566332649e+02,-1.604886816976613950e-01,5.309477772468075045e+02,-1.603199376143859267e-01,-8.601179962618270280e-03,7.299222443630303452e-09,-8.601179962618089869e-03,2.648926959810838326e-08,-1.599400304328131597e+02,-1.951034376359558897e-02,-1.599400305822051678e+02,-1.895131224178449314e-02,4.117039096359239636e+01,-2.825133036625168247e-03,4.117039096393212816e+01,-2.821003061113683003e-03
3.981071705534982019e+00,5.309477752656204075e+02,-1.635979063353562579e-01,5.309477753592259432e+02,-1.634258930924515629e-01,-8.601179962618272015e-03,7.440633827000128261e-09,-8.601179962617194752e-03,2.700245909019173066e-08,-1.599400303401773158e+02,-1.988832712270281397e-02,-1.599400304954172611e+02,-1.931846521266844183e-02,4.117039095572512508e+01,-2.879865711214286798e-03,4.117039095607739085e+01,-2.875655723681316226e-03
4.058198942243808283e+00,5.309477733020069081e+02,-1.667673674592934085e-01,5.309477733995299786e+02,-1.665920217220495381e-01,-8.601179962615437477e-03,7.584784841815113846e-09,-8.601179962615241453e-03,2.752559085168176461e-08,-1.599400302439376276e+02,-2.027363333642797152e-02,-1.599400304052546744e+02,-1.969273121586174666e-02,4.117039094745346262e+01,-2.935658748457426089e-03,4.117039094781952713e+01,-2.931367198791367742e-03
4.136820402388517337e+00,5.309477712602860038e+02,-1.699982320565619764e-01,5.309477713615424364e+02,-1.698194892628388797e-01,-8.601179962614346336e-03,7.731728564290143640e-09,-8.601179962613843266e-03,2.805885749899867394e-08,-1.599400301439505370e+02,-2.066640427395243299e-02,-1.599400303115656357e+02,-2.007424805555576772e-02,4.117039093909421155e+01,-2.992532691320603198e-03,4.117039093947456507e+01,-2.988157999378634501e-03
4.216965034285832914e+00,5.309477691388585754e+02,-1.732916897251972344e-01,5.309477692439851353e+02,-1.731094840622633135e-01,-8.601179962614349805e-03,7.881519098906309669e-09,-8.601179962614018473e-03,2.860245538020905190e-08,-1.599400300399998684e+02,-2.106678455293852642e-02,-1.599400302141814620e+02,-2.046315620568456631e-02,4.117039093019671014e+01,-3.050508480648161849e-03,4.117039093059225507e+01,-3.046049035674757311e-03
4.298662347082287560e+00,5.309477669353167357e+02,-1.766489531093651255e-01,5.309477670445513695e+02,-1.764632174895352790e-01,-8.601179962612606408e-03,8.034211598335129242e-09,-8.601179962612011398e-03,2.915658464732381106e-08,-1.599400299319980263e+02,-2.147492159282563678e-02,-1.599400301130064292e+02,-2.085959886166581512e-02,4.117039092096786135e+01,-3.109607463076495461e-03,4.117039092137994061e+01,-3.105061623110164266e-03
4.381942421619448247e+00,5.309477646457789888e+02,-1.800712583453812632e-01,5.309477647592557332e+02,-1.798819243811826396e-01,-8.601179962610646171e-03,8.189862283756642725e-09,-8.601179962610410248e-03,2.972144933000542536e-08,-1.599400298197897143e+02,-2.189096566906659214e-02,-1.599400300078719397e+02,-2.126372199309577854e-02,4.117039091139672280e+01,-3.169851398769843974e-03,4.117039091182434163e+01,-3.165217490038244909e-03
4.466835921509641594e+00,5.309477622657968823e+02,-1.835598655173646399e-01,5.309477623837047986e+02,-1.833668634964620847e-01,-8.601179962608465623e-03,8.348528465541173821e-09,-8.601179962608338989e-03,3.029725741067195595e-08,-1.599400297031853029e+02,-2.231506996845677299e-02,-1.599400298986369933e+02,-2.167567439751543618e-02,4.117039090146732860e+01,-3.231262469461301367e-03,4.117039090191151729e+01,-3.226538785765595534e-03
4.553374104426261226e+00,5.309477597928946579e+02,-1.871160591229095727e-01,5.309477599154453173e+02,-1.869193179824137907e-01,-8.601179962606940801e-03,8.510268564368438437e-09,-8.601179962606415180e-03,3.088422090109373766e-08,-1.599400295820390738e+02,-2.274739064557966539e-02,-1.599400297851210837e+02,-2.209560775518125755e-02,4.117039089116614292e+01,-3.293863286621809792e-03,4.117039089162796017e+01,-3.289048088708146442e-03
4.641588833612790843e+00,5.309477572232336797e+02,-1.907411485438241516e-01,5.309477573506467252e+02,-1.905405958441205028e-01,-8.601179962604543414e-03,8.675142132724516284e-09,-8.601179962604206877e-03,3.148255592044211493e-08,-1.599400294506510249e+02,-2.318808687865098542e-02,-1.599400296616844628e+02,-2.252367668338599652e-02,4.117039088047928175e+01,-3.357676899785559839e-03,4.117039088095985733e+01,-3.352768414704693656e-03
4.731512589614816910e+00,5.309477545523616300e+02,-1.944364685286964767e-01,5.309477546848328302e+02,-1.942320304267498021e-01,-8.601179962603018592e-03,8.843209876839360655e-09,-8.601179962602458276e-03,3.209248277487540350e-08,-1.599400293198220311e+02,-2.363732093451181501e-02,-1.599400295391108955e+02,-2.296003879952287358e-02,4.117039086939311687e+01,-3.422726805036063052e-03,4.117039086989162655e+01,-3.417723225490222096e-03
4.823178482239319109e+00,5.309477517771224484e+02,-1.982033796856868257e-01,5.309477519148720148e+02,-1.979949809078858092e-01,-8.601179962604985768e-03,9.014533679034088530e-09,-8.601179962604064630e-03,3.271422603864879343e-08,-1.599400291838713315e+02,-2.409525821889593744e-02,-1.599400294117419037e+02,-2.340485476995050537e-02,4.117039085788948682e+01,-3.489036953657452100e-03,4.117039085840748669e+01,-3.483936437335599570e-03
4.916620262745656333e+00,5.309477488947089796e+02,-2.020432689829032569e-01,5.309477490376516471e+02,-2.018308327970947669e-01,-8.601179962602369805e-03,9.189176620494291848e-09,-8.601179962601016721e-03,3.334801463679351966e-08,-1.599400290426131903e+02,-2.456206734361643385e-02,-1.599400292793859819e+02,-2.385828837523471663e-02,4.117039084584475717e+01,-3.556631760935278965e-03,4.117039084638154378e+01,-3.551432429834015369e-03
5.011872336272736206e+00,5.309477458983839142e+02,-2.059575502558372850e-01,5.309477460470707229e+02,-2.057409984437909289e-01,-8.601179962600628143e-03,9.367203004528602717e-09,-8.601179962599261181e-03,3.399408192943601404e-08,-1.599400288958034935e+02,-2.503792018705963338e-02,-1.599400291418449740e+02,-2.432050656893811405e-02,4.117039083334773863e+01,-3.625536115200605515e-03,4.117039083390617549e+01,-3.620236054933694513e-03
5.108969774506941341e+00,5.309477427852328901e+02,-2.099476647336830648e-01,5.309477429396441721e+02,-2.097269175613680203e-01,-8.601179962597575029e-03,9.548678380206102363e-09,-8.601179962596204598e-03,3.465266579768328748e-08,-1.599400287432683001e+02,-2.552299195752966154e-02,-1.599400289989346504e+02,-2.479167953909609118e-02,4.117039082038489539e+01,-3.695775386940695299e-03,4.117039082096474800e+01,-3.690372646032978772e-03
5.207948328595477960e+00,5.309477395496242025e+02,-2.140150815650901095e-01,5.309477397100163216e+02,-2.137900577539708358e-01,-8.601179962595614792e-03,9.733669566525208531e-09,-8.601179962594374465e-03,3.532400873124437230e-08,-1.599400285792776799e+02,-2.601746125590469541e-02,-1.599400288449602385e+02,-2.527198076914084768e-02,4.117039080693550090e+01,-3.767375438156337925e-03,4.117039080753816904e+01,-3.761868027326121643e-03
5.308844442309898604e+00,5.309477361881338311e+02,-2.181612983628633540e-01,5.309477363550246309e+02,-2.179319150599736965e-01,-8.601179962596709402e-03,9.922244676994115007e-09,-8.601179962595250500e-03,3.600835791769169973e-08,-1.599400284145672515e+02,-2.652151014854296426e-02,-1.599400286906483473e+02,-2.576158710866851068e-02,4.117039079287111747e+01,-3.840362631865280093e-03,4.117039079349803643e+01,-3.834748523291544014e-03
5.411695265464651960e+00,5.309477326956118759e+02,-2.223878417523499906e-01,5.309477328690428521e+02,-2.221540144991884513e-01,-8.601179962592568617e-03,1.011447314470551623e-08,-8.601179962592013506e-03,3.670596533347143512e-08,-1.599400282434224039e+02,-2.703532422370811053e-02,-1.599400285302929205e+02,-2.626067882827316444e-02,4.117039077828153637e+01,-3.914763841868752585e-03,4.117039077893421251e+01,-3.909040968444531076e-03
5.516538667595595413e+00,5.309477290657084723e+02,-2.266962679338213882e-01,5.309477292459201863e+02,-2.264579106358006466e-01,-8.601179962591262371e-03,1.031042574793340859e-08,-8.601179962589321215e-03,3.741708783671185881e-08,-1.599400280655826521e+02,-2.755909266692274998e-02,-1.599400283636755660e+02,-2.676943969275258003e-02,4.117039076315034407e+01,-3.990606462588227113e-03,4.117039076382678076e+01,-3.984772717158806439e-03
5.623413251903506271e+00,5.309477252942286896e+02,-2.310881632582471035e-01,5.309477254812533147e+02,-2.308451881526482063e-01,-8.601179962587334957e-03,1.051017463616690450e-08,-8.601179962586052996e-03,3.814198726177183072e-08,-1.599400278752915199e+02,-2.809300832697743042e-02,-1.599400281850547572e+02,-2.728805702518278045e-02,4.117039074744990046e+01,-4.067918419167919353e-03,4.117039074815371436e+01,-4.061971653756751149e-03
5.732358369467729808e+00,5.309477213742545700e+02,-2.355651448072883514e-01,5.309477215687170428e+02,-2.353174624316477503e-01,-8.601179962587777311e-03,1.071379335667816358e-08,-8.601179962587093830e-03,3.888093051565047745e-08,-1.599400276832676582e+02,-2.863726779458311902e-02,-1.599400280051424375e+02,-2.781672178335237514e-02,4.117039073116317383e+01,-4.146728177761477112e-03,4.117039073189405940e+01,-4.140666202777444453e-03
5.843414133735192806e+00,5.309477173013207221e+02,-2.401288609931234996e-01,5.309477175032457126e+02,-2.398763801512513449e-01,-8.601179962584290517e-03,1.092135688160313452e-08,-8.601179962583667751e-03,3.963418967626295250e-08,-1.599400274837280449e+02,-2.919207146330336095e-02,-1.599400278181942383e+02,-2.835562861894969089e-02,4.117039071426301433e+01,-4.227064756009052231e-03,4.117039071502273373e+01,-4.220885339441450383e-03
5.956621435290122335e+00,5.309477130698871861e+02,-2.447809921623451401e-01,5.309477132798457433e+02,-2.445236198917645210e-01,-8.601179962581455979e-03,1.113294163555676800e-08,-8.601179962580158406e-03,4.040204209262875724e-08,-1.599400272763752469e+02,-2.975762361094303615e-02,-1.599400276239181267e+02,-2.890497595660414948e-02,4.117039069650834904e+01,-4.308957733678842918e-03,4.117039069729834466e+01,-4.302658600275109137e-03
6.072021956909903651e+00,5.309477086715714904e+02,-2.495232512130208247e-01,5.309477088896921941e+02,-2.492608927498484173e-01,-8.601179962577533769e-03,1.134862552376498269e-08,-8.601179962576643856e-03,4.118477048698536771e-08,-1.599400270554537542e+02,-3.033413247082481640e-02,-1.599400274165985820e+02,-2.946496606311898789e-02,4.117039067831326804e+01,-4.392437263739068683e-03,4.117039067913424333e+01,-4.386016094166819701e-03
6.189658188912624759e+00,5.309477041024274513e+02,-2.543573842318904155e-01,5.309477043290256688e+02,-2.540899429765135498e-01,-8.601179962578630114e-03,1.156848796075595586e-08,-8.601179962577030699e-03,4.198266305889095951e-08,-1.599400268315300764e+02,-3.092181031664907945e-02,-1.599400272068091056e+02,-3.003580512991318313e-02,4.117039065921429142e+01,-4.477534083140586457e-03,4.117039066006622505e+01,-4.470988513133877795e-03
6.309573444801952036e+00,5.309476993537311955e+02,-2.592851711288953198e-01,5.309476995891988054e+02,-2.590125486103133090e-01,-8.601179962574924745e-03,1.179260989956555300e-08,-8.601179962573210838e-03,4.279601359130626483e-08,-1.599400265988800811e+02,-3.152087352841616980e-02,-1.599400269888385822e+02,-3.061770333704388197e-02,4.117039063940005406e+01,-4.564279524454900594e-03,4.117039064028659112e+01,-4.557607143944405852e-03
6.431811877215107387e+00,5.309476944195738497e+02,-2.643084262995037959e-01,5.309476946643026167e+02,-2.640305221389990797e-01,-8.601179962571002535e-03,1.202107386160709774e-08,-8.601179962569300771e-03,4.362512155882670212e-08,-1.599400263571234859e+02,-3.213154268018175719e-02,-1.599400267623376806e+02,-3.121087493846516625e-02,4.117039061884673146e+01,-4.652705527229449370e-03,4.117039061976682746e+01,-4.645903879453385822e-03
6.556418494179808931e+00,5.309476892916360384e+02,-2.694289992878266538e-01,5.309476895460322794e+02,-2.691457111620196851e-01,-8.601179962570353749e-03,1.225396396701038796e-08,-8.601179962568733517e-03,4.447029223790310742e-08,-1.599400261004141726e+02,-3.275404261706642978e-02,-1.599400265214974013e+02,-3.181553833679976601e-02,4.117039059752129759e+01,-4.742844649789870748e-03,4.117039059847875393e+01,-4.735911230391512926e-03
6.683439175686166855e+00,5.309476839644235042e+02,-2.746487754727039432e-01,5.309476842286583178e+02,-2.743599990756200868e-01,-8.601179962565340398e-03,1.249136596558296192e-08,-8.601179962564067111e-03,4.533183681923364278e-08,-1.599400258394000787e+02,-3.338860254695427687e-02,-1.599400262769419498e+02,-3.243191617242335151e-02,4.117039057528894830e+01,-4.834730081205589752e-03,4.117039057628249310e+01,-4.827662337308938519e-03
6.812920690579633565e+00,5.309476784280934680e+02,-2.799696767547603660e-01,5.309476787028575018e+02,-2.796753057602071602e-01,-8.601179962561636763e-03,1.273336726843887597e-08,-8.601179962560013062e-03,4.621007252239825748e-08,-1.599400255681390774e+02,-3.403545611148933031e-02,-1.599400260227904482e+02,-3.306023539246637916e-02,4.117039055222299027e+01,-4.928395653582398617e-03,4.117039055325659547e+01,-4.921190982854602158e-03
6.944910713781234257e+00,5.309476726738147363e+02,-2.853936622692781477e-01,5.309476729592810216e+02,-2.850935882906168173e-01,-8.601179962559678260e-03,1.298005698013136428e-08,-8.601179962557799555e-03,4.710532271260736336e-08,-1.599400252808308380e+02,-3.469484147870541269e-02,-1.599400257532822422e+02,-3.370072734072451087e-02,4.117039052807589172e+01,-5.023875854395321548e-03,4.117039052914886099e+01,-5.016531604086144243e-03
7.079457843841401754e+00,5.309476666959866407e+02,-2.909227291099977797e-01,5.309476669923467398e+02,-2.906168416607828875e-01,-8.601179962554229494e-03,1.323152593147890089e-08,-8.601179962552980493e-03,4.801791701978313302e-08,-1.599400249879429623e+02,-3.536700143782334216e-02,-1.599400254788750146e+02,-3.435362784977060574e-02,4.117039050314060944e+01,-5.121205839391954583e-03,4.117039050425513835e+01,-5.113719305358818169e-03
7.216611620833906393e+00,5.309476604842466259e+02,-2.965589130560458142e-01,5.309476607922283620e+02,-2.962470995099270032e-01,-8.601179962550307284e-03,1.348786671301910181e-08,-8.601179962548060817e-03,4.894819145993611828e-08,-1.599400246726431760e+02,-3.605218346969484705e-02,-1.599400251827833870e+02,-3.501917730940456996e-02,4.117039047716153988e+01,-5.220421445276077557e-03,4.117039047832070509e+01,-5.212789870988019346e-03
7.356422544596438406e+00,5.309476540296776648e+02,-3.023042893279682675e-01,5.309476543499031322e+02,-3.019864348765294304e-01,-8.601179962550097383e-03,1.374917370909260125e-08,-8.601179962548530927e-03,4.989648855888114870e-08,-1.599400243563709125e+02,-3.675063986692090473e-02,-1.599400248864785397e+02,-3.569762078327400057e-02,4.117039045032436917e+01,-5.321559203142907889e-03,4.117039045152858279e+01,-5.313779778664604395e-03
7.498942093324583169e+00,5.309476473214961061e+02,-3.081609733481930347e-01,5.309476476541354941e+02,-3.078369609582785049e-01,-8.601179962544648616e-03,1.401554313256715075e-08,-8.601179962542936444e-03,5.086315747832556424e-08,-1.599400240277786338e+02,-3.746262779506914775e-02,-1.599400245785995196e+02,-3.638920806838061989e-02,4.117039042247990466e+01,-5.424656351737760368e-03,4.117039042373085778e+01,-5.416726212695990340e-03
7.644222742526028291e+00,5.309476403520325221e+02,-3.141311215254650735e-01,5.309476406976863245e+02,-3.138008318970819666e-01,-8.601179962542910423e-03,1.428707306032863053e-08,-8.601179962541590299e-03,5.184855414449511890e-08,-1.599400236807954059e+02,-3.818840940416345225e-02,-1.599400242531766594e+02,-3.709419380338303818e-02,4.117039039336930983e+01,-5.529750851218670146e-03,4.117039039466962436e+01,-5.521667077747677288e-03
7.792317984341967652e+00,5.309476331102775930e+02,-3.202169320415906295e-01,5.309476334694877551e+02,-3.198802435634398589e-01,-8.601179962537243082e-03,1.456386346931592055e-08,-8.601179962535626319e-03,5.285304137910907071e-08,-1.599400233259289905e+02,-3.892825193085545227e-02,-1.599400239207124343e+02,-3.781283756780453448e-02,4.117039036317172673e+01,-5.636881397280271017e-03,4.117039036452293743e+01,-5.628641012945938792e-03
7.943282347242842434e+00,5.309476255837192866e+02,-3.264206456626502773e-01,5.309476259570833463e+02,-3.260774343674833764e-01,-8.601179962531577475e-03,1.484601627339899113e-08,-8.601179962529827139e-03,5.387698903303780519e-08,-1.599400229571984937e+02,-3.968242778126290088e-02,-1.599400235752446804e+02,-3.854540396249263312e-02,4.117039033184438068e+01,-5.746087435229429302e-03,4.117039033324815023e+01,-5.737687405933785713e-03
8.097171416105647168e+00,5.309476177634805936e+02,-3.327445465701602267e-01,5.309476181512883386e+02,-3.323946860886811128e-01,-8.601179962526567593e-03,1.513363536085908195e-08,-8.601179962524999403e-03,5.492077412243651480e-08,-1.599400225740432404e+02,-4.045121464151026774e-02,-1.599400232162774671e+02,-3.929216271706052060e-02,4.117039029934208116e+01,-5.857409174564263271e-03,4.117039030080137962e+01,-5.848846407428623384e-03
8.254041852680211733e+00,5.309476096375794896e+02,-3.391909631940845382e-01,5.309476100406167234e+02,-3.388343247094224298e-01,-8.601179962521120562e-03,1.542682663266411244e-08,-8.601179962518948688e-03,5.598478096758647213e-08,-1.599400221704288469e+02,-4.123489557464662253e-02,-1.599400228377639053e+02,-4.005338878394538310e-02,4.117039026540055602e+01,-5.970887603718409709e-03,4.117039026691730186e+01,-5.962158945944125502e-03
8.413951416451979526e+00,5.309476011941162596e+02,-3.457622690739087790e-01,5.309476016128953688e+02,-3.453987212732291812e-01,-8.601179962518291228e-03,1.572569804145157660e-08,-8.601179962515992719e-03,5.706940133438995810e-08,-1.599400217567002755e+02,-4.203375913608620174e-02,-1.599400224501493710e+02,-4.082936245061490749e-02,4.117039023019206923e+01,-6.086564505338212284e-03,4.117039023176794643e+01,-6.077666743045697685e-03
8.576958985908969879e+00,5.309475924189628131e+02,-3.524608837295343244e-01,5.309475928542898373e+02,-3.520902927564246165e-01,-8.601179962514811372e-03,1.603035963127118331e-08,-8.601179962512729704e-03,5.817503457861516854e-08,-1.599400213212860535e+02,-4.284809946015474130e-02,-1.599400220418806384e+02,-4.162036942355668706e-02,4.117039019366653463e+01,-6.204482471482395539e-03,4.117039019530372457e+01,-6.195412328528210680e-03
8.743124580220765552e+00,5.309475833013362944e+02,-3.592892735592953524e-01,5.309475837536195968e+02,-3.589115029635631671e-01,-8.601179962506965218e-03,1.634092357810081946e-08,-8.601179962504623341e-03,5.930208779293475469e-08,-1.599400208746015153e+02,-4.367821639121505922e-02,-1.599400216233701713e+02,-4.242670095570076627e-02,4.117039015566157190e+01,-6.324684919331247969e-03,4.117039015736243357e+01,-6.315439056101700491e-03
8.912509381337486047e+00,5.309475738264596885e+02,-3.662499527385394416e-01,5.309475742964665415e+02,-3.658648634269809907e-01,-8.601179962504356194e-03,1.665750423120035947e-08,-8.601179962501799212e-03,6.045097595686717196e-08,-1.599400204049026968e+02,-4.452441557070526551e-02,-1.599400211829728278e+02,-4.324865393096776617e-02,4.117039011623356970e+01,-6.447216107273859471e-03,4.117039011800176951e+01,-6.437791119455749979e-03
9.085175756516900236e+00,5.309475639743490092e+02,-3.733454841435763227e-01,5.309475644627970041e+02,-3.729529343282336207e-01,-8.601179962492582626e-03,1.698021815509996526e-08,-8.601179962489644004e-03,6.162212208945737303e-08,-1.599400199280003960e+02,-4.538700857665391164e-02,-1.599400207365108031e+02,-4.408653099973890849e-02,4.117039007521314176e+01,-6.572121151066537964e-03,4.117039007704979525e+01,-6.562513568392421524e-03
9.261187281287968531e+00,5.309475537448931846e+02,-3.805784803283781548e-01,5.309475542523267677e+02,-3.801783254741205043e-01,-8.601179962488009895e-03,1.730918417268396715e-08,-8.601179962485057395e-03,6.281595740519717690e-08,-1.599400194267687993e+02,-4.626631300489791876e-02,-1.599400202668987845e+02,-4.494064065781348122e-02,4.117039003255160168e+01,-6.699446040554732709e-03,4.117039003446070211e+01,-6.689652325526924785e-03
9.440608762859268310e+00,5.309475431137880150e+02,-3.879516044282820264e-01,5.309475436411282772e+02,-3.875436972004113190e-01,-8.601179962485621180e-03,1.764452340878457915e-08,-8.601179962482826541e-03,6.403292147264015570e-08,-1.599400188949863661e+02,-4.716265261011003823e-02,-1.599400197679853193e+02,-4.581129738335606993e-02,4.117038998829555396e+01,-6.829237656595751882e-03,4.117038999027813162e+01,-6.819254203181973270e-03
9.623506263980921460e+00,5.309475320674796421e+02,-3.954675711868249066e-01,5.309475326155085213e+02,-3.950517613960755625e-01,-8.601179962477339611e-03,1.798635933483730056e-08,-8.601179962474100882e-03,6.527346237630870690e-08,-1.599400183537532030e+02,-4.807635743545109197e-02,-1.599400192609089970e+02,-4.669882176280721470e-02,4.117038994226992799e+01,-6.961543788220398397e-03,4.117038994433113430e+01,-6.951366920528307715e-03
9.809947127268809908e+00,5.309475205896329726e+02,-4.031291479370322506e-01,5.309475211590090566e+02,-4.027052824842894951e-01,-8.601179962469059775e-03,1.833481781439590386e-08,-8.601179962466069112e-03,6.653803688173000572e-08,-1.599400177913528012e+02,-4.900776389879293177e-02,-1.599400187339987554e+02,-4.760354057468042799e-02,4.117038989441220309e+01,-7.096413150335991252e-03,4.117038989655303993e+01,-7.086039121257017154e-03
1.000000000000004086e+01,5.309475086615782402e+02,-4.109391556206185014e-01,5.309475092532791223e+02,-4.105070784412244156e-01,-8.601179962463616213e-03,1.869002714940971580e-08,-8.601179962460186665e-03,6.782711060355157076e-08,-1.599400172014781845e+02,-4.995721493859193313e-02,-1.599400181810060246e+02,-4.852578693123778958e-02,4.117038984476275232e+01,-7.233895401661517149e-03,4.117038984698874060e+01,-7.223320391494128870e-03
1.019373485938877089e+01,5.309474962673759819e+02,-4.189004698341453614e-01,5.309474968823527661e+02,-4.184600218399154858e-01,-8.601179962453154096e-03,1.905211812745744688e-08,-8.601179962449986491e-03,6.914115817697402243e-08,-1.599400165887612388e+02,-5.092506014393551050e-02,-1.599400176066008896e+02,-4.946590040483220263e-02,4.117038979314299496e+01,-7.374041162903226948e-03,4.117038979545552735e+01,-7.363261277943466271e-03
1.039122303835173078e+01,5.309474833893926871e+02,-4.270160218812880659e-01,5.309474840283364756e+02,-4.265670409015653308e-01,-8.601179962447712268e-03,1.942122406999089253e-08,-8.601179962443875060e-03,7.048066343259713275e-08,-1.599400159467944889e+02,-5.191165586972917162e-02,-1.599400170044493166e+02,-5.042422713976608961e-02,4.117038973937085444e+01,-7.516902035462451337e-03,4.117038974177392419e+01,-7.505913306572817821e-03
1.059253725177292971e+01,5.309474700064203034e+02,-4.352887998488278454e-01,5.309474706702200137e+02,-4.348311205714890382e-01,-8.601179962442053600e-03,1.979748088130027328e-08,-8.601179962438884261e-03,7.184611957444279120e-08,-1.599400152910335748e+02,-5.291736538894543929e-02,-1.599400163900712073e+02,-5.140112000019116806e-02,4.117038968358922091e+01,-7.662530620556708312e-03,4.117038968608659388e+01,-7.651329001703463875e-03
1.079775162327714000e+01,5.309474560994287913e+02,-4.437218497157266461e-01,5.309474567894064876e+02,-4.432553036267324331e-01,-8.601179962433121509e-03,2.018102709864454303e-08,-8.601179962429945230e-03,7.323802936164471019e-08,-1.599400146096698734e+02,-5.394255899464570070e-02,-1.599400157517019920e+02,-5.239693866918027770e-02,4.117038962572006966e+01,-7.810980538392903530e-03,4.117038962831460225e+01,-7.799561905156226875e-03
1.100694171252214026e+01,5.309474416496520917e+02,-4.523182764718571280e-01,5.309474423664042888e+02,-4.518426917912878316e-01,-8.601179962425934550e-03,2.057200394322214587e-08,-8.601179962421729580e-03,7.465690529352116676e-08,-1.599400138961688072e+02,-5.498761415692370730e-02,-1.599400150828980429e+02,-5.341204980126202512e-02,4.117038956546128503e+01,-7.962306447900743128e-03,4.117038956815721207e+01,-7.950666595957042726e-03
1.122018454301968049e+01,5.309474266330915952e+02,-4.610812452519022497e-01,5.309474273780756448e+02,-4.605964468733722006e-01,-8.601179962418532485e-03,2.097055537220244020e-08,-8.601179962413937202e-03,7.610326979831488080e-08,-1.599400131549611785e+02,-5.605291566626913885e-02,-1.599400143881217957e+02,-5.444682716153805696e-02,4.117038950294882227e+01,-8.116564067111352657e-03,4.117038950575063438e+01,-8.104698710684673027e-03
1.143755863049542931e+01,5.309474110303489169e+02,-4.700139825170004393e-01,5.309474118042680857e+02,-4.695197919404324183e-01,-8.601179962409600394e-03,2.137682813166683949e-08,-8.601179962404626941e-03,7.757765542548398635e-08,-1.599400123850124373e+02,-5.713885576418302470e-02,-1.599400136664060881e+02,-5.550165175266446455e-02,4.117038943787374450e+01,-8.273810193333602098e-03,4.117038944078462492e+01,-8.261714963617151214e-03
1.165914401179835913e+01,5.309473948158811254e+02,-4.791197772244492059e-01,5.309473956202881482e+02,-4.786160124931537196e-01,-8.601179962401762913e-03,2.179097181072514506e-08,-8.601179962397219672e-03,7.908060504186948876e-08,-1.599400115796640023e+02,-5.824583428714320832e-02,-1.599400129111904789e+02,-5.657691195467979411e-02,4.117038937036419810e+01,-8.434102724410533908e-03,4.117038937338954696e+01,-8.421773167959337864e-03
1.188502227437023073e+01,5.309473779681451333e+02,-4.884019820560118741e-01,5.309473788041091211e+02,-4.878884576873429579e-01,-8.601179962389996284e-03,2.221313889650591768e-08,-8.601179962385662944e-03,8.061267203149511684e-08,-1.599400107541560772e+02,-5.937425883385308994e-02,-1.599400121377819062e+02,-5.767300368741736655e-02,4.117038930010630082e+01,-8.597500679688585903e-03,4.117038930324982005e+01,-8.584932256778322543e-03
1.211527658628592974e+01,5.309473604588179114e+02,-4.978640146332361516e-01,5.309473613273968340e+02,-4.973405415511338301e-01,-8.601179962380195096e-03,2.264348483037696261e-08,-8.601179962374732452e-03,8.217442049939099179e-08,-1.599400098909076746e+02,-6.052454487546583828e-02,-1.599400113286689873e+02,-5.879033051759744583e-02,4.117038922700088222e+01,-8.764064222009260163e-03,4.117038923026655795e+01,-8.751252304965449758e-03
1.234999172687589919e+01,5.309473422674319636e+02,-5.075093588019665702e-01,5.309473431698328341e+02,-5.069757442676267045e-01,-8.601179962368867352e-03,2.308216806513603139e-08,-8.601179962363493178e-03,8.376642547925904049e-08,-1.599400089941153453e+02,-6.169711594831858020e-02,-1.599400104881147229e+02,-5.992930384604515381e-02,4.117038915116252440e+01,-8.933854679869747059e-03,4.117038915455623993e+01,-8.920794551364488040e-03
1.258925411794172078e+01,5.309473233625810735e+02,-5.173415658807760664e-01,5.309473243002556728e+02,-5.167976134219014472e-01,-8.601179962359940465e-03,2.352935012337098158e-08,-8.601179962354394554e-03,8.538927314521478139e-08,-1.599400080569650697e+02,-6.289240378571475665e-02,-1.599400096094139201e+02,-6.109034303567987406e-02,4.117038907248667812e+01,-9.106934569821518652e-03,4.117038907601338593e+01,-9.093621421135452548e-03
1.283315185557657045e+01,5.309473037189402476e+02,-5.273642559995589396e-01,5.309473046935089542e+02,-5.268097653379021361e-01,-8.601179962345774713e-03,2.398519565689816323e-08,-8.601179962340735341e-03,8.704356102758271881e-08,-1.599400070890429220e+02,-6.411084849796890028e-02,-1.599400087022193020e+02,-6.227387558641619969e-02,4.117038899064274915e+01,-9.283367619476318167e-03,4.117038899430699672e+01,-9.269796548728349503e-03
1.308177474260200057e+01,5.309472833083960950e+02,-5.375811194161104201e-01,5.309472843208808399e+02,-5.370158863922037673e-01,-8.601179962337723861e-03,2.444987250745703450e-08,-8.601179962331359161e-03,8.872989823297539473e-08,-1.599400060834794317e+02,-6.535289870890974295e-02,-1.599400077597591974e+02,-6.348033726776042274e-02,4.117038890551287267e+01,-9.463218791162785262e-03,4.117038890932186490e+01,-9.449384801506532927e-03
1.333521432163330012e+01,5.309472620897007573e+02,-5.479959178539082210e-01,5.309472631417671664e+02,-5.474197343543893979e-01,-8.601179962320504996e-03,2.492355176841563175e-08,-8.601179962314886226e-03,9.044890566847493871e-08,-1.599400050496888639e+02,-6.661901174707020312e-02,-1.599400067915600516e+02,-6.471017230450810953e-02,4.117038881719448540e+01,-9.646554305854549913e-03,4.117038882115181764e+01,-9.632452303635593779e-03
1.359356390878532039e+01,5.309472400499894320e+02,-5.586124859680368093e-01,5.309472411434326204e+02,-5.580251398479861846e-01,-8.601179962307218749e-03,2.540640784786847911e-08,-8.601179962300888743e-03,9.220121627034702494e-08,-1.599400039533982749e+02,-6.790965376438119760e-02,-1.599400057634141774e+02,-6.596383349204820723e-02,4.117038872535376726e+01,-9.833441667257337981e-03,4.117038872946540096e+01,-9.819066460140612670e-03
1.385691862803133922e+01,5.309472171479980034e+02,-5.694347326467303905e-01,5.309472182840055439e+02,-5.688360076500439400e-01,-8.601179962296333359e-03,2.589861853277935945e-08,-8.601179962289633857e-03,9.398747523701646384e-08,-1.599400028312650193e+02,-6.922530000357232649e-02,-1.599400047120921045e+02,-6.724178245608503079e-02,4.117038862985408088e+01,-1.002394968694520806e-02,4.117038863412672356e+01,-1.000929598200242347e-02
1.412537544622760954e+01,5.309471933482900567e+02,-5.804666425159968890e-01,5.309471945287962171e+02,-5.798563181986258197e-01,-8.601179962281517086e-03,2.640036505445289147e-08,-8.601179962274824523e-03,9.580834026663969437e-08,-1.599400016597354295e+02,-7.056643486318987801e-02,-1.599400036141568648e+02,-6.854448971584095607e-02,4.117038853078285143e+01,-1.021814850972269095e-02,4.117038853522278430e+01,-1.020321091148283614e-02
1.439903320881638926e+01,5.309471686190386208e+02,-5.917122774037293365e-01,5.309471698456900413e+02,-5.910901290503056682e-01,-8.601179962269105139e-03,2.691183215528969591e-08,-8.601179962262063897e-03,9.766448179929097217e-08,-1.599400004371449029e+02,-7.193355214485193383e-02,-1.599400024680199124e+02,-6.987243492410648293e-02,4.117038842777728291e+01,-1.041610963911947935e-02,4.117038843239162560e+01,-1.040088264758300303e-02
1.467799267622076087e+01,5.309471429218905314e+02,-6.031757778134090309e-01,5.309471441964892620e+02,-6.025415763554891058e-01,-8.601179962252548938e-03,2.743320815678876812e-08,-8.601179962245793925e-03,9.955658326380224939e-08,-1.599399991671347152e+02,-7.332715522160646038e-02,-1.599400012774802349e+02,-7.122610703098933294e-02,4.117038832069511756e+01,-1.061790596404543936e-02,4.117038832548981730e+01,-1.060238397265808249e-02
1.496235656094440003e+01,5.309471162207089492e+02,-6.148613644671189205e-01,5.309471175453249998e+02,-6.142148763991106541e-01,-8.601179962238391860e-03,2.796468502890945099e-08,-8.601179962231315923e-03,1.014853413294181191e-07,-1.599399978533707838e+02,-7.474775721890120073e-02,-1.599400000462483149e+02,-7.260600445942086423e-02,4.117038820938631716e+01,-1.082361178551380539e-02,4.117038821436734253e+01,-1.080778907910284574e-02
1.525222956539026065e+01,5.309470884731920250e+02,-6.267733398407873135e-01,5.309470898494760149e+02,-6.261143271324217663e-01,-8.601179962223799366e-03,2.850645846071744040e-08,-8.601179962216204747e-03,1.034514661622758168e-07,-1.599399964829264036e+02,-7.619588118765489859e-02,-1.599399987616140777e+02,-7.401263527357000716e-02,4.117038809379791786e+01,-1.103330284405969371e-02,4.117038809897562857e+01,-1.101717359673187041e-02
1.554771842041180996e+01,5.309470596386380521e+02,-6.389160897651837701e-01,5.309470610688916850e+02,-6.382443097763575990e-01,-8.601179962204627202e-03,2.905872793243969094e-08,-8.601179962196390735e-03,1.054556816868879176e-07,-1.599399950593290782e+02,-7.767206032739340515e-02,-1.599399974271463236e+02,-7.544651739532018397e-02,4.117038797344465451e+01,-1.124705634733947843e-02,4.117038797882437962e+01,-1.123061462033129662e-02
1.584893192461120925e+01,5.309470296778529246e+02,-6.512940850409842941e-01,5.309470311641694025e+02,-6.506092904304292546e-01,-8.601179962187855896e-03,2.962169678900837583e-08,-8.601179962179796371e-03,1.074987258527856347e-07,-1.599399935804513859e+02,-7.917683816228485161e-02,-1.599399960409097048e+02,-7.690817877546293757e-02,4.117038784870371870e+01,-1.146495099926021256e-02,4.117038785429284076e+01,-1.144819073875437410e-02
1.615598098439881980e+01,5.309469985461137185e+02,-6.639118830681109973e-01,5.309470000903488653e+02,-6.632138217022226501e-01,-8.601179962173050031e-03,3.019557231478318217e-08,-8.601179962164065898e-03,1.095813509060829949e-07,-1.599399920441061056e+02,-8.071076874632523990e-02,-1.599399946008347797e+02,-7.839815759286204722e-02,4.117038771884806891e+01,-1.168706702788484264e-02,4.117038772465643603e+01,-1.166998206278234418e-02
1.646897865482876000e+01,5.309469661871031576e+02,-6.767741295079050534e-01,5.309469677919164496e+02,-6.760625443705388093e-01,-8.601179962150172498e-03,3.078056580993090548e-08,-8.601179962140687030e-03,1.117043236665094335e-07,-1.599399904590426331e+02,-8.227441687869346820e-02,-1.599399931157880701e+02,-7.991700246365167348e-02,4.117038758412847699e+01,-1.191348621611849901e-02,4.117038759016492122e+01,-1.189607025576382149e-02
1.678804018122568920e+01,5.309469325714514980e+02,-6.898855600864119975e-01,5.309469342391627151e+02,-6.891601891813697867e-01,-8.601179962130127768e-03,3.137689266831783196e-08,-8.601179962120569442e-03,1.138684258098452800e-07,-1.599399888010398456e+02,-8.386835826660636595e-02,-1.599399915617213424e+02,-8.146527259962745016e-02,4.117038744404025863e+01,-1.214429193085589734e-02,4.117038745031212699e+01,-1.212653856272094023e-02
1.711328304161789049e+01,5.309468976401179816e+02,-7.032510022017000040e-01,5.309468993729472004e+02,-7.025115784569027078e-01,-8.601179962115327107e-03,3.198477245670753079e-08,-8.601179962105888477e-03,1.160744541556209861e-07,-1.599399870731294584e+02,-8.549317979861366379e-02,-1.599399899418047539e+02,-8.304353807340822402e-02,4.117038729848639633e+01,-1.237956915432545345e-02,4.117038730500479460e+01,-1.236147184165144707e-02
1.744482698999263093e+01,5.309468613422683347e+02,-7.168753767915145847e-01,5.309468631427955643e+02,-7.161216279618578540e-01,-8.601179962091361902e-03,3.260442899556420071e-08,-8.601179962082084601e-03,1.183232209604690529e-07,-1.599399852891740466e+02,-8.714947974535179609e-02,-1.599399882701010540e+02,-8.465238001367525467e-02,4.117038714726655257e+01,-1.261940451509838135e-02,4.117038715403844407e+01,-1.260095659448416845e-02
1.778279410038932085e+01,5.309468236236060648e+02,-7.307637001164757340e-01,5.309468254947745436e+02,-7.299953486836892047e-01,-8.601179962070234705e-03,3.323609044163999045e-08,-8.601179962060043205e-03,1.206155542173668883e-07,-1.599399834301894430e+02,-8.883786793251392810e-02,-1.599399865277194976e+02,-8.629239077300066008e-02,4.117038699016320180e+01,-1.286388632002654492e-02,4.117038699719968520e+01,-1.284508099898040018e-02
1.812730881184707954e+01,5.309467844296865451e+02,-7.449210856152811422e-01,5.309467863741645033e+02,-7.441378486840150019e-01,-8.601179962051291525e-03,3.387998937182986419e-08,-8.601179962040033170e-03,1.229522979603532966e-07,-1.599399814934332937e+02,-9.055896601756140141e-02,-1.599399847121522100e+02,-8.796417419681003269e-02,4.117038682684561479e+01,-1.311310458669938221e-02,4.117038683415805167e+01,-1.309393494113553907e-02
1.847849797422300000e+01,5.309467437014681082e+02,-7.593527457750389731e-01,5.309467457218406707e+02,-7.585543349692165371e-01,-8.601179962026892639e-03,3.453636286883752939e-08,-8.601179962015896227e-03,1.253343125753349229e-07,-1.599399794815974474e+02,-9.231340770774150439e-02,-1.599399828262353935e+02,-8.966834583504447453e-02,4.117038665697433686e+01,-1.336715107664705922e-02,4.117038666457319351e+01,-1.334761004833571324e-02
1.883649089489809825e+01,5.309467013818874648e+02,-7.740639940679134856e-01,5.309467034812590782e+02,-7.732501154262652054e-01,-8.601179962002495488e-03,3.520545260851613404e-08,-8.601179961990690695e-03,1.277624751169218658e-07,-1.599399773971103116e+02,-9.410183898748641917e-02,-1.599399808725994490e+02,-9.140553316304970977e-02,4.117038648052981387e+01,-1.362611932934408576e-02,4.117038648842618898e+01,-1.360619972331328364e-02
1.920141938638811041e+01,5.309466573984602746e+02,-7.890602468584747564e-01,5.309466595799723336e+02,-7.882306007250367008e-01,-8.601179961970682394e-03,3.588750494879268390e-08,-8.601179961959136075e-03,1.302376796312999602e-07,-1.599399752369720886e+02,-9.592491834990896082e-02,-1.599399788484300302e+02,-9.317637580647396278e-02,4.117038629736756405e+01,-1.389010469636806425e-02,4.117038630557173917e+01,-1.386979917825358934e-02
1.957341781487669863e+01,5.309466117025536960e+02,-8.043470255070011010e-01,5.309466139693898867e+02,-8.035013064207268130e-01,-8.601179961946510757e-03,3.658277102048267334e-08,-8.601179961933814316e-03,1.327608374855210831e-07,-1.599399729816100262e+02,-9.778331702502594813e-02,-1.599399767343582823e+02,-9.498152576301945038e-02,4.117038610691109568e+01,-1.415920437629734213e-02,4.117038611543720350e+01,-1.413850546964581095e-02
1.995262314968890038e+01,5.309465642178006419e+02,-8.199299582578510881e-01,5.309465665733646347e+02,-8.190678548407751558e-01,-8.601179961919282538e-03,3.729150681957914238e-08,-8.601179961906594770e-03,1.353328777028949276e-07,-1.599399706441063813e+02,-9.967771928646675106e-02,-1.599399745436772093e+02,-9.682164770017930022e-02,4.117038590910583196e+01,-1.443351745112788839e-02,4.117038591796566749e+01,-1.441241753463913186e-02
2.033917501372301828e+01,5.309465148760961029e+02,-8.358147824118028479e-01,5.309465173239547084e+02,-8.349359772542359615e-01,-8.601179961892928619e-03,3.801397330167476137e-08,-8.601179961879002259e-03,1.379547473052148517e-07,-1.599399682101294502e+02,-1.016088226308292097e-01,-1.599399722622623585e+02,-9.869741912959317798e-02,4.117038570345474113e+01,-1.471314492211067519e-02,4.117038571266046176e+01,-1.469163622683406466e-02
2.073321573485965885e+01,5.309464636018185502e+02,-8.520073463921641332e-01,5.309464661452834662e+02,-8.511115159345370440e-01,-8.601179961861559614e-03,3.875043647791740910e-08,-8.601179961847558661e-03,1.406274116613233967e-07,-1.599399656761499386e+02,-1.035773380807204491e-01,-1.599399698867933353e+02,-1.006095307013651352e-01,4.117038548977598822e+01,-1.499818974745632284e-02,4.117038549934258640e+01,-1.497626435393140804e-02
2.113489039836657923e+01,5.309464103244451962e+02,-8.685136119361599460e-01,5.309464129674582864e+02,-8.676004263527087312e-01,-8.601179961836520615e-03,3.950116751314814463e-08,-8.601179961822261189e-03,1.433518548427515649e-07,-1.599399630438320514e+02,-1.055839904404972523e-01,-1.599399674192131044e+02,-1.025586864525670078e-01,4.117038526766006612e+01,-1.528875687986538945e-02,4.117038527759984134e+01,-1.526640671520272489e-02
2.154434690031894917e+01,5.309463549552564245e+02,-8.853396562166976347e-01,5.309463577016103955e+02,-8.844087792916210944e-01,-8.601179961798826809e-03,4.026644282539468989e-08,-8.601179961783774613e-03,1.461290799857076129e-07,-1.599399603312408544e+02,-1.076295185788537084e-01,-1.599399648778067160e+02,-1.045456040815422177e-01,4.117038503700510432e+01,-1.558495330555863777e-02,4.117038504733478987e+01,-1.556217014047178021e-02
2.196173600205447940e+01,5.309462974267720483e+02,-9.024916742020381299e-01,5.309463002804787948e+02,-9.015427632068555575e-01,-8.601179961768774460e-03,4.104654418813686071e-08,-8.601179961752511427e-03,1.489601096609118071e-07,-1.599399574906945531e+02,-1.097146755902642795e-01,-1.599399622151314873e+02,-1.065710151049238108e-01,4.117038479728184086e+01,-1.588688808313059447e-02,4.117038480801556943e+01,-1.586366352890154069e-02
2.238721138568352131e+01,5.309462376470779645e+02,-9.199759807936351841e-01,5.309462406126104952e+02,-9.190086863619518764e-01,-8.601179961734140705e-03,4.184175883356744679e-08,-8.601179961717482156e-03,1.518459862496279127e-07,-1.599399545398750035e+02,-1.118402292471442072e-01,-1.599399594491458743e+02,-1.086356652967372799e-01,4.117038454825372185e+01,-1.619467238423101876e-02,4.117038455940658537e+01,-1.617099788962380463e-02
2.282092971067462983e+01,5.309461755280068473e+02,-9.377990132377569399e-01,5.309461786094110494e+02,-9.368129792335958550e-01,-8.601179961697982129e-03,4.265237955867480993e-08,-8.601179961680407646e-03,1.547877723277804320e-07,-1.599399514744629585e+02,-1.140069621665895094e-01,-1.599399565757941275e+02,-1.107403148503280088e-01,4.117038428924141868e+01,-1.650841953393631864e-02,4.117038430083109546e+01,-1.648428638205029842e-02
2.326305067153639072e+01,5.309461109801078464e+02,-9.559673334797611499e-01,5.309461141822661148e+02,-9.549621968708684738e-01,-8.601179961660732412e-03,4.347870483292673190e-08,-8.601179961643124969e-03,1.577865510570778920e-07,-1.599399482954598284e+02,-1.162156721352712169e-01,-1.599399535963616188e+02,-1.128857386940372298e-01,4.117038402031912625e+01,-1.682824505341578777e-02,4.117038403236118427e+01,-1.680364435847153323e-02
2.371373705661667941e+01,5.309460438995359937e+02,-9.744876305339372768e-01,5.309460472268398235e+02,-9.734630212535110294e-01,-8.601179961619995901e-03,4.432103890817034526e-08,-8.601179961601097823e-03,1.608434265838300220e-07,-1.599399449927235253e+02,-1.184671723796105886e-01,-1.599399505010007658e+02,-1.150727267535516934e-01,4.117038374087869812e+01,-1.715426670133204587e-02,4.117038375339336653e+01,-1.712918940540591670e-02
2.417315480804116845e+01,5.309459742029406470e+02,-9.933667230652919455e-01,5.309459776604142007e+02,-9.923222638797141171e-01,-8.601179961583412317e-03,4.517969193073297348e-08,-8.601179961564236684e-03,1.639595244455707375e-07,-1.599399415558995372e+02,-1.207622918799516748e-01,-1.599399472796782504e+02,-1.173020842573027356e-01,4.117038345043367542e+01,-1.748660451783126332e-02,4.117038346343792909e+01,-1.746104138751362889e-02
2.464147308281295068e+01,5.309459017790659345e+02,-1.012611561732450705e+00,5.309459053718857149e+02,-1.011546868100830610e+00,-8.601179961540934144e-03,4.605498005541929915e-08,-8.601179961521179113e-03,1.671359919852853628e-07,-1.599399379855313441e+02,-1.231018756930974539e-01,-1.599399439332251802e+02,-1.195746320493946829e-01,4.117038314867630788e+01,-1.782538086878978842e-02,4.117038316218951621e+01,-1.779932249178972636e-02
2.511886431509594075e+01,5.309458265200137248e+02,-1.032229231852341167e+00,5.309458302532524385e+02,-1.031143911783940492e+00,-8.601179961499552315e-03,4.694722556219958232e-08,-8.601179961478319300e-03,1.703739987741313694e-07,-1.599399342708963161e+02,-1.254867852301954911e-01,-1.599399404512790852e+02,-1.218912068597862441e-01,4.117038283496172113e+01,-1.817072049044114734e-02,4.117038284900365852e+01,-1.814415727211959525e-02
2.560550427970490972e+01,5.309457483119138033e+02,-1.052226955975754219e+00,5.309457521912847824e+02,-1.051120609888610780e+00,-8.601179961452279366e-03,4.785675697464096675e-08,-8.601179961430749712e-03,1.736747370418517364e-07,-1.599399304228511767e+02,-1.279178986247242189e-01,-1.599399368450465602e+02,-1.242526616616906887e-01,4.117038250906262675e+01,-1.852275053594403323e-02,4.117038252365240680e+01,-1.849567269577980649e-02
2.610157215682551879e+01,5.309456670507817080e+02,-1.072612096603567711e+00,5.309456710818016063e+02,-1.071484317174122181e+00,-8.601179961407412478e-03,4.878390918103015398e-08,-8.601179961384671988e-03,1.770394221159061854e-07,-1.599399264140352557e+02,-1.303961109614958092e-01,-1.599399330874609007e+02,-1.266598658939825928e-01,4.117038217052706983e+01,-1.888160062165770287e-02,4.117038218568939811e+01,-1.885399818965208599e-02
2.660725059798825143e+01,5.309455826112790646e+02,-1.093392158781160362e+00,5.309455868002194165e+02,-1.092242530798201328e+00,-8.601179961359057061e-03,4.972902355752537641e-08,-8.601179961335646967e-03,1.804692928688029116e-07,-1.599399222494147068e+02,-1.329223347178777326e-01,-1.599399291839359591e+02,-1.291137058898791379e-01,4.117038181865857638e+01,-1.924740287481903345e-02,4.117038183441368204e+01,-1.921926568781604297e-02
2.712272579332044131e+01,5.309454948652288522e+02,-1.114574792926129820e+00,5.309454992180096724e+02,-1.113402893133524252e+00,-8.601179961307429955e-03,5.069244809395123231e-08,-8.601179961282571368e-03,1.839656121743470313e-07,-1.599399179175411234e+02,-1.354975000219567627e-01,-1.599399251233378436e+02,-1.316150851274848765e-01,4.117038145284620043e+01,-1.962029198248640971e-02,4.117038146921804298e+01,-1.959160968043803866e-02
2.764818754010124024e+01,5.309454036826258516e+02,-1.136167797650013522e+00,5.309454082058016411e+02,-1.134973194594944168e+00,-8.601179961254937223e-03,5.167453752198323895e-08,-8.601179961228741164e-03,1.875296673726913424e-07,-1.599399134337951978e+02,-1.381225550673600144e-01,-1.599399209215210931e+02,-1.341649246329930378e-01,4.117038107290237292e+01,-2.000040524146919074e-02,4.117038108991366130e+01,-1.997116726361619285e-02
2.818382931264470059e+01,5.309453089402109072e+02,-1.158179122661714633e+00,5.309453136400845779e+02,-1.156961376532150032e+00,-8.601179961201792235e-03,5.267565344562081736e-08,-8.601179961175426172e-03,1.911627707441855338e-07,-1.599399087589139867e+02,-1.407984663229898681e-01,-1.599399165395595617e+02,-1.367641631842298477e-01,4.117038067819169100e+01,-2.038788260805966118e-02,4.117038069586745053e+01,-2.035807818904649541e-02
2.872984833353682177e+01,5.309452104884747996e+02,-1.180616871560064229e+00,5.309452153723025276e+02,-1.179375534028161754e+00,-8.601179961147994990e-03,5.369616447437620881e-08,-8.601179961119961859e-03,1.948662599926062324e-07,-1.599399038969468450e+02,-1.435262190558521667e-01,-1.599399119819999271e+02,-1.394137578187266135e-01,4.117038026781926163e+01,-2.078286674970635656e-02,4.117038028618807743e+01,-2.075248491561922093e-02
2.928644564625254176e+01,5.309451081800406200e+02,-1.203489304929626913e+00,5.309451132550856300e+02,-1.202223918982682438e+00,-8.601179961083943795e-03,5.473644635898710601e-08,-8.601179961056306181e-03,1.986414987376958086e-07,-1.599398988627003746e+02,-1.463068176415644184e-01,-1.599399072640489408e+02,-1.421146841349283652e-01,4.117037984164356601e+01,-2.118550309856081712e-02,4.117037986073135158e+01,-2.115453266288013293e-02
2.985382618917978093e+01,5.309450018770832003e+02,-1.226804843413385804e+00,5.309450071505967799e+02,-1.225514943185418870e+00,-8.601179961026012705e-03,5.579688212996521699e-08,-8.601179960996100868e-03,2.024898770174292770e-07,-1.599398936213665081e+02,-1.491412858233291672e-01,-1.599399023514102680e+02,-1.448679365443036327e-01,4.117037939863606510e+01,-2.159593990339162342e-02,4.117037941847086557e+01,-2.156436946287919668e-02
3.043219887107740007e+01,5.309448914133147355e+02,-1.250572070648838574e+00,5.309448968930030333e+02,-1.249257181251366866e+00,-8.601179960963063059e-03,5.687786223824485502e-08,-8.601179960932436516e-03,2.064128117994533987e-07,-1.599398881708611384e+02,-1.520306672367852385e-01,-1.599398972424271506e+02,-1.476745287806172369e-01,4.117037893816827676e+01,-2.201432828543802706e-02,4.117037895877792408e+01,-2.198214621593494109e-02
3.102177664799519974e+01,5.309447766229066019e+02,-1.274799736548824391e+00,5.309447823169912226e+02,-1.273459373896439928e+00,-8.601179960894662913e-03,5.797978469925219852e-08,-8.601179960862698898e-03,2.104117475031152307e-07,-1.599398825194934375e+02,-1.549760257569428867e-01,-1.599398919459704587e+02,-1.505354942372905680e-01,4.117037846002025958e+01,-2.244082229411418702e-02,4.117037848143685608e+01,-2.240801674626560075e-02
3.162277660168399152e+01,5.309446573473496755e+02,-1.299496760552740104e+00,5.309446632641412407e+02,-1.298130431182928701e+00,-8.601179960826051130e-03,5.910305523937616716e-08,-8.601179960792642090e-03,2.144881565312106957e-07,-1.599398766372037812e+02,-1.579784457951146914e-01,-1.599398864324767260e+02,-1.534518862558329755e-01,4.117037796276611772e+01,-2.287557896198198423e-02,4.117037798501932144e+01,-2.284213785686854681e-02
3.223542001952483105e+01,5.309445334001443371e+02,-1.324672234750073008e+00,5.309445395483866150e+02,-1.323279435643365698e+00,-8.601179960755040224e-03,6.024808744532218129e-08,-8.601179960719556455e-03,2.186435398120984540e-07,-1.599398705317420877e+02,-1.610390328450930775e-01,-1.599398807102098772e+02,-1.564247786558809750e-01,4.117037744634633611e+01,-2.331875836534083937e-02,4.117037746947019627e+01,-2.328466939003685093e-02
3.285993247600674749e+01,5.309444046109638293e+02,-1.350335427425349177e+00,5.309444109997530177e+02,-1.348915645819795284e+00,-8.601179960682072551e-03,6.141530291640151252e-08,-8.601179960646257450e-03,2.228794273523392964e-07,-1.599398641777484329e+02,-1.641589137509819052e-01,-1.599398747544276205e+02,-1.594552659963155150e-01,4.117037690982967746e+01,-2.377052368075099550e-02,4.117037693385836405e+01,-2.373577428378728649e-02
3.349654391578297918e+01,5.309442707747422219e+02,-1.376495786230214735e+00,5.309442774135591208e+02,-1.375048499433004556e+00,-8.601179960601692404e-03,6.260513141971539591e-08,-8.601179960564381971e-03,2.271973787999932778e-07,-1.599398575878479676e+02,-1.673392372652208471e-01,-1.599398685783089036e+02,-1.625444641162150372e-01,4.117037635200556167e+01,-2.423104124569811640e-02,4.117037637697541896e+01,-2.419561863244342609e-02
3.414548873833623333e+01,5.309441317120268877e+02,-1.403162941947250886e+00,5.309441386107193921e+02,-1.401687617142191034e+00,-8.601179960527642263e-03,6.381801104865572611e-08,-8.601179960488812212e-03,2.315989840191479504e-07,-1.599398507195126342e+02,-1.705811742798956643e-01,-1.599398621399501792e+02,-1.656935103603764947e-01,4.117037577243399227e+01,-2.470048062108182521e-02,4.117037579837965211e+01,-2.466437174902651186e-02
3.480700588428432951e+01,5.309439872065471491e+02,-1.430346711728933018e+00,5.309439943749398481e+02,-1.428842805778462344e+00,-8.601179960445090242e-03,6.505438838371393155e-08,-8.601179960405208949e-03,2.360858636748036667e-07,-1.599398435901539415e+02,-1.738859184971541239e-01,-1.599398554573646720e+02,-1.689035642300362461e-01,4.117037517028776961e+01,-2.517901465230631963e-02,4.117037519724897976e+01,-2.514220622626810175e-02
3.548133892335778228e+01,5.309438370434912713e+02,-1.458057102895558454e+00,5.309438444922802773e+02,-1.456524062145633458e+00,-8.601179960355344323e-03,6.631471865738111033e-08,-8.601179960313629427e-03,2.406596698300670388e-07,-1.599398362001099372e+02,-1.772546867104661250e-01,-1.599398485316150698e+02,-1.721758076563937034e-01,4.117037454449351230e+01,-2.566681953306032549e-02,4.117037457250970789e+01,-2.562929800028395516e-02
3.616873614408182647e+01,5.309436810108561531e+02,-1.486304316624388999e+00,5.309436887510628367e+02,-1.484741576697911514e+00,-8.601179960270837269e-03,6.759946592167485510e-08,-8.601179960227163870e-03,2.453220865543520668e-07,-1.599398284949578795e+02,-1.806887191637058798e-01,-1.599398413088981101e+02,-1.755114453491576632e-01,4.117037389418332793e+01,-2.616407487074203994e-02,4.117037392329487488e+01,-2.612582641590946095e-02
3.686945064519599669e+01,5.309435188687434675e+02,-1.515098751545286504e+00,5.309435269117938105e+02,-1.513505737134982487e+00,-8.601179960174554912e-03,6.890910321865161750e-08,-8.601179960129110361e-03,2.500748305431095448e-07,-1.599398205125727941e+02,-1.841892803350923813e-01,-1.599398338277992764e+02,-1.789117055581190552e-01,4.117037321864575716e+01,-2.667096375253263582e-02,4.117037324889606253e+01,-2.663197429267936261e-02
3.758374042884466348e+01,5.309433503811259243e+02,-1.544451007726227676e+00,5.309433587390280991e+02,-1.542827132384010813e+00,-8.601179960074570655e-03,7.024411275506011089e-08,-8.601179960027328930e-03,2.549196517503722078e-07,-1.599398122139074019e+02,-1.877576590252423017e-01,-1.599398260500804838e+02,-1.823778401590530618e-01,4.117037251649463059e+01,-2.718767281175362219e-02,4.117037254792982282e+01,-2.714792799108378674e-02
3.831186849557312968e+01,5.309431753104063318e+02,-1.574371890550798403e+00,5.309431839949994583e+02,-1.572716556467585125e+00,-8.601179959975027017e-03,7.160498607960407743e-08,-8.601179959926527618e-03,2.598583340328185468e-07,-1.599398035759426762e+02,-1.913951690374220138e-01,-1.599398179534002225e+02,-1.859111253137228359e-01,4.117037178674944897e+01,-2.771439229794201570e-02,4.117037181941456225e+01,-2.767387748253729088e-02
3.905410294116406078e+01,5.309429933852275099e+02,-1.604872414510298606e+00,5.309430024098363674e+02,-1.603185012306016732e+00,-8.601179959868946942e-03,7.299222426402202387e-08,-8.601179959818912313e-03,2.648926958066730652e-07,-1.599397946132706352e+02,-1.951031497174235407e-01,-1.599398095532183675e+02,-1.895128619950507687e-01,4.117037102880943422e+01,-2.825131614690907719e-02,4.117037106275103753e+01,-2.821001641934339776e-02
3.981071705534998983e+01,5.309428043482513431e+02,-1.635963807518584723e+00,5.309428137258538527e+02,-1.634243716007039104e+00,-8.601179959763964947e-03,7.440633808752824877e-08,-8.601179959711192924e-03,2.700245907171867728e-07,-1.599397852855120732e+02,-1.988829662250138630e-01,-1.599398008099398396e+02,-1.931843762503108464e-01,4.117037024095512976e+01,-2.879864205012371003e-02,4.117037027622587431e+01,-2.875654220397841354e-02
4.058198942243826224e+01,5.309426079104314340e+02,-1.667657514784825823e+00,5.309426176550006176e+02,-1.665904100753428319e+00,-8.601179959650042187e-03,7.584784822489323941e-08,-8.601179959595282171e-03,2.752559083211692414e-07,-1.599397756063180793e+02,-2.027360103002585068e-01,-1.599397917380957210e+02,-1.969270199457382742e-01,4.117036942250618381e+01,-2.935657153040428791e-02,4.117036945915691604e+01,-2.931365606465725915e-02
4.136820402388534745e+01,5.309424037861323313e+02,-1.699965203219367949e+00,5.309424139117471668e+02,-1.698177821190667736e+00,-8.601179959532202421e-03,7.731728543818745976e-08,-8.601179959476059830e-03,2.805885747827404089e-07,-1.599397655451541596e+02,-2.066637005349465928e-01,-1.599397823080238368e+02,-2.007421710300357764e-01,4.117036857187717658e+01,-2.992531001345243719e-02,4.117036860996032033e+01,-2.988156312677639481e-02
4.216965034285851033e+01,5.309421916844095222e+02,-1.732898765679896869e+00,5.309422022060500694e+02,-1.731076757679191003e+00,-8.601179959412405887e-03,7.881519077222407833e-08,-8.601179959353584883e-03,2.860245535825675179e-07,-1.599397550818013372e+02,-2.106674830275525601e-01,-1.599397725004696156e+02,-2.046312341710441740e-01,4.117036768787252043e+01,-3.050506690528202031e-02,4.117036772744587836e+01,-3.046047249023167008e-02
4.298662347082306212e+01,5.309419712694854070e+02,-1.766470325097412530e+00,5.309419822028360159e+02,-1.764613020409833810e+00,-8.601179959281269466e-03,8.034211575362010173e-08,-8.601179959220448326e-03,2.915658462406642707e-07,-1.599397442173166439e+02,-2.147488319481956065e-01,-1.599397623174608327e+02,-2.085956413037302337e-01,4.117036676944816520e+01,-3.109605566899771231e-02,4.117036681056941205e+01,-3.105059730607083457e-02
4.381942421619466899e+01,5.309417422499150234e+02,-1.800692239485716550e+00,5.309417536109195908e+02,-1.798798954406269024e+00,-8.601179959153416876e-03,8.189862259427896724e-08,-8.601179959090236513e-03,2.972144930537550852e-07,-1.599397329303035349e+02,-2.189092499666143998e-01,-1.599397517385652066e+02,-2.126368520464593792e-01,4.117036581511479199e+01,-3.169849390253175886e-02,4.117036585784485681e+01,-3.165215485413003932e-02
4.466835921509660778e+01,5.309415042606154884e+02,-1.835577105745267668e+00,5.309415160661484379e+02,-1.833647143332319152e+00,-8.601179959013133258e-03,8.348528439766846319e-08,-8.601179958947083662e-03,3.029725738457865205e-07,-1.599397211989041239e+02,-2.231502688611896879e-01,-1.599397407429706561e+02,-2.167563542925763642e-01,4.117036482328926184e+01,-3.231260341921216722e-02,4.117036486769141845e+01,-3.226536662347614243e-02
4.553374104426279700e+01,5.309412569604453438e+02,-1.871137764908980872e+00,5.309412692279307748e+02,-1.869170414725223495e+00,-8.601179958874171499e-03,8.510268537071005738e-08,-8.601179958804919604e-03,3.088422087345834675e-07,-1.599397090112865953e+02,-2.274734501128471142e-01,-1.599397293199722867e+02,-2.209556647872231994e-01,4.117036379279897318e+01,-3.293861033024888391e-02,4.117036383893926654e+01,-3.289045839477695854e-02
4.641588833612811271e+01,5.309409999936127633e+02,-1.907387306621278311e+00,5.309410127411321128e+02,-1.905381844473267972e+00,-8.601179958728015842e-03,8.675142103810924207e-08,-8.601179958656949426e-03,3.148255589117076195e-07,-1.599396963332482642e+02,-2.318803853883737998e-01,-1.599397174364378316e+02,-2.252363295967330092e-01,4.117036272198065916e+01,-3.357674512657796845e-02,4.117036276992539712e+01,-3.352766032201886376e-02
4.731512589614837339e+01,5.309407329684671595e+02,-1.944339073802284323e+00,5.309407462146309626e+02,-1.942294761473388087e+00,-8.601179958573580350e-03,8.843209846208803015e-08,-8.601179958498971628e-03,3.209248274386575891e-07,-1.599396831735650437e+02,-2.363726973140255483e-01,-1.599397051023597953e+02,-2.295999248600898157e-01,4.117036160909096765e+01,-3.422724276432367180e-02,4.117036165891077815e+01,-3.417720701785614129e-02
4.823178482239340070e+01,5.309404554963663259e+02,-1.982006667809628864e+00,5.309404692606768776e+02,-1.979922752791135609e+00,-8.601179958412388110e-03,9.014533646583582003e-08,-8.601179958335605780e-03,3.271422600579701365e-07,-1.599396694911140173e+02,-2.409520398046400558e-01,-1.599396922778229850e+02,-2.340480571088077999e-01,4.117036045278600653e+01,-3.489034275212445080e-02,4.117036050455561735e+01,-3.483933764080106299e-02
4.916620262745677650e+01,5.309401671692626223e+02,-2.020403953289173771e+00,5.309401814720200719e+02,-2.018279668503088153e+00,-8.601179958249683191e-03,9.189176586128032707e-08,-8.601179958169183348e-03,3.334801460200207810e-07,-1.599396552768347703e+02,-2.456200989103819454e-01,-1.599396789549896312e+02,-2.385823640892293096e-01,4.117035925121934525e+01,-3.556628923781822438e-02,4.117035930501361207e+01,-3.551429598177718860e-02
5.011872336272757877e+01,5.309398675632157847e+02,-2.059545063291677192e+00,5.309398824253469229e+02,-2.057379626807449569e+00,-8.601179958077170146e-03,9.367202968124122238e-08,-8.601179957993743824e-03,3.399408189258103611e-07,-1.599396405098467540e+02,-2.503785933095509786e-01,-1.599396651143475765e+02,-2.432045152415196199e-01,4.117035800269615464e+01,-3.625533109940006632e-02,4.117035805859421060e+01,-3.620233055495716834e-02
5.108969774506964256e+01,5.309395562355983884e+02,-2.099444404443956191e+00,5.309395716792267876e+02,-2.097237019195528518e+00,-8.601179957897686981e-03,9.548678341644349074e-08,-8.601179957810749580e-03,3.465266575864439127e-07,-1.599396251631171708e+02,-2.552292749558262575e-01,-1.599396507302059547e+02,-2.479162123280857222e-01,4.117035670545337211e+01,-3.695772203630461050e-02,4.117035676353959417e+01,-3.690369468890659227e-02
5.207948328595499987e+01,5.309392327233772448e+02,-2.140116662228707334e+00,5.309392487713714672e+02,-2.137866515718183535e+00,-8.601179957711667379e-03,9.733669525681242095e-08,-8.601179957622077585e-03,3.532400868989508784e-07,-1.599396092141535064e+02,-2.601739297563878117e-01,-1.599396357814629823e+02,-2.527191900923962953e-01,4.117035535722356343e+01,-3.767372066199875524e-02,4.117035541758206563e+01,-3.761864661903019380e-02
5.308844442309921163e+01,5.309388965687614927e+02,-2.181576806573115146e+00,5.309389132443661765e+02,-2.179283070568888814e+00,-8.601179957518023667e-03,9.922244633724114192e-08,-8.601179957424941874e-03,3.600835787388652928e-07,-1.599395926450713716e+02,-2.652143782312703091e-01,-1.599396202517697247e+02,-2.576152168995444192e-01,4.117035395634033534e+01,-3.840359060118409690e-02,4.117035401906066028e+01,-3.834744958465113873e-02
5.411695265464675231e+01,5.309385472486659410e+02,-2.223840096809391209e+00,5.309385645767800952e+02,-2.221501927052581316e+00,-8.601179957314795607e-03,1.011447309887068674e-07,-8.601179957217442926e-03,3.670596528706959914e-07,-1.599395754261579157e+02,-2.703524761292245282e-01,-1.599396041128781008e+02,-2.626060953342502224e-01,4.117035250080502351e+01,-3.914760058517208208e-02,4.117035256597905146e+01,-3.909037192423212015e-02
5.516538667595619216e+01,5.309381842727473213e+02,-2.266922088033795468e+00,5.309382022787571032e+02,-2.264538623918084248e+00,-8.601179957109178834e-03,1.031042569938770376e-07,-8.601179957008086088e-03,3.741708778756551697e-07,-1.599395575322036791e+02,-2.755901151636256374e-01,-1.599395873411988589e+02,-2.676936629162626202e-01,4.117035098814685057e+01,-3.990602455054165915e-02,4.117035105587091692e+01,-3.984768717389716719e-02
5.623413251903531318e+01,5.309378070956904594e+02,-2.310838636136029134e+00,5.309378258058557094e+02,-2.308409000394865185e+00,-8.601179956892666262e-03,1.051017458474361864e-07,-8.601179956787814371e-03,3.814198720971228581e-07,-1.599395389369902318e+02,-2.809292236912990237e-01,-1.599395699122008239e+02,-2.728797927593123451e-01,4.117034941644796930e+01,-4.067914174190526144e-02,4.117034948682005080e+01,-4.061967417003937986e-02
5.732358369467753789e+01,5.309374151614988477e+02,-2.355605903967913139e+00,5.309374346037523082e+02,-2.353129202359090399e+00,-8.601179956665476467e-03,1.071379330219928380e-07,-8.601179956556999004e-03,3.888093046049752454e-07,-1.599395196079395021e+02,-2.863717674030336058e-01,-1.599395517949452596e+02,-2.781663942414575597e-01,4.117034778305058040e+01,-4.146723681223603297e-02,4.117034785617595105e+01,-4.140661714951619082e-02
5.843414133735218030e+01,5.309370078914294027e+02,-2.401240367183867352e+00,5.309370280944478964e+02,-2.398715688153126635e+00,-8.601179956436121737e-03,1.092135682390721466e-07,-8.601179956322485207e-03,3.963418961785291968e-07,-1.599394995329971607e+02,-2.919197501432777564e-01,-1.599395329792183986e+02,-2.835554138023391180e-01,4.117034608586721589e+01,-4.227059993023248030e-02,4.117034616185343054e+01,-4.220880585683902536e-02
5.956621435290148270e+01,5.309365846862499438e+02,-2.447758820303049365e+00,5.309366056792982818e+02,-2.445185234647560435e+00,-8.601179956190634079e-03,1.113294157443901834e-07,-8.601179956073011154e-03,4.040204203075462040e-07,-1.599394786719587387e+02,-2.975752144735062665e-01,-1.599395134266693219e+02,-2.890488354900616619e-01,4.117034432207259442e+01,-4.308952688452529628e-02,4.117034440103288517e+01,-4.302653564824038962e-02
6.072021956909929230e+01,5.309361449339317005e+02,-2.495178382950289375e+00,5.309361667482937719e+02,-2.492554943490360220e+00,-8.601179955935778915e-03,1.134862545902605700e-07,-8.601179955813793160e-03,4.118477042144527624e-07,-1.599394569996840403e+02,-3.033402425793833568e-01,-1.599394931140707286e+02,-2.946486818417973774e-01,4.117034248962848864e+01,-4.392431919569541460e-02,4.117034257167769340e+01,-4.386010760351716914e-02
6.189658188912650871e+01,5.309356879768118915e+02,-2.543516505847522868e+00,5.309357106447268961e+02,-2.540842247069368121e+00,-8.601179955674397720e-03,1.156848789217334454e-07,-8.601179955547103712e-03,4.198266298945988984e-07,-1.599394344626307998e+02,-3.092169568737562213e-01,-1.599394719898959352e+02,-3.003570144704421629e-01,4.117034058528681584e+01,-4.477528422310952938e-02,4.117034067054481028e+01,-4.470982863272178476e-02
6.309573444801979036e+01,5.309352131396343566e+02,-2.592790977462325230e+00,5.309352366942248409e+02,-2.590064915162590964e+00,-8.601179955402779923e-03,1.179260982692805666e-07,-8.601179955270805630e-03,4.279601351776997719e-07,-1.599394110605447281e+02,-3.152075210905017078e-01,-1.599394500559430128e+02,-3.061759351262557383e-01,4.117033860657390676e+01,-4.564273528223822263e-02,4.117033869516749434e+01,-4.557601159330874896e-02
6.431811877215135098e+01,5.309347197318550116e+02,-2.643019930557584107e+00,5.309347442080459132e+02,-2.640241061490766761e+00,-8.601179955119615805e-03,1.202107378466581508e-07,-8.601179954981871822e-03,4.362512148093316319e-07,-1.599393867264182632e+02,-3.213141406178328663e-01,-1.599394272473869023e+02,-3.121075860218918141e-01,4.117033655027640293e+01,-4.652699175676746485e-02,4.117033664233645140e+01,-4.645897540206992554e-02
6.556418494179837353e+01,5.309342070165158702e+02,-2.694221848563074673e+00,5.309342324501492385e+02,-2.691389150064775304e+00,-8.601179954824686794e-03,1.225396388550225801e-07,-8.601179954682383957e-03,4.447029215538649575e-07,-1.599393614574368314e+02,-3.275390638226013951e-01,-1.599394035636606759e+02,-3.181541511173057168e-01,4.117033441392236170e+01,-4.742837921942829466e-02,4.117033450958407315e+01,-4.735904515579599655e-02
6.683439175686196165e+01,5.309336742432254823e+02,-2.746415572654981929e+00,5.309337006717184977e+02,-2.743528002272838329e+00,-8.601179954517559206e-03,1.249136587925000459e-07,-8.601179954369726072e-03,4.533183673183250841e-07,-1.599393351947375379e+02,-3.338845823998943252e-01,-1.599393789482453769e+02,-3.243178564606801761e-01,4.117033219362836860e+01,-4.834722954701197589e-02,4.117033229303242337e+01,-4.827655224612360796e-02
6.812920690579663585e+01,5.309331206289198235e+02,-2.799620308492561271e+00,5.309331480914195254e+02,-2.796676803605419259e+00,-8.601179954198449884e-03,1.273336717699113567e-07,-8.601179954044853998e-03,4.621007242981900821e-07,-1.599393079053378699e+02,-3.403530325440735083e-01,-1.599393533705578534e+02,-3.306009713251515936e-01,4.117032988648550429e+01,-4.928388104793453295e-02,4.117032998977805391e+01,-4.921183448691247159e-02
6.944910713781264633e+01,5.309325453642439925e+02,-2.853855633321195739e+00,5.309325739012535905e+02,-2.850855110745326382e+00,-8.601179953868236597e-03,1.298005688326313821e-07,-8.601179953707755593e-03,4.710532261454083746e-07,-1.599392795492144330e+02,-3.469467956763629402e-01,-1.599393267931485809e+02,-3.370058089162305537e-01,4.117032748902589390e+01,-5.023867858329447711e-02,4.117032759636079930e+01,-5.016523623513097219e-02
7.079457843841433373e+01,5.309319475806850051e+02,-2.909141502817097713e+00,5.309319772339417796e+02,-2.906082858407570413e+00,-8.601179953526045044e-03,1.323152582887748268e-07,-8.601179953359757921e-03,4.801791691591193798e-07,-1.599392500740210323e+02,-3.536682992953852356e-01,-1.599392991662176939e+02,-3.435347271972510330e-01,4.117032499785633348e+01,-5.121197369528301957e-02,4.117032510938930301e+01,-5.113710851905826915e-02
7.216611620833937479e+01,5.309313264205678706e+02,-2.965498259113370061e+00,5.309313572340552128e+02,-2.962380367369446432e+00,-8.601179953168164652e-03,1.348786660433956211e-07,-8.601179952995261294e-03,4.894819134991161401e-07,-1.599392194475097710e+02,-3.605200180121638232e-01,-1.599392704602795447e+02,-3.501901298956290320e-01,4.117032240926186404e+01,-5.220412473566716366e-02,4.117032252515784307e+01,-5.212780916661308855e-02
7.356422544596469493e+01,5.309306809545535089e+02,-3.022946637414280602e+00,5.309307129731132591e+02,-3.019768351051691280e+00,-8.601179952796127182e-03,1.374917359396195407e-07,-8.601179952616716876e-03,4.989648844232615143e-07,-1.599391876248492679e+02,-3.675044743196630992e-01,-1.599392406333220720e+02,-3.569744672497436322e-01,4.117031971958114411e+01,-5.321549699858770660e-02,4.117031984001140188e+01,-5.313770293793163013e-02
7.498942093324616565e+01,5.309300102536712984e+02,-3.081507774345085160e+00,5.309300435249160728e+02,-3.078267923896254032e+00,-8.601179952416042329e-03,1.401554301062989537e-07,-8.601179952229406900e-03,5.086315735487934514e-07,-1.599391545594341721e+02,-3.746242395667400138e-01,-1.599392096417040534e+02,-3.638902369555708227e-01,4.117031692438359158e+01,-5.424646285294932452e-02,4.117031704952658799e+01,-5.416716165757399365e-02
7.644222742526062575e+01,5.309293133056460192e+02,-3.141203214800422305e+00,5.309293478786090645e+02,-3.137900608171058980e+00,-8.601179952013725261e-03,1.428707293115235564e-07,-8.601179951819568070e-03,5.184855401372035089e-07,-1.599391202029166266e+02,-3.818819349041603917e-01,-1.599391774401183852e+02,-3.709399850854339653e-01,4.117031401982229966e+01,-5.529740188291275976e-02,4.117031414986121973e+01,-5.521656435480094133e-02
7.792317984342003001e+01,5.309285890904659482e+02,-3.202054920652573688e+00,5.309286250158071425e+02,-3.198688342686343944e+00,-8.601179951598562565e-03,1.456386333249049676e-07,-8.601179951396883613e-03,5.285304124059039001e-07,-1.599390844994857162e+02,-3.892802322220352829e-01,-1.599391439759085358e+02,-3.781263069980767000e-01,4.117031100191275073e+01,-5.636870102587566295e-02,4.117031113703841072e+01,-5.628629740136966569e-02
7.943282347242877961e+01,5.309278365426505388e+02,-3.264085278382754307e+00,5.309278738733225964e+02,-3.260653490423742085e+00,-8.601179951165098536e-03,1.484601612846219918e-07,-8.601179950956053949e-03,5.387698888630752917e-07,-1.599390473914018571e+02,-3.968218551558775897e-01,-1.599391091946461927e+02,-3.854518483177201138e-01,4.117030786563653066e+01,-5.746075471240231353e-02,4.117030800604918284e+01,-5.737675465125294250e-02
8.097171416105683761e+01,5.309270545653832869e+02,-3.327317107449629052e+00,5.309270933564997677e+02,-3.323818846886788858e+00,-8.601179950717919784e-03,1.513363520734260626e-07,-8.601179950500038515e-03,5.492077396702033677e-07,-1.599390088462411370e+02,-4.045095802285170183e-01,-1.599390730673418091e+02,-3.929193060410902660e-01,4.117030460691306359e+01,-5.857396501676994521e-02,4.117030475281794111e+01,-5.848833759095164314e-02
8.254041852680249747e+01,5.309262419898011558e+02,-3.391773668158519772e+00,5.309262822982406078e+02,-3.388207647958401125e+00,-8.601179950246767153e-03,1.542682647004556098e-07,-8.601179950021024118e-03,5.598478080295546900e-07,-1.599389687912261877e+02,-4.123462375441649397e-01,-1.599390355247675473e+02,-4.005314292135913612e-01,4.117030122047491147e+01,-5.970874179910705404e-02,4.117030137208846696e+01,-5.962145548145190987e-02
8.413951416452017895e+01,5.309253976346760737e+02,-3.457478670880284710e+00,5.309254395200405270e+02,-3.453843579127133800e+00,-8.601179949763865240e-03,1.572569786919599448e-07,-8.601179949529368790e-03,5.706940116000292212e-07,-1.599389271512231119e+02,-4.203347120118406943e-01,-1.599389964954992251e+02,-4.082910201167826436e-01,4.117029770156363355e+01,-6.086550286101316543e-02,4.117029785910750661e+01,-6.077652551358430494e-02
8.576958985909010380e+01,5.309245202428310222e+02,-3.524456283969008563e+00,5.309245637667909250e+02,-3.520750783376270565e+00,-8.601179949260266341e-03,1.603035944880502068e-07,-8.601179949016334730e-03,5.817503439389124687e-07,-1.599388839036292325e+02,-4.284779447001114128e-01,-1.599389559607859610e+02,-4.162009355843271363e-01,4.117029404498465794e+01,-6.204467409665308936e-02,4.117029420869277345e+01,-6.195397295893541323e-02
8.743124580220806763e+01,5.309236085242265517e+02,-3.592731143120523996e+00,5.309236537508426181e+02,-3.588953870545021463e+00,-8.601179948736629652e-03,1.634092338483282484e-07,-8.601179948483615029e-03,5.930208759727524327e-07,-1.599388389523007277e+02,-4.367789332576522132e-01,-1.599389138284606986e+02,-4.242640874113813299e-01,4.117029024547780836e+01,-6.324668965060809001e-02,4.117029041559018054e+01,-6.315423132742857548e-02
8.912509381337527259e+01,5.309226611463594736e+02,-3.662328360274670569e+00,5.309227081420325476e+02,-3.658477926216475939e+00,-8.601179948189242863e-03,1.665750402646523281e-07,-8.601179947926520727e-03,6.045097574959867299e-07,-1.599387922587460480e+02,-4.452407337106559782e-01,-1.599388700641728747e+02,-4.324834440995433682e-01,4.117028629725951561e+01,-6.447199207628664941e-02,4.117028647402757713e+01,-6.437774252553701837e-02
9.085175756516942158e+01,5.309216767106721591e+02,-3.733273532501503844e+00,5.309217255446619674e+02,-3.729348520602685291e+00,-8.601179947625747432e-03,1.698021793825804184e-07,-8.601179947352202357e-03,6.162212186993224908e-07,-1.599387437217848174e+02,-4.538664609338292077e-01,-1.599388245710970864e+02,-4.408620313163832960e-01,4.117028219476093653e+01,-6.572103250104498195e-02,4.117028237844378680e+01,-6.562495702113607665e-02
9.261187281288010809e+01,5.309206537650084101e+02,-3.805592751505362692e+00,5.309207045094693740e+02,-3.801591718032190315e+00,-8.601179947037853116e-03,1.730918394298565920e-07,-8.601179946753918781e-03,6.281595717265651292e-07,-1.599386932868688405e+02,-4.626592903978323235e-01,-1.599387772991483416e+02,-4.494029335905984079e-01,4.117027793142761993e+01,-6.699427078846714734e-02,4.117027812229702022e+01,-6.689633400557284948e-02
9.440608762859311298e+01,5.309195907988378167e+02,-3.879312613101579821e+00,5.309196435283729443e+02,-3.875234086409951484e+00,-8.601179946429922743e-03,1.764452316547233879e-07,-8.601179946133840140e-03,6.403292122631690247e-07,-1.599386408801196353e+02,-4.716224589746067508e-01,-1.599387281790699831e+02,-4.581092950952128096e-01,4.117027350168531541e+01,-6.829217571389215036e-02,4.117027370002315934e+01,-6.819234156891412768e-02
9.623506263980965514e+01,5.309184862510551284e+02,-3.954460227035997200e+00,5.309185410431083483e+02,-3.950302707038369388e+00,-8.601179945789740391e-03,1.798635907709969404e-07,-8.601179945482623213e-03,6.527346211538172951e-07,-1.599385864357367097e+02,-4.807592662820575624e-01,-1.599386771499885356e+02,-4.669843209557862918e-01,4.117026889831028313e+01,-6.961522512845789989e-02,4.117026910440770138e+01,-6.951345686375329236e-02
9.809947127268854672e+01,5.309173385041867732e+02,-4.031063226820668532e+00,5.309173954396252384e+02,-4.026825184445991468e+00,-8.601179945134328902e-03,1.833481754139849786e-07,-8.601179944815786835e-03,6.653803660535403676e-07,-1.599385298357870511e+02,-4.900730755363872371e-01,-1.599386240989068710e+02,-4.760312780754080708e-01,4.117026411493087323e+01,-7.096390614312700351e-02,4.117026432909008804e+01,-7.086016628897842673e-02
1.000000000000007958e+02,5.309161458535349993e+02,-4.109149779378045153e+00,5.309162050161403386e+02,-4.104829656005597904e+00,-8.601179944451467149e-03,1.869002686023588302e-07,-8.601179944119062906e-03,6.782711031079897415e-07,-1.599384710356581820e+02,-4.995673155434373625e-01,-1.599385689864950564e+02,-4.852534970711592788e-01,4.117025914446157486e+01,-7.233871530279288586e-02,4.117025936699904776e+01,-7.223296566362763516e-02
1.019373485938881032e+02,5.309149065444217968e+02,-4.188748595846044864e+00,5.309149680214530918e+02,-4.184344802743936498e+00,-8.601179943737014347e-03,1.905211782115488341e-07,-8.601179943392212035e-03,6.914115786688067616e-07,-1.599384099437473878e+02,-5.092454812381798090e-01,-1.599385117265838119e+02,-4.946543727977478766e-01,4.117025397956686561e+01,-7.374015877057306378e-02,4.117025421081046233e+01,-7.363236041089128714e-02
1.039122303835177945e+02,5.309136187652658236e+02,-4.269888941970909180e+00,5.309136826473056772e+02,-4.265399859713110864e+00,-8.601179942997735917e-03,1.942122374553196806e-07,-8.601179942639784401e-03,7.048066310412260771e-07,-1.599383464543721232e+02,-5.191111351563931775e-01,-1.599384522190833025e+02,-5.042373657777329266e-01,4.117024861265132785e+01,-7.516875251404288305e-02,4.117024885294271286e+01,-7.505886574409437184e-02
1.059253725177297980e+02,5.309122806038711815e+02,-4.352600648125058314e+00,5.309123469848182140e+02,-4.348024625999912018e+00,-8.601179942227305322e-03,1.979748053760589960e-07,-8.601179941855462141e-03,7.184611922649536252e-07,-1.599382804745262376e+02,-5.291679089168427330e-01,-1.599383903769086146e+02,-5.140060036407134714e-01,4.117024303559103515e+01,-7.662502249410793609e-02,4.117024328528250976e+01,-7.651300685526976619e-02
1.079775162327719045e+02,5.309108901085529624e+02,-4.436914121109428955e+00,5.309109590859198988e+02,-4.432249476520816245e+00,-8.601179941427034015e-03,2.018102673457787222e-07,-8.601179941040764873e-03,7.323802899307255600e-07,-1.599382119239829763e+02,-5.394195045658410903e-01,-1.599383261259059736e+02,-5.239638824294883257e-01,4.117023724064600998e+01,-7.810950486196673037e-02,4.117023750010550742e+01,-7.799531911186538546e-02
1.100694171252219036e+02,5.309094452143413037e+02,-4.522860354095403324e+00,5.309095168900610133e+02,-4.518105371962673367e+00,-8.601179940600195417e-03,2.057200355759652911e-07,-8.601179940198884488e-03,7.465690490312316256e-07,-1.599381406860656512e+02,-5.498696956098765298e-01,-1.599382593557326118e+02,-5.341146676043481145e-01,4.117023121875705272e+01,-7.962274615005227041e-02,4.117023148836729263e+01,-7.950634824738296580e-02
1.122018454301972952e+02,5.309079438019683721e+02,-4.610470938836359167e+00,5.309080182814313957e+02,-4.605623870951895960e+00,-8.601179939737193039e-03,2.097055496371806574e-07,-8.601179939319265194e-03,7.610326938477545209e-07,-1.599380666673756082e+02,-5.605223288008286397e-01,-1.599381899795304491e+02,-5.444620957763897096e-01,4.117022496133433407e+01,-8.116530347984637905e-02,4.117022524149309248e+01,-8.104665056889462371e-02
1.143755863049547941e+02,5.309063836552511475e+02,-4.699778076499585566e+00,5.309064610480299962e+02,-4.694837140903314499e+00,-8.601179938841739189e-03,2.137682769898302423e-07,-8.601179938407256878e-03,7.757765498744492903e-07,-1.599379897431778659e+02,-5.713813251774662039e-01,-1.599381178794904486e+02,-5.550099757205892992e-01,4.117021845922435119e+01,-8.273774476301860858e-02,4.117021875034247813e+01,-8.261679315787755218e-02
1.165914401179842059e+02,5.309047624954635012e+02,-4.790814589950340263e+00,5.309048429154164523e+02,-4.785777970281161586e+00,-8.601179937914054177e-03,2.179097135241042979e-07,-8.601179937463013930e-03,7.908060457788241619e-07,-1.599379098063812705e+02,-5.824506818451125056e-01,-1.599380429555319267e+02,-5.657621901026234079e-01,4.117021170240104766e+01,-8.434064890910362988e-02,4.117021200490861332e+01,-8.421735407762016845e-02
1.188502227437029006e+02,5.309030779120557781e+02,-4.883613934540539603e+00,5.309031614777989034e+02,-4.878479779383547488e+00,-8.601179936943006282e-03,2.221313841103235886e-07,-8.601179936474530330e-03,8.061267154001278040e-07,-1.599378267618116354e+02,-5.937344734167186999e-01,-1.599379651199226089e+02,-5.767226968814856969e-01,4.117020468164752600e+01,-8.597460604524258254e-02,4.117020499598923067e+01,-8.584892259260012981e-02
1.211527658628598942e+02,5.309013274357142791e+02,-4.978210211491276738e+00,5.309014142702043273e+02,-4.972976633694833559e+00,-8.601179935934059884e-03,2.264348431612486715e-07,-8.601179935447919242e-03,8.217441997877492537e-07,-1.599377404550665460e+02,-6.052368529837870437e-01,-1.599378842259071121e+02,-5.878955302512031134e-01,4.117019738597975476e+01,-8.764021772292732160e-02,4.117019771262044969e+01,-8.751209937496606805e-02
1.234999172687595035e+02,5.308995084845794281e+02,-5.074638179386710135e+00,5.308995987156170031e+02,-5.069303255384484785e+00,-8.601179934890706980e-03,2.308216752042046744e-07,-8.601179934384667325e-03,8.376642492780249652e-07,-1.599376507817441961e+02,-6.169620544454543776e-01,-1.599378001770529352e+02,-5.992848029044445246e-01,4.117018980489328328e+01,-8.933809714847194827e-02,4.117019014431252089e+01,-8.920749673462867457e-02
1.258925411794178046e+02,5.308976183985481612e+02,-5.172933267401984558e+00,5.308977121590683055e+02,-5.167495036517546048e+00,-8.601179933807058184e-03,2.352934954637737364e-07,-8.601179933281190640e-03,8.538927256108001865e-07,-1.599375575832243896e+02,-6.289143932852127028e-01,-1.599377128230530900e+02,-6.108947067868530922e-01,4.117018192706346014e+01,-9.106886940327260649e-02,4.117018227976076616e+01,-9.093573883924045698e-02
1.283315185557661948e+02,5.308956543712582743e+02,-5.273131586944875160e+00,5.308957517993611646e+02,-5.267588050679621325e+00,-8.601179932678972712e-03,2.398519504572510959e-07,-8.601179932132999723e-03,8.704356040884520964e-07,-1.599374607503465597e+02,-6.410982689507807031e-01,-1.599376220633087371e+02,-6.227295154084749873e-01,4.117017374135921415e+01,-9.283317167812978055e-02,4.117017410785555143e+01,-9.269746194816452789e-02
1.308177474260205884e+02,5.308936135238824363e+02,-5.375269946090417861e+00,5.308937147627810873e+02,-5.369619067394592271e+00,-8.601179931504483386e-03,2.444987186005422375e-07,-8.601179930936718801e-03,8.872989757756022868e-07,-1.599373601305792363e+02,-6.535181657516627718e-01,-1.599375277542561946e+02,-6.347935847180872226e-01,4.117016523538114825e+01,-9.463165350130751940e-02,4.117016561621436210e+01,-9.449331464016745563e-02
1.333521432163335874e+02,5.308914928527852908e+02,-5.479385861986309614e+00,5.308915980516546824e+02,-5.473625564535334220e+00,-8.601179930285782899e-03,2.492355108266604203e-07,-8.601179929696393250e-03,9.044890497423799746e-07,-1.599372555655576775e+02,-6.661786547922121660e-01,-1.599374297468481245e+02,-6.470913549791699193e-01,4.117015639647787140e+01,-9.646497698187488090e-02,4.117015679221155722e+01,-9.632395805647155085e-02
1.359356390878537866e+02,5.308892892354958803e+02,-5.585517574551047026e+00,5.308893985492333059e+02,-5.579645741986325902e+00,-8.601179929020472126e-03,2.540640712149215713e-07,-8.601179928407930858e-03,9.220121553498076311e-07,-1.599371469186962713e+02,-6.790843958829106963e-01,-1.599373279140901900e+02,-6.596273526273114252e-01,4.117014721197818972e+01,-9.833381705445995435e-02,4.117014762319191590e+01,-9.819006614506042840e-02
1.385691862803139998e+02,5.308869994206161209e+02,-5.693704060124816557e+00,5.308871130098632420e+02,-5.687718535285248400e+00,-8.601179927702658212e-03,2.589861776334525513e-07,-8.601179927065393666e-03,9.398747445805972131e-07,-1.599370340200989915e+02,-6.922401387978509568e-01,-1.599372220961818982e+02,-6.724061914932221162e-01,4.117013766793713359e+01,-1.002388617216739553e-01,4.117013809523915313e+01,-1.000923259028555501e-01
1.412537544622767030e+02,5.308846200469459973e+02,-5.803985045966467915e+00,5.308847380791391970e+02,-5.797883630127095067e+00,-8.601179926338459528e-03,2.640036423943465229e-07,-8.601179925676553234e-03,9.580833944153420666e-07,-1.599369166989108635e+02,-7.056507252820151121e-01,-1.599371121326684602e+02,-6.854325747518468237e-01,4.117012775047363249e+01,-1.021808123135087704e-01,4.117012819449262651e+01,-1.020314376346388302e-01
1.439903320881645925e+02,5.308821476119204590e+02,-5.916401023997323705e+00,5.308822702606742041e+02,-5.910181476058601113e+00,-8.601179924919367253e-03,2.691183129198345638e-07,-8.601179924231228471e-03,9.766448092530033581e-07,-1.599367947888993342e+02,-7.193210908833908013e-01,-1.599369978681712325e+02,-6.987112967032992339e-01,4.117011744528074502e+01,-1.041603837430693652e-01,4.117011790667110915e+01,-1.040081152084703225e-01
1.467799267622083050e+02,5.308795784753124281e+02,-6.030993265506262802e+00,5.308797059211306077e+02,-6.024653301196678079e+00,-8.601179923444512293e-03,2.743320724233161975e-07,-8.601179922730304087e-03,9.955658233802674501e-07,-1.599366681062622320e+02,-7.332562665712429872e-01,-1.599368791301083377e+02,-7.122472443443179646e-01,4.117010673673655674e+01,-1.061783047650686623e-01,4.117010721617696589e+01,-1.060230863137746893e-01
1.496235656094447108e+02,5.308769088478785534e+02,-6.147803835815908613e+00,5.308770412786889210e+02,-6.141341126876530332e+00,-8.601179921909099871e-03,2.796468406025945031e-07,-8.601179921167170783e-03,1.014853403487800207e-06,-1.599365364708550601e+02,-7.474613807725976056e-01,-1.599367557500952728e+02,-7.260453993483558799e-01,4.117009560930230094e+01,-1.082353182508274392e-01,4.117009610749897064e+01,-1.080770927359647332e-01
1.525222956539033135e+02,5.308741348055800700e+02,-6.266875609780781176e+00,5.308742724157891644e+02,-6.260287783099719228e+00,-8.601179920314876853e-03,2.850645743466497773e-07,-8.601179919543684715e-03,1.034514651235245720e-06,-1.599363997011473941e+02,-7.619416612151586055e-01,-1.599366275586911001e+02,-7.401108398544247180e-01,4.117008404674653832e+01,-1.103321814577000182e-01,4.117008456443388553e+01,-1.101708906254578596e-01
1.554771842041187995e+02,5.308712522741294606e+02,-6.388252286920892864e+00,5.308713952664843418e+02,-6.381536923717275656e+00,-8.601179918656394474e-03,2.905872684560139509e-07,-8.601179917855450094e-03,1.054556805865981649e-06,-1.599362575640504929e+02,-7.767024363642345275e-01,-1.599364943354784714e+02,-7.544487418665297707e-01,4.117007203146955874e+01,-1.124696663038933508e-01,4.117007256940986082e+01,-1.123052507720872784e-01
1.584893192461128137e+02,5.308682569933072273e+02,-6.511978406376655926e+00,5.308684055783828626e+02,-6.505133041314696385e+00,-8.601179916938019032e-03,2.962169563777460001e-07,-8.601179916105754220e-03,1.074987246873033876e-06,-1.599361098732907180e+02,-7.917491383130386140e-01,-1.599363559073083536e+02,-7.690643820584887047e-01,4.117005954640558940e+01,-1.146485596624764874e-01,4.117006010539171967e+01,-1.144809588987023424e-01
1.615598098439888872e+02,5.308651445782086284e+02,-6.638099364332092023e+00,5.308652989747254196e+02,-6.631121484636458341e+00,-8.601179915151904373e-03,3.019557109532423433e-07,-8.601179914286117764e-03,1.095813496715307458e-06,-1.599359564019097206e+02,-8.070873039418620110e-01,-1.599362120608338103e+02,-7.839631389025996100e-01,4.117004657288435254e+01,-1.168696636393868477e-01,4.117004715373793289e+01,-1.166988159387373214e-01
1.646897865482883105e+02,5.308619104373298114e+02,-6.766661428474360029e+00,5.308620708722643258e+02,-6.759548473025693838e+00,-8.601179913292593057e-03,3.078056451822920578e-07,-8.601179912394001092e-03,1.117043223588207042e-06,-1.599357969251306031e+02,-8.227225773603681347e-01,-1.599360625855070452e+02,-7.991504950435374122e-01,4.117003309173216508e+01,-1.191337958741725545e-01,4.117003369531036583e+01,-1.189596383365664339e-01
1.678804018122575883e+02,5.308585497936570619e+02,-6.897711755082257312e+00,5.308587165031516406e+02,-6.890461113515717884e+00,-8.601179911360314068e-03,3.137689130007681108e-07,-8.601179910425700570e-03,1.138684244246697518e-06,-1.599356312206236623e+02,-8.386607119922591114e-01,-1.599359072736567953e+02,-8.146320393204679045e-01,4.117001908327277704e+01,-1.214417898407822022e-01,4.117001971046380504e+01,-1.212642583477898800e-01
1.711328304161795870e+02,5.308550577430768271e+02,-7.031298407401188832e+00,5.308552309727056127e+02,-7.023907419170745570e+00,-8.601179909354631989e-03,3.198477100737045189e-07,-8.601179908384225942e-03,1.160744526883466491e-06,-1.599354590183581024e+02,-8.549075721584126208e-01,-1.599357458706107309e+02,-8.304134683108896908e-01,4.117000452670380639e+01,-1.237944951505545732e-01,4.117000517843273144e+01,-1.236135243418380880e-01
1.744482698999269985e+02,5.308514291117988932e+02,-7.167470369411523379e+00,5.308516091160946644e+02,-7.159936322820374954e+00,-8.601179907270099789e-03,3.260442746035719273e-07,-8.601179906261149921e-03,1.183232194062619934e-06,-1.599352800827800820e+02,-8.714691360862091285e-01,-1.599355781566654855e+02,-8.465005892495983675e-01,4.116998940081880676e+01,-1.261927778686269819e-01,4.116999007804454891e+01,-1.260083011178672885e-01
1.778279410038938977e+02,5.308476585704823947e+02,-7.306277566169170790e+00,5.308478456146928011e+02,-7.298597697438997223e+00,-8.601179905101920958e-03,3.323608881546133027e-07,-8.601179904053313577e-03,1.206155525710616506e-06,-1.599350941574543583e+02,-8.883514975297819305e-01,-1.599354038919392735e+02,-8.628993216076602524e-01,4.116997368310104832e+01,-1.286375208270984782e-01,4.116997438681938348e+01,-1.284494702175004721e-01
1.812730881184716054e+02,5.308437405767444943e+02,-7.447770880274260819e+00,5.308439349356686989e+02,-7.439942372519552372e+00,-8.601179902851627257e-03,3.387998764928512190e-07,-8.601179901761716109e-03,1.229522962164902186e-06,-1.599349009538100006e+02,-9.055608678667333988e-01,-1.599352228050333906e+02,-8.796156991277439552e-01,4.116995735030188541e+01,-1.311296239529466390e-01,4.116995808155243708e+01,-1.309379302522881150e-01
1.847849797422308029e+02,5.308396693583426895e+02,-7.592002169614895379e+00,5.308398713181535413e+02,-7.584022151880961182e+00,-8.601179900509408824e-03,3.453636104422023211e-07,-8.601179899377500021e-03,1.253343107281357577e-06,-1.599347001946129296e+02,-9.231035788522330421e-01,-1.599350346365438895e+02,-8.966558725010630448e-01,4.116994037863207012e+01,-1.336700046001493558e-01,4.116994113848993919e+01,-1.334745972352511800e-01
1.883649089489817925e+02,5.308354389341584465e+02,-7.739024286447068413e+00,5.308356487919960500e+02,-7.730889832667652506e+00,-8.601179898082034550e-03,3.520545067579608878e-07,-8.601179896904887628e-03,1.277624731602818192e-06,-1.599344915694822760e+02,-9.409860844409205782e-01,-1.599348390946530287e+02,-9.140261111384971882e-01,4.116992274308066158e+01,-1.362595978826671994e-01,4.116992353266507365e+01,-1.360604049134830074e-01
1.920141938638820136e+02,5.308310430728398615e+02,-7.888891095139848098e+00,5.308312611374283279e+02,-7.880599223105582141e+00,-8.601179895555980531e-03,3.588750290158606540e-07,-8.601179894333699574e-03,1.302376775587557897e-06,-1.599342747841408254e+02,-9.592149637166847986e-01,-1.599346359042801566e+02,-9.317328060165693815e-01,4.116990441757626229e+01,-1.388993570190688032e-01,4.116990523805074531e+01,-1.386963051122160340e-01
1.957341781487679100e+02,5.308264753113852521e+02,-8.041657491873506203e+00,5.308267019036226202e+02,-8.033205162180099279e+00,-8.601179892929506840e-03,3.658276885194498553e-07,-8.601179891659099450e-03,1.327608352901451233e-06,-1.599340495376092406e+02,-9.777969230566965209e-01,-1.599344247845492362e+02,-9.497824717826116592e-01,4.116988537519712565e+01,-1.415902536842603698e-01,4.116988622776929674e+01,-1.413832680860368785e-01
1.995262314968898920e+02,5.308217289295113233e+02,-8.197379423462056280e+00,5.308219643825605090e+02,-8.188763538425211763e+00,-8.601179890201753053e-03,3.729150452255030989e-07,-8.601179888881763796e-03,1.353328753774374288e-06,-1.599338154675430133e+02,-9.967387979107100726e-01,-1.599342053938318315e+02,-9.681817484831052312e-01,4.116986558767668214e+01,-1.443332783632846894e-01,4.116986647360297269e+01,-1.441222828721972216e-01
2.033917501372310994e+02,5.308167969662858923e+02,-8.356113907732959589e+00,5.308170416265019185e+02,-8.347331310307959384e+00,-8.601179887367266935e-03,3.801397086852458038e-07,-8.601179885995425059e-03,1.379547448419516197e-06,-1.599335722366649293e+02,-1.016047556346773684e+00,-1.599339774165275969e+02,-9.869374050106666241e-01,4.116984502626978326e+01,-1.471294407212984101e-01,4.116984594685602161e+01,-1.469143576600278889e-01
2.073321573485974909e+02,5.308116721398087066e+02,-8.517919051406357411e+00,5.308119263671707131e+02,-8.508966524076036819e+00,-8.601179884426057159e-03,3.875043390063945288e-07,-8.601179883000518653e-03,1.406274090521473523e-06,-1.599333194891075323e+02,-1.035730301081178029e+00,-1.599337405191770358e+02,-1.006056341074929472e+00,4.116982366043755093e+01,-1.499797699653811212e-01,4.116982461703724283e+01,-1.497605201521956531e-01
2.113489039836667018e+02,5.308063469196697497e+02,-8.682854072792892453e+00,5.308066110880306496e+02,-8.673728336426513863e+00,-8.601179881365690963e-03,3.950116478310438044e-07,-8.601179879884138235e-03,1.433518520789194963e-06,-1.599330568604046903e+02,-1.055794272203618656e+00,-1.599334943606800437e+02,-1.025545589854310879e+00,4.116980145875255914e+01,-1.528853152290757800e-01,4.116980245277733275e+01,-1.526618179487731486e-01
2.154434690031903870e+02,5.308008134812930621e+02,-8.850979321425452184e+00,5.308010879792165042e+02,-8.841677034137401137e+00,-8.601179878182469915e-03,4.026643993361375108e-07,-8.601179876643928052e-03,1.461290770581363040e-06,-1.599327839552530577e+02,-1.076246849534547634e+00,-1.599332385699750887e+02,-1.045412320286021712e+00,4.116977838818081636e+01,-1.558471459525877512e-01,4.116977942109321731e+01,-1.556193189267548183e-01
2.196173600205457035e+02,5.307950636759616145e+02,-9.022356298435074251e+00,5.307953489072232287e+02,-9.012874054413137159e+00,-8.601179874876399220e-03,4.104654112496683331e-07,-8.601179873276668456e-03,1.489601065598309395e-06,-1.599325003796991496e+02,-1.097095555747302331e+00,-1.599329727783045598e+02,-1.065663840099470461e+00,4.116975441531570823e+01,-1.588663522848793863e-01,4.116975548863686640e+01,-1.586341116416697394e-01
2.238721138568361084e+02,5.307890890613266492e+02,-9.197047679188672831e+00,5.307893854451732523e+02,-9.187382007491612157e+00,-8.601179871442911351e-03,4.184175558889514783e-07,-8.601179869780753093e-03,1.518459829647981073e-06,-1.599322057078251760e+02,-1.118348058671589040e+00,-1.599326965859164602e+02,-1.086307598058991575e+00,4.116972950462633918e+01,-1.619440454711326416e-01,4.116973061993798666e+01,-1.617073057144380321e-01
2.282092971067473002e+02,5.307828808531324967e+02,-9.375117333843149936e+00,5.307831888253822399e+02,-9.365264697206940880e+00,-8.601179867877426638e-03,4.265237612177842623e-07,-8.601179866151073203e-03,1.547877688483471787e-06,-1.599318995083601180e+02,-1.140012174458473693e+00,-1.599324095887498629e+02,-1.107351187037478812e+00,4.116970361947282697e+01,-1.650813582684040048e-01,4.116970477841601195e+01,-1.648400322463924594e-01
2.326305067153649020e+02,5.307764299123748515e+02,-9.556630349335087260e+00,5.307767499259804254e+02,-9.546587142940390791e+00,-8.601179864169482964e-03,4.347870119237918151e-07,-8.601179862374857751e-03,1.577865473714729547e-06,-1.599315813332195546e+02,-1.162095870285061450e+00,-1.599321113669888916e+02,-1.128802346646130106e+00,4.116967672160224367e+01,-1.682794453577094729e-01,4.116967792588535957e+01,-1.680334442308326071e-01
2.371373705661677889e+02,5.307697267656070608e+02,-9.741653052882139008e+00,5.307700592912619868e+02,-9.731415603100069589e+00,-8.601179860317781020e-03,4.432103505191420550e-07,-8.601179858452939406e-03,1.608434226798461313e-06,-1.599312507112692003e+02,-1.184607267172375300e+00,-1.599318014788913160e+02,-1.150668965976035407e+00,4.116964877136592094e+01,-1.715394837698866193e-01,4.116965002276214847e+01,-1.712887169781822094e-01
2.417315480804128072e+02,5.307627615542924104e+02,-9.930253033521255546e+00,5.307631070805795162e+02,-9.919817596621779643e+00,-8.601179856314259548e-03,4.517968784594316365e-07,-8.601179854376760775e-03,1.639595203102266318e-06,-1.599309071531791062e+02,-1.207554643020245289e+00,-1.599314794655975902e+02,-1.172959086545417362e+00,4.116961972782969070e+01,-1.748626733187094995e-01,4.116962102818221325e+01,-1.746070485485341495e-01
2.464147308281305868e+02,5.307555240340609544e+02,-1.012249916565479602e+01,5.307558830690917375e+02,-1.011186192654677463e+01,-8.601179852151284028e-03,4.605497572859370379e-07,-8.601179850137882429e-03,1.671359876049095862e-06,-1.599305501616956349e+02,-1.230946435788394133e+00,-1.599311448616066684e+02,-1.195680905394384652e+00,4.116958954808140447e+01,-1.782502370356693622e-01,4.116959089930464444e+01,-1.779896601857595961e-01
2.511886431509605018e+02,5.307480035724328218e+02,-1.031846163299292130e+01,5.307483766436018868e+02,-1.030761870387227042e+01,-8.601179847831491240e-03,4.694722097901426152e-07,-8.601179845740094740e-03,1.703739941342222519e-06,-1.599301791980119845e+02,-1.254791246063358345e+00,-1.599307971610370203e+02,-1.218842777582129555e+00,4.116955818772751741e+01,-1.817034216231165622e-01,4.116955959181336056e+01,-1.814377967700328831e-01
2.560550427970501914e+02,5.307401891322754182e+02,-1.051821195241657136e+01,5.307405767882451073e+02,-1.050715937147579204e+01,-8.601179843337651912e-03,4.785675211988652146e-07,-8.601179841164215134e-03,1.736747321270131784e-06,-1.599297937246569461e+02,-1.279097840855577095e+00,-1.599304358606878509e+02,-1.242453219875525594e+00,4.116952560050420118e+01,-1.852234979085610189e-01,4.116952705951845815e+01,-1.849527272713837878e-01
2.610157215682563105e+02,5.307320692093776415e+02,-1.072182299647632320e+01,5.307324720198058685e+02,-1.071055672650692081e+01,-8.601179838671523317e-03,4.878390403859935141e-07,-8.601179836412708654e-03,1.770394169098305315e-06,-1.599293931721761055e+02,-1.303875156284878711e+00,-1.599300604266427968e+02,-1.266520913361812273e+00,4.116949173837797105e+01,-1.888117613118404370e-01,4.116949325447024677e+01,-1.885357452162960412e-01
2.660725059798837151e+02,5.307236318690710277e+02,-1.092936901993407162e+01,5.307240504262556442e+02,-1.091788494697843959e+01,-8.601179833822645074e-03,4.972901811038101837e-07,-8.601179831475461862e-03,1.804692873542420141e-06,-1.599289769543431419e+02,-1.329132301077630141e+00,-1.599296703096914314e+02,-1.291054706850556455e+00,4.116945655132302306e+01,-1.924695323186299822e-01,4.116945812672759786e+01,-1.921881691604510334e-01
2.712272579332055784e+02,5.307148647359991855e+02,-1.114092568511012615e+01,5.307152996544739381e+02,-1.112921961700709339e+01,-8.601179828784045328e-03,5.069244232408363942e-07,-8.601179826345291268e-03,1.839656063330692577e-06,-1.599285444512320282e+02,-1.354878559609620003e+00,-1.599292649282758418e+02,-1.316063619829808129e+00,4.116941998812177417e+01,-1.961981569724395025e-01,4.116942162515714898e+01,-1.959113431799930083e-01
2.764818754010136104e+02,5.307057549173251800e+02,-1.135657008493382492e+01,5.307062068365820551e+02,-1.134463774997144547e+01,-8.601179823542644265e-03,5.167453141020603896e-07,-8.601179821007590501e-03,1.875296611852725808e-06,-1.599280950353418405e+02,-1.381123395724362268e+00,-1.599288436948411345e+02,-1.341556846181406470e+00,4.116938199449457869e+01,-1.999990073510422295e-01,4.116938369557365007e+01,-1.997066373473547485e-01
2.818382931264483204e+02,5.306962890240507704e+02,-1.157638077022971679e+01,5.306967586075531926e+02,-1.156421781561886775e+01,-8.601179818101295504e-03,5.267564697166753602e-07,-8.601179815467379849e-03,1.911627641901084070e-06,-1.599276280491707212e+02,-1.407876455810718408e+00,-1.599284059933555682e+02,-1.367543757174101593e+00,4.116934251436948955e+01,-2.038734820814141757e-01,4.116934428199621721e+01,-2.035754482453179803e-01
2.872984833353693830e+02,5.306864531692328910e+02,-1.180043777659542670e+01,5.306869411070933893e+02,-1.178803976707333590e+01,-8.601179812448662629e-03,5.369615761682435716e-07,-8.601179809711865729e-03,1.948662530501849974e-06,-1.599271427710950206e+02,-1.435147571697303226e+00,-1.599279511452666327e+02,-1.394033904278759728e+00,4.116930148992764771e+01,-2.078230068535870667e-01,4.116930332670405335e+01,-2.075191994802195183e-01
2.928644564625266753e+02,5.306762328863841276e+02,-1.202882264836997095e+01,5.306767398955111048e+02,-1.201618506467450764e+01,-8.601179806573416159e-03,5.473643909515153503e-07,-8.601179803729512227e-03,1.986414913839598478e-06,-1.599266385347668233e+02,-1.462946766352714256e+00,-1.599274785290364207e+02,-1.421037024707068497e+00,4.116925886048204575e+01,-2.118490349322538491e-01,4.116926076911508403e+01,-2.115393421928051243e-01
2.985382618917989817e+02,5.306656131954275679e+02,-1.226161846915612408e+01,5.306661400200623575e+02,-1.224873670648691615e+01,-8.601179800469245171e-03,5.579687443570899358e-07,-8.601179797513888725e-03,2.024898692279457133e-06,-1.599261145586366979e+02,-1.491284254488304928e+00,-1.599269874096139006e+02,-1.448563042008088830e+00,4.116921456357015785e+01,-2.159530477007765847e-01,4.116921654687045873e+01,-2.156373556013589099e-01
3.043219887107753152e+02,5.306545784658970888e+02,-1.249890988417574533e+01,5.306551258799187281e+02,-1.248577925071646888e+01,-8.601179794120013267e-03,5.687785408804891997e-07,-8.601179791049221382e-03,2.064128035483887913e-06,-1.599255700979745427e+02,-1.520170449016888359e+00,-1.599264770906053741e+02,-1.476622072339978109e+00,4.116916853366321050e+01,-2.201365551907942253e-01,4.116917059455207806e+01,-2.198147475306246323e-01
3.102177664799532977e+02,5.306431125284412929e+02,-1.274078313372369209e+01,5.306436813358246809e+02,-1.272739884905059782e+01,-8.601179787531196969e-03,5.797977606617296316e-07,-8.601179784340089868e-03,2.104117387631884006e-06,-1.599250043342757124e+02,-1.549615962807975977e+00,-1.599259468038031855e+02,-1.505224426186484221e+00,4.116912070306780436e+01,-2.244010966452952283e-01,4.116912284458039295e+01,-2.240730549740124755e-01
3.162277660168412012e+02,5.306311985328046603e+02,-1.298732607599439248e+01,5.306317895683290544e+02,-1.297368326947477968e+01,-8.601179780676409398e-03,5.910304609473033246e-07,-8.601179777360910481e-03,2.144881472733877517e-06,-1.599244164452337031e+02,-1.579631613848334837e+00,-1.599253957790312199e+02,-1.534380613369543678e+00,4.116907100129534314e+01,-2.287482410758777396e-01,4.116907322658583723e+01,-2.284138446500699471e-01
3.223542001952495752e+02,5.306188190036816650e+02,-1.323862821906519649e+01,5.306194331353059397e+02,-1.322472192830809234e+01,-8.601179773558937855e-03,6.024807775881714119e-07,-8.601179770113468251e-03,2.186435300057093071e-06,-1.599238055543242467e+02,-1.610228428205505713e+00,-1.599248231940376854e+02,-1.564101345938544219e+00,4.116901935524333567e+01,-2.331795878397908972e-01,4.116902166758794124e+01,-2.328387135786510742e-01
3.285993247600688960e+02,5.306059557676862823e+02,-1.349478074750117607e+01,5.306065938967506099e+02,-1.348060591668031272e+01,-8.601179766162005830e-03,6.141529265592546714e-07,-8.601179762581397797e-03,2.228794169648755316e-06,-1.599231707786831294e+02,-1.641417644971778333e+00,-1.599242282222892584e+02,-1.594397542975487969e+00,4.116896568861285743e+01,-2.376967672191979131e-01,4.116896809141690028e+01,-2.373492896593827617e-01
3.349654391578312129e+02,5.305925899395382430e+02,-1.375587655202810744e+01,5.305932530024308562e+02,-1.374142803025030091e+01,-8.601179758474936099e-03,6.260512055131988940e-07,-8.601179754754577009e-03,2.271973677970879890e-06,-1.599225111678605913e+02,-1.673210719111132727e+00,-1.599236099718831952e+02,-1.625280333369593100e+00,4.116890992303051178e+01,-2.423014410312311073e-01,4.116891241983302052e+01,-2.419472322807987852e-01
3.414548873833638254e+02,5.305787019339763901e+02,-1.402201026099717396e+01,5.305793909037182630e+02,-1.400728280064044284e+01,-8.601179750488146050e-03,6.381799953621381860e-07,-8.601179746622392847e-03,2.315989723642267843e-06,-1.599218257567953287e+02,-1.705619326679146619e+00,-1.599229675386447411e+02,-1.656761060894438309e+00,4.116885197554244513e+01,-2.469953032076512289e-01,4.116885457002032211e+01,-2.466342328991411870e-01
3.480700588428446736e+02,5.305642713560857828e+02,-1.429327826627519293e+01,5.305649872437675185e+02,-1.427826652129951235e+01,-8.601179742183329147e-03,6.505437618907852546e-07,-8.601179738166176217e-03,2.360858513292461297e-06,-1.599211135428635373e+02,-1.738655368597689987e+00,-1.599222999831216896e+02,-1.688851287879087337e+00,4.116879176129165785e+01,-2.517800804458678043e-01,4.116879445726610243e+01,-2.514120156884696589e-01
3.548133892335791870e+02,5.305492770544694849e+02,-1.456977875754270713e+01,5.305500209101560358e+02,-1.455447728174211619e+01,-8.601179733561163665e-03,6.631470574022580350e-07,-8.601179729387434594e-03,2.406596567530452164e-06,-1.599203734677411148e+02,-1.772330974561274086e+00,-1.599216063127042844e+02,-1.721562799015342371e+00,4.116872919159894195e+01,-2.566575328188948069e-01,4.116873199304190223e+01,-2.562823381497114639e-01
3.616873614408197000e+02,5.305336970352266235e+02,-1.485161175012920864e+01,5.305344699499121361e+02,-1.483601499541735613e+01,-8.601179724600942211e-03,6.759945223912110596e-07,-8.601179720263921885e-03,2.453220727024606714e-06,-1.599196044487538018e+02,-1.806658508101982141e+00,-1.599208855129504627e+02,-1.754907606281617793e+00,4.116866417434446390e+01,-2.616294544236173469e-01,4.116866708537941832e+01,-2.612469917579208767e-01
3.686945064519613879e+02,5.305175084568468264e+02,-1.513887911727802660e+01,5.305183115640842288e+02,-1.512298143193101119e+01,-8.601179715286975946e-03,6.890908872536857058e-07,-8.601179710779434037e-03,2.500748158704528162e-06,-1.599188053501235913e+02,-1.841650570431166978e+00,-1.599201365190178308e+02,-1.788897952686029136e+00,4.116859661352073374e+01,-2.666976740315724070e-01,4.116859963843479875e+01,-2.663078026122432385e-01
3.758374042884482265e+02,5.305006875860759692e+02,-1.543168462083042058e+01,5.305015220633292756e+02,-1.541548024768946767e+01,-8.601179705610343187e-03,7.024409740302210982e-07,-8.601179700926929808e-03,2.549196362083309735e-06,-1.599179749974409788e+02,-1.877320005310283424e+00,-1.599193582301570871e+02,-1.823546317005338313e+00,4.116852640986691370e+01,-2.718640557659355306e-01,4.116852955311694018e+01,-2.714666321118409664e-01
3.831186849557328742e+02,5.304832097639945232e+02,-1.573013394283182897e+01,5.304840768348303754e+02,-1.571361701752878126e+01,-8.601179695552520557e-03,7.160496981789331418e-07,-8.601179690686000176e-03,2.598583175698472734e-06,-1.599171121706913254e+02,-1.913679903533137772e+00,-1.599185495029312278e+02,-1.858865418149802329e+00,4.116845345984925331e+01,-2.771304997700982375e-01,4.116845672606210371e+01,-2.767253776234164242e-01
3.905410294116422278e+02,5.304650493915032712e+02,-1.603433471861063708e+01,5.304659503265403373e+02,-1.601749926769612387e+01,-8.601179685105245568e-03,7.299220703877775120e-07,-8.601179680048427756e-03,2.648926783682417196e-06,-1.599162155915123265e+02,-1.950743607334869179e+00,-1.599177091384901246e+02,-1.894868219458462733e+00,4.116837765619030165e+01,-2.824989429093155424e-01,4.116838105017608029e+01,-2.820859731820077321e-01
3.981071705535014758e+02,5.304461798547181388e+02,-1.634439656692642728e+01,5.304471159742660120e+02,-1.632723650607376342e+01,-8.601179674246719684e-03,7.440631984157398779e-07,-8.601179668991817268e-03,2.700245722454152857e-06,-1.599152839484008553e+02,-1.988524715810457533e+00,-1.599168359080395589e+02,-1.931567933970016915e+00,4.116829888723928832e+01,-2.879713594700451518e-01,4.116830241399599544e+01,-2.875503901891830472e-01
4.058198942243841998e+02,5.304265735087313942e+02,-1.666043112364059908e+01,5.304275461845224982e+02,-1.664294025577280678e+01,-8.601179662964319322e-03,7.584782889781164143e-07,-8.601179657503350839e-03,2.752558887548891073e-06,-1.599143158788360211e+02,-2.027037089393366021e+00,-1.599159285349176685e+02,-1.968978028785123735e+00,4.116821703717885583e+01,-2.935497618842751733e-01,4.116822070190099936e+01,-2.931206381363784530e-01
4.136820402388552225e+02,5.304062016511254569e+02,-1.698255207536937661e+01,5.304072123076736034e+02,-1.696472408873592386e+01,-8.601179651237999754e-03,7.731726496587184200e-07,-8.601179645563757428e-03,2.805885540570534455e-06,-1.599133099342512594e+02,-2.066294853936762266e+00,-1.599149856597457244e+02,-2.007112229047688601e+00,4.116813198509521499e+01,-2.992362014513766377e-01,4.116813579317916094e+01,-2.987987653256297671e-01
4.216965034285868228e+02,5.303850344483302024e+02,-1.731087519061554758e+01,5.303860845660041150e+02,-1.729270365695564493e+01,-8.601179639054478201e-03,7.881516908683357359e-07,-8.601179633158416785e-03,2.860245316287927895e-06,-1.599122646543556812e+02,-2.106312407677437548e+00,-1.599140059150211925e+02,-2.045984524718626130e+00,4.116804360598785451e+01,-3.050327691013187681e-01,4.116804756304045299e+01,-3.045868596317386490e-01
4.298662347082324118e+02,5.303630409162448132e+02,-1.764551835446447825e+01,5.303641320328017628e+02,-1.762699672704960463e+01,-8.601179626399824835e-03,8.034209278340106674e-07,-8.601179620272628862e-03,2.915658229861559435e-06,-1.599111784942124928e+02,-2.147104424551212976e+00,-1.599129878520647878e+02,-2.085609173810434314e+00,4.116795176962438063e+01,-3.109415961417001939e-01,4.116795588147481055e+01,-3.104870492482473820e-01
4.381942421619485231e+02,5.303401888712556911e+02,-1.798660160188455848e+01,5.303413225835436151e+02,-1.796772321354595192e+01,-8.601179613240026930e-03,8.189859826287425907e-07,-8.601179606872783392e-03,2.972144684212186605e-06,-1.599100498599715934e+02,-2.188685860373895231e+00,-1.599119299771505212e+02,-2.126000708407482787e+00,4.116785634113231396e+01,-3.169648550441284129e-01,4.116786061383325546e+01,-3.165015034725193743e-01
4.466835921509680247e+02,5.303164448832985727e+02,-1.833424715142739814e+01,5.303176228507769565e+02,-1.831500521268354476e+01,-8.601179599570541248e-03,8.348525862458546995e-07,-8.601179592955275621e-03,3.029725477537271268e-06,-1.599088770848670151e+02,-2.231071957555857299e+00,-1.599108307274828746e+02,-2.167173939262213800e+00,4.116775717947868429e+01,-3.231047602137062102e-01,4.116776161932276068e+01,-3.226324334743170819e-01
4.553374104426299027e+02,5.302917742176578031e+02,-1.868857943854582970e+01,5.302929981636988259e+02,-1.866896703556081150e+01,-8.601179585366092867e-03,8.510265807043342062e-07,-8.601179578491945782e-03,3.088421810964310235e-06,-1.599076584594462247e+02,-2.274278251397555906e+00,-1.599096885016935232e+02,-2.209143961924472599e+00,4.116765413923585726e+01,-3.293635688233335079e-01,4.116765875276230702e+01,-3.288820931287552152e-01
4.641588833612830172e+02,5.302661408061809425e+02,-1.904972515100633501e+01,5.302674125213044363e+02,-1.902973524365677704e+01,-8.601179570744568390e-03,8.675139212187109477e-07,-8.601179563601598146e-03,3.148255296377221926e-06,-1.599063921636949601e+02,-2.318320573732755019e+00,-1.599085015919780233e+02,-2.251926160299007940e+00,4.116754706800538344e+01,-3.357435815964946446e-01,4.116755186200679617e+01,-3.352527797979300006e-01
4.731512589614857234e+02,5.302395071601325753e+02,-1.941781326083647485e+01,5.302408285041111640e+02,-1.939743868068377708e+01,-8.601179555406802610e-03,8.843206783242620971e-07,-8.601179547984583521e-03,3.209247964300436704e-06,-1.599050763515950848e+02,-2.363215060966469050e+00,-1.599072682689832732e+02,-2.295536214474948711e+00,4.116743580877573550e+01,-3.422471436826160507e-01,4.116744079031141723e+01,-3.417468352051066804e-01
4.823178482239359823e+02,5.302118343784711669e+02,-1.979297506286324548e+01,5.302132072826692593e+02,-1.977220851111525590e+01,-8.601179539471998786e-03,9.014530402120517122e-07,-8.601179531758425950e-03,3.271422272119252112e-06,-1.599037090776725449e+02,-2.408978157743267623e+00,-1.599059867083845745e+02,-2.339990104303667717e+00,4.116732019735895420e+01,-3.488766454702531550e-01,4.116732537376432788e+01,-3.483666462466545877e-01
4.916620262745698255e+02,5.301830820119084819e+02,-2.017534420366798997e+01,5.301845084832530119e+02,-2.015417824924984203e+01,-8.601179522908120045e-03,9.189173149404109410e-07,-8.601179514893435643e-03,3.334801112275771945e-06,-1.599022883537667212e+02,-2.455626624478478348e+00,-1.599046550479787356e+02,-2.385304116737765323e+00,4.116720006362169215e+01,-3.556345234767954167e-01,4.116720544251804625e+01,-3.551146458804637085e-01
5.011872336272779194e+02,5.301532080819514476e+02,-2.056505672143109109e+01,5.301546902043758109e+02,-2.054348379884576303e+01,-8.601179505696667296e-03,9.367199327751493417e-07,-8.601179497368228663e-03,3.399407820716802906e-06,-1.599008120648343265e+02,-2.503177540771867715e+00,-1.599032713035215920e+02,-2.431494849174023365e+00,4.116707523087180931e+01,-3.625232612254752906e-01,4.116708082017935766e+01,-3.619933140017180806e-01
5.108969774506985004e+02,5.301221689676850701e+02,-2.096225107672512422e+01,5.301237089061207826e+02,-2.094026348409166616e+01,-8.601179487818043368e-03,9.548674485568970913e-07,-8.601179479163501007e-03,3.465266185485910335e-06,-1.598992780419991959e+02,-2.551648313678452240e+00,-1.599018334420264864e+02,-2.478579217502030918e+00,4.116694551523463730e+01,-3.695453901375683747e-01,4.116695132318508854e+01,-3.690051783337920943e-01
5.207948328595522298e+02,5.300899193656568968e+02,-2.136706818855538259e+01,5.300915193687583269e+02,-2.134465808553568422e+01,-8.601179469239562600e-03,9.733665441111911237e-07,-8.601179460245919964e-03,3.532400455478784429e-06,-1.598976840428680930e+02,-2.601056683325816632e+00,-1.599003393623196985e+02,-2.526574461590514797e+00,4.116681072574235145e+01,-3.767034904541459173e-01,4.116681676088692399e+01,-3.761528153485756421e-01
5.308844442309944043e+02,5.300564122203165880e+02,-2.177965146846299049e+01,5.300580746230366458e+02,-2.175681087415984294e+01,-8.601179449926582565e-03,9.922240307119565315e-07,-8.601179440581602914e-03,3.600835349374897747e-06,-1.598960277322120191e+02,-2.651420728592689624e+00,-1.598987868758841842e+02,-2.575498150829530264e+00,4.116667066385837614e+01,-3.840001921648406036e-01,4.116667693508163950e+01,-3.834388511939826327e-01
5.411695265464699105e+02,5.300215986774625208e+02,-2.220014685644115104e+01,5.300233259058728663e+02,-2.217686764746504124e+01,-8.601179429865841303e-03,1.011446851590100517e-06,-8.601179420155398783e-03,3.670596064739402345e-06,-1.598943066346339776e+02,-2.702758871888887082e+00,-1.598971736597521840e+02,-2.625368188806874059e+00,4.116652512361817884e+01,-3.914381759661721416e-01,4.116653164015577460e+01,-3.908659626509473628e-01
5.516538667595643801e+02,5.299854279677653039e+02,-2.262870285148900962e+01,5.299872225408913664e+02,-2.260497675977331511e+01,-8.601179409016369848e-03,1.031042084484435231e-06,-8.601179398925918804e-03,3.741708287295557951e-06,-1.598925182513002312e+02,-2.755089889542324144e+00,-1.598954973734475686e+02,-2.676202823413375231e+00,4.116637389034202954e+01,-3.990201742098844484e-01,4.116638066178883548e+01,-3.984368780802033938e-01
5.623413251903556329e+02,5.299478473877604756e+02,-2.306547054976637412e+01,5.299497119225155757e+02,-2.304128916062717281e+01,-8.601179387353127467e-03,1.051016944254566252e-06,-8.601179376867882850e-03,3.814198200388785241e-06,-1.598906599468195679e+02,-2.808432914667085445e+00,-1.598937555460904605e+02,-2.728020649674274267e+00,4.116621674200955994e+01,-4.067489719206067722e-01,4.116622377833356694e+01,-4.061543784385713285e-01
5.732358369467780221e+02,5.299088021883410420e+02,-2.351060367538293860e+01,5.299107394016575654e+02,-2.348595842533484301e+01,-8.601179364839292921e-03,1.071378785530133400e-06,-8.601179353943786202e-03,3.888092494620240059e-06,-1.598887289895583592e+02,-2.862807445225963310e+00,-1.598919456169808768e+02,-2.780840617606863852e+00,4.116605344694886526e+01,-4.146274077610961895e-01,4.116606075851154856e+01,-4.140212982428963517e-01
5.843414133735243468e+02,5.298682355171497420e+02,-2.396425861549348824e+01,5.298702482315159159e+02,-2.393914079035359421e+01,-8.601179341448087282e-03,1.092135105424357646e-06,-8.601179330126275738e-03,3.963418377679795708e-06,-1.598867225306767352e+02,-2.918233350138256910e+00,-1.598900649148747846e+02,-2.834682038192172016e+00,4.116588376461839260e+01,-4.226583750753043489e-01,4.116589136218356515e+01,-4.220405266113924081e-01
5.956621435290173849e+02,5.298260883462921811e+02,-2.442659445406170349e+01,5.298281794928410591e+02,-2.440099518683731361e+01,-8.601179317136803393e-03,1.113293546289713733e-06,-8.601179305373124820e-03,4.040203584359061672e-06,-1.598846376333329715e+02,-2.974730877297909526e+00,-1.598881106874062255e+02,-2.889564591198003018e+00,4.116570744572106832e+01,-4.308448229390501871e-01,4.116571534047518099e+01,-4.302150083129864244e-01
6.072021956909956089e+02,5.297822993520143200e+02,-2.489777300135545701e+01,5.297844719741227664e+02,-2.487168327017383618e+01,-8.601179291877572922e-03,1.134861898534342253e-06,-8.601179279652612295e-03,4.118476386765844981e-06,-1.598824712297552821e+02,-3.032320659118261652e+00,-1.598860800585051720e+02,-2.945508330605591141e+00,4.116552423027880536e+01,-4.391897571875718054e-01,4.116553243384367988e+01,-4.385477447932228379e-01
6.189658188912677588e+02,5.297368048727970518e+02,-2.537795882987659013e+01,5.297390621314667669e+02,-2.535136945607773740e+01,-8.601179265631624798e-03,1.156848103489381954e-06,-8.601179252928687138e-03,4.198265604732892988e-06,-1.598802201280282986e+02,-3.091023719939845815e+00,-1.598839700353513251e+02,-3.002533691848874753e+00,4.116533384884373703e+01,-4.476962415272774387e-01,4.116534237329759804e+01,-4.470417952845714415e-01
6.309573444802006179e+02,5.296895387826766637e+02,-2.586731930267302104e+01,5.296918839604361438e+02,-2.584022094877504827e+01,-8.601179238355821655e-03,1.179260256331797114e-06,-8.601179225156624711e-03,4.279600616428000856e-06,-1.598778810290333752e+02,-3.150861484021265646e+00,-1.598817775257164442e+02,-3.060661499615900727e+00,4.116513602131746552e+01,-4.563673986183233167e-01,4.116514487920905196e+01,-4.557002778872675242e-01
6.431811877215162667e+02,5.296404324252664537e+02,-2.636602460656428448e+01,5.296428689308540925e+02,-2.633840777430464897e+01,-8.601179210012042942e-03,1.202106609064695996e-06,-8.601179196296139529e-03,4.362511369170819654e-06,-1.598754504946520285e+02,-3.211855781766304929e+00,-1.598794993063683023e+02,-3.119912973951545432e+00,4.116493045625664848e+01,-4.652064111866801577e-01,4.116493966062896703e+01,-4.645263706799681036e-01
6.556418494179865775e+02,5.295894145326675471e+02,-2.687424778385594237e+01,5.295919459054963454e+02,-2.684610281221997852e+01,-8.601179180564147431e-03,1.225395573557921421e-06,-8.601179166311678434e-03,4.447028390461472669e-06,-1.598729249479731607e+02,-3.274028857279335014e+00,-1.598771320237002556e+02,-3.180309737644106072e+00,4.116471685156706428e+01,-4.742165231878966991e-01,4.116472641596833171e+01,-4.735233128815303782e-01
6.683439175686224871e+02,5.295364110708483167e+02,-2.739216475644545312e+01,5.295390409859359124e+02,-2.736348181975798610e+01,-8.601179149961802120e-03,1.249135724640523589e-06,-8.601179135151367991e-03,4.533182799216245851e-06,-1.598703006845920811e+02,-3.337403376521760112e+00,-1.598746722051985785e+02,-3.241873824193937104e+00,4.116449489227641578e+01,-4.834010409262038954e-01,4.116450483078639166e+01,-4.826944059688278998e-01
6.812920690579693428e+02,5.294813451967175979e+02,-2.791995435991907826e+01,5.294840774705040758e+02,-2.789072346603978048e+01,-8.601179118164723261e-03,1.273335803260843281e-06,-8.601179102774376278e-03,4.621006317228020672e-06,-1.598675738290810671e+02,-3.402002433326579478e+00,-1.598721162164530938e+02,-3.304627683725537945e+00,4.116426425223434649e+01,-4.927633342843330544e-01,4.116427457948392998e+01,-4.920430149046176038e-01
6.944910713781295044e+02,5.294241370769753985e+02,-2.845779836365138493e+01,5.294269756720416353e+02,-2.842800935208657620e+01,-8.601179085121059970e-03,1.298004719703619438e-06,-8.601179069129032823e-03,4.710531280845239791e-06,-1.598647404056746097e+02,-3.467849560324577141e+00,-1.598694603319894725e+02,-3.368594193643771995e+00,4.116402459182020124e+01,-5.023068378830035652e-01,4.116403532301025336e+01,-5.015725692953231230e-01
7.079457843841463500e+02,5.293647038983600623e+02,-2.900588150902864726e+01,5.293676529284756498e+02,-2.897552404908400092e+01,-8.601179050781140173e-03,1.323151556869009554e-06,-8.601179034163828480e-03,4.801790652876019151e-06,-1.598617962345141734e+02,-3.534968732635214828e+00,-1.598667006319316215e+02,-3.433796662291363599e+00,4.116377555857306447e+01,-5.120350523311071322e-01,4.116378670949998764e+01,-5.112865646395485797e-01
7.216611620833969027e+02,5.293029596407250210e+02,-2.956439152327335762e+01,5.293060233777223402e+02,-2.953345511244740607e+01,-8.601179015103824904e-03,1.348785573619479853e-06,-8.601178997836514059e-03,4.894818034727853831e-06,-1.598587369906468894e+02,-3.603384378542956235e+00,-1.598638330615345922e+02,-3.500258839391901411e+00,4.116351678582528706e+01,-5.219515454493912632e-01,4.116352837290409639e+01,-5.211885635499091673e-01
7.356422544596501893e+02,5.292388149927074892e+02,-3.013351914631172335e+01,5.292419978709561974e+02,-3.010199310845643339e+01,-8.601178978026790753e-03,1.374916208182834485e-06,-8.601178960083531028e-03,4.989647678773397828e-06,-1.598555582091823339e+02,-3.673121388156143308e+00,-1.598608534364527713e+02,-3.568004924511246401e+00,4.116324789265346595e+01,-5.320599535493242271e-01,4.116325993293951768e+01,-5.312821970300122265e-01
7.498942093324649250e+02,5.291721772664828904e+02,-3.071345815690242986e+01,5.291754838901897529e+02,-3.068133164073235974e+01,-8.601178939505843904e-03,1.401553081634869411e-06,-8.601178920860678631e-03,5.086314500969738786e-06,-1.598522551692240654e+02,-3.744205116557118185e+00,-1.598577573273039718e+02,-3.637059570215493309e+00,4.116296848370241435e+01,-5.423639827328684548e-01,4.116298099491694273e+01,-5.415711657724208150e-01
7.644222742526095544e+02,5.291029502222708061e+02,-3.130440538790092475e+01,5.291063853710477360e+02,-3.127166736535649605e+01,-8.601178899472566863e-03,1.428706001430887181e-06,-8.601178880097261684e-03,5.184854093703376504e-06,-1.598488230729882957e+02,-3.816661400619883793e+00,-1.598545402391344510e+02,-3.707447898464196978e+00,4.116267814815630999e+01,-5.528674101937015584e-01,4.116269114871540324e+01,-5.520592414580547391e-01
7.792317984342035970e+02,5.290310339647370483e+02,-3.190656074786438268e+01,5.290346026001715245e+02,-3.187320001263550751e+01,-8.601178857870331318e-03,1.456384965025712671e-06,-8.601178837738051794e-03,5.285302738904213189e-06,-1.598452568531825762e+02,-3.890516558827050719e+00,-1.598511974191198988e+02,-3.779195500529262119e+00,4.116237645820098834e+01,-5.635740855271849092e-01,4.116238996723684096e+01,-5.627502680640524835e-01
7.943282347242911783e+02,5.289563247993629602e+02,-3.252012723693146512e+01,5.289600320721782509e+02,-3.248613240310908878e+01,-8.601178814642944370e-03,1.484600163549580812e-06,-8.601178793722380478e-03,5.387697421399270114e-06,-1.598415512801852572e+02,-3.965797405101819439e+00,-1.598477239643985968e+02,-3.852328450518229364e+00,4.116206297036971762e+01,-5.744879321413538520e-01,4.116207700776642042e+01,-5.736481632730965341e-01
8.097171416105718436e+02,5.288787151069249148e+02,-3.314531096312485658e+01,5.288825663634769398e+02,-3.311067046383280399e+01,-8.601178769863429205e-03,1.513361985589100662e-06,-8.601178748124828702e-03,5.492075842561796018e-06,-1.598377009273099247e+02,-4.042531256214389579e+00,-1.598441147876706339e+02,-3.926873312655008164e+00,4.116173722342826125e+01,-5.856129486007490836e-01,4.116175180984410531e+01,-5.847569198149077385e-01
8.254041852680285274e+02,5.287980931729114218e+02,-3.378232115171987004e+01,5.288020939625399706e+02,-3.374702323792243419e+01,-8.601178723188832725e-03,1.542681020894636028e-06,-8.601178700599874244e-03,5.598476434064796025e-06,-1.598337001301785278e+02,-4.120745938854018853e+00,-1.598403645770608819e+02,-4.002857148253666786e+00,4.116139873844996089e+01,-5.969532100532065622e-01,4.116141389535082595e+01,-5.960806068912632982e-01
8.413951416452053991e+02,5.287143430524413361e+02,-3.443137015675083035e+01,5.287184991352179395e+02,-3.439540289618502555e+01,-8.601178674691747905e-03,1.572568064455560548e-06,-8.601178651218878424e-03,5.706938372222917272e-06,-1.598295430222800348e+02,-4.200469800648397367e+00,-1.598364678322430166e+02,-4.080307526525383643e+00,4.116104701684904654e+01,-6.085128696242622093e-01,4.116106276654218021e+01,-6.076233715683772019e-01
8.576958985909046760e+02,5.286273444133524890e+02,-3.509267346791917674e+01,5.286316617672224538e+02,-3.505602474403481494e+01,-8.601178624288071881e-03,1.603034120350435786e-06,-8.601178599897099999e-03,5.817501592282702803e-06,-1.598252235211120365e+02,-4.281731718909457918e+00,-1.598324188510285353e+02,-4.159252533187205891e+00,4.116068154199135165e+01,-6.202961599402141424e-01,4.116069790765061498e+01,-6.193894402974940983e-01
8.743124580220844564e+02,5.285369724113783150e+02,-3.576644971939148121e+01,5.285414572410206802e+02,-3.572910723060184779e+01,-8.601178571920331528e-03,1.634090405840985532e-06,-8.601178546574321515e-03,5.930206803170869202e-06,-1.598207352701397213e+02,-4.364561107077268076e+00,-1.598282116719258852e+02,-4.239720776833016735e+00,4.116030177594996786e+01,-6.323073945363881787e-01,4.116031878166007374e+01,-6.313831203216605514e-01
8.912509381337565628e+02,5.284430974232767539e+02,-3.645292067808770753e+01,5.284477561672280217e+02,-3.641487193690561242e+01,-8.601178517502685791e-03,1.665748355487059362e-06,-8.601178491165477336e-03,6.045095502468820807e-06,-1.598160716896802001e+02,-4.448987927030058742e+00,-1.598238401255717349e+02,-4.321741401022294760e+00,4.115990716047057418e+01,-6.445509694130877598e-01,4.115992483125357637e+01,-6.436088012288717630e-01
9.085175756516980528e+02,5.283455850254239294e+02,-3.715231126057651778e+01,5.283504243655733035e+02,-3.711354359315728857e+01,-8.601178460950618943e-03,1.698019625359996014e-06,-8.601178433582686370e-03,6.162209991694596221e-06,-1.598112259568293325e+02,-4.535042697879367424e+00,-1.598192978152270882e+02,-4.405344092946625878e+00,4.115949711483373363e+01,-6.570313645279642900e-01,4.115951547669178012e+01,-6.560709564427568141e-01
9.261187281288050599e+02,5.282442956689319544e+02,-3.786484950818623929e+01,5.282493225387946723e+02,-3.782535005384949045e+01,-8.601178402192486902e-03,1.730916097341521217e-06,-8.601178373754162290e-03,6.281593391885646196e-06,-1.598061909571701733e+02,-4.622756503177021692e+00,-1.598145780690856270e+02,-4.490559090579143486e+00,4.115907103648369514e+01,-6.697531453972039861e-01,4.115909011643245208e+01,-6.687741448211514950e-01
9.440608762859352510e+02,5.281390846181257075e+02,-3.859076659317304347e+01,5.281443062119864180e+02,-3.855052230415487458e+01,-8.601178341130465144e-03,1.764449883483309376e-06,-8.601178311580191457e-03,6.403289659460409027e-06,-1.598009593181689070e+02,-4.712161002827546241e+00,-1.598096739743532169e+02,-4.577417194386292465e+00,4.115862829863547745e+01,-6.827209646316395597e-01,4.115864812474812595e+01,-6.817230121902946305e-01
9.623506263981007578e+02,5.280298016757783444e+02,-3.933029679347784224e+01,5.280352254583046943e+02,-3.928929443490795848e+01,-8.601178277684636692e-03,1.798633330477671541e-06,-8.601178246978390118e-03,6.527343602414244579e-06,-1.597955233606028003e+02,-4.803288440465814269e+00,-1.598045783291981081e+02,-4.665949774647034864e+00,4.115816825019745551e+01,-6.959395635709685335e-01,4.115818885164205909e+01,-6.949222929764492518e-01
9.809947127268898157e+02,5.279162910524706831e+02,-4.008367748314358892e+01,5.279219247683454341e+02,-4.004190363317196244e+01,-8.601178211754354624e-03,1.833479024193049645e-06,-8.601178179846206626e-03,6.653800896807029704e-06,-1.597898751310779062e+02,-4.896171655663274613e+00,-1.597992836761127080e+02,-4.756188783488958904e+00,4.115769021525064630e+01,-7.094137739351825678e-01,4.115771162233552616e+01,-7.083768118551976301e-01
1.000000000000012960e+03,5.277983911057344812e+02,-4.085114910095160212e+01,5.278042427894706634e+02,-4.080859015107559884e+01,-8.601178143245307231e-03,1.868999794314423409e-06,-8.601178110088749870e-03,6.782708103587299340e-06,-1.597840063525750338e+02,-4.990844091443917385e+00,-1.597937822530149106e+02,-4.848166762346703962e+00,4.115719349050964126e+01,-7.231485194334715816e-01,4.115721573472530537e+01,-7.220914853578730419e-01
1.019373485938886006e+03,5.276759342000862034e+02,-4.163295513196647590e+01,5.276820121864650446e+02,-4.158959728762201280e+01,-8.601178072056646362e-03,1.905208719060379854e-06,-8.601178037602645945e-03,6.914112685728877532e-06,-1.597779084288266063e+02,-5.087339805061195541e+00,-1.597880659984189720e+02,-4.941916852623986500e+00,4.115667734582037696e+01,-7.371488175052003378e-01,4.115670045988946413e+01,-7.360713236102700563e-01
1.039122303835182038e+03,5.275487464487787292e+02,-4.242934206768773464e+01,5.275550593835346262e+02,-4.238517134908200035e+01,-8.601177998220651752e-03,1.942119130034696319e-06,-8.601177962419310694e-03,7.048063025746797964e-06,-1.597715724265449353e+02,-5.185693477563147802e+00,-1.597821265344385324e+02,-5.037472805185569946e+00,4.115614102288794385e+01,-7.514197810304069636e-01,4.115616504080895055e+01,-7.503214320404523185e-01
1.059253725177301931e+03,5.274166474851307385e+02,-4.324055936537727263e+01,5.274232043358452984e+02,-4.319556160856442517e+01,-8.601177921349286576e-03,1.979744616987794081e-06,-8.601177884146904776e-03,7.184608443350609834e-06,-1.597649890953905469e+02,-5.285940425939023690e+00,-1.597759551874230795e+02,-5.134868992343794680e+00,4.115558373310225448e+01,-7.659666200346533227e-01,4.115560869020192314e+01,-7.648470130814012391e-01
1.079775162327722910e+03,5.272794503020181764e+02,-4.406685941280230878e+01,5.272862603696504493e+02,-4.402102027107780913e+01,-8.601177841475071695e-03,2.018099033040790974e-06,-8.601177802817177101e-03,7.323799213843825742e-06,-1.597581487734627785e+02,-5.388116607854430029e+00,-1.597695428943636671e+02,-5.234140412701163037e+00,4.115500465760027282e+01,-7.807946435047413702e-01,4.115503059058652013e+01,-7.796533679841264330e-01
1.100694171252223896e+03,5.271369609265707368e+02,-4.490849746217706695e+01,5.271440338567809931e+02,-4.486180240769485295e+01,-8.601177758471212700e-03,2.057196499628763228e-06,-8.601177718301520475e-03,7.465686586465451157e-06,-1.597510414762141977e+02,-5.492258638531170689e+00,-1.597628802926525964e+02,-5.335322707764245997e+00,4.115440294494043627e+01,-7.959092611445559573e-01,4.115442989195226176e+01,-7.947458985708275581e-01
1.122018454301977954e+03,5.269889782833430445e+02,-4.576573158765462068e+01,5.269963240788727035e+02,-4.571816591346406256e+01,-8.601177672220758005e-03,2.097051411745607777e-06,-8.601177630479074979e-03,7.610322803307619106e-06,-1.597436567793068036e+02,-5.598403794022848601e+00,-1.597559576036785529e+02,-5.438452165376051362e+00,4.115377771153568176e+01,-8.113159852667254368e-01,4.115380571220088513e+01,-8.101301091241012164e-01
1.143755863049553000e+03,5.268352938651299837e+02,-4.663882260602581198e+01,5.268429228977927323e+02,-4.659037142833456357e+01,-8.601177582607625119e-03,2.137678443241557840e-06,-8.601177539232436262e-03,7.757761118548629444e-06,-1.597359839018124603e+02,-5.706590028121127034e+00,-1.597487647170557068e+02,-5.543565736393671450e+00,4.115312803870049407e+01,-8.270204325842230864e-01,4.115315713419468580e+01,-8.258116081759707683e-01
1.165914401179846891e+03,5.266756914973948369e+02,-4.752803400538122247e+01,5.266836145212125757e+02,-4.747868226631425159e+01,-8.601177489472314891e-03,2.179092552206373760e-06,-8.601177444401071279e-03,7.908055818041675891e-06,-1.597280116415552413e+02,-5.816855979351434058e+00,-1.597412911268529854e+02,-5.650701041758257936e+00,4.115245297141096614e+01,-8.430283260944737567e-01,4.115248320451759412e+01,-8.417961103892932506e-01
1.188502227437033980e+03,5.265099471362211716e+02,-4.843363187281315874e+01,5.265181753001485276e+02,-4.838336434340951797e+01,-8.601177392700524657e-03,2.221308986502380751e-06,-8.601177345866061266e-03,8.061262239327671451e-06,-1.597197283160156758e+02,-5.929240978037054965e+00,-1.597335258733933472e+02,-5.759896379658165699e+00,4.115175151862904812e+01,-8.593454970616234423e-01,4.115178293380046171e+01,-8.580894385371943267e-01
1.211527658628604058e+03,5.263378285043995675e+02,-4.935588478683767022e+01,5.263463733659739319e+02,-4.930468607057113672e+01,-8.601177292148052059e-03,2.264343289357713321e-06,-8.601177243480823825e-03,8.217436791989921087e-06,-1.597111218379146180e+02,-6.043785063318773076e+00,-1.597254576199865141e+02,-5.871190742356215075e+00,4.115102264944992072e+01,-8.759778868571174160e-01,4.115105529287416175e+01,-8.746975253411948259e-01
1.234999172687601003e+03,5.261590948898428906e+02,-5.029506372925271762e+01,5.261679684292342927e+02,-5.024291826598280153e+01,-8.601177187785715578e-03,2.308211305125540887e-06,-8.601177137215317015e-03,8.376636978464029710e-06,-1.597021796442265043e+02,-6.160528989660192245e+00,-1.597170745827698681e+02,-5.984623822833287754e+00,4.115026529403346700e+01,-8.929315490289628787e-01,4.115029921369868049e+01,-8.916264155373461175e-01
1.258925411794183901e+03,5.259734968458637923e+02,-5.125144197182180505e+01,5.259827114796883052e+02,-5.119833404209288119e+01,-8.601177079209196275e-03,2.352929184965570064e-06,-8.601177026659710678e-03,8.538921415041830686e-06,-1.596928886777974412e+02,-6.279514237119492748e+00,-1.597083645136480072e+02,-6.100236025125126638e+00,4.114947833956507850e+01,-9.102126511927852714e-01,4.114951358533561177e+01,-9.088822677650564286e-01
1.283315185557667974e+03,5.257807758748084552e+02,-5.222529495017961665e+01,5.257903444709177165e+02,-5.217120868012761292e+01,-8.601176966379743896e-03,2.398513393017939921e-06,-8.601176911774383732e-03,8.704349853704976346e-06,-1.596832353692671234e+02,-6.400783021671808903e+00,-1.596993146830382386e+02,-6.218068474694659287e+00,4.114866063077894864e+01,-9.278274771479302352e-01,4.114869725446074256e+01,-9.264713566796191069e-01
1.308177474260211056e+03,5.255806641878999699e+02,-5.321690014210761888e+01,5.255906000805748590e+02,-5.316181950888154972e+01,-8.601176849140322600e-03,2.444980712316055742e-06,-8.601176792398475268e-03,8.872983203959678754e-06,-1.596732056397401038e+02,-6.524378307275744859e+00,-1.596899118839027381e+02,-6.338163030554114563e+00,4.114781096740416899e+01,-9.457824288937108914e-01,4.114784902282540457e+01,-9.444000749662483374e-01
1.333521432163342070e+03,5.253728843156974335e+02,-5.422653690735197785e+01,5.253832013208019589e+02,-5.417044574501999676e+01,-8.601176727310783088e-03,2.492348250979260460e-06,-8.601176668349828913e-03,9.044883555282218842e-06,-1.596627848534567704e+02,-6.650343814016472344e+00,-1.596801423855354187e+02,-6.460562293569084957e+00,4.114692810176242688e+01,-9.640840286792990987e-01,4.114696764485159264e+01,-9.626749353867943837e-01
1.359356390878544062e+03,5.251571488911506549e+02,-5.525448634903065681e+01,5.251678613215640326e+02,-5.519736835502207839e+01,-8.601176600717751891e-03,2.540633448535913160e-06,-8.601176539449920805e-03,9.220114200001836244e-06,-1.596519578301815159e+02,-6.778724031061702071e+00,-1.596699919471682847e+02,-6.585309619484228882e+00,4.114601073824519517e+01,-9.827389211715880091e-01,4.114605182711272846e+01,-9.813025729447244494e-01
1.385691862803146023e+03,5.249331602776539967e+02,-5.630103113393742120e+01,5.249442829599831839e+02,-5.624286987629933066e+01,-8.601176469304411612e-03,2.589854082366622598e-06,-8.601176405639059108e-03,9.398739656633087005e-06,-1.596407087856574094e+02,-6.909564223730391141e+00,-1.596594457596650329e+02,-6.712449126240592534e+00,4.114505753010144673e+01,-1.001753875530339233e+00,4.114510022512354936e+01,-1.000289746957234271e+00
1.412537544622773112e+03,5.247006102144171109e+02,-5.736645530267288962e+01,5.247121585054212574e+02,-5.730723422785005994e+01,-8.601176332610866240e-03,2.640028274071075377e-06,-8.601176266455871564e-03,9.580825693433945729e-06,-1.596290213257233290e+02,-7.042910444930946312e+00,-1.596484884410356528e+02,-6.842025705566141980e+00,4.114406707922207573e+01,-1.021135787654546156e+00,4.114411144312720126e+01,-1.019643343298592075e+00
1.439903320881652007e+03,5.244591795662729510e+02,-5.845104408810037455e+01,5.244711693694982841e+02,-5.839074652934410636e+01,-8.601176190570068714e-03,2.691174496406962889e-06,-8.601176121826197007e-03,9.766439352915102018e-06,-1.596168784562380552e+02,-7.178809548146847241e+00,-1.596371040476044527e+02,-6.974085036097278589e+00,4.114303793229213113e+01,-1.040891682288092035e+00,4.114308403025647465e+01,-1.039370376503067739e+00
1.467799267622089019e+03,5.242085379114007537e+02,-5.955508368677692488e+01,5.242209856948787774e+02,-5.949369287345110990e+01,-8.601176042972476579e-03,2.743311579907553269e-06,-8.601175971539596135e-03,9.955648976323063255e-06,-1.596042624721320351e+02,-7.317309189633817823e+00,-1.596252759645737740e+02,-7.108673586072397299e+00,4.114196857925896467e+01,-1.061028715263693689e+00,4.114201647899951553e+01,-1.059477992005577462e+00
1.496235656094454043e+03,5.239483432088227346e+02,-6.067886103136704179e+01,5.239612660219600002e+02,-6.061636009874909803e+01,-8.601175889602886981e-03,2.796458719858955042e-06,-8.601175815374640168e-03,1.014852422885109925e-05,-1.595911550417797571e+02,-7.458457847984376166e+00,-1.596129869917748181e+02,-7.245838632867990015e+00,4.114085745202478250e+01,-1.081554175793245642e+00,4.114090722389381227e+01,-1.079973468428722327e+00
1.525222956539040069e+03,5.236782415001099480e+02,-6.182266355532894408e+01,5.236916569922634608e+02,-6.175903555550807056e+01,-8.601175730231711003e-03,2.850635483350323868e-06,-8.601175653100113019e-03,1.034513612527329680e-05,-1.595775370995158653e+02,-7.602304826420580142e+00,-1.596002192376899416e+02,-7.385628265861006625e+00,4.113970292110350613e+01,-1.102475488686276428e+00,4.113975463820056433e+01,-1.100864219798947330e+00
1.554771842041194986e+03,5.233978664605513131e+02,-6.298677890797004864e+01,5.234117928996103046e+02,-6.292200682154525282e+01,-8.601175564756615571e-03,2.905861816538347432e-06,-8.601175484606827723e-03,1.054555705615624662e-05,-1.595633888682314705e+02,-7.748900266826334260e+00,-1.595869541436471195e+02,-7.528091400682431100e+00,4.113850329365806147e+01,-1.123800216664559759e+00,4.113855703192844970e+01,-1.122157797857100014e+00
1.584893192461134959e+03,5.231068391034054912e+02,-6.417149468530551815e+01,5.231212953938295414e+02,-6.410556143375005433e+01,-8.601175392663671510e-03,2.962158051770939075e-06,-8.601175309378435163e-03,1.074986081427226151e-05,-1.595486897781412097e+02,-7.898295153893768905e+00,-1.595731724041123698e+02,-7.673277783917967554e+00,4.113725681116894606e+01,-1.145536062692938062e+00,4.113731264951745459e+01,-1.143861894386648759e+00
1.615598098439895921e+03,5.228047673698109747e+02,-6.537709811693248696e+01,5.228197730724432404e+02,-6.530998657626194870e+01,-8.601175213846656495e-03,3.019544915386122973e-06,-8.601175127303344048e-03,1.095812262211333583e-05,-1.595334184973309561e+02,-8.050541329873556862e+00,-1.595588539989192327e+02,-7.821238008147417098e+00,4.113596164657090526e+01,-1.167690872306819116e+00,4.113601966697307688e+01,-1.165984343537709300e+00
1.646897865482890893e+03,5.224912457662836687e+02,-6.660387574377787701e+01,5.225068211164585819e+02,-6.653556875870289389e+01,-8.601175028034582434e-03,3.078043535118709190e-06,-8.601174938105717732e-03,1.117041915934220254e-05,-1.595175528648308898e+02,-8.205691499790859211e+00,-1.595439781280986438e+02,-7.972023517768447753e+00,4.113461590205060503e+01,-1.190272636007116303e+00,4.113467618967921879e+01,-1.188533124219317560e+00
1.678804018122584012e+03,5.221658549862919472e+02,-6.785211307144932391e+01,5.221820209145490708e+02,-6.778259347114739342e+01,-8.601174835084598319e-03,3.137675447987862786e-06,-8.601174741636800208e-03,1.138682859114480963e-05,-1.595010698764192796e+02,-8.363799241623370406e+00,-1.595285231993192099e+02,-8.125686619657727761e+00,4.113321760600790356e+01,-1.213289491637026263e+00,4.113328024934817506e+01,-1.211516362472172759e+00
1.711328304161803999e+03,5.218281615121215964e+02,-6.912209419681281020e+01,5.218449396639642828e+02,-6.905134481149416104e+01,-8.601174634447284265e-03,3.198462607993237976e-06,-8.601174537344630222e-03,1.160743059675520828e-05,-1.594839456580775163e+02,-8.524919015141204426e+00,-1.595124668033500939e+02,-8.282280492631924673e+00,4.113176471012521063e+01,-1.236749726790781212e+00,4.113182980110649112e+01,-1.234942333874809783e+00
1.744482698999278000e+03,5.214777172307962019e+02,-7.041410141474919726e+01,5.214951299861177176e+02,-7.034210509320267590e+01,-8.601174425959314321e-03,3.260427394530205570e-06,-8.601174325056658299e-03,1.183230639915716973e-05,-1.594661553958248419e+02,-8.689106165852390262e+00,-1.594957856454600176e+02,-8.441859192125711786e+00,4.113025508683139719e+01,-1.260661781275454363e+00,4.113032272096620545e+01,-1.258819466002315979e+00
1.778279410038948072e+03,5.211140590636003935e+02,-7.172841480400509795e+01,5.211321295577400861e+02,-7.165515443271223717e+01,-8.601174209317491784e-03,3.323592620395993990e-06,-8.601174104468475162e-03,1.206153879473503101e-05,-1.594476733396452914e+02,-8.856416936478133550e+00,-1.594784555516107787e+02,-8.604477662312154607e+00,4.112868652568560179e+01,-1.285034249533397510e+00,4.112875680219959662e+01,-1.283156340844672894e+00
1.812730881184724012e+03,5.207367084964066635e+02,-7.306531176172015307e+01,5.207554606404888773e+02,-7.299077028500474285e+01,-8.601173984335181225e-03,3.387981540296891780e-06,-8.601173875383932160e-03,1.229521218387716305e-05,-1.594284727738190384e+02,-9.026908474838998941e+00,-1.594604514406281623e+02,-8.770191744721737237e+00,4.112705673066888323e+01,-1.309875883144769881e+00,4.112712975265004189e+01,-1.307961697306896820e+00
1.847849797422316897e+03,5.203451712877248383e+02,-7.442506655690402795e+01,5.203646297890073811e+02,-7.434922699831804493e+01,-8.601173750411989644e-03,3.453617859155080662e-06,-8.601173637198037542e-03,1.253341260177457649e-05,-1.594085259317621706e+02,-9.200638835037096896e+00,-1.594417472409487289e+02,-8.939058180459630520e+00,4.112536331663100242e+01,-1.335195593304683515e+00,4.112543919117592850e+01,-1.333244433682365226e+00
1.883649089489827020e+03,5.199389369895790196e+02,-7.580794980657275062e+01,5.199591273727803582e+02,-7.573079529191963388e+01,-8.601173507401926183e-03,3.520525741227981560e-06,-8.601173389758942286e-03,1.277622775052784111e-05,-1.593878040131439775e+02,-9.377666989794763097e+00,-1.594223159101430269e+02,-9.111134623280452871e+00,4.112360380600063081e+01,-1.361002453339555274e+00,4.112368264437121468e+01,-1.359013610166239339e+00
1.920141938638829060e+03,5.195174785543404141e+02,-7.721422794375362741e+01,5.195384271822603068e+02,-7.713574172532166529e+01,-8.601173254947767910e-03,3.588729818698153357e-06,-8.601173132702493243e-03,1.302374703110032974e-05,-1.593662771225992003e+02,-9.558052833670668491e+00,-1.594021293755746456e+02,-9.286479643876596413e+00,4.112177562531324071e+01,-1.387305701234746502e+00,4.112185754309832930e+01,-1.385278451379772235e+00
1.957341781487687967e+03,5.190802520048243878e+02,-7.864416267219149859e+01,5.191019860989272274e+02,-7.856432815442811091e+01,-8.601172992480411034e-03,3.658255200708296463e-06,-8.601172865452883648e-03,1.327606157620136365e-05,-1.593439142197208582e+02,-9.741857186936673685e+00,-1.593811584866714099e+02,-9.465152734882879670e+00,4.111987610099633628e+01,-1.414114742135747838e+00,4.111996121827719008e+01,-1.412048348868107261e+00
1.995262314968907958e+03,5.186266959391283535e+02,-8.009801034146745735e+01,5.186492436011982363e+02,-8.001681110857684587e+01,-8.601172719745251924e-03,3.729127482863451370e-06,-8.601172587747988110e-03,1.353326428412366270e-05,-1.593206830819239315e+02,-9.929141800523650474e+00,-1.593593729801398524e+02,-9.647214316968952375e+00,4.111790245638830754e+01,-1.441439150947561476e+00,4.111799089791390571e+01,-1.439332863696646925e+00
2.033917501372321112e+03,5.181562312142539213e+02,-8.157602133760033780e+01,5.181796214462458465e+02,-8.149344118220027156e+01,-8.601172436473765795e-03,3.801372756492007131e-06,-8.601172299312131314e-03,1.379544985276883664e-05,-1.592965502729236675e+02,-1.011996936118286072e+01,-1.593367414508194884e+02,-9.832725745241205573e+00,4.111585180701182907e+01,-1.469288674841142894e+00,4.111594370237759932e+01,-1.467141728954060254e+00
2.073321573485985027e+03,5.176682605530186265e+02,-8.307843941615315941e+01,5.176925232786809374e+02,-8.299446237021260231e+01,-8.601172141979954514e-03,3.875017618016520022e-06,-8.601171999452103881e-03,1.406271481425966198e-05,-1.592714810818096964e+02,-1.031440349248691390e+01,-1.593132312930953276e+02,-1.002174931164512905e+01,4.111372115697717078e+01,-1.497673235849770412e+00,4.111381664081048370e+01,-1.495484852345394300e+00
2.113489039836676966e+03,5.171621681139655493e+02,-8.460550098487526327e+01,5.171873341984205581e+02,-8.452011135182770829e+01,-8.601171836101194693e-03,3.950089179227796292e-06,-8.601171687997413717e-03,1.433515757100931982e-05,-1.592454394879475217e+02,-1.051250875841514798e+01,-1.592888086683644815e+02,-1.021434824996868684e+01,4.111150739455537462e+01,-1.526602933422349873e+00,4.111160660671352929e+01,-1.524372318742628130e+00
2.154434690031915125e+03,5.166373191580681805e+02,-8.615743437552156081e+01,5.166634204281409666e+02,-8.607061676449846743e+01,-8.601171518110958120e-03,4.026615076682819271e-06,-8.601171364213937992e-03,1.461287843131633938e-05,-1.592183881189981776e+02,-1.071435066548756332e+01,-1.592634384655698909e+02,-1.041058673954361780e+01,4.110920728718028982e+01,-1.556088046950707238e+00,4.110931037294803758e+01,-1.553814392708307235e+00
2.196173600205468119e+03,5.160930596772342369e+02,-8.773445906232407765e+01,5.161201289421115916e+02,-8.764619842450933618e+01,-8.601171187686941846e-03,4.104623482379719684e-06,-8.601171027768271526e-03,1.489597964684220935e-05,-1.591902881855381793e+02,-1.091999566109371322e+01,-1.592370842385397793e+02,-1.061052990532015095e+01,4.110681747782872009e+01,-1.586139038406248369e+00,4.110692458812967232e+01,-1.583821521129438192e+00
2.238721138568372226e+03,5.155287160500743084e+02,-8.933678484515453988e+01,5.155567871193258043e+02,-8.924706651131926094e+01,-8.601170844467362353e-03,4.184143113878401437e-06,-8.601170678292417021e-03,1.518456544999041168e-05,-1.591610994194051329e+02,-1.112951113132467107e+01,-1.592097081469135560e+02,-1.081424381753624431e+01,4.110433448007526636e+01,-1.616766554890593843e+00,4.110444577168900082e+01,-1.614404335764899834e+00
2.282092971067484086e+03,5.149435946912752797e+02,-9.096461098448011739e+01,5.149727023945705469e+02,-9.087342070528552540e+01,-8.601170487687400876e-03,4.265203244658065573e-06,-8.601170315010746650e-03,1.547874209204365474e-05,-1.591307800810870674e+02,-1.134296540765791761e+01,-1.591812709663246039e+02,-1.102179550010557918e+01,4.110175467244191339e+01,-1.647981431137881092e+00,4.110187030822774545e+01,-1.645573655744719810e+00
2.326305067153659820e+03,5.143369817258168268e+02,-9.261812529648436509e+01,5.143671619308396430e+02,-9.252544928444896755e+01,-8.601170117076574126e-03,4.347833715370440243e-06,-8.601169937644963931e-03,1.577861788281377872e-05,-1.590992868244178453e+02,-1.156042775291061631e+01,-1.591517319559914370e+02,-1.123325291898341938e+01,4.109907429351067520e+01,-1.679794692074087603e+00,4.109919444264065902e+01,-1.677340490126429051e+00
2.371373705661690110e+03,5.137081426923766685e+02,-9.429750320746441616e+01,5.137394323219446051e+02,-9.420332818101910277e+01,-8.601169731826702192e-03,4.432064944231932217e-06,-8.601169545375552533e-03,1.608430322986353491e-05,-1.590665747109880215e+02,-1.178196836717754614e+01,-1.591210488759260784e+02,-1.144868499000311424e+01,4.109628943712217364e+01,-1.712217555388514612e+00,4.109641427532574198e+01,-1.709716040463799214e+00
2.417315480804139042e+03,5.130563222774646874e+02,-9.600290676771575704e+01,5.130887593268180353e+02,-9.590721999781668217e+01,-8.601169331646662045e-03,4.517927938818795299e-06,-8.601169137900988027e-03,1.639591067981587092e-05,-1.590325970665638522e+02,-1.200765836989155133e+01,-1.590891778462774369e+02,-1.166816156368449420e+01,4.109339604695087900e+01,-1.745261434057727268e+00,4.109352575676465591e+01,-1.742711703327710637e+00
2.464147308281318146e+03,5.123807440204657269e+02,-9.773448360007479607e+01,5.124143675720116562e+02,-9.763727295847697008e+01,-8.601168915664843609e-03,4.605454306791117171e-06,-8.601168714340041294e-03,1.671355495903846815e-05,-1.589973055341389170e+02,-1.223756980976047259e+01,-1.590560734036139934e+02,-1.189175343722288503e+01,4.109038990967165006e+01,-1.778937938738989200e+00,4.109052468070291297e+01,-1.776339072697216581e+00
2.511886431509617069e+03,5.116806101059167986e+02,-9.949236582308317622e+01,5.117154603443740370e+02,-9.939361983346890383e+01,-8.601168483548306612e-03,4.694676268219159627e-06,-8.601168274346463263e-03,1.703735301663621699e-05,-1.589606499271524171e+02,-1.247177564390304205e+01,-1.590216883569002277e+02,-1.211953233664002738e+01,4.108726665014586388e+01,-1.813258880328022959e+00,4.108740667934044666e+01,-1.810609942514140425e+00
2.560550427970514193e+03,5.109551011298395338e+02,-1.012766689057822447e+02,5.109912193547309016e+02,-1.011763767966894960e+02,-8.601168034384074762e-03,4.785626666700117129e-06,-8.601167816998800050e-03,1.736742406670041726e-05,-1.589225781770504398e+02,-1.271034972933007801e+01,-1.589859737384939820e+02,-1.235157091115517503e+01,4.108402172472198544e+01,-1.848236272340372244e+00,4.108416721664570304e+01,-1.845536309062190794e+00
2.610157215682575043e+03,5.102033759705406055e+02,-1.030874905005706097e+02,5.102408046082941269e+02,-1.029856422610808551e+02,-8.601167567785172885e-03,4.878338982146737135e-06,-8.601167341895095408e-03,1.770388963296676412e-05,-1.588830363106420407e+02,-1.295336681816820601e+01,-1.589488787845021420e+02,-1.258794273121561780e+01,4.108065041514309712e+01,-1.883882333333089409e+00,4.108080158227340917e+01,-1.881130373386174837e+00
2.660725059798849088e+03,5.094245716101117978e+02,-1.049249091943433285e+02,5.094633542245174453e+02,-1.048214956321835558e+02,-8.601167082917722875e-03,4.972847342455883353e-06,-8.601166848189177247e-03,1.804687359283917405e-05,-1.588419683460221279e+02,-1.320090253849925510e+01,-1.589103508340703286e+02,-1.282872227278155286e+01,4.107714782208002191e+01,-1.920209489265399139e+00,4.107730488511256794e+01,-1.917404543650698567e+00
2.712272579332067835e+03,5.086178030963835113e+02,-1.067889832484994486e+02,5.086579843967569445e+02,-1.066839960503393172e+02,-8.601166578951390668e-03,5.069186536333646244e-06,-8.601166335041758593e-03,1.839650222328663773e-05,-1.587993162016467750e+02,-1.345303337518611642e+01,-1.588703352416057442e+02,-1.307398490169171268e+01,4.107350885760243386e+01,-1.957230375743686857e+00,4.107367204575618302e+01,-1.954371437381847931e+00
2.764818754010148041e+03,5.077821633856621020e+02,-1.086797492233707629e+02,5.078237892330855630e+02,-1.085731810176238668e+02,-8.601166055397664253e-03,5.167392026307887524e-06,-8.601165801945389461e-03,1.875290424756844413e-05,-1.587550197110976740e+02,-1.370983666690853298e+01,-1.588287753951162244e+02,-1.332380687398724994e+01,4.106972823915333493e+01,-1.994957840363021262e+00,4.106989779050382339e+01,-1.992043883808142235e+00
2.818382931264496165e+03,5.069167234661031785e+02,-1.105972206460514116e+02,5.069598408786822574e+02,-1.104890650686090225e+02,-8.601165511362586849e-03,5.267499961249664797e-06,-8.601165247994198987e-03,1.911621088204029962e-05,-1.587090164108760462e+02,-1.397139056281461045e+01,-1.587856125072152622e+02,-1.357826529713806529e+01,4.106580048121939797e+01,-2.033404944809401371e+00,4.106597664303155426e+01,-2.030434925959744508e+00
2.872984833353707018e+03,5.060205322865564881e+02,-1.125413865263779911e+02,5.060651894406367433e+02,-1.124316382881318077e+02,-8.601164945908186532e-03,5.369547189895611110e-06,-8.601164672236462361e-03,1.948655588470628357e-05,-1.586612416305531497e+02,-1.423777402911693812e+01,-1.587407857087952721e+02,-1.383743813994125915e+01,4.106171988856361565e+01,-2.072584967054348137e+00,4.106190291764425382e+01,-2.069557822862058583e+00
2.928644564625280964e+03,5.050926169308229987e+02,-1.145122099004204586e+02,5.051388631611354754e+02,-1.144008648578970337e+02,-8.601164358461225665e-03,5.473571274668294780e-06,-8.601164074082337171e-03,1.986407560474787347e-05,-1.586116282821415950e+02,-1.450906680151457984e+01,-1.586942318418384161e+02,-1.410140418999914402e+01,4.105748054714350559e+01,-2.112511403281607691e+00,4.105767071019922554e+01,-2.109426051460169482e+00
2.985382618918004027e+03,5.041319827924243668e+02,-1.165096263001877048e+02,5.041798685890997263e+02,-1.163966815284955345e+02,-8.601163748028856082e-03,5.579610504915054670e-06,-8.601163452524897973e-03,2.024890903208289737e-05,-1.585601068442013570e+02,-1.478534936919094811e+01,-1.586458854470757842e+02,-1.437024304208521031e+01,4.105307631794675416e+01,-2.153197970048958076e+00,4.105327389196654764e+01,-2.150053308780389916e+00
3.043219887107768045e+03,5.031376137451316026e+02,-1.185335421412724344e+02,5.031871907466559151e+02,-1.184189960090139522e+02,-8.601163113713439917e-03,5.687703911333940286e-06,-8.601162806649114562e-03,2.064119784890152223e-05,-1.585066052328388366e+02,-1.506670293613359846e+01,-1.585956786383163717e+02,-1.464403506458911330e+01,4.104850082634915509e+01,-2.194658605929711737e+00,4.104870609898996747e+01,-2.191453513569728617e+00
3.102177664799547983e+03,5.021084724626506954e+02,-1.205838330959853977e+02,5.021597934476366163e+02,-1.204676853435607455e+02,-8.601162454578571703e-03,5.797891280197266062e-06,-8.601162135501166581e-03,2.104108648167862035e-05,-1.584510488023527728e+02,-1.535320940422066371e+01,-1.585435411069624081e+02,-1.492286138741199863e+01,4.104374745508538069e+01,-2.236907473455901574e+00,4.104396072507795168e+01,-2.233640808238692710e+00
3.162277660168426792e+03,5.010435008421475231e+02,-1.226603424337282178e+02,5.010966197158873001e+02,-1.225425942531297068e+02,-8.601161769648410504e-03,5.910213167979521376e-06,-8.601161438087964739e-03,2.144872215433073825e-05,-1.583933601586934685e+02,-1.564495131813191620e+01,-1.584893999387108181e+02,-1.520680385292538972e+01,4.103880933456208169e+01,-2.279958960711602423e+00,4.103903091212678333e+01,-2.276629560453549583e+00
3.223542001952511782e+03,4.999416204098080243e+02,-1.247628792685249834e+02,4.999965921881907320e+02,-1.246435333859989782e+02,-8.601161057990620515e-03,6.024710916288946968e-06,-8.601160713459907528e-03,2.186425494242270190e-05,-1.583334591238454152e+02,-1.594201183584796766e+01,-1.584331795815755299e+02,-1.549594499202229336e+01,4.103367933264249245e+01,-2.323827682766450131e+00,4.103390953992919066e+01,-2.320434364570637786e+00
3.285993247600705217e+03,4.988017328966420791e+02,-1.268912168022969524e+02,4.988586136857973088e+02,-1.267702775630705219e+02,-8.601160318278570222e-03,6.141426666680640246e-06,-8.601159960268164179e-03,2.228783782799183109e-05,-1.582712626618332479e+02,-1.624447468930155125e+01,-1.583748017755428918e+02,-1.579036799084210507e+01,4.102835004672476060e+01,-2.368528483273451002e+00,4.102858921825723115e+01,-2.365070043232681662e+00
3.349654391578328159e+03,4.976227208723257149e+02,-1.290450905101631633e+02,4.976815678429887271e+02,-1.289225639647277148e+02,-8.601159549763842671e-03,6.260403376952604367e-06,-8.601159177748248993e-03,2.271962675671907188e-05,-1.582066847171698782e+02,-1.655242412362006732e+01,-1.583141853942724708e+02,-1.609015663694399834e+01,4.102281379279483531e+01,-2.414076435626821837e+00,4.102306227594136345e+01,-2.410551648528165281e+00
3.414548873833653943e+03,4.964034484698111669e+02,-1.312241962826746828e+02,4.964643198296255377e+02,-1.311000902764036198e+02,-8.601158751315956738e-03,6.381684836078651112e-06,-8.601158364746145854e-03,2.315978069439637014e-05,-1.581396361995174686e+02,-1.686594486288918660e+01,-1.582512464334828906e+02,-1.639539529143774743e+01,4.101706259411147215e+01,-2.460486843948908486e+00,4.101732074956500895e+01,-2.456894462978227889e+00
3.480700588428464016e+03,4.951427622780582283e+02,-1.334281885665829179e+02,4.952057172359754418e+02,-1.333025128294737840e+02,-8.601157921490248590e-03,6.505315680337830959e-06,-8.601157519796827008e-03,2.360846168546428504e-05,-1.580700248127272687e+02,-1.718512203980237274e+01,-1.581858978431938851e+02,-1.670616882639163947e+01,4.101108817299604681e+01,-2.507775244317173247e+00,4.101135637527465150e+01,-2.504114000764673165e+00
3.548133892335808923e+03,4.938394922201091504e+02,-1.356566784077137129e+02,4.939045909484012782e+02,-1.355294446473625385e+02,-8.601157059190235946e-03,6.631341410253380179e-06,-8.601156641782297871e-03,2.406583491323750884e-05,-1.579977550459250324e+02,-1.751004115605480393e+01,-1.581180495223986497e+02,-1.702256259226319557e+01,4.100488193668876136e+01,-2.555957405147724959e+00,4.100516057465764419e+01,-2.552226008115809908e+00
3.616873614408214962e+03,4.924924527295419239e+02,-1.379092315646861380e+02,4.925597563184549585e+02,-1.377804535595558377e+02,-8.601156163152367043e-03,6.759808406827928391e-06,-8.601155729415291273e-03,2.453206876015829129e-05,-1.579227279614422628e+02,-1.784078799432964146e+01,-1.580476081100466956e+02,-1.734466233866519502e+01,4.099843496842925816e+01,-2.605049328052232660e+00,4.099872444583208164e+01,-2.601246464163746275e+00
3.686945064519632069e+03,4.911004438661535687e+02,-1.401853665011821306e+02,4.911700142741616446e+02,-1.400550601959361359e+02,-8.601155232064287143e-03,6.890763948671240826e-06,-8.601154781358373580e-03,2.500733486985830655e-05,-1.578448411606380546e+02,-1.817744856454788049e+01,-1.579744769541348433e+02,-1.767255416865018702e+01,4.099173801402011463e+01,-2.655067247978565970e+00,4.099203875004157283e+01,-2.651191581089072269e+00
3.758374042884498976e+03,4.896622526627095340e+02,-1.424845524163092136e+02,4.897341526603708530e+02,-1.423527360179088816e+02,-8.601154264542602845e-03,7.024256229304098553e-06,-8.601153796203972815e-03,2.549180821025130828e-05,-1.577639886789568209e+02,-1.852010903044022072e+01,-1.578985560099059455e+02,-1.800632447420445459e+01,4.098478147064682986e+01,-2.706027633450063252e+00,4.098509390048167234e+01,-2.702077804361095570e+00
3.831186849557347159e+03,4.881766546640026831e+02,-1.448062073008744619e+02,4.882509477707162091e+02,-1.446729013748245052e+02,-8.601153259296117834e-03,7.160334374980967748e-06,-8.601152772635818969e-03,2.598566713804596095e-05,-1.576800608578710126e+02,-1.886885562560300755e+01,-1.578197417146014629e+02,-1.834605986180770287e+01,4.097755537355440936e+01,-2.757947186342029067e+00,4.097787994900788533e+01,-2.753921812519231072e+00
3.905410294116440127e+03,4.866424154241286715e+02,-1.471496958828808488e+02,4.867191658395544778e+02,-1.470149234507435949e+02,-8.601152214587662673e-03,7.299048462175503269e-06,-8.601151708888201200e-03,2.648909346376210677e-05,-1.575929442155585605e+02,-1.922377456343241775e+01,-1.577379268608635812e+02,-1.869184707236217591e+01,4.097004938322854883e+01,-2.810842841502227962e+00,4.097038657333309430e+01,-2.806740516796775609e+00
3.981071705535034198e+03,4.850582923445018650e+02,-1.495143276907667484e+02,4.851375648725590395e+02,-1.493781143273322982e+02,-8.601151129002082910e-03,7.440449536681028110e-06,-8.601150603519434196e-03,2.700227251941100893e-05,-1.575025213993473017e+02,-1.958495196161324614e+01,-1.576530005519856843e+02,-1.904377291560566121e+01,4.096225277173294188e+01,-2.864731766037081684e+00,4.096260306338680834e+01,-2.860551060411563373e+00
4.058198942243860984e+03,4.834230365673012670e+02,-1.518993550734433882e+02,4.835048965327209771e+02,-1.517617290033965674e+02,-8.601150001078947810e-03,7.584589631950428944e-06,-8.601149455038070366e-03,2.752539322623880370e-05,-1.574086710059272320e+02,-1.995247372847683565e+01,-1.575648480242604421e+02,-1.940192416781261286e+01,4.095415440931754603e+01,-2.919631358388850906e+00,4.095451830794162618e+01,-2.915370817647724877e+00
4.136820402388570983e+03,4.817353950791140846e+02,-1.543039712752843116e+02,4.818199082370026076e+02,-1.541649634693735891e+02,-8.601148828885235922e-03,7.731521787730494713e-06,-8.601148261482460117e-03,2.805864816372302613e-05,-1.573112674941498881e+02,-2.032642546563033648e+01,-1.574733505620222900e+02,-1.976638748557670766e+01,4.094574274962432980e+01,-2.975559246956178239e+00,4.094612077985347298e+01,-2.971217392483648911e+00
4.216965034285887668e+03,4.799941128557436514e+02,-1.567273084628804156e+02,4.800813452938541559e+02,-1.565869527332677364e+02,-8.601147611038457638e-03,7.881300070524170114e-06,-8.601147021437943394e-03,2.860223364151317818e-05,-1.572101810916086322e+02,-2.070689236309189596e+01,-1.573783854060384897e+02,-2.013724931269677398e+01,4.093700581435770403e+01,-3.032533288339284372e+00,4.093739852073950658e+01,-3.028108616841570733e+00
4.298662347082343331e+03,4.781979353803609456e+02,-1.591684359286051063e+02,4.782879534120580729e+02,-1.590267690214346601e+02,-8.601146345461808951e-03,8.033979592101046956e-06,-8.601145732796463411e-03,2.915634977018838496e-05,-1.571052776211998321e+02,-2.109395906635618445e+01,-1.572798255816582582e+02,-2.051459576020733522e+01,4.092793117933376834e+01,-3.090571565490411121e+00,4.092833912706684885e+01,-3.086062548747121159e+00
4.381942421619504785e+03,4.763456111835163824e+02,-1.616263582521322348e+02,4.764384812342573241e+02,-1.614834199390887477e+02,-8.601145030238808997e-03,8.189616530573263370e-06,-8.601144393604350305e-03,2.972120053580009554e-05,-1.569964184524501434e+02,-2.148770956920436248e+01,-1.571775398514220967e+02,-2.089851251167140589e+01,4.091850595794331724e+01,-3.149692385158598729e+00,4.091892973362958230e+01,-3.145097469780921529e+00
4.466835921509700711e+03,4.744358946092872316e+02,-1.641000135609958477e+02,4.745316830937253485e+02,-1.639558467273112115e+02,-8.601143663699519284e-03,8.348268151034165450e-06,-8.601143002159500339e-03,3.029699387495839936e-05,-1.568834603117184656e+02,-2.188822706086007841e+01,-1.570713925258914117e+02,-2.128908468452733871e+01,4.090871678427415503e+01,-3.209914274916417121e+00,4.090915699670219396e+01,-3.205231882114953468e+00
4.553374104426320628e+03,4.724675487051436562e+02,-1.665882718313982593e+02,4.725663218962410497e+02,-1.664429225608728302e+02,-8.601142243679820235e-03,8.509992825744007021e-06,-8.601141556259310830e-03,3.088394175040152080e-05,-1.567662552566330021e+02,-2.229559381046358624e+01,-1.569612434389026987e+02,-2.168639672807152152e+01,4.089854979816693259e+01,-3.271255980106329897e+00,4.089900707912145350e+01,-3.266484505468638222e+00
4.641588833612850976e+03,4.704393484978800188e+02,-1.690899334327148154e+02,4.705411723878345356e+02,-1.689434510889097680e+02,-8.601140768107636697e-03,8.674850056088680787e-06,-8.601140053795260088e-03,3.148226022956727971e-05,-1.566446504095219154e+02,-2.270989097462108575e+01,-1.568469476803775251e+02,-2.209053224704264551e+01,4.088799062528933348e+01,-3.333736459616228220e+00,4.088846563038535464e+01,-3.328874272895217423e+00
4.731512589614878380e+03,4.683500841133305244e+02,-1.716037275340893302e+02,4.684550242645063349e+02,-1.714561648359353683e+02,-8.601139234806284492e-03,8.842900494150486373e-06,-8.601138492549217918e-03,3.209216956379423632e-05,-1.565184880137418020e+02,-2.313119848863827244e+01,-1.567283556528236659e+02,-2.250157390692304205e+01,4.087702436245997717e+01,-3.397374882034442045e+00,4.087751777200353587e+01,-3.392420326947803932e+00
4.823178482239381992e+03,4.661985644058657954e+02,-1.741283108753123088e+02,4.663066857949540918e+02,-1.739797239687700596e+02,-8.601137641511519272e-03,9.014205964878345274e-06,-8.601136870216382138e-03,3.271389426925969411e-05,-1.563876051723061380e+02,-2.355959485638219064e+01,-1.566053128082559169e+02,-2.291960324105948743e+01,4.086563555722285912e+01,-3.462190620434966171e+00,4.086614807710741815e+01,-3.457142014479265502e+00
4.916620262745721448e+03,4.639836205850782562e+02,-1.766622665424963543e+02,4.640949874365464893e+02,-1.765127150644397034e+02,-8.601135985954241198e-03,9.188829488816379926e-06,-8.601135184485355148e-03,3.334766320960505672e-05,-1.562518338182982802e+02,-2.399515699812277703e+01,-1.564776596172534653e+02,-2.334470051448933603e+01,4.085380818968756955e+01,-3.528203247018892874e+00,4.085434055230939521e+01,-3.523058881295765943e+00
5.011872336272800567e+03,4.617041101115197534e+02,-1.792041029698222019e+02,4.618187857243902954e+02,-1.790536501066392816e+02,-8.601134265546027738e-03,9.366835304718209397e-06,-8.601133432722438132e-03,3.399370967959361971e-05,-1.561110005577644131e+02,-2.443796005012607964e+01,-1.563452314094516851e+02,-2.377694454135769320e+01,4.084152565364220777e+01,-3.595432527120446586e+00,4.084207861885461455e+01,-3.590190666179672974e+00
5.108969774507007969e+03,4.593589206853425821e+02,-1.817522530488629116e+02,4.594769672498508157e+02,-1.816009655860074758e+02,-8.601132477972535731e-03,9.548288893783269120e-06,-8.601131612568879009e-03,3.465227149164086794e-05,-1.559649265301105174e+02,-2.488807715760813366e+01,-1.562078582305347538e+02,-2.421641249604774870e+01,4.082877073617582653e+01,-3.663898412381187075e+00,4.082934509226761577e+01,-3.658557294079256117e+00
5.207948328595545718e+03,4.569469745100206524e+02,-1.843050735149885782e+02,4.570684529171005011e+02,-1.841530218789353057e+02,-8.601130620316168457e-03,9.733257002421341435e-06,-8.601129721057592867e-03,3.532359106194236454e-05,-1.558134273569624213e+02,-2.534557928476617761e+01,-1.560653647876563355e+02,-2.466317974141011149e+01,4.081552559706230454e+01,-3.733621033285183799e+00,4.081612216177033048e+01,-3.728178868662327172e+00
5.308844442309967235e+03,4.544672326743851158e+02,-1.868608445086487677e+02,4.545922023167086650e+02,-1.867081027991441431e+02,-8.601128690126139814e-03,9.921807668042636986e-06,-8.601127755687765913e-03,3.600791550105830703e-05,-1.556563129908685426e+02,-2.581053498100119725e+01,-1.559175702932000149e+02,-2.511731961471785723e+01,4.080177174871444379e+01,-3.804620691154433576e+00,4.080239137026643448e+01,-3.799075664330577418e+00
5.411695265464722070e+03,4.519186996434083312e+02,-1.894177693215686418e+02,4.520472182085149484e+02,-1.892644153335371868e+02,-8.601126684276181461e-03,1.011401024235202578e-05,-8.601125713280867793e-03,3.670549670300879636e-05,-1.554933876087487477e+02,-2.628301014851025741e+01,-1.557642883525466857e+02,-2.557890321520929788e+01,4.078749003422789343e+01,-3.876917849118491244e+00,4.078813359242191439e+01,-3.871268117210939774e+00
5.516538667595666993e+03,4.493004280121467673e+02,-1.919739744932935537e+02,4.494325512684824275e+02,-1.918200897277668560e+02,-8.601124600090916117e-03,1.030993541818989685e-05,-8.601123591110794442e-03,3.741659143946277576e-05,-1.553244494984490416e+02,-2.676306779416270842e+01,-1.556053268439303565e+02,-2.604799917673232557e+01,4.077266060473646547e+01,-3.950533122222109395e+00,4.077332901204665205e+01,-3.944776815284412486e+00
5.623413251903579294e+03,4.466115233212605631e+02,-1.945275101106182660e+02,4.467473048978053498e+02,-1.943731797741669425e+02,-8.601122434429245289e-03,1.050965525404481401e-05,-8.601121385977092068e-03,3.814146145264803118e-05,-1.551492909888886800e+02,-2.725076778304758918e+01,-1.554404878410600190e+02,-2.652467344223935442e+01,4.075726289851944983e+01,-4.025487267103886602e+00,4.075795710124226900e+01,-4.019622488089662937e+00
5.732358369467804550e+03,4.438511490172604113e+02,-1.970763504131024320e+02,4.439906401760507606e+02,-1.969216634035502977e+02,-8.601120183976802835e-03,1.071324320075127438e-05,-8.601119094508728052e-03,3.888037355191062303e-05,-1.549676983110250319e+02,-2.774616655303282897e+01,-1.552695674649722264e+02,-2.700898900071848630e+01,4.074127561576101186e+01,-4.101801170010178410e+00,4.074199659519101857e+01,-4.095825994762569700e+00
5.843414133735267569e+03,4.410185314837361261e+02,-1.996183946642654803e+02,4.411617808873487547e+02,-1.994634435433332555e+02,-8.601117845474671314e-03,1.092077412852073708e-05,-8.601116713386045345e-03,3.963359971199463500e-05,-1.547794515480468647e+02,-2.824931684621967420e+01,-1.550923558242750175e+02,-2.750100564061822794e+01,4.072467669650920641e+01,-4.179495834553387468e+00,4.072542547015240189e+01,-4.173408311822014660e+00
5.956621435290198860e+03,4.381129652835720663e+02,-2.021514684680637401e+02,4.382600187578419195e+02,-2.019963494194334430e+02,-8.601115415481738746e-03,1.113232435396541835e-05,-8.601114239105655396e-03,4.040141717257444759e-05,-1.545843245229606850e+02,-2.876026740196249420e+01,-1.549086368912512910e+02,-2.800077966631855020e+01,4.070744329580783472e+01,-4.258592368007747986e+00,4.070822091863078640e+01,-4.252390519495934385e+00
6.072021956909981782e+03,4.351338183296841180e+02,-2.046733252820632458e+02,4.352847186221284801e+02,-2.045181380538733151e+02,-8.601112890561521396e-03,1.134797166810673690e-05,-8.601111668165847129e-03,4.118410854027611598e-05,-1.543820847210743352e+02,-2.927906264608326481e+01,-1.547181884113902015e+02,-2.850836361079660719e+01,4.068955175959691672e+01,-4.339111966761462824e+00,4.069035932530945843e+01,-4.332793787204087366e+00
6.189658188912703736e+03,4.320805372175136085e+02,-2.071816484020465339e+02,4.322353237532607295e+02,-2.070264962338251848e+02,-8.601110266788287995e-03,1.156779536392309209e-05,-8.601108996572017287e-03,4.198196189160358262e-05,-1.541724932425930206e+02,-2.980574237461954823e+01,-1.545207818417476062e+02,-2.902380594327959784e+01,4.067097759815450786e+01,-4.421075900223255140e+00,4.067181624053422695e+01,-4.414639357500083072e+00
6.309573444802033009e+03,4.289526524985501510e+02,-2.096740532290461658e+02,4.291113611337569864e+02,-2.095190427613072188e+02,-8.601107540438674912e-03,1.179187626631072706e-05,-8.601106220531673507e-03,4.279527087979813116e-05,-1.539553047104049028e+02,-3.034034140265838175e+01,-1.543161822425902017e+02,-2.954715074286532683e+01,4.065169546195004813e+01,-4.504505494127763576e+00,4.065256635619368097e+01,-4.497948529410337848e+00
6.431811877215190179e+03,4.257497840438284697e+02,-2.121480900186744520e+02,4.259124468186209924e+02,-2.119933311853956752e+02,-8.601104707425590370e-03,1.202029676057339390e-05,-8.601103335883795303e-03,4.362433484165219560e-05,-1.537302672315473728e+02,-3.088288921512000584e+01,-1.541041482212411324e+02,-3.007843737409167062e+01,4.063167911431602164e+01,-4.589422112007362387e+00,4.063258347844353580e+01,-4.582742639947774421e+00
6.556418494179893969e+03,4.224716463428175075e+02,-2.146012469927035511e+02,4.226382912342701275e+02,-2.144468528952857014e+02,-8.601101763449026105e-03,1.225314082258751106e-05,-8.601100338252298111e-03,4.446945890755575202e-05,-1.534971223668120217e+02,-3.143340960237073389e+01,-1.538844318822060302e+02,-3.061770014765521708e+01,4.061090140533940485e+01,-4.675847135679520150e+00,4.061184050161605796e+01,-4.669043044635887263e+00
6.683439175686253293e+03,4.191180536973362791e+02,-2.170309538009303481e+02,4.192887043745794244e+02,-2.168770405642284516e+02,-8.601098704441929865e-03,1.249049405004021999e-05,-8.601097223492108756e-03,4.533095411424074747e-05,-1.532556050894451403e+02,-3.199192027145706874e+01,-1.536567787644336534e+02,-3.116496795722120083e+01,4.058933424425968894e+01,-4.763801944096186958e+00,4.059030938067508743e+01,-4.756871096405623334e+00
6.812920690579722759e+03,4.156889254338456112e+02,-2.194345855282152513e+02,4.158636010164096888e+02,-2.192812721376771492e+02,-8.601095525962637600e-03,1.273244369252621239e-05,-8.601093987078613917e-03,4.620913751778539172e-05,-1.530054437482998537e+02,-3.255843243762981842e+01,-1.534209277807359229e+02,-3.172026389681620984e+01,4.056694857220038841e+01,-4.853307890886403797e+00,4.056796110397441169e+01,-4.846248123181806200e+00
6.944910713781324375e+03,4.121842909004860189e+02,-2.218094670143706821e+02,4.123630057205362505e+02,-2.216568751329523650e+02,-8.601092222936273027e-03,1.297907868274873766e-05,-8.601090623851045947e-03,4.710433230936232764e-05,-1.527463601352451974e+02,-3.313295044060469507e+01,-1.531766112602638259e+02,-3.228360490208972777e+01,4.054371433457613705e+01,-4.944386280375428377e+00,4.054476566570394880e+01,-4.937195403951323058e+00
7.079457843841493741e+03,4.086042943649856056e+02,-2.241528776726557908e+02,4.087870577363065649e+02,-2.240011314390210373e+02,-8.601088790690750510e-03,1.323048967052055237e-05,-8.601087129050959471e-03,4.801686793567596235e-05,-1.524780694062263535e+02,-3.371547127417392886e+01,-1.529235548408518071e+02,-3.285500130654404671e+01,4.051960045187365012e+01,-5.037058341659077065e+00,4.052069203671084807e+01,-5.029734142890033510e+00
7.216611620833999950e+03,4.049491996935122415e+02,-2.264620567038150512e+02,4.051360156884982757e+02,-2.263112825113833537e+02,-8.601085224524893103e-03,1.348676905496896500e-05,-8.601083497883106957e-03,4.894708021900076453e-05,-1.522002801675502326e+02,-3.430598416582499510e+01,-1.526614775257037309e+02,-3.343445644616043211e+01,4.049457479090905565e+01,-5.131345201163752812e+00,4.049570813579737205e+01,-5.123885441978502264e+00
7.356422544596533044e+03,4.012193948089303035e+02,-2.287342087499515060e+02,4.014102620446820424e+02,-2.285845350059449004e+02,-8.601081518642764157e-03,1.374801101597366539e-05,-8.601079724455713491e-03,4.989531147809428933e-05,-1.519126945273837350e+02,-3.490447011880939954e+01,-1.523900917020575605e+02,-3.402196622661641356e+01,4.046860413791054611e+01,-5.227267853954529642e+00,4.046978080283336965e+01,-5.219670272365561026e+00
7.498942093324681082e+03,3.974153958933069930e+02,-2.309665099875762166e+02,3.976103073288738301e+02,-2.308180668527042201e+02,-8.601077667793121523e-03,1.401431155129867217e-05,-8.601075803419523311e-03,5.086191065691992832e-05,-1.516150081251310269e+02,-3.551090141880393958e+01,-1.521091031351608081e+02,-3.461751865532686878e+01,4.044165416578766070e+01,-5.324847131759535834e+00,4.044287576607296586e+01,-5.317109442457971902e+00
7.644222742526128059e+03,3.935378512393244819e+02,-2.331561145693365802e+02,3.937367939863146376e+02,-2.330090336794232257e+02,-8.601073666296726872e-03,1.428576850953713715e-05,-8.601071728990704671e-03,5.184723345058336148e-05,-1.513069102946307396e+02,-3.612524118067273093e+01,-1.518182110941774852e+02,-3.522109341155779560e+01,4.041368940823805644e+01,-5.424103670824103496e+00,4.041495761628657135e+01,-5.416223565835098341e+00
7.792317984342069394e+03,3.895875448275796771e+02,-2.353001615726165312e+02,3.897904999750342085e+02,-2.351545757410628426e+02,-8.601069508352992762e-03,1.456248162605165627e-05,-8.601067495261521464e-03,5.285164243625261910e-05,-1.509880840547909884e+02,-3.674744278451496626e+01,-1.515171083008141864e+02,-3.583266130741439071e+01,4.038467322820554273e+01,-5.525057876322110317e+00,4.038598977526801548e+01,-5.517033025732986928e+00
7.943282347242946344e+03,3.855653994304792036e+02,-2.373957821964878576e+02,3.857723418869044849e+02,-2.372518251005537024e+02,-8.601065187813679291e-03,1.484455255853329384e-05,-8.601063095973143433e-03,5.387550720545107558e-05,-1.506582063983383648e+02,-3.737744943493553507e+01,-1.512054811762499753e+02,-3.645218386797174759e+01,4.035456778821510682e+01,-5.627729885091498296e+00,4.035593446619551372e+01,-5.619557937849433138e+00
8.097171416105754361e+03,3.814724793678576020e+02,-2.394401074394550903e+02,3.816833777206522313e+02,-2.392979132882871625e+02,-8.601060698276102520e-03,1.513208492394115861e-05,-8.601058524605699127e-03,5.491920449963661941e-05,-1.503169483069314367e+02,-3.801519355525256572e+01,-1.508830098079930053e+02,-3.707961274859919598e+01,4.032333402229520658e+01,-5.732139526626258252e+00,4.032475268558920334e+01,-5.723818111411635989e+00
8.254041852680322336e+03,3.773099927497685258e+02,-2.414302760333662548e+02,3.775248091452821768e+02,-2.412899792218310324e+02,-8.601056033184204669e-03,1.542518433600105208e-05,-8.601053774483637809e-03,5.598311834830746816e-05,-1.499639750564817007e+02,-3.866059630413592885e+01,-1.505493682069067063e+02,-3.771488927040303452e+01,4.029093160481094316e+01,-5.838306280847716856e+00,4.029240417218328929e+01,-5.829833007029575853e+00
8.413951416452091507e+03,3.730792932397121149e+02,-2.433634427141971628e+02,3.732979832845777537e+02,-2.432251774618749494e+02,-8.601051185554008105e-03,1.572395844275382412e-05,-8.601048838496253360e-03,5.706764020897037864e-05,-1.495989463514234217e+02,-3.931356697553108148e+01,-1.502042243877720296e+02,-3.835794383955921916e+01,4.025731892184911942e+01,-5.946249234133921924e+00,4.025884737833784754e+01,-5.937621692807669049e+00
8.576958985909084731e+03,3.687818812646804076e+02,-2.452367867327004944e+02,3.690043939503073602e+02,-2.451006867101440605e+02,-8.601046148512278208e-03,1.602851696645084839e-05,-8.601043709642555712e-03,5.817316911167113902e-05,-1.492215166664938408e+02,-3.997400248334093220e+01,-1.498472406563567176e+02,-3.900869544773364339e+01,4.022245304200424698e+01,-6.055987032608785903e+00,4.022403944085864680e+01,-6.047202797723318035e+00
8.743124580220883217e+03,3.644194046884454679e+02,-2.470475206538417865e+02,3.646456823401228462e+02,-2.469137185975145030e+02,-8.601040914226051534e-03,1.633897174067135000e-05,-8.601038379953367466e-03,5.930011180236837993e-05,-1.488313354614741399e+02,-4.064178674895080690e+01,-1.494780737640166137e+02,-3.966705107470202307e+01,4.018628968782701349e+01,-6.167537832916746510e+00,4.018793615247244588e+01,-6.158594462493171662e+00
8.912509381337606101e+03,3.599936588667811748e+02,-2.487928993142850231e+02,3.602236371189519559e+02,-2.486615266326198253e+02,-8.601035475424236368e-03,1.665543675395022490e-05,-8.601032842015923774e-03,6.044888289546106733e-05,-1.484280475199716420e+02,-4.131679012893847158e+01,-1.490963751844663818e+02,-4.033290512813160689e+01,4.014878320704305281e+01,-6.280919250077714011e+00,4.015049193306917630e+01,-6.271814287525059761e+00
9.085175756517022819e+03,3.555065860679431466e+02,-2.504702289010077436e+02,3.557401938664538648e+02,-2.503414152726678594e+02,-8.601029823958779297e-03,1.697802818741508488e-05,-8.601027087538072949e-03,6.161990502182789983e-05,-1.480112932960821865e+02,-4.199886881964022223e+01,-1.487017913946155545e+02,-4.100613885758306765e+01,4.010988654527167085e+01,-6.396148302834759214e+00,4.011165980245310436e+01,-6.386879278368565060e+00
9.261187281288093800e+03,3.509602742693061828e+02,-2.520768761776227507e+02,3.511974339017309603e+02,-2.519507491438939155e+02,-8.601023951305549267e-03,1.730686445762562317e-05,-8.601021107842745511e-03,6.281360898455928300e-05,-1.475807093893758690e+02,-4.268786431255564651e+01,-1.482939642816575088e+02,-4.168661981512919823e+01,4.006955121877558668e+01,-6.513241355896759011e+00,4.007139135310465861e+01,-6.503805788061719717e+00
9.440608762859395938e+03,3.463569552746857312e+02,-2.536102777283675493e+02,3.465975824301219177e+02,-2.534869622835549023e+02,-8.601017849169096882e-03,1.764206626041340379e-05,-8.601014894478268072e-03,6.403043391797408400e-05,-1.471359288592624068e+02,-4.338360272309075327e+01,-1.478725313836439454e+02,-4.237420118862355167e+01,4.002772728814417036e+01,-6.632214059206086532e+00,4.002963672389051908e+01,-6.622609456512158488e+00
9.623506263981051234e+03,3.416990021547284755e+02,-2.550679492029420032e+02,3.419430060130405309e+02,-2.549475673831273355e+02,-8.601011508424221547e-03,1.798375661161404291e-05,-8.601008438154622224e-03,6.527082744532211622e-05,-1.466765818017078686e+02,-4.408589425327615174e+01,-1.474371263921941875e+02,-4.306872126231032638e+01,3.998436333364120543e+01,-6.753081284356072800e+00,3.998634457541970022e+01,-6.743305147027628621e+00
9.809947127268942495e+03,3.369889260079092992e+02,-2.564474945240949637e+02,3.372362093593731061e+02,-2.563301649980626848e+02,-8.601004919621442132e-03,1.833206089223785300e-05,-8.601001729252584146e-03,6.653524584359103494e-05,-1.462022958333054419e+02,-4.479453257163612534e+01,-1.469873795575385884e+02,-4.377000279215297951e+01,3.993940643099443122e+01,-6.875857057602245526e+00,3.994146206585545400e+01,-6.865906879451905809e+00
1.000000000000016917e+04,3.322293719970591042e+02,-2.577466148941305164e+02,3.324798313923096202e+02,-2.576324525582412548e+02,-8.600998073199578667e-03,1.868710689374517692e-05,-8.600994758034162177e-03,6.782415421064667317e-05,-1.457126966692202075e+02,-4.550929422646976263e+01,-1.465229181851626379e+02,-4.447785240944583052e+01,3.989280212854057339e+01,-7.000554489600767205e+00,3.989493482805384872e+01,-6.990427760023682602e+00
1.019373485938890008e+04,3.274231147284758094e+02,-2.589631177111518241e+02,3.276766406590323868e+02,-2.588522332913936452e+02,-8.600990959144244261e-03,1.904902486285844570e-05,-8.600987514302216308e-03,6.913802663414444886e-05,-1.452074087585178006e+02,-4.622993807309727288e+01,-1.460433671870761714e+02,-4.519206003345994560e+01,3.984449442617212611e+01,-7.127185701906007864e+00,3.984670694852627548e+01,-7.116879908009392075e+00
1.039122303835187085e+04,3.225730529331257230e+02,-2.600949252107452594e+02,3.228295300419918590e+02,-2.599874248737835956e+02,-8.600983566938110586e-03,1.941794754777756337e-05,-8.600979987347408609e-03,7.047734636434347982e-05,-1.446860559328159184e+02,-4.695620468658658098e+01,-1.455483496433255937e+02,-4.591239826444204652e+01,3.979442575599082943e+01,-7.255761750035808255e+00,3.979672094808377381e+01,-7.245274378900910861e+00
1.059253725177307024e+04,3.176822034591879742e+02,-2.611400827603384869e+02,3.179415107811813641e+02,-2.610360677370419467e+02,-8.600975885563773640e-03,1.979401024543236832e-05,-8.600972165954408333e-03,7.184260599034456843e-05,-1.441482621302304210e+02,-4.768781580338756498e+01,-1.450374874364640618e+02,-4.663862179965304477e+01,3.974253696524078094e+01,-7.386292543169751923e+00,3.974491776477311333e+01,-7.375621084258181526e+00
1.079775162327729049e+04,3.127536946403415641e+02,-2.620967668761167602e+02,3.130157058713600691e+02,-2.619963330996841364e+02,-8.600967903865849515e-03,2.017735085049210194e-05,-8.600964038761175698e-03,7.323430762077836188e-05,-1.435936522035846679e+02,-4.842447380459440609e+01,-1.445104019691248141e+02,-4.737046688432725716e+01,3.968876730006191167e+01,-7.518786759775066386e+00,3.969123673760867632e+01,-7.507928707477642405e+00
1.100694171252228989e+04,3.077907590102767585e+02,-2.629632927461648819e+02,3.080553428043720032e+02,-2.628665305073799914e+02,-8.600959610158387392e-03,2.056810990330624358e-05,-8.600955593868933602e-03,7.465296306569216582e-05,-1.430218526869230686e+02,-4.916586114914824890e+01,-1.439667148358542192e+02,-4.810765070713826219e+01,3.963305439306895295e+01,-7.653251760126515535e+00,3.963561559413541602e+01,-7.642204616463401656e+00
1.122018454301983002e+04,3.027967254361532241e+02,-2.637381213305397409e+02,3.030637457292327213e+02,-2.636451149527052848e+02,-8.600950992060348368e-03,2.096643063918776390e-05,-8.600946818672869018e-03,7.609909402248911251e-05,-1.424324926952315593e+02,-4.991163988820898112e+01,-1.434060486284401748e+02,-4.884987086875772633e+01,3.957533425343655864e+01,-7.789693495109154320e+00,3.957799044049451709e+01,-7.778454772587743093e+00
1.143755863049557956e+04,2.977750106744476852e+02,-2.644198658731154978e+02,2.980443270330445671e+02,-2.643306934092905749e+02,-8.600942037159308926e-03,2.137245904093943366e-05,-8.600937700531122165e-03,7.757323226797320341e-05,-1.418252049193805249e+02,-5.066145124298979852e+01,-1.428280278361774833e+02,-4.959680490601501646e+01,3.951554125934411132e+01,-7.928116411065810887e+00,3.951829575383451498e+01,-7.916683635698763766e+00
1.165914401179852030e+04,2.927291104258638939e+02,-2.650072979043299597e+02,2.930005784192275655e+02,-2.649220308589092951e+02,-8.600932732085073487e-03,2.178634388778842817e-05,-8.600928225831916407e-03,7.907591984902390657e-05,-1.411996265161673989e+02,-5.141491508844865876e+01,-1.422322796371454388e+02,-5.034810971582314210e+01,3.945360815346200667e+01,-8.068523350814233552e+00,3.945646437775208426e+01,-8.056894065300244989e+00
1.188502227437039073e+04,2.876625899023980537e+02,-2.654993525552410460e+02,2.879360614957840880e+02,-2.654180556311970349e+02,-8.600923063097421287e-03,2.220823680952247305e-05,-8.600918380585548251e-03,8.060770928169355481e-05,-1.405554002268329157e+02,-5.217162961127943532e+01,-1.416184349217086549e+02,-5.110342114315584894e+01,3.938946604293907683e+01,-8.210915451297456258e+00,3.939242752224119215e+01,-8.199087218375877839e+00
1.211527658628609970e+04,2.825790739812071592e+02,-2.658951332286415550e+02,2.828543979484026067e+02,-2.658178641039986019e+02,-8.600913016232159675e-03,2.263829234032544224e-05,-8.600908150568794402e-03,8.216916375266730178e-05,-1.398921754721270645e+02,-5.293117095029342778e+01,-1.409861292913467707e+02,-5.186235354359349969e+01,3.932304440276588764e+01,-8.355292037276182526e+00,3.932611476699106134e+01,-8.343262443251983740e+00
1.234999172687606915e+04,2.774822369912162117e+02,-2.661939155493001294e+02,2.777592593436883135e+02,-2.661207246830338704e+02,-8.600902576678295941e-03,2.307666797124270419e-05,-8.600897520702022875e-03,8.376085732197442344e-05,-1.392096094512165223e+02,-5.369309283753513995e+01,-1.403350040611418876e+02,-5.262449933820526837e+01,3.925427108225191120e+01,-8.501650510797029270e+00,3.925745406780508517e+01,-8.489417169247971628e+00
1.258925411794190040e+04,2.723757921967926450e+02,-2.663951505730435656e+02,2.726543566270039491e+02,-2.663260810420385951e+02,-8.600891729140358599e-03,2.352352420642678951e-05,-8.600886475408093396e-03,8.538337513269027062e-05,-1.385073684305652648e+02,-5.445692641135413226e+01,-1.396647074573276939e+02,-5.338942872953695939e+01,3.918307231782711142e+01,-8.649986237700998615e+00,3.918637176932112709e+01,-8.637546793364217379e+00
1.283315185557673976e+04,2.672634810431510459e+02,-2.664984672564673929e+02,2.675434293793953771e+02,-2.664335546255310305e+02,-8.600880457400657264e-03,2.397902461792685323e-05,-8.600874998180279424e-03,8.703731362197627609e-05,-1.377851289582390848e+02,-5.522217997776796494e+01,-1.389748957399012568e+02,-5.415668935768459136e+01,3.910937274991795221e+01,-8.800292430135774779e+00,3.911279262180208605e+01,-8.787644562980664986e+00
1.308177474260217059e+04,2.621490622215186477e+02,-2.665036741048651265e+02,2.624302348914094978e+02,-2.664429463300934913e+02,-8.600868745118952011e-03,2.444333590551472026e-05,-8.600863072374648199e-03,8.872328074036025050e-05,-1.370425791676813390e+02,-5.598833886718343678e+01,-1.382652344188639120e+02,-5.492580604158695934e+01,3.903309544487650840e+01,-8.952560025346217643e+00,3.903663980297260849e+01,-8.939701454838758110e+00
1.333521432163348072e+04,2.570363006259959775e+02,-2.664107599905184429e+02,2.573185371256954568e+02,-2.663542373562667649e+02,-8.600856574916116923e-03,2.491662795162084368e-05,-8.600850680298701215e-03,9.044189616897794462e-05,-1.362794201901275528e+02,-5.675486542012816216e+01,-1.375353995851067452e+02,-5.569628063840843168e+01,3.895416192204072559e+01,-9.106777560684788497e+00,3.895783494495761801e+01,-9.093706050237909011e+00
1.359356390878549973e+04,2.519289562835817833e+02,-2.662198942953067444e+02,2.522120956500101556e+02,-2.661675893862611701e+02,-8.600843928941382527e-03,2.539907388242616299e-05,-8.600837803775513227e-03,9.219379154630955270e-05,-1.354953674718626928e+02,-5.752119891089071047e+01,-1.367850791473005359e+02,-5.646759183262108905e+01,3.887249218901735048e+01,-9.262931046311152272e+00,3.887629816945521810e+01,-9.249644407934587420e+00
1.385691862803152071e+04,2.468307732949887736e+02,-2.659314260383557667e+02,2.471146545778254904e+02,-2.658833437454524642e+02,-8.600830788728797832e-03,2.589085012741756668e-05,-8.600824423999949703e-03,9.397961069652827537e-05,-1.346901523304422597e+02,-5.828675574714113594e+01,-1.360139743197574376e+02,-5.723919518872373402e+01,3.878800478054115786e+01,-9.421003833201131883e+00,3.879194812645499013e+01,-9.407499932343851512e+00
1.412537544622779933e+04,2.417454688934634532e+02,-2.655458823994689510e+02,2.420299316242019643e+02,-2.655020199608988491e+02,-8.600817134979685599e-03,2.639213647972367191e-05,-8.600810521320528812e-03,9.580000986180967645e-05,-1.338635233612948241e+02,-5.905092956966635853e+01,-1.352218009623106525e+02,-5.801052309585076472e+01,3.870061680629806489e+01,-9.580976479135305368e+00,3.870470204190746699e+01,-9.567253239722179003e+00
1.439903320881659056e+04,2.366767226588127926e+02,-2.650639663131785255e+02,2.369616073138618049e+02,-2.650243133884075064e+02,-8.600802947510760230e-03,2.690311615795537526e-05,-8.600796075188241879e-03,9.765565793954843687e-05,-1.330152479644224286e+02,-5.981309152731545709e+01,-1.344082910508830651e+02,-5.878098487719120158e+01,3.861024400599208661e+01,-9.742826611801035597e+00,3.861447577263421493e+01,-9.728882021469614116e+00
1.467799267622095977e+04,2.316281659703906541e+02,-2.644865533757586604e+02,2.319133144254934109e+02,-2.644510921528626000e+02,-8.600788205599655192e-03,2.742397587058926755e-05,-8.600781064501222123e-03,9.954723672560664724e-05,-1.321451139454360089e+02,-6.057259070492474962e+01,-1.335731942336387021e+02,-5.954996704185784040e+01,3.851680081145674706e+01,-9.906528788927486673e+00,3.852118386825806340e+01,-9.892360904459351900e+00
1.496235656094461046e+04,2.266033717544461865e+02,-2.638146879731182253e+02,2.268886277275641135e+02,-2.637833933085832427e+02,-8.600772887627288962e-03,2.795490587874720179e-05,-8.600765467245077497e-03,1.014754411592546079e-04,-1.312529310058266674e+02,-6.132875450494682923e+01,-1.327162792821433470e+02,-6.031683348284001767e+01,3.842020041676332198e+01,-1.007205435597037457e+01,3.842473964111027840e+01,-1.005766130891419863e+01
1.525222956539046936e+04,2.216058445898864591e+02,-2.630495786581232665e+02,2.218910540701354535e+02,-2.630224182463304601e+02,-8.600756971137496140e-03,2.849610006167761526e-05,-8.600749260550833927e-03,1.034409795743788729e-04,-1.303385324041958029e+02,-6.208088931203014482e+01,-1.318373357307461617e+02,-6.108092594750575444e+01,3.832035485783864459e+01,-1.023937130219695923e+01,3.832505524564495403e+01,-1.022475130468871285e+01
1.554771842041202035e+04,2.166390112276218360e+02,-2.621925929649149225e+02,2.169240228876834067e+02,-2.621695275378807537e+02,-8.600740432502326435e-03,2.904775598146615637e-05,-8.600732420367435127e-03,1.054445739535977316e-04,-1.294017764909440302e+02,-6.282828111341450494e+01,-1.309361753968746314e+02,-6.184156445699495208e+01,3.821717510233342807e+01,-1.040844411587799812e+01,3.822204176807179010e+01,-1.039359546664380041e+01
1.584893192461143008e+04,2.117062115755935281e+02,-2.612452514646780628e+02,2.119908771654830275e+02,-2.612262350183282820e+02,-8.600723247794832618e-03,2.961007495387272149e-05,-8.600714922322245243e-03,1.074869601922148895e-04,-1.284425483316207988e+02,-6.357019633816366877e+01,-1.300126340075792370e+02,-6.259804793616039831e+01,3.811057114681957358e+01,-1.057923363693309682e+01,3.811560932331222773e+01,-1.056415472748066797e+01
1.615598098439904061e+04,2.068106902003335961e+02,-2.602092212931367499e+02,2.070948649203174909e+02,-2.601942013397650157e+02,-8.600705391841987832e-03,3.018326211295356695e-05,-8.600696740782292835e-03,1.095688883594032160e-04,-1.274607613044998544e+02,-6.430588279707454546e+01,-1.290665728144221589e+02,-6.334965493796558178e+01,3.800045212449040832e+01,-1.075169690908011688e+01,3.800566716243346121e+01,-1.073638623006764448e+01
1.646897865482898851e+04,2.019555883837038266e+02,-2.590863091476860518e+02,2.022391312346661039e+02,-2.590752269915338957e+02,-8.600686837896949488e-03,3.076752647876246041e-05,-8.600677848521648058e-03,1.116911229664615559e-04,-1.264563586580397754e+02,-6.503457071555391167e+01,-1.280978801835480851e+02,-6.409564445515479747e+01,3.788672642595482642e+01,-1.092578703330042877e+01,3.789212379315993928e+01,-1.091024318107527691e+01
1.678804018122591879e+04,1.971439367705811776e+02,-2.578784538011470318e+02,1.974267108802830251e+02,-2.578712448349613169e+02,-8.600667559150020763e-03,3.136308103433923676e-05,-8.600658218235890037e-03,1.138544432485749674e-04,-1.254293150357276829e+02,-6.575547387848530434e+01,-1.271064731696503571e+02,-6.483525683980494136e+01,3.776930182837629246e+01,-1.110145302011588164e+01,3.777488710871020317e+01,-1.108567470341630390e+01
1.711328304161813139e+04,1.923786486499361956e+02,-2.565877181365113415e+02,1.926605215735129377e+02,-2.565843121575244936e+02,-8.600647527178331697e-03,3.197014279060216452e-05,-8.600637820982151571e-03,1.160596434377524685e-04,-1.243796380348785959e+02,-6.646779100065977275e+01,-1.260922991452737705e+02,-6.556771494467368200e+01,3.764808563700006516e+01,-1.127863964342987479e+01,3.765386452900465031e+01,-1.126262569024005344e+01
1.744482698999287095e+04,1.876625138790892322e+02,-2.552162808855734966e+02,1.879433578730352679e+02,-2.552166024274022220e+02,-8.600626712789433484e-03,3.258893286259308803e-05,-8.600616627034211176e-03,1.183075330517491345e-04,-1.233073696363494065e+02,-6.717070711190412169e+01,-1.250553373162986048e+02,-6.629222527805526965e+01,3.752298483857231304e+01,-1.145728729609002272e+01,3.752896315374956515e+01,-1.144103666064041924e+01
1.778279410038956121e+04,1.829981934803449519e+02,-2.537664280214284815e+02,1.832778857488571020e+02,-2.537703967002373702e+02,-8.600605085256870022e-03,3.321967653977613407e-05,-8.600594605107113322e-03,1.205989371807126323e-04,-1.222125876209218944e+02,-6.786339513081699693e+01,-1.239956002457396806e+02,-6.700797934689856561e+01,3.739390626724396327e+01,-1.163733184807371046e+01,3.740008992797062604e+01,-1.162084361796042842e+01
1.812730881184733153e+04,1.783882149256521927e+02,-2.522405438926920169e+02,1.786666378388541432e+02,-2.522480747645563497e+02,-8.600582612946619521e-03,3.386260336357479615e-05,-8.600571722985830489e-03,1.229346967856385182e-04,-1.210954069112577116e+02,-6.854501755959556419e+01,-1.229131353232601924e+02,-6.771415512257541991e+01,3.726075678304582794e+01,-1.181870450789764071e+01,3.726715182012365801e+01,-1.180197791132563800e+01
1.847849797422326083e+04,1.738349681091437446e+02,-2.506411021877028702e+02,1.741120093926479058e+02,-2.506521061152658945e+02,-8.600559262959472581e-03,3.451794720161632395e-05,-8.600547947171629376e-03,1.253156689975683908e-04,-1.199559808276940487e+02,-6.921472829592588027e+01,-1.218080261692292652e+02,-6.840991862708241911e+01,3.712344346253971850e+01,-1.200133168764431169e+01,3.713005601233884079e+01,-1.198436610076056930e+01
1.883649089489836115e+04,1.693407020110546171e+02,-2.489706567869325511e+02,1.696162549070101306e+02,-2.489850408121215821e+02,-8.600535000944114009e-03,3.518594632375982169e-05,-8.600523242686869407e-03,1.277427274228931317e-04,-1.187945022528670762e+02,-6.987167456789518383e+01,-1.206803939685973006e+02,-6.909442564752728799e+01,3.698187380374867672e+01,-1.218513487377024340e+01,3.698871010493918732e+01,-1.216792982807843870e+01
1.920141938638838110e+04,1.649075220650393589e+02,-2.472318324724645322e+02,1.651814854643153865e+02,-2.472495001937438701e+02,-8.600509791877184590e-03,3.586684348391080827e-05,-8.600497573858152320e-03,1.302167624592961406e-04,-1.176112047021458693e+02,-7.051499900589188030e+01,-1.195303987328803998e+02,-6.976682359495400476e+01,3.683595594320191680e+01,-1.237003050298254792e+01,3.684302233305061236e+01,-1.235258569281499952e+01
1.957341781487697881e+04,1.605373881864508689e+02,-2.454273157316560798e+02,1.608096667329153036e+02,-2.454481676821977771e+02,-8.600483598078492026e-03,3.656088598928965388e-05,-8.600470902329978781e-03,1.327386816027161919e-04,-1.164063632647438311e+02,-7.114384180378267786e+01,-1.183582404529708043e+02,-7.042625346194036240e+01,3.668559888920946577e+01,-1.255592984715684857e+01,3.669290179942087349e+01,-1.253824513717786537e+01
1.995262314968918145e+04,1.562321134853803244e+02,-2.435598455116727337e+02,1.565026176520981949e+02,-2.435837795376324664e+02,-8.600456381377803716e-03,3.726832579127587727e-05,-8.600443189231877714e-03,1.353094097817883782e-04,-1.151802954342927023e+02,-7.175734302004120480e+01,-1.171641601639151133e+02,-7.107185193165499015e+01,3.653071276458765482e+01,-1.274273890324906233e+01,3.653825871668396275e+01,-1.272481433597699763e+01
2.033917501372331026e+04,1.519933636280469500e+02,-2.416322040881383941e+02,1.522620097664961065e+02,-2.416591157238819392e+02,-8.600428102110393297e-03,3.798941956181106638e-05,-8.600414394170962165e-03,1.379298896816738324e-04,-1.139333617760450608e+02,-7.235464493080432646e+01,-1.159484408652071608e+02,-7.170275355272144679e+01,3.637120906688186750e+01,-1.293035829531160275e+01,3.637900466708845215e+01,-1.291219409861789558e+01
2.073321573485995032e+04,1.478226568086806765e+02,-2.396472081264492715e+02,1.480893671720034774e+02,-2.396769909646929761e+02,-8.600398718875109164e-03,3.872442877433989670e-05,-8.600384474986609920e-03,1.406010820772598830e-04,-1.126659664600274056e+02,-7.293489450103888316e+01,-1.147114083276060370e+02,-7.231809304797781124e+01,3.620700094140688208e+01,-1.311868318652633469e+01,3.621505287504749049e+01,-1.310027978109492430e+01
2.113489039836687880e+04,1.437213643495065583e+02,-2.376076998387150354e+02,1.439860670904368760e+02,-2.376402458942141322e+02,-8.600368188708877246e-03,3.947361978785738203e-05,-8.600353387931565161e-03,1.433239661748562357e-04,-1.113785576613473722e+02,-7.349724600116230988e+01,-1.134534317887621739e+02,-7.291700778772192848e+01,3.603800346629434159e+01,-1.330760320170747590e+01,3.604631849166125335e+01,-1.328896120841161022e+01
2.154434690031925129e+04,1.396907118444140963e+02,-2.355165384632954044e+02,1.399533409892747216e+02,-2.355517385281320344e+02,-8.600336466663846546e-03,4.023726392934749447e-05,-8.600321087239239451e-03,1.460995399563552201e-04,-1.100716277341236236e+02,-7.404086357263389573e+01,-1.121749244355586939e+02,-7.349864023143797453e+01,3.586413395183197395e+01,-1.349700236373607254e+01,3.587271889354412480e+01,-1.347812261091714525e+01
2.196173600205478942e+04,1.357317808606394181e+02,-2.333765919444537928e+02,1.359922762608071025e+02,-2.334143359329281679e+02,-8.600303506461161318e-03,4.101563758232120772e-05,-8.600287525783695958e-03,1.489288205359156291e-04,-1.087457132309851033e+02,-7.456492389595385362e+01,-1.108763437499981279e+02,-7.406214049464240645e+01,3.568531225387153683e+01,-1.368675904530350884e+01,3.569417399568938976e+01,-1.366764257589978193e+01
2.238721138568382958e+04,1.318455111422131552e+02,-2.311907289300995672e+02,1.321038184042634782e+02,-2.312309062122254772e+02,-8.600269260080567121e-03,4.180902227135200472e-05,-8.600252654660476073e-03,1.518128445165194899e-04,-1.074013947700291709e+02,-7.506861899210539946e+01,-1.095581917201530899e+02,-7.460666907462459108e+01,3.550146109711447906e+01,-1.387674593426337033e+01,3.551060657421055566e+01,-1.385739401275787763e+01
2.282092971067495091e+04,1.280327032705878594e+02,-2.289618111278608126e+02,1.282887736666136504e+02,-2.290043108501849076e+02,-8.600233676963961113e-03,4.261770474473574265e-05,-8.600216422397723506e-03,1.547526683502681939e-04,-1.060392966520046798e+02,-7.555115891672620876e+01,-1.082210148090734236e+02,-7.513139949414967589e+01,3.531250641355205033e+01,-1.406683001896426433e+01,3.532194260424141419e+01,-1.404724413811931427e+01
2.326305067153670825e+04,1.242940217703407626e+02,-2.266926859736781807e+02,1.245478121301002830e+02,-2.267373973659996409e+02,-8.600196705501748223e-03,4.344197707133921432e-05,-8.600178776431632519e-03,1.577493687191270050e-04,-1.046600863170250761e+02,-7.601177456609705985e+01,-1.068654037769932756e+02,-7.563552108582891265e+01,3.511837768917879288e+01,-1.425687258955658976e+01,3.512811160608901417e+01,-1.423705447688390180e+01
2.371373705661701024e+04,1.206299985957424070e+02,-2.243861797140388603e+02,1.208814711821656545e+02,-2.244329923812846914e+02,-8.600158291646934142e-03,4.428213672213320858e-05,-8.600139661728505025e-03,1.608040429045615909e-04,-1.032644735794206241e+02,-7.644972043381062576e+01,-1.054919932877360367e+02,-7.611824175659499758e+01,3.491900832280233402e+01,-1.444672926082525777e+01,3.492904700349698288e+01,-1.442668088475693722e+01
2.417315480804150866e+04,1.170410369728175368e+02,-2.220450908694934071e+02,1.172901593422594715e+02,-2.220938950682431994e+02,-8.600118379414168832e-03,4.513848666301089571e-05,-8.600099021273862818e-03,1.639178091748132507e-04,-1.018532096612762530e+02,-7.686427736220137774e+01,-1.041014613196154102e+02,-7.657879077763394093e+01,3.471433599379346902e+01,-1.463625001602733988e+01,3.472468649084685666e+01,-1.461597359174314548e+01
2.464147308281329970e+04,1.135274155570632786e+02,-2.196721841007451985e+02,1.137741604062310046e+02,-2.197228709992699578e+02,-8.600076910026352786e-03,4.601133544086553814e-05,-8.600056795223492978e-03,1.670918071705113008e-04,-1.004270860243629926e+02,-7.725475528177996409e+01,-1.026945283778990046e+02,-7.701642159493303552e+01,3.450430303839726776e+01,-1.482527927378237109e+01,3.451497240892421559e+01,-1.480477726864269705e+01
2.511886431509628892e+04,1.100892928579095837e+02,-2.172701845164760641e+02,1.103336378588879398e+02,-2.173226464381943970e+02,-8.600033823258732002e-03,4.690099728393567151e-05,-8.600012922245924354e-03,1.703271983114078877e-04,-9.898693298077994029e+01,-7.762049585000458762e+01,-1.012719564834924881e+02,-7.743041457089874768e+01,3.428885683179042587e+01,-1.501365597781241412e+01,3.429985212644448467e+01,-1.499293111635998521e+01
2.560550427970525925e+04,1.067267119022092459e+02,-2.148417723887934301e+02,1.069686395271979222e+02,-2.148959030386811548e+02,-8.599989056164511134e-03,4.780779218646526179e-05,-8.599967338240893655e-03,1.736251661922940358e-04,-9.753361810643343688e+01,-7.796087504484766839e+01,-9.983454796201039017e+01,-7.782007971418691739e+01,3.406795017825731264e+01,-1.520121371476151317e+01,3.407927842970978816e+01,-1.518026898323625318e+01
2.610157215682588139e+04,1.034396050908012796e+02,-2.123895783111561286e+02,1.036791024280342839e+02,-2.124452729851248876e+02,-8.599942543895412392e-03,4.873204600785087002e-05,-8.599919977164109317e-03,1.769869170000189305e-04,-9.606804445268849690e+01,-7.827530566653952349e+01,-9.838314402344803966e+01,-7.818475935096181217e+01,3.384154170226732816e+01,-1.538778085547730967e+01,3.385320991318523909e+01,-1.536661950580469060e+01
2.660725059798861912e+04,1.002277992237268478e+02,-2.099161787688401262e+02,1.004648577862025860e+02,-2.099733345457786129e+02,-8.599894217783924863e-03,4.967409055396581415e-05,-8.599870769105507490e-03,1.804136799179176850e-04,-9.459114856880084687e+01,-7.856323977194769270e+01,-9.691862314415655533e+01,-7.852383076244431948e+01,3.360959624414541480e+01,-1.557318072654313568e+01,3.362161137468937255e+01,-1.555180627974556273e+01
2.712272579332082023e+04,9.709102063425227414e+01,-2.074240921631640902e+02,9.732563616262784478e+01,-2.074826080799339252e+02,-8.599844007705087154e-03,5.063426368812410755e-05,-8.599819642647554829e-03,1.839067075679122042e-04,-9.310389831466127930e+01,-7.882417088359692059e+01,-9.544189922184312991e+01,-7.883670862721342587e+01,3.337208525480148325e+01,-1.575723180943002077e+01,3.338445420966956334e+01,-1.573564805841269809e+01
2.764818754010161865e+04,9.402890042287083361e+01,-2.049157752445036067e+02,9.426107268387687554e+01,-2.049755524540818783e+02,-8.599791840772893006e-03,5.161290941808142885e-05,-8.599766523565078452e-03,1.874672764334337871e-04,-9.160729050946103769e+01,-7.905763611614477782e+01,-9.395391955196114964e+01,-7.912284741340788230e+01,3.312898718937476161e+01,-1.593974797007760635e+01,3.314171680442076706e+01,-1.591795898174298607e+01
2.818382931264509898e+04,9.104097976215561516e+01,-2.023936199275169656e+02,9.127071234399599575e+01,-2.024545618402902676e+02,-8.599737640900072255e-03,5.261037798900321531e-05,-8.599711334376976962e-03,1.910966872953101840e-04,-9.010234842196256011e+01,-7.926321822566254127e+01,-9.245566262819615133e+01,-7.938174372567361559e+01,3.288028789613421310e+01,-1.612053871815907868e+01,3.289338492460029784e+01,-1.609854883480837628e+01
2.872984833353721115e+04,8.812671519876893456e+01,-1.998599505780764787e+02,8.835401530444264040e+01,-1.999219629872177109e+02,-8.599681328897145274e-03,5.362702598103662416e-05,-8.599653994444763153e-03,1.947962656786578759e-04,-8.859011907740561753e+01,-7.944054732064459756e+01,-9.094813573117083649e+01,-7.961293833809637022e+01,3.262598099961648046e+01,-1.629940949820470308e+01,3.263945209801528335e+01,-1.627722333817917288e+01
2.928644564625294879e+04,8.528548398989245527e+01,-1.973170216194749287e+02,8.551036223005273484e+01,-1.973800128101363498e+02,-8.599622822866578170e-03,5.466321640899536680e-05,-8.599594420369543329e-03,1.985673623095654040e-04,-8.707167044154842017e+01,-7.958930249262778034e+01,-8.943237237178446719e+01,-7.981601817537293186e+01,3.236606827531691977e+01,-1.647616201279670989e+01,3.237991998900855606e+01,-1.645378447031531621e+01
2.985382618918018852e+04,8.251658938916841635e+01,-1.947670155640019516e+02,8.273905957499111707e+01,-1.948308964076594805e+02,-8.599562038300525776e-03,5.571931882163894307e-05,-8.599532526082448447e-03,2.024113535773570602e-04,-8.554808847439561248e+01,-7.970921323702781081e+01,-8.790942957529215107e+01,-7.999061810781586246e+01,3.210056001235542311e+01,-1.665059457698413325e+01,3.211479876086652752e+01,-1.662803082113794062e+01
3.043219887107782051e+04,7.981926589061913546e+01,-1.922120413946609574e+02,8.003934482830447905e+01,-1.922767254284563307e+02,-8.599498886060581368e-03,5.679570938328818911e-05,-8.599468220820723555e-03,2.063296419856954487e-04,-8.402047407059654915e+01,-7.980006062512038056e+01,-8.638038502012996389e+01,-8.013642251740651545e+01,3.182947536119001342e+01,-1.682250250342321962e+01,3.184410742333539446e+01,-1.679975797630330447e+01
3.102177664799562990e+04,7.719268441763405519e+01,-1.896541332580608241e+02,7.741039170487191257e+01,-1.897195367503182695e+02,-8.599433274632218085e-03,5.789277098989618756e-05,-8.599401411386504296e-03,2.103236566470885634e-04,-8.248993991186603125e+01,-7.986167829102546989e+01,-8.484633405605305256e+01,-8.025316669814139914e+01,3.155284266700089546e+01,-1.699167852274804602e+01,3.156787416585105888e+01,-1.696875893664426016e+01
3.162277660168442890e+04,7.463595738916781386e+01,-1.870952495463807850e+02,7.485131521479780758e+01,-1.871612915486793725e+02,-8.599365108852247835e-03,5.901089335717691616e-05,-8.599332000867057624e-03,2.143948537553435154e-04,-8.095760724401705488e+01,-7.989395316934707125e+01,-8.330838661196375483e+01,-8.034063802114108910e+01,3.127069978042852227e+01,-1.715791323146932967e+01,3.128613666820143635e+01,-1.713482456514698882e+01
3.223542001952527062e+04,7.214814369865956678e+01,-1.845372722467942594e+02,7.236117664609001565e+01,-1.846038746333770462e+02,-8.599294289751277173e-03,6.015047311778550713e-05,-8.599259888473759564e-03,2.185447170744755224e-04,-7.942460260166684805e+01,-7.989682599360946824e+01,-8.176766401417050645e+01,-8.039867687191643597e+01,3.098309434753038971e+01,-1.732099557303523341e+01,3.099894239046023969e+01,-1.729774406703393197e+01
3.285993247600719769e+04,6.972825357325281459e+01,-1.819820065786183818e+02,6.993898842817648642e+01,-1.820490940739476855e+02,-8.599220714568778581e-03,6.131191391947924882e-05,-8.599184969560304606e-03,2.227747584369121155e-04,-7.789205450001860243e+01,-7.987029157509326183e+01,-8.022529573532280267e+01,-8.042717737655461008e+01,3.069008407305270580e+01,-1.748071334705159430e+01,3.070634883630905776e+01,-1.745730549800372700e+01
3.349654391578344075e+04,6.737525327186106949e+01,-1.794311809392617931e+02,6.758371883516042544e+01,-1.794986811342622275e+02,-8.599144276474899803e-03,6.249562652063221245e-05,-8.599107135334089352e-03,2.270865182463717208e-04,-7.636109011361678256e+01,-7.981439882610578707e+01,-7.868241609097802325e+01,-8.042608787614487653e+01,3.039173695555523480e+01,-1.763685374745208634e+01,3.040842378828757830e+01,-1.761329630140173208e+01
3.414548873833670223e+04,6.508806965701762692e+01,-1.768864470679453689e+02,6.529429656298736973e+01,-1.769542904259224088e+02,-8.599064864773037914e-03,6.370202889014858197e-05,-8.599026273062755632e-03,2.314815659927699470e-04,-7.483283196544088867e+01,-7.972925050399551594e+01,-7.714016090769432310e+01,-8.039541112085683494e+01,3.008813149090174477e+01,-1.778920392714185184e+01,3.010524551148070316e+01,-1.776550387185628210e+01
3.480700588428480842e+04,6.286559459803372363e+01,-1.743493804575322486e+02,6.306961513845686795e+01,-1.744175003104180917e+02,-8.598982364779629919e-03,6.493154630357287369e-05,-8.598942265947269459e-03,2.359615007720749298e-04,-7.330839464054163557e+01,-7.961500282522794691e+01,-7.559966417938623806e+01,-8.033520433498186719e+01,2.977935684219703205e+01,-1.793755158881116785e+01,2.979690292373037508e+01,-1.791371614507790255e+01
3.548133892335825658e+04,6.070668920418525261e+01,-1.718214809880868472e+02,6.090853715886709097e+01,-1.718898135235777431e+02,-8.598896656757485171e-03,6.618461142985794499e-05,-8.598854992054720883e-03,2.405279518040368816e-04,-7.178888155586469111e+01,-7.947186468969368889e+01,-7.406205473852054411e+01,-8.024557887932438405e+01,2.946551297095407307e+01,-1.808168559540037990e+01,2.948349572715836686e+01,-1.805772220732283984e+01
3.616873614408232243e+04,5.861018788790741496e+01,-1.693041737508444271e+02,5.880989836150995131e+01,-1.693726579915027912e+02,-8.598807617022977828e-03,6.746166443807683421e-05,-8.598764325418440518e-03,2.451825789788633181e-04,-7.027538179253291162e+01,-7.930009680412698003e+01,-7.252845295579714957e+01,-8.012669980694752780e+01,2.914671073099740539e+01,-1.822139660505171221e+01,2.916513450250167239e+01,-1.819731292934266165e+01
3.686945064519649895e+04,5.657490225037729914e+01,-1.667988100510268907e+02,5.677251151616761149e+01,-1.668673878257406500e+02,-8.598715116706970307e-03,6.876315308189694987e-05,-8.598670134800812104e-03,2.499270733898578244e-04,-6.876896701971851655e+01,-7.910001051357453150e+01,-7.099996749425534404e+01,-7.997878511017358960e+01,2.882307191747161212e+01,-1.835647771848079302e+01,2.884194075863578277e+01,-1.833228161278427137e+01
3.758374042884517985e+04,5.459962478310833944e+01,-1.643066685742973903e+02,5.479517013347003740e+01,-1.643752844830422077e+02,-8.598619022307935067e-03,7.008953279269197669e-05,-8.598572284239335700e-03,2.547631578835543478e-04,-6.727068852769818363e+01,-7.887196642795210266e+01,-6.947769213860638615e+01,-7.980210474527046927e+01,2.849472927609295425e+01,-1.848672514755435259e+01,2.851404694242413029e+01,-1.846242465780857955e+01
3.831186849557365349e+04,5.268313238749389882e+01,-1.618289566977452409e+02,5.287665199148548822e+01,-1.618975580701981585e+02,-8.598519195185085756e-03,7.144126677683861222e-05,-8.598470632537708394e-03,2.596925876227713036e-04,-6.578157437788860307e+01,-7.861637286286250514e+01,-6.796270271017378661e+01,-7.959697945177457257e+01,2.816182645990706490e+01,-1.861193888677932406e+01,2.818159639614649947e+01,-1.858754223366773672e+01
3.905410294116458681e+04,5.082418970697730742e+01,-1.593668119293963059e+02,5.101572247496321211e+01,-1.594353487780697947e+02,-8.598415491329339938e-03,7.281882609877813554e-05,-8.598365033034282082e-03,2.647171506438366858e-04,-6.430262669607211024e+01,-7.833368408472766475e+01,-6.645605409538082142e+01,-7.936377935216259516e+01,2.782451794340316908e+01,-1.873192339852452193e+01,2.784474327236302571e+01,-1.870743896304071185e+01
3.981071705535052752e+04,4.902155227508169588e+01,-1.569213034624959562e+02,4.921113773050436890e+01,-1.569897284309906809e+02,-8.598307761615953809e-03,7.422268977390691913e-05,-8.598255333847072343e-03,2.698386684342721806e-04,-6.283481912085931498e+01,-7.802439836219534186e+01,-6.495877740188851135e+01,-7.910292233114738281e+01,2.748296888509980818e+01,-1.884648830002014108e+01,2.750365239732978750e+01,-1.882192460820377633e+01
4.058198942243881174e+04,4.727396948615740513e+01,-1.544934338165786585e+02,4.746164764423345872e+01,-1.545617021236519690e+02,-8.598195851051730274e-03,7.565334484989445145e-05,-8.598141377123169615e-03,2.750589965064774412e-04,-6.137909441436895719e+01,-7.768905588015194041e+01,-6.347187725357508015e+01,-7.881487225034372557e+01,2.713735493943238808e+01,-1.895544904867920621e+01,2.715849908377887800e+01,-1.893081475557426785e+01
4.136820402388591174e+04,4.558018737382797525e+01,-1.520841405788341945e+02,4.576599862730807899e+01,-1.521522099587600110e+02,-8.598079598359837164e-03,7.711128648652258895e-05,-8.598022998612795190e-03,2.803800249801549844e-04,-5.993636225249690597e+01,-7.732823649686461920e+01,-6.199632924365815256e+01,-7.850013697542821944e+01,2.678786201820420487e+01,-1.905862762468061433e+01,2.680946889333777605e+01,-1.903393149757802050e+01
4.216965034285908769e+04,4.393895121922520275e+01,-1.496942982035404555e+02,4.412293623104158513e+01,-1.497621288433079201e+02,-8.597958836728350832e-03,7.859701804734644723e-05,-8.597900028419362684e-03,2.858036791870467198e-04,-5.850749720737358928e+01,-7.694255735313394950e+01,-6.053307756216653246e+01,-7.815926622265669721e+01,2.643468600041156691e+01,-1.915585320461289953e+01,2.645675734738012252e+01,-1.913110410564731012e+01
4.298662347082365159e+04,4.234900798193780247e+01,-1.473247198731183687e+02,4.253120758457873052e+01,-1.473922743470212708e+02,-8.597833392828742663e-03,8.011105117001781392e-05,-8.597772290011631083e-03,2.913319202628633425e-04,-5.709333691317512915e+01,-7.653267041841081664e+01,-5.908303279225577853e+01,-7.779284931185978280e+01,2.607803239006400631e+01,-1.924696282003295877e+01,2.610056958592711140e+01,-1.922216968820280414e+01
4.381942421619527158e+04,4.080910856137885645e+01,-1.449761594029149592e+02,4.098956366292488696e+01,-1.450434026049374836e+02,-8.597703086879151385e-03,8.165390584389243503e-05,-8.597639600280709490e-03,2.969667457576174595e-04,-5.569468044621621772e+01,-7.609925988874211100e+01,-5.764706990975104617e+01,-7.740151273493806627e+01,2.571811592383466660e+01,-1.933180200047018360e+01,2.574111997643533201e+01,-1.930697383316907079e+01
4.466835921509723266e+04,3.931800989164548810e+01,-1.426493131808531700e+02,3.949676138824906957e+01,-1.427162122553200732e+02,-8.597567732434191826e-03,8.322611048254823255e-05,-8.597501769328304635e-03,3.027101902505068974e-04,-5.431228689463915060e+01,-7.564303956565841247e+01,-5.622602646418036443e+01,-7.698591767419399901e+01,2.535516012842813893e+01,-1.941022539343287434e+01,2.537863167234126038e+01,-1.938537122757256270e+01
4.553374104426344275e+04,3.787447687194947576e+01,-1.403448221389874391e+02,3.805156556651286337e+01,-1.404113464099527562e+02,-8.597427135657536787e-03,8.482820198618619455e-05,-8.597358599732240689e-03,3.085643259648093392e-04,-5.294687415584768075e+01,-7.516475011000053996e+01,-5.482070098298031979e+01,-7.654675735781155765e+01,2.498939682904802950e+01,-1.948209735668215714e+01,2.501333612274111928e+01,-1.945722624949426560e+01
4.641588833612873714e+04,3.647728414900972638e+01,-1.380632737276560533e+02,3.665275067601561432e+01,-1.381293946272669757e+02,-8.597281095761893227e-03,8.646072581328093283e-05,-8.597209886982738747e-03,3.145312634039975621e-04,-5.159911791577563633e+01,-7.466515633792757001e+01,-5.343185155674105857e+01,-7.608475442829907820e+01,2.462106561188181075e+01,-1.954729252227186365e+01,2.464547253612070321e+01,-1.952241353189014106e+01
4.731512589614901663e+04,3.512521774323750634e+01,-1.358052039076760877e+02,3.529910249935905853e+01,-1.358708949039953779e+02,-8.597129404570788558e-03,8.812423603819707018e-05,-8.597055419040634805e-03,3.206131519835383591e-04,-5.026965086252386783e+01,-7.414504441367593301e+01,-5.206019466001103524e+01,-7.560065816991212273e+01,2.425041324106477703e+01,-1.960569632188716938e+01,2.427528729857816359e+01,-1.958081848779464096e+01
4.823178482239406003e+04,3.381707653313936390e+01,-1.335710991369034275e+02,3.398941961349824936e+01,-1.336363356614356519e+02,-8.596971845591048697e-03,8.981929539771857623e-05,-8.596894975398068628e-03,3.268121806625356594e-04,-4.895906208508591817e+01,-7.360521909409295915e+01,-5.070640416271189110e+01,-7.509524175885596264e+01,2.387769303457805492e+01,-1.965720547553513597e+01,2.390303335099707027e+01,-1.963233779898772724e+01
4.916620262745745276e+04,3.255167360464253079e+01,-1.313613983468889330e+02,3.272251474443527286e+01,-1.314261577221280390e+02,-8.596808194634403266e-03,9.154647535160949541e-05,-8.596728327705662615e-03,3.331305786014883939e-04,-4.766789668592224416e+01,-7.304650094969836971e+01,-4.937111056261665709e+01,-7.456929945686270855e+01,2.350316420126852890e+01,-1.970172843698265552e+01,2.352896952734015912e+01,-1.967687986149335089e+01
5.011872336272826215e+04,3.132783746800575386e+01,-1.291764949057211709e+02,3.149721598931974853e+01,-1.292407562729522397e+02,-8.596638218775204746e-03,9.330635611643492899e-05,-8.596555238712203298e-03,3.395706158042829221e-04,-4.639665556358963983e+01,-7.246972367043930774e+01,-4.805490039851187589e+01,-7.402364386356046566e+01,2.312709114226232288e+01,-1.973918579098400272e+01,2.315335985733013402e+01,-1.971436518297976193e+01
5.108969774507032707e+04,3.014441314520815851e+01,-1.270167385658199777e+02,3.031236790869821718e+01,-1.270804828134748874e+02,-8.596461677216895095e-03,9.509952671889855070e-05,-8.596375463136416220e-03,3.461346037916499820e-04,-4.514579542030932657e+01,-7.187573132705645662e+01,-4.675831590086205836e+01,-7.345910309130046301e+01,2.274974272156475763e+01,-1.976951060376604730e+01,2.277647283830564007e+01,-1.974472673350650709e+01
5.207948328595570638e+04,2.900026314381194226e+01,-1.248824373801945313e+02,2.916683250511130510e+01,-1.249456470729022328e+02,-8.596278319553576908e-03,9.692658500703509679e-05,-8.596188745913429380e-03,3.528248962443301159e-04,-4.391572892502083647e+01,-7.126537574928508434e+01,-4.548185481286386533e+01,-7.287651803456085986e+01,2.237139150867687931e+01,-1.979264871700204864e+01,2.239858067905931449e+01,-1.976791023986168483e+01
5.308844442309994338e+04,2.789426831803181628e+01,-1.227738595886458910e+02,2.805949008857079718e+01,-1.228365188972022679e+02,-8.596087886248897705e-03,9.878813768518815116e-05,-8.595994822672889044e-03,3.596438896812632706e-04,-4.270682505144535668e+01,-7.063951396083409406e+01,-4.422597040324467343e+01,-7.227673967158146695e+01,2.199231299919431848e+01,-1.980855899139291765e+01,2.201995852163619460e+01,-1.978387442959870057e+01
5.411695265464750264e+04,2.682532862191524714e+01,-1.206912354715264826e+02,2.698924003397605276e+01,-1.207533301039379126e+02,-8.595890108428178022e-03,1.006848003315636224e-04,-8.595793419525425694e-03,3.665940241348403738e-04,-4.151940957903759966e+01,-6.999900569187440169e+01,-4.299107166021012461e+01,-7.166062642156036588e+01,2.161278481661608453e+01,-1.981721348930895843e+01,2.164088364429133549e+01,-1.979259121422630585e+01
5.516538667595695006e+04,2.579236376051622415e+01,-1.186347591688129199e+02,2.595500143617555366e+01,-1.186962763026064636e+02,-8.595684707038695957e-03,1.026171973980449147e-04,-8.595584252208830073e-03,3.736777838187760998e-04,-4.035376575543196509e+01,-6.934471096341643204e+01,-4.177752366687067820e+01,-7.102904155312627665e+01,2.123308590138475083e+01,-1.981859760197232490e+01,2.126163465163275035e+01,-1.979404581701616550e+01
5.623413251903608034e+04,2.479431375108330471e+01,-1.166045904526249046e+02,2.495571367495619342e+01,-1.166655186684790380e+02,-8.595471392363144073e-03,1.045859622084218966e-04,-8.595367025605737607e-03,3.808976978076657584e-04,-3.921013508546546689e+01,-6.867748779679661197e+01,-4.058564812409105116e+01,-7.038285070247722786e+01,2.085349569143616577e+01,-1.981271011544367511e+01,2.088249065621727851e+01,-1.978823683971101133e+01
5.732358369467833109e+04,2.383013939250152191e+01,-1.146008564613262166e+02,2.399033688799718433e+01,-1.146611856781702272e+02,-8.595249864882234525e-03,1.065917369637063653e-04,-8.595141434587541887e-03,3.882563407388904086e-04,-3.808871825531739574e+01,-6.799819001951051689e+01,-3.941572402977489276e+01,-6.972291947213959418e+01,2.047429329973898149e+01,-1.979956321733345703e+01,2.050373045707084430e+01,-1.977517627001660117e+01
5.843414133735297946e+04,2.289882265463836220e+01,-1.126236533854903286e+02,2.305785236344787137e+01,-1.126833747971811732e+02,-8.595019813891839958e-03,1.086351727065994481e-04,-8.594907162633586006e-03,3.957563334848999970e-04,-3.698967617897773152e+01,-6.730766517604138244e+01,-3.826798850312199107e+01,-6.905011112173983179e+01,2.009575669379407259e+01,-1.977918244290432526e+01,2.012563172009787138e+01,-1.975488942856021524e+01
5.956621435290228692e+04,2.199936698773579025e+01,-1.106730481090668121e+02,2.215726285248731742e+01,-1.107321541226628057e+02,-8.594780917028012335e-03,1.107169292893148669e-04,-8.594663881343488424e-03,4.034003438412741855e-04,-3.591313113926274525e+01,-6.660675257565910101e+01,-3.714263772586890155e+01,-6.836528438682546494e+01,1.971816188233273692e+01,-1.975160656245770952e+01,1.974847016561584567e+01,-1.972741485719697963e+01
6.072021956910013250e+04,2.113079756318202485e+01,-1.087490797999891043e+02,2.128759281284037996e+01,-1.088075639757702646e+02,-8.594532840374539268e-03,1.128376753354455966e-04,-8.594411250537265998e-03,4.111910872260490161e-04,-3.485916803872722625e+01,-6.589628143898433166e+01,-3.603982801622868237e+01,-6.766929138661478760e+01,1.934178211411298420e+01,-1.971688740850068911e+01,1.937251876790643834e+01,-1.969280414714348737e+01
6.189658188912735204e+04,2.029216144484211526e+01,-1.068517614536400657e+02,2.044788858292861988e+01,-1.069096184468075847e+02,-8.594275238124577526e-03,1.149980881891965044e-04,-8.594148917911376487e-03,4.191313273787874321e-04,-3.382783571772730369e+01,-6.517706919256147557e+01,-3.495967699245181848e+01,-6.696297567557355990e+01,1.896688709367142422e+01,-1.967508964782326686e+01,1.899804697163959588e+01,-1.965112171207344360e+01
6.309573444802065205e+04,1.948252770064671680e+01,-1.049810813845688955e+02,1.963721849578383427e+01,-1.050383068887918796e+02,-8.594007751765286168e-03,1.171988538270749453e-04,-8.593876518210001245e-03,4.272238770354173931e-04,-3.281914835428396771e+01,-6.444991987780869636e+01,-3.390226484070723245e+01,-6.624717040457817063e+01,1.859374221988806752e+01,-1.962629049614162469e+01,1.862531993102471972e+01,-1.960244450380574222e+01
6.431811877215222921e+04,1.870098745651536021e+01,-1.031370046680810759e+02,1.885467293539617728e+01,-1.031935953607920595e+02,-8.593730009417785073e-03,1.194406667877472716e-04,-8.593593672564684566e-03,4.354715986367252521e-04,-3.183308690932922858e+01,-6.371562270263623162e+01,-3.286763564965171014e+01,-6.552269662400671280e+01,1.822260784873288131e+01,-1.957057938031758226e+01,1.825459777304981657e+01,-1.954686167561780508e+01
6.556418494179926347e+04,1.794665389728825033e+01,-1.013194745312103464e+02,1.809936433967267178e+01,-1.013754280207637919e+02,-8.593441626915287318e-03,1.217242300866273517e-04,-8.593299989553966969e-03,4.438774050384662736e-04,-3.086960064383728053e+01,-6.297495069516454436e+01,-3.185579883890590835e+01,-6.479036168692148578e+01,1.785373858876329223e+01,-1.950805755072421022e+01,1.788613489338933604e+01,-1.948447419570265637e+01
6.683439175686286762e+04,1.721866222146365644e+01,-9.952841369226203483e+01,1.737042715715868013e+01,-9.958372846689736946e+01,-8.593142205179961357e-03,1.240502550673693591e-04,-8.592995062576486501e-03,4.524442601696532706e-04,-2.992860864637053098e+01,-6.222865951984604749e+01,-3.086673061752921399e+01,-6.405095781900534746e+01,1.748738262989743575e+01,-1.943883764663648606e+01,1.752017928549402370e+01,-1.941539441367873309e+01
6.812920690579756047e+04,1.651616954873572496e+01,-9.776372565248237834e+01,1.666701775637538319e+01,-9.781840103112229201e+01,-8.592831331869143704e-03,1.264194613061633366e-04,-8.592678471490410377e-03,4.611751797628854872e-04,-2.901000140697075480e+01,-6.147748639487419098e+01,-2.990037550876409966e+01,-6.330526079115544746e+01,1.712378111049269336e+01,-1.936304321635429915e+01,1.715697190789688520e+01,-1.933974558183112791e+01
6.944910713781358209e+04,1.583835479090298470e+01,-9.602529593238334371e+01,1.598831429832469375e+01,-9.607933201725499828e+01,-8.592508579662332460e-03,1.288325764396975454e-04,-8.592349780881114105e-03,4.700732320214884448e-04,-2.811364240556497407e+01,-6.072214913886199383e+01,-2.895664790786844378e+01,-6.255402872643575307e+01,1.676316752554965461e+01,-1.928080819942029933e+01,1.679674609255771500e+01,-1.925766133844250305e+01
7.079457843841527938e+04,1.518441848432943431e+01,-9.431299326318269038e+01,1.533351657048927663e+01,-9.436639089422897086e+01,-8.592173506038965763e-03,1.312903359998876334e-04,-8.592008539838083894e-03,4.791415383114996907e-04,-2.723936969863906654e+01,-5.996334535112404041e+01,-2.803543365508448915e+01,-6.179800104761110902e+01,1.640576717899643810e+01,-1.919227637029403510e+01,1.643972699720226416e+01,-1.916928515257191279e+01
7.216611620834034693e+04,1.455358259086256290e+01,-9.262667072602766893e+01,1.470184578905556450e+01,-9.267943143711147513e+01,-8.591825652348490314e-03,1.337934832176466938e-04,-8.591654281014124081e-03,4.883832738356727815e-04,-2.638699751798024806e+01,-5.920175169437312235e+01,-2.713659163744594593e+01,-6.103789753298994469e+01,1.605179668218657696e+01,-1.909760075247390532e+01,1.608613110379372202e+01,-1.907476973925860975e+01
7.356422544596568332e+04,1.394509026556405118e+01,-9.096616684714528844e+01,1.409254436792231324e+01,-9.101829282400231591e+01,-8.591464545063067643e-03,1.363427688422454197e-04,-8.591286521860879224e-03,4.978016683456590622e-04,-2.555631786719302667e+01,-5.843802328616366282e+01,-2.625995540378230331e+01,-6.027441748884919548e+01,1.570146350060071327e+01,-1.899694300378879674e+01,1.573616576512624121e+01,-1.897427644587718731e+01
7.498942093324716552e+04,1.335820560405340096e+01,-8.933130663966720419e+01,1.350487566708110343e+01,-8.938280067959460951e+01,-8.591089693271863198e-03,1.389389508715285326e-04,-8.590904762115374182e-03,5.074000067755244509e-04,-2.474710207837117792e+01,-5.767279322642149708e+01,-2.540533475245301176e+01,-5.950823906872480507e+01,1.535496555041178368e+01,-1.889047277887956966e+01,1.539002880121119787e+01,-1.886797461564301059e+01
7.644222742526164802e+04,1.279221336020630950e+01,-8.772190260506118875e+01,1.293812371137228467e+01,-8.777276807828069138e+01,-8.590700589675370757e-03,1.415827943227390001e-04,-8.590508484786962481e-03,5.171816299377252676e-04,-2.395910237833385992e+01,-5.690667219468674887e+01,-2.457251734282327149e+01,-5.874001866956439954e+01,1.501249084566964243e+01,-1.877836707262054716e+01,1.504790814620981010e+01,-1.875604093202353795e+01
7.792317984342106502e+04,1.224641864612725328e+01,-8.613775568611710298e+01,1.239159289128119390e+01,-8.618799649881181324e+01,-8.590296708460081268e-03,1.442750709170222785e-04,-8.590097154015272421e-03,5.271499351478533364e-04,-2.319205340190241671e+01,-5.614024817386518862e+01,-2.376127026386258478e+01,-5.797039046645069504e+01,1.467421719691244597e+01,-1.866080954974154693e+01,1.470998154672753344e+01,-1.863865874931336464e+01
7.943282347242983815e+04,1.172014661394269730e+01,-8.457865617551314585e+01,1.186460764554756153e+01,-8.462827673445890753e+01,-8.589877506718574321e-03,1.470165588085778645e-04,-8.589670216481730750e-03,5.373083769138331653e-04,-2.244567369510298604e+01,-5.537408624388273637e+01,-2.297134160395972557e+01,-5.719996602603227132e+01,1.434031196126054475e+01,-1.853798986454424025e+01,1.437641631153235089e+01,-1.851601741324689243e+01
8.097171416105792741e+04,1.121274211929735110e+01,-8.304438458445133620e+01,1.135651212534584964e+01,-8.309338976322757730e+01,-8.589442422663332369e-03,1.498080422223856351e-04,-8.589227099607108645e-03,5.476604675499132258e-04,-2.171966716240810769e+01,-5.460872848164921578e+01,-2.220246197299108459e+01,-5.642933403859880315e+01,1.401093184365844735e+01,-1.841010297548072927e+01,1.404736911236706653e+01,-1.838831157643393155e+01
8.254041852680360898e+04,1.072356937300694035e+01,-8.153471246649957038e+01,1.086666984650325141e+01,-8.158310757323066298e+01,-8.588990875221608201e-03,1.526503110866549683e-04,-8.588767211138282828e-03,5.582097778066492152e-04,-2.101372448189424347e+01,-5.384469393425852957e+01,-2.145434600029160777e+01,-5.565906013351041537e+01,1.368622274893027146e+01,-1.827734845794863716e+01,1.372298583552814044e+01,-1.825574051194859493e+01
8.413951416452131525e+04,1.025201158101650378e+01,-8.004940320235337481e+01,1.039446333001128586e+01,-8.009719394892034927e+01,-8.588522264259466216e-03,1.555441606532590067e-04,-8.588289939358662722e-03,5.689599375049909143e-04,-2.032752447751584413e+01,-5.308247866611153398e+01,-2.072669379695816616e+01,-5.488968677974917654e+01,1.336631968335723997e+01,-1.813992982032507228e+01,1.340340148291856082e+01,-1.811850743011172682e+01
8.576958985909125477e+04,9.797470572591949534e+00,-7.858821274615144148e+01,9.939293730633991686e+00,-7.863540521884556256e+01,-8.588035968513986831e-03,1.584903910300967391e-04,-8.587794651004256735e-03,5.799146361027563562e-04,-1.966073544290938102e+01,-5.232255587867471291e+01,-2.001919237483169312e+01,-5.412173326996584422e+01,1.305134670463262481e+01,-1.799805382627652151e+01,1.308874012144981691e+01,-1.797681880148171274e+01
8.743124580220924690e+04,9.359366422343953218e+00,-7.715089033271270580e+01,9.500580459321135152e+00,-7.719749096427008794e+01,-8.587531347385192471e-03,1.614898067676277045e-04,-8.587280693044660809e-03,5.910776233375703275e-04,-1.901301640375780977e+01,-5.156537610404339489e+01,-1.933151700844738485e+01,-5.335569579033369791e+01,1.274141691829462353e+01,-1.785192982811554430e+01,1.277911487888359510e+01,-1.783088369084337543e+01
8.912509381337647210e+04,8.937137065628489196e+00,-7.573717914805058626e+01,9.077760798895166516e+00,-7.578319469101944605e+01,-8.587007738342174526e-03,1.645432163111360088e-04,-8.586747390076452519e-03,6.024527097501947712e-04,-1.838401834539408597e+01,-5.081136744306902386e+01,-1.866333256659440210e+01,-5.259204754446639640e+01,1.243663251910877143e+01,-1.770176911287952493e+01,1.247462798460306210e+01,-1.768091310385157300e+01
9.085175756517064292e+04,8.530237906815303361e+00,-7.434681696771947657e+01,8.670289512562245449e+00,-7.439225446912877260e+01,-8.586464456810964305e-03,1.676514314691565709e-04,-8.586194044190077063e-03,6.140437672494132972e-04,-1.777338537922121020e+01,-5.006093586439927634e+01,-1.801429478520481808e+01,-5.183123894947093646e+01,1.213708487450637108e+01,-1.754778426675846958e+01,1.217537085242087613e+01,-1.752711935197249105e+01
9.261187281288135273e+04,8.138141427803837757e+00,-7.297953675541845087e+01,8.277638452637980038e+00,-7.302440353266536022e+01,-8.585900796728189108e-03,1.708152668597352883e-04,-8.585619935522151996e-03,6.258547296730616796e-04,-1.718075585003036920e+01,-4.931446555598567016e+01,-1.738405148255454336e+01,-5.107369789483200861e+01,1.184285464889055284e+01,-1.739018855710586209e+01,1.188142420423625545e+01,-1.736971543494313153e+01
9.440608762859438139e+04,7.760336789777270816e+00,-7.163506723569267365e+01,7.899296162411808098e+00,-7.167937085364086158e+01,-8.585316028501247324e-03,1.740355392539245103e-04,-8.585024320185123334e-03,6.378895932668019950e-04,-1.660576339292863324e+01,-4.857231931549230097e+01,-1.677224372582625378e+01,-5.031983005014902233e+01,1.155401196482518422e+01,-1.722919533841067974e+01,1.159285823057062004e+01,-1.720891444713898366e+01
9.623506263981094526e+04,7.396329437840210019e+00,-7.031313342977207981e+01,7.534767480902168302e+00,-7.035688167897289702e+01,-8.584709399749158518e-03,1.773130669406636662e-04,-8.584406431006743471e-03,6.501524172096091779e-04,-1.604803794010740958e+01,-4.783483897600395807e+01,-1.617850694805730072e+01,-4.957001921720972604e+01,1.127061659945536043e+01,-1.706501748210944669e+01,1.130973278632990286e+01,-1.704492900772361708e+01
9.809947127268985787e+04,7.045640702623551022e+00,-6.901345716408377484e+01,7.183573144477498396e+00,-6.905665804010045861e+01,-8.584080134311970409e-03,1.806486690068217788e-04,-8.583765476515141726e-03,6.626473240717504869e-04,-1.550720666171354090e+01,-4.710234587338990053e+01,-1.560247199850503996e+01,-4.882462773370129128e+01,1.099271821290585827e+01,-1.689786683267350753e+01,1.103209761854522419e+01,-1.687797071702046736e+01
1.000000000000021973e+05,6.707807403864797458e+00,-6.773575755009602517e+01,6.845249390472504025e+00,-6.777841923387371992e+01,-8.583427431467656119e-03,1.840431645737564234e-04,-8.583100640143396381e-03,6.753785002555185660e-04,-1.498289485498211171e+01,-4.637514134067545513e+01,-1.504376614052014993e+01,-4.808399691224096273e+01,1.072035660593765982e+01,-1.672795369171496560e+01,1.075999262337218809e+01,-1.670824964085056052e+01
1.019373485938895028e+05,6.382381455531061398e+00,-6.647975143497775719e+01,6.519347562268523966e+00,-6.652188227420485589e+01,-8.582750464968898554e-03,1.874973719790664836e-04,-8.582411079251849734e-03,6.883501963981997944e-04,-1.447472679118549266e+01,-4.565350721869273087e+01,-1.450201400692644604e+01,-4.734844750356856480e+01,1.045356200381843337e+01,-1.655548633156737282e+01,1.049344812932186422e+01,-1.653597382429290619e+01
1.039122303835191997e+05,6.068929474269648239e+00,-6.524515382583682310e+01,6.205433717696765328e+00,-6.528676231726177548e+01,-8.582048384494301088e-03,1.910121079752003751e-04,-8.581695926559817014e-03,7.015667278253827919e-04,-1.398232648131506117e+01,-4.493770640714579656e+01,-1.397683847046016936e+01,-4.661828020921130644e+01,1.019235536324911351e+01,-1.638067053919613514e+01,1.023248520354881919e+01,-1.636134883573483378e+01
1.059253725177312008e+05,5.767032388697243661e+00,-6.403167829125912647e+01,5.903088238218599848e+00,-6.407277306391723926e+01,-8.581320312929380245e-03,1.945881867354541000e-04,-8.580954287411787090e-03,7.150324748232322674e-04,-1.350531842557298745e+01,-4.422798340964764208e+01,-1.346786149835362423e+01,-4.589377619394847585e+01,9.936748700555654068e+00,-1.620370919259518772e+01,9.977115979431021131e+00,-1.618457734335313347e+01
1.079775162327732978e+05,5.476285055379493727e+00,-6.283903733477684739e+01,5.611905444820502353e+00,-6.287962713406970749e+01,-8.580565347294262860e-03,1.982264189651236847e-04,-8.580185240690051812e-03,7.287518830505777855e-04,-1.304332827717640164e+01,-4.352456491256252491e+01,-1.297470491627761646e+01,-4.517519764012970285e+01,9.686745436053021407e+00,-1.602480186535791518e+01,9.727344000326818119e+00,-1.600585871973853713e+01
1.100694171252233937e+05,5.196295877301146504e+00,-6.166694274818629395e+01,5.331493216317614525e+00,-6.170703642078747464e+01,-8.579782557665735845e-03,2.019276108361217755e-04,-8.579387837716135126e-03,7.427294637902497184e-04,-1.259598348208331942e+01,-4.282766036068994708e+01,-1.249699114728415950e+01,-4.446278830449642783e+01,9.442340754353072185e+00,-1.584414446699535617e+01,9.483164579305544351e+00,-1.582538868222168738e+01
1.122018454301987949e+05,4.926686427449330274e+00,-6.051510594168001944e+01,5.061472612803482818e+00,-6.055471242120936637e+01,-8.578970987324898920e-03,2.056925629280799590e-04,-8.578561102384960058e-03,7.569697942396354544e-04,-1.216291385428252170e+01,-4.213746254916384970e+01,-1.203434388213787365e+01,-4.375677409768598380e+01,9.203521975949206180e+00,-1.566192891332555348e+01,9.244565170174265489e+00,-1.564335896323971120e+01
1.143755863049563050e+05,4.667091078035618956e+00,-5.938323825360095753e+01,4.801477504683788311e+00,-5.942236654703926035e+01,-8.578129651044342011e-03,2.095220690496418087e-04,-8.577704029433369168e-03,7.714775176979657813e-04,-1.174375211325318702e+01,-4.145414821499480951e+01,-1.158638870905580731e+01,-4.305736366836422491e+01,8.970268938562758976e+00,-1.547834282851781573e+01,9.011525748287736448e+00,-1.545995701232034847e+01
1.165914401179857960e+05,4.417156635637051743e+00,-5.827105123899569605e+01,4.551154207616801450e+00,-5.830971041378741404e+01,-8.577257537226452150e-03,2.134169151037105996e-04,-8.576815586560298382e-03,7.862573438368598670e-04,-1.133813437160718607e+01,-4.077787863329594131e+01,-1.115275369003084549e+01,-4.236474899742957234e+01,8.742554384894352992e+00,-1.529356927921350184e+01,8.784019197791611333e+00,-1.527536573011838961e+01
1.188502227437044930e+05,4.176541981699833705e+00,-5.717825694079345311e+01,4.310161122844108128e+00,-5.721645611260201036e+01,-8.576353604667994596e-03,2.173778777374410953e-04,-8.575894711172388912e-03,8.013140487662335837e-04,-1.094570058467132334e+01,-4.010880021065256074e+01,-1.073306989578239978e+01,-4.167910599361724167e+01,8.520344355279510395e+00,-1.510778653844360342e+01,8.562011703792325790e+00,-1.508976323221888904e+01
1.211527658628615027e+05,3.944917719643525000e+00,-5.610456814164690797e+01,4.078168384039090100e+00,-5.614231646272925502e+01,-8.575416784576151211e-03,2.214057230743135443e-04,-8.574940312389792499e-03,8.166524752207836909e-04,-1.056609495283041866e+01,-3.944704507932760862e+01,-1.032697188948046652e+01,-4.100059509437062388e+01,8.303598581952110536e+00,-1.492116788064748079e+01,8.345463146165196022e+00,-1.490332264402132267e+01
1.234999172687612008e+05,3.721965828653796216e+00,-5.504969859939322419e+01,3.854857510900875361e+00,-5.508700524754967631e+01,-8.574445979457511607e-03,2.255012052890617590e-04,-8.573951269907153713e-03,8.322775326116124478e-04,-1.019896628643632397e+01,-3.879273168567185337e+01,-9.934098169473987383e+00,-4.032936186457542505e+01,8.092270884339539450e+00,-1.473388140394057366e+01,8.134327494417702198e+00,-1.471621192284832880e+01
1.258925411794194952e+05,3.507379323733717413e+00,-5.401336326607120952e+01,3.639921068963873463e+00,-5.405023743413526915e+01,-8.573440061360352443e-03,2.296650650739009568e-04,-8.572926432223714963e-03,8.481941969980136362e-04,-9.843968339346393037e+00,-3.814596537004209154e+01,-9.554091577280978242e+00,-3.966553758988570166e+01,7.886309561571255067e+00,-1.454608988289685279e+01,7.928553199798274775e+00,-1.452859371055473581e+01
1.283315185557679943e+05,3.300861923427486300e+00,-5.299527849094105392e+01,3.433062337073656600e+00,-5.303172937678012033e+01,-8.572397875258040353e-03,2.338980282273468540e-04,-8.571864620011819882e-03,8.644075112134581547e-04,-9.500760093440534959e+00,-3.750683894468232893e+01,-9.186599652007616967e+00,-3.900923987154295958e+01,7.685657781862667015e+00,-1.435795064574063495e+01,7.728083584302713582e+00,-1.434062521052981332e+01
1.308177474260222953e+05,3.102127723858412178e+00,-5.199516220960516932e+01,3.233994981191494755e+00,-5.203119900658748520e+01,-8.571318236094267046e-03,2.382008039380273314e-04,-8.570764623137053922e-03,8.809225847090262256e-04,-9.169006023406774730e+00,-3.687543325650873527e+01,-8.831274962198719436e+00,-3.836057320819100624e+01,7.490253966655575191e+00,-1.416961547887272133e+01,7.532857224467500501e+00,-1.415245809202207106e+01
1.333521432163353893e+05,2.910900880191171769e+00,-5.101273411885207310e+01,3.042442735603228865e+00,-5.104836600675562863e+01,-8.570199929923678558e-03,2.425740831378293697e-04,-8.569625201786980340e-03,8.977445935028742496e-04,-8.848376320415095364e+00,-3.625181774382673439e+01,-8.487775392332199687e+00,-3.771962957428404195e+01,7.300032167879058065e+00,-1.398123055526936831e+01,7.342808328310691302e+00,-1.396423841832455537e+01
1.359356390878556122e+05,2.726915294891457009e+00,-5.004771583920035027e+01,2.858139090928857762e+00,-5.008295197553328393e+01,-8.569041713322801332e-03,2.470185367259130076e-04,-8.568445085863568914e-03,9.148787800236293918e-04,-8.538547090262278871e+00,-3.563605097938109623e+01,-8.155764400452474305e+00,-3.708648898666219651e+01,7.114922437323718540e+00,-1.379293638569774672e+01,7.157867104408841996e+00,-1.377610659777161040e+01
1.385691862803158874e+05,2.549914314431725781e+00,-4.909983106291979027e+01,2.680826990588233816e+00,-4.913468057460740823e+01,-8.567842314322240971e-03,2.515348137579620914e-04,-8.567222975899043205e-03,9.323304529569511213e-04,-8.239200520290230756e+00,-3.502818120303378890e+01,-7.834911240836354374e+00,-3.646122006258417514e+01,6.934851186706024073e+00,-1.360486779233915655e+01,6.977960121696280105e+00,-1.358819735713640675e+01
1.412537544622785936e+05,2.379650431583502090e+00,-4.816880569299370052e+01,2.510258532824144240e+00,-4.820327766842207495e+01,-8.566600431967956800e-03,2.561235395092237820e-04,-8.565957542596997626e-03,9.501049869909942601e-04,-7.950025019460097653e+00,-3.442824684152581938e+01,-7.524891156282638605e+00,-3.584388056623632224e+01,6.759741537832535840e+00,-1.341715390213741266e+01,6.803010659385122061e+00,-1.340063973474729409e+01
1.439903320881664986e+05,2.215884995973360194e+00,-4.725436796962727470e+01,2.346194681032567342e+00,-4.728847145099885552e+01,-8.565314737909068138e-03,2.607853135677435795e-04,-8.564647428406756136e-03,9.682078226299245831e-04,-7.670715342218549004e+00,-3.383627700980585473e+01,-7.225385551508655801e+00,-3.523451793774673746e+01,6.589513661138083123e+00,-1.322991815853387543e+01,6.632939045280255463e+00,-1.321355709199336914e+01
1.467799267622102052e+05,2.058387931692974959e+00,-4.635624858606353627e+01,2.188404981118563963e+00,-4.638999256204642307e+01,-8.563983874301347304e-03,2.655207076690290001e-04,-8.563291245408650651e-03,9.866444657720455612e-04,-7.400972670596926761e+00,-3.325229200813762986e+01,-6.936082120099271719e+00,-3.463316981952709739e+01,6.424085102879433684e+00,-1.304327835211532616e+01,6.467662982778843883e+00,-1.302706714374057562e+01
1.496235656094466976e+05,1.906937462334782785e+00,-4.547418079482277165e+01,2.036667286293621260e+00,-4.550757419345861621e+01,-8.562606457631219761e-03,2.703302636992122011e-04,-8.561887579126476605e-03,1.005420487504237207e-03,-7.140504694839926891e+00,-3.267630379446895006e+01,-6.656674968352770172e+00,-3.403986455801997835e+01,6.263371099839535106e+00,-1.285734666616567168e+01,6.307097865402112369e+00,-1.284128200364964201e+01
1.525222956539053121e+05,1.761319842454142526e+00,-4.460790050553251262e+01,1.890767488310880706e+00,-4.464095218738769688e+01,-8.561181076790481265e-03,2.752144914117358185e-04,-8.560434986581433314e-03,1.024541523626526160e-03,-6.889025663609275263e+00,-3.210831644729189094e+01,-6.386864704852590613e+00,-3.345462169675781183e+01,6.107284881054720671e+00,-1.267222973737115943e+01,6.151157078366226827e+00,-1.265630824465569226e+01
1.554771842041208001e+05,1.621329096642103673e+00,-4.375714637276926311e+01,1.750499256299883788e+00,-4.378986512429593603e+01,-8.559706294796525991e-03,2.801738661936195324e-04,-8.558931998003638589e-03,1.044013274274727164e-03,-6.646256414265222290e+00,-3.154832661350065237e+01,-6.126358507163121025e+00,-3.287745245492519075e+01,5.955737956324772320e+00,-1.248802872981531209e+01,5.999752286962876546e+00,-1.247224697273593108e+01
1.584893192461149010e+05,1.486766765443705118e+00,-4.292165987631052104e+01,1.615663782472170906e+00,-4.295405440339816749e+01,-8.558180650396417580e-03,2.852088267831842444e-04,-8.557377118417672929e-03,1.063841503519967740e-03,-6.411924392544505302e+00,-3.099632393844908407e+01,-5.874870175522040938e+00,-3.230836018797883469e+01,5.808640391284729532e+00,-1.230483942076911674e+01,5.852793711512912722e+00,-1.228919391248128967e+01
1.615598098439910100e+05,1.357441658562612563e+00,-4.210118539304006191e+01,1.486069535106530282e+00,-4.213326431472993505e+01,-8.556602657688093180e-03,2.903197727935245224e-04,-8.555768827256822126e-03,1.084032038819646680e-03,-6.185763647328766268e+00,-3.045229148500259342e+01,-5.632120158300167212e+00,-3.174734083769075355e+01,5.665901068821970199e+00,-1.212275229809567989e+01,5.710190388693118457e+00,-1.210723950428517703e+01
1.646897865482904890e+05,1.233169613288429556e+00,-4.129547026355582062e+01,1.361532016789381627e+00,-4.132724210590846781e+01,-8.554970809031867823e-03,2.955070623634038036e-04,-8.554105581254568130e-03,1.104590770620166333e-03,-5.967514824696253051e+00,-2.991620613085617819e+01,-5.397835575320820034e+00,-3.119438336009806534e+01,5.527427936578333423e+00,-1.194185266631180653e+01,5.571850418956493911e+00,-1.192646901019907446e+01
1.678804018122598063e+05,1.113773262148281207e+00,-4.050426484857834453e+01,1.241873531854664758e+00,-4.053573803865496217e+01,-8.553283575322504981e-03,3.007710096159748703e-04,-8.552385814712782502e-03,1.125523651816509856e-03,-5.756925131114099869e+00,-2.938803895789522969e+01,-5.171750206426370511e+00,-3.064947014547208681e+01,5.393128240822377961e+00,-1.176222076101483083e+01,5.437681200338950305e+00,-1.174696262815803571e+01
1.711328304161819106e+05,9.990818044051417157e-01,-3.972732258247997805e+01,1.126922957708328621e+00,-3.975850544243725437e+01,-8.551539407813932292e-03,3.061118821155070740e-04,-8.550607941317211677e-03,1.146836697239981065e-03,-5.553748300834802976e+00,-2.886775562053255229e+01,-4.953604483349155707e+00,-3.011257741693462719e+01,5.262908746656304260e+00,-1.158393187158151072e+01,5.307589648622546896e+00,-1.156879561448828220e+01
1.744482698999292916e+05,8.889307859285845437e-01,-3.896440001819406973e+01,1.016515524529456593e+00,-3.899530075945649088e+01,-8.549736740360264903e-03,3.115298982939573445e-04,-8.548770356362502681e-03,1.168535983157128035e-03,-5.357744540374197229e+00,-2.835531670360931145e+01,-4.743145455426753365e+00,-2.958367561822096903e+01,5.136675945188808434e+00,-1.140705646914408433e+01,5.181482404469615055e+00,-1.139203841169873144e+01
1.778279410038962960e+05,7.831618841677649989e-01,-3.821525686818549872e+01,9.104926000821719212e-01,-3.824588358569169344e+01,-8.547873991109776817e-03,3.170252248460598155e-04,-8.546871438448204114e-03,1.190627646777672527e-03,-5.168680471011742661e+00,-2.785067806185083583e+01,-4.540126752066645288e+00,-2.906272978254553507e+01,5.014336246518261042e+00,-1.123166034021207160e+01,5.059266026386478821e+00,-1.121675678192926817e+01
1.812730881184739992e+05,6.816226998399490533e-01,-3.747965603909401722e+01,8.087014812603882108e-01,-3.751001670559109158e+01,-8.545949565108429402e-03,3.225979740938738011e-04,-8.544909552071598344e-03,1.213117885775630463e-03,-4.986329055047542980e+00,-2.735379114833570569e+01,-4.344308526330569187e+00,-2.854969988991757290e+01,4.895796160527637220e+00,-1.105780472451408514e+01,4.940847171504534785e+00,-1.104301194462803970e+01
1.847849797422332922e+05,5.841665542516580878e-01,-3.675736366204475303e+01,7.109951912743197600e-01,-3.678746612241631908e+01,-8.543961856448898870e-03,3.282482013414892764e-04,-8.542883049775566728e-03,1.236012957829763946e-03,-4.810469522772678808e+00,-2.686460332498428372e+01,-4.155457398228570298e+00,-2.804454120587821819e+01,4.780962464569808112e+00,-1.088554645604232896e+01,4.826132763265982284e+00,-1.087086071744114868e+01
1.883649089489842881e+05,4.906522926434531695e-01,-3.604814911822010970e+01,6.172322828793164184e-01,-3.607800108383784021e+01,-8.541909250369864037e-03,3.339759021411336333e-04,-8.540790274243533625e-03,1.259319180132479525e-03,-4.640887283858380563e+00,-2.638305816320638186e+01,-3.973346379984715071e+00,-2.754720460981944541e+01,4.669742359119303465e+00,-1.071493810777854705e+01,4.715030147090302215e+00,-1.070035566079303990e+01
1.920141938638844877e+05,4.009440928544839577e-01,-3.535178506000917054e+01,5.272766469392027311e-01,-3.538139410309110389e+01,-8.539790127919791307e-03,3.397810098147319179e-04,-8.538629562962297276e-03,1.283042929188147946e-03,-4.477373836319602063e+00,-2.590909572748136114e+01,-3.797754797656130776e+00,-2.705763690531711418e+01,4.562043610817115180e+00,-1.054602813621148094e+01,4.607447233429184053e+00,-1.053154522227238488e+01
1.957341781487705011e+05,3.149112801154923535e-01,-3.466804742806183981e+01,4.409973271312085941e-01,-3.469742097602060227e+01,-8.537602867573636234e-03,3.456633927042463057e-04,-8.536399249847179474e-03,1.307190640388058728e-03,-4.319726669832757437e+00,-2.544265284794242632e+01,-3.628468205541943714e+00,-2.657578111885948502e+01,4.457774684669834286e+00,-1.037886102899781982e+01,4.503292629995564234e+00,-1.036447388416776860e+01
1.995262314968924911e+05,2.324281463839732165e-01,-3.399671546505760489e+01,3.582683392096475128e-01,-3.402586079483822346e+01,-8.535345850676591406e-03,3.516228517154701807e-04,-8.534097670680687239e-03,1.331768807923132793e-03,-4.167749165101075626e+00,-2.498366337830728767e+01,-3.465278295487228544e+00,-2.610157678326412167e+01,4.356844864646034488e+00,-1.021347745210786684e+01,4.402475762392072056e+00,-1.019918231050217194e+01
2.033917501372337865e+05,1.533737755845037964e-01,-3.333757172522933843e+01,2.789684961975795185e-01,-3.336649595761374343e+01,-8.533017462319842511e-03,3.576591176493570251e-04,-8.531723164001955850e-03,1.356783984523504249e-03,-4.021250483092745576e+00,-2.453205844412282133e+01,-3.307982794063377252e+00,-2.563496021027825833e+01,4.259164363818635834e+00,-1.004991439729381675e+01,4.304906984291872796e+00,-1.003570749439887067e+01
2.073321573486003035e+05,7.763187314368616421e-02,-3.269040208154440563e+01,2.029812378789274674e-01,-3.271911217542528760e+01,-8.530616098528499142e-03,3.637718489136415687e-04,-8.529274078302001919e-03,1.382242781641932709e-03,-3.880045460149969649e+00,-2.408776667505384950e+01,-3.156385365436070511e+00,-2.517586474674663322e+01,4.164644424058407957e+00,-9.888205328687282858e+00,4.210497677178784315e+00,-9.874082904588673770e+00
2.113489039836695010e+05,5.090601123806545031e-03,-3.205499572878140668e+01,1.301944659217967593e-01,-3.208349847538782029e+01,-8.528140169599804712e-03,3.699606291601187130e-04,-8.526748775368823627e-03,1.408151869593111342e-03,-3.743954491633519677e+00,-2.365071442842780414e+01,-3.010295500795513224e+00,-2.472422102089545248e+01,4.073197405955026440e+00,-9.728380328252301368e+00,4.119160340310937585e+00,-9.714338630784386197e+00
2.154434690031933133e+05,-6.435758222624481106e-02,-3.143114518407640645e+01,6.050038342372415778e-02,-3.145944720114924920e+01,-8.525588104073496959e-03,3.762249649849842619e-04,-8.524145634279313433e-03,1.434517977813497660e-03,-3.612803415350305691e+00,-2.322082600094874039e+01,-2.869528406814571664e+00,-2.427995717613899984e+01,3.984736869563471728e+00,-9.570466240359584376e+00,4.030808671526142639e+00,-9.556501528185767924e+00
2.196173600205486873e+05,-1.308160792264141115e-01,-3.081864628600344957e+01,-6.204661820172019913e-03,-3.084675401192091826e+01,-8.522958355820479601e-03,3.825642840129024483e-04,-8.521463058499528093e-03,1.461347895557788511e-03,-3.486423397550443948e+00,-2.279802382733089416e+01,-2.733904896129922157e+00,-2.384299909086868041e+01,3.899177646035748790e+00,-9.414486813312260338e+00,3.945357638922073029e+00,-9.400595358949187741e+00
2.238721138568391034e+05,-1.943843033594856162e-01,-3.021729818887026653e+01,-7.002032787146497683e-02,-3.024521787670738959e+01,-8.520249407046457876e-03,3.889779327945319231e-04,-8.518699478912299811e-03,1.488648472454437519e-03,-3.364650809797572695e+00,-2.238222867192532561e+01,-2.603251267129002677e+00,-2.341327059041766390e+01,3.816435901346638015e+00,-9.260462840221618919e+00,3.862723544648084317e+00,-9.246640933015616071e+00
2.282092971067503095e+05,-2.551578273454133683e-01,-2.962690335641676498e+01,-1.310424266674522220e-01,-2.965464106794618360e+01,-8.517459776806941482e-03,3.954651753501716208e-04,-8.515853362353003816e-03,1.516426619760322028e-03,-3.247327109067852380e+00,-2.197335980703251224e+01,-2.477399186557336375e+00,-2.299069364463241527e+01,3.736429191381159143e+00,-9.108412295288127680e+00,3.782824080042186399e+00,-9.094656244357492980e+00
2.326305067153680138e+05,-3.132285262933648395e-01,-2.904726755286236184e+01,-1.893630670908624525e-01,-2.907482915249512345e+01,-8.514588025550984957e-03,4.020251915738210706e-04,-8.512923216180138392e-03,1.544689311539219033e-03,-3.134298716806480645e+00,-2.157133518294844521e+01,-2.356185570406042373e+00,-2.257518855670731739e+01,3.659076509977190028e+00,-8.958350469041688413e+00,3.705578373738458886e+00,-8.944656606195808379e+00
2.371373705661710119e+05,-3.686847172461390487e-01,-2.847819983172169245e+01,-2.450707944163011409e-01,-2.850559098038458927e+01,-8.511632762731206198e-03,4.086570760564421103e-04,-8.509907595916167689e-03,1.573443586302318434e-03,-3.025416896567731495e+00,-2.117607158902420394e+01,-2.239452462473722871e+00,-2.216667414185029017e+01,3.584298330203402383e+00,-8.810290100136942470e+00,3.630907033006909757e+00,-8.796654782780048976e+00
2.417315480804159888e+05,-4.216112945895396646e-01,-2.791951252236105674e+01,-2.982507256026692422e-01,-2.794673867131404066e+01,-8.508592652093943665e-03,4.153598371925357473e-04,-8.506805110574390885e-03,1.602696548987583933e-03,-2.920537630950859942e+00,-2.078748480433592150e+01,-2.127046911702615173e+00,-2.176506789479807580e+01,3.512016638198201868e+00,-8.664241502829881370e+00,3.558732177649338801e+00,-8.650661116864014843e+00
2.464147308281339065e+05,-4.720898624556726930e-01,-2.737102121569356683e+01,-3.489846815503737654e-01,-2.739808760029591994e+01,-8.505466422389437384e-03,4.221323967440444402e-04,-8.503614433400173006e-03,1.632455373480976935e-03,-2.819521500793454205e+00,-2.040548974098344459e+01,-2.018820851307675746e+00,-2.137028614923292125e+01,3.442154961706660021e+00,-8.520212692622203932e+00,3.488977468595332532e+00,-8.506683655358349583e+00
2.511886431509639078e+05,-5.201988629637789296e-01,-2.683254474687317170e+01,-3.973513151867368309e-01,-2.685945638029791027e+01,-8.502252871627324210e-03,4.289735895461902686e-04,-8.500334306170663490e-03,1.662727305291087027e-03,-2.722233560452493872e+00,-2.003000057884839791e+01,-1.914630973135889036e+00,-2.098224422762993413e+01,3.374638392214674099e+00,-8.378209507042138071e+00,3.421568130092017324e+00,-8.364728270130560972e+00
2.560550427970536111e+05,-5.660137017198926257e-01,-2.630390517723983734e+01,-4.434262367841937946e-01,-2.633066684414700021e+01,-8.498950877203953480e-03,4.358821637514538692e-04,-8.496963549367282306e-03,1.693519664872706471e-03,-2.628543219599337011e+00,-1.966093089270067296e+01,-1.814338608509567408e+00,-2.060085658283782806e+01,3.309393602338896567e+00,-8.238235724354298739e+00,3.356430967157129963e+00,-8.224798776743515560e+00
2.610157215682597889e+05,-6.096068697248950841e-01,-2.578492777427151594e+01,-4.872821356652318747e-01,-2.581154402445108431e+01,-8.495559404166571488e-03,4.428567816968909630e-04,-8.493501070488030866e-03,1.724839851602604337e-03,-2.538324120508556714e+00,-1.929819377068607622e+01,-1.717809603819565822e+00,-2.022603693009903836e+01,3.246348857405724431e+00,-8.100293176358205116e+00,3.293494377198951106e+00,-8.086897047295702023e+00
2.660725059798872098e+05,-6.510480621622343200e-01,-2.527544098982604481e+01,-5.289888987745707816e-01,-2.530191613181763444e+01,-8.492077514112747819e-03,4.498960210249785012e-04,-8.489945872997610443e-03,1.756695348087324330e-03,-2.451454018845516725e+00,-1.894170192747546722e+01,-1.624914199263311820e+00,-1.985769837299034180e+01,3.185434023183353780e+00,-7.964381859623973270e+00,3.232688357802556034e+00,-7.951023121707269325e+00
2.712272579332091846e+05,-6.904042948173485517e-01,-2.477527643757559872e+01,-5.686137268545773393e-01,-2.480161453228250679e+01,-8.488504373743261180e-03,4.569983764835838552e-04,-8.486297064935402826e-03,1.789093725204205778e-03,-2.367814666529306944e+00,-1.859136780905782516e+01,-1.535526909487110903e+00,-1.949575352026309716e+01,3.126580568953410744e+00,-7.830500041486545548e+00,3.173944509846839068e+00,-7.817175313774077594e+00
2.764818754010173143e+05,-7.277400166863661202e-01,-2.428426886799275053e+01,-6.062212467973954189e-01,-2.431047372230162296e+01,-8.484839266153018991e-03,4.641622624196587083e-04,-8.482553870271468052e-03,1.822042647924433569e-03,-2.287291691971538476e+00,-1.824710369245900310e+01,-1.449526400883080379e+00,-1.914011459678733473e+01,3.069721566776130395e+00,-7.698644362965085364e+00,3.117196036806655357e+00,-7.685350314159048679e+00
2.818382931264520157e+05,-7.631172205537921638e-01,-2.380225614267536827e+01,-6.418736219488957451e-01,-2.382833130309940017e+01,-8.481081598558377899e-03,4.713860157127906228e-04,-8.478715636690389162e-03,1.855549881618951845e-03,-2.209774486582591901e+00,-1.790882177818873799e+01,-1.366795375271151469e+00,-1.879069354653211121e+01,3.014791687061504799e+00,-7.568809937548312661e+00,3.062377740361009515e+00,-7.555543289258705109e+00
2.872984833353732247e+05,-7.965955509194021511e-01,-2.332907920723539519e+01,-6.756306597417920390e-01,-2.335502795360315531e+01,-8.477230915203177661e-03,4.786678997807767991e-04,-8.474781848568577192e-03,1.889623299527890335e-03,-2.135156089534242962e+00,-1.757643427724201501e+01,-1.287220451300419510e+00,-1.844740212935182910e+01,2.961727190891180861e+00,-7.440990445762643013e+00,3.009426012738097622e+00,-7.427747975861230145e+00
2.928644564625304774e+05,-8.282324087514129074e-01,-2.286458206213853117e+01,-7.075499161406305637e-01,-2.289040740134252516e+01,-8.473286904162014369e-03,4.860061088206227417e-04,-8.470752133848862345e-03,1.924270890512980474e-03,-2.063333074797003786e+00,-1.724985349339105767e+01,-1.210692047835746576e+00,-1.811015201233912109e+01,2.910465919422262626e+00,-7.315178227038483527e+00,2.958278826146659934e+00,-7.301956773114192778e+00
2.985382618918030057e+05,-8.580830545712391233e-01,-2.240861173313562915e+01,-7.376867984054362726e-01,-2.243431639296966296e+01,-8.469249412207559627e-03,4.933987735029406619e-04,-8.466626278975587089e-03,1.959500768372073737e-03,-1.994205442504527026e+00,-1.692899189893774903e+01,-1.137104271749667106e+00,-1.777885485406728350e+01,2.860947280416231475e+00,-7.191364366848860712e+00,2.908875719316089015e+00,-7.178160829772702201e+00
3.043219887107792892e+05,-8.862007084614124119e-01,-2.196101823949002352e+01,-7.660946647662387754e-01,-2.198660466259511281e+01,-8.465118452893364079e-03,5.008439670795795592e-04,-8.462404237058794229e-03,1.995321181613936984e-03,-1.927676507726356236e+00,-1.661376220648632440e+01,-1.066354802453101547e+00,-1.745342238399534196e+01,2.813112232298647264e+00,-7.069538780099883901e+00,2.861157781559048541e+00,-7.056350127709283271e+00
3.102177664799573831e+05,-9.126366481630362459e-01,-2.152165456141773703e+01,-7.928249221694927407e-01,-2.154712489936651210e+01,-8.460894218682358733e-03,5.083397125703231810e-04,-8.458086140085110255e-03,2.031740524396032435e-03,-1.863652793827111687e+00,-1.630407743652310870e+01,-9.983447809706650355e-01,-1.713376647711319833e+01,2.766903266221050650e+00,-6.949690291965809230e+00,2.815067634836949662e+00,-6.936513562877023809e+00
3.162277660168454167e+05,-9.374403046748750468e-01,-2.109037660577008566e+01,-8.179271215283174801e-01,-2.111573271331277013e+01,-8.456577091092189191e-03,5.158839909450508091e-04,-8.453672309140717114e-03,2.068767348540723628e-03,-1.802043929331467176e+00,-1.599985097910680132e+01,-9.329787025864340055e-01,-1.681979922219054657e+01,2.722264385754230798e+00,-6.831806713790795627e+00,2.770549413435964059e+00,-6.818639021349083507e+00
3.223542001952538849e+05,-9.606593557801472727e-01,-2.066704317064239405e+01,-8.414490508811991454e-01,-2.069228660015097176e+01,-8.452167653375497816e-03,5.234747504185248554e-04,-8.449163267174208958e-03,2.106410376752939576e-03,-1.742762543096746164e+00,-1.570099665307587244e+01,-8.701643071377980210e-01,-1.651143298670881521e+01,2.679141085219804985e+00,-6.715874916223904201e+00,2.727548742276161953e+00,-6.702713452597776289e+00
3.285993247600732720e+05,-9.823398171092992959e-01,-2.025151590821471714e+01,-8.634368260920894933e-01,-2.027664790434802811e+01,-8.447666700918112989e-03,5.311099167758094423e-04,-8.444559749486003561e-03,2.144678516937927049e-03,-1.685724164141805037e+00,-1.540742876048233967e+01,-8.098124740510149744e-01,-1.620858047653516820e+01,2.637480326002711539e+00,-6.601880898635048567e+00,2.686012713189691148e+00,-6.588722939066082418e+00
3.349654391578356153e+05,-1.002526131440186763e+00,-1.984365928665970813e+01,-8.839349797759316063e-01,-1.986868078128965109e+01,-8.443075251116463967e-03,5.387874046305483498e-04,-8.439862713690356177e-03,2.183580877536916900e-03,-1.630847123564657997e+00,-1.511906213813832878e+01,-7.518371192589845542e-01,-1.591115479225177332e+01,2.597230512035874739e+00,-6.489809855772477931e+00,2.645889860365192803e+00,-6.476652762984727474e+00
3.414548873833682737e+05,-1.021261255357571507e+00,-1.944334055008455309e+01,-9.029865475931748708e-01,-1.946825215751053761e+01,-8.438394556830552257e-03,5.465051304536439536e-04,-8.435073353257540804e-03,2.223126784740978544e-03,-1.578052457410498377e+00,-1.483581220478086493e+01,-6.961550927758284324e-01,-1.561906948028343400e+01,2.558341463435426011e+00,-6.379646239717489564e+00,2.607130133914159487e+00,-6.366487468497179947e+00
3.480700588428492774e+05,-1.038586744196766665e+00,-1.905042967748296334e+01,-9.206331528219792171e-01,-1.907523168997533602e+01,-8.433626114103058222e-03,5.542610261047478237e-04,-8.430193105319656530e-03,2.263325800269526487e-03,-1.527263812772971185e+00,-1.455759500640737691e+01,-6.426860793613353717e-01,-1.533223858192589262e+01,2.520764389680819839e+00,-6.271373820382546427e+00,2.569684872987360702e+00,-6.258210922332684056e+00
3.548133892335838755e+05,-1.054542834505391768e+00,-1.866479933991106677e+01,-9.369150884623660414e-01,-1.868949172361376654e+01,-8.428771673848631241e-03,5.620530541642852198e-04,-8.425223662452132126e-03,2.304187741058220940e-03,-1.478407356093154768e+00,-1.428432725776583290e+01,-5.913525012185146812e-01,-1.505057667791292175e+01,2.484451861667691386e+00,-6.164975741695100098e+00,2.533506777736006299e+00,-6.151806370171849281e+00
3.616873614408245194e+05,-1.069168524475508697e+00,-1.828632485623304404e+01,-9.518713973158194896e-01,-1.831090724746410103e+01,-8.423833251666072025e-03,5.698792244092085787e-04,-8.420166982567390060e-03,2.345722700178968795e-03,-1.431411683199474538e+00,-1.401592638153374004e+01,-5.420794221430930149e-01,-1.477399893016089649e+01,2.449357782982678255e+00,-6.060434575255826850e+00,2.498549880489767450e+00,-6.047256490493472469e+00
3.686945064519664156e+05,-1.082501652140870796e+00,-1.791488414747835733e+01,-9.655399498425257798e-01,-1.793935584946542505e+01,-8.418813136028642161e-03,5.777376115888115376e-04,-8.415025297192967740e-03,2.387941069153341235e-03,-1.386207732795815550e+00,-1.375231054451924173e+01,-4.947944550663372354e-01,-1.450242112018150209e+01,2.415437360639605568e+00,-5.957732370636117381e+00,2.464769516366431379e+00,-5.944543445064397247e+00
3.758374042884532246e+05,-1.094578971520283162e+00,-1.755035768981698752e+01,-9.779575199805492502e-01,-1.757471766990451911e+01,-8.413713897593018756e-03,5.856263745879154888e-04,-8.409801120865575963e-03,2.430853561756885113e-03,-1.342728700909233908e+00,-1.349339869239704015e+01,-4.494276701229122373e-01,-1.423575968549629422e+01,2.382647075465417874e+00,-5.856850703613525333e+00,2.432122293528433232e+00,-5.843648927372509405e+00
3.831186849557380192e+05,-1.105436225886577306e+00,-1.719262846530980582e+01,-9.891598581133591583e-01,-1.721687535266955393e+01,-8.408538395551112821e-03,5.935437769040407532e-04,-8.404497257559189610e-03,2.474471239218258272e-03,-1.300909958366430308e+00,-1.323911058146603992e+01,-4.059115056493709517e-01,-1.397393175270417842e+01,2.350944651954558484e+00,-5.757770720895124761e+00,2.400566062882826923e+00,-5.744554207551130887e+00
3.905410294116474106e+05,-1.115108219542788159e+00,-1.684158191228225121e+01,-9.991817625617189780e-01,-1.686571399617075073e+01,-8.403289785601538234e-03,6.014882086508180434e-04,-8.399116808732568634e-03,2.518805537080245557e-03,-1.260688971404938297e+00,-1.298936680868395754e+01,-3.641806821246902914e-01,-1.371685516851865572e+01,2.320289028006418341e+00,-5.660473182538526160e+00,2.370059887642495422e+00,-5.647240175003706675e+00
3.981071705535068177e+05,-1.123628886459826060e+00,-1.649710587311684051e+01,-1.008057147968077993e+00,-1.652112110170847714e+01,-8.397971524929695800e-03,6.094582097788188869e-04,-8.393663178380177808e-03,2.563868293341863783e-03,-1.222005223538609187e+00,-1.274408883994217589e+01,-3.241721169821050741e-01,-1.346444852858343211e+01,2.290640324461202137e+00,-5.564938501818438077e+00,2.340564012673044481e+00,-5.551687378475808288e+00
4.058198942243895726e+05,-1.131031356817506106e+00,-1.615909054125207334e+01,-1.015819111615796189e+00,-1.618298652108293822e+01,-8.392587375625272170e-03,6.174524946556968251e-04,-8.388140076511405377e-03,2.609671778083926322e-03,-1.184800141084941139e+00,-1.250319903630102303e+01,-2.858248429887308428e-01,-1.321663120408860870e+01,2.261959814631853583e+00,-5.471146782355615024e+00,2.312039833805430877e+00,-5.457876063389860199e+00
4.136820402388607035e+05,-1.137348020907439805e+00,-1.582742840654275085e+01,-1.022499997136953942e+00,-1.585120240259985991e+01,-8.387141409040512266e-03,6.254699780971037688e-04,-8.382551523568286186e-03,2.656228724663804719e-03,-1.149017019811241713e+00,-1.226662067912310761e+01,-2.490799272591655567e-01,-1.297332336682483245e+01,2.234209893839481431e+00,-5.379077853305203938e+00,2.284449867139427326e+00,-5.365786207239831462e+00
4.216965034285925212e+05,-1.142610590158343653e+00,-1.550201419884242426e+01,-1.028131455391924742e+00,-1.552566313532153153e+01,-8.381638006039013322e-03,6.335098025074216085e-04,-8.376901850721159282e-03,2.703552362100532409e-03,-1.114600954866669769e+00,-1.203427799340542137e+01,-2.138803933987266925e-01,-1.273444601231595641e+01,2.207354049100416216e+00,-5.288711301920241858e+00,2.257757718472193087e+00,-5.275397552357864228e+00
4.298662347082381020e+05,-1.146850156067994453e+00,-1.518274483109303041e+01,-1.032744503283611559e+00,-1.520626529286461270e+01,-8.376081856751465410e-03,6.415713663428459926e-04,-8.371195699667068751e-03,2.751656448914534345e-03,-1.081498774233986104e+00,-1.180609616962927255e+01,-1.801711469674004695e-01,-1.249992098131045815e+01,2.181356829045900003e+00,-5.200026503934989108e+00,2.231928052932278916e+00,-5.186689636497894718e+00
4.381942421619542874e+05,-1.150097245390623524e+00,-1.486951934005933040e+01,-1.036369578882019082e+00,-1.489290757485355954e+01,-8.370477958427926732e-03,6.496543537946524805e-04,-8.365438020504318076e-03,2.800555308281875867e-03,-1.049658972652739664e+00,-1.158200138445616290e+01,-1.478989008812885697e-01,-1.226967097977129306e+01,2.156183813885549139e+00,-5.113002651737578397e+00,2.206926564634276389e+00,-5.099641821205263881e+00
4.466835921509739710e+05,-1.152381873177475313e+00,-1.456223882659799962e+01,-1.039036594446222983e+00,-1.458549074793938161e+01,-8.364831612314483494e-03,6.577587654932773135e-04,-8.359634068636765877e-03,2.850263864351010052e-03,-1.019031649932216066e+00,-1.136192082043672080e+01,-1.170121050684870267e-01,-1.204361959797527426e+01,2.131801586090136702e+00,-5.027618780891550010e+00,2.182719947033965546e+00,-5.014233318525722183e+00
4.553374104426361155e+05,-1.153733592345681958e+00,-1.426080639446011311e+01,-1.040774986023317306e+00,-1.428391758536723266e+01,-8.359148414817715173e-03,6.658849499999719684e-04,-8.353789395936532178e-03,2.900797679418253526e-03,-9.895684505423747446e-01,-1.114578268432598129e+01,-8.746087691902951211e-02,-1.182169132788818011e+01,2.108177701092701195e+00,-4.943853794251348965e+00,2.159275863265383677e+00,-4.930443215303327520e+00
4.641588833612892195e+05,-1.154181540401711503e+00,-1.396512708820121418e+01,-1.041613760258358612e+00,-1.398809280566647040e+01,-8.353434251385804393e-03,6.740336366356327637e-04,-8.347909844621479239e-03,2.952172992608059852e-03,-9.612225071390125830e-01,-1.093351622415978319e+01,-5.919693554376009165e-02,-1.160381157952653020e+01,2.085280658599155235e+00,-4.861686484238447292e+00,2.136562917064161571e+00,-4.848250495626364120e+00
4.731512589614919852e+05,-1.153754482694753669e+00,-1.367510783002991914e+01,-1.041581537789420420e+00,-1.369792301028731885e+01,-8.347695284019402209e-03,6.822059685484282727e-04,-8.342001534744921884e-03,3.004406758867303028e-03,-9.339483857000470124e-01,-1.072505174582765264e+01,-3.217353710096302472e-02,-1.138990669663411737e+01,2.063079874422842686e+00,-4.781095553725640990e+00,2.114550624192255146e+00,-4.767634061870086093e+00
4.823178482239423902e+05,-1.152480852679269141e+00,-1.339065735613175967e+01,-1.040706593706465233e+00,-1.341331662072166253e+01,-8.341937936738947484e-03,6.904035365785298958e-04,-8.336070849621641382e-03,3.057516688892261952e-03,-9.077020336998800065e-01,-1.052032062813188595e+01,-6.345412925913914912e-03,-1.117990397096524546e+01,2.041545652747542849e+00,-4.702059634621098105e+00,2.093209384256010441e+00,-4.688572753424544715e+00
4.916620262745763757e+05,-1.150388788316607735e+00,-1.311168615185568953e+01,-1.039016894217698495e+00,-1.313418381447877969e+01,-8.336168881719606752e-03,6.986284138775330143e-04,-8.330124421915325109e-03,3.111521289953283510e-03,-8.824407311346071925e-01,-1.031925533688952612e+01,1.833128981851590150e-02,-1.097373165571742959e+01,2.020649158959799685e+00,-4.624557304893637699e+00,2.072510453061025881e+00,-4.611045363846497658e+00
5.011872336272845860e+05,-1.147506165710739712e+00,-1.283810638713277186e+01,-1.036540130597805254e+00,-1.286043646130273821e+01,-8.330395015582098966e-03,7.068831898067350549e-04,-8.324169109857887730e-03,3.166439906057150373e-03,-8.581230437951380408e-01,-1.012178943876475223e+01,4.189906568114674934e-02,-1.077131897889753986e+01,2.000362393439069741e+00,-4.548567104727038846e+00,2.052425915915794263e+00,-4.535030657119442310e+00
5.108969774507053080e+05,-1.143860628511103927e+00,-1.256983185095391953e+01,-1.033303748976590608e+00,-1.259198805842271973e+01,-8.324623441467050161e-03,7.151710052386647679e-04,-8.318211979231918476e-03,3.222292759732588770e-03,-8.347087796098349166e-01,-9.927857612977982527e+00,6.439910560138990825e-02,-1.057259615466882963e+01,1.980658165423422101e+00,-4.474067549894520823e+00,2.032928660955287903e+00,-4.460507381113894887e+00
5.207948328595592175e+05,-1.139479614273001706e+00,-1.230677788616461932e+01,-1.029334977138282925e+00,-1.232875366611759738e+01,-8.318861439752642598e-03,7.234955864275950665e-04,-8.312260273988451853e-03,3.279100992407877734e-03,-8.121589474164113698e-01,-9.737395663025941062e+00,8.587134958283597352e-02,-1.037749439507139471e+01,1.961510068104062254e+00,-4.401037144779150978e+00,2.013992353683001557e+00,-4.387454280666063688e+00
5.308844442310014274e+05,-1.134390376889987451e+00,-1.204886132404501708e+01,-1.024660847459583524e+00,-1.207064984303724131e+01,-8.313116441523710556e-03,7.318612793055490583e-04,-8.306321389585372833e-03,3.336886705417115625e-03,-7.904357185416355236e-01,-9.550340526861994306e+00,1.063545367999967767e-01,-1.018594592049875658e+01,1.942892454231530897e+00,-4.329454393405733903e+00,1.995591411990364605e+00,-4.315850108640028715e+00
5.411695265464769909e+05,-1.128620005538580662e+00,-1.179600041939599819e+01,-1.019308216417356139e+00,-1.181759458200635748e+01,-8.307395995319367260e-03,7.402730827808503763e-04,-8.300402839593703716e-03,3.395673000092872418e-03,-7.695023910063051309e-01,-9.366630286125833038e+00,1.258862533986311594e-01,-9.997883969563675421e+00,1.924780412441249311e+00,-4.259297809249009248e+00,1.977700981861854945e+00,-4.245673635735595752e+00
5.516538667595715960e+05,-1.122195440006711786e+00,-1.154811478609193287e+01,-1.013303780538911791e+00,-1.156950724626277349e+01,-8.301707730992454251e-03,7.487366810374345176e-04,-8.294512219393345917e-03,3.455484017002121919e-03,-7.493233563214188875e-01,-9.186204174505487430e+00,1.445029779763584710e-01,-9.813242808585282972e+00,1.907149744557419258e+00,-4.190545924064302596e+00,1.960296914041972149e+00,-4.176903659282550585e+00
5.623413251903629862e+05,-1.115143482203949432e+00,-1.130512533320247570e+01,-1.006674088592435901e+00,-1.132630850622436292e+01,-8.296059321993624197e-03,7.572584749848854276e-04,-8.288657168264783673e-03,3.516344974474851313e-03,-7.298640686709043646e-01,-9.009002584687330284e+00,1.622401249157771341e-01,-9.631957740089978515e+00,1.889976943564225076e+00,-4.123177295158339639e+00,1.943355741334060083e+00,-4.109519010437334252e+00
5.732358369467855664e+05,-1.107490804314033239e+00,-1.106695420231860183e+01,-9.994455504719563788e-01,-1.108792027742133968e+01,-8.290458441788346039e-03,7.658456119684836161e-04,-8.282845325610164317e-03,3.578282205490985676e-03,-7.110910170552922072e-01,-8.834967074193173175e+00,1.791320849307762031e-01,-9.453965110762148072e+00,1.873239172517163986e+00,-4.057170511588473083e+00,1.926854656813360434e+00,-4.043498560265356367e+00
5.843414133735321229e+05,-1.099263953285562589e+00,-1.083352470594691930e+01,-9.916444424730198604e-01,-1.085426565944392863e+01,-8.284912717899344317e-03,7.745060137201623769e-04,-8.277084284765770517e-03,3.641323192980959467e-03,-6.929716998404583661e-01,-8.664040370083345266e+00,1.952122633771269933e-01,-9.279202318888051693e+00,1.856914244347218856e+00,-3.992504199526508479e+00,1.910771492916365943e+00,-3.978821224942894474e+00
5.956621435290252557e+05,-1.090489351729252210e+00,-1.060476126728727664e+01,-9.832969090194726425e-01,-1.062526887622278515e+01,-8.279429682850204808e-03,7.832484023652612872e-04,-8.271381543696615032e-03,3.705496603293311538e-03,-6.754746011370128533e-01,-8.496166372254631227e+00,2.105131169199112584e-01,-9.107607820943982802e+00,1.840980602560765345e+00,-3.929157026449213053e+00,1.895084701400338689e+00,-3.915465969736075191e+00
6.072021956910036970e+05,-1.081193295701201151e+00,-1.038058936179034397e+01,-9.744289613226803093e-01,-1.040085521803115576e+01,-8.274016720658177587e-03,7.920823238886712508e-04,-8.265744451227905951e-03,3.770832317245711041e-03,-6.585691705721067324e-01,-8.331290155318029633e+00,2.250661867635102842e-01,-8.939121137540325890e+00,1.825417302907715866e+00,-3.867107704303485605e+00,1.879773334247136551e+00,-3.853411811900554262e+00
6.189658188912760234e+05,-1.071401948960302164e+00,-1.016093546043671836e+01,-9.650664725500343044e-01,-1.018095098514626606e+01,-8.268681011275695603e-03,8.010181690160057474e-04,-8.260180151197898599e-03,3.837361458769455655e-03,-6.422258042879895878e-01,-8.169357969058543389e+00,2.389021307671916061e-01,-8.773682858617412705e+00,1.810203995979040803e+00,-3.806334991984599458e+00,1.864817025489570845e+00,-3.792637822837909845e+00
6.309573444802090526e+05,-1.061141334279035897e+00,-9.945726975434086015e+00,-9.552351700786764210e-01,-9.965483433863429497e+00,-8.263429469242118339e-03,8.100671908091105176e-04,-8.254695520805373915e-03,3.905116420358121284e-03,-6.264158288971746202e-01,-8.010317237295959458e+00,2.520507524933304211e-01,-8.611234647813631682e+00,1.795320910816810001e+00,-3.746817696756438831e+00,1.850195974025175660e+00,-3.733123129132308815e+00
6.431811877215248533e+05,-1.050437321633992171e+00,-9.734892207745158288e+00,-9.449606246616036875e-01,-9.754380724271221936e+00,-8.258268682687730164e-03,8.192415191499198427e-04,-8.249297109287226024e-03,3.974130885576769232e-03,-6.111114868955968005e-01,-7.854116555288284118e+00,2.645410287305856589e-01,-8.451719246205588121e+00,1.780748839589573640e+00,-3.688534675274859786e+00,1.835890927498889713e+00,-3.674846913126563752e+00
6.556418494179953123e+05,-1.039315613749131950e+00,-9.528360297644633548e+00,-9.342682369606075676e-01,-9.547571870986496734e+00,-8.253204845553875277e-03,8.285541711815581955e-04,-8.243991069798031063e-03,4.044439847666112149e-03,-5.962859247352325642e-01,-7.700705685303343095e+00,2.764011340963801744e-01,-8.295080475052051483e+00,1.766469123291066312e+00,-3.631464833637716438e+00,1.821883167193331987e+00,-3.617788412454599811e+00
6.683439175686313538e+05,-1.027801728911207357e+00,-9.326061177619868303e+00,-9.231832213721825608e-01,-9.344986696156691863e+00,-8.248243691216242818e-03,8.380190582746138272e-04,-8.238783092674459643e-03,4.116079624815726853e-03,-5.819131817220188907e-01,-7.550035550383373817e+00,2.876584646484928176e-01,-8.141263237488058024e+00,1.752463638372228072e+00,-3.575587126776795799e+00,1.808154493854038591e+00,-3.561926918846018086e+00
6.812920690579783404e+05,-1.015920981507319576e+00,-9.127925528325699034e+00,-9.117305875803791704e-01,-9.146555785444579811e+00,-8.243390418514032203e-03,8.476509878183875572e-04,-8.233678331085285407e-03,4.189087870408633382e-03,-5.679681814131252171e-01,-7.402058226518438033e+00,2.983396585790631939e-01,-7.990213519607570980e+00,1.738714784666367530e+00,-3.520880557597424687e+00,1.794687214814352449e+00,-3.507241776601201177e+00
6.944910713781386148e+05,-1.003698460382471458e+00,-8.933884737534528497e+00,-8.999351199336224072e-01,-8.952210446931220034e+00,-8.238649618542844347e-03,8.574656608348938227e-04,-8.228681327435592371e-03,4.263503579218976686e-03,-5.544267241927675061e-01,-7.256726932817906039e+00,3.084706153220325708e-01,-7.841878390366416873e+00,1.725205474300383957e+00,-3.467324175499788996e+00,1.781464132121614918e+00,-3.453712380370872914e+00
7.079457843841556460e+05,-9.911590051840080129e-01,-8.743870862128025223e+00,-8.878213548047928505e-01,-8.761882672982556741e+00,-8.234025200243241110e-03,8.674796648190377050e-04,-8.223795938540707715e-03,4.339367089054030867e-03,-5.412654810822136175e-01,-7.113996019628115342e+00,3.180765129164888072e-01,-7.696206000258800195e+00,1.711919121649313258e+00,-3.414897074229333640e+00,1.768468531704884716e+00,-3.401318172182314914e+00
7.216611620834063506e+05,-9.783271813783573911e-01,-8.557816593635998004e+00,-8.754135566081083786e-01,-8.575505105595745192e+00,-8.229520309546550436e-03,8.777104603375384577e-04,-8.219025254362228791e-03,4.416720076223216822e-03,-5.284619888478073735e-01,-6.973820955134668154e+00,3.271818234820709770e-01,-7.553145579441000734e+00,1.698839634661742704e+00,-3.363578390115956385e+00,1.755684173964588757e+00,-3.350038638772910193e+00
7.356422544596598018e+05,-9.652272534751925592e-01,-8.375655226751737459e+00,-8.627356920123104844e-01,-8.393011004638552208e+00,-8.225137251888243323e-03,8.881763630974937648e-04,-8.214371520077586725e-03,4.495605546694998907e-03,-5.159946459153103016e-01,-6.836158309446014769e+00,3.358103271790506827e-01,-7.412647434033546645e+00,1.685951407025644277e+00,-3.313347299202105578e+00,1.743095285207828082e+00,-3.299853307724552209e+00
7.498942093324747402e+05,-9.518831575078072760e-01,-8.197320631604236851e+00,-8.498114033798617184e-01,-8.214334219781719071e+00,-8.220877410717288003e-03,8.988965195166815671e-04,-8.209836054147757328e-03,4.576067820912386314e-03,-5.038427092876984759e-01,-6.700965737053240723e+00,3.439851243656512070e-01,-7.274662941740700717e+00,1.673239311684214137e+00,-3.264183014793278659e+00,1.730686550487400277e+00,-3.250741743935613215e+00
7.644222742526195943e+05,-9.383184725611611876e-01,-8.022747229327187313e+00,-8.366639812275267207e-01,-8.039409165655055034e+00,-8.216741165249091816e-03,9.098908761120278734e-04,-8.205419165613044366e-03,4.658152512578252885e-03,-4.919862919513738886e-01,-6.568201957338526853e+00,3.517286464304965055e-01,-7.139144546236877886e+00,1.660688695509906276e+00,-3.216064784976340185e+00,1.718443107646633106e+00,-3.202683545973017853e+00
7.792317984342138516e+05,-9.245563917687693589e-01,-7.851869971035616125e+00,-8.233163361196822461e-01,-7.868170800346759641e+00,-8.212727809539787163e-03,9.211801430471586042e-04,-8.201120072697047278e-03,4.741906501768930818e-03,-4.804063604507400886e-01,-6.437826732813889841e+00,3.590626654743229729e-01,-7.006045749964354918e+00,1.648285374977334072e+00,-3.168971889637805628e+00,1.706350542408845872e+00,-3.155658341835630321e+00
7.943282347243016120e+05,-9.106196930701419001e-01,-7.684624320425460731e+00,-8.097909702784589214e-01,-7.700554607461342904e+00,-8.208835469297827425e-03,9.327857505600755652e-04,-8.196936819137650224e-03,4.827377901132726482e-03,-4.690847329679641020e-01,-6.309800845737385089e+00,3.660083024490767278e-01,-6.875321106021581308e+00,1.636015633117769541e+00,-3.122883638112539550e+00,1.694394884823983816e+00,-3.109645785262692197e+00
8.097171416105824756e+05,-8.965307100731132461e-01,-7.520946239600377226e+00,-7.961099492567133007e-01,-7.536496581349338975e+00,-8.205061019995579449e-03,9.447297987301217026e-04,-8.192866191818649543e-03,4.914616015559212896e-03,-4.580040771397518862e-01,-6.184086072779252596e+00,3.725860344363711163e-01,-6.746926208693927229e+00,1.623866217619203356e+00,-3.077779366875061928e+00,1.682562606935665617e+00,-3.064625551999332842e+00
8.254041852680393495e+05,-8.823113031252693972e-01,-7.360772178346068451e+00,-7.822948737654827900e-01,-7.375933215729104653e+00,-8.201400007310174350e-03,9.570350006951473506e-04,-8.188903640706044623e-03,5.003671295544001932e-03,-4.471479077301348526e-01,-6.060645157789749327e+00,3.788157008740594689e-01,-6.620817682547180283e+00,1.611824339932562244e+00,-3.033638437405630217e+00,1.670840621534199322e+00,-3.020577336154515624e+00
8.413951416452164995e+05,-8.679828311291349907e-01,-7.204039066690595128e+00,-7.683668521922774053e-01,-7.218801495548113678e+00,-8.197846566737816351e-03,9.697246182479374787e-04,-8.185043197961502578e-03,5.094595283063032588e-03,-4.365005839473199423e-01,-5.939441783032418876e+00,3.847165088694538548e-01,-6.496953170469045524e+00,1.599877675634001628e+00,-2.990440234693066301e+00,1.659216282269772469e+00,-2.977480847117359719e+00
8.576958985909159528e+05,-8.535661239218085283e-01,-7.050684310411284628e+00,-7.543464736275528049e-01,-7.065038891743440352e+00,-8.194393346528208374e-03,9.828223907428089347e-04,-8.181277400361347193e-03,5.187440550985990967e-03,-4.260473058533516544e-01,-5.820440538550704979e+00,3.903070381015609214e-01,-6.375291320099099934e+00,1.588014365650528337e+00,-2.948164165908924161e+00,1.647677384723774896e+00,-2.935315806570522490e+00
8.743124580220959615e+05,-8.390814560136227174e-01,-6.900645789768343974e+00,-7.402537821865690093e-01,-6.914583359196241119e+00,-8.191031432314454727e-03,9.963524563008129345e-04,-8.177597213399926193e-03,5.282260634987606326e-03,-4.157741104805481314e-01,-5.703606890373850824e+00,3.956052446290820312e-01,-6.255791769393704627e+00,1.576223018749217664e+00,-2.906789660133958453e+00,1.636212168876202577e+00,-2.894061946489176140e+00
8.912509381337683881e+05,-8.245485215048140581e-01,-6.753861860990631349e+00,-7.261082524465712895e-01,-6.767373337405405032e+00,-8.187750276718775214e-03,1.010339266422388997e-03,-8.173991960366689194e-03,5.379109959057542557e-03,-4.056678665219761171e-01,-5.588907147040695023e+00,4.006284647030790569e-01,-6.138415130548870557e+00,1.564492714779804006e+00,-2.866296168304184988e+00,1.624809322436388204e+00,-2.853699007298104995e+00
9.085175756517101545e+05,-8.099864103799595538e-01,-6.610271360305170596e+00,-7.119287662005082673e-01,-6.623347753675355776e+00,-8.184537629558660821e-03,1.024807492462962528e-03,-8.170449252007338375e-03,5.478043753098091849e-03,-3.957162680555725287e-01,-5.476308425248149092e+00,4.053934181414243221e-01,-6.023122973063093077e+00,1.552813009064408556e+00,-2.826663164490403446e+00,1.613457985474143985e+00,-2.814206737311546469e+00
9.261187281288173981e+05,-7.954135867440965679e-01,-6.469813610696872885e+00,-6.977335910817118458e-01,-6.482446029019218514e+00,-8.181379474960122355e-03,1.039781925744194232e-03,-8.166954923083504306e-03,5.579117964336605118e-03,-3.859078271207425082e-01,-5.365778614169620653e+00,4.099162113226232362e-01,-5.909877805315828070e+00,1.541173937400504457e+00,-2.787870147577066415e+00,1.602147755799560036e+00,-2.775564892530138383e+00
9.440608762859477429e+05,-7.808478687130296914e-01,-6.332428430731765978e+00,-6.835403607810208726e-01,-6.344608086107260903e+00,-8.178259973353156978e-03,1.055287370226878473e-03,-8.163492973799887573e-03,5.682389161628225056e-03,-3.762318647486487810e-01,-5.257286339122637209e+00,4.142123402928370446e-01,-5.798643055247127087e+00,1.529566022031657591e+00,-2.749896644348541752e+00,1.590868695470585070e+00,-2.737753237814763541e+00
9.623506263981134398e+05,-7.663064103729750887e-01,-6.198056145506638082e+00,-6.693660572651883855e-01,-6.209774359335810345e+00,-8.175161406743557471e-03,1.071348528019526285e-03,-8.160045514498821470e-03,5.787914432654648125e-03,-3.666785004629536937e-01,-5.150800924531981906e+00,4.182966939602907885e-01,-5.689383049897505984e+00,1.517980278228104662e+00,-2.712722213542331229e+00,1.579611338075347149e+00,-2.700751549010522279e+00
9.809947127269026823e+05,-7.518056858510171470e-01,-6.066637599470343645e+00,-6.552269950414083555e-01,-6.077885806762827414e+00,-8.172064132787383237e-03,1.087989878630003099e-03,-8.156592719138371084e-03,5.895751275260944536e-03,-3.572386403701602320e-01,-5.046292356314376448e+00,4.221835571982756052e-01,-5.582062993867101142e+00,1.506408221391697611e+00,-2.676326450991017847e+00,1.568366696706535945e+00,-2.664539616154528279e+00
1.000000000000025961e+06,-7.373614756740006770e-01,-5.938114170799368985e+00,-6.411388076471268294e-01,-5.948883923603816015e+00,-8.168946544543946239e-03,1.105235551248282249e-03,-8.153112784431060592e-03,6.005957481954322941e-03,-3.479039634135523973e-01,-4.943731244232203004e+00,4.258866144386195818e-01,-5.476648947090661856e+00,1.494841874782296687e+00,-2.640688996412093204e+00,1.557126272746186091e+00,-2.629097248346202509e+00
1.019373485938898986e+06,-7.229888552571778204e-01,-5.812427787169419879e+00,-6.271164362060034358e-01,-5.822710757126655423e+00,-8.165785038005864138e-03,1.123109191243229759e-03,-8.149581896746261808e-03,6.118591018934332014e-03,-3.386669059843600560e-01,-4.843088783950435072e+00,4.294189535187006301e-01,-5.373107801479407364e+00,1.483273777408685712e+00,-2.605789541150242528e+00,1.545882064980691473e+00,-2.594404279595175389e+00
1.039122303835195955e+06,-7.087021859233507692e-01,-5.689520942669701320e+00,-6.131741204550910096e-01,-5.699308922707216674e+00,-8.162553987671601965e-03,1.141633820596010167e-03,-8.145974207022958075e-03,6.233709899262770623e-03,-3.295206447351750056e-01,-4.744336719410002345e+00,4.327930700541991471e-01,-5.271407256989387946e+00,1.471696992232375489e+00,-2.571607837601999957e+00,1.534626579225035092e+00,-2.560440576399911183e+00
1.059253725177315995e+06,-6.945151081149791850e-01,-5.569336715546751471e+00,-5.993253919092718096e-01,-5.578621620725916941e+00,-8.159225730892066472e-03,1.160831692825008924e-03,-8.142261814442873849e-03,6.351372050785098443e-03,-3.204590776757519355e-01,-4.647447305613544799e+00,4.360208723117017793e-01,-5.171515797082103738e+00,1.460105114469007370e+00,-2.538123710269934108e+00,1.523352838237502560e+00,-2.527186047021744653e+00
1.079775162327738013e+06,-6.804405371910408062e-01,-5.451818786756477131e+00,-5.855830695524576468e-01,-5.460592654300242543e+00,-8.155770562858688164e-03,1.180724143568278109e-03,-8.138414760708890042e-03,6.471635180015522341e-03,-3.114768036656442307e-01,-4.552393271827978261e+00,4.391136865205095829e-01,-5.073402663431104465e+00,1.448492279623450285e+00,-2.505317068007613557e+00,1.512054391541418408e+00,-2.494620652032240926e+00
1.100694171252238099e+06,-6.664906613673030611e-01,-5.336911458827027666e+00,-5.719592576237005899e-01,-5.345166447346979766e+00,-8.152156740287372014e-03,1.201331436262924150e-03,-8.134401032997878173e-03,6.594556631332423521e-03,-3.025690999146060101e-01,-4.459147785748510451e+00,4.420822632173778688e-01,-4.977037830330786505e+00,1.436853171417658004e+00,-2.473167918193234893e+00,1.500725325333508664e+00,-2.462724416895699875e+00
1.122018454301992897e+06,-6.526769421564349027e-01,-5.224559675028844552e+00,-5.584653458542777615e-01,-5.232288062984415511e+00,-8.148350496769150506e-03,1.222672604346005916e-03,-8.130186578537248673e-03,6.720193243019211699e-03,-2.937318980964270798e-01,-4.367684418610249253e+00,4.449367840253865558e-01,-4.882391978731519089e+00,1.425183029210011831e+00,-2.441656382372398237e+00,1.489360272063784407e+00,-2.431477446146060206e+00
1.143755863049567910e+06,-6.390101169856462482e-01,-5.114709038542447850e+00,-5.451120118378629531e-01,-5.121903221961059849e+00,-8.144316067807492662e-03,1.244765290252468435e-03,-8.125735328833380913e-03,6.848601200291229950e-03,-2.849617588571633497e-01,-4.277977111456306325e+00,4.476868692507991465e-01,-4.789436469987502498e+00,1.413477654759218716e+00,-2.410762713525510303e+00,1.477954419532496733e+00,-2.400859939335473037e+00
1.165914401179861976e+06,-6.255002040886745718e-01,-5.007305831443804145e+00,-5.319092256355087978e-01,-5.013958320937879520e+00,-8.140015731933463936e-03,1.267625582843276118e-03,-8.121009239947159578e-03,6.979835887184331414e-03,-2.762558447392470806e-01,-4.190000142786056259e+00,4.503415864301005267e-01,-4.698143319480563740e+00,1.401733418169736289e+00,-2.380467314893701225e+00,1.466503519327352123e+00,-2.370852208707554976e+00
1.188502227437050082e+06,-6.121565094755895275e-01,-4.902297033355358380e+00,-5.188662564209464145e-01,-4.908400450470026044e+00,-8.135409857993504065e-03,1.291267852299052971e-03,-8.115968338886251840e-03,7.113951736011387555e-03,-2.676118919358445036e-01,-4.103728097726316193e+00,4.529094594950572317e-01,-4.608485170234311035e+00,1.389947262826436436e+00,-2.350750760386833171e+00,1.455003894406870613e+00,-2.341434698640745715e+00
1.211527658628619974e+06,-5.989876359340658984e-01,-4.799630339549395330e+00,-5.059916811247462398e-01,-4.805177412480086119e+00,-8.130456970870914360e-03,1.315704585494040842e-03,-8.110570788390747757e-03,7.251002077762926622e-03,-2.590281806726560943e-01,-4.019135838934940530e+00,4.553984789802151822e-01,-4.520435266645347561e+00,1.378116709141711693e+00,-2.321593816543868094e+00,1.443452445633444770e+00,-2.312588006851651556e+00
1.234999172687616898e+06,-5.860014939982559623e-01,-4.699254178382058278e+00,-4.932933950182553096e-01,-4.704237737100788408e+00,-8.125113827164045371e-03,1.340946221236047255e-03,-8.104772961618274263e-03,7.391038992559451244e-03,-2.505035046465826643e-01,-3.936198479241405312e+00,4.578161129093281656e-01,-4.433967428338995376e+00,1.366239856818775245e+00,-2.292977465782318536e+00,1.431846656935433337e+00,-2.284292907111595383e+00
1.258925411794200074e+06,-5.732053145924178583e-01,-4.601117727841374183e+00,-4.807786239479117096e-01,-4.605530698668961698e+00,-8.119335505221581678e-03,1.367000987104127112e-03,-8.098529531147577454e-03,7.534113162011671708e-03,-2.420371394252294750e-01,-3.854891356286857196e+00,4.601693186787741419e-01,-4.349056024388485930e+00,1.354315385592192778e+00,-2.264882931064709393e+00,1.420184599056016017e+00,-2.256530373623979902e+00
1.283315185557685094e+06,-5.606056634669880356e-01,-4.505170931237338472e+00,-4.684539383389587086e-01,-4.509006330905526383e+00,-8.113075509261916465e-03,1.393874738968728464e-03,-8.091793571985460634e-03,7.680273724607908879e-03,-2.336288102473141892e-01,-3.775190009121758283e+00,4.624645555847048950e-01,-4.265675947863657669e+00,1.342342554092752049e+00,-2.237291701605862659e+00,1.408464931492979577e+00,-2.229281606698666263e+00
1.308177474260228919e+06,-5.482084570870403573e-01,-4.411364511760118567e+00,-4.563252686358152399e-01,-4.414615441001701335e+00,-8.106285887636644275e-03,1.421570804196028819e-03,-8.084516678683772301e-03,7.829568135096219225e-03,-2.252786590512588782e-01,-3.697070156957687370e+00,4.647077983896129583e-01,-4.183802590908915597e+00,1.330321196814565621e+00,-2.210185559668821575e+00,1.396686902598202273e+00,-2.202528059784733649e+00
1.333521432163358899e+06,-5.360189799167768276e-01,-4.319649985867834552e+00,-4.443979221265310087e-01,-4.322309622574138643e+00,-8.098917362945436474e-03,1.450089829160034144e-03,-8.076649094222154365e-03,7.982042028367582545e-03,-2.169872113517497536e-01,-3.620507680113480120e+00,4.669045513750865184e-01,-4.103411820484329731e+00,1.318251718979659870e+00,-2.183546608290703350e+00,1.384850347607911036e+00,-2.176251467717202015e+00
1.359356390878561884e+06,-5.240419029950711405e-01,-4.229979675512504755e+00,-4.326766010442002486e-01,-4.232041267500921577e+00,-8.090919480456357227e-03,1.479429634115170516e-03,-8.068139857147209326e-03,8.137739091218464810e-03,-2.087553427265468886e-01,-3.545478603037619525e+00,4.690598633138461371e-01,-4.024479954605987508e+00,1.306135089008114258e+00,-2.157357299372594905e+00,1.372955684263199805e+00,-2.150433875611912793e+00
1.385691862803163938e+06,-5.122813035220501465e-01,-4.142306718967718737e+00,-4.211654216764357250e-01,-4.143763576394678516e+00,-8.082240765054916204e-03,1.509585073960702500e-03,-8.058936957157902467e-03,8.296700940110425873e-03,-2.005842452666785070e-01,-3.471959079666191883e+00,4.711783431508542175e-01,-3.946983739482127884e+00,1.293972828731626556e+00,-2.131600462431154419e+00,1.361003906150687559e+00,-2.125057668716797910e+00
1.412537544622791931e+06,-5.007406854880831482e-01,-4.056585080368440011e+00,-4.098679345116819084e-01,-4.057430567827959855e+00,-8.072828896248053845e-03,1.540547908809305989e-03,-8.048987508691441903e-03,8.458967009171543261e-03,-1.924753943807426260e-01,-3.399925380962161015e+00,4.732641760561616118e-01,-3.870900327479733338e+00,1.281767001069209044e+00,-2.106259333470953177e+00,1.348996573444819713e+00,-2.100105602678258965e+00
1.439903320881671971e+06,-4.894230010789574759e-01,-3.972769557844239685e+00,-3.987871451605005113e-01,-3.972997086189522076e+00,-8.062630892953335723e-03,1.572306683712887832e-03,-8.038237934206968888e-03,8.624574447657261389e-03,-1.844305156553374681e-01,-3.329353884608480030e+00,4.753211403805282509e-01,-3.796207255884072040e+00,1.269520195085635628e+00,-2.081317583660127202e+00,1.336935800934526242e+00,-2.075560833901132884e+00
1.467799267622109037e+06,-4.783306727435512329e-01,-3.890815790251943795e+00,-3.879255359419695459e-01,-3.890418808172849019e+00,-8.051593313426377851e-03,1.604846620322497629e-03,-8.026634162548550513e-03,8.793558029625168568e-03,-1.764515524769272869e-01,-3.260221066865778283e+00,4.773526247795433775e-01,-3.722882426692344371e+00,1.257235508463783624e+00,-2.056759347748095212e+00,1.324824243338947660e+00,-2.051406949935020041e+00
1.496235656094474019e+06,-4.674656157708945714e-01,-3.810680262449420930e+00,-3.772850879839557137e-01,-3.809652247840376038e+00,-8.039662466906644794e-03,1.638149520821685894e-03,-8.014121838939266065e-03,8.965950076321262119e-03,-1.685406341048222845e-01,-3.192503496551639675e+00,4.793616460550874647e-01,-3.650904087393839426e+00,1.244916527360984571e+00,-2.032569251835076862e+00,1.312665077856759233e+00,-2.027627999489285848e+00
1.525222956539059989e+06,-4.568292613666851132e-01,-3.732320309226923705e+00,-3.668673038275812592e-01,-3.730654760381020285e+00,-8.026784633704368843e-03,1.672193685170269249e-03,-8.000646543351011900e-03,9.141780392015403170e-03,-1.607000447777173768e-01,-3.126177830986980322e+00,4.813508670700602510e-01,-3.580250812789036452e+00,1.232567303594432229e+00,-2.008732440176891121e+00,1.300461983851310954e+00,-2.004208521742343319e+00
1.554771842041214928e+06,-4.464225798756317198e-01,-3.655694117762637863e+00,-3.566732301878553502e-01,-3.653384544416882207e+00,-8.012906300180854327e-03,1.706953844491619415e-03,-7.986154023685772610e-03,9.321076216517974744e-03,-1.529321936031808049e-01,-3.061220813885387138e+00,4.833226151843406093e-01,-3.510901487863812509e+00,1.220192329267361542e+00,-1.985234600771435431e+00,1.288219119765576792e+00,-1.981133574677286013e+00
1.584893192461156053e+06,-4.362461042356730045e-01,-3.580760728753426658e+00,-3.467034809544842777e-01,-3.577800643017402749e+00,-7.997974399623960368e-03,1.742401109626542629e-03,-7.970590434786425232e-03,9.503862193094864824e-03,-1.452395856752766168e-01,-2.997609275125911132e+00,4.852789007364756158e-01,-3.442835291874493109e+00,1.207796508980142125e+00,-1.962061989612637891e+00,1.275941097382860434e+00,-1.958388762308814313e+00
1.615598098439917900e+06,-4.262999534362909571e-01,-3.507480036136752410e+00,-3.369582602111042546e-01,-3.503862943329996593e+00,-7.981936562039668517e-03,1.778502937596693591e-03,-7.953902586278331979e-03,9.690160354565975284e-03,-1.376247943638463922e-01,-2.935320132097305468e+00,4.872214356955790193e-01,-3.376031683364409286e+00,1.195385129505971644e+00,-1.939201452804911963e+00,1.263632953273933435e+00,-1.935960259964001784e+00
1.646897865482913097e+06,-4.165838559637478622e-01,-3.435812785596581431e+00,-3.274373852505685356e-01,-3.431532175021288378e+00,-7.964741371936714942e-03,1.815223116226827565e-03,-7.936038198342057481e-03,9.879990128082872386e-03,-1.300904349797760151e-01,-2.874330392801169420e+00,4.891516523154717522e-01,-3.310470386540648402e+00,1.182963827434143855e+00,-1.916640447054368313e+00,1.251300117937407919e+00,-1.913834838115999082e+00
1.678804018122605979e+06,-4.070971729783715021e-01,-3.365720571699741370e+00,-3.181403093405216764e-01,-3.360769907368704956e+00,-7.946338630909531922e-03,1.852521768243047505e-03,-7.916946162203616216e-03,1.007336835961711481e-02,-1.226391397795371652e-01,-2.814617160287666842e+00,4.910707218381870076e-01,-3.246131378609860452e+00,1.170538554656322727e+00,-1.894367057570941038e+00,1.238948382466873888e+00,-1.891999883764996726e+00
1.711328304161827080e+06,-3.978389213452205864e-01,-3.297165833919863509e+00,-3.090661443541394826e-01,-3.291538545263842597e+00,-7.926679622723316332e-03,1.890355374924239254e-03,-7.896576803060863237e-03,1.027030935830953833e-02,-1.152735345715642512e-01,-2.756157638459851622e+00,4.929795729632976964e-01,-3.182994878317590537e+00,1.158115542068663295e+00,-1.872370013516467591e+00,1.226583863112929773e+00,-1.870443419473837965e+00
1.744482698999301996e+06,-3.888077962460215753e-01,-3.230111851440212956e+00,-3.002136830004524803e-01,-3.223801324011674296e+00,-7.905717382591782513e-03,1.928676821063795991e-03,-7.874882147135319269e-03,1.047082496260274935e-02,-1.079962168081261553e-01,-2.698929139043409808e+00,4.948789102134097395e-01,-3.121041335572894315e+00,1.145701261698985896e+00,-1.850638700708043816e+00,1.214212963937548295e+00,-1.849154119731560408e+00
1.778279410038971109e+06,-3.800021933883842573e-01,-3.164522736902692479e+00,-2.915814206665577890e-01,-3.157522303093427407e+00,-7.883406966643346017e-03,1.967435460957046856e-03,-7.851816188850216024e-03,1.067492462772181086e-02,-1.008097353100272098e-01,-2.642909089636239717e+00,4.967692320119512783e-01,-3.060251422224326223e+00,1.133302387586693882e+00,-1.829163171516715369e+00,1.201842337884629464e+00,-1.828121324552254956e+00
1.812730881184747908e+06,-3.714202307807820125e-01,-3.100363429139656013e+00,-2.831675768427500128e-01,-3.092666358929923476e+00,-7.859705719223840023e-03,2.006577206115212845e-03,-7.827335155772288666e-03,1.088261553524105807e-02,-9.371657165986294058e-02,-2.588075042582247853e+00,4.986508483968553063e-01,-3.000606023806122291e+00,1.120925755548452418e+00,-1.807934151495443897e+00,1.189478846383758226e+00,-1.807335049800603111e+00
1.847849797422342002e+06,-3.630597698686697794e-01,-3.037599684882579254e+00,-2.749701159282481600e-01,-3.029199176631125034e+00,-7.834573536879574709e-03,2.046044634483346406e-03,-7.801397770183341428e-03,1.109390272450666744e-02,-8.671912317989780017e-02,-2.534404684637278748e+00,5.005238984183613127e-01,-2.942086232375096699e+00,1.108578322321823073e+00,-1.786943042978887730e+00,1.177129518002026032e+00,-1.786785994458884197e+00
1.883649089489852078e+06,-3.549184361961539858e-01,-2.976198069680186631e+00,-2.669867675758636483e-01,-2.967087240972162920e+00,-7.807973128525472553e-03,2.085777122032947579e-03,-7.773965506782010322e-03,1.130878924688968022e-02,-7.981968768626655775e-02,-2.481875847258518508e+00,5.023883669494950688e-01,-2.884673340365156768e+00,1.096267124314457497e+00,-1.766181925449916479e+00,1.164801506360645833e+00,-1.766465544588391001e+00
1.920141938638854073e+06,-3.469936393081123893e-01,-2.916125947904797844e+00,-2.592150462973573100e-01,-2.906297826463925649e+00,-7.779870266925482947e-03,2.125710995620426220e-03,-7.745002841624953720e-03,1.152727634169268753e-02,-7.302044977056532105e-02,-2.430466517306123730e+00,5.042441011362401859e-01,-2.828348835295895203e+00,1.083999236268410549e+00,-1.745643552470756532e+00,1.152502047637008697e+00,-1.746365773745967909e+00
1.957341781487714034e+06,-3.392825920629525815e-01,-2.857351472066891773e+00,-2.516522704952224299e-01,-2.846798986742957283e+00,-7.750234032383097015e-03,2.165779707616191825e-03,-7.714477493249450799e-03,1.174936363416648200e-02,-6.632346880899805952e-02,-2.380154848126429190e+00,5.060908261653249696e-01,-2.773094395454551719e+00,1.071781730216700090e+00,-1.725321345448382893e+00,1.140238418057827996e+00,-1.726479440102218099e+00
1.995262314968934981e+06,-3.317823291924753559e-01,-2.799843571407803378e+00,-2.442955807599201945e-01,-2.788559543245282324e+00,-7.719037044667235829e-03,2.205914030942064674e-03,-7.682360651973481336e-03,1.197504935446557124e-02,-5.973066851875929312e-02,-2.330919170846092126e+00,5.079281604955885321e-01,-2.718891886413035586e+00,1.059621635070223444e+00,-1.705209384156954888e+00,1.128017891724077737e+00,-1.706799980142777118e+00
2.033917501372348052e+06,-3.244897251465728716e-01,-2.743571939906022550e+00,-2.371419574668529595e-01,-2.731549073301730246e+00,-7.686255680861031961e-03,2.246042273852118243e-03,-7.648627195061136370e-03,1.220433057660485696e-02,-5.324382811829524859e-02,-2.282738005755110322e+00,5.097556303838619574e-01,-2.665723358342017679e+00,1.047525897123000593e+00,-1.685302394073419086e+00,1.115847699089131950e+00,-1.687321498987177204e+00
2.073321573486011941e+06,-3.174015111807654277e-01,-2.688507023711055322e+00,-2.301882376350203319e-01,-2.675737897663221787e+00,-7.651870281670239068e-03,2.286090515204254429e-03,-7.613255890319871842e-03,1.243720347864519550e-02,-4.686457494260178047e-02,-2.235590073593123783e+00,5.115726837841728658e-01,-2.613571043956148365e+00,1.035501341695629129e+00,-1.665595730468620417e+00,1.103734986314310218e+00,-1.668038757231837144e+00
2.113489039836705197e+06,-3.105142916858744107e-01,-2.634620008136824953e+00,-2.234311310402168904e-01,-2.621097067590925533e+00,-7.615865336072035092e-03,2.325982855318178139e-03,-7.576229577986973683e-03,1.267366361855685325e-02,-4.059437852965604165e-02,-2.189454306861273292e+00,5.133787035283696731e-01,-2.562417357332084311e+00,1.023554636500902060e+00,-1.646085360027337741e+00,1.091686776151952643e+00,-1.648947155088592131e+00
2.154434690031942911e+06,-3.038245597388253283e-01,-2.581882804163245559e+00,-2.168672355704254484e-01,-2.567598351455386840e+00,-7.578229652766295572e-03,2.365641685955566578e-03,-7.537535339375859601e-03,1.291370622998129145e-02,-3.443454611293420009e-02,-2.144309860746871799e+00,5.151730197221963126e-01,-2.512244893133282808e+00,1.011692256586995686e+00,-1.626767839261312520e+00,1.079709930191136369e+00,-1.630042713037953561e+00
2.196173600205496885e+06,-2.973287119005721402e-01,-2.530268034657278786e+00,-2.104930518381530613e-01,-2.515214221058084121e+00,-7.538956506864972172e-03,2.404987973232879626e-03,-7.497164640715149944e-03,1.315732653121610800e-02,-2.838621937412124860e-02,-2.100136123837760049e+00,5.169549214734920906e-01,-2.463036426504444432e+00,9.999204514479435035e-01,-1.607640290686305873e+00,1.067811113127457467e+00,-1.611322049975371762e+00
2.238721138568401802e+06,-2.910230622064659545e-01,-2.479749020265740178e+00,-2.043049970011618643e-01,-2.463917837622637830e+00,-7.498043769177702676e-03,2.443941555400438136e-03,-7.455113459561285051e-03,1.340452004977912490e-02,-2.245037246855407023e-02,-2.056912728434735715e+00,5.187236677983134703e-01,-2.414774913453943572e+00,9.882452143728661653e-01,-1.588700376714227813e+00,1.055996759142736829e+00,-1.592782358781261065e+00
2.282092971067513805e+06,-2.849038554191927197e-01,-2.430299765034589221e+00,-1.982994178620590964e-01,-2.413683037514581020e+00,-7.455494009307318815e-03,2.482421451296574610e-03,-7.411382384945571292e-03,1.365528295790187016e-02,-1.662781115433537710e-02,-2.014619560345143334e+00,5.204784978317161803e-01,-2.367443491567002845e+00,9.766722541516713596e-01,-1.569946271279451189e+00,1.044273040536800368e+00,-1.574421379322484382e+00
2.326305067153690848e+06,-2.789672795273123729e-01,-2.381894941883119454e+00,-1.924726032243280482e-01,-2.364484317812727276e+00,-7.411314577039449653e-03,2.520346178577372205e-03,-7.365976695809609356e-03,1.390961241851446616e-02,-1.091917307142785051e-02,-1.973236768262323970e+00,5.222186401692149316e-01,-2.321025481248772060e+00,9.652069694983842485e-01,-1.551376630028510117e+00,1.032645839030811086e+00,-1.556237369726603204e+00
2.371373705661721993e+06,-2.732094774595356657e-01,-2.334509877902367858e+00,-1.868207954776964774e-01,-2.316296821703097475e+00,-7.365517657697353421e-03,2.557634079564391136e-03,-7.318906413321296482e-03,1.416750693939753530e-02,-5.324928885965204452e-03,-1.932744772454710214e+00,5.239433216003744898e-01,-2.275504387089593461e+00,9.538544260437659128e-01,-1.532990558646541102e+00,1.021120719591076309e+00,-1.538229075482304253e+00
2.417315480804170948e+06,-2.676265581249832604e-01,-2.288120539592022329e+00,-1.813402015212930984e-01,-2.269096323809316029e+00,-7.318120303622475259e-03,2.594203652499543333e-03,-7.270186329297242782e-03,1.442896673331861210e-02,1.546155390894624515e-04,-1.893124272967488864e+00,5.256517749341413914e-01,-2.230863899675799900e+00,9.426193362572570233e-01,-1.514787580351598439e+00,1.009702907199240940e+00,-1.520395697423490233e+00
2.464147308281349950e+06,-2.622146066755320915e-01,-2.242703518011517794e+00,-1.760270029208470255e-01,-2.222859215431787661e+00,-7.269144435922360661e-03,2.629973884592495034e-03,-7.219836004820281636e-03,1.469399408043669392e-02,5.519316262099157287e-03,-1.854356257090189919e+00,5.273432462167118029e-01,-2.187087897461738262e+00,9.315060421289169668e-01,-1.496767602179639889e+00,9.983972664020637211e-01,-1.502736858210227844e+00
2.511886431509649847e+06,-2.569696941326422013e-01,-2.198236013937582278e+00,-1.708773654417952148e-01,-2.177562489792197908e+00,-7.218616825381073132e-03,2.664864588153572147e-03,-7.167879747957598031e-03,1.496259369454957210e-02,1.076918758957242338e-02,-1.816422006179045701e+00,5.290170011501525993e-01,-2.144160448838757560e+00,9.205185007300191735e-01,-1.478930880707109097e+00,9.872082837981468462e-01,-1.485252567971588888e+00
2.560550427970548160e+06,-2.518878862938974117e-01,-2.154695823068776939e+00,-1.658874478698283417e-01,-2.133183727317736089e+00,-7.166569041266013414e-03,2.698796732307235085e-03,-7.114346559320742190e-03,1.523477308551073224e-02,1.590439780397873495e-02,-1.779303101800886244e+00,5.306723308795723293e-01,-2.102065814308586855e+00,9.096602726558633556e-01,-1.461277987449177695e+00,9.761400534922404226e-01,-1.467943189362553191e+00
2.610157215682609938e+06,-2.469652520159854869e-01,-2.112061321247244106e+00,-1.610534102212912433e-01,-2.089701080939847522e+00,-7.113037377354873049e-03,2.731692772003082963e-03,-7.059270054755681194e-03,1.551054291954124219e-02,2.092526426728336456e-02,-1.742981431211092724e+00,5.323085570361867358e-01,-2.060788448766490699e+00,8.989345133182740089e-01,-1.443809774254311229e+00,9.651962655082559905e-01,-1.450809402374075852e+00
2.660725059798884206e+06,-2.421978708521954071e-01,-2.070311449822149985e+00,-1.563714213134006215e-01,-2.047093261528095454e+00,-7.058062751499007484e-03,2.763476971076640927e-03,-7.002688361494736023e-03,1.578991737436725648e-02,2.583224810658414639e-02,-1.707439192037646603e+00,5.339250362145336881e-01,-2.020313003669875762e+00,8.883439668756779595e-01,-1.426527338569151704e+00,9.543801969564833509e-01,-1.433852168775203717e+00
2.712272579332103953e+06,-2.375818400970842459e-01,-2.029425701099071944e+00,-1.518376657531838592e-01,-2.005339523405104352e+00,-7.001690580063803064e-03,2.794075715896879569e-03,-6.944643989091325680e-03,1.607291448560411659e-02,3.062594841372065849e-02,-1.672658896361311376e+00,5.355211637513923595e-01,-1.980624329323161792e+00,8.778909629358001565e-01,-1.409431989415537378e+00,9.436947061283738059e-01,-1.417072697067141673e+00
2.764818754010185134e+06,-2.331132812406240540e-01,-1.989384103964817019e+00,-1.474483503412609975e-01,-1.964419650030788000e+00,-6.943970626453764561e-03,2.823417817654437587e-03,-6.885183674324647785e-03,1.635955648238126420e-02,3.530709616164206394e-02,-1.638623374047869952e+00,5.370963769899480544e-01,-1.941707477025903517e+00,8.675774157418467691e-01,-1.392525213810499318e+00,9.331422292286145614e-01,-1.400472407686097265e+00
2.818382931264533196e+06,-2.287883458745099685e-01,-1.950167209668989710e+00,-1.431997099365549531e-01,-1.924313939837533738e+00,-6.884956829407298286e-03,2.851434803344492838e-03,-6.824358205769666917e-03,1.664987011262390737e-02,3.987654781931875003e-02,-1.605315775390901534e+00,5.386501579549404228e-01,-1.903547701126993674e+00,8.574048257528746886e-01,-1.375808643971679013e+00,9.227247796713357042e-01,-1.384052898822515365e+00
2.872984833353746217e+06,-2.246032210603041146e-01,-1.911756077800517817e+00,-1.390880127895114671e-01,-1.885003192253197790e+00,-6.824707106779482127e-03,2.878061189732571135e-03,-6.762222223715859230e-03,1.694388695187682217e-02,4.433527873636800704e-02,-1.572719573153860573e+00,5.401820354974780081e-01,-1.866130461046905609e+00,8.473742835684368035e-01,-1.359284025742520718e+00,9.124439499119028074e-01,-1.367815913323004340e+00
2.928644564625319093e+06,-2.205541342124174020e-01,-1.874132262488344303e+00,-1.351095653951981390e-01,-1.846468693943741135e+00,-6.763283139879697377e-03,2.903234741793626721e-03,-6.698834000503420955e-03,1.724164369743803535e-02,4.868437641885505623e-02,-1.540818563886227732e+00,5.416915869937464212e-01,-1.829441423054578797e+00,8.374864758573166146e-01,-1.342953187903205725e+00,9.023009154590214687e-01,-1.351763306342892657e+00
2.985382618918044027e+06,-2.166373574787123779e-01,-1.837277798809150653e+00,-1.312607168516853606e-01,-1.808692205254087249e+00,-6.700750139084285864e-03,2.926896712126315827e-03,-6.634255201961927577e-03,1.754318244429990681e-02,5.292503366252457320e-02,-1.509596868658545477e+00,5.431784395512313512e-01,-1.793466461935186995e+00,8.277416932682815087e-01,-1.326818012880689235e+00,8.922964410668285939e-01,-1.335897014301785646e+00
3.043219887107808143e+06,-2.128492116834448389e-01,-1.801175189459864434e+00,-1.275378627839824086e-01,-1.771655946908279322e+00,-6.637176593290388012e-03,2.948992060835767520e-03,-6.568550632534309909e-03,1.784855094237479053e-02,5.705854166030792374e-02,-1.479038933204544604e+00,5.446422708187702577e-01,-1.758191662487670115e+00,8.181398401076425131e-01,-1.310880408914486317e+00,8.824308888905976200e-01,-1.320219025214476538e+00
3.102177664799589198e+06,-2.091860698402571994e-01,-1.765807391673421600e+00,-1.239374488436715827e-01,-1.735342586946423182e+00,-6.572634001783976554e-03,2.969469652580686726e-03,-6.501787962607419313e-03,1.815780283160392181e-02,6.108628310498023101e-02,-1.449129527493271841e+00,5.460828094197401894e-01,-1.723603320821172957e+00,8.086804455901357436e-01,-1.295142283667757299e+00,8.727042284087394020e-01,-1.304731350407074997e+00
3.162277660168468952e+06,-2.056443602575692142e-01,-1.731157804392989163e+00,-1.204559738061028035e-01,-1.699735227912270608e+00,-6.507196596512476380e-03,2.988282433234615808e-03,-6.434037446042584901e-03,1.847099785767255045e-02,6.500972531538851129e-02,-1.419853744742194390e+00,5.474998350076498710e-01,-1.689687945425617288e+00,7.993626764712582489e-01,-1.279605519323457230e+00,8.631160479118302753e-01,-1.289435997669267753e+00
3.223542001952555031e+06,-2.022205692624204632e-01,-1.697210255736295359e+00,-1.170899922878644306e-01,-1.664817394324808797e+00,-6.440941051099473118e-03,3.005387581568108764e-03,-6.365371624224804535e-03,1.878820206363054218e-02,6.883041346703965002e-02,-1.391196999941641588e+00,5.488931780525952986e-01,-1.656432258044628902e+00,7.901853509255274410e-01,-1.264271949366330805e+00,8.536655674350707157e-01,-1.274334946080313280e+00
3.285993247600748204e+06,-1.989112435754380181e-01,-1.663948990717959875e+00,-1.138361171214085643e-01,-1.630573020400831075e+00,-6.373946181741538611e-03,3.020746637153542535e-03,-6.295865021743994941e-03,1.910948795832719677e-02,7.254996389159877601e-02,-1.363145027921113250e+00,5.502627192871719641e-01,-1.623823194360943800e+00,7.811469534903436873e-01,-1.249143337033493006e+00,8.443516529345346244e-01,-1.259430122493900184e+00
3.349654391578372102e+06,-1.957129923395415916e-01,-1.631358659278211221e+00,-1.106910213841322821e-01,-1.596986438076323456e+00,-6.306292642544393361e-03,3.034325604435549831e-03,-6.225593836247579616e-03,1.943493466238336784e-02,7.617005755880683349e-02,-1.335683880935868428e+00,5.516083889580513100e-01,-1.591847904399814828e+00,7.722456508666623032e-01,-1.234221355289376598e+00,8.351728314907997941e-01,-1.244723379551904374e+00
3.414548873833699152e+06,-1.926224888528376145e-01,-1.599424304593576984e+00,-1.076514401353858563e-01,-1.564042365304054494e+00,-6.238062615579273266e-03,3.046095031145118568e-03,-6.154635622739557284e-03,1.976462802899884783e-02,7.969243368552786366e-02,-1.308799925884323700e+00,5.529301658096568151e-01,-1.560493752766423547e+00,7.634793084759580184e-01,-1.219507568569150990e+00,8.261273074434671848e-01,-1.230216475499625206e+00
3.480700588428509887e+06,-1.896364719884909567e-01,-1.568131351659491246e+00,-1.047141718442325953e-01,-1.531725894615149519e+00,-6.169339500296345397e-03,3.056030063073561509e-03,-6.083068976913600864e-03,2.009866074234580371e-02,8.311888355624043323e-02,-1.282479841116126451e+00,5.542280759045706828e-01,-1.529748318612975444e+00,7.548455075642650502e-01,-1.205003416022032869e+00,8.172129792236727530e-01,-1.215911055529478313e+00
3.548133892335855868e+06,-1.867517473649819570e-01,-1.537465596204363294e+00,-1.018760795663273822e-01,-1.500022482006019731e+00,-6.100207601377334934e-03,3.064110472793305905e-03,-6.010973216619245295e-03,2.043713239059914352e-02,8.645124452535384030e-02,-1.256710612939410998e+00,5.555021912526205696e-01,-1.499599395442689387e+00,7.463415627917295847e-01,-1.190710196496037376e+00,8.084274568252280968e-01,-1.201808634920474184e+00
3.616873614408263005e+06,-1.839651882529785287e-01,-1.507413193863552436e+00,-9.913409186243681004e-02,-1.468917936077918762e+00,-6.030751821492525908e-03,3.070320666313615041e-03,-5.938428067866874382e-03,2.078014951824917744e-02,8.969139426067418430e-02,-1.231479531770265590e+00,5.567526283209948135e-01,-1.470034990633668492e+00,7.379645400633594310e-01,-1.176629054882773140e+00,7.997680796514452517e-01,-1.187910583591221370e+00
3.686945064519681968e+06,-1.812737362472688629e-01,-1.477960649656566483e+00,-9.648520348215686160e-02,-1.438398407472914586e+00,-5.961057355845543644e-03,3.074649664359198342e-03,-5.865513352271351129e-03,2.112782565345940403e-02,9.284124521321926449e-02,-1.206774188040438567e+00,5.579795464249104331e-01,-1.441043324801950964e+00,7.297112746082343726e-01,-1.162760970120683357e+00,7.912319347359524357e-01,-1.174218112375404299e+00
3.758374042884550057e+06,-1.786744017317287991e-01,-1.449094807763940951e+00,-9.392647584111243897e-02,-1.408450378602906783e+00,-5.891209395454961861e-03,3.077091062125322362e-03,-5.792308682825808401e-03,2.148028131553359615e-02,9.590273930426740367e-02,-1.182582467862980158e+00,5.591831459911581481e-01,-1.412612830974111722e+00,7.215783891267416594e-01,-1.149106744628193288e+00,7.828158751552372063e-01,-1.160732260809407945e+00
3.831186849557397887e+06,-1.761642641416652777e-01,-1.420802841582284648e+00,-9.145503729787141101e-02,-1.379060653650247881e+00,-5.821292837436657826e-03,3.077642967503171120e-03,-5.718893166281570177e-03,2.183764400127941041e-02,9.887784290206137749e-02,-1.158892548439925507e+00,5.603636667976544805e-01,-1.384732153506911922e+00,7.135623118899527828e-01,-1.135666994975949695e+00,7.745165384888347271e-01,-1.147453886224188979e+00
3.905410294116492849e+06,-1.737404720414125192e-01,-1.393072244070580723e+00,-8.906808324559563339e-02,-1.350216348852689485e+00,-5.751392004927134358e-03,3.076307917715441313e-03,-5.645345114716753855e-03,2.220004815120384112e-02,1.017685420232571775e-01,-1.135692893318115848e+00,5.615213861239394255e-01,-1.357390146876493731e+00,7.056592947779015690e-01,-1.122442144007777642e+00,7.663303653209133648e-01,-1.134383654378316564e+00
3.981071705535088200e+06,-1.714002430401898314e-01,-1.365890818377613058e+00,-8.676287604332534598e-02,-1.321904883062596348e+00,-5.681590380219884474e-03,3.073092778183274254e-03,-5.571741769885546654e-03,2.256763509885591906e-02,1.045768377955290929e-01,-1.112972247475779719e+00,5.626566168693033498e-01,-1.330575874284029236e+00,6.978654311357552764e-01,-1.109432414165298475e+00,7.582536176402865369e-01,-1.121522031375976836e+00
4.058198942243915983e+06,-1.691408635521834680e-01,-1.339246668750999181e+00,-8.453674479060113711e-02,-1.294113968581967589e+00,-5.611970348826786879e-03,3.068008622488365648e-03,-5.498159037997985693e-03,2.294055300213694235e-02,1.073047421780115585e-01,-1.090719632266109462e+00,5.637697056507234850e-01,-1.304278606086637149e+00,6.901766733867742420e-01,-1.096637821954067116e+00,7.502823970742785731e-01,-1.108869276816538241e+00
4.136820402388627175e+06,-1.669596884167166562e-01,-1.313128191712833459e+00,-8.238708496374842760e-02,-1.266831602256607514e+00,-5.542612959191662442e-03,3.061070596768477887e-03,-5.424671239655329269e-03,2.331895676047700261e-02,1.099542739502366168e-01,-1.068924340242681348e+00,5.648610309073378577e-01,-1.278487818066778470e+00,6.825888503513471983e-01,-1.084058173480547227e+00,7.424126628888325641e-01,-1.096425438100025129e+00
4.216965034285944887e+06,-1.648541403948105277e-01,-1.287524067512095804e+00,-8.031135792691777853e-02,-1.240046056841081157e+00,-5.473597696323781805e-03,3.052297768503871907e-03,-5.351350873182436456e-03,2.370300791700440460e-02,1.125274549281930769e-01,-1.047575929928230787e+00,5.659310009800744279e-01,-1.253193189605036784e+00,6.750976842667637534e-01,-1.071693061132763081e+00,7.346402497526366426e-01,-1.084190345972960268e+00
4.298662347082401626e+06,-1.628217095524730207e-01,-1.262423251843657113e+00,-7.830709032956421900e-02,-1.213745872623705369e+00,-5.405002273086529849e-03,3.041712963685756430e-03,-5.278268395079645237e-03,2.409287455073346948e-02,1.150263064578629923e-01,-1.026664220473228362e+00,5.669800522394881082e-01,-1.228384601660443831e+00,6.676988073896991116e-01,-1.059541861030524057e+00,7.269608851228015478e-01,-1.072163610925357169e+00
4.381942421619564295e+06,-1.608599525396094965e-01,-1.237814967814737654e+00,-7.637187340006232339e-02,-1.187919849292762065e+00,-5.336902436790427751e-03,3.029342591223761760e-03,-5.205492015186390271e-03,2.448873115658880065e-02,1.174528461286230702e-01,-1.006179286306114529e+00,5.680086472106403717e-01,-1.204052134687494169e+00,6.603877782496513360e-01,-1.047603731521308923e+00,7.193702063247304768e-01,-1.060344620724408049e+00
4.466835921509761363e+06,-1.589664917748067896e-01,-1.213688698168740476e+00,-7.450336214411928948e-02,-1.162557038053101621e+00,-5.269371793913814155e-03,3.015216458287349292e-03,-5.133087509401031492e-03,2.489075851782560772e-02,1.198090847393733643e-01,-9.861114517381823763e-01,5.690172727483879811e-01,-1.180186066420188418e+00,6.531600974687163941e-01,-1.035877612433695250e+00,7.118637772301251720e-01,-1.048732538795444036e+00
4.553374104426382110e+06,-1.571390145513877623e-01,-1.190034177761543299e+00,-7.269927446255650128e-02,-1.137646733989425174e+00,-5.202481652195269264e-03,2.999367577681863028e-03,-5.061118049133426361e-03,2.529914357144330897e-02,1.220970234955795208e-01,-9.664512855607721997e-01,5.700064382574485666e-01,-1.156776869561245036e+00,6.460112231573679198e-01,-1.024362225086874245e+00,7.044371045329356207e-01,-1.037326303437877018e+00
4.641588833612914197e+06,-1.553752720719121794e-01,-1.166841386276608494e+00,-7.095739019711205797e-02,-1.113178468661878640e+00,-5.136300880485131747e-03,2.981831968858677205e-03,-4.989644047889041367e-03,2.571407926841414240e-02,1.243186514251013869e-01,-9.471895956477208722e-01,5.709766739490279575e-01,-1.133815209389368306e+00,6.389365858730009506e-01,-1.013056073006177282e+00,6.970856536079088617e-01,-1.026124627833428837e+00
4.731512589614942670e+06,-1.536730784157936125e-01,-1.144100541168734386e+00,-6.927555010873455432e-02,-1.089142002923709551e+00,-5.070895786823211362e-03,2.962648454180042117e-03,-4.918723025393329645e-03,2.613576443042672087e-02,1.264759430080392155e-01,-9.283174235882977188e-01,5.719285291520432857e-01,-1.111291941303311326e+00,6.319316031522219657e-01,-1.001957443329601682e+00,6.898048639549829719e-01,-1.015126000824217334e+00
4.823178482239448465e+06,-1.520303094485604967e-01,-1.121802090834817411e+00,-6.765165479620077749e-02,-1.065527319960246855e+00,-5.006330014015345116e-03,2.941858452686036979e-03,-4.848409488536939774e-03,2.656440360515932575e-02,1.285708560192157512e-01,-9.098260393409154378e-01,5.728625706859888922e-01,-1.089198108284639144e+00,6.249916935937273044e-01,-9.910644087699012061e-01,6.825901641998330938e-01,-1.004328688320873297e+00
4.916620262745787390e+06,-1.504449016917819848e-01,-1.099936708025597953e+00,-6.608366357178026285e-02,-1.042324618561837557e+00,-4.942664452510577011e-03,2.919505771634358163e-03,-4.778754828869394636e-03,2.700020692067386929e-02,1.306053295695990268e-01,-8.917069359410132456e-01,5.737793812963183360e-01,-1.067524938317325311e+00,6.181122905163617398e-01,-9.803748301698904655e-01,6.754369866741366524e-01,-9.937307353809241572e-01
5.011872336272870190e+06,-1.489148511383257822e-01,-1.078495283445926711e+00,-6.456959328404231202e-02,-1.019524306579212780e+00,-4.879957170724799620e-03,2.895636398854923525e-03,-4.709807236824360352e-03,2.744338994163983761e-02,1.325812823224563897e-01,-8.739518242701052042e-01,5.746795581336353598e-01,-1.046263841770248115e+00,6.112888551929812619e-01,-9.698863595949309691e-01,6.683407815669963892e-01,-9.833299688909841185e-01
5.108969774507078342e+06,-1.474382120463427481e-01,-1.057468919585849321e+00,-6.310751711474131553e-02,-9.971169946041898990e-01,-4.818263361350001717e-03,2.870298295652744767e-03,-4.641611631106617834e-03,2.789417352758105997e-02,1.345006109066259059e-01,-8.565526278827492179e-01,5.755637113197086263e-01,-1.025406408730178409e+00,6.045168896623791532e-01,-9.595964438849268197e-01,6.612970306517774732e-01,-9.731240007808150683e-01
5.207948328595616855e+06,-1.460130956923481049e-01,-1.036848924744110167e+00,-6.169556333443920737e-02,-9.750934898350100966e-01,-4.757635304033931353e-03,2.843541193245584242e-03,-4.574209603669675966e-03,2.835278369566898368e-02,1.363651884848966211e-01,-8.395014779168028518e-01,5.764324625592290863e-01,-1.004944406321303552e+00,5.977919491333739677e-01,-9.495023286964276998e-01,6.543012605932156944e-01,-9.631102317863421414e-01
5.308844442310039885e+06,-1.446376691089776012e-01,-1.016626807254075615e+00,-6.033191404018457132e-02,-9.534447901391185365e-01,-4.698122343051112579e-03,2.815416392540646528e-03,-4.507639378832142656e-03,2.881945148826614567e-02,1.381768634841938070e-01,-8.227907080900592751e-01,5.772864438188576308e-01,-9.848697760099371923e-01,5.911096539986726572e-01,-9.396010630041944367e-01,6.473490558543709694e-01,-9.532858557381439502e-01
5.411695265464796685e+06,-1.433101537971685491e-01,-9.967942698937796164e-01,-5.901480386612244916e-02,-9.321620782931412386e-01,-4.639770879125116980e-03,2.785976569042498789e-03,-4.441935785657710918e-03,2.929441284674164439e-02,1.399374584814015998e-01,-8.064128497779343707e-01,5.781262960775253035e-01,-9.651746308857367396e-01,5.844657014485095115e-01,-9.298895039763386272e-01,6.404360711875491941e-01,-9.436478642776563452e-01
5.516538667595743202e+06,-1.420288244316949278e-01,-9.773432044940282282e-01,-5.774251868381798103e-02,-9.112367164141753628e-01,-4.582624375115322037e-03,2.755275584035068309e-03,-4.377130243306291690e-03,2.977790849315562274e-02,1.416487692222435091e-01,-7.903606271918360848e-01,5.789526681281650378e-01,-9.458512529488055653e-01,5.778558767058878942e-01,-9.203643222653041800e-01,6.335580437300207812e-01,-9.341930520449825970e-01
5.623413251903656870e+06,-1.407920075483356237e-01,-9.582656867073157114e-01,-5.651339428383319458e-02,-8.906602405463135419e-01,-4.526723373730682544e-03,2.723368302021212176e-03,-4.313250757457072135e-03,3.027018381898672825e-02,1.433125637707386990e-01,-7.746269526672799888e-01,5.797662154437153159e-01,-9.268920904100658165e-01,5.712760639032606891e-01,-9.110220077626099977e-01,6.267108047244580593e-01,-9.249180223876272144e-01
5.732358369467883371e+06,-1.395980802322027980e-01,-9.395539709676923312e-01,-5.532581505372972941e-02,-8.704243554312974807e-01,-4.472105527213939696e-03,2.690310416300004462e-03,-4.250321927730414673e-03,3.077148878382467492e-02,1.449305817801302965e-01,-7.592049220462830927e-01,5.805675990993836022e-01,-9.082897549890632805e-01,5.647222565739601352e-01,-9.018588756419764207e-01,6.198902908303053350e-01,-9.158191933987253064e-01
5.843414133735349402e+06,-1.384454687994573774e-01,-9.212004856021299704e-01,-5.417821264927807218e-02,-8.505209294239050033e-01,-4.418805637571461380e-03,2.656158282680485833e-03,-4.188364964622173781e-03,3.128207782336885762e-02,1.465045338761677141e-01,-7.440878101721257742e-01,5.813574847532947398e-01,-8.900370192314092099e-01,5.581905677907536001e-01,-8.928710728229348748e-01,6.130925550627066567e-01,-9.068928044290858193e-01
5.956621435290281661e+06,-1.373326474816266018e-01,-9.031978281195156555e-01,-5.306906466270942119e-02,-8.309419895788631161e-01,-4.366855705593336578e-03,2.620968761571326831e-03,-4.127397714176675794e-03,3.180220976698142077e-02,1.480361011424566886e-01,-7.292690664949513790e-01,5.821365416792494418e-01,-8.721268138474147502e-01,5.516772399439535679e-01,-8.840545848039930155e-01,6.063137773460607338e-01,-8.981349230082680268e-01
6.072021956910066307e+06,-1.362581371111173389e-01,-8.855387606452557181e-01,-5.199689329099153878e-02,-8.116797168761979986e-01,-4.316284989720715198e-03,2.584799070276659096e-03,-4.067434691419003628e-03,3.233214776720071820e-02,1.495269346925073295e-01,-7.147423107982110446e-01,5.829054418431782736e-01,-8.545522250861226077e-01,5.451786541568591771e-01,-8.754052428902857619e-01,5.995502746822731766e-01,-8.895414522079146957e-01
6.189658188912790269e+06,-1.352205038158273698e-01,-8.682162055072312201e-01,-5.096026401061824057e-02,-7.927264415921633223e-01,-4.267120070881580234e-03,2.547706643542627450e-03,-4.008487118595757161e-03,3.287215923850943244e-02,1.509786553323411440e-01,-7.005013290326316255e-01,5.836648590307269568e-01,-8.373064921306322406e-01,5.386913393395100780e-01,-8.669187317681473770e-01,5.927985109302668087e-01,-8.811081383876508966e-01
6.309573444802121259e+06,-1.342183577200766753e-01,-8.512232409769979746e-01,-4.995778425298978698e-02,-7.740746388174829518e-01,-4.219384924520912586e-03,2.509749005034039946e-03,-3.950562969418324605e-03,3.342251580870563704e-02,1.523928533047379796e-01,-6.865400692568260910e-01,5.844154680274330493e-01,-8.203830045120127368e-01,5.322119808597826074e-01,-8.585905973823859672e-01,5.860551061746274160e-01,-8.728305792764865512e-01
6.431811877215280198e+06,-1.332503516558890821e-01,-8.345530971407314480e-01,-4.898810208968657626e-02,-7.557169240994380255e-01,-4.173100998114193626e-03,2.470983648239965559e-03,-3.893667017605406677e-03,3.398349328098372590e-02,1.537710880828608018e-01,-6.728526377193652097e-01,5.851579438140384060e-01,-8.037752995985379956e-01,5.257374288534307771e-01,-8.504162553391947377e-01,5.793168457105174474e-01,-8.647042326283935765e-01
6.556418494179984555e+06,-1.323151798882513663e-01,-8.181991519126515788e-01,-4.804990492640255628e-02,-7.376460492190110019e-01,-4.128287292750648825e-03,2.431467927062547045e-03,-3.837800888143009376e-03,3.455537160733256757e-02,1.551148882409906504e-01,-6.594332950353907208e-01,5.858929608191800753e-01,-7.874770600926308539e-01,5.192647061275579290e-01,-8.423909995599270228e-01,5.725806885889586084e-01,-8.567244251502281749e-01
6.683439175686347298e+06,-1.314115768538250684e-01,-8.021549271821681870e-01,-4.714191820641587538e-02,-7.198548980948578091e-01,-4.084960448201719121e-03,2.391258957012457401e-03,-3.782963110763140711e-03,3.513843487371744179e-02,1.564257513734619576e-01,-6.462764524798830790e-01,5.866211921981809851e-01,-7.714821115725913891e-01,5.127910156585974155e-01,-8.345100112975784024e-01,5.658437757288174996e-01,-8.488863618271641487e-01
6.812920690579818562e+06,-1.305383159142664562e-01,-7.864140850790902748e-01,-4.626290412635956223e-02,-7.023364827984209802e-01,-4.043134830996880126e-03,2.350413526029877190e-03,-3.729149175035768610e-03,3.573297129654880167e-02,1.577051440516256953e-01,-6.333766684058461660e-01,5.873433091317934451e-01,-7.557844200928529599e-01,5.063137476695670491e-01,-8.267683686001444654e-01,5.591034375799914802e-01,-8.411851357286078690e-01
6.944910713781422004e+06,-1.296942081267248859e-01,-7.709704243707032889e-01,-4.541166036350648832e-02,-6.850839396926871050e-01,-4.002822623352117817e-03,2.308988013960812640e-03,-3.676351584838635864e-03,3.633927322925351727e-02,1.589545018291287359e-01,-6.207286447637287985e-01,5.880599801610156829e-01,-7.403780898132901189e-01,4.998304862571610330e-01,-8.191610560711591882e-01,5.523572013024595773e-01,-8.336157381342037542e-01
7.079457843841593713e+06,-1.288781010338376498e-01,-7.558178769718346679e-01,-4.458701881904810621e-02,-6.680905256784739343e-01,-3.964033914019236653e-03,2.267038323230904148e-03,-3.624559913347875917e-03,3.695763718155644501e-02,1.601752292702742220e-01,-6.083272237383583469e-01,5.887718705317187551e-01,-7.252573606840442277e-01,4.933390155522041631e-01,-8.116829750287298806e-01,5.456027974506205691e-01,-8.261730690897228779e-01
7.216611620834100991e+06,-1.280888774713105915e-01,-7.409505045747675211e-01,-4.378784437334715812e-02,-6.513496145504000800e-01,-3.926776788267175369e-03,2.224619817120433978e-03,-3.573760855543847616e-03,3.758836384777006212e-02,1.613687000100306468e-01,-5.961673844882050544e-01,5.894796415637715281e-01,-7.104166061675398769e-01,4.868373253824521685e-01,-8.043289539820648315e-01,5.388381661242898080e-01,-8.188519482985257003e-01
7.356422544596636668e+06,-1.273254543933482752e-01,-7.263624953771304904e-01,-4.301303365697081021e-02,-6.348546934459698976e-01,-3.891057418010122025e-03,2.181787267397686594e-03,-3.523938279298539054e-03,3.823175814627662733e-02,1.625362568284206832e-01,-5.842442399945197984e-01,5.901839500267771488e-01,-6.958503310129641184e-01,4.803236164167665745e-01,-7.970937594682973026e-01,5.320614625709447765e-01,-8.116471264038729316e-01
7.498942093324786052e+06,-1.265867817240382553e-01,-7.120481609327010686e-01,-4.226151383925398630e-02,-6.185993594077284774e-01,-3.856880149740038975e-03,2.138594809752631005e-03,-3.475073272638786945e-03,3.888812926746335052e-02,1.636792117367963928e-01,-5.725530340167467314e-01,5.908854475229373682e-01,-6.815531690808595000e-01,4.737963047572438247e-01,-7.899721072586941562e-01,5.252710622005408725e-01,-8.045532966571525835e-01
7.644222742526235059e+06,-1.258718412223340244e-01,-6.980019330900389951e-01,-4.153224142825043957e-02,-6.025773160265066597e-01,-3.824247591821606715e-03,2.095095908248419559e-03,-3.427144188590264089e-03,3.955779073363761139e-02,1.647988460843494984e-01,-5.610891381312907988e-01,5.915847798903951515e-01,-6.675198811888296557e-01,4.672540259479458502e-01,-7.829586737598386303e-01,5.184655649817864198e-01,-7.975651067990259246e-01
7.792317984342178330e+06,-1.251796453765411654e-01,-6.842183610427939877e-01,-4.082420109255888857e-02,-5.867823701875998221e-01,-3.793160698183709479e-03,2.051343326176261091e-03,-3.380126684737468339e-03,4.024106046554665195e-02,1.658964106483772072e-01,-5.498480488879563532e-01,5.922825865836375270e-01,-6.537453530333033891e-01,4.606956383767745744e-01,-7.760481078286797230e-01,5.116437991978143307e-01,-7.906771713767757337e-01
7.943282347243056633e+06,-1.245092363152392884e-01,-6.706921084679098310e-01,-4.013640449478368677e-02,-5.712084288971478463e-01,-3.763618849569460613e-03,2.007389103818711489e-03,-3.333993758402793196e-03,4.093826085808269233e-02,1.669731257361469490e-01,-5.388253850457426219e-01,5.929795000706890029e-01,-6.402245931324380690e-01,4.541202260330297058e-01,-7.692350427957019843e-01,5.048048245203238249e-01,-7.838840842832591749e-01
8.097171416105866432e+06,-1.238596847405337431e-01,-6.574179507552267987e-01,-3.946788914234584944e-02,-5.558494961909382637e-01,-3.735619931461813415e-03,1.963284543400394596e-03,-3.288715776684244477e-03,4.164971886457961153e-02,1.680301812795681748e-01,-5.280168848961229733e-01,5.936761452225779445e-01,-6.269527308094873241e-01,4.475271005879423725e-01,-7.625141087048699085e-01,4.979479343699164673e-01,-7.771804315248386219e-01
8.254041852680436336e+06,-1.232300888895218743e-01,-6.443907723375175145e-01,-3.881771725723292404e-02,-5.406996701359711999e-01,-3.709160407916083698e-03,1.919080199127172308e-03,-3.244260500406053079e-03,4.237576608748019197e-02,1.690687369091853909e-01,-5.174184036817081056e-01,5.943731386836145214e-01,-6.139250142292104195e-01,4.409158027779641054e-01,-7.558799448097808238e-01,4.910726575423732809e-01,-7.705608042608904640e-01
8.413951416452208534e+06,-1.226195735103440959e-01,-6.316055640914917113e-01,-3.818497465769429833e-02,-5.257531398936114986e-01,-3.684235391670869462e-03,1.874825873037114709e-03,-3.200593102299862866e-03,4.311673887681741896e-02,1.700899220247961419e-01,-5.070259110838885031e-01,5.950710882437864058e-01,-6.011368084540624768e-01,4.342861030549792223e-01,-7.493272121910323769e-01,4.841787590625732940e-01,-7.640198119702966695e-01
8.576958985909204930e+06,-1.220272888679032608e-01,-6.190574208372863207e-01,-3.756876965836708493e-02,-5.110041828720293111e-01,-3.660838709713062650e-03,1.830570615753502771e-03,-3.157676178584337742e-03,4.387297843505351402e-02,1.710948358446563733e-01,-4.968354887892805216e-01,5.957705921940027460e-01,-5.885835935374563732e-01,4.276380014767838245e-01,-7.428506064907672846e-01,4.772662402415188132e-01,-7.575520957447350323e-01
8.743124580221004784e+06,-1.214524097689323456e-01,-6.067415389083924415e-01,-3.696823198565446500e-02,-4.964471619411283121e-01,-3.638962963766806304e-03,1.786362730099308157e-03,-3.115469753261357853e-03,4.464483092580093931e-02,1.720845474264065811e-01,-4.868433281346570829e-01,5.964722386557963496e-01,-5.762609626586775446e-01,4.209717268158123527e-01,-7.364448707962378826e-01,4.703353379116189670e-01,-7.511523417386415380e-01
8.912509381337730214e+06,-1.208941346108925868e-01,-5.946532138043157945e-01,-3.638251170761189202e-02,-4.820765227203780978e-01,-3.618599587216572364e-03,1.742249781082689164e-03,-3.073931276671251246e-03,4.543264759156221549e-02,1.730600956772886390e-01,-4.770457278039648696e-01,5.971766049102260610e-01,-5.641646202628485263e-01,4.142877348716219044e-01,-7.301048084256301918e-01,4.633865228264655856e-01,-7.448152945174785211e-01
9.085175756517147645e+06,-1.203516844539599256e-01,-5.827878379193769387e-01,-3.581077817889213172e-02,-4.678867909325867824e-01,-3.599738895406451138e-03,1.698278605651709888e-03,-3.033015615082434654e-03,4.623678487142462296e-02,1.740224893236334558e-01,-4.674390916022813092e-01,5.978842566885745891e-01,-5.522903802477583390e-01,4.075867059563845762e-01,-7.238252958240188883e-01,4.564204971943738864e-01,-7.385357705237423076e-01
9.261187281288219616e+06,-1.198243021164477201e-01,-5.711408983433026165e-01,-3.525221900056830365e-02,-4.538725698219575611e-01,-3.582370132493881837e-03,1.654495327490844957e-03,-2.992675034487072682e-03,4.705760452659431270e-02,1.749727068584963907e-01,-4.580199262765368706e-01,5.985957474506589104e-01,-5.406341641553840116e-01,4.008695415522651184e-01,-7.176012952898007669e-01,4.494381913444446264e-01,-7.323086713687407823e-01
9.440608762859525159e+06,-1.193112512901448319e-01,-5.597079747318995935e-01,-3.470603899143608756e-02,-4.400285376298689322e-01,-3.566481512520141162e-03,1.610945373070267516e-03,-2.952859176178250760e-03,4.789547376817727964e-02,1.759116964629048596e-01,-4.487848393855092266e-01,5.993116176450000721e-01,-5.291919993766848185e-01,3.941373601316246478e-01,-7.114278675583596279e-01,4.424407595153611039e-01,-7.261289969741616668e-01
9.623506263981183991e+06,-1.188118156836807798e-01,-5.484847372508947494e-01,-3.417145917623051754e-02,-4.263494451359166604e-01,-3.552060255251927780e-03,1.567673488287438808e-03,-2.913515024605217371e-03,4.875076538674873172e-02,1.768403758823086647e-01,-4.397305372268603407e-01,6.000323939295356679e-01,-5.179600173842812127e-01,3.873914921279216217e-01,-7.053001842457782278e-01,4.354295747561510721e-01,-7.199918585716140740e-01
9.809947127269078046e+06,-1.183252981825726052e-01,-5.374669445816526725e-01,-3.364771578203634012e-02,-4.128301132496920434e-01,-3.539092617855210763e-03,1.524723757682922226e-03,-2.874586868462297891e-03,4.962385788709849227e-02,1.777596322828751962e-01,-4.308538227920328811e-01,6.007585883840420582e-01,-5.069344519531071569e-01,3.806334740757659207e-01,-6.992135399483694336e-01,4.284062229575966718e-01,-7.138924913446961229e-01
1.000000000000030920e+07,-1.178510200362335447e-01,-5.266504419927861003e-01,-3.313405925047541861e-02,-3.994654306590015302e-01,-3.527563920769279018e-03,1.482139622315641232e-03,-2.836016253307156731e-03,5.051513562202104846e-02,1.786703220693447169e-01,-4.221515937614270242e-01,6.014906976924233595e-01,-4.961116373913834754e-01,3.738650419180403195e-01,-6.931633640234917682e-01,4.213724960123250152e-01,-7.078262667379450201e-01
1.019373485938904062e+07,-1.173883200649790681e-01,-5.160311594782658329e-01,-3.262975325782881825e-02,-3.862503515325766412e-01,-3.517458569587148930e-03,1.439963899385045222e-03,-2.797741927615639539e-03,5.142498893013152522e-02,1.795732706603734297e-01,-4.136208405355860096e-01,6.022292022897833830e-01,-4.854880067793126419e-01,3.670881234856802067e-01,-6.871452320467416053e-01,4.143303841111071195e-01,-7.017887044339423674e-01
1.039122303835201077e+07,-1.169365538904848512e-01,-5.056051099523727332e-01,-3.213407374755046508e-02,-3.731798932707762195e-01,-3.508760071673846636e-03,1.398238799549268805e-03,-2.759699780553881952e-03,5.235381427275732913e-02,1.804692722466570975e-01,-4.052586442763456698e-01,6.029745655071611088e-01,-4.750600901793557429e-01,3.603048302072200948e-01,-6.811548766716718495e-01,4.072820672325032088e-01,-6.957754837070256881e-01
1.059253725177321956e+07,-1.164950931874304124e-01,-4.953683875038479845e-01,-3.164630797194924183e-02,-3.602491343036616778e-01,-3.501451049058630464e-03,1.357005944878092755e-03,-2.721822773372521015e-03,5.330201437284493027e-02,1.813590894985189772e-01,-3.970621749816887203e-01,6.037272326720359850e-01,-4.648245128578274432e-01,3.535174480295371069e-01,-6.751881980737003408e-01,4.002299058092256279e-01,-6.897824543459502022e-01
1.079775162327742949e+07,-1.160633249565653780e-01,-4.853171657096177483e-01,-3.116575354101541739e-02,-3.474532119379410977e-01,-3.495513246655106068e-03,1.316306384463099537e-03,-2.684040863078235566e-03,5.426999835340230727e-02,1.822434532567510368e-01,-3.890286895595840289e-01,6.044876302076662711e-01,-4.547779934684349490e-01,3.467284276259054443e-01,-6.692412737116205657e-01,3.931764306493147343e-01,-6.838056468681820155e-01
1.100694171252243966e+07,-1.156406508220993445e-01,-4.754476960043634848e-01,-3.069171748220885301e-02,-3.347873202490000422e-01,-3.490927536783094542e-03,1.276180608448213277e-03,-2.646280919455627073e-03,5.525818187550912003e-02,1.831230621754860732e-01,-3.811555299252321616e-01,6.052561646920905369e-01,-4.449173422385097054e-01,3.399403738966570998e-01,-6.633103675149336631e-01,3.861243321183002175e-01,-6.778412821380508380e-01
1.122018454301998019e+07,-1.152264863490032459e-01,-4.657563061038978436e-01,-3.022351530501140096e-02,-3.222467080146785845e-01,-3.487673919902505460e-03,1.236668560244508783e-03,-2.608466635189848025e-03,5.626698727635787156e-02,1.839985823542024113e-01,-3.734401210843937835e-01,6.060332219237587470e-01,-4.352394591042224037e-01,3.331560348486075629e-01,-6.573919382619360929e-01,3.790764486710800352e-01,-6.718857801437476684e-01
1.143755863049574010e+07,-1.148202603812297357e-01,-4.562393984794546054e-01,-2.976047007205488357e-02,-3.098266766897782576e-01,-3.485731522574248790e-03,1.197809646101817647e-03,-2.570518430085436817e-03,5.729684370625561657e-02,1.848706469255830820e-01,-3.658799692295439110e-01,6.068191659520314474e-01,-4.257413318390010915e-01,3.263782898609933203e-01,-6.514826472879660102e-01,3.720357547434349210e-01,-6.659357680783997147e-01
1.165914401179867983e+07,-1.144214144026249047e-01,-4.468934488860488163e-01,-2.930191147564458615e-02,-2.975225784224547754e-01,-3.485078591621685630e-03,1.159642741698721979e-03,-2.532353348238973890e-03,5.834818726376182763e-02,1.857398556328779815e-01,-3.584726598162610300e-01,6.076143381149189393e-01,-4.164200341283739171e-01,3.196101374428894082e-01,-6.455793652944499250e-01,3.650053481104112429e-01,-6.599880874880694748e-01
1.188502227437056042e+07,-1.140294019210464083e-01,-4.377150049412573130e-01,-2.884717492001519917e-02,-2.853298141104062546e-01,-3.485692486486773479e-03,1.122206196530994762e-03,-2.493884950099794443e-03,5.942146113096353349e-02,1.866067743800395307e-01,-3.512158556348843885e-01,6.084190560630526878e-01,-4.072727236176214571e-01,3.128546825175385071e-01,-6.396791783147294241e-01,3.579884367504411191e-01,-6.540398005435001938e-01
1.211527658628626913e+07,-1.136436878691301500e-01,-4.287006847482415228e-01,-2.839560060381652803e-02,-2.732438314882696395e-01,-3.487549668644370719e-03,1.085537833271019376e-03,-2.455023198153799546e-03,6.051711570433239429e-02,1.874719347631572941e-01,-3.441072948631011541e-01,6.092336127804893753e-01,-3.982966399126792734e-01,3.061151233005932615e-01,-6.337793928212327454e-01,3.509883252827697420e-01,-6.480881954191030081e-01
1.234999172687624022e+07,-1.132637480330704050e-01,-4.198471755746319145e-01,-2.794653260844788545e-02,-2.612601232609260693e-01,-3.490625690137075764e-03,1.049674946541723913e-03,-2.415674338339155337e-03,6.163560872807115343e-02,1.883358335930560568e-01,-3.371447890976098649e-01,6.100582756146498697e-01,-3.894891025351660541e-01,2.993947378694326034e-01,-6.278775398299741850e-01,3.440084010815566140e-01,-6.421307906325373072e-01
1.258925411794207059e+07,-1.128890684960755370e-01,-4.111512325666052958e-01,-2.749931798506946579e-02,-2.493742252599649989e-01,-3.494895179475582866e-03,1.014654294919400783e-03,-2.375740775151530086e-03,6.277740542037005267e-02,1.891989324080345647e-01,-3.303262213602501940e-01,6.108932853143551611e-01,-3.808475088258027053e-01,2.926968704791232390e-01,-6.219713780832850647e-01,3.370521201215997409e-01,-6.361653384232789366e-01
1.283315185557691939e+07,-1.125191451089351674e-01,-4.026096775181847165e-01,-2.705330584339561695e-02,-2.375817146431317695e-01,-3.500331827707905009e-03,9.805120914933107643e-04,-2.335120943308401868e-03,6.394297860197763195e-02,1.900616569802546230e-01,-3.236495440773229926e-01,6.117388550790252566e-01,-3.723693317988402418e-01,2.860249177027281431e-01,-6.160588962497622889e-01,3.301229926400778281e-01,-6.301898271144672492e-01
1.308177474260235019e+07,-1.121534829797969507e-01,-3.942193976791389387e-01,-2.660784644003277161e-02,-2.258782081220765681e-01,-3.506908373142352941e-03,9.472839898462543772e-04,-2.293709174358502575e-03,6.513280882010616391e-02,1.909243968249862977e-01,-3.171127770280994240e-01,6.125951696318531203e-01,-3.640521179415215358e-01,2.793823144915155710e-01,-6.101383141300843471e-01,3.232245687096375053e-01,-6.242024824389010851e-01
1.333521432163365930e+07,-1.117915959846442625e-01,-3.859773446052533474e-01,-2.616229026342924840e-02,-2.142593602204264369e-01,-3.514596586168433276e-03,9.150050654392476472e-04,-2.251395559364349330e-03,6.634738447068766476e-02,1.917875047206498706e-01,-3.107140052553549747e-01,6.134623843254977116e-01,-3.558934849512477849e-01,2.727725202312070718e-01,-6.042080828485615340e-01,3.163604238050153894e-01,-6.182017678120922399e-01
1.359356390878568962e+07,-1.114330063018388745e-01,-3.778805330526982531e-01,-2.571598711772244902e-02,-2.027208615651328316e-01,-3.523367254775386891e-03,8.837097946765025457e-04,-2.208065808455422774e-03,6.758720191998252025e-02,1.926512962360752979e-01,-3.044513769448001228e-01,6.143406242758456814e-01,-3.478911194225718373e-01,2.661990048641653672e-01,-5.982668840882933159e-01,3.095341444344902326e-01,-6.121863836122435343e-01
1.385691862803171016e+07,-1.110772439671754569e-01,-3.699260399110795294e-01,-2.526828520158278663e-02,-1.912584372053415804e-01,-3.533190170023160336e-03,8.534320287445023266e-04,-2.163601106233013511e-03,6.885276562152985169e-02,1.935160492785940045e-01,-2.983231012651970104e-01,6.152299835404552164e-01,-3.400427744733268143e-01,2.596652351669175296e-01,-5.923136283360840304e-01,3.027493139286520640e-01,-6.061552654311401778e-01
1.412537544622799009e+07,-1.107238464523890992e-01,-3.621110031779049554e-01,-2.481853018256617582e-02,-1.798678449613552999e-01,-3.544034113514363000e-03,8.242049644879295570e-04,-2.117877964812558619e-03,7.014458823424686573e-02,1.943820036716727984e-01,-2.923274461681412695e-01,6.161305243524068942e-01,-3.323462673093984798e-01,2.531746612764586568e-01,-5.863474521502970438e-01,2.960094984855018985e-01,-6.001075813085197108e-01
1.439903320881678909e+07,-1.103723582642991419e-01,-3.544326209677809425e-01,-2.436606426477080228e-02,-1.685448737997213009e-01,-3.555866845849937809e-03,7.960611113350431070e-04,-2.070768073641333657e-03,7.146319073630148788e-02,1.952493607614460835e-01,-2.864627361505913683e-01,6.170422764078239419e-01,-3.247994767350875223e-01,2.467307035185447028e-01,-5.803677145173782304e-01,2.893182335237393654e-01,-5.940427280217891459e-01
1.467799267622116022e+07,-1.100223305674851437e-01,-3.468881505615443728e-01,-2.391022524914145769e-02,-1.572853422366803366e-01,-3.568655097562707917e-03,7.690322553069146123e-04,-2.022138147254816561e-03,7.280910253952391220e-02,1.961182830601469751e-01,-2.807273499808810580e-01,6.179652362169473223e-01,-3.174003406104776159e-01,2.403367396138030021e-01,-5.743739923223496469e-01,2.826790104281263205e-01,-5.879603264514203786e-01
1.496235656094481051e+07,-1.096733208323320552e-01,-3.394749074934680921e-01,-2.345034558608415434e-02,-1.460850967695492830e-01,-3.582364562020590865e-03,7.431494185070446892e-04,-1.971849770217951395e-03,7.418286160109617555e-02,1.969888939411241213e-01,-2.751197183833156701e-01,6.188993665363499153e-01,-3.101468532500313846e-01,2.339960923582988517e-01,-5.683660749340775364e-01,2.760952637811448507e-01,-5.818602160301411530e-01
1.525222956539067999e+07,-1.093248925007292982e-01,-3.321902646668512538e-01,-2.298575141645347458e-02,-1.349400103295753939e-01,-3.596959891405243723e-03,7.184428169966607710e-04,-1.919759240449013180e-03,7.558501453506220880e-02,1.978612773831743277e-01,-2.696383216897363377e-01,6.198445958792633270e-01,-3.030370627744434775e-01,2.277120178137579942e-01,-5.623439579962925539e-01,2.695703591231527474e-01,-5.757424483624014044e-01
1.554771842041222937e+07,-1.089766146815006886e-01,-3.250316515109778481e-01,-2.251576160337132732e-02,-1.238459807654072459e-01,-3.612404695708268821e-03,6.949418157754864685e-04,-1.865717410512582070e-03,7.701611672421920796e-02,1.987354777749667789e-01,-2.642816874576635611e-01,6.208008181163281458e-01,-2.960690684172887499e-01,2.214876940803690852e-01,-5.563078364641483864e-01,2.631075813133473273e-01,-5.696072800622664634e-01
1.584893192461163923e+07,-1.086280618657202990e-01,-3.179965531661986811e-01,-2.203968675087177725e-02,-1.127989293482512950e-01,-3.628661545245153320e-03,6.726748800434230674e-04,-1.809569527080910406e-03,7.847673242998060017e-02,1.996114997827236892e-01,-2.590483880593035249e-01,6.217678921703291284e-01,-2.892410177918980918e-01,2.153262106975364354e-01,-5.502580969558903412e-01,2.567101235401094694e-01,-5.634551648769638987e-01
1.615598098439925909e+07,-1.082788136671127971e-01,-3.110825097007172690e-01,-2.155682820850935918e-02,-1.017947993013407076e-01,-3.645691976680492507e-03,6.516695260659244489e-04,-1.751155068611362367e-03,7.996743490408084187e-02,2.004893082969450013e-01,-2.539370382419133265e-01,6.227456418243126901e-01,-2.825511041190349459e-01,2.092305587446026405e-01,-5.441953094300203686e-01,2.503810770552843956e-01,-5.572867451090938173e-01
1.646897865482920967e+07,-1.079284545894788061e-01,-3.042871153615748225e-01,-2.106647706267735995e-02,-9.082955435659532950e-02,-3.663456503305235427e-03,6.319522689828062671e-04,-1.690307581451872378e-03,8.148880650026278649e-02,2.013688284501851111e-01,-2.489462926708760071e-01,6.237338556317773008e-01,-2.759975634330220640e-01,2.032036216488114222e-01,-5.381202183321638355e-01,2.441234216401170221e-01,-5.511028424882493670e-01
1.678804018122614175e+07,-1.075765738165429947e-01,-2.976080178510718266e-01,-2.056791311002297701e-02,-7.989917733198015348e-02,-3.681914629364060106e-03,6.135485706115382729e-04,-1.626854514143035065e-03,8.304143878852374150e-02,2.022499457255781952e-01,-2.440748434542227008e-01,6.247322869536077183e-01,-2.695786717625645035e-01,1.972481667689319762e-01,-5.320337332006591646e-01,2.379400168739416455e-01,-5.449044484757074036e-01
1.711328304161835834e+07,-1.072227650272177119e-01,-2.910429176305214249e-01,-2.006040381407738285e-02,-6.899966873320652339e-02,-3.701024868713963419e-03,5.964827848949187661e-04,-1.560617049837461886e-03,8.462593266833318140e-02,2.031325061464747117e-01,-2.393214176594525011e-01,6.257406541078149864e-01,-2.632927423034586156e-01,1.913668377403770215e-01,-5.259369188890642421e-01,2.318335941908752640e-01,-5.386927141734694224e-01
1.744482698999309912e+07,-1.068666262405311845e-01,-2.845895672560774803e-01,-1.954320324335205930e-02,-5.812704538089891182e-02,-3.720744767967490169e-03,5.807781047152394110e-04,-1.491409936647491085e-03,8.624289848788915802e-02,2.040163165706426196e-01,-2.346847748260172117e-01,6.267586406624063855e-01,-2.571381225847546581e-01,1.855621476675455295e-01,-5.198309853616754905e-01,2.258067498139099405e-01,-5.324689397850366213e-01
1.778279410038980097e+07,-1.065077596816002975e-01,-2.782457707319824780e-01,-1.901555098820149545e-02,-4.727733905836458556e-02,-3.741030934428773297e-03,5.664565068379075934e-04,-1.419041315889429857e-03,8.789295616297000679e-02,2.049011450724733396e-01,-2.301637044845027125e-01,6.277858958481342677e-01,-2.511131916462595037e-01,1.798364731002852490e-01,-5.137172772567648593e-01,2.198619385007259397e-01,-5.262345638350400812e-01
1.812730881184757128e+07,-1.061457716798794443e-01,-2.720093828955771897e-01,-1.847667105705936078e-02,-3.644659518563724693e-02,-3.761839068472940754e-03,5.535386990025647179e-04,-1.343312547706794783e-03,8.957673530167829801e-02,2.057867214314426096e-01,-2.257570236864960556e-01,6.288220351143360975e-01,-2.452163572301283567e-01,1.741920488595163907e-01,-5.075972632023453279e-01,2.140014681691786713e-01,-5.199911521292942540e-01
1.847849797422350943e+07,-1.057802725901778040e-01,-2.658783088182288257e-01,-1.792577074843881499e-02,-2.563087151476773490e-02,-3.783124000222996223e-03,5.420440669011632011e-04,-1.264018033436378231e-03,9.129487533063530835e-02,2.066727377231864782e-01,-2.214635745574963233e-01,6.298666408224705693e-01,-2.394460530038767798e-01,1.686309636888329855e-01,-5.014725249878891900e-01,2.082274953780089422e-01,-5.137403865634009303e-01
1.883649089489861950e+07,-1.054108767438078492e-01,-2.598505032308460194e-01,-1.736203949886003239e-02,-1.482623684985051767e-02,-3.804839731339797713e-03,5.319906231425810270e-04,-1.180945035068343280e-03,9.304802562757835682e-02,2.075588490149184173e-01,-2.172822218784501713e-01,6.309192630783477806e-01,-2.338007358216211418e-01,1.631551567244634016e-01,-4.953447466622800111e-01,2.025420216558119768e-01,-5.074840538527591871e-01
1.920141938638864085e+07,-1.050372024280443323e-01,-2.539239699681651308e-01,-1.678464770478351950e-02,-4.028769791569934353e-03,-3.826939480769227936e-03,5.233949577348280188e-04,-1.093873490345832929e-03,9.483684565797703692e-02,2.084446741664378322e-01,-2.132118507067828628e-01,6.319794207043057943e-01,-2.282788830376764888e-01,1.577664147779289372e-01,-4.892157036219498267e-01,1.969468906715038381e-01,-5.012240342497312762e-01
1.957341781487724185e+07,-1.046588718911113103e-01,-2.480967614284916856e-01,-1.619274551611927723e-02,6.765442495491400497e-03,-3.849375734872801866e-03,5.162721918629720359e-04,-1.002575823516772911e-03,9.666200511814830587e-02,2.093297967402927562e-01,-2.092513640460016144e-01,6.330466023554429666e-01,-2.228789898835312200e-01,1.524663704245547147e-01,-4.830872517300212055e-01,1.914437862400878987e-01,-4.949622902918542899e-01
1.995262314968945086e+07,-1.042755113798455036e-01,-2.423669780526356288e-01,-1.558546160130434843e-02,1.756030548971454497e-02,-3.872100301591310800e-03,5.106359328793709258e-04,-9.068167507627986762e-04,9.852418408233555580e-02,2.102137660092457672e-01,-2.053996805739073950e-01,6.341202677635248142e-01,-2.175995669223571571e-01,1.472565008328638181e-01,-4.769613165830455248e-01,1.860342310960533263e-01,-4.887008557005950715e-01
2.033917501372357830e+07,-1.038867512026060702e-01,-2.367327678138922142e-01,-1.496190188120157145e-02,2.835971849430539427e-02,-3.895064368254835645e-03,5.064982337117075132e-04,-8.063530795915007038e-04,1.004240731573016604e-01,2.110960980728663894e-01,-2.016557324371483217e-01,6.351998491239982947e-01,-2.124391375888437239e-01,1.421381273689361069e-01,-4.708398829133988439e-01,1.807195864699052412e-01,-4.824418244181450377e-01
2.073321573486023024e+07,-1.034922258240594944e-01,-2.311923257230115714e-01,-1.432114823037024080e-02,3.916757579426709268e-02,-3.918218563192740929e-03,5.038695558946145164e-04,-7.009335016919669877e-04,1.023623736453864314e-01,2.119762770665938045e-01,-1.980184631237770498e-01,6.362847526037184176e-01,-2.073962358309832943e-01,1.371124158810800298e-01,-4.647249842417010002e-01,1.755010523698410096e-01,-4.761873399028712650e-01
2.113489039836715907e+07,-1.030915739860860103e-01,-2.257438933401137438e-01,-1.366225714451178332e-02,4.998776778594924558e-02,-3.941513019844334297e-03,5.027587352774014239e-04,-5.902983775667076678e-04,1.043397977094529944e-01,2.128537564705732521e-01,-1.944868254212983039e-01,6.373743599791401593e-01,-2.024694038613797098e-01,1.321803776868244185e-01,-4.586186927762772036e-01,1.703796685914723830e-01,-4.699395846779007013e-01
2.154434690031953901e+07,-1.026844388620268000e-01,-2.203857582994914188e-01,-1.298425837235821743e-02,6.082418208002986909e-02,-3.964897444311781156e-03,5.031729535166770467e-04,-4.741795130850163967e-04,1.063570685515873859e-01,2.137279605015855455e-01,-1.910597794698066509e-01,6.384680303825289727e-01,-1.976571900322203756e-01,1.273428711660907209e-01,-4.525231096473747994e-01,1.653563163559380322e-01,-4.637007702256194519e-01
2.196173600205507874e+07,-1.022704682352633815e-01,-2.151162538356254927e-01,-1.228615350966128644e-02,7.168070457638958670e-02,-3.988321184656723473e-03,5.051177131810606711e-04,-3.522999259370984074e-04,1.084149205943682748e-01,2.145982855923283805e-01,-1.877362909184602802e-01,6.395651021625283761e-01,-1.929581468418475332e-01,1.226006039750121290e-01,-4.464403554822578557e-01,1.604317205907790922e-01,-4.574731272335416099e-01
2.238721138568412885e+07,-1.018493147108247149e-01,-2.099337583177554312e-01,-1.156691455474726654e-02,8.256122050945795265e-02,-4.011733302412345131e-03,5.085968175117121281e-04,-2.243736015272923469e-04,1.105140996718465135e-01,2.154641019421483505e-01,-1.845153291928525174e-01,6.406648948378810271e-01,-1.883708290844687827e-01,1.179541357895630277e-01,-4.403725613755991031e-01,1.556064527614771376e-01,-4.512588962488042754e-01
2.282092971067525819e+07,-1.014206359529722934e-01,-2.048366947838380636e-01,-1.082548242238720072e-02,9.346961546411507171e-02,-4.035082645303965376e-03,5.136123553982289546e-04,-9.010523695278251468e-05,1.126553632275870964e-01,2.163247551366310473e-01,-1.813958658808984825e-01,6.417667111416753833e-01,-1.838937921511900053e-01,1.134038815687764823e-01,-4.343218602745630985e-01,1.508809342403404363e-01,-4.450603187603970334e-01
2.326305067153703049e+07,-1.009840949530056015e-01,-1.998235304758122499e-01,-1.006076541614614461e-02,1.044097763600203843e-01,-4.058317921158935242e-03,5.201646913152640833e-04,5.081002789198844530e-05,1.148394805214048159e-01,2.171795678224665294e-01,-1.783768732427510884e-01,6.428698391383937949e-01,-1.795255904901107424e-01,1.089501152600438477e-01,-4.282903788161184222e-01,1.462554401345915467e-01,-4.388796287492207626e-01
2.371373705661733821e+07,-1.005393603229523258e-01,-1.948927763717123729e-01,-9.271637655292350871e-03,1.153855924023544366e-01,-4.081387771965995157e-03,5.282524604347202954e-04,1.986868935456481732e-04,1.170672328420805236e-01,2.180278414325137748e-01,-1.754573228510707961e-01,6.439735544081071072e-01,-1.752647762327289860e-01,1.045929739353369942e-01,-4.222802296144744783e-01,1.417301035610474547e-01,-4.327190447031197262e-01
2.417315480804184079e+07,-1.000861066175080666e-01,-1.900429867133039963e-01,-8.456937456450899088e-03,1.264009559998358345e-01,-4.104240848134961019e-03,5.378725680576571227e-04,3.538501996561082782e-04,1.193394137283772805e-01,2.188688579470983442e-01,-1.726361843651877948e-01,6.450771222799680515e-01,-1.711098979915361973e-01,1.003324622815555817e-01,-4.162935040346796289e-01,1.373049202879816078e-01,-4.265807621344765987e-01
2.464147308281363919e+07,-9.962401468147384642e-02,-1.852727585271548572e-01,-7.615465666981976675e-03,1.374597636452505045e-01,-4.126825882009201550e-03,5.490201951927611498e-04,5.166352401710793026e-04,1.216568291968834481e-01,2.197018816809385711e-01,-1.699124244433386499e-01,6.461798001018352888e-01,-1.670594998344910598e-01,9.616845740995333403e-02,-4.103322654581209039e-01,1.329797537088496795e-01,-4.204669466066899286e-01
2.511886431509663910e+07,-9.915277202394701117e-02,-1.805807311373089641e-01,-6.745983948755858266e-03,1.485659167601698916e-01,-4.149091760367394632e-03,5.616888088969014666e-04,6.873880966255190407e-04,1.240202979776164477e-01,2.205261610864023558e-01,-1.672850057950550640e-01,6.472808395351160593e-01,-1.631121204383137457e-01,9.210071394820151802e-02,-4.043985430397330494e-01,1.287543401073116267e-01,-4.143797272684596189e-01
2.560550427970562130e+07,-9.867207321329647673e-02,-1.759655856642982075e-01,-5.847213010297386618e-03,1.597233224983261868e-01,-4.170987595804160480e-03,5.758701761613732768e-04,8.664659904107126090e-04,1.264306517536547825e-01,2.213409305585098963e-01,-1.647528863740786165e-01,6.483794888560809877e-01,-1.592662924222334742e-01,8.812886934999684951e-02,-3.984943259695427620e-01,1.246282941501450220e-01,-4.083211909104659254e-01
2.610157215682623908e+07,-9.818162029839164195e-02,-1.714260445135097344e-01,-4.917830786047551472e-03,1.709358945080158565e-01,-4.192462795527692430e-03,5.915543846008573413e-04,1.054237655666506084e-03,1.288887354095019644e-01,2.221454122308856582e-01,-1.623150187128452049e-01,6.494749952509821789e-01,-1.555205418634463543e-01,8.425244939363533969e-02,-3.926215582368118295e-01,1.206011145748402125e-01,-4.022933765411345064e-01
2.660725059798898920e+07,-9.768112324879038577e-02,-1.669608708460102175e-01,-3.956470560022460822e-03,1.822075536515893879e-01,-4.213467128287474647e-03,6.087298649269642708e-04,1.251083734054116159e-03,1.313954072815951835e-01,2.229388177539692872e-01,-1.599703493968454848e-01,6.505666070946771740e-01,-1.518733879921156660e-01,8.047087384037038271e-02,-3.867821338750642157e-01,1.166721900434659481e-01,-3.962982704599899986e-01
2.712272579332118854e+07,-9.717030041457082323e-02,-1.625688680318056745e-01,-2.961719033037288860e-03,1.935422286769437339e-01,-4.233950788199805984e-03,6.273834202915728325e-04,1.457397192164762868e-03,1.339515394159570549e-01,2.237203500366134468e-01,-1.577178186757609291e-01,6.516535761885894340e-01,-1.483233430638293548e-01,7.678346217403807239e-02,-3.809778927143938065e-01,1.128408050810654345e-01,-3.903378018559118257e-01
2.764818754010200128e+07,-9.664887900432085621e-02,-1.582488790839395310e-01,-1.932114331021745788e-03,2.049438568419637008e-01,-4.253864455607267621e-03,6.475002571325613005e-04,1.673583763584850703e-03,1.365580178279586498e-01,2.244892049461535699e-01,-1.555563602082269958e-01,6.527351599530150095e-01,-1.448689124051793509e-01,7.318943942652521295e-02,-3.752106165989504416e-01,1.091061461032885732e-01,-3.844138388858623911e-01
2.818382931264548004e+07,-9.611659557877165472e-02,-1.539997860707352784e-01,-8.661439533770682545e-04,2.164163844857766028e-01,-4.273159354192810830e-03,6.690640209208384426e-04,1.900062416335920488e-03,1.392157427656209034e-01,2.252445729524690243e-01,-1.534849009361208827e-01,6.538106235559824064e-01,-1.415085946284702911e-01,6.968794203066924764e-02,-3.694820260754089758e-01,1.054673074727604659e-01,-3.785281852414460468e-01
2.872984833353760839e+07,-9.557319655582521833e-02,-1.498205095037948298e-01,2.377573412507142173e-04,2.279637675460757518e-01,-4.291787304920167273e-03,6.920568336810863259e-04,2.137265846993704945e-03,1.419256289747396482e-01,2.259856407058157546e-01,-1.515023610798350018e-01,6.548792419657126773e-01,-1.382408820059873866e-01,6.627802367288986030e-02,-3.637937775317545142e-01,1.019232975547042647e-01,-3.726825771804218590e-01
2.928644564625335112e+07,-9.501843872886688025e-02,-1.457100077023836537e-01,1.381209712304493596e-03,2.395899720179893999e-01,-4.309700775034169297e-03,7.164593354441745185e-04,2.385641002982986231e-03,1.446886059645241251e-01,2.267115925384979025e-01,-1.496076542515160646e-01,6.559403019152355574e-01,-1.350642610008218336e-01,6.295866111803768983e-02,-3.581474607696840118e-01,9.847304474541532238e-02,-3.668786810070708837e-01
2.985382618918060139e+07,-9.445208979008197503e-02,-1.416672761292147031e-01,2.565890480824869861e-03,2.512989743540493537e-01,-4.326852923703682074e-03,7.422507269063765255e-04,2.645649633888696659e-03,1.475056182744656219e-01,2.274216118806398346e-01,-1.477996876728502329e-01,6.569931037663241380e-01,-1.319772129388316617e-01,5.972875997567717032e-02,-3.525445969944621671e-01,9.511540343864838265e-02,-3.611180909839594722e-01
3.043219887107824907e+07,-9.387392886307115158e-02,-1.376913467014410641e-01,3.793536438665172025e-03,2.630947617947237971e-01,-4.343197642907176310e-03,7.694088136807156501e-04,2.917768873139096018e-03,1.503776257375660508e-01,2.281148825822818527e-01,-1.460773624945578830e-01,6.580369632645224343e-01,-1.289782148194315026e-01,5.658716038553850830e-02,-3.469866372015890654e-01,9.184915990937356223e-02,-3.554023276538023079e-01
3.102177664799606055e+07,-9.328374703398022161e-02,-1.337812870698576184e-01,5.065946227238759050e-03,2.749813326367653299e-01,-4.358689593531807696e-03,7.979100536111508740e-04,3.202491851237379648e-03,1.533056037447942943e-01,2.287905901321698188e-01,-1.444395742020470053e-01,6.590712131717104683e-01,-1.260657402473184530e-01,5.353264259153257126e-02,-3.414749609412082720e-01,8.867303808272999910e-02,-3.497328365520138149e-01
3.162277660168486089e+07,-9.268134788414161829e-02,-1.299361998704897103e-01,6.384982785022301488e-03,2.869626964209133213e-01,-4.373284237935657140e-03,8.277296016726652791e-04,3.500328341464691191e-03,1.562905435016110900e-01,2.294479227694647960e-01,-1.428852131008690185e-01,6.600952047729242711e-01,-1.232382604784875157e-01,5.056393240021258423e-02,-3.360108754332087888e-01,8.558570518207132827e-02,-3.441109872812129766e-01
3.223542001952572167e+07,-9.206654802017219530e-02,-1.261552219463472624e-01,7.752575867048662299e-03,2.990428740518849549e-01,-4.386937866866055108e-03,8.588413582139296006e-04,3.811805439567312812e-03,1.593334522836674094e-01,2.300860724796293666e-01,-1.414131648686143550e-01,6.611083092452445520e-01,-1.204942455658373768e-01,4.767970648410780471e-02,-3.305956150233935187e-01,8.258577721795785920e-02,-3.385380729385805143e-01
3.285993247600765899e+07,-9.143917759265468570e-02,-1.224375235363675402e-01,9.170724635449226114e-03,3.112258978269426546e-01,-4.399607622559635611e-03,8.912180154682715653e-04,4.137468277848068386e-03,1.624353536818053390e-01,2.307042358717114605e-01,-1.400223111621044514e-01,6.621099188855524842e-01,-1.178321655920811506e-01,4.487859753368386023e-02,-3.252303409441641424e-01,7.967182431938953091e-02,-3.330153098569344494e-01
3.349654391578390077e+07,-9.079908081033577494e-02,-1.187823074376114091e-01,1.064150032446155823e-02,3.235158113866376528e-01,-4.411251517335582073e-03,9.248311037860947178e-04,4.477880775731604875e-03,1.655972878446194119e-01,2.313016149342330685e-01,-1.387115302691583063e-01,6.630994481933835116e-01,-1.152504919782480625e-01,4.215919923808564979e-02,-3.199161413647843011e-01,7.684237588885522996e-02,-3.275438376455906964e-01
3.414548873833718151e+07,-9.014611643666585461e-02,-1.151888081349759230e-01,1.216704897844150118e-02,3.359166695681899406e-01,-4.421828447916266620e-03,9.596510366255056384e-04,4.833626426668900453e-03,1.688203117061899405e-01,2.318774176647152019e-01,-1.374796977902094930e-01,6.640763348011538003e-01,-1.127476988518459067e-01,3.952007107360318294e-02,-3.146540317123529551e-01,7.409592555747240850e-02,-3.221247195097147742e-01
3.480700588428529352e+07,-8.948015827076846729e-02,-1.116562909025718142e-01,1.374959426577053445e-02,3.484325381653073928e-01,-4.431298205416068017e-03,9.956471547941678300e-04,5.205309123535864675e-03,1.721054992070393808e-01,2.324308585745847311e-01,-1.363256873397270807e-01,6.650400402540709299e-01,-1.103222644635218352e-01,3.695974291104225234e-02,-3.094449552318777608e-01,7.143093595422099484e-02,-3.167589428169194643e-01
3.548133892335875332e+07,-8.880109561056138967e-02,-1.081840508777100057e-01,1.539144036746349815e-02,3.610674935862392410e-01,-4.439621482186352844e-03,1.032787767488026762e-03,5.593554022876440907e-03,1.754539415018905868e-01,2.329611590675080279e-01,-1.352483712538781746e-01,6.659900506356877248e-01,-1.079726726382108093e-01,3.447671941158116093e-02,-3.042897837747643441e-01,6.884584325446313491e-02,-3.114474198986983966e-01
3.616873614408282191e+07,-8.810883368857051756e-02,-1.047714121062912063e-01,1.709497494172851698e-02,3.738256223988533633e-01,-4.446759873740486861e-03,1.071040193144776748e-03,5.999008449208737166e-03,1.788667471511494189e-01,2.334675476938652128e-01,-1.342466212921926971e-01,6.669258770414056015e-01,-1.056974142467007188e-01,3.206948422758948425e-02,-2.991893187822757261e-01,6.633906152903348841e-02,-3.061909890532079070e-01
3.686945064519701153e+07,-8.740329408520135235e-02,-1.014177265642207254e-01,1.886267216442283692e-02,3.867110207675788502e-01,-4.452675879655352588e-03,1.110370794046994453e-03,6.422342840640675281e-03,1.823450423001869436e-01,2.339492602823818324e-01,-1.333193093215929159e-01,6.678470558996483231e-01,-1.034949886861165486e-01,2.973650398729570099e-02,-2.941442924569689366e-01,6.390898686761201097e-02,-3.009904157406996239e-01
3.758374042884570360e+07,-8.668441511131583233e-02,-9.812237315546309957e-02,2.069709584547542794e-02,3.997277937649069135e-01,-4.457332897977876567e-03,1.150745013790973898e-03,6.864251736699985770e-03,1.858899708385130245e-01,2.344055399533470918e-01,-1.324653079700557623e-01,6.687531491444954623e-01,-1.013639053548748697e-01,2.747623207791446281e-02,-2.891553690858680858e-01,6.155400129590301445e-02,-2.958463939356539840e-01
3.831186849557417631e+07,-8.595215215898857619e-02,-9.488475668844009725e-02,2.260090262016933513e-02,4.128800545588400261e-01,-4.460695220887845105e-03,1.192127404913867700e-03,7.325454809237634708e-03,1.895026945406461383e-01,2.348356370168852014e-01,-1.316834912399599544e-01,6.696437442421716568e-01,-9.930268511258305564e-02,2.528711220313567890e-02,-2.842231465155325987e-01,5.927247645799170461e-02,-2.907595476340711915e-01
3.905410294116512686e+07,-8.520647802052092046e-02,-9.170430683539307348e-02,2.457684521526698473e-02,4.261719234625866437e-01,-4.462728025157470732e-03,1.234481658006286991e-03,7.806697937942237361e-03,1.931843931855330709e-01,2.352388087626831326e-01,-1.309727350683248803e-01,6.705184540769302259e-01,-9.730986171037050991e-02,2.316758174502060383e-02,-2.793481577424263285e-01,5.706277709774788126e-02,-2.857304324796159367e-01
3.981071705535109341e+07,-8.444738316614519569e-02,-8.858047707388469472e-02,2.662777578890450358e-02,4.396075268461264174e-01,-4.463397361884563139e-03,1.277770625050217218e-03,8.308754330979594219e-03,1.969362646514973003e-01,2.356143191468045295e-01,-1.303319178251764188e-01,6.713769167011630623e-01,-9.538398318338105197e-02,2.111607490337182383e-02,-2.745308726132848487e-01,5.492326431005450232e-02,-2.807595375015614070e-01
4.058198942243936658e+07,-8.367487598947530303e-02,-8.551274361835339843e-02,2.875664934204975529e-02,4.531909958948356354e-01,-4.462670144330386363e-03,1.321956339645255279e-03,8.832425692584305529e-03,2.007595249882192512e-01,2.359614383832870921e-01,-1.297599207395186693e-01,6.722187949561722053e-01,-9.352361319380861349e-02,1.913102564005710396e-02,-2.697716996097655473e-01,5.285229859123961177e-02,-2.758472869388801652e-01
4.136820402388648689e+07,-8.288898300851348100e-02,-8.250060434040282220e-02,3.096652720136955361e-02,4.669264652170056484e-01,-4.460514135421827890e-03,1.367000032118643842e-03,9.378543437972177224e-03,2.046554084592576706e-01,2.362794424480388344e-01,-1.292556282436715109e-01,6.730437759700316214e-01,-9.172733231514348939e-02,1.721087041393839709e-02,-2.650709877136669390e-01,5.084824267274725557e-02,-2.709940421462554427e-01
4.216965034285967052e+07,-8.208974902856597256e-02,-7.954357768439611343e-02,3.326058056907658933e-02,4.808180712790395828e-01,-4.456897933597171388e-03,1.412862141459355920e-03,9.947969956919867213e-03,2.086251675523629334e-01,2.365676125039994360e-01,-1.288179282279392768e-01,6.738515705403247402e-01,-8.999373924954048864e-02,1.535405071859812995e-02,-2.604290283228428704e-01,4.890946415274227688e-02,-2.662001035510360714e-01
4.298662347082424164e+07,-8.127723726258863357e-02,-7.664120158044257503e-02,3.564209413915118974e-02,4.948699506732505138e-01,-4.451790958469053865e-03,1.459502323902881187e-03,1.054159992787262815e-02,2.126700729630108255e-01,2.368252342574924951e-01,-1.284457121986129491e-01,6.746419124107069232e-01,-8.832145197060529973e-02,1.355901542983867746e-02,-2.558460572185315973e-01,4.703433793057730516e-02,-2.614657126619386873e-01
4.381942421619586647e+07,-8.045152941037685135e-02,-7.379303235890981305e-02,3.811446977591330387e-02,5.090862382023830790e-01,-4.445163437348912533e-03,1.506879455330894547e-03,1.116036168244640379e-02,2.167914135365024142e-01,2.370515972544177952e-01,-1.281378753310644936e-01,6.754145574475142189e-01,-8.670910878345175488e-02,1.182422296497285912e-02,-2.513222565597243441e-01,4.522124844906588725e-02,-2.567910541043026962e-01
4.466835921509783715e+07,-7.961272569320693160e-02,-7.099864366941585625e-02,4.068123025099539686e-02,5.234710647715957732e-01,-4.436986392284966198e-03,1.554951630048390142e-03,1.180521862250794897e-02,2.209904961749709074e-01,2.372459941278899920e-01,-1.278933164139805234e-01,6.761692827273022566e-01,-8.515536929788845855e-02,1.014814326255311996e-02,-2.468577569011453920e-01,4.346859175079761939e-02,-2.521762576778369680e-01
4.553374104426406324e+07,-7.876094485235779485e-02,-6.825762540968978442e-02,4.334602303614866481e-02,5.380285550879723155e-01,-4.427231626863498831e-03,1.603676157367119178e-03,1.247717069108879133e-02,2.252686457058449554e-01,2.374077198078945461e-01,-1.277109376775929783e-01,6.769058855434701982e-01,-8.365891530702972145e-02,8.529259587537240186e-03,-2.424526392186424351e-01,4.177477735636768441e-02,-2.476214004213915798e-01
4.641588833612938970e+07,-7.789632410180383215e-02,-6.556958266543728986e-02,4.611262414418897115e-02,5.527628251417955330e-01,-4.415871716342411636e-03,1.653009550599795130e-03,1.317725589683325579e-02,2.296272046985247117e-01,2.375360707038220998e-01,-1.275896445039754468e-01,6.776241823409960841e-01,-8.221845156955776002e-02,6.966070174091444807e-03,-2.381069369338814357e-01,4.013822997562791622e-02,-2.431265086742997183e-01
4.731512589614968002e+07,-7.701901904599514626e-02,-6.293413466678993151e-02,4.898494201638937950e-02,5.676779794788905376e-01,-4.402879997939041466e-03,1.702907515464315361e-03,1.390655189554011739e-02,2.340675332430848521e-01,2.376303438719116201e-01,-1.275283450145138220e-01,6.783240075888977705e-01,-8.083270648992028906e-02,5.457089703034516057e-03,-2.338206379311443261e-01,3.855739104954756385e-02,-2.386915601292647626e-01
4.823178482239472866e+07,-7.612920355830539443e-02,-6.035091376287569920e-02,5.196702144824944664e-02,5.827781082455402162e-01,-4.388230564701852895e-03,1.753324931835195276e-03,1.466617762777679655e-02,2.385910086710677780e-01,2.376898361792010583e-01,-1.275259495328351367e-01,6.790052125998422561e-01,-7.950043269471557261e-02,4.000850638669521155e-03,-2.295936865527811177e-01,3.703072014890574498e-02,-2.343164858609637358e-01
4.916620262745813280e+07,-7.522706962568576072e-02,-5.781956441894112869e-02,5.506304754603630336e-02,5.980672839900637028e-01,-4.371898261417853440e-03,1.804215833284770901e-03,1.545729501471234356e-02,2.431990252237488659e-01,2.377138434757066765e-01,-1.275813699219174313e-01,6.796676643054544442e-01,-7.822040750298185630e-02,2.595904411873236912e-03,-2.254259855729257300e-01,3.555669621568621069e-02,-2.300011723308867939e-01
5.011872336272896081e+07,-7.431282716075428285e-02,-5.533974223729936498e-02,5.827734970989602303e-02,6.135495582271977000e-01,-4.353858683750712680e-03,1.855533382341532922e-03,1.628111071319898392e-02,2.478929936608507689e-01,2.377016597876447090e-01,-1.276935187946389438e-01,6.803112439979287496e-01,-7.699143328903290673e-02,1.240822477495056881e-03,-2.213173981367401733e-01,3.413381867671800435e-02,-2.257454633556882917e-01
5.108969774507105350e+07,-7.338670378480906253e-02,-5.291111300553692776e-02,6.161440563323048597e-02,6.292289577445850934e-01,-4.334088180284896216e-03,1.907229843497829178e-03,1.713887793103282750e-02,2.526743408071269181e-01,2.376525765427248138e-01,-1.278613085980598030e-01,6.809358460450165573e-01,-7.581233773715323476e-02,-6.580275989143977513e-05,-2.172677496622833493e-01,3.276060842400182332e-02,-2.215491620350434621e-01
5.207948328595644236e+07,-7.244894458518859326e-02,-5.053335177306408216e-02,6.507884530947299906e-02,6.451094806419780392e-01,-4.312563859710219841e-03,1.959256551190522843e-03,1.803189830324770232e-02,2.575445090299286477e-01,2.375658818404931816e-01,-1.280836505726588859e-01,6.815413765885690589e-01,-7.468197398798272213e-02,-1.325357137760955302e-03,-2.132768297015440462e-01,3.143560867527350755e-02,-2.174120326365222844e-01
5.308844442310068011e+07,-7.149981184741993623e-02,-4.820614195759457404e-02,6.867545503828549613e-02,6.611950921004106085e-01,-4.289263601246796898e-03,2.011563876073647721e-03,1.896152383019626339e-02,2.625049556432748066e-01,2.374408597801944409e-01,-1.283594535896925570e-01,6.821277522360315038e-01,-7.359922067832473658e-02,-2.539204037468335493e-03,-2.093443937522356801e-01,3.015738572427097142e-02,-2.133338024282932510e-01
5.411695265464825183e+07,-7.053958477330010690e-02,-4.592917448312594519e-02,7.240918141961261156e-02,6.774897198661938846e-01,-4.264166069754530067e-03,2.064101188739363591e-03,1.992915887878001641e-02,2.675571522360636334e-01,2.372767898565943945e-01,-1.286876228677255873e-01,6.826948987501222366e-01,-7.256298187340645689e-02,-3.708683788318069188e-03,-2.054701650201840590e-01,2.892452958807030863e-02,-2.093141634603226664e-01
5.516538667595771700e+07,-6.956855917722822025e-02,-4.370214694858443744e-02,7.628513532467717795e-02,6.939972494423356508e-01,-4.237250735856941050e-03,2.116816820963238893e-03,2.093626224636180311e-02,2.727025839137746654e-01,2.370729464378646123e-01,-1.290670585746953869e-01,6.832427497490024537e-01,-7.157218689588133731e-02,-4.835113169851820367e-03,-2.016538361278016056e-01,2.773565455579642472e-02,-2.053527742886965268e-01
5.623413251903686672e+07,-6.858704717607234935e-02,-4.152476282835259463e-02,8.030859583262243973e-02,7.107215189805701216e-01,-4.208497901729765789e-03,2.169658024249215139e-03,2.198434928873907804e-02,2.779427484519538805e-01,2.368285983352213520e-01,-1.294966543181885199e-01,6.837712454205994161e-01,-7.062579005126645715e-02,-5.919784997322819799e-03,-1.978950707668985509e-01,2.658939965476584538e-02,-2.014492616418379067e-01
5.732358369467914104e+07,-6.759537686956451630e-02,-3.939673070333341715e-02,8.448501411833096719e-02,7.276663138587852186e-01,-4.177888732010118580e-03,2.222570927787593381e-03,2.307499411225351349e-02,2.832791553549594554e-01,2.365430084775294040e-01,-1.299752955313186464e-01,6.842803312618814804e-01,-6.972277025453142707e-02,-6.963967790419664343e-03,-1.941935052934917472e-01,2.548442903428308273e-02,-1.976032220272840589e-01
5.843414133735380322e+07,-6.659389201551318971e-02,-3.731776352125091428e-02,8.882001727984192851e-02,7.448353609443953971e-01,-4.145405290477293704e-03,2.275500494791385993e-03,2.420983182899843350e-02,2.887133248080654413e-01,2.362154337010663185e-01,-1.305018577599464380e-01,6.847699568481928623e-01,-6.886213055963867624e-02,-7.968905513578983246e-03,-1.905487502641674824e-01,2.441943227849421513e-02,-1.938142232766976447e-01
5.956621435290314257e+07,-6.558295170358796611e-02,-3.528757788487745656e-02,9.331941208974359192e-02,7.622323225306478767e-01,-4.111030583708357583e-03,2.328390477498850416e-03,2.539056087666166986e-02,2.942467865244355330e-01,2.358451246658899991e-01,-1.310752048588774421e-01,6.852400746400000298e-01,-6.804289759555889883e-02,-8.935817382628783237e-03,-1.869603919118043578e-01,2.339312465505681907e-02,-1.900818060295151324e-01
6.072021956910098344e+07,-6.456293003348968773e-02,-3.330589336589114685e-02,9.798918865439879000e-02,7.798607899358288575e-01,-4.074748610435381495e-03,2.381183372617384688e-03,2.661894540052602356e-02,2.998810784709561306e-01,2.354313259091088129e-01,-1.316941871055370417e-01,6.856906388334121916e-01,-6.726412091293620943e-02,-9.865897732331846415e-03,-1.834279935620084234e-01,2.240424730493850020e-02,-1.864054851553811065e-01
6.189658188912823051e+07,-6.353421579657082818e-02,-3.137243184141500635e-02,1.028355239656197906e-01,7.977242767628527353e-01,-4.036544418024715954e-03,2.433820376262433270e-03,2.789681769798557989e-02,3.056177454704626650e-01,2.349732760461204772e-01,-1.323576392409880342e-01,6.861216042617787059e-01,-6.652487224551457967e-02,-1.076031593306449492e-02,-1.799510969899196233e-01,2.145156738415584727e-02,-1.827847511152718707e-01
6.309573444802155346e+07,-6.249721216563679238e-02,-2.948691685033361445e-02,1.078647853269723705e-01,8.158262118089397719e-01,-3.996404166357501835e-03,2.486241339348394582e-03,2.922608072346464386e-02,3.114583376694031180e-01,2.344702081279133599e-01,-1.330643784467535062e-01,6.865329253512389984e-01,-6.582424468941469597e-02,-1.162021636039500989e-02,-1.765292237170944800e-01,2.053387815686369411e-02,-1.792190712625703897e-01
6.431811877215313911e+07,-6.145233639140026960e-02,-2.764907296605554829e-02,1.130835336382816220e-01,8.341699316265237529e-01,-3.954315198849456779e-03,2.538384724238056545e-03,3.060871065270688585e-02,3.174044088646719164e-01,2.339213501659600236e-01,-1.338132022714250413e-01,6.869245551401909067e-01,-6.516135180741690347e-02,-1.244671840052597594e-02,-1.731618762505743869e-01,1.964999905410182504e-02,-1.757078910852229447e-01
6.556418494180019945e+07,-6.040001951401913899e-02,-2.585862518126011769e-02,1.184985265174433172e-01,8.527586727223962493e-01,-3.910266119414122603e-03,2.590187564278465839e-03,3.204675950301735105e-02,3.234575146761612952e-01,2.333259258308467976e-01,-1.346028865157274657e-01,6.872964443627035402e-01,-6.453532665980908634e-02,-1.324091649444845628e-02,-1.698485392639902114e-01,1.879877569780875543e-02,-1.722506353902819309e-01
6.683439175686381757e+07,-5.934070608239936512e-02,-2.411529830158584339e-02,1.241167212375507839e-01,8.715955633839973515e-01,-3.864246880038673879e-03,2.641585423258277499e-03,3.354235780767144542e-02,3.296192105600231348e-01,2.326831553344027304e-01,-1.354321830913083058e-01,6.876485406045595994e-01,-6.394532076961621792e-02,-1.400388021473200108e-02,-1.665886807244253420e-01,1.797907989434709489e-02,-1.688467094336779939e-01
6.812920690579853952e+07,-5.827485388523508114e-02,-2.241881634320698480e-02,1.299452774659389798e-01,8.906836151540574731e-01,-3.816248874047787655e-03,2.692512359494537641e-03,3.509771733976681241e-02,3.358910496471412821e-01,2.319922565022430605e-01,-1.362998178665391635e-01,6.879807875354705393e-01,-6.339050302636391188e-02,-1.473665436275324418e-02,-1.633817529641846122e-01,1.718980961264182303e-02,-1.654954999970629503e-01
6.944910713781458139e+07,-5.720293369705313491e-02,-2.076890192999908402e-02,1.359915597757796191e-01,9.100257139222407421e-01,-3.766265038807191379e-03,2.742900892587222823e-03,3.671513388278958151e-02,3.422745804029032057e-01,2.312524460420838368e-01,-1.372044885127994551e-01,6.882931242198415678e-01,-6.287005853343077821e-02,-1.544025909513468443e-02,-1.602271937015224967e-01,1.642988893495762534e-02,-1.621963764133766417e-01
7.079457843841630220e+07,-5.612542902800726069e-02,-1.916527568699573358e-02,1.422631399122054885e-01,9.296246106495033024e-01,-3.714289964016653355e-03,2.792681976410926921e-03,3.839699004172081320e-02,3.487713440919434915e-01,2.304629410152822799e-01,-1.381448623687751842e-01,6.885854845136105684e-01,-6.238318740627323000e-02,-1.611569006203459470e-02,-1.571244270119519504e-01,1.569826800040752257e-02,-1.589486915457376803e-01
7.216611620834138989e+07,-5.504283588714709019e-02,-1.760765562458953618e-02,1.487677987903263666e-01,9.494829117211046610e-01,-3.660320011915260772e-03,2.841784974274949322e-03,4.014575808908846938e-02,3.553828720377945061e-01,2.296229605135223784e-01,-1.391195743364529169e-01,6.888577965455715546e-01,-6.192910352485288955e-02,-1.676391856240689107e-02,-1.540728642519609559e-01,1.499392293497204230e-02,-1.557517827207280658e-01
7.356422544596675038e+07,-5.395566254875688861e-02,-1.609575651043561664e-02,1.555135281966093797e-01,9.696030689177199680e-01,-3.604353443232450552e-03,2.890137642059057484e-03,4.196400283976386980e-02,3.621106826676140367e-01,2.287317275471590916e-01,-1.401272248288534250e-01,6.891099822926576302e-01,-6.150703324949078482e-02,-1.738589171107101858e-02,-1.510719049386500534e-01,1.431585577281668277e-02,-1.526049726203111689e-01
7.498942093324825168e+07,-5.286442932206455309e-02,-1.462928922490041445e-02,1.625085321755253553e-01,9.899873690229397116e-01,-3.546390552084832670e-03,2.937666117473268761e-03,4.385438454560471044e-02,3.689562783257915313e-01,2.277884711447174526e-01,-1.411663777851120682e-01,6.893419572466313872e-01,-6.111621410377583719e-02,-1.798253260998717434e-02,-1.481209375868030031e-01,1.366309437754669419e-02,-1.495075701345929542e-01
7.644222742526274920e+07,-5.176966831830760729e-02,-1.320796009723510835e-02,1.697612280707476440e-01,1.010637923053839371e+00,-3.486433807817653201e-03,2.984294917903231037e-03,4.581966180271607181e-02,3.759211418499097124e-01,2.267924286660236710e-01,-1.422355587722448356e-01,6.895536301777799304e-01,-6.075589343231703465e-02,-1.855474053088815647e-02,-1.452193405081780020e-01,1.303469235437109547e-02,-1.464588711805626109e-01
7.792317984342218935e+07,-5.067192321313902098e-02,-1.183147021895509902e-02,1.772802472022606823e-01,1.031556655138258227e+00,-3.424488006993031426e-03,3.029946945270599584e-03,4.786269446004948885e-02,3.830067328915367497e-01,2.257428483280887466e-01,-1.433332531931697518e-01,6.897449029971698398e-01,-6.042532703988801046e-02,-1.910339109347433326e-02,-1.423664825723179039e-01,1.242972897124649569e-02,-1.434581594871492949e-01
7.943282347243098915e+07,-4.957174899898684345e-02,-1.049951473248354576e-02,1.850744351421282075e-01,1.052745291013175155e+00,-3.360560431384155677e-03,3.074543501762138243e-03,4.998644651845485232e-02,3.902144839708975299e-01,2.246389919418325665e-01,-1.444579046199421235e-01,6.899156707193245808e-01,-6.012377781825511275e-02,-1.962933645267231353e-02,-1.395617239352895111e-01,1.184730907226231797e-02,-1.405047073522894818e-01
8.097171416105909646e+07,-4.846971172091053826e-02,-9.211782093409387820e-03,1.931528515721322170e-01,1.074205346178584319e+00,-3.294661014238688731e-03,3.118004315636756490e-03,5.219398900782611095e-02,3.975457962526959821e-01,2.234801378558150808e-01,-1.456079132730194736e-01,6.900658215266517459e-01,-5.985051436829477017e-02,-2.013340547981911505e-02,-1.368044167370208175e-01,1.128656300051471967e-02,-1.375977763749027527e-01
8.254041852680480480e+07,-4.736638818863638661e-02,-7.967953306032246261e-03,2.015247696941331046e-01,1.095938113708716743e+00,-3.226802512320083461e-03,3.160247579308204848e-03,5.448850282727454863e-02,4.050020350279368020e-01,2.222655841020035050e-01,-1.467816346667775718e-01,6.901952369373707263e-01,-5.960480962442251535e-02,-2.061640394463150339e-02,-1.340939057708248616e-01,1.074664652189511599e-02,-1.347366181643656624e-01
8.413951416452252865e+07,-4.626236566528618699e-02,-6.767701130246022399e-03,2.101996751585302192e-01,1.117944651711600068e+00,-3.157000685881637160e-03,3.201189999534749791e-03,5.687328153468797221e-02,4.125845248937843324e-01,2.209946517360751594e-01,-1.479773784417585392e-01,6.903037920768242408e-01,-5.938593948826514229e-02,-2.107911469501384458e-02,-1.314295291262325693e-01,1.022674075304122465e-02,-1.319204750297315876e-01
8.576958985909248888e+07,-4.515824151825872240e-02,-5.610689262556621711e-03,2.191872644911853352e-01,1.140225770470196576e+00,-3.085274484027947760e-03,3.240746861583405393e-03,5.935173406639875082e-02,4.202945446132538843e-01,2.196666883635339518e-01,-1.491934074050083880e-01,6.903913560535590577e-01,-5.919318147989872936e-02,-2.152229783117990194e-02,-1.288106188109358063e-01,9.726052095550417192e-03,-1.291485806550046744e-01
8.743124580221050978e+07,-4.405462283139040952e-02,-4.496571491288726269e-03,2.284974429907165594e-01,1.162782019276275669e+00,-3.011646232835483300e-03,3.278832109712546961e-03,6.192738737019259920e-02,4.281333216481842396e-01,2.182810718401694827e-01,-1.504279367985426608e-01,6.904577924389156962e-01,-5.902581341364736278e-02,-2.194669087914533773e-02,-1.262365013506179801e-01,9.243812171808576603e-03,-1.264201607589913179e-01
8.912509381337776780e+07,-4.295212597072833871e-02,-3.424990828923273924e-03,2.381403220537141319e-01,1.185613672937311680e+00,-2.936141833276927245e-03,3.315358440553383291e-03,6.460388892630015978e-02,4.361020263405401831e-01,2.168372141340168258e-01,-1.516791338164608371e-01,6.905029598500533883e-01,-5.888311210620433833e-02,-2.235300895744905814e-02,-1.237064983711691352e-01,8.779277767761667003e-03,-1.237344337457330912e-01
9.085175756517195702e+07,-4.185137609559213406e-02,-2.395578625243607960e-03,2.481262159232630327e-01,1.208720718030462216e+00,-2.858790954738843915e-03,3.350237417827204526e-03,6.738500914204682835e-02,4.442017657541162956e-01,2.153345653335957954e-01,-1.529451173911347273e-01,6.905267126358289875e-01,-5.876435212595761126e-02,-2.274194494189823654e-02,-1.212199271660399091e-01,8.331730776235958189e-03,-1.210906113469031875e-01
9.261187281288269162e+07,-4.075300661516832734e-02,-1.407953663331952500e-03,2.584656378064754123e-01,1.232102838859097105e+00,-2.779627236760052762e-03,3.383379601893575939e-03,7.027464358639684550e-02,4.524335771396162942e-01,2.137726177844290476e-01,-1.542239582664051700e-01,6.905289016620355103e-01,-5.866880459000699960e-02,-2.311416962534007177e-02,-1.187761012486473894e-01,7.900478144487898050e-03,-1.184878992577449164e-01
9.440608762859575450e+07,-3.965765857431322733e-02,-4.617212478309221861e-04,2.691692953518357578e-01,1.255759403176927469e+00,-2.698688488323856480e-03,3.414694700097508848e-03,7.327681504382743682e-02,4.607984210308469497e-01,2.121509103349638325e-01,-1.555136793771208503e-01,6.905093751955782011e-01,-5.859573601792635728e-02,-2.347033187417283534e-02,-1.163743308933046922e-01,7.484851822809627554e-03,-1.159254977696873301e-01
9.623506263981235027e+07,-3.856597997583179060e-02,4.435277140463836907e-04,2.802480854480418060e-01,1.279689447678469483e+00,-2.616016887302417826e-03,3.444091736917334265e-03,7.639567535717702029e-02,4.692971739581408563e-01,2.104690326694196867e-01,-1.568122565514665223e-01,6.904679798833895932e-01,-5.854440725028633996e-02,-2.381105878242329929e-02,-1.140139236665225347e-01,7.084208712584237969e-03,-1.134026024013677636e-01
9.809947127269129455e+07,-3.747862502530954071e-02,1.308217627788137638e-03,2.917130883137837860e-01,1.303891663274029389e+00,-2.531659176249897395e-03,3.471479245477874544e-03,7.963550702720983976e-02,4.779306207682213481e-01,2.087266297045121399e-01,-1.581176195523230632e-01,6.904045618241322346e-01,-5.851407243973132805e-02,-2.413695582371104542e-02,-1.116941849494537953e-01,6.697930612327097390e-03,-1.109184045285465103e-01
1.000000000000036061e+08,-3.639625329936031772e-02,2.132789117994224586e-03,3.035755608591308996e-01,1.328364380193051586e+00,-2.445666855635353354e-03,3.496765480268236841e-03,8.300072453895476765e-02,4.866994465521999325e-01,2.069234060223678617e-01,-1.594276534697067205e-01,6.903189677248643408e-01,-5.850397812175277962e-02,-2.444860699991874275e-02,-1.094144184530038560e-01,6.325424163578193155e-03,-1.084720920158625257e-01
1.019373485938909948e+08,-3.531952883141217109e-02,2.917699916446431490e-03,3.158469292816727392e-01,1.353105552924219968e+00,-2.358096367802967833e-03,3.519858653225676950e-03,8.649587537579307706e-02,4.956042281686678930e-01,2.050591303140142929e-01,-1.607402004788203442e-01,6.902110461429038502e-01,-5.851336237456826461e-02,-2.474657499177078390e-02,-1.071739267274657847e-01,5.966120788314522271e-03,-1.060628498499006922e-01
1.039122303835206926e+08,-3.424911911634919565e-02,3.663425724831400731e-03,3.285387808720651170e-01,1.378112745024726804e+00,-2.269009278724087864e-03,3.540667190746808485e-03,9.012564068671552464e-02,5.046454253659494738e-01,2.031336398012703048e-01,-1.620530619714088960e-01,6.900806488025723606e-01,-5.854145407434518250e-02,-2.503140130764327717e-02,-1.049720116667096359e-01,5.619476623071147613e-03,-1.036898607754569018e-01
1.059253725177326947e+08,-3.318569402954184289e-02,4.370461041639442726e-03,3.416628550036388545e-01,1.403383113834433038e+00,-2.178472439828085718e-03,3.559100016965947248e-03,9.389483556944464016e-02,5.138233715095801291e-01,2.011468446071622285e-01,-1.633640010680748045e-01,6.899276319830297544e-01,-5.858747225330723785e-02,-2.530360643394962208e-02,-1.028079750088098931e-01,5.284972443559683535e-03,-1.013523059351706945e-01
1.079775162327748984e+08,-3.212992466161471161e-02,5.039319944094565115e-03,3.552310332706903884e-01,1.428913395110027462e+00,-2.086558146631736343e-03,3.575066857014042206e-03,9.780840891840769658e-02,5.231382638961379339e-01,1.990987320411037320e-01,-1.646707455166864509e-01,6.897518579695400831e-01,-5.865062556819235218e-02,-2.556368998716415999e-02,-1.006811188331742934e-01,4.962113580639857142e-03,-9.904936551277429557e-02
1.100694171252249926e+08,-3.108248206895227253e-02,5.670536815507871628e-03,3.692553287666497930e-01,1.454699887647762369e+00,-1.993344273248689059e-03,3.588478566345944514e-03,1.018714428087716950e-01,5.325901536928592250e-01,1.969893707648999182e-01,-1.659709909771310832e-01,6.895531965598138413e-01,-5.873011188460786069e-02,-2.581213087020114288e-02,-9.859074605444842487e-02,4.650429822666167154e-03,-9.678021937966914401e-02
1.122018454302003980e+08,-3.004403594385761378e-02,6.264667008582517314e-03,3.837478744440422362e-01,1.480738437870557700e+00,-1.898914395340709415e-03,3.599247480768724174e-03,1.060891513566226407e-01,5.421789354801156424e-01,1.948189148041485075e-01,-1.672624046914907014e-01,6.893315266170955136e-01,-5.882511798404612552e-02,-2.604938742931669354e-02,-9.653616091479685912e-02,4.349475308421855112e-03,-9.454404774567461145e-02
1.143755863049580008e+08,-2.901525320453413395e-02,6.822287433819980602e-03,3.987209105731267522e-01,1.507024424496666182e+00,-1.803357888542280341e-03,3.607287789756672206e-03,1.104668790179014759e-01,5.519043364317386402e-01,1.925876073700625302e-01,-1.685426295351206971e-01,6.890867376624177920e-01,-5.893481939908214173e-02,-2.627589761916615529e-02,-9.451666947298625887e-02,4.058828401704899815e-03,-9.234003181186728471e-02
1.165914401179873943e+08,-2.799679651259924865e-02,7.343997064778346427e-03,4.141867712278777813e-01,1.533552743245265138e+00,-1.706770003225312844e-03,3.612515930990961143e-03,1.150100982730666438e-01,5.617659051399909176e-01,1.902957844543762544e-01,-1.698092884380249523e-01,6.888187314928272409e-01,-5.905838038020135711e-02,-2.649207917001005635e-02,-9.253158009262614503e-02,3.778091552940594268e-03,-9.016735442723242122e-02
1.188502227437061965e+08,-2.698932272063521778e-02,7.830417349404848043e-03,4.301578698143382340e-01,1.560317791692474865e+00,-1.609251915845753530e-03,3.614851004377616847e-03,1.197244066517613587e-01,5.717630001152276265e-01,1.879438781624387933e-01,-1.710599891659954908e-01,6.885274238180147943e-01,-5.919495399933673296e-02,-2.669832976318770035e-02,-9.058020392745466665e-02,3.506891141250875841e-03,-8.802520074549859130e-02
1.211527658628633022e+08,-2.599348125896449105e-02,8.282192519941561012e-03,4.466466835890398057e-01,1.587313454271781499e+00,-1.510910747917642823e-03,3.614215204999305341e-03,1.246155230368969358e-01,5.818947779680111454e-01,1.855324197486502291e-01,-1.722923294453429233e-01,6.882127459038500650e-01,-5.934368239333041861e-02,-2.689502721160108925e-02,-8.866185540536422605e-02,3.244877299905462188e-03,-8.591275888427814256e-02
1.234999172687630057e+08,-2.500991246722161429e-02,8.699989791636291228e-03,4.636657371586880849e-01,1.614533087490538366e+00,-1.411859555054924449e-03,3.610534272533513431e-03,1.296892832113352434e-01,5.921601813324601782e-01,1.830620423194886104e-01,-1.735039024101698302e-01,6.878746462099415426e-01,-5.950369714799050996e-02,-2.708252964860435874e-02,-8.677585271012835944e-02,2.991723720498225270e-03,-8.382922058272448962e-02
1.258925411794213951e+08,-2.403924588033450049e-02,9.084499443362085980e-03,4.812275849442393949e-01,1.641969505419396125e+00,-1.312217281095392043e-03,3.603737955030812332e-03,1.349516345847598942e-01,6.025579265470625279e-01,1.805334831711072896e-01,-1.746923023502801042e-01,6.875130920111239829e-01,-5.967411982568030654e-02,-2.726117572353006432e-02,-8.492151826083811639e-02,2.747127438662658964e-03,-8.177378185824003831e-02
1.283315185557698011e+08,-2.308209847992282251e-02,9.436434773976270715e-03,4.993447925659494357e-01,1.669614965470509027e+00,-1.212108674831465166e-03,3.593760484394917503e-03,1.404086300510702101e-01,6.130864911389192207e-01,1.779475857298923602e-01,-1.758551307312720413e-01,6.871280709894266314e-01,-5.985406263495869628e-02,-2.743128480622097215e-02,-8.309817918970766049e-02,2.510808596911707352e-03,-7.974564366109147817e-02
1.308177474260241985e+08,-2.213907291976877426e-02,9.756531927489389688e-03,5.180299171507268818e-01,1.697461154553882245e+00,-1.111664168035625183e-03,3.580541060705702636e-03,1.460664209272815872e-01,6.237441011630499021e-01,1.753053010670921064e-01,-1.769900024576927799e-01,6.867195927860417770e-01,-6.004262924290185849e-02,-2.759315719940080847e-02,-8.130516781643062907e-02,2.282510187456700083e-03,-7.774401252390061856e-02
1.333521432163372934e+08,-2.121075573664096131e-02,1.004554958180868020e-02,5.372954865329189200e-01,1.725499175652773109e+00,-1.011019714301150500e-03,3.564024342034603603e-03,1.519312489258681509e-01,6.345287184532044655e-01,1.726076889600442199e-01,-1.780945523427336086e-01,6.862876904973572723e-01,-6.023891572528783378e-02,-2.774707436038142613e-02,-7.954182212104868310e-02,2.061997771826779013e-03,-7.576810120708842022e-02
1.359356390878576040e+08,-2.029771556126047302e-02,1.030426850001566787e-02,5.571539773375199234e-01,1.753719534888260378e+00,-9.103165782701296872e-04,3.544160936485604534e-03,1.580094371099079464e-01,6.454380278403701876e-01,1.698559184777206077e-01,-1.791664417509376273e-01,6.858324221079055150e-01,-6.044201165456200564e-02,-2.789329913134909467e-02,-7.780748621314775848e-02,1.849059179412051090e-03,-7.381712933688566736e-02
1.385691862803179026e+08,-1.940050133814866240e-02,1.053349093826915633e-02,5.776177919179610321e-01,1.782112129118772037e+00,-8.097010887839729224e-04,3.520907891929381684e-03,1.643073797877081521e-01,6.564694244084436914e-01,1.670512680692626262e-01,-1.802033653710400363e-01,6.853538718433860311e-01,-6.065100131833076058e-02,-2.803207597956185529e-02,-7.610151079875766833e-02,1.643504182825197314e-03,-7.189032403601772203e-02
1.412537544622806907e+08,-1.851964057004665265e-02,1.073403991185529691e-02,5.986992341479524526e-01,1.810666234161681931e+00,-7.093243391293442904e-04,3.494229179806844932e-03,1.708315313034292071e-01,6.676200008596085977e-01,1.641951251397959499e-01,-1.812030580782608147e-01,6.848521514343111072e-01,-6.086496506329459877e-02,-2.816363124606443766e-02,-7.442325364409506372e-02,1.445164152383327395e-03,-6.998692054478758418e-02
1.439903320881687105e+08,-1.765563759900233565e-02,1.090675831853006421e-02,6.204104840392081766e-01,1.839370493684927110e+00,-6.093418462842082987e-04,3.464096168396762088e-03,1.775883936876513358e-01,6.788865350719498482e-01,1.612889851013215581e-01,-1.821633018420958372e-01,6.843274012792508465e-01,-6.108298075871800015e-02,-2.828817340546642758e-02,-7.277208003622190335e-02,1.253891687175290445e-03,-6.810616283209641741e-02
1.467799267622123957e+08,-1.680897193759677000e-02,1.105250792116099084e-02,6.427635711940797858e-01,1.868212908868993161e+00,-5.099131579544720610e-04,3.430488080785174324e-03,1.845845031380150547e-01,6.902654779423103015e-01,1.583344498901762543e-01,-1.830819326330209718e-01,6.837797914952324918e-01,-6.130412536966089315e-02,-2.840589333438601691e-02,-7.114736324087167496e-02,1.069560225913649765e-03,-6.624730419476793086e-02
1.496235656094489098e+08,-1.598009666218108346e-02,1.117216819118804251e-02,6.657703470670198742e-01,1.897180828891755100e+00,-4.112014174436246796e-04,3.393392432943926219e-03,1.918264152940528655e-01,7.017529415940940707e-01,1.553332259483955480e-01,-1.839568472821552503e-01,6.832095228470550508e-01,-6.152747663195583944e-02,-2.851696459065128711e-02,-6.954848495711764278e-02,8.920636360246227397e-04,-6.440960784424042129e-02
1.525222956539075077e+08,-1.516943688389748440e-02,1.126663502023971496e-02,6.894424560419245562e-01,1.926260942334317772e+00,-3.133728815105144526e-04,3.352805447013907595e-03,1.993206892951813192e-01,7.133446880657149380e-01,1.522871216696649599e-01,-1.847860102460522069e-01,6.826168275449305822e-01,-6.175211481797197866e-02,-2.862154370272886397e-02,-6.797483576886015344e-02,7.213157823174624807e-04,-6.259234747963146606e-02
1.554771842041231096e+08,-1.437738830670272534e-02,1.133681930221955465e-02,7.137913053187655565e-01,1.955439269586761730e+00,-2.165963915851082226e-04,3.308732434596897958e-03,2.070738706033771748e-01,7.250361185774983896e-01,1.491980443160951242e-01,-1.855674602301024823e-01,6.820019699035055893e-01,-6.197712458270030617e-02,-2.871977047001144159e-02,-6.642581559384019840e-02,5.572500752878051982e-04,-6.079480784628497197e-02
1.584893192461172044e+08,-1.360431588713061253e-02,1.138364539564149999e-02,7.388280336057629905e-01,1.984701156337639549e+00,-1.210428034314683113e-04,3.261188145282010314e-03,2.150924725857888131e-01,7.368222634891250511e-01,1.460679964167105882e-01,-1.862993166229352515e-01,6.813652468541693263e-01,-6.220159687768735818e-02,-2.881176827375007618e-02,-6.490083412920437389e-02,3.998190004854847417e-04,-5.901628527869011431e-02
1.615598098439933956e+08,-1.285055260512763843e-02,1.140804947254806315e-02,7.645634786422801366e-01,2.014031268264468988e+00,-2.688437843816414267e-05,3.210197076074458502e-03,2.233829568674835508e-01,7.486977730718211710e-01,1.428990716626093449e-01,-1.869797856972741090e-01,6.807069883056282578e-01,-6.242463092078075204e-02,-2.889764439981857766e-02,-6.339931129485003314e-02,2.489936287082271686e-04,-5.725608822763631617e-02
1.646897865482929945e+08,-1.211639835745636877e-02,1.141097776426243902e-02,7.910081435456627341e-01,2.043413587002183451e+00,6.570586784751501091e-05,3.155793735636338356e-03,2.319517124588666990e-01,7.606569092033502733e-01,1.396934503192037991e-01,-1.876071665313261694e-01,6.800275573461658229e-01,-6.264533620680629022e-02,-2.897749037308899878e-02,-6.192067767362136044e-02,1.047631083150785315e-04,-5.551353777059959971e-02
1.678804018122622967e+08,-1.140211898320441647e-02,1.139338471458053136e-02,8.181721619912258880e-01,2.072831407487129685e+00,1.565548448273902746e-04,3.098022860889727750e-03,2.408050336939308866e-01,7.726935381232069577e-01,1.364533941793418248e-01,-1.881798566116557603e-01,6.793273502874406233e-01,-6.286283454872285126e-02,-2.905138230495643917e-02,-6.046437494900331472e-02,-3.286586053999385507e-05,-5.378796810436384246e-02
1.711328304161845148e+08,-1.070794542961058318e-02,1.135623105167265362e-02,8.460652622972146819e-01,2.102267336838203438e+00,2.454901021788212945e-04,3.036939579576425699e-03,2.499490970134536638e-01,7.848011243716622731e-01,1.331812410860721552e-01,-1.886963570749166930e-01,6.786067965439626093e-01,-6.307626213167612239e-02,-2.911938125325285592e-02,-5.902985634009361160e-02,-1.638695677912833362e-04,-5.207872702036113466e-02
1.744482698999319077e+08,-1.003407306580782893e-02,1.130048179093098328e-02,8.746967303650668990e-01,2.131703294801014614e+00,3.323405657013972178e-04,2.972609516948897940e-03,2.593899366351041791e-01,7.969727260298373750e-01,1.298793990564605927e-01,-1.891552775546063991e-01,6.778663583503522494e-01,-6.328477156862341579e-02,-2.918153359696176730e-02,-5.761658703392828762e-02,-2.882078528027511737e-04,-5.038517636163516306e-02
1.778279410038988888e+08,-9.380661149585599323e-03,1.122710418100707902e-02,9.040753715957835501e-01,2.161120515962927868e+00,4.169372961599026282e-04,2.905108841931796412e-03,2.691334191905176421e-01,8.092009914115926295e-01,1.265503400425836422e-01,-1.895553405989007789e-01,6.771065303163215088e-01,-6.348753394289070873e-02,-2.923787142524786331e-02,-5.622404461439826223e-02,-4.058246785122116354e-04,-4.870669246076736458e-02
1.812730881184766889e+08,-8.747832454031052862e-03,1.113706560880074747e-02,9.342094717706778129e-01,2.190499553797350174e+00,4.991142633600459486e-04,2.834524250013707811e-03,2.791852173927236169e-01,8.214781573171390239e-01,1.231965933672287683e-01,-1.898953856295746145e-01,6.763278388197951907e-01,-6.368374082248190460e-02,-2.928841294239116488e-02,-5.485171948856013696e-02,-5.166487218130156938e-04,-4.704266655949092962e-02
1.847849797422359884e+08,-8.135673054974149748e-03,1.103133147452756320e-02,9.651067569909448363e-01,2.219820286701942980e+00,5.787091274671280578e-04,2.760952881240043722e-03,2.895507828254991201e-01,8.337960489758108329e-01,1.198207388756607900e-01,-1.901743724187178464e-01,6.755308412445311106e-01,-6.387260623538323911e-02,-2.933316288942517183e-02,-5.349911530881576449e-02,-6.205939784345575628e-04,-4.539250520816202200e-02
1.883649089489870965e+08,-7.544232283765167288e-03,1.091086305422180394e-02,9.967743526984327307e-01,2.249061926116184384e+00,6.555640234000349210e-04,2.684502171126574351e-03,3.002353179679722039e-01,8.461460818069918011e-01,1.164253998458861378e-01,-1.903913840598462359e-01,6.747161250633273433e-01,-6.405336858982146886e-02,-2.937211298366405529e-02,-5.216574939136239819e-02,-7.175603830381505760e-04,-4.375563064609786640e-02
1.920141938638873994e+08,-6.973522842589596413e-03,1.077661535971194233e-02,1.029218741931266612e+00,2.278203026919691787e+00,7.295263431328988116e-04,2.605289632984330098e-03,3.112437475729083469e-01,8.585192651145061582e-01,1.130132357021117612e-01,-1.905456294185906840e-01,6.738843067753020888e-01,-6.422529252962012880e-02,-2.940524237681279782e-02,-5.085115312955203887e-02,-8.074344432268801058e-04,-4.213148116156091583e-02
1.957341781487734020e+08,-6.423521086125854457e-03,1.062953501646534370e-02,1.062445722819921556e+00,2.307221500163344707e+00,8.004495039947437862e-04,2.523442572884245557e-03,3.225806895231155824e-01,8.709062078102512983e-01,1.095869345760106112e-01,-1.906364450497968488e-01,6.730360307023957045e-01,-6.438767071155587773e-02,-2.943251813324262306e-02,-4.955487240170500934e-02,-8.900898881313625563e-04,-4.051951143103827563e-02
1.995262314968954921e+08,-5.894167462653351897e-03,1.047055816728455387e-02,1.096460365503477918e+00,2.336094628335362966e+00,8.681937050738663302e-04,2.439097734709759924e-03,3.342504253259855340e-01,8.832971262815182412e-01,1.061492057625455648e-01,-1.906632965732088514e-01,6.721719676533722820e-01,-6.453982549396218571e-02,-2.945389572921447430e-02,-4.827646797222924502e-02,-9.653883308964296894e-04,-3.891919283764973952e-02
2.033917501372368038e+08,-5.385367114078264475e-03,1.030060841968114503e-02,1.131266968529624384e+00,2.364799083244997657e+00,9.326266559467205359e-04,2.352400879448279542e-03,3.462568704049305834e-01,8.956818544844149521e-01,1.027027721151769629e-01,-1.906257795051856385e-01,6.712928134644551292e-01,-6.468111052798986016e-02,-2.946931957383709319e-02,-4.701551588474699866e-02,-1.033179944822707873e-03,-3.733001376778358887e-02
2.073321573486033082e+08,-4.896990628716784734e-03,1.012059484863954417e-02,1.166869014929969861e+00,2.393310946702827291e+00,9.936242737990544187e-04,2.263506299799154884e-03,3.586035443582740179e-01,9.080498563371004472e-01,9.925036242704945999e-02,-1.905236195457920834e-01,6.703992874245224831e-01,-6.481091223983326266e-02,-2.947872355369538649e-02,-4.577160784590744019e-02,-1.093304153665649670e-03,-3.575147988542960037e-02
2.113489039836725891e+08,-4.428874941310650265e-03,9.931410068276157188e-03,1.203269128069489380e+00,2.421605734081763384e+00,1.051071346123336149e-03,2.172576271125331668e-03,3.712935413741845214e-01,9.203902404758970146e-01,9.579470384143898287e-02,-1.903566723281799877e-01,6.694921305966209379e-01,-6.492865119904163429e-02,-2.948203160100795403e-02,-4.454435159838526087e-02,-1.145590335433604653e-03,-3.418311438360610577e-02
2.154434690031965077e+08,-3.980824371664780544e-03,9.733928382425087455e-03,1.240469027498412258e+00,2.449658420928598979e+00,1.104862149329743958e-03,2.079780443303572059e-03,3.843295010096525743e-01,9.326917774298203456e-01,9.233851433590171964e-02,-1.901249226378060597e-01,6.685721040448452390e-01,-6.503378336352878819e-02,-2.947915828626911441e-02,-4.333337128103360164e-02,-1.189858539010240973e-03,-3.262445821173767802e-02
2.196173600205518901e+08,-3.552611796448936540e-03,9.529004029679020299e-03,1.278469484922039934e+00,2.477443472687489656e+00,1.154901016855898249e-03,1.985295177806385269e-03,3.977135795178083910e-01,9.449429192210805351e-01,8.888449532081106608e-02,-1.898284831155168939e-01,6.676399869786996399e-01,-6.512580119739284912e-02,-2.947000943709656567e-02,-4.213830777431801233e-02,-1.225920214982193423e-03,-3.107507027809545616e-02
2.238721138568423986e+08,-3.143979940345568644e-03,9.317469526128016252e-03,1.317270280582122366e+00,2.504934877710487839e+00,1.201102852425184808e-03,1.889302834196585979e-03,4.114474219608344474e-01,9.571318214222106491e-01,8.543532439278493651e-02,-1.894675924595428385e-01,6.666965748248391277e-01,-6.520423465486993586e-02,-2.945448278233187347e-02,-4.095881902904420502e-02,-1.253578958848064083e-03,-2.953452762644090054e-02
2.282092971067535877e+08,-2.754642781194413265e-03,9.100134122433921682e-03,1.356870160207719334e+00,2.532106183600837834e+00,1.243393582916751516e-03,1.791991011634991521e-03,4.255321353193327050e-01,9.692463676496360092e-01,8.199364827960756164e-02,-1.890426131467074500e-01,6.657426772381977997e-01,-6.526865202809691013e-02,-2.943246862257603222e-02,-3.979458037563560896e-02,-1.272631266745191669e-03,-2.800242558534990142e-02
2.326305067153714001e+08,-2.384287054933062130e-03,8.877782378015165038e-03,1.397266792788083078e+00,2.558930536982666037e+00,1.281710549218482900e-03,1.693551749511285022e-03,4.399682628143191110e-01,9.812741964553632901e-01,7.856207601226088133e-02,-1.885540286951296329e-01,6.647791160642410047e-01,-6.531866065602283389e-02,-2.940385052705293475e-02,-3.864528481241343710e-02,-1.282867303985967726e-03,-2.647837788956629995e-02
2.371373705661745071e+08,-2.032573849937661242e-03,8.651172860944278051e-03,1.438456729470602991e+00,2.585380726793915507e+00,1.316002825649095027e-03,1.594180696642910405e-03,4.547557596880503206e-01,9.932027305792964222e-01,7.514317235600607991e-02,-1.880024404923119064e-01,6.638067232620472602e-01,-6.535390749127126253e-02,-2.936850605649617488e-02,-3.751064326892188106e-02,-1.284071684356235870e-03,-2.496201677070208208e-02
2.417315480804195106e+08,-1.699140279063991558e-03,8.421036979566533590e-03,1.480435363815005623e+00,2.611429231119042349e+00,1.346231469567725231e-03,1.494076253210968033e-03,4.698939706479672851e-01,1.005019208467844871e+00,7.173945152947737436e-02,-1.873885642170196597e-01,6.628263388012707313e-01,-6.537407952638779607e-02,-2.932630751190724860e-02,-3.639038484326537204e-02,-1.276024261098367705e-03,-2.345299301793439192e-02
2.464147308281374872e+08,-1.383601217230402214e-03,8.188077950535253141e-03,1.523196893706501465e+00,2.637048267598509188e+00,1.372369696340098233e-03,1.393438693705366035e-03,4.853816092029104023e-01,1.016710717965249478e+00,6.835337123918096280e-02,-1.867132258826227076e-01,6.618388085423512202e-01,-6.537890407772724288e-02,-2.927712270819060950e-02,-3.528425700934005593e-02,-1.258500927165548833e-03,-2.195097600484834446e-02
2.511886431509675086e+08,-1.085551090960822345e-03,7.952969904466353213e-03,1.566734285271073723e+00,2.662209847439641841e+00,1.394402980132665882e-03,1.292469276996469031e-03,5.012167391194422006e-01,1.028264232062024996e+00,6.498732705175856716e-02,-1.859773575328671769e-01,6.608449821110031763e-01,-6.536814892899055207e-02,-2.922081577175500433e-02,-3.419202579228572403e-02,-1.231274424781482425e-03,-2.045565368286987248e-02
2.560550427970573008e+08,-8.045657089669393334e-04,7.716357133936904179e-03,1.611039239054378625e+00,2.686885832972156773e+00,1.412329077249432907e-03,1.191369352294386653e-03,5.173967581821979911e-01,1.039666646537310335e+00,6.164364712486247733e-02,-1.851819926219167300e-01,6.598457107777722097e-01,-6.534162233616147564e-02,-2.915724796116991174e-02,-3.311347590880993341e-02,-1.194115162503244735e-03,-1.896673253852445423e-02
2.610157215682635903e+08,-5.402041200509104767e-04,7.478853482472845246e-03,1.656102158863010709e+00,2.711047998737737164e+00,1.426157974057481103e-03,1.090339467181333181e-03,5.339183844731960615e-01,1.050904819339888441e+00,5.832458731394396523e-02,-1.843282611107146807e-01,6.588418453516829976e-01,-6.529917289597372831e-02,-2.908627850857730193e-02,-3.204841086996554345e-02,-1.146792038441976592e-03,-1.748393751359395010e-02
2.660725059798910916e+08,-2.920104869981234052e-04,7.241041875640807403e-03,1.701912123546629463e+00,2.734668095996004578e+00,1.435911758899335085e-03,9.895784859696343978e-04,5.507776453506166847e-01,1.061965611514943175e+00,5.503232666875128992e-02,-1.834173843128894810e-01,6.578342340974544511e-01,-6.524068928066302508e-02,-2.900776548055509010e-02,-3.099665304366575405e-02,-1.089073267614128204e-03,-1.600701188631073815e-02
2.712272579332131147e+08,-5.951596371382282969e-05,7.003473991344579853e-03,1.748456862113536792e+00,2.757717920560790237e+00,1.441624418728835750e-03,8.892827263068395693e-04,5.679698692766677048e-01,1.072835929456124049e+00,5.176896333087124824e-02,-1.824506695242189003e-01,6.568237206860512156e-01,-6.516609984414384327e-02,-2.892156665618408201e-02,-2.995804367476007438e-02,-1.020727212718567289e-03,-1.453571711258634831e-02
2.764818754010211825e+08,1.577594354173044442e-04,6.766670067744630888e-03,1.795722732502077479e+00,2.780169383801501137e+00,1.443341568999288553e-03,7.896451162368082165e-04,5.854896806678883125e-01,1.083502768269592798e+00,4.853651084086859496e-02,-1.814295044683706393e-01,6.558111421858159318e-01,-6.507537210202300748e-02,-2.882754041944311785e-02,-2.893244285962234472e-02,-9.415232143178410259e-04,-1.306983262540174426e-02
2.818382931264560819e+08,3.603049847939095987e-04,6.531118845544681834e-03,1.843694704354896130e+00,2.801994586627388539e+00,1.441120107733055928e-03,6.908543876063137678e-04,6.033309978667389384e-01,1.093953255987395679e+00,4.533689485951648140e-02,-1.803553515930935991e-01,6.547973271033377118e-01,-6.496851209199906718e-02,-2.872554666359435765e-02,-2.791972947410850669e-02,-8.512324199355749722e-04,-1.160915559175227686e-02
2.872984833353773952e+08,5.486174268669596898e-04,6.297277638228751528e-03,1.892356346166476744e+00,2.823165896242797679e+00,1.435027810922263761e-03,5.930943018389481063e-04,6.214870343675836795e-01,1.104174698386344966e+00,4.217195030703028980e-02,-1.792297422487790781e-01,6.537830934800517024e-01,-6.484556361738895436e-02,-2.861544770437648988e-02,-2.691980105196063039e-02,-7.496286083539273597e-04,-1.015350062555204352e-02
2.928644564625347853e+08,7.231991898839269404e-04,6.065572527707359558e-03,1.941689817063071644e+00,2.843656025381583241e+00,1.425142864101671411e-03,4.965429209955288551e-04,6.399503033378364236e-01,1.114154624118628645e+00,3.904341891888025301e-02,-1.780542707832043492e-01,6.527692470536278213e-01,-6.470660738287359326e-02,-2.849710919878421095e-02,-2.593257361273110587e-02,-6.364890073581461671e-04,-8.702699456022101529e-03
2.985382618918073177e+08,8.845566543433426316e-04,5.836398676523636177e-03,1.991675863631646726e+00,2.863438113763743242e+00,1.411553340048379498e-03,4.013719256151378981e-04,6.587126255257027552e-01,1.123880829893803224e+00,3.595294721688680611e-02,-1.768305885822455403e-01,6.517565794881232666e-01,-6.455176002420538739e-02,-2.837040106592701033e-02,-2.495798143721626380e-02,-5.115951010416128989e-04,-7.256600550417584977e-03
3.043219887107837796e+08,1.033198475360346284e-03,5.610120752484968991e-03,2.042293822016546301e+00,2.882485811401636511e+00,1.394356624557323201e-03,3.077459864298948545e-04,6.777651405579956378e-01,1.133341425409969183e+00,3.290208489024549349e-02,-1.755603980885078741e-01,6.507458666807872660e-01,-6.438117304132387475e-02,-2.823519840656230767e-02,-2.399597678964503211e-02,-3.747334247666715213e-04,-5.815068691297446864e-03
3.102177664799618721e+08,1.169633969254993324e-03,5.387073456053240346e-03,2.093521625573051104e+00,2.900773363387719961e+00,1.373658798815993428e-03,2.158221920887965102e-04,6.970983216132216054e-01,1.142524877738167355e+00,2.989228357935398359e-02,-1.742454468264952872e-01,6.497378671499582925e-01,-6.419503163932181733e-02,-2.809138241722169971e-02,-2.304652958573607385e-02,-2.256963439002427306e-04,-4.377984507322659272e-03
3.162277660168499947e+08,1.294371570293472926e-03,5.167562144607235584e-03,2.145335818369388026e+00,2.918275695769702693e+00,1.349573983287047016e-03,1.257495366458463910e-04,7.167019934687723914e-01,1.151420054880782251e+00,2.692489605347685860e-02,-1.728875214629158052e-01,6.487333205093959165e-01,-6.399355348544966127e-02,-2.793884129512126321e-02,-2.210962700593444713e-02,-6.428281338148918850e-05,-2.945243958188752901e-03
3.223542001952586174e+08,1.407917363370251923e-03,4.951863544837082493e-03,2.197711574666352252e+00,2.934968502037601734e+00,1.322223648856937772e-03,3.766847045786351551e-05,7.365653538340641848e-01,1.160016268201110812e+00,2.400117577133743796e-02,-1.714884419284959938e-01,6.477329460331762156e-01,-6.377698738756407137e-02,-2.777747113025720235e-02,-2.118527305402485503e-02,1.097008848767778321e-04,-1.516757773741270578e-03
3.285993247600780129e+08,1.510773697874891099e-03,4.740226544262547519e-03,2.250622724675477304e+00,2.950828329789268345e+00,1.291735903898556500e-03,-4.828948598417872636e-05,7.566769978937354368e-01,1.168303313445989478e+00,2.112227681203170809e-02,-1.700500556266456853e-01,6.467374413149011847e-01,-6.354561190157365091e-02,-2.760717677993279259e-02,-2.027348806089467395e-02,2.964404307703672674e-04,-9.245084781727406532e-05
3.349654391578404903e+08,1.603437885784668795e-03,4.532873055203235843e-03,2.304041786558343574e+00,2.965832667015887214e+00,1.258244759346761844e-03,-1.320020596486879403e-04,7.770249459277931425e-01,1.176271510079297533e+00,1.828925416145601307e-02,-1.685742317530269929e-01,6.457474810254157926e-01,-6.329973387608897606e-02,-2.742787272256387923e-02,-1.937430813437034105e-02,4.961127834226246747e-04,1.327738412312377565e-03
3.414548873833733201e+08,1.686400988197068454e-03,4.329998940002712654e-03,2.357940004950295876e+00,2.979960027540855538e+00,1.221889385492076286e-03,-2.133564807611645431e-04,7.975966738983043536e-01,1.183911738676252767e+00,1.550306433906712203e-02,-1.670628557473751719e-01,6.447637157708779876e-01,-6.303968693992446914e-02,-2.723948388607313684e-02,-1.848778455589481992e-02,7.088855311219040799e-04,2.743858779659090821e-03
3.480700588428543806e+08,1.760146691195327512e-03,4.131774992183863231e-03,2.412287395875590601e+00,2.993190035014702932e+00,1.182813358712344991e-03,-2.922496684973670679e-04,8.183791467774466089e-01,1.191215476109061866e+00,1.276456634798560710e-02,-1.655178238984109373e-01,6.437867710542675148e-01,-6.276582994111221114e-02,-2.704194644724928695e-02,-1.761398312507129332e-02,9.349162771401686072e-04,4.155946943254541955e-03
3.548133892335891128e+08,1.825150273782727168e-03,3.938347961723893259e-03,2.467052798148931192e+00,3.005503504938259240e+00,1.141163910830388702e-03,-3.685883544276952434e-04,8.393588544913668237e-01,1.198174828316822760e+00,1.007452293005491398e-02,-1.639410381198537769e-01,6.428172463417624050e-01,-6.247854534417617706e-02,-2.683520859834008163e-02,-1.675298345397271266e-02,1.174352064002154522e-03,5.564028284093688187e-03
3.616873614408298731e+08,1.881877667511336035e-03,3.749841618821363361e-03,2.522203931180211356e+00,3.016882524138907229e+00,1.097091182887067811e-03,-4.422891402384106804e-04,8.605218502006818371e-01,1.204782560426900906e+00,7.433602107433157948e-03,-1.623344009146823474e-01,6.418557142355560963e-01,-6.217823759397378414e-02,-2.661923127691536231e-02,-1.590487821282947703e-02,1.427328839980420132e-03,6.968117689243318903e-03
3.686945064519718289e+08,1.930784608164903479e-03,3.566357846980726474e-03,2.577707458988573563e+00,3.027310527115347316e+00,1.050747493655859559e-03,-5.132784976348499272e-04,8.818537907332593129e-01,1.211032124054580494e+00,4.842378990765963676e-03,-1.606998105419454592e-01,6.409027197536093512e-01,-6.186533145244025450e-02,-2.639398885560396979e-02,-1.506977232938445932e-02,1.693970970478978150e-03,8.368220402177498768e-03
3.758374042884587049e+08,1.972315878801936262e-03,3.387977757431197539e-03,2.633529060364576679e+00,3.036772368709458547e+00,1.002286621905966631e-03,-5.814927051252580638e-04,9.033399788943151654e-01,1.216917681608498558e+00,2.301337833670777898e-03,-1.590391563996823576e-01,6.399587797170944725e-01,-6.154027031732515335e-02,-2.615946978829648828e-02,-1.424778214432045019e-02,1.974390797010340450e-03,9.764332906806954746e-03
3.831186849557436109e+08,2.006904642589598178e-03,3.214762818020267324e-03,2.689633504809719966e+00,3.045254392522763087e+00,9.518631128765088706e-04,-6.468777316210068537e-04,9.249654073859572279e-01,1.222434127461694331e+00,-1.891256867926654930e-04,-1.573543146344581756e-01,6.390243822443724131e-01,-6.120351452853261404e-02,-2.591567720962437496e-02,-1.343903452554198394e-02,2.268688247097880827e-03,1.115644384247970085e-02
3.905410294116532207e+08,2.034971863594932547e-03,3.046755989351981365e-03,2.745984734082199008e+00,3.052744494561588695e+00,8.996316122609970215e-04,-7.093890691607897736e-04,9.467148040992034996e-01,1.227577105884665176e+00,-2.628701984967138448e-03,-1.556471439874045903e-01,6.380999863517415882e-01,-6.085553967094244759e-02,-2.566262948474038949e-02,-1.264366594414837938e-02,2.576950496601457599e-03,1.254453494724866100e-02
3.981071705535128117e+08,2.056925813047060479e-03,2.883982861572151508e-03,2.802545948883779836e+00,3.059232181575249676e+00,8.457462280644979270e-04,-7.689915136215296496e-04,9.685726784376029741e-01,1.232343025640869616e+00,-5.017164897601454274e-03,-1.539194818840404488e-01,6.371860216589695369e-01,-6.049683488044399482e-02,-2.540036070682608407e-02,-1.186182151529487951e-02,2.899251687716493820e-03,1.392858202626413855e-02
4.058198942243955731e+08,2.073161658184723751e-03,2.726452785780882938e-03,2.859279700369341981e+00,3.064708623616770655e+00,7.903599289259878070e-04,-8.256589045596724472e-04,9.905233684456959953e-01,1.236729071201255525e+00,-7.354368851896868169e-03,-1.521731407733259711e-01,6.362828881976888562e-01,-6.012790115906843647e-02,-2.512892113950113832e-02,-1.109365400730463747e-02,3.235652704407801505e-03,1.530855594224461366e-02
4.136820402388668060e+08,2.084061130517267466e-03,2.574159993974180216e-03,2.916147985955002575e+00,3.069166700366456446e+00,7.336239786960019327e-04,-8.793738241728485915e-04,1.012551088413202960e+00,1.240733210538548681e+00,-9.640245891758478236e-03,-1.504099047206797768e-01,6.353909563209788613e-01,-5.974924970832917043e-02,-2.484837760225595826e-02,-1.033932282253580658e-02,3.586201007190293298e-03,1.668442362429833556e-02
4.216965034285987020e+08,2.089992269774973346e-03,2.427084702836181541e-03,2.973112348982100528e+00,3.072601040818739637e+00,6.756874108302349680e-04,-9.301272616481242759e-04,1.034639976687446339e+00,1.244354199503630243e+00,-1.187480258226183104e-02,-1.486315262566816064e-01,6.345105667105743752e-01,-5.936140028466029700e-02,-2.455881379686127020e-02,-9.598992953618917107e-03,3.950930528988321963e-03,1.805614909219136616e-02
4.298662347082445025e+08,2.091309239741688270e-03,2.285194196384083415e-03,3.030133981627520789e+00,3.075008055966121034e+00,6.166965426939787507e-04,-9.779182448128647884e-04,1.056774143406393307e+00,1.247591582807487720e+00,-1.405811681310881536e-02,-1.468397234827223397e-01,6.336420304790629787e-01,-5.896487958552974751e-02,-2.426033057281025071e-02,-8.872833918793440744e-03,4.329861633541454494e-03,1.942369449176663265e-02
4.381942421619607806e+08,2.088352211851251736e-03,2.148443883535006756e-03,3.087173830508309624e+00,3.076385964178754318e+00,5.567945351280956939e-04,-1.022753449767997529e-03,1.078937717886122805e+00,1.250445691659899161e+00,-1.619033451977970606e-02,-1.450361774327435793e-01,6.327856293628578710e-01,-5.856021967015854340e-02,-2.395304613072128663e-02,-8.161018680373416379e-03,4.723001137909350715e-03,2.078702113825067060e-02
4.466835921509805918e+08,2.081447312357596544e-03,2.016778326550101950e-03,3.144192704373856451e+00,3.076734809027217743e+00,4.961209928652735718e-04,-1.064646785029274264e-03,1.101114895379000647e+00,1.252917638138235423e+00,-1.827166634219911864e-02,-1.432225296891072308e-01,6.319416160023709761e-01,-5.814795642209934223e-02,-2.363709616226814317e-02,-7.463722549925761070e-03,5.130342399534942865e-03,2.214609056359015740e-02
4.553374104426428080e+08,2.070906628679036743e-03,1.890132237641974989e-03,3.201151383196471301e+00,3.076056469361109436e+00,4.348116110099965129e-04,-1.103618962414049283e-03,1.123289982971841683e+00,1.255009306386267065e+00,-2.030238423832593161e-02,-1.414003802490206851e-01,6.311102143043877399e-01,-5.772862805723989049e-02,-2.331263392575544727e-02,-6.781122084568528066e-03,5.551865469532456764e-03,2.350086556370954705e-02
4.641588833612961173e+08,2.057028270701775474e-03,1.768431439890875674e-03,3.258010728063354566e+00,3.074354661516048637e+00,3.729978632056740609e-04,-1.139697052099742551e-03,1.145447444360814027e+00,1.256723340760353524e+00,-2.228281807050695035e-02,-1.395712856372642030e-01,6.302916198824543015e-01,-5.730277368334955879e-02,-2.297983025681636648e-02,-6.113393978110022615e-03,5.987537311918874651e-03,2.485131124182045348e-02
4.731512589614990950e+08,2.040096482185004521e-03,1.651593791995588497e-03,3.314731791110125947e+00,3.071634933592241268e+00,3.108067355043246053e-04,-1.172914033484334173e-03,1.167571943297429415e+00,1.258063131062900464e+00,-2.421335218076516374e-02,-1.377367572591310374e-01,6.294860005696583105e-01,-5.687093191401557113e-02,-2.263887351367141476e-02,-5.460713951247307338e-03,6.437312090021725906e-03,2.619739604390394078e-02
4.823178482239496708e+08,2.020381798368226043e-03,1.539530073131690916e-03,3.371275924943854641e+00,3.067904651805243965e+00,2.483605003421981614e-04,-1.203308338324413128e-03,1.189648385509846973e+00,1.259032795018047990e+00,-2.609442197078077480e-02,-1.358982599871960684e-01,6.286934969989743660e-01,-5.643363954189513365e-02,-2.228996945697315005e-02,-4.823255644820419533e-03,6.901131519555148489e-03,2.753909278203855657e-02
4.916620262745838165e+08,1.998141245037894642e-03,1.432144827836885626e-03,3.427604890716324348e+00,3.063172978989955553e+00,1.857765329401317954e-04,-1.230923395469410127e-03,1.211661958860465793e+00,1.259637158158653181e+00,-2.792651050098197973e-02,-1.340572109742045326e-01,6.279142232453434058e-01,-5.599143027429423491e-02,-2.193334106408043049e-02,-4.201189520190285083e-03,7.378925288578535788e-03,2.887637964171139299e-02
5.011872336272920966e+08,1.973618574973594244e-03,1.329337169072795791e-03,3.483680964357088516e+00,3.057450845386391336e+00,1.231671668343664258e-04,-1.255807178155330175e-03,1.233598171643008223e+00,1.259881731309625330e+00,-2.971014512197674151e-02,-1.322149786836871177e-01,6.271482675239414828e-01,-5.554483353277018393e-02,-2.156922827843634968e-02,-3.594681770952689454e-03,7.870611544301495816e-03,3.020924116866126330e-02
5.108969774507129788e+08,1.947044537656770005e-03,1.231001538919273153e-03,3.539467040156956568e+00,3.050750911922742059e+00,6.063958718618766642e-05,-1.278011757672507971e-03,1.255442888806652890e+00,1.259772685859509522e+00,-3.144589415131086862e-02,-1.303728821294582452e-01,6.263956929391288897e-01,-5.509437332100466933e-02,-2.119788769441601287e-02,-3.003893249785944200e-03,8.376097445705497566e-03,3.153766923149402268e-02
5.207948328595669866e+08,1.918637177993676168e-03,1.137028427093511596e-03,3.594926731233517359e+00,3.043087526244972807e+00,-1.704240697110848085e-06,-1.297592865294592028e-03,1.277182366029717686e+00,1.259316827021773388e+00,-3.313436360642831729e-02,-1.285321903140808908e-01,6.256565382778068729e-01,-5.464056716074694453e-02,-2.081959217846545557e-02,-2.428978414713051266e-03,8.895279781556698559e-03,3.286166395530962930e-02
5.308844442310094237e+08,1.888602160585429795e-03,1.047305045992957383e-03,3.650024466169445425e+00,3.034476671828029826e+00,-6.376760818776516565e-05,-1.314609468214105511e-03,1.298803281508378760e+00,1.258521565292506805e+00,-3.477619400412202549e-02,-1.266941218567774752e-01,6.249308188418614129e-01,-5.418392509827339026e-02,-2.043463042783347228e-02,-1.870084298598865408e-03,9.428045652912124888e-03,3.418123462272761037e-02
5.411695265464851856e+08,1.857133115323798215e-03,9.617159644300863871e-04,3.704725581293475845e+00,3.024935910546333151e+00,-1.254590710238220159e-04,-1.329123355826518187e-03,1.320292765367386822e+00,1.257394886316674176e+00,-3.637205723613490260e-02,-1.248598447998582467e-01,6.242185273136354740e-01,-5.372494878196627799e-02,-2.004330646796339405e-02,-1.327349505888935364e-03,9.974273218468301255e-03,3.549640053751570989e-02
5.516538667595798969e+08,1.824412001487830991e-03,8.801436979451210830e-04,3.758996408189402949e+00,3.014484319111507826e+00,-1.866924263383428514e-04,-1.341198745599892416e-03,1.341638426669522044e+00,1.255945319371323698e+00,-3.792265352844712001e-02,-1.230304765834390329e-01,6.235196346487987817e-01,-5.326413061079249278e-02,-1.964593909027101751e-02,-8.009032404243792433e-04,1.053383250171304429e-02,3.680719184705924518e-02
5.623413251903713942e+08,1.790609486371473776e-03,8.024692590584062276e-04,3.812804355803332879e+00,3.003142419877123714e+00,-2.473866653983794548e-04,-1.350901903049483771e-03,1.362828377916558198e+00,1.254181904682164284e+00,-3.942870849166856678e-02,-1.212070841775298030e-01,6.228340909911249668e-01,-5.280195295375373493e-02,-1.924286123205459775e-02,-2.908643681912690846e-04,1.110658625763560024e-02,3.811365031922343133e-02
5.732358369467941523e+08,1.755885335896913797e-03,7.285726661005093073e-04,3.866117986900900139e+00,2.990932106489552211e+00,-3.074659016665683251e-04,-1.358300782446140867e-03,1.383851257082926223e+00,1.252114159776269720e+00,-4.089097026888988129e-02,-1.193906843605701679e-01,6.221618266038931866e-01,-5.233888744054712716e-02,-1.883441930069924483e-02,2.026594812224400690e-04,1.169239089751637588e-02,3.941583006942932232e-02
5.843414133735408783e+08,1.720388813896334872e-03,6.583334135552062344e-04,3.918907088383878357e+00,2.977876564952323779e+00,-3.668592779947401077e-04,-1.363464687121683548e-03,1.404696247098078610e+00,1.249752045083899921e+00,-4.231020678544344937e-02,-1.175822441336816099e-01,6.215027528123003853e-01,-5.187539432058520250e-02,-1.842097244430540223e-02,6.795727709679953146e-04,1.229109746883561699e-02,4.071379823391384212e-02
5.956621435290342569e+08,1.684259087780241426e-03,5.916309032591232035e-04,3.971142735283379466e+00,2.964000190643251820e+00,-4.255008559368645598e-04,-1.366463948748239095e-03,1.425353092871867622e+00,1.247105928978752276e+00,-4.368720310532103052e-02,-1.157826812598867217e-01,6.208567629524073261e-01,-5.141192189053947481e-02,-1.800289177168025445e-02,1.139792867428800595e-03,1.290255268818479850e-02,4.200763558507241563e-02
6.072021956910128593e+08,1.647625637749405153e-03,5.283448395555887141e-04,4.022797348070728418e+00,2.949328501899298960e+00,-4.833294880484737661e-04,-1.367369629318688530e-03,1.445812115801226483e+00,1.244186552459845441e+00,-4.502275889758558525e-02,-1.139928649175632608e-01,6.202237333217840431e-01,-5.094890598838430068e-02,-1.758055952404269720e-02,1.583250801568809613e-03,1.352660002394165742e-02,4.329743708496571614e-02
6.189658188912854195e+08,1.610608667597622284e-03,4.683555884815000184e-04,4.073844743203564711e+00,2.933888050741789488e+00,-5.402886776229296525e-04,-1.366253241880714458e-03,1.466064225858428660e+00,1.241004993651905419e+00,-4.631768601480160119e-02,-1.122136164579206202e-01,6.196035241271490301e-01,-5.048676955107709446e-02,-1.715436820205071614e-02,2.009891977807369123e-03,1.416308082569586908e-02,4.458331237288166993e-02
6.309573444802186489e+08,1.573319514899039527e-03,4.115445030268176439e-04,4.124260176737821304e+00,2.917706331356665128e+00,-5.963264253570512265e-04,-1.363186495611609433e-03,1.486100931289606741e+00,1.237572632302323283e+00,-4.757280618562728658e-02,-1.104457102561920145e-01,6.189959804252459508e-01,-5.002592223402972660e-02,-1.672471965101393621e-02,2.419676827524870188e-03,1.481183549642577438e-02,4.586538618364773001e-02
6.431811877215347290e+08,1.535861058672924719e-03,3.577942162804372819e-04,4.174020380928173068e+00,2.900811686937678768e+00,-6.513950684323883706e-04,-1.358241057644629570e-03,1.505914345982694913e+00,1.233901114441803282e+00,-4.878894882247263032e-02,-1.086898746469392579e-01,6.184009330531287096e-01,-4.956676009032504743e-02,-1.629202410834675041e-02,2.812581404176015768e-03,1.547270470443319092e-02,4.714379869273789547e-02
6.556418494180053473e+08,1.498328123088591779e-03,3.069889032032294476e-04,4.223103593844913739e+00,2.883233215480180078e+00,-7.054511103734992456e-04,-1.351488339812489644e-03,1.525497194594547468e+00,1.230002317360997965e+00,-4.996694894433123535e-02,-1.069467929338453749e-01,6.178181995441440755e-01,-4.910966530552206971e-02,-1.585669921676180830e-02,3.188597917559160642e-03,1.614553062973854078e-02,4.841870578505499262e-02
6.683439175686416626e+08,1.460807875396303353e-03,2.590145137854093019e-04,4.271489582055417067e+00,2.865000675106004202e+00,-7.584550467922266705e-04,-1.342999301860161535e-03,1.544842815516190182e+00,1.225888315048161870e+00,-5.110764521477894479e-02,-1.052171044650007797e-01,6.172475850267902242e-01,-4.865500598634547869e-02,-1.541916900744414766e-02,3.547735204753288754e-03,1.683015824152623435e-02,4.969027924413608327e-02
6.812920690579888821e+08,1.423380217077235875e-03,2.137589782546828892e-04,4.319159656426256433e+00,2.846144389503622474e+00,-8.103711862206859498e-04,-1.332844276650484334e-03,1.563945161761050251e+00,1.221571344222291966e+00,-5.221187809406352409e-02,-1.035014057650358171e-01,6.166888831035197693e-01,-4.820313599900329093e-02,-1.497986285747286532e-02,3.890019135731932840e-03,1.752643660105675932e-02,5.095870685906479097e-02
6.944910713781493902e+08,1.386118166938153174e-03,1.711123862810398535e-04,4.366096681260491330e+00,2.826695154002335286e+00,-8.611674694988187594e-04,-1.321092811988908893e-03,1.582798799882373153e+00,1.217063771082111501e+00,-5.328048810415147996e-02,-1.018002517158338033e-01,6.161418767070883096e-01,-4.775439485501053322e-02,-1.453921442587808796e-02,4.215492951891093229e-03,1.823422018546164147e-02,5.222419244626784474e-02
7.079457843841667175e+08,1.349088235114617252e-03,1.309671420861844334e-04,4.412285076901966363e+00,2.806684142821183059e+00,-9.108152875143064571e-04,-1.307813531955395216e-03,1.601398907033846353e+00,1.212378058877285891e+00,-5.431431420482946137e-02,-1.001141567780232805e-01,6.156063389325094892e-01,-4.730910764003887214e-02,-1.409766057322604273e-02,4.524217535905292013e-03,1.895337022705085792e-02,5.348695578424616376e-02
7.216611620834176540e+08,1.312350787267883151e-03,9.321809675093875027e-05,4.457710816122483877e+00,2.786142817945667094e+00,-9.592892997338203342e-04,-1.293074014412921337e-03,1.619741266259828283e+00,1.207526736407128265e+00,-5.531419227872795552e-02,-9.844359624601173309e-02,6.150820338426846723e-01,-4.686758498336661416e-02,-1.365564026916372443e-02,4.816271612026760442e-03,1.968375606249926982e-02,5.474723245912657688e-02
7.356422544596713781e+08,1.275960398231492949e-03,5.776265901746193278e-05,4.502361414461925726e+00,2.765102840126755890e+00,-1.006567253822577852e-03,-1.276940685451203239e-03,1.637822260158970478e+00,1.202522367523227720e+00,-5.628095372279699748e-02,-9.678900752960943599e-02,6.145687172464542325e-01,-4.643012306414571327e-02,-1.321359349323167169e-02,5.091751876037542250e-03,2.042525648614593528e-02,5.600527361964844492e-02
7.498942093324865103e+08,1.239966194455190346e-03,2.450088697527011986e-05,4.546225914942220392e+00,2.743595982365831354e+00,-1.052629807989591488e-03,-1.259478728126309970e-03,1.655638863000557848e+00,1.197377521723869576e+00,-5.721542414341212329e-02,-9.515079145573211716e-02,6.140661374478475487e-01,-4.599700365078551040e-02,-1.277196013368119346e-02,5.350773054574967449e-03,2.117776110167369358e-02,5.726134564039649794e-02
7.644222742526315451e+08,1.204412184956933207e-03,-6.664439016414495741e-06,4.589294867406613854e+00,2.721654046297543594e+00,-1.097460356551973899e-03,-1.240752005929054687e-03,1.673188631452960706e+00,1.192104745888936446e+00,-5.811842215214202412e-02,-9.352931358455508770e-02,6.135740359660490917e-01,-4.556849417118898765e-02,-1.233117888949697948e-02,5.593467893871770409e-03,2.194117166601620289e-02,5.851572969287322651e-02
7.792317984342260361e+08,1.169337580243397061e-03,-3.582775955675852783e-05,4.631560302860251888e+00,2.699308781798459567e+00,-1.141044859375209145e-03,-1.220822999520156625e-03,1.690469693988225108e+00,1.186716537228910573e+00,-5.899075825886047203e-02,-9.192490553409760068e-02,6.130921482250942800e-01,-4.514484780926861923e-02,-1.189168618050569746e-02,5.819987078558870770e-03,2.271540341928892162e-02,5.976872122373870500e-02
7.943282347243140936e+08,1.134777099171700590e-03,-6.308069551730900140e-05,4.673015703234234763e+00,2.676591810088915224e+00,-1.183371676099673545e-03,-1.199752755635525182e-03,1.707480739139225046e+00,1.181225317468708402e+00,-5.983323385894302043e-02,-9.033786630864550082e-02,6.126202042136462689e-01,-4.472630362587071834e-02,-1.145391507076626639e-02,6.030499081362402855e-03,2.350038639472507365e-02,6.102062934100028341e-02
8.097171416105952263e+08,1.100761263379871529e-03,-8.851202083568867935e-05,4.713655966879114700e+00,2.653534550625248123e+00,-1.224431405180683927e-03,-1.177600848104479441e-03,1.724221002673744119e+00,1.175643408320025118e+00,-6.064664031093942170e-02,-8.876846362598357632e-02,6.121579291144645385e-01,-4.431308670014462436e-02,-1.101829421002013809e-02,6.225189945174175801e-03,2.429606670225111648e-02,6.227177610846732631e-02
8.254041852680523396e+08,1.067316679363403869e-03,-1.122076482795845330e-04,4.753477370278326397e+00,2.630168151942614330e+00,-1.264216729004483163e-03,-1.154425347922916978e-03,1.740690253828558465e+00,1.169983008255134793e+00,-6.143175810113510327e-02,-8.721693523943700732e-02,6.117050439040231380e-01,-4.390540828897267212e-02,-1.058524679802767127e-02,6.404262999258532665e-03,2.510240777960822539e-02,6.352249574986769398e-02
8.413951416452296972e+08,1.034466308153992068e-03,-1.342506271327387353e-04,4.792477526302340252e+00,2.606523426663923892e+00,-1.302722264174249831e-03,-1.130282805021269078e-03,1.756888780707142050e+00,1.164256170601141616e+00,-6.218935609148708993e-02,-8.568349025066418490e-02,6.112612659228695566e-01,-4.350346600173854439e-02,-1.015518957653178608e-02,6.567938511801951242e-03,2.591939160496729150e-02,6.477313376432539127e-02
8.576958985909293890e+08,1.002229722619718934e-03,-1.547211508821203267e-04,4.830655339471987553e+00,2.582630790768544848e+00,-1.339944418540892079e-03,-1.105228236882553053e-03,1.772817374944622104e+00,1.158474782964111993e+00,-6.292019084701168385e-02,-8.416831040983574486e-02,6.108263094170355290e-01,-4.310744398740028183e-02,-9.728531853084499206e-03,6.716453281384065187e-03,2.674701986510294449e-02,6.602404595499321294e-02
8.743124580221096277e+08,9.706233525960722332e-04,-1.736965748076971933e-04,4.868010958594365611e+00,2.558520207236158583e+00,-1.375881254208523828e-03,-1.079315126247928523e-03,1.788477315754040786e+00,1.152650547979579443e+00,-6.362500603918730402e-02,-8.267155139998202951e-02,6.103998860518831115e-01,-4.271751313196411187e-02,-9.305674560908432438e-03,6.850060170458634017e-03,2.758531507314343489e-02,6.727559737396698880e-02
8.912509381337822676e+08,9.396607179106120740e-04,-1.912514415073834169e-04,4.904545727163216462e+00,2.534221134123187280e+00,-1.410532356973276391e-03,-1.052595426055390974e-03,1.803870353450379493e+00,1.146794965383589160e+00,-6.430453192152045527e-02,-8.119334410278235270e-02,6.099817053989288196e-01,-4.233383126389179962e-02,-8.887009358871839765e-03,6.969027583966661520e-03,2.843432163067840038e-02,6.852816118582702454e-02
9.085175756517242193e+08,9.093526496129613950e-04,-2.074575142257810455e-04,4.940262131947473101e+00,2.509762477069835906e+00,-1.443898712397993995e-03,-1.025119570437207136e-03,1.818998692543320805e+00,1.140919315394562261e+00,-6.495948487367955715e-02,-7.973379584328235681e-02,6.095714753970851163e-01,-4.195654336523434863e-02,-8.472917774749740005e-03,7.073638896929192524e-03,2.929410682868071464e-02,6.978211745372679686e-02
9.261187281288317442e+08,8.797074996255696208e-04,-2.223838168489638374e-04,4.975163750117427064e+00,2.485172546239970082e+00,-1.475982588212023825e-03,-9.969364920856291050e-04,1.833864974515026613e+00,1.135034643373126206e+00,-6.559056701072200901e-02,-7.829299161123282058e-02,6.091689027893886221e-01,-4.158578178706794776e-02,-8.063770395274861072e-03,7.164191834761528439e-03,3.016476178213910175e-02,7.103785185135881586e-02
9.440608762859624624e+08,8.507313390611256085e-04,-2.360966792170458449e-04,5.009255195226072210e+00,2.460479017688728121e+00,-1.506787423480359604e-03,-9.680936443236860421e-04,1.848472260330321193e+00,1.129151745756738823e+00,-6.619846585369362768e-02,-7.687099525735939520e-02,6.087736935367654700e-01,-4.122166646691204778e-02,-7.659926105444215920e-03,7.240997810436015925e-03,3.104640229392178347e-02,7.229575430513131284e-02
9.623506263981285095e+08,8.224281455754881270e-04,-2.486597877632505519e-04,5.042542062485486198e+00,2.435708899015563755e+00,-1.536317724048004863e-03,-9.386370282403340946e-04,1.862824012810571972e+00,1.123281157211947878e+00,-6.678385405831120669e-02,-7.546785066272831966e-02,6.083855532100053143e-01,-4.086430514721549334e-02,-7.261731379683726735e-03,7.304381223002441581e-03,3.193916964343179732e-02,7.355621757083519174e-02
9.809947127269181013e+08,7.947999800702120572e-04,-2.601342403907050361e-04,5.075030873561399147e+00,2.410888499289828069e+00,-1.564578964446344681e-03,-9.086112237728457717e-04,1.876924078909860460e+00,1.117433138992823594e+00,-6.734738919828175963e-02,-7.408358287983733692e-02,6.080041873616733872e-01,-4.051379359303886041e-02,-6.869519626716541656e-03,7.354678721633077856e-03,3.284323129578652078e-02,7.481963574930061700e-02
1.000000000000041962e+09,7.678471530813374239e-04,-2.705786050997645081e-04,5.106729021262037094e+00,2.386043403078220493e+00,-1.591577496174617070e-03,-8.780594241228578635e-04,1.890776671989418345e+00,1.111617668452117735e+00,-6.788971360007327316e-02,-7.271819924428271631e-02,6.076293018793266221e-01,-4.017021580845951678e-02,-6.483610589611760351e-03,7.392238440019015776e-03,3.375878152839688340e-02,7.608640274610833920e-02
